i,j
28.0,0.0
62.0,0.0
80.0,0.0
126.0,0.0
349.0,0.0
468.0,0.0
502.0,0.0
570.0,0.0
719.0,0.0
720.0,0.0
883.0,0.0
937.0,0.0
12.0,1.0
36.0,1.0
69.0,1.0
177.0,1.0
190.0,1.0
377.0,1.0
484.0,1.0
503.0,1.0
529.0,1.0
699.0,1.0
762.0,1.0
806.0,1.0
906.0,1.0
43.0,2.0
86.0,2.0
181.0,2.0
195.0,2.0
241.0,2.0
274.0,2.0
295.0,2.0
343.0,2.0
384.0,2.0
626.0,2.0
662.0,2.0
720.0,2.0
730.0,2.0
843.0,2.0
895.0,2.0
7.0,3.0
60.0,3.0
130.0,3.0
190.0,3.0
314.0,3.0
395.0,3.0
549.0,3.0
557.0,3.0
603.0,3.0
753.0,3.0
774.0,3.0
898.0,3.0
984.0,3.0
11.0,4.0
111.0,4.0
222.0,4.0
234.0,4.0
236.0,4.0
359.0,4.0
462.0,4.0
488.0,4.0
535.0,4.0
624.0,4.0
749.0,4.0
782.0,4.0
805.0,4.0
832.0,4.0
900.0,4.0
943.0,4.0
66.0,5.0
132.0,5.0
143.0,5.0
238.0,5.0
660.0,5.0
703.0,5.0
750.0,5.0
780.0,5.0
807.0,5.0
832.0,5.0
917.0,5.0
928.0,5.0
30.0,6.0
79.0,6.0
116.0,6.0
117.0,6.0
203.0,6.0
237.0,6.0
369.0,6.0
389.0,6.0
444.0,6.0
455.0,6.0
459.0,6.0
498.0,6.0
500.0,6.0
556.0,6.0
780.0,6.0
817.0,6.0
387.0,7.0
476.0,7.0
609.0,7.0
626.0,7.0
659.0,7.0
665.0,7.0
763.0,7.0
791.0,7.0
797.0,7.0
810.0,7.0
832.0,7.0
850.0,7.0
884.0,7.0
916.0,7.0
973.0,7.0
23.0,8.0
139.0,8.0
327.0,8.0
356.0,8.0
391.0,8.0
403.0,8.0
409.0,8.0
440.0,8.0
655.0,8.0
725.0,8.0
918.0,8.0
10.0,9.0
41.0,9.0
62.0,9.0
120.0,9.0
154.0,9.0
169.0,9.0
281.0,9.0
349.0,9.0
521.0,9.0
551.0,9.0
791.0,9.0
856.0,9.0
873.0,9.0
913.0,9.0
917.0,9.0
922.0,9.0
928.0,9.0
12.0,10.0
214.0,10.0
270.0,10.0
278.0,10.0
400.0,10.0
490.0,10.0
578.0,10.0
676.0,10.0
688.0,10.0
703.0,10.0
725.0,10.0
768.0,10.0
844.0,10.0
858.0,10.0
69.0,11.0
181.0,11.0
294.0,11.0
398.0,11.0
409.0,11.0
462.0,11.0
538.0,11.0
542.0,11.0
718.0,11.0
770.0,11.0
25.0,12.0
124.0,12.0
211.0,12.0
293.0,12.0
317.0,12.0
326.0,12.0
379.0,12.0
422.0,12.0
462.0,12.0
491.0,12.0
631.0,12.0
683.0,12.0
700.0,12.0
728.0,12.0
809.0,12.0
847.0,12.0
868.0,12.0
884.0,12.0
894.0,12.0
928.0,12.0
955.0,12.0
26.0,13.0
110.0,13.0
116.0,13.0
166.0,13.0
213.0,13.0
302.0,13.0
336.0,13.0
339.0,13.0
386.0,13.0
604.0,13.0
849.0,13.0
897.0,13.0
965.0,13.0
47.0,14.0
128.0,14.0
181.0,14.0
265.0,14.0
296.0,14.0
487.0,14.0
630.0,14.0
705.0,14.0
781.0,14.0
786.0,14.0
925.0,14.0
955.0,14.0
74.0,15.0
204.0,15.0
215.0,15.0
332.0,15.0
362.0,15.0
529.0,15.0
556.0,15.0
581.0,15.0
640.0,15.0
689.0,15.0
706.0,15.0
728.0,15.0
783.0,15.0
935.0,15.0
39.0,16.0
95.0,16.0
259.0,16.0
287.0,16.0
297.0,16.0
384.0,16.0
401.0,16.0
654.0,16.0
709.0,16.0
913.0,16.0
978.0,16.0
17.0,15.0
224.0,17.0
325.0,17.0
369.0,17.0
372.0,17.0
376.0,17.0
429.0,17.0
453.0,17.0
517.0,17.0
613.0,17.0
624.0,17.0
768.0,17.0
847.0,17.0
910.0,17.0
935.0,17.0
938.0,17.0
157.0,18.0
233.0,18.0
303.0,18.0
317.0,18.0
375.0,18.0
377.0,18.0
411.0,18.0
448.0,18.0
521.0,18.0
728.0,18.0
740.0,18.0
813.0,18.0
941.0,18.0
105.0,19.0
114.0,19.0
127.0,19.0
244.0,19.0
298.0,19.0
530.0,19.0
705.0,19.0
746.0,19.0
766.0,19.0
815.0,19.0
53.0,20.0
222.0,20.0
278.0,20.0
289.0,20.0
373.0,20.0
389.0,20.0
416.0,20.0
447.0,20.0
463.0,20.0
677.0,20.0
743.0,20.0
768.0,20.0
790.0,20.0
839.0,20.0
871.0,20.0
925.0,20.0
21.0,14.0
203.0,21.0
262.0,21.0
278.0,21.0
331.0,21.0
361.0,21.0
408.0,21.0
419.0,21.0
516.0,21.0
527.0,21.0
633.0,21.0
705.0,21.0
777.0,21.0
829.0,21.0
863.0,21.0
927.0,21.0
960.0,21.0
27.0,22.0
55.0,22.0
107.0,22.0
111.0,22.0
232.0,22.0
320.0,22.0
323.0,22.0
382.0,22.0
424.0,22.0
592.0,22.0
618.0,22.0
756.0,22.0
177.0,23.0
264.0,23.0
349.0,23.0
394.0,23.0
406.0,23.0
416.0,23.0
422.0,23.0
571.0,23.0
597.0,23.0
637.0,23.0
694.0,23.0
751.0,23.0
760.0,23.0
951.0,23.0
55.0,24.0
67.0,24.0
222.0,24.0
254.0,24.0
314.0,24.0
423.0,24.0
486.0,24.0
533.0,24.0
590.0,24.0
667.0,24.0
761.0,24.0
863.0,24.0
25.0,17.0
49.0,25.0
96.0,25.0
160.0,25.0
210.0,25.0
321.0,25.0
705.0,25.0
29.0,26.0
69.0,26.0
104.0,26.0
183.0,26.0
206.0,26.0
210.0,26.0
212.0,26.0
227.0,26.0
322.0,26.0
337.0,26.0
384.0,26.0
400.0,26.0
438.0,26.0
444.0,26.0
627.0,26.0
852.0,26.0
898.0,26.0
907.0,26.0
211.0,27.0
225.0,27.0
292.0,27.0
349.0,27.0
468.0,27.0
502.0,27.0
551.0,27.0
594.0,27.0
620.0,27.0
762.0,27.0
912.0,27.0
975.0,27.0
976.0,27.0
28.0,17.0
233.0,28.0
282.0,28.0
334.0,28.0
398.0,28.0
447.0,28.0
566.0,28.0
660.0,28.0
770.0,28.0
825.0,28.0
67.0,29.0
226.0,29.0
306.0,29.0
352.0,29.0
385.0,29.0
675.0,29.0
731.0,29.0
786.0,29.0
842.0,29.0
898.0,29.0
30.0,7.0
46.0,30.0
82.0,30.0
95.0,30.0
363.0,30.0
397.0,30.0
534.0,30.0
641.0,30.0
664.0,30.0
665.0,30.0
798.0,30.0
819.0,30.0
848.0,30.0
55.0,31.0
58.0,31.0
69.0,31.0
81.0,31.0
373.0,31.0
462.0,31.0
532.0,31.0
582.0,31.0
645.0,31.0
729.0,31.0
747.0,31.0
756.0,31.0
778.0,31.0
865.0,31.0
950.0,31.0
32.0,12.0
80.0,32.0
101.0,32.0
215.0,32.0
220.0,32.0
255.0,32.0
272.0,32.0
402.0,32.0
525.0,32.0
539.0,32.0
580.0,32.0
588.0,32.0
978.0,32.0
38.0,33.0
121.0,33.0
131.0,33.0
140.0,33.0
197.0,33.0
351.0,33.0
383.0,33.0
499.0,33.0
547.0,33.0
552.0,33.0
555.0,33.0
791.0,33.0
848.0,33.0
890.0,33.0
946.0,33.0
72.0,34.0
235.0,34.0
305.0,34.0
387.0,34.0
507.0,34.0
541.0,34.0
699.0,34.0
702.0,34.0
724.0,34.0
854.0,34.0
158.0,35.0
232.0,35.0
237.0,35.0
264.0,35.0
297.0,35.0
319.0,35.0
449.0,35.0
490.0,35.0
542.0,35.0
556.0,35.0
578.0,35.0
642.0,35.0
816.0,35.0
855.0,35.0
861.0,35.0
866.0,35.0
935.0,35.0
945.0,35.0
954.0,35.0
971.0,35.0
66.0,36.0
283.0,36.0
666.0,36.0
687.0,36.0
723.0,36.0
809.0,36.0
933.0,36.0
939.0,36.0
60.0,37.0
75.0,37.0
145.0,37.0
155.0,37.0
216.0,37.0
279.0,37.0
307.0,37.0
315.0,37.0
399.0,37.0
417.0,37.0
427.0,37.0
441.0,37.0
654.0,37.0
696.0,37.0
705.0,37.0
867.0,37.0
873.0,37.0
38.0,0.0
353.0,38.0
366.0,38.0
533.0,38.0
550.0,38.0
561.0,38.0
568.0,38.0
607.0,38.0
696.0,38.0
793.0,38.0
881.0,38.0
928.0,38.0
39.0,1.0
110.0,39.0
234.0,39.0
238.0,39.0
430.0,39.0
483.0,39.0
516.0,39.0
571.0,39.0
616.0,39.0
634.0,39.0
647.0,39.0
667.0,39.0
848.0,39.0
904.0,39.0
929.0,39.0
946.0,39.0
974.0,39.0
40.0,3.0
169.0,40.0
305.0,40.0
316.0,40.0
359.0,40.0
379.0,40.0
523.0,40.0
578.0,40.0
620.0,40.0
634.0,40.0
797.0,40.0
57.0,41.0
118.0,41.0
303.0,41.0
389.0,41.0
430.0,41.0
630.0,41.0
697.0,41.0
733.0,41.0
815.0,41.0
877.0,41.0
42.0,6.0
94.0,42.0
165.0,42.0
193.0,42.0
270.0,42.0
451.0,42.0
607.0,42.0
633.0,42.0
704.0,42.0
713.0,42.0
715.0,42.0
765.0,42.0
774.0,42.0
926.0,42.0
950.0,42.0
77.0,43.0
161.0,43.0
222.0,43.0
237.0,43.0
421.0,43.0
469.0,43.0
491.0,43.0
661.0,43.0
671.0,43.0
783.0,43.0
793.0,43.0
831.0,43.0
885.0,43.0
917.0,43.0
933.0,43.0
964.0,43.0
228.0,44.0
344.0,44.0
416.0,44.0
470.0,44.0
494.0,44.0
571.0,44.0
583.0,44.0
597.0,44.0
806.0,44.0
45.0,25.0
226.0,45.0
255.0,45.0
299.0,45.0
335.0,45.0
542.0,45.0
648.0,45.0
674.0,45.0
686.0,45.0
697.0,45.0
758.0,45.0
799.0,45.0
822.0,45.0
835.0,45.0
880.0,45.0
983.0,45.0
46.0,0.0
56.0,46.0
296.0,46.0
395.0,46.0
592.0,46.0
629.0,46.0
676.0,46.0
710.0,46.0
714.0,46.0
895.0,46.0
47.0,13.0
145.0,47.0
156.0,47.0
226.0,47.0
244.0,47.0
247.0,47.0
265.0,47.0
365.0,47.0
481.0,47.0
665.0,47.0
696.0,47.0
748.0,47.0
788.0,47.0
878.0,47.0
927.0,47.0
70.0,48.0
115.0,48.0
195.0,48.0
299.0,48.0
506.0,48.0
511.0,48.0
516.0,48.0
524.0,48.0
589.0,48.0
647.0,48.0
668.0,48.0
742.0,48.0
909.0,48.0
951.0,48.0
954.0,48.0
199.0,49.0
268.0,49.0
299.0,49.0
326.0,49.0
345.0,49.0
415.0,49.0
468.0,49.0
519.0,49.0
633.0,49.0
670.0,49.0
735.0,49.0
884.0,49.0
885.0,49.0
50.0,6.0
94.0,50.0
272.0,50.0
502.0,50.0
613.0,50.0
632.0,50.0
729.0,50.0
874.0,50.0
897.0,50.0
980.0,50.0
51.0,35.0
179.0,51.0
210.0,51.0
242.0,51.0
255.0,51.0
386.0,51.0
438.0,51.0
480.0,51.0
649.0,51.0
666.0,51.0
778.0,51.0
862.0,51.0
52.0,35.0
99.0,52.0
122.0,52.0
188.0,52.0
315.0,52.0
376.0,52.0
476.0,52.0
535.0,52.0
553.0,52.0
639.0,52.0
683.0,52.0
780.0,52.0
785.0,52.0
206.0,53.0
335.0,53.0
403.0,53.0
492.0,53.0
593.0,53.0
683.0,53.0
868.0,53.0
54.0,13.0
54.0,24.0
54.0,41.0
170.0,54.0
177.0,54.0
270.0,54.0
338.0,54.0
460.0,54.0
510.0,54.0
568.0,54.0
611.0,54.0
709.0,54.0
838.0,54.0
958.0,54.0
81.0,55.0
192.0,55.0
220.0,55.0
240.0,55.0
537.0,55.0
554.0,55.0
594.0,55.0
637.0,55.0
775.0,55.0
807.0,55.0
875.0,55.0
884.0,55.0
56.0,31.0
57.0,56.0
177.0,56.0
220.0,56.0
287.0,56.0
298.0,56.0
536.0,56.0
648.0,56.0
670.0,56.0
743.0,56.0
917.0,56.0
938.0,56.0
954.0,56.0
57.0,46.0
59.0,57.0
336.0,57.0
383.0,57.0
437.0,57.0
440.0,57.0
843.0,57.0
866.0,57.0
58.0,8.0
58.0,13.0
58.0,24.0
58.0,27.0
58.0,57.0
126.0,58.0
165.0,58.0
331.0,58.0
506.0,58.0
556.0,58.0
569.0,58.0
662.0,58.0
673.0,58.0
679.0,58.0
762.0,58.0
789.0,58.0
860.0,58.0
903.0,58.0
909.0,58.0
977.0,58.0
91.0,59.0
269.0,59.0
325.0,59.0
642.0,59.0
646.0,59.0
676.0,59.0
701.0,59.0
778.0,59.0
811.0,59.0
838.0,59.0
912.0,59.0
114.0,60.0
172.0,60.0
217.0,60.0
269.0,60.0
322.0,60.0
342.0,60.0
471.0,60.0
672.0,60.0
711.0,60.0
823.0,60.0
912.0,60.0
932.0,60.0
61.0,58.0
597.0,61.0
602.0,61.0
615.0,61.0
716.0,61.0
730.0,61.0
62.0,52.0
203.0,62.0
291.0,62.0
359.0,62.0
418.0,62.0
482.0,62.0
513.0,62.0
532.0,62.0
609.0,62.0
642.0,62.0
679.0,62.0
683.0,62.0
909.0,62.0
955.0,62.0
963.0,62.0
341.0,63.0
638.0,63.0
639.0,63.0
959.0,63.0
86.0,64.0
107.0,64.0
148.0,64.0
212.0,64.0
232.0,64.0
395.0,64.0
398.0,64.0
400.0,64.0
450.0,64.0
707.0,64.0
766.0,64.0
804.0,64.0
840.0,64.0
842.0,64.0
874.0,64.0
900.0,64.0
929.0,64.0
958.0,64.0
968.0,64.0
978.0,64.0
74.0,65.0
229.0,65.0
234.0,65.0
265.0,65.0
286.0,65.0
337.0,65.0
401.0,65.0
611.0,65.0
684.0,65.0
751.0,65.0
779.0,65.0
834.0,65.0
954.0,65.0
66.0,3.0
68.0,66.0
70.0,66.0
71.0,66.0
119.0,66.0
210.0,66.0
413.0,66.0
490.0,66.0
590.0,66.0
591.0,66.0
607.0,66.0
739.0,66.0
839.0,66.0
905.0,66.0
937.0,66.0
956.0,66.0
341.0,67.0
371.0,67.0
394.0,67.0
402.0,67.0
412.0,67.0
521.0,67.0
603.0,67.0
682.0,67.0
693.0,67.0
716.0,67.0
744.0,67.0
746.0,67.0
763.0,67.0
915.0,67.0
922.0,67.0
952.0,67.0
68.0,11.0
68.0,28.0
281.0,68.0
503.0,68.0
512.0,68.0
684.0,68.0
750.0,68.0
775.0,68.0
822.0,68.0
867.0,68.0
84.0,69.0
88.0,69.0
320.0,69.0
498.0,69.0
508.0,69.0
516.0,69.0
525.0,69.0
872.0,69.0
873.0,69.0
70.0,21.0
202.0,70.0
209.0,70.0
245.0,70.0
308.0,70.0
340.0,70.0
395.0,70.0
399.0,70.0
477.0,70.0
479.0,70.0
502.0,70.0
785.0,70.0
862.0,70.0
917.0,70.0
923.0,70.0
71.0,70.0
175.0,71.0
210.0,71.0
322.0,71.0
329.0,71.0
345.0,71.0
448.0,71.0
481.0,71.0
493.0,71.0
626.0,71.0
693.0,71.0
712.0,71.0
811.0,71.0
923.0,71.0
941.0,71.0
945.0,71.0
75.0,72.0
221.0,72.0
262.0,72.0
277.0,72.0
358.0,72.0
383.0,72.0
397.0,72.0
436.0,72.0
483.0,72.0
818.0,72.0
73.0,6.0
181.0,73.0
247.0,73.0
556.0,73.0
561.0,73.0
594.0,73.0
603.0,73.0
800.0,73.0
844.0,73.0
875.0,73.0
877.0,73.0
931.0,73.0
954.0,73.0
963.0,73.0
74.0,32.0
95.0,74.0
115.0,74.0
291.0,74.0
711.0,74.0
712.0,74.0
813.0,74.0
889.0,74.0
950.0,74.0
971.0,74.0
75.0,63.0
94.0,75.0
96.0,75.0
144.0,75.0
213.0,75.0
369.0,75.0
622.0,75.0
627.0,75.0
689.0,75.0
710.0,75.0
271.0,76.0
429.0,76.0
432.0,76.0
489.0,76.0
537.0,76.0
785.0,76.0
793.0,76.0
823.0,76.0
864.0,76.0
891.0,76.0
966.0,76.0
77.0,40.0
186.0,77.0
294.0,77.0
357.0,77.0
600.0,77.0
640.0,77.0
740.0,77.0
748.0,77.0
780.0,77.0
801.0,77.0
840.0,77.0
860.0,77.0
900.0,77.0
78.0,2.0
78.0,64.0
96.0,78.0
174.0,78.0
358.0,78.0
410.0,78.0
438.0,78.0
533.0,78.0
588.0,78.0
616.0,78.0
697.0,78.0
939.0,78.0
984.0,78.0
145.0,79.0
233.0,79.0
240.0,79.0
288.0,79.0
429.0,79.0
491.0,79.0
597.0,79.0
759.0,79.0
813.0,79.0
959.0,79.0
80.0,66.0
328.0,80.0
366.0,80.0
483.0,80.0
523.0,80.0
542.0,80.0
625.0,80.0
687.0,80.0
707.0,80.0
818.0,80.0
846.0,80.0
926.0,80.0
81.0,18.0
81.0,79.0
82.0,81.0
285.0,81.0
293.0,81.0
457.0,81.0
531.0,81.0
548.0,81.0
596.0,81.0
768.0,81.0
854.0,81.0
99.0,82.0
193.0,82.0
256.0,82.0
291.0,82.0
406.0,82.0
431.0,82.0
568.0,82.0
632.0,82.0
709.0,82.0
750.0,82.0
764.0,82.0
816.0,82.0
844.0,82.0
83.0,24.0
325.0,83.0
467.0,83.0
513.0,83.0
560.0,83.0
704.0,83.0
947.0,83.0
95.0,84.0
140.0,84.0
176.0,84.0
206.0,84.0
217.0,84.0
265.0,84.0
272.0,84.0
435.0,84.0
654.0,84.0
658.0,84.0
732.0,84.0
766.0,84.0
802.0,84.0
874.0,84.0
929.0,84.0
85.0,13.0
223.0,85.0
263.0,85.0
286.0,85.0
444.0,85.0
486.0,85.0
564.0,85.0
738.0,85.0
875.0,85.0
951.0,85.0
965.0,85.0
86.0,18.0
347.0,86.0
375.0,86.0
512.0,86.0
537.0,86.0
615.0,86.0
822.0,86.0
825.0,86.0
852.0,86.0
861.0,86.0
109.0,87.0
156.0,87.0
354.0,87.0
373.0,87.0
376.0,87.0
788.0,87.0
819.0,87.0
887.0,87.0
930.0,87.0
173.0,88.0
311.0,88.0
377.0,88.0
391.0,88.0
555.0,88.0
562.0,88.0
626.0,88.0
711.0,88.0
759.0,88.0
89.0,43.0
200.0,89.0
245.0,89.0
251.0,89.0
264.0,89.0
435.0,89.0
522.0,89.0
667.0,89.0
708.0,89.0
890.0,89.0
966.0,89.0
90.0,16.0
90.0,34.0
90.0,64.0
111.0,90.0
112.0,90.0
157.0,90.0
179.0,90.0
283.0,90.0
387.0,90.0
390.0,90.0
427.0,90.0
539.0,90.0
549.0,90.0
565.0,90.0
630.0,90.0
697.0,90.0
747.0,90.0
831.0,90.0
963.0,90.0
91.0,0.0
92.0,21.0
92.0,47.0
143.0,92.0
252.0,92.0
269.0,92.0
459.0,92.0
513.0,92.0
666.0,92.0
941.0,92.0
985.0,92.0
93.0,57.0
150.0,93.0
158.0,93.0
180.0,93.0
234.0,93.0
270.0,93.0
347.0,93.0
520.0,93.0
539.0,93.0
672.0,93.0
745.0,93.0
752.0,93.0
832.0,93.0
840.0,93.0
967.0,93.0
94.0,8.0
94.0,26.0
540.0,94.0
553.0,94.0
708.0,94.0
720.0,94.0
814.0,94.0
945.0,94.0
97.0,95.0
356.0,95.0
426.0,95.0
484.0,95.0
516.0,95.0
523.0,95.0
624.0,95.0
746.0,95.0
819.0,95.0
925.0,95.0
960.0,95.0
96.0,17.0
156.0,96.0
158.0,96.0
177.0,96.0
233.0,96.0
823.0,96.0
885.0,96.0
977.0,96.0
984.0,96.0
97.0,73.0
97.0,87.0
169.0,97.0
332.0,97.0
519.0,97.0
572.0,97.0
617.0,97.0
636.0,97.0
796.0,97.0
98.0,21.0
98.0,78.0
107.0,98.0
152.0,98.0
165.0,98.0
464.0,98.0
537.0,98.0
566.0,98.0
604.0,98.0
723.0,98.0
762.0,98.0
925.0,98.0
99.0,21.0
101.0,99.0
104.0,99.0
194.0,99.0
295.0,99.0
332.0,99.0
523.0,99.0
570.0,99.0
657.0,99.0
681.0,99.0
884.0,99.0
100.0,5.0
100.0,16.0
111.0,100.0
130.0,100.0
548.0,100.0
586.0,100.0
609.0,100.0
613.0,100.0
663.0,100.0
101.0,43.0
121.0,101.0
139.0,101.0
171.0,101.0
176.0,101.0
248.0,101.0
322.0,101.0
363.0,101.0
386.0,101.0
409.0,101.0
541.0,101.0
564.0,101.0
698.0,101.0
726.0,101.0
898.0,101.0
102.0,17.0
102.0,76.0
156.0,102.0
173.0,102.0
282.0,102.0
379.0,102.0
634.0,102.0
757.0,102.0
784.0,102.0
796.0,102.0
805.0,102.0
909.0,102.0
163.0,103.0
358.0,103.0
510.0,103.0
527.0,103.0
595.0,103.0
616.0,103.0
676.0,103.0
738.0,103.0
811.0,103.0
852.0,103.0
939.0,103.0
960.0,103.0
104.0,51.0
209.0,104.0
211.0,104.0
570.0,104.0
796.0,104.0
837.0,104.0
891.0,104.0
927.0,104.0
955.0,104.0
105.0,47.0
105.0,66.0
105.0,86.0
111.0,105.0
205.0,105.0
251.0,105.0
432.0,105.0
461.0,105.0
504.0,105.0
612.0,105.0
705.0,105.0
759.0,105.0
809.0,105.0
836.0,105.0
849.0,105.0
860.0,105.0
893.0,105.0
936.0,105.0
106.0,49.0
106.0,84.0
106.0,102.0
107.0,106.0
154.0,106.0
171.0,106.0
186.0,106.0
405.0,106.0
507.0,106.0
567.0,106.0
603.0,106.0
615.0,106.0
633.0,106.0
685.0,106.0
809.0,106.0
867.0,106.0
910.0,106.0
149.0,107.0
182.0,107.0
224.0,107.0
372.0,107.0
427.0,107.0
519.0,107.0
609.0,107.0
619.0,107.0
689.0,107.0
726.0,107.0
838.0,107.0
849.0,107.0
108.0,34.0
108.0,79.0
108.0,105.0
224.0,108.0
295.0,108.0
315.0,108.0
390.0,108.0
496.0,108.0
592.0,108.0
649.0,108.0
865.0,108.0
109.0,61.0
148.0,109.0
325.0,109.0
393.0,109.0
414.0,109.0
496.0,109.0
738.0,109.0
817.0,109.0
844.0,109.0
876.0,109.0
954.0,109.0
110.0,59.0
110.0,68.0
110.0,91.0
110.0,102.0
150.0,110.0
190.0,110.0
233.0,110.0
292.0,110.0
345.0,110.0
400.0,110.0
401.0,110.0
403.0,110.0
431.0,110.0
442.0,110.0
575.0,110.0
660.0,110.0
703.0,110.0
748.0,110.0
879.0,110.0
952.0,110.0
111.0,30.0
111.0,44.0
111.0,57.0
111.0,110.0
152.0,111.0
322.0,111.0
332.0,111.0
334.0,111.0
460.0,111.0
465.0,111.0
505.0,111.0
602.0,111.0
634.0,111.0
667.0,111.0
728.0,111.0
802.0,111.0
845.0,111.0
869.0,111.0
932.0,111.0
112.0,78.0
116.0,112.0
186.0,112.0
432.0,112.0
465.0,112.0
602.0,112.0
634.0,112.0
748.0,112.0
751.0,112.0
845.0,112.0
908.0,112.0
911.0,112.0
962.0,112.0
113.0,41.0
205.0,113.0
219.0,113.0
428.0,113.0
467.0,113.0
577.0,113.0
614.0,113.0
780.0,113.0
961.0,113.0
149.0,114.0
342.0,114.0
484.0,114.0
489.0,114.0
512.0,114.0
611.0,114.0
824.0,114.0
913.0,114.0
914.0,114.0
115.0,65.0
115.0,109.0
184.0,115.0
228.0,115.0
229.0,115.0
362.0,115.0
435.0,115.0
556.0,115.0
580.0,115.0
643.0,115.0
841.0,115.0
975.0,115.0
116.0,6.0
116.0,75.0
116.0,95.0
134.0,116.0
187.0,116.0
195.0,116.0
452.0,116.0
502.0,116.0
524.0,116.0
549.0,116.0
558.0,116.0
574.0,116.0
602.0,116.0
676.0,116.0
702.0,116.0
756.0,116.0
760.0,116.0
779.0,116.0
836.0,116.0
947.0,116.0
117.0,100.0
165.0,117.0
201.0,117.0
264.0,117.0
328.0,117.0
387.0,117.0
394.0,117.0
413.0,117.0
449.0,117.0
457.0,117.0
567.0,117.0
634.0,117.0
770.0,117.0
896.0,117.0
970.0,117.0
189.0,118.0
198.0,118.0
301.0,118.0
354.0,118.0
371.0,118.0
376.0,118.0
457.0,118.0
473.0,118.0
509.0,118.0
580.0,118.0
625.0,118.0
656.0,118.0
726.0,118.0
756.0,118.0
757.0,118.0
763.0,118.0
813.0,118.0
857.0,118.0
931.0,118.0
182.0,119.0
346.0,119.0
396.0,119.0
431.0,119.0
488.0,119.0
507.0,119.0
562.0,119.0
608.0,119.0
705.0,119.0
846.0,119.0
865.0,119.0
914.0,119.0
938.0,119.0
120.0,37.0
120.0,106.0
120.0,119.0
268.0,120.0
270.0,120.0
366.0,120.0
373.0,120.0
382.0,120.0
509.0,120.0
525.0,120.0
762.0,120.0
854.0,120.0
871.0,120.0
911.0,120.0
984.0,120.0
121.0,14.0
121.0,52.0
121.0,115.0
133.0,121.0
137.0,121.0
303.0,121.0
315.0,121.0
320.0,121.0
358.0,121.0
363.0,121.0
586.0,121.0
754.0,121.0
784.0,121.0
792.0,121.0
869.0,121.0
122.0,45.0
162.0,122.0
165.0,122.0
210.0,122.0
280.0,122.0
482.0,122.0
525.0,122.0
756.0,122.0
820.0,122.0
827.0,122.0
158.0,123.0
200.0,123.0
202.0,123.0
210.0,123.0
311.0,123.0
324.0,123.0
338.0,123.0
389.0,123.0
459.0,123.0
491.0,123.0
496.0,123.0
544.0,123.0
651.0,123.0
722.0,123.0
735.0,123.0
795.0,123.0
890.0,123.0
961.0,123.0
981.0,123.0
127.0,124.0
169.0,124.0
178.0,124.0
379.0,124.0
388.0,124.0
390.0,124.0
478.0,124.0
546.0,124.0
648.0,124.0
674.0,124.0
766.0,124.0
773.0,124.0
802.0,124.0
816.0,124.0
865.0,124.0
928.0,124.0
263.0,125.0
305.0,125.0
455.0,125.0
471.0,125.0
636.0,125.0
639.0,125.0
773.0,125.0
786.0,125.0
913.0,125.0
126.0,29.0
126.0,52.0
140.0,126.0
223.0,126.0
244.0,126.0
269.0,126.0
347.0,126.0
357.0,126.0
437.0,126.0
487.0,126.0
545.0,126.0
582.0,126.0
586.0,126.0
654.0,126.0
667.0,126.0
774.0,126.0
899.0,126.0
127.0,75.0
127.0,112.0
188.0,127.0
242.0,127.0
329.0,127.0
330.0,127.0
385.0,127.0
391.0,127.0
414.0,127.0
443.0,127.0
532.0,127.0
540.0,127.0
639.0,127.0
709.0,127.0
740.0,127.0
804.0,127.0
923.0,127.0
128.0,2.0
338.0,128.0
387.0,128.0
609.0,128.0
737.0,128.0
775.0,128.0
909.0,128.0
961.0,128.0
129.0,45.0
129.0,67.0
129.0,70.0
129.0,115.0
173.0,129.0
347.0,129.0
404.0,129.0
454.0,129.0
607.0,129.0
652.0,129.0
695.0,129.0
711.0,129.0
832.0,129.0
846.0,129.0
900.0,129.0
971.0,129.0
130.0,0.0
176.0,130.0
205.0,130.0
357.0,130.0
586.0,130.0
705.0,130.0
715.0,130.0
717.0,130.0
729.0,130.0
783.0,130.0
957.0,130.0
131.0,68.0
143.0,131.0
266.0,131.0
334.0,131.0
493.0,131.0
683.0,131.0
813.0,131.0
893.0,131.0
975.0,131.0
132.0,1.0
132.0,129.0
132.0,131.0
178.0,132.0
303.0,132.0
376.0,132.0
408.0,132.0
476.0,132.0
628.0,132.0
670.0,132.0
730.0,132.0
735.0,132.0
809.0,132.0
962.0,132.0
133.0,1.0
170.0,133.0
216.0,133.0
385.0,133.0
748.0,133.0
134.0,23.0
134.0,36.0
134.0,73.0
273.0,134.0
366.0,134.0
398.0,134.0
465.0,134.0
523.0,134.0
716.0,134.0
745.0,134.0
774.0,134.0
875.0,134.0
135.0,112.0
192.0,135.0
196.0,135.0
245.0,135.0
330.0,135.0
343.0,135.0
360.0,135.0
379.0,135.0
431.0,135.0
599.0,135.0
782.0,135.0
809.0,135.0
136.0,2.0
136.0,28.0
136.0,47.0
197.0,136.0
236.0,136.0
372.0,136.0
465.0,136.0
559.0,136.0
570.0,136.0
807.0,136.0
836.0,136.0
137.0,1.0
137.0,54.0
149.0,137.0
158.0,137.0
167.0,137.0
213.0,137.0
234.0,137.0
324.0,137.0
375.0,137.0
423.0,137.0
433.0,137.0
560.0,137.0
669.0,137.0
684.0,137.0
711.0,137.0
801.0,137.0
910.0,137.0
138.0,99.0
162.0,138.0
163.0,138.0
331.0,138.0
350.0,138.0
359.0,138.0
369.0,138.0
476.0,138.0
478.0,138.0
488.0,138.0
494.0,138.0
502.0,138.0
541.0,138.0
611.0,138.0
730.0,138.0
790.0,138.0
814.0,138.0
839.0,138.0
944.0,138.0
145.0,139.0
292.0,139.0
412.0,139.0
475.0,139.0
526.0,139.0
603.0,139.0
658.0,139.0
791.0,139.0
799.0,139.0
850.0,139.0
853.0,139.0
140.0,55.0
140.0,61.0
167.0,140.0
194.0,140.0
288.0,140.0
482.0,140.0
525.0,140.0
562.0,140.0
739.0,140.0
747.0,140.0
850.0,140.0
976.0,140.0
141.0,35.0
141.0,45.0
141.0,138.0
166.0,141.0
228.0,141.0
230.0,141.0
285.0,141.0
310.0,141.0
360.0,141.0
741.0,141.0
897.0,141.0
142.0,43.0
142.0,47.0
142.0,50.0
327.0,142.0
441.0,142.0
568.0,142.0
585.0,142.0
597.0,142.0
695.0,142.0
745.0,142.0
748.0,142.0
840.0,142.0
857.0,142.0
972.0,142.0
143.0,38.0
143.0,130.0
143.0,138.0
303.0,143.0
343.0,143.0
351.0,143.0
550.0,143.0
574.0,143.0
625.0,143.0
640.0,143.0
770.0,143.0
802.0,143.0
836.0,143.0
944.0,143.0
946.0,143.0
954.0,143.0
144.0,20.0
144.0,59.0
144.0,89.0
144.0,129.0
235.0,144.0
280.0,144.0
318.0,144.0
340.0,144.0
373.0,144.0
498.0,144.0
582.0,144.0
723.0,144.0
191.0,145.0
202.0,145.0
208.0,145.0
283.0,145.0
353.0,145.0
371.0,145.0
384.0,145.0
517.0,145.0
540.0,145.0
550.0,145.0
609.0,145.0
680.0,145.0
740.0,145.0
937.0,145.0
146.0,105.0
146.0,109.0
244.0,146.0
310.0,146.0
314.0,146.0
420.0,146.0
444.0,146.0
802.0,146.0
855.0,146.0
900.0,146.0
960.0,146.0
200.0,147.0
315.0,147.0
353.0,147.0
389.0,147.0
752.0,147.0
758.0,147.0
766.0,147.0
829.0,147.0
148.0,104.0
305.0,148.0
316.0,148.0
340.0,148.0
437.0,148.0
646.0,148.0
688.0,148.0
798.0,148.0
849.0,148.0
965.0,148.0
149.0,2.0
149.0,48.0
149.0,53.0
149.0,56.0
149.0,140.0
333.0,149.0
346.0,149.0
515.0,149.0
521.0,149.0
541.0,149.0
681.0,149.0
733.0,149.0
150.0,29.0
150.0,78.0
150.0,86.0
274.0,150.0
427.0,150.0
469.0,150.0
593.0,150.0
656.0,150.0
804.0,150.0
910.0,150.0
949.0,150.0
151.0,145.0
192.0,151.0
395.0,151.0
403.0,151.0
505.0,151.0
650.0,151.0
715.0,151.0
799.0,151.0
885.0,151.0
944.0,151.0
965.0,151.0
152.0,13.0
152.0,36.0
152.0,120.0
152.0,129.0
152.0,136.0
230.0,152.0
257.0,152.0
326.0,152.0
362.0,152.0
466.0,152.0
484.0,152.0
498.0,152.0
517.0,152.0
566.0,152.0
785.0,152.0
840.0,152.0
968.0,152.0
153.0,95.0
214.0,153.0
307.0,153.0
354.0,153.0
426.0,153.0
430.0,153.0
538.0,153.0
544.0,153.0
606.0,153.0
683.0,153.0
792.0,153.0
936.0,153.0
955.0,153.0
154.0,0.0
154.0,31.0
154.0,136.0
155.0,154.0
290.0,154.0
350.0,154.0
368.0,154.0
399.0,154.0
471.0,154.0
629.0,154.0
662.0,154.0
695.0,154.0
717.0,154.0
745.0,154.0
797.0,154.0
805.0,154.0
855.0,154.0
910.0,154.0
155.0,29.0
155.0,59.0
155.0,70.0
155.0,110.0
201.0,155.0
238.0,155.0
454.0,155.0
485.0,155.0
489.0,155.0
586.0,155.0
595.0,155.0
671.0,155.0
721.0,155.0
748.0,155.0
752.0,155.0
930.0,155.0
156.0,80.0
156.0,140.0
400.0,156.0
415.0,156.0
492.0,156.0
532.0,156.0
587.0,156.0
648.0,156.0
698.0,156.0
705.0,156.0
774.0,156.0
157.0,98.0
253.0,157.0
323.0,157.0
405.0,157.0
456.0,157.0
583.0,157.0
677.0,157.0
770.0,157.0
791.0,157.0
825.0,157.0
950.0,157.0
204.0,158.0
429.0,158.0
526.0,158.0
616.0,158.0
784.0,158.0
872.0,158.0
159.0,30.0
159.0,70.0
159.0,93.0
215.0,159.0
247.0,159.0
288.0,159.0
524.0,159.0
549.0,159.0
582.0,159.0
752.0,159.0
784.0,159.0
817.0,159.0
160.0,42.0
160.0,78.0
198.0,160.0
212.0,160.0
309.0,160.0
402.0,160.0
446.0,160.0
453.0,160.0
638.0,160.0
703.0,160.0
787.0,160.0
797.0,160.0
934.0,160.0
985.0,160.0
161.0,43.0
161.0,79.0
202.0,161.0
235.0,161.0
413.0,161.0
453.0,161.0
481.0,161.0
572.0,161.0
636.0,161.0
691.0,161.0
695.0,161.0
701.0,161.0
724.0,161.0
738.0,161.0
748.0,161.0
778.0,161.0
804.0,161.0
832.0,161.0
892.0,161.0
921.0,161.0
942.0,161.0
945.0,161.0
267.0,162.0
315.0,162.0
335.0,162.0
472.0,162.0
556.0,162.0
595.0,162.0
598.0,162.0
611.0,162.0
654.0,162.0
730.0,162.0
788.0,162.0
790.0,162.0
896.0,162.0
931.0,162.0
949.0,162.0
163.0,19.0
163.0,52.0
274.0,163.0
334.0,163.0
373.0,163.0
405.0,163.0
438.0,163.0
484.0,163.0
529.0,163.0
578.0,163.0
600.0,163.0
630.0,163.0
684.0,163.0
723.0,163.0
794.0,163.0
820.0,163.0
875.0,163.0
164.0,31.0
164.0,64.0
164.0,74.0
164.0,95.0
164.0,124.0
226.0,164.0
301.0,164.0
430.0,164.0
493.0,164.0
500.0,164.0
523.0,164.0
621.0,164.0
663.0,164.0
744.0,164.0
758.0,164.0
884.0,164.0
900.0,164.0
941.0,164.0
165.0,163.0
282.0,165.0
381.0,165.0
458.0,165.0
493.0,165.0
517.0,165.0
603.0,165.0
785.0,165.0
834.0,165.0
854.0,165.0
874.0,165.0
911.0,165.0
181.0,166.0
216.0,166.0
336.0,166.0
378.0,166.0
437.0,166.0
558.0,166.0
638.0,166.0
811.0,166.0
864.0,166.0
866.0,166.0
896.0,166.0
907.0,166.0
167.0,28.0
167.0,30.0
190.0,167.0
253.0,167.0
356.0,167.0
398.0,167.0
407.0,167.0
425.0,167.0
488.0,167.0
738.0,167.0
782.0,167.0
168.0,9.0
168.0,22.0
168.0,38.0
168.0,95.0
170.0,168.0
345.0,168.0
523.0,168.0
661.0,168.0
674.0,168.0
854.0,168.0
866.0,168.0
901.0,168.0
169.0,43.0
201.0,169.0
206.0,169.0
282.0,169.0
323.0,169.0
366.0,169.0
427.0,169.0
501.0,169.0
616.0,169.0
739.0,169.0
914.0,169.0
928.0,169.0
170.0,35.0
204.0,170.0
215.0,170.0
222.0,170.0
238.0,170.0
293.0,170.0
296.0,170.0
582.0,170.0
731.0,170.0
750.0,170.0
950.0,170.0
171.0,95.0
171.0,114.0
181.0,171.0
304.0,171.0
325.0,171.0
504.0,171.0
514.0,171.0
660.0,171.0
666.0,171.0
795.0,171.0
842.0,171.0
853.0,171.0
864.0,171.0
985.0,171.0
172.0,10.0
172.0,81.0
172.0,129.0
194.0,172.0
221.0,172.0
409.0,172.0
504.0,172.0
508.0,172.0
620.0,172.0
622.0,172.0
697.0,172.0
704.0,172.0
729.0,172.0
738.0,172.0
779.0,172.0
859.0,172.0
173.0,6.0
173.0,28.0
173.0,70.0
183.0,173.0
273.0,173.0
326.0,173.0
413.0,173.0
588.0,173.0
612.0,173.0
625.0,173.0
731.0,173.0
174.0,16.0
174.0,63.0
523.0,174.0
653.0,174.0
727.0,174.0
771.0,174.0
874.0,174.0
928.0,174.0
929.0,174.0
175.0,40.0
175.0,74.0
175.0,97.0
302.0,175.0
305.0,175.0
482.0,175.0
693.0,175.0
704.0,175.0
803.0,175.0
850.0,175.0
876.0,175.0
900.0,175.0
926.0,175.0
937.0,175.0
176.0,139.0
176.0,160.0
176.0,169.0
329.0,176.0
335.0,176.0
479.0,176.0
501.0,176.0
676.0,176.0
744.0,176.0
791.0,176.0
852.0,176.0
917.0,176.0
984.0,176.0
985.0,176.0
177.0,23.0
198.0,177.0
199.0,177.0
361.0,177.0
493.0,177.0
625.0,177.0
894.0,177.0
178.0,32.0
178.0,56.0
178.0,100.0
178.0,105.0
178.0,153.0
257.0,178.0
652.0,178.0
740.0,178.0
747.0,178.0
858.0,178.0
179.0,40.0
179.0,67.0
179.0,151.0
208.0,179.0
212.0,179.0
277.0,179.0
329.0,179.0
469.0,179.0
492.0,179.0
585.0,179.0
656.0,179.0
673.0,179.0
681.0,179.0
825.0,179.0
896.0,179.0
949.0,179.0
180.0,18.0
180.0,42.0
180.0,46.0
180.0,114.0
289.0,180.0
375.0,180.0
440.0,180.0
523.0,180.0
573.0,180.0
609.0,180.0
617.0,180.0
648.0,180.0
706.0,180.0
724.0,180.0
743.0,180.0
753.0,180.0
896.0,180.0
922.0,180.0
185.0,181.0
201.0,181.0
265.0,181.0
285.0,181.0
395.0,181.0
508.0,181.0
602.0,181.0
712.0,181.0
729.0,181.0
731.0,181.0
806.0,181.0
950.0,181.0
182.0,72.0
202.0,182.0
567.0,182.0
597.0,182.0
608.0,182.0
698.0,182.0
737.0,182.0
969.0,182.0
224.0,183.0
260.0,183.0
269.0,183.0
424.0,183.0
429.0,183.0
507.0,183.0
575.0,183.0
589.0,183.0
604.0,183.0
655.0,183.0
673.0,183.0
705.0,183.0
728.0,183.0
193.0,184.0
305.0,184.0
388.0,184.0
393.0,184.0
772.0,184.0
185.0,100.0
185.0,142.0
216.0,185.0
229.0,185.0
356.0,185.0
465.0,185.0
477.0,185.0
594.0,185.0
617.0,185.0
659.0,185.0
710.0,185.0
822.0,185.0
186.0,101.0
186.0,123.0
364.0,186.0
405.0,186.0
481.0,186.0
635.0,186.0
660.0,186.0
716.0,186.0
767.0,186.0
794.0,186.0
815.0,186.0
949.0,186.0
187.0,0.0
187.0,101.0
187.0,108.0
187.0,153.0
403.0,187.0
418.0,187.0
531.0,187.0
532.0,187.0
651.0,187.0
680.0,187.0
792.0,187.0
869.0,187.0
188.0,15.0
188.0,37.0
188.0,100.0
188.0,183.0
188.0,187.0
246.0,188.0
336.0,188.0
369.0,188.0
506.0,188.0
593.0,188.0
897.0,188.0
941.0,188.0
961.0,188.0
972.0,188.0
985.0,188.0
189.0,6.0
189.0,94.0
189.0,100.0
560.0,189.0
598.0,189.0
615.0,189.0
846.0,189.0
211.0,190.0
270.0,190.0
287.0,190.0
349.0,190.0
432.0,190.0
435.0,190.0
464.0,190.0
597.0,190.0
719.0,190.0
786.0,190.0
801.0,190.0
831.0,190.0
836.0,190.0
838.0,190.0
191.0,31.0
191.0,184.0
211.0,191.0
232.0,191.0
383.0,191.0
519.0,191.0
615.0,191.0
744.0,191.0
941.0,191.0
192.0,110.0
192.0,117.0
192.0,132.0
197.0,192.0
232.0,192.0
252.0,192.0
267.0,192.0
298.0,192.0
587.0,192.0
600.0,192.0
741.0,192.0
830.0,192.0
910.0,192.0
915.0,192.0
930.0,192.0
193.0,166.0
193.0,172.0
202.0,193.0
271.0,193.0
399.0,193.0
658.0,193.0
685.0,193.0
715.0,193.0
194.0,67.0
194.0,103.0
194.0,173.0
194.0,188.0
680.0,194.0
820.0,194.0
878.0,194.0
910.0,194.0
924.0,194.0
195.0,15.0
195.0,76.0
195.0,99.0
270.0,195.0
379.0,195.0
407.0,195.0
440.0,195.0
456.0,195.0
557.0,195.0
559.0,195.0
730.0,195.0
745.0,195.0
824.0,195.0
904.0,195.0
196.0,113.0
205.0,196.0
408.0,196.0
438.0,196.0
577.0,196.0
636.0,196.0
650.0,196.0
854.0,196.0
911.0,196.0
197.0,66.0
210.0,197.0
329.0,197.0
442.0,197.0
484.0,197.0
485.0,197.0
551.0,197.0
629.0,197.0
630.0,197.0
632.0,197.0
764.0,197.0
827.0,197.0
936.0,197.0
198.0,53.0
198.0,136.0
257.0,198.0
262.0,198.0
266.0,198.0
347.0,198.0
412.0,198.0
480.0,198.0
729.0,198.0
888.0,198.0
199.0,23.0
199.0,124.0
199.0,145.0
199.0,158.0
252.0,199.0
306.0,199.0
311.0,199.0
374.0,199.0
430.0,199.0
459.0,199.0
608.0,199.0
892.0,199.0
925.0,199.0
985.0,199.0
200.0,0.0
200.0,9.0
200.0,112.0
270.0,200.0
526.0,200.0
527.0,200.0
577.0,200.0
631.0,200.0
666.0,200.0
769.0,200.0
816.0,200.0
869.0,200.0
920.0,200.0
934.0,200.0
942.0,200.0
201.0,41.0
201.0,89.0
201.0,174.0
201.0,181.0
234.0,201.0
368.0,201.0
528.0,201.0
581.0,201.0
669.0,201.0
711.0,201.0
841.0,201.0
931.0,201.0
980.0,201.0
202.0,57.0
202.0,70.0
202.0,180.0
217.0,202.0
268.0,202.0
330.0,202.0
412.0,202.0
558.0,202.0
661.0,202.0
731.0,202.0
867.0,202.0
961.0,202.0
203.0,62.0
203.0,133.0
203.0,170.0
246.0,203.0
273.0,203.0
281.0,203.0
317.0,203.0
377.0,203.0
389.0,203.0
625.0,203.0
706.0,203.0
743.0,203.0
748.0,203.0
786.0,203.0
855.0,203.0
204.0,13.0
204.0,84.0
204.0,173.0
204.0,178.0
204.0,200.0
288.0,204.0
317.0,204.0
388.0,204.0
426.0,204.0
527.0,204.0
534.0,204.0
539.0,204.0
733.0,204.0
826.0,204.0
865.0,204.0
983.0,204.0
205.0,57.0
205.0,149.0
289.0,205.0
290.0,205.0
353.0,205.0
446.0,205.0
449.0,205.0
481.0,205.0
484.0,205.0
501.0,205.0
625.0,205.0
645.0,205.0
734.0,205.0
776.0,205.0
867.0,205.0
962.0,205.0
206.0,190.0
228.0,206.0
294.0,206.0
481.0,206.0
544.0,206.0
569.0,206.0
784.0,206.0
794.0,206.0
898.0,206.0
907.0,206.0
979.0,206.0
207.0,36.0
207.0,45.0
207.0,50.0
207.0,89.0
357.0,207.0
404.0,207.0
479.0,207.0
497.0,207.0
563.0,207.0
614.0,207.0
807.0,207.0
810.0,207.0
208.0,15.0
208.0,66.0
208.0,96.0
398.0,208.0
499.0,208.0
563.0,208.0
566.0,208.0
853.0,208.0
938.0,208.0
209.0,67.0
209.0,81.0
209.0,142.0
296.0,209.0
308.0,209.0
573.0,209.0
590.0,209.0
608.0,209.0
717.0,209.0
210.0,18.0
210.0,70.0
210.0,107.0
210.0,140.0
210.0,146.0
237.0,210.0
376.0,210.0
749.0,210.0
796.0,210.0
979.0,210.0
211.0,14.0
229.0,211.0
295.0,211.0
337.0,211.0
338.0,211.0
346.0,211.0
449.0,211.0
455.0,211.0
489.0,211.0
521.0,211.0
576.0,211.0
615.0,211.0
663.0,211.0
837.0,211.0
875.0,211.0
212.0,151.0
213.0,212.0
246.0,212.0
262.0,212.0
484.0,212.0
519.0,212.0
544.0,212.0
694.0,212.0
713.0,212.0
729.0,212.0
747.0,212.0
818.0,212.0
851.0,212.0
880.0,212.0
943.0,212.0
974.0,212.0
213.0,38.0
213.0,125.0
213.0,147.0
213.0,162.0
213.0,189.0
213.0,201.0
374.0,213.0
446.0,213.0
467.0,213.0
498.0,213.0
616.0,213.0
637.0,213.0
881.0,213.0
898.0,213.0
924.0,213.0
926.0,213.0
929.0,213.0
214.0,27.0
214.0,32.0
214.0,133.0
214.0,141.0
427.0,214.0
460.0,214.0
742.0,214.0
784.0,214.0
831.0,214.0
862.0,214.0
215.0,19.0
215.0,58.0
215.0,152.0
215.0,161.0
273.0,215.0
289.0,215.0
309.0,215.0
362.0,215.0
528.0,215.0
538.0,215.0
559.0,215.0
735.0,215.0
216.0,61.0
216.0,109.0
322.0,216.0
419.0,216.0
560.0,216.0
596.0,216.0
660.0,216.0
722.0,216.0
732.0,216.0
739.0,216.0
742.0,216.0
744.0,216.0
815.0,216.0
907.0,216.0
918.0,216.0
217.0,18.0
217.0,69.0
247.0,217.0
273.0,217.0
283.0,217.0
487.0,217.0
518.0,217.0
522.0,217.0
610.0,217.0
673.0,217.0
724.0,217.0
810.0,217.0
879.0,217.0
218.0,17.0
218.0,138.0
244.0,218.0
308.0,218.0
328.0,218.0
368.0,218.0
477.0,218.0
494.0,218.0
947.0,218.0
984.0,218.0
219.0,89.0
219.0,122.0
219.0,130.0
219.0,166.0
219.0,214.0
312.0,219.0
313.0,219.0
536.0,219.0
547.0,219.0
548.0,219.0
585.0,219.0
733.0,219.0
777.0,219.0
803.0,219.0
862.0,219.0
891.0,219.0
220.0,1.0
220.0,14.0
220.0,21.0
220.0,37.0
220.0,38.0
220.0,146.0
234.0,220.0
308.0,220.0
492.0,220.0
527.0,220.0
555.0,220.0
775.0,220.0
802.0,220.0
835.0,220.0
909.0,220.0
221.0,77.0
221.0,192.0
291.0,221.0
312.0,221.0
317.0,221.0
329.0,221.0
360.0,221.0
391.0,221.0
416.0,221.0
763.0,221.0
769.0,221.0
807.0,221.0
877.0,221.0
948.0,221.0
222.0,39.0
270.0,222.0
641.0,222.0
676.0,222.0
845.0,222.0
885.0,222.0
894.0,222.0
956.0,222.0
223.0,106.0
230.0,223.0
392.0,223.0
408.0,223.0
428.0,223.0
458.0,223.0
484.0,223.0
568.0,223.0
826.0,223.0
838.0,223.0
865.0,223.0
936.0,223.0
970.0,223.0
224.0,3.0
224.0,38.0
224.0,124.0
224.0,201.0
378.0,224.0
665.0,224.0
734.0,224.0
847.0,224.0
848.0,224.0
852.0,224.0
225.0,1.0
225.0,6.0
225.0,92.0
225.0,173.0
225.0,211.0
247.0,225.0
352.0,225.0
718.0,225.0
821.0,225.0
897.0,225.0
226.0,77.0
226.0,156.0
226.0,197.0
282.0,226.0
324.0,226.0
335.0,226.0
345.0,226.0
348.0,226.0
755.0,226.0
834.0,226.0
928.0,226.0
227.0,60.0
227.0,94.0
227.0,112.0
227.0,164.0
227.0,200.0
453.0,227.0
641.0,227.0
824.0,227.0
861.0,227.0
928.0,227.0
228.0,9.0
229.0,228.0
334.0,228.0
369.0,228.0
612.0,228.0
713.0,228.0
808.0,228.0
889.0,228.0
229.0,218.0
254.0,229.0
287.0,229.0
294.0,229.0
307.0,229.0
407.0,229.0
453.0,229.0
502.0,229.0
604.0,229.0
627.0,229.0
722.0,229.0
773.0,229.0
934.0,229.0
966.0,229.0
973.0,229.0
981.0,229.0
230.0,29.0
230.0,172.0
348.0,230.0
371.0,230.0
550.0,230.0
570.0,230.0
582.0,230.0
639.0,230.0
737.0,230.0
841.0,230.0
905.0,230.0
921.0,230.0
231.0,3.0
231.0,174.0
349.0,231.0
407.0,231.0
421.0,231.0
620.0,231.0
627.0,231.0
801.0,231.0
863.0,231.0
883.0,231.0
232.0,209.0
232.0,210.0
275.0,232.0
281.0,232.0
288.0,232.0
376.0,232.0
412.0,232.0
435.0,232.0
601.0,232.0
657.0,232.0
671.0,232.0
970.0,232.0
322.0,233.0
330.0,233.0
346.0,233.0
432.0,233.0
569.0,233.0
593.0,233.0
598.0,233.0
720.0,233.0
736.0,233.0
777.0,233.0
234.0,156.0
270.0,234.0
337.0,234.0
368.0,234.0
437.0,234.0
453.0,234.0
553.0,234.0
664.0,234.0
703.0,234.0
785.0,234.0
838.0,234.0
850.0,234.0
861.0,234.0
891.0,234.0
917.0,234.0
939.0,234.0
956.0,234.0
235.0,73.0
235.0,119.0
235.0,157.0
235.0,188.0
235.0,197.0
247.0,235.0
287.0,235.0
471.0,235.0
530.0,235.0
573.0,235.0
730.0,235.0
796.0,235.0
917.0,235.0
275.0,236.0
331.0,236.0
347.0,236.0
503.0,236.0
704.0,236.0
705.0,236.0
815.0,236.0
883.0,236.0
954.0,236.0
237.0,29.0
237.0,36.0
237.0,136.0
307.0,237.0
725.0,237.0
735.0,237.0
746.0,237.0
776.0,237.0
827.0,237.0
911.0,237.0
238.0,3.0
238.0,10.0
238.0,128.0
238.0,203.0
317.0,238.0
429.0,238.0
493.0,238.0
524.0,238.0
557.0,238.0
668.0,238.0
716.0,238.0
773.0,238.0
813.0,238.0
951.0,238.0
239.0,11.0
239.0,126.0
239.0,127.0
239.0,135.0
239.0,139.0
239.0,175.0
310.0,239.0
311.0,239.0
322.0,239.0
369.0,239.0
557.0,239.0
599.0,239.0
701.0,239.0
808.0,239.0
828.0,239.0
861.0,239.0
982.0,239.0
240.0,157.0
240.0,200.0
276.0,240.0
340.0,240.0
361.0,240.0
434.0,240.0
560.0,240.0
584.0,240.0
640.0,240.0
645.0,240.0
666.0,240.0
707.0,240.0
769.0,240.0
852.0,240.0
883.0,240.0
241.0,29.0
241.0,108.0
241.0,183.0
388.0,241.0
408.0,241.0
414.0,241.0
542.0,241.0
791.0,241.0
889.0,241.0
918.0,241.0
973.0,241.0
242.0,214.0
281.0,242.0
402.0,242.0
416.0,242.0
443.0,242.0
519.0,242.0
525.0,242.0
583.0,242.0
629.0,242.0
691.0,242.0
773.0,242.0
798.0,242.0
243.0,38.0
313.0,243.0
352.0,243.0
366.0,243.0
481.0,243.0
539.0,243.0
610.0,243.0
668.0,243.0
713.0,243.0
819.0,243.0
888.0,243.0
936.0,243.0
980.0,243.0
244.0,78.0
244.0,80.0
244.0,135.0
265.0,244.0
356.0,244.0
385.0,244.0
406.0,244.0
412.0,244.0
493.0,244.0
511.0,244.0
559.0,244.0
591.0,244.0
626.0,244.0
730.0,244.0
794.0,244.0
802.0,244.0
933.0,244.0
245.0,102.0
245.0,107.0
245.0,114.0
342.0,245.0
345.0,245.0
359.0,245.0
373.0,245.0
434.0,245.0
456.0,245.0
521.0,245.0
593.0,245.0
688.0,245.0
801.0,245.0
809.0,245.0
821.0,245.0
919.0,245.0
246.0,31.0
246.0,113.0
246.0,144.0
246.0,177.0
246.0,198.0
275.0,246.0
327.0,246.0
337.0,246.0
345.0,246.0
431.0,246.0
472.0,246.0
473.0,246.0
505.0,246.0
603.0,246.0
692.0,246.0
796.0,246.0
859.0,246.0
912.0,246.0
247.0,67.0
316.0,247.0
482.0,247.0
486.0,247.0
743.0,247.0
814.0,247.0
248.0,48.0
459.0,248.0
484.0,248.0
533.0,248.0
544.0,248.0
583.0,248.0
771.0,248.0
943.0,248.0
974.0,248.0
249.0,167.0
249.0,216.0
249.0,223.0
300.0,249.0
393.0,249.0
569.0,249.0
578.0,249.0
586.0,249.0
651.0,249.0
661.0,249.0
716.0,249.0
854.0,249.0
879.0,249.0
900.0,249.0
937.0,249.0
250.0,25.0
250.0,30.0
250.0,106.0
250.0,121.0
250.0,137.0
323.0,250.0
397.0,250.0
443.0,250.0
666.0,250.0
703.0,250.0
733.0,250.0
817.0,250.0
831.0,250.0
884.0,250.0
251.0,72.0
251.0,78.0
251.0,168.0
251.0,220.0
304.0,251.0
710.0,251.0
743.0,251.0
858.0,251.0
869.0,251.0
892.0,251.0
919.0,251.0
252.0,5.0
252.0,75.0
252.0,160.0
252.0,166.0
377.0,252.0
531.0,252.0
545.0,252.0
571.0,252.0
625.0,252.0
253.0,22.0
253.0,42.0
253.0,65.0
253.0,83.0
253.0,239.0
482.0,253.0
503.0,253.0
573.0,253.0
594.0,253.0
634.0,253.0
796.0,253.0
805.0,253.0
810.0,253.0
895.0,253.0
902.0,253.0
909.0,253.0
254.0,4.0
292.0,254.0
314.0,254.0
489.0,254.0
595.0,254.0
680.0,254.0
683.0,254.0
709.0,254.0
759.0,254.0
763.0,254.0
846.0,254.0
255.0,181.0
256.0,255.0
317.0,255.0
356.0,255.0
483.0,255.0
540.0,255.0
569.0,255.0
611.0,255.0
615.0,255.0
826.0,255.0
945.0,255.0
256.0,29.0
256.0,91.0
256.0,120.0
256.0,176.0
256.0,185.0
256.0,193.0
263.0,256.0
355.0,256.0
437.0,256.0
459.0,256.0
465.0,256.0
629.0,256.0
689.0,256.0
746.0,256.0
798.0,256.0
842.0,256.0
907.0,256.0
934.0,256.0
257.0,119.0
257.0,191.0
257.0,204.0
257.0,252.0
302.0,257.0
310.0,257.0
391.0,257.0
419.0,257.0
422.0,257.0
455.0,257.0
536.0,257.0
636.0,257.0
676.0,257.0
851.0,257.0
867.0,257.0
925.0,257.0
258.0,134.0
258.0,135.0
315.0,258.0
400.0,258.0
571.0,258.0
575.0,258.0
624.0,258.0
681.0,258.0
761.0,258.0
846.0,258.0
884.0,258.0
912.0,258.0
960.0,258.0
259.0,52.0
259.0,135.0
259.0,140.0
259.0,253.0
416.0,259.0
476.0,259.0
582.0,259.0
683.0,259.0
771.0,259.0
777.0,259.0
790.0,259.0
795.0,259.0
964.0,259.0
973.0,259.0
260.0,42.0
260.0,55.0
260.0,89.0
260.0,137.0
260.0,210.0
260.0,257.0
265.0,260.0
372.0,260.0
415.0,260.0
450.0,260.0
543.0,260.0
564.0,260.0
825.0,260.0
839.0,260.0
929.0,260.0
261.0,22.0
261.0,51.0
261.0,52.0
261.0,70.0
261.0,226.0
261.0,232.0
261.0,252.0
263.0,261.0
284.0,261.0
311.0,261.0
365.0,261.0
446.0,261.0
473.0,261.0
509.0,261.0
555.0,261.0
640.0,261.0
681.0,261.0
774.0,261.0
262.0,25.0
262.0,227.0
266.0,262.0
453.0,262.0
701.0,262.0
702.0,262.0
733.0,262.0
854.0,262.0
901.0,262.0
263.0,29.0
263.0,38.0
263.0,68.0
263.0,104.0
263.0,132.0
263.0,157.0
263.0,226.0
263.0,257.0
480.0,263.0
496.0,263.0
508.0,263.0
576.0,263.0
702.0,263.0
840.0,263.0
877.0,263.0
264.0,58.0
264.0,103.0
264.0,160.0
264.0,166.0
264.0,209.0
264.0,256.0
449.0,264.0
524.0,264.0
860.0,264.0
955.0,264.0
265.0,36.0
343.0,265.0
390.0,265.0
549.0,265.0
570.0,265.0
617.0,265.0
622.0,265.0
632.0,265.0
801.0,265.0
854.0,265.0
861.0,265.0
863.0,265.0
889.0,265.0
902.0,265.0
266.0,40.0
266.0,88.0
266.0,209.0
310.0,266.0
320.0,266.0
417.0,266.0
461.0,266.0
512.0,266.0
560.0,266.0
671.0,266.0
826.0,266.0
922.0,266.0
267.0,62.0
267.0,176.0
267.0,200.0
423.0,267.0
476.0,267.0
564.0,267.0
573.0,267.0
591.0,267.0
604.0,267.0
699.0,267.0
720.0,267.0
970.0,267.0
268.0,12.0
268.0,53.0
268.0,99.0
268.0,126.0
268.0,209.0
268.0,258.0
350.0,268.0
405.0,268.0
467.0,268.0
591.0,268.0
618.0,268.0
738.0,268.0
740.0,268.0
829.0,268.0
834.0,268.0
916.0,268.0
917.0,268.0
979.0,268.0
269.0,42.0
269.0,67.0
269.0,128.0
269.0,147.0
269.0,159.0
269.0,168.0
269.0,262.0
379.0,269.0
426.0,269.0
451.0,269.0
460.0,269.0
490.0,269.0
506.0,269.0
574.0,269.0
578.0,269.0
590.0,269.0
694.0,269.0
881.0,269.0
933.0,269.0
270.0,21.0
270.0,41.0
270.0,123.0
270.0,258.0
466.0,270.0
525.0,270.0
566.0,270.0
852.0,270.0
854.0,270.0
868.0,270.0
948.0,270.0
977.0,270.0
271.0,118.0
271.0,144.0
271.0,170.0
271.0,236.0
296.0,271.0
589.0,271.0
658.0,271.0
775.0,271.0
783.0,271.0
790.0,271.0
795.0,271.0
812.0,271.0
825.0,271.0
852.0,271.0
272.0,136.0
272.0,260.0
396.0,272.0
436.0,272.0
466.0,272.0
645.0,272.0
700.0,272.0
838.0,272.0
273.0,38.0
273.0,178.0
273.0,267.0
274.0,273.0
319.0,273.0
349.0,273.0
362.0,273.0
489.0,273.0
563.0,273.0
621.0,273.0
722.0,273.0
766.0,273.0
768.0,273.0
797.0,273.0
810.0,273.0
942.0,273.0
274.0,68.0
274.0,94.0
274.0,102.0
274.0,135.0
274.0,161.0
274.0,230.0
296.0,274.0
358.0,274.0
406.0,274.0
407.0,274.0
412.0,274.0
474.0,274.0
482.0,274.0
494.0,274.0
537.0,274.0
825.0,274.0
835.0,274.0
860.0,274.0
875.0,274.0
877.0,274.0
967.0,274.0
275.0,55.0
275.0,76.0
300.0,275.0
341.0,275.0
417.0,275.0
463.0,275.0
473.0,275.0
763.0,275.0
921.0,275.0
276.0,67.0
276.0,138.0
276.0,256.0
295.0,276.0
349.0,276.0
371.0,276.0
453.0,276.0
491.0,276.0
667.0,276.0
688.0,276.0
809.0,276.0
277.0,1.0
277.0,28.0
277.0,38.0
277.0,54.0
277.0,76.0
277.0,236.0
329.0,277.0
427.0,277.0
530.0,277.0
553.0,277.0
586.0,277.0
598.0,277.0
635.0,277.0
682.0,277.0
729.0,277.0
826.0,277.0
842.0,277.0
844.0,277.0
278.0,134.0
288.0,278.0
303.0,278.0
311.0,278.0
315.0,278.0
351.0,278.0
388.0,278.0
421.0,278.0
468.0,278.0
474.0,278.0
510.0,278.0
526.0,278.0
603.0,278.0
667.0,278.0
752.0,278.0
777.0,278.0
279.0,48.0
279.0,78.0
279.0,84.0
279.0,215.0
279.0,232.0
279.0,250.0
299.0,279.0
308.0,279.0
349.0,279.0
386.0,279.0
390.0,279.0
395.0,279.0
470.0,279.0
561.0,279.0
676.0,279.0
721.0,279.0
833.0,279.0
280.0,17.0
280.0,89.0
280.0,104.0
280.0,122.0
352.0,280.0
402.0,280.0
462.0,280.0
523.0,280.0
550.0,280.0
662.0,280.0
675.0,280.0
764.0,280.0
281.0,46.0
281.0,167.0
356.0,281.0
516.0,281.0
661.0,281.0
879.0,281.0
898.0,281.0
914.0,281.0
959.0,281.0
282.0,16.0
282.0,163.0
418.0,282.0
694.0,282.0
837.0,282.0
900.0,282.0
911.0,282.0
939.0,282.0
283.0,91.0
283.0,233.0
510.0,283.0
577.0,283.0
635.0,283.0
642.0,283.0
705.0,283.0
721.0,283.0
761.0,283.0
826.0,283.0
874.0,283.0
925.0,283.0
934.0,283.0
944.0,283.0
284.0,52.0
306.0,284.0
526.0,284.0
630.0,284.0
658.0,284.0
668.0,284.0
823.0,284.0
285.0,13.0
285.0,73.0
285.0,163.0
285.0,169.0
285.0,204.0
286.0,285.0
321.0,285.0
459.0,285.0
487.0,285.0
567.0,285.0
732.0,285.0
895.0,285.0
946.0,285.0
966.0,285.0
286.0,11.0
286.0,21.0
286.0,38.0
286.0,118.0
286.0,121.0
286.0,126.0
286.0,154.0
286.0,268.0
627.0,286.0
876.0,286.0
287.0,74.0
287.0,79.0
287.0,143.0
287.0,149.0
287.0,186.0
287.0,274.0
412.0,287.0
437.0,287.0
450.0,287.0
503.0,287.0
532.0,287.0
607.0,287.0
682.0,287.0
709.0,287.0
798.0,287.0
839.0,287.0
288.0,89.0
353.0,288.0
401.0,288.0
436.0,288.0
495.0,288.0
581.0,288.0
623.0,288.0
644.0,288.0
646.0,288.0
653.0,288.0
727.0,288.0
784.0,288.0
809.0,288.0
855.0,288.0
923.0,288.0
289.0,40.0
289.0,61.0
289.0,136.0
289.0,154.0
289.0,167.0
289.0,264.0
507.0,289.0
562.0,289.0
571.0,289.0
599.0,289.0
695.0,289.0
720.0,289.0
888.0,289.0
290.0,132.0
389.0,290.0
415.0,290.0
503.0,290.0
506.0,290.0
602.0,290.0
749.0,290.0
826.0,290.0
893.0,290.0
894.0,290.0
897.0,290.0
291.0,101.0
291.0,126.0
291.0,158.0
291.0,163.0
291.0,202.0
444.0,291.0
486.0,291.0
515.0,291.0
676.0,291.0
834.0,291.0
978.0,291.0
292.0,54.0
292.0,291.0
328.0,292.0
332.0,292.0
628.0,292.0
664.0,292.0
693.0,292.0
705.0,292.0
838.0,292.0
850.0,292.0
933.0,292.0
934.0,292.0
293.0,81.0
293.0,99.0
293.0,196.0
454.0,293.0
557.0,293.0
566.0,293.0
657.0,293.0
696.0,293.0
770.0,293.0
938.0,293.0
959.0,293.0
294.0,0.0
304.0,294.0
308.0,294.0
580.0,294.0
643.0,294.0
854.0,294.0
855.0,294.0
938.0,294.0
972.0,294.0
295.0,76.0
295.0,78.0
504.0,295.0
517.0,295.0
574.0,295.0
614.0,295.0
671.0,295.0
752.0,295.0
864.0,295.0
296.0,44.0
296.0,92.0
472.0,296.0
490.0,296.0
551.0,296.0
678.0,296.0
736.0,296.0
898.0,296.0
970.0,296.0
297.0,137.0
297.0,166.0
297.0,177.0
297.0,281.0
297.0,282.0
449.0,297.0
503.0,297.0
579.0,297.0
750.0,297.0
842.0,297.0
920.0,297.0
924.0,297.0
958.0,297.0
972.0,297.0
298.0,115.0
298.0,124.0
475.0,298.0
502.0,298.0
543.0,298.0
555.0,298.0
608.0,298.0
614.0,298.0
679.0,298.0
826.0,298.0
299.0,217.0
299.0,287.0
343.0,299.0
365.0,299.0
415.0,299.0
574.0,299.0
592.0,299.0
687.0,299.0
840.0,299.0
841.0,299.0
890.0,299.0
300.0,211.0
348.0,300.0
439.0,300.0
478.0,300.0
613.0,300.0
715.0,300.0
833.0,300.0
899.0,300.0
954.0,300.0
301.0,137.0
301.0,213.0
301.0,230.0
301.0,233.0
302.0,301.0
343.0,301.0
404.0,301.0
451.0,301.0
460.0,301.0
550.0,301.0
682.0,301.0
754.0,301.0
789.0,301.0
866.0,301.0
894.0,301.0
917.0,301.0
947.0,301.0
302.0,85.0
302.0,99.0
302.0,175.0
302.0,222.0
302.0,274.0
423.0,302.0
429.0,302.0
458.0,302.0
486.0,302.0
590.0,302.0
717.0,302.0
833.0,302.0
895.0,302.0
303.0,170.0
303.0,189.0
303.0,276.0
384.0,303.0
397.0,303.0
597.0,303.0
605.0,303.0
721.0,303.0
737.0,303.0
787.0,303.0
799.0,303.0
806.0,303.0
897.0,303.0
915.0,303.0
304.0,132.0
304.0,147.0
304.0,152.0
304.0,170.0
304.0,235.0
361.0,304.0
362.0,304.0
480.0,304.0
511.0,304.0
733.0,304.0
788.0,304.0
803.0,304.0
835.0,304.0
969.0,304.0
982.0,304.0
305.0,248.0
609.0,305.0
739.0,305.0
773.0,305.0
906.0,305.0
306.0,132.0
306.0,248.0
459.0,306.0
543.0,306.0
629.0,306.0
649.0,306.0
707.0,306.0
814.0,306.0
917.0,306.0
960.0,306.0
983.0,306.0
307.0,14.0
307.0,169.0
307.0,235.0
370.0,307.0
716.0,307.0
722.0,307.0
850.0,307.0
931.0,307.0
972.0,307.0
308.0,108.0
308.0,202.0
409.0,308.0
434.0,308.0
461.0,308.0
570.0,308.0
575.0,308.0
602.0,308.0
614.0,308.0
660.0,308.0
690.0,308.0
788.0,308.0
947.0,308.0
309.0,8.0
309.0,60.0
309.0,120.0
353.0,309.0
361.0,309.0
453.0,309.0
462.0,309.0
466.0,309.0
599.0,309.0
620.0,309.0
720.0,309.0
728.0,309.0
814.0,309.0
836.0,309.0
864.0,309.0
952.0,309.0
310.0,199.0
310.0,252.0
348.0,310.0
362.0,310.0
466.0,310.0
469.0,310.0
496.0,310.0
513.0,310.0
571.0,310.0
601.0,310.0
627.0,310.0
651.0,310.0
734.0,310.0
741.0,310.0
984.0,310.0
311.0,83.0
313.0,311.0
342.0,311.0
378.0,311.0
426.0,311.0
513.0,311.0
627.0,311.0
654.0,311.0
729.0,311.0
803.0,311.0
818.0,311.0
835.0,311.0
842.0,311.0
915.0,311.0
923.0,311.0
928.0,311.0
951.0,311.0
960.0,311.0
312.0,77.0
312.0,106.0
312.0,117.0
312.0,283.0
375.0,312.0
550.0,312.0
617.0,312.0
778.0,312.0
809.0,312.0
885.0,312.0
313.0,75.0
313.0,188.0
313.0,259.0
314.0,313.0
394.0,313.0
461.0,313.0
469.0,313.0
593.0,313.0
624.0,313.0
789.0,313.0
833.0,313.0
846.0,313.0
941.0,313.0
314.0,115.0
314.0,145.0
378.0,314.0
499.0,314.0
533.0,314.0
561.0,314.0
586.0,314.0
619.0,314.0
647.0,314.0
745.0,314.0
315.0,298.0
387.0,315.0
419.0,315.0
466.0,315.0
572.0,315.0
590.0,315.0
838.0,315.0
954.0,315.0
316.0,109.0
316.0,121.0
316.0,184.0
316.0,257.0
556.0,316.0
564.0,316.0
655.0,316.0
818.0,316.0
837.0,316.0
840.0,316.0
906.0,316.0
960.0,316.0
985.0,316.0
317.0,7.0
317.0,217.0
395.0,317.0
578.0,317.0
680.0,317.0
714.0,317.0
788.0,317.0
318.0,120.0
318.0,150.0
318.0,159.0
318.0,241.0
421.0,318.0
509.0,318.0
539.0,318.0
551.0,318.0
593.0,318.0
647.0,318.0
766.0,318.0
786.0,318.0
803.0,318.0
820.0,318.0
984.0,318.0
319.0,15.0
319.0,184.0
319.0,239.0
319.0,305.0
349.0,319.0
590.0,319.0
628.0,319.0
817.0,319.0
320.0,10.0
320.0,202.0
321.0,320.0
466.0,320.0
579.0,320.0
680.0,320.0
712.0,320.0
777.0,320.0
809.0,320.0
858.0,320.0
898.0,320.0
321.0,117.0
321.0,166.0
321.0,189.0
340.0,321.0
440.0,321.0
492.0,321.0
555.0,321.0
901.0,321.0
922.0,321.0
322.0,25.0
322.0,33.0
322.0,37.0
322.0,54.0
322.0,55.0
325.0,322.0
552.0,322.0
566.0,322.0
606.0,322.0
639.0,322.0
675.0,322.0
762.0,322.0
820.0,322.0
857.0,322.0
950.0,322.0
323.0,14.0
323.0,21.0
323.0,165.0
323.0,175.0
323.0,194.0
323.0,222.0
323.0,223.0
323.0,250.0
323.0,310.0
483.0,323.0
510.0,323.0
661.0,323.0
759.0,323.0
799.0,323.0
914.0,323.0
929.0,323.0
324.0,49.0
378.0,324.0
441.0,324.0
468.0,324.0
571.0,324.0
651.0,324.0
682.0,324.0
735.0,324.0
774.0,324.0
879.0,324.0
914.0,324.0
965.0,324.0
325.0,2.0
325.0,33.0
325.0,125.0
325.0,137.0
325.0,142.0
325.0,202.0
325.0,207.0
325.0,215.0
325.0,267.0
325.0,319.0
444.0,325.0
475.0,325.0
553.0,325.0
871.0,325.0
326.0,108.0
326.0,112.0
326.0,189.0
326.0,219.0
326.0,319.0
343.0,326.0
446.0,326.0
447.0,326.0
455.0,326.0
490.0,326.0
512.0,326.0
526.0,326.0
528.0,326.0
552.0,326.0
673.0,326.0
689.0,326.0
810.0,326.0
876.0,326.0
946.0,326.0
327.0,4.0
327.0,58.0
327.0,116.0
327.0,177.0
327.0,292.0
337.0,327.0
367.0,327.0
426.0,327.0
451.0,327.0
737.0,327.0
843.0,327.0
937.0,327.0
944.0,327.0
952.0,327.0
959.0,327.0
965.0,327.0
328.0,122.0
328.0,160.0
328.0,288.0
328.0,312.0
412.0,328.0
541.0,328.0
574.0,328.0
728.0,328.0
779.0,328.0
329.0,27.0
329.0,34.0
329.0,49.0
329.0,99.0
375.0,329.0
664.0,329.0
687.0,329.0
745.0,329.0
810.0,329.0
873.0,329.0
942.0,329.0
958.0,329.0
966.0,329.0
330.0,19.0
330.0,96.0
330.0,99.0
330.0,195.0
330.0,288.0
377.0,330.0
528.0,330.0
691.0,330.0
855.0,330.0
964.0,330.0
967.0,330.0
331.0,0.0
331.0,18.0
331.0,108.0
331.0,124.0
331.0,216.0
331.0,316.0
504.0,331.0
548.0,331.0
674.0,331.0
819.0,331.0
842.0,331.0
869.0,331.0
882.0,331.0
332.0,1.0
332.0,30.0
563.0,332.0
726.0,332.0
946.0,332.0
333.0,37.0
468.0,333.0
582.0,333.0
727.0,333.0
730.0,333.0
853.0,333.0
865.0,333.0
390.0,334.0
602.0,334.0
750.0,334.0
948.0,334.0
983.0,334.0
335.0,34.0
335.0,61.0
335.0,63.0
335.0,152.0
335.0,297.0
335.0,321.0
449.0,335.0
496.0,335.0
523.0,335.0
599.0,335.0
614.0,335.0
780.0,335.0
336.0,274.0
336.0,300.0
450.0,336.0
512.0,336.0
528.0,336.0
671.0,336.0
712.0,336.0
920.0,336.0
931.0,336.0
337.0,10.0
337.0,129.0
337.0,224.0
352.0,337.0
438.0,337.0
464.0,337.0
524.0,337.0
658.0,337.0
660.0,337.0
685.0,337.0
726.0,337.0
830.0,337.0
890.0,337.0
900.0,337.0
420.0,338.0
492.0,338.0
509.0,338.0
593.0,338.0
697.0,338.0
792.0,338.0
339.0,93.0
339.0,136.0
339.0,167.0
339.0,185.0
339.0,216.0
339.0,300.0
446.0,339.0
517.0,339.0
734.0,339.0
737.0,339.0
789.0,339.0
835.0,339.0
843.0,339.0
965.0,339.0
340.0,33.0
340.0,136.0
340.0,145.0
340.0,199.0
340.0,321.0
340.0,338.0
539.0,340.0
721.0,340.0
739.0,340.0
951.0,340.0
341.0,132.0
341.0,273.0
341.0,294.0
352.0,341.0
449.0,341.0
457.0,341.0
708.0,341.0
722.0,341.0
757.0,341.0
802.0,341.0
822.0,341.0
849.0,341.0
876.0,341.0
894.0,341.0
902.0,341.0
958.0,341.0
342.0,38.0
342.0,43.0
432.0,342.0
524.0,342.0
758.0,342.0
829.0,342.0
969.0,342.0
343.0,11.0
343.0,54.0
343.0,156.0
343.0,200.0
343.0,212.0
375.0,343.0
390.0,343.0
410.0,343.0
421.0,343.0
509.0,343.0
546.0,343.0
566.0,343.0
575.0,343.0
638.0,343.0
717.0,343.0
768.0,343.0
816.0,343.0
823.0,343.0
842.0,343.0
851.0,343.0
896.0,343.0
929.0,343.0
344.0,6.0
344.0,79.0
344.0,216.0
344.0,228.0
344.0,265.0
344.0,317.0
396.0,344.0
453.0,344.0
495.0,344.0
497.0,344.0
613.0,344.0
614.0,344.0
654.0,344.0
808.0,344.0
968.0,344.0
345.0,176.0
375.0,345.0
478.0,345.0
526.0,345.0
597.0,345.0
704.0,345.0
891.0,345.0
346.0,48.0
346.0,172.0
346.0,295.0
435.0,346.0
483.0,346.0
540.0,346.0
549.0,346.0
559.0,346.0
619.0,346.0
672.0,346.0
794.0,346.0
895.0,346.0
940.0,346.0
347.0,203.0
347.0,298.0
460.0,347.0
529.0,347.0
564.0,347.0
640.0,347.0
716.0,347.0
731.0,347.0
734.0,347.0
857.0,347.0
348.0,2.0
348.0,140.0
348.0,173.0
348.0,226.0
348.0,283.0
348.0,285.0
348.0,288.0
355.0,348.0
422.0,348.0
478.0,348.0
556.0,348.0
644.0,348.0
650.0,348.0
737.0,348.0
743.0,348.0
773.0,348.0
799.0,348.0
907.0,348.0
349.0,12.0
349.0,215.0
349.0,226.0
349.0,256.0
630.0,349.0
654.0,349.0
715.0,349.0
719.0,349.0
919.0,349.0
350.0,5.0
350.0,217.0
350.0,275.0
350.0,308.0
380.0,350.0
452.0,350.0
564.0,350.0
597.0,350.0
731.0,350.0
755.0,350.0
858.0,350.0
351.0,78.0
351.0,98.0
351.0,173.0
351.0,335.0
351.0,344.0
457.0,351.0
502.0,351.0
520.0,351.0
583.0,351.0
657.0,351.0
663.0,351.0
691.0,351.0
947.0,351.0
352.0,151.0
352.0,209.0
352.0,215.0
352.0,244.0
352.0,245.0
352.0,247.0
352.0,350.0
359.0,352.0
486.0,352.0
741.0,352.0
750.0,352.0
924.0,352.0
968.0,352.0
979.0,352.0
353.0,69.0
353.0,110.0
353.0,181.0
353.0,194.0
353.0,197.0
353.0,325.0
363.0,353.0
388.0,353.0
407.0,353.0
444.0,353.0
626.0,353.0
684.0,353.0
915.0,353.0
354.0,120.0
354.0,166.0
354.0,180.0
354.0,217.0
354.0,306.0
437.0,354.0
593.0,354.0
637.0,354.0
656.0,354.0
671.0,354.0
773.0,354.0
813.0,354.0
839.0,354.0
906.0,354.0
960.0,354.0
355.0,323.0
355.0,330.0
355.0,351.0
367.0,355.0
418.0,355.0
426.0,355.0
565.0,355.0
585.0,355.0
707.0,355.0
713.0,355.0
720.0,355.0
744.0,355.0
356.0,144.0
356.0,174.0
356.0,278.0
356.0,299.0
570.0,356.0
595.0,356.0
615.0,356.0
655.0,356.0
673.0,356.0
694.0,356.0
695.0,356.0
733.0,356.0
783.0,356.0
798.0,356.0
810.0,356.0
957.0,356.0
357.0,187.0
357.0,221.0
357.0,281.0
357.0,330.0
419.0,357.0
462.0,357.0
518.0,357.0
528.0,357.0
607.0,357.0
682.0,357.0
844.0,357.0
847.0,357.0
937.0,357.0
964.0,357.0
358.0,6.0
358.0,53.0
358.0,76.0
358.0,134.0
358.0,158.0
397.0,358.0
495.0,358.0
571.0,358.0
742.0,358.0
952.0,358.0
359.0,31.0
359.0,100.0
359.0,129.0
359.0,220.0
359.0,256.0
359.0,263.0
359.0,293.0
541.0,359.0
578.0,359.0
618.0,359.0
685.0,359.0
735.0,359.0
855.0,359.0
360.0,39.0
360.0,71.0
360.0,192.0
360.0,338.0
423.0,360.0
549.0,360.0
579.0,360.0
639.0,360.0
715.0,360.0
801.0,360.0
836.0,360.0
361.0,1.0
361.0,170.0
361.0,183.0
361.0,284.0
371.0,361.0
389.0,361.0
553.0,361.0
599.0,361.0
651.0,361.0
738.0,361.0
766.0,361.0
775.0,361.0
939.0,361.0
362.0,3.0
362.0,36.0
362.0,46.0
362.0,94.0
362.0,132.0
362.0,181.0
362.0,204.0
362.0,228.0
362.0,267.0
362.0,327.0
383.0,362.0
410.0,362.0
432.0,362.0
551.0,362.0
580.0,362.0
583.0,362.0
663.0,362.0
667.0,362.0
695.0,362.0
764.0,362.0
860.0,362.0
884.0,362.0
942.0,362.0
954.0,362.0
363.0,9.0
363.0,26.0
363.0,89.0
363.0,221.0
363.0,322.0
363.0,324.0
420.0,363.0
539.0,363.0
563.0,363.0
679.0,363.0
794.0,363.0
836.0,363.0
364.0,21.0
364.0,85.0
364.0,184.0
364.0,243.0
364.0,308.0
364.0,317.0
364.0,325.0
490.0,364.0
644.0,364.0
730.0,364.0
785.0,364.0
793.0,364.0
900.0,364.0
951.0,364.0
365.0,7.0
365.0,23.0
365.0,44.0
365.0,204.0
365.0,210.0
365.0,356.0
388.0,365.0
429.0,365.0
533.0,365.0
557.0,365.0
624.0,365.0
818.0,365.0
826.0,365.0
886.0,365.0
904.0,365.0
916.0,365.0
366.0,142.0
366.0,224.0
394.0,366.0
398.0,366.0
446.0,366.0
493.0,366.0
943.0,366.0
958.0,366.0
979.0,366.0
367.0,284.0
367.0,364.0
510.0,367.0
518.0,367.0
526.0,367.0
597.0,367.0
610.0,367.0
709.0,367.0
802.0,367.0
838.0,367.0
922.0,367.0
967.0,367.0
368.0,101.0
368.0,170.0
368.0,190.0
368.0,198.0
368.0,220.0
368.0,259.0
368.0,263.0
608.0,368.0
860.0,368.0
871.0,368.0
879.0,368.0
369.0,120.0
369.0,243.0
369.0,320.0
407.0,369.0
427.0,369.0
450.0,369.0
671.0,369.0
731.0,369.0
370.0,72.0
370.0,341.0
434.0,370.0
772.0,370.0
792.0,370.0
371.0,148.0
371.0,200.0
459.0,371.0
577.0,371.0
700.0,371.0
703.0,371.0
762.0,371.0
894.0,371.0
903.0,371.0
904.0,371.0
931.0,371.0
949.0,371.0
963.0,371.0
372.0,113.0
400.0,372.0
848.0,372.0
976.0,372.0
373.0,156.0
388.0,373.0
481.0,373.0
510.0,373.0
687.0,373.0
697.0,373.0
703.0,373.0
810.0,373.0
975.0,373.0
374.0,2.0
374.0,153.0
374.0,167.0
579.0,374.0
862.0,374.0
375.0,24.0
375.0,195.0
375.0,215.0
375.0,256.0
375.0,289.0
545.0,375.0
559.0,375.0
744.0,375.0
855.0,375.0
376.0,87.0
376.0,99.0
376.0,185.0
376.0,189.0
376.0,202.0
376.0,204.0
376.0,272.0
376.0,356.0
377.0,376.0
538.0,376.0
556.0,376.0
584.0,376.0
620.0,376.0
654.0,376.0
667.0,376.0
733.0,376.0
741.0,376.0
800.0,376.0
816.0,376.0
892.0,376.0
377.0,1.0
377.0,104.0
377.0,244.0
377.0,283.0
377.0,346.0
377.0,354.0
422.0,377.0
550.0,377.0
628.0,377.0
738.0,377.0
796.0,377.0
963.0,377.0
378.0,86.0
378.0,99.0
378.0,134.0
378.0,194.0
378.0,202.0
378.0,216.0
378.0,347.0
378.0,369.0
475.0,378.0
502.0,378.0
717.0,378.0
784.0,378.0
786.0,378.0
821.0,378.0
838.0,378.0
841.0,378.0
852.0,378.0
857.0,378.0
865.0,378.0
903.0,378.0
905.0,378.0
919.0,378.0
379.0,151.0
440.0,379.0
502.0,379.0
515.0,379.0
576.0,379.0
731.0,379.0
789.0,379.0
840.0,379.0
867.0,379.0
887.0,379.0
380.0,8.0
380.0,123.0
380.0,160.0
380.0,278.0
469.0,380.0
482.0,380.0
542.0,380.0
759.0,380.0
883.0,380.0
973.0,380.0
381.0,89.0
381.0,171.0
381.0,185.0
381.0,272.0
381.0,292.0
381.0,301.0
381.0,304.0
381.0,331.0
381.0,334.0
399.0,381.0
422.0,381.0
458.0,381.0
551.0,381.0
593.0,381.0
594.0,381.0
656.0,381.0
707.0,381.0
708.0,381.0
756.0,381.0
784.0,381.0
968.0,381.0
972.0,381.0
382.0,57.0
382.0,89.0
382.0,295.0
382.0,373.0
382.0,377.0
480.0,382.0
555.0,382.0
574.0,382.0
755.0,382.0
853.0,382.0
917.0,382.0
383.0,141.0
383.0,195.0
383.0,210.0
550.0,383.0
611.0,383.0
679.0,383.0
702.0,383.0
724.0,383.0
790.0,383.0
797.0,383.0
809.0,383.0
968.0,383.0
384.0,24.0
384.0,151.0
384.0,184.0
409.0,384.0
499.0,384.0
549.0,384.0
550.0,384.0
660.0,384.0
702.0,384.0
787.0,384.0
385.0,19.0
385.0,174.0
385.0,231.0
385.0,297.0
385.0,299.0
385.0,308.0
385.0,350.0
627.0,385.0
672.0,385.0
740.0,385.0
782.0,385.0
801.0,385.0
833.0,385.0
386.0,122.0
386.0,270.0
439.0,386.0
548.0,386.0
579.0,386.0
793.0,386.0
894.0,386.0
387.0,4.0
387.0,39.0
387.0,269.0
387.0,340.0
387.0,355.0
533.0,387.0
640.0,387.0
826.0,387.0
847.0,387.0
868.0,387.0
968.0,387.0
388.0,63.0
388.0,101.0
388.0,234.0
388.0,306.0
388.0,313.0
388.0,316.0
596.0,388.0
668.0,388.0
861.0,388.0
933.0,388.0
951.0,388.0
389.0,77.0
389.0,84.0
389.0,114.0
389.0,251.0
389.0,313.0
401.0,389.0
473.0,389.0
694.0,389.0
736.0,389.0
749.0,389.0
758.0,389.0
807.0,389.0
861.0,389.0
876.0,389.0
926.0,389.0
977.0,389.0
390.0,37.0
390.0,116.0
390.0,307.0
435.0,390.0
508.0,390.0
528.0,390.0
611.0,390.0
800.0,390.0
875.0,390.0
391.0,60.0
391.0,185.0
391.0,204.0
519.0,391.0
699.0,391.0
874.0,391.0
955.0,391.0
956.0,391.0
392.0,132.0
392.0,163.0
601.0,392.0
611.0,392.0
393.0,119.0
393.0,246.0
534.0,393.0
536.0,393.0
629.0,393.0
656.0,393.0
765.0,393.0
844.0,393.0
899.0,393.0
971.0,393.0
394.0,12.0
394.0,61.0
394.0,288.0
524.0,394.0
530.0,394.0
621.0,394.0
698.0,394.0
731.0,394.0
759.0,394.0
773.0,394.0
826.0,394.0
395.0,42.0
395.0,146.0
395.0,153.0
395.0,243.0
395.0,356.0
395.0,383.0
485.0,395.0
552.0,395.0
565.0,395.0
793.0,395.0
396.0,31.0
396.0,75.0
396.0,127.0
396.0,128.0
396.0,152.0
396.0,204.0
499.0,396.0
597.0,396.0
598.0,396.0
826.0,396.0
397.0,1.0
397.0,83.0
397.0,99.0
397.0,104.0
397.0,118.0
397.0,120.0
397.0,323.0
493.0,397.0
508.0,397.0
631.0,397.0
653.0,397.0
677.0,397.0
686.0,397.0
796.0,397.0
820.0,397.0
892.0,397.0
398.0,52.0
398.0,255.0
398.0,351.0
633.0,398.0
645.0,398.0
668.0,398.0
679.0,398.0
690.0,398.0
819.0,398.0
820.0,398.0
876.0,398.0
877.0,398.0
942.0,398.0
399.0,26.0
399.0,261.0
399.0,317.0
405.0,399.0
419.0,399.0
468.0,399.0
597.0,399.0
400.0,6.0
400.0,72.0
400.0,168.0
400.0,179.0
400.0,226.0
482.0,400.0
492.0,400.0
534.0,400.0
726.0,400.0
773.0,400.0
944.0,400.0
401.0,29.0
401.0,199.0
401.0,226.0
466.0,401.0
506.0,401.0
516.0,401.0
602.0,401.0
714.0,401.0
763.0,401.0
920.0,401.0
402.0,5.0
402.0,147.0
402.0,227.0
402.0,283.0
422.0,402.0
488.0,402.0
539.0,402.0
695.0,402.0
726.0,402.0
727.0,402.0
761.0,402.0
971.0,402.0
403.0,136.0
403.0,289.0
403.0,324.0
403.0,349.0
403.0,402.0
432.0,403.0
474.0,403.0
549.0,403.0
610.0,403.0
634.0,403.0
762.0,403.0
404.0,22.0
404.0,158.0
404.0,228.0
510.0,404.0
540.0,404.0
575.0,404.0
632.0,404.0
678.0,404.0
730.0,404.0
918.0,404.0
405.0,65.0
405.0,75.0
405.0,116.0
405.0,235.0
405.0,292.0
405.0,345.0
405.0,391.0
452.0,405.0
521.0,405.0
582.0,405.0
737.0,405.0
843.0,405.0
943.0,405.0
973.0,405.0
406.0,9.0
406.0,41.0
406.0,93.0
406.0,247.0
406.0,329.0
410.0,406.0
574.0,406.0
604.0,406.0
719.0,406.0
867.0,406.0
925.0,406.0
949.0,406.0
407.0,75.0
407.0,171.0
407.0,321.0
524.0,407.0
591.0,407.0
601.0,407.0
645.0,407.0
730.0,407.0
749.0,407.0
807.0,407.0
853.0,407.0
909.0,407.0
978.0,407.0
408.0,157.0
408.0,167.0
408.0,251.0
408.0,332.0
450.0,408.0
484.0,408.0
505.0,408.0
515.0,408.0
695.0,408.0
710.0,408.0
763.0,408.0
852.0,408.0
916.0,408.0
409.0,18.0
409.0,45.0
409.0,125.0
409.0,246.0
409.0,300.0
409.0,342.0
432.0,409.0
464.0,409.0
512.0,409.0
519.0,409.0
646.0,409.0
704.0,409.0
721.0,409.0
855.0,409.0
879.0,409.0
905.0,409.0
410.0,64.0
410.0,83.0
410.0,272.0
410.0,406.0
508.0,410.0
525.0,410.0
531.0,410.0
612.0,410.0
684.0,410.0
726.0,410.0
807.0,410.0
852.0,410.0
934.0,410.0
411.0,51.0
411.0,78.0
411.0,236.0
411.0,237.0
411.0,349.0
537.0,411.0
679.0,411.0
816.0,411.0
860.0,411.0
928.0,411.0
412.0,41.0
412.0,210.0
412.0,304.0
776.0,412.0
898.0,412.0
914.0,412.0
413.0,69.0
413.0,116.0
413.0,164.0
413.0,174.0
413.0,194.0
413.0,208.0
413.0,272.0
413.0,273.0
413.0,403.0
420.0,413.0
546.0,413.0
627.0,413.0
700.0,413.0
743.0,413.0
414.0,96.0
414.0,131.0
414.0,199.0
414.0,256.0
414.0,278.0
414.0,377.0
760.0,414.0
772.0,414.0
914.0,414.0
415.0,56.0
415.0,191.0
415.0,198.0
415.0,207.0
415.0,251.0
415.0,273.0
415.0,307.0
445.0,415.0
519.0,415.0
641.0,415.0
740.0,415.0
747.0,415.0
899.0,415.0
932.0,415.0
974.0,415.0
416.0,18.0
416.0,147.0
416.0,179.0
416.0,330.0
416.0,341.0
416.0,350.0
450.0,416.0
510.0,416.0
649.0,416.0
675.0,416.0
747.0,416.0
768.0,416.0
834.0,416.0
899.0,416.0
417.0,222.0
417.0,223.0
417.0,308.0
426.0,417.0
503.0,417.0
656.0,417.0
664.0,417.0
677.0,417.0
859.0,417.0
964.0,417.0
418.0,154.0
418.0,240.0
418.0,291.0
418.0,375.0
450.0,418.0
488.0,418.0
711.0,418.0
723.0,418.0
762.0,418.0
813.0,418.0
820.0,418.0
821.0,418.0
831.0,418.0
916.0,418.0
921.0,418.0
934.0,418.0
419.0,32.0
419.0,110.0
419.0,151.0
419.0,284.0
419.0,285.0
473.0,419.0
671.0,419.0
682.0,419.0
862.0,419.0
908.0,419.0
913.0,419.0
420.0,52.0
420.0,288.0
420.0,297.0
420.0,305.0
420.0,394.0
420.0,396.0
457.0,420.0
464.0,420.0
472.0,420.0
554.0,420.0
571.0,420.0
591.0,420.0
636.0,420.0
694.0,420.0
783.0,420.0
937.0,420.0
421.0,190.0
421.0,216.0
421.0,313.0
421.0,324.0
421.0,410.0
796.0,421.0
875.0,421.0
981.0,421.0
422.0,58.0
422.0,109.0
422.0,384.0
462.0,422.0
522.0,422.0
604.0,422.0
659.0,422.0
719.0,422.0
762.0,422.0
880.0,422.0
976.0,422.0
423.0,15.0
423.0,53.0
423.0,67.0
423.0,177.0
423.0,268.0
423.0,325.0
427.0,423.0
452.0,423.0
461.0,423.0
537.0,423.0
542.0,423.0
650.0,423.0
692.0,423.0
720.0,423.0
864.0,423.0
909.0,423.0
937.0,423.0
424.0,69.0
424.0,423.0
438.0,424.0
484.0,424.0
493.0,424.0
530.0,424.0
548.0,424.0
560.0,424.0
708.0,424.0
828.0,424.0
882.0,424.0
956.0,424.0
425.0,80.0
425.0,83.0
425.0,133.0
425.0,287.0
425.0,290.0
425.0,398.0
445.0,425.0
602.0,425.0
617.0,425.0
648.0,425.0
677.0,425.0
699.0,425.0
781.0,425.0
832.0,425.0
852.0,425.0
883.0,425.0
906.0,425.0
925.0,425.0
927.0,425.0
426.0,91.0
426.0,104.0
426.0,125.0
426.0,187.0
426.0,294.0
426.0,372.0
426.0,407.0
532.0,426.0
638.0,426.0
711.0,426.0
750.0,426.0
765.0,426.0
780.0,426.0
427.0,5.0
427.0,17.0
427.0,73.0
427.0,190.0
427.0,207.0
427.0,243.0
427.0,316.0
427.0,317.0
526.0,427.0
605.0,427.0
636.0,427.0
822.0,427.0
936.0,427.0
428.0,144.0
428.0,341.0
473.0,428.0
589.0,428.0
602.0,428.0
731.0,428.0
793.0,428.0
429.0,278.0
429.0,298.0
429.0,334.0
492.0,429.0
734.0,429.0
758.0,429.0
761.0,429.0
772.0,429.0
430.0,138.0
430.0,155.0
430.0,178.0
430.0,309.0
536.0,430.0
743.0,430.0
785.0,430.0
431.0,109.0
431.0,138.0
431.0,170.0
431.0,295.0
431.0,313.0
505.0,431.0
564.0,431.0
702.0,431.0
715.0,431.0
765.0,431.0
773.0,431.0
809.0,431.0
432.0,23.0
432.0,118.0
432.0,244.0
432.0,324.0
432.0,335.0
432.0,370.0
432.0,381.0
523.0,432.0
574.0,432.0
598.0,432.0
710.0,432.0
840.0,432.0
858.0,432.0
930.0,432.0
433.0,4.0
433.0,5.0
433.0,42.0
433.0,70.0
433.0,148.0
433.0,157.0
433.0,226.0
433.0,319.0
433.0,342.0
433.0,379.0
433.0,423.0
504.0,433.0
546.0,433.0
564.0,433.0
876.0,433.0
908.0,433.0
912.0,433.0
434.0,18.0
434.0,42.0
434.0,228.0
613.0,434.0
808.0,434.0
814.0,434.0
825.0,434.0
842.0,434.0
963.0,434.0
971.0,434.0
435.0,122.0
534.0,435.0
617.0,435.0
759.0,435.0
436.0,3.0
436.0,100.0
436.0,327.0
487.0,436.0
545.0,436.0
576.0,436.0
648.0,436.0
711.0,436.0
718.0,436.0
761.0,436.0
800.0,436.0
979.0,436.0
437.0,52.0
437.0,53.0
437.0,110.0
437.0,203.0
437.0,211.0
437.0,217.0
437.0,271.0
437.0,331.0
437.0,348.0
490.0,437.0
579.0,437.0
588.0,437.0
625.0,437.0
693.0,437.0
762.0,437.0
793.0,437.0
438.0,256.0
438.0,277.0
438.0,353.0
456.0,438.0
484.0,438.0
528.0,438.0
439.0,25.0
439.0,36.0
439.0,71.0
439.0,302.0
443.0,439.0
453.0,439.0
455.0,439.0
732.0,439.0
775.0,439.0
821.0,439.0
887.0,439.0
894.0,439.0
440.0,125.0
440.0,152.0
440.0,205.0
440.0,420.0
559.0,440.0
689.0,440.0
701.0,440.0
757.0,440.0
787.0,440.0
892.0,440.0
913.0,440.0
441.0,314.0
441.0,333.0
441.0,413.0
445.0,441.0
649.0,441.0
684.0,441.0
831.0,441.0
442.0,142.0
442.0,150.0
442.0,170.0
442.0,191.0
442.0,280.0
442.0,310.0
442.0,402.0
526.0,442.0
586.0,442.0
604.0,442.0
755.0,442.0
909.0,442.0
940.0,442.0
443.0,53.0
443.0,112.0
443.0,155.0
443.0,333.0
461.0,443.0
471.0,443.0
478.0,443.0
628.0,443.0
702.0,443.0
979.0,443.0
444.0,144.0
444.0,178.0
444.0,221.0
444.0,257.0
444.0,337.0
444.0,354.0
444.0,421.0
486.0,444.0
493.0,444.0
587.0,444.0
699.0,444.0
445.0,36.0
445.0,176.0
445.0,183.0
445.0,317.0
445.0,390.0
458.0,445.0
709.0,445.0
712.0,445.0
762.0,445.0
885.0,445.0
446.0,38.0
446.0,54.0
446.0,124.0
446.0,309.0
446.0,317.0
454.0,446.0
475.0,446.0
522.0,446.0
595.0,446.0
643.0,446.0
657.0,446.0
730.0,446.0
781.0,446.0
829.0,446.0
854.0,446.0
868.0,446.0
892.0,446.0
941.0,446.0
447.0,40.0
447.0,184.0
447.0,275.0
447.0,332.0
447.0,393.0
484.0,447.0
498.0,447.0
528.0,447.0
795.0,447.0
842.0,447.0
953.0,447.0
448.0,41.0
448.0,54.0
448.0,56.0
448.0,102.0
448.0,173.0
448.0,230.0
479.0,448.0
515.0,448.0
533.0,448.0
596.0,448.0
669.0,448.0
697.0,448.0
714.0,448.0
719.0,448.0
826.0,448.0
866.0,448.0
896.0,448.0
449.0,32.0
449.0,50.0
449.0,64.0
449.0,188.0
449.0,194.0
449.0,218.0
449.0,412.0
449.0,428.0
449.0,437.0
715.0,449.0
821.0,449.0
848.0,449.0
866.0,449.0
870.0,449.0
875.0,449.0
894.0,449.0
910.0,449.0
927.0,449.0
450.0,58.0
450.0,144.0
450.0,193.0
450.0,234.0
450.0,370.0
494.0,450.0
569.0,450.0
596.0,450.0
655.0,450.0
676.0,450.0
690.0,450.0
709.0,450.0
743.0,450.0
451.0,27.0
451.0,102.0
451.0,137.0
451.0,245.0
451.0,300.0
451.0,306.0
606.0,451.0
452.0,112.0
452.0,211.0
452.0,270.0
452.0,307.0
452.0,355.0
452.0,371.0
452.0,376.0
468.0,452.0
501.0,452.0
731.0,452.0
825.0,452.0
869.0,452.0
453.0,16.0
453.0,25.0
453.0,44.0
453.0,153.0
453.0,215.0
453.0,277.0
453.0,323.0
453.0,425.0
453.0,445.0
559.0,453.0
575.0,453.0
605.0,453.0
655.0,453.0
773.0,453.0
816.0,453.0
859.0,453.0
889.0,453.0
454.0,42.0
454.0,84.0
454.0,195.0
454.0,417.0
562.0,454.0
931.0,454.0
947.0,454.0
455.0,75.0
455.0,112.0
455.0,194.0
455.0,309.0
455.0,317.0
455.0,338.0
528.0,455.0
605.0,455.0
789.0,455.0
956.0,455.0
456.0,51.0
456.0,99.0
494.0,456.0
564.0,456.0
644.0,456.0
850.0,456.0
457.0,28.0
457.0,100.0
457.0,111.0
457.0,116.0
457.0,118.0
457.0,136.0
457.0,162.0
457.0,416.0
457.0,452.0
546.0,457.0
549.0,457.0
561.0,457.0
712.0,457.0
740.0,457.0
785.0,457.0
849.0,457.0
458.0,200.0
458.0,253.0
458.0,433.0
560.0,458.0
617.0,458.0
868.0,458.0
972.0,458.0
459.0,46.0
459.0,169.0
459.0,264.0
459.0,407.0
459.0,451.0
459.0,452.0
515.0,459.0
530.0,459.0
595.0,459.0
641.0,459.0
717.0,459.0
731.0,459.0
749.0,459.0
781.0,459.0
829.0,459.0
933.0,459.0
958.0,459.0
460.0,91.0
460.0,249.0
460.0,358.0
485.0,460.0
512.0,460.0
529.0,460.0
590.0,460.0
646.0,460.0
678.0,460.0
684.0,460.0
796.0,460.0
882.0,460.0
980.0,460.0
461.0,11.0
461.0,49.0
461.0,60.0
461.0,63.0
461.0,68.0
461.0,81.0
461.0,129.0
461.0,150.0
461.0,198.0
461.0,261.0
461.0,382.0
461.0,431.0
615.0,461.0
703.0,461.0
861.0,461.0
945.0,461.0
462.0,38.0
462.0,276.0
580.0,462.0
666.0,462.0
671.0,462.0
772.0,462.0
974.0,462.0
981.0,462.0
463.0,87.0
463.0,126.0
463.0,210.0
463.0,359.0
500.0,463.0
530.0,463.0
562.0,463.0
565.0,463.0
674.0,463.0
687.0,463.0
783.0,463.0
820.0,463.0
965.0,463.0
464.0,17.0
464.0,92.0
464.0,141.0
464.0,382.0
464.0,399.0
464.0,408.0
641.0,464.0
676.0,464.0
837.0,464.0
873.0,464.0
956.0,464.0
963.0,464.0
465.0,3.0
465.0,322.0
465.0,326.0
465.0,374.0
465.0,434.0
554.0,465.0
563.0,465.0
572.0,465.0
576.0,465.0
720.0,465.0
753.0,465.0
877.0,465.0
942.0,465.0
944.0,465.0
466.0,22.0
466.0,31.0
466.0,142.0
466.0,151.0
466.0,242.0
466.0,279.0
466.0,283.0
466.0,351.0
466.0,355.0
466.0,446.0
466.0,465.0
499.0,466.0
554.0,466.0
591.0,466.0
705.0,466.0
730.0,466.0
979.0,466.0
467.0,135.0
467.0,162.0
467.0,272.0
467.0,315.0
467.0,362.0
467.0,451.0
467.0,455.0
494.0,467.0
504.0,467.0
508.0,467.0
554.0,467.0
672.0,467.0
810.0,467.0
926.0,467.0
928.0,467.0
936.0,467.0
952.0,467.0
468.0,38.0
468.0,113.0
468.0,130.0
468.0,215.0
468.0,234.0
468.0,343.0
468.0,344.0
468.0,383.0
468.0,401.0
575.0,468.0
658.0,468.0
675.0,468.0
682.0,468.0
693.0,468.0
840.0,468.0
469.0,57.0
469.0,222.0
469.0,331.0
496.0,469.0
531.0,469.0
544.0,469.0
640.0,469.0
769.0,469.0
880.0,469.0
897.0,469.0
953.0,469.0
470.0,212.0
470.0,247.0
470.0,256.0
470.0,306.0
470.0,348.0
470.0,419.0
470.0,448.0
470.0,456.0
546.0,470.0
607.0,470.0
609.0,470.0
623.0,470.0
667.0,470.0
850.0,470.0
884.0,470.0
908.0,470.0
471.0,12.0
471.0,101.0
471.0,136.0
471.0,328.0
471.0,339.0
471.0,445.0
558.0,471.0
604.0,471.0
663.0,471.0
736.0,471.0
771.0,471.0
809.0,471.0
866.0,471.0
893.0,471.0
472.0,40.0
472.0,62.0
472.0,130.0
472.0,138.0
472.0,184.0
472.0,363.0
498.0,472.0
595.0,472.0
705.0,472.0
708.0,472.0
867.0,472.0
906.0,472.0
963.0,472.0
500.0,473.0
550.0,473.0
575.0,473.0
721.0,473.0
762.0,473.0
474.0,270.0
474.0,309.0
474.0,329.0
511.0,474.0
667.0,474.0
715.0,474.0
752.0,474.0
799.0,474.0
873.0,474.0
475.0,25.0
475.0,53.0
475.0,228.0
475.0,402.0
475.0,410.0
683.0,475.0
684.0,475.0
709.0,475.0
766.0,475.0
814.0,475.0
476.0,119.0
476.0,170.0
476.0,184.0
476.0,193.0
476.0,198.0
476.0,258.0
476.0,342.0
531.0,476.0
565.0,476.0
661.0,476.0
677.0,476.0
699.0,476.0
877.0,476.0
881.0,476.0
904.0,476.0
477.0,18.0
477.0,76.0
477.0,92.0
477.0,123.0
477.0,225.0
480.0,477.0
719.0,477.0
738.0,477.0
755.0,477.0
763.0,477.0
861.0,477.0
979.0,477.0
478.0,40.0
478.0,181.0
503.0,478.0
629.0,478.0
660.0,478.0
783.0,478.0
803.0,478.0
891.0,478.0
902.0,478.0
923.0,478.0
479.0,88.0
479.0,141.0
479.0,252.0
479.0,287.0
479.0,311.0
479.0,372.0
479.0,444.0
494.0,479.0
548.0,479.0
701.0,479.0
713.0,479.0
799.0,479.0
480.0,13.0
480.0,94.0
480.0,179.0
480.0,226.0
480.0,277.0
480.0,429.0
480.0,479.0
589.0,480.0
653.0,480.0
728.0,480.0
763.0,480.0
878.0,480.0
894.0,480.0
915.0,480.0
481.0,106.0
481.0,146.0
481.0,311.0
481.0,449.0
548.0,481.0
680.0,481.0
770.0,481.0
795.0,481.0
828.0,481.0
884.0,481.0
924.0,481.0
936.0,481.0
482.0,45.0
482.0,248.0
482.0,265.0
482.0,271.0
482.0,275.0
482.0,333.0
482.0,369.0
482.0,447.0
497.0,482.0
553.0,482.0
674.0,482.0
698.0,482.0
719.0,482.0
741.0,482.0
779.0,482.0
793.0,482.0
807.0,482.0
855.0,482.0
866.0,482.0
985.0,482.0
483.0,103.0
483.0,114.0
483.0,240.0
483.0,356.0
719.0,483.0
724.0,483.0
782.0,483.0
843.0,483.0
484.0,202.0
484.0,338.0
484.0,403.0
484.0,465.0
503.0,484.0
597.0,484.0
770.0,484.0
774.0,484.0
857.0,484.0
862.0,484.0
485.0,151.0
485.0,169.0
485.0,397.0
485.0,435.0
485.0,438.0
485.0,443.0
486.0,485.0
508.0,485.0
632.0,485.0
637.0,485.0
689.0,485.0
715.0,485.0
952.0,485.0
486.0,29.0
486.0,46.0
486.0,113.0
486.0,210.0
486.0,272.0
486.0,341.0
486.0,374.0
486.0,399.0
486.0,470.0
557.0,486.0
648.0,486.0
722.0,486.0
487.0,50.0
487.0,73.0
487.0,84.0
487.0,90.0
487.0,168.0
487.0,266.0
487.0,371.0
487.0,385.0
487.0,441.0
487.0,472.0
516.0,487.0
703.0,487.0
763.0,487.0
772.0,487.0
910.0,487.0
940.0,487.0
488.0,14.0
488.0,217.0
488.0,321.0
488.0,469.0
555.0,488.0
762.0,488.0
813.0,488.0
828.0,488.0
901.0,488.0
905.0,488.0
489.0,81.0
489.0,94.0
489.0,125.0
489.0,154.0
489.0,156.0
489.0,303.0
489.0,308.0
489.0,476.0
489.0,485.0
532.0,489.0
587.0,489.0
648.0,489.0
746.0,489.0
768.0,489.0
806.0,489.0
830.0,489.0
887.0,489.0
946.0,489.0
953.0,489.0
490.0,9.0
490.0,46.0
490.0,128.0
490.0,134.0
490.0,199.0
490.0,219.0
490.0,307.0
490.0,349.0
490.0,471.0
499.0,490.0
517.0,490.0
610.0,490.0
717.0,490.0
918.0,490.0
491.0,152.0
491.0,173.0
491.0,212.0
491.0,259.0
491.0,279.0
491.0,341.0
491.0,353.0
491.0,389.0
645.0,491.0
770.0,491.0
822.0,491.0
919.0,491.0
492.0,117.0
492.0,381.0
569.0,492.0
601.0,492.0
707.0,492.0
773.0,492.0
493.0,67.0
493.0,119.0
493.0,137.0
493.0,139.0
493.0,208.0
493.0,272.0
493.0,425.0
493.0,469.0
495.0,493.0
555.0,493.0
705.0,493.0
732.0,493.0
800.0,493.0
842.0,493.0
862.0,493.0
865.0,493.0
494.0,5.0
494.0,14.0
494.0,126.0
494.0,154.0
494.0,344.0
494.0,408.0
494.0,429.0
494.0,480.0
510.0,494.0
567.0,494.0
725.0,494.0
745.0,494.0
784.0,494.0
827.0,494.0
495.0,279.0
495.0,336.0
495.0,358.0
495.0,437.0
495.0,478.0
579.0,495.0
661.0,495.0
700.0,495.0
896.0,495.0
928.0,495.0
967.0,495.0
978.0,495.0
496.0,29.0
496.0,176.0
496.0,227.0
496.0,316.0
496.0,357.0
512.0,496.0
581.0,496.0
598.0,496.0
717.0,496.0
880.0,496.0
886.0,496.0
930.0,496.0
980.0,496.0
497.0,44.0
497.0,275.0
497.0,291.0
497.0,328.0
497.0,412.0
497.0,415.0
817.0,497.0
951.0,497.0
963.0,497.0
970.0,497.0
498.0,44.0
498.0,212.0
498.0,278.0
498.0,297.0
498.0,391.0
498.0,441.0
531.0,498.0
630.0,498.0
654.0,498.0
828.0,498.0
831.0,498.0
898.0,498.0
499.0,73.0
499.0,90.0
499.0,105.0
499.0,189.0
499.0,247.0
499.0,259.0
499.0,385.0
499.0,428.0
499.0,496.0
502.0,499.0
530.0,499.0
593.0,499.0
614.0,499.0
719.0,499.0
726.0,499.0
741.0,499.0
916.0,499.0
500.0,144.0
500.0,223.0
500.0,239.0
500.0,245.0
500.0,437.0
613.0,500.0
713.0,500.0
743.0,500.0
762.0,500.0
832.0,500.0
873.0,500.0
501.0,29.0
501.0,145.0
501.0,288.0
501.0,296.0
501.0,340.0
501.0,399.0
501.0,480.0
501.0,486.0
514.0,501.0
633.0,501.0
724.0,501.0
731.0,501.0
908.0,501.0
502.0,20.0
502.0,280.0
635.0,502.0
734.0,502.0
763.0,502.0
870.0,502.0
879.0,502.0
889.0,502.0
961.0,502.0
968.0,502.0
503.0,5.0
503.0,17.0
503.0,37.0
503.0,112.0
503.0,171.0
503.0,256.0
503.0,278.0
503.0,285.0
503.0,368.0
503.0,408.0
576.0,503.0
718.0,503.0
756.0,503.0
760.0,503.0
861.0,503.0
894.0,503.0
903.0,503.0
962.0,503.0
504.0,35.0
504.0,87.0
504.0,154.0
504.0,175.0
504.0,299.0
504.0,307.0
576.0,504.0
681.0,504.0
732.0,504.0
757.0,504.0
765.0,504.0
899.0,504.0
926.0,504.0
505.0,14.0
505.0,160.0
505.0,193.0
505.0,392.0
505.0,420.0
638.0,505.0
666.0,505.0
804.0,505.0
856.0,505.0
891.0,505.0
912.0,505.0
506.0,29.0
506.0,172.0
506.0,303.0
506.0,374.0
515.0,506.0
720.0,506.0
744.0,506.0
834.0,506.0
953.0,506.0
507.0,12.0
507.0,136.0
507.0,169.0
507.0,208.0
507.0,210.0
507.0,247.0
507.0,273.0
507.0,366.0
507.0,415.0
507.0,491.0
671.0,507.0
800.0,507.0
876.0,507.0
508.0,192.0
508.0,202.0
508.0,262.0
508.0,295.0
508.0,427.0
542.0,508.0
617.0,508.0
679.0,508.0
686.0,508.0
722.0,508.0
739.0,508.0
756.0,508.0
509.0,81.0
509.0,128.0
509.0,241.0
509.0,265.0
509.0,275.0
509.0,320.0
509.0,391.0
509.0,416.0
649.0,509.0
820.0,509.0
846.0,509.0
510.0,163.0
510.0,178.0
510.0,238.0
510.0,257.0
510.0,323.0
510.0,341.0
510.0,417.0
510.0,426.0
510.0,481.0
617.0,510.0
674.0,510.0
511.0,27.0
511.0,60.0
511.0,82.0
511.0,95.0
511.0,419.0
511.0,435.0
546.0,511.0
592.0,511.0
657.0,511.0
712.0,511.0
867.0,511.0
512.0,69.0
512.0,73.0
512.0,222.0
512.0,430.0
512.0,501.0
536.0,512.0
540.0,512.0
810.0,512.0
877.0,512.0
513.0,82.0
513.0,198.0
513.0,250.0
513.0,505.0
581.0,513.0
608.0,513.0
617.0,513.0
670.0,513.0
876.0,513.0
962.0,513.0
514.0,21.0
514.0,80.0
514.0,96.0
514.0,129.0
514.0,191.0
514.0,205.0
514.0,274.0
514.0,313.0
514.0,347.0
514.0,447.0
688.0,514.0
768.0,514.0
828.0,514.0
910.0,514.0
515.0,110.0
515.0,188.0
515.0,290.0
515.0,327.0
515.0,347.0
515.0,368.0
515.0,432.0
689.0,515.0
703.0,515.0
793.0,515.0
808.0,515.0
893.0,515.0
901.0,515.0
917.0,515.0
959.0,515.0
516.0,0.0
516.0,10.0
566.0,516.0
685.0,516.0
724.0,516.0
838.0,516.0
845.0,516.0
890.0,516.0
955.0,516.0
517.0,55.0
517.0,72.0
517.0,145.0
517.0,182.0
517.0,225.0
517.0,253.0
517.0,270.0
517.0,271.0
517.0,278.0
517.0,289.0
517.0,348.0
522.0,517.0
584.0,517.0
743.0,517.0
804.0,517.0
518.0,5.0
518.0,167.0
518.0,228.0
518.0,299.0
518.0,324.0
518.0,398.0
518.0,420.0
523.0,518.0
628.0,518.0
842.0,518.0
932.0,518.0
967.0,518.0
977.0,518.0
519.0,25.0
519.0,55.0
519.0,99.0
519.0,128.0
519.0,382.0
519.0,460.0
519.0,494.0
524.0,519.0
551.0,519.0
704.0,519.0
752.0,519.0
520.0,4.0
520.0,89.0
520.0,215.0
520.0,242.0
520.0,290.0
520.0,408.0
520.0,516.0
583.0,520.0
667.0,520.0
736.0,520.0
744.0,520.0
757.0,520.0
963.0,520.0
977.0,520.0
980.0,520.0
521.0,125.0
521.0,176.0
521.0,190.0
521.0,231.0
521.0,350.0
521.0,421.0
521.0,444.0
521.0,520.0
578.0,521.0
642.0,521.0
662.0,521.0
677.0,521.0
817.0,521.0
831.0,521.0
864.0,521.0
522.0,169.0
522.0,249.0
522.0,287.0
522.0,409.0
522.0,412.0
525.0,522.0
584.0,522.0
589.0,522.0
597.0,522.0
604.0,522.0
689.0,522.0
806.0,522.0
886.0,522.0
909.0,522.0
523.0,32.0
523.0,116.0
523.0,171.0
523.0,204.0
523.0,290.0
566.0,523.0
773.0,523.0
879.0,523.0
524.0,163.0
524.0,201.0
524.0,349.0
621.0,524.0
624.0,524.0
632.0,524.0
716.0,524.0
836.0,524.0
886.0,524.0
929.0,524.0
525.0,100.0
525.0,146.0
525.0,164.0
525.0,185.0
525.0,262.0
525.0,283.0
525.0,346.0
525.0,355.0
525.0,412.0
628.0,525.0
694.0,525.0
938.0,525.0
969.0,525.0
526.0,35.0
526.0,54.0
526.0,169.0
526.0,213.0
526.0,235.0
526.0,239.0
526.0,260.0
526.0,281.0
526.0,353.0
526.0,427.0
526.0,465.0
526.0,507.0
576.0,526.0
634.0,526.0
852.0,526.0
953.0,526.0
527.0,92.0
527.0,117.0
527.0,150.0
527.0,256.0
527.0,280.0
527.0,526.0
581.0,527.0
613.0,527.0
690.0,527.0
748.0,527.0
800.0,527.0
899.0,527.0
528.0,72.0
528.0,265.0
528.0,288.0
528.0,345.0
528.0,514.0
558.0,528.0
815.0,528.0
861.0,528.0
877.0,528.0
938.0,528.0
970.0,528.0
529.0,1.0
529.0,95.0
529.0,123.0
529.0,169.0
529.0,200.0
529.0,385.0
529.0,394.0
529.0,396.0
529.0,451.0
530.0,529.0
539.0,529.0
555.0,529.0
590.0,529.0
593.0,529.0
599.0,529.0
674.0,529.0
882.0,529.0
530.0,58.0
530.0,84.0
530.0,86.0
530.0,166.0
530.0,212.0
530.0,245.0
530.0,251.0
530.0,355.0
530.0,356.0
530.0,429.0
530.0,430.0
530.0,477.0
530.0,528.0
559.0,530.0
611.0,530.0
644.0,530.0
778.0,530.0
798.0,530.0
531.0,7.0
531.0,127.0
531.0,203.0
531.0,304.0
531.0,315.0
531.0,332.0
531.0,445.0
551.0,531.0
579.0,531.0
839.0,531.0
866.0,531.0
888.0,531.0
927.0,531.0
532.0,33.0
532.0,48.0
532.0,163.0
532.0,243.0
532.0,256.0
532.0,259.0
532.0,335.0
532.0,486.0
965.0,532.0
533.0,205.0
533.0,228.0
533.0,327.0
533.0,356.0
533.0,400.0
533.0,411.0
533.0,447.0
533.0,506.0
553.0,533.0
578.0,533.0
590.0,533.0
596.0,533.0
604.0,533.0
615.0,533.0
639.0,533.0
671.0,533.0
701.0,533.0
717.0,533.0
782.0,533.0
856.0,533.0
896.0,533.0
901.0,533.0
534.0,84.0
534.0,123.0
534.0,221.0
534.0,243.0
534.0,299.0
537.0,534.0
584.0,534.0
667.0,534.0
737.0,534.0
845.0,534.0
863.0,534.0
916.0,534.0
980.0,534.0
535.0,36.0
535.0,410.0
648.0,535.0
657.0,535.0
721.0,535.0
746.0,535.0
812.0,535.0
851.0,535.0
969.0,535.0
536.0,89.0
536.0,331.0
536.0,336.0
536.0,337.0
536.0,396.0
536.0,451.0
536.0,455.0
608.0,536.0
640.0,536.0
692.0,536.0
706.0,536.0
862.0,536.0
913.0,536.0
952.0,536.0
967.0,536.0
968.0,536.0
537.0,23.0
537.0,49.0
537.0,104.0
537.0,133.0
537.0,217.0
537.0,347.0
537.0,390.0
537.0,505.0
539.0,537.0
608.0,537.0
703.0,537.0
731.0,537.0
794.0,537.0
853.0,537.0
935.0,537.0
964.0,537.0
538.0,26.0
538.0,47.0
538.0,53.0
538.0,180.0
538.0,297.0
538.0,330.0
538.0,361.0
538.0,414.0
538.0,537.0
577.0,538.0
590.0,538.0
777.0,538.0
819.0,538.0
881.0,538.0
920.0,538.0
956.0,538.0
539.0,173.0
539.0,300.0
539.0,376.0
539.0,527.0
765.0,539.0
816.0,539.0
817.0,539.0
838.0,539.0
899.0,539.0
540.0,4.0
540.0,151.0
540.0,162.0
540.0,176.0
540.0,256.0
540.0,472.0
559.0,540.0
679.0,540.0
820.0,540.0
930.0,540.0
541.0,140.0
541.0,235.0
541.0,257.0
541.0,355.0
541.0,361.0
541.0,368.0
541.0,377.0
541.0,420.0
541.0,453.0
582.0,541.0
602.0,541.0
762.0,541.0
894.0,541.0
542.0,59.0
542.0,132.0
542.0,180.0
542.0,219.0
542.0,427.0
542.0,454.0
736.0,542.0
744.0,542.0
762.0,542.0
543.0,60.0
543.0,240.0
543.0,305.0
543.0,337.0
543.0,405.0
543.0,466.0
543.0,482.0
543.0,512.0
543.0,526.0
543.0,530.0
564.0,543.0
609.0,543.0
681.0,543.0
807.0,543.0
852.0,543.0
882.0,543.0
544.0,19.0
544.0,59.0
544.0,294.0
544.0,303.0
544.0,385.0
544.0,430.0
544.0,459.0
544.0,512.0
611.0,544.0
685.0,544.0
763.0,544.0
913.0,544.0
927.0,544.0
935.0,544.0
975.0,544.0
545.0,198.0
545.0,387.0
545.0,401.0
545.0,442.0
545.0,530.0
559.0,545.0
569.0,545.0
584.0,545.0
635.0,545.0
698.0,545.0
785.0,545.0
844.0,545.0
890.0,545.0
916.0,545.0
951.0,545.0
546.0,0.0
546.0,141.0
546.0,431.0
546.0,531.0
690.0,546.0
719.0,546.0
833.0,546.0
972.0,546.0
547.0,285.0
547.0,472.0
579.0,547.0
674.0,547.0
736.0,547.0
738.0,547.0
770.0,547.0
848.0,547.0
858.0,547.0
548.0,212.0
548.0,326.0
548.0,330.0
548.0,544.0
716.0,548.0
723.0,548.0
827.0,548.0
917.0,548.0
982.0,548.0
549.0,29.0
549.0,141.0
549.0,167.0
549.0,256.0
549.0,285.0
549.0,434.0
549.0,496.0
604.0,549.0
637.0,549.0
697.0,549.0
714.0,549.0
734.0,549.0
754.0,549.0
828.0,549.0
550.0,61.0
550.0,349.0
550.0,361.0
550.0,382.0
550.0,462.0
550.0,464.0
550.0,532.0
827.0,550.0
844.0,550.0
897.0,550.0
943.0,550.0
551.0,73.0
551.0,76.0
551.0,139.0
551.0,187.0
551.0,189.0
551.0,256.0
551.0,494.0
596.0,551.0
604.0,551.0
676.0,551.0
726.0,551.0
803.0,551.0
814.0,551.0
940.0,551.0
961.0,551.0
984.0,551.0
552.0,128.0
552.0,174.0
552.0,332.0
552.0,438.0
552.0,464.0
574.0,552.0
575.0,552.0
639.0,552.0
669.0,552.0
742.0,552.0
929.0,552.0
553.0,19.0
553.0,52.0
553.0,66.0
553.0,83.0
553.0,230.0
553.0,308.0
553.0,315.0
553.0,336.0
579.0,553.0
589.0,553.0
680.0,553.0
813.0,553.0
824.0,553.0
873.0,553.0
893.0,553.0
554.0,57.0
554.0,132.0
554.0,230.0
554.0,301.0
554.0,350.0
554.0,379.0
554.0,451.0
554.0,469.0
579.0,554.0
631.0,554.0
699.0,554.0
756.0,554.0
762.0,554.0
911.0,554.0
973.0,554.0
555.0,36.0
555.0,37.0
555.0,183.0
555.0,199.0
555.0,331.0
555.0,362.0
555.0,422.0
616.0,555.0
644.0,555.0
652.0,555.0
692.0,555.0
707.0,555.0
713.0,555.0
792.0,555.0
800.0,555.0
852.0,555.0
963.0,555.0
556.0,9.0
556.0,50.0
556.0,99.0
556.0,267.0
556.0,452.0
556.0,533.0
669.0,556.0
711.0,556.0
789.0,556.0
815.0,556.0
895.0,556.0
944.0,556.0
945.0,556.0
557.0,19.0
557.0,21.0
557.0,224.0
557.0,324.0
557.0,336.0
557.0,376.0
557.0,405.0
557.0,413.0
557.0,458.0
566.0,557.0
696.0,557.0
763.0,557.0
770.0,557.0
792.0,557.0
844.0,557.0
558.0,5.0
558.0,114.0
558.0,129.0
558.0,222.0
558.0,323.0
558.0,420.0
613.0,558.0
656.0,558.0
825.0,558.0
836.0,558.0
839.0,558.0
935.0,558.0
559.0,106.0
559.0,350.0
559.0,456.0
559.0,520.0
559.0,525.0
559.0,529.0
573.0,559.0
605.0,559.0
619.0,559.0
690.0,559.0
700.0,559.0
748.0,559.0
817.0,559.0
560.0,30.0
560.0,123.0
560.0,159.0
560.0,172.0
560.0,295.0
560.0,393.0
560.0,394.0
560.0,410.0
591.0,560.0
873.0,560.0
914.0,560.0
923.0,560.0
561.0,140.0
561.0,184.0
561.0,481.0
561.0,484.0
561.0,553.0
930.0,561.0
978.0,561.0
979.0,561.0
562.0,39.0
562.0,124.0
562.0,199.0
562.0,203.0
562.0,211.0
562.0,341.0
562.0,429.0
562.0,439.0
765.0,562.0
563.0,151.0
563.0,180.0
563.0,437.0
580.0,563.0
644.0,563.0
968.0,563.0
564.0,86.0
564.0,105.0
564.0,132.0
564.0,152.0
564.0,161.0
564.0,291.0
564.0,386.0
564.0,545.0
564.0,547.0
567.0,564.0
603.0,564.0
625.0,564.0
629.0,564.0
672.0,564.0
790.0,564.0
798.0,564.0
883.0,564.0
944.0,564.0
976.0,564.0
565.0,20.0
565.0,98.0
565.0,140.0
565.0,158.0
565.0,251.0
565.0,267.0
565.0,271.0
565.0,273.0
565.0,284.0
565.0,340.0
565.0,400.0
565.0,449.0
565.0,504.0
565.0,512.0
629.0,565.0
632.0,565.0
697.0,565.0
892.0,565.0
937.0,565.0
566.0,198.0
566.0,280.0
566.0,397.0
566.0,480.0
584.0,566.0
603.0,566.0
605.0,566.0
756.0,566.0
809.0,566.0
904.0,566.0
921.0,566.0
567.0,55.0
567.0,128.0
567.0,130.0
567.0,175.0
567.0,228.0
567.0,267.0
567.0,288.0
567.0,398.0
567.0,400.0
567.0,468.0
567.0,471.0
615.0,567.0
626.0,567.0
649.0,567.0
808.0,567.0
885.0,567.0
957.0,567.0
979.0,567.0
568.0,11.0
568.0,75.0
568.0,125.0
568.0,127.0
568.0,132.0
568.0,215.0
568.0,231.0
568.0,255.0
568.0,266.0
568.0,495.0
568.0,538.0
739.0,568.0
768.0,568.0
569.0,176.0
569.0,194.0
569.0,241.0
569.0,246.0
569.0,404.0
569.0,429.0
569.0,460.0
569.0,527.0
604.0,569.0
747.0,569.0
824.0,569.0
826.0,569.0
871.0,569.0
939.0,569.0
570.0,129.0
570.0,140.0
570.0,141.0
570.0,484.0
661.0,570.0
807.0,570.0
870.0,570.0
889.0,570.0
571.0,25.0
571.0,56.0
571.0,57.0
571.0,115.0
571.0,194.0
571.0,227.0
571.0,385.0
571.0,439.0
571.0,501.0
810.0,571.0
849.0,571.0
863.0,571.0
892.0,571.0
910.0,571.0
955.0,571.0
963.0,571.0
572.0,47.0
572.0,96.0
572.0,171.0
572.0,211.0
572.0,307.0
572.0,369.0
572.0,395.0
572.0,420.0
572.0,427.0
572.0,465.0
636.0,572.0
831.0,572.0
858.0,572.0
859.0,572.0
893.0,572.0
895.0,572.0
573.0,81.0
573.0,100.0
573.0,123.0
573.0,334.0
573.0,457.0
573.0,547.0
748.0,573.0
769.0,573.0
807.0,573.0
882.0,573.0
888.0,573.0
956.0,573.0
574.0,101.0
574.0,149.0
574.0,200.0
574.0,308.0
574.0,515.0
655.0,574.0
829.0,574.0
870.0,574.0
899.0,574.0
575.0,5.0
575.0,58.0
575.0,296.0
575.0,537.0
575.0,540.0
593.0,575.0
803.0,575.0
576.0,41.0
576.0,42.0
576.0,61.0
576.0,104.0
576.0,130.0
576.0,284.0
576.0,571.0
614.0,576.0
713.0,576.0
745.0,576.0
767.0,576.0
783.0,576.0
801.0,576.0
818.0,576.0
577.0,2.0
577.0,77.0
577.0,112.0
577.0,218.0
577.0,373.0
577.0,418.0
577.0,425.0
577.0,470.0
577.0,527.0
651.0,577.0
661.0,577.0
672.0,577.0
730.0,577.0
841.0,577.0
918.0,577.0
977.0,577.0
578.0,12.0
578.0,77.0
578.0,106.0
578.0,134.0
578.0,258.0
578.0,465.0
578.0,481.0
578.0,494.0
662.0,578.0
668.0,578.0
579.0,220.0
579.0,291.0
579.0,318.0
579.0,397.0
579.0,420.0
579.0,439.0
579.0,472.0
579.0,490.0
579.0,499.0
579.0,563.0
670.0,579.0
683.0,579.0
706.0,579.0
713.0,579.0
883.0,579.0
893.0,579.0
926.0,579.0
580.0,23.0
580.0,113.0
580.0,545.0
624.0,580.0
635.0,580.0
650.0,580.0
659.0,580.0
667.0,580.0
736.0,580.0
939.0,580.0
957.0,580.0
581.0,142.0
581.0,197.0
581.0,203.0
581.0,453.0
597.0,581.0
665.0,581.0
668.0,581.0
800.0,581.0
815.0,581.0
872.0,581.0
933.0,581.0
983.0,581.0
582.0,75.0
582.0,110.0
582.0,144.0
582.0,181.0
582.0,271.0
582.0,441.0
582.0,442.0
667.0,582.0
723.0,582.0
743.0,582.0
797.0,582.0
811.0,582.0
914.0,582.0
984.0,582.0
583.0,0.0
583.0,161.0
583.0,228.0
583.0,339.0
583.0,352.0
583.0,438.0
583.0,474.0
583.0,476.0
583.0,564.0
583.0,581.0
723.0,583.0
952.0,583.0
584.0,8.0
584.0,23.0
584.0,91.0
584.0,233.0
584.0,257.0
584.0,263.0
584.0,282.0
584.0,333.0
584.0,360.0
584.0,364.0
584.0,464.0
584.0,490.0
667.0,584.0
681.0,584.0
735.0,584.0
813.0,584.0
830.0,584.0
962.0,584.0
585.0,94.0
585.0,99.0
585.0,117.0
585.0,189.0
585.0,227.0
585.0,380.0
585.0,473.0
624.0,585.0
744.0,585.0
746.0,585.0
767.0,585.0
877.0,585.0
973.0,585.0
586.0,18.0
586.0,34.0
586.0,46.0
586.0,78.0
586.0,210.0
586.0,246.0
586.0,251.0
586.0,333.0
586.0,335.0
586.0,359.0
604.0,586.0
659.0,586.0
665.0,586.0
749.0,586.0
822.0,586.0
864.0,586.0
587.0,44.0
587.0,79.0
587.0,116.0
587.0,150.0
587.0,195.0
587.0,274.0
587.0,312.0
587.0,454.0
587.0,464.0
587.0,473.0
587.0,485.0
810.0,587.0
831.0,587.0
926.0,587.0
588.0,204.0
588.0,227.0
588.0,241.0
588.0,360.0
588.0,450.0
588.0,562.0
599.0,588.0
612.0,588.0
671.0,588.0
714.0,588.0
830.0,588.0
920.0,588.0
922.0,588.0
966.0,588.0
968.0,588.0
971.0,588.0
589.0,37.0
589.0,97.0
589.0,120.0
589.0,134.0
589.0,337.0
589.0,398.0
589.0,460.0
589.0,574.0
741.0,589.0
796.0,589.0
814.0,589.0
884.0,589.0
912.0,589.0
975.0,589.0
590.0,86.0
590.0,181.0
590.0,373.0
590.0,402.0
590.0,489.0
609.0,590.0
618.0,590.0
795.0,590.0
876.0,590.0
956.0,590.0
959.0,590.0
591.0,23.0
591.0,34.0
591.0,280.0
591.0,298.0
591.0,403.0
667.0,591.0
675.0,591.0
862.0,591.0
904.0,591.0
983.0,591.0
592.0,30.0
592.0,35.0
592.0,102.0
592.0,120.0
592.0,142.0
592.0,176.0
592.0,455.0
592.0,498.0
592.0,568.0
628.0,592.0
637.0,592.0
704.0,592.0
798.0,592.0
972.0,592.0
976.0,592.0
593.0,56.0
593.0,160.0
593.0,193.0
593.0,225.0
593.0,242.0
593.0,279.0
593.0,493.0
593.0,535.0
596.0,593.0
609.0,593.0
618.0,593.0
644.0,593.0
649.0,593.0
697.0,593.0
892.0,593.0
594.0,77.0
594.0,175.0
594.0,266.0
594.0,378.0
594.0,387.0
594.0,505.0
594.0,539.0
594.0,582.0
674.0,594.0
706.0,594.0
720.0,594.0
810.0,594.0
984.0,594.0
595.0,202.0
595.0,316.0
595.0,535.0
595.0,559.0
595.0,582.0
619.0,595.0
756.0,595.0
814.0,595.0
850.0,595.0
862.0,595.0
905.0,595.0
929.0,595.0
596.0,42.0
596.0,106.0
596.0,114.0
596.0,234.0
596.0,465.0
672.0,596.0
796.0,596.0
800.0,596.0
859.0,596.0
936.0,596.0
597.0,14.0
597.0,246.0
597.0,291.0
597.0,315.0
597.0,348.0
597.0,354.0
597.0,363.0
597.0,470.0
597.0,487.0
597.0,535.0
599.0,597.0
642.0,597.0
751.0,597.0
827.0,597.0
846.0,597.0
598.0,68.0
598.0,97.0
598.0,107.0
598.0,170.0
598.0,350.0
598.0,402.0
598.0,435.0
598.0,523.0
598.0,579.0
621.0,598.0
670.0,598.0
789.0,598.0
834.0,598.0
838.0,598.0
599.0,112.0
599.0,122.0
599.0,144.0
599.0,189.0
599.0,202.0
599.0,264.0
599.0,309.0
599.0,470.0
645.0,599.0
690.0,599.0
718.0,599.0
803.0,599.0
852.0,599.0
936.0,599.0
970.0,599.0
600.0,59.0
600.0,104.0
600.0,330.0
600.0,372.0
600.0,544.0
600.0,580.0
600.0,582.0
601.0,80.0
601.0,447.0
601.0,562.0
601.0,599.0
606.0,601.0
616.0,601.0
669.0,601.0
684.0,601.0
785.0,601.0
836.0,601.0
945.0,601.0
602.0,77.0
602.0,301.0
602.0,304.0
602.0,384.0
602.0,550.0
644.0,602.0
700.0,602.0
845.0,602.0
851.0,602.0
977.0,602.0
603.0,65.0
603.0,233.0
603.0,234.0
603.0,354.0
603.0,447.0
603.0,505.0
603.0,539.0
603.0,567.0
615.0,603.0
722.0,603.0
737.0,603.0
873.0,603.0
908.0,603.0
918.0,603.0
604.0,101.0
604.0,176.0
604.0,310.0
604.0,423.0
604.0,590.0
748.0,604.0
774.0,604.0
864.0,604.0
959.0,604.0
968.0,604.0
605.0,131.0
605.0,156.0
605.0,170.0
605.0,178.0
605.0,364.0
605.0,376.0
605.0,421.0
605.0,492.0
605.0,514.0
605.0,520.0
698.0,605.0
703.0,605.0
725.0,605.0
752.0,605.0
873.0,605.0
606.0,8.0
606.0,68.0
606.0,186.0
606.0,449.0
606.0,467.0
606.0,483.0
606.0,513.0
606.0,595.0
811.0,606.0
864.0,606.0
904.0,606.0
934.0,606.0
607.0,40.0
607.0,124.0
607.0,229.0
607.0,271.0
607.0,273.0
607.0,298.0
607.0,378.0
607.0,568.0
773.0,607.0
821.0,607.0
823.0,607.0
923.0,607.0
971.0,607.0
608.0,166.0
608.0,309.0
608.0,380.0
608.0,396.0
608.0,446.0
608.0,460.0
608.0,487.0
728.0,608.0
802.0,608.0
836.0,608.0
882.0,608.0
609.0,22.0
609.0,51.0
609.0,170.0
609.0,177.0
609.0,205.0
609.0,272.0
609.0,275.0
609.0,338.0
609.0,405.0
609.0,500.0
609.0,571.0
619.0,609.0
640.0,609.0
719.0,609.0
946.0,609.0
610.0,2.0
610.0,4.0
610.0,22.0
610.0,225.0
610.0,228.0
610.0,269.0
610.0,459.0
610.0,529.0
610.0,589.0
610.0,602.0
783.0,610.0
811.0,610.0
611.0,19.0
611.0,139.0
611.0,168.0
611.0,232.0
611.0,425.0
611.0,444.0
611.0,482.0
611.0,513.0
611.0,517.0
611.0,600.0
709.0,611.0
780.0,611.0
826.0,611.0
840.0,611.0
942.0,611.0
974.0,611.0
982.0,611.0
612.0,197.0
612.0,237.0
612.0,239.0
612.0,305.0
612.0,320.0
612.0,362.0
612.0,462.0
653.0,612.0
661.0,612.0
703.0,612.0
714.0,612.0
728.0,612.0
771.0,612.0
795.0,612.0
953.0,612.0
976.0,612.0
613.0,64.0
613.0,156.0
613.0,393.0
613.0,464.0
613.0,592.0
669.0,613.0
707.0,613.0
802.0,613.0
614.0,219.0
614.0,231.0
614.0,246.0
614.0,269.0
614.0,393.0
614.0,422.0
614.0,446.0
614.0,456.0
614.0,606.0
614.0,611.0
859.0,614.0
615.0,5.0
615.0,192.0
615.0,198.0
615.0,219.0
615.0,224.0
615.0,249.0
615.0,355.0
615.0,362.0
615.0,516.0
615.0,584.0
631.0,615.0
639.0,615.0
651.0,615.0
661.0,615.0
847.0,615.0
861.0,615.0
875.0,615.0
881.0,615.0
897.0,615.0
616.0,13.0
616.0,56.0
616.0,71.0
616.0,118.0
616.0,121.0
616.0,227.0
616.0,266.0
616.0,481.0
657.0,616.0
811.0,616.0
617.0,50.0
617.0,124.0
617.0,269.0
617.0,343.0
617.0,453.0
803.0,617.0
885.0,617.0
937.0,617.0
974.0,617.0
618.0,36.0
618.0,305.0
618.0,555.0
618.0,570.0
686.0,618.0
755.0,618.0
619.0,134.0
619.0,181.0
619.0,292.0
664.0,619.0
746.0,619.0
755.0,619.0
759.0,619.0
620.0,32.0
620.0,43.0
620.0,73.0
620.0,84.0
620.0,138.0
620.0,241.0
620.0,287.0
620.0,369.0
620.0,443.0
620.0,460.0
620.0,506.0
620.0,516.0
620.0,544.0
620.0,576.0
645.0,620.0
679.0,620.0
796.0,620.0
831.0,620.0
866.0,620.0
885.0,620.0
975.0,620.0
621.0,25.0
621.0,35.0
621.0,51.0
621.0,61.0
621.0,110.0
621.0,135.0
621.0,172.0
621.0,195.0
621.0,212.0
621.0,348.0
621.0,410.0
621.0,420.0
621.0,586.0
621.0,593.0
722.0,621.0
755.0,621.0
846.0,621.0
968.0,621.0
622.0,25.0
622.0,76.0
622.0,87.0
622.0,179.0
622.0,206.0
622.0,222.0
622.0,293.0
622.0,329.0
622.0,585.0
777.0,622.0
778.0,622.0
818.0,622.0
830.0,622.0
890.0,622.0
623.0,87.0
623.0,170.0
623.0,237.0
623.0,302.0
623.0,362.0
623.0,409.0
623.0,413.0
623.0,446.0
623.0,500.0
623.0,524.0
661.0,623.0
715.0,623.0
749.0,623.0
834.0,623.0
846.0,623.0
915.0,623.0
624.0,11.0
624.0,43.0
624.0,272.0
624.0,326.0
624.0,346.0
624.0,364.0
624.0,393.0
624.0,501.0
624.0,526.0
730.0,624.0
761.0,624.0
625.0,52.0
625.0,82.0
625.0,139.0
625.0,258.0
625.0,261.0
625.0,265.0
625.0,417.0
642.0,625.0
753.0,625.0
758.0,625.0
817.0,625.0
834.0,625.0
905.0,625.0
982.0,625.0
626.0,190.0
626.0,350.0
626.0,412.0
626.0,583.0
626.0,598.0
626.0,601.0
852.0,626.0
958.0,626.0
627.0,101.0
627.0,254.0
627.0,324.0
627.0,367.0
627.0,419.0
627.0,432.0
780.0,627.0
786.0,627.0
865.0,627.0
966.0,627.0
628.0,28.0
628.0,250.0
628.0,401.0
628.0,535.0
825.0,628.0
629.0,69.0
629.0,325.0
629.0,431.0
629.0,453.0
629.0,471.0
629.0,591.0
751.0,629.0
763.0,629.0
826.0,629.0
630.0,54.0
630.0,168.0
630.0,220.0
630.0,232.0
630.0,282.0
630.0,288.0
643.0,630.0
653.0,630.0
664.0,630.0
631.0,4.0
631.0,49.0
631.0,184.0
631.0,418.0
686.0,631.0
728.0,631.0
945.0,631.0
632.0,27.0
632.0,41.0
632.0,171.0
632.0,211.0
632.0,335.0
632.0,376.0
632.0,453.0
632.0,463.0
632.0,496.0
655.0,632.0
664.0,632.0
817.0,632.0
819.0,632.0
925.0,632.0
633.0,141.0
633.0,160.0
633.0,180.0
633.0,224.0
633.0,256.0
633.0,261.0
633.0,263.0
633.0,364.0
633.0,493.0
633.0,572.0
893.0,633.0
973.0,633.0
634.0,28.0
634.0,57.0
634.0,170.0
634.0,273.0
634.0,293.0
634.0,334.0
634.0,356.0
634.0,400.0
634.0,628.0
713.0,634.0
789.0,634.0
808.0,634.0
880.0,634.0
635.0,258.0
635.0,301.0
635.0,425.0
635.0,562.0
653.0,635.0
660.0,635.0
710.0,635.0
827.0,635.0
926.0,635.0
930.0,635.0
636.0,6.0
636.0,142.0
636.0,180.0
636.0,349.0
636.0,411.0
636.0,438.0
636.0,446.0
636.0,603.0
732.0,636.0
874.0,636.0
637.0,173.0
637.0,238.0
637.0,250.0
637.0,362.0
637.0,385.0
637.0,538.0
637.0,545.0
637.0,558.0
637.0,604.0
637.0,627.0
735.0,637.0
745.0,637.0
819.0,637.0
832.0,637.0
866.0,637.0
963.0,637.0
638.0,31.0
638.0,230.0
638.0,272.0
638.0,310.0
638.0,348.0
638.0,352.0
638.0,416.0
638.0,508.0
638.0,595.0
657.0,638.0
693.0,638.0
724.0,638.0
801.0,638.0
898.0,638.0
639.0,24.0
639.0,84.0
639.0,108.0
639.0,175.0
639.0,241.0
639.0,262.0
639.0,280.0
639.0,322.0
639.0,391.0
639.0,402.0
639.0,424.0
639.0,489.0
639.0,491.0
639.0,544.0
639.0,611.0
704.0,639.0
849.0,639.0
909.0,639.0
640.0,114.0
640.0,141.0
640.0,148.0
640.0,159.0
640.0,174.0
640.0,175.0
640.0,217.0
640.0,334.0
640.0,365.0
640.0,460.0
640.0,581.0
640.0,624.0
705.0,640.0
849.0,640.0
952.0,640.0
641.0,140.0
641.0,307.0
641.0,317.0
659.0,641.0
737.0,641.0
929.0,641.0
642.0,106.0
642.0,198.0
642.0,237.0
642.0,270.0
642.0,524.0
642.0,596.0
678.0,642.0
979.0,642.0
643.0,311.0
643.0,321.0
643.0,375.0
643.0,501.0
643.0,615.0
677.0,643.0
898.0,643.0
905.0,643.0
644.0,109.0
644.0,172.0
644.0,212.0
644.0,346.0
644.0,363.0
644.0,421.0
644.0,438.0
644.0,487.0
644.0,507.0
644.0,630.0
689.0,644.0
734.0,644.0
899.0,644.0
951.0,644.0
645.0,21.0
645.0,538.0
926.0,645.0
929.0,645.0
969.0,645.0
646.0,58.0
646.0,128.0
646.0,275.0
646.0,320.0
646.0,328.0
646.0,407.0
646.0,553.0
646.0,568.0
655.0,646.0
658.0,646.0
763.0,646.0
794.0,646.0
940.0,646.0
982.0,646.0
647.0,3.0
647.0,48.0
647.0,88.0
647.0,99.0
647.0,146.0
647.0,281.0
647.0,463.0
689.0,647.0
904.0,647.0
648.0,43.0
648.0,77.0
648.0,152.0
648.0,156.0
648.0,345.0
648.0,394.0
648.0,550.0
648.0,595.0
648.0,609.0
648.0,635.0
648.0,637.0
792.0,648.0
812.0,648.0
844.0,648.0
649.0,55.0
649.0,282.0
649.0,483.0
649.0,495.0
792.0,649.0
816.0,649.0
889.0,649.0
900.0,649.0
650.0,248.0
650.0,351.0
650.0,393.0
650.0,571.0
650.0,623.0
709.0,650.0
830.0,650.0
843.0,650.0
909.0,650.0
651.0,146.0
651.0,255.0
651.0,276.0
651.0,367.0
651.0,393.0
651.0,497.0
651.0,548.0
651.0,592.0
665.0,651.0
699.0,651.0
652.0,210.0
652.0,365.0
652.0,366.0
652.0,424.0
652.0,435.0
652.0,465.0
652.0,540.0
652.0,544.0
741.0,652.0
823.0,652.0
883.0,652.0
653.0,4.0
653.0,74.0
653.0,202.0
653.0,259.0
653.0,315.0
653.0,323.0
653.0,367.0
653.0,415.0
653.0,426.0
653.0,469.0
653.0,539.0
653.0,638.0
698.0,653.0
866.0,653.0
654.0,45.0
654.0,205.0
654.0,343.0
654.0,563.0
654.0,589.0
654.0,617.0
771.0,654.0
955.0,654.0
655.0,3.0
655.0,28.0
655.0,36.0
655.0,90.0
655.0,155.0
655.0,188.0
655.0,193.0
655.0,242.0
655.0,526.0
655.0,598.0
655.0,630.0
662.0,655.0
704.0,655.0
898.0,655.0
656.0,107.0
656.0,151.0
656.0,205.0
656.0,287.0
656.0,305.0
656.0,584.0
656.0,590.0
656.0,628.0
656.0,630.0
656.0,637.0
807.0,656.0
817.0,656.0
828.0,656.0
657.0,105.0
657.0,171.0
657.0,239.0
657.0,249.0
657.0,308.0
657.0,468.0
657.0,504.0
657.0,581.0
770.0,657.0
805.0,657.0
817.0,657.0
849.0,657.0
872.0,657.0
658.0,76.0
658.0,116.0
658.0,138.0
658.0,166.0
658.0,201.0
658.0,205.0
658.0,273.0
658.0,500.0
658.0,617.0
777.0,658.0
846.0,658.0
971.0,658.0
659.0,95.0
659.0,118.0
659.0,123.0
659.0,129.0
659.0,131.0
659.0,158.0
659.0,192.0
659.0,213.0
659.0,240.0
659.0,469.0
659.0,514.0
664.0,659.0
853.0,659.0
860.0,659.0
875.0,659.0
660.0,56.0
660.0,70.0
660.0,151.0
660.0,180.0
660.0,211.0
660.0,266.0
660.0,604.0
700.0,660.0
924.0,660.0
661.0,41.0
661.0,186.0
661.0,206.0
661.0,295.0
661.0,350.0
661.0,618.0
661.0,623.0
745.0,661.0
768.0,661.0
780.0,661.0
825.0,661.0
866.0,661.0
979.0,661.0
662.0,11.0
662.0,68.0
662.0,133.0
662.0,192.0
662.0,278.0
662.0,329.0
662.0,331.0
662.0,339.0
662.0,537.0
668.0,662.0
729.0,662.0
754.0,662.0
834.0,662.0
861.0,662.0
946.0,662.0
951.0,662.0
955.0,662.0
980.0,662.0
663.0,93.0
663.0,153.0
663.0,168.0
663.0,198.0
663.0,271.0
663.0,323.0
663.0,333.0
663.0,340.0
663.0,406.0
663.0,408.0
663.0,573.0
663.0,577.0
663.0,586.0
674.0,663.0
721.0,663.0
734.0,663.0
813.0,663.0
969.0,663.0
664.0,37.0
664.0,86.0
664.0,170.0
664.0,179.0
664.0,260.0
664.0,342.0
664.0,376.0
664.0,641.0
665.0,664.0
704.0,664.0
779.0,664.0
853.0,664.0
869.0,664.0
903.0,664.0
928.0,664.0
950.0,664.0
983.0,664.0
665.0,174.0
665.0,179.0
665.0,241.0
665.0,414.0
665.0,419.0
665.0,480.0
665.0,488.0
665.0,509.0
665.0,603.0
665.0,610.0
665.0,634.0
665.0,654.0
665.0,658.0
898.0,665.0
943.0,665.0
666.0,27.0
666.0,87.0
666.0,292.0
666.0,319.0
666.0,390.0
666.0,403.0
666.0,583.0
767.0,666.0
785.0,666.0
872.0,666.0
896.0,666.0
667.0,5.0
667.0,53.0
667.0,148.0
667.0,203.0
667.0,295.0
667.0,328.0
667.0,447.0
667.0,468.0
667.0,489.0
667.0,585.0
668.0,188.0
668.0,215.0
668.0,311.0
668.0,487.0
668.0,661.0
683.0,668.0
747.0,668.0
868.0,668.0
952.0,668.0
964.0,668.0
980.0,668.0
669.0,35.0
669.0,78.0
669.0,81.0
669.0,104.0
669.0,149.0
669.0,413.0
669.0,419.0
669.0,593.0
669.0,647.0
684.0,669.0
854.0,669.0
934.0,669.0
958.0,669.0
966.0,669.0
670.0,39.0
670.0,100.0
670.0,334.0
670.0,471.0
670.0,623.0
915.0,670.0
957.0,670.0
671.0,16.0
671.0,58.0
671.0,175.0
671.0,262.0
671.0,263.0
671.0,402.0
671.0,433.0
671.0,448.0
854.0,671.0
958.0,671.0
672.0,52.0
672.0,99.0
672.0,397.0
672.0,438.0
672.0,478.0
672.0,599.0
672.0,617.0
689.0,672.0
706.0,672.0
748.0,672.0
904.0,672.0
673.0,124.0
673.0,127.0
673.0,168.0
673.0,180.0
673.0,210.0
673.0,337.0
673.0,437.0
673.0,442.0
673.0,475.0
690.0,673.0
674.0,216.0
674.0,226.0
674.0,286.0
674.0,288.0
674.0,292.0
674.0,419.0
674.0,433.0
674.0,459.0
674.0,539.0
674.0,642.0
674.0,652.0
684.0,674.0
690.0,674.0
712.0,674.0
772.0,674.0
800.0,674.0
675.0,59.0
675.0,112.0
675.0,154.0
675.0,201.0
675.0,219.0
675.0,300.0
675.0,347.0
675.0,490.0
675.0,614.0
675.0,616.0
773.0,675.0
780.0,675.0
791.0,675.0
972.0,675.0
676.0,20.0
676.0,156.0
676.0,349.0
676.0,409.0
676.0,425.0
676.0,441.0
676.0,445.0
676.0,500.0
676.0,571.0
676.0,647.0
676.0,674.0
727.0,676.0
751.0,676.0
808.0,676.0
874.0,676.0
900.0,676.0
677.0,27.0
677.0,94.0
677.0,135.0
677.0,284.0
677.0,292.0
677.0,372.0
677.0,508.0
677.0,581.0
677.0,607.0
677.0,628.0
750.0,677.0
803.0,677.0
868.0,677.0
905.0,677.0
678.0,67.0
678.0,112.0
678.0,123.0
678.0,183.0
678.0,258.0
678.0,344.0
678.0,358.0
678.0,570.0
678.0,596.0
682.0,678.0
723.0,678.0
901.0,678.0
926.0,678.0
984.0,678.0
679.0,49.0
679.0,116.0
679.0,179.0
679.0,201.0
679.0,214.0
679.0,258.0
679.0,268.0
679.0,303.0
679.0,394.0
679.0,463.0
679.0,502.0
679.0,559.0
679.0,572.0
753.0,679.0
815.0,679.0
680.0,25.0
680.0,34.0
680.0,60.0
680.0,97.0
680.0,111.0
680.0,214.0
680.0,229.0
680.0,325.0
680.0,496.0
680.0,532.0
713.0,680.0
802.0,680.0
876.0,680.0
932.0,680.0
681.0,45.0
681.0,91.0
681.0,95.0
681.0,297.0
681.0,655.0
681.0,680.0
738.0,681.0
959.0,681.0
682.0,155.0
682.0,259.0
682.0,320.0
682.0,634.0
682.0,653.0
682.0,669.0
905.0,682.0
976.0,682.0
683.0,58.0
683.0,62.0
683.0,65.0
683.0,77.0
683.0,279.0
683.0,403.0
683.0,635.0
683.0,653.0
683.0,656.0
683.0,679.0
684.0,683.0
716.0,683.0
810.0,683.0
876.0,683.0
954.0,683.0
965.0,683.0
684.0,32.0
684.0,117.0
684.0,204.0
684.0,434.0
684.0,455.0
684.0,492.0
684.0,526.0
684.0,653.0
724.0,684.0
763.0,684.0
817.0,684.0
961.0,684.0
685.0,44.0
685.0,62.0
685.0,198.0
685.0,273.0
685.0,471.0
685.0,606.0
685.0,653.0
685.0,668.0
687.0,685.0
868.0,685.0
686.0,48.0
686.0,93.0
686.0,94.0
686.0,114.0
686.0,204.0
686.0,259.0
686.0,455.0
686.0,473.0
686.0,501.0
686.0,510.0
686.0,525.0
686.0,550.0
686.0,570.0
686.0,601.0
686.0,660.0
708.0,686.0
767.0,686.0
839.0,686.0
876.0,686.0
879.0,686.0
687.0,246.0
687.0,403.0
687.0,457.0
687.0,508.0
687.0,575.0
776.0,687.0
798.0,687.0
807.0,687.0
847.0,687.0
868.0,687.0
890.0,687.0
958.0,687.0
688.0,14.0
688.0,94.0
688.0,137.0
688.0,139.0
688.0,214.0
688.0,450.0
731.0,688.0
744.0,688.0
833.0,688.0
873.0,688.0
977.0,688.0
689.0,88.0
689.0,159.0
689.0,193.0
689.0,508.0
689.0,515.0
689.0,552.0
689.0,666.0
859.0,689.0
880.0,689.0
927.0,689.0
690.0,83.0
690.0,95.0
690.0,287.0
690.0,315.0
690.0,342.0
690.0,553.0
741.0,690.0
773.0,690.0
925.0,690.0
691.0,333.0
691.0,351.0
691.0,445.0
691.0,551.0
691.0,625.0
694.0,691.0
707.0,691.0
956.0,691.0
962.0,691.0
692.0,20.0
692.0,91.0
692.0,145.0
692.0,148.0
692.0,277.0
692.0,319.0
692.0,332.0
692.0,350.0
692.0,591.0
692.0,649.0
692.0,662.0
808.0,692.0
693.0,173.0
693.0,668.0
729.0,693.0
765.0,693.0
768.0,693.0
823.0,693.0
916.0,693.0
919.0,693.0
694.0,42.0
694.0,108.0
694.0,280.0
694.0,300.0
694.0,333.0
694.0,381.0
694.0,383.0
694.0,403.0
694.0,449.0
694.0,499.0
694.0,558.0
694.0,568.0
697.0,694.0
859.0,694.0
921.0,694.0
695.0,34.0
695.0,107.0
695.0,146.0
695.0,156.0
695.0,194.0
695.0,360.0
695.0,433.0
695.0,686.0
743.0,695.0
810.0,695.0
870.0,695.0
978.0,695.0
696.0,35.0
696.0,70.0
696.0,283.0
696.0,370.0
696.0,382.0
696.0,543.0
696.0,548.0
752.0,696.0
778.0,696.0
697.0,46.0
697.0,112.0
697.0,160.0
697.0,234.0
697.0,245.0
697.0,357.0
697.0,422.0
697.0,476.0
697.0,506.0
697.0,635.0
881.0,697.0
896.0,697.0
906.0,697.0
969.0,697.0
698.0,9.0
698.0,105.0
698.0,199.0
698.0,233.0
698.0,404.0
698.0,415.0
698.0,426.0
698.0,577.0
698.0,585.0
698.0,650.0
698.0,672.0
699.0,162.0
699.0,274.0
699.0,415.0
699.0,518.0
723.0,699.0
756.0,699.0
886.0,699.0
889.0,699.0
700.0,3.0
700.0,354.0
700.0,507.0
700.0,525.0
700.0,578.0
700.0,594.0
700.0,605.0
700.0,674.0
729.0,700.0
765.0,700.0
772.0,700.0
912.0,700.0
934.0,700.0
942.0,700.0
701.0,42.0
701.0,87.0
701.0,326.0
701.0,354.0
701.0,466.0
701.0,513.0
701.0,528.0
701.0,557.0
701.0,576.0
701.0,660.0
701.0,676.0
726.0,701.0
816.0,701.0
823.0,701.0
837.0,701.0
702.0,104.0
702.0,106.0
702.0,115.0
702.0,185.0
702.0,237.0
702.0,301.0
702.0,334.0
702.0,511.0
979.0,702.0
703.0,35.0
703.0,47.0
703.0,160.0
703.0,232.0
703.0,332.0
703.0,335.0
703.0,366.0
703.0,472.0
703.0,480.0
703.0,569.0
804.0,703.0
832.0,703.0
976.0,703.0
704.0,206.0
704.0,223.0
704.0,353.0
704.0,456.0
704.0,619.0
709.0,704.0
716.0,704.0
857.0,704.0
925.0,704.0
705.0,139.0
705.0,159.0
705.0,213.0
705.0,299.0
705.0,350.0
705.0,387.0
705.0,550.0
705.0,577.0
705.0,589.0
808.0,705.0
854.0,705.0
885.0,705.0
901.0,705.0
706.0,95.0
706.0,440.0
706.0,477.0
706.0,539.0
706.0,566.0
706.0,596.0
714.0,706.0
819.0,706.0
864.0,706.0
927.0,706.0
980.0,706.0
707.0,2.0
707.0,174.0
707.0,225.0
707.0,248.0
707.0,274.0
707.0,553.0
837.0,707.0
927.0,707.0
708.0,65.0
708.0,263.0
708.0,515.0
708.0,550.0
708.0,575.0
738.0,708.0
881.0,708.0
709.0,18.0
709.0,74.0
709.0,125.0
709.0,249.0
709.0,336.0
709.0,658.0
709.0,675.0
745.0,709.0
908.0,709.0
710.0,56.0
710.0,60.0
710.0,479.0
710.0,563.0
710.0,707.0
756.0,710.0
800.0,710.0
864.0,710.0
895.0,710.0
711.0,17.0
711.0,116.0
711.0,194.0
711.0,209.0
711.0,320.0
711.0,369.0
711.0,390.0
711.0,437.0
711.0,468.0
711.0,503.0
711.0,576.0
748.0,711.0
783.0,711.0
865.0,711.0
902.0,711.0
911.0,711.0
949.0,711.0
712.0,56.0
712.0,75.0
712.0,118.0
712.0,260.0
712.0,517.0
730.0,712.0
746.0,712.0
713.0,89.0
713.0,96.0
713.0,296.0
713.0,416.0
713.0,481.0
713.0,503.0
713.0,533.0
713.0,557.0
713.0,619.0
713.0,623.0
713.0,702.0
746.0,713.0
775.0,713.0
792.0,713.0
714.0,99.0
714.0,116.0
714.0,285.0
714.0,298.0
714.0,369.0
714.0,417.0
714.0,496.0
714.0,710.0
853.0,714.0
715.0,49.0
715.0,266.0
715.0,281.0
715.0,296.0
715.0,421.0
715.0,527.0
772.0,715.0
883.0,715.0
885.0,715.0
906.0,715.0
942.0,715.0
975.0,715.0
716.0,48.0
716.0,112.0
716.0,128.0
716.0,304.0
716.0,307.0
716.0,350.0
716.0,444.0
716.0,620.0
716.0,672.0
716.0,678.0
716.0,707.0
758.0,716.0
783.0,716.0
797.0,716.0
935.0,716.0
949.0,716.0
717.0,177.0
717.0,246.0
717.0,301.0
717.0,324.0
717.0,548.0
717.0,614.0
756.0,717.0
757.0,717.0
767.0,717.0
813.0,717.0
917.0,717.0
718.0,38.0
718.0,90.0
718.0,121.0
718.0,185.0
718.0,471.0
718.0,474.0
718.0,505.0
718.0,623.0
718.0,692.0
718.0,717.0
732.0,718.0
847.0,718.0
897.0,718.0
719.0,1.0
719.0,77.0
719.0,95.0
719.0,216.0
719.0,225.0
719.0,228.0
719.0,540.0
719.0,637.0
719.0,690.0
789.0,719.0
801.0,719.0
814.0,719.0
949.0,719.0
720.0,62.0
720.0,131.0
720.0,190.0
720.0,204.0
720.0,277.0
720.0,479.0
720.0,483.0
720.0,497.0
720.0,689.0
723.0,720.0
791.0,720.0
913.0,720.0
919.0,720.0
721.0,245.0
721.0,261.0
721.0,453.0
721.0,633.0
777.0,721.0
857.0,721.0
722.0,74.0
722.0,82.0
722.0,117.0
722.0,124.0
722.0,294.0
722.0,320.0
722.0,491.0
722.0,711.0
745.0,722.0
962.0,722.0
974.0,722.0
723.0,6.0
723.0,16.0
723.0,42.0
723.0,295.0
723.0,382.0
723.0,471.0
723.0,485.0
723.0,490.0
723.0,541.0
723.0,544.0
723.0,569.0
723.0,605.0
723.0,696.0
834.0,723.0
897.0,723.0
919.0,723.0
920.0,723.0
962.0,723.0
724.0,3.0
724.0,25.0
724.0,27.0
724.0,44.0
724.0,190.0
724.0,231.0
724.0,278.0
724.0,381.0
724.0,473.0
724.0,556.0
724.0,604.0
724.0,667.0
751.0,724.0
891.0,724.0
983.0,724.0
725.0,150.0
725.0,180.0
725.0,498.0
725.0,534.0
725.0,591.0
725.0,599.0
725.0,640.0
725.0,701.0
725.0,720.0
914.0,725.0
940.0,725.0
726.0,197.0
726.0,235.0
726.0,236.0
839.0,726.0
727.0,50.0
727.0,57.0
727.0,115.0
727.0,132.0
727.0,270.0
727.0,302.0
727.0,346.0
727.0,701.0
754.0,727.0
766.0,727.0
845.0,727.0
848.0,727.0
866.0,727.0
728.0,172.0
728.0,350.0
728.0,453.0
728.0,508.0
728.0,514.0
869.0,728.0
872.0,728.0
729.0,20.0
729.0,66.0
729.0,411.0
729.0,550.0
729.0,565.0
729.0,594.0
729.0,609.0
729.0,641.0
729.0,685.0
729.0,725.0
888.0,729.0
903.0,729.0
730.0,126.0
730.0,201.0
730.0,204.0
730.0,328.0
730.0,505.0
730.0,585.0
730.0,598.0
730.0,617.0
730.0,648.0
730.0,680.0
730.0,687.0
730.0,694.0
730.0,727.0
769.0,730.0
731.0,65.0
731.0,169.0
731.0,178.0
731.0,215.0
731.0,230.0
731.0,231.0
731.0,280.0
731.0,639.0
767.0,731.0
858.0,731.0
965.0,731.0
732.0,18.0
732.0,130.0
732.0,133.0
732.0,197.0
732.0,249.0
732.0,452.0
732.0,506.0
732.0,511.0
732.0,545.0
732.0,570.0
732.0,683.0
979.0,732.0
733.0,311.0
733.0,336.0
733.0,368.0
733.0,399.0
733.0,467.0
733.0,620.0
747.0,733.0
881.0,733.0
901.0,733.0
906.0,733.0
951.0,733.0
734.0,24.0
734.0,112.0
734.0,129.0
734.0,204.0
734.0,213.0
734.0,241.0
734.0,244.0
734.0,313.0
734.0,452.0
734.0,487.0
734.0,489.0
734.0,531.0
734.0,685.0
875.0,734.0
735.0,15.0
735.0,52.0
735.0,192.0
735.0,194.0
735.0,349.0
735.0,385.0
735.0,411.0
735.0,567.0
735.0,573.0
735.0,613.0
771.0,735.0
885.0,735.0
736.0,165.0
736.0,299.0
736.0,333.0
736.0,397.0
736.0,433.0
736.0,494.0
736.0,594.0
736.0,600.0
736.0,607.0
969.0,736.0
737.0,33.0
737.0,145.0
737.0,163.0
737.0,216.0
737.0,383.0
737.0,471.0
737.0,479.0
737.0,573.0
737.0,625.0
943.0,737.0
738.0,75.0
738.0,128.0
738.0,177.0
738.0,342.0
738.0,417.0
738.0,556.0
738.0,682.0
738.0,705.0
754.0,738.0
792.0,738.0
803.0,738.0
815.0,738.0
886.0,738.0
901.0,738.0
929.0,738.0
935.0,738.0
941.0,738.0
950.0,738.0
976.0,738.0
739.0,10.0
739.0,96.0
739.0,219.0
739.0,220.0
739.0,226.0
739.0,355.0
739.0,398.0
739.0,504.0
739.0,512.0
739.0,631.0
739.0,649.0
739.0,728.0
739.0,731.0
788.0,739.0
740.0,31.0
740.0,116.0
740.0,171.0
740.0,202.0
740.0,320.0
740.0,346.0
740.0,398.0
740.0,522.0
740.0,529.0
740.0,542.0
740.0,557.0
740.0,563.0
740.0,568.0
740.0,603.0
817.0,740.0
889.0,740.0
741.0,101.0
741.0,175.0
741.0,207.0
741.0,279.0
741.0,289.0
741.0,456.0
741.0,476.0
741.0,576.0
741.0,623.0
741.0,647.0
741.0,679.0
742.0,104.0
742.0,209.0
742.0,302.0
742.0,366.0
742.0,381.0
742.0,402.0
742.0,429.0
742.0,579.0
742.0,621.0
742.0,687.0
879.0,742.0
743.0,38.0
743.0,52.0
743.0,181.0
743.0,191.0
743.0,227.0
743.0,340.0
743.0,436.0
743.0,478.0
743.0,488.0
743.0,489.0
743.0,570.0
743.0,606.0
743.0,622.0
743.0,738.0
743.0,739.0
816.0,743.0
863.0,743.0
897.0,743.0
975.0,743.0
744.0,162.0
744.0,192.0
744.0,233.0
744.0,564.0
744.0,595.0
744.0,628.0
744.0,684.0
744.0,708.0
868.0,744.0
957.0,744.0
745.0,118.0
745.0,120.0
745.0,179.0
745.0,248.0
745.0,367.0
745.0,508.0
745.0,616.0
745.0,666.0
745.0,699.0
783.0,745.0
847.0,745.0
946.0,745.0
974.0,745.0
983.0,745.0
746.0,51.0
746.0,303.0
746.0,306.0
746.0,400.0
746.0,528.0
746.0,568.0
746.0,637.0
746.0,699.0
746.0,706.0
758.0,746.0
812.0,746.0
907.0,746.0
955.0,746.0
747.0,152.0
747.0,154.0
747.0,187.0
747.0,266.0
747.0,360.0
747.0,422.0
747.0,492.0
747.0,535.0
747.0,607.0
747.0,677.0
747.0,692.0
747.0,695.0
756.0,747.0
795.0,747.0
748.0,50.0
748.0,106.0
748.0,298.0
748.0,348.0
748.0,546.0
748.0,607.0
752.0,748.0
860.0,748.0
904.0,748.0
968.0,748.0
749.0,51.0
749.0,269.0
749.0,303.0
749.0,477.0
749.0,607.0
845.0,749.0
957.0,749.0
750.0,84.0
750.0,96.0
750.0,143.0
750.0,190.0
750.0,264.0
750.0,337.0
750.0,412.0
750.0,440.0
750.0,549.0
750.0,555.0
750.0,576.0
942.0,750.0
751.0,198.0
751.0,232.0
751.0,679.0
852.0,751.0
865.0,751.0
891.0,751.0
752.0,125.0
752.0,191.0
752.0,204.0
752.0,362.0
752.0,418.0
752.0,447.0
752.0,523.0
752.0,556.0
752.0,684.0
752.0,750.0
796.0,752.0
798.0,752.0
865.0,752.0
901.0,752.0
753.0,53.0
753.0,115.0
753.0,130.0
753.0,305.0
753.0,416.0
753.0,427.0
753.0,526.0
753.0,532.0
753.0,699.0
817.0,753.0
840.0,753.0
851.0,753.0
864.0,753.0
754.0,124.0
754.0,144.0
754.0,327.0
754.0,385.0
754.0,436.0
754.0,445.0
754.0,509.0
754.0,512.0
754.0,515.0
754.0,530.0
754.0,634.0
754.0,665.0
754.0,736.0
799.0,754.0
830.0,754.0
872.0,754.0
884.0,754.0
932.0,754.0
755.0,46.0
755.0,116.0
755.0,125.0
755.0,164.0
755.0,172.0
755.0,184.0
755.0,220.0
755.0,281.0
755.0,385.0
755.0,548.0
778.0,755.0
782.0,755.0
786.0,755.0
813.0,755.0
913.0,755.0
963.0,755.0
756.0,2.0
756.0,377.0
756.0,507.0
756.0,524.0
756.0,600.0
756.0,636.0
756.0,649.0
756.0,695.0
756.0,728.0
760.0,756.0
919.0,756.0
925.0,756.0
757.0,65.0
757.0,90.0
757.0,93.0
757.0,234.0
757.0,250.0
757.0,434.0
757.0,561.0
757.0,628.0
757.0,701.0
771.0,757.0
839.0,757.0
758.0,21.0
758.0,30.0
758.0,65.0
758.0,179.0
758.0,219.0
758.0,265.0
758.0,364.0
758.0,376.0
758.0,464.0
758.0,508.0
830.0,758.0
857.0,758.0
925.0,758.0
978.0,758.0
759.0,12.0
759.0,245.0
759.0,452.0
759.0,526.0
759.0,587.0
759.0,593.0
759.0,730.0
759.0,740.0
762.0,759.0
793.0,759.0
799.0,759.0
870.0,759.0
760.0,163.0
760.0,287.0
760.0,342.0
760.0,372.0
760.0,415.0
760.0,565.0
760.0,638.0
760.0,639.0
760.0,688.0
760.0,742.0
886.0,760.0
944.0,760.0
761.0,39.0
761.0,58.0
761.0,92.0
761.0,98.0
761.0,138.0
761.0,157.0
761.0,189.0
761.0,256.0
761.0,319.0
761.0,523.0
761.0,541.0
761.0,549.0
820.0,761.0
877.0,761.0
762.0,555.0
783.0,762.0
795.0,762.0
916.0,762.0
974.0,762.0
980.0,762.0
763.0,8.0
763.0,68.0
763.0,110.0
763.0,156.0
763.0,184.0
763.0,302.0
763.0,332.0
763.0,379.0
763.0,544.0
763.0,627.0
763.0,674.0
763.0,696.0
791.0,763.0
818.0,763.0
764.0,92.0
764.0,220.0
764.0,284.0
764.0,288.0
764.0,323.0
764.0,352.0
764.0,446.0
764.0,739.0
764.0,742.0
764.0,763.0
837.0,764.0
862.0,764.0
865.0,764.0
884.0,764.0
765.0,37.0
765.0,199.0
765.0,211.0
765.0,290.0
765.0,516.0
765.0,535.0
847.0,765.0
878.0,765.0
766.0,0.0
766.0,82.0
766.0,98.0
766.0,166.0
766.0,189.0
766.0,191.0
766.0,217.0
766.0,273.0
766.0,275.0
766.0,290.0
766.0,497.0
766.0,543.0
766.0,615.0
766.0,737.0
782.0,766.0
818.0,766.0
767.0,42.0
767.0,73.0
767.0,81.0
767.0,146.0
767.0,147.0
767.0,204.0
767.0,493.0
767.0,548.0
767.0,553.0
767.0,694.0
767.0,705.0
767.0,740.0
778.0,767.0
823.0,767.0
861.0,767.0
886.0,767.0
914.0,767.0
768.0,14.0
768.0,60.0
768.0,71.0
768.0,231.0
768.0,274.0
768.0,308.0
768.0,324.0
768.0,350.0
768.0,446.0
768.0,596.0
768.0,742.0
768.0,764.0
932.0,768.0
769.0,75.0
769.0,85.0
769.0,108.0
769.0,294.0
769.0,301.0
769.0,390.0
769.0,401.0
769.0,425.0
769.0,444.0
769.0,618.0
769.0,669.0
769.0,681.0
769.0,684.0
801.0,769.0
918.0,769.0
770.0,5.0
770.0,75.0
770.0,247.0
770.0,259.0
770.0,491.0
770.0,520.0
770.0,595.0
770.0,598.0
770.0,656.0
835.0,770.0
859.0,770.0
950.0,770.0
771.0,73.0
771.0,139.0
771.0,185.0
771.0,215.0
771.0,486.0
771.0,654.0
771.0,686.0
939.0,771.0
960.0,771.0
772.0,76.0
772.0,132.0
772.0,157.0
772.0,159.0
772.0,160.0
772.0,189.0
772.0,318.0
772.0,377.0
772.0,405.0
772.0,414.0
772.0,499.0
772.0,548.0
772.0,553.0
772.0,565.0
772.0,681.0
772.0,701.0
772.0,738.0
777.0,772.0
872.0,772.0
773.0,320.0
773.0,351.0
773.0,399.0
773.0,408.0
773.0,444.0
773.0,557.0
773.0,591.0
773.0,596.0
773.0,712.0
781.0,773.0
774.0,23.0
774.0,99.0
774.0,111.0
774.0,187.0
774.0,285.0
774.0,461.0
774.0,473.0
774.0,483.0
774.0,498.0
774.0,680.0
774.0,729.0
931.0,774.0
775.0,19.0
775.0,100.0
775.0,220.0
775.0,286.0
775.0,358.0
775.0,520.0
775.0,576.0
775.0,593.0
775.0,601.0
775.0,606.0
775.0,645.0
775.0,711.0
890.0,775.0
951.0,775.0
953.0,775.0
956.0,775.0
776.0,75.0
776.0,95.0
776.0,97.0
776.0,295.0
776.0,315.0
776.0,449.0
776.0,458.0
776.0,492.0
776.0,774.0
788.0,776.0
777.0,4.0
777.0,59.0
777.0,106.0
777.0,135.0
777.0,331.0
777.0,416.0
777.0,496.0
777.0,501.0
777.0,762.0
876.0,777.0
915.0,777.0
954.0,777.0
978.0,777.0
778.0,428.0
778.0,767.0
817.0,778.0
828.0,778.0
944.0,778.0
951.0,778.0
952.0,778.0
779.0,134.0
779.0,248.0
779.0,252.0
779.0,338.0
779.0,405.0
779.0,536.0
779.0,588.0
779.0,718.0
779.0,735.0
943.0,779.0
780.0,163.0
780.0,208.0
780.0,309.0
780.0,335.0
780.0,373.0
838.0,780.0
951.0,780.0
781.0,118.0
781.0,244.0
781.0,314.0
781.0,474.0
781.0,492.0
781.0,548.0
781.0,606.0
781.0,654.0
781.0,763.0
853.0,781.0
921.0,781.0
966.0,781.0
782.0,2.0
782.0,34.0
782.0,65.0
782.0,131.0
782.0,147.0
782.0,280.0
782.0,338.0
782.0,412.0
782.0,540.0
782.0,543.0
782.0,575.0
782.0,658.0
782.0,674.0
830.0,782.0
940.0,782.0
783.0,119.0
783.0,189.0
783.0,251.0
783.0,443.0
976.0,783.0
784.0,30.0
784.0,41.0
784.0,80.0
784.0,529.0
784.0,655.0
784.0,686.0
784.0,751.0
807.0,784.0
824.0,784.0
932.0,784.0
785.0,9.0
785.0,148.0
785.0,189.0
785.0,370.0
785.0,436.0
785.0,442.0
785.0,510.0
785.0,634.0
785.0,683.0
860.0,785.0
921.0,785.0
786.0,42.0
786.0,246.0
786.0,350.0
786.0,430.0
786.0,470.0
786.0,581.0
786.0,644.0
786.0,661.0
786.0,742.0
787.0,15.0
787.0,312.0
787.0,367.0
787.0,508.0
787.0,514.0
787.0,606.0
787.0,703.0
787.0,778.0
985.0,787.0
788.0,62.0
788.0,274.0
788.0,386.0
788.0,391.0
788.0,442.0
788.0,464.0
788.0,665.0
788.0,696.0
788.0,703.0
788.0,712.0
788.0,734.0
788.0,762.0
851.0,788.0
789.0,291.0
789.0,336.0
789.0,435.0
789.0,512.0
789.0,534.0
789.0,680.0
798.0,789.0
836.0,789.0
837.0,789.0
873.0,789.0
790.0,5.0
790.0,91.0
790.0,483.0
790.0,571.0
790.0,592.0
790.0,727.0
790.0,781.0
790.0,788.0
827.0,790.0
852.0,790.0
905.0,790.0
967.0,790.0
979.0,790.0
791.0,98.0
791.0,107.0
791.0,147.0
791.0,160.0
791.0,268.0
791.0,285.0
791.0,305.0
791.0,446.0
791.0,606.0
791.0,766.0
791.0,771.0
802.0,791.0
911.0,791.0
792.0,67.0
792.0,210.0
792.0,231.0
792.0,282.0
792.0,593.0
792.0,635.0
792.0,672.0
809.0,792.0
952.0,792.0
953.0,792.0
972.0,792.0
793.0,68.0
793.0,146.0
793.0,248.0
793.0,418.0
793.0,421.0
793.0,440.0
793.0,523.0
793.0,568.0
793.0,736.0
793.0,750.0
793.0,772.0
793.0,789.0
841.0,793.0
898.0,793.0
794.0,81.0
794.0,149.0
794.0,315.0
794.0,340.0
794.0,377.0
794.0,404.0
794.0,428.0
794.0,514.0
794.0,568.0
941.0,794.0
947.0,794.0
795.0,12.0
795.0,16.0
795.0,118.0
795.0,137.0
795.0,385.0
795.0,389.0
795.0,508.0
795.0,562.0
795.0,613.0
795.0,617.0
795.0,724.0
795.0,738.0
796.0,795.0
798.0,795.0
835.0,795.0
866.0,795.0
872.0,795.0
936.0,795.0
796.0,131.0
796.0,330.0
796.0,411.0
796.0,427.0
796.0,536.0
796.0,545.0
796.0,627.0
796.0,657.0
796.0,733.0
834.0,796.0
797.0,1.0
797.0,87.0
797.0,184.0
797.0,339.0
797.0,427.0
797.0,434.0
797.0,474.0
797.0,526.0
797.0,625.0
797.0,712.0
837.0,797.0
845.0,797.0
876.0,797.0
928.0,797.0
798.0,49.0
798.0,115.0
798.0,121.0
798.0,152.0
798.0,180.0
798.0,342.0
798.0,397.0
798.0,405.0
798.0,531.0
798.0,558.0
798.0,591.0
798.0,605.0
798.0,773.0
826.0,798.0
922.0,798.0
799.0,26.0
799.0,64.0
799.0,118.0
799.0,345.0
799.0,442.0
799.0,446.0
799.0,535.0
799.0,550.0
799.0,653.0
799.0,691.0
799.0,762.0
799.0,767.0
799.0,779.0
799.0,787.0
825.0,799.0
888.0,799.0
930.0,799.0
938.0,799.0
800.0,77.0
800.0,231.0
800.0,247.0
800.0,273.0
800.0,439.0
800.0,567.0
800.0,633.0
800.0,737.0
818.0,800.0
853.0,800.0
874.0,800.0
975.0,800.0
801.0,30.0
801.0,101.0
801.0,216.0
801.0,264.0
801.0,291.0
801.0,299.0
801.0,466.0
801.0,473.0
801.0,533.0
807.0,801.0
851.0,801.0
853.0,801.0
890.0,801.0
913.0,801.0
969.0,801.0
802.0,57.0
802.0,95.0
802.0,119.0
802.0,260.0
802.0,272.0
802.0,323.0
802.0,460.0
802.0,480.0
802.0,516.0
802.0,682.0
802.0,766.0
983.0,802.0
803.0,40.0
803.0,47.0
803.0,259.0
803.0,337.0
803.0,449.0
803.0,472.0
803.0,532.0
803.0,574.0
803.0,692.0
803.0,703.0
804.0,51.0
804.0,124.0
804.0,173.0
804.0,187.0
804.0,197.0
804.0,353.0
804.0,446.0
804.0,481.0
804.0,488.0
804.0,505.0
804.0,601.0
804.0,724.0
820.0,804.0
805.0,121.0
805.0,144.0
805.0,152.0
805.0,229.0
805.0,319.0
805.0,357.0
805.0,374.0
805.0,399.0
805.0,441.0
805.0,605.0
805.0,688.0
807.0,805.0
815.0,805.0
959.0,805.0
806.0,258.0
806.0,335.0
806.0,500.0
806.0,702.0
813.0,806.0
891.0,806.0
905.0,806.0
909.0,806.0
921.0,806.0
807.0,88.0
807.0,214.0
807.0,280.0
807.0,340.0
807.0,395.0
807.0,413.0
807.0,463.0
807.0,548.0
807.0,599.0
807.0,603.0
807.0,604.0
807.0,648.0
807.0,663.0
807.0,711.0
858.0,807.0
808.0,143.0
808.0,242.0
808.0,412.0
808.0,457.0
808.0,543.0
808.0,553.0
808.0,572.0
808.0,670.0
808.0,727.0
808.0,747.0
871.0,808.0
809.0,195.0
809.0,331.0
809.0,391.0
809.0,456.0
809.0,627.0
809.0,639.0
809.0,701.0
809.0,714.0
809.0,733.0
936.0,809.0
938.0,809.0
810.0,69.0
810.0,139.0
810.0,174.0
810.0,248.0
810.0,327.0
810.0,388.0
810.0,559.0
810.0,582.0
810.0,624.0
810.0,643.0
810.0,693.0
810.0,791.0
826.0,810.0
851.0,810.0
859.0,810.0
963.0,810.0
811.0,10.0
811.0,26.0
811.0,302.0
811.0,388.0
811.0,453.0
811.0,506.0
811.0,634.0
811.0,709.0
943.0,811.0
812.0,20.0
812.0,122.0
812.0,144.0
812.0,157.0
812.0,365.0
812.0,485.0
812.0,499.0
812.0,573.0
812.0,625.0
817.0,812.0
823.0,812.0
909.0,812.0
985.0,812.0
813.0,102.0
813.0,412.0
813.0,416.0
813.0,433.0
813.0,485.0
813.0,497.0
813.0,522.0
813.0,606.0
813.0,667.0
813.0,672.0
813.0,775.0
813.0,786.0
948.0,813.0
814.0,187.0
814.0,233.0
814.0,249.0
814.0,373.0
814.0,376.0
814.0,490.0
814.0,497.0
814.0,569.0
814.0,740.0
814.0,754.0
814.0,757.0
879.0,814.0
815.0,19.0
815.0,59.0
815.0,224.0
815.0,237.0
815.0,259.0
815.0,268.0
815.0,316.0
815.0,329.0
815.0,354.0
815.0,415.0
815.0,440.0
815.0,457.0
815.0,575.0
815.0,635.0
815.0,779.0
815.0,794.0
872.0,815.0
882.0,815.0
979.0,815.0
816.0,109.0
816.0,178.0
816.0,187.0
816.0,285.0
816.0,519.0
816.0,557.0
816.0,597.0
816.0,667.0
897.0,816.0
909.0,816.0
958.0,816.0
817.0,94.0
817.0,136.0
817.0,239.0
817.0,344.0
817.0,388.0
817.0,500.0
817.0,592.0
817.0,663.0
817.0,664.0
817.0,666.0
857.0,817.0
818.0,30.0
818.0,41.0
818.0,89.0
818.0,103.0
818.0,184.0
818.0,225.0
818.0,282.0
818.0,421.0
818.0,448.0
818.0,509.0
818.0,746.0
906.0,818.0
947.0,818.0
983.0,818.0
819.0,37.0
819.0,119.0
819.0,243.0
819.0,310.0
819.0,411.0
819.0,423.0
819.0,453.0
819.0,475.0
939.0,819.0
941.0,819.0
820.0,40.0
820.0,170.0
820.0,441.0
820.0,489.0
820.0,746.0
820.0,811.0
835.0,820.0
821.0,4.0
821.0,23.0
821.0,36.0
821.0,39.0
821.0,48.0
821.0,49.0
821.0,172.0
821.0,210.0
821.0,414.0
821.0,421.0
821.0,615.0
821.0,640.0
821.0,647.0
821.0,715.0
863.0,821.0
887.0,821.0
936.0,821.0
822.0,13.0
822.0,62.0
822.0,83.0
822.0,98.0
822.0,117.0
822.0,159.0
822.0,175.0
822.0,331.0
822.0,454.0
822.0,459.0
822.0,465.0
822.0,555.0
822.0,611.0
822.0,742.0
823.0,4.0
823.0,142.0
823.0,211.0
823.0,237.0
823.0,360.0
823.0,416.0
823.0,756.0
853.0,823.0
824.0,15.0
824.0,51.0
824.0,120.0
824.0,224.0
824.0,354.0
824.0,388.0
824.0,394.0
824.0,418.0
824.0,430.0
824.0,543.0
824.0,615.0
824.0,684.0
825.0,97.0
825.0,353.0
825.0,441.0
825.0,466.0
825.0,498.0
825.0,520.0
825.0,577.0
825.0,584.0
825.0,605.0
825.0,655.0
825.0,661.0
865.0,825.0
826.0,96.0
826.0,122.0
826.0,126.0
826.0,306.0
826.0,465.0
826.0,675.0
826.0,712.0
858.0,826.0
920.0,826.0
949.0,826.0
963.0,826.0
827.0,74.0
827.0,111.0
827.0,323.0
827.0,390.0
827.0,449.0
827.0,489.0
827.0,586.0
827.0,641.0
827.0,650.0
827.0,672.0
827.0,676.0
827.0,689.0
827.0,703.0
827.0,780.0
871.0,827.0
896.0,827.0
921.0,827.0
960.0,827.0
828.0,29.0
828.0,38.0
828.0,148.0
828.0,201.0
828.0,359.0
828.0,361.0
828.0,373.0
828.0,640.0
828.0,699.0
840.0,828.0
936.0,828.0
829.0,80.0
829.0,104.0
829.0,124.0
829.0,137.0
829.0,205.0
829.0,251.0
829.0,332.0
829.0,398.0
829.0,453.0
829.0,503.0
829.0,509.0
829.0,551.0
829.0,570.0
829.0,573.0
829.0,584.0
881.0,829.0
975.0,829.0
976.0,829.0
830.0,109.0
830.0,205.0
830.0,238.0
830.0,265.0
830.0,332.0
830.0,371.0
830.0,442.0
830.0,549.0
830.0,554.0
830.0,568.0
830.0,643.0
865.0,830.0
831.0,10.0
831.0,172.0
831.0,174.0
831.0,207.0
831.0,265.0
831.0,328.0
831.0,344.0
831.0,352.0
831.0,357.0
831.0,489.0
831.0,511.0
831.0,595.0
832.0,280.0
832.0,468.0
832.0,500.0
832.0,631.0
909.0,832.0
833.0,12.0
833.0,74.0
833.0,110.0
833.0,171.0
833.0,220.0
833.0,235.0
833.0,301.0
833.0,386.0
833.0,421.0
833.0,422.0
833.0,470.0
833.0,617.0
833.0,674.0
833.0,701.0
833.0,805.0
935.0,833.0
834.0,33.0
834.0,43.0
834.0,230.0
834.0,318.0
834.0,337.0
834.0,375.0
834.0,396.0
834.0,403.0
834.0,454.0
834.0,577.0
834.0,605.0
834.0,646.0
834.0,716.0
834.0,730.0
834.0,735.0
834.0,763.0
932.0,834.0
983.0,834.0
835.0,37.0
835.0,79.0
835.0,262.0
835.0,331.0
835.0,437.0
835.0,489.0
835.0,607.0
835.0,612.0
835.0,765.0
835.0,834.0
944.0,835.0
836.0,102.0
836.0,146.0
836.0,149.0
836.0,224.0
836.0,248.0
836.0,267.0
836.0,435.0
836.0,706.0
836.0,780.0
860.0,836.0
890.0,836.0
902.0,836.0
912.0,836.0
837.0,8.0
837.0,71.0
837.0,92.0
837.0,218.0
837.0,223.0
837.0,310.0
837.0,323.0
837.0,382.0
837.0,411.0
837.0,427.0
837.0,445.0
837.0,538.0
837.0,686.0
837.0,731.0
837.0,773.0
837.0,802.0
837.0,816.0
838.0,837.0
849.0,837.0
867.0,837.0
900.0,837.0
924.0,837.0
985.0,837.0
838.0,29.0
838.0,72.0
838.0,309.0
838.0,327.0
838.0,363.0
838.0,461.0
838.0,570.0
838.0,571.0
838.0,621.0
838.0,662.0
838.0,671.0
838.0,702.0
838.0,728.0
838.0,750.0
840.0,838.0
864.0,838.0
867.0,838.0
839.0,52.0
839.0,148.0
839.0,225.0
839.0,318.0
839.0,472.0
839.0,634.0
839.0,774.0
839.0,805.0
966.0,839.0
840.0,5.0
840.0,181.0
840.0,209.0
840.0,291.0
840.0,414.0
840.0,577.0
840.0,582.0
840.0,607.0
840.0,633.0
840.0,741.0
840.0,749.0
911.0,840.0
914.0,840.0
841.0,54.0
841.0,123.0
841.0,142.0
841.0,151.0
841.0,154.0
841.0,218.0
841.0,310.0
841.0,359.0
910.0,841.0
929.0,841.0
930.0,841.0
958.0,841.0
842.0,15.0
842.0,49.0
842.0,108.0
842.0,151.0
842.0,260.0
842.0,330.0
842.0,356.0
842.0,451.0
842.0,471.0
842.0,536.0
842.0,633.0
842.0,707.0
842.0,838.0
843.0,198.0
843.0,304.0
843.0,474.0
843.0,576.0
843.0,718.0
843.0,774.0
843.0,820.0
843.0,828.0
856.0,843.0
924.0,843.0
947.0,843.0
844.0,57.0
844.0,66.0
844.0,74.0
844.0,129.0
844.0,162.0
844.0,280.0
844.0,304.0
844.0,340.0
844.0,391.0
844.0,417.0
844.0,474.0
844.0,582.0
844.0,600.0
844.0,696.0
844.0,725.0
844.0,767.0
844.0,808.0
865.0,844.0
929.0,844.0
954.0,844.0
845.0,46.0
845.0,81.0
845.0,160.0
845.0,320.0
845.0,469.0
845.0,478.0
845.0,759.0
845.0,784.0
861.0,845.0
846.0,70.0
846.0,260.0
846.0,275.0
846.0,280.0
846.0,345.0
846.0,605.0
846.0,638.0
846.0,655.0
885.0,846.0
914.0,846.0
922.0,846.0
930.0,846.0
847.0,14.0
847.0,48.0
847.0,271.0
847.0,339.0
847.0,373.0
847.0,484.0
847.0,496.0
847.0,534.0
847.0,643.0
847.0,664.0
847.0,708.0
847.0,823.0
903.0,847.0
848.0,9.0
848.0,181.0
848.0,202.0
848.0,359.0
848.0,374.0
848.0,461.0
848.0,506.0
848.0,542.0
848.0,636.0
848.0,717.0
848.0,737.0
848.0,747.0
848.0,800.0
849.0,24.0
849.0,123.0
849.0,201.0
849.0,257.0
849.0,324.0
849.0,363.0
849.0,374.0
849.0,587.0
849.0,700.0
850.0,37.0
850.0,156.0
850.0,205.0
850.0,272.0
850.0,281.0
850.0,359.0
850.0,407.0
850.0,547.0
850.0,570.0
850.0,584.0
850.0,761.0
850.0,767.0
850.0,785.0
850.0,787.0
908.0,850.0
933.0,850.0
946.0,850.0
948.0,850.0
963.0,850.0
851.0,45.0
851.0,206.0
851.0,298.0
851.0,360.0
851.0,467.0
851.0,469.0
851.0,651.0
851.0,670.0
851.0,683.0
851.0,779.0
852.0,16.0
852.0,79.0
852.0,127.0
852.0,192.0
852.0,363.0
852.0,371.0
852.0,407.0
852.0,492.0
852.0,557.0
852.0,587.0
852.0,608.0
852.0,739.0
852.0,817.0
888.0,852.0
853.0,134.0
853.0,391.0
853.0,425.0
853.0,539.0
853.0,592.0
853.0,633.0
853.0,657.0
853.0,734.0
853.0,769.0
853.0,790.0
853.0,796.0
853.0,816.0
853.0,829.0
854.0,23.0
854.0,35.0
854.0,51.0
854.0,55.0
854.0,70.0
854.0,114.0
854.0,184.0
854.0,242.0
854.0,282.0
854.0,474.0
854.0,676.0
854.0,710.0
854.0,736.0
854.0,739.0
859.0,854.0
855.0,27.0
855.0,97.0
855.0,122.0
855.0,164.0
855.0,177.0
855.0,314.0
855.0,401.0
855.0,618.0
855.0,647.0
855.0,816.0
855.0,829.0
893.0,855.0
901.0,855.0
916.0,855.0
856.0,36.0
856.0,289.0
856.0,420.0
856.0,549.0
856.0,587.0
856.0,656.0
856.0,657.0
856.0,754.0
856.0,755.0
927.0,856.0
929.0,856.0
962.0,856.0
979.0,856.0
857.0,32.0
857.0,105.0
857.0,134.0
857.0,151.0
857.0,170.0
857.0,252.0
857.0,305.0
857.0,343.0
857.0,365.0
857.0,372.0
857.0,388.0
857.0,412.0
857.0,462.0
857.0,464.0
857.0,482.0
857.0,640.0
857.0,713.0
857.0,774.0
911.0,857.0
858.0,27.0
858.0,93.0
858.0,132.0
858.0,136.0
858.0,161.0
858.0,171.0
858.0,305.0
858.0,341.0
858.0,370.0
858.0,385.0
858.0,470.0
858.0,490.0
858.0,504.0
858.0,559.0
858.0,615.0
868.0,858.0
939.0,858.0
952.0,858.0
859.0,57.0
859.0,65.0
859.0,78.0
859.0,79.0
859.0,140.0
859.0,178.0
859.0,209.0
859.0,261.0
859.0,269.0
859.0,312.0
859.0,321.0
859.0,411.0
859.0,461.0
859.0,469.0
859.0,506.0
859.0,558.0
859.0,648.0
877.0,859.0
920.0,859.0
860.0,44.0
860.0,141.0
860.0,269.0
860.0,288.0
860.0,325.0
860.0,358.0
860.0,551.0
860.0,604.0
860.0,651.0
860.0,652.0
860.0,786.0
893.0,860.0
967.0,860.0
861.0,184.0
861.0,216.0
861.0,390.0
861.0,453.0
861.0,531.0
861.0,590.0
861.0,630.0
861.0,673.0
953.0,861.0
862.0,127.0
862.0,276.0
862.0,305.0
862.0,318.0
862.0,339.0
862.0,391.0
862.0,426.0
862.0,459.0
862.0,526.0
862.0,692.0
862.0,720.0
862.0,835.0
938.0,862.0
974.0,862.0
863.0,43.0
863.0,163.0
863.0,321.0
863.0,345.0
863.0,468.0
863.0,572.0
863.0,609.0
863.0,655.0
863.0,662.0
863.0,799.0
863.0,834.0
881.0,863.0
936.0,863.0
864.0,107.0
864.0,127.0
864.0,188.0
864.0,252.0
864.0,259.0
864.0,260.0
864.0,338.0
864.0,641.0
864.0,727.0
864.0,774.0
883.0,864.0
932.0,864.0
865.0,199.0
865.0,201.0
865.0,203.0
865.0,309.0
865.0,371.0
865.0,377.0
865.0,453.0
865.0,475.0
892.0,865.0
898.0,865.0
866.0,74.0
866.0,114.0
866.0,289.0
866.0,425.0
866.0,456.0
866.0,489.0
866.0,569.0
866.0,819.0
936.0,866.0
968.0,866.0
867.0,64.0
867.0,124.0
867.0,160.0
867.0,344.0
867.0,455.0
867.0,510.0
867.0,565.0
867.0,568.0
867.0,596.0
867.0,607.0
867.0,631.0
871.0,867.0
974.0,867.0
868.0,150.0
868.0,163.0
868.0,715.0
935.0,868.0
869.0,7.0
869.0,20.0
869.0,40.0
869.0,127.0
869.0,144.0
869.0,655.0
869.0,719.0
869.0,767.0
870.0,245.0
870.0,387.0
870.0,424.0
870.0,442.0
870.0,447.0
870.0,461.0
870.0,810.0
966.0,870.0
971.0,870.0
984.0,870.0
871.0,182.0
871.0,480.0
871.0,525.0
871.0,562.0
871.0,646.0
871.0,650.0
871.0,849.0
871.0,860.0
880.0,871.0
977.0,871.0
872.0,9.0
872.0,109.0
872.0,115.0
872.0,124.0
872.0,132.0
872.0,276.0
872.0,308.0
872.0,315.0
872.0,338.0
872.0,382.0
872.0,396.0
872.0,401.0
872.0,445.0
872.0,534.0
872.0,574.0
872.0,603.0
872.0,634.0
872.0,635.0
872.0,717.0
964.0,872.0
873.0,133.0
873.0,269.0
873.0,335.0
873.0,336.0
873.0,356.0
873.0,470.0
873.0,587.0
873.0,678.0
920.0,873.0
922.0,873.0
927.0,873.0
874.0,181.0
874.0,332.0
874.0,406.0
874.0,450.0
874.0,531.0
874.0,709.0
975.0,874.0
875.0,89.0
875.0,209.0
875.0,326.0
875.0,572.0
875.0,789.0
875.0,802.0
875.0,869.0
876.0,76.0
876.0,125.0
876.0,193.0
876.0,323.0
876.0,346.0
876.0,573.0
876.0,574.0
876.0,575.0
876.0,606.0
876.0,683.0
876.0,716.0
876.0,759.0
877.0,4.0
877.0,104.0
877.0,192.0
877.0,200.0
877.0,306.0
877.0,314.0
877.0,316.0
877.0,342.0
877.0,378.0
877.0,410.0
877.0,492.0
877.0,535.0
877.0,595.0
877.0,773.0
878.0,6.0
878.0,80.0
878.0,173.0
878.0,179.0
878.0,340.0
878.0,456.0
878.0,513.0
878.0,593.0
878.0,622.0
878.0,755.0
878.0,851.0
924.0,878.0
879.0,141.0
879.0,209.0
879.0,242.0
879.0,322.0
879.0,519.0
879.0,562.0
879.0,626.0
879.0,671.0
879.0,746.0
879.0,815.0
946.0,879.0
880.0,7.0
880.0,22.0
880.0,132.0
880.0,135.0
880.0,176.0
880.0,282.0
880.0,305.0
880.0,429.0
880.0,455.0
880.0,494.0
880.0,637.0
880.0,659.0
880.0,664.0
880.0,687.0
880.0,764.0
972.0,880.0
881.0,17.0
881.0,33.0
881.0,81.0
881.0,133.0
881.0,553.0
881.0,580.0
881.0,595.0
881.0,610.0
881.0,740.0
882.0,39.0
882.0,220.0
882.0,316.0
882.0,365.0
882.0,429.0
882.0,488.0
882.0,507.0
882.0,515.0
882.0,543.0
882.0,621.0
882.0,848.0
965.0,882.0
883.0,27.0
883.0,220.0
883.0,273.0
883.0,350.0
883.0,424.0
883.0,515.0
883.0,536.0
883.0,658.0
883.0,702.0
883.0,772.0
883.0,797.0
883.0,821.0
884.0,47.0
884.0,63.0
884.0,198.0
884.0,294.0
884.0,297.0
884.0,336.0
884.0,490.0
884.0,571.0
884.0,589.0
884.0,716.0
884.0,718.0
947.0,884.0
885.0,75.0
885.0,175.0
885.0,197.0
885.0,346.0
885.0,385.0
885.0,466.0
885.0,536.0
885.0,543.0
885.0,624.0
885.0,684.0
885.0,784.0
948.0,885.0
886.0,13.0
886.0,175.0
886.0,177.0
886.0,214.0
886.0,566.0
886.0,751.0
886.0,794.0
886.0,853.0
939.0,886.0
887.0,100.0
887.0,197.0
887.0,200.0
887.0,214.0
887.0,248.0
887.0,380.0
887.0,424.0
887.0,455.0
887.0,548.0
887.0,553.0
887.0,569.0
887.0,711.0
887.0,774.0
887.0,874.0
887.0,883.0
888.0,18.0
888.0,218.0
888.0,350.0
888.0,573.0
888.0,593.0
888.0,690.0
888.0,877.0
888.0,887.0
889.0,82.0
889.0,86.0
889.0,191.0
889.0,283.0
889.0,353.0
889.0,437.0
889.0,558.0
889.0,681.0
889.0,719.0
889.0,773.0
901.0,889.0
917.0,889.0
890.0,65.0
890.0,103.0
890.0,234.0
890.0,409.0
890.0,477.0
890.0,603.0
890.0,632.0
890.0,700.0
890.0,733.0
890.0,749.0
890.0,785.0
891.0,52.0
891.0,262.0
891.0,360.0
891.0,406.0
891.0,479.0
891.0,599.0
891.0,668.0
977.0,891.0
892.0,4.0
892.0,54.0
892.0,93.0
892.0,171.0
892.0,225.0
892.0,233.0
892.0,451.0
892.0,534.0
892.0,598.0
892.0,712.0
892.0,769.0
892.0,800.0
893.0,196.0
893.0,255.0
893.0,299.0
893.0,367.0
893.0,470.0
893.0,522.0
893.0,542.0
893.0,660.0
893.0,751.0
893.0,763.0
893.0,818.0
893.0,840.0
893.0,856.0
893.0,881.0
910.0,893.0
913.0,893.0
985.0,893.0
894.0,49.0
894.0,82.0
894.0,382.0
894.0,430.0
894.0,670.0
894.0,675.0
894.0,772.0
894.0,779.0
894.0,875.0
917.0,894.0
918.0,894.0
895.0,70.0
895.0,128.0
895.0,146.0
895.0,210.0
895.0,265.0
895.0,329.0
895.0,545.0
895.0,875.0
940.0,895.0
896.0,140.0
896.0,278.0
896.0,382.0
896.0,587.0
896.0,659.0
896.0,810.0
896.0,820.0
896.0,859.0
899.0,896.0
897.0,46.0
897.0,290.0
897.0,348.0
897.0,367.0
897.0,428.0
897.0,458.0
897.0,514.0
897.0,545.0
897.0,569.0
897.0,574.0
897.0,585.0
897.0,819.0
897.0,844.0
926.0,897.0
938.0,897.0
898.0,16.0
898.0,32.0
898.0,48.0
898.0,211.0
898.0,225.0
898.0,259.0
898.0,312.0
898.0,432.0
898.0,510.0
898.0,625.0
898.0,750.0
898.0,839.0
898.0,881.0
899.0,23.0
899.0,34.0
899.0,126.0
899.0,151.0
899.0,153.0
899.0,188.0
899.0,329.0
899.0,337.0
899.0,447.0
899.0,477.0
899.0,700.0
899.0,810.0
976.0,899.0
900.0,75.0
900.0,123.0
900.0,138.0
900.0,144.0
900.0,222.0
900.0,329.0
900.0,351.0
900.0,385.0
900.0,386.0
900.0,403.0
900.0,513.0
900.0,619.0
900.0,658.0
900.0,664.0
901.0,60.0
901.0,66.0
901.0,102.0
901.0,159.0
901.0,164.0
901.0,189.0
901.0,265.0
901.0,286.0
901.0,288.0
901.0,342.0
901.0,389.0
901.0,423.0
901.0,431.0
901.0,615.0
901.0,651.0
901.0,796.0
901.0,835.0
902.0,68.0
902.0,101.0
902.0,181.0
902.0,231.0
902.0,373.0
902.0,383.0
902.0,507.0
902.0,533.0
902.0,572.0
902.0,634.0
902.0,670.0
902.0,676.0
902.0,837.0
902.0,859.0
903.0,35.0
903.0,43.0
903.0,102.0
903.0,419.0
903.0,459.0
903.0,478.0
903.0,596.0
903.0,599.0
903.0,757.0
903.0,773.0
903.0,845.0
903.0,864.0
973.0,903.0
904.0,0.0
904.0,87.0
904.0,103.0
904.0,109.0
904.0,330.0
904.0,398.0
904.0,506.0
904.0,550.0
904.0,612.0
904.0,647.0
904.0,696.0
935.0,904.0
905.0,105.0
905.0,284.0
905.0,445.0
905.0,731.0
905.0,744.0
905.0,793.0
951.0,905.0
979.0,905.0
906.0,0.0
906.0,14.0
906.0,29.0
906.0,105.0
906.0,240.0
906.0,326.0
906.0,352.0
906.0,372.0
906.0,507.0
906.0,517.0
906.0,685.0
906.0,879.0
937.0,906.0
965.0,906.0
980.0,906.0
907.0,272.0
907.0,346.0
907.0,508.0
907.0,620.0
907.0,726.0
908.0,93.0
908.0,352.0
908.0,399.0
908.0,410.0
908.0,457.0
908.0,474.0
908.0,623.0
908.0,744.0
965.0,908.0
976.0,908.0
909.0,80.0
909.0,82.0
909.0,115.0
909.0,172.0
909.0,215.0
909.0,222.0
909.0,264.0
909.0,324.0
909.0,417.0
909.0,523.0
909.0,613.0
909.0,691.0
909.0,807.0
909.0,837.0
909.0,864.0
909.0,895.0
910.0,2.0
910.0,124.0
910.0,129.0
910.0,224.0
910.0,350.0
910.0,451.0
910.0,478.0
910.0,508.0
910.0,574.0
910.0,827.0
910.0,849.0
944.0,910.0
960.0,910.0
977.0,910.0
911.0,21.0
911.0,58.0
911.0,61.0
911.0,104.0
911.0,129.0
911.0,256.0
911.0,401.0
911.0,447.0
911.0,451.0
911.0,473.0
911.0,487.0
911.0,595.0
911.0,646.0
911.0,736.0
911.0,794.0
912.0,32.0
912.0,194.0
912.0,201.0
912.0,231.0
912.0,259.0
912.0,340.0
912.0,354.0
912.0,366.0
912.0,702.0
912.0,885.0
974.0,912.0
913.0,12.0
913.0,36.0
913.0,76.0
913.0,236.0
913.0,267.0
913.0,278.0
913.0,296.0
913.0,329.0
913.0,333.0
913.0,421.0
913.0,432.0
913.0,592.0
913.0,627.0
913.0,631.0
913.0,643.0
913.0,658.0
913.0,679.0
913.0,704.0
913.0,750.0
913.0,893.0
914.0,47.0
914.0,80.0
914.0,88.0
914.0,217.0
914.0,270.0
914.0,416.0
914.0,459.0
914.0,498.0
914.0,537.0
914.0,577.0
914.0,597.0
914.0,769.0
914.0,774.0
914.0,778.0
914.0,783.0
914.0,814.0
914.0,889.0
926.0,914.0
973.0,914.0
915.0,126.0
915.0,327.0
915.0,334.0
915.0,364.0
915.0,368.0
915.0,437.0
915.0,450.0
915.0,541.0
915.0,567.0
915.0,608.0
915.0,709.0
915.0,879.0
915.0,906.0
973.0,915.0
916.0,37.0
916.0,91.0
916.0,114.0
916.0,168.0
916.0,344.0
916.0,422.0
916.0,431.0
916.0,448.0
916.0,586.0
916.0,594.0
916.0,653.0
916.0,666.0
916.0,714.0
916.0,763.0
916.0,867.0
916.0,886.0
929.0,916.0
917.0,121.0
917.0,172.0
917.0,213.0
917.0,630.0
917.0,698.0
917.0,776.0
917.0,795.0
917.0,808.0
917.0,832.0
917.0,872.0
984.0,917.0
918.0,56.0
918.0,64.0
918.0,137.0
918.0,182.0
918.0,220.0
918.0,249.0
918.0,252.0
918.0,324.0
918.0,608.0
984.0,918.0
919.0,1.0
919.0,130.0
919.0,242.0
919.0,355.0
919.0,512.0
919.0,544.0
919.0,555.0
919.0,560.0
919.0,708.0
919.0,714.0
970.0,919.0
920.0,19.0
920.0,129.0
920.0,192.0
920.0,220.0
920.0,410.0
920.0,464.0
920.0,581.0
920.0,598.0
920.0,640.0
920.0,651.0
920.0,652.0
920.0,818.0
920.0,850.0
942.0,920.0
959.0,920.0
982.0,920.0
921.0,47.0
921.0,142.0
921.0,162.0
921.0,250.0
921.0,264.0
921.0,285.0
921.0,354.0
921.0,372.0
921.0,517.0
921.0,619.0
921.0,623.0
921.0,662.0
921.0,731.0
921.0,813.0
921.0,846.0
973.0,921.0
922.0,17.0
922.0,18.0
922.0,179.0
922.0,399.0
922.0,502.0
922.0,537.0
922.0,614.0
922.0,873.0
923.0,2.0
923.0,139.0
923.0,161.0
923.0,201.0
923.0,227.0
923.0,315.0
923.0,384.0
923.0,412.0
923.0,457.0
923.0,620.0
923.0,772.0
923.0,821.0
923.0,885.0
924.0,50.0
924.0,57.0
924.0,75.0
924.0,114.0
924.0,150.0
924.0,283.0
924.0,391.0
924.0,541.0
924.0,583.0
924.0,592.0
924.0,617.0
924.0,628.0
924.0,639.0
924.0,669.0
924.0,726.0
924.0,818.0
924.0,867.0
924.0,874.0
927.0,924.0
925.0,19.0
925.0,87.0
925.0,100.0
925.0,279.0
925.0,321.0
925.0,336.0
925.0,408.0
925.0,505.0
925.0,507.0
925.0,574.0
929.0,925.0
926.0,56.0
926.0,68.0
926.0,213.0
926.0,253.0
926.0,273.0
926.0,445.0
926.0,494.0
926.0,602.0
926.0,663.0
926.0,738.0
926.0,750.0
926.0,790.0
926.0,806.0
927.0,85.0
927.0,207.0
927.0,234.0
927.0,291.0
927.0,525.0
927.0,534.0
927.0,536.0
927.0,538.0
927.0,553.0
927.0,677.0
927.0,692.0
927.0,730.0
927.0,771.0
928.0,2.0
928.0,62.0
928.0,71.0
928.0,93.0
928.0,109.0
928.0,121.0
928.0,137.0
928.0,140.0
928.0,228.0
928.0,240.0
928.0,284.0
928.0,319.0
928.0,398.0
928.0,486.0
928.0,524.0
928.0,538.0
928.0,577.0
928.0,663.0
928.0,699.0
928.0,760.0
928.0,791.0
928.0,826.0
929.0,114.0
929.0,147.0
929.0,216.0
929.0,399.0
929.0,412.0
929.0,431.0
929.0,459.0
929.0,484.0
929.0,558.0
929.0,596.0
929.0,620.0
929.0,636.0
929.0,691.0
929.0,714.0
929.0,743.0
929.0,877.0
930.0,107.0
930.0,116.0
930.0,169.0
930.0,283.0
930.0,376.0
930.0,403.0
930.0,429.0
930.0,896.0
983.0,930.0
931.0,15.0
931.0,411.0
931.0,541.0
931.0,641.0
931.0,721.0
932.0,117.0
932.0,202.0
932.0,311.0
932.0,414.0
932.0,421.0
932.0,496.0
932.0,661.0
932.0,727.0
932.0,738.0
932.0,931.0
973.0,932.0
933.0,18.0
933.0,99.0
933.0,245.0
933.0,369.0
933.0,410.0
933.0,796.0
933.0,895.0
935.0,933.0
934.0,104.0
934.0,241.0
934.0,351.0
934.0,494.0
934.0,615.0
934.0,628.0
934.0,686.0
934.0,763.0
941.0,934.0
964.0,934.0
935.0,53.0
935.0,58.0
935.0,83.0
935.0,146.0
935.0,168.0
935.0,235.0
935.0,242.0
935.0,439.0
935.0,485.0
935.0,501.0
935.0,610.0
935.0,633.0
935.0,750.0
935.0,928.0
936.0,3.0
936.0,117.0
936.0,275.0
936.0,286.0
936.0,372.0
936.0,584.0
936.0,639.0
936.0,886.0
955.0,936.0
971.0,936.0
981.0,936.0
937.0,0.0
937.0,79.0
937.0,116.0
937.0,120.0
937.0,140.0
937.0,264.0
937.0,385.0
937.0,526.0
937.0,570.0
937.0,603.0
937.0,735.0
937.0,739.0
937.0,829.0
937.0,907.0
938.0,238.0
938.0,250.0
938.0,297.0
938.0,308.0
938.0,425.0
938.0,436.0
938.0,716.0
938.0,751.0
938.0,786.0
938.0,788.0
938.0,827.0
938.0,828.0
938.0,855.0
975.0,938.0
939.0,117.0
939.0,138.0
939.0,167.0
939.0,376.0
939.0,418.0
939.0,422.0
939.0,517.0
939.0,597.0
939.0,673.0
939.0,681.0
940.0,221.0
940.0,234.0
940.0,279.0
940.0,325.0
940.0,373.0
940.0,446.0
940.0,645.0
940.0,656.0
940.0,664.0
940.0,743.0
940.0,773.0
940.0,838.0
940.0,856.0
941.0,10.0
941.0,25.0
941.0,61.0
941.0,433.0
941.0,462.0
941.0,532.0
941.0,562.0
941.0,635.0
941.0,800.0
941.0,808.0
941.0,864.0
981.0,941.0
942.0,61.0
942.0,110.0
942.0,320.0
942.0,345.0
942.0,655.0
942.0,663.0
942.0,727.0
942.0,739.0
942.0,846.0
943.0,26.0
943.0,166.0
943.0,210.0
943.0,237.0
943.0,307.0
943.0,398.0
943.0,474.0
943.0,598.0
943.0,669.0
943.0,673.0
943.0,720.0
943.0,790.0
943.0,803.0
943.0,822.0
949.0,943.0
944.0,29.0
944.0,95.0
944.0,111.0
944.0,148.0
944.0,215.0
944.0,237.0
944.0,296.0
944.0,322.0
944.0,581.0
944.0,593.0
944.0,752.0
944.0,833.0
944.0,900.0
945.0,49.0
945.0,145.0
945.0,151.0
945.0,161.0
945.0,363.0
945.0,410.0
945.0,528.0
945.0,613.0
945.0,812.0
945.0,871.0
974.0,945.0
946.0,121.0
946.0,125.0
946.0,264.0
946.0,352.0
946.0,443.0
946.0,479.0
946.0,494.0
946.0,525.0
946.0,606.0
946.0,770.0
946.0,773.0
946.0,930.0
946.0,935.0
946.0,941.0
947.0,13.0
947.0,27.0
947.0,91.0
947.0,114.0
947.0,142.0
947.0,219.0
947.0,295.0
947.0,307.0
947.0,343.0
947.0,346.0
947.0,380.0
947.0,401.0
947.0,403.0
947.0,494.0
947.0,733.0
947.0,831.0
948.0,296.0
948.0,341.0
948.0,405.0
948.0,519.0
948.0,532.0
948.0,565.0
948.0,595.0
948.0,610.0
948.0,706.0
948.0,722.0
948.0,751.0
948.0,775.0
949.0,41.0
949.0,97.0
949.0,149.0
949.0,243.0
949.0,407.0
949.0,663.0
949.0,734.0
949.0,846.0
950.0,200.0
950.0,239.0
950.0,352.0
950.0,356.0
950.0,386.0
950.0,391.0
950.0,520.0
950.0,621.0
950.0,799.0
950.0,921.0
961.0,950.0
951.0,108.0
951.0,135.0
951.0,276.0
951.0,279.0
951.0,284.0
951.0,443.0
951.0,549.0
951.0,565.0
951.0,569.0
951.0,931.0
952.0,34.0
952.0,151.0
952.0,201.0
952.0,218.0
952.0,237.0
952.0,281.0
952.0,294.0
952.0,429.0
952.0,499.0
952.0,526.0
952.0,585.0
952.0,646.0
952.0,815.0
953.0,218.0
953.0,316.0
953.0,326.0
953.0,407.0
953.0,719.0
953.0,820.0
954.0,18.0
954.0,99.0
954.0,136.0
954.0,143.0
954.0,153.0
954.0,279.0
954.0,309.0
954.0,434.0
954.0,438.0
954.0,447.0
954.0,451.0
954.0,543.0
954.0,680.0
954.0,724.0
954.0,799.0
954.0,838.0
955.0,187.0
955.0,193.0
955.0,197.0
955.0,284.0
955.0,354.0
955.0,412.0
955.0,415.0
955.0,418.0
955.0,442.0
955.0,477.0
955.0,615.0
955.0,653.0
955.0,794.0
955.0,805.0
955.0,817.0
955.0,905.0
972.0,955.0
956.0,81.0
956.0,213.0
956.0,260.0
956.0,322.0
956.0,364.0
956.0,545.0
956.0,627.0
956.0,634.0
956.0,722.0
956.0,749.0
956.0,859.0
956.0,888.0
956.0,905.0
956.0,934.0
977.0,956.0
957.0,172.0
957.0,381.0
957.0,399.0
957.0,421.0
957.0,458.0
957.0,496.0
957.0,519.0
957.0,620.0
957.0,653.0
957.0,689.0
957.0,695.0
967.0,957.0
971.0,957.0
958.0,111.0
958.0,175.0
958.0,186.0
958.0,232.0
958.0,281.0
958.0,358.0
958.0,422.0
958.0,431.0
958.0,526.0
958.0,596.0
958.0,680.0
958.0,757.0
958.0,817.0
958.0,822.0
958.0,918.0
958.0,929.0
959.0,8.0
959.0,87.0
959.0,527.0
959.0,535.0
959.0,578.0
959.0,697.0
959.0,776.0
959.0,865.0
960.0,144.0
960.0,185.0
960.0,200.0
960.0,233.0
960.0,249.0
960.0,361.0
960.0,395.0
960.0,437.0
960.0,579.0
960.0,605.0
960.0,958.0
961.0,33.0
961.0,47.0
961.0,50.0
961.0,235.0
961.0,274.0
961.0,295.0
961.0,351.0
961.0,389.0
961.0,489.0
961.0,567.0
961.0,582.0
961.0,721.0
961.0,783.0
961.0,811.0
961.0,900.0
961.0,947.0
961.0,948.0
962.0,2.0
962.0,110.0
962.0,199.0
962.0,256.0
962.0,286.0
962.0,293.0
962.0,310.0
962.0,322.0
962.0,371.0
962.0,735.0
962.0,843.0
962.0,851.0
963.0,43.0
963.0,135.0
963.0,185.0
963.0,253.0
963.0,351.0
963.0,359.0
963.0,497.0
963.0,669.0
963.0,735.0
963.0,894.0
964.0,240.0
964.0,352.0
964.0,353.0
964.0,406.0
964.0,528.0
964.0,542.0
964.0,550.0
964.0,667.0
964.0,721.0
964.0,758.0
964.0,790.0
964.0,869.0
964.0,922.0
965.0,11.0
965.0,30.0
965.0,81.0
965.0,113.0
965.0,210.0
965.0,288.0
965.0,366.0
965.0,382.0
965.0,410.0
965.0,446.0
965.0,460.0
965.0,522.0
965.0,698.0
965.0,702.0
965.0,711.0
965.0,741.0
965.0,828.0
965.0,906.0
965.0,916.0
965.0,953.0
966.0,208.0
966.0,256.0
966.0,583.0
966.0,633.0
966.0,638.0
966.0,792.0
966.0,801.0
966.0,892.0
966.0,910.0
966.0,960.0
967.0,54.0
967.0,137.0
967.0,149.0
967.0,359.0
967.0,401.0
967.0,584.0
967.0,627.0
967.0,696.0
967.0,729.0
967.0,748.0
967.0,779.0
967.0,799.0
967.0,882.0
967.0,911.0
968.0,103.0
968.0,185.0
968.0,254.0
968.0,363.0
968.0,372.0
968.0,538.0
968.0,635.0
968.0,644.0
968.0,671.0
968.0,692.0
968.0,765.0
968.0,791.0
969.0,18.0
969.0,38.0
969.0,115.0
969.0,184.0
969.0,223.0
969.0,273.0
969.0,369.0
969.0,374.0
969.0,403.0
969.0,468.0
969.0,570.0
969.0,576.0
969.0,679.0
969.0,682.0
969.0,843.0
969.0,924.0
970.0,103.0
970.0,109.0
970.0,165.0
970.0,363.0
970.0,381.0
970.0,406.0
970.0,539.0
970.0,580.0
970.0,815.0
970.0,935.0
971.0,59.0
971.0,69.0
971.0,121.0
971.0,147.0
971.0,225.0
971.0,277.0
971.0,318.0
971.0,468.0
971.0,548.0
971.0,635.0
971.0,778.0
972.0,9.0
972.0,53.0
972.0,79.0
972.0,127.0
972.0,225.0
972.0,286.0
972.0,358.0
972.0,384.0
972.0,472.0
972.0,490.0
972.0,493.0
972.0,558.0
972.0,617.0
972.0,731.0
972.0,747.0
972.0,828.0
972.0,877.0
972.0,918.0
972.0,928.0
973.0,120.0
973.0,462.0
973.0,535.0
973.0,543.0
973.0,876.0
974.0,94.0
974.0,122.0
974.0,190.0
974.0,379.0
974.0,396.0
974.0,423.0
974.0,531.0
974.0,669.0
974.0,712.0
974.0,775.0
974.0,779.0
974.0,967.0
974.0,969.0
975.0,133.0
975.0,219.0
975.0,268.0
975.0,317.0
975.0,625.0
975.0,854.0
976.0,22.0
976.0,149.0
976.0,167.0
976.0,295.0
976.0,305.0
976.0,365.0
976.0,367.0
976.0,449.0
976.0,453.0
976.0,498.0
976.0,536.0
976.0,812.0
976.0,863.0
976.0,943.0
977.0,43.0
977.0,76.0
977.0,144.0
977.0,157.0
977.0,161.0
977.0,204.0
977.0,222.0
977.0,283.0
977.0,291.0
977.0,297.0
977.0,305.0
977.0,440.0
977.0,461.0
977.0,668.0
977.0,669.0
977.0,871.0
977.0,884.0
978.0,20.0
978.0,31.0
978.0,40.0
978.0,260.0
978.0,265.0
978.0,355.0
978.0,366.0
978.0,386.0
978.0,501.0
978.0,537.0
978.0,540.0
978.0,649.0
978.0,723.0
978.0,736.0
978.0,832.0
978.0,837.0
978.0,915.0
978.0,950.0
978.0,954.0
979.0,82.0
979.0,122.0
979.0,130.0
979.0,413.0
979.0,487.0
979.0,659.0
979.0,804.0
979.0,806.0
979.0,908.0
980.0,170.0
980.0,202.0
980.0,247.0
980.0,423.0
980.0,510.0
980.0,661.0
980.0,683.0
980.0,793.0
980.0,897.0
980.0,940.0
980.0,969.0
981.0,34.0
981.0,94.0
981.0,147.0
981.0,168.0
981.0,253.0
981.0,345.0
981.0,361.0
981.0,365.0
981.0,784.0
981.0,820.0
981.0,846.0
981.0,904.0
981.0,931.0
981.0,947.0
981.0,964.0
982.0,3.0
982.0,16.0
982.0,133.0
982.0,158.0
982.0,262.0
982.0,263.0
982.0,290.0
982.0,474.0
982.0,522.0
982.0,541.0
982.0,678.0
982.0,776.0
982.0,789.0
982.0,799.0
982.0,921.0
982.0,922.0
983.0,66.0
983.0,91.0
983.0,105.0
983.0,125.0
983.0,244.0
983.0,687.0
983.0,757.0
983.0,833.0
984.0,62.0
984.0,215.0
984.0,265.0
984.0,281.0
984.0,411.0
984.0,493.0
984.0,716.0
984.0,737.0
985.0,66.0
985.0,142.0
985.0,148.0
985.0,170.0
985.0,234.0
985.0,323.0
985.0,405.0
985.0,539.0
985.0,568.0
985.0,685.0
985.0,705.0
985.0,732.0
985.0,748.0
985.0,798.0
985.0,811.0
985.0,860.0
0.0,28.0
0.0,62.0
0.0,80.0
0.0,126.0
0.0,349.0
0.0,468.0
0.0,502.0
0.0,570.0
0.0,719.0
0.0,720.0
0.0,883.0
0.0,937.0
1.0,12.0
1.0,36.0
1.0,69.0
1.0,177.0
1.0,190.0
1.0,377.0
1.0,484.0
1.0,503.0
1.0,529.0
1.0,699.0
1.0,762.0
1.0,806.0
1.0,906.0
2.0,43.0
2.0,86.0
2.0,181.0
2.0,195.0
2.0,241.0
2.0,274.0
2.0,295.0
2.0,343.0
2.0,384.0
2.0,626.0
2.0,662.0
2.0,720.0
2.0,730.0
2.0,843.0
2.0,895.0
3.0,7.0
3.0,60.0
3.0,130.0
3.0,190.0
3.0,314.0
3.0,395.0
3.0,549.0
3.0,557.0
3.0,603.0
3.0,753.0
3.0,774.0
3.0,898.0
3.0,984.0
4.0,11.0
4.0,111.0
4.0,222.0
4.0,234.0
4.0,236.0
4.0,359.0
4.0,462.0
4.0,488.0
4.0,535.0
4.0,624.0
4.0,749.0
4.0,782.0
4.0,805.0
4.0,832.0
4.0,900.0
4.0,943.0
5.0,66.0
5.0,132.0
5.0,143.0
5.0,238.0
5.0,660.0
5.0,703.0
5.0,750.0
5.0,780.0
5.0,807.0
5.0,832.0
5.0,917.0
5.0,928.0
6.0,30.0
6.0,79.0
6.0,116.0
6.0,117.0
6.0,203.0
6.0,237.0
6.0,369.0
6.0,389.0
6.0,444.0
6.0,455.0
6.0,459.0
6.0,498.0
6.0,500.0
6.0,556.0
6.0,780.0
6.0,817.0
7.0,387.0
7.0,476.0
7.0,609.0
7.0,626.0
7.0,659.0
7.0,665.0
7.0,763.0
7.0,791.0
7.0,797.0
7.0,810.0
7.0,832.0
7.0,850.0
7.0,884.0
7.0,916.0
7.0,973.0
8.0,23.0
8.0,139.0
8.0,327.0
8.0,356.0
8.0,391.0
8.0,403.0
8.0,409.0
8.0,440.0
8.0,655.0
8.0,725.0
8.0,918.0
9.0,10.0
9.0,41.0
9.0,62.0
9.0,120.0
9.0,154.0
9.0,169.0
9.0,281.0
9.0,349.0
9.0,521.0
9.0,551.0
9.0,791.0
9.0,856.0
9.0,873.0
9.0,913.0
9.0,917.0
9.0,922.0
9.0,928.0
10.0,12.0
10.0,214.0
10.0,270.0
10.0,278.0
10.0,400.0
10.0,490.0
10.0,578.0
10.0,676.0
10.0,688.0
10.0,703.0
10.0,725.0
10.0,768.0
10.0,844.0
10.0,858.0
11.0,69.0
11.0,181.0
11.0,294.0
11.0,398.0
11.0,409.0
11.0,462.0
11.0,538.0
11.0,542.0
11.0,718.0
11.0,770.0
12.0,25.0
12.0,124.0
12.0,211.0
12.0,293.0
12.0,317.0
12.0,326.0
12.0,379.0
12.0,422.0
12.0,462.0
12.0,491.0
12.0,631.0
12.0,683.0
12.0,700.0
12.0,728.0
12.0,809.0
12.0,847.0
12.0,868.0
12.0,884.0
12.0,894.0
12.0,928.0
12.0,955.0
13.0,26.0
13.0,110.0
13.0,116.0
13.0,166.0
13.0,213.0
13.0,302.0
13.0,336.0
13.0,339.0
13.0,386.0
13.0,604.0
13.0,849.0
13.0,897.0
13.0,965.0
14.0,47.0
14.0,128.0
14.0,181.0
14.0,265.0
14.0,296.0
14.0,487.0
14.0,630.0
14.0,705.0
14.0,781.0
14.0,786.0
14.0,925.0
14.0,955.0
15.0,74.0
15.0,204.0
15.0,215.0
15.0,332.0
15.0,362.0
15.0,529.0
15.0,556.0
15.0,581.0
15.0,640.0
15.0,689.0
15.0,706.0
15.0,728.0
15.0,783.0
15.0,935.0
16.0,39.0
16.0,95.0
16.0,259.0
16.0,287.0
16.0,297.0
16.0,384.0
16.0,401.0
16.0,654.0
16.0,709.0
16.0,913.0
16.0,978.0
15.0,17.0
17.0,224.0
17.0,325.0
17.0,369.0
17.0,372.0
17.0,376.0
17.0,429.0
17.0,453.0
17.0,517.0
17.0,613.0
17.0,624.0
17.0,768.0
17.0,847.0
17.0,910.0
17.0,935.0
17.0,938.0
18.0,157.0
18.0,233.0
18.0,303.0
18.0,317.0
18.0,375.0
18.0,377.0
18.0,411.0
18.0,448.0
18.0,521.0
18.0,728.0
18.0,740.0
18.0,813.0
18.0,941.0
19.0,105.0
19.0,114.0
19.0,127.0
19.0,244.0
19.0,298.0
19.0,530.0
19.0,705.0
19.0,746.0
19.0,766.0
19.0,815.0
20.0,53.0
20.0,222.0
20.0,278.0
20.0,289.0
20.0,373.0
20.0,389.0
20.0,416.0
20.0,447.0
20.0,463.0
20.0,677.0
20.0,743.0
20.0,768.0
20.0,790.0
20.0,839.0
20.0,871.0
20.0,925.0
14.0,21.0
21.0,203.0
21.0,262.0
21.0,278.0
21.0,331.0
21.0,361.0
21.0,408.0
21.0,419.0
21.0,516.0
21.0,527.0
21.0,633.0
21.0,705.0
21.0,777.0
21.0,829.0
21.0,863.0
21.0,927.0
21.0,960.0
22.0,27.0
22.0,55.0
22.0,107.0
22.0,111.0
22.0,232.0
22.0,320.0
22.0,323.0
22.0,382.0
22.0,424.0
22.0,592.0
22.0,618.0
22.0,756.0
23.0,177.0
23.0,264.0
23.0,349.0
23.0,394.0
23.0,406.0
23.0,416.0
23.0,422.0
23.0,571.0
23.0,597.0
23.0,637.0
23.0,694.0
23.0,751.0
23.0,760.0
23.0,951.0
24.0,55.0
24.0,67.0
24.0,222.0
24.0,254.0
24.0,314.0
24.0,423.0
24.0,486.0
24.0,533.0
24.0,590.0
24.0,667.0
24.0,761.0
24.0,863.0
17.0,25.0
25.0,49.0
25.0,96.0
25.0,160.0
25.0,210.0
25.0,321.0
25.0,705.0
26.0,29.0
26.0,69.0
26.0,104.0
26.0,183.0
26.0,206.0
26.0,210.0
26.0,212.0
26.0,227.0
26.0,322.0
26.0,337.0
26.0,384.0
26.0,400.0
26.0,438.0
26.0,444.0
26.0,627.0
26.0,852.0
26.0,898.0
26.0,907.0
27.0,211.0
27.0,225.0
27.0,292.0
27.0,349.0
27.0,468.0
27.0,502.0
27.0,551.0
27.0,594.0
27.0,620.0
27.0,762.0
27.0,912.0
27.0,975.0
27.0,976.0
17.0,28.0
28.0,233.0
28.0,282.0
28.0,334.0
28.0,398.0
28.0,447.0
28.0,566.0
28.0,660.0
28.0,770.0
28.0,825.0
29.0,67.0
29.0,226.0
29.0,306.0
29.0,352.0
29.0,385.0
29.0,675.0
29.0,731.0
29.0,786.0
29.0,842.0
29.0,898.0
7.0,30.0
30.0,46.0
30.0,82.0
30.0,95.0
30.0,363.0
30.0,397.0
30.0,534.0
30.0,641.0
30.0,664.0
30.0,665.0
30.0,798.0
30.0,819.0
30.0,848.0
31.0,55.0
31.0,58.0
31.0,69.0
31.0,81.0
31.0,373.0
31.0,462.0
31.0,532.0
31.0,582.0
31.0,645.0
31.0,729.0
31.0,747.0
31.0,756.0
31.0,778.0
31.0,865.0
31.0,950.0
12.0,32.0
32.0,80.0
32.0,101.0
32.0,215.0
32.0,220.0
32.0,255.0
32.0,272.0
32.0,402.0
32.0,525.0
32.0,539.0
32.0,580.0
32.0,588.0
32.0,978.0
33.0,38.0
33.0,121.0
33.0,131.0
33.0,140.0
33.0,197.0
33.0,351.0
33.0,383.0
33.0,499.0
33.0,547.0
33.0,552.0
33.0,555.0
33.0,791.0
33.0,848.0
33.0,890.0
33.0,946.0
34.0,72.0
34.0,235.0
34.0,305.0
34.0,387.0
34.0,507.0
34.0,541.0
34.0,699.0
34.0,702.0
34.0,724.0
34.0,854.0
35.0,158.0
35.0,232.0
35.0,237.0
35.0,264.0
35.0,297.0
35.0,319.0
35.0,449.0
35.0,490.0
35.0,542.0
35.0,556.0
35.0,578.0
35.0,642.0
35.0,816.0
35.0,855.0
35.0,861.0
35.0,866.0
35.0,935.0
35.0,945.0
35.0,954.0
35.0,971.0
36.0,66.0
36.0,283.0
36.0,666.0
36.0,687.0
36.0,723.0
36.0,809.0
36.0,933.0
36.0,939.0
37.0,60.0
37.0,75.0
37.0,145.0
37.0,155.0
37.0,216.0
37.0,279.0
37.0,307.0
37.0,315.0
37.0,399.0
37.0,417.0
37.0,427.0
37.0,441.0
37.0,654.0
37.0,696.0
37.0,705.0
37.0,867.0
37.0,873.0
0.0,38.0
38.0,353.0
38.0,366.0
38.0,533.0
38.0,550.0
38.0,561.0
38.0,568.0
38.0,607.0
38.0,696.0
38.0,793.0
38.0,881.0
38.0,928.0
1.0,39.0
39.0,110.0
39.0,234.0
39.0,238.0
39.0,430.0
39.0,483.0
39.0,516.0
39.0,571.0
39.0,616.0
39.0,634.0
39.0,647.0
39.0,667.0
39.0,848.0
39.0,904.0
39.0,929.0
39.0,946.0
39.0,974.0
3.0,40.0
40.0,169.0
40.0,305.0
40.0,316.0
40.0,359.0
40.0,379.0
40.0,523.0
40.0,578.0
40.0,620.0
40.0,634.0
40.0,797.0
41.0,57.0
41.0,118.0
41.0,303.0
41.0,389.0
41.0,430.0
41.0,630.0
41.0,697.0
41.0,733.0
41.0,815.0
41.0,877.0
6.0,42.0
42.0,94.0
42.0,165.0
42.0,193.0
42.0,270.0
42.0,451.0
42.0,607.0
42.0,633.0
42.0,704.0
42.0,713.0
42.0,715.0
42.0,765.0
42.0,774.0
42.0,926.0
42.0,950.0
43.0,77.0
43.0,161.0
43.0,222.0
43.0,237.0
43.0,421.0
43.0,469.0
43.0,491.0
43.0,661.0
43.0,671.0
43.0,783.0
43.0,793.0
43.0,831.0
43.0,885.0
43.0,917.0
43.0,933.0
43.0,964.0
44.0,228.0
44.0,344.0
44.0,416.0
44.0,470.0
44.0,494.0
44.0,571.0
44.0,583.0
44.0,597.0
44.0,806.0
25.0,45.0
45.0,226.0
45.0,255.0
45.0,299.0
45.0,335.0
45.0,542.0
45.0,648.0
45.0,674.0
45.0,686.0
45.0,697.0
45.0,758.0
45.0,799.0
45.0,822.0
45.0,835.0
45.0,880.0
45.0,983.0
0.0,46.0
46.0,56.0
46.0,296.0
46.0,395.0
46.0,592.0
46.0,629.0
46.0,676.0
46.0,710.0
46.0,714.0
46.0,895.0
13.0,47.0
47.0,145.0
47.0,156.0
47.0,226.0
47.0,244.0
47.0,247.0
47.0,265.0
47.0,365.0
47.0,481.0
47.0,665.0
47.0,696.0
47.0,748.0
47.0,788.0
47.0,878.0
47.0,927.0
48.0,70.0
48.0,115.0
48.0,195.0
48.0,299.0
48.0,506.0
48.0,511.0
48.0,516.0
48.0,524.0
48.0,589.0
48.0,647.0
48.0,668.0
48.0,742.0
48.0,909.0
48.0,951.0
48.0,954.0
49.0,199.0
49.0,268.0
49.0,299.0
49.0,326.0
49.0,345.0
49.0,415.0
49.0,468.0
49.0,519.0
49.0,633.0
49.0,670.0
49.0,735.0
49.0,884.0
49.0,885.0
6.0,50.0
50.0,94.0
50.0,272.0
50.0,502.0
50.0,613.0
50.0,632.0
50.0,729.0
50.0,874.0
50.0,897.0
50.0,980.0
35.0,51.0
51.0,179.0
51.0,210.0
51.0,242.0
51.0,255.0
51.0,386.0
51.0,438.0
51.0,480.0
51.0,649.0
51.0,666.0
51.0,778.0
51.0,862.0
35.0,52.0
52.0,99.0
52.0,122.0
52.0,188.0
52.0,315.0
52.0,376.0
52.0,476.0
52.0,535.0
52.0,553.0
52.0,639.0
52.0,683.0
52.0,780.0
52.0,785.0
53.0,206.0
53.0,335.0
53.0,403.0
53.0,492.0
53.0,593.0
53.0,683.0
53.0,868.0
13.0,54.0
24.0,54.0
41.0,54.0
54.0,170.0
54.0,177.0
54.0,270.0
54.0,338.0
54.0,460.0
54.0,510.0
54.0,568.0
54.0,611.0
54.0,709.0
54.0,838.0
54.0,958.0
55.0,81.0
55.0,192.0
55.0,220.0
55.0,240.0
55.0,537.0
55.0,554.0
55.0,594.0
55.0,637.0
55.0,775.0
55.0,807.0
55.0,875.0
55.0,884.0
31.0,56.0
56.0,57.0
56.0,177.0
56.0,220.0
56.0,287.0
56.0,298.0
56.0,536.0
56.0,648.0
56.0,670.0
56.0,743.0
56.0,917.0
56.0,938.0
56.0,954.0
46.0,57.0
57.0,59.0
57.0,336.0
57.0,383.0
57.0,437.0
57.0,440.0
57.0,843.0
57.0,866.0
8.0,58.0
13.0,58.0
24.0,58.0
27.0,58.0
57.0,58.0
58.0,126.0
58.0,165.0
58.0,331.0
58.0,506.0
58.0,556.0
58.0,569.0
58.0,662.0
58.0,673.0
58.0,679.0
58.0,762.0
58.0,789.0
58.0,860.0
58.0,903.0
58.0,909.0
58.0,977.0
59.0,91.0
59.0,269.0
59.0,325.0
59.0,642.0
59.0,646.0
59.0,676.0
59.0,701.0
59.0,778.0
59.0,811.0
59.0,838.0
59.0,912.0
60.0,114.0
60.0,172.0
60.0,217.0
60.0,269.0
60.0,322.0
60.0,342.0
60.0,471.0
60.0,672.0
60.0,711.0
60.0,823.0
60.0,912.0
60.0,932.0
58.0,61.0
61.0,597.0
61.0,602.0
61.0,615.0
61.0,716.0
61.0,730.0
52.0,62.0
62.0,203.0
62.0,291.0
62.0,359.0
62.0,418.0
62.0,482.0
62.0,513.0
62.0,532.0
62.0,609.0
62.0,642.0
62.0,679.0
62.0,683.0
62.0,909.0
62.0,955.0
62.0,963.0
63.0,341.0
63.0,638.0
63.0,639.0
63.0,959.0
64.0,86.0
64.0,107.0
64.0,148.0
64.0,212.0
64.0,232.0
64.0,395.0
64.0,398.0
64.0,400.0
64.0,450.0
64.0,707.0
64.0,766.0
64.0,804.0
64.0,840.0
64.0,842.0
64.0,874.0
64.0,900.0
64.0,929.0
64.0,958.0
64.0,968.0
64.0,978.0
65.0,74.0
65.0,229.0
65.0,234.0
65.0,265.0
65.0,286.0
65.0,337.0
65.0,401.0
65.0,611.0
65.0,684.0
65.0,751.0
65.0,779.0
65.0,834.0
65.0,954.0
3.0,66.0
66.0,68.0
66.0,70.0
66.0,71.0
66.0,119.0
66.0,210.0
66.0,413.0
66.0,490.0
66.0,590.0
66.0,591.0
66.0,607.0
66.0,739.0
66.0,839.0
66.0,905.0
66.0,937.0
66.0,956.0
67.0,341.0
67.0,371.0
67.0,394.0
67.0,402.0
67.0,412.0
67.0,521.0
67.0,603.0
67.0,682.0
67.0,693.0
67.0,716.0
67.0,744.0
67.0,746.0
67.0,763.0
67.0,915.0
67.0,922.0
67.0,952.0
11.0,68.0
28.0,68.0
68.0,281.0
68.0,503.0
68.0,512.0
68.0,684.0
68.0,750.0
68.0,775.0
68.0,822.0
68.0,867.0
69.0,84.0
69.0,88.0
69.0,320.0
69.0,498.0
69.0,508.0
69.0,516.0
69.0,525.0
69.0,872.0
69.0,873.0
21.0,70.0
70.0,202.0
70.0,209.0
70.0,245.0
70.0,308.0
70.0,340.0
70.0,395.0
70.0,399.0
70.0,477.0
70.0,479.0
70.0,502.0
70.0,785.0
70.0,862.0
70.0,917.0
70.0,923.0
70.0,71.0
71.0,175.0
71.0,210.0
71.0,322.0
71.0,329.0
71.0,345.0
71.0,448.0
71.0,481.0
71.0,493.0
71.0,626.0
71.0,693.0
71.0,712.0
71.0,811.0
71.0,923.0
71.0,941.0
71.0,945.0
72.0,75.0
72.0,221.0
72.0,262.0
72.0,277.0
72.0,358.0
72.0,383.0
72.0,397.0
72.0,436.0
72.0,483.0
72.0,818.0
6.0,73.0
73.0,181.0
73.0,247.0
73.0,556.0
73.0,561.0
73.0,594.0
73.0,603.0
73.0,800.0
73.0,844.0
73.0,875.0
73.0,877.0
73.0,931.0
73.0,954.0
73.0,963.0
32.0,74.0
74.0,95.0
74.0,115.0
74.0,291.0
74.0,711.0
74.0,712.0
74.0,813.0
74.0,889.0
74.0,950.0
74.0,971.0
63.0,75.0
75.0,94.0
75.0,96.0
75.0,144.0
75.0,213.0
75.0,369.0
75.0,622.0
75.0,627.0
75.0,689.0
75.0,710.0
76.0,271.0
76.0,429.0
76.0,432.0
76.0,489.0
76.0,537.0
76.0,785.0
76.0,793.0
76.0,823.0
76.0,864.0
76.0,891.0
76.0,966.0
40.0,77.0
77.0,186.0
77.0,294.0
77.0,357.0
77.0,600.0
77.0,640.0
77.0,740.0
77.0,748.0
77.0,780.0
77.0,801.0
77.0,840.0
77.0,860.0
77.0,900.0
2.0,78.0
64.0,78.0
78.0,96.0
78.0,174.0
78.0,358.0
78.0,410.0
78.0,438.0
78.0,533.0
78.0,588.0
78.0,616.0
78.0,697.0
78.0,939.0
78.0,984.0
79.0,145.0
79.0,233.0
79.0,240.0
79.0,288.0
79.0,429.0
79.0,491.0
79.0,597.0
79.0,759.0
79.0,813.0
79.0,959.0
66.0,80.0
80.0,328.0
80.0,366.0
80.0,483.0
80.0,523.0
80.0,542.0
80.0,625.0
80.0,687.0
80.0,707.0
80.0,818.0
80.0,846.0
80.0,926.0
18.0,81.0
79.0,81.0
81.0,82.0
81.0,285.0
81.0,293.0
81.0,457.0
81.0,531.0
81.0,548.0
81.0,596.0
81.0,768.0
81.0,854.0
82.0,99.0
82.0,193.0
82.0,256.0
82.0,291.0
82.0,406.0
82.0,431.0
82.0,568.0
82.0,632.0
82.0,709.0
82.0,750.0
82.0,764.0
82.0,816.0
82.0,844.0
24.0,83.0
83.0,325.0
83.0,467.0
83.0,513.0
83.0,560.0
83.0,704.0
83.0,947.0
84.0,95.0
84.0,140.0
84.0,176.0
84.0,206.0
84.0,217.0
84.0,265.0
84.0,272.0
84.0,435.0
84.0,654.0
84.0,658.0
84.0,732.0
84.0,766.0
84.0,802.0
84.0,874.0
84.0,929.0
13.0,85.0
85.0,223.0
85.0,263.0
85.0,286.0
85.0,444.0
85.0,486.0
85.0,564.0
85.0,738.0
85.0,875.0
85.0,951.0
85.0,965.0
18.0,86.0
86.0,347.0
86.0,375.0
86.0,512.0
86.0,537.0
86.0,615.0
86.0,822.0
86.0,825.0
86.0,852.0
86.0,861.0
87.0,109.0
87.0,156.0
87.0,354.0
87.0,373.0
87.0,376.0
87.0,788.0
87.0,819.0
87.0,887.0
87.0,930.0
88.0,173.0
88.0,311.0
88.0,377.0
88.0,391.0
88.0,555.0
88.0,562.0
88.0,626.0
88.0,711.0
88.0,759.0
43.0,89.0
89.0,200.0
89.0,245.0
89.0,251.0
89.0,264.0
89.0,435.0
89.0,522.0
89.0,667.0
89.0,708.0
89.0,890.0
89.0,966.0
16.0,90.0
34.0,90.0
64.0,90.0
90.0,111.0
90.0,112.0
90.0,157.0
90.0,179.0
90.0,283.0
90.0,387.0
90.0,390.0
90.0,427.0
90.0,539.0
90.0,549.0
90.0,565.0
90.0,630.0
90.0,697.0
90.0,747.0
90.0,831.0
90.0,963.0
0.0,91.0
21.0,92.0
47.0,92.0
92.0,143.0
92.0,252.0
92.0,269.0
92.0,459.0
92.0,513.0
92.0,666.0
92.0,941.0
92.0,985.0
57.0,93.0
93.0,150.0
93.0,158.0
93.0,180.0
93.0,234.0
93.0,270.0
93.0,347.0
93.0,520.0
93.0,539.0
93.0,672.0
93.0,745.0
93.0,752.0
93.0,832.0
93.0,840.0
93.0,967.0
8.0,94.0
26.0,94.0
94.0,540.0
94.0,553.0
94.0,708.0
94.0,720.0
94.0,814.0
94.0,945.0
95.0,97.0
95.0,356.0
95.0,426.0
95.0,484.0
95.0,516.0
95.0,523.0
95.0,624.0
95.0,746.0
95.0,819.0
95.0,925.0
95.0,960.0
17.0,96.0
96.0,156.0
96.0,158.0
96.0,177.0
96.0,233.0
96.0,823.0
96.0,885.0
96.0,977.0
96.0,984.0
73.0,97.0
87.0,97.0
97.0,169.0
97.0,332.0
97.0,519.0
97.0,572.0
97.0,617.0
97.0,636.0
97.0,796.0
21.0,98.0
78.0,98.0
98.0,107.0
98.0,152.0
98.0,165.0
98.0,464.0
98.0,537.0
98.0,566.0
98.0,604.0
98.0,723.0
98.0,762.0
98.0,925.0
21.0,99.0
99.0,101.0
99.0,104.0
99.0,194.0
99.0,295.0
99.0,332.0
99.0,523.0
99.0,570.0
99.0,657.0
99.0,681.0
99.0,884.0
5.0,100.0
16.0,100.0
100.0,111.0
100.0,130.0
100.0,548.0
100.0,586.0
100.0,609.0
100.0,613.0
100.0,663.0
43.0,101.0
101.0,121.0
101.0,139.0
101.0,171.0
101.0,176.0
101.0,248.0
101.0,322.0
101.0,363.0
101.0,386.0
101.0,409.0
101.0,541.0
101.0,564.0
101.0,698.0
101.0,726.0
101.0,898.0
17.0,102.0
76.0,102.0
102.0,156.0
102.0,173.0
102.0,282.0
102.0,379.0
102.0,634.0
102.0,757.0
102.0,784.0
102.0,796.0
102.0,805.0
102.0,909.0
103.0,163.0
103.0,358.0
103.0,510.0
103.0,527.0
103.0,595.0
103.0,616.0
103.0,676.0
103.0,738.0
103.0,811.0
103.0,852.0
103.0,939.0
103.0,960.0
51.0,104.0
104.0,209.0
104.0,211.0
104.0,570.0
104.0,796.0
104.0,837.0
104.0,891.0
104.0,927.0
104.0,955.0
47.0,105.0
66.0,105.0
86.0,105.0
105.0,111.0
105.0,205.0
105.0,251.0
105.0,432.0
105.0,461.0
105.0,504.0
105.0,612.0
105.0,705.0
105.0,759.0
105.0,809.0
105.0,836.0
105.0,849.0
105.0,860.0
105.0,893.0
105.0,936.0
49.0,106.0
84.0,106.0
102.0,106.0
106.0,107.0
106.0,154.0
106.0,171.0
106.0,186.0
106.0,405.0
106.0,507.0
106.0,567.0
106.0,603.0
106.0,615.0
106.0,633.0
106.0,685.0
106.0,809.0
106.0,867.0
106.0,910.0
107.0,149.0
107.0,182.0
107.0,224.0
107.0,372.0
107.0,427.0
107.0,519.0
107.0,609.0
107.0,619.0
107.0,689.0
107.0,726.0
107.0,838.0
107.0,849.0
34.0,108.0
79.0,108.0
105.0,108.0
108.0,224.0
108.0,295.0
108.0,315.0
108.0,390.0
108.0,496.0
108.0,592.0
108.0,649.0
108.0,865.0
61.0,109.0
109.0,148.0
109.0,325.0
109.0,393.0
109.0,414.0
109.0,496.0
109.0,738.0
109.0,817.0
109.0,844.0
109.0,876.0
109.0,954.0
59.0,110.0
68.0,110.0
91.0,110.0
102.0,110.0
110.0,150.0
110.0,190.0
110.0,233.0
110.0,292.0
110.0,345.0
110.0,400.0
110.0,401.0
110.0,403.0
110.0,431.0
110.0,442.0
110.0,575.0
110.0,660.0
110.0,703.0
110.0,748.0
110.0,879.0
110.0,952.0
30.0,111.0
44.0,111.0
57.0,111.0
110.0,111.0
111.0,152.0
111.0,322.0
111.0,332.0
111.0,334.0
111.0,460.0
111.0,465.0
111.0,505.0
111.0,602.0
111.0,634.0
111.0,667.0
111.0,728.0
111.0,802.0
111.0,845.0
111.0,869.0
111.0,932.0
78.0,112.0
112.0,116.0
112.0,186.0
112.0,432.0
112.0,465.0
112.0,602.0
112.0,634.0
112.0,748.0
112.0,751.0
112.0,845.0
112.0,908.0
112.0,911.0
112.0,962.0
41.0,113.0
113.0,205.0
113.0,219.0
113.0,428.0
113.0,467.0
113.0,577.0
113.0,614.0
113.0,780.0
113.0,961.0
114.0,149.0
114.0,342.0
114.0,484.0
114.0,489.0
114.0,512.0
114.0,611.0
114.0,824.0
114.0,913.0
114.0,914.0
65.0,115.0
109.0,115.0
115.0,184.0
115.0,228.0
115.0,229.0
115.0,362.0
115.0,435.0
115.0,556.0
115.0,580.0
115.0,643.0
115.0,841.0
115.0,975.0
6.0,116.0
75.0,116.0
95.0,116.0
116.0,134.0
116.0,187.0
116.0,195.0
116.0,452.0
116.0,502.0
116.0,524.0
116.0,549.0
116.0,558.0
116.0,574.0
116.0,602.0
116.0,676.0
116.0,702.0
116.0,756.0
116.0,760.0
116.0,779.0
116.0,836.0
116.0,947.0
100.0,117.0
117.0,165.0
117.0,201.0
117.0,264.0
117.0,328.0
117.0,387.0
117.0,394.0
117.0,413.0
117.0,449.0
117.0,457.0
117.0,567.0
117.0,634.0
117.0,770.0
117.0,896.0
117.0,970.0
118.0,189.0
118.0,198.0
118.0,301.0
118.0,354.0
118.0,371.0
118.0,376.0
118.0,457.0
118.0,473.0
118.0,509.0
118.0,580.0
118.0,625.0
118.0,656.0
118.0,726.0
118.0,756.0
118.0,757.0
118.0,763.0
118.0,813.0
118.0,857.0
118.0,931.0
119.0,182.0
119.0,346.0
119.0,396.0
119.0,431.0
119.0,488.0
119.0,507.0
119.0,562.0
119.0,608.0
119.0,705.0
119.0,846.0
119.0,865.0
119.0,914.0
119.0,938.0
37.0,120.0
106.0,120.0
119.0,120.0
120.0,268.0
120.0,270.0
120.0,366.0
120.0,373.0
120.0,382.0
120.0,509.0
120.0,525.0
120.0,762.0
120.0,854.0
120.0,871.0
120.0,911.0
120.0,984.0
14.0,121.0
52.0,121.0
115.0,121.0
121.0,133.0
121.0,137.0
121.0,303.0
121.0,315.0
121.0,320.0
121.0,358.0
121.0,363.0
121.0,586.0
121.0,754.0
121.0,784.0
121.0,792.0
121.0,869.0
45.0,122.0
122.0,162.0
122.0,165.0
122.0,210.0
122.0,280.0
122.0,482.0
122.0,525.0
122.0,756.0
122.0,820.0
122.0,827.0
123.0,158.0
123.0,200.0
123.0,202.0
123.0,210.0
123.0,311.0
123.0,324.0
123.0,338.0
123.0,389.0
123.0,459.0
123.0,491.0
123.0,496.0
123.0,544.0
123.0,651.0
123.0,722.0
123.0,735.0
123.0,795.0
123.0,890.0
123.0,961.0
123.0,981.0
124.0,127.0
124.0,169.0
124.0,178.0
124.0,379.0
124.0,388.0
124.0,390.0
124.0,478.0
124.0,546.0
124.0,648.0
124.0,674.0
124.0,766.0
124.0,773.0
124.0,802.0
124.0,816.0
124.0,865.0
124.0,928.0
125.0,263.0
125.0,305.0
125.0,455.0
125.0,471.0
125.0,636.0
125.0,639.0
125.0,773.0
125.0,786.0
125.0,913.0
29.0,126.0
52.0,126.0
126.0,140.0
126.0,223.0
126.0,244.0
126.0,269.0
126.0,347.0
126.0,357.0
126.0,437.0
126.0,487.0
126.0,545.0
126.0,582.0
126.0,586.0
126.0,654.0
126.0,667.0
126.0,774.0
126.0,899.0
75.0,127.0
112.0,127.0
127.0,188.0
127.0,242.0
127.0,329.0
127.0,330.0
127.0,385.0
127.0,391.0
127.0,414.0
127.0,443.0
127.0,532.0
127.0,540.0
127.0,639.0
127.0,709.0
127.0,740.0
127.0,804.0
127.0,923.0
2.0,128.0
128.0,338.0
128.0,387.0
128.0,609.0
128.0,737.0
128.0,775.0
128.0,909.0
128.0,961.0
45.0,129.0
67.0,129.0
70.0,129.0
115.0,129.0
129.0,173.0
129.0,347.0
129.0,404.0
129.0,454.0
129.0,607.0
129.0,652.0
129.0,695.0
129.0,711.0
129.0,832.0
129.0,846.0
129.0,900.0
129.0,971.0
0.0,130.0
130.0,176.0
130.0,205.0
130.0,357.0
130.0,586.0
130.0,705.0
130.0,715.0
130.0,717.0
130.0,729.0
130.0,783.0
130.0,957.0
68.0,131.0
131.0,143.0
131.0,266.0
131.0,334.0
131.0,493.0
131.0,683.0
131.0,813.0
131.0,893.0
131.0,975.0
1.0,132.0
129.0,132.0
131.0,132.0
132.0,178.0
132.0,303.0
132.0,376.0
132.0,408.0
132.0,476.0
132.0,628.0
132.0,670.0
132.0,730.0
132.0,735.0
132.0,809.0
132.0,962.0
1.0,133.0
133.0,170.0
133.0,216.0
133.0,385.0
133.0,748.0
23.0,134.0
36.0,134.0
73.0,134.0
134.0,273.0
134.0,366.0
134.0,398.0
134.0,465.0
134.0,523.0
134.0,716.0
134.0,745.0
134.0,774.0
134.0,875.0
112.0,135.0
135.0,192.0
135.0,196.0
135.0,245.0
135.0,330.0
135.0,343.0
135.0,360.0
135.0,379.0
135.0,431.0
135.0,599.0
135.0,782.0
135.0,809.0
2.0,136.0
28.0,136.0
47.0,136.0
136.0,197.0
136.0,236.0
136.0,372.0
136.0,465.0
136.0,559.0
136.0,570.0
136.0,807.0
136.0,836.0
1.0,137.0
54.0,137.0
137.0,149.0
137.0,158.0
137.0,167.0
137.0,213.0
137.0,234.0
137.0,324.0
137.0,375.0
137.0,423.0
137.0,433.0
137.0,560.0
137.0,669.0
137.0,684.0
137.0,711.0
137.0,801.0
137.0,910.0
99.0,138.0
138.0,162.0
138.0,163.0
138.0,331.0
138.0,350.0
138.0,359.0
138.0,369.0
138.0,476.0
138.0,478.0
138.0,488.0
138.0,494.0
138.0,502.0
138.0,541.0
138.0,611.0
138.0,730.0
138.0,790.0
138.0,814.0
138.0,839.0
138.0,944.0
139.0,145.0
139.0,292.0
139.0,412.0
139.0,475.0
139.0,526.0
139.0,603.0
139.0,658.0
139.0,791.0
139.0,799.0
139.0,850.0
139.0,853.0
55.0,140.0
61.0,140.0
140.0,167.0
140.0,194.0
140.0,288.0
140.0,482.0
140.0,525.0
140.0,562.0
140.0,739.0
140.0,747.0
140.0,850.0
140.0,976.0
35.0,141.0
45.0,141.0
138.0,141.0
141.0,166.0
141.0,228.0
141.0,230.0
141.0,285.0
141.0,310.0
141.0,360.0
141.0,741.0
141.0,897.0
43.0,142.0
47.0,142.0
50.0,142.0
142.0,327.0
142.0,441.0
142.0,568.0
142.0,585.0
142.0,597.0
142.0,695.0
142.0,745.0
142.0,748.0
142.0,840.0
142.0,857.0
142.0,972.0
38.0,143.0
130.0,143.0
138.0,143.0
143.0,303.0
143.0,343.0
143.0,351.0
143.0,550.0
143.0,574.0
143.0,625.0
143.0,640.0
143.0,770.0
143.0,802.0
143.0,836.0
143.0,944.0
143.0,946.0
143.0,954.0
20.0,144.0
59.0,144.0
89.0,144.0
129.0,144.0
144.0,235.0
144.0,280.0
144.0,318.0
144.0,340.0
144.0,373.0
144.0,498.0
144.0,582.0
144.0,723.0
145.0,191.0
145.0,202.0
145.0,208.0
145.0,283.0
145.0,353.0
145.0,371.0
145.0,384.0
145.0,517.0
145.0,540.0
145.0,550.0
145.0,609.0
145.0,680.0
145.0,740.0
145.0,937.0
105.0,146.0
109.0,146.0
146.0,244.0
146.0,310.0
146.0,314.0
146.0,420.0
146.0,444.0
146.0,802.0
146.0,855.0
146.0,900.0
146.0,960.0
147.0,200.0
147.0,315.0
147.0,353.0
147.0,389.0
147.0,752.0
147.0,758.0
147.0,766.0
147.0,829.0
104.0,148.0
148.0,305.0
148.0,316.0
148.0,340.0
148.0,437.0
148.0,646.0
148.0,688.0
148.0,798.0
148.0,849.0
148.0,965.0
2.0,149.0
48.0,149.0
53.0,149.0
56.0,149.0
140.0,149.0
149.0,333.0
149.0,346.0
149.0,515.0
149.0,521.0
149.0,541.0
149.0,681.0
149.0,733.0
29.0,150.0
78.0,150.0
86.0,150.0
150.0,274.0
150.0,427.0
150.0,469.0
150.0,593.0
150.0,656.0
150.0,804.0
150.0,910.0
150.0,949.0
145.0,151.0
151.0,192.0
151.0,395.0
151.0,403.0
151.0,505.0
151.0,650.0
151.0,715.0
151.0,799.0
151.0,885.0
151.0,944.0
151.0,965.0
13.0,152.0
36.0,152.0
120.0,152.0
129.0,152.0
136.0,152.0
152.0,230.0
152.0,257.0
152.0,326.0
152.0,362.0
152.0,466.0
152.0,484.0
152.0,498.0
152.0,517.0
152.0,566.0
152.0,785.0
152.0,840.0
152.0,968.0
95.0,153.0
153.0,214.0
153.0,307.0
153.0,354.0
153.0,426.0
153.0,430.0
153.0,538.0
153.0,544.0
153.0,606.0
153.0,683.0
153.0,792.0
153.0,936.0
153.0,955.0
0.0,154.0
31.0,154.0
136.0,154.0
154.0,155.0
154.0,290.0
154.0,350.0
154.0,368.0
154.0,399.0
154.0,471.0
154.0,629.0
154.0,662.0
154.0,695.0
154.0,717.0
154.0,745.0
154.0,797.0
154.0,805.0
154.0,855.0
154.0,910.0
29.0,155.0
59.0,155.0
70.0,155.0
110.0,155.0
155.0,201.0
155.0,238.0
155.0,454.0
155.0,485.0
155.0,489.0
155.0,586.0
155.0,595.0
155.0,671.0
155.0,721.0
155.0,748.0
155.0,752.0
155.0,930.0
80.0,156.0
140.0,156.0
156.0,400.0
156.0,415.0
156.0,492.0
156.0,532.0
156.0,587.0
156.0,648.0
156.0,698.0
156.0,705.0
156.0,774.0
98.0,157.0
157.0,253.0
157.0,323.0
157.0,405.0
157.0,456.0
157.0,583.0
157.0,677.0
157.0,770.0
157.0,791.0
157.0,825.0
157.0,950.0
158.0,204.0
158.0,429.0
158.0,526.0
158.0,616.0
158.0,784.0
158.0,872.0
30.0,159.0
70.0,159.0
93.0,159.0
159.0,215.0
159.0,247.0
159.0,288.0
159.0,524.0
159.0,549.0
159.0,582.0
159.0,752.0
159.0,784.0
159.0,817.0
42.0,160.0
78.0,160.0
160.0,198.0
160.0,212.0
160.0,309.0
160.0,402.0
160.0,446.0
160.0,453.0
160.0,638.0
160.0,703.0
160.0,787.0
160.0,797.0
160.0,934.0
160.0,985.0
43.0,161.0
79.0,161.0
161.0,202.0
161.0,235.0
161.0,413.0
161.0,453.0
161.0,481.0
161.0,572.0
161.0,636.0
161.0,691.0
161.0,695.0
161.0,701.0
161.0,724.0
161.0,738.0
161.0,748.0
161.0,778.0
161.0,804.0
161.0,832.0
161.0,892.0
161.0,921.0
161.0,942.0
161.0,945.0
162.0,267.0
162.0,315.0
162.0,335.0
162.0,472.0
162.0,556.0
162.0,595.0
162.0,598.0
162.0,611.0
162.0,654.0
162.0,730.0
162.0,788.0
162.0,790.0
162.0,896.0
162.0,931.0
162.0,949.0
19.0,163.0
52.0,163.0
163.0,274.0
163.0,334.0
163.0,373.0
163.0,405.0
163.0,438.0
163.0,484.0
163.0,529.0
163.0,578.0
163.0,600.0
163.0,630.0
163.0,684.0
163.0,723.0
163.0,794.0
163.0,820.0
163.0,875.0
31.0,164.0
64.0,164.0
74.0,164.0
95.0,164.0
124.0,164.0
164.0,226.0
164.0,301.0
164.0,430.0
164.0,493.0
164.0,500.0
164.0,523.0
164.0,621.0
164.0,663.0
164.0,744.0
164.0,758.0
164.0,884.0
164.0,900.0
164.0,941.0
163.0,165.0
165.0,282.0
165.0,381.0
165.0,458.0
165.0,493.0
165.0,517.0
165.0,603.0
165.0,785.0
165.0,834.0
165.0,854.0
165.0,874.0
165.0,911.0
166.0,181.0
166.0,216.0
166.0,336.0
166.0,378.0
166.0,437.0
166.0,558.0
166.0,638.0
166.0,811.0
166.0,864.0
166.0,866.0
166.0,896.0
166.0,907.0
28.0,167.0
30.0,167.0
167.0,190.0
167.0,253.0
167.0,356.0
167.0,398.0
167.0,407.0
167.0,425.0
167.0,488.0
167.0,738.0
167.0,782.0
9.0,168.0
22.0,168.0
38.0,168.0
95.0,168.0
168.0,170.0
168.0,345.0
168.0,523.0
168.0,661.0
168.0,674.0
168.0,854.0
168.0,866.0
168.0,901.0
43.0,169.0
169.0,201.0
169.0,206.0
169.0,282.0
169.0,323.0
169.0,366.0
169.0,427.0
169.0,501.0
169.0,616.0
169.0,739.0
169.0,914.0
169.0,928.0
35.0,170.0
170.0,204.0
170.0,215.0
170.0,222.0
170.0,238.0
170.0,293.0
170.0,296.0
170.0,582.0
170.0,731.0
170.0,750.0
170.0,950.0
95.0,171.0
114.0,171.0
171.0,181.0
171.0,304.0
171.0,325.0
171.0,504.0
171.0,514.0
171.0,660.0
171.0,666.0
171.0,795.0
171.0,842.0
171.0,853.0
171.0,864.0
171.0,985.0
10.0,172.0
81.0,172.0
129.0,172.0
172.0,194.0
172.0,221.0
172.0,409.0
172.0,504.0
172.0,508.0
172.0,620.0
172.0,622.0
172.0,697.0
172.0,704.0
172.0,729.0
172.0,738.0
172.0,779.0
172.0,859.0
6.0,173.0
28.0,173.0
70.0,173.0
173.0,183.0
173.0,273.0
173.0,326.0
173.0,413.0
173.0,588.0
173.0,612.0
173.0,625.0
173.0,731.0
16.0,174.0
63.0,174.0
174.0,523.0
174.0,653.0
174.0,727.0
174.0,771.0
174.0,874.0
174.0,928.0
174.0,929.0
40.0,175.0
74.0,175.0
97.0,175.0
175.0,302.0
175.0,305.0
175.0,482.0
175.0,693.0
175.0,704.0
175.0,803.0
175.0,850.0
175.0,876.0
175.0,900.0
175.0,926.0
175.0,937.0
139.0,176.0
160.0,176.0
169.0,176.0
176.0,329.0
176.0,335.0
176.0,479.0
176.0,501.0
176.0,676.0
176.0,744.0
176.0,791.0
176.0,852.0
176.0,917.0
176.0,984.0
176.0,985.0
23.0,177.0
177.0,198.0
177.0,199.0
177.0,361.0
177.0,493.0
177.0,625.0
177.0,894.0
32.0,178.0
56.0,178.0
100.0,178.0
105.0,178.0
153.0,178.0
178.0,257.0
178.0,652.0
178.0,740.0
178.0,747.0
178.0,858.0
40.0,179.0
67.0,179.0
151.0,179.0
179.0,208.0
179.0,212.0
179.0,277.0
179.0,329.0
179.0,469.0
179.0,492.0
179.0,585.0
179.0,656.0
179.0,673.0
179.0,681.0
179.0,825.0
179.0,896.0
179.0,949.0
18.0,180.0
42.0,180.0
46.0,180.0
114.0,180.0
180.0,289.0
180.0,375.0
180.0,440.0
180.0,523.0
180.0,573.0
180.0,609.0
180.0,617.0
180.0,648.0
180.0,706.0
180.0,724.0
180.0,743.0
180.0,753.0
180.0,896.0
180.0,922.0
181.0,185.0
181.0,201.0
181.0,265.0
181.0,285.0
181.0,395.0
181.0,508.0
181.0,602.0
181.0,712.0
181.0,729.0
181.0,731.0
181.0,806.0
181.0,950.0
72.0,182.0
182.0,202.0
182.0,567.0
182.0,597.0
182.0,608.0
182.0,698.0
182.0,737.0
182.0,969.0
183.0,224.0
183.0,260.0
183.0,269.0
183.0,424.0
183.0,429.0
183.0,507.0
183.0,575.0
183.0,589.0
183.0,604.0
183.0,655.0
183.0,673.0
183.0,705.0
183.0,728.0
184.0,193.0
184.0,305.0
184.0,388.0
184.0,393.0
184.0,772.0
100.0,185.0
142.0,185.0
185.0,216.0
185.0,229.0
185.0,356.0
185.0,465.0
185.0,477.0
185.0,594.0
185.0,617.0
185.0,659.0
185.0,710.0
185.0,822.0
101.0,186.0
123.0,186.0
186.0,364.0
186.0,405.0
186.0,481.0
186.0,635.0
186.0,660.0
186.0,716.0
186.0,767.0
186.0,794.0
186.0,815.0
186.0,949.0
0.0,187.0
101.0,187.0
108.0,187.0
153.0,187.0
187.0,403.0
187.0,418.0
187.0,531.0
187.0,532.0
187.0,651.0
187.0,680.0
187.0,792.0
187.0,869.0
15.0,188.0
37.0,188.0
100.0,188.0
183.0,188.0
187.0,188.0
188.0,246.0
188.0,336.0
188.0,369.0
188.0,506.0
188.0,593.0
188.0,897.0
188.0,941.0
188.0,961.0
188.0,972.0
188.0,985.0
6.0,189.0
94.0,189.0
100.0,189.0
189.0,560.0
189.0,598.0
189.0,615.0
189.0,846.0
190.0,211.0
190.0,270.0
190.0,287.0
190.0,349.0
190.0,432.0
190.0,435.0
190.0,464.0
190.0,597.0
190.0,719.0
190.0,786.0
190.0,801.0
190.0,831.0
190.0,836.0
190.0,838.0
31.0,191.0
184.0,191.0
191.0,211.0
191.0,232.0
191.0,383.0
191.0,519.0
191.0,615.0
191.0,744.0
191.0,941.0
110.0,192.0
117.0,192.0
132.0,192.0
192.0,197.0
192.0,232.0
192.0,252.0
192.0,267.0
192.0,298.0
192.0,587.0
192.0,600.0
192.0,741.0
192.0,830.0
192.0,910.0
192.0,915.0
192.0,930.0
166.0,193.0
172.0,193.0
193.0,202.0
193.0,271.0
193.0,399.0
193.0,658.0
193.0,685.0
193.0,715.0
67.0,194.0
103.0,194.0
173.0,194.0
188.0,194.0
194.0,680.0
194.0,820.0
194.0,878.0
194.0,910.0
194.0,924.0
15.0,195.0
76.0,195.0
99.0,195.0
195.0,270.0
195.0,379.0
195.0,407.0
195.0,440.0
195.0,456.0
195.0,557.0
195.0,559.0
195.0,730.0
195.0,745.0
195.0,824.0
195.0,904.0
113.0,196.0
196.0,205.0
196.0,408.0
196.0,438.0
196.0,577.0
196.0,636.0
196.0,650.0
196.0,854.0
196.0,911.0
66.0,197.0
197.0,210.0
197.0,329.0
197.0,442.0
197.0,484.0
197.0,485.0
197.0,551.0
197.0,629.0
197.0,630.0
197.0,632.0
197.0,764.0
197.0,827.0
197.0,936.0
53.0,198.0
136.0,198.0
198.0,257.0
198.0,262.0
198.0,266.0
198.0,347.0
198.0,412.0
198.0,480.0
198.0,729.0
198.0,888.0
23.0,199.0
124.0,199.0
145.0,199.0
158.0,199.0
199.0,252.0
199.0,306.0
199.0,311.0
199.0,374.0
199.0,430.0
199.0,459.0
199.0,608.0
199.0,892.0
199.0,925.0
199.0,985.0
0.0,200.0
9.0,200.0
112.0,200.0
200.0,270.0
200.0,526.0
200.0,527.0
200.0,577.0
200.0,631.0
200.0,666.0
200.0,769.0
200.0,816.0
200.0,869.0
200.0,920.0
200.0,934.0
200.0,942.0
41.0,201.0
89.0,201.0
174.0,201.0
181.0,201.0
201.0,234.0
201.0,368.0
201.0,528.0
201.0,581.0
201.0,669.0
201.0,711.0
201.0,841.0
201.0,931.0
201.0,980.0
57.0,202.0
70.0,202.0
180.0,202.0
202.0,217.0
202.0,268.0
202.0,330.0
202.0,412.0
202.0,558.0
202.0,661.0
202.0,731.0
202.0,867.0
202.0,961.0
62.0,203.0
133.0,203.0
170.0,203.0
203.0,246.0
203.0,273.0
203.0,281.0
203.0,317.0
203.0,377.0
203.0,389.0
203.0,625.0
203.0,706.0
203.0,743.0
203.0,748.0
203.0,786.0
203.0,855.0
13.0,204.0
84.0,204.0
173.0,204.0
178.0,204.0
200.0,204.0
204.0,288.0
204.0,317.0
204.0,388.0
204.0,426.0
204.0,527.0
204.0,534.0
204.0,539.0
204.0,733.0
204.0,826.0
204.0,865.0
204.0,983.0
57.0,205.0
149.0,205.0
205.0,289.0
205.0,290.0
205.0,353.0
205.0,446.0
205.0,449.0
205.0,481.0
205.0,484.0
205.0,501.0
205.0,625.0
205.0,645.0
205.0,734.0
205.0,776.0
205.0,867.0
205.0,962.0
190.0,206.0
206.0,228.0
206.0,294.0
206.0,481.0
206.0,544.0
206.0,569.0
206.0,784.0
206.0,794.0
206.0,898.0
206.0,907.0
206.0,979.0
36.0,207.0
45.0,207.0
50.0,207.0
89.0,207.0
207.0,357.0
207.0,404.0
207.0,479.0
207.0,497.0
207.0,563.0
207.0,614.0
207.0,807.0
207.0,810.0
15.0,208.0
66.0,208.0
96.0,208.0
208.0,398.0
208.0,499.0
208.0,563.0
208.0,566.0
208.0,853.0
208.0,938.0
67.0,209.0
81.0,209.0
142.0,209.0
209.0,296.0
209.0,308.0
209.0,573.0
209.0,590.0
209.0,608.0
209.0,717.0
18.0,210.0
70.0,210.0
107.0,210.0
140.0,210.0
146.0,210.0
210.0,237.0
210.0,376.0
210.0,749.0
210.0,796.0
210.0,979.0
14.0,211.0
211.0,229.0
211.0,295.0
211.0,337.0
211.0,338.0
211.0,346.0
211.0,449.0
211.0,455.0
211.0,489.0
211.0,521.0
211.0,576.0
211.0,615.0
211.0,663.0
211.0,837.0
211.0,875.0
151.0,212.0
212.0,213.0
212.0,246.0
212.0,262.0
212.0,484.0
212.0,519.0
212.0,544.0
212.0,694.0
212.0,713.0
212.0,729.0
212.0,747.0
212.0,818.0
212.0,851.0
212.0,880.0
212.0,943.0
212.0,974.0
38.0,213.0
125.0,213.0
147.0,213.0
162.0,213.0
189.0,213.0
201.0,213.0
213.0,374.0
213.0,446.0
213.0,467.0
213.0,498.0
213.0,616.0
213.0,637.0
213.0,881.0
213.0,898.0
213.0,924.0
213.0,926.0
213.0,929.0
27.0,214.0
32.0,214.0
133.0,214.0
141.0,214.0
214.0,427.0
214.0,460.0
214.0,742.0
214.0,784.0
214.0,831.0
214.0,862.0
19.0,215.0
58.0,215.0
152.0,215.0
161.0,215.0
215.0,273.0
215.0,289.0
215.0,309.0
215.0,362.0
215.0,528.0
215.0,538.0
215.0,559.0
215.0,735.0
61.0,216.0
109.0,216.0
216.0,322.0
216.0,419.0
216.0,560.0
216.0,596.0
216.0,660.0
216.0,722.0
216.0,732.0
216.0,739.0
216.0,742.0
216.0,744.0
216.0,815.0
216.0,907.0
216.0,918.0
18.0,217.0
69.0,217.0
217.0,247.0
217.0,273.0
217.0,283.0
217.0,487.0
217.0,518.0
217.0,522.0
217.0,610.0
217.0,673.0
217.0,724.0
217.0,810.0
217.0,879.0
17.0,218.0
138.0,218.0
218.0,244.0
218.0,308.0
218.0,328.0
218.0,368.0
218.0,477.0
218.0,494.0
218.0,947.0
218.0,984.0
89.0,219.0
122.0,219.0
130.0,219.0
166.0,219.0
214.0,219.0
219.0,312.0
219.0,313.0
219.0,536.0
219.0,547.0
219.0,548.0
219.0,585.0
219.0,733.0
219.0,777.0
219.0,803.0
219.0,862.0
219.0,891.0
1.0,220.0
14.0,220.0
21.0,220.0
37.0,220.0
38.0,220.0
146.0,220.0
220.0,234.0
220.0,308.0
220.0,492.0
220.0,527.0
220.0,555.0
220.0,775.0
220.0,802.0
220.0,835.0
220.0,909.0
77.0,221.0
192.0,221.0
221.0,291.0
221.0,312.0
221.0,317.0
221.0,329.0
221.0,360.0
221.0,391.0
221.0,416.0
221.0,763.0
221.0,769.0
221.0,807.0
221.0,877.0
221.0,948.0
39.0,222.0
222.0,270.0
222.0,641.0
222.0,676.0
222.0,845.0
222.0,885.0
222.0,894.0
222.0,956.0
106.0,223.0
223.0,230.0
223.0,392.0
223.0,408.0
223.0,428.0
223.0,458.0
223.0,484.0
223.0,568.0
223.0,826.0
223.0,838.0
223.0,865.0
223.0,936.0
223.0,970.0
3.0,224.0
38.0,224.0
124.0,224.0
201.0,224.0
224.0,378.0
224.0,665.0
224.0,734.0
224.0,847.0
224.0,848.0
224.0,852.0
1.0,225.0
6.0,225.0
92.0,225.0
173.0,225.0
211.0,225.0
225.0,247.0
225.0,352.0
225.0,718.0
225.0,821.0
225.0,897.0
77.0,226.0
156.0,226.0
197.0,226.0
226.0,282.0
226.0,324.0
226.0,335.0
226.0,345.0
226.0,348.0
226.0,755.0
226.0,834.0
226.0,928.0
60.0,227.0
94.0,227.0
112.0,227.0
164.0,227.0
200.0,227.0
227.0,453.0
227.0,641.0
227.0,824.0
227.0,861.0
227.0,928.0
9.0,228.0
228.0,229.0
228.0,334.0
228.0,369.0
228.0,612.0
228.0,713.0
228.0,808.0
228.0,889.0
218.0,229.0
229.0,254.0
229.0,287.0
229.0,294.0
229.0,307.0
229.0,407.0
229.0,453.0
229.0,502.0
229.0,604.0
229.0,627.0
229.0,722.0
229.0,773.0
229.0,934.0
229.0,966.0
229.0,973.0
229.0,981.0
29.0,230.0
172.0,230.0
230.0,348.0
230.0,371.0
230.0,550.0
230.0,570.0
230.0,582.0
230.0,639.0
230.0,737.0
230.0,841.0
230.0,905.0
230.0,921.0
3.0,231.0
174.0,231.0
231.0,349.0
231.0,407.0
231.0,421.0
231.0,620.0
231.0,627.0
231.0,801.0
231.0,863.0
231.0,883.0
209.0,232.0
210.0,232.0
232.0,275.0
232.0,281.0
232.0,288.0
232.0,376.0
232.0,412.0
232.0,435.0
232.0,601.0
232.0,657.0
232.0,671.0
232.0,970.0
233.0,322.0
233.0,330.0
233.0,346.0
233.0,432.0
233.0,569.0
233.0,593.0
233.0,598.0
233.0,720.0
233.0,736.0
233.0,777.0
156.0,234.0
234.0,270.0
234.0,337.0
234.0,368.0
234.0,437.0
234.0,453.0
234.0,553.0
234.0,664.0
234.0,703.0
234.0,785.0
234.0,838.0
234.0,850.0
234.0,861.0
234.0,891.0
234.0,917.0
234.0,939.0
234.0,956.0
73.0,235.0
119.0,235.0
157.0,235.0
188.0,235.0
197.0,235.0
235.0,247.0
235.0,287.0
235.0,471.0
235.0,530.0
235.0,573.0
235.0,730.0
235.0,796.0
235.0,917.0
236.0,275.0
236.0,331.0
236.0,347.0
236.0,503.0
236.0,704.0
236.0,705.0
236.0,815.0
236.0,883.0
236.0,954.0
29.0,237.0
36.0,237.0
136.0,237.0
237.0,307.0
237.0,725.0
237.0,735.0
237.0,746.0
237.0,776.0
237.0,827.0
237.0,911.0
3.0,238.0
10.0,238.0
128.0,238.0
203.0,238.0
238.0,317.0
238.0,429.0
238.0,493.0
238.0,524.0
238.0,557.0
238.0,668.0
238.0,716.0
238.0,773.0
238.0,813.0
238.0,951.0
11.0,239.0
126.0,239.0
127.0,239.0
135.0,239.0
139.0,239.0
175.0,239.0
239.0,310.0
239.0,311.0
239.0,322.0
239.0,369.0
239.0,557.0
239.0,599.0
239.0,701.0
239.0,808.0
239.0,828.0
239.0,861.0
239.0,982.0
157.0,240.0
200.0,240.0
240.0,276.0
240.0,340.0
240.0,361.0
240.0,434.0
240.0,560.0
240.0,584.0
240.0,640.0
240.0,645.0
240.0,666.0
240.0,707.0
240.0,769.0
240.0,852.0
240.0,883.0
29.0,241.0
108.0,241.0
183.0,241.0
241.0,388.0
241.0,408.0
241.0,414.0
241.0,542.0
241.0,791.0
241.0,889.0
241.0,918.0
241.0,973.0
214.0,242.0
242.0,281.0
242.0,402.0
242.0,416.0
242.0,443.0
242.0,519.0
242.0,525.0
242.0,583.0
242.0,629.0
242.0,691.0
242.0,773.0
242.0,798.0
38.0,243.0
243.0,313.0
243.0,352.0
243.0,366.0
243.0,481.0
243.0,539.0
243.0,610.0
243.0,668.0
243.0,713.0
243.0,819.0
243.0,888.0
243.0,936.0
243.0,980.0
78.0,244.0
80.0,244.0
135.0,244.0
244.0,265.0
244.0,356.0
244.0,385.0
244.0,406.0
244.0,412.0
244.0,493.0
244.0,511.0
244.0,559.0
244.0,591.0
244.0,626.0
244.0,730.0
244.0,794.0
244.0,802.0
244.0,933.0
102.0,245.0
107.0,245.0
114.0,245.0
245.0,342.0
245.0,345.0
245.0,359.0
245.0,373.0
245.0,434.0
245.0,456.0
245.0,521.0
245.0,593.0
245.0,688.0
245.0,801.0
245.0,809.0
245.0,821.0
245.0,919.0
31.0,246.0
113.0,246.0
144.0,246.0
177.0,246.0
198.0,246.0
246.0,275.0
246.0,327.0
246.0,337.0
246.0,345.0
246.0,431.0
246.0,472.0
246.0,473.0
246.0,505.0
246.0,603.0
246.0,692.0
246.0,796.0
246.0,859.0
246.0,912.0
67.0,247.0
247.0,316.0
247.0,482.0
247.0,486.0
247.0,743.0
247.0,814.0
48.0,248.0
248.0,459.0
248.0,484.0
248.0,533.0
248.0,544.0
248.0,583.0
248.0,771.0
248.0,943.0
248.0,974.0
167.0,249.0
216.0,249.0
223.0,249.0
249.0,300.0
249.0,393.0
249.0,569.0
249.0,578.0
249.0,586.0
249.0,651.0
249.0,661.0
249.0,716.0
249.0,854.0
249.0,879.0
249.0,900.0
249.0,937.0
25.0,250.0
30.0,250.0
106.0,250.0
121.0,250.0
137.0,250.0
250.0,323.0
250.0,397.0
250.0,443.0
250.0,666.0
250.0,703.0
250.0,733.0
250.0,817.0
250.0,831.0
250.0,884.0
72.0,251.0
78.0,251.0
168.0,251.0
220.0,251.0
251.0,304.0
251.0,710.0
251.0,743.0
251.0,858.0
251.0,869.0
251.0,892.0
251.0,919.0
5.0,252.0
75.0,252.0
160.0,252.0
166.0,252.0
252.0,377.0
252.0,531.0
252.0,545.0
252.0,571.0
252.0,625.0
22.0,253.0
42.0,253.0
65.0,253.0
83.0,253.0
239.0,253.0
253.0,482.0
253.0,503.0
253.0,573.0
253.0,594.0
253.0,634.0
253.0,796.0
253.0,805.0
253.0,810.0
253.0,895.0
253.0,902.0
253.0,909.0
4.0,254.0
254.0,292.0
254.0,314.0
254.0,489.0
254.0,595.0
254.0,680.0
254.0,683.0
254.0,709.0
254.0,759.0
254.0,763.0
254.0,846.0
181.0,255.0
255.0,256.0
255.0,317.0
255.0,356.0
255.0,483.0
255.0,540.0
255.0,569.0
255.0,611.0
255.0,615.0
255.0,826.0
255.0,945.0
29.0,256.0
91.0,256.0
120.0,256.0
176.0,256.0
185.0,256.0
193.0,256.0
256.0,263.0
256.0,355.0
256.0,437.0
256.0,459.0
256.0,465.0
256.0,629.0
256.0,689.0
256.0,746.0
256.0,798.0
256.0,842.0
256.0,907.0
256.0,934.0
119.0,257.0
191.0,257.0
204.0,257.0
252.0,257.0
257.0,302.0
257.0,310.0
257.0,391.0
257.0,419.0
257.0,422.0
257.0,455.0
257.0,536.0
257.0,636.0
257.0,676.0
257.0,851.0
257.0,867.0
257.0,925.0
134.0,258.0
135.0,258.0
258.0,315.0
258.0,400.0
258.0,571.0
258.0,575.0
258.0,624.0
258.0,681.0
258.0,761.0
258.0,846.0
258.0,884.0
258.0,912.0
258.0,960.0
52.0,259.0
135.0,259.0
140.0,259.0
253.0,259.0
259.0,416.0
259.0,476.0
259.0,582.0
259.0,683.0
259.0,771.0
259.0,777.0
259.0,790.0
259.0,795.0
259.0,964.0
259.0,973.0
42.0,260.0
55.0,260.0
89.0,260.0
137.0,260.0
210.0,260.0
257.0,260.0
260.0,265.0
260.0,372.0
260.0,415.0
260.0,450.0
260.0,543.0
260.0,564.0
260.0,825.0
260.0,839.0
260.0,929.0
22.0,261.0
51.0,261.0
52.0,261.0
70.0,261.0
226.0,261.0
232.0,261.0
252.0,261.0
261.0,263.0
261.0,284.0
261.0,311.0
261.0,365.0
261.0,446.0
261.0,473.0
261.0,509.0
261.0,555.0
261.0,640.0
261.0,681.0
261.0,774.0
25.0,262.0
227.0,262.0
262.0,266.0
262.0,453.0
262.0,701.0
262.0,702.0
262.0,733.0
262.0,854.0
262.0,901.0
29.0,263.0
38.0,263.0
68.0,263.0
104.0,263.0
132.0,263.0
157.0,263.0
226.0,263.0
257.0,263.0
263.0,480.0
263.0,496.0
263.0,508.0
263.0,576.0
263.0,702.0
263.0,840.0
263.0,877.0
58.0,264.0
103.0,264.0
160.0,264.0
166.0,264.0
209.0,264.0
256.0,264.0
264.0,449.0
264.0,524.0
264.0,860.0
264.0,955.0
36.0,265.0
265.0,343.0
265.0,390.0
265.0,549.0
265.0,570.0
265.0,617.0
265.0,622.0
265.0,632.0
265.0,801.0
265.0,854.0
265.0,861.0
265.0,863.0
265.0,889.0
265.0,902.0
40.0,266.0
88.0,266.0
209.0,266.0
266.0,310.0
266.0,320.0
266.0,417.0
266.0,461.0
266.0,512.0
266.0,560.0
266.0,671.0
266.0,826.0
266.0,922.0
62.0,267.0
176.0,267.0
200.0,267.0
267.0,423.0
267.0,476.0
267.0,564.0
267.0,573.0
267.0,591.0
267.0,604.0
267.0,699.0
267.0,720.0
267.0,970.0
12.0,268.0
53.0,268.0
99.0,268.0
126.0,268.0
209.0,268.0
258.0,268.0
268.0,350.0
268.0,405.0
268.0,467.0
268.0,591.0
268.0,618.0
268.0,738.0
268.0,740.0
268.0,829.0
268.0,834.0
268.0,916.0
268.0,917.0
268.0,979.0
42.0,269.0
67.0,269.0
128.0,269.0
147.0,269.0
159.0,269.0
168.0,269.0
262.0,269.0
269.0,379.0
269.0,426.0
269.0,451.0
269.0,460.0
269.0,490.0
269.0,506.0
269.0,574.0
269.0,578.0
269.0,590.0
269.0,694.0
269.0,881.0
269.0,933.0
21.0,270.0
41.0,270.0
123.0,270.0
258.0,270.0
270.0,466.0
270.0,525.0
270.0,566.0
270.0,852.0
270.0,854.0
270.0,868.0
270.0,948.0
270.0,977.0
118.0,271.0
144.0,271.0
170.0,271.0
236.0,271.0
271.0,296.0
271.0,589.0
271.0,658.0
271.0,775.0
271.0,783.0
271.0,790.0
271.0,795.0
271.0,812.0
271.0,825.0
271.0,852.0
136.0,272.0
260.0,272.0
272.0,396.0
272.0,436.0
272.0,466.0
272.0,645.0
272.0,700.0
272.0,838.0
38.0,273.0
178.0,273.0
267.0,273.0
273.0,274.0
273.0,319.0
273.0,349.0
273.0,362.0
273.0,489.0
273.0,563.0
273.0,621.0
273.0,722.0
273.0,766.0
273.0,768.0
273.0,797.0
273.0,810.0
273.0,942.0
68.0,274.0
94.0,274.0
102.0,274.0
135.0,274.0
161.0,274.0
230.0,274.0
274.0,296.0
274.0,358.0
274.0,406.0
274.0,407.0
274.0,412.0
274.0,474.0
274.0,482.0
274.0,494.0
274.0,537.0
274.0,825.0
274.0,835.0
274.0,860.0
274.0,875.0
274.0,877.0
274.0,967.0
55.0,275.0
76.0,275.0
275.0,300.0
275.0,341.0
275.0,417.0
275.0,463.0
275.0,473.0
275.0,763.0
275.0,921.0
67.0,276.0
138.0,276.0
256.0,276.0
276.0,295.0
276.0,349.0
276.0,371.0
276.0,453.0
276.0,491.0
276.0,667.0
276.0,688.0
276.0,809.0
1.0,277.0
28.0,277.0
38.0,277.0
54.0,277.0
76.0,277.0
236.0,277.0
277.0,329.0
277.0,427.0
277.0,530.0
277.0,553.0
277.0,586.0
277.0,598.0
277.0,635.0
277.0,682.0
277.0,729.0
277.0,826.0
277.0,842.0
277.0,844.0
134.0,278.0
278.0,288.0
278.0,303.0
278.0,311.0
278.0,315.0
278.0,351.0
278.0,388.0
278.0,421.0
278.0,468.0
278.0,474.0
278.0,510.0
278.0,526.0
278.0,603.0
278.0,667.0
278.0,752.0
278.0,777.0
48.0,279.0
78.0,279.0
84.0,279.0
215.0,279.0
232.0,279.0
250.0,279.0
279.0,299.0
279.0,308.0
279.0,349.0
279.0,386.0
279.0,390.0
279.0,395.0
279.0,470.0
279.0,561.0
279.0,676.0
279.0,721.0
279.0,833.0
17.0,280.0
89.0,280.0
104.0,280.0
122.0,280.0
280.0,352.0
280.0,402.0
280.0,462.0
280.0,523.0
280.0,550.0
280.0,662.0
280.0,675.0
280.0,764.0
46.0,281.0
167.0,281.0
281.0,356.0
281.0,516.0
281.0,661.0
281.0,879.0
281.0,898.0
281.0,914.0
281.0,959.0
16.0,282.0
163.0,282.0
282.0,418.0
282.0,694.0
282.0,837.0
282.0,900.0
282.0,911.0
282.0,939.0
91.0,283.0
233.0,283.0
283.0,510.0
283.0,577.0
283.0,635.0
283.0,642.0
283.0,705.0
283.0,721.0
283.0,761.0
283.0,826.0
283.0,874.0
283.0,925.0
283.0,934.0
283.0,944.0
52.0,284.0
284.0,306.0
284.0,526.0
284.0,630.0
284.0,658.0
284.0,668.0
284.0,823.0
13.0,285.0
73.0,285.0
163.0,285.0
169.0,285.0
204.0,285.0
285.0,286.0
285.0,321.0
285.0,459.0
285.0,487.0
285.0,567.0
285.0,732.0
285.0,895.0
285.0,946.0
285.0,966.0
11.0,286.0
21.0,286.0
38.0,286.0
118.0,286.0
121.0,286.0
126.0,286.0
154.0,286.0
268.0,286.0
286.0,627.0
286.0,876.0
74.0,287.0
79.0,287.0
143.0,287.0
149.0,287.0
186.0,287.0
274.0,287.0
287.0,412.0
287.0,437.0
287.0,450.0
287.0,503.0
287.0,532.0
287.0,607.0
287.0,682.0
287.0,709.0
287.0,798.0
287.0,839.0
89.0,288.0
288.0,353.0
288.0,401.0
288.0,436.0
288.0,495.0
288.0,581.0
288.0,623.0
288.0,644.0
288.0,646.0
288.0,653.0
288.0,727.0
288.0,784.0
288.0,809.0
288.0,855.0
288.0,923.0
40.0,289.0
61.0,289.0
136.0,289.0
154.0,289.0
167.0,289.0
264.0,289.0
289.0,507.0
289.0,562.0
289.0,571.0
289.0,599.0
289.0,695.0
289.0,720.0
289.0,888.0
132.0,290.0
290.0,389.0
290.0,415.0
290.0,503.0
290.0,506.0
290.0,602.0
290.0,749.0
290.0,826.0
290.0,893.0
290.0,894.0
290.0,897.0
101.0,291.0
126.0,291.0
158.0,291.0
163.0,291.0
202.0,291.0
291.0,444.0
291.0,486.0
291.0,515.0
291.0,676.0
291.0,834.0
291.0,978.0
54.0,292.0
291.0,292.0
292.0,328.0
292.0,332.0
292.0,628.0
292.0,664.0
292.0,693.0
292.0,705.0
292.0,838.0
292.0,850.0
292.0,933.0
292.0,934.0
81.0,293.0
99.0,293.0
196.0,293.0
293.0,454.0
293.0,557.0
293.0,566.0
293.0,657.0
293.0,696.0
293.0,770.0
293.0,938.0
293.0,959.0
0.0,294.0
294.0,304.0
294.0,308.0
294.0,580.0
294.0,643.0
294.0,854.0
294.0,855.0
294.0,938.0
294.0,972.0
76.0,295.0
78.0,295.0
295.0,504.0
295.0,517.0
295.0,574.0
295.0,614.0
295.0,671.0
295.0,752.0
295.0,864.0
44.0,296.0
92.0,296.0
296.0,472.0
296.0,490.0
296.0,551.0
296.0,678.0
296.0,736.0
296.0,898.0
296.0,970.0
137.0,297.0
166.0,297.0
177.0,297.0
281.0,297.0
282.0,297.0
297.0,449.0
297.0,503.0
297.0,579.0
297.0,750.0
297.0,842.0
297.0,920.0
297.0,924.0
297.0,958.0
297.0,972.0
115.0,298.0
124.0,298.0
298.0,475.0
298.0,502.0
298.0,543.0
298.0,555.0
298.0,608.0
298.0,614.0
298.0,679.0
298.0,826.0
217.0,299.0
287.0,299.0
299.0,343.0
299.0,365.0
299.0,415.0
299.0,574.0
299.0,592.0
299.0,687.0
299.0,840.0
299.0,841.0
299.0,890.0
211.0,300.0
300.0,348.0
300.0,439.0
300.0,478.0
300.0,613.0
300.0,715.0
300.0,833.0
300.0,899.0
300.0,954.0
137.0,301.0
213.0,301.0
230.0,301.0
233.0,301.0
301.0,302.0
301.0,343.0
301.0,404.0
301.0,451.0
301.0,460.0
301.0,550.0
301.0,682.0
301.0,754.0
301.0,789.0
301.0,866.0
301.0,894.0
301.0,917.0
301.0,947.0
85.0,302.0
99.0,302.0
175.0,302.0
222.0,302.0
274.0,302.0
302.0,423.0
302.0,429.0
302.0,458.0
302.0,486.0
302.0,590.0
302.0,717.0
302.0,833.0
302.0,895.0
170.0,303.0
189.0,303.0
276.0,303.0
303.0,384.0
303.0,397.0
303.0,597.0
303.0,605.0
303.0,721.0
303.0,737.0
303.0,787.0
303.0,799.0
303.0,806.0
303.0,897.0
303.0,915.0
132.0,304.0
147.0,304.0
152.0,304.0
170.0,304.0
235.0,304.0
304.0,361.0
304.0,362.0
304.0,480.0
304.0,511.0
304.0,733.0
304.0,788.0
304.0,803.0
304.0,835.0
304.0,969.0
304.0,982.0
248.0,305.0
305.0,609.0
305.0,739.0
305.0,773.0
305.0,906.0
132.0,306.0
248.0,306.0
306.0,459.0
306.0,543.0
306.0,629.0
306.0,649.0
306.0,707.0
306.0,814.0
306.0,917.0
306.0,960.0
306.0,983.0
14.0,307.0
169.0,307.0
235.0,307.0
307.0,370.0
307.0,716.0
307.0,722.0
307.0,850.0
307.0,931.0
307.0,972.0
108.0,308.0
202.0,308.0
308.0,409.0
308.0,434.0
308.0,461.0
308.0,570.0
308.0,575.0
308.0,602.0
308.0,614.0
308.0,660.0
308.0,690.0
308.0,788.0
308.0,947.0
8.0,309.0
60.0,309.0
120.0,309.0
309.0,353.0
309.0,361.0
309.0,453.0
309.0,462.0
309.0,466.0
309.0,599.0
309.0,620.0
309.0,720.0
309.0,728.0
309.0,814.0
309.0,836.0
309.0,864.0
309.0,952.0
199.0,310.0
252.0,310.0
310.0,348.0
310.0,362.0
310.0,466.0
310.0,469.0
310.0,496.0
310.0,513.0
310.0,571.0
310.0,601.0
310.0,627.0
310.0,651.0
310.0,734.0
310.0,741.0
310.0,984.0
83.0,311.0
311.0,313.0
311.0,342.0
311.0,378.0
311.0,426.0
311.0,513.0
311.0,627.0
311.0,654.0
311.0,729.0
311.0,803.0
311.0,818.0
311.0,835.0
311.0,842.0
311.0,915.0
311.0,923.0
311.0,928.0
311.0,951.0
311.0,960.0
77.0,312.0
106.0,312.0
117.0,312.0
283.0,312.0
312.0,375.0
312.0,550.0
312.0,617.0
312.0,778.0
312.0,809.0
312.0,885.0
75.0,313.0
188.0,313.0
259.0,313.0
313.0,314.0
313.0,394.0
313.0,461.0
313.0,469.0
313.0,593.0
313.0,624.0
313.0,789.0
313.0,833.0
313.0,846.0
313.0,941.0
115.0,314.0
145.0,314.0
314.0,378.0
314.0,499.0
314.0,533.0
314.0,561.0
314.0,586.0
314.0,619.0
314.0,647.0
314.0,745.0
298.0,315.0
315.0,387.0
315.0,419.0
315.0,466.0
315.0,572.0
315.0,590.0
315.0,838.0
315.0,954.0
109.0,316.0
121.0,316.0
184.0,316.0
257.0,316.0
316.0,556.0
316.0,564.0
316.0,655.0
316.0,818.0
316.0,837.0
316.0,840.0
316.0,906.0
316.0,960.0
316.0,985.0
7.0,317.0
217.0,317.0
317.0,395.0
317.0,578.0
317.0,680.0
317.0,714.0
317.0,788.0
120.0,318.0
150.0,318.0
159.0,318.0
241.0,318.0
318.0,421.0
318.0,509.0
318.0,539.0
318.0,551.0
318.0,593.0
318.0,647.0
318.0,766.0
318.0,786.0
318.0,803.0
318.0,820.0
318.0,984.0
15.0,319.0
184.0,319.0
239.0,319.0
305.0,319.0
319.0,349.0
319.0,590.0
319.0,628.0
319.0,817.0
10.0,320.0
202.0,320.0
320.0,321.0
320.0,466.0
320.0,579.0
320.0,680.0
320.0,712.0
320.0,777.0
320.0,809.0
320.0,858.0
320.0,898.0
117.0,321.0
166.0,321.0
189.0,321.0
321.0,340.0
321.0,440.0
321.0,492.0
321.0,555.0
321.0,901.0
321.0,922.0
25.0,322.0
33.0,322.0
37.0,322.0
54.0,322.0
55.0,322.0
322.0,325.0
322.0,552.0
322.0,566.0
322.0,606.0
322.0,639.0
322.0,675.0
322.0,762.0
322.0,820.0
322.0,857.0
322.0,950.0
14.0,323.0
21.0,323.0
165.0,323.0
175.0,323.0
194.0,323.0
222.0,323.0
223.0,323.0
250.0,323.0
310.0,323.0
323.0,483.0
323.0,510.0
323.0,661.0
323.0,759.0
323.0,799.0
323.0,914.0
323.0,929.0
49.0,324.0
324.0,378.0
324.0,441.0
324.0,468.0
324.0,571.0
324.0,651.0
324.0,682.0
324.0,735.0
324.0,774.0
324.0,879.0
324.0,914.0
324.0,965.0
2.0,325.0
33.0,325.0
125.0,325.0
137.0,325.0
142.0,325.0
202.0,325.0
207.0,325.0
215.0,325.0
267.0,325.0
319.0,325.0
325.0,444.0
325.0,475.0
325.0,553.0
325.0,871.0
108.0,326.0
112.0,326.0
189.0,326.0
219.0,326.0
319.0,326.0
326.0,343.0
326.0,446.0
326.0,447.0
326.0,455.0
326.0,490.0
326.0,512.0
326.0,526.0
326.0,528.0
326.0,552.0
326.0,673.0
326.0,689.0
326.0,810.0
326.0,876.0
326.0,946.0
4.0,327.0
58.0,327.0
116.0,327.0
177.0,327.0
292.0,327.0
327.0,337.0
327.0,367.0
327.0,426.0
327.0,451.0
327.0,737.0
327.0,843.0
327.0,937.0
327.0,944.0
327.0,952.0
327.0,959.0
327.0,965.0
122.0,328.0
160.0,328.0
288.0,328.0
312.0,328.0
328.0,412.0
328.0,541.0
328.0,574.0
328.0,728.0
328.0,779.0
27.0,329.0
34.0,329.0
49.0,329.0
99.0,329.0
329.0,375.0
329.0,664.0
329.0,687.0
329.0,745.0
329.0,810.0
329.0,873.0
329.0,942.0
329.0,958.0
329.0,966.0
19.0,330.0
96.0,330.0
99.0,330.0
195.0,330.0
288.0,330.0
330.0,377.0
330.0,528.0
330.0,691.0
330.0,855.0
330.0,964.0
330.0,967.0
0.0,331.0
18.0,331.0
108.0,331.0
124.0,331.0
216.0,331.0
316.0,331.0
331.0,504.0
331.0,548.0
331.0,674.0
331.0,819.0
331.0,842.0
331.0,869.0
331.0,882.0
1.0,332.0
30.0,332.0
332.0,563.0
332.0,726.0
332.0,946.0
37.0,333.0
333.0,468.0
333.0,582.0
333.0,727.0
333.0,730.0
333.0,853.0
333.0,865.0
334.0,390.0
334.0,602.0
334.0,750.0
334.0,948.0
334.0,983.0
34.0,335.0
61.0,335.0
63.0,335.0
152.0,335.0
297.0,335.0
321.0,335.0
335.0,449.0
335.0,496.0
335.0,523.0
335.0,599.0
335.0,614.0
335.0,780.0
274.0,336.0
300.0,336.0
336.0,450.0
336.0,512.0
336.0,528.0
336.0,671.0
336.0,712.0
336.0,920.0
336.0,931.0
10.0,337.0
129.0,337.0
224.0,337.0
337.0,352.0
337.0,438.0
337.0,464.0
337.0,524.0
337.0,658.0
337.0,660.0
337.0,685.0
337.0,726.0
337.0,830.0
337.0,890.0
337.0,900.0
338.0,420.0
338.0,492.0
338.0,509.0
338.0,593.0
338.0,697.0
338.0,792.0
93.0,339.0
136.0,339.0
167.0,339.0
185.0,339.0
216.0,339.0
300.0,339.0
339.0,446.0
339.0,517.0
339.0,734.0
339.0,737.0
339.0,789.0
339.0,835.0
339.0,843.0
339.0,965.0
33.0,340.0
136.0,340.0
145.0,340.0
199.0,340.0
321.0,340.0
338.0,340.0
340.0,539.0
340.0,721.0
340.0,739.0
340.0,951.0
132.0,341.0
273.0,341.0
294.0,341.0
341.0,352.0
341.0,449.0
341.0,457.0
341.0,708.0
341.0,722.0
341.0,757.0
341.0,802.0
341.0,822.0
341.0,849.0
341.0,876.0
341.0,894.0
341.0,902.0
341.0,958.0
38.0,342.0
43.0,342.0
342.0,432.0
342.0,524.0
342.0,758.0
342.0,829.0
342.0,969.0
11.0,343.0
54.0,343.0
156.0,343.0
200.0,343.0
212.0,343.0
343.0,375.0
343.0,390.0
343.0,410.0
343.0,421.0
343.0,509.0
343.0,546.0
343.0,566.0
343.0,575.0
343.0,638.0
343.0,717.0
343.0,768.0
343.0,816.0
343.0,823.0
343.0,842.0
343.0,851.0
343.0,896.0
343.0,929.0
6.0,344.0
79.0,344.0
216.0,344.0
228.0,344.0
265.0,344.0
317.0,344.0
344.0,396.0
344.0,453.0
344.0,495.0
344.0,497.0
344.0,613.0
344.0,614.0
344.0,654.0
344.0,808.0
344.0,968.0
176.0,345.0
345.0,375.0
345.0,478.0
345.0,526.0
345.0,597.0
345.0,704.0
345.0,891.0
48.0,346.0
172.0,346.0
295.0,346.0
346.0,435.0
346.0,483.0
346.0,540.0
346.0,549.0
346.0,559.0
346.0,619.0
346.0,672.0
346.0,794.0
346.0,895.0
346.0,940.0
203.0,347.0
298.0,347.0
347.0,460.0
347.0,529.0
347.0,564.0
347.0,640.0
347.0,716.0
347.0,731.0
347.0,734.0
347.0,857.0
2.0,348.0
140.0,348.0
173.0,348.0
226.0,348.0
283.0,348.0
285.0,348.0
288.0,348.0
348.0,355.0
348.0,422.0
348.0,478.0
348.0,556.0
348.0,644.0
348.0,650.0
348.0,737.0
348.0,743.0
348.0,773.0
348.0,799.0
348.0,907.0
12.0,349.0
215.0,349.0
226.0,349.0
256.0,349.0
349.0,630.0
349.0,654.0
349.0,715.0
349.0,719.0
349.0,919.0
5.0,350.0
217.0,350.0
275.0,350.0
308.0,350.0
350.0,380.0
350.0,452.0
350.0,564.0
350.0,597.0
350.0,731.0
350.0,755.0
350.0,858.0
78.0,351.0
98.0,351.0
173.0,351.0
335.0,351.0
344.0,351.0
351.0,457.0
351.0,502.0
351.0,520.0
351.0,583.0
351.0,657.0
351.0,663.0
351.0,691.0
351.0,947.0
151.0,352.0
209.0,352.0
215.0,352.0
244.0,352.0
245.0,352.0
247.0,352.0
350.0,352.0
352.0,359.0
352.0,486.0
352.0,741.0
352.0,750.0
352.0,924.0
352.0,968.0
352.0,979.0
69.0,353.0
110.0,353.0
181.0,353.0
194.0,353.0
197.0,353.0
325.0,353.0
353.0,363.0
353.0,388.0
353.0,407.0
353.0,444.0
353.0,626.0
353.0,684.0
353.0,915.0
120.0,354.0
166.0,354.0
180.0,354.0
217.0,354.0
306.0,354.0
354.0,437.0
354.0,593.0
354.0,637.0
354.0,656.0
354.0,671.0
354.0,773.0
354.0,813.0
354.0,839.0
354.0,906.0
354.0,960.0
323.0,355.0
330.0,355.0
351.0,355.0
355.0,367.0
355.0,418.0
355.0,426.0
355.0,565.0
355.0,585.0
355.0,707.0
355.0,713.0
355.0,720.0
355.0,744.0
144.0,356.0
174.0,356.0
278.0,356.0
299.0,356.0
356.0,570.0
356.0,595.0
356.0,615.0
356.0,655.0
356.0,673.0
356.0,694.0
356.0,695.0
356.0,733.0
356.0,783.0
356.0,798.0
356.0,810.0
356.0,957.0
187.0,357.0
221.0,357.0
281.0,357.0
330.0,357.0
357.0,419.0
357.0,462.0
357.0,518.0
357.0,528.0
357.0,607.0
357.0,682.0
357.0,844.0
357.0,847.0
357.0,937.0
357.0,964.0
6.0,358.0
53.0,358.0
76.0,358.0
134.0,358.0
158.0,358.0
358.0,397.0
358.0,495.0
358.0,571.0
358.0,742.0
358.0,952.0
31.0,359.0
100.0,359.0
129.0,359.0
220.0,359.0
256.0,359.0
263.0,359.0
293.0,359.0
359.0,541.0
359.0,578.0
359.0,618.0
359.0,685.0
359.0,735.0
359.0,855.0
39.0,360.0
71.0,360.0
192.0,360.0
338.0,360.0
360.0,423.0
360.0,549.0
360.0,579.0
360.0,639.0
360.0,715.0
360.0,801.0
360.0,836.0
1.0,361.0
170.0,361.0
183.0,361.0
284.0,361.0
361.0,371.0
361.0,389.0
361.0,553.0
361.0,599.0
361.0,651.0
361.0,738.0
361.0,766.0
361.0,775.0
361.0,939.0
3.0,362.0
36.0,362.0
46.0,362.0
94.0,362.0
132.0,362.0
181.0,362.0
204.0,362.0
228.0,362.0
267.0,362.0
327.0,362.0
362.0,383.0
362.0,410.0
362.0,432.0
362.0,551.0
362.0,580.0
362.0,583.0
362.0,663.0
362.0,667.0
362.0,695.0
362.0,764.0
362.0,860.0
362.0,884.0
362.0,942.0
362.0,954.0
9.0,363.0
26.0,363.0
89.0,363.0
221.0,363.0
322.0,363.0
324.0,363.0
363.0,420.0
363.0,539.0
363.0,563.0
363.0,679.0
363.0,794.0
363.0,836.0
21.0,364.0
85.0,364.0
184.0,364.0
243.0,364.0
308.0,364.0
317.0,364.0
325.0,364.0
364.0,490.0
364.0,644.0
364.0,730.0
364.0,785.0
364.0,793.0
364.0,900.0
364.0,951.0
7.0,365.0
23.0,365.0
44.0,365.0
204.0,365.0
210.0,365.0
356.0,365.0
365.0,388.0
365.0,429.0
365.0,533.0
365.0,557.0
365.0,624.0
365.0,818.0
365.0,826.0
365.0,886.0
365.0,904.0
365.0,916.0
142.0,366.0
224.0,366.0
366.0,394.0
366.0,398.0
366.0,446.0
366.0,493.0
366.0,943.0
366.0,958.0
366.0,979.0
284.0,367.0
364.0,367.0
367.0,510.0
367.0,518.0
367.0,526.0
367.0,597.0
367.0,610.0
367.0,709.0
367.0,802.0
367.0,838.0
367.0,922.0
367.0,967.0
101.0,368.0
170.0,368.0
190.0,368.0
198.0,368.0
220.0,368.0
259.0,368.0
263.0,368.0
368.0,608.0
368.0,860.0
368.0,871.0
368.0,879.0
120.0,369.0
243.0,369.0
320.0,369.0
369.0,407.0
369.0,427.0
369.0,450.0
369.0,671.0
369.0,731.0
72.0,370.0
341.0,370.0
370.0,434.0
370.0,772.0
370.0,792.0
148.0,371.0
200.0,371.0
371.0,459.0
371.0,577.0
371.0,700.0
371.0,703.0
371.0,762.0
371.0,894.0
371.0,903.0
371.0,904.0
371.0,931.0
371.0,949.0
371.0,963.0
113.0,372.0
372.0,400.0
372.0,848.0
372.0,976.0
156.0,373.0
373.0,388.0
373.0,481.0
373.0,510.0
373.0,687.0
373.0,697.0
373.0,703.0
373.0,810.0
373.0,975.0
2.0,374.0
153.0,374.0
167.0,374.0
374.0,579.0
374.0,862.0
24.0,375.0
195.0,375.0
215.0,375.0
256.0,375.0
289.0,375.0
375.0,545.0
375.0,559.0
375.0,744.0
375.0,855.0
87.0,376.0
99.0,376.0
185.0,376.0
189.0,376.0
202.0,376.0
204.0,376.0
272.0,376.0
356.0,376.0
376.0,377.0
376.0,538.0
376.0,556.0
376.0,584.0
376.0,620.0
376.0,654.0
376.0,667.0
376.0,733.0
376.0,741.0
376.0,800.0
376.0,816.0
376.0,892.0
1.0,377.0
104.0,377.0
244.0,377.0
283.0,377.0
346.0,377.0
354.0,377.0
377.0,422.0
377.0,550.0
377.0,628.0
377.0,738.0
377.0,796.0
377.0,963.0
86.0,378.0
99.0,378.0
134.0,378.0
194.0,378.0
202.0,378.0
216.0,378.0
347.0,378.0
369.0,378.0
378.0,475.0
378.0,502.0
378.0,717.0
378.0,784.0
378.0,786.0
378.0,821.0
378.0,838.0
378.0,841.0
378.0,852.0
378.0,857.0
378.0,865.0
378.0,903.0
378.0,905.0
378.0,919.0
151.0,379.0
379.0,440.0
379.0,502.0
379.0,515.0
379.0,576.0
379.0,731.0
379.0,789.0
379.0,840.0
379.0,867.0
379.0,887.0
8.0,380.0
123.0,380.0
160.0,380.0
278.0,380.0
380.0,469.0
380.0,482.0
380.0,542.0
380.0,759.0
380.0,883.0
380.0,973.0
89.0,381.0
171.0,381.0
185.0,381.0
272.0,381.0
292.0,381.0
301.0,381.0
304.0,381.0
331.0,381.0
334.0,381.0
381.0,399.0
381.0,422.0
381.0,458.0
381.0,551.0
381.0,593.0
381.0,594.0
381.0,656.0
381.0,707.0
381.0,708.0
381.0,756.0
381.0,784.0
381.0,968.0
381.0,972.0
57.0,382.0
89.0,382.0
295.0,382.0
373.0,382.0
377.0,382.0
382.0,480.0
382.0,555.0
382.0,574.0
382.0,755.0
382.0,853.0
382.0,917.0
141.0,383.0
195.0,383.0
210.0,383.0
383.0,550.0
383.0,611.0
383.0,679.0
383.0,702.0
383.0,724.0
383.0,790.0
383.0,797.0
383.0,809.0
383.0,968.0
24.0,384.0
151.0,384.0
184.0,384.0
384.0,409.0
384.0,499.0
384.0,549.0
384.0,550.0
384.0,660.0
384.0,702.0
384.0,787.0
19.0,385.0
174.0,385.0
231.0,385.0
297.0,385.0
299.0,385.0
308.0,385.0
350.0,385.0
385.0,627.0
385.0,672.0
385.0,740.0
385.0,782.0
385.0,801.0
385.0,833.0
122.0,386.0
270.0,386.0
386.0,439.0
386.0,548.0
386.0,579.0
386.0,793.0
386.0,894.0
4.0,387.0
39.0,387.0
269.0,387.0
340.0,387.0
355.0,387.0
387.0,533.0
387.0,640.0
387.0,826.0
387.0,847.0
387.0,868.0
387.0,968.0
63.0,388.0
101.0,388.0
234.0,388.0
306.0,388.0
313.0,388.0
316.0,388.0
388.0,596.0
388.0,668.0
388.0,861.0
388.0,933.0
388.0,951.0
77.0,389.0
84.0,389.0
114.0,389.0
251.0,389.0
313.0,389.0
389.0,401.0
389.0,473.0
389.0,694.0
389.0,736.0
389.0,749.0
389.0,758.0
389.0,807.0
389.0,861.0
389.0,876.0
389.0,926.0
389.0,977.0
37.0,390.0
116.0,390.0
307.0,390.0
390.0,435.0
390.0,508.0
390.0,528.0
390.0,611.0
390.0,800.0
390.0,875.0
60.0,391.0
185.0,391.0
204.0,391.0
391.0,519.0
391.0,699.0
391.0,874.0
391.0,955.0
391.0,956.0
132.0,392.0
163.0,392.0
392.0,601.0
392.0,611.0
119.0,393.0
246.0,393.0
393.0,534.0
393.0,536.0
393.0,629.0
393.0,656.0
393.0,765.0
393.0,844.0
393.0,899.0
393.0,971.0
12.0,394.0
61.0,394.0
288.0,394.0
394.0,524.0
394.0,530.0
394.0,621.0
394.0,698.0
394.0,731.0
394.0,759.0
394.0,773.0
394.0,826.0
42.0,395.0
146.0,395.0
153.0,395.0
243.0,395.0
356.0,395.0
383.0,395.0
395.0,485.0
395.0,552.0
395.0,565.0
395.0,793.0
31.0,396.0
75.0,396.0
127.0,396.0
128.0,396.0
152.0,396.0
204.0,396.0
396.0,499.0
396.0,597.0
396.0,598.0
396.0,826.0
1.0,397.0
83.0,397.0
99.0,397.0
104.0,397.0
118.0,397.0
120.0,397.0
323.0,397.0
397.0,493.0
397.0,508.0
397.0,631.0
397.0,653.0
397.0,677.0
397.0,686.0
397.0,796.0
397.0,820.0
397.0,892.0
52.0,398.0
255.0,398.0
351.0,398.0
398.0,633.0
398.0,645.0
398.0,668.0
398.0,679.0
398.0,690.0
398.0,819.0
398.0,820.0
398.0,876.0
398.0,877.0
398.0,942.0
26.0,399.0
261.0,399.0
317.0,399.0
399.0,405.0
399.0,419.0
399.0,468.0
399.0,597.0
6.0,400.0
72.0,400.0
168.0,400.0
179.0,400.0
226.0,400.0
400.0,482.0
400.0,492.0
400.0,534.0
400.0,726.0
400.0,773.0
400.0,944.0
29.0,401.0
199.0,401.0
226.0,401.0
401.0,466.0
401.0,506.0
401.0,516.0
401.0,602.0
401.0,714.0
401.0,763.0
401.0,920.0
5.0,402.0
147.0,402.0
227.0,402.0
283.0,402.0
402.0,422.0
402.0,488.0
402.0,539.0
402.0,695.0
402.0,726.0
402.0,727.0
402.0,761.0
402.0,971.0
136.0,403.0
289.0,403.0
324.0,403.0
349.0,403.0
402.0,403.0
403.0,432.0
403.0,474.0
403.0,549.0
403.0,610.0
403.0,634.0
403.0,762.0
22.0,404.0
158.0,404.0
228.0,404.0
404.0,510.0
404.0,540.0
404.0,575.0
404.0,632.0
404.0,678.0
404.0,730.0
404.0,918.0
65.0,405.0
75.0,405.0
116.0,405.0
235.0,405.0
292.0,405.0
345.0,405.0
391.0,405.0
405.0,452.0
405.0,521.0
405.0,582.0
405.0,737.0
405.0,843.0
405.0,943.0
405.0,973.0
9.0,406.0
41.0,406.0
93.0,406.0
247.0,406.0
329.0,406.0
406.0,410.0
406.0,574.0
406.0,604.0
406.0,719.0
406.0,867.0
406.0,925.0
406.0,949.0
75.0,407.0
171.0,407.0
321.0,407.0
407.0,524.0
407.0,591.0
407.0,601.0
407.0,645.0
407.0,730.0
407.0,749.0
407.0,807.0
407.0,853.0
407.0,909.0
407.0,978.0
157.0,408.0
167.0,408.0
251.0,408.0
332.0,408.0
408.0,450.0
408.0,484.0
408.0,505.0
408.0,515.0
408.0,695.0
408.0,710.0
408.0,763.0
408.0,852.0
408.0,916.0
18.0,409.0
45.0,409.0
125.0,409.0
246.0,409.0
300.0,409.0
342.0,409.0
409.0,432.0
409.0,464.0
409.0,512.0
409.0,519.0
409.0,646.0
409.0,704.0
409.0,721.0
409.0,855.0
409.0,879.0
409.0,905.0
64.0,410.0
83.0,410.0
272.0,410.0
406.0,410.0
410.0,508.0
410.0,525.0
410.0,531.0
410.0,612.0
410.0,684.0
410.0,726.0
410.0,807.0
410.0,852.0
410.0,934.0
51.0,411.0
78.0,411.0
236.0,411.0
237.0,411.0
349.0,411.0
411.0,537.0
411.0,679.0
411.0,816.0
411.0,860.0
411.0,928.0
41.0,412.0
210.0,412.0
304.0,412.0
412.0,776.0
412.0,898.0
412.0,914.0
69.0,413.0
116.0,413.0
164.0,413.0
174.0,413.0
194.0,413.0
208.0,413.0
272.0,413.0
273.0,413.0
403.0,413.0
413.0,420.0
413.0,546.0
413.0,627.0
413.0,700.0
413.0,743.0
96.0,414.0
131.0,414.0
199.0,414.0
256.0,414.0
278.0,414.0
377.0,414.0
414.0,760.0
414.0,772.0
414.0,914.0
56.0,415.0
191.0,415.0
198.0,415.0
207.0,415.0
251.0,415.0
273.0,415.0
307.0,415.0
415.0,445.0
415.0,519.0
415.0,641.0
415.0,740.0
415.0,747.0
415.0,899.0
415.0,932.0
415.0,974.0
18.0,416.0
147.0,416.0
179.0,416.0
330.0,416.0
341.0,416.0
350.0,416.0
416.0,450.0
416.0,510.0
416.0,649.0
416.0,675.0
416.0,747.0
416.0,768.0
416.0,834.0
416.0,899.0
222.0,417.0
223.0,417.0
308.0,417.0
417.0,426.0
417.0,503.0
417.0,656.0
417.0,664.0
417.0,677.0
417.0,859.0
417.0,964.0
154.0,418.0
240.0,418.0
291.0,418.0
375.0,418.0
418.0,450.0
418.0,488.0
418.0,711.0
418.0,723.0
418.0,762.0
418.0,813.0
418.0,820.0
418.0,821.0
418.0,831.0
418.0,916.0
418.0,921.0
418.0,934.0
32.0,419.0
110.0,419.0
151.0,419.0
284.0,419.0
285.0,419.0
419.0,473.0
419.0,671.0
419.0,682.0
419.0,862.0
419.0,908.0
419.0,913.0
52.0,420.0
288.0,420.0
297.0,420.0
305.0,420.0
394.0,420.0
396.0,420.0
420.0,457.0
420.0,464.0
420.0,472.0
420.0,554.0
420.0,571.0
420.0,591.0
420.0,636.0
420.0,694.0
420.0,783.0
420.0,937.0
190.0,421.0
216.0,421.0
313.0,421.0
324.0,421.0
410.0,421.0
421.0,796.0
421.0,875.0
421.0,981.0
58.0,422.0
109.0,422.0
384.0,422.0
422.0,462.0
422.0,522.0
422.0,604.0
422.0,659.0
422.0,719.0
422.0,762.0
422.0,880.0
422.0,976.0
15.0,423.0
53.0,423.0
67.0,423.0
177.0,423.0
268.0,423.0
325.0,423.0
423.0,427.0
423.0,452.0
423.0,461.0
423.0,537.0
423.0,542.0
423.0,650.0
423.0,692.0
423.0,720.0
423.0,864.0
423.0,909.0
423.0,937.0
69.0,424.0
423.0,424.0
424.0,438.0
424.0,484.0
424.0,493.0
424.0,530.0
424.0,548.0
424.0,560.0
424.0,708.0
424.0,828.0
424.0,882.0
424.0,956.0
80.0,425.0
83.0,425.0
133.0,425.0
287.0,425.0
290.0,425.0
398.0,425.0
425.0,445.0
425.0,602.0
425.0,617.0
425.0,648.0
425.0,677.0
425.0,699.0
425.0,781.0
425.0,832.0
425.0,852.0
425.0,883.0
425.0,906.0
425.0,925.0
425.0,927.0
91.0,426.0
104.0,426.0
125.0,426.0
187.0,426.0
294.0,426.0
372.0,426.0
407.0,426.0
426.0,532.0
426.0,638.0
426.0,711.0
426.0,750.0
426.0,765.0
426.0,780.0
5.0,427.0
17.0,427.0
73.0,427.0
190.0,427.0
207.0,427.0
243.0,427.0
316.0,427.0
317.0,427.0
427.0,526.0
427.0,605.0
427.0,636.0
427.0,822.0
427.0,936.0
144.0,428.0
341.0,428.0
428.0,473.0
428.0,589.0
428.0,602.0
428.0,731.0
428.0,793.0
278.0,429.0
298.0,429.0
334.0,429.0
429.0,492.0
429.0,734.0
429.0,758.0
429.0,761.0
429.0,772.0
138.0,430.0
155.0,430.0
178.0,430.0
309.0,430.0
430.0,536.0
430.0,743.0
430.0,785.0
109.0,431.0
138.0,431.0
170.0,431.0
295.0,431.0
313.0,431.0
431.0,505.0
431.0,564.0
431.0,702.0
431.0,715.0
431.0,765.0
431.0,773.0
431.0,809.0
23.0,432.0
118.0,432.0
244.0,432.0
324.0,432.0
335.0,432.0
370.0,432.0
381.0,432.0
432.0,523.0
432.0,574.0
432.0,598.0
432.0,710.0
432.0,840.0
432.0,858.0
432.0,930.0
4.0,433.0
5.0,433.0
42.0,433.0
70.0,433.0
148.0,433.0
157.0,433.0
226.0,433.0
319.0,433.0
342.0,433.0
379.0,433.0
423.0,433.0
433.0,504.0
433.0,546.0
433.0,564.0
433.0,876.0
433.0,908.0
433.0,912.0
18.0,434.0
42.0,434.0
228.0,434.0
434.0,613.0
434.0,808.0
434.0,814.0
434.0,825.0
434.0,842.0
434.0,963.0
434.0,971.0
122.0,435.0
435.0,534.0
435.0,617.0
435.0,759.0
3.0,436.0
100.0,436.0
327.0,436.0
436.0,487.0
436.0,545.0
436.0,576.0
436.0,648.0
436.0,711.0
436.0,718.0
436.0,761.0
436.0,800.0
436.0,979.0
52.0,437.0
53.0,437.0
110.0,437.0
203.0,437.0
211.0,437.0
217.0,437.0
271.0,437.0
331.0,437.0
348.0,437.0
437.0,490.0
437.0,579.0
437.0,588.0
437.0,625.0
437.0,693.0
437.0,762.0
437.0,793.0
256.0,438.0
277.0,438.0
353.0,438.0
438.0,456.0
438.0,484.0
438.0,528.0
25.0,439.0
36.0,439.0
71.0,439.0
302.0,439.0
439.0,443.0
439.0,453.0
439.0,455.0
439.0,732.0
439.0,775.0
439.0,821.0
439.0,887.0
439.0,894.0
125.0,440.0
152.0,440.0
205.0,440.0
420.0,440.0
440.0,559.0
440.0,689.0
440.0,701.0
440.0,757.0
440.0,787.0
440.0,892.0
440.0,913.0
314.0,441.0
333.0,441.0
413.0,441.0
441.0,445.0
441.0,649.0
441.0,684.0
441.0,831.0
142.0,442.0
150.0,442.0
170.0,442.0
191.0,442.0
280.0,442.0
310.0,442.0
402.0,442.0
442.0,526.0
442.0,586.0
442.0,604.0
442.0,755.0
442.0,909.0
442.0,940.0
53.0,443.0
112.0,443.0
155.0,443.0
333.0,443.0
443.0,461.0
443.0,471.0
443.0,478.0
443.0,628.0
443.0,702.0
443.0,979.0
144.0,444.0
178.0,444.0
221.0,444.0
257.0,444.0
337.0,444.0
354.0,444.0
421.0,444.0
444.0,486.0
444.0,493.0
444.0,587.0
444.0,699.0
36.0,445.0
176.0,445.0
183.0,445.0
317.0,445.0
390.0,445.0
445.0,458.0
445.0,709.0
445.0,712.0
445.0,762.0
445.0,885.0
38.0,446.0
54.0,446.0
124.0,446.0
309.0,446.0
317.0,446.0
446.0,454.0
446.0,475.0
446.0,522.0
446.0,595.0
446.0,643.0
446.0,657.0
446.0,730.0
446.0,781.0
446.0,829.0
446.0,854.0
446.0,868.0
446.0,892.0
446.0,941.0
40.0,447.0
184.0,447.0
275.0,447.0
332.0,447.0
393.0,447.0
447.0,484.0
447.0,498.0
447.0,528.0
447.0,795.0
447.0,842.0
447.0,953.0
41.0,448.0
54.0,448.0
56.0,448.0
102.0,448.0
173.0,448.0
230.0,448.0
448.0,479.0
448.0,515.0
448.0,533.0
448.0,596.0
448.0,669.0
448.0,697.0
448.0,714.0
448.0,719.0
448.0,826.0
448.0,866.0
448.0,896.0
32.0,449.0
50.0,449.0
64.0,449.0
188.0,449.0
194.0,449.0
218.0,449.0
412.0,449.0
428.0,449.0
437.0,449.0
449.0,715.0
449.0,821.0
449.0,848.0
449.0,866.0
449.0,870.0
449.0,875.0
449.0,894.0
449.0,910.0
449.0,927.0
58.0,450.0
144.0,450.0
193.0,450.0
234.0,450.0
370.0,450.0
450.0,494.0
450.0,569.0
450.0,596.0
450.0,655.0
450.0,676.0
450.0,690.0
450.0,709.0
450.0,743.0
27.0,451.0
102.0,451.0
137.0,451.0
245.0,451.0
300.0,451.0
306.0,451.0
451.0,606.0
112.0,452.0
211.0,452.0
270.0,452.0
307.0,452.0
355.0,452.0
371.0,452.0
376.0,452.0
452.0,468.0
452.0,501.0
452.0,731.0
452.0,825.0
452.0,869.0
16.0,453.0
25.0,453.0
44.0,453.0
153.0,453.0
215.0,453.0
277.0,453.0
323.0,453.0
425.0,453.0
445.0,453.0
453.0,559.0
453.0,575.0
453.0,605.0
453.0,655.0
453.0,773.0
453.0,816.0
453.0,859.0
453.0,889.0
42.0,454.0
84.0,454.0
195.0,454.0
417.0,454.0
454.0,562.0
454.0,931.0
454.0,947.0
75.0,455.0
112.0,455.0
194.0,455.0
309.0,455.0
317.0,455.0
338.0,455.0
455.0,528.0
455.0,605.0
455.0,789.0
455.0,956.0
51.0,456.0
99.0,456.0
456.0,494.0
456.0,564.0
456.0,644.0
456.0,850.0
28.0,457.0
100.0,457.0
111.0,457.0
116.0,457.0
118.0,457.0
136.0,457.0
162.0,457.0
416.0,457.0
452.0,457.0
457.0,546.0
457.0,549.0
457.0,561.0
457.0,712.0
457.0,740.0
457.0,785.0
457.0,849.0
200.0,458.0
253.0,458.0
433.0,458.0
458.0,560.0
458.0,617.0
458.0,868.0
458.0,972.0
46.0,459.0
169.0,459.0
264.0,459.0
407.0,459.0
451.0,459.0
452.0,459.0
459.0,515.0
459.0,530.0
459.0,595.0
459.0,641.0
459.0,717.0
459.0,731.0
459.0,749.0
459.0,781.0
459.0,829.0
459.0,933.0
459.0,958.0
91.0,460.0
249.0,460.0
358.0,460.0
460.0,485.0
460.0,512.0
460.0,529.0
460.0,590.0
460.0,646.0
460.0,678.0
460.0,684.0
460.0,796.0
460.0,882.0
460.0,980.0
11.0,461.0
49.0,461.0
60.0,461.0
63.0,461.0
68.0,461.0
81.0,461.0
129.0,461.0
150.0,461.0
198.0,461.0
261.0,461.0
382.0,461.0
431.0,461.0
461.0,615.0
461.0,703.0
461.0,861.0
461.0,945.0
38.0,462.0
276.0,462.0
462.0,580.0
462.0,666.0
462.0,671.0
462.0,772.0
462.0,974.0
462.0,981.0
87.0,463.0
126.0,463.0
210.0,463.0
359.0,463.0
463.0,500.0
463.0,530.0
463.0,562.0
463.0,565.0
463.0,674.0
463.0,687.0
463.0,783.0
463.0,820.0
463.0,965.0
17.0,464.0
92.0,464.0
141.0,464.0
382.0,464.0
399.0,464.0
408.0,464.0
464.0,641.0
464.0,676.0
464.0,837.0
464.0,873.0
464.0,956.0
464.0,963.0
3.0,465.0
322.0,465.0
326.0,465.0
374.0,465.0
434.0,465.0
465.0,554.0
465.0,563.0
465.0,572.0
465.0,576.0
465.0,720.0
465.0,753.0
465.0,877.0
465.0,942.0
465.0,944.0
22.0,466.0
31.0,466.0
142.0,466.0
151.0,466.0
242.0,466.0
279.0,466.0
283.0,466.0
351.0,466.0
355.0,466.0
446.0,466.0
465.0,466.0
466.0,499.0
466.0,554.0
466.0,591.0
466.0,705.0
466.0,730.0
466.0,979.0
135.0,467.0
162.0,467.0
272.0,467.0
315.0,467.0
362.0,467.0
451.0,467.0
455.0,467.0
467.0,494.0
467.0,504.0
467.0,508.0
467.0,554.0
467.0,672.0
467.0,810.0
467.0,926.0
467.0,928.0
467.0,936.0
467.0,952.0
38.0,468.0
113.0,468.0
130.0,468.0
215.0,468.0
234.0,468.0
343.0,468.0
344.0,468.0
383.0,468.0
401.0,468.0
468.0,575.0
468.0,658.0
468.0,675.0
468.0,682.0
468.0,693.0
468.0,840.0
57.0,469.0
222.0,469.0
331.0,469.0
469.0,496.0
469.0,531.0
469.0,544.0
469.0,640.0
469.0,769.0
469.0,880.0
469.0,897.0
469.0,953.0
212.0,470.0
247.0,470.0
256.0,470.0
306.0,470.0
348.0,470.0
419.0,470.0
448.0,470.0
456.0,470.0
470.0,546.0
470.0,607.0
470.0,609.0
470.0,623.0
470.0,667.0
470.0,850.0
470.0,884.0
470.0,908.0
12.0,471.0
101.0,471.0
136.0,471.0
328.0,471.0
339.0,471.0
445.0,471.0
471.0,558.0
471.0,604.0
471.0,663.0
471.0,736.0
471.0,771.0
471.0,809.0
471.0,866.0
471.0,893.0
40.0,472.0
62.0,472.0
130.0,472.0
138.0,472.0
184.0,472.0
363.0,472.0
472.0,498.0
472.0,595.0
472.0,705.0
472.0,708.0
472.0,867.0
472.0,906.0
472.0,963.0
473.0,500.0
473.0,550.0
473.0,575.0
473.0,721.0
473.0,762.0
270.0,474.0
309.0,474.0
329.0,474.0
474.0,511.0
474.0,667.0
474.0,715.0
474.0,752.0
474.0,799.0
474.0,873.0
25.0,475.0
53.0,475.0
228.0,475.0
402.0,475.0
410.0,475.0
475.0,683.0
475.0,684.0
475.0,709.0
475.0,766.0
475.0,814.0
119.0,476.0
170.0,476.0
184.0,476.0
193.0,476.0
198.0,476.0
258.0,476.0
342.0,476.0
476.0,531.0
476.0,565.0
476.0,661.0
476.0,677.0
476.0,699.0
476.0,877.0
476.0,881.0
476.0,904.0
18.0,477.0
76.0,477.0
92.0,477.0
123.0,477.0
225.0,477.0
477.0,480.0
477.0,719.0
477.0,738.0
477.0,755.0
477.0,763.0
477.0,861.0
477.0,979.0
40.0,478.0
181.0,478.0
478.0,503.0
478.0,629.0
478.0,660.0
478.0,783.0
478.0,803.0
478.0,891.0
478.0,902.0
478.0,923.0
88.0,479.0
141.0,479.0
252.0,479.0
287.0,479.0
311.0,479.0
372.0,479.0
444.0,479.0
479.0,494.0
479.0,548.0
479.0,701.0
479.0,713.0
479.0,799.0
13.0,480.0
94.0,480.0
179.0,480.0
226.0,480.0
277.0,480.0
429.0,480.0
479.0,480.0
480.0,589.0
480.0,653.0
480.0,728.0
480.0,763.0
480.0,878.0
480.0,894.0
480.0,915.0
106.0,481.0
146.0,481.0
311.0,481.0
449.0,481.0
481.0,548.0
481.0,680.0
481.0,770.0
481.0,795.0
481.0,828.0
481.0,884.0
481.0,924.0
481.0,936.0
45.0,482.0
248.0,482.0
265.0,482.0
271.0,482.0
275.0,482.0
333.0,482.0
369.0,482.0
447.0,482.0
482.0,497.0
482.0,553.0
482.0,674.0
482.0,698.0
482.0,719.0
482.0,741.0
482.0,779.0
482.0,793.0
482.0,807.0
482.0,855.0
482.0,866.0
482.0,985.0
103.0,483.0
114.0,483.0
240.0,483.0
356.0,483.0
483.0,719.0
483.0,724.0
483.0,782.0
483.0,843.0
202.0,484.0
338.0,484.0
403.0,484.0
465.0,484.0
484.0,503.0
484.0,597.0
484.0,770.0
484.0,774.0
484.0,857.0
484.0,862.0
151.0,485.0
169.0,485.0
397.0,485.0
435.0,485.0
438.0,485.0
443.0,485.0
485.0,486.0
485.0,508.0
485.0,632.0
485.0,637.0
485.0,689.0
485.0,715.0
485.0,952.0
29.0,486.0
46.0,486.0
113.0,486.0
210.0,486.0
272.0,486.0
341.0,486.0
374.0,486.0
399.0,486.0
470.0,486.0
486.0,557.0
486.0,648.0
486.0,722.0
50.0,487.0
73.0,487.0
84.0,487.0
90.0,487.0
168.0,487.0
266.0,487.0
371.0,487.0
385.0,487.0
441.0,487.0
472.0,487.0
487.0,516.0
487.0,703.0
487.0,763.0
487.0,772.0
487.0,910.0
487.0,940.0
14.0,488.0
217.0,488.0
321.0,488.0
469.0,488.0
488.0,555.0
488.0,762.0
488.0,813.0
488.0,828.0
488.0,901.0
488.0,905.0
81.0,489.0
94.0,489.0
125.0,489.0
154.0,489.0
156.0,489.0
303.0,489.0
308.0,489.0
476.0,489.0
485.0,489.0
489.0,532.0
489.0,587.0
489.0,648.0
489.0,746.0
489.0,768.0
489.0,806.0
489.0,830.0
489.0,887.0
489.0,946.0
489.0,953.0
9.0,490.0
46.0,490.0
128.0,490.0
134.0,490.0
199.0,490.0
219.0,490.0
307.0,490.0
349.0,490.0
471.0,490.0
490.0,499.0
490.0,517.0
490.0,610.0
490.0,717.0
490.0,918.0
152.0,491.0
173.0,491.0
212.0,491.0
259.0,491.0
279.0,491.0
341.0,491.0
353.0,491.0
389.0,491.0
491.0,645.0
491.0,770.0
491.0,822.0
491.0,919.0
117.0,492.0
381.0,492.0
492.0,569.0
492.0,601.0
492.0,707.0
492.0,773.0
67.0,493.0
119.0,493.0
137.0,493.0
139.0,493.0
208.0,493.0
272.0,493.0
425.0,493.0
469.0,493.0
493.0,495.0
493.0,555.0
493.0,705.0
493.0,732.0
493.0,800.0
493.0,842.0
493.0,862.0
493.0,865.0
5.0,494.0
14.0,494.0
126.0,494.0
154.0,494.0
344.0,494.0
408.0,494.0
429.0,494.0
480.0,494.0
494.0,510.0
494.0,567.0
494.0,725.0
494.0,745.0
494.0,784.0
494.0,827.0
279.0,495.0
336.0,495.0
358.0,495.0
437.0,495.0
478.0,495.0
495.0,579.0
495.0,661.0
495.0,700.0
495.0,896.0
495.0,928.0
495.0,967.0
495.0,978.0
29.0,496.0
176.0,496.0
227.0,496.0
316.0,496.0
357.0,496.0
496.0,512.0
496.0,581.0
496.0,598.0
496.0,717.0
496.0,880.0
496.0,886.0
496.0,930.0
496.0,980.0
44.0,497.0
275.0,497.0
291.0,497.0
328.0,497.0
412.0,497.0
415.0,497.0
497.0,817.0
497.0,951.0
497.0,963.0
497.0,970.0
44.0,498.0
212.0,498.0
278.0,498.0
297.0,498.0
391.0,498.0
441.0,498.0
498.0,531.0
498.0,630.0
498.0,654.0
498.0,828.0
498.0,831.0
498.0,898.0
73.0,499.0
90.0,499.0
105.0,499.0
189.0,499.0
247.0,499.0
259.0,499.0
385.0,499.0
428.0,499.0
496.0,499.0
499.0,502.0
499.0,530.0
499.0,593.0
499.0,614.0
499.0,719.0
499.0,726.0
499.0,741.0
499.0,916.0
144.0,500.0
223.0,500.0
239.0,500.0
245.0,500.0
437.0,500.0
500.0,613.0
500.0,713.0
500.0,743.0
500.0,762.0
500.0,832.0
500.0,873.0
29.0,501.0
145.0,501.0
288.0,501.0
296.0,501.0
340.0,501.0
399.0,501.0
480.0,501.0
486.0,501.0
501.0,514.0
501.0,633.0
501.0,724.0
501.0,731.0
501.0,908.0
20.0,502.0
280.0,502.0
502.0,635.0
502.0,734.0
502.0,763.0
502.0,870.0
502.0,879.0
502.0,889.0
502.0,961.0
502.0,968.0
5.0,503.0
17.0,503.0
37.0,503.0
112.0,503.0
171.0,503.0
256.0,503.0
278.0,503.0
285.0,503.0
368.0,503.0
408.0,503.0
503.0,576.0
503.0,718.0
503.0,756.0
503.0,760.0
503.0,861.0
503.0,894.0
503.0,903.0
503.0,962.0
35.0,504.0
87.0,504.0
154.0,504.0
175.0,504.0
299.0,504.0
307.0,504.0
504.0,576.0
504.0,681.0
504.0,732.0
504.0,757.0
504.0,765.0
504.0,899.0
504.0,926.0
14.0,505.0
160.0,505.0
193.0,505.0
392.0,505.0
420.0,505.0
505.0,638.0
505.0,666.0
505.0,804.0
505.0,856.0
505.0,891.0
505.0,912.0
29.0,506.0
172.0,506.0
303.0,506.0
374.0,506.0
506.0,515.0
506.0,720.0
506.0,744.0
506.0,834.0
506.0,953.0
12.0,507.0
136.0,507.0
169.0,507.0
208.0,507.0
210.0,507.0
247.0,507.0
273.0,507.0
366.0,507.0
415.0,507.0
491.0,507.0
507.0,671.0
507.0,800.0
507.0,876.0
192.0,508.0
202.0,508.0
262.0,508.0
295.0,508.0
427.0,508.0
508.0,542.0
508.0,617.0
508.0,679.0
508.0,686.0
508.0,722.0
508.0,739.0
508.0,756.0
81.0,509.0
128.0,509.0
241.0,509.0
265.0,509.0
275.0,509.0
320.0,509.0
391.0,509.0
416.0,509.0
509.0,649.0
509.0,820.0
509.0,846.0
163.0,510.0
178.0,510.0
238.0,510.0
257.0,510.0
323.0,510.0
341.0,510.0
417.0,510.0
426.0,510.0
481.0,510.0
510.0,617.0
510.0,674.0
27.0,511.0
60.0,511.0
82.0,511.0
95.0,511.0
419.0,511.0
435.0,511.0
511.0,546.0
511.0,592.0
511.0,657.0
511.0,712.0
511.0,867.0
69.0,512.0
73.0,512.0
222.0,512.0
430.0,512.0
501.0,512.0
512.0,536.0
512.0,540.0
512.0,810.0
512.0,877.0
82.0,513.0
198.0,513.0
250.0,513.0
505.0,513.0
513.0,581.0
513.0,608.0
513.0,617.0
513.0,670.0
513.0,876.0
513.0,962.0
21.0,514.0
80.0,514.0
96.0,514.0
129.0,514.0
191.0,514.0
205.0,514.0
274.0,514.0
313.0,514.0
347.0,514.0
447.0,514.0
514.0,688.0
514.0,768.0
514.0,828.0
514.0,910.0
110.0,515.0
188.0,515.0
290.0,515.0
327.0,515.0
347.0,515.0
368.0,515.0
432.0,515.0
515.0,689.0
515.0,703.0
515.0,793.0
515.0,808.0
515.0,893.0
515.0,901.0
515.0,917.0
515.0,959.0
0.0,516.0
10.0,516.0
516.0,566.0
516.0,685.0
516.0,724.0
516.0,838.0
516.0,845.0
516.0,890.0
516.0,955.0
55.0,517.0
72.0,517.0
145.0,517.0
182.0,517.0
225.0,517.0
253.0,517.0
270.0,517.0
271.0,517.0
278.0,517.0
289.0,517.0
348.0,517.0
517.0,522.0
517.0,584.0
517.0,743.0
517.0,804.0
5.0,518.0
167.0,518.0
228.0,518.0
299.0,518.0
324.0,518.0
398.0,518.0
420.0,518.0
518.0,523.0
518.0,628.0
518.0,842.0
518.0,932.0
518.0,967.0
518.0,977.0
25.0,519.0
55.0,519.0
99.0,519.0
128.0,519.0
382.0,519.0
460.0,519.0
494.0,519.0
519.0,524.0
519.0,551.0
519.0,704.0
519.0,752.0
4.0,520.0
89.0,520.0
215.0,520.0
242.0,520.0
290.0,520.0
408.0,520.0
516.0,520.0
520.0,583.0
520.0,667.0
520.0,736.0
520.0,744.0
520.0,757.0
520.0,963.0
520.0,977.0
520.0,980.0
125.0,521.0
176.0,521.0
190.0,521.0
231.0,521.0
350.0,521.0
421.0,521.0
444.0,521.0
520.0,521.0
521.0,578.0
521.0,642.0
521.0,662.0
521.0,677.0
521.0,817.0
521.0,831.0
521.0,864.0
169.0,522.0
249.0,522.0
287.0,522.0
409.0,522.0
412.0,522.0
522.0,525.0
522.0,584.0
522.0,589.0
522.0,597.0
522.0,604.0
522.0,689.0
522.0,806.0
522.0,886.0
522.0,909.0
32.0,523.0
116.0,523.0
171.0,523.0
204.0,523.0
290.0,523.0
523.0,566.0
523.0,773.0
523.0,879.0
163.0,524.0
201.0,524.0
349.0,524.0
524.0,621.0
524.0,624.0
524.0,632.0
524.0,716.0
524.0,836.0
524.0,886.0
524.0,929.0
100.0,525.0
146.0,525.0
164.0,525.0
185.0,525.0
262.0,525.0
283.0,525.0
346.0,525.0
355.0,525.0
412.0,525.0
525.0,628.0
525.0,694.0
525.0,938.0
525.0,969.0
35.0,526.0
54.0,526.0
169.0,526.0
213.0,526.0
235.0,526.0
239.0,526.0
260.0,526.0
281.0,526.0
353.0,526.0
427.0,526.0
465.0,526.0
507.0,526.0
526.0,576.0
526.0,634.0
526.0,852.0
526.0,953.0
92.0,527.0
117.0,527.0
150.0,527.0
256.0,527.0
280.0,527.0
526.0,527.0
527.0,581.0
527.0,613.0
527.0,690.0
527.0,748.0
527.0,800.0
527.0,899.0
72.0,528.0
265.0,528.0
288.0,528.0
345.0,528.0
514.0,528.0
528.0,558.0
528.0,815.0
528.0,861.0
528.0,877.0
528.0,938.0
528.0,970.0
1.0,529.0
95.0,529.0
123.0,529.0
169.0,529.0
200.0,529.0
385.0,529.0
394.0,529.0
396.0,529.0
451.0,529.0
529.0,530.0
529.0,539.0
529.0,555.0
529.0,590.0
529.0,593.0
529.0,599.0
529.0,674.0
529.0,882.0
58.0,530.0
84.0,530.0
86.0,530.0
166.0,530.0
212.0,530.0
245.0,530.0
251.0,530.0
355.0,530.0
356.0,530.0
429.0,530.0
430.0,530.0
477.0,530.0
528.0,530.0
530.0,559.0
530.0,611.0
530.0,644.0
530.0,778.0
530.0,798.0
7.0,531.0
127.0,531.0
203.0,531.0
304.0,531.0
315.0,531.0
332.0,531.0
445.0,531.0
531.0,551.0
531.0,579.0
531.0,839.0
531.0,866.0
531.0,888.0
531.0,927.0
33.0,532.0
48.0,532.0
163.0,532.0
243.0,532.0
256.0,532.0
259.0,532.0
335.0,532.0
486.0,532.0
532.0,965.0
205.0,533.0
228.0,533.0
327.0,533.0
356.0,533.0
400.0,533.0
411.0,533.0
447.0,533.0
506.0,533.0
533.0,553.0
533.0,578.0
533.0,590.0
533.0,596.0
533.0,604.0
533.0,615.0
533.0,639.0
533.0,671.0
533.0,701.0
533.0,717.0
533.0,782.0
533.0,856.0
533.0,896.0
533.0,901.0
84.0,534.0
123.0,534.0
221.0,534.0
243.0,534.0
299.0,534.0
534.0,537.0
534.0,584.0
534.0,667.0
534.0,737.0
534.0,845.0
534.0,863.0
534.0,916.0
534.0,980.0
36.0,535.0
410.0,535.0
535.0,648.0
535.0,657.0
535.0,721.0
535.0,746.0
535.0,812.0
535.0,851.0
535.0,969.0
89.0,536.0
331.0,536.0
336.0,536.0
337.0,536.0
396.0,536.0
451.0,536.0
455.0,536.0
536.0,608.0
536.0,640.0
536.0,692.0
536.0,706.0
536.0,862.0
536.0,913.0
536.0,952.0
536.0,967.0
536.0,968.0
23.0,537.0
49.0,537.0
104.0,537.0
133.0,537.0
217.0,537.0
347.0,537.0
390.0,537.0
505.0,537.0
537.0,539.0
537.0,608.0
537.0,703.0
537.0,731.0
537.0,794.0
537.0,853.0
537.0,935.0
537.0,964.0
26.0,538.0
47.0,538.0
53.0,538.0
180.0,538.0
297.0,538.0
330.0,538.0
361.0,538.0
414.0,538.0
537.0,538.0
538.0,577.0
538.0,590.0
538.0,777.0
538.0,819.0
538.0,881.0
538.0,920.0
538.0,956.0
173.0,539.0
300.0,539.0
376.0,539.0
527.0,539.0
539.0,765.0
539.0,816.0
539.0,817.0
539.0,838.0
539.0,899.0
4.0,540.0
151.0,540.0
162.0,540.0
176.0,540.0
256.0,540.0
472.0,540.0
540.0,559.0
540.0,679.0
540.0,820.0
540.0,930.0
140.0,541.0
235.0,541.0
257.0,541.0
355.0,541.0
361.0,541.0
368.0,541.0
377.0,541.0
420.0,541.0
453.0,541.0
541.0,582.0
541.0,602.0
541.0,762.0
541.0,894.0
59.0,542.0
132.0,542.0
180.0,542.0
219.0,542.0
427.0,542.0
454.0,542.0
542.0,736.0
542.0,744.0
542.0,762.0
60.0,543.0
240.0,543.0
305.0,543.0
337.0,543.0
405.0,543.0
466.0,543.0
482.0,543.0
512.0,543.0
526.0,543.0
530.0,543.0
543.0,564.0
543.0,609.0
543.0,681.0
543.0,807.0
543.0,852.0
543.0,882.0
19.0,544.0
59.0,544.0
294.0,544.0
303.0,544.0
385.0,544.0
430.0,544.0
459.0,544.0
512.0,544.0
544.0,611.0
544.0,685.0
544.0,763.0
544.0,913.0
544.0,927.0
544.0,935.0
544.0,975.0
198.0,545.0
387.0,545.0
401.0,545.0
442.0,545.0
530.0,545.0
545.0,559.0
545.0,569.0
545.0,584.0
545.0,635.0
545.0,698.0
545.0,785.0
545.0,844.0
545.0,890.0
545.0,916.0
545.0,951.0
0.0,546.0
141.0,546.0
431.0,546.0
531.0,546.0
546.0,690.0
546.0,719.0
546.0,833.0
546.0,972.0
285.0,547.0
472.0,547.0
547.0,579.0
547.0,674.0
547.0,736.0
547.0,738.0
547.0,770.0
547.0,848.0
547.0,858.0
212.0,548.0
326.0,548.0
330.0,548.0
544.0,548.0
548.0,716.0
548.0,723.0
548.0,827.0
548.0,917.0
548.0,982.0
29.0,549.0
141.0,549.0
167.0,549.0
256.0,549.0
285.0,549.0
434.0,549.0
496.0,549.0
549.0,604.0
549.0,637.0
549.0,697.0
549.0,714.0
549.0,734.0
549.0,754.0
549.0,828.0
61.0,550.0
349.0,550.0
361.0,550.0
382.0,550.0
462.0,550.0
464.0,550.0
532.0,550.0
550.0,827.0
550.0,844.0
550.0,897.0
550.0,943.0
73.0,551.0
76.0,551.0
139.0,551.0
187.0,551.0
189.0,551.0
256.0,551.0
494.0,551.0
551.0,596.0
551.0,604.0
551.0,676.0
551.0,726.0
551.0,803.0
551.0,814.0
551.0,940.0
551.0,961.0
551.0,984.0
128.0,552.0
174.0,552.0
332.0,552.0
438.0,552.0
464.0,552.0
552.0,574.0
552.0,575.0
552.0,639.0
552.0,669.0
552.0,742.0
552.0,929.0
19.0,553.0
52.0,553.0
66.0,553.0
83.0,553.0
230.0,553.0
308.0,553.0
315.0,553.0
336.0,553.0
553.0,579.0
553.0,589.0
553.0,680.0
553.0,813.0
553.0,824.0
553.0,873.0
553.0,893.0
57.0,554.0
132.0,554.0
230.0,554.0
301.0,554.0
350.0,554.0
379.0,554.0
451.0,554.0
469.0,554.0
554.0,579.0
554.0,631.0
554.0,699.0
554.0,756.0
554.0,762.0
554.0,911.0
554.0,973.0
36.0,555.0
37.0,555.0
183.0,555.0
199.0,555.0
331.0,555.0
362.0,555.0
422.0,555.0
555.0,616.0
555.0,644.0
555.0,652.0
555.0,692.0
555.0,707.0
555.0,713.0
555.0,792.0
555.0,800.0
555.0,852.0
555.0,963.0
9.0,556.0
50.0,556.0
99.0,556.0
267.0,556.0
452.0,556.0
533.0,556.0
556.0,669.0
556.0,711.0
556.0,789.0
556.0,815.0
556.0,895.0
556.0,944.0
556.0,945.0
19.0,557.0
21.0,557.0
224.0,557.0
324.0,557.0
336.0,557.0
376.0,557.0
405.0,557.0
413.0,557.0
458.0,557.0
557.0,566.0
557.0,696.0
557.0,763.0
557.0,770.0
557.0,792.0
557.0,844.0
5.0,558.0
114.0,558.0
129.0,558.0
222.0,558.0
323.0,558.0
420.0,558.0
558.0,613.0
558.0,656.0
558.0,825.0
558.0,836.0
558.0,839.0
558.0,935.0
106.0,559.0
350.0,559.0
456.0,559.0
520.0,559.0
525.0,559.0
529.0,559.0
559.0,573.0
559.0,605.0
559.0,619.0
559.0,690.0
559.0,700.0
559.0,748.0
559.0,817.0
30.0,560.0
123.0,560.0
159.0,560.0
172.0,560.0
295.0,560.0
393.0,560.0
394.0,560.0
410.0,560.0
560.0,591.0
560.0,873.0
560.0,914.0
560.0,923.0
140.0,561.0
184.0,561.0
481.0,561.0
484.0,561.0
553.0,561.0
561.0,930.0
561.0,978.0
561.0,979.0
39.0,562.0
124.0,562.0
199.0,562.0
203.0,562.0
211.0,562.0
341.0,562.0
429.0,562.0
439.0,562.0
562.0,765.0
151.0,563.0
180.0,563.0
437.0,563.0
563.0,580.0
563.0,644.0
563.0,968.0
86.0,564.0
105.0,564.0
132.0,564.0
152.0,564.0
161.0,564.0
291.0,564.0
386.0,564.0
545.0,564.0
547.0,564.0
564.0,567.0
564.0,603.0
564.0,625.0
564.0,629.0
564.0,672.0
564.0,790.0
564.0,798.0
564.0,883.0
564.0,944.0
564.0,976.0
20.0,565.0
98.0,565.0
140.0,565.0
158.0,565.0
251.0,565.0
267.0,565.0
271.0,565.0
273.0,565.0
284.0,565.0
340.0,565.0
400.0,565.0
449.0,565.0
504.0,565.0
512.0,565.0
565.0,629.0
565.0,632.0
565.0,697.0
565.0,892.0
565.0,937.0
198.0,566.0
280.0,566.0
397.0,566.0
480.0,566.0
566.0,584.0
566.0,603.0
566.0,605.0
566.0,756.0
566.0,809.0
566.0,904.0
566.0,921.0
55.0,567.0
128.0,567.0
130.0,567.0
175.0,567.0
228.0,567.0
267.0,567.0
288.0,567.0
398.0,567.0
400.0,567.0
468.0,567.0
471.0,567.0
567.0,615.0
567.0,626.0
567.0,649.0
567.0,808.0
567.0,885.0
567.0,957.0
567.0,979.0
11.0,568.0
75.0,568.0
125.0,568.0
127.0,568.0
132.0,568.0
215.0,568.0
231.0,568.0
255.0,568.0
266.0,568.0
495.0,568.0
538.0,568.0
568.0,739.0
568.0,768.0
176.0,569.0
194.0,569.0
241.0,569.0
246.0,569.0
404.0,569.0
429.0,569.0
460.0,569.0
527.0,569.0
569.0,604.0
569.0,747.0
569.0,824.0
569.0,826.0
569.0,871.0
569.0,939.0
129.0,570.0
140.0,570.0
141.0,570.0
484.0,570.0
570.0,661.0
570.0,807.0
570.0,870.0
570.0,889.0
25.0,571.0
56.0,571.0
57.0,571.0
115.0,571.0
194.0,571.0
227.0,571.0
385.0,571.0
439.0,571.0
501.0,571.0
571.0,810.0
571.0,849.0
571.0,863.0
571.0,892.0
571.0,910.0
571.0,955.0
571.0,963.0
47.0,572.0
96.0,572.0
171.0,572.0
211.0,572.0
307.0,572.0
369.0,572.0
395.0,572.0
420.0,572.0
427.0,572.0
465.0,572.0
572.0,636.0
572.0,831.0
572.0,858.0
572.0,859.0
572.0,893.0
572.0,895.0
81.0,573.0
100.0,573.0
123.0,573.0
334.0,573.0
457.0,573.0
547.0,573.0
573.0,748.0
573.0,769.0
573.0,807.0
573.0,882.0
573.0,888.0
573.0,956.0
101.0,574.0
149.0,574.0
200.0,574.0
308.0,574.0
515.0,574.0
574.0,655.0
574.0,829.0
574.0,870.0
574.0,899.0
5.0,575.0
58.0,575.0
296.0,575.0
537.0,575.0
540.0,575.0
575.0,593.0
575.0,803.0
41.0,576.0
42.0,576.0
61.0,576.0
104.0,576.0
130.0,576.0
284.0,576.0
571.0,576.0
576.0,614.0
576.0,713.0
576.0,745.0
576.0,767.0
576.0,783.0
576.0,801.0
576.0,818.0
2.0,577.0
77.0,577.0
112.0,577.0
218.0,577.0
373.0,577.0
418.0,577.0
425.0,577.0
470.0,577.0
527.0,577.0
577.0,651.0
577.0,661.0
577.0,672.0
577.0,730.0
577.0,841.0
577.0,918.0
577.0,977.0
12.0,578.0
77.0,578.0
106.0,578.0
134.0,578.0
258.0,578.0
465.0,578.0
481.0,578.0
494.0,578.0
578.0,662.0
578.0,668.0
220.0,579.0
291.0,579.0
318.0,579.0
397.0,579.0
420.0,579.0
439.0,579.0
472.0,579.0
490.0,579.0
499.0,579.0
563.0,579.0
579.0,670.0
579.0,683.0
579.0,706.0
579.0,713.0
579.0,883.0
579.0,893.0
579.0,926.0
23.0,580.0
113.0,580.0
545.0,580.0
580.0,624.0
580.0,635.0
580.0,650.0
580.0,659.0
580.0,667.0
580.0,736.0
580.0,939.0
580.0,957.0
142.0,581.0
197.0,581.0
203.0,581.0
453.0,581.0
581.0,597.0
581.0,665.0
581.0,668.0
581.0,800.0
581.0,815.0
581.0,872.0
581.0,933.0
581.0,983.0
75.0,582.0
110.0,582.0
144.0,582.0
181.0,582.0
271.0,582.0
441.0,582.0
442.0,582.0
582.0,667.0
582.0,723.0
582.0,743.0
582.0,797.0
582.0,811.0
582.0,914.0
582.0,984.0
0.0,583.0
161.0,583.0
228.0,583.0
339.0,583.0
352.0,583.0
438.0,583.0
474.0,583.0
476.0,583.0
564.0,583.0
581.0,583.0
583.0,723.0
583.0,952.0
8.0,584.0
23.0,584.0
91.0,584.0
233.0,584.0
257.0,584.0
263.0,584.0
282.0,584.0
333.0,584.0
360.0,584.0
364.0,584.0
464.0,584.0
490.0,584.0
584.0,667.0
584.0,681.0
584.0,735.0
584.0,813.0
584.0,830.0
584.0,962.0
94.0,585.0
99.0,585.0
117.0,585.0
189.0,585.0
227.0,585.0
380.0,585.0
473.0,585.0
585.0,624.0
585.0,744.0
585.0,746.0
585.0,767.0
585.0,877.0
585.0,973.0
18.0,586.0
34.0,586.0
46.0,586.0
78.0,586.0
210.0,586.0
246.0,586.0
251.0,586.0
333.0,586.0
335.0,586.0
359.0,586.0
586.0,604.0
586.0,659.0
586.0,665.0
586.0,749.0
586.0,822.0
586.0,864.0
44.0,587.0
79.0,587.0
116.0,587.0
150.0,587.0
195.0,587.0
274.0,587.0
312.0,587.0
454.0,587.0
464.0,587.0
473.0,587.0
485.0,587.0
587.0,810.0
587.0,831.0
587.0,926.0
204.0,588.0
227.0,588.0
241.0,588.0
360.0,588.0
450.0,588.0
562.0,588.0
588.0,599.0
588.0,612.0
588.0,671.0
588.0,714.0
588.0,830.0
588.0,920.0
588.0,922.0
588.0,966.0
588.0,968.0
588.0,971.0
37.0,589.0
97.0,589.0
120.0,589.0
134.0,589.0
337.0,589.0
398.0,589.0
460.0,589.0
574.0,589.0
589.0,741.0
589.0,796.0
589.0,814.0
589.0,884.0
589.0,912.0
589.0,975.0
86.0,590.0
181.0,590.0
373.0,590.0
402.0,590.0
489.0,590.0
590.0,609.0
590.0,618.0
590.0,795.0
590.0,876.0
590.0,956.0
590.0,959.0
23.0,591.0
34.0,591.0
280.0,591.0
298.0,591.0
403.0,591.0
591.0,667.0
591.0,675.0
591.0,862.0
591.0,904.0
591.0,983.0
30.0,592.0
35.0,592.0
102.0,592.0
120.0,592.0
142.0,592.0
176.0,592.0
455.0,592.0
498.0,592.0
568.0,592.0
592.0,628.0
592.0,637.0
592.0,704.0
592.0,798.0
592.0,972.0
592.0,976.0
56.0,593.0
160.0,593.0
193.0,593.0
225.0,593.0
242.0,593.0
279.0,593.0
493.0,593.0
535.0,593.0
593.0,596.0
593.0,609.0
593.0,618.0
593.0,644.0
593.0,649.0
593.0,697.0
593.0,892.0
77.0,594.0
175.0,594.0
266.0,594.0
378.0,594.0
387.0,594.0
505.0,594.0
539.0,594.0
582.0,594.0
594.0,674.0
594.0,706.0
594.0,720.0
594.0,810.0
594.0,984.0
202.0,595.0
316.0,595.0
535.0,595.0
559.0,595.0
582.0,595.0
595.0,619.0
595.0,756.0
595.0,814.0
595.0,850.0
595.0,862.0
595.0,905.0
595.0,929.0
42.0,596.0
106.0,596.0
114.0,596.0
234.0,596.0
465.0,596.0
596.0,672.0
596.0,796.0
596.0,800.0
596.0,859.0
596.0,936.0
14.0,597.0
246.0,597.0
291.0,597.0
315.0,597.0
348.0,597.0
354.0,597.0
363.0,597.0
470.0,597.0
487.0,597.0
535.0,597.0
597.0,599.0
597.0,642.0
597.0,751.0
597.0,827.0
597.0,846.0
68.0,598.0
97.0,598.0
107.0,598.0
170.0,598.0
350.0,598.0
402.0,598.0
435.0,598.0
523.0,598.0
579.0,598.0
598.0,621.0
598.0,670.0
598.0,789.0
598.0,834.0
598.0,838.0
112.0,599.0
122.0,599.0
144.0,599.0
189.0,599.0
202.0,599.0
264.0,599.0
309.0,599.0
470.0,599.0
599.0,645.0
599.0,690.0
599.0,718.0
599.0,803.0
599.0,852.0
599.0,936.0
599.0,970.0
59.0,600.0
104.0,600.0
330.0,600.0
372.0,600.0
544.0,600.0
580.0,600.0
582.0,600.0
80.0,601.0
447.0,601.0
562.0,601.0
599.0,601.0
601.0,606.0
601.0,616.0
601.0,669.0
601.0,684.0
601.0,785.0
601.0,836.0
601.0,945.0
77.0,602.0
301.0,602.0
304.0,602.0
384.0,602.0
550.0,602.0
602.0,644.0
602.0,700.0
602.0,845.0
602.0,851.0
602.0,977.0
65.0,603.0
233.0,603.0
234.0,603.0
354.0,603.0
447.0,603.0
505.0,603.0
539.0,603.0
567.0,603.0
603.0,615.0
603.0,722.0
603.0,737.0
603.0,873.0
603.0,908.0
603.0,918.0
101.0,604.0
176.0,604.0
310.0,604.0
423.0,604.0
590.0,604.0
604.0,748.0
604.0,774.0
604.0,864.0
604.0,959.0
604.0,968.0
131.0,605.0
156.0,605.0
170.0,605.0
178.0,605.0
364.0,605.0
376.0,605.0
421.0,605.0
492.0,605.0
514.0,605.0
520.0,605.0
605.0,698.0
605.0,703.0
605.0,725.0
605.0,752.0
605.0,873.0
8.0,606.0
68.0,606.0
186.0,606.0
449.0,606.0
467.0,606.0
483.0,606.0
513.0,606.0
595.0,606.0
606.0,811.0
606.0,864.0
606.0,904.0
606.0,934.0
40.0,607.0
124.0,607.0
229.0,607.0
271.0,607.0
273.0,607.0
298.0,607.0
378.0,607.0
568.0,607.0
607.0,773.0
607.0,821.0
607.0,823.0
607.0,923.0
607.0,971.0
166.0,608.0
309.0,608.0
380.0,608.0
396.0,608.0
446.0,608.0
460.0,608.0
487.0,608.0
608.0,728.0
608.0,802.0
608.0,836.0
608.0,882.0
22.0,609.0
51.0,609.0
170.0,609.0
177.0,609.0
205.0,609.0
272.0,609.0
275.0,609.0
338.0,609.0
405.0,609.0
500.0,609.0
571.0,609.0
609.0,619.0
609.0,640.0
609.0,719.0
609.0,946.0
2.0,610.0
4.0,610.0
22.0,610.0
225.0,610.0
228.0,610.0
269.0,610.0
459.0,610.0
529.0,610.0
589.0,610.0
602.0,610.0
610.0,783.0
610.0,811.0
19.0,611.0
139.0,611.0
168.0,611.0
232.0,611.0
425.0,611.0
444.0,611.0
482.0,611.0
513.0,611.0
517.0,611.0
600.0,611.0
611.0,709.0
611.0,780.0
611.0,826.0
611.0,840.0
611.0,942.0
611.0,974.0
611.0,982.0
197.0,612.0
237.0,612.0
239.0,612.0
305.0,612.0
320.0,612.0
362.0,612.0
462.0,612.0
612.0,653.0
612.0,661.0
612.0,703.0
612.0,714.0
612.0,728.0
612.0,771.0
612.0,795.0
612.0,953.0
612.0,976.0
64.0,613.0
156.0,613.0
393.0,613.0
464.0,613.0
592.0,613.0
613.0,669.0
613.0,707.0
613.0,802.0
219.0,614.0
231.0,614.0
246.0,614.0
269.0,614.0
393.0,614.0
422.0,614.0
446.0,614.0
456.0,614.0
606.0,614.0
611.0,614.0
614.0,859.0
5.0,615.0
192.0,615.0
198.0,615.0
219.0,615.0
224.0,615.0
249.0,615.0
355.0,615.0
362.0,615.0
516.0,615.0
584.0,615.0
615.0,631.0
615.0,639.0
615.0,651.0
615.0,661.0
615.0,847.0
615.0,861.0
615.0,875.0
615.0,881.0
615.0,897.0
13.0,616.0
56.0,616.0
71.0,616.0
118.0,616.0
121.0,616.0
227.0,616.0
266.0,616.0
481.0,616.0
616.0,657.0
616.0,811.0
50.0,617.0
124.0,617.0
269.0,617.0
343.0,617.0
453.0,617.0
617.0,803.0
617.0,885.0
617.0,937.0
617.0,974.0
36.0,618.0
305.0,618.0
555.0,618.0
570.0,618.0
618.0,686.0
618.0,755.0
134.0,619.0
181.0,619.0
292.0,619.0
619.0,664.0
619.0,746.0
619.0,755.0
619.0,759.0
32.0,620.0
43.0,620.0
73.0,620.0
84.0,620.0
138.0,620.0
241.0,620.0
287.0,620.0
369.0,620.0
443.0,620.0
460.0,620.0
506.0,620.0
516.0,620.0
544.0,620.0
576.0,620.0
620.0,645.0
620.0,679.0
620.0,796.0
620.0,831.0
620.0,866.0
620.0,885.0
620.0,975.0
25.0,621.0
35.0,621.0
51.0,621.0
61.0,621.0
110.0,621.0
135.0,621.0
172.0,621.0
195.0,621.0
212.0,621.0
348.0,621.0
410.0,621.0
420.0,621.0
586.0,621.0
593.0,621.0
621.0,722.0
621.0,755.0
621.0,846.0
621.0,968.0
25.0,622.0
76.0,622.0
87.0,622.0
179.0,622.0
206.0,622.0
222.0,622.0
293.0,622.0
329.0,622.0
585.0,622.0
622.0,777.0
622.0,778.0
622.0,818.0
622.0,830.0
622.0,890.0
87.0,623.0
170.0,623.0
237.0,623.0
302.0,623.0
362.0,623.0
409.0,623.0
413.0,623.0
446.0,623.0
500.0,623.0
524.0,623.0
623.0,661.0
623.0,715.0
623.0,749.0
623.0,834.0
623.0,846.0
623.0,915.0
11.0,624.0
43.0,624.0
272.0,624.0
326.0,624.0
346.0,624.0
364.0,624.0
393.0,624.0
501.0,624.0
526.0,624.0
624.0,730.0
624.0,761.0
52.0,625.0
82.0,625.0
139.0,625.0
258.0,625.0
261.0,625.0
265.0,625.0
417.0,625.0
625.0,642.0
625.0,753.0
625.0,758.0
625.0,817.0
625.0,834.0
625.0,905.0
625.0,982.0
190.0,626.0
350.0,626.0
412.0,626.0
583.0,626.0
598.0,626.0
601.0,626.0
626.0,852.0
626.0,958.0
101.0,627.0
254.0,627.0
324.0,627.0
367.0,627.0
419.0,627.0
432.0,627.0
627.0,780.0
627.0,786.0
627.0,865.0
627.0,966.0
28.0,628.0
250.0,628.0
401.0,628.0
535.0,628.0
628.0,825.0
69.0,629.0
325.0,629.0
431.0,629.0
453.0,629.0
471.0,629.0
591.0,629.0
629.0,751.0
629.0,763.0
629.0,826.0
54.0,630.0
168.0,630.0
220.0,630.0
232.0,630.0
282.0,630.0
288.0,630.0
630.0,643.0
630.0,653.0
630.0,664.0
4.0,631.0
49.0,631.0
184.0,631.0
418.0,631.0
631.0,686.0
631.0,728.0
631.0,945.0
27.0,632.0
41.0,632.0
171.0,632.0
211.0,632.0
335.0,632.0
376.0,632.0
453.0,632.0
463.0,632.0
496.0,632.0
632.0,655.0
632.0,664.0
632.0,817.0
632.0,819.0
632.0,925.0
141.0,633.0
160.0,633.0
180.0,633.0
224.0,633.0
256.0,633.0
261.0,633.0
263.0,633.0
364.0,633.0
493.0,633.0
572.0,633.0
633.0,893.0
633.0,973.0
28.0,634.0
57.0,634.0
170.0,634.0
273.0,634.0
293.0,634.0
334.0,634.0
356.0,634.0
400.0,634.0
628.0,634.0
634.0,713.0
634.0,789.0
634.0,808.0
634.0,880.0
258.0,635.0
301.0,635.0
425.0,635.0
562.0,635.0
635.0,653.0
635.0,660.0
635.0,710.0
635.0,827.0
635.0,926.0
635.0,930.0
6.0,636.0
142.0,636.0
180.0,636.0
349.0,636.0
411.0,636.0
438.0,636.0
446.0,636.0
603.0,636.0
636.0,732.0
636.0,874.0
173.0,637.0
238.0,637.0
250.0,637.0
362.0,637.0
385.0,637.0
538.0,637.0
545.0,637.0
558.0,637.0
604.0,637.0
627.0,637.0
637.0,735.0
637.0,745.0
637.0,819.0
637.0,832.0
637.0,866.0
637.0,963.0
31.0,638.0
230.0,638.0
272.0,638.0
310.0,638.0
348.0,638.0
352.0,638.0
416.0,638.0
508.0,638.0
595.0,638.0
638.0,657.0
638.0,693.0
638.0,724.0
638.0,801.0
638.0,898.0
24.0,639.0
84.0,639.0
108.0,639.0
175.0,639.0
241.0,639.0
262.0,639.0
280.0,639.0
322.0,639.0
391.0,639.0
402.0,639.0
424.0,639.0
489.0,639.0
491.0,639.0
544.0,639.0
611.0,639.0
639.0,704.0
639.0,849.0
639.0,909.0
114.0,640.0
141.0,640.0
148.0,640.0
159.0,640.0
174.0,640.0
175.0,640.0
217.0,640.0
334.0,640.0
365.0,640.0
460.0,640.0
581.0,640.0
624.0,640.0
640.0,705.0
640.0,849.0
640.0,952.0
140.0,641.0
307.0,641.0
317.0,641.0
641.0,659.0
641.0,737.0
641.0,929.0
106.0,642.0
198.0,642.0
237.0,642.0
270.0,642.0
524.0,642.0
596.0,642.0
642.0,678.0
642.0,979.0
311.0,643.0
321.0,643.0
375.0,643.0
501.0,643.0
615.0,643.0
643.0,677.0
643.0,898.0
643.0,905.0
109.0,644.0
172.0,644.0
212.0,644.0
346.0,644.0
363.0,644.0
421.0,644.0
438.0,644.0
487.0,644.0
507.0,644.0
630.0,644.0
644.0,689.0
644.0,734.0
644.0,899.0
644.0,951.0
21.0,645.0
538.0,645.0
645.0,926.0
645.0,929.0
645.0,969.0
58.0,646.0
128.0,646.0
275.0,646.0
320.0,646.0
328.0,646.0
407.0,646.0
553.0,646.0
568.0,646.0
646.0,655.0
646.0,658.0
646.0,763.0
646.0,794.0
646.0,940.0
646.0,982.0
3.0,647.0
48.0,647.0
88.0,647.0
99.0,647.0
146.0,647.0
281.0,647.0
463.0,647.0
647.0,689.0
647.0,904.0
43.0,648.0
77.0,648.0
152.0,648.0
156.0,648.0
345.0,648.0
394.0,648.0
550.0,648.0
595.0,648.0
609.0,648.0
635.0,648.0
637.0,648.0
648.0,792.0
648.0,812.0
648.0,844.0
55.0,649.0
282.0,649.0
483.0,649.0
495.0,649.0
649.0,792.0
649.0,816.0
649.0,889.0
649.0,900.0
248.0,650.0
351.0,650.0
393.0,650.0
571.0,650.0
623.0,650.0
650.0,709.0
650.0,830.0
650.0,843.0
650.0,909.0
146.0,651.0
255.0,651.0
276.0,651.0
367.0,651.0
393.0,651.0
497.0,651.0
548.0,651.0
592.0,651.0
651.0,665.0
651.0,699.0
210.0,652.0
365.0,652.0
366.0,652.0
424.0,652.0
435.0,652.0
465.0,652.0
540.0,652.0
544.0,652.0
652.0,741.0
652.0,823.0
652.0,883.0
4.0,653.0
74.0,653.0
202.0,653.0
259.0,653.0
315.0,653.0
323.0,653.0
367.0,653.0
415.0,653.0
426.0,653.0
469.0,653.0
539.0,653.0
638.0,653.0
653.0,698.0
653.0,866.0
45.0,654.0
205.0,654.0
343.0,654.0
563.0,654.0
589.0,654.0
617.0,654.0
654.0,771.0
654.0,955.0
3.0,655.0
28.0,655.0
36.0,655.0
90.0,655.0
155.0,655.0
188.0,655.0
193.0,655.0
242.0,655.0
526.0,655.0
598.0,655.0
630.0,655.0
655.0,662.0
655.0,704.0
655.0,898.0
107.0,656.0
151.0,656.0
205.0,656.0
287.0,656.0
305.0,656.0
584.0,656.0
590.0,656.0
628.0,656.0
630.0,656.0
637.0,656.0
656.0,807.0
656.0,817.0
656.0,828.0
105.0,657.0
171.0,657.0
239.0,657.0
249.0,657.0
308.0,657.0
468.0,657.0
504.0,657.0
581.0,657.0
657.0,770.0
657.0,805.0
657.0,817.0
657.0,849.0
657.0,872.0
76.0,658.0
116.0,658.0
138.0,658.0
166.0,658.0
201.0,658.0
205.0,658.0
273.0,658.0
500.0,658.0
617.0,658.0
658.0,777.0
658.0,846.0
658.0,971.0
95.0,659.0
118.0,659.0
123.0,659.0
129.0,659.0
131.0,659.0
158.0,659.0
192.0,659.0
213.0,659.0
240.0,659.0
469.0,659.0
514.0,659.0
659.0,664.0
659.0,853.0
659.0,860.0
659.0,875.0
56.0,660.0
70.0,660.0
151.0,660.0
180.0,660.0
211.0,660.0
266.0,660.0
604.0,660.0
660.0,700.0
660.0,924.0
41.0,661.0
186.0,661.0
206.0,661.0
295.0,661.0
350.0,661.0
618.0,661.0
623.0,661.0
661.0,745.0
661.0,768.0
661.0,780.0
661.0,825.0
661.0,866.0
661.0,979.0
11.0,662.0
68.0,662.0
133.0,662.0
192.0,662.0
278.0,662.0
329.0,662.0
331.0,662.0
339.0,662.0
537.0,662.0
662.0,668.0
662.0,729.0
662.0,754.0
662.0,834.0
662.0,861.0
662.0,946.0
662.0,951.0
662.0,955.0
662.0,980.0
93.0,663.0
153.0,663.0
168.0,663.0
198.0,663.0
271.0,663.0
323.0,663.0
333.0,663.0
340.0,663.0
406.0,663.0
408.0,663.0
573.0,663.0
577.0,663.0
586.0,663.0
663.0,674.0
663.0,721.0
663.0,734.0
663.0,813.0
663.0,969.0
37.0,664.0
86.0,664.0
170.0,664.0
179.0,664.0
260.0,664.0
342.0,664.0
376.0,664.0
641.0,664.0
664.0,665.0
664.0,704.0
664.0,779.0
664.0,853.0
664.0,869.0
664.0,903.0
664.0,928.0
664.0,950.0
664.0,983.0
174.0,665.0
179.0,665.0
241.0,665.0
414.0,665.0
419.0,665.0
480.0,665.0
488.0,665.0
509.0,665.0
603.0,665.0
610.0,665.0
634.0,665.0
654.0,665.0
658.0,665.0
665.0,898.0
665.0,943.0
27.0,666.0
87.0,666.0
292.0,666.0
319.0,666.0
390.0,666.0
403.0,666.0
583.0,666.0
666.0,767.0
666.0,785.0
666.0,872.0
666.0,896.0
5.0,667.0
53.0,667.0
148.0,667.0
203.0,667.0
295.0,667.0
328.0,667.0
447.0,667.0
468.0,667.0
489.0,667.0
585.0,667.0
188.0,668.0
215.0,668.0
311.0,668.0
487.0,668.0
661.0,668.0
668.0,683.0
668.0,747.0
668.0,868.0
668.0,952.0
668.0,964.0
668.0,980.0
35.0,669.0
78.0,669.0
81.0,669.0
104.0,669.0
149.0,669.0
413.0,669.0
419.0,669.0
593.0,669.0
647.0,669.0
669.0,684.0
669.0,854.0
669.0,934.0
669.0,958.0
669.0,966.0
39.0,670.0
100.0,670.0
334.0,670.0
471.0,670.0
623.0,670.0
670.0,915.0
670.0,957.0
16.0,671.0
58.0,671.0
175.0,671.0
262.0,671.0
263.0,671.0
402.0,671.0
433.0,671.0
448.0,671.0
671.0,854.0
671.0,958.0
52.0,672.0
99.0,672.0
397.0,672.0
438.0,672.0
478.0,672.0
599.0,672.0
617.0,672.0
672.0,689.0
672.0,706.0
672.0,748.0
672.0,904.0
124.0,673.0
127.0,673.0
168.0,673.0
180.0,673.0
210.0,673.0
337.0,673.0
437.0,673.0
442.0,673.0
475.0,673.0
673.0,690.0
216.0,674.0
226.0,674.0
286.0,674.0
288.0,674.0
292.0,674.0
419.0,674.0
433.0,674.0
459.0,674.0
539.0,674.0
642.0,674.0
652.0,674.0
674.0,684.0
674.0,690.0
674.0,712.0
674.0,772.0
674.0,800.0
59.0,675.0
112.0,675.0
154.0,675.0
201.0,675.0
219.0,675.0
300.0,675.0
347.0,675.0
490.0,675.0
614.0,675.0
616.0,675.0
675.0,773.0
675.0,780.0
675.0,791.0
675.0,972.0
20.0,676.0
156.0,676.0
349.0,676.0
409.0,676.0
425.0,676.0
441.0,676.0
445.0,676.0
500.0,676.0
571.0,676.0
647.0,676.0
674.0,676.0
676.0,727.0
676.0,751.0
676.0,808.0
676.0,874.0
676.0,900.0
27.0,677.0
94.0,677.0
135.0,677.0
284.0,677.0
292.0,677.0
372.0,677.0
508.0,677.0
581.0,677.0
607.0,677.0
628.0,677.0
677.0,750.0
677.0,803.0
677.0,868.0
677.0,905.0
67.0,678.0
112.0,678.0
123.0,678.0
183.0,678.0
258.0,678.0
344.0,678.0
358.0,678.0
570.0,678.0
596.0,678.0
678.0,682.0
678.0,723.0
678.0,901.0
678.0,926.0
678.0,984.0
49.0,679.0
116.0,679.0
179.0,679.0
201.0,679.0
214.0,679.0
258.0,679.0
268.0,679.0
303.0,679.0
394.0,679.0
463.0,679.0
502.0,679.0
559.0,679.0
572.0,679.0
679.0,753.0
679.0,815.0
25.0,680.0
34.0,680.0
60.0,680.0
97.0,680.0
111.0,680.0
214.0,680.0
229.0,680.0
325.0,680.0
496.0,680.0
532.0,680.0
680.0,713.0
680.0,802.0
680.0,876.0
680.0,932.0
45.0,681.0
91.0,681.0
95.0,681.0
297.0,681.0
655.0,681.0
680.0,681.0
681.0,738.0
681.0,959.0
155.0,682.0
259.0,682.0
320.0,682.0
634.0,682.0
653.0,682.0
669.0,682.0
682.0,905.0
682.0,976.0
58.0,683.0
62.0,683.0
65.0,683.0
77.0,683.0
279.0,683.0
403.0,683.0
635.0,683.0
653.0,683.0
656.0,683.0
679.0,683.0
683.0,684.0
683.0,716.0
683.0,810.0
683.0,876.0
683.0,954.0
683.0,965.0
32.0,684.0
117.0,684.0
204.0,684.0
434.0,684.0
455.0,684.0
492.0,684.0
526.0,684.0
653.0,684.0
684.0,724.0
684.0,763.0
684.0,817.0
684.0,961.0
44.0,685.0
62.0,685.0
198.0,685.0
273.0,685.0
471.0,685.0
606.0,685.0
653.0,685.0
668.0,685.0
685.0,687.0
685.0,868.0
48.0,686.0
93.0,686.0
94.0,686.0
114.0,686.0
204.0,686.0
259.0,686.0
455.0,686.0
473.0,686.0
501.0,686.0
510.0,686.0
525.0,686.0
550.0,686.0
570.0,686.0
601.0,686.0
660.0,686.0
686.0,708.0
686.0,767.0
686.0,839.0
686.0,876.0
686.0,879.0
246.0,687.0
403.0,687.0
457.0,687.0
508.0,687.0
575.0,687.0
687.0,776.0
687.0,798.0
687.0,807.0
687.0,847.0
687.0,868.0
687.0,890.0
687.0,958.0
14.0,688.0
94.0,688.0
137.0,688.0
139.0,688.0
214.0,688.0
450.0,688.0
688.0,731.0
688.0,744.0
688.0,833.0
688.0,873.0
688.0,977.0
88.0,689.0
159.0,689.0
193.0,689.0
508.0,689.0
515.0,689.0
552.0,689.0
666.0,689.0
689.0,859.0
689.0,880.0
689.0,927.0
83.0,690.0
95.0,690.0
287.0,690.0
315.0,690.0
342.0,690.0
553.0,690.0
690.0,741.0
690.0,773.0
690.0,925.0
333.0,691.0
351.0,691.0
445.0,691.0
551.0,691.0
625.0,691.0
691.0,694.0
691.0,707.0
691.0,956.0
691.0,962.0
20.0,692.0
91.0,692.0
145.0,692.0
148.0,692.0
277.0,692.0
319.0,692.0
332.0,692.0
350.0,692.0
591.0,692.0
649.0,692.0
662.0,692.0
692.0,808.0
173.0,693.0
668.0,693.0
693.0,729.0
693.0,765.0
693.0,768.0
693.0,823.0
693.0,916.0
693.0,919.0
42.0,694.0
108.0,694.0
280.0,694.0
300.0,694.0
333.0,694.0
381.0,694.0
383.0,694.0
403.0,694.0
449.0,694.0
499.0,694.0
558.0,694.0
568.0,694.0
694.0,697.0
694.0,859.0
694.0,921.0
34.0,695.0
107.0,695.0
146.0,695.0
156.0,695.0
194.0,695.0
360.0,695.0
433.0,695.0
686.0,695.0
695.0,743.0
695.0,810.0
695.0,870.0
695.0,978.0
35.0,696.0
70.0,696.0
283.0,696.0
370.0,696.0
382.0,696.0
543.0,696.0
548.0,696.0
696.0,752.0
696.0,778.0
46.0,697.0
112.0,697.0
160.0,697.0
234.0,697.0
245.0,697.0
357.0,697.0
422.0,697.0
476.0,697.0
506.0,697.0
635.0,697.0
697.0,881.0
697.0,896.0
697.0,906.0
697.0,969.0
9.0,698.0
105.0,698.0
199.0,698.0
233.0,698.0
404.0,698.0
415.0,698.0
426.0,698.0
577.0,698.0
585.0,698.0
650.0,698.0
672.0,698.0
162.0,699.0
274.0,699.0
415.0,699.0
518.0,699.0
699.0,723.0
699.0,756.0
699.0,886.0
699.0,889.0
3.0,700.0
354.0,700.0
507.0,700.0
525.0,700.0
578.0,700.0
594.0,700.0
605.0,700.0
674.0,700.0
700.0,729.0
700.0,765.0
700.0,772.0
700.0,912.0
700.0,934.0
700.0,942.0
42.0,701.0
87.0,701.0
326.0,701.0
354.0,701.0
466.0,701.0
513.0,701.0
528.0,701.0
557.0,701.0
576.0,701.0
660.0,701.0
676.0,701.0
701.0,726.0
701.0,816.0
701.0,823.0
701.0,837.0
104.0,702.0
106.0,702.0
115.0,702.0
185.0,702.0
237.0,702.0
301.0,702.0
334.0,702.0
511.0,702.0
702.0,979.0
35.0,703.0
47.0,703.0
160.0,703.0
232.0,703.0
332.0,703.0
335.0,703.0
366.0,703.0
472.0,703.0
480.0,703.0
569.0,703.0
703.0,804.0
703.0,832.0
703.0,976.0
206.0,704.0
223.0,704.0
353.0,704.0
456.0,704.0
619.0,704.0
704.0,709.0
704.0,716.0
704.0,857.0
704.0,925.0
139.0,705.0
159.0,705.0
213.0,705.0
299.0,705.0
350.0,705.0
387.0,705.0
550.0,705.0
577.0,705.0
589.0,705.0
705.0,808.0
705.0,854.0
705.0,885.0
705.0,901.0
95.0,706.0
440.0,706.0
477.0,706.0
539.0,706.0
566.0,706.0
596.0,706.0
706.0,714.0
706.0,819.0
706.0,864.0
706.0,927.0
706.0,980.0
2.0,707.0
174.0,707.0
225.0,707.0
248.0,707.0
274.0,707.0
553.0,707.0
707.0,837.0
707.0,927.0
65.0,708.0
263.0,708.0
515.0,708.0
550.0,708.0
575.0,708.0
708.0,738.0
708.0,881.0
18.0,709.0
74.0,709.0
125.0,709.0
249.0,709.0
336.0,709.0
658.0,709.0
675.0,709.0
709.0,745.0
709.0,908.0
56.0,710.0
60.0,710.0
479.0,710.0
563.0,710.0
707.0,710.0
710.0,756.0
710.0,800.0
710.0,864.0
710.0,895.0
17.0,711.0
116.0,711.0
194.0,711.0
209.0,711.0
320.0,711.0
369.0,711.0
390.0,711.0
437.0,711.0
468.0,711.0
503.0,711.0
576.0,711.0
711.0,748.0
711.0,783.0
711.0,865.0
711.0,902.0
711.0,911.0
711.0,949.0
56.0,712.0
75.0,712.0
118.0,712.0
260.0,712.0
517.0,712.0
712.0,730.0
712.0,746.0
89.0,713.0
96.0,713.0
296.0,713.0
416.0,713.0
481.0,713.0
503.0,713.0
533.0,713.0
557.0,713.0
619.0,713.0
623.0,713.0
702.0,713.0
713.0,746.0
713.0,775.0
713.0,792.0
99.0,714.0
116.0,714.0
285.0,714.0
298.0,714.0
369.0,714.0
417.0,714.0
496.0,714.0
710.0,714.0
714.0,853.0
49.0,715.0
266.0,715.0
281.0,715.0
296.0,715.0
421.0,715.0
527.0,715.0
715.0,772.0
715.0,883.0
715.0,885.0
715.0,906.0
715.0,942.0
715.0,975.0
48.0,716.0
112.0,716.0
128.0,716.0
304.0,716.0
307.0,716.0
350.0,716.0
444.0,716.0
620.0,716.0
672.0,716.0
678.0,716.0
707.0,716.0
716.0,758.0
716.0,783.0
716.0,797.0
716.0,935.0
716.0,949.0
177.0,717.0
246.0,717.0
301.0,717.0
324.0,717.0
548.0,717.0
614.0,717.0
717.0,756.0
717.0,757.0
717.0,767.0
717.0,813.0
717.0,917.0
38.0,718.0
90.0,718.0
121.0,718.0
185.0,718.0
471.0,718.0
474.0,718.0
505.0,718.0
623.0,718.0
692.0,718.0
717.0,718.0
718.0,732.0
718.0,847.0
718.0,897.0
1.0,719.0
77.0,719.0
95.0,719.0
216.0,719.0
225.0,719.0
228.0,719.0
540.0,719.0
637.0,719.0
690.0,719.0
719.0,789.0
719.0,801.0
719.0,814.0
719.0,949.0
62.0,720.0
131.0,720.0
190.0,720.0
204.0,720.0
277.0,720.0
479.0,720.0
483.0,720.0
497.0,720.0
689.0,720.0
720.0,723.0
720.0,791.0
720.0,913.0
720.0,919.0
245.0,721.0
261.0,721.0
453.0,721.0
633.0,721.0
721.0,777.0
721.0,857.0
74.0,722.0
82.0,722.0
117.0,722.0
124.0,722.0
294.0,722.0
320.0,722.0
491.0,722.0
711.0,722.0
722.0,745.0
722.0,962.0
722.0,974.0
6.0,723.0
16.0,723.0
42.0,723.0
295.0,723.0
382.0,723.0
471.0,723.0
485.0,723.0
490.0,723.0
541.0,723.0
544.0,723.0
569.0,723.0
605.0,723.0
696.0,723.0
723.0,834.0
723.0,897.0
723.0,919.0
723.0,920.0
723.0,962.0
3.0,724.0
25.0,724.0
27.0,724.0
44.0,724.0
190.0,724.0
231.0,724.0
278.0,724.0
381.0,724.0
473.0,724.0
556.0,724.0
604.0,724.0
667.0,724.0
724.0,751.0
724.0,891.0
724.0,983.0
150.0,725.0
180.0,725.0
498.0,725.0
534.0,725.0
591.0,725.0
599.0,725.0
640.0,725.0
701.0,725.0
720.0,725.0
725.0,914.0
725.0,940.0
197.0,726.0
235.0,726.0
236.0,726.0
726.0,839.0
50.0,727.0
57.0,727.0
115.0,727.0
132.0,727.0
270.0,727.0
302.0,727.0
346.0,727.0
701.0,727.0
727.0,754.0
727.0,766.0
727.0,845.0
727.0,848.0
727.0,866.0
172.0,728.0
350.0,728.0
453.0,728.0
508.0,728.0
514.0,728.0
728.0,869.0
728.0,872.0
20.0,729.0
66.0,729.0
411.0,729.0
550.0,729.0
565.0,729.0
594.0,729.0
609.0,729.0
641.0,729.0
685.0,729.0
725.0,729.0
729.0,888.0
729.0,903.0
126.0,730.0
201.0,730.0
204.0,730.0
328.0,730.0
505.0,730.0
585.0,730.0
598.0,730.0
617.0,730.0
648.0,730.0
680.0,730.0
687.0,730.0
694.0,730.0
727.0,730.0
730.0,769.0
65.0,731.0
169.0,731.0
178.0,731.0
215.0,731.0
230.0,731.0
231.0,731.0
280.0,731.0
639.0,731.0
731.0,767.0
731.0,858.0
731.0,965.0
18.0,732.0
130.0,732.0
133.0,732.0
197.0,732.0
249.0,732.0
452.0,732.0
506.0,732.0
511.0,732.0
545.0,732.0
570.0,732.0
683.0,732.0
732.0,979.0
311.0,733.0
336.0,733.0
368.0,733.0
399.0,733.0
467.0,733.0
620.0,733.0
733.0,747.0
733.0,881.0
733.0,901.0
733.0,906.0
733.0,951.0
24.0,734.0
112.0,734.0
129.0,734.0
204.0,734.0
213.0,734.0
241.0,734.0
244.0,734.0
313.0,734.0
452.0,734.0
487.0,734.0
489.0,734.0
531.0,734.0
685.0,734.0
734.0,875.0
15.0,735.0
52.0,735.0
192.0,735.0
194.0,735.0
349.0,735.0
385.0,735.0
411.0,735.0
567.0,735.0
573.0,735.0
613.0,735.0
735.0,771.0
735.0,885.0
165.0,736.0
299.0,736.0
333.0,736.0
397.0,736.0
433.0,736.0
494.0,736.0
594.0,736.0
600.0,736.0
607.0,736.0
736.0,969.0
33.0,737.0
145.0,737.0
163.0,737.0
216.0,737.0
383.0,737.0
471.0,737.0
479.0,737.0
573.0,737.0
625.0,737.0
737.0,943.0
75.0,738.0
128.0,738.0
177.0,738.0
342.0,738.0
417.0,738.0
556.0,738.0
682.0,738.0
705.0,738.0
738.0,754.0
738.0,792.0
738.0,803.0
738.0,815.0
738.0,886.0
738.0,901.0
738.0,929.0
738.0,935.0
738.0,941.0
738.0,950.0
738.0,976.0
10.0,739.0
96.0,739.0
219.0,739.0
220.0,739.0
226.0,739.0
355.0,739.0
398.0,739.0
504.0,739.0
512.0,739.0
631.0,739.0
649.0,739.0
728.0,739.0
731.0,739.0
739.0,788.0
31.0,740.0
116.0,740.0
171.0,740.0
202.0,740.0
320.0,740.0
346.0,740.0
398.0,740.0
522.0,740.0
529.0,740.0
542.0,740.0
557.0,740.0
563.0,740.0
568.0,740.0
603.0,740.0
740.0,817.0
740.0,889.0
101.0,741.0
175.0,741.0
207.0,741.0
279.0,741.0
289.0,741.0
456.0,741.0
476.0,741.0
576.0,741.0
623.0,741.0
647.0,741.0
679.0,741.0
104.0,742.0
209.0,742.0
302.0,742.0
366.0,742.0
381.0,742.0
402.0,742.0
429.0,742.0
579.0,742.0
621.0,742.0
687.0,742.0
742.0,879.0
38.0,743.0
52.0,743.0
181.0,743.0
191.0,743.0
227.0,743.0
340.0,743.0
436.0,743.0
478.0,743.0
488.0,743.0
489.0,743.0
570.0,743.0
606.0,743.0
622.0,743.0
738.0,743.0
739.0,743.0
743.0,816.0
743.0,863.0
743.0,897.0
743.0,975.0
162.0,744.0
192.0,744.0
233.0,744.0
564.0,744.0
595.0,744.0
628.0,744.0
684.0,744.0
708.0,744.0
744.0,868.0
744.0,957.0
118.0,745.0
120.0,745.0
179.0,745.0
248.0,745.0
367.0,745.0
508.0,745.0
616.0,745.0
666.0,745.0
699.0,745.0
745.0,783.0
745.0,847.0
745.0,946.0
745.0,974.0
745.0,983.0
51.0,746.0
303.0,746.0
306.0,746.0
400.0,746.0
528.0,746.0
568.0,746.0
637.0,746.0
699.0,746.0
706.0,746.0
746.0,758.0
746.0,812.0
746.0,907.0
746.0,955.0
152.0,747.0
154.0,747.0
187.0,747.0
266.0,747.0
360.0,747.0
422.0,747.0
492.0,747.0
535.0,747.0
607.0,747.0
677.0,747.0
692.0,747.0
695.0,747.0
747.0,756.0
747.0,795.0
50.0,748.0
106.0,748.0
298.0,748.0
348.0,748.0
546.0,748.0
607.0,748.0
748.0,752.0
748.0,860.0
748.0,904.0
748.0,968.0
51.0,749.0
269.0,749.0
303.0,749.0
477.0,749.0
607.0,749.0
749.0,845.0
749.0,957.0
84.0,750.0
96.0,750.0
143.0,750.0
190.0,750.0
264.0,750.0
337.0,750.0
412.0,750.0
440.0,750.0
549.0,750.0
555.0,750.0
576.0,750.0
750.0,942.0
198.0,751.0
232.0,751.0
679.0,751.0
751.0,852.0
751.0,865.0
751.0,891.0
125.0,752.0
191.0,752.0
204.0,752.0
362.0,752.0
418.0,752.0
447.0,752.0
523.0,752.0
556.0,752.0
684.0,752.0
750.0,752.0
752.0,796.0
752.0,798.0
752.0,865.0
752.0,901.0
53.0,753.0
115.0,753.0
130.0,753.0
305.0,753.0
416.0,753.0
427.0,753.0
526.0,753.0
532.0,753.0
699.0,753.0
753.0,817.0
753.0,840.0
753.0,851.0
753.0,864.0
124.0,754.0
144.0,754.0
327.0,754.0
385.0,754.0
436.0,754.0
445.0,754.0
509.0,754.0
512.0,754.0
515.0,754.0
530.0,754.0
634.0,754.0
665.0,754.0
736.0,754.0
754.0,799.0
754.0,830.0
754.0,872.0
754.0,884.0
754.0,932.0
46.0,755.0
116.0,755.0
125.0,755.0
164.0,755.0
172.0,755.0
184.0,755.0
220.0,755.0
281.0,755.0
385.0,755.0
548.0,755.0
755.0,778.0
755.0,782.0
755.0,786.0
755.0,813.0
755.0,913.0
755.0,963.0
2.0,756.0
377.0,756.0
507.0,756.0
524.0,756.0
600.0,756.0
636.0,756.0
649.0,756.0
695.0,756.0
728.0,756.0
756.0,760.0
756.0,919.0
756.0,925.0
65.0,757.0
90.0,757.0
93.0,757.0
234.0,757.0
250.0,757.0
434.0,757.0
561.0,757.0
628.0,757.0
701.0,757.0
757.0,771.0
757.0,839.0
21.0,758.0
30.0,758.0
65.0,758.0
179.0,758.0
219.0,758.0
265.0,758.0
364.0,758.0
376.0,758.0
464.0,758.0
508.0,758.0
758.0,830.0
758.0,857.0
758.0,925.0
758.0,978.0
12.0,759.0
245.0,759.0
452.0,759.0
526.0,759.0
587.0,759.0
593.0,759.0
730.0,759.0
740.0,759.0
759.0,762.0
759.0,793.0
759.0,799.0
759.0,870.0
163.0,760.0
287.0,760.0
342.0,760.0
372.0,760.0
415.0,760.0
565.0,760.0
638.0,760.0
639.0,760.0
688.0,760.0
742.0,760.0
760.0,886.0
760.0,944.0
39.0,761.0
58.0,761.0
92.0,761.0
98.0,761.0
138.0,761.0
157.0,761.0
189.0,761.0
256.0,761.0
319.0,761.0
523.0,761.0
541.0,761.0
549.0,761.0
761.0,820.0
761.0,877.0
555.0,762.0
762.0,783.0
762.0,795.0
762.0,916.0
762.0,974.0
762.0,980.0
8.0,763.0
68.0,763.0
110.0,763.0
156.0,763.0
184.0,763.0
302.0,763.0
332.0,763.0
379.0,763.0
544.0,763.0
627.0,763.0
674.0,763.0
696.0,763.0
763.0,791.0
763.0,818.0
92.0,764.0
220.0,764.0
284.0,764.0
288.0,764.0
323.0,764.0
352.0,764.0
446.0,764.0
739.0,764.0
742.0,764.0
763.0,764.0
764.0,837.0
764.0,862.0
764.0,865.0
764.0,884.0
37.0,765.0
199.0,765.0
211.0,765.0
290.0,765.0
516.0,765.0
535.0,765.0
765.0,847.0
765.0,878.0
0.0,766.0
82.0,766.0
98.0,766.0
166.0,766.0
189.0,766.0
191.0,766.0
217.0,766.0
273.0,766.0
275.0,766.0
290.0,766.0
497.0,766.0
543.0,766.0
615.0,766.0
737.0,766.0
766.0,782.0
766.0,818.0
42.0,767.0
73.0,767.0
81.0,767.0
146.0,767.0
147.0,767.0
204.0,767.0
493.0,767.0
548.0,767.0
553.0,767.0
694.0,767.0
705.0,767.0
740.0,767.0
767.0,778.0
767.0,823.0
767.0,861.0
767.0,886.0
767.0,914.0
14.0,768.0
60.0,768.0
71.0,768.0
231.0,768.0
274.0,768.0
308.0,768.0
324.0,768.0
350.0,768.0
446.0,768.0
596.0,768.0
742.0,768.0
764.0,768.0
768.0,932.0
75.0,769.0
85.0,769.0
108.0,769.0
294.0,769.0
301.0,769.0
390.0,769.0
401.0,769.0
425.0,769.0
444.0,769.0
618.0,769.0
669.0,769.0
681.0,769.0
684.0,769.0
769.0,801.0
769.0,918.0
5.0,770.0
75.0,770.0
247.0,770.0
259.0,770.0
491.0,770.0
520.0,770.0
595.0,770.0
598.0,770.0
656.0,770.0
770.0,835.0
770.0,859.0
770.0,950.0
73.0,771.0
139.0,771.0
185.0,771.0
215.0,771.0
486.0,771.0
654.0,771.0
686.0,771.0
771.0,939.0
771.0,960.0
76.0,772.0
132.0,772.0
157.0,772.0
159.0,772.0
160.0,772.0
189.0,772.0
318.0,772.0
377.0,772.0
405.0,772.0
414.0,772.0
499.0,772.0
548.0,772.0
553.0,772.0
565.0,772.0
681.0,772.0
701.0,772.0
738.0,772.0
772.0,777.0
772.0,872.0
320.0,773.0
351.0,773.0
399.0,773.0
408.0,773.0
444.0,773.0
557.0,773.0
591.0,773.0
596.0,773.0
712.0,773.0
773.0,781.0
23.0,774.0
99.0,774.0
111.0,774.0
187.0,774.0
285.0,774.0
461.0,774.0
473.0,774.0
483.0,774.0
498.0,774.0
680.0,774.0
729.0,774.0
774.0,931.0
19.0,775.0
100.0,775.0
220.0,775.0
286.0,775.0
358.0,775.0
520.0,775.0
576.0,775.0
593.0,775.0
601.0,775.0
606.0,775.0
645.0,775.0
711.0,775.0
775.0,890.0
775.0,951.0
775.0,953.0
775.0,956.0
75.0,776.0
95.0,776.0
97.0,776.0
295.0,776.0
315.0,776.0
449.0,776.0
458.0,776.0
492.0,776.0
774.0,776.0
776.0,788.0
4.0,777.0
59.0,777.0
106.0,777.0
135.0,777.0
331.0,777.0
416.0,777.0
496.0,777.0
501.0,777.0
762.0,777.0
777.0,876.0
777.0,915.0
777.0,954.0
777.0,978.0
428.0,778.0
767.0,778.0
778.0,817.0
778.0,828.0
778.0,944.0
778.0,951.0
778.0,952.0
134.0,779.0
248.0,779.0
252.0,779.0
338.0,779.0
405.0,779.0
536.0,779.0
588.0,779.0
718.0,779.0
735.0,779.0
779.0,943.0
163.0,780.0
208.0,780.0
309.0,780.0
335.0,780.0
373.0,780.0
780.0,838.0
780.0,951.0
118.0,781.0
244.0,781.0
314.0,781.0
474.0,781.0
492.0,781.0
548.0,781.0
606.0,781.0
654.0,781.0
763.0,781.0
781.0,853.0
781.0,921.0
781.0,966.0
2.0,782.0
34.0,782.0
65.0,782.0
131.0,782.0
147.0,782.0
280.0,782.0
338.0,782.0
412.0,782.0
540.0,782.0
543.0,782.0
575.0,782.0
658.0,782.0
674.0,782.0
782.0,830.0
782.0,940.0
119.0,783.0
189.0,783.0
251.0,783.0
443.0,783.0
783.0,976.0
30.0,784.0
41.0,784.0
80.0,784.0
529.0,784.0
655.0,784.0
686.0,784.0
751.0,784.0
784.0,807.0
784.0,824.0
784.0,932.0
9.0,785.0
148.0,785.0
189.0,785.0
370.0,785.0
436.0,785.0
442.0,785.0
510.0,785.0
634.0,785.0
683.0,785.0
785.0,860.0
785.0,921.0
42.0,786.0
246.0,786.0
350.0,786.0
430.0,786.0
470.0,786.0
581.0,786.0
644.0,786.0
661.0,786.0
742.0,786.0
15.0,787.0
312.0,787.0
367.0,787.0
508.0,787.0
514.0,787.0
606.0,787.0
703.0,787.0
778.0,787.0
787.0,985.0
62.0,788.0
274.0,788.0
386.0,788.0
391.0,788.0
442.0,788.0
464.0,788.0
665.0,788.0
696.0,788.0
703.0,788.0
712.0,788.0
734.0,788.0
762.0,788.0
788.0,851.0
291.0,789.0
336.0,789.0
435.0,789.0
512.0,789.0
534.0,789.0
680.0,789.0
789.0,798.0
789.0,836.0
789.0,837.0
789.0,873.0
5.0,790.0
91.0,790.0
483.0,790.0
571.0,790.0
592.0,790.0
727.0,790.0
781.0,790.0
788.0,790.0
790.0,827.0
790.0,852.0
790.0,905.0
790.0,967.0
790.0,979.0
98.0,791.0
107.0,791.0
147.0,791.0
160.0,791.0
268.0,791.0
285.0,791.0
305.0,791.0
446.0,791.0
606.0,791.0
766.0,791.0
771.0,791.0
791.0,802.0
791.0,911.0
67.0,792.0
210.0,792.0
231.0,792.0
282.0,792.0
593.0,792.0
635.0,792.0
672.0,792.0
792.0,809.0
792.0,952.0
792.0,953.0
792.0,972.0
68.0,793.0
146.0,793.0
248.0,793.0
418.0,793.0
421.0,793.0
440.0,793.0
523.0,793.0
568.0,793.0
736.0,793.0
750.0,793.0
772.0,793.0
789.0,793.0
793.0,841.0
793.0,898.0
81.0,794.0
149.0,794.0
315.0,794.0
340.0,794.0
377.0,794.0
404.0,794.0
428.0,794.0
514.0,794.0
568.0,794.0
794.0,941.0
794.0,947.0
12.0,795.0
16.0,795.0
118.0,795.0
137.0,795.0
385.0,795.0
389.0,795.0
508.0,795.0
562.0,795.0
613.0,795.0
617.0,795.0
724.0,795.0
738.0,795.0
795.0,796.0
795.0,798.0
795.0,835.0
795.0,866.0
795.0,872.0
795.0,936.0
131.0,796.0
330.0,796.0
411.0,796.0
427.0,796.0
536.0,796.0
545.0,796.0
627.0,796.0
657.0,796.0
733.0,796.0
796.0,834.0
1.0,797.0
87.0,797.0
184.0,797.0
339.0,797.0
427.0,797.0
434.0,797.0
474.0,797.0
526.0,797.0
625.0,797.0
712.0,797.0
797.0,837.0
797.0,845.0
797.0,876.0
797.0,928.0
49.0,798.0
115.0,798.0
121.0,798.0
152.0,798.0
180.0,798.0
342.0,798.0
397.0,798.0
405.0,798.0
531.0,798.0
558.0,798.0
591.0,798.0
605.0,798.0
773.0,798.0
798.0,826.0
798.0,922.0
26.0,799.0
64.0,799.0
118.0,799.0
345.0,799.0
442.0,799.0
446.0,799.0
535.0,799.0
550.0,799.0
653.0,799.0
691.0,799.0
762.0,799.0
767.0,799.0
779.0,799.0
787.0,799.0
799.0,825.0
799.0,888.0
799.0,930.0
799.0,938.0
77.0,800.0
231.0,800.0
247.0,800.0
273.0,800.0
439.0,800.0
567.0,800.0
633.0,800.0
737.0,800.0
800.0,818.0
800.0,853.0
800.0,874.0
800.0,975.0
30.0,801.0
101.0,801.0
216.0,801.0
264.0,801.0
291.0,801.0
299.0,801.0
466.0,801.0
473.0,801.0
533.0,801.0
801.0,807.0
801.0,851.0
801.0,853.0
801.0,890.0
801.0,913.0
801.0,969.0
57.0,802.0
95.0,802.0
119.0,802.0
260.0,802.0
272.0,802.0
323.0,802.0
460.0,802.0
480.0,802.0
516.0,802.0
682.0,802.0
766.0,802.0
802.0,983.0
40.0,803.0
47.0,803.0
259.0,803.0
337.0,803.0
449.0,803.0
472.0,803.0
532.0,803.0
574.0,803.0
692.0,803.0
703.0,803.0
51.0,804.0
124.0,804.0
173.0,804.0
187.0,804.0
197.0,804.0
353.0,804.0
446.0,804.0
481.0,804.0
488.0,804.0
505.0,804.0
601.0,804.0
724.0,804.0
804.0,820.0
121.0,805.0
144.0,805.0
152.0,805.0
229.0,805.0
319.0,805.0
357.0,805.0
374.0,805.0
399.0,805.0
441.0,805.0
605.0,805.0
688.0,805.0
805.0,807.0
805.0,815.0
805.0,959.0
258.0,806.0
335.0,806.0
500.0,806.0
702.0,806.0
806.0,813.0
806.0,891.0
806.0,905.0
806.0,909.0
806.0,921.0
88.0,807.0
214.0,807.0
280.0,807.0
340.0,807.0
395.0,807.0
413.0,807.0
463.0,807.0
548.0,807.0
599.0,807.0
603.0,807.0
604.0,807.0
648.0,807.0
663.0,807.0
711.0,807.0
807.0,858.0
143.0,808.0
242.0,808.0
412.0,808.0
457.0,808.0
543.0,808.0
553.0,808.0
572.0,808.0
670.0,808.0
727.0,808.0
747.0,808.0
808.0,871.0
195.0,809.0
331.0,809.0
391.0,809.0
456.0,809.0
627.0,809.0
639.0,809.0
701.0,809.0
714.0,809.0
733.0,809.0
809.0,936.0
809.0,938.0
69.0,810.0
139.0,810.0
174.0,810.0
248.0,810.0
327.0,810.0
388.0,810.0
559.0,810.0
582.0,810.0
624.0,810.0
643.0,810.0
693.0,810.0
791.0,810.0
810.0,826.0
810.0,851.0
810.0,859.0
810.0,963.0
10.0,811.0
26.0,811.0
302.0,811.0
388.0,811.0
453.0,811.0
506.0,811.0
634.0,811.0
709.0,811.0
811.0,943.0
20.0,812.0
122.0,812.0
144.0,812.0
157.0,812.0
365.0,812.0
485.0,812.0
499.0,812.0
573.0,812.0
625.0,812.0
812.0,817.0
812.0,823.0
812.0,909.0
812.0,985.0
102.0,813.0
412.0,813.0
416.0,813.0
433.0,813.0
485.0,813.0
497.0,813.0
522.0,813.0
606.0,813.0
667.0,813.0
672.0,813.0
775.0,813.0
786.0,813.0
813.0,948.0
187.0,814.0
233.0,814.0
249.0,814.0
373.0,814.0
376.0,814.0
490.0,814.0
497.0,814.0
569.0,814.0
740.0,814.0
754.0,814.0
757.0,814.0
814.0,879.0
19.0,815.0
59.0,815.0
224.0,815.0
237.0,815.0
259.0,815.0
268.0,815.0
316.0,815.0
329.0,815.0
354.0,815.0
415.0,815.0
440.0,815.0
457.0,815.0
575.0,815.0
635.0,815.0
779.0,815.0
794.0,815.0
815.0,872.0
815.0,882.0
815.0,979.0
109.0,816.0
178.0,816.0
187.0,816.0
285.0,816.0
519.0,816.0
557.0,816.0
597.0,816.0
667.0,816.0
816.0,897.0
816.0,909.0
816.0,958.0
94.0,817.0
136.0,817.0
239.0,817.0
344.0,817.0
388.0,817.0
500.0,817.0
592.0,817.0
663.0,817.0
664.0,817.0
666.0,817.0
817.0,857.0
30.0,818.0
41.0,818.0
89.0,818.0
103.0,818.0
184.0,818.0
225.0,818.0
282.0,818.0
421.0,818.0
448.0,818.0
509.0,818.0
746.0,818.0
818.0,906.0
818.0,947.0
818.0,983.0
37.0,819.0
119.0,819.0
243.0,819.0
310.0,819.0
411.0,819.0
423.0,819.0
453.0,819.0
475.0,819.0
819.0,939.0
819.0,941.0
40.0,820.0
170.0,820.0
441.0,820.0
489.0,820.0
746.0,820.0
811.0,820.0
820.0,835.0
4.0,821.0
23.0,821.0
36.0,821.0
39.0,821.0
48.0,821.0
49.0,821.0
172.0,821.0
210.0,821.0
414.0,821.0
421.0,821.0
615.0,821.0
640.0,821.0
647.0,821.0
715.0,821.0
821.0,863.0
821.0,887.0
821.0,936.0
13.0,822.0
62.0,822.0
83.0,822.0
98.0,822.0
117.0,822.0
159.0,822.0
175.0,822.0
331.0,822.0
454.0,822.0
459.0,822.0
465.0,822.0
555.0,822.0
611.0,822.0
742.0,822.0
4.0,823.0
142.0,823.0
211.0,823.0
237.0,823.0
360.0,823.0
416.0,823.0
756.0,823.0
823.0,853.0
15.0,824.0
51.0,824.0
120.0,824.0
224.0,824.0
354.0,824.0
388.0,824.0
394.0,824.0
418.0,824.0
430.0,824.0
543.0,824.0
615.0,824.0
684.0,824.0
97.0,825.0
353.0,825.0
441.0,825.0
466.0,825.0
498.0,825.0
520.0,825.0
577.0,825.0
584.0,825.0
605.0,825.0
655.0,825.0
661.0,825.0
825.0,865.0
96.0,826.0
122.0,826.0
126.0,826.0
306.0,826.0
465.0,826.0
675.0,826.0
712.0,826.0
826.0,858.0
826.0,920.0
826.0,949.0
826.0,963.0
74.0,827.0
111.0,827.0
323.0,827.0
390.0,827.0
449.0,827.0
489.0,827.0
586.0,827.0
641.0,827.0
650.0,827.0
672.0,827.0
676.0,827.0
689.0,827.0
703.0,827.0
780.0,827.0
827.0,871.0
827.0,896.0
827.0,921.0
827.0,960.0
29.0,828.0
38.0,828.0
148.0,828.0
201.0,828.0
359.0,828.0
361.0,828.0
373.0,828.0
640.0,828.0
699.0,828.0
828.0,840.0
828.0,936.0
80.0,829.0
104.0,829.0
124.0,829.0
137.0,829.0
205.0,829.0
251.0,829.0
332.0,829.0
398.0,829.0
453.0,829.0
503.0,829.0
509.0,829.0
551.0,829.0
570.0,829.0
573.0,829.0
584.0,829.0
829.0,881.0
829.0,975.0
829.0,976.0
109.0,830.0
205.0,830.0
238.0,830.0
265.0,830.0
332.0,830.0
371.0,830.0
442.0,830.0
549.0,830.0
554.0,830.0
568.0,830.0
643.0,830.0
830.0,865.0
10.0,831.0
172.0,831.0
174.0,831.0
207.0,831.0
265.0,831.0
328.0,831.0
344.0,831.0
352.0,831.0
357.0,831.0
489.0,831.0
511.0,831.0
595.0,831.0
280.0,832.0
468.0,832.0
500.0,832.0
631.0,832.0
832.0,909.0
12.0,833.0
74.0,833.0
110.0,833.0
171.0,833.0
220.0,833.0
235.0,833.0
301.0,833.0
386.0,833.0
421.0,833.0
422.0,833.0
470.0,833.0
617.0,833.0
674.0,833.0
701.0,833.0
805.0,833.0
833.0,935.0
33.0,834.0
43.0,834.0
230.0,834.0
318.0,834.0
337.0,834.0
375.0,834.0
396.0,834.0
403.0,834.0
454.0,834.0
577.0,834.0
605.0,834.0
646.0,834.0
716.0,834.0
730.0,834.0
735.0,834.0
763.0,834.0
834.0,932.0
834.0,983.0
37.0,835.0
79.0,835.0
262.0,835.0
331.0,835.0
437.0,835.0
489.0,835.0
607.0,835.0
612.0,835.0
765.0,835.0
834.0,835.0
835.0,944.0
102.0,836.0
146.0,836.0
149.0,836.0
224.0,836.0
248.0,836.0
267.0,836.0
435.0,836.0
706.0,836.0
780.0,836.0
836.0,860.0
836.0,890.0
836.0,902.0
836.0,912.0
8.0,837.0
71.0,837.0
92.0,837.0
218.0,837.0
223.0,837.0
310.0,837.0
323.0,837.0
382.0,837.0
411.0,837.0
427.0,837.0
445.0,837.0
538.0,837.0
686.0,837.0
731.0,837.0
773.0,837.0
802.0,837.0
816.0,837.0
837.0,838.0
837.0,849.0
837.0,867.0
837.0,900.0
837.0,924.0
837.0,985.0
29.0,838.0
72.0,838.0
309.0,838.0
327.0,838.0
363.0,838.0
461.0,838.0
570.0,838.0
571.0,838.0
621.0,838.0
662.0,838.0
671.0,838.0
702.0,838.0
728.0,838.0
750.0,838.0
838.0,840.0
838.0,864.0
838.0,867.0
52.0,839.0
148.0,839.0
225.0,839.0
318.0,839.0
472.0,839.0
634.0,839.0
774.0,839.0
805.0,839.0
839.0,966.0
5.0,840.0
181.0,840.0
209.0,840.0
291.0,840.0
414.0,840.0
577.0,840.0
582.0,840.0
607.0,840.0
633.0,840.0
741.0,840.0
749.0,840.0
840.0,911.0
840.0,914.0
54.0,841.0
123.0,841.0
142.0,841.0
151.0,841.0
154.0,841.0
218.0,841.0
310.0,841.0
359.0,841.0
841.0,910.0
841.0,929.0
841.0,930.0
841.0,958.0
15.0,842.0
49.0,842.0
108.0,842.0
151.0,842.0
260.0,842.0
330.0,842.0
356.0,842.0
451.0,842.0
471.0,842.0
536.0,842.0
633.0,842.0
707.0,842.0
838.0,842.0
198.0,843.0
304.0,843.0
474.0,843.0
576.0,843.0
718.0,843.0
774.0,843.0
820.0,843.0
828.0,843.0
843.0,856.0
843.0,924.0
843.0,947.0
57.0,844.0
66.0,844.0
74.0,844.0
129.0,844.0
162.0,844.0
280.0,844.0
304.0,844.0
340.0,844.0
391.0,844.0
417.0,844.0
474.0,844.0
582.0,844.0
600.0,844.0
696.0,844.0
725.0,844.0
767.0,844.0
808.0,844.0
844.0,865.0
844.0,929.0
844.0,954.0
46.0,845.0
81.0,845.0
160.0,845.0
320.0,845.0
469.0,845.0
478.0,845.0
759.0,845.0
784.0,845.0
845.0,861.0
70.0,846.0
260.0,846.0
275.0,846.0
280.0,846.0
345.0,846.0
605.0,846.0
638.0,846.0
655.0,846.0
846.0,885.0
846.0,914.0
846.0,922.0
846.0,930.0
14.0,847.0
48.0,847.0
271.0,847.0
339.0,847.0
373.0,847.0
484.0,847.0
496.0,847.0
534.0,847.0
643.0,847.0
664.0,847.0
708.0,847.0
823.0,847.0
847.0,903.0
9.0,848.0
181.0,848.0
202.0,848.0
359.0,848.0
374.0,848.0
461.0,848.0
506.0,848.0
542.0,848.0
636.0,848.0
717.0,848.0
737.0,848.0
747.0,848.0
800.0,848.0
24.0,849.0
123.0,849.0
201.0,849.0
257.0,849.0
324.0,849.0
363.0,849.0
374.0,849.0
587.0,849.0
700.0,849.0
37.0,850.0
156.0,850.0
205.0,850.0
272.0,850.0
281.0,850.0
359.0,850.0
407.0,850.0
547.0,850.0
570.0,850.0
584.0,850.0
761.0,850.0
767.0,850.0
785.0,850.0
787.0,850.0
850.0,908.0
850.0,933.0
850.0,946.0
850.0,948.0
850.0,963.0
45.0,851.0
206.0,851.0
298.0,851.0
360.0,851.0
467.0,851.0
469.0,851.0
651.0,851.0
670.0,851.0
683.0,851.0
779.0,851.0
16.0,852.0
79.0,852.0
127.0,852.0
192.0,852.0
363.0,852.0
371.0,852.0
407.0,852.0
492.0,852.0
557.0,852.0
587.0,852.0
608.0,852.0
739.0,852.0
817.0,852.0
852.0,888.0
134.0,853.0
391.0,853.0
425.0,853.0
539.0,853.0
592.0,853.0
633.0,853.0
657.0,853.0
734.0,853.0
769.0,853.0
790.0,853.0
796.0,853.0
816.0,853.0
829.0,853.0
23.0,854.0
35.0,854.0
51.0,854.0
55.0,854.0
70.0,854.0
114.0,854.0
184.0,854.0
242.0,854.0
282.0,854.0
474.0,854.0
676.0,854.0
710.0,854.0
736.0,854.0
739.0,854.0
854.0,859.0
27.0,855.0
97.0,855.0
122.0,855.0
164.0,855.0
177.0,855.0
314.0,855.0
401.0,855.0
618.0,855.0
647.0,855.0
816.0,855.0
829.0,855.0
855.0,893.0
855.0,901.0
855.0,916.0
36.0,856.0
289.0,856.0
420.0,856.0
549.0,856.0
587.0,856.0
656.0,856.0
657.0,856.0
754.0,856.0
755.0,856.0
856.0,927.0
856.0,929.0
856.0,962.0
856.0,979.0
32.0,857.0
105.0,857.0
134.0,857.0
151.0,857.0
170.0,857.0
252.0,857.0
305.0,857.0
343.0,857.0
365.0,857.0
372.0,857.0
388.0,857.0
412.0,857.0
462.0,857.0
464.0,857.0
482.0,857.0
640.0,857.0
713.0,857.0
774.0,857.0
857.0,911.0
27.0,858.0
93.0,858.0
132.0,858.0
136.0,858.0
161.0,858.0
171.0,858.0
305.0,858.0
341.0,858.0
370.0,858.0
385.0,858.0
470.0,858.0
490.0,858.0
504.0,858.0
559.0,858.0
615.0,858.0
858.0,868.0
858.0,939.0
858.0,952.0
57.0,859.0
65.0,859.0
78.0,859.0
79.0,859.0
140.0,859.0
178.0,859.0
209.0,859.0
261.0,859.0
269.0,859.0
312.0,859.0
321.0,859.0
411.0,859.0
461.0,859.0
469.0,859.0
506.0,859.0
558.0,859.0
648.0,859.0
859.0,877.0
859.0,920.0
44.0,860.0
141.0,860.0
269.0,860.0
288.0,860.0
325.0,860.0
358.0,860.0
551.0,860.0
604.0,860.0
651.0,860.0
652.0,860.0
786.0,860.0
860.0,893.0
860.0,967.0
184.0,861.0
216.0,861.0
390.0,861.0
453.0,861.0
531.0,861.0
590.0,861.0
630.0,861.0
673.0,861.0
861.0,953.0
127.0,862.0
276.0,862.0
305.0,862.0
318.0,862.0
339.0,862.0
391.0,862.0
426.0,862.0
459.0,862.0
526.0,862.0
692.0,862.0
720.0,862.0
835.0,862.0
862.0,938.0
862.0,974.0
43.0,863.0
163.0,863.0
321.0,863.0
345.0,863.0
468.0,863.0
572.0,863.0
609.0,863.0
655.0,863.0
662.0,863.0
799.0,863.0
834.0,863.0
863.0,881.0
863.0,936.0
107.0,864.0
127.0,864.0
188.0,864.0
252.0,864.0
259.0,864.0
260.0,864.0
338.0,864.0
641.0,864.0
727.0,864.0
774.0,864.0
864.0,883.0
864.0,932.0
199.0,865.0
201.0,865.0
203.0,865.0
309.0,865.0
371.0,865.0
377.0,865.0
453.0,865.0
475.0,865.0
865.0,892.0
865.0,898.0
74.0,866.0
114.0,866.0
289.0,866.0
425.0,866.0
456.0,866.0
489.0,866.0
569.0,866.0
819.0,866.0
866.0,936.0
866.0,968.0
64.0,867.0
124.0,867.0
160.0,867.0
344.0,867.0
455.0,867.0
510.0,867.0
565.0,867.0
568.0,867.0
596.0,867.0
607.0,867.0
631.0,867.0
867.0,871.0
867.0,974.0
150.0,868.0
163.0,868.0
715.0,868.0
868.0,935.0
7.0,869.0
20.0,869.0
40.0,869.0
127.0,869.0
144.0,869.0
655.0,869.0
719.0,869.0
767.0,869.0
245.0,870.0
387.0,870.0
424.0,870.0
442.0,870.0
447.0,870.0
461.0,870.0
810.0,870.0
870.0,966.0
870.0,971.0
870.0,984.0
182.0,871.0
480.0,871.0
525.0,871.0
562.0,871.0
646.0,871.0
650.0,871.0
849.0,871.0
860.0,871.0
871.0,880.0
871.0,977.0
9.0,872.0
109.0,872.0
115.0,872.0
124.0,872.0
132.0,872.0
276.0,872.0
308.0,872.0
315.0,872.0
338.0,872.0
382.0,872.0
396.0,872.0
401.0,872.0
445.0,872.0
534.0,872.0
574.0,872.0
603.0,872.0
634.0,872.0
635.0,872.0
717.0,872.0
872.0,964.0
133.0,873.0
269.0,873.0
335.0,873.0
336.0,873.0
356.0,873.0
470.0,873.0
587.0,873.0
678.0,873.0
873.0,920.0
873.0,922.0
873.0,927.0
181.0,874.0
332.0,874.0
406.0,874.0
450.0,874.0
531.0,874.0
709.0,874.0
874.0,975.0
89.0,875.0
209.0,875.0
326.0,875.0
572.0,875.0
789.0,875.0
802.0,875.0
869.0,875.0
76.0,876.0
125.0,876.0
193.0,876.0
323.0,876.0
346.0,876.0
573.0,876.0
574.0,876.0
575.0,876.0
606.0,876.0
683.0,876.0
716.0,876.0
759.0,876.0
4.0,877.0
104.0,877.0
192.0,877.0
200.0,877.0
306.0,877.0
314.0,877.0
316.0,877.0
342.0,877.0
378.0,877.0
410.0,877.0
492.0,877.0
535.0,877.0
595.0,877.0
773.0,877.0
6.0,878.0
80.0,878.0
173.0,878.0
179.0,878.0
340.0,878.0
456.0,878.0
513.0,878.0
593.0,878.0
622.0,878.0
755.0,878.0
851.0,878.0
878.0,924.0
141.0,879.0
209.0,879.0
242.0,879.0
322.0,879.0
519.0,879.0
562.0,879.0
626.0,879.0
671.0,879.0
746.0,879.0
815.0,879.0
879.0,946.0
7.0,880.0
22.0,880.0
132.0,880.0
135.0,880.0
176.0,880.0
282.0,880.0
305.0,880.0
429.0,880.0
455.0,880.0
494.0,880.0
637.0,880.0
659.0,880.0
664.0,880.0
687.0,880.0
764.0,880.0
880.0,972.0
17.0,881.0
33.0,881.0
81.0,881.0
133.0,881.0
553.0,881.0
580.0,881.0
595.0,881.0
610.0,881.0
740.0,881.0
39.0,882.0
220.0,882.0
316.0,882.0
365.0,882.0
429.0,882.0
488.0,882.0
507.0,882.0
515.0,882.0
543.0,882.0
621.0,882.0
848.0,882.0
882.0,965.0
27.0,883.0
220.0,883.0
273.0,883.0
350.0,883.0
424.0,883.0
515.0,883.0
536.0,883.0
658.0,883.0
702.0,883.0
772.0,883.0
797.0,883.0
821.0,883.0
47.0,884.0
63.0,884.0
198.0,884.0
294.0,884.0
297.0,884.0
336.0,884.0
490.0,884.0
571.0,884.0
589.0,884.0
716.0,884.0
718.0,884.0
884.0,947.0
75.0,885.0
175.0,885.0
197.0,885.0
346.0,885.0
385.0,885.0
466.0,885.0
536.0,885.0
543.0,885.0
624.0,885.0
684.0,885.0
784.0,885.0
885.0,948.0
13.0,886.0
175.0,886.0
177.0,886.0
214.0,886.0
566.0,886.0
751.0,886.0
794.0,886.0
853.0,886.0
886.0,939.0
100.0,887.0
197.0,887.0
200.0,887.0
214.0,887.0
248.0,887.0
380.0,887.0
424.0,887.0
455.0,887.0
548.0,887.0
553.0,887.0
569.0,887.0
711.0,887.0
774.0,887.0
874.0,887.0
883.0,887.0
18.0,888.0
218.0,888.0
350.0,888.0
573.0,888.0
593.0,888.0
690.0,888.0
877.0,888.0
887.0,888.0
82.0,889.0
86.0,889.0
191.0,889.0
283.0,889.0
353.0,889.0
437.0,889.0
558.0,889.0
681.0,889.0
719.0,889.0
773.0,889.0
889.0,901.0
889.0,917.0
65.0,890.0
103.0,890.0
234.0,890.0
409.0,890.0
477.0,890.0
603.0,890.0
632.0,890.0
700.0,890.0
733.0,890.0
749.0,890.0
785.0,890.0
52.0,891.0
262.0,891.0
360.0,891.0
406.0,891.0
479.0,891.0
599.0,891.0
668.0,891.0
891.0,977.0
4.0,892.0
54.0,892.0
93.0,892.0
171.0,892.0
225.0,892.0
233.0,892.0
451.0,892.0
534.0,892.0
598.0,892.0
712.0,892.0
769.0,892.0
800.0,892.0
196.0,893.0
255.0,893.0
299.0,893.0
367.0,893.0
470.0,893.0
522.0,893.0
542.0,893.0
660.0,893.0
751.0,893.0
763.0,893.0
818.0,893.0
840.0,893.0
856.0,893.0
881.0,893.0
893.0,910.0
893.0,913.0
893.0,985.0
49.0,894.0
82.0,894.0
382.0,894.0
430.0,894.0
670.0,894.0
675.0,894.0
772.0,894.0
779.0,894.0
875.0,894.0
894.0,917.0
894.0,918.0
70.0,895.0
128.0,895.0
146.0,895.0
210.0,895.0
265.0,895.0
329.0,895.0
545.0,895.0
875.0,895.0
895.0,940.0
140.0,896.0
278.0,896.0
382.0,896.0
587.0,896.0
659.0,896.0
810.0,896.0
820.0,896.0
859.0,896.0
896.0,899.0
46.0,897.0
290.0,897.0
348.0,897.0
367.0,897.0
428.0,897.0
458.0,897.0
514.0,897.0
545.0,897.0
569.0,897.0
574.0,897.0
585.0,897.0
819.0,897.0
844.0,897.0
897.0,926.0
897.0,938.0
16.0,898.0
32.0,898.0
48.0,898.0
211.0,898.0
225.0,898.0
259.0,898.0
312.0,898.0
432.0,898.0
510.0,898.0
625.0,898.0
750.0,898.0
839.0,898.0
881.0,898.0
23.0,899.0
34.0,899.0
126.0,899.0
151.0,899.0
153.0,899.0
188.0,899.0
329.0,899.0
337.0,899.0
447.0,899.0
477.0,899.0
700.0,899.0
810.0,899.0
899.0,976.0
75.0,900.0
123.0,900.0
138.0,900.0
144.0,900.0
222.0,900.0
329.0,900.0
351.0,900.0
385.0,900.0
386.0,900.0
403.0,900.0
513.0,900.0
619.0,900.0
658.0,900.0
664.0,900.0
60.0,901.0
66.0,901.0
102.0,901.0
159.0,901.0
164.0,901.0
189.0,901.0
265.0,901.0
286.0,901.0
288.0,901.0
342.0,901.0
389.0,901.0
423.0,901.0
431.0,901.0
615.0,901.0
651.0,901.0
796.0,901.0
835.0,901.0
68.0,902.0
101.0,902.0
181.0,902.0
231.0,902.0
373.0,902.0
383.0,902.0
507.0,902.0
533.0,902.0
572.0,902.0
634.0,902.0
670.0,902.0
676.0,902.0
837.0,902.0
859.0,902.0
35.0,903.0
43.0,903.0
102.0,903.0
419.0,903.0
459.0,903.0
478.0,903.0
596.0,903.0
599.0,903.0
757.0,903.0
773.0,903.0
845.0,903.0
864.0,903.0
903.0,973.0
0.0,904.0
87.0,904.0
103.0,904.0
109.0,904.0
330.0,904.0
398.0,904.0
506.0,904.0
550.0,904.0
612.0,904.0
647.0,904.0
696.0,904.0
904.0,935.0
105.0,905.0
284.0,905.0
445.0,905.0
731.0,905.0
744.0,905.0
793.0,905.0
905.0,951.0
905.0,979.0
0.0,906.0
14.0,906.0
29.0,906.0
105.0,906.0
240.0,906.0
326.0,906.0
352.0,906.0
372.0,906.0
507.0,906.0
517.0,906.0
685.0,906.0
879.0,906.0
906.0,937.0
906.0,965.0
906.0,980.0
272.0,907.0
346.0,907.0
508.0,907.0
620.0,907.0
726.0,907.0
93.0,908.0
352.0,908.0
399.0,908.0
410.0,908.0
457.0,908.0
474.0,908.0
623.0,908.0
744.0,908.0
908.0,965.0
908.0,976.0
80.0,909.0
82.0,909.0
115.0,909.0
172.0,909.0
215.0,909.0
222.0,909.0
264.0,909.0
324.0,909.0
417.0,909.0
523.0,909.0
613.0,909.0
691.0,909.0
807.0,909.0
837.0,909.0
864.0,909.0
895.0,909.0
2.0,910.0
124.0,910.0
129.0,910.0
224.0,910.0
350.0,910.0
451.0,910.0
478.0,910.0
508.0,910.0
574.0,910.0
827.0,910.0
849.0,910.0
910.0,944.0
910.0,960.0
910.0,977.0
21.0,911.0
58.0,911.0
61.0,911.0
104.0,911.0
129.0,911.0
256.0,911.0
401.0,911.0
447.0,911.0
451.0,911.0
473.0,911.0
487.0,911.0
595.0,911.0
646.0,911.0
736.0,911.0
794.0,911.0
32.0,912.0
194.0,912.0
201.0,912.0
231.0,912.0
259.0,912.0
340.0,912.0
354.0,912.0
366.0,912.0
702.0,912.0
885.0,912.0
912.0,974.0
12.0,913.0
36.0,913.0
76.0,913.0
236.0,913.0
267.0,913.0
278.0,913.0
296.0,913.0
329.0,913.0
333.0,913.0
421.0,913.0
432.0,913.0
592.0,913.0
627.0,913.0
631.0,913.0
643.0,913.0
658.0,913.0
679.0,913.0
704.0,913.0
750.0,913.0
893.0,913.0
47.0,914.0
80.0,914.0
88.0,914.0
217.0,914.0
270.0,914.0
416.0,914.0
459.0,914.0
498.0,914.0
537.0,914.0
577.0,914.0
597.0,914.0
769.0,914.0
774.0,914.0
778.0,914.0
783.0,914.0
814.0,914.0
889.0,914.0
914.0,926.0
914.0,973.0
126.0,915.0
327.0,915.0
334.0,915.0
364.0,915.0
368.0,915.0
437.0,915.0
450.0,915.0
541.0,915.0
567.0,915.0
608.0,915.0
709.0,915.0
879.0,915.0
906.0,915.0
915.0,973.0
37.0,916.0
91.0,916.0
114.0,916.0
168.0,916.0
344.0,916.0
422.0,916.0
431.0,916.0
448.0,916.0
586.0,916.0
594.0,916.0
653.0,916.0
666.0,916.0
714.0,916.0
763.0,916.0
867.0,916.0
886.0,916.0
916.0,929.0
121.0,917.0
172.0,917.0
213.0,917.0
630.0,917.0
698.0,917.0
776.0,917.0
795.0,917.0
808.0,917.0
832.0,917.0
872.0,917.0
917.0,984.0
56.0,918.0
64.0,918.0
137.0,918.0
182.0,918.0
220.0,918.0
249.0,918.0
252.0,918.0
324.0,918.0
608.0,918.0
918.0,984.0
1.0,919.0
130.0,919.0
242.0,919.0
355.0,919.0
512.0,919.0
544.0,919.0
555.0,919.0
560.0,919.0
708.0,919.0
714.0,919.0
919.0,970.0
19.0,920.0
129.0,920.0
192.0,920.0
220.0,920.0
410.0,920.0
464.0,920.0
581.0,920.0
598.0,920.0
640.0,920.0
651.0,920.0
652.0,920.0
818.0,920.0
850.0,920.0
920.0,942.0
920.0,959.0
920.0,982.0
47.0,921.0
142.0,921.0
162.0,921.0
250.0,921.0
264.0,921.0
285.0,921.0
354.0,921.0
372.0,921.0
517.0,921.0
619.0,921.0
623.0,921.0
662.0,921.0
731.0,921.0
813.0,921.0
846.0,921.0
921.0,973.0
17.0,922.0
18.0,922.0
179.0,922.0
399.0,922.0
502.0,922.0
537.0,922.0
614.0,922.0
873.0,922.0
2.0,923.0
139.0,923.0
161.0,923.0
201.0,923.0
227.0,923.0
315.0,923.0
384.0,923.0
412.0,923.0
457.0,923.0
620.0,923.0
772.0,923.0
821.0,923.0
885.0,923.0
50.0,924.0
57.0,924.0
75.0,924.0
114.0,924.0
150.0,924.0
283.0,924.0
391.0,924.0
541.0,924.0
583.0,924.0
592.0,924.0
617.0,924.0
628.0,924.0
639.0,924.0
669.0,924.0
726.0,924.0
818.0,924.0
867.0,924.0
874.0,924.0
924.0,927.0
19.0,925.0
87.0,925.0
100.0,925.0
279.0,925.0
321.0,925.0
336.0,925.0
408.0,925.0
505.0,925.0
507.0,925.0
574.0,925.0
925.0,929.0
56.0,926.0
68.0,926.0
213.0,926.0
253.0,926.0
273.0,926.0
445.0,926.0
494.0,926.0
602.0,926.0
663.0,926.0
738.0,926.0
750.0,926.0
790.0,926.0
806.0,926.0
85.0,927.0
207.0,927.0
234.0,927.0
291.0,927.0
525.0,927.0
534.0,927.0
536.0,927.0
538.0,927.0
553.0,927.0
677.0,927.0
692.0,927.0
730.0,927.0
771.0,927.0
2.0,928.0
62.0,928.0
71.0,928.0
93.0,928.0
109.0,928.0
121.0,928.0
137.0,928.0
140.0,928.0
228.0,928.0
240.0,928.0
284.0,928.0
319.0,928.0
398.0,928.0
486.0,928.0
524.0,928.0
538.0,928.0
577.0,928.0
663.0,928.0
699.0,928.0
760.0,928.0
791.0,928.0
826.0,928.0
114.0,929.0
147.0,929.0
216.0,929.0
399.0,929.0
412.0,929.0
431.0,929.0
459.0,929.0
484.0,929.0
558.0,929.0
596.0,929.0
620.0,929.0
636.0,929.0
691.0,929.0
714.0,929.0
743.0,929.0
877.0,929.0
107.0,930.0
116.0,930.0
169.0,930.0
283.0,930.0
376.0,930.0
403.0,930.0
429.0,930.0
896.0,930.0
930.0,983.0
15.0,931.0
411.0,931.0
541.0,931.0
641.0,931.0
721.0,931.0
117.0,932.0
202.0,932.0
311.0,932.0
414.0,932.0
421.0,932.0
496.0,932.0
661.0,932.0
727.0,932.0
738.0,932.0
931.0,932.0
932.0,973.0
18.0,933.0
99.0,933.0
245.0,933.0
369.0,933.0
410.0,933.0
796.0,933.0
895.0,933.0
933.0,935.0
104.0,934.0
241.0,934.0
351.0,934.0
494.0,934.0
615.0,934.0
628.0,934.0
686.0,934.0
763.0,934.0
934.0,941.0
934.0,964.0
53.0,935.0
58.0,935.0
83.0,935.0
146.0,935.0
168.0,935.0
235.0,935.0
242.0,935.0
439.0,935.0
485.0,935.0
501.0,935.0
610.0,935.0
633.0,935.0
750.0,935.0
928.0,935.0
3.0,936.0
117.0,936.0
275.0,936.0
286.0,936.0
372.0,936.0
584.0,936.0
639.0,936.0
886.0,936.0
936.0,955.0
936.0,971.0
936.0,981.0
0.0,937.0
79.0,937.0
116.0,937.0
120.0,937.0
140.0,937.0
264.0,937.0
385.0,937.0
526.0,937.0
570.0,937.0
603.0,937.0
735.0,937.0
739.0,937.0
829.0,937.0
907.0,937.0
238.0,938.0
250.0,938.0
297.0,938.0
308.0,938.0
425.0,938.0
436.0,938.0
716.0,938.0
751.0,938.0
786.0,938.0
788.0,938.0
827.0,938.0
828.0,938.0
855.0,938.0
938.0,975.0
117.0,939.0
138.0,939.0
167.0,939.0
376.0,939.0
418.0,939.0
422.0,939.0
517.0,939.0
597.0,939.0
673.0,939.0
681.0,939.0
221.0,940.0
234.0,940.0
279.0,940.0
325.0,940.0
373.0,940.0
446.0,940.0
645.0,940.0
656.0,940.0
664.0,940.0
743.0,940.0
773.0,940.0
838.0,940.0
856.0,940.0
10.0,941.0
25.0,941.0
61.0,941.0
433.0,941.0
462.0,941.0
532.0,941.0
562.0,941.0
635.0,941.0
800.0,941.0
808.0,941.0
864.0,941.0
941.0,981.0
61.0,942.0
110.0,942.0
320.0,942.0
345.0,942.0
655.0,942.0
663.0,942.0
727.0,942.0
739.0,942.0
846.0,942.0
26.0,943.0
166.0,943.0
210.0,943.0
237.0,943.0
307.0,943.0
398.0,943.0
474.0,943.0
598.0,943.0
669.0,943.0
673.0,943.0
720.0,943.0
790.0,943.0
803.0,943.0
822.0,943.0
943.0,949.0
29.0,944.0
95.0,944.0
111.0,944.0
148.0,944.0
215.0,944.0
237.0,944.0
296.0,944.0
322.0,944.0
581.0,944.0
593.0,944.0
752.0,944.0
833.0,944.0
900.0,944.0
49.0,945.0
145.0,945.0
151.0,945.0
161.0,945.0
363.0,945.0
410.0,945.0
528.0,945.0
613.0,945.0
812.0,945.0
871.0,945.0
945.0,974.0
121.0,946.0
125.0,946.0
264.0,946.0
352.0,946.0
443.0,946.0
479.0,946.0
494.0,946.0
525.0,946.0
606.0,946.0
770.0,946.0
773.0,946.0
930.0,946.0
935.0,946.0
941.0,946.0
13.0,947.0
27.0,947.0
91.0,947.0
114.0,947.0
142.0,947.0
219.0,947.0
295.0,947.0
307.0,947.0
343.0,947.0
346.0,947.0
380.0,947.0
401.0,947.0
403.0,947.0
494.0,947.0
733.0,947.0
831.0,947.0
296.0,948.0
341.0,948.0
405.0,948.0
519.0,948.0
532.0,948.0
565.0,948.0
595.0,948.0
610.0,948.0
706.0,948.0
722.0,948.0
751.0,948.0
775.0,948.0
41.0,949.0
97.0,949.0
149.0,949.0
243.0,949.0
407.0,949.0
663.0,949.0
734.0,949.0
846.0,949.0
200.0,950.0
239.0,950.0
352.0,950.0
356.0,950.0
386.0,950.0
391.0,950.0
520.0,950.0
621.0,950.0
799.0,950.0
921.0,950.0
950.0,961.0
108.0,951.0
135.0,951.0
276.0,951.0
279.0,951.0
284.0,951.0
443.0,951.0
549.0,951.0
565.0,951.0
569.0,951.0
931.0,951.0
34.0,952.0
151.0,952.0
201.0,952.0
218.0,952.0
237.0,952.0
281.0,952.0
294.0,952.0
429.0,952.0
499.0,952.0
526.0,952.0
585.0,952.0
646.0,952.0
815.0,952.0
218.0,953.0
316.0,953.0
326.0,953.0
407.0,953.0
719.0,953.0
820.0,953.0
18.0,954.0
99.0,954.0
136.0,954.0
143.0,954.0
153.0,954.0
279.0,954.0
309.0,954.0
434.0,954.0
438.0,954.0
447.0,954.0
451.0,954.0
543.0,954.0
680.0,954.0
724.0,954.0
799.0,954.0
838.0,954.0
187.0,955.0
193.0,955.0
197.0,955.0
284.0,955.0
354.0,955.0
412.0,955.0
415.0,955.0
418.0,955.0
442.0,955.0
477.0,955.0
615.0,955.0
653.0,955.0
794.0,955.0
805.0,955.0
817.0,955.0
905.0,955.0
955.0,972.0
81.0,956.0
213.0,956.0
260.0,956.0
322.0,956.0
364.0,956.0
545.0,956.0
627.0,956.0
634.0,956.0
722.0,956.0
749.0,956.0
859.0,956.0
888.0,956.0
905.0,956.0
934.0,956.0
956.0,977.0
172.0,957.0
381.0,957.0
399.0,957.0
421.0,957.0
458.0,957.0
496.0,957.0
519.0,957.0
620.0,957.0
653.0,957.0
689.0,957.0
695.0,957.0
957.0,967.0
957.0,971.0
111.0,958.0
175.0,958.0
186.0,958.0
232.0,958.0
281.0,958.0
358.0,958.0
422.0,958.0
431.0,958.0
526.0,958.0
596.0,958.0
680.0,958.0
757.0,958.0
817.0,958.0
822.0,958.0
918.0,958.0
929.0,958.0
8.0,959.0
87.0,959.0
527.0,959.0
535.0,959.0
578.0,959.0
697.0,959.0
776.0,959.0
865.0,959.0
144.0,960.0
185.0,960.0
200.0,960.0
233.0,960.0
249.0,960.0
361.0,960.0
395.0,960.0
437.0,960.0
579.0,960.0
605.0,960.0
958.0,960.0
33.0,961.0
47.0,961.0
50.0,961.0
235.0,961.0
274.0,961.0
295.0,961.0
351.0,961.0
389.0,961.0
489.0,961.0
567.0,961.0
582.0,961.0
721.0,961.0
783.0,961.0
811.0,961.0
900.0,961.0
947.0,961.0
948.0,961.0
2.0,962.0
110.0,962.0
199.0,962.0
256.0,962.0
286.0,962.0
293.0,962.0
310.0,962.0
322.0,962.0
371.0,962.0
735.0,962.0
843.0,962.0
851.0,962.0
43.0,963.0
135.0,963.0
185.0,963.0
253.0,963.0
351.0,963.0
359.0,963.0
497.0,963.0
669.0,963.0
735.0,963.0
894.0,963.0
240.0,964.0
352.0,964.0
353.0,964.0
406.0,964.0
528.0,964.0
542.0,964.0
550.0,964.0
667.0,964.0
721.0,964.0
758.0,964.0
790.0,964.0
869.0,964.0
922.0,964.0
11.0,965.0
30.0,965.0
81.0,965.0
113.0,965.0
210.0,965.0
288.0,965.0
366.0,965.0
382.0,965.0
410.0,965.0
446.0,965.0
460.0,965.0
522.0,965.0
698.0,965.0
702.0,965.0
711.0,965.0
741.0,965.0
828.0,965.0
906.0,965.0
916.0,965.0
953.0,965.0
208.0,966.0
256.0,966.0
583.0,966.0
633.0,966.0
638.0,966.0
792.0,966.0
801.0,966.0
892.0,966.0
910.0,966.0
960.0,966.0
54.0,967.0
137.0,967.0
149.0,967.0
359.0,967.0
401.0,967.0
584.0,967.0
627.0,967.0
696.0,967.0
729.0,967.0
748.0,967.0
779.0,967.0
799.0,967.0
882.0,967.0
911.0,967.0
103.0,968.0
185.0,968.0
254.0,968.0
363.0,968.0
372.0,968.0
538.0,968.0
635.0,968.0
644.0,968.0
671.0,968.0
692.0,968.0
765.0,968.0
791.0,968.0
18.0,969.0
38.0,969.0
115.0,969.0
184.0,969.0
223.0,969.0
273.0,969.0
369.0,969.0
374.0,969.0
403.0,969.0
468.0,969.0
570.0,969.0
576.0,969.0
679.0,969.0
682.0,969.0
843.0,969.0
924.0,969.0
103.0,970.0
109.0,970.0
165.0,970.0
363.0,970.0
381.0,970.0
406.0,970.0
539.0,970.0
580.0,970.0
815.0,970.0
935.0,970.0
59.0,971.0
69.0,971.0
121.0,971.0
147.0,971.0
225.0,971.0
277.0,971.0
318.0,971.0
468.0,971.0
548.0,971.0
635.0,971.0
778.0,971.0
9.0,972.0
53.0,972.0
79.0,972.0
127.0,972.0
225.0,972.0
286.0,972.0
358.0,972.0
384.0,972.0
472.0,972.0
490.0,972.0
493.0,972.0
558.0,972.0
617.0,972.0
731.0,972.0
747.0,972.0
828.0,972.0
877.0,972.0
918.0,972.0
928.0,972.0
120.0,973.0
462.0,973.0
535.0,973.0
543.0,973.0
876.0,973.0
94.0,974.0
122.0,974.0
190.0,974.0
379.0,974.0
396.0,974.0
423.0,974.0
531.0,974.0
669.0,974.0
712.0,974.0
775.0,974.0
779.0,974.0
967.0,974.0
969.0,974.0
133.0,975.0
219.0,975.0
268.0,975.0
317.0,975.0
625.0,975.0
854.0,975.0
22.0,976.0
149.0,976.0
167.0,976.0
295.0,976.0
305.0,976.0
365.0,976.0
367.0,976.0
449.0,976.0
453.0,976.0
498.0,976.0
536.0,976.0
812.0,976.0
863.0,976.0
943.0,976.0
43.0,977.0
76.0,977.0
144.0,977.0
157.0,977.0
161.0,977.0
204.0,977.0
222.0,977.0
283.0,977.0
291.0,977.0
297.0,977.0
305.0,977.0
440.0,977.0
461.0,977.0
668.0,977.0
669.0,977.0
871.0,977.0
884.0,977.0
20.0,978.0
31.0,978.0
40.0,978.0
260.0,978.0
265.0,978.0
355.0,978.0
366.0,978.0
386.0,978.0
501.0,978.0
537.0,978.0
540.0,978.0
649.0,978.0
723.0,978.0
736.0,978.0
832.0,978.0
837.0,978.0
915.0,978.0
950.0,978.0
954.0,978.0
82.0,979.0
122.0,979.0
130.0,979.0
413.0,979.0
487.0,979.0
659.0,979.0
804.0,979.0
806.0,979.0
908.0,979.0
170.0,980.0
202.0,980.0
247.0,980.0
423.0,980.0
510.0,980.0
661.0,980.0
683.0,980.0
793.0,980.0
897.0,980.0
940.0,980.0
969.0,980.0
34.0,981.0
94.0,981.0
147.0,981.0
168.0,981.0
253.0,981.0
345.0,981.0
361.0,981.0
365.0,981.0
784.0,981.0
820.0,981.0
846.0,981.0
904.0,981.0
931.0,981.0
947.0,981.0
964.0,981.0
3.0,982.0
16.0,982.0
133.0,982.0
158.0,982.0
262.0,982.0
263.0,982.0
290.0,982.0
474.0,982.0
522.0,982.0
541.0,982.0
678.0,982.0
776.0,982.0
789.0,982.0
799.0,982.0
921.0,982.0
922.0,982.0
66.0,983.0
91.0,983.0
105.0,983.0
125.0,983.0
244.0,983.0
687.0,983.0
757.0,983.0
833.0,983.0
62.0,984.0
215.0,984.0
265.0,984.0
281.0,984.0
411.0,984.0
493.0,984.0
716.0,984.0
737.0,984.0
66.0,985.0
142.0,985.0
148.0,985.0
170.0,985.0
234.0,985.0
323.0,985.0
405.0,985.0
539.0,985.0
568.0,985.0
685.0,985.0
705.0,985.0
732.0,985.0
748.0,985.0
798.0,985.0
811.0,985.0
860.0,985.0
