i,j
7.0,0.0
9.0,0.0
70.0,0.0
121.0,0.0
172.0,0.0
234.0,0.0
285.0,0.0
347.0,0.0
432.0,0.0
456.0,0.0
493.0,0.0
647.0,0.0
769.0,0.0
776.0,0.0
802.0,0.0
809.0,0.0
884.0,0.0
951.0,0.0
978.0,0.0
48.0,1.0
144.0,1.0
207.0,1.0
227.0,1.0
233.0,1.0
395.0,1.0
432.0,1.0
443.0,1.0
447.0,1.0
495.0,1.0
618.0,1.0
748.0,1.0
848.0,1.0
30.0,2.0
154.0,2.0
209.0,2.0
371.0,2.0
402.0,2.0
572.0,2.0
619.0,2.0
915.0,2.0
918.0,2.0
112.0,3.0
232.0,3.0
635.0,3.0
696.0,3.0
702.0,3.0
724.0,3.0
803.0,3.0
829.0,3.0
860.0,3.0
864.0,3.0
873.0,3.0
981.0,3.0
302.0,4.0
389.0,4.0
475.0,4.0
656.0,4.0
691.0,4.0
980.0,4.0
117.0,5.0
143.0,5.0
165.0,5.0
224.0,5.0
233.0,5.0
260.0,5.0
323.0,5.0
479.0,5.0
482.0,5.0
534.0,5.0
587.0,5.0
630.0,5.0
646.0,5.0
770.0,5.0
832.0,5.0
890.0,5.0
9.0,6.0
37.0,6.0
171.0,6.0
174.0,6.0
238.0,6.0
333.0,6.0
358.0,6.0
388.0,6.0
395.0,6.0
410.0,6.0
609.0,6.0
674.0,6.0
678.0,6.0
691.0,6.0
712.0,6.0
839.0,6.0
25.0,7.0
66.0,7.0
72.0,7.0
166.0,7.0
171.0,7.0
177.0,7.0
214.0,7.0
383.0,7.0
447.0,7.0
456.0,7.0
723.0,7.0
756.0,7.0
943.0,7.0
977.0,7.0
115.0,8.0
137.0,8.0
148.0,8.0
229.0,8.0
333.0,8.0
380.0,8.0
385.0,8.0
545.0,8.0
735.0,8.0
894.0,8.0
910.0,8.0
928.0,8.0
17.0,9.0
58.0,9.0
126.0,9.0
190.0,9.0
375.0,9.0
398.0,9.0
440.0,9.0
463.0,9.0
530.0,9.0
571.0,9.0
891.0,9.0
55.0,10.0
130.0,10.0
181.0,10.0
185.0,10.0
297.0,10.0
308.0,10.0
310.0,10.0
316.0,10.0
436.0,10.0
669.0,10.0
733.0,10.0
803.0,10.0
951.0,10.0
959.0,10.0
54.0,11.0
148.0,11.0
267.0,11.0
278.0,11.0
397.0,11.0
429.0,11.0
452.0,11.0
491.0,11.0
555.0,11.0
571.0,11.0
701.0,11.0
771.0,11.0
806.0,11.0
823.0,11.0
906.0,11.0
81.0,12.0
115.0,12.0
498.0,12.0
745.0,12.0
828.0,12.0
842.0,12.0
927.0,12.0
967.0,12.0
31.0,13.0
50.0,13.0
86.0,13.0
93.0,13.0
96.0,13.0
232.0,13.0
416.0,13.0
493.0,13.0
503.0,13.0
603.0,13.0
753.0,13.0
861.0,13.0
895.0,13.0
948.0,13.0
14.0,7.0
254.0,14.0
278.0,14.0
295.0,14.0
616.0,14.0
619.0,14.0
653.0,14.0
749.0,14.0
761.0,14.0
800.0,14.0
832.0,14.0
950.0,14.0
29.0,15.0
219.0,15.0
251.0,15.0
363.0,15.0
379.0,15.0
384.0,15.0
558.0,15.0
579.0,15.0
656.0,15.0
708.0,15.0
787.0,15.0
813.0,15.0
929.0,15.0
16.0,7.0
114.0,16.0
185.0,16.0
318.0,16.0
349.0,16.0
448.0,16.0
634.0,16.0
721.0,16.0
964.0,16.0
17.0,13.0
125.0,17.0
135.0,17.0
233.0,17.0
320.0,17.0
327.0,17.0
396.0,17.0
427.0,17.0
429.0,17.0
618.0,17.0
797.0,17.0
809.0,17.0
831.0,17.0
919.0,17.0
946.0,17.0
32.0,18.0
123.0,18.0
229.0,18.0
252.0,18.0
273.0,18.0
280.0,18.0
370.0,18.0
468.0,18.0
659.0,18.0
700.0,18.0
809.0,18.0
885.0,18.0
896.0,18.0
915.0,18.0
916.0,18.0
279.0,19.0
280.0,19.0
296.0,19.0
306.0,19.0
430.0,19.0
431.0,19.0
554.0,19.0
717.0,19.0
757.0,19.0
773.0,19.0
780.0,19.0
819.0,19.0
901.0,19.0
281.0,20.0
282.0,20.0
752.0,20.0
805.0,20.0
827.0,20.0
21.0,15.0
139.0,21.0
271.0,21.0
423.0,21.0
485.0,21.0
494.0,21.0
22.0,9.0
64.0,22.0
69.0,22.0
188.0,22.0
293.0,22.0
299.0,22.0
335.0,22.0
469.0,22.0
551.0,22.0
638.0,22.0
640.0,22.0
657.0,22.0
788.0,22.0
875.0,22.0
158.0,23.0
224.0,23.0
250.0,23.0
266.0,23.0
370.0,23.0
477.0,23.0
529.0,23.0
622.0,23.0
113.0,24.0
168.0,24.0
226.0,24.0
293.0,24.0
335.0,24.0
475.0,24.0
43.0,25.0
63.0,25.0
74.0,25.0
79.0,25.0
109.0,25.0
123.0,25.0
219.0,25.0
271.0,25.0
372.0,25.0
504.0,25.0
887.0,25.0
26.0,3.0
90.0,26.0
271.0,26.0
290.0,26.0
320.0,26.0
553.0,26.0
752.0,26.0
779.0,26.0
835.0,26.0
844.0,26.0
863.0,26.0
872.0,26.0
912.0,26.0
940.0,26.0
44.0,27.0
117.0,27.0
137.0,27.0
385.0,27.0
767.0,27.0
949.0,27.0
956.0,27.0
28.0,0.0
74.0,28.0
96.0,28.0
200.0,28.0
211.0,28.0
311.0,28.0
410.0,28.0
498.0,28.0
543.0,28.0
585.0,28.0
599.0,28.0
627.0,28.0
652.0,28.0
729.0,28.0
745.0,28.0
753.0,28.0
768.0,28.0
775.0,28.0
789.0,28.0
800.0,28.0
927.0,28.0
92.0,29.0
197.0,29.0
384.0,29.0
568.0,29.0
671.0,29.0
892.0,29.0
981.0,29.0
199.0,30.0
278.0,30.0
335.0,30.0
380.0,30.0
404.0,30.0
425.0,30.0
464.0,30.0
602.0,30.0
665.0,30.0
673.0,30.0
715.0,30.0
787.0,30.0
860.0,30.0
54.0,31.0
59.0,31.0
122.0,31.0
163.0,31.0
189.0,31.0
203.0,31.0
336.0,31.0
397.0,31.0
457.0,31.0
475.0,31.0
523.0,31.0
547.0,31.0
563.0,31.0
84.0,32.0
107.0,32.0
188.0,32.0
299.0,32.0
372.0,32.0
381.0,32.0
479.0,32.0
537.0,32.0
611.0,32.0
633.0,32.0
676.0,32.0
788.0,32.0
830.0,32.0
903.0,32.0
951.0,32.0
41.0,33.0
133.0,33.0
344.0,33.0
384.0,33.0
535.0,33.0
651.0,33.0
666.0,33.0
716.0,33.0
784.0,33.0
880.0,33.0
924.0,33.0
51.0,34.0
151.0,34.0
192.0,34.0
269.0,34.0
296.0,34.0
364.0,34.0
464.0,34.0
483.0,34.0
659.0,34.0
673.0,34.0
728.0,34.0
767.0,34.0
810.0,34.0
827.0,34.0
886.0,34.0
927.0,34.0
972.0,34.0
39.0,35.0
232.0,35.0
266.0,35.0
358.0,35.0
366.0,35.0
409.0,35.0
740.0,35.0
847.0,35.0
851.0,35.0
81.0,36.0
119.0,36.0
128.0,36.0
158.0,36.0
282.0,36.0
382.0,36.0
385.0,36.0
441.0,36.0
456.0,36.0
650.0,36.0
774.0,36.0
906.0,36.0
908.0,36.0
912.0,36.0
930.0,36.0
152.0,37.0
205.0,37.0
288.0,37.0
394.0,37.0
436.0,37.0
485.0,37.0
499.0,37.0
530.0,37.0
593.0,37.0
611.0,37.0
784.0,37.0
788.0,37.0
867.0,37.0
932.0,37.0
69.0,38.0
153.0,38.0
177.0,38.0
359.0,38.0
401.0,38.0
413.0,38.0
434.0,38.0
534.0,38.0
583.0,38.0
623.0,38.0
837.0,38.0
892.0,38.0
45.0,39.0
67.0,39.0
170.0,39.0
175.0,39.0
231.0,39.0
236.0,39.0
343.0,39.0
473.0,39.0
550.0,39.0
567.0,39.0
622.0,39.0
657.0,39.0
715.0,39.0
730.0,39.0
757.0,39.0
898.0,39.0
984.0,39.0
50.0,40.0
91.0,40.0
100.0,40.0
114.0,40.0
210.0,40.0
220.0,40.0
259.0,40.0
355.0,40.0
425.0,40.0
472.0,40.0
686.0,40.0
734.0,40.0
765.0,40.0
770.0,40.0
793.0,40.0
161.0,41.0
337.0,41.0
385.0,41.0
402.0,41.0
420.0,41.0
614.0,41.0
681.0,41.0
817.0,41.0
824.0,41.0
836.0,41.0
851.0,41.0
951.0,41.0
959.0,41.0
970.0,41.0
49.0,42.0
50.0,42.0
102.0,42.0
140.0,42.0
154.0,42.0
177.0,42.0
205.0,42.0
225.0,42.0
254.0,42.0
312.0,42.0
315.0,42.0
372.0,42.0
453.0,42.0
462.0,42.0
565.0,42.0
604.0,42.0
708.0,42.0
715.0,42.0
767.0,42.0
813.0,42.0
905.0,42.0
43.0,5.0
122.0,43.0
435.0,43.0
465.0,43.0
618.0,43.0
651.0,43.0
687.0,43.0
732.0,43.0
741.0,43.0
793.0,43.0
817.0,43.0
830.0,43.0
850.0,43.0
924.0,43.0
63.0,44.0
108.0,44.0
127.0,44.0
129.0,44.0
201.0,44.0
288.0,44.0
315.0,44.0
380.0,44.0
408.0,44.0
616.0,44.0
644.0,44.0
664.0,44.0
737.0,44.0
869.0,44.0
870.0,44.0
957.0,44.0
981.0,44.0
86.0,45.0
141.0,45.0
182.0,45.0
270.0,45.0
295.0,45.0
313.0,45.0
353.0,45.0
456.0,45.0
519.0,45.0
539.0,45.0
601.0,45.0
622.0,45.0
957.0,45.0
59.0,46.0
74.0,46.0
111.0,46.0
119.0,46.0
222.0,46.0
323.0,46.0
489.0,46.0
607.0,46.0
672.0,46.0
750.0,46.0
828.0,46.0
911.0,46.0
951.0,46.0
962.0,46.0
53.0,47.0
119.0,47.0
166.0,47.0
309.0,47.0
418.0,47.0
439.0,47.0
505.0,47.0
542.0,47.0
682.0,47.0
693.0,47.0
793.0,47.0
802.0,47.0
48.0,1.0
197.0,48.0
266.0,48.0
277.0,48.0
305.0,48.0
401.0,48.0
489.0,48.0
639.0,48.0
667.0,48.0
671.0,48.0
686.0,48.0
697.0,48.0
732.0,48.0
755.0,48.0
823.0,48.0
858.0,48.0
907.0,48.0
939.0,48.0
974.0,48.0
132.0,49.0
252.0,49.0
265.0,49.0
397.0,49.0
465.0,49.0
470.0,49.0
568.0,49.0
619.0,49.0
636.0,49.0
885.0,49.0
899.0,49.0
202.0,50.0
237.0,50.0
365.0,50.0
424.0,50.0
547.0,50.0
617.0,50.0
647.0,50.0
673.0,50.0
859.0,50.0
51.0,32.0
163.0,51.0
474.0,51.0
494.0,51.0
536.0,51.0
623.0,51.0
758.0,51.0
898.0,51.0
52.0,23.0
52.0,38.0
70.0,52.0
105.0,52.0
277.0,52.0
305.0,52.0
386.0,52.0
447.0,52.0
450.0,52.0
779.0,52.0
817.0,52.0
883.0,52.0
889.0,52.0
936.0,52.0
957.0,52.0
113.0,53.0
238.0,53.0
308.0,53.0
352.0,53.0
436.0,53.0
459.0,53.0
548.0,53.0
620.0,53.0
661.0,53.0
912.0,53.0
948.0,53.0
54.0,37.0
101.0,54.0
358.0,54.0
399.0,54.0
407.0,54.0
511.0,54.0
647.0,54.0
703.0,54.0
753.0,54.0
298.0,55.0
406.0,55.0
428.0,55.0
602.0,55.0
730.0,55.0
794.0,55.0
811.0,55.0
824.0,55.0
959.0,55.0
146.0,56.0
365.0,56.0
446.0,56.0
460.0,56.0
614.0,56.0
848.0,56.0
931.0,56.0
938.0,56.0
222.0,57.0
225.0,57.0
279.0,57.0
312.0,57.0
329.0,57.0
417.0,57.0
524.0,57.0
615.0,57.0
666.0,57.0
765.0,57.0
766.0,57.0
912.0,57.0
931.0,57.0
972.0,57.0
985.0,57.0
58.0,12.0
58.0,35.0
230.0,58.0
274.0,58.0
307.0,58.0
601.0,58.0
793.0,58.0
814.0,58.0
958.0,58.0
59.0,53.0
103.0,59.0
171.0,59.0
176.0,59.0
192.0,59.0
355.0,59.0
414.0,59.0
531.0,59.0
648.0,59.0
770.0,59.0
838.0,59.0
853.0,59.0
881.0,59.0
888.0,59.0
983.0,59.0
60.0,35.0
186.0,60.0
189.0,60.0
231.0,60.0
294.0,60.0
315.0,60.0
538.0,60.0
558.0,60.0
584.0,60.0
662.0,60.0
791.0,60.0
827.0,60.0
852.0,60.0
856.0,60.0
888.0,60.0
957.0,60.0
61.0,12.0
182.0,61.0
187.0,61.0
200.0,61.0
236.0,61.0
368.0,61.0
674.0,61.0
794.0,61.0
907.0,61.0
122.0,62.0
166.0,62.0
322.0,62.0
324.0,62.0
439.0,62.0
467.0,62.0
543.0,62.0
637.0,62.0
661.0,62.0
663.0,62.0
695.0,62.0
878.0,62.0
63.0,56.0
253.0,63.0
347.0,63.0
402.0,63.0
525.0,63.0
603.0,63.0
811.0,63.0
863.0,63.0
968.0,63.0
120.0,64.0
135.0,64.0
181.0,64.0
321.0,64.0
728.0,64.0
847.0,64.0
435.0,65.0
481.0,65.0
509.0,65.0
532.0,65.0
711.0,65.0
793.0,65.0
942.0,65.0
66.0,59.0
175.0,66.0
316.0,66.0
327.0,66.0
351.0,66.0
579.0,66.0
768.0,66.0
785.0,66.0
829.0,66.0
839.0,66.0
846.0,66.0
868.0,66.0
67.0,29.0
245.0,67.0
326.0,67.0
602.0,67.0
647.0,67.0
666.0,67.0
803.0,67.0
815.0,67.0
839.0,67.0
868.0,67.0
942.0,67.0
68.0,21.0
83.0,68.0
85.0,68.0
86.0,68.0
180.0,68.0
280.0,68.0
288.0,68.0
441.0,68.0
504.0,68.0
713.0,68.0
723.0,68.0
878.0,68.0
895.0,68.0
924.0,68.0
940.0,68.0
957.0,68.0
69.0,62.0
115.0,69.0
129.0,69.0
136.0,69.0
137.0,69.0
345.0,69.0
411.0,69.0
443.0,69.0
491.0,69.0
563.0,69.0
586.0,69.0
784.0,69.0
70.0,19.0
70.0,31.0
119.0,70.0
289.0,70.0
392.0,70.0
439.0,70.0
784.0,70.0
153.0,71.0
155.0,71.0
247.0,71.0
362.0,71.0
457.0,71.0
466.0,71.0
479.0,71.0
623.0,71.0
163.0,72.0
179.0,72.0
235.0,72.0
306.0,72.0
515.0,72.0
677.0,72.0
458.0,73.0
513.0,73.0
529.0,73.0
695.0,73.0
798.0,73.0
837.0,73.0
883.0,73.0
74.0,42.0
136.0,74.0
140.0,74.0
426.0,74.0
528.0,74.0
581.0,74.0
614.0,74.0
895.0,74.0
896.0,74.0
75.0,32.0
88.0,75.0
259.0,75.0
274.0,75.0
336.0,75.0
342.0,75.0
343.0,75.0
454.0,75.0
503.0,75.0
691.0,75.0
727.0,75.0
802.0,75.0
934.0,75.0
941.0,75.0
76.0,18.0
85.0,76.0
89.0,76.0
116.0,76.0
207.0,76.0
210.0,76.0
512.0,76.0
539.0,76.0
826.0,76.0
886.0,76.0
962.0,76.0
964.0,76.0
77.0,6.0
77.0,57.0
100.0,77.0
107.0,77.0
275.0,77.0
401.0,77.0
431.0,77.0
486.0,77.0
492.0,77.0
626.0,77.0
691.0,77.0
745.0,77.0
826.0,77.0
833.0,77.0
835.0,77.0
943.0,77.0
78.0,27.0
78.0,59.0
119.0,78.0
283.0,78.0
765.0,78.0
801.0,78.0
952.0,78.0
983.0,78.0
79.0,55.0
364.0,79.0
388.0,79.0
563.0,79.0
601.0,79.0
728.0,79.0
898.0,79.0
949.0,79.0
983.0,79.0
446.0,80.0
452.0,80.0
509.0,80.0
626.0,80.0
662.0,80.0
694.0,80.0
752.0,80.0
777.0,80.0
791.0,80.0
811.0,80.0
818.0,80.0
948.0,80.0
965.0,80.0
980.0,80.0
351.0,81.0
359.0,81.0
409.0,81.0
411.0,81.0
640.0,81.0
659.0,81.0
846.0,81.0
946.0,81.0
195.0,82.0
261.0,82.0
263.0,82.0
304.0,82.0
307.0,82.0
449.0,82.0
744.0,82.0
751.0,82.0
816.0,82.0
890.0,82.0
956.0,82.0
129.0,83.0
175.0,83.0
190.0,83.0
353.0,83.0
466.0,83.0
507.0,83.0
514.0,83.0
537.0,83.0
576.0,83.0
605.0,83.0
622.0,83.0
624.0,83.0
710.0,83.0
741.0,83.0
803.0,83.0
815.0,83.0
816.0,83.0
268.0,84.0
324.0,84.0
345.0,84.0
356.0,84.0
407.0,84.0
570.0,84.0
573.0,84.0
577.0,84.0
621.0,84.0
731.0,84.0
85.0,45.0
103.0,85.0
170.0,85.0
275.0,85.0
348.0,85.0
454.0,85.0
469.0,85.0
519.0,85.0
646.0,85.0
672.0,85.0
712.0,85.0
746.0,85.0
884.0,85.0
970.0,85.0
130.0,86.0
193.0,86.0
220.0,86.0
341.0,86.0
399.0,86.0
422.0,86.0
810.0,86.0
87.0,29.0
212.0,87.0
230.0,87.0
293.0,87.0
297.0,87.0
402.0,87.0
431.0,87.0
504.0,87.0
587.0,87.0
588.0,87.0
625.0,87.0
632.0,87.0
88.0,48.0
135.0,88.0
274.0,88.0
414.0,88.0
760.0,88.0
781.0,88.0
879.0,88.0
968.0,88.0
89.0,7.0
89.0,35.0
89.0,45.0
89.0,58.0
114.0,89.0
160.0,89.0
296.0,89.0
339.0,89.0
416.0,89.0
522.0,89.0
808.0,89.0
90.0,8.0
90.0,53.0
90.0,60.0
92.0,90.0
141.0,90.0
241.0,90.0
263.0,90.0
366.0,90.0
445.0,90.0
472.0,90.0
660.0,90.0
91.0,11.0
91.0,19.0
91.0,63.0
91.0,70.0
148.0,91.0
179.0,91.0
194.0,91.0
195.0,91.0
414.0,91.0
624.0,91.0
630.0,91.0
739.0,91.0
819.0,91.0
846.0,91.0
894.0,91.0
965.0,91.0
92.0,12.0
92.0,21.0
92.0,82.0
225.0,92.0
281.0,92.0
306.0,92.0
376.0,92.0
476.0,92.0
789.0,92.0
812.0,92.0
825.0,92.0
914.0,92.0
93.0,74.0
247.0,93.0
498.0,93.0
522.0,93.0
540.0,93.0
546.0,93.0
553.0,93.0
561.0,93.0
660.0,93.0
94.0,60.0
186.0,94.0
187.0,94.0
230.0,94.0
327.0,94.0
396.0,94.0
405.0,94.0
451.0,94.0
468.0,94.0
519.0,94.0
639.0,94.0
653.0,94.0
701.0,94.0
808.0,94.0
879.0,94.0
955.0,94.0
95.0,51.0
95.0,53.0
95.0,70.0
95.0,80.0
255.0,95.0
272.0,95.0
395.0,95.0
568.0,95.0
655.0,95.0
686.0,95.0
688.0,95.0
967.0,95.0
96.0,14.0
230.0,96.0
255.0,96.0
275.0,96.0
352.0,96.0
682.0,96.0
868.0,96.0
97.0,50.0
97.0,72.0
97.0,83.0
98.0,97.0
196.0,97.0
337.0,97.0
347.0,97.0
498.0,97.0
530.0,97.0
593.0,97.0
601.0,97.0
631.0,97.0
637.0,97.0
739.0,97.0
783.0,97.0
796.0,97.0
98.0,11.0
179.0,98.0
180.0,98.0
216.0,98.0
231.0,98.0
250.0,98.0
302.0,98.0
436.0,98.0
860.0,98.0
898.0,98.0
930.0,98.0
939.0,98.0
99.0,22.0
206.0,99.0
719.0,99.0
764.0,99.0
922.0,99.0
934.0,99.0
100.0,65.0
101.0,100.0
233.0,100.0
347.0,100.0
450.0,100.0
481.0,100.0
531.0,100.0
547.0,100.0
617.0,100.0
638.0,100.0
701.0,100.0
832.0,100.0
944.0,100.0
221.0,101.0
235.0,101.0
370.0,101.0
623.0,101.0
693.0,101.0
758.0,101.0
850.0,101.0
881.0,101.0
955.0,101.0
102.0,77.0
128.0,102.0
206.0,102.0
280.0,102.0
414.0,102.0
417.0,102.0
623.0,102.0
730.0,102.0
743.0,102.0
872.0,102.0
883.0,102.0
981.0,102.0
103.0,37.0
103.0,54.0
104.0,103.0
155.0,103.0
308.0,103.0
358.0,103.0
375.0,103.0
388.0,103.0
409.0,103.0
447.0,103.0
551.0,103.0
654.0,103.0
805.0,103.0
878.0,103.0
896.0,103.0
971.0,103.0
195.0,104.0
259.0,104.0
516.0,104.0
571.0,104.0
902.0,104.0
912.0,104.0
916.0,104.0
242.0,105.0
269.0,105.0
305.0,105.0
546.0,105.0
577.0,105.0
614.0,105.0
671.0,105.0
831.0,105.0
875.0,105.0
922.0,105.0
106.0,101.0
386.0,106.0
501.0,106.0
539.0,106.0
553.0,106.0
648.0,106.0
684.0,106.0
869.0,106.0
939.0,106.0
943.0,106.0
107.0,34.0
107.0,95.0
142.0,107.0
239.0,107.0
273.0,107.0
339.0,107.0
360.0,107.0
363.0,107.0
431.0,107.0
537.0,107.0
553.0,107.0
566.0,107.0
630.0,107.0
696.0,107.0
933.0,107.0
220.0,108.0
228.0,108.0
248.0,108.0
413.0,108.0
713.0,108.0
888.0,108.0
908.0,108.0
109.0,75.0
109.0,76.0
109.0,102.0
133.0,109.0
165.0,109.0
231.0,109.0
446.0,109.0
574.0,109.0
582.0,109.0
614.0,109.0
621.0,109.0
631.0,109.0
633.0,109.0
658.0,109.0
667.0,109.0
738.0,109.0
755.0,109.0
765.0,109.0
110.0,74.0
207.0,110.0
221.0,110.0
250.0,110.0
400.0,110.0
490.0,110.0
491.0,110.0
533.0,110.0
580.0,110.0
601.0,110.0
622.0,110.0
630.0,110.0
758.0,110.0
759.0,110.0
766.0,110.0
815.0,110.0
919.0,110.0
940.0,110.0
970.0,110.0
202.0,111.0
220.0,111.0
349.0,111.0
393.0,111.0
526.0,111.0
608.0,111.0
687.0,111.0
720.0,111.0
902.0,111.0
946.0,111.0
951.0,111.0
112.0,16.0
112.0,62.0
112.0,81.0
264.0,112.0
338.0,112.0
606.0,112.0
698.0,112.0
113.0,80.0
131.0,113.0
239.0,113.0
346.0,113.0
435.0,113.0
493.0,113.0
514.0,113.0
536.0,113.0
570.0,113.0
638.0,113.0
797.0,113.0
813.0,113.0
860.0,113.0
114.0,5.0
114.0,7.0
114.0,90.0
230.0,114.0
249.0,114.0
577.0,114.0
723.0,114.0
781.0,114.0
845.0,114.0
851.0,114.0
908.0,114.0
928.0,114.0
982.0,114.0
115.0,17.0
115.0,41.0
115.0,79.0
136.0,115.0
181.0,115.0
428.0,115.0
440.0,115.0
472.0,115.0
527.0,115.0
803.0,115.0
116.0,61.0
237.0,116.0
260.0,116.0
294.0,116.0
300.0,116.0
341.0,116.0
408.0,116.0
421.0,116.0
434.0,116.0
445.0,116.0
568.0,116.0
657.0,116.0
854.0,116.0
897.0,116.0
912.0,116.0
117.0,12.0
117.0,113.0
225.0,117.0
462.0,117.0
715.0,117.0
834.0,117.0
875.0,117.0
980.0,117.0
118.0,7.0
118.0,95.0
118.0,106.0
118.0,113.0
120.0,118.0
155.0,118.0
299.0,118.0
450.0,118.0
453.0,118.0
488.0,118.0
599.0,118.0
613.0,118.0
857.0,118.0
961.0,118.0
975.0,118.0
119.0,16.0
119.0,19.0
176.0,119.0
209.0,119.0
248.0,119.0
271.0,119.0
296.0,119.0
306.0,119.0
371.0,119.0
404.0,119.0
692.0,119.0
722.0,119.0
806.0,119.0
970.0,119.0
120.0,110.0
249.0,120.0
320.0,120.0
346.0,120.0
468.0,120.0
915.0,120.0
121.0,49.0
151.0,121.0
183.0,121.0
215.0,121.0
333.0,121.0
363.0,121.0
392.0,121.0
512.0,121.0
544.0,121.0
586.0,121.0
614.0,121.0
623.0,121.0
917.0,121.0
948.0,121.0
276.0,122.0
335.0,122.0
384.0,122.0
519.0,122.0
737.0,122.0
776.0,122.0
817.0,122.0
847.0,122.0
857.0,122.0
129.0,123.0
162.0,123.0
206.0,123.0
228.0,123.0
230.0,123.0
318.0,123.0
403.0,123.0
451.0,123.0
489.0,123.0
705.0,123.0
714.0,123.0
731.0,123.0
761.0,123.0
788.0,123.0
832.0,123.0
909.0,123.0
923.0,123.0
124.0,112.0
242.0,124.0
254.0,124.0
363.0,124.0
525.0,124.0
576.0,124.0
663.0,124.0
795.0,124.0
892.0,124.0
125.0,105.0
125.0,116.0
169.0,125.0
178.0,125.0
226.0,125.0
335.0,125.0
362.0,125.0
561.0,125.0
574.0,125.0
747.0,125.0
836.0,125.0
949.0,125.0
139.0,126.0
159.0,126.0
229.0,126.0
240.0,126.0
316.0,126.0
382.0,126.0
582.0,126.0
608.0,126.0
634.0,126.0
658.0,126.0
829.0,126.0
874.0,126.0
127.0,98.0
175.0,127.0
191.0,127.0
242.0,127.0
249.0,127.0
333.0,127.0
340.0,127.0
385.0,127.0
487.0,127.0
544.0,127.0
794.0,127.0
804.0,127.0
873.0,127.0
911.0,127.0
128.0,87.0
128.0,102.0
250.0,128.0
337.0,128.0
396.0,128.0
419.0,128.0
426.0,128.0
447.0,128.0
636.0,128.0
743.0,128.0
805.0,128.0
806.0,128.0
968.0,128.0
129.0,37.0
129.0,48.0
129.0,51.0
222.0,129.0
226.0,129.0
326.0,129.0
412.0,129.0
432.0,129.0
465.0,129.0
490.0,129.0
834.0,129.0
915.0,129.0
968.0,129.0
130.0,98.0
176.0,130.0
197.0,130.0
251.0,130.0
347.0,130.0
483.0,130.0
511.0,130.0
690.0,130.0
789.0,130.0
791.0,130.0
820.0,130.0
131.0,44.0
131.0,85.0
131.0,86.0
168.0,131.0
237.0,131.0
291.0,131.0
377.0,131.0
383.0,131.0
414.0,131.0
599.0,131.0
685.0,131.0
844.0,131.0
890.0,131.0
895.0,131.0
132.0,27.0
285.0,132.0
359.0,132.0
592.0,132.0
630.0,132.0
679.0,132.0
805.0,132.0
809.0,132.0
133.0,59.0
133.0,114.0
133.0,122.0
159.0,133.0
276.0,133.0
283.0,133.0
296.0,133.0
381.0,133.0
389.0,133.0
626.0,133.0
672.0,133.0
739.0,133.0
807.0,133.0
834.0,133.0
843.0,133.0
930.0,133.0
952.0,133.0
983.0,133.0
192.0,134.0
247.0,134.0
302.0,134.0
327.0,134.0
394.0,134.0
477.0,134.0
537.0,134.0
545.0,134.0
700.0,134.0
811.0,134.0
838.0,134.0
135.0,4.0
140.0,135.0
192.0,135.0
428.0,135.0
454.0,135.0
494.0,135.0
631.0,135.0
847.0,135.0
862.0,135.0
902.0,135.0
136.0,75.0
136.0,117.0
168.0,136.0
186.0,136.0
206.0,136.0
262.0,136.0
276.0,136.0
313.0,136.0
387.0,136.0
483.0,136.0
751.0,136.0
861.0,136.0
897.0,136.0
937.0,136.0
938.0,136.0
961.0,136.0
214.0,137.0
238.0,137.0
248.0,137.0
645.0,137.0
828.0,137.0
933.0,137.0
936.0,137.0
155.0,138.0
245.0,138.0
482.0,138.0
578.0,138.0
590.0,138.0
782.0,138.0
794.0,138.0
815.0,138.0
886.0,138.0
909.0,138.0
979.0,138.0
139.0,5.0
279.0,139.0
298.0,139.0
330.0,139.0
343.0,139.0
396.0,139.0
498.0,139.0
541.0,139.0
760.0,139.0
839.0,139.0
140.0,29.0
166.0,140.0
178.0,140.0
208.0,140.0
215.0,140.0
243.0,140.0
261.0,140.0
282.0,140.0
289.0,140.0
407.0,140.0
453.0,140.0
496.0,140.0
565.0,140.0
651.0,140.0
700.0,140.0
746.0,140.0
863.0,140.0
879.0,140.0
982.0,140.0
141.0,64.0
153.0,141.0
306.0,141.0
420.0,141.0
435.0,141.0
483.0,141.0
491.0,141.0
525.0,141.0
540.0,141.0
551.0,141.0
613.0,141.0
661.0,141.0
686.0,141.0
897.0,141.0
975.0,141.0
142.0,97.0
144.0,142.0
254.0,142.0
465.0,142.0
578.0,142.0
602.0,142.0
672.0,142.0
682.0,142.0
695.0,142.0
730.0,142.0
821.0,142.0
829.0,142.0
892.0,142.0
143.0,124.0
307.0,143.0
341.0,143.0
516.0,143.0
570.0,143.0
614.0,143.0
623.0,143.0
671.0,143.0
679.0,143.0
784.0,143.0
788.0,143.0
791.0,143.0
961.0,143.0
144.0,12.0
144.0,17.0
144.0,48.0
171.0,144.0
230.0,144.0
245.0,144.0
312.0,144.0
556.0,144.0
670.0,144.0
703.0,144.0
881.0,144.0
887.0,144.0
145.0,3.0
305.0,145.0
473.0,145.0
485.0,145.0
552.0,145.0
557.0,145.0
675.0,145.0
763.0,145.0
776.0,145.0
854.0,145.0
927.0,145.0
146.0,17.0
146.0,62.0
146.0,128.0
146.0,134.0
149.0,146.0
209.0,146.0
347.0,146.0
515.0,146.0
522.0,146.0
524.0,146.0
565.0,146.0
147.0,97.0
147.0,104.0
147.0,126.0
149.0,147.0
368.0,147.0
372.0,147.0
441.0,147.0
494.0,147.0
597.0,147.0
635.0,147.0
854.0,147.0
859.0,147.0
148.0,46.0
402.0,148.0
413.0,148.0
417.0,148.0
436.0,148.0
497.0,148.0
527.0,148.0
922.0,148.0
149.0,30.0
149.0,43.0
149.0,103.0
149.0,133.0
208.0,149.0
247.0,149.0
260.0,149.0
295.0,149.0
310.0,149.0
407.0,149.0
599.0,149.0
610.0,149.0
742.0,149.0
772.0,149.0
782.0,149.0
921.0,149.0
157.0,150.0
258.0,150.0
282.0,150.0
355.0,150.0
406.0,150.0
527.0,150.0
530.0,150.0
573.0,150.0
682.0,150.0
702.0,150.0
981.0,150.0
151.0,9.0
151.0,107.0
154.0,151.0
159.0,151.0
281.0,151.0
373.0,151.0
386.0,151.0
460.0,151.0
514.0,151.0
529.0,151.0
607.0,151.0
733.0,151.0
738.0,151.0
790.0,151.0
152.0,45.0
152.0,80.0
152.0,122.0
195.0,152.0
372.0,152.0
435.0,152.0
437.0,152.0
454.0,152.0
529.0,152.0
612.0,152.0
680.0,152.0
709.0,152.0
823.0,152.0
872.0,152.0
153.0,0.0
153.0,37.0
153.0,67.0
153.0,129.0
218.0,153.0
363.0,153.0
403.0,153.0
711.0,153.0
717.0,153.0
797.0,153.0
154.0,27.0
154.0,77.0
154.0,140.0
302.0,154.0
452.0,154.0
472.0,154.0
540.0,154.0
691.0,154.0
692.0,154.0
755.0,154.0
764.0,154.0
768.0,154.0
850.0,154.0
155.0,47.0
155.0,69.0
195.0,155.0
197.0,155.0
214.0,155.0
297.0,155.0
349.0,155.0
372.0,155.0
446.0,155.0
640.0,155.0
682.0,155.0
745.0,155.0
747.0,155.0
813.0,155.0
156.0,17.0
175.0,156.0
177.0,156.0
263.0,156.0
331.0,156.0
407.0,156.0
443.0,156.0
482.0,156.0
513.0,156.0
528.0,156.0
706.0,156.0
752.0,156.0
914.0,156.0
952.0,156.0
980.0,156.0
157.0,4.0
157.0,32.0
268.0,157.0
292.0,157.0
407.0,157.0
588.0,157.0
643.0,157.0
720.0,157.0
769.0,157.0
788.0,157.0
847.0,157.0
870.0,157.0
883.0,157.0
887.0,157.0
895.0,157.0
158.0,44.0
158.0,120.0
158.0,128.0
158.0,140.0
264.0,158.0
340.0,158.0
341.0,158.0
418.0,158.0
458.0,158.0
555.0,158.0
621.0,158.0
631.0,158.0
727.0,158.0
754.0,158.0
775.0,158.0
852.0,158.0
869.0,158.0
900.0,158.0
159.0,17.0
162.0,159.0
601.0,159.0
649.0,159.0
744.0,159.0
160.0,24.0
160.0,34.0
160.0,37.0
160.0,81.0
197.0,160.0
242.0,160.0
302.0,160.0
459.0,160.0
526.0,160.0
570.0,160.0
598.0,160.0
654.0,160.0
659.0,160.0
662.0,160.0
718.0,160.0
908.0,160.0
969.0,160.0
161.0,85.0
239.0,161.0
321.0,161.0
389.0,161.0
390.0,161.0
448.0,161.0
480.0,161.0
535.0,161.0
640.0,161.0
722.0,161.0
753.0,161.0
778.0,161.0
785.0,161.0
804.0,161.0
859.0,161.0
866.0,161.0
881.0,161.0
906.0,161.0
968.0,161.0
162.0,45.0
162.0,78.0
162.0,133.0
162.0,159.0
309.0,162.0
425.0,162.0
492.0,162.0
519.0,162.0
641.0,162.0
686.0,162.0
698.0,162.0
829.0,162.0
906.0,162.0
920.0,162.0
982.0,162.0
163.0,117.0
194.0,163.0
365.0,163.0
371.0,163.0
381.0,163.0
461.0,163.0
504.0,163.0
539.0,163.0
600.0,163.0
637.0,163.0
642.0,163.0
671.0,163.0
865.0,163.0
867.0,163.0
900.0,163.0
936.0,163.0
164.0,12.0
164.0,45.0
264.0,164.0
272.0,164.0
288.0,164.0
396.0,164.0
397.0,164.0
513.0,164.0
521.0,164.0
734.0,164.0
782.0,164.0
792.0,164.0
823.0,164.0
913.0,164.0
953.0,164.0
982.0,164.0
165.0,47.0
165.0,65.0
238.0,165.0
296.0,165.0
341.0,165.0
390.0,165.0
563.0,165.0
641.0,165.0
655.0,165.0
692.0,165.0
694.0,165.0
784.0,165.0
899.0,165.0
166.0,21.0
166.0,146.0
177.0,166.0
230.0,166.0
277.0,166.0
383.0,166.0
565.0,166.0
593.0,166.0
604.0,166.0
610.0,166.0
663.0,166.0
675.0,166.0
716.0,166.0
849.0,166.0
965.0,166.0
167.0,5.0
167.0,52.0
341.0,167.0
419.0,167.0
453.0,167.0
726.0,167.0
877.0,167.0
906.0,167.0
168.0,74.0
168.0,150.0
203.0,168.0
224.0,168.0
376.0,168.0
412.0,168.0
508.0,168.0
535.0,168.0
544.0,168.0
609.0,168.0
630.0,168.0
648.0,168.0
672.0,168.0
801.0,168.0
854.0,168.0
911.0,168.0
169.0,25.0
169.0,42.0
198.0,169.0
261.0,169.0
285.0,169.0
304.0,169.0
433.0,169.0
482.0,169.0
489.0,169.0
593.0,169.0
633.0,169.0
704.0,169.0
705.0,169.0
713.0,169.0
741.0,169.0
793.0,169.0
170.0,33.0
170.0,84.0
186.0,170.0
201.0,170.0
215.0,170.0
269.0,170.0
317.0,170.0
366.0,170.0
372.0,170.0
380.0,170.0
415.0,170.0
482.0,170.0
536.0,170.0
680.0,170.0
812.0,170.0
171.0,136.0
207.0,171.0
341.0,171.0
368.0,171.0
398.0,171.0
417.0,171.0
522.0,171.0
617.0,171.0
644.0,171.0
691.0,171.0
854.0,171.0
947.0,171.0
172.0,14.0
172.0,106.0
172.0,144.0
172.0,158.0
182.0,172.0
207.0,172.0
244.0,172.0
473.0,172.0
570.0,172.0
660.0,172.0
737.0,172.0
778.0,172.0
882.0,172.0
895.0,172.0
940.0,172.0
964.0,172.0
173.0,17.0
173.0,20.0
173.0,155.0
216.0,173.0
290.0,173.0
359.0,173.0
480.0,173.0
645.0,173.0
676.0,173.0
788.0,173.0
800.0,173.0
174.0,161.0
278.0,174.0
348.0,174.0
396.0,174.0
594.0,174.0
654.0,174.0
812.0,174.0
938.0,174.0
175.0,14.0
175.0,28.0
175.0,43.0
175.0,64.0
175.0,108.0
175.0,141.0
627.0,175.0
676.0,175.0
734.0,175.0
757.0,175.0
951.0,175.0
953.0,175.0
176.0,27.0
176.0,117.0
176.0,139.0
252.0,176.0
322.0,176.0
345.0,176.0
349.0,176.0
389.0,176.0
540.0,176.0
546.0,176.0
566.0,176.0
645.0,176.0
683.0,176.0
686.0,176.0
738.0,176.0
905.0,176.0
302.0,177.0
370.0,177.0
377.0,177.0
550.0,177.0
588.0,177.0
603.0,177.0
610.0,177.0
756.0,177.0
833.0,177.0
849.0,177.0
857.0,177.0
868.0,177.0
870.0,177.0
178.0,0.0
178.0,160.0
209.0,178.0
219.0,178.0
295.0,178.0
304.0,178.0
318.0,178.0
587.0,178.0
736.0,178.0
740.0,178.0
784.0,178.0
810.0,178.0
873.0,178.0
901.0,178.0
179.0,7.0
238.0,179.0
376.0,179.0
459.0,179.0
481.0,179.0
497.0,179.0
555.0,179.0
646.0,179.0
701.0,179.0
824.0,179.0
867.0,179.0
877.0,179.0
964.0,179.0
180.0,20.0
180.0,144.0
445.0,180.0
470.0,180.0
683.0,180.0
704.0,180.0
731.0,180.0
805.0,180.0
902.0,180.0
198.0,181.0
231.0,181.0
313.0,181.0
739.0,181.0
885.0,181.0
904.0,181.0
182.0,57.0
182.0,115.0
217.0,182.0
249.0,182.0
254.0,182.0
324.0,182.0
345.0,182.0
415.0,182.0
515.0,182.0
680.0,182.0
913.0,182.0
950.0,182.0
971.0,182.0
973.0,182.0
183.0,46.0
183.0,128.0
183.0,143.0
183.0,157.0
231.0,183.0
364.0,183.0
415.0,183.0
422.0,183.0
449.0,183.0
453.0,183.0
765.0,183.0
819.0,183.0
184.0,31.0
184.0,98.0
184.0,174.0
241.0,184.0
304.0,184.0
314.0,184.0
360.0,184.0
366.0,184.0
636.0,184.0
673.0,184.0
885.0,184.0
909.0,184.0
185.0,18.0
266.0,185.0
351.0,185.0
419.0,185.0
471.0,185.0
472.0,185.0
646.0,185.0
684.0,185.0
753.0,185.0
768.0,185.0
794.0,185.0
875.0,185.0
905.0,185.0
908.0,185.0
948.0,185.0
186.0,43.0
186.0,62.0
186.0,138.0
367.0,186.0
392.0,186.0
488.0,186.0
590.0,186.0
634.0,186.0
672.0,186.0
745.0,186.0
856.0,186.0
897.0,186.0
927.0,186.0
958.0,186.0
970.0,186.0
187.0,105.0
187.0,138.0
230.0,187.0
310.0,187.0
311.0,187.0
335.0,187.0
353.0,187.0
444.0,187.0
666.0,187.0
751.0,187.0
761.0,187.0
889.0,187.0
960.0,187.0
188.0,33.0
188.0,71.0
188.0,77.0
188.0,165.0
188.0,185.0
203.0,188.0
321.0,188.0
449.0,188.0
462.0,188.0
481.0,188.0
487.0,188.0
583.0,188.0
619.0,188.0
730.0,188.0
812.0,188.0
189.0,45.0
189.0,67.0
266.0,189.0
283.0,189.0
284.0,189.0
292.0,189.0
381.0,189.0
513.0,189.0
572.0,189.0
654.0,189.0
665.0,189.0
880.0,189.0
966.0,189.0
190.0,61.0
289.0,190.0
328.0,190.0
365.0,190.0
385.0,190.0
432.0,190.0
492.0,190.0
514.0,190.0
856.0,190.0
191.0,120.0
245.0,191.0
302.0,191.0
350.0,191.0
353.0,191.0
405.0,191.0
454.0,191.0
473.0,191.0
570.0,191.0
651.0,191.0
775.0,191.0
932.0,191.0
192.0,17.0
192.0,187.0
225.0,192.0
327.0,192.0
372.0,192.0
531.0,192.0
533.0,192.0
591.0,192.0
708.0,192.0
720.0,192.0
736.0,192.0
748.0,192.0
798.0,192.0
802.0,192.0
807.0,192.0
890.0,192.0
976.0,192.0
193.0,53.0
248.0,193.0
371.0,193.0
384.0,193.0
463.0,193.0
658.0,193.0
670.0,193.0
672.0,193.0
676.0,193.0
194.0,8.0
194.0,13.0
194.0,76.0
194.0,177.0
207.0,194.0
217.0,194.0
441.0,194.0
473.0,194.0
588.0,194.0
603.0,194.0
629.0,194.0
748.0,194.0
829.0,194.0
833.0,194.0
919.0,194.0
976.0,194.0
984.0,194.0
195.0,75.0
195.0,80.0
195.0,150.0
240.0,195.0
316.0,195.0
377.0,195.0
467.0,195.0
608.0,195.0
694.0,195.0
794.0,195.0
886.0,195.0
196.0,148.0
196.0,186.0
204.0,196.0
261.0,196.0
308.0,196.0
625.0,196.0
751.0,196.0
763.0,196.0
842.0,196.0
985.0,196.0
197.0,112.0
208.0,197.0
239.0,197.0
361.0,197.0
433.0,197.0
504.0,197.0
518.0,197.0
599.0,197.0
739.0,197.0
755.0,197.0
872.0,197.0
931.0,197.0
198.0,19.0
198.0,140.0
300.0,198.0
355.0,198.0
620.0,198.0
634.0,198.0
668.0,198.0
752.0,198.0
784.0,198.0
792.0,198.0
906.0,198.0
913.0,198.0
927.0,198.0
199.0,33.0
199.0,45.0
199.0,74.0
199.0,197.0
399.0,199.0
516.0,199.0
523.0,199.0
845.0,199.0
892.0,199.0
968.0,199.0
973.0,199.0
200.0,4.0
200.0,55.0
200.0,148.0
200.0,159.0
200.0,165.0
252.0,200.0
457.0,200.0
475.0,200.0
485.0,200.0
490.0,200.0
513.0,200.0
535.0,200.0
555.0,200.0
565.0,200.0
583.0,200.0
606.0,200.0
682.0,200.0
973.0,200.0
201.0,20.0
201.0,181.0
201.0,185.0
207.0,201.0
235.0,201.0
302.0,201.0
307.0,201.0
337.0,201.0
381.0,201.0
415.0,201.0
539.0,201.0
631.0,201.0
701.0,201.0
759.0,201.0
762.0,201.0
863.0,201.0
946.0,201.0
202.0,4.0
263.0,202.0
340.0,202.0
368.0,202.0
582.0,202.0
627.0,202.0
633.0,202.0
332.0,203.0
382.0,203.0
397.0,203.0
456.0,203.0
525.0,203.0
722.0,203.0
734.0,203.0
832.0,203.0
204.0,3.0
204.0,37.0
204.0,42.0
204.0,49.0
204.0,65.0
204.0,201.0
289.0,204.0
416.0,204.0
456.0,204.0
578.0,204.0
205.0,69.0
205.0,135.0
205.0,159.0
205.0,165.0
256.0,205.0
344.0,205.0
523.0,205.0
587.0,205.0
656.0,205.0
713.0,205.0
811.0,205.0
912.0,205.0
206.0,26.0
206.0,59.0
206.0,91.0
206.0,174.0
206.0,191.0
353.0,206.0
516.0,206.0
556.0,206.0
560.0,206.0
732.0,206.0
778.0,206.0
786.0,206.0
916.0,206.0
919.0,206.0
207.0,77.0
207.0,103.0
228.0,207.0
304.0,207.0
426.0,207.0
625.0,207.0
653.0,207.0
697.0,207.0
924.0,207.0
208.0,28.0
208.0,176.0
315.0,208.0
328.0,208.0
354.0,208.0
385.0,208.0
395.0,208.0
475.0,208.0
517.0,208.0
578.0,208.0
799.0,208.0
830.0,208.0
895.0,208.0
937.0,208.0
209.0,29.0
209.0,78.0
209.0,132.0
489.0,209.0
558.0,209.0
639.0,209.0
783.0,209.0
831.0,209.0
210.0,3.0
253.0,210.0
312.0,210.0
501.0,210.0
519.0,210.0
639.0,210.0
686.0,210.0
693.0,210.0
753.0,210.0
799.0,210.0
939.0,210.0
211.0,36.0
211.0,204.0
494.0,211.0
510.0,211.0
548.0,211.0
643.0,211.0
671.0,211.0
724.0,211.0
841.0,211.0
939.0,211.0
947.0,211.0
212.0,74.0
212.0,93.0
212.0,201.0
322.0,212.0
326.0,212.0
459.0,212.0
527.0,212.0
556.0,212.0
616.0,212.0
665.0,212.0
667.0,212.0
670.0,212.0
672.0,212.0
851.0,212.0
980.0,212.0
213.0,12.0
213.0,123.0
213.0,167.0
213.0,175.0
213.0,176.0
241.0,213.0
247.0,213.0
256.0,213.0
564.0,213.0
571.0,213.0
634.0,213.0
691.0,213.0
706.0,213.0
805.0,213.0
939.0,213.0
214.0,108.0
214.0,127.0
214.0,175.0
295.0,214.0
344.0,214.0
543.0,214.0
546.0,214.0
596.0,214.0
665.0,214.0
684.0,214.0
717.0,214.0
782.0,214.0
967.0,214.0
215.0,40.0
215.0,58.0
215.0,127.0
294.0,215.0
382.0,215.0
440.0,215.0
451.0,215.0
525.0,215.0
539.0,215.0
607.0,215.0
615.0,215.0
650.0,215.0
838.0,215.0
930.0,215.0
985.0,215.0
216.0,82.0
216.0,162.0
216.0,196.0
619.0,216.0
817.0,216.0
832.0,216.0
217.0,162.0
217.0,214.0
422.0,217.0
590.0,217.0
595.0,217.0
673.0,217.0
740.0,217.0
218.0,8.0
218.0,94.0
218.0,137.0
218.0,141.0
331.0,218.0
412.0,218.0
545.0,218.0
549.0,218.0
710.0,218.0
219.0,3.0
219.0,11.0
219.0,35.0
219.0,70.0
219.0,77.0
219.0,94.0
219.0,102.0
219.0,157.0
275.0,219.0
288.0,219.0
347.0,219.0
495.0,219.0
664.0,219.0
825.0,219.0
876.0,219.0
220.0,88.0
289.0,220.0
299.0,220.0
367.0,220.0
450.0,220.0
566.0,220.0
576.0,220.0
654.0,220.0
739.0,220.0
765.0,220.0
824.0,220.0
909.0,220.0
917.0,220.0
221.0,90.0
221.0,136.0
259.0,221.0
290.0,221.0
466.0,221.0
499.0,221.0
529.0,221.0
603.0,221.0
607.0,221.0
619.0,221.0
745.0,221.0
977.0,221.0
980.0,221.0
222.0,213.0
262.0,222.0
308.0,222.0
438.0,222.0
454.0,222.0
661.0,222.0
760.0,222.0
829.0,222.0
878.0,222.0
948.0,222.0
223.0,12.0
232.0,223.0
248.0,223.0
267.0,223.0
495.0,223.0
604.0,223.0
647.0,223.0
674.0,223.0
703.0,223.0
724.0,223.0
804.0,223.0
819.0,223.0
952.0,223.0
224.0,1.0
224.0,40.0
224.0,46.0
224.0,144.0
273.0,224.0
328.0,224.0
364.0,224.0
401.0,224.0
441.0,224.0
538.0,224.0
602.0,224.0
632.0,224.0
832.0,224.0
875.0,224.0
225.0,2.0
225.0,36.0
225.0,66.0
225.0,103.0
225.0,126.0
225.0,153.0
225.0,220.0
333.0,225.0
352.0,225.0
360.0,225.0
410.0,225.0
434.0,225.0
437.0,225.0
554.0,225.0
575.0,225.0
847.0,225.0
956.0,225.0
226.0,30.0
226.0,105.0
226.0,177.0
256.0,226.0
262.0,226.0
269.0,226.0
436.0,226.0
440.0,226.0
813.0,226.0
927.0,226.0
929.0,226.0
227.0,25.0
227.0,30.0
227.0,124.0
227.0,203.0
249.0,227.0
276.0,227.0
453.0,227.0
841.0,227.0
945.0,227.0
228.0,39.0
228.0,93.0
228.0,189.0
246.0,228.0
458.0,228.0
525.0,228.0
618.0,228.0
638.0,228.0
758.0,228.0
899.0,228.0
918.0,228.0
257.0,229.0
421.0,229.0
441.0,229.0
504.0,229.0
577.0,229.0
712.0,229.0
729.0,229.0
853.0,229.0
889.0,229.0
917.0,229.0
962.0,229.0
965.0,229.0
975.0,229.0
230.0,11.0
230.0,58.0
230.0,95.0
230.0,195.0
363.0,230.0
405.0,230.0
701.0,230.0
774.0,230.0
874.0,230.0
950.0,230.0
951.0,230.0
231.0,24.0
231.0,32.0
295.0,231.0
363.0,231.0
440.0,231.0
527.0,231.0
540.0,231.0
641.0,231.0
820.0,231.0
845.0,231.0
878.0,231.0
914.0,231.0
232.0,7.0
232.0,80.0
232.0,93.0
232.0,195.0
297.0,232.0
392.0,232.0
411.0,232.0
498.0,232.0
543.0,232.0
544.0,232.0
650.0,232.0
694.0,232.0
741.0,232.0
826.0,232.0
857.0,232.0
954.0,232.0
233.0,129.0
233.0,135.0
233.0,169.0
233.0,187.0
233.0,198.0
233.0,222.0
242.0,233.0
267.0,233.0
339.0,233.0
361.0,233.0
381.0,233.0
476.0,233.0
506.0,233.0
524.0,233.0
550.0,233.0
643.0,233.0
856.0,233.0
937.0,233.0
234.0,155.0
234.0,182.0
234.0,184.0
308.0,234.0
328.0,234.0
342.0,234.0
387.0,234.0
547.0,234.0
630.0,234.0
715.0,234.0
782.0,234.0
291.0,235.0
349.0,235.0
405.0,235.0
460.0,235.0
622.0,235.0
628.0,235.0
639.0,235.0
659.0,235.0
793.0,235.0
820.0,235.0
830.0,235.0
894.0,235.0
899.0,235.0
934.0,235.0
941.0,235.0
964.0,235.0
966.0,235.0
236.0,54.0
272.0,236.0
411.0,236.0
461.0,236.0
703.0,236.0
730.0,236.0
762.0,236.0
824.0,236.0
888.0,236.0
910.0,236.0
960.0,236.0
237.0,5.0
237.0,10.0
237.0,31.0
237.0,111.0
326.0,237.0
482.0,237.0
529.0,237.0
648.0,237.0
779.0,237.0
826.0,237.0
854.0,237.0
901.0,237.0
967.0,237.0
238.0,92.0
238.0,107.0
282.0,238.0
513.0,238.0
521.0,238.0
562.0,238.0
685.0,238.0
774.0,238.0
933.0,238.0
239.0,35.0
454.0,239.0
596.0,239.0
597.0,239.0
613.0,239.0
689.0,239.0
749.0,239.0
907.0,239.0
240.0,37.0
240.0,50.0
240.0,162.0
259.0,240.0
284.0,240.0
373.0,240.0
485.0,240.0
512.0,240.0
608.0,240.0
631.0,240.0
715.0,240.0
733.0,240.0
751.0,240.0
948.0,240.0
949.0,240.0
241.0,162.0
241.0,172.0
241.0,180.0
373.0,241.0
423.0,241.0
845.0,241.0
869.0,241.0
937.0,241.0
959.0,241.0
973.0,241.0
242.0,37.0
242.0,41.0
242.0,162.0
242.0,184.0
299.0,242.0
330.0,242.0
470.0,242.0
475.0,242.0
491.0,242.0
569.0,242.0
579.0,242.0
685.0,242.0
719.0,242.0
785.0,242.0
817.0,242.0
887.0,242.0
924.0,242.0
939.0,242.0
243.0,108.0
243.0,111.0
280.0,243.0
300.0,243.0
331.0,243.0
395.0,243.0
581.0,243.0
587.0,243.0
603.0,243.0
618.0,243.0
681.0,243.0
889.0,243.0
244.0,50.0
244.0,59.0
244.0,80.0
244.0,164.0
244.0,195.0
244.0,205.0
244.0,224.0
326.0,244.0
459.0,244.0
536.0,244.0
552.0,244.0
653.0,244.0
709.0,244.0
785.0,244.0
802.0,244.0
904.0,244.0
974.0,244.0
979.0,244.0
981.0,244.0
304.0,245.0
319.0,245.0
521.0,245.0
559.0,245.0
618.0,245.0
716.0,245.0
798.0,245.0
805.0,245.0
823.0,245.0
851.0,245.0
885.0,245.0
973.0,245.0
246.0,109.0
246.0,198.0
309.0,246.0
439.0,246.0
454.0,246.0
464.0,246.0
477.0,246.0
503.0,246.0
584.0,246.0
775.0,246.0
832.0,246.0
976.0,246.0
978.0,246.0
247.0,3.0
247.0,143.0
464.0,247.0
467.0,247.0
488.0,247.0
540.0,247.0
591.0,247.0
248.0,109.0
248.0,154.0
320.0,248.0
374.0,248.0
406.0,248.0
474.0,248.0
766.0,248.0
807.0,248.0
812.0,248.0
249.0,103.0
249.0,106.0
249.0,113.0
249.0,123.0
254.0,249.0
347.0,249.0
424.0,249.0
467.0,249.0
504.0,249.0
511.0,249.0
633.0,249.0
701.0,249.0
737.0,249.0
766.0,249.0
785.0,249.0
910.0,249.0
937.0,249.0
250.0,14.0
254.0,250.0
298.0,250.0
345.0,250.0
354.0,250.0
460.0,250.0
612.0,250.0
624.0,250.0
662.0,250.0
675.0,250.0
762.0,250.0
780.0,250.0
806.0,250.0
837.0,250.0
850.0,250.0
950.0,250.0
251.0,66.0
251.0,104.0
251.0,156.0
251.0,184.0
251.0,227.0
390.0,251.0
405.0,251.0
443.0,251.0
497.0,251.0
548.0,251.0
695.0,251.0
837.0,251.0
953.0,251.0
252.0,9.0
252.0,148.0
252.0,154.0
252.0,188.0
252.0,210.0
252.0,211.0
262.0,252.0
333.0,252.0
341.0,252.0
574.0,252.0
606.0,252.0
627.0,252.0
689.0,252.0
729.0,252.0
775.0,252.0
799.0,252.0
962.0,252.0
253.0,29.0
253.0,77.0
253.0,93.0
253.0,134.0
253.0,226.0
253.0,233.0
327.0,253.0
345.0,253.0
412.0,253.0
492.0,253.0
536.0,253.0
558.0,253.0
598.0,253.0
727.0,253.0
254.0,146.0
254.0,193.0
254.0,205.0
291.0,254.0
353.0,254.0
540.0,254.0
600.0,254.0
608.0,254.0
619.0,254.0
750.0,254.0
837.0,254.0
870.0,254.0
255.0,80.0
255.0,119.0
286.0,255.0
302.0,255.0
305.0,255.0
350.0,255.0
355.0,255.0
406.0,255.0
529.0,255.0
582.0,255.0
825.0,255.0
256.0,77.0
256.0,83.0
256.0,85.0
259.0,256.0
295.0,256.0
298.0,256.0
397.0,256.0
524.0,256.0
589.0,256.0
719.0,256.0
854.0,256.0
892.0,256.0
257.0,18.0
257.0,99.0
257.0,161.0
257.0,245.0
406.0,257.0
451.0,257.0
599.0,257.0
750.0,257.0
752.0,257.0
878.0,257.0
938.0,257.0
943.0,257.0
975.0,257.0
258.0,64.0
258.0,106.0
258.0,115.0
258.0,122.0
258.0,212.0
361.0,258.0
431.0,258.0
463.0,258.0
483.0,258.0
536.0,258.0
545.0,258.0
615.0,258.0
620.0,258.0
727.0,258.0
824.0,258.0
865.0,258.0
875.0,258.0
897.0,258.0
259.0,51.0
395.0,259.0
485.0,259.0
514.0,259.0
583.0,259.0
630.0,259.0
746.0,259.0
880.0,259.0
260.0,112.0
260.0,171.0
260.0,179.0
260.0,185.0
260.0,200.0
260.0,248.0
399.0,260.0
478.0,260.0
626.0,260.0
681.0,260.0
689.0,260.0
812.0,260.0
829.0,260.0
902.0,260.0
909.0,260.0
261.0,39.0
261.0,40.0
261.0,142.0
261.0,175.0
261.0,228.0
350.0,261.0
437.0,261.0
686.0,261.0
688.0,261.0
772.0,261.0
775.0,261.0
778.0,261.0
262.0,16.0
262.0,77.0
262.0,87.0
262.0,123.0
262.0,201.0
326.0,262.0
462.0,262.0
464.0,262.0
518.0,262.0
534.0,262.0
628.0,262.0
757.0,262.0
785.0,262.0
809.0,262.0
818.0,262.0
948.0,262.0
952.0,262.0
263.0,30.0
263.0,116.0
263.0,206.0
336.0,263.0
491.0,263.0
521.0,263.0
739.0,263.0
264.0,36.0
264.0,75.0
264.0,131.0
346.0,264.0
423.0,264.0
467.0,264.0
546.0,264.0
565.0,264.0
585.0,264.0
616.0,264.0
733.0,264.0
802.0,264.0
265.0,33.0
265.0,74.0
265.0,187.0
415.0,265.0
476.0,265.0
492.0,265.0
509.0,265.0
593.0,265.0
648.0,265.0
754.0,265.0
805.0,265.0
880.0,265.0
887.0,265.0
895.0,265.0
266.0,130.0
266.0,167.0
266.0,184.0
266.0,220.0
266.0,230.0
266.0,238.0
269.0,266.0
276.0,266.0
367.0,266.0
434.0,266.0
492.0,266.0
648.0,266.0
755.0,266.0
756.0,266.0
759.0,266.0
899.0,266.0
907.0,266.0
267.0,16.0
267.0,147.0
267.0,218.0
302.0,267.0
364.0,267.0
514.0,267.0
552.0,267.0
556.0,267.0
571.0,267.0
753.0,267.0
896.0,267.0
940.0,267.0
268.0,250.0
281.0,268.0
327.0,268.0
467.0,268.0
505.0,268.0
525.0,268.0
561.0,268.0
563.0,268.0
598.0,268.0
677.0,268.0
718.0,268.0
807.0,268.0
832.0,268.0
866.0,268.0
881.0,268.0
904.0,268.0
942.0,268.0
980.0,268.0
269.0,6.0
269.0,69.0
269.0,70.0
269.0,148.0
269.0,181.0
269.0,186.0
269.0,188.0
269.0,225.0
610.0,269.0
618.0,269.0
628.0,269.0
650.0,269.0
652.0,269.0
733.0,269.0
763.0,269.0
789.0,269.0
975.0,269.0
270.0,8.0
270.0,71.0
270.0,88.0
270.0,166.0
270.0,179.0
301.0,270.0
337.0,270.0
519.0,270.0
600.0,270.0
846.0,270.0
855.0,270.0
915.0,270.0
271.0,50.0
271.0,55.0
278.0,271.0
350.0,271.0
361.0,271.0
531.0,271.0
671.0,271.0
823.0,271.0
899.0,271.0
962.0,271.0
272.0,29.0
272.0,147.0
272.0,265.0
346.0,272.0
351.0,272.0
439.0,272.0
455.0,272.0
513.0,272.0
615.0,272.0
711.0,272.0
273.0,54.0
273.0,103.0
273.0,122.0
285.0,273.0
339.0,273.0
390.0,273.0
477.0,273.0
487.0,273.0
488.0,273.0
562.0,273.0
732.0,273.0
951.0,273.0
982.0,273.0
274.0,44.0
274.0,51.0
274.0,85.0
274.0,234.0
391.0,274.0
412.0,274.0
494.0,274.0
551.0,274.0
690.0,274.0
824.0,274.0
923.0,274.0
275.0,129.0
275.0,157.0
275.0,230.0
318.0,275.0
569.0,275.0
650.0,275.0
778.0,275.0
276.0,104.0
276.0,106.0
276.0,145.0
276.0,178.0
276.0,215.0
319.0,276.0
410.0,276.0
686.0,276.0
694.0,276.0
852.0,276.0
862.0,276.0
875.0,276.0
277.0,233.0
281.0,277.0
316.0,277.0
351.0,277.0
362.0,277.0
534.0,277.0
619.0,277.0
859.0,277.0
885.0,277.0
911.0,277.0
278.0,3.0
278.0,19.0
278.0,220.0
278.0,253.0
430.0,278.0
525.0,278.0
637.0,278.0
643.0,278.0
683.0,278.0
780.0,278.0
782.0,278.0
279.0,35.0
279.0,45.0
279.0,66.0
279.0,154.0
508.0,279.0
540.0,279.0
556.0,279.0
562.0,279.0
589.0,279.0
684.0,279.0
700.0,279.0
720.0,279.0
972.0,279.0
280.0,24.0
280.0,94.0
383.0,280.0
543.0,280.0
657.0,280.0
736.0,280.0
871.0,280.0
281.0,97.0
281.0,155.0
315.0,281.0
562.0,281.0
618.0,281.0
641.0,281.0
704.0,281.0
730.0,281.0
790.0,281.0
828.0,281.0
888.0,281.0
906.0,281.0
968.0,281.0
282.0,54.0
282.0,77.0
282.0,129.0
282.0,162.0
282.0,189.0
346.0,282.0
419.0,282.0
475.0,282.0
503.0,282.0
572.0,282.0
604.0,282.0
782.0,282.0
848.0,282.0
856.0,282.0
917.0,282.0
953.0,282.0
965.0,282.0
283.0,24.0
283.0,95.0
283.0,196.0
283.0,245.0
283.0,255.0
298.0,283.0
379.0,283.0
602.0,283.0
627.0,283.0
635.0,283.0
639.0,283.0
715.0,283.0
985.0,283.0
284.0,84.0
284.0,200.0
284.0,249.0
284.0,256.0
313.0,284.0
314.0,284.0
453.0,284.0
461.0,284.0
528.0,284.0
729.0,284.0
764.0,284.0
871.0,284.0
956.0,284.0
960.0,284.0
285.0,189.0
285.0,268.0
344.0,285.0
355.0,285.0
442.0,285.0
460.0,285.0
510.0,285.0
543.0,285.0
700.0,285.0
286.0,42.0
405.0,286.0
426.0,286.0
818.0,286.0
837.0,286.0
867.0,286.0
905.0,286.0
941.0,286.0
317.0,287.0
366.0,287.0
589.0,287.0
631.0,287.0
919.0,287.0
288.0,217.0
418.0,288.0
470.0,288.0
545.0,288.0
564.0,288.0
635.0,288.0
667.0,288.0
695.0,288.0
790.0,288.0
884.0,288.0
289.0,131.0
289.0,181.0
331.0,289.0
566.0,289.0
613.0,289.0
692.0,289.0
712.0,289.0
719.0,289.0
772.0,289.0
793.0,289.0
855.0,289.0
907.0,289.0
913.0,289.0
917.0,289.0
290.0,7.0
290.0,149.0
290.0,247.0
317.0,290.0
382.0,290.0
454.0,290.0
464.0,290.0
596.0,290.0
749.0,290.0
862.0,290.0
891.0,290.0
985.0,290.0
291.0,117.0
291.0,244.0
291.0,272.0
291.0,280.0
460.0,291.0
520.0,291.0
593.0,291.0
732.0,291.0
779.0,291.0
921.0,291.0
948.0,291.0
969.0,291.0
985.0,291.0
292.0,103.0
292.0,221.0
292.0,243.0
292.0,283.0
328.0,292.0
330.0,292.0
391.0,292.0
617.0,292.0
787.0,292.0
880.0,292.0
962.0,292.0
293.0,81.0
293.0,230.0
293.0,261.0
327.0,293.0
375.0,293.0
399.0,293.0
524.0,293.0
596.0,293.0
602.0,293.0
687.0,293.0
875.0,293.0
294.0,71.0
294.0,87.0
354.0,294.0
365.0,294.0
501.0,294.0
505.0,294.0
578.0,294.0
662.0,294.0
743.0,294.0
827.0,294.0
854.0,294.0
893.0,294.0
945.0,294.0
295.0,66.0
295.0,120.0
295.0,125.0
295.0,195.0
295.0,203.0
295.0,236.0
305.0,295.0
352.0,295.0
511.0,295.0
548.0,295.0
725.0,295.0
746.0,295.0
767.0,295.0
971.0,295.0
296.0,121.0
296.0,135.0
296.0,194.0
296.0,209.0
296.0,246.0
296.0,277.0
299.0,296.0
373.0,296.0
520.0,296.0
609.0,296.0
667.0,296.0
740.0,296.0
768.0,296.0
890.0,296.0
912.0,296.0
297.0,54.0
297.0,56.0
297.0,97.0
297.0,158.0
297.0,163.0
421.0,297.0
479.0,297.0
652.0,297.0
833.0,297.0
852.0,297.0
887.0,297.0
945.0,297.0
298.0,38.0
298.0,130.0
298.0,245.0
351.0,298.0
454.0,298.0
579.0,298.0
591.0,298.0
626.0,298.0
674.0,298.0
767.0,298.0
963.0,298.0
299.0,33.0
299.0,75.0
299.0,110.0
299.0,117.0
299.0,212.0
299.0,229.0
299.0,261.0
307.0,299.0
321.0,299.0
435.0,299.0
514.0,299.0
675.0,299.0
745.0,299.0
775.0,299.0
985.0,299.0
300.0,23.0
300.0,30.0
300.0,159.0
377.0,300.0
385.0,300.0
436.0,300.0
447.0,300.0
498.0,300.0
561.0,300.0
578.0,300.0
580.0,300.0
581.0,300.0
704.0,300.0
729.0,300.0
783.0,300.0
798.0,300.0
810.0,300.0
857.0,300.0
874.0,300.0
301.0,1.0
301.0,59.0
301.0,211.0
301.0,222.0
301.0,239.0
301.0,290.0
555.0,301.0
601.0,301.0
744.0,301.0
969.0,301.0
302.0,33.0
302.0,217.0
302.0,252.0
302.0,293.0
307.0,302.0
372.0,302.0
515.0,302.0
660.0,302.0
713.0,302.0
727.0,302.0
799.0,302.0
927.0,302.0
949.0,302.0
303.0,25.0
303.0,114.0
303.0,122.0
303.0,178.0
319.0,303.0
373.0,303.0
430.0,303.0
472.0,303.0
524.0,303.0
643.0,303.0
665.0,303.0
746.0,303.0
772.0,303.0
866.0,303.0
956.0,303.0
304.0,65.0
304.0,130.0
304.0,192.0
354.0,304.0
411.0,304.0
421.0,304.0
602.0,304.0
679.0,304.0
704.0,304.0
305.0,121.0
391.0,305.0
794.0,305.0
818.0,305.0
902.0,305.0
949.0,305.0
306.0,34.0
306.0,120.0
306.0,271.0
357.0,306.0
389.0,306.0
428.0,306.0
522.0,306.0
534.0,306.0
848.0,306.0
897.0,306.0
955.0,306.0
969.0,306.0
975.0,306.0
307.0,7.0
307.0,25.0
307.0,132.0
307.0,227.0
307.0,274.0
312.0,307.0
352.0,307.0
390.0,307.0
402.0,307.0
414.0,307.0
467.0,307.0
581.0,307.0
592.0,307.0
608.0,307.0
615.0,307.0
804.0,307.0
943.0,307.0
962.0,307.0
308.0,222.0
389.0,308.0
434.0,308.0
653.0,308.0
750.0,308.0
983.0,308.0
309.0,11.0
309.0,70.0
309.0,261.0
467.0,309.0
468.0,309.0
512.0,309.0
670.0,309.0
709.0,309.0
729.0,309.0
805.0,309.0
849.0,309.0
881.0,309.0
310.0,88.0
310.0,246.0
310.0,250.0
310.0,256.0
310.0,288.0
431.0,310.0
626.0,310.0
311.0,39.0
311.0,94.0
311.0,160.0
311.0,168.0
311.0,187.0
311.0,269.0
311.0,285.0
311.0,305.0
353.0,311.0
439.0,311.0
493.0,311.0
504.0,311.0
514.0,311.0
581.0,311.0
609.0,311.0
666.0,311.0
961.0,311.0
312.0,150.0
312.0,219.0
312.0,247.0
411.0,312.0
454.0,312.0
516.0,312.0
521.0,312.0
730.0,312.0
818.0,312.0
920.0,312.0
313.0,20.0
313.0,28.0
313.0,54.0
313.0,110.0
313.0,150.0
313.0,228.0
368.0,313.0
466.0,313.0
523.0,313.0
562.0,313.0
664.0,313.0
692.0,313.0
891.0,313.0
937.0,313.0
983.0,313.0
314.0,150.0
314.0,209.0
314.0,291.0
345.0,314.0
387.0,314.0
541.0,314.0
561.0,314.0
593.0,314.0
693.0,314.0
707.0,314.0
738.0,314.0
836.0,314.0
968.0,314.0
315.0,9.0
315.0,139.0
315.0,211.0
315.0,239.0
382.0,315.0
420.0,315.0
447.0,315.0
528.0,315.0
654.0,315.0
674.0,315.0
701.0,315.0
710.0,315.0
884.0,315.0
316.0,17.0
339.0,316.0
388.0,316.0
473.0,316.0
520.0,316.0
619.0,316.0
754.0,316.0
317.0,5.0
317.0,64.0
317.0,102.0
317.0,164.0
403.0,317.0
603.0,317.0
697.0,317.0
720.0,317.0
887.0,317.0
940.0,317.0
941.0,317.0
318.0,174.0
318.0,203.0
318.0,240.0
318.0,282.0
318.0,300.0
408.0,318.0
451.0,318.0
462.0,318.0
531.0,318.0
564.0,318.0
599.0,318.0
733.0,318.0
801.0,318.0
928.0,318.0
972.0,318.0
319.0,174.0
319.0,183.0
319.0,298.0
408.0,319.0
582.0,319.0
649.0,319.0
697.0,319.0
724.0,319.0
815.0,319.0
977.0,319.0
320.0,251.0
320.0,254.0
320.0,302.0
320.0,315.0
361.0,320.0
431.0,320.0
458.0,320.0
579.0,320.0
669.0,320.0
756.0,320.0
982.0,320.0
321.0,55.0
321.0,160.0
502.0,321.0
714.0,321.0
322.0,13.0
322.0,149.0
322.0,226.0
322.0,272.0
326.0,322.0
606.0,322.0
941.0,322.0
323.0,2.0
323.0,18.0
323.0,160.0
323.0,276.0
405.0,323.0
447.0,323.0
515.0,323.0
667.0,323.0
706.0,323.0
865.0,323.0
938.0,323.0
979.0,323.0
324.0,32.0
324.0,42.0
324.0,121.0
324.0,201.0
324.0,211.0
324.0,282.0
324.0,284.0
365.0,324.0
414.0,324.0
427.0,324.0
490.0,324.0
511.0,324.0
551.0,324.0
592.0,324.0
621.0,324.0
649.0,324.0
869.0,324.0
933.0,324.0
325.0,87.0
325.0,89.0
325.0,188.0
325.0,204.0
325.0,279.0
325.0,282.0
325.0,313.0
416.0,325.0
420.0,325.0
443.0,325.0
475.0,325.0
566.0,325.0
593.0,325.0
693.0,325.0
706.0,325.0
714.0,325.0
793.0,325.0
940.0,325.0
985.0,325.0
326.0,34.0
326.0,50.0
326.0,75.0
326.0,93.0
326.0,159.0
326.0,186.0
326.0,258.0
326.0,322.0
477.0,326.0
503.0,326.0
614.0,326.0
689.0,326.0
327.0,24.0
327.0,62.0
327.0,78.0
327.0,82.0
327.0,295.0
337.0,327.0
405.0,327.0
421.0,327.0
561.0,327.0
578.0,327.0
679.0,327.0
745.0,327.0
812.0,327.0
389.0,328.0
685.0,328.0
783.0,328.0
862.0,328.0
870.0,328.0
329.0,2.0
329.0,40.0
329.0,108.0
329.0,116.0
329.0,153.0
329.0,223.0
329.0,264.0
329.0,290.0
377.0,329.0
473.0,329.0
548.0,329.0
814.0,329.0
842.0,329.0
887.0,329.0
330.0,49.0
330.0,76.0
330.0,118.0
330.0,177.0
351.0,330.0
429.0,330.0
431.0,330.0
533.0,330.0
650.0,330.0
682.0,330.0
771.0,330.0
772.0,330.0
836.0,330.0
977.0,330.0
981.0,330.0
331.0,33.0
331.0,230.0
343.0,331.0
460.0,331.0
527.0,331.0
663.0,331.0
672.0,331.0
332.0,190.0
332.0,200.0
389.0,332.0
390.0,332.0
397.0,332.0
459.0,332.0
468.0,332.0
568.0,332.0
696.0,332.0
730.0,332.0
853.0,332.0
981.0,332.0
333.0,164.0
333.0,193.0
333.0,224.0
333.0,239.0
368.0,333.0
390.0,333.0
412.0,333.0
588.0,333.0
925.0,333.0
334.0,42.0
334.0,97.0
334.0,138.0
334.0,183.0
334.0,312.0
436.0,334.0
441.0,334.0
560.0,334.0
604.0,334.0
645.0,334.0
844.0,334.0
847.0,334.0
885.0,334.0
962.0,334.0
335.0,50.0
335.0,79.0
335.0,91.0
335.0,311.0
522.0,335.0
693.0,335.0
714.0,335.0
782.0,335.0
336.0,21.0
336.0,157.0
336.0,229.0
363.0,336.0
374.0,336.0
380.0,336.0
391.0,336.0
503.0,336.0
513.0,336.0
633.0,336.0
777.0,336.0
337.0,125.0
337.0,180.0
337.0,183.0
337.0,271.0
337.0,282.0
337.0,310.0
464.0,337.0
480.0,337.0
491.0,337.0
688.0,337.0
794.0,337.0
841.0,337.0
870.0,337.0
979.0,337.0
338.0,44.0
338.0,80.0
338.0,107.0
338.0,222.0
338.0,237.0
395.0,338.0
502.0,338.0
548.0,338.0
557.0,338.0
639.0,338.0
864.0,338.0
874.0,338.0
339.0,12.0
339.0,62.0
339.0,153.0
339.0,161.0
339.0,184.0
454.0,339.0
461.0,339.0
492.0,339.0
496.0,339.0
505.0,339.0
649.0,339.0
705.0,339.0
766.0,339.0
931.0,339.0
940.0,339.0
978.0,339.0
340.0,11.0
340.0,74.0
340.0,259.0
340.0,324.0
343.0,340.0
382.0,340.0
515.0,340.0
579.0,340.0
592.0,340.0
593.0,340.0
611.0,340.0
931.0,340.0
951.0,340.0
976.0,340.0
341.0,19.0
341.0,20.0
341.0,99.0
341.0,121.0
341.0,168.0
341.0,206.0
341.0,243.0
351.0,341.0
359.0,341.0
412.0,341.0
514.0,341.0
557.0,341.0
805.0,341.0
871.0,341.0
956.0,341.0
342.0,78.0
342.0,79.0
342.0,94.0
342.0,197.0
342.0,198.0
342.0,330.0
401.0,342.0
473.0,342.0
548.0,342.0
805.0,342.0
821.0,342.0
823.0,342.0
835.0,342.0
852.0,342.0
899.0,342.0
343.0,206.0
343.0,247.0
343.0,253.0
414.0,343.0
475.0,343.0
518.0,343.0
524.0,343.0
543.0,343.0
550.0,343.0
703.0,343.0
751.0,343.0
755.0,343.0
876.0,343.0
884.0,343.0
344.0,51.0
344.0,179.0
344.0,214.0
344.0,274.0
344.0,327.0
371.0,344.0
455.0,344.0
482.0,344.0
550.0,344.0
704.0,344.0
817.0,344.0
928.0,344.0
345.0,1.0
345.0,47.0
388.0,345.0
544.0,345.0
606.0,345.0
733.0,345.0
912.0,345.0
947.0,345.0
346.0,52.0
346.0,131.0
346.0,176.0
346.0,343.0
497.0,346.0
505.0,346.0
572.0,346.0
624.0,346.0
625.0,346.0
817.0,346.0
929.0,346.0
347.0,303.0
347.0,323.0
347.0,330.0
482.0,347.0
502.0,347.0
569.0,347.0
781.0,347.0
348.0,13.0
348.0,195.0
348.0,250.0
354.0,348.0
378.0,348.0
500.0,348.0
816.0,348.0
846.0,348.0
871.0,348.0
946.0,348.0
959.0,348.0
349.0,78.0
349.0,177.0
349.0,185.0
349.0,254.0
349.0,302.0
419.0,349.0
487.0,349.0
514.0,349.0
627.0,349.0
742.0,349.0
763.0,349.0
846.0,349.0
878.0,349.0
914.0,349.0
924.0,349.0
939.0,349.0
350.0,39.0
350.0,158.0
350.0,243.0
350.0,313.0
533.0,350.0
709.0,350.0
810.0,350.0
857.0,350.0
351.0,50.0
351.0,92.0
351.0,122.0
351.0,241.0
351.0,246.0
351.0,291.0
351.0,345.0
351.0,346.0
522.0,351.0
586.0,351.0
674.0,351.0
725.0,351.0
981.0,351.0
352.0,98.0
352.0,160.0
352.0,166.0
352.0,348.0
367.0,352.0
391.0,352.0
429.0,352.0
470.0,352.0
477.0,352.0
519.0,352.0
610.0,352.0
661.0,352.0
794.0,352.0
820.0,352.0
896.0,352.0
947.0,352.0
958.0,352.0
966.0,352.0
353.0,124.0
353.0,219.0
395.0,353.0
553.0,353.0
588.0,353.0
771.0,353.0
836.0,353.0
898.0,353.0
354.0,113.0
354.0,137.0
354.0,149.0
359.0,354.0
424.0,354.0
471.0,354.0
475.0,354.0
480.0,354.0
647.0,354.0
691.0,354.0
961.0,354.0
355.0,82.0
355.0,97.0
355.0,189.0
355.0,193.0
355.0,204.0
355.0,207.0
355.0,248.0
355.0,260.0
355.0,269.0
355.0,296.0
471.0,355.0
634.0,355.0
771.0,355.0
356.0,105.0
356.0,124.0
356.0,166.0
356.0,213.0
356.0,237.0
356.0,284.0
356.0,339.0
679.0,356.0
828.0,356.0
908.0,356.0
357.0,21.0
357.0,71.0
357.0,129.0
494.0,357.0
503.0,357.0
543.0,357.0
556.0,357.0
622.0,357.0
694.0,357.0
719.0,357.0
803.0,357.0
811.0,357.0
910.0,357.0
949.0,357.0
971.0,357.0
358.0,190.0
358.0,291.0
387.0,358.0
397.0,358.0
403.0,358.0
438.0,358.0
453.0,358.0
457.0,358.0
514.0,358.0
729.0,358.0
778.0,358.0
891.0,358.0
359.0,225.0
359.0,251.0
359.0,261.0
511.0,359.0
542.0,359.0
715.0,359.0
779.0,359.0
785.0,359.0
827.0,359.0
360.0,5.0
360.0,8.0
360.0,103.0
360.0,116.0
360.0,271.0
360.0,357.0
435.0,360.0
555.0,360.0
673.0,360.0
742.0,360.0
833.0,360.0
834.0,360.0
871.0,360.0
361.0,177.0
361.0,277.0
361.0,279.0
361.0,310.0
388.0,361.0
424.0,361.0
437.0,361.0
493.0,361.0
722.0,361.0
773.0,361.0
874.0,361.0
887.0,361.0
899.0,361.0
960.0,361.0
974.0,361.0
982.0,361.0
362.0,50.0
362.0,125.0
362.0,149.0
362.0,225.0
362.0,301.0
362.0,320.0
362.0,335.0
362.0,355.0
435.0,362.0
441.0,362.0
526.0,362.0
531.0,362.0
559.0,362.0
566.0,362.0
678.0,362.0
781.0,362.0
794.0,362.0
363.0,141.0
363.0,200.0
468.0,363.0
480.0,363.0
485.0,363.0
627.0,363.0
703.0,363.0
818.0,363.0
834.0,363.0
837.0,363.0
879.0,363.0
364.0,28.0
364.0,101.0
364.0,115.0
385.0,364.0
428.0,364.0
576.0,364.0
646.0,364.0
772.0,364.0
799.0,364.0
906.0,364.0
912.0,364.0
365.0,184.0
365.0,193.0
365.0,209.0
365.0,274.0
365.0,347.0
389.0,365.0
422.0,365.0
589.0,365.0
607.0,365.0
895.0,365.0
924.0,365.0
366.0,262.0
783.0,366.0
833.0,366.0
942.0,366.0
367.0,67.0
367.0,108.0
367.0,110.0
403.0,367.0
607.0,367.0
640.0,367.0
735.0,367.0
878.0,367.0
889.0,367.0
368.0,3.0
368.0,30.0
368.0,37.0
368.0,131.0
368.0,354.0
368.0,364.0
479.0,368.0
494.0,368.0
618.0,368.0
814.0,368.0
856.0,368.0
891.0,368.0
369.0,3.0
369.0,81.0
369.0,212.0
369.0,333.0
407.0,369.0
526.0,369.0
538.0,369.0
539.0,369.0
555.0,369.0
571.0,369.0
605.0,369.0
613.0,369.0
642.0,369.0
821.0,369.0
822.0,369.0
951.0,369.0
969.0,369.0
370.0,24.0
370.0,32.0
370.0,68.0
370.0,110.0
370.0,125.0
370.0,167.0
370.0,302.0
370.0,366.0
418.0,370.0
562.0,370.0
722.0,370.0
736.0,370.0
768.0,370.0
881.0,370.0
890.0,370.0
891.0,370.0
918.0,370.0
941.0,370.0
371.0,122.0
371.0,172.0
456.0,371.0
608.0,371.0
631.0,371.0
732.0,371.0
854.0,371.0
372.0,20.0
372.0,122.0
372.0,261.0
372.0,281.0
372.0,295.0
372.0,330.0
624.0,372.0
738.0,372.0
930.0,372.0
972.0,372.0
373.0,18.0
373.0,118.0
373.0,207.0
373.0,354.0
406.0,373.0
454.0,373.0
471.0,373.0
531.0,373.0
609.0,373.0
721.0,373.0
734.0,373.0
768.0,373.0
851.0,373.0
908.0,373.0
924.0,373.0
926.0,373.0
927.0,373.0
964.0,373.0
975.0,373.0
374.0,115.0
374.0,193.0
374.0,213.0
374.0,294.0
374.0,298.0
374.0,310.0
374.0,314.0
374.0,317.0
374.0,363.0
374.0,371.0
375.0,374.0
380.0,374.0
391.0,374.0
442.0,374.0
632.0,374.0
659.0,374.0
707.0,374.0
967.0,374.0
980.0,374.0
375.0,75.0
375.0,84.0
375.0,148.0
375.0,222.0
375.0,262.0
375.0,282.0
617.0,375.0
670.0,375.0
779.0,375.0
805.0,375.0
806.0,375.0
836.0,375.0
859.0,375.0
376.0,216.0
376.0,227.0
495.0,376.0
572.0,376.0
597.0,376.0
659.0,376.0
740.0,376.0
377.0,20.0
377.0,66.0
377.0,144.0
377.0,350.0
500.0,377.0
555.0,377.0
673.0,377.0
776.0,377.0
799.0,377.0
875.0,377.0
378.0,4.0
378.0,259.0
378.0,288.0
397.0,378.0
464.0,378.0
630.0,378.0
666.0,378.0
673.0,378.0
764.0,378.0
963.0,378.0
379.0,4.0
379.0,81.0
379.0,167.0
379.0,243.0
379.0,302.0
412.0,379.0
525.0,379.0
576.0,379.0
600.0,379.0
731.0,379.0
774.0,379.0
810.0,379.0
863.0,379.0
380.0,106.0
380.0,182.0
380.0,216.0
380.0,284.0
380.0,364.0
510.0,380.0
557.0,380.0
560.0,380.0
670.0,380.0
677.0,380.0
810.0,380.0
862.0,380.0
882.0,380.0
925.0,380.0
964.0,380.0
381.0,129.0
381.0,151.0
381.0,292.0
381.0,343.0
381.0,380.0
413.0,381.0
636.0,381.0
690.0,381.0
746.0,381.0
764.0,381.0
849.0,381.0
891.0,381.0
382.0,67.0
382.0,347.0
515.0,382.0
527.0,382.0
528.0,382.0
578.0,382.0
598.0,382.0
611.0,382.0
631.0,382.0
896.0,382.0
922.0,382.0
930.0,382.0
949.0,382.0
383.0,71.0
383.0,97.0
383.0,153.0
383.0,204.0
482.0,383.0
627.0,383.0
666.0,383.0
735.0,383.0
944.0,383.0
948.0,383.0
954.0,383.0
983.0,383.0
384.0,23.0
384.0,92.0
384.0,115.0
384.0,120.0
384.0,152.0
384.0,173.0
384.0,258.0
384.0,303.0
390.0,384.0
610.0,384.0
704.0,384.0
818.0,384.0
882.0,384.0
895.0,384.0
905.0,384.0
385.0,72.0
385.0,110.0
385.0,149.0
385.0,173.0
385.0,260.0
385.0,377.0
470.0,385.0
596.0,385.0
601.0,385.0
751.0,385.0
797.0,385.0
912.0,385.0
945.0,385.0
953.0,385.0
386.0,5.0
386.0,120.0
386.0,302.0
386.0,307.0
396.0,386.0
397.0,386.0
415.0,386.0
444.0,386.0
818.0,386.0
819.0,386.0
863.0,386.0
951.0,386.0
387.0,9.0
387.0,75.0
387.0,159.0
533.0,387.0
546.0,387.0
580.0,387.0
585.0,387.0
796.0,387.0
804.0,387.0
840.0,387.0
865.0,387.0
388.0,73.0
388.0,306.0
407.0,388.0
476.0,388.0
534.0,388.0
547.0,388.0
590.0,388.0
794.0,388.0
859.0,388.0
959.0,388.0
389.0,97.0
389.0,176.0
389.0,194.0
389.0,274.0
389.0,314.0
389.0,331.0
389.0,344.0
389.0,360.0
389.0,363.0
711.0,389.0
390.0,43.0
390.0,52.0
390.0,104.0
390.0,112.0
390.0,150.0
390.0,153.0
390.0,209.0
390.0,247.0
390.0,257.0
390.0,363.0
390.0,386.0
494.0,390.0
521.0,390.0
569.0,390.0
730.0,390.0
900.0,390.0
391.0,31.0
391.0,192.0
404.0,391.0
451.0,391.0
692.0,391.0
710.0,391.0
724.0,391.0
732.0,391.0
750.0,391.0
913.0,391.0
956.0,391.0
392.0,66.0
392.0,85.0
392.0,228.0
722.0,392.0
843.0,392.0
868.0,392.0
957.0,392.0
970.0,392.0
393.0,91.0
393.0,199.0
393.0,216.0
393.0,234.0
393.0,249.0
393.0,265.0
393.0,330.0
393.0,363.0
416.0,393.0
465.0,393.0
611.0,393.0
733.0,393.0
789.0,393.0
923.0,393.0
924.0,393.0
394.0,125.0
394.0,342.0
394.0,385.0
446.0,394.0
518.0,394.0
653.0,394.0
852.0,394.0
965.0,394.0
395.0,25.0
395.0,42.0
395.0,100.0
395.0,209.0
395.0,313.0
415.0,395.0
533.0,395.0
633.0,395.0
734.0,395.0
848.0,395.0
906.0,395.0
396.0,25.0
396.0,75.0
396.0,143.0
396.0,209.0
396.0,237.0
396.0,380.0
413.0,396.0
418.0,396.0
698.0,396.0
825.0,396.0
904.0,396.0
941.0,396.0
978.0,396.0
397.0,22.0
397.0,145.0
397.0,282.0
397.0,292.0
397.0,360.0
410.0,397.0
614.0,397.0
639.0,397.0
707.0,397.0
712.0,397.0
796.0,397.0
842.0,397.0
398.0,86.0
398.0,98.0
398.0,136.0
398.0,161.0
398.0,218.0
398.0,243.0
398.0,338.0
400.0,398.0
402.0,398.0
453.0,398.0
650.0,398.0
724.0,398.0
773.0,398.0
775.0,398.0
838.0,398.0
926.0,398.0
939.0,398.0
399.0,74.0
399.0,110.0
399.0,383.0
526.0,399.0
845.0,399.0
862.0,399.0
889.0,399.0
400.0,116.0
400.0,210.0
400.0,263.0
400.0,275.0
689.0,400.0
749.0,400.0
855.0,400.0
982.0,400.0
401.0,18.0
401.0,98.0
401.0,121.0
401.0,207.0
401.0,218.0
401.0,219.0
401.0,281.0
401.0,351.0
401.0,352.0
420.0,401.0
508.0,401.0
581.0,401.0
604.0,401.0
617.0,401.0
665.0,401.0
680.0,401.0
791.0,401.0
832.0,401.0
926.0,401.0
956.0,401.0
972.0,401.0
402.0,137.0
402.0,200.0
402.0,283.0
402.0,391.0
446.0,402.0
529.0,402.0
651.0,402.0
685.0,402.0
728.0,402.0
835.0,402.0
841.0,402.0
882.0,402.0
893.0,402.0
949.0,402.0
403.0,47.0
403.0,67.0
403.0,86.0
403.0,106.0
403.0,125.0
403.0,206.0
403.0,209.0
403.0,213.0
403.0,230.0
403.0,275.0
403.0,396.0
478.0,403.0
523.0,403.0
594.0,403.0
595.0,403.0
772.0,403.0
830.0,403.0
947.0,403.0
404.0,144.0
404.0,183.0
404.0,240.0
404.0,314.0
455.0,404.0
510.0,404.0
536.0,404.0
924.0,404.0
405.0,135.0
585.0,405.0
791.0,405.0
940.0,405.0
942.0,405.0
406.0,131.0
406.0,134.0
406.0,167.0
406.0,343.0
406.0,378.0
536.0,406.0
665.0,406.0
694.0,406.0
742.0,406.0
807.0,406.0
813.0,406.0
868.0,406.0
938.0,406.0
407.0,75.0
407.0,113.0
407.0,122.0
407.0,139.0
407.0,142.0
407.0,188.0
407.0,361.0
497.0,407.0
536.0,407.0
540.0,407.0
654.0,407.0
714.0,407.0
900.0,407.0
956.0,407.0
985.0,407.0
408.0,27.0
408.0,36.0
408.0,47.0
408.0,99.0
408.0,110.0
408.0,216.0
408.0,366.0
463.0,408.0
464.0,408.0
546.0,408.0
603.0,408.0
639.0,408.0
677.0,408.0
728.0,408.0
752.0,408.0
765.0,408.0
794.0,408.0
409.0,52.0
409.0,64.0
409.0,68.0
409.0,94.0
409.0,132.0
409.0,163.0
409.0,337.0
471.0,409.0
626.0,409.0
711.0,409.0
787.0,409.0
410.0,101.0
410.0,245.0
410.0,278.0
437.0,410.0
481.0,410.0
614.0,410.0
624.0,410.0
645.0,410.0
750.0,410.0
806.0,410.0
844.0,410.0
924.0,410.0
411.0,157.0
411.0,215.0
411.0,243.0
411.0,278.0
470.0,411.0
524.0,411.0
753.0,411.0
815.0,411.0
412.0,71.0
412.0,288.0
498.0,412.0
533.0,412.0
556.0,412.0
641.0,412.0
696.0,412.0
729.0,412.0
864.0,412.0
909.0,412.0
980.0,412.0
413.0,251.0
413.0,285.0
413.0,286.0
413.0,304.0
413.0,401.0
491.0,413.0
566.0,413.0
674.0,413.0
784.0,413.0
414.0,56.0
414.0,193.0
414.0,283.0
414.0,289.0
414.0,352.0
414.0,412.0
420.0,414.0
442.0,414.0
446.0,414.0
447.0,414.0
563.0,414.0
670.0,414.0
684.0,414.0
702.0,414.0
415.0,77.0
415.0,95.0
415.0,235.0
415.0,294.0
415.0,373.0
431.0,415.0
759.0,415.0
796.0,415.0
939.0,415.0
416.0,13.0
416.0,119.0
416.0,148.0
416.0,257.0
416.0,364.0
439.0,416.0
448.0,416.0
614.0,416.0
623.0,416.0
717.0,416.0
772.0,416.0
779.0,416.0
907.0,416.0
417.0,212.0
417.0,365.0
439.0,417.0
448.0,417.0
490.0,417.0
519.0,417.0
573.0,417.0
586.0,417.0
757.0,417.0
795.0,417.0
894.0,417.0
924.0,417.0
949.0,417.0
955.0,417.0
418.0,47.0
418.0,217.0
454.0,418.0
464.0,418.0
557.0,418.0
638.0,418.0
669.0,418.0
832.0,418.0
863.0,418.0
875.0,418.0
932.0,418.0
419.0,24.0
419.0,147.0
419.0,234.0
419.0,334.0
456.0,419.0
580.0,419.0
623.0,419.0
627.0,419.0
662.0,419.0
728.0,419.0
779.0,419.0
804.0,419.0
805.0,419.0
884.0,419.0
896.0,419.0
420.0,18.0
420.0,43.0
449.0,420.0
492.0,420.0
584.0,420.0
685.0,420.0
782.0,420.0
844.0,420.0
909.0,420.0
917.0,420.0
954.0,420.0
421.0,75.0
421.0,152.0
421.0,157.0
421.0,160.0
421.0,279.0
421.0,284.0
421.0,292.0
421.0,298.0
421.0,402.0
443.0,421.0
449.0,421.0
463.0,421.0
725.0,421.0
730.0,421.0
803.0,421.0
834.0,421.0
842.0,421.0
926.0,421.0
947.0,421.0
422.0,31.0
422.0,88.0
422.0,90.0
422.0,208.0
422.0,404.0
519.0,422.0
580.0,422.0
586.0,422.0
612.0,422.0
791.0,422.0
799.0,422.0
423.0,73.0
423.0,159.0
423.0,184.0
423.0,250.0
526.0,423.0
549.0,423.0
574.0,423.0
762.0,423.0
860.0,423.0
972.0,423.0
978.0,423.0
424.0,9.0
424.0,76.0
424.0,225.0
424.0,242.0
424.0,254.0
424.0,309.0
424.0,404.0
435.0,424.0
554.0,424.0
556.0,424.0
619.0,424.0
698.0,424.0
754.0,424.0
777.0,424.0
834.0,424.0
872.0,424.0
937.0,424.0
958.0,424.0
425.0,50.0
425.0,112.0
425.0,140.0
425.0,172.0
425.0,287.0
425.0,357.0
425.0,361.0
425.0,376.0
639.0,425.0
777.0,425.0
822.0,425.0
926.0,425.0
426.0,11.0
426.0,14.0
426.0,76.0
426.0,113.0
426.0,163.0
426.0,355.0
427.0,426.0
500.0,426.0
516.0,426.0
539.0,426.0
576.0,426.0
588.0,426.0
754.0,426.0
759.0,426.0
427.0,14.0
427.0,75.0
427.0,98.0
427.0,122.0
427.0,174.0
427.0,211.0
497.0,427.0
504.0,427.0
576.0,427.0
690.0,427.0
712.0,427.0
725.0,427.0
732.0,427.0
760.0,427.0
851.0,427.0
864.0,427.0
949.0,427.0
428.0,18.0
428.0,100.0
428.0,224.0
428.0,315.0
428.0,415.0
465.0,428.0
512.0,428.0
546.0,428.0
643.0,428.0
769.0,428.0
850.0,428.0
429.0,259.0
459.0,429.0
501.0,429.0
610.0,429.0
651.0,429.0
664.0,429.0
679.0,429.0
682.0,429.0
801.0,429.0
837.0,429.0
924.0,429.0
430.0,106.0
430.0,270.0
430.0,303.0
430.0,353.0
430.0,425.0
496.0,430.0
532.0,430.0
745.0,430.0
897.0,430.0
907.0,430.0
431.0,127.0
431.0,393.0
431.0,427.0
521.0,431.0
602.0,431.0
809.0,431.0
892.0,431.0
913.0,431.0
432.0,57.0
432.0,60.0
432.0,89.0
432.0,91.0
432.0,212.0
432.0,377.0
586.0,432.0
650.0,432.0
674.0,432.0
683.0,432.0
741.0,432.0
747.0,432.0
807.0,432.0
821.0,432.0
851.0,432.0
946.0,432.0
433.0,2.0
433.0,85.0
433.0,155.0
433.0,356.0
433.0,375.0
470.0,433.0
479.0,433.0
517.0,433.0
529.0,433.0
558.0,433.0
583.0,433.0
634.0,433.0
737.0,433.0
795.0,433.0
816.0,433.0
853.0,433.0
936.0,433.0
434.0,76.0
434.0,96.0
434.0,132.0
434.0,224.0
434.0,391.0
434.0,396.0
434.0,416.0
517.0,434.0
539.0,434.0
599.0,434.0
620.0,434.0
633.0,434.0
706.0,434.0
435.0,238.0
435.0,249.0
435.0,407.0
447.0,435.0
591.0,435.0
671.0,435.0
780.0,435.0
795.0,435.0
862.0,435.0
436.0,136.0
436.0,204.0
448.0,436.0
561.0,436.0
594.0,436.0
924.0,436.0
949.0,436.0
954.0,436.0
437.0,51.0
437.0,181.0
437.0,330.0
437.0,376.0
437.0,410.0
437.0,420.0
454.0,437.0
578.0,437.0
665.0,437.0
711.0,437.0
730.0,437.0
780.0,437.0
800.0,437.0
864.0,437.0
880.0,437.0
438.0,236.0
438.0,281.0
438.0,301.0
438.0,339.0
497.0,438.0
561.0,438.0
583.0,438.0
609.0,438.0
618.0,438.0
439.0,50.0
439.0,99.0
439.0,423.0
566.0,439.0
636.0,439.0
774.0,439.0
780.0,439.0
440.0,50.0
440.0,120.0
440.0,140.0
440.0,205.0
440.0,376.0
497.0,440.0
513.0,440.0
635.0,440.0
677.0,440.0
733.0,440.0
743.0,440.0
762.0,440.0
869.0,440.0
441.0,5.0
441.0,55.0
441.0,90.0
441.0,230.0
441.0,250.0
441.0,351.0
441.0,353.0
513.0,441.0
541.0,441.0
732.0,441.0
752.0,441.0
790.0,441.0
885.0,441.0
889.0,441.0
926.0,441.0
442.0,1.0
442.0,59.0
442.0,60.0
442.0,198.0
442.0,234.0
442.0,251.0
442.0,306.0
446.0,442.0
517.0,442.0
640.0,442.0
669.0,442.0
721.0,442.0
728.0,442.0
771.0,442.0
784.0,442.0
809.0,442.0
931.0,442.0
951.0,442.0
443.0,133.0
443.0,173.0
443.0,174.0
443.0,257.0
443.0,430.0
532.0,443.0
731.0,443.0
792.0,443.0
874.0,443.0
905.0,443.0
444.0,161.0
444.0,247.0
444.0,307.0
444.0,323.0
444.0,387.0
444.0,406.0
448.0,444.0
511.0,444.0
546.0,444.0
589.0,444.0
605.0,444.0
607.0,444.0
640.0,444.0
662.0,444.0
445.0,53.0
445.0,193.0
445.0,201.0
445.0,224.0
445.0,315.0
445.0,324.0
445.0,342.0
445.0,351.0
445.0,353.0
445.0,373.0
445.0,423.0
509.0,445.0
577.0,445.0
667.0,445.0
673.0,445.0
720.0,445.0
754.0,445.0
775.0,445.0
803.0,445.0
938.0,445.0
446.0,77.0
446.0,86.0
446.0,106.0
446.0,181.0
446.0,271.0
446.0,316.0
524.0,446.0
531.0,446.0
593.0,446.0
616.0,446.0
644.0,446.0
908.0,446.0
973.0,446.0
983.0,446.0
447.0,87.0
447.0,376.0
483.0,447.0
538.0,447.0
635.0,447.0
761.0,447.0
828.0,447.0
910.0,447.0
448.0,114.0
448.0,175.0
448.0,221.0
448.0,318.0
509.0,448.0
532.0,448.0
543.0,448.0
720.0,448.0
739.0,448.0
787.0,448.0
808.0,448.0
835.0,448.0
846.0,448.0
449.0,135.0
449.0,199.0
449.0,217.0
449.0,260.0
449.0,279.0
449.0,418.0
534.0,449.0
583.0,449.0
591.0,449.0
629.0,449.0
633.0,449.0
636.0,449.0
648.0,449.0
657.0,449.0
674.0,449.0
793.0,449.0
940.0,449.0
450.0,10.0
450.0,51.0
450.0,80.0
450.0,87.0
450.0,98.0
450.0,249.0
450.0,366.0
460.0,450.0
476.0,450.0
511.0,450.0
604.0,450.0
607.0,450.0
750.0,450.0
831.0,450.0
834.0,450.0
858.0,450.0
869.0,450.0
451.0,147.0
451.0,283.0
473.0,451.0
598.0,451.0
652.0,451.0
653.0,451.0
691.0,451.0
972.0,451.0
452.0,96.0
452.0,196.0
452.0,246.0
716.0,452.0
795.0,452.0
949.0,452.0
453.0,93.0
453.0,106.0
453.0,161.0
453.0,283.0
453.0,447.0
460.0,453.0
479.0,453.0
517.0,453.0
522.0,453.0
661.0,453.0
731.0,453.0
794.0,453.0
795.0,453.0
855.0,453.0
908.0,453.0
926.0,453.0
454.0,22.0
454.0,43.0
454.0,53.0
454.0,104.0
454.0,116.0
454.0,139.0
454.0,197.0
454.0,242.0
454.0,306.0
454.0,312.0
454.0,325.0
454.0,345.0
454.0,377.0
497.0,454.0
579.0,454.0
582.0,454.0
613.0,454.0
715.0,454.0
726.0,454.0
742.0,454.0
831.0,454.0
909.0,454.0
969.0,454.0
455.0,2.0
455.0,31.0
455.0,75.0
455.0,94.0
455.0,172.0
455.0,311.0
455.0,315.0
459.0,455.0
477.0,455.0
516.0,455.0
545.0,455.0
548.0,455.0
549.0,455.0
617.0,455.0
659.0,455.0
704.0,455.0
740.0,455.0
800.0,455.0
831.0,455.0
896.0,455.0
456.0,21.0
456.0,48.0
456.0,62.0
456.0,85.0
456.0,175.0
456.0,181.0
456.0,216.0
456.0,317.0
456.0,396.0
456.0,447.0
502.0,456.0
685.0,456.0
698.0,456.0
710.0,456.0
809.0,456.0
814.0,456.0
457.0,59.0
457.0,82.0
457.0,129.0
457.0,384.0
457.0,446.0
549.0,457.0
618.0,457.0
739.0,457.0
740.0,457.0
782.0,457.0
808.0,457.0
828.0,457.0
875.0,457.0
892.0,457.0
458.0,239.0
458.0,277.0
458.0,333.0
508.0,458.0
803.0,458.0
846.0,458.0
938.0,458.0
459.0,2.0
459.0,27.0
459.0,73.0
459.0,243.0
459.0,318.0
459.0,331.0
464.0,459.0
506.0,459.0
544.0,459.0
590.0,459.0
598.0,459.0
731.0,459.0
767.0,459.0
796.0,459.0
807.0,459.0
983.0,459.0
985.0,459.0
460.0,35.0
460.0,42.0
460.0,77.0
460.0,114.0
460.0,140.0
460.0,238.0
460.0,247.0
460.0,268.0
460.0,377.0
461.0,460.0
721.0,460.0
852.0,460.0
461.0,34.0
461.0,135.0
461.0,220.0
461.0,306.0
461.0,357.0
461.0,424.0
737.0,461.0
815.0,461.0
869.0,461.0
875.0,461.0
943.0,461.0
982.0,461.0
462.0,9.0
462.0,10.0
462.0,178.0
462.0,335.0
462.0,352.0
462.0,359.0
492.0,462.0
555.0,462.0
695.0,462.0
773.0,462.0
778.0,462.0
808.0,462.0
912.0,462.0
938.0,462.0
968.0,462.0
463.0,63.0
463.0,89.0
463.0,110.0
463.0,194.0
463.0,271.0
463.0,272.0
463.0,313.0
463.0,347.0
463.0,417.0
463.0,446.0
567.0,463.0
621.0,463.0
701.0,463.0
791.0,463.0
822.0,463.0
847.0,463.0
923.0,463.0
464.0,122.0
464.0,160.0
464.0,228.0
464.0,232.0
464.0,309.0
464.0,410.0
464.0,411.0
557.0,464.0
560.0,464.0
698.0,464.0
756.0,464.0
815.0,464.0
859.0,464.0
870.0,464.0
902.0,464.0
465.0,19.0
465.0,34.0
465.0,84.0
465.0,265.0
465.0,281.0
465.0,329.0
583.0,465.0
593.0,465.0
634.0,465.0
638.0,465.0
649.0,465.0
689.0,465.0
779.0,465.0
797.0,465.0
933.0,465.0
466.0,31.0
466.0,48.0
466.0,133.0
466.0,142.0
466.0,193.0
466.0,251.0
466.0,252.0
466.0,287.0
618.0,466.0
648.0,466.0
690.0,466.0
699.0,466.0
753.0,466.0
933.0,466.0
467.0,63.0
467.0,86.0
467.0,163.0
467.0,173.0
483.0,467.0
574.0,467.0
602.0,467.0
642.0,467.0
652.0,467.0
809.0,467.0
941.0,467.0
954.0,467.0
468.0,239.0
468.0,260.0
468.0,369.0
468.0,370.0
514.0,468.0
627.0,468.0
636.0,468.0
706.0,468.0
760.0,468.0
469.0,72.0
469.0,90.0
469.0,92.0
469.0,189.0
469.0,202.0
469.0,204.0
469.0,218.0
469.0,260.0
469.0,410.0
469.0,430.0
503.0,469.0
838.0,469.0
470.0,69.0
470.0,410.0
496.0,470.0
620.0,470.0
636.0,470.0
719.0,470.0
857.0,470.0
471.0,43.0
471.0,54.0
471.0,104.0
471.0,160.0
471.0,191.0
471.0,222.0
471.0,276.0
471.0,313.0
471.0,357.0
471.0,374.0
471.0,388.0
471.0,437.0
471.0,467.0
480.0,471.0
589.0,471.0
636.0,471.0
715.0,471.0
732.0,471.0
779.0,471.0
795.0,471.0
807.0,471.0
881.0,471.0
900.0,471.0
906.0,471.0
472.0,14.0
472.0,15.0
472.0,33.0
472.0,45.0
472.0,88.0
472.0,103.0
472.0,153.0
472.0,181.0
472.0,204.0
472.0,241.0
472.0,330.0
472.0,370.0
472.0,439.0
554.0,472.0
708.0,472.0
750.0,472.0
939.0,472.0
473.0,85.0
473.0,172.0
473.0,307.0
473.0,420.0
473.0,467.0
473.0,469.0
518.0,473.0
688.0,473.0
790.0,473.0
835.0,473.0
837.0,473.0
875.0,473.0
474.0,73.0
474.0,140.0
474.0,234.0
474.0,236.0
474.0,316.0
474.0,380.0
474.0,398.0
474.0,407.0
511.0,474.0
749.0,474.0
801.0,474.0
947.0,474.0
475.0,93.0
475.0,185.0
475.0,201.0
475.0,313.0
970.0,475.0
976.0,475.0
476.0,186.0
476.0,270.0
476.0,273.0
584.0,476.0
594.0,476.0
728.0,476.0
761.0,476.0
821.0,476.0
832.0,476.0
477.0,2.0
477.0,38.0
477.0,66.0
477.0,162.0
477.0,177.0
477.0,190.0
477.0,315.0
477.0,380.0
477.0,472.0
484.0,477.0
492.0,477.0
533.0,477.0
537.0,477.0
653.0,477.0
679.0,477.0
790.0,477.0
893.0,477.0
478.0,43.0
478.0,61.0
478.0,89.0
478.0,199.0
478.0,284.0
478.0,324.0
539.0,478.0
581.0,478.0
632.0,478.0
756.0,478.0
765.0,478.0
869.0,478.0
877.0,478.0
479.0,269.0
479.0,360.0
479.0,369.0
479.0,384.0
481.0,479.0
504.0,479.0
547.0,479.0
548.0,479.0
551.0,479.0
574.0,479.0
722.0,479.0
839.0,479.0
857.0,479.0
892.0,479.0
910.0,479.0
982.0,479.0
480.0,74.0
480.0,104.0
480.0,128.0
480.0,199.0
480.0,217.0
480.0,270.0
480.0,320.0
480.0,460.0
564.0,480.0
578.0,480.0
596.0,480.0
643.0,480.0
974.0,480.0
481.0,136.0
481.0,264.0
481.0,276.0
481.0,318.0
481.0,370.0
481.0,427.0
506.0,481.0
690.0,481.0
772.0,481.0
792.0,481.0
830.0,481.0
841.0,481.0
945.0,481.0
961.0,481.0
482.0,3.0
482.0,92.0
482.0,350.0
482.0,399.0
482.0,468.0
493.0,482.0
675.0,482.0
715.0,482.0
826.0,482.0
864.0,482.0
967.0,482.0
483.0,9.0
483.0,253.0
483.0,277.0
483.0,314.0
483.0,402.0
483.0,448.0
580.0,483.0
596.0,483.0
597.0,483.0
684.0,483.0
749.0,483.0
899.0,483.0
484.0,98.0
484.0,117.0
484.0,330.0
484.0,357.0
484.0,360.0
484.0,389.0
484.0,408.0
484.0,473.0
602.0,484.0
620.0,484.0
630.0,484.0
706.0,484.0
759.0,484.0
780.0,484.0
793.0,484.0
795.0,484.0
833.0,484.0
860.0,484.0
882.0,484.0
485.0,192.0
485.0,228.0
485.0,232.0
485.0,390.0
519.0,485.0
675.0,485.0
754.0,485.0
758.0,485.0
759.0,485.0
939.0,485.0
486.0,54.0
486.0,155.0
486.0,177.0
486.0,243.0
486.0,245.0
486.0,367.0
486.0,483.0
495.0,486.0
509.0,486.0
561.0,486.0
564.0,486.0
650.0,486.0
733.0,486.0
876.0,486.0
894.0,486.0
487.0,42.0
487.0,96.0
487.0,115.0
487.0,118.0
487.0,162.0
487.0,204.0
487.0,217.0
487.0,409.0
487.0,410.0
487.0,473.0
559.0,487.0
616.0,487.0
619.0,487.0
794.0,487.0
488.0,7.0
488.0,23.0
488.0,34.0
488.0,213.0
488.0,242.0
488.0,402.0
555.0,488.0
629.0,488.0
760.0,488.0
810.0,488.0
828.0,488.0
899.0,488.0
489.0,55.0
489.0,99.0
489.0,134.0
489.0,323.0
489.0,364.0
489.0,406.0
507.0,489.0
808.0,489.0
815.0,489.0
843.0,489.0
891.0,489.0
892.0,489.0
905.0,489.0
490.0,42.0
490.0,57.0
490.0,78.0
490.0,144.0
490.0,190.0
490.0,224.0
490.0,246.0
490.0,364.0
490.0,415.0
490.0,449.0
490.0,467.0
511.0,490.0
515.0,490.0
581.0,490.0
591.0,490.0
630.0,490.0
747.0,490.0
793.0,490.0
802.0,490.0
873.0,490.0
899.0,490.0
938.0,490.0
491.0,247.0
491.0,270.0
491.0,403.0
491.0,438.0
491.0,454.0
633.0,491.0
684.0,491.0
730.0,491.0
782.0,491.0
823.0,491.0
848.0,491.0
492.0,81.0
492.0,151.0
492.0,302.0
492.0,361.0
492.0,401.0
501.0,492.0
632.0,492.0
850.0,492.0
904.0,492.0
493.0,8.0
493.0,25.0
493.0,141.0
493.0,142.0
493.0,161.0
493.0,227.0
493.0,233.0
493.0,265.0
493.0,281.0
493.0,283.0
493.0,309.0
493.0,327.0
493.0,443.0
493.0,484.0
601.0,493.0
691.0,493.0
695.0,493.0
799.0,493.0
867.0,493.0
872.0,493.0
911.0,493.0
912.0,493.0
494.0,6.0
494.0,76.0
494.0,169.0
494.0,198.0
494.0,206.0
494.0,317.0
494.0,384.0
494.0,447.0
494.0,455.0
494.0,460.0
613.0,494.0
652.0,494.0
685.0,494.0
712.0,494.0
936.0,494.0
495.0,24.0
495.0,103.0
495.0,181.0
495.0,238.0
495.0,262.0
495.0,421.0
495.0,422.0
693.0,495.0
776.0,495.0
802.0,495.0
879.0,495.0
496.0,58.0
496.0,94.0
496.0,122.0
496.0,127.0
496.0,237.0
496.0,294.0
496.0,432.0
496.0,454.0
697.0,496.0
907.0,496.0
497.0,162.0
497.0,171.0
497.0,199.0
497.0,290.0
497.0,424.0
497.0,459.0
830.0,497.0
956.0,497.0
498.0,0.0
498.0,177.0
498.0,301.0
498.0,355.0
498.0,362.0
498.0,487.0
568.0,498.0
603.0,498.0
672.0,498.0
707.0,498.0
712.0,498.0
757.0,498.0
884.0,498.0
902.0,498.0
499.0,147.0
499.0,168.0
499.0,392.0
640.0,499.0
733.0,499.0
768.0,499.0
791.0,499.0
852.0,499.0
500.0,70.0
500.0,82.0
500.0,171.0
500.0,319.0
500.0,371.0
500.0,419.0
500.0,426.0
501.0,500.0
632.0,500.0
757.0,500.0
782.0,500.0
814.0,500.0
980.0,500.0
501.0,16.0
501.0,57.0
501.0,76.0
501.0,249.0
501.0,314.0
501.0,394.0
703.0,501.0
779.0,501.0
870.0,501.0
502.0,73.0
502.0,284.0
502.0,326.0
502.0,348.0
502.0,359.0
502.0,471.0
513.0,502.0
811.0,502.0
834.0,502.0
503.0,28.0
503.0,53.0
503.0,62.0
503.0,63.0
503.0,225.0
503.0,240.0
503.0,281.0
503.0,365.0
503.0,412.0
503.0,431.0
503.0,457.0
512.0,503.0
525.0,503.0
543.0,503.0
595.0,503.0
737.0,503.0
805.0,503.0
817.0,503.0
958.0,503.0
964.0,503.0
504.0,392.0
882.0,504.0
505.0,92.0
505.0,326.0
505.0,364.0
505.0,396.0
505.0,398.0
505.0,467.0
543.0,505.0
664.0,505.0
731.0,505.0
815.0,505.0
852.0,505.0
506.0,68.0
506.0,142.0
506.0,199.0
506.0,258.0
506.0,307.0
506.0,365.0
506.0,429.0
524.0,506.0
575.0,506.0
624.0,506.0
635.0,506.0
849.0,506.0
507.0,39.0
507.0,203.0
507.0,208.0
507.0,226.0
507.0,281.0
507.0,322.0
507.0,407.0
507.0,410.0
507.0,478.0
507.0,504.0
541.0,507.0
546.0,507.0
616.0,507.0
685.0,507.0
727.0,507.0
767.0,507.0
881.0,507.0
508.0,52.0
508.0,100.0
508.0,273.0
508.0,487.0
508.0,494.0
626.0,508.0
678.0,508.0
858.0,508.0
896.0,508.0
509.0,23.0
509.0,43.0
509.0,80.0
509.0,106.0
509.0,388.0
526.0,509.0
607.0,509.0
699.0,509.0
807.0,509.0
885.0,509.0
510.0,59.0
510.0,322.0
510.0,346.0
809.0,510.0
819.0,510.0
821.0,510.0
897.0,510.0
511.0,120.0
511.0,151.0
511.0,198.0
511.0,260.0
511.0,341.0
511.0,346.0
511.0,356.0
511.0,462.0
617.0,511.0
727.0,511.0
755.0,511.0
937.0,511.0
975.0,511.0
512.0,55.0
512.0,185.0
512.0,238.0
512.0,506.0
565.0,512.0
842.0,512.0
902.0,512.0
941.0,512.0
947.0,512.0
513.0,7.0
513.0,71.0
513.0,74.0
513.0,109.0
513.0,155.0
513.0,281.0
513.0,432.0
513.0,506.0
670.0,513.0
808.0,513.0
855.0,513.0
865.0,513.0
514.0,116.0
514.0,229.0
514.0,380.0
772.0,514.0
887.0,514.0
906.0,514.0
515.0,2.0
515.0,102.0
515.0,142.0
515.0,273.0
515.0,346.0
515.0,492.0
541.0,515.0
544.0,515.0
577.0,515.0
580.0,515.0
628.0,515.0
647.0,515.0
681.0,515.0
971.0,515.0
516.0,5.0
516.0,197.0
516.0,247.0
516.0,345.0
516.0,400.0
516.0,426.0
516.0,445.0
566.0,516.0
697.0,516.0
772.0,516.0
834.0,516.0
867.0,516.0
517.0,49.0
517.0,165.0
517.0,171.0
517.0,190.0
517.0,351.0
517.0,366.0
517.0,374.0
707.0,517.0
819.0,517.0
518.0,101.0
518.0,171.0
518.0,193.0
518.0,442.0
518.0,483.0
603.0,518.0
519.0,88.0
519.0,204.0
519.0,325.0
519.0,355.0
519.0,489.0
535.0,519.0
568.0,519.0
697.0,519.0
732.0,519.0
880.0,519.0
984.0,519.0
520.0,156.0
520.0,225.0
520.0,227.0
520.0,251.0
520.0,276.0
520.0,359.0
520.0,362.0
520.0,366.0
520.0,382.0
520.0,395.0
520.0,448.0
533.0,520.0
585.0,520.0
599.0,520.0
672.0,520.0
678.0,520.0
712.0,520.0
802.0,520.0
853.0,520.0
521.0,16.0
521.0,163.0
521.0,176.0
521.0,386.0
521.0,387.0
560.0,521.0
576.0,521.0
579.0,521.0
795.0,521.0
823.0,521.0
522.0,74.0
522.0,199.0
522.0,232.0
522.0,298.0
522.0,311.0
522.0,325.0
522.0,464.0
522.0,493.0
522.0,509.0
576.0,522.0
762.0,522.0
792.0,522.0
821.0,522.0
828.0,522.0
864.0,522.0
890.0,522.0
945.0,522.0
523.0,18.0
523.0,81.0
523.0,321.0
523.0,324.0
591.0,523.0
604.0,523.0
843.0,523.0
976.0,523.0
524.0,21.0
524.0,55.0
524.0,235.0
524.0,321.0
524.0,341.0
524.0,404.0
524.0,429.0
524.0,521.0
557.0,524.0
573.0,524.0
745.0,524.0
797.0,524.0
823.0,524.0
870.0,524.0
933.0,524.0
964.0,524.0
525.0,29.0
525.0,59.0
525.0,124.0
525.0,141.0
525.0,218.0
525.0,255.0
525.0,441.0
662.0,525.0
693.0,525.0
526.0,109.0
526.0,288.0
526.0,431.0
549.0,526.0
564.0,526.0
596.0,526.0
614.0,526.0
687.0,526.0
740.0,526.0
748.0,526.0
948.0,526.0
527.0,41.0
527.0,55.0
527.0,75.0
527.0,105.0
527.0,337.0
527.0,403.0
527.0,511.0
726.0,527.0
736.0,527.0
844.0,527.0
865.0,527.0
914.0,527.0
528.0,174.0
528.0,266.0
528.0,280.0
528.0,322.0
528.0,390.0
528.0,407.0
587.0,528.0
766.0,528.0
916.0,528.0
963.0,528.0
529.0,2.0
529.0,36.0
529.0,159.0
529.0,260.0
529.0,263.0
529.0,300.0
529.0,319.0
529.0,438.0
622.0,529.0
668.0,529.0
774.0,529.0
899.0,529.0
946.0,529.0
530.0,185.0
530.0,223.0
530.0,281.0
530.0,302.0
530.0,320.0
530.0,341.0
530.0,357.0
530.0,391.0
530.0,426.0
530.0,444.0
530.0,463.0
530.0,468.0
530.0,486.0
530.0,527.0
739.0,530.0
740.0,530.0
760.0,530.0
776.0,530.0
944.0,530.0
531.0,50.0
531.0,82.0
531.0,89.0
531.0,239.0
531.0,248.0
531.0,256.0
531.0,286.0
531.0,324.0
531.0,332.0
531.0,353.0
531.0,368.0
531.0,474.0
531.0,477.0
603.0,531.0
632.0,531.0
646.0,531.0
673.0,531.0
826.0,531.0
863.0,531.0
532.0,90.0
532.0,119.0
532.0,355.0
532.0,365.0
532.0,509.0
647.0,532.0
755.0,532.0
820.0,532.0
964.0,532.0
533.0,2.0
533.0,93.0
533.0,114.0
533.0,209.0
533.0,223.0
533.0,400.0
533.0,429.0
539.0,533.0
605.0,533.0
715.0,533.0
738.0,533.0
914.0,533.0
920.0,533.0
534.0,1.0
534.0,30.0
534.0,101.0
534.0,134.0
534.0,147.0
534.0,185.0
534.0,194.0
534.0,388.0
534.0,415.0
534.0,427.0
534.0,448.0
534.0,485.0
574.0,534.0
628.0,534.0
673.0,534.0
700.0,534.0
829.0,534.0
962.0,534.0
535.0,28.0
535.0,54.0
535.0,187.0
535.0,334.0
535.0,362.0
535.0,365.0
535.0,403.0
535.0,419.0
535.0,420.0
535.0,474.0
629.0,535.0
796.0,535.0
805.0,535.0
849.0,535.0
861.0,535.0
873.0,535.0
945.0,535.0
536.0,196.0
536.0,248.0
536.0,433.0
536.0,483.0
622.0,536.0
625.0,536.0
633.0,536.0
784.0,536.0
858.0,536.0
885.0,536.0
919.0,536.0
537.0,70.0
537.0,166.0
537.0,167.0
537.0,327.0
537.0,375.0
537.0,419.0
537.0,478.0
537.0,499.0
542.0,537.0
575.0,537.0
591.0,537.0
677.0,537.0
698.0,537.0
843.0,537.0
931.0,537.0
538.0,26.0
538.0,59.0
538.0,98.0
538.0,136.0
538.0,170.0
542.0,538.0
662.0,538.0
744.0,538.0
855.0,538.0
873.0,538.0
880.0,538.0
539.0,145.0
539.0,171.0
539.0,207.0
539.0,306.0
539.0,324.0
539.0,531.0
539.0,533.0
540.0,539.0
641.0,539.0
644.0,539.0
678.0,539.0
701.0,539.0
886.0,539.0
540.0,320.0
540.0,353.0
540.0,380.0
540.0,403.0
540.0,451.0
540.0,456.0
540.0,457.0
540.0,500.0
751.0,540.0
828.0,540.0
975.0,540.0
541.0,330.0
541.0,372.0
541.0,410.0
541.0,417.0
541.0,519.0
573.0,541.0
612.0,541.0
685.0,541.0
790.0,541.0
858.0,541.0
911.0,541.0
923.0,541.0
927.0,541.0
970.0,541.0
542.0,43.0
542.0,72.0
542.0,251.0
542.0,436.0
542.0,499.0
542.0,535.0
542.0,536.0
567.0,542.0
641.0,542.0
756.0,542.0
817.0,542.0
884.0,542.0
897.0,542.0
543.0,148.0
543.0,307.0
543.0,468.0
754.0,543.0
774.0,543.0
544.0,47.0
544.0,186.0
544.0,234.0
544.0,268.0
544.0,273.0
544.0,318.0
809.0,544.0
545.0,106.0
545.0,183.0
545.0,321.0
545.0,337.0
600.0,545.0
745.0,545.0
850.0,545.0
956.0,545.0
959.0,545.0
977.0,545.0
546.0,306.0
546.0,341.0
546.0,391.0
546.0,475.0
546.0,515.0
546.0,520.0
546.0,524.0
658.0,546.0
724.0,546.0
828.0,546.0
875.0,546.0
877.0,546.0
547.0,160.0
547.0,217.0
547.0,218.0
547.0,260.0
547.0,266.0
547.0,353.0
547.0,379.0
547.0,430.0
547.0,492.0
547.0,532.0
547.0,538.0
594.0,547.0
596.0,547.0
598.0,547.0
606.0,547.0
635.0,547.0
853.0,547.0
854.0,547.0
874.0,547.0
891.0,547.0
916.0,547.0
548.0,16.0
548.0,232.0
548.0,268.0
548.0,299.0
548.0,353.0
653.0,548.0
678.0,548.0
727.0,548.0
748.0,548.0
769.0,548.0
771.0,548.0
868.0,548.0
968.0,548.0
549.0,20.0
549.0,99.0
549.0,284.0
549.0,370.0
549.0,485.0
631.0,549.0
941.0,549.0
550.0,124.0
550.0,249.0
550.0,288.0
550.0,342.0
550.0,343.0
550.0,385.0
550.0,391.0
550.0,413.0
550.0,425.0
551.0,550.0
662.0,550.0
681.0,550.0
750.0,550.0
756.0,550.0
831.0,550.0
960.0,550.0
551.0,46.0
551.0,117.0
551.0,155.0
551.0,159.0
551.0,168.0
551.0,492.0
551.0,535.0
577.0,551.0
584.0,551.0
600.0,551.0
650.0,551.0
701.0,551.0
980.0,551.0
985.0,551.0
552.0,43.0
552.0,65.0
552.0,76.0
552.0,312.0
552.0,416.0
552.0,423.0
552.0,439.0
552.0,504.0
552.0,519.0
673.0,552.0
837.0,552.0
553.0,6.0
553.0,49.0
553.0,139.0
553.0,198.0
553.0,236.0
553.0,295.0
553.0,302.0
553.0,327.0
553.0,429.0
553.0,485.0
553.0,507.0
553.0,512.0
553.0,513.0
566.0,553.0
610.0,553.0
677.0,553.0
703.0,553.0
764.0,553.0
891.0,553.0
966.0,553.0
554.0,163.0
554.0,174.0
554.0,392.0
554.0,402.0
554.0,486.0
554.0,540.0
573.0,554.0
598.0,554.0
799.0,554.0
909.0,554.0
555.0,48.0
555.0,84.0
555.0,114.0
555.0,117.0
555.0,130.0
555.0,173.0
555.0,344.0
555.0,398.0
555.0,429.0
555.0,439.0
555.0,496.0
639.0,555.0
729.0,555.0
739.0,555.0
843.0,555.0
881.0,555.0
935.0,555.0
984.0,555.0
556.0,39.0
556.0,43.0
556.0,46.0
556.0,50.0
556.0,147.0
556.0,189.0
556.0,226.0
556.0,227.0
556.0,329.0
556.0,490.0
556.0,520.0
780.0,556.0
863.0,556.0
909.0,556.0
921.0,556.0
985.0,556.0
557.0,30.0
557.0,74.0
557.0,127.0
557.0,181.0
557.0,185.0
557.0,196.0
557.0,308.0
557.0,402.0
557.0,427.0
557.0,428.0
628.0,557.0
665.0,557.0
722.0,557.0
802.0,557.0
558.0,38.0
558.0,168.0
558.0,238.0
558.0,447.0
792.0,558.0
802.0,558.0
824.0,558.0
559.0,38.0
559.0,39.0
559.0,97.0
559.0,163.0
559.0,253.0
559.0,460.0
611.0,559.0
675.0,559.0
680.0,559.0
687.0,559.0
768.0,559.0
799.0,559.0
827.0,559.0
829.0,559.0
905.0,559.0
560.0,86.0
560.0,203.0
560.0,357.0
562.0,560.0
673.0,560.0
683.0,560.0
892.0,560.0
561.0,68.0
561.0,88.0
561.0,89.0
561.0,103.0
561.0,105.0
561.0,144.0
561.0,502.0
561.0,514.0
561.0,537.0
561.0,539.0
569.0,561.0
583.0,561.0
691.0,561.0
750.0,561.0
763.0,561.0
777.0,561.0
851.0,561.0
866.0,561.0
897.0,561.0
562.0,11.0
562.0,39.0
562.0,451.0
562.0,472.0
897.0,562.0
563.0,103.0
563.0,188.0
563.0,205.0
563.0,218.0
563.0,267.0
563.0,278.0
718.0,563.0
847.0,563.0
914.0,563.0
921.0,563.0
564.0,71.0
564.0,81.0
564.0,135.0
564.0,144.0
564.0,276.0
564.0,409.0
564.0,477.0
564.0,489.0
700.0,564.0
703.0,564.0
759.0,564.0
956.0,564.0
975.0,564.0
983.0,564.0
565.0,113.0
565.0,217.0
565.0,265.0
565.0,266.0
565.0,322.0
565.0,398.0
565.0,436.0
565.0,445.0
565.0,523.0
629.0,565.0
686.0,565.0
707.0,565.0
751.0,565.0
761.0,565.0
898.0,565.0
941.0,565.0
566.0,48.0
566.0,133.0
566.0,139.0
566.0,225.0
566.0,528.0
566.0,529.0
583.0,566.0
624.0,566.0
635.0,566.0
708.0,566.0
731.0,566.0
836.0,566.0
855.0,566.0
891.0,566.0
952.0,566.0
567.0,146.0
567.0,154.0
567.0,163.0
567.0,342.0
567.0,356.0
567.0,409.0
567.0,448.0
617.0,567.0
734.0,567.0
775.0,567.0
821.0,567.0
568.0,8.0
568.0,24.0
568.0,163.0
568.0,218.0
568.0,343.0
568.0,428.0
568.0,431.0
568.0,475.0
568.0,500.0
682.0,568.0
755.0,568.0
788.0,568.0
569.0,23.0
569.0,37.0
569.0,123.0
569.0,138.0
569.0,140.0
569.0,360.0
569.0,508.0
569.0,517.0
569.0,532.0
589.0,569.0
626.0,569.0
876.0,569.0
898.0,569.0
570.0,26.0
570.0,93.0
570.0,117.0
570.0,399.0
570.0,498.0
598.0,570.0
634.0,570.0
807.0,570.0
888.0,570.0
895.0,570.0
896.0,570.0
952.0,570.0
571.0,89.0
571.0,191.0
571.0,203.0
571.0,269.0
571.0,362.0
571.0,448.0
571.0,481.0
571.0,489.0
571.0,507.0
571.0,526.0
662.0,571.0
770.0,571.0
892.0,571.0
940.0,571.0
572.0,18.0
572.0,39.0
572.0,51.0
572.0,99.0
572.0,342.0
572.0,487.0
572.0,557.0
572.0,563.0
842.0,572.0
940.0,572.0
573.0,27.0
573.0,79.0
573.0,149.0
573.0,275.0
573.0,316.0
573.0,382.0
573.0,427.0
573.0,558.0
619.0,573.0
645.0,573.0
937.0,573.0
574.0,59.0
574.0,98.0
574.0,107.0
574.0,113.0
574.0,148.0
574.0,150.0
574.0,193.0
574.0,223.0
574.0,324.0
574.0,334.0
574.0,370.0
574.0,408.0
574.0,568.0
842.0,574.0
945.0,574.0
575.0,177.0
575.0,194.0
575.0,219.0
575.0,228.0
575.0,229.0
575.0,235.0
575.0,253.0
575.0,301.0
575.0,319.0
575.0,338.0
575.0,486.0
575.0,557.0
645.0,575.0
654.0,575.0
661.0,575.0
731.0,575.0
798.0,575.0
834.0,575.0
839.0,575.0
840.0,575.0
852.0,575.0
873.0,575.0
576.0,8.0
576.0,14.0
576.0,34.0
576.0,74.0
576.0,119.0
576.0,212.0
576.0,296.0
576.0,302.0
576.0,343.0
576.0,364.0
576.0,373.0
576.0,542.0
576.0,557.0
743.0,576.0
795.0,576.0
577.0,18.0
577.0,141.0
577.0,203.0
577.0,341.0
577.0,347.0
577.0,468.0
577.0,524.0
592.0,577.0
896.0,577.0
578.0,28.0
578.0,98.0
578.0,102.0
578.0,173.0
578.0,247.0
578.0,461.0
578.0,505.0
578.0,550.0
743.0,578.0
779.0,578.0
867.0,578.0
884.0,578.0
942.0,578.0
579.0,43.0
579.0,79.0
579.0,91.0
579.0,113.0
579.0,367.0
579.0,395.0
579.0,500.0
579.0,524.0
656.0,579.0
853.0,579.0
580.0,40.0
580.0,280.0
580.0,301.0
590.0,580.0
620.0,580.0
664.0,580.0
709.0,580.0
750.0,580.0
784.0,580.0
791.0,580.0
581.0,36.0
581.0,205.0
581.0,309.0
581.0,336.0
581.0,573.0
887.0,581.0
928.0,581.0
942.0,581.0
979.0,581.0
582.0,140.0
582.0,163.0
582.0,266.0
582.0,408.0
582.0,419.0
582.0,432.0
582.0,463.0
582.0,547.0
649.0,582.0
730.0,582.0
750.0,582.0
764.0,582.0
787.0,582.0
823.0,582.0
858.0,582.0
874.0,582.0
940.0,582.0
942.0,582.0
583.0,65.0
583.0,290.0
583.0,352.0
583.0,374.0
583.0,382.0
592.0,583.0
674.0,583.0
683.0,583.0
694.0,583.0
706.0,583.0
880.0,583.0
901.0,583.0
960.0,583.0
584.0,177.0
584.0,246.0
584.0,335.0
584.0,399.0
584.0,427.0
584.0,428.0
584.0,459.0
584.0,491.0
584.0,553.0
687.0,584.0
776.0,584.0
926.0,584.0
585.0,48.0
585.0,67.0
585.0,181.0
585.0,367.0
585.0,414.0
585.0,453.0
585.0,487.0
629.0,585.0
586.0,320.0
586.0,342.0
586.0,417.0
586.0,424.0
586.0,521.0
629.0,586.0
809.0,586.0
812.0,586.0
858.0,586.0
918.0,586.0
931.0,586.0
587.0,35.0
587.0,64.0
587.0,75.0
587.0,144.0
587.0,481.0
587.0,516.0
587.0,549.0
659.0,587.0
704.0,587.0
798.0,587.0
832.0,587.0
842.0,587.0
588.0,7.0
588.0,46.0
588.0,123.0
588.0,185.0
588.0,322.0
588.0,337.0
588.0,497.0
588.0,575.0
659.0,588.0
753.0,588.0
961.0,588.0
589.0,76.0
589.0,78.0
589.0,212.0
589.0,332.0
589.0,419.0
589.0,513.0
593.0,589.0
724.0,589.0
812.0,589.0
892.0,589.0
917.0,589.0
976.0,589.0
590.0,13.0
590.0,44.0
590.0,125.0
590.0,223.0
590.0,291.0
590.0,318.0
590.0,343.0
590.0,374.0
590.0,418.0
590.0,482.0
590.0,492.0
590.0,516.0
590.0,538.0
620.0,590.0
670.0,590.0
709.0,590.0
735.0,590.0
591.0,26.0
591.0,51.0
591.0,105.0
591.0,238.0
591.0,260.0
591.0,368.0
591.0,426.0
591.0,433.0
648.0,591.0
674.0,591.0
714.0,591.0
830.0,591.0
867.0,591.0
913.0,591.0
938.0,591.0
982.0,591.0
592.0,59.0
592.0,226.0
592.0,242.0
592.0,243.0
592.0,385.0
592.0,576.0
620.0,592.0
640.0,592.0
689.0,592.0
705.0,592.0
871.0,592.0
921.0,592.0
593.0,63.0
593.0,72.0
593.0,79.0
593.0,85.0
593.0,161.0
593.0,186.0
593.0,219.0
593.0,355.0
593.0,358.0
593.0,367.0
593.0,370.0
593.0,373.0
593.0,523.0
594.0,593.0
724.0,593.0
783.0,593.0
871.0,593.0
891.0,593.0
929.0,593.0
594.0,17.0
594.0,220.0
594.0,225.0
594.0,388.0
594.0,391.0
594.0,420.0
594.0,447.0
594.0,534.0
594.0,567.0
594.0,568.0
691.0,594.0
716.0,594.0
767.0,594.0
973.0,594.0
595.0,27.0
595.0,144.0
595.0,347.0
595.0,517.0
595.0,556.0
732.0,595.0
854.0,595.0
919.0,595.0
924.0,595.0
935.0,595.0
596.0,150.0
596.0,201.0
596.0,244.0
596.0,363.0
596.0,429.0
596.0,445.0
596.0,495.0
676.0,596.0
704.0,596.0
797.0,596.0
802.0,596.0
965.0,596.0
597.0,55.0
597.0,78.0
597.0,96.0
597.0,333.0
597.0,349.0
597.0,397.0
597.0,398.0
597.0,454.0
597.0,488.0
597.0,502.0
597.0,545.0
597.0,556.0
597.0,576.0
635.0,597.0
780.0,597.0
800.0,597.0
939.0,597.0
959.0,597.0
598.0,5.0
598.0,6.0
598.0,17.0
598.0,32.0
598.0,77.0
598.0,78.0
598.0,188.0
598.0,231.0
598.0,277.0
598.0,336.0
598.0,366.0
598.0,558.0
598.0,595.0
631.0,598.0
677.0,598.0
687.0,598.0
784.0,598.0
812.0,598.0
831.0,598.0
848.0,598.0
886.0,598.0
897.0,598.0
599.0,22.0
599.0,45.0
599.0,69.0
599.0,95.0
599.0,111.0
599.0,155.0
599.0,272.0
599.0,324.0
599.0,327.0
599.0,336.0
599.0,382.0
599.0,508.0
599.0,553.0
599.0,575.0
606.0,599.0
623.0,599.0
715.0,599.0
857.0,599.0
600.0,21.0
600.0,51.0
600.0,92.0
600.0,132.0
600.0,209.0
600.0,269.0
600.0,314.0
600.0,352.0
600.0,442.0
600.0,444.0
602.0,600.0
663.0,600.0
665.0,600.0
681.0,600.0
791.0,600.0
812.0,600.0
973.0,600.0
601.0,92.0
601.0,159.0
601.0,261.0
601.0,310.0
601.0,322.0
601.0,325.0
601.0,360.0
601.0,513.0
601.0,591.0
648.0,601.0
654.0,601.0
655.0,601.0
743.0,601.0
860.0,601.0
865.0,601.0
973.0,601.0
602.0,6.0
602.0,15.0
602.0,122.0
602.0,159.0
602.0,195.0
602.0,244.0
602.0,260.0
602.0,291.0
602.0,508.0
741.0,602.0
840.0,602.0
868.0,602.0
603.0,5.0
603.0,11.0
603.0,18.0
603.0,71.0
603.0,113.0
603.0,246.0
603.0,497.0
603.0,569.0
619.0,603.0
647.0,603.0
741.0,603.0
837.0,603.0
935.0,603.0
604.0,17.0
604.0,245.0
604.0,303.0
604.0,318.0
604.0,349.0
604.0,452.0
604.0,478.0
605.0,12.0
605.0,126.0
605.0,144.0
605.0,319.0
605.0,340.0
605.0,371.0
605.0,474.0
605.0,579.0
865.0,605.0
872.0,605.0
898.0,605.0
940.0,605.0
969.0,605.0
984.0,605.0
606.0,18.0
606.0,57.0
606.0,90.0
606.0,101.0
606.0,120.0
606.0,188.0
606.0,239.0
721.0,606.0
781.0,606.0
892.0,606.0
900.0,606.0
607.0,142.0
607.0,160.0
607.0,183.0
607.0,241.0
607.0,265.0
607.0,450.0
619.0,607.0
657.0,607.0
792.0,607.0
836.0,607.0
875.0,607.0
879.0,607.0
891.0,607.0
955.0,607.0
964.0,607.0
968.0,607.0
608.0,14.0
608.0,34.0
608.0,126.0
608.0,340.0
608.0,511.0
608.0,557.0
621.0,608.0
780.0,608.0
979.0,608.0
609.0,52.0
609.0,213.0
609.0,293.0
609.0,321.0
609.0,528.0
609.0,577.0
609.0,585.0
650.0,609.0
679.0,609.0
733.0,609.0
799.0,609.0
834.0,609.0
941.0,609.0
610.0,15.0
610.0,45.0
610.0,209.0
610.0,311.0
610.0,333.0
610.0,352.0
610.0,438.0
610.0,501.0
669.0,610.0
918.0,610.0
611.0,19.0
611.0,171.0
611.0,198.0
611.0,354.0
611.0,461.0
611.0,480.0
659.0,611.0
660.0,611.0
687.0,611.0
741.0,611.0
612.0,3.0
612.0,94.0
612.0,218.0
612.0,222.0
612.0,255.0
612.0,314.0
612.0,376.0
612.0,484.0
722.0,612.0
723.0,612.0
734.0,612.0
736.0,612.0
909.0,612.0
946.0,612.0
984.0,612.0
613.0,99.0
613.0,105.0
613.0,118.0
613.0,342.0
613.0,399.0
613.0,461.0
613.0,493.0
613.0,503.0
613.0,542.0
772.0,613.0
784.0,613.0
923.0,613.0
614.0,5.0
614.0,131.0
614.0,216.0
614.0,219.0
614.0,325.0
614.0,376.0
614.0,427.0
614.0,473.0
647.0,614.0
834.0,614.0
900.0,614.0
965.0,614.0
615.0,188.0
615.0,360.0
615.0,380.0
615.0,506.0
615.0,526.0
771.0,615.0
787.0,615.0
803.0,615.0
818.0,615.0
819.0,615.0
863.0,615.0
893.0,615.0
985.0,615.0
616.0,103.0
616.0,104.0
616.0,404.0
616.0,425.0
616.0,551.0
691.0,616.0
699.0,616.0
737.0,616.0
750.0,616.0
758.0,616.0
759.0,616.0
824.0,616.0
851.0,616.0
617.0,35.0
617.0,220.0
617.0,232.0
617.0,294.0
617.0,318.0
617.0,352.0
617.0,373.0
617.0,608.0
713.0,617.0
733.0,617.0
816.0,617.0
888.0,617.0
984.0,617.0
618.0,110.0
618.0,131.0
618.0,146.0
618.0,164.0
618.0,409.0
618.0,509.0
654.0,618.0
723.0,618.0
815.0,618.0
924.0,618.0
963.0,618.0
619.0,35.0
619.0,36.0
619.0,47.0
619.0,181.0
619.0,290.0
619.0,294.0
619.0,314.0
619.0,411.0
619.0,451.0
619.0,551.0
619.0,553.0
656.0,619.0
751.0,619.0
765.0,619.0
896.0,619.0
931.0,619.0
620.0,85.0
620.0,159.0
620.0,249.0
620.0,265.0
620.0,272.0
620.0,328.0
620.0,349.0
620.0,359.0
693.0,620.0
774.0,620.0
790.0,620.0
924.0,620.0
621.0,82.0
621.0,144.0
621.0,146.0
621.0,404.0
621.0,474.0
622.0,621.0
642.0,621.0
696.0,621.0
867.0,621.0
884.0,621.0
622.0,9.0
622.0,53.0
622.0,116.0
622.0,242.0
622.0,263.0
622.0,271.0
622.0,273.0
622.0,396.0
622.0,451.0
622.0,577.0
695.0,622.0
742.0,622.0
623.0,72.0
623.0,113.0
623.0,258.0
623.0,331.0
623.0,602.0
623.0,621.0
703.0,623.0
704.0,623.0
825.0,623.0
874.0,623.0
624.0,42.0
624.0,128.0
624.0,137.0
624.0,236.0
624.0,275.0
624.0,278.0
624.0,305.0
624.0,419.0
624.0,502.0
624.0,516.0
624.0,527.0
771.0,624.0
907.0,624.0
625.0,75.0
625.0,90.0
625.0,188.0
625.0,203.0
625.0,384.0
625.0,450.0
625.0,451.0
683.0,625.0
783.0,625.0
861.0,625.0
868.0,625.0
626.0,42.0
626.0,116.0
626.0,214.0
626.0,222.0
626.0,278.0
626.0,300.0
626.0,343.0
626.0,400.0
626.0,449.0
626.0,492.0
626.0,586.0
736.0,626.0
776.0,626.0
778.0,626.0
942.0,626.0
946.0,626.0
627.0,88.0
627.0,305.0
627.0,332.0
627.0,334.0
627.0,486.0
627.0,555.0
708.0,627.0
767.0,627.0
778.0,627.0
804.0,627.0
854.0,627.0
913.0,627.0
628.0,106.0
628.0,222.0
628.0,232.0
628.0,381.0
628.0,610.0
676.0,628.0
683.0,628.0
737.0,628.0
782.0,628.0
819.0,628.0
868.0,628.0
946.0,628.0
629.0,45.0
629.0,64.0
629.0,98.0
629.0,133.0
629.0,193.0
629.0,239.0
629.0,246.0
629.0,334.0
629.0,385.0
629.0,460.0
629.0,480.0
629.0,579.0
629.0,592.0
631.0,629.0
653.0,629.0
658.0,629.0
706.0,629.0
847.0,629.0
630.0,57.0
630.0,156.0
630.0,169.0
630.0,310.0
630.0,339.0
630.0,342.0
630.0,446.0
657.0,630.0
800.0,630.0
813.0,630.0
895.0,630.0
897.0,630.0
631.0,76.0
631.0,79.0
631.0,115.0
631.0,118.0
631.0,212.0
631.0,368.0
631.0,420.0
774.0,631.0
934.0,631.0
939.0,631.0
985.0,631.0
632.0,59.0
632.0,104.0
632.0,262.0
632.0,284.0
632.0,333.0
632.0,506.0
632.0,520.0
632.0,575.0
691.0,632.0
692.0,632.0
694.0,632.0
749.0,632.0
794.0,632.0
818.0,632.0
863.0,632.0
875.0,632.0
633.0,72.0
633.0,122.0
633.0,193.0
633.0,207.0
633.0,306.0
633.0,488.0
633.0,539.0
633.0,545.0
639.0,633.0
771.0,633.0
772.0,633.0
778.0,633.0
634.0,140.0
634.0,228.0
634.0,314.0
634.0,428.0
634.0,604.0
840.0,634.0
880.0,634.0
924.0,634.0
971.0,634.0
975.0,634.0
635.0,18.0
635.0,124.0
635.0,352.0
635.0,465.0
635.0,603.0
665.0,635.0
673.0,635.0
773.0,635.0
800.0,635.0
957.0,635.0
636.0,52.0
636.0,99.0
636.0,174.0
636.0,205.0
636.0,227.0
636.0,357.0
636.0,360.0
636.0,377.0
636.0,396.0
636.0,442.0
636.0,564.0
686.0,636.0
766.0,636.0
845.0,636.0
862.0,636.0
913.0,636.0
919.0,636.0
637.0,101.0
637.0,106.0
637.0,289.0
637.0,501.0
672.0,637.0
721.0,637.0
809.0,637.0
878.0,637.0
953.0,637.0
638.0,55.0
638.0,145.0
638.0,167.0
638.0,179.0
638.0,209.0
638.0,267.0
638.0,288.0
638.0,394.0
638.0,456.0
638.0,523.0
648.0,638.0
672.0,638.0
686.0,638.0
783.0,638.0
864.0,638.0
953.0,638.0
967.0,638.0
970.0,638.0
639.0,24.0
639.0,159.0
639.0,191.0
639.0,247.0
639.0,249.0
639.0,313.0
639.0,367.0
639.0,421.0
639.0,546.0
639.0,607.0
678.0,639.0
699.0,639.0
730.0,639.0
765.0,639.0
794.0,639.0
806.0,639.0
889.0,639.0
640.0,163.0
640.0,170.0
640.0,201.0
640.0,466.0
640.0,510.0
640.0,518.0
675.0,640.0
786.0,640.0
985.0,640.0
641.0,238.0
641.0,302.0
641.0,333.0
641.0,404.0
641.0,413.0
641.0,630.0
693.0,641.0
810.0,641.0
839.0,641.0
853.0,641.0
642.0,127.0
642.0,202.0
642.0,267.0
642.0,369.0
642.0,372.0
642.0,596.0
651.0,642.0
712.0,642.0
717.0,642.0
801.0,642.0
842.0,642.0
643.0,66.0
643.0,257.0
643.0,296.0
643.0,302.0
643.0,338.0
643.0,455.0
643.0,588.0
653.0,643.0
669.0,643.0
874.0,643.0
892.0,643.0
923.0,643.0
644.0,24.0
644.0,30.0
644.0,103.0
644.0,135.0
644.0,220.0
644.0,232.0
644.0,276.0
644.0,324.0
644.0,385.0
644.0,512.0
644.0,524.0
644.0,543.0
644.0,643.0
695.0,644.0
739.0,644.0
780.0,644.0
797.0,644.0
828.0,644.0
870.0,644.0
889.0,644.0
891.0,644.0
932.0,644.0
645.0,73.0
645.0,124.0
645.0,138.0
645.0,145.0
645.0,407.0
645.0,413.0
645.0,524.0
645.0,578.0
645.0,604.0
690.0,645.0
755.0,645.0
774.0,645.0
925.0,645.0
646.0,27.0
646.0,58.0
646.0,95.0
646.0,116.0
646.0,202.0
646.0,241.0
646.0,341.0
646.0,389.0
646.0,466.0
646.0,576.0
646.0,595.0
944.0,646.0
647.0,28.0
647.0,234.0
647.0,283.0
647.0,406.0
647.0,505.0
759.0,647.0
769.0,647.0
801.0,647.0
813.0,647.0
876.0,647.0
877.0,647.0
648.0,22.0
648.0,149.0
648.0,314.0
648.0,367.0
648.0,469.0
713.0,648.0
725.0,648.0
649.0,128.0
649.0,202.0
649.0,516.0
697.0,649.0
704.0,649.0
722.0,649.0
793.0,649.0
842.0,649.0
855.0,649.0
898.0,649.0
917.0,649.0
650.0,48.0
650.0,75.0
650.0,89.0
650.0,117.0
650.0,119.0
650.0,293.0
650.0,342.0
650.0,404.0
650.0,408.0
650.0,575.0
695.0,650.0
801.0,650.0
822.0,650.0
845.0,650.0
861.0,650.0
865.0,650.0
883.0,650.0
921.0,650.0
651.0,122.0
651.0,254.0
651.0,270.0
651.0,337.0
651.0,446.0
651.0,582.0
665.0,651.0
683.0,651.0
704.0,651.0
738.0,651.0
862.0,651.0
652.0,49.0
652.0,158.0
652.0,213.0
652.0,378.0
652.0,398.0
652.0,490.0
652.0,516.0
652.0,528.0
674.0,652.0
703.0,652.0
850.0,652.0
952.0,652.0
653.0,47.0
653.0,184.0
653.0,207.0
653.0,301.0
653.0,331.0
653.0,423.0
653.0,540.0
653.0,565.0
653.0,614.0
653.0,619.0
653.0,628.0
653.0,633.0
720.0,653.0
752.0,653.0
834.0,653.0
880.0,653.0
884.0,653.0
901.0,653.0
654.0,161.0
654.0,166.0
654.0,224.0
654.0,410.0
654.0,598.0
654.0,646.0
748.0,654.0
921.0,654.0
655.0,69.0
655.0,165.0
655.0,298.0
655.0,402.0
655.0,463.0
859.0,655.0
894.0,655.0
656.0,46.0
656.0,98.0
656.0,115.0
656.0,346.0
656.0,392.0
656.0,409.0
656.0,476.0
656.0,528.0
657.0,656.0
853.0,656.0
904.0,656.0
657.0,2.0
657.0,253.0
657.0,261.0
657.0,365.0
657.0,379.0
657.0,426.0
657.0,538.0
696.0,657.0
799.0,657.0
813.0,657.0
839.0,657.0
914.0,657.0
971.0,657.0
658.0,230.0
658.0,337.0
658.0,579.0
658.0,614.0
658.0,657.0
705.0,658.0
774.0,658.0
902.0,658.0
941.0,658.0
659.0,114.0
659.0,279.0
659.0,324.0
659.0,520.0
659.0,606.0
659.0,616.0
659.0,619.0
659.0,623.0
659.0,625.0
659.0,633.0
676.0,659.0
792.0,659.0
827.0,659.0
850.0,659.0
660.0,135.0
660.0,147.0
660.0,163.0
660.0,210.0
660.0,298.0
660.0,388.0
696.0,660.0
724.0,660.0
803.0,660.0
840.0,660.0
926.0,660.0
661.0,231.0
661.0,343.0
661.0,466.0
661.0,483.0
661.0,580.0
661.0,623.0
661.0,631.0
796.0,661.0
846.0,661.0
950.0,661.0
662.0,38.0
662.0,111.0
662.0,146.0
662.0,294.0
662.0,405.0
662.0,474.0
668.0,662.0
677.0,662.0
714.0,662.0
921.0,662.0
952.0,662.0
663.0,0.0
663.0,173.0
663.0,233.0
663.0,496.0
672.0,663.0
681.0,663.0
682.0,663.0
688.0,663.0
775.0,663.0
951.0,663.0
954.0,663.0
664.0,13.0
664.0,224.0
664.0,251.0
664.0,399.0
664.0,409.0
664.0,498.0
664.0,535.0
664.0,593.0
664.0,619.0
664.0,636.0
848.0,664.0
935.0,664.0
665.0,15.0
665.0,46.0
665.0,131.0
665.0,133.0
665.0,195.0
665.0,289.0
665.0,407.0
665.0,432.0
665.0,457.0
840.0,665.0
891.0,665.0
976.0,665.0
666.0,25.0
666.0,77.0
666.0,172.0
666.0,237.0
666.0,319.0
666.0,428.0
666.0,432.0
666.0,500.0
666.0,592.0
677.0,666.0
693.0,666.0
747.0,666.0
790.0,666.0
815.0,666.0
916.0,666.0
973.0,666.0
667.0,9.0
667.0,99.0
667.0,138.0
667.0,183.0
667.0,271.0
667.0,280.0
667.0,528.0
667.0,534.0
667.0,570.0
667.0,605.0
667.0,621.0
667.0,665.0
718.0,667.0
816.0,667.0
874.0,667.0
886.0,667.0
668.0,10.0
668.0,49.0
668.0,93.0
668.0,147.0
668.0,150.0
668.0,214.0
668.0,275.0
668.0,401.0
668.0,492.0
668.0,495.0
668.0,498.0
668.0,527.0
668.0,639.0
668.0,660.0
868.0,668.0
870.0,668.0
894.0,668.0
917.0,668.0
918.0,668.0
964.0,668.0
669.0,167.0
669.0,176.0
669.0,411.0
669.0,455.0
760.0,669.0
954.0,669.0
670.0,26.0
670.0,96.0
670.0,259.0
670.0,268.0
670.0,293.0
670.0,312.0
670.0,458.0
670.0,591.0
788.0,670.0
790.0,670.0
819.0,670.0
671.0,30.0
671.0,44.0
671.0,109.0
671.0,337.0
671.0,379.0
671.0,410.0
671.0,435.0
671.0,508.0
671.0,591.0
671.0,616.0
671.0,668.0
766.0,671.0
836.0,671.0
889.0,671.0
672.0,2.0
672.0,78.0
672.0,149.0
672.0,228.0
672.0,311.0
672.0,479.0
672.0,535.0
672.0,562.0
672.0,569.0
672.0,630.0
672.0,637.0
672.0,661.0
721.0,672.0
775.0,672.0
819.0,672.0
673.0,12.0
673.0,90.0
673.0,196.0
673.0,261.0
673.0,375.0
673.0,432.0
673.0,528.0
686.0,673.0
847.0,673.0
924.0,673.0
977.0,673.0
674.0,172.0
674.0,336.0
674.0,387.0
674.0,568.0
674.0,583.0
674.0,669.0
763.0,674.0
802.0,674.0
822.0,674.0
932.0,674.0
973.0,674.0
675.0,178.0
675.0,216.0
675.0,341.0
675.0,394.0
675.0,435.0
675.0,480.0
675.0,484.0
675.0,517.0
675.0,563.0
675.0,596.0
675.0,660.0
711.0,675.0
676.0,46.0
676.0,64.0
676.0,72.0
676.0,130.0
676.0,187.0
676.0,421.0
676.0,506.0
676.0,576.0
798.0,676.0
982.0,676.0
677.0,91.0
677.0,134.0
677.0,202.0
677.0,216.0
677.0,335.0
677.0,400.0
677.0,401.0
677.0,443.0
677.0,498.0
677.0,595.0
677.0,629.0
715.0,677.0
727.0,677.0
742.0,677.0
822.0,677.0
884.0,677.0
678.0,170.0
678.0,195.0
678.0,205.0
678.0,264.0
678.0,301.0
678.0,393.0
678.0,581.0
737.0,678.0
755.0,678.0
823.0,678.0
913.0,678.0
951.0,678.0
952.0,678.0
679.0,24.0
679.0,218.0
679.0,368.0
679.0,391.0
821.0,679.0
835.0,679.0
680.0,4.0
680.0,45.0
680.0,61.0
680.0,71.0
680.0,105.0
680.0,108.0
680.0,126.0
680.0,170.0
680.0,302.0
680.0,335.0
680.0,419.0
680.0,585.0
680.0,663.0
729.0,680.0
806.0,680.0
834.0,680.0
889.0,680.0
906.0,680.0
681.0,147.0
681.0,274.0
681.0,275.0
681.0,436.0
681.0,442.0
681.0,582.0
681.0,595.0
681.0,663.0
769.0,681.0
913.0,681.0
952.0,681.0
682.0,61.0
682.0,153.0
682.0,334.0
682.0,426.0
692.0,682.0
723.0,682.0
825.0,682.0
837.0,682.0
934.0,682.0
683.0,81.0
683.0,344.0
683.0,405.0
683.0,420.0
683.0,444.0
683.0,458.0
683.0,490.0
683.0,543.0
683.0,546.0
683.0,585.0
683.0,670.0
923.0,683.0
684.0,34.0
684.0,91.0
684.0,121.0
684.0,297.0
684.0,319.0
684.0,380.0
684.0,414.0
684.0,499.0
684.0,541.0
684.0,543.0
684.0,614.0
808.0,684.0
685.0,52.0
685.0,101.0
685.0,102.0
685.0,104.0
685.0,193.0
685.0,281.0
685.0,390.0
685.0,460.0
685.0,537.0
685.0,556.0
685.0,641.0
734.0,685.0
781.0,685.0
904.0,685.0
907.0,685.0
965.0,685.0
686.0,5.0
686.0,44.0
686.0,49.0
686.0,62.0
686.0,210.0
686.0,475.0
686.0,487.0
686.0,514.0
686.0,558.0
686.0,647.0
735.0,686.0
857.0,686.0
908.0,686.0
687.0,92.0
687.0,135.0
687.0,308.0
687.0,367.0
687.0,453.0
687.0,460.0
687.0,477.0
687.0,520.0
687.0,582.0
687.0,652.0
688.0,687.0
850.0,687.0
688.0,45.0
688.0,249.0
688.0,328.0
688.0,518.0
688.0,561.0
688.0,588.0
688.0,669.0
762.0,688.0
837.0,688.0
902.0,688.0
966.0,688.0
689.0,62.0
689.0,137.0
689.0,151.0
689.0,234.0
689.0,235.0
689.0,259.0
689.0,350.0
689.0,513.0
689.0,552.0
689.0,621.0
695.0,689.0
793.0,689.0
939.0,689.0
690.0,41.0
690.0,131.0
690.0,163.0
690.0,165.0
690.0,218.0
690.0,373.0
690.0,403.0
690.0,476.0
690.0,490.0
690.0,629.0
691.0,690.0
765.0,690.0
691.0,123.0
691.0,140.0
691.0,151.0
691.0,288.0
691.0,313.0
691.0,344.0
691.0,467.0
691.0,551.0
692.0,72.0
692.0,115.0
692.0,169.0
692.0,184.0
692.0,304.0
692.0,370.0
692.0,455.0
692.0,533.0
692.0,563.0
875.0,692.0
916.0,692.0
693.0,140.0
693.0,230.0
693.0,280.0
693.0,321.0
693.0,396.0
693.0,450.0
693.0,638.0
693.0,650.0
767.0,693.0
787.0,693.0
837.0,693.0
841.0,693.0
865.0,693.0
970.0,693.0
694.0,54.0
694.0,76.0
694.0,105.0
694.0,107.0
694.0,383.0
694.0,400.0
694.0,437.0
694.0,548.0
694.0,599.0
694.0,620.0
728.0,694.0
879.0,694.0
695.0,30.0
695.0,34.0
695.0,38.0
695.0,69.0
695.0,91.0
695.0,260.0
695.0,346.0
695.0,377.0
695.0,399.0
695.0,561.0
695.0,566.0
695.0,657.0
695.0,675.0
695.0,685.0
862.0,695.0
902.0,695.0
920.0,695.0
950.0,695.0
696.0,61.0
696.0,93.0
696.0,221.0
696.0,416.0
696.0,442.0
696.0,619.0
697.0,119.0
697.0,171.0
697.0,299.0
697.0,554.0
893.0,697.0
916.0,697.0
950.0,697.0
698.0,76.0
698.0,81.0
698.0,318.0
698.0,359.0
698.0,518.0
698.0,633.0
698.0,654.0
698.0,684.0
727.0,698.0
756.0,698.0
864.0,698.0
947.0,698.0
953.0,698.0
699.0,104.0
699.0,106.0
699.0,188.0
699.0,190.0
699.0,193.0
699.0,216.0
699.0,381.0
699.0,515.0
699.0,650.0
699.0,672.0
737.0,699.0
800.0,699.0
909.0,699.0
950.0,699.0
700.0,36.0
700.0,145.0
700.0,148.0
700.0,205.0
700.0,230.0
700.0,242.0
700.0,316.0
700.0,397.0
700.0,443.0
700.0,613.0
700.0,678.0
700.0,685.0
797.0,700.0
867.0,700.0
885.0,700.0
701.0,15.0
701.0,32.0
701.0,36.0
701.0,65.0
701.0,74.0
701.0,132.0
701.0,185.0
701.0,191.0
701.0,269.0
701.0,305.0
701.0,323.0
701.0,468.0
701.0,482.0
701.0,497.0
701.0,599.0
701.0,697.0
741.0,701.0
748.0,701.0
702.0,119.0
702.0,191.0
702.0,198.0
702.0,290.0
702.0,396.0
702.0,405.0
702.0,468.0
702.0,469.0
702.0,636.0
702.0,674.0
719.0,702.0
872.0,702.0
935.0,702.0
975.0,702.0
703.0,44.0
703.0,58.0
703.0,70.0
703.0,72.0
703.0,210.0
703.0,251.0
703.0,679.0
726.0,703.0
791.0,703.0
874.0,703.0
913.0,703.0
955.0,703.0
704.0,65.0
704.0,137.0
704.0,328.0
704.0,357.0
704.0,378.0
704.0,473.0
718.0,704.0
794.0,704.0
827.0,704.0
842.0,704.0
977.0,704.0
705.0,0.0
705.0,104.0
705.0,225.0
705.0,244.0
705.0,301.0
705.0,310.0
705.0,365.0
705.0,477.0
705.0,586.0
705.0,634.0
705.0,668.0
721.0,705.0
774.0,705.0
781.0,705.0
798.0,705.0
864.0,705.0
907.0,705.0
706.0,140.0
706.0,473.0
706.0,660.0
706.0,681.0
706.0,685.0
707.0,706.0
707.0,34.0
707.0,66.0
707.0,92.0
707.0,110.0
707.0,174.0
707.0,210.0
707.0,250.0
707.0,336.0
707.0,346.0
707.0,430.0
707.0,511.0
707.0,553.0
732.0,707.0
784.0,707.0
870.0,707.0
913.0,707.0
708.0,121.0
708.0,216.0
708.0,373.0
708.0,436.0
708.0,517.0
708.0,521.0
708.0,646.0
708.0,673.0
708.0,684.0
743.0,708.0
801.0,708.0
878.0,708.0
979.0,708.0
709.0,37.0
709.0,69.0
709.0,209.0
709.0,270.0
709.0,524.0
709.0,541.0
709.0,546.0
782.0,709.0
825.0,709.0
710.0,209.0
710.0,253.0
710.0,330.0
710.0,331.0
710.0,369.0
710.0,377.0
710.0,459.0
710.0,544.0
710.0,587.0
710.0,608.0
710.0,670.0
710.0,709.0
757.0,710.0
851.0,710.0
895.0,710.0
952.0,710.0
711.0,21.0
711.0,118.0
711.0,428.0
711.0,430.0
711.0,465.0
711.0,505.0
711.0,527.0
711.0,579.0
711.0,601.0
737.0,711.0
836.0,711.0
882.0,711.0
904.0,711.0
926.0,711.0
970.0,711.0
712.0,16.0
712.0,118.0
712.0,162.0
712.0,166.0
712.0,209.0
712.0,283.0
712.0,418.0
712.0,435.0
712.0,681.0
712.0,708.0
729.0,712.0
840.0,712.0
938.0,712.0
713.0,63.0
713.0,208.0
713.0,269.0
713.0,280.0
713.0,501.0
713.0,509.0
713.0,668.0
713.0,698.0
846.0,713.0
853.0,713.0
714.0,196.0
714.0,291.0
714.0,425.0
714.0,459.0
714.0,464.0
714.0,588.0
714.0,637.0
714.0,684.0
721.0,714.0
733.0,714.0
744.0,714.0
756.0,714.0
829.0,714.0
888.0,714.0
912.0,714.0
715.0,448.0
715.0,454.0
715.0,471.0
715.0,594.0
715.0,704.0
716.0,137.0
716.0,141.0
716.0,177.0
716.0,182.0
716.0,243.0
716.0,284.0
716.0,304.0
716.0,357.0
716.0,364.0
716.0,551.0
716.0,578.0
716.0,670.0
837.0,716.0
844.0,716.0
879.0,716.0
882.0,716.0
933.0,716.0
936.0,716.0
717.0,158.0
717.0,177.0
717.0,203.0
717.0,224.0
717.0,250.0
717.0,324.0
717.0,330.0
717.0,370.0
717.0,403.0
717.0,438.0
717.0,495.0
717.0,510.0
717.0,512.0
717.0,600.0
717.0,671.0
931.0,717.0
948.0,717.0
718.0,26.0
718.0,96.0
718.0,111.0
718.0,153.0
718.0,366.0
718.0,560.0
718.0,610.0
718.0,635.0
718.0,695.0
808.0,718.0
846.0,718.0
935.0,718.0
980.0,718.0
719.0,24.0
719.0,81.0
719.0,112.0
719.0,324.0
719.0,358.0
719.0,607.0
719.0,626.0
719.0,696.0
758.0,719.0
927.0,719.0
720.0,2.0
720.0,30.0
720.0,67.0
720.0,199.0
720.0,242.0
720.0,277.0
720.0,326.0
720.0,353.0
720.0,440.0
720.0,480.0
720.0,492.0
720.0,498.0
720.0,570.0
720.0,639.0
772.0,720.0
927.0,720.0
721.0,260.0
721.0,342.0
721.0,388.0
721.0,486.0
721.0,610.0
721.0,670.0
721.0,686.0
721.0,701.0
721.0,705.0
757.0,721.0
808.0,721.0
867.0,721.0
722.0,71.0
722.0,152.0
722.0,171.0
722.0,204.0
722.0,250.0
722.0,332.0
722.0,636.0
722.0,705.0
752.0,722.0
757.0,722.0
773.0,722.0
793.0,722.0
913.0,722.0
723.0,108.0
723.0,120.0
723.0,125.0
723.0,130.0
723.0,138.0
723.0,211.0
723.0,259.0
723.0,289.0
723.0,318.0
723.0,383.0
723.0,551.0
723.0,553.0
723.0,614.0
723.0,675.0
723.0,704.0
724.0,723.0
752.0,723.0
839.0,723.0
920.0,723.0
930.0,723.0
954.0,723.0
724.0,74.0
724.0,135.0
724.0,185.0
724.0,247.0
724.0,248.0
724.0,330.0
724.0,426.0
724.0,448.0
724.0,509.0
724.0,513.0
724.0,537.0
724.0,584.0
724.0,715.0
812.0,724.0
858.0,724.0
917.0,724.0
960.0,724.0
725.0,48.0
725.0,339.0
725.0,353.0
725.0,580.0
770.0,725.0
726.0,95.0
726.0,154.0
726.0,338.0
726.0,463.0
726.0,618.0
738.0,726.0
824.0,726.0
852.0,726.0
868.0,726.0
915.0,726.0
985.0,726.0
727.0,0.0
727.0,51.0
727.0,93.0
727.0,200.0
727.0,224.0
727.0,282.0
727.0,398.0
727.0,406.0
727.0,548.0
727.0,668.0
727.0,713.0
760.0,727.0
781.0,727.0
833.0,727.0
871.0,727.0
967.0,727.0
728.0,32.0
728.0,114.0
728.0,144.0
728.0,193.0
728.0,222.0
728.0,297.0
728.0,320.0
728.0,325.0
728.0,429.0
728.0,489.0
728.0,548.0
728.0,602.0
728.0,651.0
728.0,682.0
728.0,718.0
744.0,728.0
882.0,728.0
921.0,728.0
729.0,115.0
729.0,222.0
729.0,282.0
729.0,365.0
729.0,450.0
729.0,484.0
729.0,491.0
729.0,505.0
729.0,646.0
729.0,658.0
729.0,680.0
751.0,729.0
755.0,729.0
765.0,729.0
814.0,729.0
907.0,729.0
730.0,18.0
730.0,83.0
730.0,137.0
730.0,159.0
730.0,267.0
730.0,392.0
730.0,510.0
730.0,581.0
730.0,585.0
730.0,715.0
781.0,730.0
845.0,730.0
872.0,730.0
890.0,730.0
911.0,730.0
924.0,730.0
731.0,3.0
731.0,20.0
731.0,97.0
731.0,126.0
731.0,160.0
731.0,272.0
731.0,334.0
731.0,357.0
731.0,365.0
731.0,429.0
731.0,530.0
731.0,540.0
731.0,549.0
731.0,674.0
731.0,686.0
847.0,731.0
938.0,731.0
976.0,731.0
732.0,118.0
732.0,148.0
732.0,291.0
732.0,308.0
732.0,383.0
732.0,389.0
732.0,456.0
732.0,458.0
732.0,481.0
732.0,491.0
732.0,616.0
732.0,637.0
732.0,674.0
767.0,732.0
791.0,732.0
825.0,732.0
733.0,102.0
733.0,192.0
733.0,220.0
733.0,223.0
733.0,299.0
733.0,348.0
733.0,358.0
733.0,377.0
733.0,454.0
733.0,614.0
733.0,619.0
733.0,672.0
826.0,733.0
872.0,733.0
734.0,261.0
734.0,283.0
734.0,348.0
734.0,355.0
734.0,401.0
734.0,421.0
734.0,490.0
734.0,571.0
761.0,734.0
775.0,734.0
789.0,734.0
955.0,734.0
735.0,41.0
735.0,121.0
735.0,151.0
735.0,166.0
735.0,300.0
735.0,316.0
735.0,414.0
735.0,517.0
735.0,518.0
735.0,554.0
735.0,556.0
735.0,645.0
735.0,677.0
742.0,735.0
796.0,735.0
870.0,735.0
890.0,735.0
960.0,735.0
736.0,26.0
736.0,41.0
736.0,88.0
736.0,98.0
736.0,197.0
736.0,222.0
736.0,420.0
736.0,468.0
736.0,668.0
799.0,736.0
842.0,736.0
893.0,736.0
925.0,736.0
971.0,736.0
737.0,80.0
737.0,459.0
737.0,479.0
738.0,737.0
890.0,737.0
908.0,737.0
914.0,737.0
738.0,85.0
738.0,116.0
738.0,201.0
738.0,217.0
738.0,269.0
738.0,291.0
738.0,385.0
738.0,397.0
738.0,415.0
738.0,438.0
738.0,506.0
738.0,516.0
747.0,738.0
750.0,738.0
760.0,738.0
739.0,64.0
739.0,192.0
739.0,204.0
739.0,359.0
739.0,381.0
739.0,409.0
739.0,508.0
739.0,690.0
782.0,739.0
796.0,739.0
938.0,739.0
740.0,61.0
740.0,107.0
740.0,315.0
740.0,353.0
740.0,595.0
740.0,675.0
768.0,740.0
789.0,740.0
877.0,740.0
949.0,740.0
960.0,740.0
741.0,39.0
741.0,80.0
741.0,93.0
741.0,181.0
741.0,191.0
741.0,217.0
741.0,238.0
741.0,277.0
741.0,362.0
741.0,395.0
741.0,398.0
741.0,475.0
741.0,572.0
741.0,593.0
741.0,616.0
741.0,644.0
903.0,741.0
966.0,741.0
970.0,741.0
742.0,25.0
742.0,96.0
742.0,137.0
742.0,262.0
742.0,300.0
742.0,376.0
742.0,525.0
742.0,608.0
742.0,617.0
768.0,742.0
852.0,742.0
896.0,742.0
942.0,742.0
743.0,16.0
743.0,24.0
743.0,96.0
743.0,165.0
743.0,191.0
743.0,465.0
743.0,567.0
743.0,639.0
744.0,743.0
826.0,743.0
838.0,743.0
844.0,743.0
850.0,743.0
878.0,743.0
899.0,743.0
744.0,12.0
744.0,14.0
744.0,70.0
744.0,71.0
744.0,80.0
744.0,358.0
744.0,408.0
744.0,421.0
744.0,424.0
744.0,482.0
744.0,553.0
744.0,554.0
744.0,675.0
744.0,703.0
744.0,743.0
784.0,744.0
820.0,744.0
862.0,744.0
876.0,744.0
745.0,94.0
745.0,161.0
745.0,164.0
745.0,355.0
745.0,493.0
745.0,539.0
745.0,563.0
745.0,567.0
797.0,745.0
864.0,745.0
866.0,745.0
877.0,745.0
888.0,745.0
974.0,745.0
746.0,266.0
746.0,389.0
746.0,427.0
746.0,430.0
746.0,465.0
746.0,486.0
746.0,536.0
746.0,550.0
797.0,746.0
811.0,746.0
814.0,746.0
856.0,746.0
928.0,746.0
956.0,746.0
747.0,59.0
747.0,78.0
747.0,132.0
747.0,160.0
747.0,202.0
747.0,476.0
747.0,543.0
747.0,600.0
747.0,653.0
784.0,747.0
817.0,747.0
916.0,747.0
924.0,747.0
748.0,60.0
748.0,97.0
748.0,159.0
748.0,390.0
748.0,392.0
748.0,677.0
748.0,706.0
749.0,75.0
749.0,122.0
749.0,306.0
749.0,316.0
749.0,406.0
749.0,549.0
749.0,550.0
749.0,590.0
749.0,627.0
749.0,692.0
749.0,717.0
751.0,749.0
817.0,749.0
829.0,749.0
949.0,749.0
956.0,749.0
750.0,87.0
750.0,265.0
750.0,361.0
750.0,390.0
750.0,563.0
750.0,618.0
750.0,722.0
828.0,750.0
935.0,750.0
751.0,62.0
751.0,80.0
751.0,177.0
751.0,197.0
751.0,207.0
751.0,283.0
751.0,401.0
751.0,485.0
751.0,583.0
751.0,592.0
751.0,607.0
751.0,708.0
751.0,711.0
802.0,751.0
886.0,751.0
752.0,53.0
752.0,70.0
752.0,173.0
752.0,197.0
752.0,267.0
752.0,547.0
752.0,631.0
752.0,748.0
770.0,752.0
799.0,752.0
802.0,752.0
881.0,752.0
939.0,752.0
753.0,58.0
753.0,76.0
753.0,86.0
753.0,101.0
753.0,295.0
753.0,432.0
753.0,569.0
753.0,585.0
753.0,711.0
833.0,753.0
977.0,753.0
754.0,102.0
754.0,131.0
754.0,246.0
754.0,314.0
754.0,338.0
754.0,381.0
754.0,448.0
754.0,449.0
754.0,681.0
819.0,754.0
840.0,754.0
856.0,754.0
874.0,754.0
929.0,754.0
755.0,54.0
755.0,78.0
755.0,103.0
755.0,168.0
755.0,197.0
755.0,253.0
755.0,305.0
755.0,736.0
755.0,743.0
806.0,755.0
894.0,755.0
908.0,755.0
932.0,755.0
756.0,5.0
756.0,82.0
756.0,97.0
756.0,189.0
756.0,329.0
756.0,508.0
756.0,529.0
756.0,639.0
756.0,747.0
831.0,756.0
757.0,115.0
757.0,282.0
757.0,289.0
757.0,337.0
757.0,342.0
757.0,453.0
870.0,757.0
925.0,757.0
943.0,757.0
758.0,152.0
758.0,238.0
758.0,266.0
758.0,293.0
758.0,325.0
758.0,439.0
758.0,458.0
758.0,542.0
758.0,639.0
758.0,653.0
758.0,736.0
842.0,758.0
846.0,758.0
759.0,12.0
759.0,43.0
759.0,192.0
759.0,348.0
759.0,403.0
911.0,759.0
983.0,759.0
760.0,57.0
760.0,136.0
760.0,183.0
760.0,201.0
760.0,238.0
760.0,354.0
760.0,540.0
760.0,612.0
760.0,663.0
760.0,711.0
760.0,735.0
955.0,760.0
983.0,760.0
761.0,13.0
761.0,130.0
761.0,194.0
761.0,332.0
761.0,373.0
761.0,404.0
761.0,524.0
761.0,547.0
761.0,564.0
761.0,584.0
761.0,592.0
761.0,726.0
879.0,761.0
762.0,7.0
762.0,9.0
762.0,48.0
762.0,60.0
762.0,83.0
762.0,274.0
762.0,329.0
762.0,345.0
762.0,357.0
762.0,387.0
762.0,457.0
762.0,458.0
762.0,479.0
762.0,487.0
762.0,647.0
890.0,762.0
763.0,199.0
763.0,376.0
763.0,377.0
763.0,420.0
763.0,484.0
921.0,763.0
764.0,75.0
764.0,142.0
764.0,182.0
764.0,349.0
764.0,371.0
764.0,443.0
764.0,447.0
764.0,574.0
890.0,764.0
904.0,764.0
916.0,764.0
917.0,764.0
765.0,12.0
765.0,101.0
765.0,341.0
765.0,420.0
765.0,461.0
765.0,554.0
765.0,575.0
765.0,609.0
765.0,636.0
765.0,678.0
765.0,735.0
765.0,736.0
765.0,738.0
785.0,765.0
794.0,765.0
872.0,765.0
766.0,1.0
766.0,126.0
766.0,236.0
766.0,246.0
766.0,280.0
766.0,330.0
766.0,388.0
766.0,463.0
766.0,537.0
766.0,538.0
766.0,552.0
766.0,567.0
766.0,631.0
766.0,640.0
766.0,641.0
766.0,659.0
766.0,663.0
766.0,703.0
873.0,766.0
916.0,766.0
932.0,766.0
767.0,82.0
767.0,226.0
767.0,229.0
767.0,413.0
767.0,480.0
767.0,616.0
767.0,679.0
767.0,738.0
767.0,748.0
827.0,767.0
832.0,767.0
844.0,767.0
947.0,767.0
768.0,48.0
768.0,105.0
768.0,220.0
768.0,221.0
768.0,296.0
768.0,306.0
768.0,402.0
768.0,406.0
768.0,477.0
768.0,545.0
768.0,598.0
768.0,732.0
768.0,734.0
768.0,754.0
819.0,768.0
942.0,768.0
947.0,768.0
769.0,90.0
769.0,165.0
769.0,235.0
769.0,276.0
769.0,328.0
769.0,422.0
769.0,612.0
769.0,655.0
769.0,684.0
846.0,769.0
907.0,769.0
983.0,769.0
770.0,81.0
770.0,102.0
770.0,159.0
770.0,187.0
770.0,428.0
770.0,561.0
770.0,592.0
770.0,684.0
807.0,770.0
921.0,770.0
955.0,770.0
771.0,14.0
771.0,56.0
771.0,113.0
771.0,250.0
771.0,389.0
771.0,600.0
771.0,621.0
771.0,641.0
771.0,644.0
771.0,694.0
771.0,714.0
771.0,750.0
897.0,771.0
772.0,36.0
772.0,139.0
772.0,198.0
772.0,323.0
772.0,327.0
772.0,378.0
772.0,471.0
772.0,483.0
772.0,518.0
772.0,585.0
772.0,682.0
772.0,684.0
772.0,712.0
772.0,755.0
772.0,760.0
797.0,772.0
863.0,772.0
773.0,51.0
773.0,190.0
773.0,253.0
773.0,384.0
773.0,463.0
773.0,464.0
773.0,469.0
773.0,571.0
773.0,683.0
773.0,772.0
826.0,773.0
774.0,12.0
774.0,63.0
774.0,72.0
774.0,577.0
815.0,774.0
775.0,8.0
775.0,20.0
775.0,185.0
775.0,284.0
775.0,360.0
775.0,390.0
775.0,485.0
775.0,495.0
775.0,527.0
775.0,613.0
775.0,641.0
775.0,687.0
813.0,775.0
877.0,775.0
882.0,775.0
883.0,775.0
974.0,775.0
776.0,49.0
776.0,98.0
776.0,153.0
776.0,335.0
776.0,374.0
776.0,508.0
776.0,519.0
776.0,626.0
776.0,750.0
779.0,776.0
861.0,776.0
871.0,776.0
907.0,776.0
777.0,105.0
777.0,129.0
777.0,174.0
777.0,190.0
777.0,435.0
777.0,439.0
777.0,489.0
777.0,496.0
777.0,536.0
777.0,642.0
777.0,666.0
807.0,777.0
816.0,777.0
824.0,777.0
778.0,99.0
778.0,190.0
778.0,228.0
778.0,293.0
778.0,632.0
778.0,743.0
882.0,778.0
904.0,778.0
908.0,778.0
779.0,13.0
779.0,139.0
779.0,256.0
779.0,458.0
779.0,550.0
779.0,594.0
779.0,649.0
779.0,740.0
786.0,779.0
810.0,779.0
780.0,24.0
780.0,47.0
780.0,754.0
781.0,157.0
781.0,166.0
781.0,305.0
781.0,584.0
781.0,663.0
781.0,744.0
892.0,781.0
949.0,781.0
971.0,781.0
782.0,11.0
782.0,70.0
782.0,87.0
782.0,177.0
782.0,220.0
782.0,227.0
782.0,417.0
782.0,418.0
881.0,782.0
783.0,152.0
783.0,157.0
783.0,223.0
783.0,276.0
783.0,300.0
783.0,351.0
783.0,412.0
783.0,592.0
783.0,624.0
821.0,783.0
845.0,783.0
846.0,783.0
854.0,783.0
883.0,783.0
964.0,783.0
784.0,5.0
784.0,46.0
784.0,161.0
784.0,343.0
784.0,373.0
784.0,377.0
784.0,413.0
784.0,438.0
784.0,523.0
784.0,752.0
824.0,784.0
895.0,784.0
785.0,68.0
785.0,127.0
785.0,177.0
785.0,213.0
785.0,220.0
785.0,299.0
785.0,301.0
785.0,426.0
785.0,446.0
785.0,656.0
785.0,730.0
944.0,785.0
786.0,62.0
786.0,101.0
786.0,125.0
786.0,342.0
786.0,382.0
786.0,486.0
786.0,536.0
786.0,632.0
786.0,644.0
786.0,662.0
814.0,786.0
858.0,786.0
896.0,786.0
932.0,786.0
787.0,176.0
787.0,193.0
787.0,217.0
787.0,257.0
787.0,289.0
787.0,398.0
787.0,440.0
787.0,539.0
787.0,552.0
787.0,724.0
788.0,253.0
788.0,583.0
788.0,595.0
788.0,767.0
788.0,769.0
981.0,788.0
789.0,189.0
789.0,194.0
789.0,234.0
789.0,267.0
789.0,473.0
789.0,570.0
789.0,626.0
789.0,667.0
789.0,743.0
789.0,772.0
789.0,781.0
832.0,789.0
838.0,789.0
936.0,789.0
970.0,789.0
790.0,53.0
790.0,61.0
790.0,212.0
790.0,290.0
790.0,360.0
790.0,441.0
790.0,541.0
790.0,648.0
790.0,650.0
790.0,703.0
887.0,790.0
902.0,790.0
933.0,790.0
955.0,790.0
973.0,790.0
791.0,79.0
791.0,149.0
791.0,151.0
791.0,190.0
791.0,258.0
791.0,276.0
791.0,317.0
791.0,348.0
791.0,365.0
791.0,420.0
791.0,423.0
791.0,476.0
791.0,662.0
791.0,749.0
791.0,758.0
839.0,791.0
898.0,791.0
915.0,791.0
917.0,791.0
964.0,791.0
792.0,4.0
792.0,92.0
792.0,246.0
792.0,260.0
792.0,569.0
792.0,665.0
792.0,704.0
792.0,743.0
792.0,753.0
815.0,792.0
832.0,792.0
862.0,792.0
909.0,792.0
942.0,792.0
952.0,792.0
970.0,792.0
972.0,792.0
793.0,108.0
793.0,144.0
793.0,159.0
793.0,177.0
793.0,363.0
793.0,376.0
793.0,440.0
793.0,530.0
793.0,554.0
793.0,559.0
793.0,576.0
793.0,648.0
793.0,650.0
793.0,780.0
793.0,787.0
798.0,793.0
899.0,793.0
794.0,142.0
794.0,184.0
794.0,294.0
794.0,303.0
794.0,373.0
794.0,455.0
794.0,483.0
794.0,497.0
794.0,502.0
794.0,529.0
794.0,574.0
794.0,699.0
888.0,794.0
795.0,68.0
795.0,380.0
795.0,447.0
795.0,567.0
795.0,623.0
795.0,641.0
795.0,704.0
795.0,792.0
796.0,42.0
796.0,101.0
796.0,180.0
796.0,309.0
796.0,312.0
796.0,318.0
796.0,507.0
796.0,558.0
796.0,572.0
796.0,613.0
796.0,705.0
796.0,733.0
796.0,742.0
981.0,796.0
797.0,31.0
797.0,49.0
797.0,172.0
797.0,261.0
797.0,312.0
797.0,425.0
797.0,579.0
797.0,586.0
797.0,745.0
798.0,39.0
798.0,242.0
798.0,456.0
798.0,563.0
798.0,596.0
798.0,652.0
798.0,743.0
798.0,754.0
798.0,797.0
863.0,798.0
888.0,798.0
799.0,114.0
799.0,119.0
799.0,121.0
799.0,220.0
799.0,287.0
799.0,382.0
799.0,528.0
799.0,566.0
799.0,592.0
799.0,651.0
799.0,777.0
878.0,799.0
800.0,26.0
800.0,67.0
800.0,145.0
800.0,149.0
800.0,160.0
800.0,363.0
800.0,461.0
800.0,667.0
845.0,800.0
891.0,800.0
913.0,800.0
801.0,68.0
801.0,196.0
801.0,245.0
801.0,361.0
801.0,407.0
801.0,469.0
801.0,478.0
801.0,549.0
801.0,594.0
801.0,596.0
801.0,636.0
801.0,742.0
801.0,772.0
802.0,37.0
802.0,139.0
802.0,299.0
802.0,312.0
802.0,324.0
802.0,342.0
802.0,362.0
802.0,436.0
802.0,536.0
802.0,634.0
802.0,642.0
802.0,681.0
802.0,716.0
802.0,728.0
802.0,730.0
802.0,768.0
871.0,802.0
914.0,802.0
960.0,802.0
982.0,802.0
803.0,56.0
803.0,68.0
803.0,71.0
803.0,130.0
803.0,135.0
803.0,139.0
803.0,384.0
803.0,487.0
803.0,515.0
803.0,601.0
803.0,603.0
803.0,628.0
803.0,630.0
803.0,638.0
803.0,651.0
803.0,699.0
803.0,715.0
803.0,724.0
803.0,731.0
803.0,782.0
803.0,791.0
933.0,803.0
804.0,19.0
804.0,88.0
804.0,112.0
804.0,173.0
804.0,198.0
804.0,537.0
888.0,804.0
920.0,804.0
805.0,7.0
805.0,80.0
805.0,235.0
805.0,257.0
805.0,314.0
805.0,414.0
805.0,428.0
805.0,537.0
805.0,552.0
805.0,601.0
805.0,643.0
805.0,708.0
939.0,805.0
806.0,133.0
806.0,221.0
806.0,294.0
806.0,322.0
806.0,510.0
806.0,629.0
943.0,806.0
807.0,39.0
807.0,89.0
807.0,232.0
807.0,293.0
807.0,378.0
807.0,379.0
807.0,497.0
807.0,524.0
807.0,531.0
807.0,653.0
807.0,654.0
807.0,677.0
807.0,783.0
864.0,807.0
865.0,807.0
866.0,807.0
892.0,807.0
958.0,807.0
808.0,27.0
808.0,70.0
808.0,505.0
808.0,714.0
808.0,806.0
809.0,37.0
809.0,233.0
809.0,275.0
809.0,361.0
809.0,456.0
809.0,466.0
809.0,526.0
809.0,571.0
809.0,608.0
809.0,654.0
809.0,660.0
809.0,668.0
819.0,809.0
923.0,809.0
938.0,809.0
971.0,809.0
810.0,20.0
810.0,109.0
810.0,247.0
810.0,420.0
810.0,547.0
810.0,639.0
810.0,802.0
908.0,810.0
811.0,176.0
811.0,326.0
811.0,331.0
811.0,359.0
811.0,366.0
811.0,372.0
811.0,491.0
811.0,521.0
811.0,671.0
811.0,676.0
811.0,680.0
811.0,752.0
867.0,811.0
871.0,811.0
909.0,811.0
965.0,811.0
969.0,811.0
812.0,116.0
812.0,117.0
812.0,151.0
812.0,361.0
812.0,392.0
812.0,415.0
812.0,490.0
812.0,510.0
812.0,662.0
812.0,724.0
812.0,765.0
812.0,779.0
842.0,812.0
866.0,812.0
904.0,812.0
962.0,812.0
813.0,156.0
813.0,191.0
813.0,216.0
813.0,276.0
813.0,427.0
813.0,489.0
813.0,557.0
813.0,558.0
813.0,566.0
813.0,609.0
813.0,680.0
813.0,698.0
813.0,725.0
814.0,53.0
814.0,55.0
814.0,64.0
814.0,238.0
814.0,436.0
814.0,499.0
814.0,698.0
814.0,730.0
846.0,814.0
865.0,814.0
869.0,814.0
815.0,133.0
815.0,183.0
815.0,211.0
815.0,249.0
815.0,282.0
815.0,373.0
815.0,409.0
815.0,502.0
815.0,765.0
815.0,774.0
815.0,781.0
857.0,815.0
869.0,815.0
921.0,815.0
816.0,39.0
816.0,177.0
816.0,256.0
816.0,328.0
816.0,363.0
816.0,546.0
816.0,597.0
816.0,641.0
816.0,668.0
816.0,735.0
816.0,743.0
816.0,777.0
816.0,782.0
914.0,816.0
956.0,816.0
957.0,816.0
817.0,135.0
817.0,142.0
817.0,239.0
817.0,264.0
817.0,274.0
817.0,335.0
817.0,338.0
817.0,356.0
817.0,495.0
817.0,654.0
817.0,675.0
887.0,817.0
818.0,23.0
818.0,24.0
818.0,36.0
818.0,109.0
818.0,205.0
818.0,342.0
818.0,408.0
818.0,521.0
818.0,539.0
818.0,624.0
818.0,665.0
818.0,765.0
827.0,818.0
867.0,818.0
909.0,818.0
919.0,818.0
819.0,49.0
819.0,105.0
819.0,131.0
819.0,290.0
819.0,628.0
827.0,819.0
833.0,819.0
883.0,819.0
974.0,819.0
820.0,55.0
820.0,68.0
820.0,98.0
820.0,132.0
820.0,264.0
820.0,463.0
820.0,788.0
820.0,808.0
917.0,820.0
821.0,68.0
821.0,283.0
821.0,287.0
821.0,400.0
821.0,429.0
821.0,435.0
821.0,444.0
821.0,510.0
821.0,515.0
821.0,555.0
821.0,768.0
821.0,770.0
821.0,804.0
837.0,821.0
906.0,821.0
912.0,821.0
917.0,821.0
822.0,118.0
822.0,173.0
822.0,182.0
822.0,269.0
822.0,282.0
822.0,394.0
822.0,414.0
822.0,429.0
822.0,504.0
822.0,599.0
822.0,600.0
822.0,732.0
875.0,822.0
823.0,68.0
823.0,173.0
823.0,298.0
823.0,441.0
823.0,523.0
823.0,585.0
823.0,596.0
823.0,751.0
921.0,823.0
824.0,26.0
824.0,90.0
824.0,175.0
824.0,307.0
824.0,310.0
824.0,593.0
824.0,635.0
857.0,824.0
979.0,824.0
825.0,49.0
825.0,104.0
825.0,188.0
825.0,327.0
825.0,392.0
825.0,493.0
825.0,559.0
825.0,617.0
825.0,657.0
825.0,664.0
825.0,736.0
825.0,758.0
892.0,825.0
900.0,825.0
924.0,825.0
826.0,48.0
826.0,276.0
826.0,317.0
826.0,330.0
826.0,437.0
826.0,460.0
826.0,523.0
826.0,701.0
826.0,801.0
881.0,826.0
827.0,20.0
827.0,153.0
827.0,206.0
827.0,255.0
827.0,341.0
827.0,597.0
839.0,827.0
828.0,166.0
828.0,297.0
828.0,391.0
828.0,393.0
828.0,421.0
828.0,496.0
828.0,593.0
828.0,625.0
828.0,735.0
828.0,763.0
828.0,786.0
828.0,788.0
828.0,809.0
858.0,828.0
914.0,828.0
829.0,77.0
829.0,124.0
829.0,164.0
829.0,242.0
829.0,399.0
829.0,420.0
862.0,829.0
915.0,829.0
938.0,829.0
830.0,100.0
830.0,110.0
830.0,199.0
830.0,225.0
830.0,269.0
830.0,339.0
830.0,421.0
830.0,425.0
830.0,429.0
830.0,440.0
830.0,444.0
830.0,486.0
830.0,527.0
830.0,581.0
830.0,642.0
830.0,655.0
830.0,746.0
830.0,760.0
830.0,796.0
905.0,830.0
831.0,220.0
831.0,317.0
831.0,327.0
831.0,480.0
831.0,545.0
831.0,556.0
831.0,581.0
831.0,583.0
831.0,663.0
831.0,704.0
831.0,813.0
955.0,831.0
832.0,155.0
832.0,215.0
832.0,310.0
832.0,337.0
832.0,416.0
832.0,420.0
832.0,528.0
832.0,586.0
832.0,739.0
832.0,742.0
913.0,832.0
928.0,832.0
932.0,832.0
985.0,832.0
833.0,58.0
833.0,81.0
833.0,359.0
833.0,392.0
833.0,435.0
833.0,495.0
833.0,606.0
833.0,643.0
833.0,707.0
861.0,833.0
870.0,833.0
906.0,833.0
922.0,833.0
930.0,833.0
834.0,399.0
834.0,510.0
834.0,531.0
834.0,538.0
834.0,661.0
834.0,793.0
900.0,834.0
928.0,834.0
970.0,834.0
835.0,103.0
835.0,231.0
835.0,240.0
835.0,279.0
835.0,342.0
835.0,368.0
835.0,384.0
835.0,391.0
835.0,440.0
835.0,509.0
835.0,757.0
835.0,814.0
901.0,835.0
915.0,835.0
928.0,835.0
836.0,13.0
836.0,29.0
836.0,285.0
836.0,379.0
836.0,504.0
836.0,532.0
836.0,595.0
836.0,700.0
836.0,817.0
836.0,833.0
848.0,836.0
899.0,836.0
939.0,836.0
837.0,50.0
837.0,110.0
837.0,161.0
837.0,248.0
837.0,349.0
837.0,404.0
837.0,478.0
837.0,650.0
837.0,735.0
837.0,808.0
889.0,837.0
912.0,837.0
838.0,59.0
838.0,118.0
838.0,120.0
838.0,344.0
838.0,388.0
838.0,484.0
838.0,487.0
838.0,595.0
971.0,838.0
839.0,66.0
839.0,237.0
839.0,307.0
839.0,355.0
839.0,408.0
839.0,409.0
839.0,617.0
839.0,674.0
892.0,839.0
840.0,308.0
840.0,541.0
840.0,569.0
840.0,737.0
840.0,770.0
900.0,840.0
918.0,840.0
841.0,122.0
841.0,285.0
841.0,364.0
841.0,448.0
841.0,582.0
841.0,635.0
841.0,696.0
841.0,718.0
842.0,10.0
842.0,22.0
842.0,61.0
842.0,69.0
842.0,87.0
842.0,224.0
842.0,475.0
842.0,513.0
842.0,536.0
842.0,611.0
842.0,675.0
842.0,686.0
842.0,687.0
842.0,827.0
842.0,839.0
927.0,842.0
966.0,842.0
843.0,84.0
843.0,85.0
843.0,220.0
843.0,496.0
843.0,599.0
843.0,640.0
843.0,770.0
843.0,781.0
858.0,843.0
861.0,843.0
929.0,843.0
949.0,843.0
844.0,35.0
844.0,40.0
844.0,429.0
844.0,473.0
844.0,505.0
844.0,624.0
844.0,630.0
844.0,700.0
844.0,778.0
844.0,789.0
845.0,144.0
845.0,184.0
845.0,268.0
845.0,286.0
845.0,327.0
845.0,341.0
845.0,384.0
845.0,531.0
845.0,554.0
845.0,587.0
845.0,627.0
845.0,716.0
845.0,717.0
845.0,766.0
845.0,814.0
898.0,845.0
907.0,845.0
846.0,4.0
846.0,5.0
846.0,115.0
846.0,139.0
846.0,170.0
846.0,481.0
846.0,506.0
846.0,650.0
846.0,691.0
846.0,751.0
881.0,846.0
946.0,846.0
847.0,7.0
847.0,119.0
847.0,225.0
847.0,277.0
847.0,327.0
847.0,394.0
847.0,507.0
847.0,703.0
847.0,722.0
847.0,755.0
847.0,811.0
867.0,847.0
878.0,847.0
898.0,847.0
903.0,847.0
954.0,847.0
848.0,227.0
848.0,263.0
848.0,284.0
848.0,644.0
848.0,654.0
848.0,683.0
848.0,736.0
931.0,848.0
849.0,231.0
849.0,382.0
849.0,526.0
849.0,584.0
849.0,813.0
850.0,32.0
850.0,71.0
850.0,326.0
850.0,333.0
850.0,482.0
850.0,491.0
850.0,621.0
850.0,653.0
850.0,688.0
850.0,746.0
850.0,763.0
850.0,815.0
864.0,850.0
915.0,850.0
851.0,36.0
851.0,65.0
851.0,94.0
851.0,142.0
851.0,291.0
851.0,348.0
851.0,371.0
851.0,378.0
851.0,468.0
851.0,617.0
873.0,851.0
852.0,257.0
852.0,260.0
852.0,268.0
852.0,289.0
852.0,300.0
852.0,302.0
852.0,370.0
852.0,401.0
852.0,498.0
852.0,527.0
852.0,546.0
852.0,657.0
852.0,723.0
852.0,759.0
852.0,762.0
852.0,800.0
852.0,836.0
978.0,852.0
853.0,94.0
853.0,340.0
853.0,476.0
853.0,521.0
853.0,567.0
853.0,740.0
853.0,744.0
854.0,87.0
854.0,205.0
854.0,215.0
854.0,273.0
854.0,314.0
854.0,353.0
854.0,458.0
854.0,462.0
854.0,583.0
854.0,603.0
854.0,695.0
854.0,763.0
854.0,771.0
896.0,854.0
855.0,11.0
855.0,158.0
855.0,266.0
855.0,289.0
855.0,495.0
855.0,577.0
855.0,621.0
855.0,744.0
856.0,54.0
856.0,419.0
856.0,427.0
856.0,718.0
856.0,758.0
856.0,851.0
964.0,856.0
857.0,40.0
857.0,101.0
857.0,182.0
857.0,214.0
857.0,238.0
857.0,487.0
857.0,520.0
857.0,598.0
857.0,652.0
857.0,811.0
857.0,826.0
866.0,857.0
876.0,857.0
967.0,857.0
858.0,259.0
858.0,500.0
858.0,574.0
858.0,630.0
858.0,643.0
881.0,858.0
929.0,858.0
859.0,41.0
859.0,91.0
859.0,118.0
859.0,156.0
859.0,264.0
859.0,384.0
859.0,397.0
859.0,579.0
859.0,737.0
859.0,793.0
859.0,842.0
859.0,847.0
889.0,859.0
860.0,3.0
860.0,80.0
860.0,204.0
860.0,209.0
860.0,218.0
860.0,340.0
860.0,448.0
860.0,524.0
907.0,860.0
910.0,860.0
861.0,358.0
861.0,428.0
861.0,562.0
861.0,565.0
861.0,567.0
861.0,712.0
861.0,758.0
861.0,767.0
861.0,791.0
861.0,801.0
862.0,30.0
862.0,194.0
862.0,409.0
862.0,504.0
862.0,529.0
862.0,559.0
862.0,645.0
862.0,700.0
862.0,834.0
965.0,862.0
863.0,63.0
863.0,158.0
863.0,390.0
863.0,431.0
863.0,547.0
863.0,592.0
863.0,794.0
930.0,863.0
960.0,863.0
976.0,863.0
864.0,125.0
864.0,174.0
864.0,188.0
864.0,196.0
864.0,265.0
864.0,379.0
864.0,481.0
864.0,637.0
864.0,837.0
936.0,864.0
972.0,864.0
865.0,2.0
865.0,14.0
865.0,141.0
865.0,195.0
865.0,203.0
865.0,269.0
865.0,296.0
865.0,344.0
865.0,412.0
865.0,439.0
865.0,444.0
865.0,509.0
865.0,585.0
865.0,705.0
865.0,759.0
865.0,772.0
865.0,804.0
870.0,865.0
877.0,865.0
946.0,865.0
866.0,55.0
866.0,240.0
866.0,290.0
866.0,430.0
866.0,510.0
866.0,577.0
866.0,584.0
866.0,660.0
866.0,743.0
866.0,826.0
866.0,844.0
921.0,866.0
867.0,50.0
867.0,206.0
867.0,321.0
867.0,399.0
867.0,473.0
867.0,592.0
867.0,593.0
867.0,652.0
867.0,681.0
867.0,756.0
867.0,847.0
933.0,867.0
953.0,867.0
868.0,196.0
868.0,227.0
868.0,239.0
868.0,323.0
868.0,381.0
868.0,500.0
868.0,535.0
868.0,635.0
868.0,713.0
868.0,832.0
868.0,844.0
872.0,868.0
930.0,868.0
869.0,63.0
869.0,191.0
869.0,449.0
869.0,521.0
869.0,545.0
869.0,547.0
869.0,672.0
879.0,869.0
870.0,187.0
870.0,310.0
870.0,639.0
870.0,691.0
870.0,724.0
919.0,870.0
871.0,231.0
871.0,248.0
871.0,379.0
871.0,380.0
871.0,441.0
871.0,483.0
871.0,629.0
871.0,630.0
871.0,681.0
871.0,776.0
871.0,791.0
876.0,871.0
872.0,23.0
872.0,158.0
872.0,230.0
872.0,247.0
872.0,258.0
872.0,260.0
872.0,325.0
872.0,345.0
872.0,503.0
872.0,669.0
872.0,758.0
872.0,836.0
873.0,131.0
873.0,152.0
873.0,163.0
873.0,390.0
873.0,485.0
873.0,497.0
873.0,647.0
873.0,700.0
873.0,741.0
873.0,754.0
873.0,771.0
873.0,818.0
873.0,840.0
908.0,873.0
874.0,17.0
874.0,18.0
874.0,21.0
874.0,150.0
874.0,283.0
874.0,662.0
874.0,732.0
875.0,42.0
875.0,114.0
875.0,117.0
875.0,157.0
875.0,231.0
875.0,310.0
875.0,420.0
875.0,447.0
875.0,469.0
875.0,478.0
875.0,537.0
875.0,748.0
875.0,802.0
878.0,875.0
977.0,875.0
876.0,57.0
876.0,58.0
876.0,84.0
876.0,108.0
876.0,172.0
876.0,191.0
876.0,540.0
876.0,849.0
920.0,876.0
877.0,212.0
877.0,474.0
877.0,481.0
877.0,518.0
877.0,682.0
877.0,850.0
947.0,877.0
960.0,877.0
878.0,50.0
878.0,63.0
878.0,99.0
878.0,178.0
878.0,217.0
878.0,444.0
878.0,460.0
878.0,488.0
878.0,519.0
878.0,534.0
878.0,566.0
878.0,642.0
878.0,853.0
913.0,878.0
926.0,878.0
879.0,106.0
879.0,137.0
879.0,153.0
879.0,219.0
879.0,304.0
879.0,313.0
879.0,315.0
879.0,324.0
879.0,366.0
879.0,578.0
879.0,612.0
879.0,664.0
879.0,721.0
879.0,766.0
879.0,784.0
879.0,832.0
879.0,876.0
900.0,879.0
880.0,88.0
880.0,197.0
880.0,380.0
880.0,408.0
880.0,436.0
880.0,537.0
880.0,549.0
880.0,566.0
880.0,602.0
880.0,604.0
880.0,767.0
880.0,809.0
880.0,842.0
880.0,852.0
909.0,880.0
919.0,880.0
881.0,178.0
881.0,255.0
881.0,328.0
881.0,372.0
881.0,480.0
881.0,609.0
881.0,790.0
881.0,801.0
881.0,836.0
881.0,850.0
966.0,881.0
882.0,0.0
882.0,75.0
882.0,216.0
882.0,401.0
882.0,475.0
882.0,604.0
882.0,673.0
882.0,779.0
882.0,878.0
933.0,882.0
939.0,882.0
966.0,882.0
883.0,21.0
883.0,63.0
883.0,187.0
883.0,530.0
883.0,586.0
883.0,702.0
883.0,742.0
883.0,746.0
883.0,778.0
883.0,874.0
950.0,883.0
884.0,127.0
884.0,197.0
884.0,247.0
884.0,373.0
884.0,458.0
884.0,509.0
884.0,521.0
884.0,547.0
884.0,549.0
884.0,550.0
884.0,861.0
963.0,884.0
885.0,19.0
885.0,210.0
885.0,436.0
885.0,475.0
885.0,529.0
885.0,550.0
885.0,592.0
885.0,678.0
885.0,744.0
885.0,796.0
885.0,805.0
885.0,834.0
886.0,54.0
886.0,62.0
886.0,199.0
886.0,258.0
886.0,466.0
886.0,608.0
886.0,644.0
886.0,693.0
886.0,711.0
886.0,781.0
886.0,814.0
897.0,886.0
904.0,886.0
983.0,886.0
887.0,9.0
887.0,41.0
887.0,263.0
887.0,358.0
887.0,388.0
887.0,442.0
887.0,461.0
887.0,472.0
887.0,484.0
887.0,575.0
887.0,579.0
887.0,598.0
887.0,727.0
887.0,742.0
887.0,800.0
887.0,863.0
888.0,101.0
888.0,112.0
888.0,249.0
888.0,420.0
888.0,439.0
888.0,493.0
888.0,523.0
888.0,707.0
888.0,821.0
967.0,888.0
889.0,141.0
889.0,178.0
889.0,395.0
889.0,553.0
889.0,811.0
889.0,827.0
897.0,889.0
906.0,889.0
936.0,889.0
955.0,889.0
890.0,50.0
890.0,320.0
890.0,419.0
890.0,442.0
890.0,451.0
890.0,473.0
890.0,648.0
890.0,833.0
890.0,844.0
890.0,888.0
891.0,890.0
891.0,40.0
891.0,116.0
891.0,123.0
891.0,178.0
891.0,305.0
891.0,492.0
891.0,500.0
891.0,543.0
891.0,552.0
891.0,624.0
891.0,770.0
891.0,779.0
892.0,209.0
892.0,230.0
892.0,237.0
892.0,246.0
892.0,293.0
892.0,314.0
892.0,434.0
892.0,548.0
892.0,653.0
892.0,657.0
892.0,746.0
892.0,844.0
893.0,16.0
893.0,142.0
893.0,446.0
893.0,498.0
893.0,547.0
893.0,577.0
893.0,649.0
893.0,725.0
893.0,757.0
893.0,775.0
893.0,855.0
894.0,215.0
894.0,268.0
894.0,353.0
894.0,385.0
894.0,388.0
894.0,681.0
894.0,703.0
894.0,847.0
894.0,891.0
921.0,894.0
967.0,894.0
895.0,43.0
895.0,237.0
895.0,300.0
895.0,301.0
895.0,348.0
895.0,403.0
895.0,710.0
895.0,734.0
895.0,800.0
895.0,811.0
895.0,848.0
895.0,883.0
896.0,105.0
896.0,114.0
896.0,202.0
896.0,273.0
896.0,281.0
896.0,283.0
896.0,319.0
896.0,393.0
896.0,402.0
896.0,502.0
896.0,578.0
896.0,795.0
896.0,815.0
926.0,896.0
897.0,50.0
897.0,61.0
897.0,115.0
897.0,219.0
897.0,364.0
897.0,475.0
897.0,505.0
897.0,651.0
897.0,880.0
929.0,897.0
898.0,61.0
898.0,249.0
898.0,317.0
898.0,483.0
898.0,515.0
898.0,556.0
898.0,565.0
898.0,673.0
898.0,709.0
898.0,872.0
898.0,875.0
899.0,6.0
899.0,130.0
899.0,131.0
899.0,160.0
899.0,339.0
899.0,358.0
899.0,519.0
899.0,620.0
899.0,775.0
899.0,787.0
899.0,847.0
963.0,899.0
900.0,14.0
900.0,187.0
900.0,305.0
900.0,324.0
900.0,350.0
900.0,370.0
900.0,460.0
900.0,489.0
900.0,511.0
900.0,697.0
900.0,720.0
900.0,738.0
900.0,797.0
900.0,838.0
949.0,900.0
901.0,60.0
901.0,153.0
901.0,162.0
901.0,195.0
901.0,202.0
901.0,250.0
901.0,261.0
901.0,618.0
901.0,757.0
901.0,777.0
947.0,901.0
902.0,172.0
902.0,224.0
902.0,238.0
902.0,309.0
902.0,360.0
902.0,426.0
902.0,594.0
902.0,813.0
902.0,829.0
902.0,830.0
963.0,902.0
903.0,13.0
903.0,41.0
903.0,79.0
903.0,242.0
903.0,406.0
903.0,513.0
903.0,582.0
903.0,717.0
903.0,721.0
903.0,819.0
903.0,853.0
903.0,885.0
973.0,903.0
904.0,47.0
904.0,145.0
904.0,161.0
904.0,225.0
904.0,271.0
904.0,311.0
904.0,446.0
904.0,456.0
904.0,462.0
904.0,565.0
904.0,616.0
904.0,663.0
904.0,719.0
904.0,760.0
904.0,849.0
905.0,8.0
905.0,50.0
905.0,75.0
905.0,178.0
905.0,343.0
905.0,360.0
905.0,365.0
905.0,414.0
905.0,471.0
905.0,561.0
905.0,822.0
920.0,905.0
906.0,220.0
906.0,308.0
906.0,315.0
906.0,371.0
906.0,412.0
906.0,672.0
906.0,736.0
906.0,827.0
907.0,135.0
907.0,169.0
907.0,220.0
907.0,243.0
907.0,311.0
907.0,351.0
907.0,390.0
907.0,472.0
907.0,781.0
914.0,907.0
908.0,25.0
908.0,74.0
908.0,185.0
908.0,309.0
908.0,337.0
908.0,385.0
908.0,500.0
908.0,518.0
908.0,521.0
908.0,642.0
908.0,702.0
908.0,799.0
908.0,807.0
909.0,142.0
909.0,215.0
909.0,223.0
909.0,262.0
909.0,295.0
909.0,365.0
909.0,397.0
909.0,543.0
909.0,657.0
909.0,712.0
910.0,73.0
910.0,223.0
910.0,384.0
910.0,469.0
910.0,558.0
910.0,564.0
910.0,567.0
910.0,694.0
911.0,34.0
911.0,256.0
911.0,289.0
911.0,329.0
911.0,341.0
912.0,115.0
912.0,315.0
912.0,321.0
912.0,454.0
912.0,467.0
912.0,506.0
912.0,528.0
912.0,578.0
912.0,614.0
912.0,785.0
984.0,912.0
913.0,231.0
913.0,315.0
913.0,316.0
913.0,379.0
913.0,411.0
913.0,414.0
913.0,633.0
913.0,670.0
913.0,676.0
913.0,687.0
913.0,783.0
914.0,85.0
914.0,212.0
914.0,258.0
914.0,272.0
914.0,348.0
914.0,487.0
914.0,535.0
914.0,679.0
914.0,691.0
914.0,893.0
915.0,163.0
915.0,244.0
915.0,398.0
915.0,491.0
915.0,509.0
915.0,516.0
915.0,627.0
915.0,854.0
916.0,93.0
916.0,264.0
916.0,392.0
916.0,472.0
916.0,476.0
916.0,485.0
916.0,546.0
916.0,617.0
916.0,627.0
916.0,697.0
916.0,839.0
916.0,859.0
934.0,916.0
917.0,9.0
917.0,178.0
917.0,233.0
917.0,234.0
917.0,266.0
917.0,282.0
917.0,284.0
917.0,444.0
917.0,571.0
917.0,631.0
917.0,713.0
917.0,782.0
918.0,292.0
918.0,313.0
918.0,322.0
918.0,458.0
918.0,581.0
918.0,631.0
918.0,685.0
918.0,852.0
918.0,877.0
918.0,881.0
934.0,918.0
953.0,918.0
919.0,86.0
919.0,303.0
919.0,306.0
919.0,347.0
919.0,349.0
919.0,370.0
919.0,390.0
919.0,416.0
919.0,423.0
919.0,449.0
919.0,521.0
919.0,564.0
919.0,668.0
919.0,804.0
919.0,838.0
919.0,858.0
919.0,901.0
920.0,57.0
920.0,383.0
920.0,412.0
920.0,432.0
920.0,701.0
920.0,714.0
920.0,821.0
920.0,903.0
964.0,920.0
921.0,0.0
921.0,74.0
921.0,99.0
921.0,142.0
921.0,268.0
921.0,411.0
921.0,419.0
921.0,538.0
921.0,720.0
921.0,761.0
921.0,772.0
922.0,51.0
922.0,87.0
922.0,126.0
922.0,168.0
922.0,315.0
922.0,401.0
922.0,402.0
922.0,457.0
922.0,639.0
922.0,641.0
922.0,801.0
922.0,834.0
923.0,130.0
923.0,140.0
923.0,146.0
923.0,202.0
923.0,279.0
923.0,326.0
923.0,471.0
924.0,47.0
924.0,62.0
924.0,235.0
924.0,311.0
924.0,326.0
924.0,410.0
924.0,429.0
924.0,560.0
924.0,586.0
924.0,636.0
924.0,726.0
924.0,727.0
924.0,734.0
924.0,917.0
959.0,924.0
925.0,144.0
925.0,174.0
925.0,263.0
925.0,288.0
925.0,323.0
925.0,353.0
925.0,372.0
925.0,457.0
925.0,590.0
925.0,641.0
925.0,664.0
925.0,711.0
925.0,811.0
925.0,822.0
925.0,904.0
969.0,925.0
926.0,23.0
926.0,42.0
926.0,64.0
926.0,113.0
926.0,267.0
926.0,358.0
926.0,625.0
926.0,786.0
926.0,822.0
926.0,854.0
926.0,878.0
937.0,926.0
960.0,926.0
974.0,926.0
927.0,13.0
927.0,222.0
927.0,399.0
927.0,597.0
927.0,603.0
927.0,766.0
927.0,796.0
927.0,811.0
927.0,905.0
928.0,159.0
928.0,224.0
928.0,390.0
928.0,393.0
928.0,451.0
928.0,626.0
928.0,749.0
929.0,186.0
929.0,274.0
929.0,626.0
929.0,708.0
929.0,787.0
929.0,875.0
930.0,156.0
930.0,161.0
930.0,194.0
930.0,197.0
930.0,336.0
930.0,460.0
930.0,567.0
930.0,817.0
930.0,923.0
931.0,88.0
931.0,91.0
931.0,142.0
931.0,149.0
931.0,191.0
931.0,289.0
931.0,336.0
931.0,422.0
931.0,433.0
931.0,439.0
931.0,554.0
931.0,593.0
931.0,699.0
931.0,787.0
931.0,801.0
931.0,838.0
931.0,885.0
932.0,161.0
932.0,254.0
932.0,351.0
932.0,631.0
932.0,659.0
932.0,755.0
932.0,760.0
932.0,919.0
933.0,257.0
933.0,392.0
933.0,424.0
933.0,427.0
933.0,688.0
933.0,818.0
933.0,886.0
934.0,245.0
934.0,344.0
934.0,379.0
934.0,555.0
934.0,627.0
934.0,660.0
934.0,681.0
934.0,683.0
934.0,768.0
934.0,839.0
948.0,934.0
984.0,934.0
935.0,58.0
935.0,78.0
935.0,181.0
935.0,209.0
935.0,238.0
935.0,367.0
935.0,373.0
935.0,447.0
935.0,483.0
935.0,494.0
935.0,567.0
943.0,935.0
936.0,3.0
936.0,42.0
936.0,88.0
936.0,253.0
936.0,259.0
936.0,308.0
936.0,315.0
936.0,390.0
936.0,480.0
936.0,568.0
936.0,655.0
936.0,713.0
936.0,848.0
937.0,68.0
937.0,115.0
937.0,563.0
937.0,739.0
937.0,761.0
937.0,770.0
937.0,868.0
946.0,937.0
972.0,937.0
938.0,124.0
938.0,201.0
938.0,409.0
938.0,416.0
938.0,421.0
938.0,424.0
938.0,441.0
938.0,486.0
938.0,501.0
938.0,618.0
938.0,649.0
938.0,659.0
938.0,670.0
939.0,148.0
939.0,153.0
939.0,163.0
939.0,164.0
939.0,210.0
939.0,240.0
939.0,251.0
939.0,439.0
939.0,537.0
939.0,751.0
939.0,831.0
939.0,870.0
939.0,889.0
939.0,899.0
940.0,85.0
940.0,118.0
940.0,128.0
940.0,134.0
940.0,270.0
940.0,302.0
940.0,426.0
940.0,460.0
940.0,726.0
940.0,841.0
940.0,899.0
940.0,903.0
940.0,927.0
941.0,225.0
941.0,252.0
941.0,357.0
941.0,358.0
941.0,436.0
941.0,453.0
941.0,470.0
941.0,570.0
941.0,581.0
941.0,705.0
941.0,713.0
941.0,716.0
941.0,744.0
941.0,767.0
941.0,775.0
941.0,842.0
942.0,56.0
942.0,106.0
942.0,253.0
942.0,281.0
942.0,287.0
942.0,330.0
942.0,391.0
942.0,406.0
942.0,453.0
942.0,591.0
942.0,735.0
942.0,857.0
942.0,899.0
942.0,927.0
942.0,930.0
943.0,26.0
943.0,121.0
943.0,302.0
943.0,339.0
943.0,558.0
943.0,575.0
943.0,632.0
943.0,662.0
943.0,715.0
943.0,721.0
944.0,59.0
944.0,115.0
944.0,131.0
944.0,171.0
944.0,173.0
944.0,262.0
944.0,318.0
944.0,399.0
944.0,565.0
944.0,701.0
944.0,894.0
954.0,944.0
945.0,151.0
945.0,222.0
945.0,298.0
945.0,409.0
945.0,772.0
945.0,909.0
955.0,945.0
970.0,945.0
946.0,119.0
946.0,600.0
946.0,656.0
946.0,738.0
946.0,746.0
946.0,793.0
946.0,874.0
946.0,884.0
947.0,6.0
947.0,39.0
947.0,50.0
947.0,142.0
947.0,199.0
947.0,221.0
947.0,248.0
947.0,256.0
947.0,293.0
947.0,447.0
947.0,586.0
947.0,607.0
947.0,608.0
947.0,620.0
947.0,638.0
947.0,646.0
947.0,667.0
947.0,694.0
947.0,856.0
947.0,919.0
948.0,63.0
948.0,100.0
948.0,116.0
948.0,187.0
948.0,210.0
948.0,255.0
948.0,305.0
948.0,370.0
948.0,457.0
948.0,504.0
948.0,687.0
948.0,706.0
948.0,775.0
948.0,843.0
949.0,54.0
949.0,230.0
949.0,285.0
949.0,350.0
949.0,363.0
949.0,481.0
949.0,796.0
949.0,805.0
949.0,851.0
949.0,883.0
950.0,22.0
950.0,43.0
950.0,85.0
950.0,130.0
950.0,277.0
950.0,305.0
950.0,386.0
950.0,483.0
950.0,524.0
950.0,728.0
950.0,750.0
976.0,950.0
951.0,116.0
951.0,230.0
951.0,412.0
951.0,472.0
951.0,521.0
951.0,584.0
951.0,596.0
951.0,757.0
960.0,951.0
952.0,0.0
952.0,29.0
952.0,77.0
952.0,103.0
952.0,571.0
952.0,622.0
952.0,704.0
952.0,734.0
952.0,752.0
952.0,904.0
952.0,945.0
953.0,26.0
953.0,134.0
953.0,152.0
953.0,249.0
953.0,333.0
953.0,387.0
953.0,588.0
953.0,618.0
953.0,763.0
953.0,819.0
971.0,953.0
954.0,372.0
954.0,516.0
954.0,606.0
954.0,627.0
954.0,632.0
954.0,755.0
954.0,825.0
954.0,948.0
955.0,1.0
955.0,25.0
955.0,91.0
955.0,100.0
955.0,107.0
955.0,263.0
955.0,304.0
955.0,340.0
955.0,453.0
955.0,506.0
955.0,507.0
955.0,562.0
955.0,678.0
955.0,736.0
955.0,762.0
955.0,829.0
955.0,848.0
960.0,955.0
967.0,955.0
956.0,29.0
956.0,94.0
956.0,254.0
956.0,527.0
956.0,745.0
956.0,758.0
956.0,799.0
956.0,879.0
957.0,129.0
957.0,154.0
957.0,170.0
957.0,172.0
957.0,272.0
957.0,500.0
957.0,547.0
957.0,552.0
957.0,728.0
957.0,829.0
957.0,854.0
957.0,877.0
973.0,957.0
984.0,957.0
958.0,13.0
958.0,171.0
958.0,323.0
958.0,365.0
958.0,480.0
958.0,537.0
958.0,549.0
958.0,587.0
958.0,612.0
958.0,622.0
958.0,776.0
958.0,814.0
958.0,909.0
977.0,958.0
959.0,87.0
959.0,232.0
959.0,425.0
959.0,471.0
959.0,595.0
959.0,603.0
959.0,611.0
959.0,632.0
959.0,633.0
959.0,636.0
959.0,675.0
959.0,685.0
959.0,750.0
959.0,804.0
959.0,912.0
959.0,928.0
960.0,156.0
960.0,185.0
960.0,197.0
960.0,338.0
960.0,623.0
960.0,707.0
960.0,772.0
961.0,960.0
961.0,3.0
961.0,108.0
961.0,141.0
961.0,167.0
961.0,171.0
961.0,257.0
961.0,337.0
961.0,359.0
961.0,642.0
961.0,680.0
961.0,776.0
961.0,840.0
962.0,13.0
962.0,45.0
962.0,58.0
962.0,137.0
962.0,273.0
962.0,390.0
962.0,457.0
962.0,519.0
962.0,793.0
962.0,823.0
962.0,834.0
962.0,876.0
962.0,902.0
963.0,43.0
963.0,76.0
963.0,129.0
963.0,274.0
963.0,282.0
963.0,289.0
963.0,325.0
963.0,379.0
963.0,557.0
963.0,639.0
963.0,646.0
963.0,770.0
963.0,840.0
963.0,907.0
964.0,26.0
964.0,121.0
964.0,191.0
964.0,259.0
964.0,327.0
964.0,409.0
964.0,655.0
964.0,906.0
965.0,47.0
965.0,51.0
965.0,246.0
965.0,394.0
965.0,399.0
965.0,549.0
965.0,601.0
965.0,619.0
965.0,625.0
965.0,718.0
965.0,753.0
965.0,830.0
966.0,25.0
966.0,54.0
966.0,56.0
966.0,76.0
966.0,131.0
966.0,138.0
966.0,205.0
966.0,207.0
966.0,284.0
966.0,306.0
966.0,377.0
966.0,492.0
966.0,526.0
966.0,584.0
966.0,804.0
966.0,822.0
968.0,966.0
967.0,15.0
967.0,125.0
967.0,150.0
967.0,472.0
967.0,525.0
967.0,606.0
967.0,702.0
967.0,712.0
967.0,716.0
967.0,776.0
967.0,944.0
968.0,9.0
968.0,29.0
968.0,68.0
968.0,76.0
968.0,96.0
968.0,164.0
968.0,235.0
968.0,333.0
968.0,369.0
968.0,687.0
968.0,721.0
968.0,790.0
968.0,892.0
968.0,933.0
968.0,954.0
969.0,45.0
969.0,60.0
969.0,91.0
969.0,276.0
969.0,280.0
969.0,292.0
969.0,311.0
969.0,323.0
969.0,376.0
969.0,445.0
969.0,481.0
969.0,573.0
969.0,617.0
969.0,786.0
980.0,969.0
970.0,61.0
970.0,95.0
970.0,209.0
970.0,335.0
970.0,451.0
970.0,455.0
970.0,467.0
970.0,691.0
970.0,732.0
971.0,33.0
971.0,43.0
971.0,55.0
971.0,89.0
971.0,336.0
971.0,418.0
971.0,463.0
971.0,467.0
971.0,578.0
971.0,637.0
971.0,698.0
971.0,722.0
971.0,778.0
971.0,821.0
971.0,931.0
971.0,970.0
972.0,971.0
972.0,143.0
972.0,273.0
972.0,294.0
972.0,295.0
972.0,353.0
972.0,355.0
972.0,403.0
972.0,487.0
972.0,505.0
972.0,535.0
972.0,578.0
972.0,591.0
972.0,693.0
972.0,794.0
972.0,914.0
973.0,31.0
973.0,179.0
973.0,240.0
973.0,263.0
973.0,356.0
973.0,425.0
973.0,434.0
973.0,559.0
973.0,593.0
973.0,629.0
973.0,655.0
973.0,789.0
973.0,820.0
973.0,830.0
973.0,858.0
974.0,63.0
974.0,85.0
974.0,222.0
974.0,248.0
974.0,280.0
974.0,332.0
974.0,581.0
974.0,589.0
974.0,602.0
974.0,785.0
975.0,33.0
975.0,128.0
975.0,150.0
975.0,178.0
975.0,343.0
975.0,388.0
975.0,417.0
975.0,428.0
975.0,438.0
975.0,468.0
975.0,531.0
975.0,563.0
975.0,570.0
975.0,626.0
975.0,638.0
975.0,862.0
976.0,106.0
976.0,135.0
976.0,348.0
976.0,499.0
976.0,655.0
976.0,707.0
976.0,802.0
976.0,805.0
976.0,826.0
976.0,893.0
976.0,915.0
976.0,964.0
977.0,976.0
977.0,18.0
977.0,58.0
977.0,94.0
977.0,265.0
977.0,293.0
977.0,398.0
977.0,448.0
977.0,609.0
977.0,620.0
977.0,706.0
977.0,868.0
977.0,940.0
977.0,954.0
977.0,965.0
978.0,46.0
978.0,83.0
978.0,273.0
978.0,367.0
978.0,399.0
978.0,473.0
978.0,486.0
978.0,504.0
978.0,561.0
978.0,643.0
978.0,648.0
978.0,885.0
979.0,23.0
979.0,104.0
979.0,117.0
979.0,137.0
979.0,268.0
979.0,355.0
979.0,370.0
979.0,424.0
979.0,427.0
979.0,429.0
979.0,580.0
979.0,666.0
979.0,746.0
979.0,783.0
979.0,821.0
979.0,832.0
979.0,834.0
979.0,857.0
979.0,879.0
980.0,37.0
980.0,68.0
980.0,81.0
980.0,93.0
980.0,102.0
980.0,109.0
980.0,126.0
980.0,418.0
980.0,424.0
980.0,519.0
980.0,734.0
980.0,773.0
980.0,888.0
981.0,141.0
981.0,323.0
981.0,358.0
981.0,390.0
981.0,411.0
981.0,466.0
981.0,529.0
981.0,629.0
981.0,685.0
981.0,713.0
981.0,715.0
981.0,877.0
982.0,4.0
982.0,243.0
982.0,276.0
982.0,280.0
982.0,324.0
982.0,361.0
982.0,473.0
982.0,564.0
982.0,708.0
982.0,935.0
982.0,956.0
982.0,976.0
983.0,12.0
983.0,61.0
983.0,70.0
983.0,141.0
983.0,274.0
983.0,275.0
983.0,376.0
983.0,444.0
983.0,488.0
983.0,510.0
983.0,521.0
983.0,570.0
983.0,586.0
983.0,659.0
983.0,840.0
983.0,881.0
983.0,956.0
984.0,104.0
984.0,148.0
984.0,223.0
984.0,368.0
984.0,463.0
984.0,505.0
984.0,619.0
984.0,622.0
984.0,649.0
984.0,744.0
984.0,832.0
984.0,933.0
985.0,123.0
985.0,178.0
985.0,296.0
985.0,365.0
985.0,467.0
985.0,628.0
985.0,658.0
985.0,664.0
985.0,665.0
985.0,708.0
985.0,781.0
985.0,820.0
0.0,7.0
0.0,9.0
0.0,70.0
0.0,121.0
0.0,172.0
0.0,234.0
0.0,285.0
0.0,347.0
0.0,432.0
0.0,456.0
0.0,493.0
0.0,647.0
0.0,769.0
0.0,776.0
0.0,802.0
0.0,809.0
0.0,884.0
0.0,951.0
0.0,978.0
1.0,48.0
1.0,144.0
1.0,207.0
1.0,227.0
1.0,233.0
1.0,395.0
1.0,432.0
1.0,443.0
1.0,447.0
1.0,495.0
1.0,618.0
1.0,748.0
1.0,848.0
2.0,30.0
2.0,154.0
2.0,209.0
2.0,371.0
2.0,402.0
2.0,572.0
2.0,619.0
2.0,915.0
2.0,918.0
3.0,112.0
3.0,232.0
3.0,635.0
3.0,696.0
3.0,702.0
3.0,724.0
3.0,803.0
3.0,829.0
3.0,860.0
3.0,864.0
3.0,873.0
3.0,981.0
4.0,302.0
4.0,389.0
4.0,475.0
4.0,656.0
4.0,691.0
4.0,980.0
5.0,117.0
5.0,143.0
5.0,165.0
5.0,224.0
5.0,233.0
5.0,260.0
5.0,323.0
5.0,479.0
5.0,482.0
5.0,534.0
5.0,587.0
5.0,630.0
5.0,646.0
5.0,770.0
5.0,832.0
5.0,890.0
6.0,9.0
6.0,37.0
6.0,171.0
6.0,174.0
6.0,238.0
6.0,333.0
6.0,358.0
6.0,388.0
6.0,395.0
6.0,410.0
6.0,609.0
6.0,674.0
6.0,678.0
6.0,691.0
6.0,712.0
6.0,839.0
7.0,25.0
7.0,66.0
7.0,72.0
7.0,166.0
7.0,171.0
7.0,177.0
7.0,214.0
7.0,383.0
7.0,447.0
7.0,456.0
7.0,723.0
7.0,756.0
7.0,943.0
7.0,977.0
8.0,115.0
8.0,137.0
8.0,148.0
8.0,229.0
8.0,333.0
8.0,380.0
8.0,385.0
8.0,545.0
8.0,735.0
8.0,894.0
8.0,910.0
8.0,928.0
9.0,17.0
9.0,58.0
9.0,126.0
9.0,190.0
9.0,375.0
9.0,398.0
9.0,440.0
9.0,463.0
9.0,530.0
9.0,571.0
9.0,891.0
10.0,55.0
10.0,130.0
10.0,181.0
10.0,185.0
10.0,297.0
10.0,308.0
10.0,310.0
10.0,316.0
10.0,436.0
10.0,669.0
10.0,733.0
10.0,803.0
10.0,951.0
10.0,959.0
11.0,54.0
11.0,148.0
11.0,267.0
11.0,278.0
11.0,397.0
11.0,429.0
11.0,452.0
11.0,491.0
11.0,555.0
11.0,571.0
11.0,701.0
11.0,771.0
11.0,806.0
11.0,823.0
11.0,906.0
12.0,81.0
12.0,115.0
12.0,498.0
12.0,745.0
12.0,828.0
12.0,842.0
12.0,927.0
12.0,967.0
13.0,31.0
13.0,50.0
13.0,86.0
13.0,93.0
13.0,96.0
13.0,232.0
13.0,416.0
13.0,493.0
13.0,503.0
13.0,603.0
13.0,753.0
13.0,861.0
13.0,895.0
13.0,948.0
7.0,14.0
14.0,254.0
14.0,278.0
14.0,295.0
14.0,616.0
14.0,619.0
14.0,653.0
14.0,749.0
14.0,761.0
14.0,800.0
14.0,832.0
14.0,950.0
15.0,29.0
15.0,219.0
15.0,251.0
15.0,363.0
15.0,379.0
15.0,384.0
15.0,558.0
15.0,579.0
15.0,656.0
15.0,708.0
15.0,787.0
15.0,813.0
15.0,929.0
7.0,16.0
16.0,114.0
16.0,185.0
16.0,318.0
16.0,349.0
16.0,448.0
16.0,634.0
16.0,721.0
16.0,964.0
13.0,17.0
17.0,125.0
17.0,135.0
17.0,233.0
17.0,320.0
17.0,327.0
17.0,396.0
17.0,427.0
17.0,429.0
17.0,618.0
17.0,797.0
17.0,809.0
17.0,831.0
17.0,919.0
17.0,946.0
18.0,32.0
18.0,123.0
18.0,229.0
18.0,252.0
18.0,273.0
18.0,280.0
18.0,370.0
18.0,468.0
18.0,659.0
18.0,700.0
18.0,809.0
18.0,885.0
18.0,896.0
18.0,915.0
18.0,916.0
19.0,279.0
19.0,280.0
19.0,296.0
19.0,306.0
19.0,430.0
19.0,431.0
19.0,554.0
19.0,717.0
19.0,757.0
19.0,773.0
19.0,780.0
19.0,819.0
19.0,901.0
20.0,281.0
20.0,282.0
20.0,752.0
20.0,805.0
20.0,827.0
15.0,21.0
21.0,139.0
21.0,271.0
21.0,423.0
21.0,485.0
21.0,494.0
9.0,22.0
22.0,64.0
22.0,69.0
22.0,188.0
22.0,293.0
22.0,299.0
22.0,335.0
22.0,469.0
22.0,551.0
22.0,638.0
22.0,640.0
22.0,657.0
22.0,788.0
22.0,875.0
23.0,158.0
23.0,224.0
23.0,250.0
23.0,266.0
23.0,370.0
23.0,477.0
23.0,529.0
23.0,622.0
24.0,113.0
24.0,168.0
24.0,226.0
24.0,293.0
24.0,335.0
24.0,475.0
25.0,43.0
25.0,63.0
25.0,74.0
25.0,79.0
25.0,109.0
25.0,123.0
25.0,219.0
25.0,271.0
25.0,372.0
25.0,504.0
25.0,887.0
3.0,26.0
26.0,90.0
26.0,271.0
26.0,290.0
26.0,320.0
26.0,553.0
26.0,752.0
26.0,779.0
26.0,835.0
26.0,844.0
26.0,863.0
26.0,872.0
26.0,912.0
26.0,940.0
27.0,44.0
27.0,117.0
27.0,137.0
27.0,385.0
27.0,767.0
27.0,949.0
27.0,956.0
0.0,28.0
28.0,74.0
28.0,96.0
28.0,200.0
28.0,211.0
28.0,311.0
28.0,410.0
28.0,498.0
28.0,543.0
28.0,585.0
28.0,599.0
28.0,627.0
28.0,652.0
28.0,729.0
28.0,745.0
28.0,753.0
28.0,768.0
28.0,775.0
28.0,789.0
28.0,800.0
28.0,927.0
29.0,92.0
29.0,197.0
29.0,384.0
29.0,568.0
29.0,671.0
29.0,892.0
29.0,981.0
30.0,199.0
30.0,278.0
30.0,335.0
30.0,380.0
30.0,404.0
30.0,425.0
30.0,464.0
30.0,602.0
30.0,665.0
30.0,673.0
30.0,715.0
30.0,787.0
30.0,860.0
31.0,54.0
31.0,59.0
31.0,122.0
31.0,163.0
31.0,189.0
31.0,203.0
31.0,336.0
31.0,397.0
31.0,457.0
31.0,475.0
31.0,523.0
31.0,547.0
31.0,563.0
32.0,84.0
32.0,107.0
32.0,188.0
32.0,299.0
32.0,372.0
32.0,381.0
32.0,479.0
32.0,537.0
32.0,611.0
32.0,633.0
32.0,676.0
32.0,788.0
32.0,830.0
32.0,903.0
32.0,951.0
33.0,41.0
33.0,133.0
33.0,344.0
33.0,384.0
33.0,535.0
33.0,651.0
33.0,666.0
33.0,716.0
33.0,784.0
33.0,880.0
33.0,924.0
34.0,51.0
34.0,151.0
34.0,192.0
34.0,269.0
34.0,296.0
34.0,364.0
34.0,464.0
34.0,483.0
34.0,659.0
34.0,673.0
34.0,728.0
34.0,767.0
34.0,810.0
34.0,827.0
34.0,886.0
34.0,927.0
34.0,972.0
35.0,39.0
35.0,232.0
35.0,266.0
35.0,358.0
35.0,366.0
35.0,409.0
35.0,740.0
35.0,847.0
35.0,851.0
36.0,81.0
36.0,119.0
36.0,128.0
36.0,158.0
36.0,282.0
36.0,382.0
36.0,385.0
36.0,441.0
36.0,456.0
36.0,650.0
36.0,774.0
36.0,906.0
36.0,908.0
36.0,912.0
36.0,930.0
37.0,152.0
37.0,205.0
37.0,288.0
37.0,394.0
37.0,436.0
37.0,485.0
37.0,499.0
37.0,530.0
37.0,593.0
37.0,611.0
37.0,784.0
37.0,788.0
37.0,867.0
37.0,932.0
38.0,69.0
38.0,153.0
38.0,177.0
38.0,359.0
38.0,401.0
38.0,413.0
38.0,434.0
38.0,534.0
38.0,583.0
38.0,623.0
38.0,837.0
38.0,892.0
39.0,45.0
39.0,67.0
39.0,170.0
39.0,175.0
39.0,231.0
39.0,236.0
39.0,343.0
39.0,473.0
39.0,550.0
39.0,567.0
39.0,622.0
39.0,657.0
39.0,715.0
39.0,730.0
39.0,757.0
39.0,898.0
39.0,984.0
40.0,50.0
40.0,91.0
40.0,100.0
40.0,114.0
40.0,210.0
40.0,220.0
40.0,259.0
40.0,355.0
40.0,425.0
40.0,472.0
40.0,686.0
40.0,734.0
40.0,765.0
40.0,770.0
40.0,793.0
41.0,161.0
41.0,337.0
41.0,385.0
41.0,402.0
41.0,420.0
41.0,614.0
41.0,681.0
41.0,817.0
41.0,824.0
41.0,836.0
41.0,851.0
41.0,951.0
41.0,959.0
41.0,970.0
42.0,49.0
42.0,50.0
42.0,102.0
42.0,140.0
42.0,154.0
42.0,177.0
42.0,205.0
42.0,225.0
42.0,254.0
42.0,312.0
42.0,315.0
42.0,372.0
42.0,453.0
42.0,462.0
42.0,565.0
42.0,604.0
42.0,708.0
42.0,715.0
42.0,767.0
42.0,813.0
42.0,905.0
5.0,43.0
43.0,122.0
43.0,435.0
43.0,465.0
43.0,618.0
43.0,651.0
43.0,687.0
43.0,732.0
43.0,741.0
43.0,793.0
43.0,817.0
43.0,830.0
43.0,850.0
43.0,924.0
44.0,63.0
44.0,108.0
44.0,127.0
44.0,129.0
44.0,201.0
44.0,288.0
44.0,315.0
44.0,380.0
44.0,408.0
44.0,616.0
44.0,644.0
44.0,664.0
44.0,737.0
44.0,869.0
44.0,870.0
44.0,957.0
44.0,981.0
45.0,86.0
45.0,141.0
45.0,182.0
45.0,270.0
45.0,295.0
45.0,313.0
45.0,353.0
45.0,456.0
45.0,519.0
45.0,539.0
45.0,601.0
45.0,622.0
45.0,957.0
46.0,59.0
46.0,74.0
46.0,111.0
46.0,119.0
46.0,222.0
46.0,323.0
46.0,489.0
46.0,607.0
46.0,672.0
46.0,750.0
46.0,828.0
46.0,911.0
46.0,951.0
46.0,962.0
47.0,53.0
47.0,119.0
47.0,166.0
47.0,309.0
47.0,418.0
47.0,439.0
47.0,505.0
47.0,542.0
47.0,682.0
47.0,693.0
47.0,793.0
47.0,802.0
1.0,48.0
48.0,197.0
48.0,266.0
48.0,277.0
48.0,305.0
48.0,401.0
48.0,489.0
48.0,639.0
48.0,667.0
48.0,671.0
48.0,686.0
48.0,697.0
48.0,732.0
48.0,755.0
48.0,823.0
48.0,858.0
48.0,907.0
48.0,939.0
48.0,974.0
49.0,132.0
49.0,252.0
49.0,265.0
49.0,397.0
49.0,465.0
49.0,470.0
49.0,568.0
49.0,619.0
49.0,636.0
49.0,885.0
49.0,899.0
50.0,202.0
50.0,237.0
50.0,365.0
50.0,424.0
50.0,547.0
50.0,617.0
50.0,647.0
50.0,673.0
50.0,859.0
32.0,51.0
51.0,163.0
51.0,474.0
51.0,494.0
51.0,536.0
51.0,623.0
51.0,758.0
51.0,898.0
23.0,52.0
38.0,52.0
52.0,70.0
52.0,105.0
52.0,277.0
52.0,305.0
52.0,386.0
52.0,447.0
52.0,450.0
52.0,779.0
52.0,817.0
52.0,883.0
52.0,889.0
52.0,936.0
52.0,957.0
53.0,113.0
53.0,238.0
53.0,308.0
53.0,352.0
53.0,436.0
53.0,459.0
53.0,548.0
53.0,620.0
53.0,661.0
53.0,912.0
53.0,948.0
37.0,54.0
54.0,101.0
54.0,358.0
54.0,399.0
54.0,407.0
54.0,511.0
54.0,647.0
54.0,703.0
54.0,753.0
55.0,298.0
55.0,406.0
55.0,428.0
55.0,602.0
55.0,730.0
55.0,794.0
55.0,811.0
55.0,824.0
55.0,959.0
56.0,146.0
56.0,365.0
56.0,446.0
56.0,460.0
56.0,614.0
56.0,848.0
56.0,931.0
56.0,938.0
57.0,222.0
57.0,225.0
57.0,279.0
57.0,312.0
57.0,329.0
57.0,417.0
57.0,524.0
57.0,615.0
57.0,666.0
57.0,765.0
57.0,766.0
57.0,912.0
57.0,931.0
57.0,972.0
57.0,985.0
12.0,58.0
35.0,58.0
58.0,230.0
58.0,274.0
58.0,307.0
58.0,601.0
58.0,793.0
58.0,814.0
58.0,958.0
53.0,59.0
59.0,103.0
59.0,171.0
59.0,176.0
59.0,192.0
59.0,355.0
59.0,414.0
59.0,531.0
59.0,648.0
59.0,770.0
59.0,838.0
59.0,853.0
59.0,881.0
59.0,888.0
59.0,983.0
35.0,60.0
60.0,186.0
60.0,189.0
60.0,231.0
60.0,294.0
60.0,315.0
60.0,538.0
60.0,558.0
60.0,584.0
60.0,662.0
60.0,791.0
60.0,827.0
60.0,852.0
60.0,856.0
60.0,888.0
60.0,957.0
12.0,61.0
61.0,182.0
61.0,187.0
61.0,200.0
61.0,236.0
61.0,368.0
61.0,674.0
61.0,794.0
61.0,907.0
62.0,122.0
62.0,166.0
62.0,322.0
62.0,324.0
62.0,439.0
62.0,467.0
62.0,543.0
62.0,637.0
62.0,661.0
62.0,663.0
62.0,695.0
62.0,878.0
56.0,63.0
63.0,253.0
63.0,347.0
63.0,402.0
63.0,525.0
63.0,603.0
63.0,811.0
63.0,863.0
63.0,968.0
64.0,120.0
64.0,135.0
64.0,181.0
64.0,321.0
64.0,728.0
64.0,847.0
65.0,435.0
65.0,481.0
65.0,509.0
65.0,532.0
65.0,711.0
65.0,793.0
65.0,942.0
59.0,66.0
66.0,175.0
66.0,316.0
66.0,327.0
66.0,351.0
66.0,579.0
66.0,768.0
66.0,785.0
66.0,829.0
66.0,839.0
66.0,846.0
66.0,868.0
29.0,67.0
67.0,245.0
67.0,326.0
67.0,602.0
67.0,647.0
67.0,666.0
67.0,803.0
67.0,815.0
67.0,839.0
67.0,868.0
67.0,942.0
21.0,68.0
68.0,83.0
68.0,85.0
68.0,86.0
68.0,180.0
68.0,280.0
68.0,288.0
68.0,441.0
68.0,504.0
68.0,713.0
68.0,723.0
68.0,878.0
68.0,895.0
68.0,924.0
68.0,940.0
68.0,957.0
62.0,69.0
69.0,115.0
69.0,129.0
69.0,136.0
69.0,137.0
69.0,345.0
69.0,411.0
69.0,443.0
69.0,491.0
69.0,563.0
69.0,586.0
69.0,784.0
19.0,70.0
31.0,70.0
70.0,119.0
70.0,289.0
70.0,392.0
70.0,439.0
70.0,784.0
71.0,153.0
71.0,155.0
71.0,247.0
71.0,362.0
71.0,457.0
71.0,466.0
71.0,479.0
71.0,623.0
72.0,163.0
72.0,179.0
72.0,235.0
72.0,306.0
72.0,515.0
72.0,677.0
73.0,458.0
73.0,513.0
73.0,529.0
73.0,695.0
73.0,798.0
73.0,837.0
73.0,883.0
42.0,74.0
74.0,136.0
74.0,140.0
74.0,426.0
74.0,528.0
74.0,581.0
74.0,614.0
74.0,895.0
74.0,896.0
32.0,75.0
75.0,88.0
75.0,259.0
75.0,274.0
75.0,336.0
75.0,342.0
75.0,343.0
75.0,454.0
75.0,503.0
75.0,691.0
75.0,727.0
75.0,802.0
75.0,934.0
75.0,941.0
18.0,76.0
76.0,85.0
76.0,89.0
76.0,116.0
76.0,207.0
76.0,210.0
76.0,512.0
76.0,539.0
76.0,826.0
76.0,886.0
76.0,962.0
76.0,964.0
6.0,77.0
57.0,77.0
77.0,100.0
77.0,107.0
77.0,275.0
77.0,401.0
77.0,431.0
77.0,486.0
77.0,492.0
77.0,626.0
77.0,691.0
77.0,745.0
77.0,826.0
77.0,833.0
77.0,835.0
77.0,943.0
27.0,78.0
59.0,78.0
78.0,119.0
78.0,283.0
78.0,765.0
78.0,801.0
78.0,952.0
78.0,983.0
55.0,79.0
79.0,364.0
79.0,388.0
79.0,563.0
79.0,601.0
79.0,728.0
79.0,898.0
79.0,949.0
79.0,983.0
80.0,446.0
80.0,452.0
80.0,509.0
80.0,626.0
80.0,662.0
80.0,694.0
80.0,752.0
80.0,777.0
80.0,791.0
80.0,811.0
80.0,818.0
80.0,948.0
80.0,965.0
80.0,980.0
81.0,351.0
81.0,359.0
81.0,409.0
81.0,411.0
81.0,640.0
81.0,659.0
81.0,846.0
81.0,946.0
82.0,195.0
82.0,261.0
82.0,263.0
82.0,304.0
82.0,307.0
82.0,449.0
82.0,744.0
82.0,751.0
82.0,816.0
82.0,890.0
82.0,956.0
83.0,129.0
83.0,175.0
83.0,190.0
83.0,353.0
83.0,466.0
83.0,507.0
83.0,514.0
83.0,537.0
83.0,576.0
83.0,605.0
83.0,622.0
83.0,624.0
83.0,710.0
83.0,741.0
83.0,803.0
83.0,815.0
83.0,816.0
84.0,268.0
84.0,324.0
84.0,345.0
84.0,356.0
84.0,407.0
84.0,570.0
84.0,573.0
84.0,577.0
84.0,621.0
84.0,731.0
45.0,85.0
85.0,103.0
85.0,170.0
85.0,275.0
85.0,348.0
85.0,454.0
85.0,469.0
85.0,519.0
85.0,646.0
85.0,672.0
85.0,712.0
85.0,746.0
85.0,884.0
85.0,970.0
86.0,130.0
86.0,193.0
86.0,220.0
86.0,341.0
86.0,399.0
86.0,422.0
86.0,810.0
29.0,87.0
87.0,212.0
87.0,230.0
87.0,293.0
87.0,297.0
87.0,402.0
87.0,431.0
87.0,504.0
87.0,587.0
87.0,588.0
87.0,625.0
87.0,632.0
48.0,88.0
88.0,135.0
88.0,274.0
88.0,414.0
88.0,760.0
88.0,781.0
88.0,879.0
88.0,968.0
7.0,89.0
35.0,89.0
45.0,89.0
58.0,89.0
89.0,114.0
89.0,160.0
89.0,296.0
89.0,339.0
89.0,416.0
89.0,522.0
89.0,808.0
8.0,90.0
53.0,90.0
60.0,90.0
90.0,92.0
90.0,141.0
90.0,241.0
90.0,263.0
90.0,366.0
90.0,445.0
90.0,472.0
90.0,660.0
11.0,91.0
19.0,91.0
63.0,91.0
70.0,91.0
91.0,148.0
91.0,179.0
91.0,194.0
91.0,195.0
91.0,414.0
91.0,624.0
91.0,630.0
91.0,739.0
91.0,819.0
91.0,846.0
91.0,894.0
91.0,965.0
12.0,92.0
21.0,92.0
82.0,92.0
92.0,225.0
92.0,281.0
92.0,306.0
92.0,376.0
92.0,476.0
92.0,789.0
92.0,812.0
92.0,825.0
92.0,914.0
74.0,93.0
93.0,247.0
93.0,498.0
93.0,522.0
93.0,540.0
93.0,546.0
93.0,553.0
93.0,561.0
93.0,660.0
60.0,94.0
94.0,186.0
94.0,187.0
94.0,230.0
94.0,327.0
94.0,396.0
94.0,405.0
94.0,451.0
94.0,468.0
94.0,519.0
94.0,639.0
94.0,653.0
94.0,701.0
94.0,808.0
94.0,879.0
94.0,955.0
51.0,95.0
53.0,95.0
70.0,95.0
80.0,95.0
95.0,255.0
95.0,272.0
95.0,395.0
95.0,568.0
95.0,655.0
95.0,686.0
95.0,688.0
95.0,967.0
14.0,96.0
96.0,230.0
96.0,255.0
96.0,275.0
96.0,352.0
96.0,682.0
96.0,868.0
50.0,97.0
72.0,97.0
83.0,97.0
97.0,98.0
97.0,196.0
97.0,337.0
97.0,347.0
97.0,498.0
97.0,530.0
97.0,593.0
97.0,601.0
97.0,631.0
97.0,637.0
97.0,739.0
97.0,783.0
97.0,796.0
11.0,98.0
98.0,179.0
98.0,180.0
98.0,216.0
98.0,231.0
98.0,250.0
98.0,302.0
98.0,436.0
98.0,860.0
98.0,898.0
98.0,930.0
98.0,939.0
22.0,99.0
99.0,206.0
99.0,719.0
99.0,764.0
99.0,922.0
99.0,934.0
65.0,100.0
100.0,101.0
100.0,233.0
100.0,347.0
100.0,450.0
100.0,481.0
100.0,531.0
100.0,547.0
100.0,617.0
100.0,638.0
100.0,701.0
100.0,832.0
100.0,944.0
101.0,221.0
101.0,235.0
101.0,370.0
101.0,623.0
101.0,693.0
101.0,758.0
101.0,850.0
101.0,881.0
101.0,955.0
77.0,102.0
102.0,128.0
102.0,206.0
102.0,280.0
102.0,414.0
102.0,417.0
102.0,623.0
102.0,730.0
102.0,743.0
102.0,872.0
102.0,883.0
102.0,981.0
37.0,103.0
54.0,103.0
103.0,104.0
103.0,155.0
103.0,308.0
103.0,358.0
103.0,375.0
103.0,388.0
103.0,409.0
103.0,447.0
103.0,551.0
103.0,654.0
103.0,805.0
103.0,878.0
103.0,896.0
103.0,971.0
104.0,195.0
104.0,259.0
104.0,516.0
104.0,571.0
104.0,902.0
104.0,912.0
104.0,916.0
105.0,242.0
105.0,269.0
105.0,305.0
105.0,546.0
105.0,577.0
105.0,614.0
105.0,671.0
105.0,831.0
105.0,875.0
105.0,922.0
101.0,106.0
106.0,386.0
106.0,501.0
106.0,539.0
106.0,553.0
106.0,648.0
106.0,684.0
106.0,869.0
106.0,939.0
106.0,943.0
34.0,107.0
95.0,107.0
107.0,142.0
107.0,239.0
107.0,273.0
107.0,339.0
107.0,360.0
107.0,363.0
107.0,431.0
107.0,537.0
107.0,553.0
107.0,566.0
107.0,630.0
107.0,696.0
107.0,933.0
108.0,220.0
108.0,228.0
108.0,248.0
108.0,413.0
108.0,713.0
108.0,888.0
108.0,908.0
75.0,109.0
76.0,109.0
102.0,109.0
109.0,133.0
109.0,165.0
109.0,231.0
109.0,446.0
109.0,574.0
109.0,582.0
109.0,614.0
109.0,621.0
109.0,631.0
109.0,633.0
109.0,658.0
109.0,667.0
109.0,738.0
109.0,755.0
109.0,765.0
74.0,110.0
110.0,207.0
110.0,221.0
110.0,250.0
110.0,400.0
110.0,490.0
110.0,491.0
110.0,533.0
110.0,580.0
110.0,601.0
110.0,622.0
110.0,630.0
110.0,758.0
110.0,759.0
110.0,766.0
110.0,815.0
110.0,919.0
110.0,940.0
110.0,970.0
111.0,202.0
111.0,220.0
111.0,349.0
111.0,393.0
111.0,526.0
111.0,608.0
111.0,687.0
111.0,720.0
111.0,902.0
111.0,946.0
111.0,951.0
16.0,112.0
62.0,112.0
81.0,112.0
112.0,264.0
112.0,338.0
112.0,606.0
112.0,698.0
80.0,113.0
113.0,131.0
113.0,239.0
113.0,346.0
113.0,435.0
113.0,493.0
113.0,514.0
113.0,536.0
113.0,570.0
113.0,638.0
113.0,797.0
113.0,813.0
113.0,860.0
5.0,114.0
7.0,114.0
90.0,114.0
114.0,230.0
114.0,249.0
114.0,577.0
114.0,723.0
114.0,781.0
114.0,845.0
114.0,851.0
114.0,908.0
114.0,928.0
114.0,982.0
17.0,115.0
41.0,115.0
79.0,115.0
115.0,136.0
115.0,181.0
115.0,428.0
115.0,440.0
115.0,472.0
115.0,527.0
115.0,803.0
61.0,116.0
116.0,237.0
116.0,260.0
116.0,294.0
116.0,300.0
116.0,341.0
116.0,408.0
116.0,421.0
116.0,434.0
116.0,445.0
116.0,568.0
116.0,657.0
116.0,854.0
116.0,897.0
116.0,912.0
12.0,117.0
113.0,117.0
117.0,225.0
117.0,462.0
117.0,715.0
117.0,834.0
117.0,875.0
117.0,980.0
7.0,118.0
95.0,118.0
106.0,118.0
113.0,118.0
118.0,120.0
118.0,155.0
118.0,299.0
118.0,450.0
118.0,453.0
118.0,488.0
118.0,599.0
118.0,613.0
118.0,857.0
118.0,961.0
118.0,975.0
16.0,119.0
19.0,119.0
119.0,176.0
119.0,209.0
119.0,248.0
119.0,271.0
119.0,296.0
119.0,306.0
119.0,371.0
119.0,404.0
119.0,692.0
119.0,722.0
119.0,806.0
119.0,970.0
110.0,120.0
120.0,249.0
120.0,320.0
120.0,346.0
120.0,468.0
120.0,915.0
49.0,121.0
121.0,151.0
121.0,183.0
121.0,215.0
121.0,333.0
121.0,363.0
121.0,392.0
121.0,512.0
121.0,544.0
121.0,586.0
121.0,614.0
121.0,623.0
121.0,917.0
121.0,948.0
122.0,276.0
122.0,335.0
122.0,384.0
122.0,519.0
122.0,737.0
122.0,776.0
122.0,817.0
122.0,847.0
122.0,857.0
123.0,129.0
123.0,162.0
123.0,206.0
123.0,228.0
123.0,230.0
123.0,318.0
123.0,403.0
123.0,451.0
123.0,489.0
123.0,705.0
123.0,714.0
123.0,731.0
123.0,761.0
123.0,788.0
123.0,832.0
123.0,909.0
123.0,923.0
112.0,124.0
124.0,242.0
124.0,254.0
124.0,363.0
124.0,525.0
124.0,576.0
124.0,663.0
124.0,795.0
124.0,892.0
105.0,125.0
116.0,125.0
125.0,169.0
125.0,178.0
125.0,226.0
125.0,335.0
125.0,362.0
125.0,561.0
125.0,574.0
125.0,747.0
125.0,836.0
125.0,949.0
126.0,139.0
126.0,159.0
126.0,229.0
126.0,240.0
126.0,316.0
126.0,382.0
126.0,582.0
126.0,608.0
126.0,634.0
126.0,658.0
126.0,829.0
126.0,874.0
98.0,127.0
127.0,175.0
127.0,191.0
127.0,242.0
127.0,249.0
127.0,333.0
127.0,340.0
127.0,385.0
127.0,487.0
127.0,544.0
127.0,794.0
127.0,804.0
127.0,873.0
127.0,911.0
87.0,128.0
102.0,128.0
128.0,250.0
128.0,337.0
128.0,396.0
128.0,419.0
128.0,426.0
128.0,447.0
128.0,636.0
128.0,743.0
128.0,805.0
128.0,806.0
128.0,968.0
37.0,129.0
48.0,129.0
51.0,129.0
129.0,222.0
129.0,226.0
129.0,326.0
129.0,412.0
129.0,432.0
129.0,465.0
129.0,490.0
129.0,834.0
129.0,915.0
129.0,968.0
98.0,130.0
130.0,176.0
130.0,197.0
130.0,251.0
130.0,347.0
130.0,483.0
130.0,511.0
130.0,690.0
130.0,789.0
130.0,791.0
130.0,820.0
44.0,131.0
85.0,131.0
86.0,131.0
131.0,168.0
131.0,237.0
131.0,291.0
131.0,377.0
131.0,383.0
131.0,414.0
131.0,599.0
131.0,685.0
131.0,844.0
131.0,890.0
131.0,895.0
27.0,132.0
132.0,285.0
132.0,359.0
132.0,592.0
132.0,630.0
132.0,679.0
132.0,805.0
132.0,809.0
59.0,133.0
114.0,133.0
122.0,133.0
133.0,159.0
133.0,276.0
133.0,283.0
133.0,296.0
133.0,381.0
133.0,389.0
133.0,626.0
133.0,672.0
133.0,739.0
133.0,807.0
133.0,834.0
133.0,843.0
133.0,930.0
133.0,952.0
133.0,983.0
134.0,192.0
134.0,247.0
134.0,302.0
134.0,327.0
134.0,394.0
134.0,477.0
134.0,537.0
134.0,545.0
134.0,700.0
134.0,811.0
134.0,838.0
4.0,135.0
135.0,140.0
135.0,192.0
135.0,428.0
135.0,454.0
135.0,494.0
135.0,631.0
135.0,847.0
135.0,862.0
135.0,902.0
75.0,136.0
117.0,136.0
136.0,168.0
136.0,186.0
136.0,206.0
136.0,262.0
136.0,276.0
136.0,313.0
136.0,387.0
136.0,483.0
136.0,751.0
136.0,861.0
136.0,897.0
136.0,937.0
136.0,938.0
136.0,961.0
137.0,214.0
137.0,238.0
137.0,248.0
137.0,645.0
137.0,828.0
137.0,933.0
137.0,936.0
138.0,155.0
138.0,245.0
138.0,482.0
138.0,578.0
138.0,590.0
138.0,782.0
138.0,794.0
138.0,815.0
138.0,886.0
138.0,909.0
138.0,979.0
5.0,139.0
139.0,279.0
139.0,298.0
139.0,330.0
139.0,343.0
139.0,396.0
139.0,498.0
139.0,541.0
139.0,760.0
139.0,839.0
29.0,140.0
140.0,166.0
140.0,178.0
140.0,208.0
140.0,215.0
140.0,243.0
140.0,261.0
140.0,282.0
140.0,289.0
140.0,407.0
140.0,453.0
140.0,496.0
140.0,565.0
140.0,651.0
140.0,700.0
140.0,746.0
140.0,863.0
140.0,879.0
140.0,982.0
64.0,141.0
141.0,153.0
141.0,306.0
141.0,420.0
141.0,435.0
141.0,483.0
141.0,491.0
141.0,525.0
141.0,540.0
141.0,551.0
141.0,613.0
141.0,661.0
141.0,686.0
141.0,897.0
141.0,975.0
97.0,142.0
142.0,144.0
142.0,254.0
142.0,465.0
142.0,578.0
142.0,602.0
142.0,672.0
142.0,682.0
142.0,695.0
142.0,730.0
142.0,821.0
142.0,829.0
142.0,892.0
124.0,143.0
143.0,307.0
143.0,341.0
143.0,516.0
143.0,570.0
143.0,614.0
143.0,623.0
143.0,671.0
143.0,679.0
143.0,784.0
143.0,788.0
143.0,791.0
143.0,961.0
12.0,144.0
17.0,144.0
48.0,144.0
144.0,171.0
144.0,230.0
144.0,245.0
144.0,312.0
144.0,556.0
144.0,670.0
144.0,703.0
144.0,881.0
144.0,887.0
3.0,145.0
145.0,305.0
145.0,473.0
145.0,485.0
145.0,552.0
145.0,557.0
145.0,675.0
145.0,763.0
145.0,776.0
145.0,854.0
145.0,927.0
17.0,146.0
62.0,146.0
128.0,146.0
134.0,146.0
146.0,149.0
146.0,209.0
146.0,347.0
146.0,515.0
146.0,522.0
146.0,524.0
146.0,565.0
97.0,147.0
104.0,147.0
126.0,147.0
147.0,149.0
147.0,368.0
147.0,372.0
147.0,441.0
147.0,494.0
147.0,597.0
147.0,635.0
147.0,854.0
147.0,859.0
46.0,148.0
148.0,402.0
148.0,413.0
148.0,417.0
148.0,436.0
148.0,497.0
148.0,527.0
148.0,922.0
30.0,149.0
43.0,149.0
103.0,149.0
133.0,149.0
149.0,208.0
149.0,247.0
149.0,260.0
149.0,295.0
149.0,310.0
149.0,407.0
149.0,599.0
149.0,610.0
149.0,742.0
149.0,772.0
149.0,782.0
149.0,921.0
150.0,157.0
150.0,258.0
150.0,282.0
150.0,355.0
150.0,406.0
150.0,527.0
150.0,530.0
150.0,573.0
150.0,682.0
150.0,702.0
150.0,981.0
9.0,151.0
107.0,151.0
151.0,154.0
151.0,159.0
151.0,281.0
151.0,373.0
151.0,386.0
151.0,460.0
151.0,514.0
151.0,529.0
151.0,607.0
151.0,733.0
151.0,738.0
151.0,790.0
45.0,152.0
80.0,152.0
122.0,152.0
152.0,195.0
152.0,372.0
152.0,435.0
152.0,437.0
152.0,454.0
152.0,529.0
152.0,612.0
152.0,680.0
152.0,709.0
152.0,823.0
152.0,872.0
0.0,153.0
37.0,153.0
67.0,153.0
129.0,153.0
153.0,218.0
153.0,363.0
153.0,403.0
153.0,711.0
153.0,717.0
153.0,797.0
27.0,154.0
77.0,154.0
140.0,154.0
154.0,302.0
154.0,452.0
154.0,472.0
154.0,540.0
154.0,691.0
154.0,692.0
154.0,755.0
154.0,764.0
154.0,768.0
154.0,850.0
47.0,155.0
69.0,155.0
155.0,195.0
155.0,197.0
155.0,214.0
155.0,297.0
155.0,349.0
155.0,372.0
155.0,446.0
155.0,640.0
155.0,682.0
155.0,745.0
155.0,747.0
155.0,813.0
17.0,156.0
156.0,175.0
156.0,177.0
156.0,263.0
156.0,331.0
156.0,407.0
156.0,443.0
156.0,482.0
156.0,513.0
156.0,528.0
156.0,706.0
156.0,752.0
156.0,914.0
156.0,952.0
156.0,980.0
4.0,157.0
32.0,157.0
157.0,268.0
157.0,292.0
157.0,407.0
157.0,588.0
157.0,643.0
157.0,720.0
157.0,769.0
157.0,788.0
157.0,847.0
157.0,870.0
157.0,883.0
157.0,887.0
157.0,895.0
44.0,158.0
120.0,158.0
128.0,158.0
140.0,158.0
158.0,264.0
158.0,340.0
158.0,341.0
158.0,418.0
158.0,458.0
158.0,555.0
158.0,621.0
158.0,631.0
158.0,727.0
158.0,754.0
158.0,775.0
158.0,852.0
158.0,869.0
158.0,900.0
17.0,159.0
159.0,162.0
159.0,601.0
159.0,649.0
159.0,744.0
24.0,160.0
34.0,160.0
37.0,160.0
81.0,160.0
160.0,197.0
160.0,242.0
160.0,302.0
160.0,459.0
160.0,526.0
160.0,570.0
160.0,598.0
160.0,654.0
160.0,659.0
160.0,662.0
160.0,718.0
160.0,908.0
160.0,969.0
85.0,161.0
161.0,239.0
161.0,321.0
161.0,389.0
161.0,390.0
161.0,448.0
161.0,480.0
161.0,535.0
161.0,640.0
161.0,722.0
161.0,753.0
161.0,778.0
161.0,785.0
161.0,804.0
161.0,859.0
161.0,866.0
161.0,881.0
161.0,906.0
161.0,968.0
45.0,162.0
78.0,162.0
133.0,162.0
159.0,162.0
162.0,309.0
162.0,425.0
162.0,492.0
162.0,519.0
162.0,641.0
162.0,686.0
162.0,698.0
162.0,829.0
162.0,906.0
162.0,920.0
162.0,982.0
117.0,163.0
163.0,194.0
163.0,365.0
163.0,371.0
163.0,381.0
163.0,461.0
163.0,504.0
163.0,539.0
163.0,600.0
163.0,637.0
163.0,642.0
163.0,671.0
163.0,865.0
163.0,867.0
163.0,900.0
163.0,936.0
12.0,164.0
45.0,164.0
164.0,264.0
164.0,272.0
164.0,288.0
164.0,396.0
164.0,397.0
164.0,513.0
164.0,521.0
164.0,734.0
164.0,782.0
164.0,792.0
164.0,823.0
164.0,913.0
164.0,953.0
164.0,982.0
47.0,165.0
65.0,165.0
165.0,238.0
165.0,296.0
165.0,341.0
165.0,390.0
165.0,563.0
165.0,641.0
165.0,655.0
165.0,692.0
165.0,694.0
165.0,784.0
165.0,899.0
21.0,166.0
146.0,166.0
166.0,177.0
166.0,230.0
166.0,277.0
166.0,383.0
166.0,565.0
166.0,593.0
166.0,604.0
166.0,610.0
166.0,663.0
166.0,675.0
166.0,716.0
166.0,849.0
166.0,965.0
5.0,167.0
52.0,167.0
167.0,341.0
167.0,419.0
167.0,453.0
167.0,726.0
167.0,877.0
167.0,906.0
74.0,168.0
150.0,168.0
168.0,203.0
168.0,224.0
168.0,376.0
168.0,412.0
168.0,508.0
168.0,535.0
168.0,544.0
168.0,609.0
168.0,630.0
168.0,648.0
168.0,672.0
168.0,801.0
168.0,854.0
168.0,911.0
25.0,169.0
42.0,169.0
169.0,198.0
169.0,261.0
169.0,285.0
169.0,304.0
169.0,433.0
169.0,482.0
169.0,489.0
169.0,593.0
169.0,633.0
169.0,704.0
169.0,705.0
169.0,713.0
169.0,741.0
169.0,793.0
33.0,170.0
84.0,170.0
170.0,186.0
170.0,201.0
170.0,215.0
170.0,269.0
170.0,317.0
170.0,366.0
170.0,372.0
170.0,380.0
170.0,415.0
170.0,482.0
170.0,536.0
170.0,680.0
170.0,812.0
136.0,171.0
171.0,207.0
171.0,341.0
171.0,368.0
171.0,398.0
171.0,417.0
171.0,522.0
171.0,617.0
171.0,644.0
171.0,691.0
171.0,854.0
171.0,947.0
14.0,172.0
106.0,172.0
144.0,172.0
158.0,172.0
172.0,182.0
172.0,207.0
172.0,244.0
172.0,473.0
172.0,570.0
172.0,660.0
172.0,737.0
172.0,778.0
172.0,882.0
172.0,895.0
172.0,940.0
172.0,964.0
17.0,173.0
20.0,173.0
155.0,173.0
173.0,216.0
173.0,290.0
173.0,359.0
173.0,480.0
173.0,645.0
173.0,676.0
173.0,788.0
173.0,800.0
161.0,174.0
174.0,278.0
174.0,348.0
174.0,396.0
174.0,594.0
174.0,654.0
174.0,812.0
174.0,938.0
14.0,175.0
28.0,175.0
43.0,175.0
64.0,175.0
108.0,175.0
141.0,175.0
175.0,627.0
175.0,676.0
175.0,734.0
175.0,757.0
175.0,951.0
175.0,953.0
27.0,176.0
117.0,176.0
139.0,176.0
176.0,252.0
176.0,322.0
176.0,345.0
176.0,349.0
176.0,389.0
176.0,540.0
176.0,546.0
176.0,566.0
176.0,645.0
176.0,683.0
176.0,686.0
176.0,738.0
176.0,905.0
177.0,302.0
177.0,370.0
177.0,377.0
177.0,550.0
177.0,588.0
177.0,603.0
177.0,610.0
177.0,756.0
177.0,833.0
177.0,849.0
177.0,857.0
177.0,868.0
177.0,870.0
0.0,178.0
160.0,178.0
178.0,209.0
178.0,219.0
178.0,295.0
178.0,304.0
178.0,318.0
178.0,587.0
178.0,736.0
178.0,740.0
178.0,784.0
178.0,810.0
178.0,873.0
178.0,901.0
7.0,179.0
179.0,238.0
179.0,376.0
179.0,459.0
179.0,481.0
179.0,497.0
179.0,555.0
179.0,646.0
179.0,701.0
179.0,824.0
179.0,867.0
179.0,877.0
179.0,964.0
20.0,180.0
144.0,180.0
180.0,445.0
180.0,470.0
180.0,683.0
180.0,704.0
180.0,731.0
180.0,805.0
180.0,902.0
181.0,198.0
181.0,231.0
181.0,313.0
181.0,739.0
181.0,885.0
181.0,904.0
57.0,182.0
115.0,182.0
182.0,217.0
182.0,249.0
182.0,254.0
182.0,324.0
182.0,345.0
182.0,415.0
182.0,515.0
182.0,680.0
182.0,913.0
182.0,950.0
182.0,971.0
182.0,973.0
46.0,183.0
128.0,183.0
143.0,183.0
157.0,183.0
183.0,231.0
183.0,364.0
183.0,415.0
183.0,422.0
183.0,449.0
183.0,453.0
183.0,765.0
183.0,819.0
31.0,184.0
98.0,184.0
174.0,184.0
184.0,241.0
184.0,304.0
184.0,314.0
184.0,360.0
184.0,366.0
184.0,636.0
184.0,673.0
184.0,885.0
184.0,909.0
18.0,185.0
185.0,266.0
185.0,351.0
185.0,419.0
185.0,471.0
185.0,472.0
185.0,646.0
185.0,684.0
185.0,753.0
185.0,768.0
185.0,794.0
185.0,875.0
185.0,905.0
185.0,908.0
185.0,948.0
43.0,186.0
62.0,186.0
138.0,186.0
186.0,367.0
186.0,392.0
186.0,488.0
186.0,590.0
186.0,634.0
186.0,672.0
186.0,745.0
186.0,856.0
186.0,897.0
186.0,927.0
186.0,958.0
186.0,970.0
105.0,187.0
138.0,187.0
187.0,230.0
187.0,310.0
187.0,311.0
187.0,335.0
187.0,353.0
187.0,444.0
187.0,666.0
187.0,751.0
187.0,761.0
187.0,889.0
187.0,960.0
33.0,188.0
71.0,188.0
77.0,188.0
165.0,188.0
185.0,188.0
188.0,203.0
188.0,321.0
188.0,449.0
188.0,462.0
188.0,481.0
188.0,487.0
188.0,583.0
188.0,619.0
188.0,730.0
188.0,812.0
45.0,189.0
67.0,189.0
189.0,266.0
189.0,283.0
189.0,284.0
189.0,292.0
189.0,381.0
189.0,513.0
189.0,572.0
189.0,654.0
189.0,665.0
189.0,880.0
189.0,966.0
61.0,190.0
190.0,289.0
190.0,328.0
190.0,365.0
190.0,385.0
190.0,432.0
190.0,492.0
190.0,514.0
190.0,856.0
120.0,191.0
191.0,245.0
191.0,302.0
191.0,350.0
191.0,353.0
191.0,405.0
191.0,454.0
191.0,473.0
191.0,570.0
191.0,651.0
191.0,775.0
191.0,932.0
17.0,192.0
187.0,192.0
192.0,225.0
192.0,327.0
192.0,372.0
192.0,531.0
192.0,533.0
192.0,591.0
192.0,708.0
192.0,720.0
192.0,736.0
192.0,748.0
192.0,798.0
192.0,802.0
192.0,807.0
192.0,890.0
192.0,976.0
53.0,193.0
193.0,248.0
193.0,371.0
193.0,384.0
193.0,463.0
193.0,658.0
193.0,670.0
193.0,672.0
193.0,676.0
8.0,194.0
13.0,194.0
76.0,194.0
177.0,194.0
194.0,207.0
194.0,217.0
194.0,441.0
194.0,473.0
194.0,588.0
194.0,603.0
194.0,629.0
194.0,748.0
194.0,829.0
194.0,833.0
194.0,919.0
194.0,976.0
194.0,984.0
75.0,195.0
80.0,195.0
150.0,195.0
195.0,240.0
195.0,316.0
195.0,377.0
195.0,467.0
195.0,608.0
195.0,694.0
195.0,794.0
195.0,886.0
148.0,196.0
186.0,196.0
196.0,204.0
196.0,261.0
196.0,308.0
196.0,625.0
196.0,751.0
196.0,763.0
196.0,842.0
196.0,985.0
112.0,197.0
197.0,208.0
197.0,239.0
197.0,361.0
197.0,433.0
197.0,504.0
197.0,518.0
197.0,599.0
197.0,739.0
197.0,755.0
197.0,872.0
197.0,931.0
19.0,198.0
140.0,198.0
198.0,300.0
198.0,355.0
198.0,620.0
198.0,634.0
198.0,668.0
198.0,752.0
198.0,784.0
198.0,792.0
198.0,906.0
198.0,913.0
198.0,927.0
33.0,199.0
45.0,199.0
74.0,199.0
197.0,199.0
199.0,399.0
199.0,516.0
199.0,523.0
199.0,845.0
199.0,892.0
199.0,968.0
199.0,973.0
4.0,200.0
55.0,200.0
148.0,200.0
159.0,200.0
165.0,200.0
200.0,252.0
200.0,457.0
200.0,475.0
200.0,485.0
200.0,490.0
200.0,513.0
200.0,535.0
200.0,555.0
200.0,565.0
200.0,583.0
200.0,606.0
200.0,682.0
200.0,973.0
20.0,201.0
181.0,201.0
185.0,201.0
201.0,207.0
201.0,235.0
201.0,302.0
201.0,307.0
201.0,337.0
201.0,381.0
201.0,415.0
201.0,539.0
201.0,631.0
201.0,701.0
201.0,759.0
201.0,762.0
201.0,863.0
201.0,946.0
4.0,202.0
202.0,263.0
202.0,340.0
202.0,368.0
202.0,582.0
202.0,627.0
202.0,633.0
203.0,332.0
203.0,382.0
203.0,397.0
203.0,456.0
203.0,525.0
203.0,722.0
203.0,734.0
203.0,832.0
3.0,204.0
37.0,204.0
42.0,204.0
49.0,204.0
65.0,204.0
201.0,204.0
204.0,289.0
204.0,416.0
204.0,456.0
204.0,578.0
69.0,205.0
135.0,205.0
159.0,205.0
165.0,205.0
205.0,256.0
205.0,344.0
205.0,523.0
205.0,587.0
205.0,656.0
205.0,713.0
205.0,811.0
205.0,912.0
26.0,206.0
59.0,206.0
91.0,206.0
174.0,206.0
191.0,206.0
206.0,353.0
206.0,516.0
206.0,556.0
206.0,560.0
206.0,732.0
206.0,778.0
206.0,786.0
206.0,916.0
206.0,919.0
77.0,207.0
103.0,207.0
207.0,228.0
207.0,304.0
207.0,426.0
207.0,625.0
207.0,653.0
207.0,697.0
207.0,924.0
28.0,208.0
176.0,208.0
208.0,315.0
208.0,328.0
208.0,354.0
208.0,385.0
208.0,395.0
208.0,475.0
208.0,517.0
208.0,578.0
208.0,799.0
208.0,830.0
208.0,895.0
208.0,937.0
29.0,209.0
78.0,209.0
132.0,209.0
209.0,489.0
209.0,558.0
209.0,639.0
209.0,783.0
209.0,831.0
3.0,210.0
210.0,253.0
210.0,312.0
210.0,501.0
210.0,519.0
210.0,639.0
210.0,686.0
210.0,693.0
210.0,753.0
210.0,799.0
210.0,939.0
36.0,211.0
204.0,211.0
211.0,494.0
211.0,510.0
211.0,548.0
211.0,643.0
211.0,671.0
211.0,724.0
211.0,841.0
211.0,939.0
211.0,947.0
74.0,212.0
93.0,212.0
201.0,212.0
212.0,322.0
212.0,326.0
212.0,459.0
212.0,527.0
212.0,556.0
212.0,616.0
212.0,665.0
212.0,667.0
212.0,670.0
212.0,672.0
212.0,851.0
212.0,980.0
12.0,213.0
123.0,213.0
167.0,213.0
175.0,213.0
176.0,213.0
213.0,241.0
213.0,247.0
213.0,256.0
213.0,564.0
213.0,571.0
213.0,634.0
213.0,691.0
213.0,706.0
213.0,805.0
213.0,939.0
108.0,214.0
127.0,214.0
175.0,214.0
214.0,295.0
214.0,344.0
214.0,543.0
214.0,546.0
214.0,596.0
214.0,665.0
214.0,684.0
214.0,717.0
214.0,782.0
214.0,967.0
40.0,215.0
58.0,215.0
127.0,215.0
215.0,294.0
215.0,382.0
215.0,440.0
215.0,451.0
215.0,525.0
215.0,539.0
215.0,607.0
215.0,615.0
215.0,650.0
215.0,838.0
215.0,930.0
215.0,985.0
82.0,216.0
162.0,216.0
196.0,216.0
216.0,619.0
216.0,817.0
216.0,832.0
162.0,217.0
214.0,217.0
217.0,422.0
217.0,590.0
217.0,595.0
217.0,673.0
217.0,740.0
8.0,218.0
94.0,218.0
137.0,218.0
141.0,218.0
218.0,331.0
218.0,412.0
218.0,545.0
218.0,549.0
218.0,710.0
3.0,219.0
11.0,219.0
35.0,219.0
70.0,219.0
77.0,219.0
94.0,219.0
102.0,219.0
157.0,219.0
219.0,275.0
219.0,288.0
219.0,347.0
219.0,495.0
219.0,664.0
219.0,825.0
219.0,876.0
88.0,220.0
220.0,289.0
220.0,299.0
220.0,367.0
220.0,450.0
220.0,566.0
220.0,576.0
220.0,654.0
220.0,739.0
220.0,765.0
220.0,824.0
220.0,909.0
220.0,917.0
90.0,221.0
136.0,221.0
221.0,259.0
221.0,290.0
221.0,466.0
221.0,499.0
221.0,529.0
221.0,603.0
221.0,607.0
221.0,619.0
221.0,745.0
221.0,977.0
221.0,980.0
213.0,222.0
222.0,262.0
222.0,308.0
222.0,438.0
222.0,454.0
222.0,661.0
222.0,760.0
222.0,829.0
222.0,878.0
222.0,948.0
12.0,223.0
223.0,232.0
223.0,248.0
223.0,267.0
223.0,495.0
223.0,604.0
223.0,647.0
223.0,674.0
223.0,703.0
223.0,724.0
223.0,804.0
223.0,819.0
223.0,952.0
1.0,224.0
40.0,224.0
46.0,224.0
144.0,224.0
224.0,273.0
224.0,328.0
224.0,364.0
224.0,401.0
224.0,441.0
224.0,538.0
224.0,602.0
224.0,632.0
224.0,832.0
224.0,875.0
2.0,225.0
36.0,225.0
66.0,225.0
103.0,225.0
126.0,225.0
153.0,225.0
220.0,225.0
225.0,333.0
225.0,352.0
225.0,360.0
225.0,410.0
225.0,434.0
225.0,437.0
225.0,554.0
225.0,575.0
225.0,847.0
225.0,956.0
30.0,226.0
105.0,226.0
177.0,226.0
226.0,256.0
226.0,262.0
226.0,269.0
226.0,436.0
226.0,440.0
226.0,813.0
226.0,927.0
226.0,929.0
25.0,227.0
30.0,227.0
124.0,227.0
203.0,227.0
227.0,249.0
227.0,276.0
227.0,453.0
227.0,841.0
227.0,945.0
39.0,228.0
93.0,228.0
189.0,228.0
228.0,246.0
228.0,458.0
228.0,525.0
228.0,618.0
228.0,638.0
228.0,758.0
228.0,899.0
228.0,918.0
229.0,257.0
229.0,421.0
229.0,441.0
229.0,504.0
229.0,577.0
229.0,712.0
229.0,729.0
229.0,853.0
229.0,889.0
229.0,917.0
229.0,962.0
229.0,965.0
229.0,975.0
11.0,230.0
58.0,230.0
95.0,230.0
195.0,230.0
230.0,363.0
230.0,405.0
230.0,701.0
230.0,774.0
230.0,874.0
230.0,950.0
230.0,951.0
24.0,231.0
32.0,231.0
231.0,295.0
231.0,363.0
231.0,440.0
231.0,527.0
231.0,540.0
231.0,641.0
231.0,820.0
231.0,845.0
231.0,878.0
231.0,914.0
7.0,232.0
80.0,232.0
93.0,232.0
195.0,232.0
232.0,297.0
232.0,392.0
232.0,411.0
232.0,498.0
232.0,543.0
232.0,544.0
232.0,650.0
232.0,694.0
232.0,741.0
232.0,826.0
232.0,857.0
232.0,954.0
129.0,233.0
135.0,233.0
169.0,233.0
187.0,233.0
198.0,233.0
222.0,233.0
233.0,242.0
233.0,267.0
233.0,339.0
233.0,361.0
233.0,381.0
233.0,476.0
233.0,506.0
233.0,524.0
233.0,550.0
233.0,643.0
233.0,856.0
233.0,937.0
155.0,234.0
182.0,234.0
184.0,234.0
234.0,308.0
234.0,328.0
234.0,342.0
234.0,387.0
234.0,547.0
234.0,630.0
234.0,715.0
234.0,782.0
235.0,291.0
235.0,349.0
235.0,405.0
235.0,460.0
235.0,622.0
235.0,628.0
235.0,639.0
235.0,659.0
235.0,793.0
235.0,820.0
235.0,830.0
235.0,894.0
235.0,899.0
235.0,934.0
235.0,941.0
235.0,964.0
235.0,966.0
54.0,236.0
236.0,272.0
236.0,411.0
236.0,461.0
236.0,703.0
236.0,730.0
236.0,762.0
236.0,824.0
236.0,888.0
236.0,910.0
236.0,960.0
5.0,237.0
10.0,237.0
31.0,237.0
111.0,237.0
237.0,326.0
237.0,482.0
237.0,529.0
237.0,648.0
237.0,779.0
237.0,826.0
237.0,854.0
237.0,901.0
237.0,967.0
92.0,238.0
107.0,238.0
238.0,282.0
238.0,513.0
238.0,521.0
238.0,562.0
238.0,685.0
238.0,774.0
238.0,933.0
35.0,239.0
239.0,454.0
239.0,596.0
239.0,597.0
239.0,613.0
239.0,689.0
239.0,749.0
239.0,907.0
37.0,240.0
50.0,240.0
162.0,240.0
240.0,259.0
240.0,284.0
240.0,373.0
240.0,485.0
240.0,512.0
240.0,608.0
240.0,631.0
240.0,715.0
240.0,733.0
240.0,751.0
240.0,948.0
240.0,949.0
162.0,241.0
172.0,241.0
180.0,241.0
241.0,373.0
241.0,423.0
241.0,845.0
241.0,869.0
241.0,937.0
241.0,959.0
241.0,973.0
37.0,242.0
41.0,242.0
162.0,242.0
184.0,242.0
242.0,299.0
242.0,330.0
242.0,470.0
242.0,475.0
242.0,491.0
242.0,569.0
242.0,579.0
242.0,685.0
242.0,719.0
242.0,785.0
242.0,817.0
242.0,887.0
242.0,924.0
242.0,939.0
108.0,243.0
111.0,243.0
243.0,280.0
243.0,300.0
243.0,331.0
243.0,395.0
243.0,581.0
243.0,587.0
243.0,603.0
243.0,618.0
243.0,681.0
243.0,889.0
50.0,244.0
59.0,244.0
80.0,244.0
164.0,244.0
195.0,244.0
205.0,244.0
224.0,244.0
244.0,326.0
244.0,459.0
244.0,536.0
244.0,552.0
244.0,653.0
244.0,709.0
244.0,785.0
244.0,802.0
244.0,904.0
244.0,974.0
244.0,979.0
244.0,981.0
245.0,304.0
245.0,319.0
245.0,521.0
245.0,559.0
245.0,618.0
245.0,716.0
245.0,798.0
245.0,805.0
245.0,823.0
245.0,851.0
245.0,885.0
245.0,973.0
109.0,246.0
198.0,246.0
246.0,309.0
246.0,439.0
246.0,454.0
246.0,464.0
246.0,477.0
246.0,503.0
246.0,584.0
246.0,775.0
246.0,832.0
246.0,976.0
246.0,978.0
3.0,247.0
143.0,247.0
247.0,464.0
247.0,467.0
247.0,488.0
247.0,540.0
247.0,591.0
109.0,248.0
154.0,248.0
248.0,320.0
248.0,374.0
248.0,406.0
248.0,474.0
248.0,766.0
248.0,807.0
248.0,812.0
103.0,249.0
106.0,249.0
113.0,249.0
123.0,249.0
249.0,254.0
249.0,347.0
249.0,424.0
249.0,467.0
249.0,504.0
249.0,511.0
249.0,633.0
249.0,701.0
249.0,737.0
249.0,766.0
249.0,785.0
249.0,910.0
249.0,937.0
14.0,250.0
250.0,254.0
250.0,298.0
250.0,345.0
250.0,354.0
250.0,460.0
250.0,612.0
250.0,624.0
250.0,662.0
250.0,675.0
250.0,762.0
250.0,780.0
250.0,806.0
250.0,837.0
250.0,850.0
250.0,950.0
66.0,251.0
104.0,251.0
156.0,251.0
184.0,251.0
227.0,251.0
251.0,390.0
251.0,405.0
251.0,443.0
251.0,497.0
251.0,548.0
251.0,695.0
251.0,837.0
251.0,953.0
9.0,252.0
148.0,252.0
154.0,252.0
188.0,252.0
210.0,252.0
211.0,252.0
252.0,262.0
252.0,333.0
252.0,341.0
252.0,574.0
252.0,606.0
252.0,627.0
252.0,689.0
252.0,729.0
252.0,775.0
252.0,799.0
252.0,962.0
29.0,253.0
77.0,253.0
93.0,253.0
134.0,253.0
226.0,253.0
233.0,253.0
253.0,327.0
253.0,345.0
253.0,412.0
253.0,492.0
253.0,536.0
253.0,558.0
253.0,598.0
253.0,727.0
146.0,254.0
193.0,254.0
205.0,254.0
254.0,291.0
254.0,353.0
254.0,540.0
254.0,600.0
254.0,608.0
254.0,619.0
254.0,750.0
254.0,837.0
254.0,870.0
80.0,255.0
119.0,255.0
255.0,286.0
255.0,302.0
255.0,305.0
255.0,350.0
255.0,355.0
255.0,406.0
255.0,529.0
255.0,582.0
255.0,825.0
77.0,256.0
83.0,256.0
85.0,256.0
256.0,259.0
256.0,295.0
256.0,298.0
256.0,397.0
256.0,524.0
256.0,589.0
256.0,719.0
256.0,854.0
256.0,892.0
18.0,257.0
99.0,257.0
161.0,257.0
245.0,257.0
257.0,406.0
257.0,451.0
257.0,599.0
257.0,750.0
257.0,752.0
257.0,878.0
257.0,938.0
257.0,943.0
257.0,975.0
64.0,258.0
106.0,258.0
115.0,258.0
122.0,258.0
212.0,258.0
258.0,361.0
258.0,431.0
258.0,463.0
258.0,483.0
258.0,536.0
258.0,545.0
258.0,615.0
258.0,620.0
258.0,727.0
258.0,824.0
258.0,865.0
258.0,875.0
258.0,897.0
51.0,259.0
259.0,395.0
259.0,485.0
259.0,514.0
259.0,583.0
259.0,630.0
259.0,746.0
259.0,880.0
112.0,260.0
171.0,260.0
179.0,260.0
185.0,260.0
200.0,260.0
248.0,260.0
260.0,399.0
260.0,478.0
260.0,626.0
260.0,681.0
260.0,689.0
260.0,812.0
260.0,829.0
260.0,902.0
260.0,909.0
39.0,261.0
40.0,261.0
142.0,261.0
175.0,261.0
228.0,261.0
261.0,350.0
261.0,437.0
261.0,686.0
261.0,688.0
261.0,772.0
261.0,775.0
261.0,778.0
16.0,262.0
77.0,262.0
87.0,262.0
123.0,262.0
201.0,262.0
262.0,326.0
262.0,462.0
262.0,464.0
262.0,518.0
262.0,534.0
262.0,628.0
262.0,757.0
262.0,785.0
262.0,809.0
262.0,818.0
262.0,948.0
262.0,952.0
30.0,263.0
116.0,263.0
206.0,263.0
263.0,336.0
263.0,491.0
263.0,521.0
263.0,739.0
36.0,264.0
75.0,264.0
131.0,264.0
264.0,346.0
264.0,423.0
264.0,467.0
264.0,546.0
264.0,565.0
264.0,585.0
264.0,616.0
264.0,733.0
264.0,802.0
33.0,265.0
74.0,265.0
187.0,265.0
265.0,415.0
265.0,476.0
265.0,492.0
265.0,509.0
265.0,593.0
265.0,648.0
265.0,754.0
265.0,805.0
265.0,880.0
265.0,887.0
265.0,895.0
130.0,266.0
167.0,266.0
184.0,266.0
220.0,266.0
230.0,266.0
238.0,266.0
266.0,269.0
266.0,276.0
266.0,367.0
266.0,434.0
266.0,492.0
266.0,648.0
266.0,755.0
266.0,756.0
266.0,759.0
266.0,899.0
266.0,907.0
16.0,267.0
147.0,267.0
218.0,267.0
267.0,302.0
267.0,364.0
267.0,514.0
267.0,552.0
267.0,556.0
267.0,571.0
267.0,753.0
267.0,896.0
267.0,940.0
250.0,268.0
268.0,281.0
268.0,327.0
268.0,467.0
268.0,505.0
268.0,525.0
268.0,561.0
268.0,563.0
268.0,598.0
268.0,677.0
268.0,718.0
268.0,807.0
268.0,832.0
268.0,866.0
268.0,881.0
268.0,904.0
268.0,942.0
268.0,980.0
6.0,269.0
69.0,269.0
70.0,269.0
148.0,269.0
181.0,269.0
186.0,269.0
188.0,269.0
225.0,269.0
269.0,610.0
269.0,618.0
269.0,628.0
269.0,650.0
269.0,652.0
269.0,733.0
269.0,763.0
269.0,789.0
269.0,975.0
8.0,270.0
71.0,270.0
88.0,270.0
166.0,270.0
179.0,270.0
270.0,301.0
270.0,337.0
270.0,519.0
270.0,600.0
270.0,846.0
270.0,855.0
270.0,915.0
50.0,271.0
55.0,271.0
271.0,278.0
271.0,350.0
271.0,361.0
271.0,531.0
271.0,671.0
271.0,823.0
271.0,899.0
271.0,962.0
29.0,272.0
147.0,272.0
265.0,272.0
272.0,346.0
272.0,351.0
272.0,439.0
272.0,455.0
272.0,513.0
272.0,615.0
272.0,711.0
54.0,273.0
103.0,273.0
122.0,273.0
273.0,285.0
273.0,339.0
273.0,390.0
273.0,477.0
273.0,487.0
273.0,488.0
273.0,562.0
273.0,732.0
273.0,951.0
273.0,982.0
44.0,274.0
51.0,274.0
85.0,274.0
234.0,274.0
274.0,391.0
274.0,412.0
274.0,494.0
274.0,551.0
274.0,690.0
274.0,824.0
274.0,923.0
129.0,275.0
157.0,275.0
230.0,275.0
275.0,318.0
275.0,569.0
275.0,650.0
275.0,778.0
104.0,276.0
106.0,276.0
145.0,276.0
178.0,276.0
215.0,276.0
276.0,319.0
276.0,410.0
276.0,686.0
276.0,694.0
276.0,852.0
276.0,862.0
276.0,875.0
233.0,277.0
277.0,281.0
277.0,316.0
277.0,351.0
277.0,362.0
277.0,534.0
277.0,619.0
277.0,859.0
277.0,885.0
277.0,911.0
3.0,278.0
19.0,278.0
220.0,278.0
253.0,278.0
278.0,430.0
278.0,525.0
278.0,637.0
278.0,643.0
278.0,683.0
278.0,780.0
278.0,782.0
35.0,279.0
45.0,279.0
66.0,279.0
154.0,279.0
279.0,508.0
279.0,540.0
279.0,556.0
279.0,562.0
279.0,589.0
279.0,684.0
279.0,700.0
279.0,720.0
279.0,972.0
24.0,280.0
94.0,280.0
280.0,383.0
280.0,543.0
280.0,657.0
280.0,736.0
280.0,871.0
97.0,281.0
155.0,281.0
281.0,315.0
281.0,562.0
281.0,618.0
281.0,641.0
281.0,704.0
281.0,730.0
281.0,790.0
281.0,828.0
281.0,888.0
281.0,906.0
281.0,968.0
54.0,282.0
77.0,282.0
129.0,282.0
162.0,282.0
189.0,282.0
282.0,346.0
282.0,419.0
282.0,475.0
282.0,503.0
282.0,572.0
282.0,604.0
282.0,782.0
282.0,848.0
282.0,856.0
282.0,917.0
282.0,953.0
282.0,965.0
24.0,283.0
95.0,283.0
196.0,283.0
245.0,283.0
255.0,283.0
283.0,298.0
283.0,379.0
283.0,602.0
283.0,627.0
283.0,635.0
283.0,639.0
283.0,715.0
283.0,985.0
84.0,284.0
200.0,284.0
249.0,284.0
256.0,284.0
284.0,313.0
284.0,314.0
284.0,453.0
284.0,461.0
284.0,528.0
284.0,729.0
284.0,764.0
284.0,871.0
284.0,956.0
284.0,960.0
189.0,285.0
268.0,285.0
285.0,344.0
285.0,355.0
285.0,442.0
285.0,460.0
285.0,510.0
285.0,543.0
285.0,700.0
42.0,286.0
286.0,405.0
286.0,426.0
286.0,818.0
286.0,837.0
286.0,867.0
286.0,905.0
286.0,941.0
287.0,317.0
287.0,366.0
287.0,589.0
287.0,631.0
287.0,919.0
217.0,288.0
288.0,418.0
288.0,470.0
288.0,545.0
288.0,564.0
288.0,635.0
288.0,667.0
288.0,695.0
288.0,790.0
288.0,884.0
131.0,289.0
181.0,289.0
289.0,331.0
289.0,566.0
289.0,613.0
289.0,692.0
289.0,712.0
289.0,719.0
289.0,772.0
289.0,793.0
289.0,855.0
289.0,907.0
289.0,913.0
289.0,917.0
7.0,290.0
149.0,290.0
247.0,290.0
290.0,317.0
290.0,382.0
290.0,454.0
290.0,464.0
290.0,596.0
290.0,749.0
290.0,862.0
290.0,891.0
290.0,985.0
117.0,291.0
244.0,291.0
272.0,291.0
280.0,291.0
291.0,460.0
291.0,520.0
291.0,593.0
291.0,732.0
291.0,779.0
291.0,921.0
291.0,948.0
291.0,969.0
291.0,985.0
103.0,292.0
221.0,292.0
243.0,292.0
283.0,292.0
292.0,328.0
292.0,330.0
292.0,391.0
292.0,617.0
292.0,787.0
292.0,880.0
292.0,962.0
81.0,293.0
230.0,293.0
261.0,293.0
293.0,327.0
293.0,375.0
293.0,399.0
293.0,524.0
293.0,596.0
293.0,602.0
293.0,687.0
293.0,875.0
71.0,294.0
87.0,294.0
294.0,354.0
294.0,365.0
294.0,501.0
294.0,505.0
294.0,578.0
294.0,662.0
294.0,743.0
294.0,827.0
294.0,854.0
294.0,893.0
294.0,945.0
66.0,295.0
120.0,295.0
125.0,295.0
195.0,295.0
203.0,295.0
236.0,295.0
295.0,305.0
295.0,352.0
295.0,511.0
295.0,548.0
295.0,725.0
295.0,746.0
295.0,767.0
295.0,971.0
121.0,296.0
135.0,296.0
194.0,296.0
209.0,296.0
246.0,296.0
277.0,296.0
296.0,299.0
296.0,373.0
296.0,520.0
296.0,609.0
296.0,667.0
296.0,740.0
296.0,768.0
296.0,890.0
296.0,912.0
54.0,297.0
56.0,297.0
97.0,297.0
158.0,297.0
163.0,297.0
297.0,421.0
297.0,479.0
297.0,652.0
297.0,833.0
297.0,852.0
297.0,887.0
297.0,945.0
38.0,298.0
130.0,298.0
245.0,298.0
298.0,351.0
298.0,454.0
298.0,579.0
298.0,591.0
298.0,626.0
298.0,674.0
298.0,767.0
298.0,963.0
33.0,299.0
75.0,299.0
110.0,299.0
117.0,299.0
212.0,299.0
229.0,299.0
261.0,299.0
299.0,307.0
299.0,321.0
299.0,435.0
299.0,514.0
299.0,675.0
299.0,745.0
299.0,775.0
299.0,985.0
23.0,300.0
30.0,300.0
159.0,300.0
300.0,377.0
300.0,385.0
300.0,436.0
300.0,447.0
300.0,498.0
300.0,561.0
300.0,578.0
300.0,580.0
300.0,581.0
300.0,704.0
300.0,729.0
300.0,783.0
300.0,798.0
300.0,810.0
300.0,857.0
300.0,874.0
1.0,301.0
59.0,301.0
211.0,301.0
222.0,301.0
239.0,301.0
290.0,301.0
301.0,555.0
301.0,601.0
301.0,744.0
301.0,969.0
33.0,302.0
217.0,302.0
252.0,302.0
293.0,302.0
302.0,307.0
302.0,372.0
302.0,515.0
302.0,660.0
302.0,713.0
302.0,727.0
302.0,799.0
302.0,927.0
302.0,949.0
25.0,303.0
114.0,303.0
122.0,303.0
178.0,303.0
303.0,319.0
303.0,373.0
303.0,430.0
303.0,472.0
303.0,524.0
303.0,643.0
303.0,665.0
303.0,746.0
303.0,772.0
303.0,866.0
303.0,956.0
65.0,304.0
130.0,304.0
192.0,304.0
304.0,354.0
304.0,411.0
304.0,421.0
304.0,602.0
304.0,679.0
304.0,704.0
121.0,305.0
305.0,391.0
305.0,794.0
305.0,818.0
305.0,902.0
305.0,949.0
34.0,306.0
120.0,306.0
271.0,306.0
306.0,357.0
306.0,389.0
306.0,428.0
306.0,522.0
306.0,534.0
306.0,848.0
306.0,897.0
306.0,955.0
306.0,969.0
306.0,975.0
7.0,307.0
25.0,307.0
132.0,307.0
227.0,307.0
274.0,307.0
307.0,312.0
307.0,352.0
307.0,390.0
307.0,402.0
307.0,414.0
307.0,467.0
307.0,581.0
307.0,592.0
307.0,608.0
307.0,615.0
307.0,804.0
307.0,943.0
307.0,962.0
222.0,308.0
308.0,389.0
308.0,434.0
308.0,653.0
308.0,750.0
308.0,983.0
11.0,309.0
70.0,309.0
261.0,309.0
309.0,467.0
309.0,468.0
309.0,512.0
309.0,670.0
309.0,709.0
309.0,729.0
309.0,805.0
309.0,849.0
309.0,881.0
88.0,310.0
246.0,310.0
250.0,310.0
256.0,310.0
288.0,310.0
310.0,431.0
310.0,626.0
39.0,311.0
94.0,311.0
160.0,311.0
168.0,311.0
187.0,311.0
269.0,311.0
285.0,311.0
305.0,311.0
311.0,353.0
311.0,439.0
311.0,493.0
311.0,504.0
311.0,514.0
311.0,581.0
311.0,609.0
311.0,666.0
311.0,961.0
150.0,312.0
219.0,312.0
247.0,312.0
312.0,411.0
312.0,454.0
312.0,516.0
312.0,521.0
312.0,730.0
312.0,818.0
312.0,920.0
20.0,313.0
28.0,313.0
54.0,313.0
110.0,313.0
150.0,313.0
228.0,313.0
313.0,368.0
313.0,466.0
313.0,523.0
313.0,562.0
313.0,664.0
313.0,692.0
313.0,891.0
313.0,937.0
313.0,983.0
150.0,314.0
209.0,314.0
291.0,314.0
314.0,345.0
314.0,387.0
314.0,541.0
314.0,561.0
314.0,593.0
314.0,693.0
314.0,707.0
314.0,738.0
314.0,836.0
314.0,968.0
9.0,315.0
139.0,315.0
211.0,315.0
239.0,315.0
315.0,382.0
315.0,420.0
315.0,447.0
315.0,528.0
315.0,654.0
315.0,674.0
315.0,701.0
315.0,710.0
315.0,884.0
17.0,316.0
316.0,339.0
316.0,388.0
316.0,473.0
316.0,520.0
316.0,619.0
316.0,754.0
5.0,317.0
64.0,317.0
102.0,317.0
164.0,317.0
317.0,403.0
317.0,603.0
317.0,697.0
317.0,720.0
317.0,887.0
317.0,940.0
317.0,941.0
174.0,318.0
203.0,318.0
240.0,318.0
282.0,318.0
300.0,318.0
318.0,408.0
318.0,451.0
318.0,462.0
318.0,531.0
318.0,564.0
318.0,599.0
318.0,733.0
318.0,801.0
318.0,928.0
318.0,972.0
174.0,319.0
183.0,319.0
298.0,319.0
319.0,408.0
319.0,582.0
319.0,649.0
319.0,697.0
319.0,724.0
319.0,815.0
319.0,977.0
251.0,320.0
254.0,320.0
302.0,320.0
315.0,320.0
320.0,361.0
320.0,431.0
320.0,458.0
320.0,579.0
320.0,669.0
320.0,756.0
320.0,982.0
55.0,321.0
160.0,321.0
321.0,502.0
321.0,714.0
13.0,322.0
149.0,322.0
226.0,322.0
272.0,322.0
322.0,326.0
322.0,606.0
322.0,941.0
2.0,323.0
18.0,323.0
160.0,323.0
276.0,323.0
323.0,405.0
323.0,447.0
323.0,515.0
323.0,667.0
323.0,706.0
323.0,865.0
323.0,938.0
323.0,979.0
32.0,324.0
42.0,324.0
121.0,324.0
201.0,324.0
211.0,324.0
282.0,324.0
284.0,324.0
324.0,365.0
324.0,414.0
324.0,427.0
324.0,490.0
324.0,511.0
324.0,551.0
324.0,592.0
324.0,621.0
324.0,649.0
324.0,869.0
324.0,933.0
87.0,325.0
89.0,325.0
188.0,325.0
204.0,325.0
279.0,325.0
282.0,325.0
313.0,325.0
325.0,416.0
325.0,420.0
325.0,443.0
325.0,475.0
325.0,566.0
325.0,593.0
325.0,693.0
325.0,706.0
325.0,714.0
325.0,793.0
325.0,940.0
325.0,985.0
34.0,326.0
50.0,326.0
75.0,326.0
93.0,326.0
159.0,326.0
186.0,326.0
258.0,326.0
322.0,326.0
326.0,477.0
326.0,503.0
326.0,614.0
326.0,689.0
24.0,327.0
62.0,327.0
78.0,327.0
82.0,327.0
295.0,327.0
327.0,337.0
327.0,405.0
327.0,421.0
327.0,561.0
327.0,578.0
327.0,679.0
327.0,745.0
327.0,812.0
328.0,389.0
328.0,685.0
328.0,783.0
328.0,862.0
328.0,870.0
2.0,329.0
40.0,329.0
108.0,329.0
116.0,329.0
153.0,329.0
223.0,329.0
264.0,329.0
290.0,329.0
329.0,377.0
329.0,473.0
329.0,548.0
329.0,814.0
329.0,842.0
329.0,887.0
49.0,330.0
76.0,330.0
118.0,330.0
177.0,330.0
330.0,351.0
330.0,429.0
330.0,431.0
330.0,533.0
330.0,650.0
330.0,682.0
330.0,771.0
330.0,772.0
330.0,836.0
330.0,977.0
330.0,981.0
33.0,331.0
230.0,331.0
331.0,343.0
331.0,460.0
331.0,527.0
331.0,663.0
331.0,672.0
190.0,332.0
200.0,332.0
332.0,389.0
332.0,390.0
332.0,397.0
332.0,459.0
332.0,468.0
332.0,568.0
332.0,696.0
332.0,730.0
332.0,853.0
332.0,981.0
164.0,333.0
193.0,333.0
224.0,333.0
239.0,333.0
333.0,368.0
333.0,390.0
333.0,412.0
333.0,588.0
333.0,925.0
42.0,334.0
97.0,334.0
138.0,334.0
183.0,334.0
312.0,334.0
334.0,436.0
334.0,441.0
334.0,560.0
334.0,604.0
334.0,645.0
334.0,844.0
334.0,847.0
334.0,885.0
334.0,962.0
50.0,335.0
79.0,335.0
91.0,335.0
311.0,335.0
335.0,522.0
335.0,693.0
335.0,714.0
335.0,782.0
21.0,336.0
157.0,336.0
229.0,336.0
336.0,363.0
336.0,374.0
336.0,380.0
336.0,391.0
336.0,503.0
336.0,513.0
336.0,633.0
336.0,777.0
125.0,337.0
180.0,337.0
183.0,337.0
271.0,337.0
282.0,337.0
310.0,337.0
337.0,464.0
337.0,480.0
337.0,491.0
337.0,688.0
337.0,794.0
337.0,841.0
337.0,870.0
337.0,979.0
44.0,338.0
80.0,338.0
107.0,338.0
222.0,338.0
237.0,338.0
338.0,395.0
338.0,502.0
338.0,548.0
338.0,557.0
338.0,639.0
338.0,864.0
338.0,874.0
12.0,339.0
62.0,339.0
153.0,339.0
161.0,339.0
184.0,339.0
339.0,454.0
339.0,461.0
339.0,492.0
339.0,496.0
339.0,505.0
339.0,649.0
339.0,705.0
339.0,766.0
339.0,931.0
339.0,940.0
339.0,978.0
11.0,340.0
74.0,340.0
259.0,340.0
324.0,340.0
340.0,343.0
340.0,382.0
340.0,515.0
340.0,579.0
340.0,592.0
340.0,593.0
340.0,611.0
340.0,931.0
340.0,951.0
340.0,976.0
19.0,341.0
20.0,341.0
99.0,341.0
121.0,341.0
168.0,341.0
206.0,341.0
243.0,341.0
341.0,351.0
341.0,359.0
341.0,412.0
341.0,514.0
341.0,557.0
341.0,805.0
341.0,871.0
341.0,956.0
78.0,342.0
79.0,342.0
94.0,342.0
197.0,342.0
198.0,342.0
330.0,342.0
342.0,401.0
342.0,473.0
342.0,548.0
342.0,805.0
342.0,821.0
342.0,823.0
342.0,835.0
342.0,852.0
342.0,899.0
206.0,343.0
247.0,343.0
253.0,343.0
343.0,414.0
343.0,475.0
343.0,518.0
343.0,524.0
343.0,543.0
343.0,550.0
343.0,703.0
343.0,751.0
343.0,755.0
343.0,876.0
343.0,884.0
51.0,344.0
179.0,344.0
214.0,344.0
274.0,344.0
327.0,344.0
344.0,371.0
344.0,455.0
344.0,482.0
344.0,550.0
344.0,704.0
344.0,817.0
344.0,928.0
1.0,345.0
47.0,345.0
345.0,388.0
345.0,544.0
345.0,606.0
345.0,733.0
345.0,912.0
345.0,947.0
52.0,346.0
131.0,346.0
176.0,346.0
343.0,346.0
346.0,497.0
346.0,505.0
346.0,572.0
346.0,624.0
346.0,625.0
346.0,817.0
346.0,929.0
303.0,347.0
323.0,347.0
330.0,347.0
347.0,482.0
347.0,502.0
347.0,569.0
347.0,781.0
13.0,348.0
195.0,348.0
250.0,348.0
348.0,354.0
348.0,378.0
348.0,500.0
348.0,816.0
348.0,846.0
348.0,871.0
348.0,946.0
348.0,959.0
78.0,349.0
177.0,349.0
185.0,349.0
254.0,349.0
302.0,349.0
349.0,419.0
349.0,487.0
349.0,514.0
349.0,627.0
349.0,742.0
349.0,763.0
349.0,846.0
349.0,878.0
349.0,914.0
349.0,924.0
349.0,939.0
39.0,350.0
158.0,350.0
243.0,350.0
313.0,350.0
350.0,533.0
350.0,709.0
350.0,810.0
350.0,857.0
50.0,351.0
92.0,351.0
122.0,351.0
241.0,351.0
246.0,351.0
291.0,351.0
345.0,351.0
346.0,351.0
351.0,522.0
351.0,586.0
351.0,674.0
351.0,725.0
351.0,981.0
98.0,352.0
160.0,352.0
166.0,352.0
348.0,352.0
352.0,367.0
352.0,391.0
352.0,429.0
352.0,470.0
352.0,477.0
352.0,519.0
352.0,610.0
352.0,661.0
352.0,794.0
352.0,820.0
352.0,896.0
352.0,947.0
352.0,958.0
352.0,966.0
124.0,353.0
219.0,353.0
353.0,395.0
353.0,553.0
353.0,588.0
353.0,771.0
353.0,836.0
353.0,898.0
113.0,354.0
137.0,354.0
149.0,354.0
354.0,359.0
354.0,424.0
354.0,471.0
354.0,475.0
354.0,480.0
354.0,647.0
354.0,691.0
354.0,961.0
82.0,355.0
97.0,355.0
189.0,355.0
193.0,355.0
204.0,355.0
207.0,355.0
248.0,355.0
260.0,355.0
269.0,355.0
296.0,355.0
355.0,471.0
355.0,634.0
355.0,771.0
105.0,356.0
124.0,356.0
166.0,356.0
213.0,356.0
237.0,356.0
284.0,356.0
339.0,356.0
356.0,679.0
356.0,828.0
356.0,908.0
21.0,357.0
71.0,357.0
129.0,357.0
357.0,494.0
357.0,503.0
357.0,543.0
357.0,556.0
357.0,622.0
357.0,694.0
357.0,719.0
357.0,803.0
357.0,811.0
357.0,910.0
357.0,949.0
357.0,971.0
190.0,358.0
291.0,358.0
358.0,387.0
358.0,397.0
358.0,403.0
358.0,438.0
358.0,453.0
358.0,457.0
358.0,514.0
358.0,729.0
358.0,778.0
358.0,891.0
225.0,359.0
251.0,359.0
261.0,359.0
359.0,511.0
359.0,542.0
359.0,715.0
359.0,779.0
359.0,785.0
359.0,827.0
5.0,360.0
8.0,360.0
103.0,360.0
116.0,360.0
271.0,360.0
357.0,360.0
360.0,435.0
360.0,555.0
360.0,673.0
360.0,742.0
360.0,833.0
360.0,834.0
360.0,871.0
177.0,361.0
277.0,361.0
279.0,361.0
310.0,361.0
361.0,388.0
361.0,424.0
361.0,437.0
361.0,493.0
361.0,722.0
361.0,773.0
361.0,874.0
361.0,887.0
361.0,899.0
361.0,960.0
361.0,974.0
361.0,982.0
50.0,362.0
125.0,362.0
149.0,362.0
225.0,362.0
301.0,362.0
320.0,362.0
335.0,362.0
355.0,362.0
362.0,435.0
362.0,441.0
362.0,526.0
362.0,531.0
362.0,559.0
362.0,566.0
362.0,678.0
362.0,781.0
362.0,794.0
141.0,363.0
200.0,363.0
363.0,468.0
363.0,480.0
363.0,485.0
363.0,627.0
363.0,703.0
363.0,818.0
363.0,834.0
363.0,837.0
363.0,879.0
28.0,364.0
101.0,364.0
115.0,364.0
364.0,385.0
364.0,428.0
364.0,576.0
364.0,646.0
364.0,772.0
364.0,799.0
364.0,906.0
364.0,912.0
184.0,365.0
193.0,365.0
209.0,365.0
274.0,365.0
347.0,365.0
365.0,389.0
365.0,422.0
365.0,589.0
365.0,607.0
365.0,895.0
365.0,924.0
262.0,366.0
366.0,783.0
366.0,833.0
366.0,942.0
67.0,367.0
108.0,367.0
110.0,367.0
367.0,403.0
367.0,607.0
367.0,640.0
367.0,735.0
367.0,878.0
367.0,889.0
3.0,368.0
30.0,368.0
37.0,368.0
131.0,368.0
354.0,368.0
364.0,368.0
368.0,479.0
368.0,494.0
368.0,618.0
368.0,814.0
368.0,856.0
368.0,891.0
3.0,369.0
81.0,369.0
212.0,369.0
333.0,369.0
369.0,407.0
369.0,526.0
369.0,538.0
369.0,539.0
369.0,555.0
369.0,571.0
369.0,605.0
369.0,613.0
369.0,642.0
369.0,821.0
369.0,822.0
369.0,951.0
369.0,969.0
24.0,370.0
32.0,370.0
68.0,370.0
110.0,370.0
125.0,370.0
167.0,370.0
302.0,370.0
366.0,370.0
370.0,418.0
370.0,562.0
370.0,722.0
370.0,736.0
370.0,768.0
370.0,881.0
370.0,890.0
370.0,891.0
370.0,918.0
370.0,941.0
122.0,371.0
172.0,371.0
371.0,456.0
371.0,608.0
371.0,631.0
371.0,732.0
371.0,854.0
20.0,372.0
122.0,372.0
261.0,372.0
281.0,372.0
295.0,372.0
330.0,372.0
372.0,624.0
372.0,738.0
372.0,930.0
372.0,972.0
18.0,373.0
118.0,373.0
207.0,373.0
354.0,373.0
373.0,406.0
373.0,454.0
373.0,471.0
373.0,531.0
373.0,609.0
373.0,721.0
373.0,734.0
373.0,768.0
373.0,851.0
373.0,908.0
373.0,924.0
373.0,926.0
373.0,927.0
373.0,964.0
373.0,975.0
115.0,374.0
193.0,374.0
213.0,374.0
294.0,374.0
298.0,374.0
310.0,374.0
314.0,374.0
317.0,374.0
363.0,374.0
371.0,374.0
374.0,375.0
374.0,380.0
374.0,391.0
374.0,442.0
374.0,632.0
374.0,659.0
374.0,707.0
374.0,967.0
374.0,980.0
75.0,375.0
84.0,375.0
148.0,375.0
222.0,375.0
262.0,375.0
282.0,375.0
375.0,617.0
375.0,670.0
375.0,779.0
375.0,805.0
375.0,806.0
375.0,836.0
375.0,859.0
216.0,376.0
227.0,376.0
376.0,495.0
376.0,572.0
376.0,597.0
376.0,659.0
376.0,740.0
20.0,377.0
66.0,377.0
144.0,377.0
350.0,377.0
377.0,500.0
377.0,555.0
377.0,673.0
377.0,776.0
377.0,799.0
377.0,875.0
4.0,378.0
259.0,378.0
288.0,378.0
378.0,397.0
378.0,464.0
378.0,630.0
378.0,666.0
378.0,673.0
378.0,764.0
378.0,963.0
4.0,379.0
81.0,379.0
167.0,379.0
243.0,379.0
302.0,379.0
379.0,412.0
379.0,525.0
379.0,576.0
379.0,600.0
379.0,731.0
379.0,774.0
379.0,810.0
379.0,863.0
106.0,380.0
182.0,380.0
216.0,380.0
284.0,380.0
364.0,380.0
380.0,510.0
380.0,557.0
380.0,560.0
380.0,670.0
380.0,677.0
380.0,810.0
380.0,862.0
380.0,882.0
380.0,925.0
380.0,964.0
129.0,381.0
151.0,381.0
292.0,381.0
343.0,381.0
380.0,381.0
381.0,413.0
381.0,636.0
381.0,690.0
381.0,746.0
381.0,764.0
381.0,849.0
381.0,891.0
67.0,382.0
347.0,382.0
382.0,515.0
382.0,527.0
382.0,528.0
382.0,578.0
382.0,598.0
382.0,611.0
382.0,631.0
382.0,896.0
382.0,922.0
382.0,930.0
382.0,949.0
71.0,383.0
97.0,383.0
153.0,383.0
204.0,383.0
383.0,482.0
383.0,627.0
383.0,666.0
383.0,735.0
383.0,944.0
383.0,948.0
383.0,954.0
383.0,983.0
23.0,384.0
92.0,384.0
115.0,384.0
120.0,384.0
152.0,384.0
173.0,384.0
258.0,384.0
303.0,384.0
384.0,390.0
384.0,610.0
384.0,704.0
384.0,818.0
384.0,882.0
384.0,895.0
384.0,905.0
72.0,385.0
110.0,385.0
149.0,385.0
173.0,385.0
260.0,385.0
377.0,385.0
385.0,470.0
385.0,596.0
385.0,601.0
385.0,751.0
385.0,797.0
385.0,912.0
385.0,945.0
385.0,953.0
5.0,386.0
120.0,386.0
302.0,386.0
307.0,386.0
386.0,396.0
386.0,397.0
386.0,415.0
386.0,444.0
386.0,818.0
386.0,819.0
386.0,863.0
386.0,951.0
9.0,387.0
75.0,387.0
159.0,387.0
387.0,533.0
387.0,546.0
387.0,580.0
387.0,585.0
387.0,796.0
387.0,804.0
387.0,840.0
387.0,865.0
73.0,388.0
306.0,388.0
388.0,407.0
388.0,476.0
388.0,534.0
388.0,547.0
388.0,590.0
388.0,794.0
388.0,859.0
388.0,959.0
97.0,389.0
176.0,389.0
194.0,389.0
274.0,389.0
314.0,389.0
331.0,389.0
344.0,389.0
360.0,389.0
363.0,389.0
389.0,711.0
43.0,390.0
52.0,390.0
104.0,390.0
112.0,390.0
150.0,390.0
153.0,390.0
209.0,390.0
247.0,390.0
257.0,390.0
363.0,390.0
386.0,390.0
390.0,494.0
390.0,521.0
390.0,569.0
390.0,730.0
390.0,900.0
31.0,391.0
192.0,391.0
391.0,404.0
391.0,451.0
391.0,692.0
391.0,710.0
391.0,724.0
391.0,732.0
391.0,750.0
391.0,913.0
391.0,956.0
66.0,392.0
85.0,392.0
228.0,392.0
392.0,722.0
392.0,843.0
392.0,868.0
392.0,957.0
392.0,970.0
91.0,393.0
199.0,393.0
216.0,393.0
234.0,393.0
249.0,393.0
265.0,393.0
330.0,393.0
363.0,393.0
393.0,416.0
393.0,465.0
393.0,611.0
393.0,733.0
393.0,789.0
393.0,923.0
393.0,924.0
125.0,394.0
342.0,394.0
385.0,394.0
394.0,446.0
394.0,518.0
394.0,653.0
394.0,852.0
394.0,965.0
25.0,395.0
42.0,395.0
100.0,395.0
209.0,395.0
313.0,395.0
395.0,415.0
395.0,533.0
395.0,633.0
395.0,734.0
395.0,848.0
395.0,906.0
25.0,396.0
75.0,396.0
143.0,396.0
209.0,396.0
237.0,396.0
380.0,396.0
396.0,413.0
396.0,418.0
396.0,698.0
396.0,825.0
396.0,904.0
396.0,941.0
396.0,978.0
22.0,397.0
145.0,397.0
282.0,397.0
292.0,397.0
360.0,397.0
397.0,410.0
397.0,614.0
397.0,639.0
397.0,707.0
397.0,712.0
397.0,796.0
397.0,842.0
86.0,398.0
98.0,398.0
136.0,398.0
161.0,398.0
218.0,398.0
243.0,398.0
338.0,398.0
398.0,400.0
398.0,402.0
398.0,453.0
398.0,650.0
398.0,724.0
398.0,773.0
398.0,775.0
398.0,838.0
398.0,926.0
398.0,939.0
74.0,399.0
110.0,399.0
383.0,399.0
399.0,526.0
399.0,845.0
399.0,862.0
399.0,889.0
116.0,400.0
210.0,400.0
263.0,400.0
275.0,400.0
400.0,689.0
400.0,749.0
400.0,855.0
400.0,982.0
18.0,401.0
98.0,401.0
121.0,401.0
207.0,401.0
218.0,401.0
219.0,401.0
281.0,401.0
351.0,401.0
352.0,401.0
401.0,420.0
401.0,508.0
401.0,581.0
401.0,604.0
401.0,617.0
401.0,665.0
401.0,680.0
401.0,791.0
401.0,832.0
401.0,926.0
401.0,956.0
401.0,972.0
137.0,402.0
200.0,402.0
283.0,402.0
391.0,402.0
402.0,446.0
402.0,529.0
402.0,651.0
402.0,685.0
402.0,728.0
402.0,835.0
402.0,841.0
402.0,882.0
402.0,893.0
402.0,949.0
47.0,403.0
67.0,403.0
86.0,403.0
106.0,403.0
125.0,403.0
206.0,403.0
209.0,403.0
213.0,403.0
230.0,403.0
275.0,403.0
396.0,403.0
403.0,478.0
403.0,523.0
403.0,594.0
403.0,595.0
403.0,772.0
403.0,830.0
403.0,947.0
144.0,404.0
183.0,404.0
240.0,404.0
314.0,404.0
404.0,455.0
404.0,510.0
404.0,536.0
404.0,924.0
135.0,405.0
405.0,585.0
405.0,791.0
405.0,940.0
405.0,942.0
131.0,406.0
134.0,406.0
167.0,406.0
343.0,406.0
378.0,406.0
406.0,536.0
406.0,665.0
406.0,694.0
406.0,742.0
406.0,807.0
406.0,813.0
406.0,868.0
406.0,938.0
75.0,407.0
113.0,407.0
122.0,407.0
139.0,407.0
142.0,407.0
188.0,407.0
361.0,407.0
407.0,497.0
407.0,536.0
407.0,540.0
407.0,654.0
407.0,714.0
407.0,900.0
407.0,956.0
407.0,985.0
27.0,408.0
36.0,408.0
47.0,408.0
99.0,408.0
110.0,408.0
216.0,408.0
366.0,408.0
408.0,463.0
408.0,464.0
408.0,546.0
408.0,603.0
408.0,639.0
408.0,677.0
408.0,728.0
408.0,752.0
408.0,765.0
408.0,794.0
52.0,409.0
64.0,409.0
68.0,409.0
94.0,409.0
132.0,409.0
163.0,409.0
337.0,409.0
409.0,471.0
409.0,626.0
409.0,711.0
409.0,787.0
101.0,410.0
245.0,410.0
278.0,410.0
410.0,437.0
410.0,481.0
410.0,614.0
410.0,624.0
410.0,645.0
410.0,750.0
410.0,806.0
410.0,844.0
410.0,924.0
157.0,411.0
215.0,411.0
243.0,411.0
278.0,411.0
411.0,470.0
411.0,524.0
411.0,753.0
411.0,815.0
71.0,412.0
288.0,412.0
412.0,498.0
412.0,533.0
412.0,556.0
412.0,641.0
412.0,696.0
412.0,729.0
412.0,864.0
412.0,909.0
412.0,980.0
251.0,413.0
285.0,413.0
286.0,413.0
304.0,413.0
401.0,413.0
413.0,491.0
413.0,566.0
413.0,674.0
413.0,784.0
56.0,414.0
193.0,414.0
283.0,414.0
289.0,414.0
352.0,414.0
412.0,414.0
414.0,420.0
414.0,442.0
414.0,446.0
414.0,447.0
414.0,563.0
414.0,670.0
414.0,684.0
414.0,702.0
77.0,415.0
95.0,415.0
235.0,415.0
294.0,415.0
373.0,415.0
415.0,431.0
415.0,759.0
415.0,796.0
415.0,939.0
13.0,416.0
119.0,416.0
148.0,416.0
257.0,416.0
364.0,416.0
416.0,439.0
416.0,448.0
416.0,614.0
416.0,623.0
416.0,717.0
416.0,772.0
416.0,779.0
416.0,907.0
212.0,417.0
365.0,417.0
417.0,439.0
417.0,448.0
417.0,490.0
417.0,519.0
417.0,573.0
417.0,586.0
417.0,757.0
417.0,795.0
417.0,894.0
417.0,924.0
417.0,949.0
417.0,955.0
47.0,418.0
217.0,418.0
418.0,454.0
418.0,464.0
418.0,557.0
418.0,638.0
418.0,669.0
418.0,832.0
418.0,863.0
418.0,875.0
418.0,932.0
24.0,419.0
147.0,419.0
234.0,419.0
334.0,419.0
419.0,456.0
419.0,580.0
419.0,623.0
419.0,627.0
419.0,662.0
419.0,728.0
419.0,779.0
419.0,804.0
419.0,805.0
419.0,884.0
419.0,896.0
18.0,420.0
43.0,420.0
420.0,449.0
420.0,492.0
420.0,584.0
420.0,685.0
420.0,782.0
420.0,844.0
420.0,909.0
420.0,917.0
420.0,954.0
75.0,421.0
152.0,421.0
157.0,421.0
160.0,421.0
279.0,421.0
284.0,421.0
292.0,421.0
298.0,421.0
402.0,421.0
421.0,443.0
421.0,449.0
421.0,463.0
421.0,725.0
421.0,730.0
421.0,803.0
421.0,834.0
421.0,842.0
421.0,926.0
421.0,947.0
31.0,422.0
88.0,422.0
90.0,422.0
208.0,422.0
404.0,422.0
422.0,519.0
422.0,580.0
422.0,586.0
422.0,612.0
422.0,791.0
422.0,799.0
73.0,423.0
159.0,423.0
184.0,423.0
250.0,423.0
423.0,526.0
423.0,549.0
423.0,574.0
423.0,762.0
423.0,860.0
423.0,972.0
423.0,978.0
9.0,424.0
76.0,424.0
225.0,424.0
242.0,424.0
254.0,424.0
309.0,424.0
404.0,424.0
424.0,435.0
424.0,554.0
424.0,556.0
424.0,619.0
424.0,698.0
424.0,754.0
424.0,777.0
424.0,834.0
424.0,872.0
424.0,937.0
424.0,958.0
50.0,425.0
112.0,425.0
140.0,425.0
172.0,425.0
287.0,425.0
357.0,425.0
361.0,425.0
376.0,425.0
425.0,639.0
425.0,777.0
425.0,822.0
425.0,926.0
11.0,426.0
14.0,426.0
76.0,426.0
113.0,426.0
163.0,426.0
355.0,426.0
426.0,427.0
426.0,500.0
426.0,516.0
426.0,539.0
426.0,576.0
426.0,588.0
426.0,754.0
426.0,759.0
14.0,427.0
75.0,427.0
98.0,427.0
122.0,427.0
174.0,427.0
211.0,427.0
427.0,497.0
427.0,504.0
427.0,576.0
427.0,690.0
427.0,712.0
427.0,725.0
427.0,732.0
427.0,760.0
427.0,851.0
427.0,864.0
427.0,949.0
18.0,428.0
100.0,428.0
224.0,428.0
315.0,428.0
415.0,428.0
428.0,465.0
428.0,512.0
428.0,546.0
428.0,643.0
428.0,769.0
428.0,850.0
259.0,429.0
429.0,459.0
429.0,501.0
429.0,610.0
429.0,651.0
429.0,664.0
429.0,679.0
429.0,682.0
429.0,801.0
429.0,837.0
429.0,924.0
106.0,430.0
270.0,430.0
303.0,430.0
353.0,430.0
425.0,430.0
430.0,496.0
430.0,532.0
430.0,745.0
430.0,897.0
430.0,907.0
127.0,431.0
393.0,431.0
427.0,431.0
431.0,521.0
431.0,602.0
431.0,809.0
431.0,892.0
431.0,913.0
57.0,432.0
60.0,432.0
89.0,432.0
91.0,432.0
212.0,432.0
377.0,432.0
432.0,586.0
432.0,650.0
432.0,674.0
432.0,683.0
432.0,741.0
432.0,747.0
432.0,807.0
432.0,821.0
432.0,851.0
432.0,946.0
2.0,433.0
85.0,433.0
155.0,433.0
356.0,433.0
375.0,433.0
433.0,470.0
433.0,479.0
433.0,517.0
433.0,529.0
433.0,558.0
433.0,583.0
433.0,634.0
433.0,737.0
433.0,795.0
433.0,816.0
433.0,853.0
433.0,936.0
76.0,434.0
96.0,434.0
132.0,434.0
224.0,434.0
391.0,434.0
396.0,434.0
416.0,434.0
434.0,517.0
434.0,539.0
434.0,599.0
434.0,620.0
434.0,633.0
434.0,706.0
238.0,435.0
249.0,435.0
407.0,435.0
435.0,447.0
435.0,591.0
435.0,671.0
435.0,780.0
435.0,795.0
435.0,862.0
136.0,436.0
204.0,436.0
436.0,448.0
436.0,561.0
436.0,594.0
436.0,924.0
436.0,949.0
436.0,954.0
51.0,437.0
181.0,437.0
330.0,437.0
376.0,437.0
410.0,437.0
420.0,437.0
437.0,454.0
437.0,578.0
437.0,665.0
437.0,711.0
437.0,730.0
437.0,780.0
437.0,800.0
437.0,864.0
437.0,880.0
236.0,438.0
281.0,438.0
301.0,438.0
339.0,438.0
438.0,497.0
438.0,561.0
438.0,583.0
438.0,609.0
438.0,618.0
50.0,439.0
99.0,439.0
423.0,439.0
439.0,566.0
439.0,636.0
439.0,774.0
439.0,780.0
50.0,440.0
120.0,440.0
140.0,440.0
205.0,440.0
376.0,440.0
440.0,497.0
440.0,513.0
440.0,635.0
440.0,677.0
440.0,733.0
440.0,743.0
440.0,762.0
440.0,869.0
5.0,441.0
55.0,441.0
90.0,441.0
230.0,441.0
250.0,441.0
351.0,441.0
353.0,441.0
441.0,513.0
441.0,541.0
441.0,732.0
441.0,752.0
441.0,790.0
441.0,885.0
441.0,889.0
441.0,926.0
1.0,442.0
59.0,442.0
60.0,442.0
198.0,442.0
234.0,442.0
251.0,442.0
306.0,442.0
442.0,446.0
442.0,517.0
442.0,640.0
442.0,669.0
442.0,721.0
442.0,728.0
442.0,771.0
442.0,784.0
442.0,809.0
442.0,931.0
442.0,951.0
133.0,443.0
173.0,443.0
174.0,443.0
257.0,443.0
430.0,443.0
443.0,532.0
443.0,731.0
443.0,792.0
443.0,874.0
443.0,905.0
161.0,444.0
247.0,444.0
307.0,444.0
323.0,444.0
387.0,444.0
406.0,444.0
444.0,448.0
444.0,511.0
444.0,546.0
444.0,589.0
444.0,605.0
444.0,607.0
444.0,640.0
444.0,662.0
53.0,445.0
193.0,445.0
201.0,445.0
224.0,445.0
315.0,445.0
324.0,445.0
342.0,445.0
351.0,445.0
353.0,445.0
373.0,445.0
423.0,445.0
445.0,509.0
445.0,577.0
445.0,667.0
445.0,673.0
445.0,720.0
445.0,754.0
445.0,775.0
445.0,803.0
445.0,938.0
77.0,446.0
86.0,446.0
106.0,446.0
181.0,446.0
271.0,446.0
316.0,446.0
446.0,524.0
446.0,531.0
446.0,593.0
446.0,616.0
446.0,644.0
446.0,908.0
446.0,973.0
446.0,983.0
87.0,447.0
376.0,447.0
447.0,483.0
447.0,538.0
447.0,635.0
447.0,761.0
447.0,828.0
447.0,910.0
114.0,448.0
175.0,448.0
221.0,448.0
318.0,448.0
448.0,509.0
448.0,532.0
448.0,543.0
448.0,720.0
448.0,739.0
448.0,787.0
448.0,808.0
448.0,835.0
448.0,846.0
135.0,449.0
199.0,449.0
217.0,449.0
260.0,449.0
279.0,449.0
418.0,449.0
449.0,534.0
449.0,583.0
449.0,591.0
449.0,629.0
449.0,633.0
449.0,636.0
449.0,648.0
449.0,657.0
449.0,674.0
449.0,793.0
449.0,940.0
10.0,450.0
51.0,450.0
80.0,450.0
87.0,450.0
98.0,450.0
249.0,450.0
366.0,450.0
450.0,460.0
450.0,476.0
450.0,511.0
450.0,604.0
450.0,607.0
450.0,750.0
450.0,831.0
450.0,834.0
450.0,858.0
450.0,869.0
147.0,451.0
283.0,451.0
451.0,473.0
451.0,598.0
451.0,652.0
451.0,653.0
451.0,691.0
451.0,972.0
96.0,452.0
196.0,452.0
246.0,452.0
452.0,716.0
452.0,795.0
452.0,949.0
93.0,453.0
106.0,453.0
161.0,453.0
283.0,453.0
447.0,453.0
453.0,460.0
453.0,479.0
453.0,517.0
453.0,522.0
453.0,661.0
453.0,731.0
453.0,794.0
453.0,795.0
453.0,855.0
453.0,908.0
453.0,926.0
22.0,454.0
43.0,454.0
53.0,454.0
104.0,454.0
116.0,454.0
139.0,454.0
197.0,454.0
242.0,454.0
306.0,454.0
312.0,454.0
325.0,454.0
345.0,454.0
377.0,454.0
454.0,497.0
454.0,579.0
454.0,582.0
454.0,613.0
454.0,715.0
454.0,726.0
454.0,742.0
454.0,831.0
454.0,909.0
454.0,969.0
2.0,455.0
31.0,455.0
75.0,455.0
94.0,455.0
172.0,455.0
311.0,455.0
315.0,455.0
455.0,459.0
455.0,477.0
455.0,516.0
455.0,545.0
455.0,548.0
455.0,549.0
455.0,617.0
455.0,659.0
455.0,704.0
455.0,740.0
455.0,800.0
455.0,831.0
455.0,896.0
21.0,456.0
48.0,456.0
62.0,456.0
85.0,456.0
175.0,456.0
181.0,456.0
216.0,456.0
317.0,456.0
396.0,456.0
447.0,456.0
456.0,502.0
456.0,685.0
456.0,698.0
456.0,710.0
456.0,809.0
456.0,814.0
59.0,457.0
82.0,457.0
129.0,457.0
384.0,457.0
446.0,457.0
457.0,549.0
457.0,618.0
457.0,739.0
457.0,740.0
457.0,782.0
457.0,808.0
457.0,828.0
457.0,875.0
457.0,892.0
239.0,458.0
277.0,458.0
333.0,458.0
458.0,508.0
458.0,803.0
458.0,846.0
458.0,938.0
2.0,459.0
27.0,459.0
73.0,459.0
243.0,459.0
318.0,459.0
331.0,459.0
459.0,464.0
459.0,506.0
459.0,544.0
459.0,590.0
459.0,598.0
459.0,731.0
459.0,767.0
459.0,796.0
459.0,807.0
459.0,983.0
459.0,985.0
35.0,460.0
42.0,460.0
77.0,460.0
114.0,460.0
140.0,460.0
238.0,460.0
247.0,460.0
268.0,460.0
377.0,460.0
460.0,461.0
460.0,721.0
460.0,852.0
34.0,461.0
135.0,461.0
220.0,461.0
306.0,461.0
357.0,461.0
424.0,461.0
461.0,737.0
461.0,815.0
461.0,869.0
461.0,875.0
461.0,943.0
461.0,982.0
9.0,462.0
10.0,462.0
178.0,462.0
335.0,462.0
352.0,462.0
359.0,462.0
462.0,492.0
462.0,555.0
462.0,695.0
462.0,773.0
462.0,778.0
462.0,808.0
462.0,912.0
462.0,938.0
462.0,968.0
63.0,463.0
89.0,463.0
110.0,463.0
194.0,463.0
271.0,463.0
272.0,463.0
313.0,463.0
347.0,463.0
417.0,463.0
446.0,463.0
463.0,567.0
463.0,621.0
463.0,701.0
463.0,791.0
463.0,822.0
463.0,847.0
463.0,923.0
122.0,464.0
160.0,464.0
228.0,464.0
232.0,464.0
309.0,464.0
410.0,464.0
411.0,464.0
464.0,557.0
464.0,560.0
464.0,698.0
464.0,756.0
464.0,815.0
464.0,859.0
464.0,870.0
464.0,902.0
19.0,465.0
34.0,465.0
84.0,465.0
265.0,465.0
281.0,465.0
329.0,465.0
465.0,583.0
465.0,593.0
465.0,634.0
465.0,638.0
465.0,649.0
465.0,689.0
465.0,779.0
465.0,797.0
465.0,933.0
31.0,466.0
48.0,466.0
133.0,466.0
142.0,466.0
193.0,466.0
251.0,466.0
252.0,466.0
287.0,466.0
466.0,618.0
466.0,648.0
466.0,690.0
466.0,699.0
466.0,753.0
466.0,933.0
63.0,467.0
86.0,467.0
163.0,467.0
173.0,467.0
467.0,483.0
467.0,574.0
467.0,602.0
467.0,642.0
467.0,652.0
467.0,809.0
467.0,941.0
467.0,954.0
239.0,468.0
260.0,468.0
369.0,468.0
370.0,468.0
468.0,514.0
468.0,627.0
468.0,636.0
468.0,706.0
468.0,760.0
72.0,469.0
90.0,469.0
92.0,469.0
189.0,469.0
202.0,469.0
204.0,469.0
218.0,469.0
260.0,469.0
410.0,469.0
430.0,469.0
469.0,503.0
469.0,838.0
69.0,470.0
410.0,470.0
470.0,496.0
470.0,620.0
470.0,636.0
470.0,719.0
470.0,857.0
43.0,471.0
54.0,471.0
104.0,471.0
160.0,471.0
191.0,471.0
222.0,471.0
276.0,471.0
313.0,471.0
357.0,471.0
374.0,471.0
388.0,471.0
437.0,471.0
467.0,471.0
471.0,480.0
471.0,589.0
471.0,636.0
471.0,715.0
471.0,732.0
471.0,779.0
471.0,795.0
471.0,807.0
471.0,881.0
471.0,900.0
471.0,906.0
14.0,472.0
15.0,472.0
33.0,472.0
45.0,472.0
88.0,472.0
103.0,472.0
153.0,472.0
181.0,472.0
204.0,472.0
241.0,472.0
330.0,472.0
370.0,472.0
439.0,472.0
472.0,554.0
472.0,708.0
472.0,750.0
472.0,939.0
85.0,473.0
172.0,473.0
307.0,473.0
420.0,473.0
467.0,473.0
469.0,473.0
473.0,518.0
473.0,688.0
473.0,790.0
473.0,835.0
473.0,837.0
473.0,875.0
73.0,474.0
140.0,474.0
234.0,474.0
236.0,474.0
316.0,474.0
380.0,474.0
398.0,474.0
407.0,474.0
474.0,511.0
474.0,749.0
474.0,801.0
474.0,947.0
93.0,475.0
185.0,475.0
201.0,475.0
313.0,475.0
475.0,970.0
475.0,976.0
186.0,476.0
270.0,476.0
273.0,476.0
476.0,584.0
476.0,594.0
476.0,728.0
476.0,761.0
476.0,821.0
476.0,832.0
2.0,477.0
38.0,477.0
66.0,477.0
162.0,477.0
177.0,477.0
190.0,477.0
315.0,477.0
380.0,477.0
472.0,477.0
477.0,484.0
477.0,492.0
477.0,533.0
477.0,537.0
477.0,653.0
477.0,679.0
477.0,790.0
477.0,893.0
43.0,478.0
61.0,478.0
89.0,478.0
199.0,478.0
284.0,478.0
324.0,478.0
478.0,539.0
478.0,581.0
478.0,632.0
478.0,756.0
478.0,765.0
478.0,869.0
478.0,877.0
269.0,479.0
360.0,479.0
369.0,479.0
384.0,479.0
479.0,481.0
479.0,504.0
479.0,547.0
479.0,548.0
479.0,551.0
479.0,574.0
479.0,722.0
479.0,839.0
479.0,857.0
479.0,892.0
479.0,910.0
479.0,982.0
74.0,480.0
104.0,480.0
128.0,480.0
199.0,480.0
217.0,480.0
270.0,480.0
320.0,480.0
460.0,480.0
480.0,564.0
480.0,578.0
480.0,596.0
480.0,643.0
480.0,974.0
136.0,481.0
264.0,481.0
276.0,481.0
318.0,481.0
370.0,481.0
427.0,481.0
481.0,506.0
481.0,690.0
481.0,772.0
481.0,792.0
481.0,830.0
481.0,841.0
481.0,945.0
481.0,961.0
3.0,482.0
92.0,482.0
350.0,482.0
399.0,482.0
468.0,482.0
482.0,493.0
482.0,675.0
482.0,715.0
482.0,826.0
482.0,864.0
482.0,967.0
9.0,483.0
253.0,483.0
277.0,483.0
314.0,483.0
402.0,483.0
448.0,483.0
483.0,580.0
483.0,596.0
483.0,597.0
483.0,684.0
483.0,749.0
483.0,899.0
98.0,484.0
117.0,484.0
330.0,484.0
357.0,484.0
360.0,484.0
389.0,484.0
408.0,484.0
473.0,484.0
484.0,602.0
484.0,620.0
484.0,630.0
484.0,706.0
484.0,759.0
484.0,780.0
484.0,793.0
484.0,795.0
484.0,833.0
484.0,860.0
484.0,882.0
192.0,485.0
228.0,485.0
232.0,485.0
390.0,485.0
485.0,519.0
485.0,675.0
485.0,754.0
485.0,758.0
485.0,759.0
485.0,939.0
54.0,486.0
155.0,486.0
177.0,486.0
243.0,486.0
245.0,486.0
367.0,486.0
483.0,486.0
486.0,495.0
486.0,509.0
486.0,561.0
486.0,564.0
486.0,650.0
486.0,733.0
486.0,876.0
486.0,894.0
42.0,487.0
96.0,487.0
115.0,487.0
118.0,487.0
162.0,487.0
204.0,487.0
217.0,487.0
409.0,487.0
410.0,487.0
473.0,487.0
487.0,559.0
487.0,616.0
487.0,619.0
487.0,794.0
7.0,488.0
23.0,488.0
34.0,488.0
213.0,488.0
242.0,488.0
402.0,488.0
488.0,555.0
488.0,629.0
488.0,760.0
488.0,810.0
488.0,828.0
488.0,899.0
55.0,489.0
99.0,489.0
134.0,489.0
323.0,489.0
364.0,489.0
406.0,489.0
489.0,507.0
489.0,808.0
489.0,815.0
489.0,843.0
489.0,891.0
489.0,892.0
489.0,905.0
42.0,490.0
57.0,490.0
78.0,490.0
144.0,490.0
190.0,490.0
224.0,490.0
246.0,490.0
364.0,490.0
415.0,490.0
449.0,490.0
467.0,490.0
490.0,511.0
490.0,515.0
490.0,581.0
490.0,591.0
490.0,630.0
490.0,747.0
490.0,793.0
490.0,802.0
490.0,873.0
490.0,899.0
490.0,938.0
247.0,491.0
270.0,491.0
403.0,491.0
438.0,491.0
454.0,491.0
491.0,633.0
491.0,684.0
491.0,730.0
491.0,782.0
491.0,823.0
491.0,848.0
81.0,492.0
151.0,492.0
302.0,492.0
361.0,492.0
401.0,492.0
492.0,501.0
492.0,632.0
492.0,850.0
492.0,904.0
8.0,493.0
25.0,493.0
141.0,493.0
142.0,493.0
161.0,493.0
227.0,493.0
233.0,493.0
265.0,493.0
281.0,493.0
283.0,493.0
309.0,493.0
327.0,493.0
443.0,493.0
484.0,493.0
493.0,601.0
493.0,691.0
493.0,695.0
493.0,799.0
493.0,867.0
493.0,872.0
493.0,911.0
493.0,912.0
6.0,494.0
76.0,494.0
169.0,494.0
198.0,494.0
206.0,494.0
317.0,494.0
384.0,494.0
447.0,494.0
455.0,494.0
460.0,494.0
494.0,613.0
494.0,652.0
494.0,685.0
494.0,712.0
494.0,936.0
24.0,495.0
103.0,495.0
181.0,495.0
238.0,495.0
262.0,495.0
421.0,495.0
422.0,495.0
495.0,693.0
495.0,776.0
495.0,802.0
495.0,879.0
58.0,496.0
94.0,496.0
122.0,496.0
127.0,496.0
237.0,496.0
294.0,496.0
432.0,496.0
454.0,496.0
496.0,697.0
496.0,907.0
162.0,497.0
171.0,497.0
199.0,497.0
290.0,497.0
424.0,497.0
459.0,497.0
497.0,830.0
497.0,956.0
0.0,498.0
177.0,498.0
301.0,498.0
355.0,498.0
362.0,498.0
487.0,498.0
498.0,568.0
498.0,603.0
498.0,672.0
498.0,707.0
498.0,712.0
498.0,757.0
498.0,884.0
498.0,902.0
147.0,499.0
168.0,499.0
392.0,499.0
499.0,640.0
499.0,733.0
499.0,768.0
499.0,791.0
499.0,852.0
70.0,500.0
82.0,500.0
171.0,500.0
319.0,500.0
371.0,500.0
419.0,500.0
426.0,500.0
500.0,501.0
500.0,632.0
500.0,757.0
500.0,782.0
500.0,814.0
500.0,980.0
16.0,501.0
57.0,501.0
76.0,501.0
249.0,501.0
314.0,501.0
394.0,501.0
501.0,703.0
501.0,779.0
501.0,870.0
73.0,502.0
284.0,502.0
326.0,502.0
348.0,502.0
359.0,502.0
471.0,502.0
502.0,513.0
502.0,811.0
502.0,834.0
28.0,503.0
53.0,503.0
62.0,503.0
63.0,503.0
225.0,503.0
240.0,503.0
281.0,503.0
365.0,503.0
412.0,503.0
431.0,503.0
457.0,503.0
503.0,512.0
503.0,525.0
503.0,543.0
503.0,595.0
503.0,737.0
503.0,805.0
503.0,817.0
503.0,958.0
503.0,964.0
392.0,504.0
504.0,882.0
92.0,505.0
326.0,505.0
364.0,505.0
396.0,505.0
398.0,505.0
467.0,505.0
505.0,543.0
505.0,664.0
505.0,731.0
505.0,815.0
505.0,852.0
68.0,506.0
142.0,506.0
199.0,506.0
258.0,506.0
307.0,506.0
365.0,506.0
429.0,506.0
506.0,524.0
506.0,575.0
506.0,624.0
506.0,635.0
506.0,849.0
39.0,507.0
203.0,507.0
208.0,507.0
226.0,507.0
281.0,507.0
322.0,507.0
407.0,507.0
410.0,507.0
478.0,507.0
504.0,507.0
507.0,541.0
507.0,546.0
507.0,616.0
507.0,685.0
507.0,727.0
507.0,767.0
507.0,881.0
52.0,508.0
100.0,508.0
273.0,508.0
487.0,508.0
494.0,508.0
508.0,626.0
508.0,678.0
508.0,858.0
508.0,896.0
23.0,509.0
43.0,509.0
80.0,509.0
106.0,509.0
388.0,509.0
509.0,526.0
509.0,607.0
509.0,699.0
509.0,807.0
509.0,885.0
59.0,510.0
322.0,510.0
346.0,510.0
510.0,809.0
510.0,819.0
510.0,821.0
510.0,897.0
120.0,511.0
151.0,511.0
198.0,511.0
260.0,511.0
341.0,511.0
346.0,511.0
356.0,511.0
462.0,511.0
511.0,617.0
511.0,727.0
511.0,755.0
511.0,937.0
511.0,975.0
55.0,512.0
185.0,512.0
238.0,512.0
506.0,512.0
512.0,565.0
512.0,842.0
512.0,902.0
512.0,941.0
512.0,947.0
7.0,513.0
71.0,513.0
74.0,513.0
109.0,513.0
155.0,513.0
281.0,513.0
432.0,513.0
506.0,513.0
513.0,670.0
513.0,808.0
513.0,855.0
513.0,865.0
116.0,514.0
229.0,514.0
380.0,514.0
514.0,772.0
514.0,887.0
514.0,906.0
2.0,515.0
102.0,515.0
142.0,515.0
273.0,515.0
346.0,515.0
492.0,515.0
515.0,541.0
515.0,544.0
515.0,577.0
515.0,580.0
515.0,628.0
515.0,647.0
515.0,681.0
515.0,971.0
5.0,516.0
197.0,516.0
247.0,516.0
345.0,516.0
400.0,516.0
426.0,516.0
445.0,516.0
516.0,566.0
516.0,697.0
516.0,772.0
516.0,834.0
516.0,867.0
49.0,517.0
165.0,517.0
171.0,517.0
190.0,517.0
351.0,517.0
366.0,517.0
374.0,517.0
517.0,707.0
517.0,819.0
101.0,518.0
171.0,518.0
193.0,518.0
442.0,518.0
483.0,518.0
518.0,603.0
88.0,519.0
204.0,519.0
325.0,519.0
355.0,519.0
489.0,519.0
519.0,535.0
519.0,568.0
519.0,697.0
519.0,732.0
519.0,880.0
519.0,984.0
156.0,520.0
225.0,520.0
227.0,520.0
251.0,520.0
276.0,520.0
359.0,520.0
362.0,520.0
366.0,520.0
382.0,520.0
395.0,520.0
448.0,520.0
520.0,533.0
520.0,585.0
520.0,599.0
520.0,672.0
520.0,678.0
520.0,712.0
520.0,802.0
520.0,853.0
16.0,521.0
163.0,521.0
176.0,521.0
386.0,521.0
387.0,521.0
521.0,560.0
521.0,576.0
521.0,579.0
521.0,795.0
521.0,823.0
74.0,522.0
199.0,522.0
232.0,522.0
298.0,522.0
311.0,522.0
325.0,522.0
464.0,522.0
493.0,522.0
509.0,522.0
522.0,576.0
522.0,762.0
522.0,792.0
522.0,821.0
522.0,828.0
522.0,864.0
522.0,890.0
522.0,945.0
18.0,523.0
81.0,523.0
321.0,523.0
324.0,523.0
523.0,591.0
523.0,604.0
523.0,843.0
523.0,976.0
21.0,524.0
55.0,524.0
235.0,524.0
321.0,524.0
341.0,524.0
404.0,524.0
429.0,524.0
521.0,524.0
524.0,557.0
524.0,573.0
524.0,745.0
524.0,797.0
524.0,823.0
524.0,870.0
524.0,933.0
524.0,964.0
29.0,525.0
59.0,525.0
124.0,525.0
141.0,525.0
218.0,525.0
255.0,525.0
441.0,525.0
525.0,662.0
525.0,693.0
109.0,526.0
288.0,526.0
431.0,526.0
526.0,549.0
526.0,564.0
526.0,596.0
526.0,614.0
526.0,687.0
526.0,740.0
526.0,748.0
526.0,948.0
41.0,527.0
55.0,527.0
75.0,527.0
105.0,527.0
337.0,527.0
403.0,527.0
511.0,527.0
527.0,726.0
527.0,736.0
527.0,844.0
527.0,865.0
527.0,914.0
174.0,528.0
266.0,528.0
280.0,528.0
322.0,528.0
390.0,528.0
407.0,528.0
528.0,587.0
528.0,766.0
528.0,916.0
528.0,963.0
2.0,529.0
36.0,529.0
159.0,529.0
260.0,529.0
263.0,529.0
300.0,529.0
319.0,529.0
438.0,529.0
529.0,622.0
529.0,668.0
529.0,774.0
529.0,899.0
529.0,946.0
185.0,530.0
223.0,530.0
281.0,530.0
302.0,530.0
320.0,530.0
341.0,530.0
357.0,530.0
391.0,530.0
426.0,530.0
444.0,530.0
463.0,530.0
468.0,530.0
486.0,530.0
527.0,530.0
530.0,739.0
530.0,740.0
530.0,760.0
530.0,776.0
530.0,944.0
50.0,531.0
82.0,531.0
89.0,531.0
239.0,531.0
248.0,531.0
256.0,531.0
286.0,531.0
324.0,531.0
332.0,531.0
353.0,531.0
368.0,531.0
474.0,531.0
477.0,531.0
531.0,603.0
531.0,632.0
531.0,646.0
531.0,673.0
531.0,826.0
531.0,863.0
90.0,532.0
119.0,532.0
355.0,532.0
365.0,532.0
509.0,532.0
532.0,647.0
532.0,755.0
532.0,820.0
532.0,964.0
2.0,533.0
93.0,533.0
114.0,533.0
209.0,533.0
223.0,533.0
400.0,533.0
429.0,533.0
533.0,539.0
533.0,605.0
533.0,715.0
533.0,738.0
533.0,914.0
533.0,920.0
1.0,534.0
30.0,534.0
101.0,534.0
134.0,534.0
147.0,534.0
185.0,534.0
194.0,534.0
388.0,534.0
415.0,534.0
427.0,534.0
448.0,534.0
485.0,534.0
534.0,574.0
534.0,628.0
534.0,673.0
534.0,700.0
534.0,829.0
534.0,962.0
28.0,535.0
54.0,535.0
187.0,535.0
334.0,535.0
362.0,535.0
365.0,535.0
403.0,535.0
419.0,535.0
420.0,535.0
474.0,535.0
535.0,629.0
535.0,796.0
535.0,805.0
535.0,849.0
535.0,861.0
535.0,873.0
535.0,945.0
196.0,536.0
248.0,536.0
433.0,536.0
483.0,536.0
536.0,622.0
536.0,625.0
536.0,633.0
536.0,784.0
536.0,858.0
536.0,885.0
536.0,919.0
70.0,537.0
166.0,537.0
167.0,537.0
327.0,537.0
375.0,537.0
419.0,537.0
478.0,537.0
499.0,537.0
537.0,542.0
537.0,575.0
537.0,591.0
537.0,677.0
537.0,698.0
537.0,843.0
537.0,931.0
26.0,538.0
59.0,538.0
98.0,538.0
136.0,538.0
170.0,538.0
538.0,542.0
538.0,662.0
538.0,744.0
538.0,855.0
538.0,873.0
538.0,880.0
145.0,539.0
171.0,539.0
207.0,539.0
306.0,539.0
324.0,539.0
531.0,539.0
533.0,539.0
539.0,540.0
539.0,641.0
539.0,644.0
539.0,678.0
539.0,701.0
539.0,886.0
320.0,540.0
353.0,540.0
380.0,540.0
403.0,540.0
451.0,540.0
456.0,540.0
457.0,540.0
500.0,540.0
540.0,751.0
540.0,828.0
540.0,975.0
330.0,541.0
372.0,541.0
410.0,541.0
417.0,541.0
519.0,541.0
541.0,573.0
541.0,612.0
541.0,685.0
541.0,790.0
541.0,858.0
541.0,911.0
541.0,923.0
541.0,927.0
541.0,970.0
43.0,542.0
72.0,542.0
251.0,542.0
436.0,542.0
499.0,542.0
535.0,542.0
536.0,542.0
542.0,567.0
542.0,641.0
542.0,756.0
542.0,817.0
542.0,884.0
542.0,897.0
148.0,543.0
307.0,543.0
468.0,543.0
543.0,754.0
543.0,774.0
47.0,544.0
186.0,544.0
234.0,544.0
268.0,544.0
273.0,544.0
318.0,544.0
544.0,809.0
106.0,545.0
183.0,545.0
321.0,545.0
337.0,545.0
545.0,600.0
545.0,745.0
545.0,850.0
545.0,956.0
545.0,959.0
545.0,977.0
306.0,546.0
341.0,546.0
391.0,546.0
475.0,546.0
515.0,546.0
520.0,546.0
524.0,546.0
546.0,658.0
546.0,724.0
546.0,828.0
546.0,875.0
546.0,877.0
160.0,547.0
217.0,547.0
218.0,547.0
260.0,547.0
266.0,547.0
353.0,547.0
379.0,547.0
430.0,547.0
492.0,547.0
532.0,547.0
538.0,547.0
547.0,594.0
547.0,596.0
547.0,598.0
547.0,606.0
547.0,635.0
547.0,853.0
547.0,854.0
547.0,874.0
547.0,891.0
547.0,916.0
16.0,548.0
232.0,548.0
268.0,548.0
299.0,548.0
353.0,548.0
548.0,653.0
548.0,678.0
548.0,727.0
548.0,748.0
548.0,769.0
548.0,771.0
548.0,868.0
548.0,968.0
20.0,549.0
99.0,549.0
284.0,549.0
370.0,549.0
485.0,549.0
549.0,631.0
549.0,941.0
124.0,550.0
249.0,550.0
288.0,550.0
342.0,550.0
343.0,550.0
385.0,550.0
391.0,550.0
413.0,550.0
425.0,550.0
550.0,551.0
550.0,662.0
550.0,681.0
550.0,750.0
550.0,756.0
550.0,831.0
550.0,960.0
46.0,551.0
117.0,551.0
155.0,551.0
159.0,551.0
168.0,551.0
492.0,551.0
535.0,551.0
551.0,577.0
551.0,584.0
551.0,600.0
551.0,650.0
551.0,701.0
551.0,980.0
551.0,985.0
43.0,552.0
65.0,552.0
76.0,552.0
312.0,552.0
416.0,552.0
423.0,552.0
439.0,552.0
504.0,552.0
519.0,552.0
552.0,673.0
552.0,837.0
6.0,553.0
49.0,553.0
139.0,553.0
198.0,553.0
236.0,553.0
295.0,553.0
302.0,553.0
327.0,553.0
429.0,553.0
485.0,553.0
507.0,553.0
512.0,553.0
513.0,553.0
553.0,566.0
553.0,610.0
553.0,677.0
553.0,703.0
553.0,764.0
553.0,891.0
553.0,966.0
163.0,554.0
174.0,554.0
392.0,554.0
402.0,554.0
486.0,554.0
540.0,554.0
554.0,573.0
554.0,598.0
554.0,799.0
554.0,909.0
48.0,555.0
84.0,555.0
114.0,555.0
117.0,555.0
130.0,555.0
173.0,555.0
344.0,555.0
398.0,555.0
429.0,555.0
439.0,555.0
496.0,555.0
555.0,639.0
555.0,729.0
555.0,739.0
555.0,843.0
555.0,881.0
555.0,935.0
555.0,984.0
39.0,556.0
43.0,556.0
46.0,556.0
50.0,556.0
147.0,556.0
189.0,556.0
226.0,556.0
227.0,556.0
329.0,556.0
490.0,556.0
520.0,556.0
556.0,780.0
556.0,863.0
556.0,909.0
556.0,921.0
556.0,985.0
30.0,557.0
74.0,557.0
127.0,557.0
181.0,557.0
185.0,557.0
196.0,557.0
308.0,557.0
402.0,557.0
427.0,557.0
428.0,557.0
557.0,628.0
557.0,665.0
557.0,722.0
557.0,802.0
38.0,558.0
168.0,558.0
238.0,558.0
447.0,558.0
558.0,792.0
558.0,802.0
558.0,824.0
38.0,559.0
39.0,559.0
97.0,559.0
163.0,559.0
253.0,559.0
460.0,559.0
559.0,611.0
559.0,675.0
559.0,680.0
559.0,687.0
559.0,768.0
559.0,799.0
559.0,827.0
559.0,829.0
559.0,905.0
86.0,560.0
203.0,560.0
357.0,560.0
560.0,562.0
560.0,673.0
560.0,683.0
560.0,892.0
68.0,561.0
88.0,561.0
89.0,561.0
103.0,561.0
105.0,561.0
144.0,561.0
502.0,561.0
514.0,561.0
537.0,561.0
539.0,561.0
561.0,569.0
561.0,583.0
561.0,691.0
561.0,750.0
561.0,763.0
561.0,777.0
561.0,851.0
561.0,866.0
561.0,897.0
11.0,562.0
39.0,562.0
451.0,562.0
472.0,562.0
562.0,897.0
103.0,563.0
188.0,563.0
205.0,563.0
218.0,563.0
267.0,563.0
278.0,563.0
563.0,718.0
563.0,847.0
563.0,914.0
563.0,921.0
71.0,564.0
81.0,564.0
135.0,564.0
144.0,564.0
276.0,564.0
409.0,564.0
477.0,564.0
489.0,564.0
564.0,700.0
564.0,703.0
564.0,759.0
564.0,956.0
564.0,975.0
564.0,983.0
113.0,565.0
217.0,565.0
265.0,565.0
266.0,565.0
322.0,565.0
398.0,565.0
436.0,565.0
445.0,565.0
523.0,565.0
565.0,629.0
565.0,686.0
565.0,707.0
565.0,751.0
565.0,761.0
565.0,898.0
565.0,941.0
48.0,566.0
133.0,566.0
139.0,566.0
225.0,566.0
528.0,566.0
529.0,566.0
566.0,583.0
566.0,624.0
566.0,635.0
566.0,708.0
566.0,731.0
566.0,836.0
566.0,855.0
566.0,891.0
566.0,952.0
146.0,567.0
154.0,567.0
163.0,567.0
342.0,567.0
356.0,567.0
409.0,567.0
448.0,567.0
567.0,617.0
567.0,734.0
567.0,775.0
567.0,821.0
8.0,568.0
24.0,568.0
163.0,568.0
218.0,568.0
343.0,568.0
428.0,568.0
431.0,568.0
475.0,568.0
500.0,568.0
568.0,682.0
568.0,755.0
568.0,788.0
23.0,569.0
37.0,569.0
123.0,569.0
138.0,569.0
140.0,569.0
360.0,569.0
508.0,569.0
517.0,569.0
532.0,569.0
569.0,589.0
569.0,626.0
569.0,876.0
569.0,898.0
26.0,570.0
93.0,570.0
117.0,570.0
399.0,570.0
498.0,570.0
570.0,598.0
570.0,634.0
570.0,807.0
570.0,888.0
570.0,895.0
570.0,896.0
570.0,952.0
89.0,571.0
191.0,571.0
203.0,571.0
269.0,571.0
362.0,571.0
448.0,571.0
481.0,571.0
489.0,571.0
507.0,571.0
526.0,571.0
571.0,662.0
571.0,770.0
571.0,892.0
571.0,940.0
18.0,572.0
39.0,572.0
51.0,572.0
99.0,572.0
342.0,572.0
487.0,572.0
557.0,572.0
563.0,572.0
572.0,842.0
572.0,940.0
27.0,573.0
79.0,573.0
149.0,573.0
275.0,573.0
316.0,573.0
382.0,573.0
427.0,573.0
558.0,573.0
573.0,619.0
573.0,645.0
573.0,937.0
59.0,574.0
98.0,574.0
107.0,574.0
113.0,574.0
148.0,574.0
150.0,574.0
193.0,574.0
223.0,574.0
324.0,574.0
334.0,574.0
370.0,574.0
408.0,574.0
568.0,574.0
574.0,842.0
574.0,945.0
177.0,575.0
194.0,575.0
219.0,575.0
228.0,575.0
229.0,575.0
235.0,575.0
253.0,575.0
301.0,575.0
319.0,575.0
338.0,575.0
486.0,575.0
557.0,575.0
575.0,645.0
575.0,654.0
575.0,661.0
575.0,731.0
575.0,798.0
575.0,834.0
575.0,839.0
575.0,840.0
575.0,852.0
575.0,873.0
8.0,576.0
14.0,576.0
34.0,576.0
74.0,576.0
119.0,576.0
212.0,576.0
296.0,576.0
302.0,576.0
343.0,576.0
364.0,576.0
373.0,576.0
542.0,576.0
557.0,576.0
576.0,743.0
576.0,795.0
18.0,577.0
141.0,577.0
203.0,577.0
341.0,577.0
347.0,577.0
468.0,577.0
524.0,577.0
577.0,592.0
577.0,896.0
28.0,578.0
98.0,578.0
102.0,578.0
173.0,578.0
247.0,578.0
461.0,578.0
505.0,578.0
550.0,578.0
578.0,743.0
578.0,779.0
578.0,867.0
578.0,884.0
578.0,942.0
43.0,579.0
79.0,579.0
91.0,579.0
113.0,579.0
367.0,579.0
395.0,579.0
500.0,579.0
524.0,579.0
579.0,656.0
579.0,853.0
40.0,580.0
280.0,580.0
301.0,580.0
580.0,590.0
580.0,620.0
580.0,664.0
580.0,709.0
580.0,750.0
580.0,784.0
580.0,791.0
36.0,581.0
205.0,581.0
309.0,581.0
336.0,581.0
573.0,581.0
581.0,887.0
581.0,928.0
581.0,942.0
581.0,979.0
140.0,582.0
163.0,582.0
266.0,582.0
408.0,582.0
419.0,582.0
432.0,582.0
463.0,582.0
547.0,582.0
582.0,649.0
582.0,730.0
582.0,750.0
582.0,764.0
582.0,787.0
582.0,823.0
582.0,858.0
582.0,874.0
582.0,940.0
582.0,942.0
65.0,583.0
290.0,583.0
352.0,583.0
374.0,583.0
382.0,583.0
583.0,592.0
583.0,674.0
583.0,683.0
583.0,694.0
583.0,706.0
583.0,880.0
583.0,901.0
583.0,960.0
177.0,584.0
246.0,584.0
335.0,584.0
399.0,584.0
427.0,584.0
428.0,584.0
459.0,584.0
491.0,584.0
553.0,584.0
584.0,687.0
584.0,776.0
584.0,926.0
48.0,585.0
67.0,585.0
181.0,585.0
367.0,585.0
414.0,585.0
453.0,585.0
487.0,585.0
585.0,629.0
320.0,586.0
342.0,586.0
417.0,586.0
424.0,586.0
521.0,586.0
586.0,629.0
586.0,809.0
586.0,812.0
586.0,858.0
586.0,918.0
586.0,931.0
35.0,587.0
64.0,587.0
75.0,587.0
144.0,587.0
481.0,587.0
516.0,587.0
549.0,587.0
587.0,659.0
587.0,704.0
587.0,798.0
587.0,832.0
587.0,842.0
7.0,588.0
46.0,588.0
123.0,588.0
185.0,588.0
322.0,588.0
337.0,588.0
497.0,588.0
575.0,588.0
588.0,659.0
588.0,753.0
588.0,961.0
76.0,589.0
78.0,589.0
212.0,589.0
332.0,589.0
419.0,589.0
513.0,589.0
589.0,593.0
589.0,724.0
589.0,812.0
589.0,892.0
589.0,917.0
589.0,976.0
13.0,590.0
44.0,590.0
125.0,590.0
223.0,590.0
291.0,590.0
318.0,590.0
343.0,590.0
374.0,590.0
418.0,590.0
482.0,590.0
492.0,590.0
516.0,590.0
538.0,590.0
590.0,620.0
590.0,670.0
590.0,709.0
590.0,735.0
26.0,591.0
51.0,591.0
105.0,591.0
238.0,591.0
260.0,591.0
368.0,591.0
426.0,591.0
433.0,591.0
591.0,648.0
591.0,674.0
591.0,714.0
591.0,830.0
591.0,867.0
591.0,913.0
591.0,938.0
591.0,982.0
59.0,592.0
226.0,592.0
242.0,592.0
243.0,592.0
385.0,592.0
576.0,592.0
592.0,620.0
592.0,640.0
592.0,689.0
592.0,705.0
592.0,871.0
592.0,921.0
63.0,593.0
72.0,593.0
79.0,593.0
85.0,593.0
161.0,593.0
186.0,593.0
219.0,593.0
355.0,593.0
358.0,593.0
367.0,593.0
370.0,593.0
373.0,593.0
523.0,593.0
593.0,594.0
593.0,724.0
593.0,783.0
593.0,871.0
593.0,891.0
593.0,929.0
17.0,594.0
220.0,594.0
225.0,594.0
388.0,594.0
391.0,594.0
420.0,594.0
447.0,594.0
534.0,594.0
567.0,594.0
568.0,594.0
594.0,691.0
594.0,716.0
594.0,767.0
594.0,973.0
27.0,595.0
144.0,595.0
347.0,595.0
517.0,595.0
556.0,595.0
595.0,732.0
595.0,854.0
595.0,919.0
595.0,924.0
595.0,935.0
150.0,596.0
201.0,596.0
244.0,596.0
363.0,596.0
429.0,596.0
445.0,596.0
495.0,596.0
596.0,676.0
596.0,704.0
596.0,797.0
596.0,802.0
596.0,965.0
55.0,597.0
78.0,597.0
96.0,597.0
333.0,597.0
349.0,597.0
397.0,597.0
398.0,597.0
454.0,597.0
488.0,597.0
502.0,597.0
545.0,597.0
556.0,597.0
576.0,597.0
597.0,635.0
597.0,780.0
597.0,800.0
597.0,939.0
597.0,959.0
5.0,598.0
6.0,598.0
17.0,598.0
32.0,598.0
77.0,598.0
78.0,598.0
188.0,598.0
231.0,598.0
277.0,598.0
336.0,598.0
366.0,598.0
558.0,598.0
595.0,598.0
598.0,631.0
598.0,677.0
598.0,687.0
598.0,784.0
598.0,812.0
598.0,831.0
598.0,848.0
598.0,886.0
598.0,897.0
22.0,599.0
45.0,599.0
69.0,599.0
95.0,599.0
111.0,599.0
155.0,599.0
272.0,599.0
324.0,599.0
327.0,599.0
336.0,599.0
382.0,599.0
508.0,599.0
553.0,599.0
575.0,599.0
599.0,606.0
599.0,623.0
599.0,715.0
599.0,857.0
21.0,600.0
51.0,600.0
92.0,600.0
132.0,600.0
209.0,600.0
269.0,600.0
314.0,600.0
352.0,600.0
442.0,600.0
444.0,600.0
600.0,602.0
600.0,663.0
600.0,665.0
600.0,681.0
600.0,791.0
600.0,812.0
600.0,973.0
92.0,601.0
159.0,601.0
261.0,601.0
310.0,601.0
322.0,601.0
325.0,601.0
360.0,601.0
513.0,601.0
591.0,601.0
601.0,648.0
601.0,654.0
601.0,655.0
601.0,743.0
601.0,860.0
601.0,865.0
601.0,973.0
6.0,602.0
15.0,602.0
122.0,602.0
159.0,602.0
195.0,602.0
244.0,602.0
260.0,602.0
291.0,602.0
508.0,602.0
602.0,741.0
602.0,840.0
602.0,868.0
5.0,603.0
11.0,603.0
18.0,603.0
71.0,603.0
113.0,603.0
246.0,603.0
497.0,603.0
569.0,603.0
603.0,619.0
603.0,647.0
603.0,741.0
603.0,837.0
603.0,935.0
17.0,604.0
245.0,604.0
303.0,604.0
318.0,604.0
349.0,604.0
452.0,604.0
478.0,604.0
12.0,605.0
126.0,605.0
144.0,605.0
319.0,605.0
340.0,605.0
371.0,605.0
474.0,605.0
579.0,605.0
605.0,865.0
605.0,872.0
605.0,898.0
605.0,940.0
605.0,969.0
605.0,984.0
18.0,606.0
57.0,606.0
90.0,606.0
101.0,606.0
120.0,606.0
188.0,606.0
239.0,606.0
606.0,721.0
606.0,781.0
606.0,892.0
606.0,900.0
142.0,607.0
160.0,607.0
183.0,607.0
241.0,607.0
265.0,607.0
450.0,607.0
607.0,619.0
607.0,657.0
607.0,792.0
607.0,836.0
607.0,875.0
607.0,879.0
607.0,891.0
607.0,955.0
607.0,964.0
607.0,968.0
14.0,608.0
34.0,608.0
126.0,608.0
340.0,608.0
511.0,608.0
557.0,608.0
608.0,621.0
608.0,780.0
608.0,979.0
52.0,609.0
213.0,609.0
293.0,609.0
321.0,609.0
528.0,609.0
577.0,609.0
585.0,609.0
609.0,650.0
609.0,679.0
609.0,733.0
609.0,799.0
609.0,834.0
609.0,941.0
15.0,610.0
45.0,610.0
209.0,610.0
311.0,610.0
333.0,610.0
352.0,610.0
438.0,610.0
501.0,610.0
610.0,669.0
610.0,918.0
19.0,611.0
171.0,611.0
198.0,611.0
354.0,611.0
461.0,611.0
480.0,611.0
611.0,659.0
611.0,660.0
611.0,687.0
611.0,741.0
3.0,612.0
94.0,612.0
218.0,612.0
222.0,612.0
255.0,612.0
314.0,612.0
376.0,612.0
484.0,612.0
612.0,722.0
612.0,723.0
612.0,734.0
612.0,736.0
612.0,909.0
612.0,946.0
612.0,984.0
99.0,613.0
105.0,613.0
118.0,613.0
342.0,613.0
399.0,613.0
461.0,613.0
493.0,613.0
503.0,613.0
542.0,613.0
613.0,772.0
613.0,784.0
613.0,923.0
5.0,614.0
131.0,614.0
216.0,614.0
219.0,614.0
325.0,614.0
376.0,614.0
427.0,614.0
473.0,614.0
614.0,647.0
614.0,834.0
614.0,900.0
614.0,965.0
188.0,615.0
360.0,615.0
380.0,615.0
506.0,615.0
526.0,615.0
615.0,771.0
615.0,787.0
615.0,803.0
615.0,818.0
615.0,819.0
615.0,863.0
615.0,893.0
615.0,985.0
103.0,616.0
104.0,616.0
404.0,616.0
425.0,616.0
551.0,616.0
616.0,691.0
616.0,699.0
616.0,737.0
616.0,750.0
616.0,758.0
616.0,759.0
616.0,824.0
616.0,851.0
35.0,617.0
220.0,617.0
232.0,617.0
294.0,617.0
318.0,617.0
352.0,617.0
373.0,617.0
608.0,617.0
617.0,713.0
617.0,733.0
617.0,816.0
617.0,888.0
617.0,984.0
110.0,618.0
131.0,618.0
146.0,618.0
164.0,618.0
409.0,618.0
509.0,618.0
618.0,654.0
618.0,723.0
618.0,815.0
618.0,924.0
618.0,963.0
35.0,619.0
36.0,619.0
47.0,619.0
181.0,619.0
290.0,619.0
294.0,619.0
314.0,619.0
411.0,619.0
451.0,619.0
551.0,619.0
553.0,619.0
619.0,656.0
619.0,751.0
619.0,765.0
619.0,896.0
619.0,931.0
85.0,620.0
159.0,620.0
249.0,620.0
265.0,620.0
272.0,620.0
328.0,620.0
349.0,620.0
359.0,620.0
620.0,693.0
620.0,774.0
620.0,790.0
620.0,924.0
82.0,621.0
144.0,621.0
146.0,621.0
404.0,621.0
474.0,621.0
621.0,622.0
621.0,642.0
621.0,696.0
621.0,867.0
621.0,884.0
9.0,622.0
53.0,622.0
116.0,622.0
242.0,622.0
263.0,622.0
271.0,622.0
273.0,622.0
396.0,622.0
451.0,622.0
577.0,622.0
622.0,695.0
622.0,742.0
72.0,623.0
113.0,623.0
258.0,623.0
331.0,623.0
602.0,623.0
621.0,623.0
623.0,703.0
623.0,704.0
623.0,825.0
623.0,874.0
42.0,624.0
128.0,624.0
137.0,624.0
236.0,624.0
275.0,624.0
278.0,624.0
305.0,624.0
419.0,624.0
502.0,624.0
516.0,624.0
527.0,624.0
624.0,771.0
624.0,907.0
75.0,625.0
90.0,625.0
188.0,625.0
203.0,625.0
384.0,625.0
450.0,625.0
451.0,625.0
625.0,683.0
625.0,783.0
625.0,861.0
625.0,868.0
42.0,626.0
116.0,626.0
214.0,626.0
222.0,626.0
278.0,626.0
300.0,626.0
343.0,626.0
400.0,626.0
449.0,626.0
492.0,626.0
586.0,626.0
626.0,736.0
626.0,776.0
626.0,778.0
626.0,942.0
626.0,946.0
88.0,627.0
305.0,627.0
332.0,627.0
334.0,627.0
486.0,627.0
555.0,627.0
627.0,708.0
627.0,767.0
627.0,778.0
627.0,804.0
627.0,854.0
627.0,913.0
106.0,628.0
222.0,628.0
232.0,628.0
381.0,628.0
610.0,628.0
628.0,676.0
628.0,683.0
628.0,737.0
628.0,782.0
628.0,819.0
628.0,868.0
628.0,946.0
45.0,629.0
64.0,629.0
98.0,629.0
133.0,629.0
193.0,629.0
239.0,629.0
246.0,629.0
334.0,629.0
385.0,629.0
460.0,629.0
480.0,629.0
579.0,629.0
592.0,629.0
629.0,631.0
629.0,653.0
629.0,658.0
629.0,706.0
629.0,847.0
57.0,630.0
156.0,630.0
169.0,630.0
310.0,630.0
339.0,630.0
342.0,630.0
446.0,630.0
630.0,657.0
630.0,800.0
630.0,813.0
630.0,895.0
630.0,897.0
76.0,631.0
79.0,631.0
115.0,631.0
118.0,631.0
212.0,631.0
368.0,631.0
420.0,631.0
631.0,774.0
631.0,934.0
631.0,939.0
631.0,985.0
59.0,632.0
104.0,632.0
262.0,632.0
284.0,632.0
333.0,632.0
506.0,632.0
520.0,632.0
575.0,632.0
632.0,691.0
632.0,692.0
632.0,694.0
632.0,749.0
632.0,794.0
632.0,818.0
632.0,863.0
632.0,875.0
72.0,633.0
122.0,633.0
193.0,633.0
207.0,633.0
306.0,633.0
488.0,633.0
539.0,633.0
545.0,633.0
633.0,639.0
633.0,771.0
633.0,772.0
633.0,778.0
140.0,634.0
228.0,634.0
314.0,634.0
428.0,634.0
604.0,634.0
634.0,840.0
634.0,880.0
634.0,924.0
634.0,971.0
634.0,975.0
18.0,635.0
124.0,635.0
352.0,635.0
465.0,635.0
603.0,635.0
635.0,665.0
635.0,673.0
635.0,773.0
635.0,800.0
635.0,957.0
52.0,636.0
99.0,636.0
174.0,636.0
205.0,636.0
227.0,636.0
357.0,636.0
360.0,636.0
377.0,636.0
396.0,636.0
442.0,636.0
564.0,636.0
636.0,686.0
636.0,766.0
636.0,845.0
636.0,862.0
636.0,913.0
636.0,919.0
101.0,637.0
106.0,637.0
289.0,637.0
501.0,637.0
637.0,672.0
637.0,721.0
637.0,809.0
637.0,878.0
637.0,953.0
55.0,638.0
145.0,638.0
167.0,638.0
179.0,638.0
209.0,638.0
267.0,638.0
288.0,638.0
394.0,638.0
456.0,638.0
523.0,638.0
638.0,648.0
638.0,672.0
638.0,686.0
638.0,783.0
638.0,864.0
638.0,953.0
638.0,967.0
638.0,970.0
24.0,639.0
159.0,639.0
191.0,639.0
247.0,639.0
249.0,639.0
313.0,639.0
367.0,639.0
421.0,639.0
546.0,639.0
607.0,639.0
639.0,678.0
639.0,699.0
639.0,730.0
639.0,765.0
639.0,794.0
639.0,806.0
639.0,889.0
163.0,640.0
170.0,640.0
201.0,640.0
466.0,640.0
510.0,640.0
518.0,640.0
640.0,675.0
640.0,786.0
640.0,985.0
238.0,641.0
302.0,641.0
333.0,641.0
404.0,641.0
413.0,641.0
630.0,641.0
641.0,693.0
641.0,810.0
641.0,839.0
641.0,853.0
127.0,642.0
202.0,642.0
267.0,642.0
369.0,642.0
372.0,642.0
596.0,642.0
642.0,651.0
642.0,712.0
642.0,717.0
642.0,801.0
642.0,842.0
66.0,643.0
257.0,643.0
296.0,643.0
302.0,643.0
338.0,643.0
455.0,643.0
588.0,643.0
643.0,653.0
643.0,669.0
643.0,874.0
643.0,892.0
643.0,923.0
24.0,644.0
30.0,644.0
103.0,644.0
135.0,644.0
220.0,644.0
232.0,644.0
276.0,644.0
324.0,644.0
385.0,644.0
512.0,644.0
524.0,644.0
543.0,644.0
643.0,644.0
644.0,695.0
644.0,739.0
644.0,780.0
644.0,797.0
644.0,828.0
644.0,870.0
644.0,889.0
644.0,891.0
644.0,932.0
73.0,645.0
124.0,645.0
138.0,645.0
145.0,645.0
407.0,645.0
413.0,645.0
524.0,645.0
578.0,645.0
604.0,645.0
645.0,690.0
645.0,755.0
645.0,774.0
645.0,925.0
27.0,646.0
58.0,646.0
95.0,646.0
116.0,646.0
202.0,646.0
241.0,646.0
341.0,646.0
389.0,646.0
466.0,646.0
576.0,646.0
595.0,646.0
646.0,944.0
28.0,647.0
234.0,647.0
283.0,647.0
406.0,647.0
505.0,647.0
647.0,759.0
647.0,769.0
647.0,801.0
647.0,813.0
647.0,876.0
647.0,877.0
22.0,648.0
149.0,648.0
314.0,648.0
367.0,648.0
469.0,648.0
648.0,713.0
648.0,725.0
128.0,649.0
202.0,649.0
516.0,649.0
649.0,697.0
649.0,704.0
649.0,722.0
649.0,793.0
649.0,842.0
649.0,855.0
649.0,898.0
649.0,917.0
48.0,650.0
75.0,650.0
89.0,650.0
117.0,650.0
119.0,650.0
293.0,650.0
342.0,650.0
404.0,650.0
408.0,650.0
575.0,650.0
650.0,695.0
650.0,801.0
650.0,822.0
650.0,845.0
650.0,861.0
650.0,865.0
650.0,883.0
650.0,921.0
122.0,651.0
254.0,651.0
270.0,651.0
337.0,651.0
446.0,651.0
582.0,651.0
651.0,665.0
651.0,683.0
651.0,704.0
651.0,738.0
651.0,862.0
49.0,652.0
158.0,652.0
213.0,652.0
378.0,652.0
398.0,652.0
490.0,652.0
516.0,652.0
528.0,652.0
652.0,674.0
652.0,703.0
652.0,850.0
652.0,952.0
47.0,653.0
184.0,653.0
207.0,653.0
301.0,653.0
331.0,653.0
423.0,653.0
540.0,653.0
565.0,653.0
614.0,653.0
619.0,653.0
628.0,653.0
633.0,653.0
653.0,720.0
653.0,752.0
653.0,834.0
653.0,880.0
653.0,884.0
653.0,901.0
161.0,654.0
166.0,654.0
224.0,654.0
410.0,654.0
598.0,654.0
646.0,654.0
654.0,748.0
654.0,921.0
69.0,655.0
165.0,655.0
298.0,655.0
402.0,655.0
463.0,655.0
655.0,859.0
655.0,894.0
46.0,656.0
98.0,656.0
115.0,656.0
346.0,656.0
392.0,656.0
409.0,656.0
476.0,656.0
528.0,656.0
656.0,657.0
656.0,853.0
656.0,904.0
2.0,657.0
253.0,657.0
261.0,657.0
365.0,657.0
379.0,657.0
426.0,657.0
538.0,657.0
657.0,696.0
657.0,799.0
657.0,813.0
657.0,839.0
657.0,914.0
657.0,971.0
230.0,658.0
337.0,658.0
579.0,658.0
614.0,658.0
657.0,658.0
658.0,705.0
658.0,774.0
658.0,902.0
658.0,941.0
114.0,659.0
279.0,659.0
324.0,659.0
520.0,659.0
606.0,659.0
616.0,659.0
619.0,659.0
623.0,659.0
625.0,659.0
633.0,659.0
659.0,676.0
659.0,792.0
659.0,827.0
659.0,850.0
135.0,660.0
147.0,660.0
163.0,660.0
210.0,660.0
298.0,660.0
388.0,660.0
660.0,696.0
660.0,724.0
660.0,803.0
660.0,840.0
660.0,926.0
231.0,661.0
343.0,661.0
466.0,661.0
483.0,661.0
580.0,661.0
623.0,661.0
631.0,661.0
661.0,796.0
661.0,846.0
661.0,950.0
38.0,662.0
111.0,662.0
146.0,662.0
294.0,662.0
405.0,662.0
474.0,662.0
662.0,668.0
662.0,677.0
662.0,714.0
662.0,921.0
662.0,952.0
0.0,663.0
173.0,663.0
233.0,663.0
496.0,663.0
663.0,672.0
663.0,681.0
663.0,682.0
663.0,688.0
663.0,775.0
663.0,951.0
663.0,954.0
13.0,664.0
224.0,664.0
251.0,664.0
399.0,664.0
409.0,664.0
498.0,664.0
535.0,664.0
593.0,664.0
619.0,664.0
636.0,664.0
664.0,848.0
664.0,935.0
15.0,665.0
46.0,665.0
131.0,665.0
133.0,665.0
195.0,665.0
289.0,665.0
407.0,665.0
432.0,665.0
457.0,665.0
665.0,840.0
665.0,891.0
665.0,976.0
25.0,666.0
77.0,666.0
172.0,666.0
237.0,666.0
319.0,666.0
428.0,666.0
432.0,666.0
500.0,666.0
592.0,666.0
666.0,677.0
666.0,693.0
666.0,747.0
666.0,790.0
666.0,815.0
666.0,916.0
666.0,973.0
9.0,667.0
99.0,667.0
138.0,667.0
183.0,667.0
271.0,667.0
280.0,667.0
528.0,667.0
534.0,667.0
570.0,667.0
605.0,667.0
621.0,667.0
665.0,667.0
667.0,718.0
667.0,816.0
667.0,874.0
667.0,886.0
10.0,668.0
49.0,668.0
93.0,668.0
147.0,668.0
150.0,668.0
214.0,668.0
275.0,668.0
401.0,668.0
492.0,668.0
495.0,668.0
498.0,668.0
527.0,668.0
639.0,668.0
660.0,668.0
668.0,868.0
668.0,870.0
668.0,894.0
668.0,917.0
668.0,918.0
668.0,964.0
167.0,669.0
176.0,669.0
411.0,669.0
455.0,669.0
669.0,760.0
669.0,954.0
26.0,670.0
96.0,670.0
259.0,670.0
268.0,670.0
293.0,670.0
312.0,670.0
458.0,670.0
591.0,670.0
670.0,788.0
670.0,790.0
670.0,819.0
30.0,671.0
44.0,671.0
109.0,671.0
337.0,671.0
379.0,671.0
410.0,671.0
435.0,671.0
508.0,671.0
591.0,671.0
616.0,671.0
668.0,671.0
671.0,766.0
671.0,836.0
671.0,889.0
2.0,672.0
78.0,672.0
149.0,672.0
228.0,672.0
311.0,672.0
479.0,672.0
535.0,672.0
562.0,672.0
569.0,672.0
630.0,672.0
637.0,672.0
661.0,672.0
672.0,721.0
672.0,775.0
672.0,819.0
12.0,673.0
90.0,673.0
196.0,673.0
261.0,673.0
375.0,673.0
432.0,673.0
528.0,673.0
673.0,686.0
673.0,847.0
673.0,924.0
673.0,977.0
172.0,674.0
336.0,674.0
387.0,674.0
568.0,674.0
583.0,674.0
669.0,674.0
674.0,763.0
674.0,802.0
674.0,822.0
674.0,932.0
674.0,973.0
178.0,675.0
216.0,675.0
341.0,675.0
394.0,675.0
435.0,675.0
480.0,675.0
484.0,675.0
517.0,675.0
563.0,675.0
596.0,675.0
660.0,675.0
675.0,711.0
46.0,676.0
64.0,676.0
72.0,676.0
130.0,676.0
187.0,676.0
421.0,676.0
506.0,676.0
576.0,676.0
676.0,798.0
676.0,982.0
91.0,677.0
134.0,677.0
202.0,677.0
216.0,677.0
335.0,677.0
400.0,677.0
401.0,677.0
443.0,677.0
498.0,677.0
595.0,677.0
629.0,677.0
677.0,715.0
677.0,727.0
677.0,742.0
677.0,822.0
677.0,884.0
170.0,678.0
195.0,678.0
205.0,678.0
264.0,678.0
301.0,678.0
393.0,678.0
581.0,678.0
678.0,737.0
678.0,755.0
678.0,823.0
678.0,913.0
678.0,951.0
678.0,952.0
24.0,679.0
218.0,679.0
368.0,679.0
391.0,679.0
679.0,821.0
679.0,835.0
4.0,680.0
45.0,680.0
61.0,680.0
71.0,680.0
105.0,680.0
108.0,680.0
126.0,680.0
170.0,680.0
302.0,680.0
335.0,680.0
419.0,680.0
585.0,680.0
663.0,680.0
680.0,729.0
680.0,806.0
680.0,834.0
680.0,889.0
680.0,906.0
147.0,681.0
274.0,681.0
275.0,681.0
436.0,681.0
442.0,681.0
582.0,681.0
595.0,681.0
663.0,681.0
681.0,769.0
681.0,913.0
681.0,952.0
61.0,682.0
153.0,682.0
334.0,682.0
426.0,682.0
682.0,692.0
682.0,723.0
682.0,825.0
682.0,837.0
682.0,934.0
81.0,683.0
344.0,683.0
405.0,683.0
420.0,683.0
444.0,683.0
458.0,683.0
490.0,683.0
543.0,683.0
546.0,683.0
585.0,683.0
670.0,683.0
683.0,923.0
34.0,684.0
91.0,684.0
121.0,684.0
297.0,684.0
319.0,684.0
380.0,684.0
414.0,684.0
499.0,684.0
541.0,684.0
543.0,684.0
614.0,684.0
684.0,808.0
52.0,685.0
101.0,685.0
102.0,685.0
104.0,685.0
193.0,685.0
281.0,685.0
390.0,685.0
460.0,685.0
537.0,685.0
556.0,685.0
641.0,685.0
685.0,734.0
685.0,781.0
685.0,904.0
685.0,907.0
685.0,965.0
5.0,686.0
44.0,686.0
49.0,686.0
62.0,686.0
210.0,686.0
475.0,686.0
487.0,686.0
514.0,686.0
558.0,686.0
647.0,686.0
686.0,735.0
686.0,857.0
686.0,908.0
92.0,687.0
135.0,687.0
308.0,687.0
367.0,687.0
453.0,687.0
460.0,687.0
477.0,687.0
520.0,687.0
582.0,687.0
652.0,687.0
687.0,688.0
687.0,850.0
45.0,688.0
249.0,688.0
328.0,688.0
518.0,688.0
561.0,688.0
588.0,688.0
669.0,688.0
688.0,762.0
688.0,837.0
688.0,902.0
688.0,966.0
62.0,689.0
137.0,689.0
151.0,689.0
234.0,689.0
235.0,689.0
259.0,689.0
350.0,689.0
513.0,689.0
552.0,689.0
621.0,689.0
689.0,695.0
689.0,793.0
689.0,939.0
41.0,690.0
131.0,690.0
163.0,690.0
165.0,690.0
218.0,690.0
373.0,690.0
403.0,690.0
476.0,690.0
490.0,690.0
629.0,690.0
690.0,691.0
690.0,765.0
123.0,691.0
140.0,691.0
151.0,691.0
288.0,691.0
313.0,691.0
344.0,691.0
467.0,691.0
551.0,691.0
72.0,692.0
115.0,692.0
169.0,692.0
184.0,692.0
304.0,692.0
370.0,692.0
455.0,692.0
533.0,692.0
563.0,692.0
692.0,875.0
692.0,916.0
140.0,693.0
230.0,693.0
280.0,693.0
321.0,693.0
396.0,693.0
450.0,693.0
638.0,693.0
650.0,693.0
693.0,767.0
693.0,787.0
693.0,837.0
693.0,841.0
693.0,865.0
693.0,970.0
54.0,694.0
76.0,694.0
105.0,694.0
107.0,694.0
383.0,694.0
400.0,694.0
437.0,694.0
548.0,694.0
599.0,694.0
620.0,694.0
694.0,728.0
694.0,879.0
30.0,695.0
34.0,695.0
38.0,695.0
69.0,695.0
91.0,695.0
260.0,695.0
346.0,695.0
377.0,695.0
399.0,695.0
561.0,695.0
566.0,695.0
657.0,695.0
675.0,695.0
685.0,695.0
695.0,862.0
695.0,902.0
695.0,920.0
695.0,950.0
61.0,696.0
93.0,696.0
221.0,696.0
416.0,696.0
442.0,696.0
619.0,696.0
119.0,697.0
171.0,697.0
299.0,697.0
554.0,697.0
697.0,893.0
697.0,916.0
697.0,950.0
76.0,698.0
81.0,698.0
318.0,698.0
359.0,698.0
518.0,698.0
633.0,698.0
654.0,698.0
684.0,698.0
698.0,727.0
698.0,756.0
698.0,864.0
698.0,947.0
698.0,953.0
104.0,699.0
106.0,699.0
188.0,699.0
190.0,699.0
193.0,699.0
216.0,699.0
381.0,699.0
515.0,699.0
650.0,699.0
672.0,699.0
699.0,737.0
699.0,800.0
699.0,909.0
699.0,950.0
36.0,700.0
145.0,700.0
148.0,700.0
205.0,700.0
230.0,700.0
242.0,700.0
316.0,700.0
397.0,700.0
443.0,700.0
613.0,700.0
678.0,700.0
685.0,700.0
700.0,797.0
700.0,867.0
700.0,885.0
15.0,701.0
32.0,701.0
36.0,701.0
65.0,701.0
74.0,701.0
132.0,701.0
185.0,701.0
191.0,701.0
269.0,701.0
305.0,701.0
323.0,701.0
468.0,701.0
482.0,701.0
497.0,701.0
599.0,701.0
697.0,701.0
701.0,741.0
701.0,748.0
119.0,702.0
191.0,702.0
198.0,702.0
290.0,702.0
396.0,702.0
405.0,702.0
468.0,702.0
469.0,702.0
636.0,702.0
674.0,702.0
702.0,719.0
702.0,872.0
702.0,935.0
702.0,975.0
44.0,703.0
58.0,703.0
70.0,703.0
72.0,703.0
210.0,703.0
251.0,703.0
679.0,703.0
703.0,726.0
703.0,791.0
703.0,874.0
703.0,913.0
703.0,955.0
65.0,704.0
137.0,704.0
328.0,704.0
357.0,704.0
378.0,704.0
473.0,704.0
704.0,718.0
704.0,794.0
704.0,827.0
704.0,842.0
704.0,977.0
0.0,705.0
104.0,705.0
225.0,705.0
244.0,705.0
301.0,705.0
310.0,705.0
365.0,705.0
477.0,705.0
586.0,705.0
634.0,705.0
668.0,705.0
705.0,721.0
705.0,774.0
705.0,781.0
705.0,798.0
705.0,864.0
705.0,907.0
140.0,706.0
473.0,706.0
660.0,706.0
681.0,706.0
685.0,706.0
706.0,707.0
34.0,707.0
66.0,707.0
92.0,707.0
110.0,707.0
174.0,707.0
210.0,707.0
250.0,707.0
336.0,707.0
346.0,707.0
430.0,707.0
511.0,707.0
553.0,707.0
707.0,732.0
707.0,784.0
707.0,870.0
707.0,913.0
121.0,708.0
216.0,708.0
373.0,708.0
436.0,708.0
517.0,708.0
521.0,708.0
646.0,708.0
673.0,708.0
684.0,708.0
708.0,743.0
708.0,801.0
708.0,878.0
708.0,979.0
37.0,709.0
69.0,709.0
209.0,709.0
270.0,709.0
524.0,709.0
541.0,709.0
546.0,709.0
709.0,782.0
709.0,825.0
209.0,710.0
253.0,710.0
330.0,710.0
331.0,710.0
369.0,710.0
377.0,710.0
459.0,710.0
544.0,710.0
587.0,710.0
608.0,710.0
670.0,710.0
709.0,710.0
710.0,757.0
710.0,851.0
710.0,895.0
710.0,952.0
21.0,711.0
118.0,711.0
428.0,711.0
430.0,711.0
465.0,711.0
505.0,711.0
527.0,711.0
579.0,711.0
601.0,711.0
711.0,737.0
711.0,836.0
711.0,882.0
711.0,904.0
711.0,926.0
711.0,970.0
16.0,712.0
118.0,712.0
162.0,712.0
166.0,712.0
209.0,712.0
283.0,712.0
418.0,712.0
435.0,712.0
681.0,712.0
708.0,712.0
712.0,729.0
712.0,840.0
712.0,938.0
63.0,713.0
208.0,713.0
269.0,713.0
280.0,713.0
501.0,713.0
509.0,713.0
668.0,713.0
698.0,713.0
713.0,846.0
713.0,853.0
196.0,714.0
291.0,714.0
425.0,714.0
459.0,714.0
464.0,714.0
588.0,714.0
637.0,714.0
684.0,714.0
714.0,721.0
714.0,733.0
714.0,744.0
714.0,756.0
714.0,829.0
714.0,888.0
714.0,912.0
448.0,715.0
454.0,715.0
471.0,715.0
594.0,715.0
704.0,715.0
137.0,716.0
141.0,716.0
177.0,716.0
182.0,716.0
243.0,716.0
284.0,716.0
304.0,716.0
357.0,716.0
364.0,716.0
551.0,716.0
578.0,716.0
670.0,716.0
716.0,837.0
716.0,844.0
716.0,879.0
716.0,882.0
716.0,933.0
716.0,936.0
158.0,717.0
177.0,717.0
203.0,717.0
224.0,717.0
250.0,717.0
324.0,717.0
330.0,717.0
370.0,717.0
403.0,717.0
438.0,717.0
495.0,717.0
510.0,717.0
512.0,717.0
600.0,717.0
671.0,717.0
717.0,931.0
717.0,948.0
26.0,718.0
96.0,718.0
111.0,718.0
153.0,718.0
366.0,718.0
560.0,718.0
610.0,718.0
635.0,718.0
695.0,718.0
718.0,808.0
718.0,846.0
718.0,935.0
718.0,980.0
24.0,719.0
81.0,719.0
112.0,719.0
324.0,719.0
358.0,719.0
607.0,719.0
626.0,719.0
696.0,719.0
719.0,758.0
719.0,927.0
2.0,720.0
30.0,720.0
67.0,720.0
199.0,720.0
242.0,720.0
277.0,720.0
326.0,720.0
353.0,720.0
440.0,720.0
480.0,720.0
492.0,720.0
498.0,720.0
570.0,720.0
639.0,720.0
720.0,772.0
720.0,927.0
260.0,721.0
342.0,721.0
388.0,721.0
486.0,721.0
610.0,721.0
670.0,721.0
686.0,721.0
701.0,721.0
705.0,721.0
721.0,757.0
721.0,808.0
721.0,867.0
71.0,722.0
152.0,722.0
171.0,722.0
204.0,722.0
250.0,722.0
332.0,722.0
636.0,722.0
705.0,722.0
722.0,752.0
722.0,757.0
722.0,773.0
722.0,793.0
722.0,913.0
108.0,723.0
120.0,723.0
125.0,723.0
130.0,723.0
138.0,723.0
211.0,723.0
259.0,723.0
289.0,723.0
318.0,723.0
383.0,723.0
551.0,723.0
553.0,723.0
614.0,723.0
675.0,723.0
704.0,723.0
723.0,724.0
723.0,752.0
723.0,839.0
723.0,920.0
723.0,930.0
723.0,954.0
74.0,724.0
135.0,724.0
185.0,724.0
247.0,724.0
248.0,724.0
330.0,724.0
426.0,724.0
448.0,724.0
509.0,724.0
513.0,724.0
537.0,724.0
584.0,724.0
715.0,724.0
724.0,812.0
724.0,858.0
724.0,917.0
724.0,960.0
48.0,725.0
339.0,725.0
353.0,725.0
580.0,725.0
725.0,770.0
95.0,726.0
154.0,726.0
338.0,726.0
463.0,726.0
618.0,726.0
726.0,738.0
726.0,824.0
726.0,852.0
726.0,868.0
726.0,915.0
726.0,985.0
0.0,727.0
51.0,727.0
93.0,727.0
200.0,727.0
224.0,727.0
282.0,727.0
398.0,727.0
406.0,727.0
548.0,727.0
668.0,727.0
713.0,727.0
727.0,760.0
727.0,781.0
727.0,833.0
727.0,871.0
727.0,967.0
32.0,728.0
114.0,728.0
144.0,728.0
193.0,728.0
222.0,728.0
297.0,728.0
320.0,728.0
325.0,728.0
429.0,728.0
489.0,728.0
548.0,728.0
602.0,728.0
651.0,728.0
682.0,728.0
718.0,728.0
728.0,744.0
728.0,882.0
728.0,921.0
115.0,729.0
222.0,729.0
282.0,729.0
365.0,729.0
450.0,729.0
484.0,729.0
491.0,729.0
505.0,729.0
646.0,729.0
658.0,729.0
680.0,729.0
729.0,751.0
729.0,755.0
729.0,765.0
729.0,814.0
729.0,907.0
18.0,730.0
83.0,730.0
137.0,730.0
159.0,730.0
267.0,730.0
392.0,730.0
510.0,730.0
581.0,730.0
585.0,730.0
715.0,730.0
730.0,781.0
730.0,845.0
730.0,872.0
730.0,890.0
730.0,911.0
730.0,924.0
3.0,731.0
20.0,731.0
97.0,731.0
126.0,731.0
160.0,731.0
272.0,731.0
334.0,731.0
357.0,731.0
365.0,731.0
429.0,731.0
530.0,731.0
540.0,731.0
549.0,731.0
674.0,731.0
686.0,731.0
731.0,847.0
731.0,938.0
731.0,976.0
118.0,732.0
148.0,732.0
291.0,732.0
308.0,732.0
383.0,732.0
389.0,732.0
456.0,732.0
458.0,732.0
481.0,732.0
491.0,732.0
616.0,732.0
637.0,732.0
674.0,732.0
732.0,767.0
732.0,791.0
732.0,825.0
102.0,733.0
192.0,733.0
220.0,733.0
223.0,733.0
299.0,733.0
348.0,733.0
358.0,733.0
377.0,733.0
454.0,733.0
614.0,733.0
619.0,733.0
672.0,733.0
733.0,826.0
733.0,872.0
261.0,734.0
283.0,734.0
348.0,734.0
355.0,734.0
401.0,734.0
421.0,734.0
490.0,734.0
571.0,734.0
734.0,761.0
734.0,775.0
734.0,789.0
734.0,955.0
41.0,735.0
121.0,735.0
151.0,735.0
166.0,735.0
300.0,735.0
316.0,735.0
414.0,735.0
517.0,735.0
518.0,735.0
554.0,735.0
556.0,735.0
645.0,735.0
677.0,735.0
735.0,742.0
735.0,796.0
735.0,870.0
735.0,890.0
735.0,960.0
26.0,736.0
41.0,736.0
88.0,736.0
98.0,736.0
197.0,736.0
222.0,736.0
420.0,736.0
468.0,736.0
668.0,736.0
736.0,799.0
736.0,842.0
736.0,893.0
736.0,925.0
736.0,971.0
80.0,737.0
459.0,737.0
479.0,737.0
737.0,738.0
737.0,890.0
737.0,908.0
737.0,914.0
85.0,738.0
116.0,738.0
201.0,738.0
217.0,738.0
269.0,738.0
291.0,738.0
385.0,738.0
397.0,738.0
415.0,738.0
438.0,738.0
506.0,738.0
516.0,738.0
738.0,747.0
738.0,750.0
738.0,760.0
64.0,739.0
192.0,739.0
204.0,739.0
359.0,739.0
381.0,739.0
409.0,739.0
508.0,739.0
690.0,739.0
739.0,782.0
739.0,796.0
739.0,938.0
61.0,740.0
107.0,740.0
315.0,740.0
353.0,740.0
595.0,740.0
675.0,740.0
740.0,768.0
740.0,789.0
740.0,877.0
740.0,949.0
740.0,960.0
39.0,741.0
80.0,741.0
93.0,741.0
181.0,741.0
191.0,741.0
217.0,741.0
238.0,741.0
277.0,741.0
362.0,741.0
395.0,741.0
398.0,741.0
475.0,741.0
572.0,741.0
593.0,741.0
616.0,741.0
644.0,741.0
741.0,903.0
741.0,966.0
741.0,970.0
25.0,742.0
96.0,742.0
137.0,742.0
262.0,742.0
300.0,742.0
376.0,742.0
525.0,742.0
608.0,742.0
617.0,742.0
742.0,768.0
742.0,852.0
742.0,896.0
742.0,942.0
16.0,743.0
24.0,743.0
96.0,743.0
165.0,743.0
191.0,743.0
465.0,743.0
567.0,743.0
639.0,743.0
743.0,744.0
743.0,826.0
743.0,838.0
743.0,844.0
743.0,850.0
743.0,878.0
743.0,899.0
12.0,744.0
14.0,744.0
70.0,744.0
71.0,744.0
80.0,744.0
358.0,744.0
408.0,744.0
421.0,744.0
424.0,744.0
482.0,744.0
553.0,744.0
554.0,744.0
675.0,744.0
703.0,744.0
743.0,744.0
744.0,784.0
744.0,820.0
744.0,862.0
744.0,876.0
94.0,745.0
161.0,745.0
164.0,745.0
355.0,745.0
493.0,745.0
539.0,745.0
563.0,745.0
567.0,745.0
745.0,797.0
745.0,864.0
745.0,866.0
745.0,877.0
745.0,888.0
745.0,974.0
266.0,746.0
389.0,746.0
427.0,746.0
430.0,746.0
465.0,746.0
486.0,746.0
536.0,746.0
550.0,746.0
746.0,797.0
746.0,811.0
746.0,814.0
746.0,856.0
746.0,928.0
746.0,956.0
59.0,747.0
78.0,747.0
132.0,747.0
160.0,747.0
202.0,747.0
476.0,747.0
543.0,747.0
600.0,747.0
653.0,747.0
747.0,784.0
747.0,817.0
747.0,916.0
747.0,924.0
60.0,748.0
97.0,748.0
159.0,748.0
390.0,748.0
392.0,748.0
677.0,748.0
706.0,748.0
75.0,749.0
122.0,749.0
306.0,749.0
316.0,749.0
406.0,749.0
549.0,749.0
550.0,749.0
590.0,749.0
627.0,749.0
692.0,749.0
717.0,749.0
749.0,751.0
749.0,817.0
749.0,829.0
749.0,949.0
749.0,956.0
87.0,750.0
265.0,750.0
361.0,750.0
390.0,750.0
563.0,750.0
618.0,750.0
722.0,750.0
750.0,828.0
750.0,935.0
62.0,751.0
80.0,751.0
177.0,751.0
197.0,751.0
207.0,751.0
283.0,751.0
401.0,751.0
485.0,751.0
583.0,751.0
592.0,751.0
607.0,751.0
708.0,751.0
711.0,751.0
751.0,802.0
751.0,886.0
53.0,752.0
70.0,752.0
173.0,752.0
197.0,752.0
267.0,752.0
547.0,752.0
631.0,752.0
748.0,752.0
752.0,770.0
752.0,799.0
752.0,802.0
752.0,881.0
752.0,939.0
58.0,753.0
76.0,753.0
86.0,753.0
101.0,753.0
295.0,753.0
432.0,753.0
569.0,753.0
585.0,753.0
711.0,753.0
753.0,833.0
753.0,977.0
102.0,754.0
131.0,754.0
246.0,754.0
314.0,754.0
338.0,754.0
381.0,754.0
448.0,754.0
449.0,754.0
681.0,754.0
754.0,819.0
754.0,840.0
754.0,856.0
754.0,874.0
754.0,929.0
54.0,755.0
78.0,755.0
103.0,755.0
168.0,755.0
197.0,755.0
253.0,755.0
305.0,755.0
736.0,755.0
743.0,755.0
755.0,806.0
755.0,894.0
755.0,908.0
755.0,932.0
5.0,756.0
82.0,756.0
97.0,756.0
189.0,756.0
329.0,756.0
508.0,756.0
529.0,756.0
639.0,756.0
747.0,756.0
756.0,831.0
115.0,757.0
282.0,757.0
289.0,757.0
337.0,757.0
342.0,757.0
453.0,757.0
757.0,870.0
757.0,925.0
757.0,943.0
152.0,758.0
238.0,758.0
266.0,758.0
293.0,758.0
325.0,758.0
439.0,758.0
458.0,758.0
542.0,758.0
639.0,758.0
653.0,758.0
736.0,758.0
758.0,842.0
758.0,846.0
12.0,759.0
43.0,759.0
192.0,759.0
348.0,759.0
403.0,759.0
759.0,911.0
759.0,983.0
57.0,760.0
136.0,760.0
183.0,760.0
201.0,760.0
238.0,760.0
354.0,760.0
540.0,760.0
612.0,760.0
663.0,760.0
711.0,760.0
735.0,760.0
760.0,955.0
760.0,983.0
13.0,761.0
130.0,761.0
194.0,761.0
332.0,761.0
373.0,761.0
404.0,761.0
524.0,761.0
547.0,761.0
564.0,761.0
584.0,761.0
592.0,761.0
726.0,761.0
761.0,879.0
7.0,762.0
9.0,762.0
48.0,762.0
60.0,762.0
83.0,762.0
274.0,762.0
329.0,762.0
345.0,762.0
357.0,762.0
387.0,762.0
457.0,762.0
458.0,762.0
479.0,762.0
487.0,762.0
647.0,762.0
762.0,890.0
199.0,763.0
376.0,763.0
377.0,763.0
420.0,763.0
484.0,763.0
763.0,921.0
75.0,764.0
142.0,764.0
182.0,764.0
349.0,764.0
371.0,764.0
443.0,764.0
447.0,764.0
574.0,764.0
764.0,890.0
764.0,904.0
764.0,916.0
764.0,917.0
12.0,765.0
101.0,765.0
341.0,765.0
420.0,765.0
461.0,765.0
554.0,765.0
575.0,765.0
609.0,765.0
636.0,765.0
678.0,765.0
735.0,765.0
736.0,765.0
738.0,765.0
765.0,785.0
765.0,794.0
765.0,872.0
1.0,766.0
126.0,766.0
236.0,766.0
246.0,766.0
280.0,766.0
330.0,766.0
388.0,766.0
463.0,766.0
537.0,766.0
538.0,766.0
552.0,766.0
567.0,766.0
631.0,766.0
640.0,766.0
641.0,766.0
659.0,766.0
663.0,766.0
703.0,766.0
766.0,873.0
766.0,916.0
766.0,932.0
82.0,767.0
226.0,767.0
229.0,767.0
413.0,767.0
480.0,767.0
616.0,767.0
679.0,767.0
738.0,767.0
748.0,767.0
767.0,827.0
767.0,832.0
767.0,844.0
767.0,947.0
48.0,768.0
105.0,768.0
220.0,768.0
221.0,768.0
296.0,768.0
306.0,768.0
402.0,768.0
406.0,768.0
477.0,768.0
545.0,768.0
598.0,768.0
732.0,768.0
734.0,768.0
754.0,768.0
768.0,819.0
768.0,942.0
768.0,947.0
90.0,769.0
165.0,769.0
235.0,769.0
276.0,769.0
328.0,769.0
422.0,769.0
612.0,769.0
655.0,769.0
684.0,769.0
769.0,846.0
769.0,907.0
769.0,983.0
81.0,770.0
102.0,770.0
159.0,770.0
187.0,770.0
428.0,770.0
561.0,770.0
592.0,770.0
684.0,770.0
770.0,807.0
770.0,921.0
770.0,955.0
14.0,771.0
56.0,771.0
113.0,771.0
250.0,771.0
389.0,771.0
600.0,771.0
621.0,771.0
641.0,771.0
644.0,771.0
694.0,771.0
714.0,771.0
750.0,771.0
771.0,897.0
36.0,772.0
139.0,772.0
198.0,772.0
323.0,772.0
327.0,772.0
378.0,772.0
471.0,772.0
483.0,772.0
518.0,772.0
585.0,772.0
682.0,772.0
684.0,772.0
712.0,772.0
755.0,772.0
760.0,772.0
772.0,797.0
772.0,863.0
51.0,773.0
190.0,773.0
253.0,773.0
384.0,773.0
463.0,773.0
464.0,773.0
469.0,773.0
571.0,773.0
683.0,773.0
772.0,773.0
773.0,826.0
12.0,774.0
63.0,774.0
72.0,774.0
577.0,774.0
774.0,815.0
8.0,775.0
20.0,775.0
185.0,775.0
284.0,775.0
360.0,775.0
390.0,775.0
485.0,775.0
495.0,775.0
527.0,775.0
613.0,775.0
641.0,775.0
687.0,775.0
775.0,813.0
775.0,877.0
775.0,882.0
775.0,883.0
775.0,974.0
49.0,776.0
98.0,776.0
153.0,776.0
335.0,776.0
374.0,776.0
508.0,776.0
519.0,776.0
626.0,776.0
750.0,776.0
776.0,779.0
776.0,861.0
776.0,871.0
776.0,907.0
105.0,777.0
129.0,777.0
174.0,777.0
190.0,777.0
435.0,777.0
439.0,777.0
489.0,777.0
496.0,777.0
536.0,777.0
642.0,777.0
666.0,777.0
777.0,807.0
777.0,816.0
777.0,824.0
99.0,778.0
190.0,778.0
228.0,778.0
293.0,778.0
632.0,778.0
743.0,778.0
778.0,882.0
778.0,904.0
778.0,908.0
13.0,779.0
139.0,779.0
256.0,779.0
458.0,779.0
550.0,779.0
594.0,779.0
649.0,779.0
740.0,779.0
779.0,786.0
779.0,810.0
24.0,780.0
47.0,780.0
754.0,780.0
157.0,781.0
166.0,781.0
305.0,781.0
584.0,781.0
663.0,781.0
744.0,781.0
781.0,892.0
781.0,949.0
781.0,971.0
11.0,782.0
70.0,782.0
87.0,782.0
177.0,782.0
220.0,782.0
227.0,782.0
417.0,782.0
418.0,782.0
782.0,881.0
152.0,783.0
157.0,783.0
223.0,783.0
276.0,783.0
300.0,783.0
351.0,783.0
412.0,783.0
592.0,783.0
624.0,783.0
783.0,821.0
783.0,845.0
783.0,846.0
783.0,854.0
783.0,883.0
783.0,964.0
5.0,784.0
46.0,784.0
161.0,784.0
343.0,784.0
373.0,784.0
377.0,784.0
413.0,784.0
438.0,784.0
523.0,784.0
752.0,784.0
784.0,824.0
784.0,895.0
68.0,785.0
127.0,785.0
177.0,785.0
213.0,785.0
220.0,785.0
299.0,785.0
301.0,785.0
426.0,785.0
446.0,785.0
656.0,785.0
730.0,785.0
785.0,944.0
62.0,786.0
101.0,786.0
125.0,786.0
342.0,786.0
382.0,786.0
486.0,786.0
536.0,786.0
632.0,786.0
644.0,786.0
662.0,786.0
786.0,814.0
786.0,858.0
786.0,896.0
786.0,932.0
176.0,787.0
193.0,787.0
217.0,787.0
257.0,787.0
289.0,787.0
398.0,787.0
440.0,787.0
539.0,787.0
552.0,787.0
724.0,787.0
253.0,788.0
583.0,788.0
595.0,788.0
767.0,788.0
769.0,788.0
788.0,981.0
189.0,789.0
194.0,789.0
234.0,789.0
267.0,789.0
473.0,789.0
570.0,789.0
626.0,789.0
667.0,789.0
743.0,789.0
772.0,789.0
781.0,789.0
789.0,832.0
789.0,838.0
789.0,936.0
789.0,970.0
53.0,790.0
61.0,790.0
212.0,790.0
290.0,790.0
360.0,790.0
441.0,790.0
541.0,790.0
648.0,790.0
650.0,790.0
703.0,790.0
790.0,887.0
790.0,902.0
790.0,933.0
790.0,955.0
790.0,973.0
79.0,791.0
149.0,791.0
151.0,791.0
190.0,791.0
258.0,791.0
276.0,791.0
317.0,791.0
348.0,791.0
365.0,791.0
420.0,791.0
423.0,791.0
476.0,791.0
662.0,791.0
749.0,791.0
758.0,791.0
791.0,839.0
791.0,898.0
791.0,915.0
791.0,917.0
791.0,964.0
4.0,792.0
92.0,792.0
246.0,792.0
260.0,792.0
569.0,792.0
665.0,792.0
704.0,792.0
743.0,792.0
753.0,792.0
792.0,815.0
792.0,832.0
792.0,862.0
792.0,909.0
792.0,942.0
792.0,952.0
792.0,970.0
792.0,972.0
108.0,793.0
144.0,793.0
159.0,793.0
177.0,793.0
363.0,793.0
376.0,793.0
440.0,793.0
530.0,793.0
554.0,793.0
559.0,793.0
576.0,793.0
648.0,793.0
650.0,793.0
780.0,793.0
787.0,793.0
793.0,798.0
793.0,899.0
142.0,794.0
184.0,794.0
294.0,794.0
303.0,794.0
373.0,794.0
455.0,794.0
483.0,794.0
497.0,794.0
502.0,794.0
529.0,794.0
574.0,794.0
699.0,794.0
794.0,888.0
68.0,795.0
380.0,795.0
447.0,795.0
567.0,795.0
623.0,795.0
641.0,795.0
704.0,795.0
792.0,795.0
42.0,796.0
101.0,796.0
180.0,796.0
309.0,796.0
312.0,796.0
318.0,796.0
507.0,796.0
558.0,796.0
572.0,796.0
613.0,796.0
705.0,796.0
733.0,796.0
742.0,796.0
796.0,981.0
31.0,797.0
49.0,797.0
172.0,797.0
261.0,797.0
312.0,797.0
425.0,797.0
579.0,797.0
586.0,797.0
745.0,797.0
39.0,798.0
242.0,798.0
456.0,798.0
563.0,798.0
596.0,798.0
652.0,798.0
743.0,798.0
754.0,798.0
797.0,798.0
798.0,863.0
798.0,888.0
114.0,799.0
119.0,799.0
121.0,799.0
220.0,799.0
287.0,799.0
382.0,799.0
528.0,799.0
566.0,799.0
592.0,799.0
651.0,799.0
777.0,799.0
799.0,878.0
26.0,800.0
67.0,800.0
145.0,800.0
149.0,800.0
160.0,800.0
363.0,800.0
461.0,800.0
667.0,800.0
800.0,845.0
800.0,891.0
800.0,913.0
68.0,801.0
196.0,801.0
245.0,801.0
361.0,801.0
407.0,801.0
469.0,801.0
478.0,801.0
549.0,801.0
594.0,801.0
596.0,801.0
636.0,801.0
742.0,801.0
772.0,801.0
37.0,802.0
139.0,802.0
299.0,802.0
312.0,802.0
324.0,802.0
342.0,802.0
362.0,802.0
436.0,802.0
536.0,802.0
634.0,802.0
642.0,802.0
681.0,802.0
716.0,802.0
728.0,802.0
730.0,802.0
768.0,802.0
802.0,871.0
802.0,914.0
802.0,960.0
802.0,982.0
56.0,803.0
68.0,803.0
71.0,803.0
130.0,803.0
135.0,803.0
139.0,803.0
384.0,803.0
487.0,803.0
515.0,803.0
601.0,803.0
603.0,803.0
628.0,803.0
630.0,803.0
638.0,803.0
651.0,803.0
699.0,803.0
715.0,803.0
724.0,803.0
731.0,803.0
782.0,803.0
791.0,803.0
803.0,933.0
19.0,804.0
88.0,804.0
112.0,804.0
173.0,804.0
198.0,804.0
537.0,804.0
804.0,888.0
804.0,920.0
7.0,805.0
80.0,805.0
235.0,805.0
257.0,805.0
314.0,805.0
414.0,805.0
428.0,805.0
537.0,805.0
552.0,805.0
601.0,805.0
643.0,805.0
708.0,805.0
805.0,939.0
133.0,806.0
221.0,806.0
294.0,806.0
322.0,806.0
510.0,806.0
629.0,806.0
806.0,943.0
39.0,807.0
89.0,807.0
232.0,807.0
293.0,807.0
378.0,807.0
379.0,807.0
497.0,807.0
524.0,807.0
531.0,807.0
653.0,807.0
654.0,807.0
677.0,807.0
783.0,807.0
807.0,864.0
807.0,865.0
807.0,866.0
807.0,892.0
807.0,958.0
27.0,808.0
70.0,808.0
505.0,808.0
714.0,808.0
806.0,808.0
37.0,809.0
233.0,809.0
275.0,809.0
361.0,809.0
456.0,809.0
466.0,809.0
526.0,809.0
571.0,809.0
608.0,809.0
654.0,809.0
660.0,809.0
668.0,809.0
809.0,819.0
809.0,923.0
809.0,938.0
809.0,971.0
20.0,810.0
109.0,810.0
247.0,810.0
420.0,810.0
547.0,810.0
639.0,810.0
802.0,810.0
810.0,908.0
176.0,811.0
326.0,811.0
331.0,811.0
359.0,811.0
366.0,811.0
372.0,811.0
491.0,811.0
521.0,811.0
671.0,811.0
676.0,811.0
680.0,811.0
752.0,811.0
811.0,867.0
811.0,871.0
811.0,909.0
811.0,965.0
811.0,969.0
116.0,812.0
117.0,812.0
151.0,812.0
361.0,812.0
392.0,812.0
415.0,812.0
490.0,812.0
510.0,812.0
662.0,812.0
724.0,812.0
765.0,812.0
779.0,812.0
812.0,842.0
812.0,866.0
812.0,904.0
812.0,962.0
156.0,813.0
191.0,813.0
216.0,813.0
276.0,813.0
427.0,813.0
489.0,813.0
557.0,813.0
558.0,813.0
566.0,813.0
609.0,813.0
680.0,813.0
698.0,813.0
725.0,813.0
53.0,814.0
55.0,814.0
64.0,814.0
238.0,814.0
436.0,814.0
499.0,814.0
698.0,814.0
730.0,814.0
814.0,846.0
814.0,865.0
814.0,869.0
133.0,815.0
183.0,815.0
211.0,815.0
249.0,815.0
282.0,815.0
373.0,815.0
409.0,815.0
502.0,815.0
765.0,815.0
774.0,815.0
781.0,815.0
815.0,857.0
815.0,869.0
815.0,921.0
39.0,816.0
177.0,816.0
256.0,816.0
328.0,816.0
363.0,816.0
546.0,816.0
597.0,816.0
641.0,816.0
668.0,816.0
735.0,816.0
743.0,816.0
777.0,816.0
782.0,816.0
816.0,914.0
816.0,956.0
816.0,957.0
135.0,817.0
142.0,817.0
239.0,817.0
264.0,817.0
274.0,817.0
335.0,817.0
338.0,817.0
356.0,817.0
495.0,817.0
654.0,817.0
675.0,817.0
817.0,887.0
23.0,818.0
24.0,818.0
36.0,818.0
109.0,818.0
205.0,818.0
342.0,818.0
408.0,818.0
521.0,818.0
539.0,818.0
624.0,818.0
665.0,818.0
765.0,818.0
818.0,827.0
818.0,867.0
818.0,909.0
818.0,919.0
49.0,819.0
105.0,819.0
131.0,819.0
290.0,819.0
628.0,819.0
819.0,827.0
819.0,833.0
819.0,883.0
819.0,974.0
55.0,820.0
68.0,820.0
98.0,820.0
132.0,820.0
264.0,820.0
463.0,820.0
788.0,820.0
808.0,820.0
820.0,917.0
68.0,821.0
283.0,821.0
287.0,821.0
400.0,821.0
429.0,821.0
435.0,821.0
444.0,821.0
510.0,821.0
515.0,821.0
555.0,821.0
768.0,821.0
770.0,821.0
804.0,821.0
821.0,837.0
821.0,906.0
821.0,912.0
821.0,917.0
118.0,822.0
173.0,822.0
182.0,822.0
269.0,822.0
282.0,822.0
394.0,822.0
414.0,822.0
429.0,822.0
504.0,822.0
599.0,822.0
600.0,822.0
732.0,822.0
822.0,875.0
68.0,823.0
173.0,823.0
298.0,823.0
441.0,823.0
523.0,823.0
585.0,823.0
596.0,823.0
751.0,823.0
823.0,921.0
26.0,824.0
90.0,824.0
175.0,824.0
307.0,824.0
310.0,824.0
593.0,824.0
635.0,824.0
824.0,857.0
824.0,979.0
49.0,825.0
104.0,825.0
188.0,825.0
327.0,825.0
392.0,825.0
493.0,825.0
559.0,825.0
617.0,825.0
657.0,825.0
664.0,825.0
736.0,825.0
758.0,825.0
825.0,892.0
825.0,900.0
825.0,924.0
48.0,826.0
276.0,826.0
317.0,826.0
330.0,826.0
437.0,826.0
460.0,826.0
523.0,826.0
701.0,826.0
801.0,826.0
826.0,881.0
20.0,827.0
153.0,827.0
206.0,827.0
255.0,827.0
341.0,827.0
597.0,827.0
827.0,839.0
166.0,828.0
297.0,828.0
391.0,828.0
393.0,828.0
421.0,828.0
496.0,828.0
593.0,828.0
625.0,828.0
735.0,828.0
763.0,828.0
786.0,828.0
788.0,828.0
809.0,828.0
828.0,858.0
828.0,914.0
77.0,829.0
124.0,829.0
164.0,829.0
242.0,829.0
399.0,829.0
420.0,829.0
829.0,862.0
829.0,915.0
829.0,938.0
100.0,830.0
110.0,830.0
199.0,830.0
225.0,830.0
269.0,830.0
339.0,830.0
421.0,830.0
425.0,830.0
429.0,830.0
440.0,830.0
444.0,830.0
486.0,830.0
527.0,830.0
581.0,830.0
642.0,830.0
655.0,830.0
746.0,830.0
760.0,830.0
796.0,830.0
830.0,905.0
220.0,831.0
317.0,831.0
327.0,831.0
480.0,831.0
545.0,831.0
556.0,831.0
581.0,831.0
583.0,831.0
663.0,831.0
704.0,831.0
813.0,831.0
831.0,955.0
155.0,832.0
215.0,832.0
310.0,832.0
337.0,832.0
416.0,832.0
420.0,832.0
528.0,832.0
586.0,832.0
739.0,832.0
742.0,832.0
832.0,913.0
832.0,928.0
832.0,932.0
832.0,985.0
58.0,833.0
81.0,833.0
359.0,833.0
392.0,833.0
435.0,833.0
495.0,833.0
606.0,833.0
643.0,833.0
707.0,833.0
833.0,861.0
833.0,870.0
833.0,906.0
833.0,922.0
833.0,930.0
399.0,834.0
510.0,834.0
531.0,834.0
538.0,834.0
661.0,834.0
793.0,834.0
834.0,900.0
834.0,928.0
834.0,970.0
103.0,835.0
231.0,835.0
240.0,835.0
279.0,835.0
342.0,835.0
368.0,835.0
384.0,835.0
391.0,835.0
440.0,835.0
509.0,835.0
757.0,835.0
814.0,835.0
835.0,901.0
835.0,915.0
835.0,928.0
13.0,836.0
29.0,836.0
285.0,836.0
379.0,836.0
504.0,836.0
532.0,836.0
595.0,836.0
700.0,836.0
817.0,836.0
833.0,836.0
836.0,848.0
836.0,899.0
836.0,939.0
50.0,837.0
110.0,837.0
161.0,837.0
248.0,837.0
349.0,837.0
404.0,837.0
478.0,837.0
650.0,837.0
735.0,837.0
808.0,837.0
837.0,889.0
837.0,912.0
59.0,838.0
118.0,838.0
120.0,838.0
344.0,838.0
388.0,838.0
484.0,838.0
487.0,838.0
595.0,838.0
838.0,971.0
66.0,839.0
237.0,839.0
307.0,839.0
355.0,839.0
408.0,839.0
409.0,839.0
617.0,839.0
674.0,839.0
839.0,892.0
308.0,840.0
541.0,840.0
569.0,840.0
737.0,840.0
770.0,840.0
840.0,900.0
840.0,918.0
122.0,841.0
285.0,841.0
364.0,841.0
448.0,841.0
582.0,841.0
635.0,841.0
696.0,841.0
718.0,841.0
10.0,842.0
22.0,842.0
61.0,842.0
69.0,842.0
87.0,842.0
224.0,842.0
475.0,842.0
513.0,842.0
536.0,842.0
611.0,842.0
675.0,842.0
686.0,842.0
687.0,842.0
827.0,842.0
839.0,842.0
842.0,927.0
842.0,966.0
84.0,843.0
85.0,843.0
220.0,843.0
496.0,843.0
599.0,843.0
640.0,843.0
770.0,843.0
781.0,843.0
843.0,858.0
843.0,861.0
843.0,929.0
843.0,949.0
35.0,844.0
40.0,844.0
429.0,844.0
473.0,844.0
505.0,844.0
624.0,844.0
630.0,844.0
700.0,844.0
778.0,844.0
789.0,844.0
144.0,845.0
184.0,845.0
268.0,845.0
286.0,845.0
327.0,845.0
341.0,845.0
384.0,845.0
531.0,845.0
554.0,845.0
587.0,845.0
627.0,845.0
716.0,845.0
717.0,845.0
766.0,845.0
814.0,845.0
845.0,898.0
845.0,907.0
4.0,846.0
5.0,846.0
115.0,846.0
139.0,846.0
170.0,846.0
481.0,846.0
506.0,846.0
650.0,846.0
691.0,846.0
751.0,846.0
846.0,881.0
846.0,946.0
7.0,847.0
119.0,847.0
225.0,847.0
277.0,847.0
327.0,847.0
394.0,847.0
507.0,847.0
703.0,847.0
722.0,847.0
755.0,847.0
811.0,847.0
847.0,867.0
847.0,878.0
847.0,898.0
847.0,903.0
847.0,954.0
227.0,848.0
263.0,848.0
284.0,848.0
644.0,848.0
654.0,848.0
683.0,848.0
736.0,848.0
848.0,931.0
231.0,849.0
382.0,849.0
526.0,849.0
584.0,849.0
813.0,849.0
32.0,850.0
71.0,850.0
326.0,850.0
333.0,850.0
482.0,850.0
491.0,850.0
621.0,850.0
653.0,850.0
688.0,850.0
746.0,850.0
763.0,850.0
815.0,850.0
850.0,864.0
850.0,915.0
36.0,851.0
65.0,851.0
94.0,851.0
142.0,851.0
291.0,851.0
348.0,851.0
371.0,851.0
378.0,851.0
468.0,851.0
617.0,851.0
851.0,873.0
257.0,852.0
260.0,852.0
268.0,852.0
289.0,852.0
300.0,852.0
302.0,852.0
370.0,852.0
401.0,852.0
498.0,852.0
527.0,852.0
546.0,852.0
657.0,852.0
723.0,852.0
759.0,852.0
762.0,852.0
800.0,852.0
836.0,852.0
852.0,978.0
94.0,853.0
340.0,853.0
476.0,853.0
521.0,853.0
567.0,853.0
740.0,853.0
744.0,853.0
87.0,854.0
205.0,854.0
215.0,854.0
273.0,854.0
314.0,854.0
353.0,854.0
458.0,854.0
462.0,854.0
583.0,854.0
603.0,854.0
695.0,854.0
763.0,854.0
771.0,854.0
854.0,896.0
11.0,855.0
158.0,855.0
266.0,855.0
289.0,855.0
495.0,855.0
577.0,855.0
621.0,855.0
744.0,855.0
54.0,856.0
419.0,856.0
427.0,856.0
718.0,856.0
758.0,856.0
851.0,856.0
856.0,964.0
40.0,857.0
101.0,857.0
182.0,857.0
214.0,857.0
238.0,857.0
487.0,857.0
520.0,857.0
598.0,857.0
652.0,857.0
811.0,857.0
826.0,857.0
857.0,866.0
857.0,876.0
857.0,967.0
259.0,858.0
500.0,858.0
574.0,858.0
630.0,858.0
643.0,858.0
858.0,881.0
858.0,929.0
41.0,859.0
91.0,859.0
118.0,859.0
156.0,859.0
264.0,859.0
384.0,859.0
397.0,859.0
579.0,859.0
737.0,859.0
793.0,859.0
842.0,859.0
847.0,859.0
859.0,889.0
3.0,860.0
80.0,860.0
204.0,860.0
209.0,860.0
218.0,860.0
340.0,860.0
448.0,860.0
524.0,860.0
860.0,907.0
860.0,910.0
358.0,861.0
428.0,861.0
562.0,861.0
565.0,861.0
567.0,861.0
712.0,861.0
758.0,861.0
767.0,861.0
791.0,861.0
801.0,861.0
30.0,862.0
194.0,862.0
409.0,862.0
504.0,862.0
529.0,862.0
559.0,862.0
645.0,862.0
700.0,862.0
834.0,862.0
862.0,965.0
63.0,863.0
158.0,863.0
390.0,863.0
431.0,863.0
547.0,863.0
592.0,863.0
794.0,863.0
863.0,930.0
863.0,960.0
863.0,976.0
125.0,864.0
174.0,864.0
188.0,864.0
196.0,864.0
265.0,864.0
379.0,864.0
481.0,864.0
637.0,864.0
837.0,864.0
864.0,936.0
864.0,972.0
2.0,865.0
14.0,865.0
141.0,865.0
195.0,865.0
203.0,865.0
269.0,865.0
296.0,865.0
344.0,865.0
412.0,865.0
439.0,865.0
444.0,865.0
509.0,865.0
585.0,865.0
705.0,865.0
759.0,865.0
772.0,865.0
804.0,865.0
865.0,870.0
865.0,877.0
865.0,946.0
55.0,866.0
240.0,866.0
290.0,866.0
430.0,866.0
510.0,866.0
577.0,866.0
584.0,866.0
660.0,866.0
743.0,866.0
826.0,866.0
844.0,866.0
866.0,921.0
50.0,867.0
206.0,867.0
321.0,867.0
399.0,867.0
473.0,867.0
592.0,867.0
593.0,867.0
652.0,867.0
681.0,867.0
756.0,867.0
847.0,867.0
867.0,933.0
867.0,953.0
196.0,868.0
227.0,868.0
239.0,868.0
323.0,868.0
381.0,868.0
500.0,868.0
535.0,868.0
635.0,868.0
713.0,868.0
832.0,868.0
844.0,868.0
868.0,872.0
868.0,930.0
63.0,869.0
191.0,869.0
449.0,869.0
521.0,869.0
545.0,869.0
547.0,869.0
672.0,869.0
869.0,879.0
187.0,870.0
310.0,870.0
639.0,870.0
691.0,870.0
724.0,870.0
870.0,919.0
231.0,871.0
248.0,871.0
379.0,871.0
380.0,871.0
441.0,871.0
483.0,871.0
629.0,871.0
630.0,871.0
681.0,871.0
776.0,871.0
791.0,871.0
871.0,876.0
23.0,872.0
158.0,872.0
230.0,872.0
247.0,872.0
258.0,872.0
260.0,872.0
325.0,872.0
345.0,872.0
503.0,872.0
669.0,872.0
758.0,872.0
836.0,872.0
131.0,873.0
152.0,873.0
163.0,873.0
390.0,873.0
485.0,873.0
497.0,873.0
647.0,873.0
700.0,873.0
741.0,873.0
754.0,873.0
771.0,873.0
818.0,873.0
840.0,873.0
873.0,908.0
17.0,874.0
18.0,874.0
21.0,874.0
150.0,874.0
283.0,874.0
662.0,874.0
732.0,874.0
42.0,875.0
114.0,875.0
117.0,875.0
157.0,875.0
231.0,875.0
310.0,875.0
420.0,875.0
447.0,875.0
469.0,875.0
478.0,875.0
537.0,875.0
748.0,875.0
802.0,875.0
875.0,878.0
875.0,977.0
57.0,876.0
58.0,876.0
84.0,876.0
108.0,876.0
172.0,876.0
191.0,876.0
540.0,876.0
849.0,876.0
876.0,920.0
212.0,877.0
474.0,877.0
481.0,877.0
518.0,877.0
682.0,877.0
850.0,877.0
877.0,947.0
877.0,960.0
50.0,878.0
63.0,878.0
99.0,878.0
178.0,878.0
217.0,878.0
444.0,878.0
460.0,878.0
488.0,878.0
519.0,878.0
534.0,878.0
566.0,878.0
642.0,878.0
853.0,878.0
878.0,913.0
878.0,926.0
106.0,879.0
137.0,879.0
153.0,879.0
219.0,879.0
304.0,879.0
313.0,879.0
315.0,879.0
324.0,879.0
366.0,879.0
578.0,879.0
612.0,879.0
664.0,879.0
721.0,879.0
766.0,879.0
784.0,879.0
832.0,879.0
876.0,879.0
879.0,900.0
88.0,880.0
197.0,880.0
380.0,880.0
408.0,880.0
436.0,880.0
537.0,880.0
549.0,880.0
566.0,880.0
602.0,880.0
604.0,880.0
767.0,880.0
809.0,880.0
842.0,880.0
852.0,880.0
880.0,909.0
880.0,919.0
178.0,881.0
255.0,881.0
328.0,881.0
372.0,881.0
480.0,881.0
609.0,881.0
790.0,881.0
801.0,881.0
836.0,881.0
850.0,881.0
881.0,966.0
0.0,882.0
75.0,882.0
216.0,882.0
401.0,882.0
475.0,882.0
604.0,882.0
673.0,882.0
779.0,882.0
878.0,882.0
882.0,933.0
882.0,939.0
882.0,966.0
21.0,883.0
63.0,883.0
187.0,883.0
530.0,883.0
586.0,883.0
702.0,883.0
742.0,883.0
746.0,883.0
778.0,883.0
874.0,883.0
883.0,950.0
127.0,884.0
197.0,884.0
247.0,884.0
373.0,884.0
458.0,884.0
509.0,884.0
521.0,884.0
547.0,884.0
549.0,884.0
550.0,884.0
861.0,884.0
884.0,963.0
19.0,885.0
210.0,885.0
436.0,885.0
475.0,885.0
529.0,885.0
550.0,885.0
592.0,885.0
678.0,885.0
744.0,885.0
796.0,885.0
805.0,885.0
834.0,885.0
54.0,886.0
62.0,886.0
199.0,886.0
258.0,886.0
466.0,886.0
608.0,886.0
644.0,886.0
693.0,886.0
711.0,886.0
781.0,886.0
814.0,886.0
886.0,897.0
886.0,904.0
886.0,983.0
9.0,887.0
41.0,887.0
263.0,887.0
358.0,887.0
388.0,887.0
442.0,887.0
461.0,887.0
472.0,887.0
484.0,887.0
575.0,887.0
579.0,887.0
598.0,887.0
727.0,887.0
742.0,887.0
800.0,887.0
863.0,887.0
101.0,888.0
112.0,888.0
249.0,888.0
420.0,888.0
439.0,888.0
493.0,888.0
523.0,888.0
707.0,888.0
821.0,888.0
888.0,967.0
141.0,889.0
178.0,889.0
395.0,889.0
553.0,889.0
811.0,889.0
827.0,889.0
889.0,897.0
889.0,906.0
889.0,936.0
889.0,955.0
50.0,890.0
320.0,890.0
419.0,890.0
442.0,890.0
451.0,890.0
473.0,890.0
648.0,890.0
833.0,890.0
844.0,890.0
888.0,890.0
890.0,891.0
40.0,891.0
116.0,891.0
123.0,891.0
178.0,891.0
305.0,891.0
492.0,891.0
500.0,891.0
543.0,891.0
552.0,891.0
624.0,891.0
770.0,891.0
779.0,891.0
209.0,892.0
230.0,892.0
237.0,892.0
246.0,892.0
293.0,892.0
314.0,892.0
434.0,892.0
548.0,892.0
653.0,892.0
657.0,892.0
746.0,892.0
844.0,892.0
16.0,893.0
142.0,893.0
446.0,893.0
498.0,893.0
547.0,893.0
577.0,893.0
649.0,893.0
725.0,893.0
757.0,893.0
775.0,893.0
855.0,893.0
215.0,894.0
268.0,894.0
353.0,894.0
385.0,894.0
388.0,894.0
681.0,894.0
703.0,894.0
847.0,894.0
891.0,894.0
894.0,921.0
894.0,967.0
43.0,895.0
237.0,895.0
300.0,895.0
301.0,895.0
348.0,895.0
403.0,895.0
710.0,895.0
734.0,895.0
800.0,895.0
811.0,895.0
848.0,895.0
883.0,895.0
105.0,896.0
114.0,896.0
202.0,896.0
273.0,896.0
281.0,896.0
283.0,896.0
319.0,896.0
393.0,896.0
402.0,896.0
502.0,896.0
578.0,896.0
795.0,896.0
815.0,896.0
896.0,926.0
50.0,897.0
61.0,897.0
115.0,897.0
219.0,897.0
364.0,897.0
475.0,897.0
505.0,897.0
651.0,897.0
880.0,897.0
897.0,929.0
61.0,898.0
249.0,898.0
317.0,898.0
483.0,898.0
515.0,898.0
556.0,898.0
565.0,898.0
673.0,898.0
709.0,898.0
872.0,898.0
875.0,898.0
6.0,899.0
130.0,899.0
131.0,899.0
160.0,899.0
339.0,899.0
358.0,899.0
519.0,899.0
620.0,899.0
775.0,899.0
787.0,899.0
847.0,899.0
899.0,963.0
14.0,900.0
187.0,900.0
305.0,900.0
324.0,900.0
350.0,900.0
370.0,900.0
460.0,900.0
489.0,900.0
511.0,900.0
697.0,900.0
720.0,900.0
738.0,900.0
797.0,900.0
838.0,900.0
900.0,949.0
60.0,901.0
153.0,901.0
162.0,901.0
195.0,901.0
202.0,901.0
250.0,901.0
261.0,901.0
618.0,901.0
757.0,901.0
777.0,901.0
901.0,947.0
172.0,902.0
224.0,902.0
238.0,902.0
309.0,902.0
360.0,902.0
426.0,902.0
594.0,902.0
813.0,902.0
829.0,902.0
830.0,902.0
902.0,963.0
13.0,903.0
41.0,903.0
79.0,903.0
242.0,903.0
406.0,903.0
513.0,903.0
582.0,903.0
717.0,903.0
721.0,903.0
819.0,903.0
853.0,903.0
885.0,903.0
903.0,973.0
47.0,904.0
145.0,904.0
161.0,904.0
225.0,904.0
271.0,904.0
311.0,904.0
446.0,904.0
456.0,904.0
462.0,904.0
565.0,904.0
616.0,904.0
663.0,904.0
719.0,904.0
760.0,904.0
849.0,904.0
8.0,905.0
50.0,905.0
75.0,905.0
178.0,905.0
343.0,905.0
360.0,905.0
365.0,905.0
414.0,905.0
471.0,905.0
561.0,905.0
822.0,905.0
905.0,920.0
220.0,906.0
308.0,906.0
315.0,906.0
371.0,906.0
412.0,906.0
672.0,906.0
736.0,906.0
827.0,906.0
135.0,907.0
169.0,907.0
220.0,907.0
243.0,907.0
311.0,907.0
351.0,907.0
390.0,907.0
472.0,907.0
781.0,907.0
907.0,914.0
25.0,908.0
74.0,908.0
185.0,908.0
309.0,908.0
337.0,908.0
385.0,908.0
500.0,908.0
518.0,908.0
521.0,908.0
642.0,908.0
702.0,908.0
799.0,908.0
807.0,908.0
142.0,909.0
215.0,909.0
223.0,909.0
262.0,909.0
295.0,909.0
365.0,909.0
397.0,909.0
543.0,909.0
657.0,909.0
712.0,909.0
73.0,910.0
223.0,910.0
384.0,910.0
469.0,910.0
558.0,910.0
564.0,910.0
567.0,910.0
694.0,910.0
34.0,911.0
256.0,911.0
289.0,911.0
329.0,911.0
341.0,911.0
115.0,912.0
315.0,912.0
321.0,912.0
454.0,912.0
467.0,912.0
506.0,912.0
528.0,912.0
578.0,912.0
614.0,912.0
785.0,912.0
912.0,984.0
231.0,913.0
315.0,913.0
316.0,913.0
379.0,913.0
411.0,913.0
414.0,913.0
633.0,913.0
670.0,913.0
676.0,913.0
687.0,913.0
783.0,913.0
85.0,914.0
212.0,914.0
258.0,914.0
272.0,914.0
348.0,914.0
487.0,914.0
535.0,914.0
679.0,914.0
691.0,914.0
893.0,914.0
163.0,915.0
244.0,915.0
398.0,915.0
491.0,915.0
509.0,915.0
516.0,915.0
627.0,915.0
854.0,915.0
93.0,916.0
264.0,916.0
392.0,916.0
472.0,916.0
476.0,916.0
485.0,916.0
546.0,916.0
617.0,916.0
627.0,916.0
697.0,916.0
839.0,916.0
859.0,916.0
916.0,934.0
9.0,917.0
178.0,917.0
233.0,917.0
234.0,917.0
266.0,917.0
282.0,917.0
284.0,917.0
444.0,917.0
571.0,917.0
631.0,917.0
713.0,917.0
782.0,917.0
292.0,918.0
313.0,918.0
322.0,918.0
458.0,918.0
581.0,918.0
631.0,918.0
685.0,918.0
852.0,918.0
877.0,918.0
881.0,918.0
918.0,934.0
918.0,953.0
86.0,919.0
303.0,919.0
306.0,919.0
347.0,919.0
349.0,919.0
370.0,919.0
390.0,919.0
416.0,919.0
423.0,919.0
449.0,919.0
521.0,919.0
564.0,919.0
668.0,919.0
804.0,919.0
838.0,919.0
858.0,919.0
901.0,919.0
57.0,920.0
383.0,920.0
412.0,920.0
432.0,920.0
701.0,920.0
714.0,920.0
821.0,920.0
903.0,920.0
920.0,964.0
0.0,921.0
74.0,921.0
99.0,921.0
142.0,921.0
268.0,921.0
411.0,921.0
419.0,921.0
538.0,921.0
720.0,921.0
761.0,921.0
772.0,921.0
51.0,922.0
87.0,922.0
126.0,922.0
168.0,922.0
315.0,922.0
401.0,922.0
402.0,922.0
457.0,922.0
639.0,922.0
641.0,922.0
801.0,922.0
834.0,922.0
130.0,923.0
140.0,923.0
146.0,923.0
202.0,923.0
279.0,923.0
326.0,923.0
471.0,923.0
47.0,924.0
62.0,924.0
235.0,924.0
311.0,924.0
326.0,924.0
410.0,924.0
429.0,924.0
560.0,924.0
586.0,924.0
636.0,924.0
726.0,924.0
727.0,924.0
734.0,924.0
917.0,924.0
924.0,959.0
144.0,925.0
174.0,925.0
263.0,925.0
288.0,925.0
323.0,925.0
353.0,925.0
372.0,925.0
457.0,925.0
590.0,925.0
641.0,925.0
664.0,925.0
711.0,925.0
811.0,925.0
822.0,925.0
904.0,925.0
925.0,969.0
23.0,926.0
42.0,926.0
64.0,926.0
113.0,926.0
267.0,926.0
358.0,926.0
625.0,926.0
786.0,926.0
822.0,926.0
854.0,926.0
878.0,926.0
926.0,937.0
926.0,960.0
926.0,974.0
13.0,927.0
222.0,927.0
399.0,927.0
597.0,927.0
603.0,927.0
766.0,927.0
796.0,927.0
811.0,927.0
905.0,927.0
159.0,928.0
224.0,928.0
390.0,928.0
393.0,928.0
451.0,928.0
626.0,928.0
749.0,928.0
186.0,929.0
274.0,929.0
626.0,929.0
708.0,929.0
787.0,929.0
875.0,929.0
156.0,930.0
161.0,930.0
194.0,930.0
197.0,930.0
336.0,930.0
460.0,930.0
567.0,930.0
817.0,930.0
923.0,930.0
88.0,931.0
91.0,931.0
142.0,931.0
149.0,931.0
191.0,931.0
289.0,931.0
336.0,931.0
422.0,931.0
433.0,931.0
439.0,931.0
554.0,931.0
593.0,931.0
699.0,931.0
787.0,931.0
801.0,931.0
838.0,931.0
885.0,931.0
161.0,932.0
254.0,932.0
351.0,932.0
631.0,932.0
659.0,932.0
755.0,932.0
760.0,932.0
919.0,932.0
257.0,933.0
392.0,933.0
424.0,933.0
427.0,933.0
688.0,933.0
818.0,933.0
886.0,933.0
245.0,934.0
344.0,934.0
379.0,934.0
555.0,934.0
627.0,934.0
660.0,934.0
681.0,934.0
683.0,934.0
768.0,934.0
839.0,934.0
934.0,948.0
934.0,984.0
58.0,935.0
78.0,935.0
181.0,935.0
209.0,935.0
238.0,935.0
367.0,935.0
373.0,935.0
447.0,935.0
483.0,935.0
494.0,935.0
567.0,935.0
935.0,943.0
3.0,936.0
42.0,936.0
88.0,936.0
253.0,936.0
259.0,936.0
308.0,936.0
315.0,936.0
390.0,936.0
480.0,936.0
568.0,936.0
655.0,936.0
713.0,936.0
848.0,936.0
68.0,937.0
115.0,937.0
563.0,937.0
739.0,937.0
761.0,937.0
770.0,937.0
868.0,937.0
937.0,946.0
937.0,972.0
124.0,938.0
201.0,938.0
409.0,938.0
416.0,938.0
421.0,938.0
424.0,938.0
441.0,938.0
486.0,938.0
501.0,938.0
618.0,938.0
649.0,938.0
659.0,938.0
670.0,938.0
148.0,939.0
153.0,939.0
163.0,939.0
164.0,939.0
210.0,939.0
240.0,939.0
251.0,939.0
439.0,939.0
537.0,939.0
751.0,939.0
831.0,939.0
870.0,939.0
889.0,939.0
899.0,939.0
85.0,940.0
118.0,940.0
128.0,940.0
134.0,940.0
270.0,940.0
302.0,940.0
426.0,940.0
460.0,940.0
726.0,940.0
841.0,940.0
899.0,940.0
903.0,940.0
927.0,940.0
225.0,941.0
252.0,941.0
357.0,941.0
358.0,941.0
436.0,941.0
453.0,941.0
470.0,941.0
570.0,941.0
581.0,941.0
705.0,941.0
713.0,941.0
716.0,941.0
744.0,941.0
767.0,941.0
775.0,941.0
842.0,941.0
56.0,942.0
106.0,942.0
253.0,942.0
281.0,942.0
287.0,942.0
330.0,942.0
391.0,942.0
406.0,942.0
453.0,942.0
591.0,942.0
735.0,942.0
857.0,942.0
899.0,942.0
927.0,942.0
930.0,942.0
26.0,943.0
121.0,943.0
302.0,943.0
339.0,943.0
558.0,943.0
575.0,943.0
632.0,943.0
662.0,943.0
715.0,943.0
721.0,943.0
59.0,944.0
115.0,944.0
131.0,944.0
171.0,944.0
173.0,944.0
262.0,944.0
318.0,944.0
399.0,944.0
565.0,944.0
701.0,944.0
894.0,944.0
944.0,954.0
151.0,945.0
222.0,945.0
298.0,945.0
409.0,945.0
772.0,945.0
909.0,945.0
945.0,955.0
945.0,970.0
119.0,946.0
600.0,946.0
656.0,946.0
738.0,946.0
746.0,946.0
793.0,946.0
874.0,946.0
884.0,946.0
6.0,947.0
39.0,947.0
50.0,947.0
142.0,947.0
199.0,947.0
221.0,947.0
248.0,947.0
256.0,947.0
293.0,947.0
447.0,947.0
586.0,947.0
607.0,947.0
608.0,947.0
620.0,947.0
638.0,947.0
646.0,947.0
667.0,947.0
694.0,947.0
856.0,947.0
919.0,947.0
63.0,948.0
100.0,948.0
116.0,948.0
187.0,948.0
210.0,948.0
255.0,948.0
305.0,948.0
370.0,948.0
457.0,948.0
504.0,948.0
687.0,948.0
706.0,948.0
775.0,948.0
843.0,948.0
54.0,949.0
230.0,949.0
285.0,949.0
350.0,949.0
363.0,949.0
481.0,949.0
796.0,949.0
805.0,949.0
851.0,949.0
883.0,949.0
22.0,950.0
43.0,950.0
85.0,950.0
130.0,950.0
277.0,950.0
305.0,950.0
386.0,950.0
483.0,950.0
524.0,950.0
728.0,950.0
750.0,950.0
950.0,976.0
116.0,951.0
230.0,951.0
412.0,951.0
472.0,951.0
521.0,951.0
584.0,951.0
596.0,951.0
757.0,951.0
951.0,960.0
0.0,952.0
29.0,952.0
77.0,952.0
103.0,952.0
571.0,952.0
622.0,952.0
704.0,952.0
734.0,952.0
752.0,952.0
904.0,952.0
945.0,952.0
26.0,953.0
134.0,953.0
152.0,953.0
249.0,953.0
333.0,953.0
387.0,953.0
588.0,953.0
618.0,953.0
763.0,953.0
819.0,953.0
953.0,971.0
372.0,954.0
516.0,954.0
606.0,954.0
627.0,954.0
632.0,954.0
755.0,954.0
825.0,954.0
948.0,954.0
1.0,955.0
25.0,955.0
91.0,955.0
100.0,955.0
107.0,955.0
263.0,955.0
304.0,955.0
340.0,955.0
453.0,955.0
506.0,955.0
507.0,955.0
562.0,955.0
678.0,955.0
736.0,955.0
762.0,955.0
829.0,955.0
848.0,955.0
955.0,960.0
955.0,967.0
29.0,956.0
94.0,956.0
254.0,956.0
527.0,956.0
745.0,956.0
758.0,956.0
799.0,956.0
879.0,956.0
129.0,957.0
154.0,957.0
170.0,957.0
172.0,957.0
272.0,957.0
500.0,957.0
547.0,957.0
552.0,957.0
728.0,957.0
829.0,957.0
854.0,957.0
877.0,957.0
957.0,973.0
957.0,984.0
13.0,958.0
171.0,958.0
323.0,958.0
365.0,958.0
480.0,958.0
537.0,958.0
549.0,958.0
587.0,958.0
612.0,958.0
622.0,958.0
776.0,958.0
814.0,958.0
909.0,958.0
958.0,977.0
87.0,959.0
232.0,959.0
425.0,959.0
471.0,959.0
595.0,959.0
603.0,959.0
611.0,959.0
632.0,959.0
633.0,959.0
636.0,959.0
675.0,959.0
685.0,959.0
750.0,959.0
804.0,959.0
912.0,959.0
928.0,959.0
156.0,960.0
185.0,960.0
197.0,960.0
338.0,960.0
623.0,960.0
707.0,960.0
772.0,960.0
960.0,961.0
3.0,961.0
108.0,961.0
141.0,961.0
167.0,961.0
171.0,961.0
257.0,961.0
337.0,961.0
359.0,961.0
642.0,961.0
680.0,961.0
776.0,961.0
840.0,961.0
13.0,962.0
45.0,962.0
58.0,962.0
137.0,962.0
273.0,962.0
390.0,962.0
457.0,962.0
519.0,962.0
793.0,962.0
823.0,962.0
834.0,962.0
876.0,962.0
902.0,962.0
43.0,963.0
76.0,963.0
129.0,963.0
274.0,963.0
282.0,963.0
289.0,963.0
325.0,963.0
379.0,963.0
557.0,963.0
639.0,963.0
646.0,963.0
770.0,963.0
840.0,963.0
907.0,963.0
26.0,964.0
121.0,964.0
191.0,964.0
259.0,964.0
327.0,964.0
409.0,964.0
655.0,964.0
906.0,964.0
47.0,965.0
51.0,965.0
246.0,965.0
394.0,965.0
399.0,965.0
549.0,965.0
601.0,965.0
619.0,965.0
625.0,965.0
718.0,965.0
753.0,965.0
830.0,965.0
25.0,966.0
54.0,966.0
56.0,966.0
76.0,966.0
131.0,966.0
138.0,966.0
205.0,966.0
207.0,966.0
284.0,966.0
306.0,966.0
377.0,966.0
492.0,966.0
526.0,966.0
584.0,966.0
804.0,966.0
822.0,966.0
966.0,968.0
15.0,967.0
125.0,967.0
150.0,967.0
472.0,967.0
525.0,967.0
606.0,967.0
702.0,967.0
712.0,967.0
716.0,967.0
776.0,967.0
944.0,967.0
9.0,968.0
29.0,968.0
68.0,968.0
76.0,968.0
96.0,968.0
164.0,968.0
235.0,968.0
333.0,968.0
369.0,968.0
687.0,968.0
721.0,968.0
790.0,968.0
892.0,968.0
933.0,968.0
954.0,968.0
45.0,969.0
60.0,969.0
91.0,969.0
276.0,969.0
280.0,969.0
292.0,969.0
311.0,969.0
323.0,969.0
376.0,969.0
445.0,969.0
481.0,969.0
573.0,969.0
617.0,969.0
786.0,969.0
969.0,980.0
61.0,970.0
95.0,970.0
209.0,970.0
335.0,970.0
451.0,970.0
455.0,970.0
467.0,970.0
691.0,970.0
732.0,970.0
33.0,971.0
43.0,971.0
55.0,971.0
89.0,971.0
336.0,971.0
418.0,971.0
463.0,971.0
467.0,971.0
578.0,971.0
637.0,971.0
698.0,971.0
722.0,971.0
778.0,971.0
821.0,971.0
931.0,971.0
970.0,971.0
971.0,972.0
143.0,972.0
273.0,972.0
294.0,972.0
295.0,972.0
353.0,972.0
355.0,972.0
403.0,972.0
487.0,972.0
505.0,972.0
535.0,972.0
578.0,972.0
591.0,972.0
693.0,972.0
794.0,972.0
914.0,972.0
31.0,973.0
179.0,973.0
240.0,973.0
263.0,973.0
356.0,973.0
425.0,973.0
434.0,973.0
559.0,973.0
593.0,973.0
629.0,973.0
655.0,973.0
789.0,973.0
820.0,973.0
830.0,973.0
858.0,973.0
63.0,974.0
85.0,974.0
222.0,974.0
248.0,974.0
280.0,974.0
332.0,974.0
581.0,974.0
589.0,974.0
602.0,974.0
785.0,974.0
33.0,975.0
128.0,975.0
150.0,975.0
178.0,975.0
343.0,975.0
388.0,975.0
417.0,975.0
428.0,975.0
438.0,975.0
468.0,975.0
531.0,975.0
563.0,975.0
570.0,975.0
626.0,975.0
638.0,975.0
862.0,975.0
106.0,976.0
135.0,976.0
348.0,976.0
499.0,976.0
655.0,976.0
707.0,976.0
802.0,976.0
805.0,976.0
826.0,976.0
893.0,976.0
915.0,976.0
964.0,976.0
976.0,977.0
18.0,977.0
58.0,977.0
94.0,977.0
265.0,977.0
293.0,977.0
398.0,977.0
448.0,977.0
609.0,977.0
620.0,977.0
706.0,977.0
868.0,977.0
940.0,977.0
954.0,977.0
965.0,977.0
46.0,978.0
83.0,978.0
273.0,978.0
367.0,978.0
399.0,978.0
473.0,978.0
486.0,978.0
504.0,978.0
561.0,978.0
643.0,978.0
648.0,978.0
885.0,978.0
23.0,979.0
104.0,979.0
117.0,979.0
137.0,979.0
268.0,979.0
355.0,979.0
370.0,979.0
424.0,979.0
427.0,979.0
429.0,979.0
580.0,979.0
666.0,979.0
746.0,979.0
783.0,979.0
821.0,979.0
832.0,979.0
834.0,979.0
857.0,979.0
879.0,979.0
37.0,980.0
68.0,980.0
81.0,980.0
93.0,980.0
102.0,980.0
109.0,980.0
126.0,980.0
418.0,980.0
424.0,980.0
519.0,980.0
734.0,980.0
773.0,980.0
888.0,980.0
141.0,981.0
323.0,981.0
358.0,981.0
390.0,981.0
411.0,981.0
466.0,981.0
529.0,981.0
629.0,981.0
685.0,981.0
713.0,981.0
715.0,981.0
877.0,981.0
4.0,982.0
243.0,982.0
276.0,982.0
280.0,982.0
324.0,982.0
361.0,982.0
473.0,982.0
564.0,982.0
708.0,982.0
935.0,982.0
956.0,982.0
976.0,982.0
12.0,983.0
61.0,983.0
70.0,983.0
141.0,983.0
274.0,983.0
275.0,983.0
376.0,983.0
444.0,983.0
488.0,983.0
510.0,983.0
521.0,983.0
570.0,983.0
586.0,983.0
659.0,983.0
840.0,983.0
881.0,983.0
956.0,983.0
104.0,984.0
148.0,984.0
223.0,984.0
368.0,984.0
463.0,984.0
505.0,984.0
619.0,984.0
622.0,984.0
649.0,984.0
744.0,984.0
832.0,984.0
933.0,984.0
123.0,985.0
178.0,985.0
296.0,985.0
365.0,985.0
467.0,985.0
628.0,985.0
658.0,985.0
664.0,985.0
665.0,985.0
708.0,985.0
781.0,985.0
820.0,985.0
