i,j
63.0,0.0
130.0,0.0
176.0,0.0
212.0,0.0
223.0,0.0
310.0,0.0
723.0,0.0
859.0,0.0
48.0,1.0
189.0,1.0
371.0,1.0
998.0,1.0
4.0,2.0
37.0,2.0
84.0,2.0
174.0,2.0
201.0,2.0
933.0,2.0
47.0,3.0
111.0,3.0
124.0,3.0
127.0,3.0
172.0,3.0
218.0,3.0
254.0,3.0
315.0,3.0
583.0,3.0
635.0,3.0
748.0,3.0
928.0,3.0
165.0,4.0
215.0,4.0
280.0,4.0
303.0,4.0
304.0,4.0
791.0,4.0
435.0,5.0
757.0,5.0
71.0,6.0
306.0,6.0
664.0,6.0
13.0,7.0
628.0,7.0
667.0,7.0
953.0,7.0
227.0,8.0
985.0,8.0
130.0,9.0
300.0,9.0
547.0,9.0
719.0,9.0
25.0,10.0
203.0,10.0
216.0,10.0
647.0,10.0
787.0,10.0
207.0,11.0
266.0,11.0
53.0,12.0
694.0,12.0
81.0,13.0
104.0,13.0
176.0,13.0
265.0,13.0
20.0,14.0
23.0,14.0
169.0,14.0
189.0,14.0
566.0,14.0
776.0,14.0
36.0,15.0
74.0,15.0
235.0,15.0
257.0,15.0
289.0,15.0
304.0,15.0
512.0,15.0
303.0,16.0
146.0,17.0
199.0,17.0
259.0,17.0
23.0,18.0
27.0,18.0
81.0,18.0
166.0,18.0
245.0,18.0
19.0,3.0
21.0,19.0
313.0,19.0
349.0,19.0
468.0,19.0
95.0,20.0
313.0,20.0
327.0,20.0
29.0,21.0
54.0,21.0
145.0,21.0
188.0,21.0
60.0,22.0
125.0,22.0
252.0,22.0
284.0,22.0
41.0,23.0
301.0,23.0
310.0,23.0
334.0,23.0
629.0,23.0
170.0,24.0
204.0,24.0
277.0,24.0
95.0,25.0
150.0,25.0
160.0,25.0
172.0,25.0
241.0,25.0
247.0,25.0
287.0,25.0
303.0,25.0
760.0,25.0
49.0,26.0
112.0,26.0
252.0,26.0
269.0,26.0
171.0,27.0
802.0,27.0
28.0,21.0
84.0,28.0
218.0,28.0
324.0,28.0
89.0,29.0
95.0,29.0
118.0,29.0
176.0,29.0
336.0,29.0
30.0,18.0
30.0,27.0
57.0,30.0
60.0,30.0
161.0,30.0
239.0,30.0
265.0,30.0
401.0,30.0
484.0,30.0
487.0,30.0
696.0,30.0
713.0,30.0
31.0,15.0
31.0,20.0
123.0,31.0
814.0,31.0
64.0,32.0
66.0,32.0
70.0,32.0
84.0,32.0
100.0,32.0
156.0,32.0
162.0,32.0
306.0,32.0
597.0,32.0
33.0,3.0
44.0,33.0
124.0,33.0
235.0,33.0
285.0,33.0
500.0,33.0
819.0,33.0
906.0,33.0
999.0,33.0
104.0,34.0
250.0,34.0
71.0,35.0
84.0,35.0
140.0,35.0
189.0,35.0
235.0,35.0
357.0,35.0
108.0,36.0
253.0,36.0
311.0,36.0
312.0,36.0
265.0,37.0
503.0,37.0
603.0,37.0
60.0,38.0
106.0,38.0
197.0,38.0
204.0,38.0
981.0,38.0
191.0,39.0
263.0,39.0
292.0,39.0
294.0,39.0
317.0,39.0
40.0,19.0
60.0,40.0
69.0,40.0
132.0,40.0
212.0,40.0
245.0,40.0
259.0,40.0
617.0,40.0
901.0,40.0
111.0,41.0
150.0,41.0
216.0,41.0
854.0,41.0
90.0,42.0
132.0,42.0
155.0,42.0
188.0,42.0
224.0,42.0
277.0,42.0
322.0,42.0
91.0,43.0
220.0,43.0
247.0,43.0
313.0,43.0
331.0,43.0
333.0,43.0
754.0,43.0
138.0,44.0
296.0,44.0
481.0,44.0
893.0,44.0
45.0,9.0
165.0,45.0
267.0,45.0
314.0,45.0
516.0,45.0
665.0,45.0
67.0,46.0
189.0,46.0
196.0,46.0
211.0,46.0
221.0,46.0
298.0,46.0
441.0,46.0
47.0,34.0
257.0,47.0
282.0,47.0
575.0,47.0
49.0,48.0
105.0,48.0
134.0,48.0
191.0,48.0
211.0,48.0
330.0,48.0
496.0,48.0
63.0,49.0
101.0,49.0
240.0,49.0
262.0,49.0
875.0,49.0
106.0,50.0
150.0,50.0
299.0,50.0
96.0,51.0
104.0,51.0
191.0,51.0
193.0,51.0
999.0,51.0
52.0,50.0
53.0,52.0
107.0,52.0
236.0,53.0
270.0,53.0
282.0,53.0
307.0,53.0
642.0,53.0
121.0,54.0
168.0,54.0
206.0,54.0
254.0,54.0
675.0,54.0
237.0,55.0
244.0,55.0
56.0,15.0
180.0,56.0
306.0,56.0
79.0,57.0
82.0,57.0
130.0,57.0
435.0,57.0
58.0,41.0
87.0,58.0
561.0,58.0
764.0,58.0
59.0,31.0
59.0,41.0
60.0,59.0
486.0,59.0
62.0,60.0
258.0,60.0
367.0,60.0
61.0,10.0
176.0,61.0
238.0,61.0
355.0,61.0
118.0,62.0
193.0,62.0
306.0,62.0
321.0,62.0
328.0,62.0
792.0,62.0
63.0,18.0
95.0,63.0
179.0,63.0
185.0,63.0
316.0,63.0
631.0,63.0
962.0,63.0
64.0,45.0
139.0,64.0
165.0,64.0
323.0,64.0
65.0,16.0
71.0,65.0
227.0,65.0
278.0,65.0
935.0,65.0
146.0,66.0
262.0,66.0
68.0,67.0
153.0,67.0
205.0,67.0
302.0,67.0
591.0,67.0
857.0,67.0
68.0,8.0
185.0,68.0
222.0,68.0
252.0,68.0
452.0,68.0
491.0,68.0
69.0,59.0
127.0,69.0
132.0,69.0
219.0,69.0
223.0,69.0
311.0,69.0
572.0,69.0
991.0,69.0
70.0,66.0
173.0,70.0
293.0,70.0
315.0,70.0
323.0,70.0
333.0,70.0
849.0,70.0
974.0,70.0
183.0,71.0
217.0,71.0
218.0,71.0
272.0,72.0
371.0,72.0
479.0,72.0
73.0,40.0
417.0,73.0
550.0,73.0
117.0,74.0
218.0,74.0
259.0,74.0
280.0,74.0
293.0,74.0
320.0,74.0
440.0,74.0
626.0,74.0
86.0,75.0
213.0,75.0
229.0,75.0
761.0,75.0
76.0,36.0
145.0,76.0
253.0,76.0
255.0,76.0
276.0,76.0
290.0,76.0
782.0,76.0
866.0,76.0
984.0,76.0
77.0,36.0
147.0,77.0
165.0,77.0
191.0,77.0
248.0,77.0
317.0,77.0
320.0,77.0
78.0,32.0
88.0,78.0
118.0,78.0
120.0,78.0
226.0,78.0
79.0,18.0
79.0,41.0
156.0,79.0
323.0,79.0
920.0,79.0
80.0,35.0
80.0,52.0
173.0,80.0
519.0,80.0
106.0,81.0
247.0,81.0
270.0,81.0
273.0,81.0
278.0,81.0
82.0,76.0
163.0,82.0
331.0,82.0
83.0,13.0
119.0,83.0
177.0,83.0
208.0,83.0
240.0,83.0
298.0,83.0
608.0,83.0
714.0,83.0
84.0,38.0
84.0,50.0
124.0,84.0
263.0,84.0
298.0,84.0
957.0,84.0
85.0,47.0
230.0,85.0
232.0,85.0
321.0,85.0
589.0,85.0
683.0,85.0
824.0,85.0
848.0,85.0
86.0,0.0
105.0,86.0
190.0,86.0
222.0,86.0
717.0,86.0
87.0,45.0
146.0,87.0
182.0,87.0
201.0,87.0
202.0,87.0
262.0,87.0
263.0,87.0
856.0,87.0
88.0,23.0
88.0,68.0
124.0,88.0
159.0,88.0
180.0,88.0
203.0,88.0
271.0,88.0
89.0,61.0
97.0,89.0
150.0,89.0
203.0,89.0
233.0,89.0
90.0,14.0
146.0,90.0
151.0,90.0
388.0,90.0
420.0,90.0
661.0,90.0
872.0,90.0
96.0,91.0
178.0,91.0
92.0,85.0
216.0,92.0
326.0,92.0
94.0,93.0
109.0,93.0
297.0,93.0
303.0,93.0
309.0,93.0
606.0,93.0
314.0,94.0
318.0,94.0
507.0,94.0
510.0,94.0
95.0,4.0
95.0,56.0
244.0,95.0
277.0,95.0
772.0,95.0
96.0,29.0
937.0,96.0
97.0,60.0
848.0,97.0
116.0,98.0
967.0,98.0
216.0,99.0
264.0,99.0
549.0,99.0
100.0,28.0
100.0,98.0
249.0,100.0
267.0,100.0
298.0,100.0
415.0,100.0
686.0,100.0
101.0,40.0
101.0,94.0
110.0,101.0
224.0,101.0
280.0,101.0
641.0,101.0
859.0,101.0
102.0,56.0
102.0,71.0
102.0,85.0
102.0,97.0
132.0,102.0
317.0,102.0
318.0,102.0
366.0,102.0
473.0,102.0
579.0,102.0
605.0,102.0
936.0,102.0
103.0,28.0
103.0,84.0
450.0,103.0
881.0,103.0
151.0,104.0
142.0,105.0
191.0,105.0
249.0,105.0
311.0,105.0
320.0,105.0
106.0,14.0
116.0,106.0
189.0,106.0
134.0,107.0
251.0,107.0
265.0,107.0
484.0,107.0
111.0,108.0
157.0,108.0
177.0,108.0
190.0,108.0
237.0,108.0
485.0,108.0
695.0,108.0
109.0,73.0
109.0,82.0
116.0,109.0
171.0,109.0
215.0,109.0
316.0,109.0
110.0,9.0
181.0,110.0
973.0,110.0
111.0,53.0
111.0,81.0
111.0,84.0
161.0,111.0
166.0,111.0
294.0,111.0
303.0,111.0
378.0,111.0
385.0,111.0
395.0,111.0
112.0,15.0
460.0,112.0
865.0,112.0
113.0,12.0
187.0,113.0
204.0,113.0
431.0,113.0
114.0,1.0
114.0,16.0
114.0,55.0
160.0,114.0
198.0,114.0
241.0,114.0
244.0,114.0
370.0,114.0
378.0,114.0
576.0,114.0
115.0,12.0
115.0,112.0
136.0,115.0
255.0,115.0
331.0,115.0
399.0,115.0
609.0,115.0
116.0,28.0
138.0,116.0
254.0,116.0
270.0,116.0
117.0,97.0
118.0,113.0
174.0,118.0
351.0,118.0
279.0,119.0
621.0,119.0
992.0,119.0
120.0,32.0
120.0,44.0
120.0,55.0
120.0,84.0
209.0,120.0
121.0,61.0
239.0,121.0
283.0,121.0
451.0,122.0
866.0,122.0
917.0,122.0
182.0,123.0
243.0,123.0
270.0,123.0
294.0,123.0
331.0,123.0
124.0,49.0
124.0,55.0
149.0,124.0
593.0,124.0
150.0,125.0
165.0,125.0
172.0,125.0
240.0,125.0
126.0,124.0
197.0,126.0
205.0,126.0
321.0,126.0
127.0,106.0
218.0,127.0
282.0,127.0
727.0,127.0
936.0,127.0
284.0,128.0
456.0,128.0
129.0,38.0
208.0,129.0
297.0,129.0
130.0,29.0
130.0,62.0
180.0,130.0
230.0,130.0
302.0,130.0
307.0,130.0
319.0,130.0
131.0,9.0
131.0,62.0
185.0,131.0
230.0,131.0
132.0,4.0
192.0,132.0
133.0,36.0
133.0,63.0
133.0,87.0
134.0,133.0
227.0,133.0
749.0,133.0
880.0,133.0
422.0,134.0
135.0,122.0
140.0,135.0
149.0,135.0
222.0,135.0
264.0,135.0
479.0,135.0
136.0,55.0
153.0,136.0
243.0,136.0
331.0,136.0
137.0,23.0
137.0,48.0
137.0,54.0
137.0,86.0
608.0,137.0
138.0,0.0
138.0,90.0
329.0,138.0
213.0,139.0
319.0,139.0
140.0,11.0
140.0,61.0
273.0,140.0
294.0,140.0
985.0,140.0
141.0,123.0
276.0,141.0
658.0,141.0
142.0,15.0
142.0,60.0
142.0,79.0
159.0,142.0
209.0,142.0
652.0,142.0
192.0,143.0
202.0,143.0
222.0,143.0
277.0,143.0
301.0,143.0
325.0,143.0
820.0,143.0
144.0,84.0
144.0,89.0
144.0,109.0
144.0,133.0
194.0,144.0
254.0,144.0
321.0,144.0
145.0,19.0
145.0,41.0
145.0,102.0
145.0,117.0
145.0,132.0
198.0,145.0
249.0,145.0
695.0,145.0
807.0,145.0
947.0,145.0
146.0,41.0
181.0,146.0
245.0,146.0
147.0,40.0
147.0,145.0
217.0,147.0
162.0,148.0
238.0,148.0
149.0,8.0
149.0,91.0
149.0,117.0
149.0,119.0
208.0,149.0
212.0,149.0
274.0,149.0
292.0,149.0
305.0,149.0
150.0,98.0
276.0,150.0
517.0,150.0
958.0,150.0
151.0,56.0
151.0,135.0
228.0,151.0
568.0,151.0
152.0,151.0
153.0,126.0
153.0,137.0
177.0,153.0
244.0,153.0
286.0,153.0
154.0,36.0
154.0,49.0
154.0,109.0
154.0,110.0
208.0,154.0
456.0,154.0
155.0,82.0
155.0,90.0
155.0,141.0
155.0,151.0
230.0,155.0
156.0,0.0
292.0,157.0
301.0,157.0
475.0,157.0
726.0,157.0
791.0,157.0
813.0,157.0
848.0,157.0
158.0,21.0
158.0,76.0
269.0,158.0
500.0,158.0
882.0,158.0
159.0,29.0
179.0,159.0
239.0,159.0
590.0,159.0
611.0,159.0
160.0,23.0
160.0,39.0
160.0,58.0
160.0,148.0
168.0,160.0
185.0,160.0
236.0,160.0
301.0,160.0
326.0,160.0
161.0,109.0
207.0,161.0
242.0,161.0
282.0,161.0
502.0,161.0
162.0,85.0
169.0,162.0
218.0,162.0
251.0,162.0
360.0,162.0
699.0,162.0
854.0,162.0
163.0,0.0
331.0,163.0
475.0,163.0
164.0,0.0
164.0,140.0
480.0,164.0
489.0,164.0
868.0,164.0
165.0,34.0
165.0,56.0
165.0,81.0
170.0,165.0
241.0,165.0
521.0,165.0
705.0,165.0
166.0,22.0
166.0,63.0
265.0,166.0
306.0,166.0
317.0,166.0
736.0,166.0
167.0,37.0
167.0,71.0
357.0,167.0
168.0,0.0
169.0,96.0
173.0,169.0
189.0,169.0
208.0,169.0
210.0,169.0
510.0,169.0
170.0,94.0
170.0,96.0
170.0,151.0
246.0,170.0
716.0,170.0
725.0,170.0
825.0,170.0
171.0,21.0
171.0,121.0
171.0,159.0
175.0,171.0
221.0,171.0
349.0,171.0
832.0,171.0
172.0,17.0
172.0,55.0
172.0,148.0
177.0,172.0
213.0,172.0
250.0,172.0
305.0,172.0
307.0,172.0
332.0,172.0
938.0,172.0
173.0,39.0
173.0,92.0
271.0,173.0
174.0,50.0
174.0,55.0
174.0,61.0
325.0,174.0
640.0,174.0
175.0,77.0
175.0,89.0
175.0,161.0
231.0,175.0
331.0,175.0
840.0,175.0
176.0,15.0
176.0,38.0
176.0,72.0
225.0,176.0
318.0,176.0
411.0,176.0
177.0,116.0
279.0,177.0
340.0,177.0
828.0,177.0
835.0,177.0
178.0,30.0
178.0,117.0
178.0,144.0
178.0,172.0
327.0,178.0
944.0,178.0
179.0,130.0
276.0,179.0
326.0,179.0
576.0,179.0
180.0,42.0
180.0,124.0
187.0,180.0
312.0,180.0
501.0,180.0
753.0,180.0
928.0,180.0
181.0,0.0
187.0,181.0
287.0,181.0
866.0,181.0
182.0,43.0
182.0,181.0
183.0,40.0
183.0,74.0
183.0,176.0
244.0,183.0
184.0,52.0
184.0,72.0
184.0,80.0
199.0,184.0
211.0,184.0
212.0,184.0
589.0,184.0
185.0,45.0
185.0,49.0
185.0,93.0
185.0,95.0
185.0,161.0
917.0,185.0
186.0,45.0
223.0,186.0
230.0,186.0
290.0,186.0
414.0,186.0
592.0,186.0
652.0,186.0
830.0,186.0
187.0,101.0
187.0,113.0
187.0,159.0
292.0,187.0
855.0,187.0
188.0,65.0
190.0,188.0
965.0,188.0
966.0,188.0
225.0,189.0
245.0,189.0
554.0,189.0
581.0,189.0
645.0,189.0
759.0,189.0
931.0,189.0
190.0,121.0
190.0,132.0
323.0,190.0
422.0,190.0
854.0,190.0
240.0,191.0
192.0,2.0
192.0,59.0
192.0,170.0
580.0,192.0
193.0,118.0
707.0,193.0
194.0,26.0
194.0,48.0
194.0,124.0
194.0,158.0
209.0,194.0
264.0,194.0
327.0,194.0
400.0,194.0
682.0,194.0
195.0,109.0
195.0,161.0
215.0,195.0
314.0,195.0
316.0,195.0
320.0,195.0
736.0,195.0
196.0,65.0
423.0,196.0
197.0,31.0
197.0,35.0
197.0,101.0
197.0,179.0
223.0,197.0
272.0,197.0
516.0,197.0
198.0,65.0
198.0,133.0
294.0,198.0
199.0,111.0
223.0,199.0
226.0,199.0
260.0,199.0
282.0,199.0
402.0,199.0
592.0,199.0
200.0,41.0
308.0,200.0
201.0,137.0
201.0,194.0
275.0,201.0
327.0,201.0
516.0,201.0
562.0,201.0
645.0,201.0
933.0,201.0
976.0,201.0
202.0,61.0
202.0,62.0
202.0,174.0
202.0,189.0
467.0,202.0
889.0,202.0
203.0,71.0
203.0,88.0
203.0,196.0
203.0,201.0
230.0,203.0
204.0,66.0
244.0,204.0
355.0,204.0
205.0,27.0
205.0,51.0
264.0,205.0
270.0,205.0
402.0,205.0
206.0,110.0
206.0,113.0
206.0,115.0
206.0,174.0
290.0,206.0
292.0,206.0
372.0,206.0
917.0,206.0
207.0,3.0
207.0,51.0
207.0,60.0
207.0,63.0
207.0,66.0
246.0,207.0
529.0,207.0
208.0,12.0
208.0,34.0
208.0,63.0
208.0,154.0
267.0,208.0
681.0,208.0
977.0,208.0
209.0,15.0
209.0,105.0
216.0,209.0
218.0,209.0
316.0,209.0
319.0,209.0
669.0,209.0
210.0,35.0
210.0,39.0
210.0,120.0
495.0,210.0
687.0,210.0
211.0,10.0
211.0,31.0
211.0,65.0
211.0,106.0
212.0,211.0
227.0,211.0
292.0,211.0
563.0,211.0
678.0,211.0
840.0,211.0
212.0,207.0
577.0,212.0
213.0,204.0
460.0,213.0
821.0,213.0
829.0,213.0
214.0,13.0
214.0,158.0
215.0,97.0
215.0,118.0
215.0,198.0
216.0,215.0
219.0,215.0
954.0,215.0
216.0,117.0
295.0,216.0
650.0,216.0
217.0,34.0
217.0,102.0
217.0,158.0
217.0,184.0
496.0,217.0
218.0,29.0
218.0,48.0
311.0,218.0
219.0,101.0
329.0,219.0
836.0,219.0
220.0,12.0
220.0,25.0
220.0,193.0
254.0,220.0
255.0,220.0
590.0,220.0
612.0,220.0
815.0,220.0
872.0,220.0
916.0,220.0
221.0,119.0
221.0,142.0
221.0,162.0
221.0,186.0
221.0,193.0
313.0,221.0
893.0,221.0
222.0,102.0
222.0,176.0
260.0,222.0
564.0,222.0
789.0,222.0
223.0,12.0
223.0,157.0
223.0,172.0
278.0,223.0
845.0,223.0
224.0,38.0
224.0,99.0
224.0,163.0
224.0,179.0
224.0,208.0
236.0,224.0
279.0,224.0
291.0,224.0
967.0,224.0
225.0,143.0
225.0,190.0
261.0,225.0
977.0,225.0
226.0,102.0
234.0,226.0
249.0,226.0
291.0,226.0
227.0,109.0
287.0,227.0
299.0,227.0
447.0,227.0
488.0,227.0
648.0,227.0
883.0,227.0
228.0,42.0
264.0,228.0
271.0,228.0
553.0,228.0
981.0,228.0
229.0,125.0
229.0,183.0
229.0,216.0
482.0,229.0
230.0,52.0
230.0,79.0
231.0,99.0
231.0,106.0
534.0,231.0
990.0,231.0
999.0,231.0
232.0,56.0
232.0,76.0
232.0,98.0
232.0,146.0
232.0,147.0
232.0,156.0
269.0,232.0
320.0,232.0
233.0,53.0
233.0,54.0
244.0,233.0
274.0,233.0
596.0,233.0
798.0,233.0
234.0,138.0
341.0,234.0
376.0,234.0
235.0,35.0
260.0,235.0
236.0,10.0
236.0,134.0
308.0,236.0
580.0,236.0
889.0,236.0
237.0,142.0
237.0,174.0
545.0,237.0
238.0,51.0
238.0,177.0
282.0,238.0
283.0,238.0
690.0,238.0
239.0,93.0
239.0,164.0
240.0,4.0
308.0,240.0
327.0,240.0
479.0,240.0
995.0,240.0
241.0,81.0
241.0,227.0
638.0,241.0
888.0,241.0
281.0,242.0
432.0,242.0
527.0,242.0
243.0,21.0
243.0,154.0
243.0,208.0
253.0,243.0
311.0,243.0
519.0,243.0
903.0,243.0
244.0,151.0
245.0,0.0
246.0,1.0
246.0,72.0
246.0,164.0
246.0,200.0
246.0,234.0
281.0,246.0
494.0,246.0
247.0,38.0
247.0,182.0
247.0,211.0
306.0,247.0
314.0,247.0
248.0,36.0
248.0,235.0
248.0,244.0
666.0,248.0
249.0,8.0
249.0,55.0
249.0,98.0
249.0,126.0
249.0,181.0
295.0,249.0
321.0,249.0
630.0,249.0
648.0,249.0
904.0,249.0
250.0,15.0
250.0,107.0
257.0,250.0
328.0,250.0
659.0,250.0
780.0,250.0
781.0,250.0
251.0,92.0
252.0,63.0
252.0,78.0
252.0,176.0
261.0,252.0
303.0,252.0
550.0,252.0
564.0,252.0
842.0,252.0
920.0,252.0
292.0,253.0
326.0,253.0
757.0,253.0
254.0,29.0
254.0,65.0
984.0,254.0
255.0,60.0
255.0,67.0
255.0,143.0
285.0,255.0
679.0,255.0
977.0,255.0
264.0,256.0
775.0,256.0
257.0,14.0
257.0,223.0
788.0,257.0
258.0,47.0
258.0,98.0
258.0,222.0
597.0,258.0
259.0,24.0
259.0,146.0
259.0,187.0
260.0,67.0
302.0,260.0
702.0,260.0
261.0,4.0
261.0,125.0
261.0,189.0
261.0,208.0
261.0,226.0
261.0,237.0
323.0,261.0
628.0,261.0
868.0,261.0
262.0,125.0
262.0,133.0
560.0,262.0
263.0,13.0
263.0,77.0
263.0,85.0
263.0,119.0
887.0,263.0
264.0,192.0
264.0,207.0
264.0,211.0
326.0,264.0
265.0,10.0
265.0,208.0
366.0,265.0
266.0,5.0
967.0,266.0
267.0,47.0
267.0,56.0
267.0,116.0
267.0,142.0
267.0,168.0
703.0,267.0
759.0,267.0
268.0,23.0
268.0,44.0
268.0,259.0
306.0,268.0
269.0,7.0
299.0,269.0
270.0,29.0
270.0,48.0
270.0,66.0
270.0,74.0
270.0,103.0
270.0,176.0
270.0,177.0
270.0,237.0
270.0,241.0
316.0,270.0
325.0,270.0
329.0,270.0
868.0,270.0
271.0,32.0
271.0,55.0
271.0,197.0
271.0,219.0
271.0,225.0
913.0,271.0
272.0,17.0
478.0,272.0
273.0,110.0
274.0,82.0
274.0,94.0
274.0,228.0
286.0,274.0
287.0,274.0
297.0,274.0
319.0,274.0
329.0,274.0
399.0,274.0
753.0,274.0
275.0,71.0
275.0,121.0
275.0,182.0
275.0,235.0
303.0,275.0
535.0,275.0
960.0,275.0
276.0,63.0
277.0,121.0
277.0,234.0
277.0,265.0
297.0,277.0
479.0,277.0
975.0,277.0
278.0,7.0
326.0,278.0
279.0,170.0
309.0,279.0
280.0,24.0
280.0,216.0
280.0,264.0
710.0,280.0
876.0,280.0
281.0,38.0
281.0,103.0
281.0,227.0
306.0,281.0
317.0,281.0
324.0,281.0
385.0,281.0
856.0,281.0
307.0,282.0
452.0,282.0
564.0,282.0
624.0,282.0
283.0,177.0
283.0,196.0
458.0,283.0
284.0,110.0
284.0,182.0
285.0,284.0
303.0,284.0
317.0,284.0
322.0,284.0
567.0,284.0
779.0,284.0
285.0,63.0
285.0,97.0
285.0,147.0
285.0,230.0
285.0,245.0
285.0,272.0
355.0,285.0
286.0,142.0
290.0,286.0
299.0,286.0
309.0,286.0
328.0,286.0
394.0,286.0
287.0,76.0
287.0,112.0
287.0,252.0
381.0,287.0
547.0,287.0
288.0,18.0
288.0,57.0
288.0,70.0
288.0,72.0
328.0,288.0
289.0,61.0
289.0,124.0
289.0,164.0
289.0,259.0
586.0,289.0
673.0,289.0
942.0,289.0
290.0,192.0
315.0,290.0
291.0,82.0
291.0,161.0
339.0,291.0
811.0,291.0
292.0,73.0
292.0,87.0
292.0,184.0
292.0,248.0
594.0,292.0
994.0,292.0
293.0,74.0
293.0,151.0
293.0,176.0
293.0,267.0
293.0,276.0
321.0,293.0
836.0,293.0
993.0,293.0
294.0,140.0
294.0,228.0
311.0,294.0
295.0,11.0
295.0,28.0
808.0,295.0
296.0,130.0
296.0,254.0
667.0,296.0
297.0,35.0
832.0,297.0
981.0,297.0
983.0,297.0
298.0,111.0
298.0,185.0
301.0,298.0
309.0,298.0
328.0,298.0
833.0,298.0
299.0,154.0
299.0,162.0
299.0,289.0
320.0,299.0
300.0,175.0
300.0,270.0
300.0,277.0
300.0,286.0
300.0,296.0
330.0,300.0
576.0,300.0
619.0,300.0
996.0,300.0
301.0,1.0
301.0,35.0
307.0,302.0
303.0,103.0
303.0,146.0
303.0,190.0
315.0,303.0
657.0,303.0
304.0,48.0
304.0,77.0
304.0,82.0
304.0,133.0
304.0,175.0
304.0,239.0
304.0,273.0
388.0,304.0
305.0,0.0
306.0,31.0
306.0,40.0
325.0,306.0
981.0,306.0
307.0,105.0
307.0,260.0
308.0,37.0
308.0,85.0
308.0,135.0
308.0,146.0
308.0,150.0
308.0,159.0
308.0,213.0
309.0,28.0
309.0,71.0
309.0,272.0
309.0,284.0
309.0,291.0
506.0,309.0
310.0,6.0
310.0,178.0
310.0,270.0
433.0,310.0
311.0,296.0
739.0,311.0
312.0,7.0
312.0,51.0
312.0,91.0
312.0,171.0
649.0,312.0
313.0,38.0
313.0,56.0
313.0,185.0
313.0,219.0
313.0,236.0
313.0,293.0
324.0,313.0
341.0,313.0
403.0,313.0
314.0,95.0
395.0,314.0
315.0,63.0
315.0,164.0
315.0,168.0
315.0,311.0
528.0,315.0
603.0,315.0
316.0,146.0
316.0,171.0
517.0,316.0
317.0,2.0
317.0,102.0
317.0,107.0
391.0,317.0
318.0,1.0
318.0,200.0
318.0,207.0
595.0,318.0
955.0,318.0
319.0,14.0
319.0,71.0
319.0,290.0
319.0,314.0
325.0,319.0
320.0,22.0
320.0,210.0
320.0,211.0
320.0,254.0
320.0,305.0
633.0,320.0
321.0,80.0
321.0,109.0
321.0,138.0
321.0,316.0
460.0,321.0
746.0,321.0
839.0,321.0
322.0,98.0
322.0,191.0
322.0,222.0
323.0,14.0
323.0,26.0
323.0,55.0
323.0,184.0
324.0,323.0
362.0,323.0
483.0,323.0
650.0,323.0
961.0,323.0
324.0,77.0
324.0,81.0
324.0,141.0
324.0,170.0
324.0,183.0
324.0,197.0
324.0,274.0
508.0,324.0
927.0,324.0
325.0,152.0
325.0,199.0
325.0,202.0
326.0,9.0
326.0,88.0
326.0,117.0
326.0,168.0
569.0,326.0
327.0,242.0
327.0,306.0
476.0,327.0
328.0,44.0
328.0,78.0
328.0,221.0
328.0,306.0
557.0,328.0
329.0,226.0
474.0,329.0
603.0,329.0
330.0,73.0
330.0,121.0
330.0,276.0
693.0,330.0
331.0,96.0
332.0,131.0
332.0,247.0
332.0,297.0
333.0,186.0
409.0,333.0
553.0,333.0
370.0,334.0
966.0,334.0
342.0,335.0
484.0,335.0
727.0,335.0
864.0,335.0
405.0,336.0
452.0,336.0
492.0,336.0
515.0,336.0
547.0,336.0
789.0,336.0
409.0,337.0
431.0,337.0
509.0,337.0
573.0,337.0
416.0,338.0
487.0,338.0
995.0,338.0
441.0,339.0
475.0,339.0
503.0,339.0
518.0,339.0
539.0,339.0
579.0,339.0
584.0,339.0
591.0,339.0
850.0,339.0
340.0,246.0
404.0,340.0
415.0,340.0
455.0,340.0
496.0,340.0
700.0,340.0
749.0,340.0
341.0,86.0
448.0,341.0
519.0,341.0
594.0,341.0
342.0,21.0
417.0,342.0
432.0,342.0
489.0,342.0
571.0,342.0
572.0,342.0
593.0,342.0
621.0,342.0
640.0,342.0
343.0,93.0
343.0,156.0
343.0,298.0
513.0,343.0
568.0,343.0
344.0,343.0
552.0,344.0
555.0,344.0
577.0,344.0
645.0,344.0
992.0,344.0
457.0,345.0
626.0,345.0
641.0,345.0
945.0,345.0
346.0,22.0
476.0,346.0
503.0,346.0
758.0,346.0
347.0,343.0
416.0,347.0
423.0,347.0
446.0,347.0
528.0,347.0
585.0,347.0
645.0,347.0
519.0,348.0
612.0,348.0
613.0,348.0
646.0,348.0
349.0,345.0
383.0,349.0
566.0,349.0
643.0,349.0
839.0,349.0
356.0,350.0
365.0,350.0
467.0,350.0
537.0,350.0
400.0,351.0
453.0,351.0
585.0,351.0
806.0,351.0
352.0,62.0
529.0,352.0
557.0,352.0
581.0,352.0
586.0,352.0
363.0,353.0
536.0,353.0
798.0,353.0
354.0,342.0
530.0,354.0
654.0,354.0
355.0,330.0
355.0,345.0
374.0,355.0
385.0,355.0
601.0,355.0
356.0,260.0
356.0,341.0
357.0,356.0
444.0,356.0
479.0,356.0
499.0,356.0
508.0,356.0
638.0,356.0
660.0,356.0
469.0,357.0
533.0,357.0
559.0,357.0
645.0,357.0
358.0,183.0
358.0,304.0
423.0,358.0
444.0,358.0
517.0,358.0
555.0,358.0
589.0,358.0
602.0,358.0
629.0,358.0
653.0,358.0
359.0,274.0
537.0,359.0
587.0,359.0
715.0,359.0
360.0,218.0
360.0,359.0
364.0,360.0
381.0,360.0
435.0,360.0
457.0,360.0
481.0,360.0
490.0,360.0
512.0,360.0
957.0,360.0
361.0,206.0
511.0,361.0
517.0,361.0
533.0,361.0
582.0,361.0
870.0,361.0
362.0,333.0
414.0,362.0
530.0,362.0
753.0,362.0
363.0,173.0
369.0,363.0
370.0,363.0
658.0,363.0
364.0,345.0
366.0,364.0
640.0,364.0
891.0,364.0
365.0,358.0
365.0,361.0
381.0,365.0
408.0,365.0
427.0,365.0
456.0,365.0
566.0,365.0
650.0,365.0
790.0,365.0
375.0,366.0
381.0,366.0
437.0,366.0
522.0,366.0
575.0,366.0
583.0,366.0
367.0,137.0
367.0,302.0
373.0,367.0
454.0,367.0
537.0,367.0
368.0,225.0
368.0,277.0
368.0,350.0
368.0,354.0
609.0,368.0
955.0,368.0
369.0,94.0
369.0,95.0
397.0,369.0
439.0,369.0
556.0,369.0
613.0,369.0
621.0,369.0
632.0,369.0
370.0,11.0
370.0,368.0
440.0,370.0
493.0,370.0
547.0,370.0
574.0,370.0
642.0,370.0
824.0,370.0
391.0,371.0
404.0,371.0
416.0,371.0
473.0,371.0
581.0,371.0
634.0,371.0
660.0,371.0
667.0,371.0
500.0,372.0
632.0,372.0
957.0,372.0
373.0,355.0
527.0,373.0
558.0,373.0
590.0,373.0
623.0,373.0
646.0,373.0
656.0,373.0
954.0,373.0
374.0,341.0
453.0,374.0
375.0,340.0
376.0,375.0
397.0,375.0
454.0,375.0
663.0,375.0
698.0,375.0
714.0,375.0
813.0,375.0
381.0,376.0
433.0,376.0
454.0,376.0
507.0,376.0
568.0,376.0
622.0,376.0
377.0,119.0
416.0,377.0
586.0,377.0
418.0,378.0
488.0,378.0
597.0,378.0
642.0,378.0
379.0,138.0
379.0,370.0
438.0,379.0
479.0,379.0
491.0,379.0
571.0,379.0
838.0,379.0
602.0,380.0
381.0,98.0
472.0,381.0
633.0,381.0
382.0,338.0
382.0,379.0
532.0,382.0
578.0,382.0
887.0,382.0
991.0,382.0
431.0,383.0
564.0,383.0
574.0,383.0
592.0,383.0
730.0,383.0
384.0,338.0
384.0,367.0
611.0,384.0
625.0,384.0
772.0,384.0
992.0,384.0
446.0,385.0
386.0,30.0
434.0,386.0
467.0,386.0
476.0,386.0
453.0,387.0
526.0,387.0
639.0,387.0
864.0,387.0
483.0,388.0
619.0,388.0
826.0,388.0
890.0,388.0
473.0,389.0
557.0,389.0
435.0,390.0
495.0,390.0
391.0,340.0
399.0,391.0
412.0,391.0
471.0,391.0
503.0,391.0
573.0,391.0
677.0,391.0
445.0,392.0
489.0,392.0
510.0,392.0
541.0,392.0
650.0,392.0
683.0,392.0
929.0,392.0
393.0,114.0
422.0,393.0
478.0,393.0
640.0,393.0
650.0,393.0
438.0,394.0
439.0,394.0
465.0,394.0
690.0,394.0
831.0,394.0
395.0,147.0
395.0,157.0
592.0,395.0
627.0,395.0
396.0,153.0
396.0,351.0
396.0,375.0
495.0,396.0
497.0,396.0
543.0,396.0
823.0,396.0
397.0,241.0
397.0,378.0
397.0,395.0
465.0,397.0
532.0,397.0
587.0,397.0
599.0,397.0
640.0,397.0
652.0,397.0
659.0,397.0
672.0,397.0
693.0,397.0
796.0,397.0
398.0,40.0
398.0,41.0
398.0,345.0
463.0,398.0
514.0,398.0
579.0,398.0
583.0,398.0
611.0,398.0
399.0,186.0
472.0,399.0
555.0,399.0
618.0,399.0
400.0,363.0
450.0,400.0
494.0,400.0
517.0,400.0
640.0,400.0
643.0,400.0
653.0,400.0
401.0,107.0
401.0,341.0
442.0,401.0
450.0,401.0
782.0,401.0
618.0,402.0
628.0,402.0
493.0,403.0
605.0,403.0
404.0,191.0
404.0,351.0
404.0,362.0
404.0,391.0
430.0,404.0
504.0,404.0
649.0,404.0
657.0,404.0
704.0,404.0
405.0,355.0
416.0,405.0
473.0,405.0
481.0,405.0
490.0,405.0
528.0,405.0
533.0,405.0
561.0,405.0
574.0,405.0
584.0,405.0
656.0,405.0
406.0,61.0
406.0,349.0
406.0,362.0
475.0,406.0
733.0,406.0
955.0,406.0
609.0,407.0
927.0,407.0
408.0,9.0
408.0,54.0
583.0,408.0
596.0,408.0
409.0,373.0
515.0,409.0
410.0,309.0
717.0,410.0
771.0,410.0
411.0,227.0
411.0,335.0
433.0,411.0
571.0,411.0
661.0,411.0
707.0,411.0
412.0,345.0
412.0,361.0
412.0,375.0
412.0,381.0
494.0,412.0
560.0,412.0
622.0,412.0
656.0,412.0
659.0,412.0
414.0,413.0
491.0,413.0
540.0,413.0
562.0,413.0
576.0,413.0
618.0,413.0
414.0,8.0
446.0,414.0
415.0,2.0
415.0,27.0
479.0,415.0
631.0,415.0
416.0,339.0
456.0,416.0
512.0,416.0
515.0,416.0
516.0,416.0
530.0,416.0
619.0,416.0
660.0,416.0
417.0,233.0
417.0,365.0
417.0,414.0
493.0,417.0
504.0,417.0
862.0,417.0
418.0,17.0
418.0,161.0
418.0,267.0
418.0,384.0
610.0,418.0
661.0,418.0
419.0,101.0
419.0,365.0
472.0,419.0
645.0,419.0
420.0,245.0
558.0,420.0
673.0,420.0
714.0,420.0
421.0,388.0
613.0,421.0
422.0,55.0
422.0,81.0
422.0,388.0
451.0,422.0
423.0,73.0
423.0,341.0
469.0,423.0
519.0,423.0
576.0,423.0
595.0,423.0
764.0,423.0
424.0,225.0
424.0,294.0
471.0,424.0
485.0,424.0
517.0,424.0
565.0,424.0
622.0,424.0
680.0,424.0
704.0,424.0
425.0,363.0
482.0,425.0
652.0,425.0
731.0,425.0
426.0,365.0
426.0,383.0
478.0,426.0
582.0,426.0
427.0,267.0
427.0,333.0
448.0,427.0
465.0,427.0
492.0,427.0
499.0,427.0
508.0,427.0
893.0,427.0
428.0,389.0
428.0,411.0
583.0,428.0
429.0,418.0
692.0,429.0
542.0,430.0
648.0,430.0
707.0,430.0
431.0,143.0
431.0,415.0
525.0,431.0
790.0,431.0
468.0,432.0
477.0,432.0
547.0,432.0
549.0,432.0
625.0,432.0
681.0,432.0
433.0,345.0
566.0,433.0
625.0,433.0
884.0,433.0
434.0,99.0
434.0,157.0
434.0,341.0
539.0,434.0
648.0,434.0
655.0,434.0
900.0,434.0
435.0,150.0
538.0,435.0
544.0,435.0
568.0,435.0
640.0,435.0
644.0,435.0
756.0,435.0
436.0,233.0
436.0,370.0
436.0,383.0
442.0,436.0
512.0,436.0
595.0,436.0
437.0,420.0
543.0,437.0
575.0,437.0
980.0,437.0
438.0,182.0
480.0,438.0
439.0,430.0
524.0,439.0
575.0,439.0
596.0,439.0
623.0,439.0
627.0,439.0
561.0,440.0
441.0,167.0
441.0,338.0
441.0,425.0
441.0,433.0
488.0,441.0
508.0,441.0
900.0,441.0
936.0,441.0
442.0,109.0
442.0,379.0
490.0,442.0
891.0,442.0
443.0,424.0
533.0,443.0
491.0,444.0
517.0,444.0
445.0,336.0
445.0,363.0
993.0,445.0
446.0,367.0
446.0,378.0
446.0,435.0
482.0,446.0
598.0,446.0
615.0,446.0
447.0,397.0
457.0,447.0
514.0,447.0
540.0,447.0
612.0,447.0
639.0,447.0
649.0,447.0
997.0,447.0
601.0,448.0
704.0,448.0
892.0,448.0
926.0,449.0
450.0,410.0
470.0,450.0
532.0,450.0
557.0,450.0
604.0,450.0
614.0,450.0
782.0,450.0
894.0,450.0
451.0,299.0
538.0,451.0
558.0,451.0
651.0,451.0
719.0,451.0
859.0,451.0
452.0,401.0
574.0,452.0
583.0,452.0
453.0,265.0
491.0,453.0
530.0,453.0
563.0,453.0
605.0,453.0
632.0,453.0
645.0,454.0
894.0,454.0
921.0,454.0
455.0,263.0
455.0,435.0
455.0,439.0
530.0,455.0
456.0,116.0
456.0,281.0
799.0,456.0
457.0,382.0
457.0,386.0
574.0,457.0
458.0,356.0
458.0,422.0
468.0,458.0
474.0,458.0
459.0,0.0
459.0,200.0
539.0,459.0
603.0,459.0
647.0,459.0
825.0,459.0
460.0,444.0
517.0,460.0
527.0,460.0
549.0,460.0
775.0,460.0
855.0,460.0
461.0,132.0
491.0,461.0
547.0,461.0
574.0,461.0
994.0,461.0
462.0,417.0
576.0,462.0
597.0,462.0
613.0,462.0
621.0,462.0
690.0,462.0
875.0,462.0
463.0,365.0
463.0,373.0
463.0,383.0
463.0,433.0
505.0,463.0
531.0,463.0
534.0,463.0
547.0,463.0
646.0,463.0
944.0,463.0
464.0,405.0
523.0,464.0
610.0,464.0
465.0,171.0
465.0,177.0
465.0,460.0
491.0,465.0
959.0,465.0
466.0,115.0
513.0,466.0
637.0,466.0
687.0,466.0
467.0,92.0
499.0,467.0
581.0,467.0
628.0,467.0
642.0,467.0
644.0,467.0
855.0,467.0
981.0,467.0
468.0,338.0
468.0,350.0
468.0,374.0
468.0,436.0
475.0,468.0
547.0,468.0
626.0,468.0
738.0,468.0
469.0,374.0
491.0,469.0
504.0,469.0
526.0,469.0
470.0,18.0
470.0,469.0
582.0,470.0
662.0,470.0
977.0,470.0
487.0,471.0
524.0,471.0
542.0,471.0
942.0,471.0
472.0,202.0
472.0,341.0
472.0,350.0
489.0,472.0
546.0,472.0
549.0,472.0
550.0,472.0
572.0,472.0
615.0,472.0
645.0,472.0
808.0,472.0
815.0,472.0
473.0,395.0
473.0,404.0
536.0,473.0
645.0,473.0
474.0,74.0
474.0,351.0
474.0,437.0
475.0,333.0
547.0,475.0
607.0,475.0
866.0,475.0
476.0,44.0
476.0,317.0
476.0,439.0
476.0,447.0
476.0,448.0
481.0,476.0
544.0,476.0
593.0,476.0
737.0,476.0
477.0,74.0
477.0,139.0
477.0,467.0
478.0,1.0
478.0,191.0
478.0,420.0
490.0,478.0
642.0,478.0
801.0,478.0
479.0,428.0
575.0,479.0
654.0,479.0
480.0,359.0
480.0,467.0
619.0,480.0
633.0,480.0
648.0,480.0
701.0,480.0
481.0,394.0
481.0,457.0
537.0,481.0
622.0,481.0
849.0,481.0
482.0,129.0
482.0,369.0
482.0,474.0
490.0,482.0
549.0,482.0
551.0,482.0
592.0,482.0
640.0,482.0
756.0,482.0
854.0,482.0
483.0,86.0
483.0,471.0
483.0,480.0
645.0,483.0
672.0,483.0
484.0,391.0
484.0,405.0
484.0,418.0
517.0,484.0
569.0,484.0
485.0,340.0
485.0,369.0
485.0,469.0
485.0,480.0
555.0,485.0
633.0,485.0
680.0,485.0
704.0,485.0
486.0,398.0
486.0,437.0
486.0,478.0
498.0,486.0
524.0,486.0
536.0,486.0
585.0,486.0
651.0,486.0
699.0,486.0
923.0,486.0
993.0,486.0
487.0,91.0
487.0,189.0
487.0,376.0
487.0,444.0
487.0,460.0
910.0,487.0
488.0,252.0
511.0,488.0
549.0,488.0
569.0,488.0
596.0,488.0
662.0,488.0
942.0,488.0
956.0,488.0
975.0,488.0
489.0,396.0
509.0,489.0
576.0,489.0
945.0,489.0
490.0,67.0
490.0,362.0
490.0,475.0
491.0,109.0
491.0,343.0
506.0,491.0
572.0,491.0
592.0,491.0
724.0,491.0
492.0,108.0
492.0,337.0
492.0,341.0
492.0,402.0
593.0,492.0
659.0,492.0
685.0,492.0
493.0,404.0
493.0,417.0
493.0,469.0
636.0,493.0
658.0,493.0
824.0,493.0
494.0,443.0
494.0,455.0
498.0,494.0
910.0,494.0
638.0,495.0
655.0,495.0
658.0,495.0
904.0,495.0
496.0,470.0
610.0,496.0
627.0,496.0
902.0,496.0
950.0,496.0
497.0,247.0
497.0,360.0
497.0,434.0
497.0,458.0
623.0,497.0
920.0,497.0
498.0,24.0
498.0,464.0
513.0,498.0
517.0,498.0
525.0,498.0
995.0,498.0
499.0,35.0
499.0,120.0
499.0,391.0
499.0,455.0
499.0,480.0
499.0,489.0
542.0,499.0
580.0,499.0
834.0,499.0
500.0,366.0
500.0,457.0
534.0,500.0
582.0,500.0
501.0,22.0
501.0,115.0
501.0,166.0
501.0,494.0
513.0,501.0
594.0,501.0
502.0,198.0
502.0,357.0
502.0,394.0
502.0,484.0
569.0,502.0
503.0,131.0
503.0,345.0
503.0,361.0
503.0,447.0
965.0,503.0
504.0,118.0
536.0,504.0
567.0,504.0
576.0,504.0
615.0,504.0
646.0,504.0
505.0,337.0
505.0,441.0
505.0,493.0
553.0,505.0
747.0,505.0
796.0,505.0
506.0,118.0
506.0,334.0
506.0,484.0
632.0,506.0
984.0,506.0
507.0,384.0
507.0,403.0
595.0,507.0
634.0,507.0
662.0,507.0
759.0,507.0
997.0,508.0
509.0,359.0
509.0,412.0
509.0,481.0
615.0,509.0
510.0,208.0
510.0,404.0
510.0,505.0
537.0,510.0
643.0,510.0
511.0,338.0
511.0,382.0
511.0,418.0
511.0,456.0
577.0,511.0
650.0,511.0
969.0,511.0
512.0,314.0
512.0,353.0
512.0,434.0
513.0,347.0
513.0,495.0
513.0,503.0
729.0,513.0
514.0,255.0
514.0,373.0
514.0,423.0
514.0,461.0
536.0,514.0
542.0,514.0
552.0,514.0
587.0,514.0
640.0,514.0
515.0,351.0
515.0,452.0
515.0,509.0
525.0,515.0
613.0,515.0
907.0,515.0
516.0,404.0
566.0,516.0
598.0,516.0
633.0,516.0
669.0,516.0
890.0,516.0
517.0,293.0
517.0,349.0
517.0,350.0
517.0,374.0
543.0,517.0
627.0,517.0
655.0,517.0
518.0,363.0
518.0,443.0
518.0,460.0
518.0,486.0
592.0,518.0
635.0,518.0
990.0,518.0
519.0,96.0
519.0,401.0
584.0,519.0
599.0,519.0
998.0,519.0
520.0,149.0
520.0,196.0
520.0,380.0
520.0,442.0
520.0,443.0
776.0,520.0
521.0,86.0
521.0,96.0
521.0,130.0
521.0,387.0
521.0,516.0
543.0,521.0
756.0,521.0
522.0,366.0
522.0,435.0
522.0,442.0
619.0,522.0
804.0,522.0
852.0,522.0
860.0,522.0
871.0,522.0
523.0,86.0
523.0,279.0
523.0,353.0
523.0,461.0
524.0,368.0
524.0,455.0
524.0,490.0
525.0,524.0
607.0,524.0
628.0,524.0
657.0,524.0
707.0,524.0
525.0,350.0
525.0,432.0
581.0,525.0
583.0,525.0
591.0,525.0
600.0,525.0
634.0,525.0
682.0,525.0
809.0,525.0
526.0,431.0
526.0,449.0
527.0,425.0
527.0,495.0
528.0,420.0
568.0,528.0
628.0,528.0
529.0,357.0
529.0,393.0
529.0,408.0
529.0,450.0
582.0,529.0
621.0,529.0
633.0,529.0
530.0,377.0
530.0,443.0
530.0,498.0
630.0,530.0
898.0,530.0
531.0,349.0
531.0,350.0
531.0,457.0
531.0,469.0
793.0,531.0
532.0,112.0
532.0,440.0
532.0,450.0
532.0,494.0
810.0,532.0
533.0,171.0
533.0,412.0
542.0,533.0
534.0,441.0
534.0,509.0
545.0,534.0
626.0,534.0
638.0,534.0
535.0,505.0
961.0,535.0
536.0,349.0
536.0,394.0
536.0,422.0
568.0,536.0
658.0,536.0
660.0,536.0
764.0,536.0
822.0,536.0
916.0,536.0
537.0,6.0
537.0,278.0
537.0,349.0
537.0,448.0
537.0,462.0
695.0,537.0
538.0,436.0
538.0,487.0
538.0,521.0
567.0,538.0
539.0,440.0
539.0,444.0
561.0,539.0
566.0,539.0
645.0,539.0
654.0,539.0
892.0,539.0
974.0,539.0
551.0,540.0
642.0,540.0
772.0,540.0
541.0,509.0
542.0,541.0
633.0,541.0
646.0,541.0
542.0,257.0
542.0,436.0
551.0,542.0
713.0,542.0
880.0,542.0
543.0,32.0
543.0,159.0
543.0,398.0
543.0,428.0
543.0,444.0
543.0,448.0
548.0,543.0
544.0,14.0
544.0,295.0
544.0,394.0
544.0,435.0
544.0,442.0
544.0,454.0
544.0,496.0
545.0,535.0
583.0,545.0
608.0,545.0
651.0,545.0
546.0,449.0
546.0,507.0
663.0,546.0
547.0,341.0
559.0,547.0
633.0,548.0
549.0,394.0
549.0,463.0
549.0,482.0
558.0,549.0
752.0,549.0
774.0,549.0
550.0,408.0
550.0,471.0
550.0,478.0
550.0,512.0
550.0,532.0
551.0,355.0
984.0,551.0
552.0,492.0
562.0,552.0
553.0,74.0
553.0,394.0
553.0,451.0
553.0,484.0
553.0,504.0
598.0,553.0
627.0,553.0
554.0,90.0
554.0,413.0
554.0,429.0
554.0,499.0
615.0,554.0
677.0,554.0
816.0,554.0
555.0,105.0
555.0,293.0
555.0,358.0
555.0,418.0
689.0,555.0
556.0,388.0
556.0,426.0
556.0,509.0
556.0,555.0
557.0,350.0
557.0,376.0
557.0,472.0
566.0,557.0
567.0,557.0
558.0,239.0
558.0,404.0
558.0,413.0
558.0,425.0
558.0,454.0
559.0,403.0
559.0,442.0
559.0,470.0
560.0,559.0
826.0,559.0
560.0,356.0
560.0,372.0
560.0,387.0
560.0,544.0
580.0,560.0
808.0,560.0
561.0,311.0
561.0,341.0
561.0,437.0
561.0,537.0
576.0,561.0
653.0,561.0
562.0,34.0
562.0,221.0
562.0,488.0
562.0,511.0
562.0,528.0
562.0,535.0
562.0,558.0
628.0,562.0
639.0,562.0
563.0,46.0
563.0,414.0
563.0,516.0
563.0,526.0
566.0,563.0
645.0,563.0
710.0,563.0
564.0,457.0
564.0,502.0
612.0,564.0
726.0,564.0
565.0,311.0
565.0,450.0
565.0,553.0
566.0,565.0
566.0,64.0
566.0,344.0
566.0,381.0
566.0,390.0
566.0,462.0
566.0,515.0
566.0,550.0
566.0,557.0
594.0,566.0
567.0,120.0
567.0,206.0
567.0,399.0
567.0,457.0
567.0,546.0
629.0,567.0
856.0,567.0
879.0,567.0
568.0,60.0
568.0,560.0
606.0,568.0
569.0,375.0
569.0,392.0
569.0,409.0
569.0,425.0
569.0,440.0
569.0,473.0
569.0,546.0
573.0,569.0
600.0,569.0
625.0,569.0
815.0,569.0
872.0,569.0
570.0,251.0
570.0,411.0
570.0,437.0
587.0,570.0
608.0,570.0
637.0,570.0
902.0,570.0
571.0,99.0
571.0,384.0
571.0,396.0
571.0,398.0
571.0,451.0
620.0,571.0
572.0,408.0
572.0,478.0
572.0,525.0
573.0,45.0
573.0,156.0
573.0,376.0
573.0,463.0
574.0,391.0
574.0,398.0
574.0,527.0
574.0,566.0
574.0,572.0
576.0,574.0
583.0,574.0
597.0,574.0
575.0,512.0
575.0,515.0
575.0,527.0
595.0,575.0
576.0,362.0
576.0,519.0
617.0,576.0
577.0,92.0
577.0,377.0
577.0,442.0
577.0,465.0
577.0,482.0
577.0,551.0
802.0,577.0
983.0,577.0
578.0,201.0
578.0,346.0
578.0,520.0
601.0,578.0
605.0,578.0
636.0,578.0
579.0,489.0
580.0,388.0
580.0,417.0
580.0,420.0
580.0,454.0
630.0,580.0
649.0,580.0
978.0,580.0
581.0,545.0
658.0,581.0
663.0,581.0
582.0,245.0
582.0,358.0
582.0,399.0
582.0,504.0
582.0,510.0
583.0,395.0
583.0,406.0
583.0,471.0
988.0,583.0
584.0,404.0
602.0,584.0
648.0,584.0
585.0,369.0
585.0,425.0
585.0,477.0
585.0,494.0
585.0,580.0
624.0,585.0
640.0,585.0
586.0,411.0
586.0,426.0
586.0,441.0
586.0,483.0
664.0,586.0
748.0,586.0
874.0,586.0
587.0,67.0
587.0,365.0
587.0,447.0
587.0,504.0
587.0,574.0
617.0,587.0
588.0,450.0
588.0,495.0
588.0,507.0
616.0,588.0
589.0,337.0
901.0,589.0
921.0,589.0
590.0,400.0
590.0,415.0
590.0,565.0
628.0,590.0
591.0,425.0
591.0,427.0
591.0,467.0
819.0,591.0
865.0,591.0
592.0,357.0
592.0,426.0
592.0,438.0
592.0,452.0
651.0,592.0
676.0,592.0
692.0,592.0
704.0,592.0
593.0,432.0
593.0,435.0
593.0,481.0
593.0,499.0
594.0,352.0
594.0,513.0
658.0,594.0
595.0,373.0
595.0,375.0
595.0,432.0
595.0,456.0
595.0,487.0
595.0,555.0
595.0,588.0
601.0,595.0
620.0,595.0
634.0,595.0
961.0,595.0
596.0,249.0
596.0,333.0
596.0,386.0
596.0,521.0
596.0,581.0
643.0,596.0
645.0,596.0
682.0,596.0
992.0,596.0
597.0,342.0
597.0,518.0
600.0,597.0
953.0,597.0
598.0,390.0
639.0,598.0
857.0,598.0
599.0,92.0
599.0,355.0
599.0,357.0
599.0,446.0
599.0,542.0
599.0,545.0
599.0,554.0
629.0,599.0
600.0,275.0
600.0,435.0
600.0,470.0
600.0,570.0
643.0,600.0
601.0,167.0
601.0,336.0
601.0,367.0
606.0,601.0
647.0,601.0
602.0,214.0
602.0,479.0
602.0,540.0
602.0,555.0
818.0,602.0
603.0,73.0
603.0,136.0
603.0,419.0
603.0,485.0
603.0,489.0
623.0,603.0
649.0,603.0
604.0,348.0
604.0,352.0
604.0,448.0
604.0,468.0
604.0,596.0
741.0,604.0
605.0,481.0
605.0,535.0
661.0,605.0
675.0,605.0
747.0,605.0
805.0,605.0
606.0,385.0
606.0,585.0
620.0,606.0
774.0,606.0
607.0,456.0
648.0,607.0
651.0,607.0
608.0,114.0
608.0,271.0
608.0,419.0
608.0,422.0
608.0,430.0
608.0,547.0
608.0,550.0
797.0,608.0
823.0,608.0
609.0,33.0
609.0,45.0
609.0,366.0
609.0,414.0
655.0,609.0
663.0,609.0
713.0,609.0
831.0,609.0
610.0,447.0
610.0,493.0
662.0,610.0
782.0,610.0
611.0,17.0
611.0,67.0
611.0,355.0
611.0,378.0
611.0,478.0
611.0,499.0
611.0,505.0
611.0,536.0
738.0,611.0
612.0,336.0
612.0,346.0
803.0,612.0
613.0,380.0
613.0,501.0
613.0,611.0
614.0,347.0
614.0,523.0
614.0,544.0
614.0,561.0
732.0,614.0
615.0,342.0
615.0,442.0
615.0,495.0
615.0,499.0
615.0,570.0
615.0,572.0
648.0,615.0
659.0,615.0
773.0,615.0
616.0,42.0
616.0,283.0
616.0,388.0
616.0,506.0
616.0,544.0
638.0,616.0
663.0,616.0
987.0,616.0
617.0,394.0
617.0,501.0
617.0,536.0
875.0,617.0
618.0,112.0
618.0,307.0
618.0,537.0
618.0,560.0
619.0,158.0
619.0,195.0
619.0,249.0
619.0,349.0
619.0,499.0
619.0,531.0
619.0,558.0
621.0,619.0
693.0,619.0
678.0,620.0
621.0,134.0
621.0,387.0
621.0,459.0
621.0,480.0
621.0,524.0
621.0,549.0
993.0,621.0
622.0,385.0
622.0,464.0
622.0,500.0
628.0,622.0
677.0,622.0
623.0,361.0
623.0,455.0
623.0,488.0
623.0,601.0
624.0,379.0
624.0,417.0
624.0,538.0
624.0,557.0
624.0,613.0
625.0,109.0
625.0,424.0
625.0,564.0
626.0,262.0
626.0,341.0
632.0,626.0
671.0,626.0
627.0,431.0
627.0,485.0
627.0,554.0
628.0,409.0
628.0,438.0
628.0,489.0
628.0,535.0
628.0,586.0
629.0,333.0
629.0,335.0
629.0,341.0
629.0,468.0
629.0,484.0
629.0,527.0
629.0,570.0
629.0,622.0
630.0,450.0
631.0,262.0
631.0,409.0
631.0,465.0
631.0,473.0
631.0,562.0
749.0,631.0
632.0,281.0
632.0,506.0
974.0,632.0
633.0,239.0
633.0,391.0
633.0,537.0
633.0,541.0
634.0,524.0
634.0,566.0
635.0,351.0
635.0,425.0
635.0,509.0
635.0,582.0
635.0,590.0
801.0,635.0
636.0,506.0
636.0,569.0
636.0,593.0
637.0,359.0
637.0,372.0
637.0,523.0
637.0,603.0
639.0,637.0
661.0,637.0
638.0,378.0
638.0,439.0
638.0,472.0
638.0,509.0
642.0,638.0
674.0,638.0
906.0,638.0
639.0,321.0
671.0,639.0
707.0,639.0
837.0,639.0
640.0,478.0
640.0,520.0
640.0,527.0
640.0,608.0
641.0,0.0
642.0,392.0
643.0,141.0
643.0,235.0
643.0,341.0
643.0,354.0
643.0,365.0
704.0,643.0
644.0,153.0
644.0,418.0
645.0,426.0
645.0,459.0
645.0,551.0
645.0,599.0
645.0,634.0
704.0,645.0
646.0,350.0
646.0,464.0
646.0,595.0
646.0,623.0
647.0,371.0
647.0,418.0
924.0,647.0
648.0,199.0
648.0,387.0
648.0,531.0
648.0,569.0
942.0,648.0
649.0,352.0
649.0,405.0
649.0,416.0
649.0,530.0
649.0,544.0
649.0,622.0
665.0,649.0
772.0,649.0
650.0,345.0
650.0,430.0
650.0,467.0
650.0,505.0
650.0,635.0
680.0,650.0
995.0,650.0
651.0,234.0
651.0,577.0
651.0,643.0
755.0,651.0
652.0,94.0
652.0,191.0
652.0,349.0
652.0,364.0
653.0,415.0
653.0,614.0
654.0,30.0
654.0,54.0
654.0,459.0
654.0,460.0
654.0,551.0
654.0,561.0
654.0,592.0
662.0,654.0
927.0,654.0
655.0,387.0
655.0,524.0
655.0,570.0
655.0,633.0
656.0,341.0
656.0,371.0
656.0,431.0
656.0,474.0
656.0,476.0
656.0,609.0
656.0,628.0
656.0,631.0
896.0,656.0
657.0,633.0
657.0,649.0
658.0,379.0
658.0,406.0
658.0,482.0
658.0,540.0
658.0,617.0
658.0,630.0
658.0,641.0
770.0,658.0
659.0,220.0
659.0,595.0
660.0,340.0
660.0,473.0
660.0,564.0
660.0,605.0
660.0,622.0
705.0,660.0
865.0,660.0
980.0,660.0
661.0,493.0
661.0,562.0
661.0,573.0
712.0,661.0
662.0,85.0
662.0,240.0
662.0,498.0
662.0,543.0
662.0,559.0
662.0,580.0
662.0,622.0
662.0,650.0
899.0,662.0
663.0,394.0
663.0,438.0
663.0,451.0
663.0,486.0
663.0,567.0
663.0,628.0
663.0,653.0
896.0,663.0
664.0,69.0
664.0,392.0
664.0,499.0
665.0,341.0
666.0,326.0
666.0,585.0
979.0,666.0
667.0,448.0
667.0,558.0
705.0,667.0
743.0,667.0
917.0,667.0
960.0,667.0
974.0,667.0
693.0,668.0
763.0,668.0
835.0,668.0
895.0,668.0
913.0,668.0
721.0,669.0
765.0,669.0
799.0,669.0
953.0,669.0
670.0,468.0
670.0,572.0
710.0,670.0
722.0,670.0
671.0,226.0
671.0,508.0
671.0,535.0
682.0,671.0
730.0,671.0
810.0,671.0
846.0,671.0
672.0,104.0
672.0,261.0
769.0,672.0
673.0,619.0
745.0,673.0
795.0,673.0
972.0,673.0
805.0,674.0
675.0,165.0
675.0,239.0
675.0,541.0
698.0,675.0
748.0,675.0
784.0,675.0
909.0,675.0
676.0,24.0
724.0,676.0
801.0,676.0
867.0,676.0
897.0,676.0
970.0,676.0
975.0,676.0
986.0,676.0
994.0,676.0
677.0,32.0
709.0,677.0
728.0,677.0
802.0,677.0
868.0,677.0
912.0,677.0
990.0,677.0
890.0,678.0
679.0,429.0
760.0,679.0
885.0,679.0
969.0,679.0
907.0,680.0
957.0,680.0
681.0,544.0
681.0,672.0
681.0,679.0
893.0,681.0
990.0,681.0
977.0,682.0
683.0,259.0
683.0,575.0
725.0,683.0
933.0,683.0
684.0,294.0
684.0,338.0
684.0,574.0
684.0,651.0
722.0,684.0
730.0,684.0
791.0,684.0
898.0,684.0
758.0,685.0
795.0,685.0
686.0,547.0
686.0,674.0
745.0,686.0
787.0,686.0
859.0,686.0
915.0,686.0
946.0,686.0
691.0,687.0
734.0,687.0
836.0,687.0
864.0,687.0
887.0,687.0
690.0,688.0
727.0,688.0
891.0,688.0
897.0,688.0
689.0,672.0
746.0,689.0
751.0,689.0
914.0,689.0
690.0,60.0
690.0,603.0
710.0,690.0
788.0,690.0
803.0,690.0
867.0,690.0
900.0,690.0
927.0,690.0
982.0,690.0
691.0,207.0
793.0,691.0
805.0,691.0
834.0,691.0
692.0,63.0
692.0,86.0
761.0,692.0
777.0,692.0
797.0,692.0
693.0,528.0
693.0,542.0
767.0,693.0
694.0,672.0
694.0,688.0
850.0,694.0
960.0,694.0
695.0,243.0
710.0,695.0
768.0,695.0
820.0,695.0
928.0,695.0
944.0,695.0
949.0,695.0
696.0,258.0
696.0,680.0
857.0,696.0
925.0,696.0
969.0,696.0
697.0,7.0
697.0,570.0
697.0,696.0
730.0,697.0
780.0,697.0
876.0,697.0
698.0,653.0
871.0,698.0
909.0,698.0
932.0,698.0
699.0,355.0
745.0,699.0
748.0,699.0
761.0,699.0
777.0,699.0
815.0,699.0
824.0,699.0
947.0,699.0
700.0,603.0
768.0,700.0
701.0,14.0
780.0,701.0
955.0,701.0
992.0,701.0
702.0,179.0
702.0,304.0
702.0,550.0
754.0,702.0
804.0,702.0
968.0,702.0
703.0,643.0
908.0,703.0
980.0,703.0
704.0,179.0
704.0,204.0
704.0,644.0
704.0,671.0
706.0,704.0
726.0,704.0
768.0,704.0
871.0,704.0
907.0,704.0
727.0,705.0
735.0,705.0
899.0,705.0
941.0,705.0
706.0,294.0
706.0,409.0
749.0,706.0
757.0,706.0
707.0,197.0
724.0,707.0
914.0,707.0
997.0,707.0
708.0,136.0
708.0,224.0
708.0,496.0
774.0,708.0
958.0,708.0
709.0,672.0
719.0,709.0
722.0,709.0
734.0,709.0
944.0,709.0
947.0,709.0
960.0,709.0
967.0,709.0
734.0,710.0
947.0,710.0
960.0,710.0
711.0,38.0
711.0,679.0
719.0,711.0
795.0,711.0
838.0,711.0
719.0,712.0
867.0,712.0
713.0,219.0
714.0,539.0
714.0,697.0
762.0,714.0
857.0,714.0
715.0,435.0
744.0,715.0
813.0,715.0
829.0,715.0
926.0,715.0
967.0,715.0
971.0,715.0
987.0,715.0
747.0,716.0
717.0,564.0
865.0,717.0
718.0,623.0
718.0,708.0
723.0,718.0
742.0,718.0
797.0,718.0
870.0,718.0
935.0,718.0
969.0,718.0
719.0,70.0
768.0,719.0
799.0,719.0
805.0,719.0
958.0,719.0
720.0,207.0
720.0,706.0
816.0,720.0
844.0,720.0
867.0,720.0
893.0,720.0
994.0,720.0
721.0,153.0
721.0,699.0
844.0,721.0
887.0,721.0
722.0,42.0
722.0,132.0
722.0,159.0
722.0,255.0
722.0,654.0
722.0,720.0
738.0,722.0
845.0,722.0
855.0,722.0
723.0,135.0
723.0,250.0
728.0,723.0
776.0,723.0
872.0,723.0
894.0,723.0
985.0,723.0
724.0,603.0
791.0,724.0
832.0,724.0
975.0,724.0
725.0,26.0
725.0,681.0
726.0,725.0
755.0,725.0
766.0,725.0
836.0,725.0
787.0,726.0
961.0,726.0
727.0,214.0
727.0,304.0
727.0,425.0
727.0,708.0
837.0,727.0
846.0,727.0
856.0,727.0
728.0,313.0
893.0,728.0
902.0,728.0
751.0,729.0
836.0,729.0
870.0,729.0
925.0,729.0
974.0,729.0
984.0,729.0
989.0,729.0
990.0,729.0
763.0,730.0
810.0,730.0
947.0,730.0
731.0,255.0
731.0,384.0
731.0,701.0
731.0,703.0
868.0,731.0
903.0,731.0
917.0,731.0
964.0,731.0
732.0,729.0
898.0,732.0
924.0,732.0
945.0,732.0
733.0,323.0
733.0,732.0
788.0,733.0
798.0,733.0
854.0,733.0
881.0,733.0
933.0,733.0
962.0,733.0
977.0,733.0
734.0,363.0
734.0,493.0
734.0,587.0
765.0,734.0
909.0,734.0
939.0,734.0
949.0,734.0
969.0,734.0
735.0,697.0
760.0,735.0
837.0,735.0
897.0,735.0
904.0,735.0
907.0,735.0
837.0,736.0
908.0,736.0
939.0,736.0
737.0,75.0
737.0,309.0
857.0,737.0
923.0,737.0
738.0,441.0
815.0,738.0
739.0,556.0
741.0,739.0
856.0,739.0
740.0,669.0
740.0,699.0
755.0,740.0
782.0,740.0
961.0,740.0
741.0,738.0
761.0,741.0
766.0,741.0
742.0,674.0
793.0,742.0
851.0,742.0
853.0,742.0
917.0,742.0
924.0,742.0
756.0,743.0
800.0,743.0
808.0,743.0
835.0,743.0
744.0,344.0
744.0,451.0
859.0,744.0
915.0,744.0
745.0,131.0
745.0,707.0
811.0,745.0
837.0,745.0
870.0,745.0
935.0,745.0
990.0,745.0
746.0,677.0
863.0,746.0
867.0,746.0
925.0,746.0
948.0,746.0
981.0,746.0
982.0,746.0
747.0,694.0
881.0,747.0
748.0,671.0
748.0,729.0
749.0,0.0
750.0,441.0
750.0,481.0
750.0,703.0
750.0,720.0
755.0,750.0
774.0,750.0
783.0,750.0
847.0,750.0
911.0,750.0
751.0,474.0
751.0,642.0
751.0,750.0
858.0,751.0
946.0,751.0
752.0,170.0
752.0,685.0
752.0,689.0
792.0,752.0
794.0,752.0
902.0,752.0
927.0,752.0
949.0,752.0
753.0,686.0
753.0,717.0
763.0,753.0
799.0,753.0
856.0,753.0
974.0,753.0
754.0,240.0
754.0,733.0
754.0,743.0
802.0,754.0
816.0,754.0
952.0,754.0
755.0,32.0
755.0,245.0
755.0,344.0
755.0,436.0
755.0,680.0
803.0,755.0
756.0,699.0
756.0,741.0
758.0,756.0
849.0,756.0
969.0,756.0
762.0,757.0
813.0,757.0
847.0,757.0
758.0,256.0
758.0,440.0
758.0,662.0
758.0,709.0
781.0,758.0
937.0,758.0
759.0,149.0
759.0,715.0
763.0,759.0
801.0,759.0
851.0,759.0
904.0,759.0
913.0,759.0
924.0,759.0
760.0,497.0
875.0,760.0
896.0,760.0
911.0,760.0
773.0,761.0
867.0,761.0
936.0,761.0
945.0,761.0
985.0,761.0
762.0,668.0
892.0,762.0
896.0,762.0
959.0,762.0
973.0,762.0
763.0,89.0
763.0,319.0
764.0,31.0
764.0,378.0
764.0,760.0
894.0,764.0
765.0,407.0
765.0,692.0
907.0,765.0
766.0,464.0
839.0,766.0
918.0,766.0
965.0,766.0
998.0,766.0
767.0,203.0
767.0,340.0
767.0,606.0
767.0,750.0
767.0,755.0
877.0,767.0
768.0,637.0
768.0,706.0
859.0,768.0
896.0,768.0
900.0,768.0
915.0,768.0
938.0,768.0
978.0,768.0
769.0,100.0
773.0,769.0
855.0,769.0
864.0,769.0
770.0,291.0
770.0,696.0
770.0,720.0
858.0,770.0
872.0,770.0
771.0,400.0
771.0,710.0
780.0,771.0
885.0,771.0
943.0,771.0
772.0,197.0
772.0,429.0
772.0,676.0
772.0,683.0
772.0,725.0
772.0,742.0
802.0,772.0
824.0,772.0
899.0,772.0
932.0,772.0
946.0,772.0
994.0,772.0
773.0,231.0
804.0,773.0
834.0,773.0
918.0,773.0
774.0,363.0
774.0,502.0
774.0,655.0
804.0,774.0
937.0,774.0
775.0,53.0
775.0,107.0
775.0,589.0
775.0,682.0
775.0,762.0
789.0,775.0
776.0,676.0
776.0,677.0
984.0,776.0
777.0,668.0
777.0,708.0
777.0,729.0
809.0,777.0
875.0,778.0
982.0,778.0
779.0,600.0
779.0,678.0
779.0,703.0
779.0,739.0
780.0,618.0
795.0,780.0
823.0,780.0
934.0,780.0
781.0,249.0
781.0,674.0
781.0,727.0
781.0,771.0
947.0,781.0
977.0,781.0
782.0,219.0
782.0,516.0
880.0,782.0
783.0,609.0
783.0,630.0
783.0,708.0
827.0,783.0
942.0,783.0
784.0,119.0
784.0,135.0
784.0,288.0
784.0,705.0
785.0,733.0
785.0,758.0
792.0,785.0
944.0,785.0
970.0,785.0
983.0,785.0
786.0,623.0
791.0,786.0
813.0,786.0
903.0,786.0
787.0,742.0
793.0,787.0
971.0,787.0
788.0,668.0
788.0,769.0
788.0,785.0
818.0,788.0
789.0,723.0
789.0,750.0
789.0,751.0
823.0,789.0
870.0,789.0
875.0,789.0
916.0,789.0
790.0,482.0
790.0,695.0
790.0,705.0
790.0,726.0
846.0,790.0
933.0,790.0
968.0,790.0
791.0,465.0
791.0,688.0
855.0,791.0
923.0,791.0
984.0,791.0
792.0,6.0
792.0,357.0
792.0,694.0
792.0,728.0
823.0,792.0
850.0,792.0
915.0,792.0
929.0,792.0
940.0,792.0
997.0,792.0
815.0,793.0
949.0,793.0
794.0,704.0
832.0,794.0
927.0,794.0
795.0,666.0
867.0,795.0
871.0,795.0
885.0,795.0
799.0,796.0
815.0,796.0
893.0,796.0
954.0,796.0
797.0,181.0
797.0,765.0
826.0,797.0
865.0,797.0
901.0,797.0
913.0,797.0
798.0,692.0
798.0,716.0
815.0,798.0
889.0,798.0
799.0,279.0
799.0,749.0
820.0,799.0
839.0,799.0
862.0,799.0
895.0,799.0
988.0,799.0
800.0,303.0
855.0,800.0
892.0,800.0
996.0,800.0
801.0,557.0
801.0,577.0
801.0,700.0
931.0,801.0
943.0,801.0
952.0,801.0
973.0,801.0
990.0,801.0
802.0,693.0
802.0,699.0
802.0,748.0
828.0,802.0
877.0,802.0
903.0,802.0
934.0,802.0
803.0,316.0
803.0,687.0
803.0,706.0
803.0,721.0
942.0,803.0
969.0,803.0
996.0,803.0
804.0,194.0
804.0,407.0
804.0,621.0
804.0,667.0
804.0,674.0
804.0,697.0
804.0,702.0
804.0,735.0
804.0,753.0
815.0,804.0
853.0,804.0
946.0,804.0
954.0,804.0
805.0,753.0
827.0,805.0
841.0,805.0
851.0,805.0
806.0,765.0
807.0,61.0
807.0,485.0
808.0,807.0
930.0,807.0
958.0,807.0
808.0,418.0
808.0,690.0
808.0,770.0
821.0,808.0
809.0,358.0
809.0,445.0
809.0,514.0
809.0,738.0
953.0,809.0
810.0,156.0
810.0,698.0
810.0,725.0
811.0,69.0
811.0,677.0
811.0,784.0
913.0,811.0
928.0,811.0
953.0,811.0
976.0,811.0
812.0,653.0
812.0,684.0
812.0,727.0
939.0,812.0
967.0,812.0
875.0,813.0
925.0,813.0
971.0,813.0
814.0,107.0
814.0,136.0
814.0,736.0
937.0,814.0
958.0,814.0
968.0,814.0
815.0,279.0
815.0,686.0
847.0,815.0
871.0,815.0
946.0,815.0
816.0,677.0
816.0,797.0
816.0,811.0
817.0,816.0
826.0,816.0
905.0,816.0
817.0,43.0
817.0,196.0
817.0,488.0
817.0,629.0
893.0,817.0
818.0,111.0
818.0,669.0
818.0,683.0
818.0,790.0
868.0,818.0
877.0,818.0
946.0,818.0
819.0,671.0
819.0,728.0
866.0,819.0
953.0,819.0
820.0,675.0
820.0,726.0
959.0,820.0
821.0,52.0
821.0,728.0
862.0,821.0
949.0,821.0
958.0,821.0
822.0,184.0
822.0,665.0
822.0,688.0
822.0,692.0
822.0,712.0
822.0,802.0
907.0,822.0
823.0,185.0
823.0,403.0
823.0,447.0
823.0,463.0
823.0,726.0
823.0,743.0
823.0,817.0
828.0,823.0
853.0,823.0
874.0,823.0
882.0,823.0
992.0,823.0
824.0,662.0
824.0,703.0
831.0,824.0
835.0,824.0
846.0,824.0
884.0,824.0
893.0,824.0
910.0,824.0
932.0,824.0
974.0,824.0
987.0,824.0
825.0,9.0
825.0,205.0
825.0,685.0
825.0,720.0
825.0,790.0
859.0,825.0
826.0,742.0
826.0,776.0
836.0,826.0
883.0,826.0
968.0,826.0
847.0,827.0
828.0,267.0
828.0,800.0
858.0,828.0
913.0,828.0
829.0,48.0
829.0,489.0
829.0,722.0
829.0,732.0
830.0,821.0
831.0,431.0
849.0,831.0
832.0,325.0
832.0,726.0
833.0,476.0
833.0,671.0
991.0,833.0
834.0,326.0
834.0,726.0
945.0,834.0
969.0,834.0
835.0,264.0
888.0,835.0
836.0,675.0
836.0,706.0
836.0,727.0
836.0,763.0
836.0,831.0
898.0,836.0
900.0,836.0
996.0,836.0
837.0,746.0
872.0,837.0
888.0,837.0
838.0,544.0
838.0,744.0
838.0,786.0
855.0,839.0
885.0,839.0
902.0,839.0
959.0,839.0
840.0,14.0
840.0,706.0
840.0,788.0
841.0,140.0
841.0,469.0
841.0,771.0
925.0,841.0
842.0,758.0
842.0,787.0
842.0,806.0
843.0,369.0
843.0,714.0
843.0,749.0
894.0,843.0
844.0,557.0
844.0,586.0
844.0,775.0
845.0,205.0
845.0,281.0
845.0,667.0
845.0,698.0
845.0,749.0
943.0,845.0
983.0,845.0
846.0,590.0
846.0,688.0
846.0,709.0
846.0,839.0
865.0,846.0
897.0,846.0
847.0,492.0
847.0,733.0
917.0,847.0
848.0,784.0
864.0,848.0
907.0,848.0
909.0,848.0
849.0,708.0
849.0,843.0
929.0,849.0
850.0,500.0
850.0,769.0
904.0,850.0
851.0,74.0
851.0,332.0
851.0,587.0
851.0,688.0
851.0,782.0
949.0,851.0
981.0,851.0
852.0,237.0
852.0,402.0
906.0,852.0
853.0,766.0
853.0,777.0
868.0,853.0
943.0,853.0
974.0,853.0
854.0,689.0
854.0,700.0
854.0,751.0
854.0,780.0
854.0,816.0
898.0,854.0
905.0,854.0
910.0,854.0
855.0,411.0
855.0,523.0
855.0,731.0
855.0,788.0
881.0,855.0
941.0,855.0
856.0,505.0
856.0,733.0
856.0,807.0
921.0,856.0
857.0,692.0
857.0,782.0
857.0,822.0
858.0,195.0
858.0,803.0
858.0,819.0
992.0,858.0
859.0,13.0
859.0,431.0
859.0,484.0
859.0,666.0
859.0,690.0
859.0,718.0
859.0,817.0
859.0,838.0
860.0,154.0
860.0,467.0
860.0,500.0
860.0,636.0
860.0,682.0
860.0,792.0
881.0,860.0
861.0,31.0
861.0,242.0
968.0,861.0
862.0,450.0
862.0,622.0
862.0,708.0
862.0,744.0
862.0,773.0
862.0,810.0
908.0,862.0
960.0,862.0
863.0,112.0
863.0,680.0
863.0,682.0
863.0,735.0
863.0,810.0
917.0,863.0
919.0,863.0
864.0,731.0
864.0,737.0
864.0,765.0
864.0,779.0
877.0,864.0
931.0,864.0
865.0,377.0
865.0,817.0
865.0,818.0
967.0,865.0
866.0,0.0
867.0,99.0
867.0,139.0
867.0,779.0
867.0,815.0
871.0,867.0
883.0,867.0
905.0,867.0
964.0,867.0
984.0,867.0
868.0,375.0
868.0,624.0
868.0,701.0
868.0,851.0
868.0,859.0
905.0,868.0
869.0,660.0
869.0,699.0
869.0,796.0
869.0,823.0
937.0,869.0
870.0,66.0
870.0,491.0
870.0,747.0
870.0,812.0
910.0,870.0
966.0,870.0
969.0,870.0
944.0,871.0
872.0,3.0
872.0,843.0
878.0,872.0
888.0,872.0
921.0,872.0
937.0,872.0
966.0,872.0
873.0,217.0
873.0,591.0
966.0,873.0
874.0,642.0
874.0,703.0
874.0,861.0
875.0,291.0
875.0,504.0
875.0,613.0
875.0,679.0
875.0,702.0
875.0,866.0
886.0,875.0
966.0,875.0
997.0,875.0
876.0,150.0
876.0,837.0
876.0,839.0
984.0,876.0
877.0,176.0
877.0,692.0
877.0,868.0
880.0,877.0
992.0,877.0
878.0,718.0
910.0,878.0
879.0,17.0
879.0,47.0
879.0,140.0
879.0,752.0
879.0,761.0
901.0,879.0
908.0,879.0
929.0,879.0
880.0,0.0
880.0,194.0
880.0,320.0
880.0,412.0
880.0,723.0
945.0,880.0
881.0,70.0
881.0,696.0
881.0,807.0
881.0,821.0
881.0,870.0
904.0,881.0
882.0,681.0
882.0,735.0
882.0,784.0
882.0,799.0
882.0,850.0
968.0,882.0
883.0,53.0
883.0,713.0
910.0,883.0
970.0,883.0
884.0,111.0
884.0,197.0
885.0,115.0
885.0,722.0
885.0,725.0
886.0,495.0
886.0,863.0
887.0,683.0
887.0,830.0
887.0,853.0
947.0,887.0
998.0,887.0
888.0,496.0
888.0,736.0
888.0,745.0
888.0,782.0
888.0,807.0
888.0,884.0
969.0,888.0
889.0,166.0
889.0,687.0
889.0,820.0
889.0,841.0
890.0,125.0
890.0,822.0
891.0,152.0
891.0,715.0
891.0,756.0
891.0,777.0
891.0,829.0
891.0,860.0
956.0,891.0
892.0,502.0
892.0,550.0
892.0,594.0
892.0,690.0
892.0,732.0
960.0,892.0
893.0,10.0
893.0,841.0
894.0,806.0
918.0,894.0
976.0,894.0
895.0,319.0
895.0,683.0
895.0,755.0
895.0,858.0
896.0,66.0
896.0,327.0
896.0,380.0
896.0,826.0
896.0,867.0
897.0,698.0
897.0,699.0
897.0,713.0
898.0,823.0
899.0,737.0
899.0,740.0
899.0,765.0
899.0,814.0
899.0,820.0
976.0,899.0
900.0,66.0
900.0,121.0
900.0,692.0
900.0,696.0
900.0,716.0
900.0,722.0
900.0,865.0
989.0,900.0
901.0,0.0
901.0,681.0
901.0,697.0
901.0,796.0
901.0,849.0
902.0,24.0
902.0,737.0
902.0,763.0
902.0,863.0
929.0,902.0
938.0,902.0
967.0,902.0
976.0,902.0
903.0,449.0
903.0,535.0
903.0,758.0
903.0,827.0
945.0,903.0
965.0,903.0
989.0,903.0
904.0,88.0
905.0,843.0
905.0,861.0
917.0,905.0
931.0,905.0
906.0,681.0
906.0,727.0
906.0,745.0
927.0,906.0
907.0,281.0
907.0,757.0
908.0,276.0
909.0,784.0
909.0,811.0
962.0,909.0
910.0,343.0
910.0,511.0
910.0,710.0
910.0,713.0
910.0,738.0
910.0,827.0
911.0,255.0
911.0,754.0
911.0,765.0
911.0,847.0
911.0,910.0
991.0,911.0
912.0,31.0
912.0,489.0
912.0,703.0
912.0,756.0
912.0,804.0
912.0,832.0
949.0,912.0
993.0,912.0
913.0,621.0
913.0,677.0
913.0,686.0
913.0,768.0
971.0,913.0
914.0,251.0
914.0,674.0
914.0,894.0
944.0,914.0
915.0,26.0
915.0,788.0
915.0,845.0
915.0,853.0
916.0,658.0
916.0,745.0
916.0,843.0
917.0,210.0
917.0,370.0
917.0,573.0
917.0,825.0
975.0,917.0
918.0,44.0
918.0,662.0
918.0,873.0
984.0,918.0
919.0,408.0
919.0,713.0
919.0,786.0
919.0,836.0
919.0,844.0
949.0,919.0
920.0,452.0
920.0,783.0
920.0,806.0
920.0,903.0
926.0,920.0
921.0,193.0
921.0,667.0
939.0,921.0
922.0,216.0
922.0,693.0
922.0,694.0
922.0,808.0
922.0,850.0
975.0,922.0
984.0,922.0
923.0,663.0
923.0,674.0
923.0,766.0
923.0,819.0
923.0,910.0
964.0,923.0
975.0,923.0
924.0,237.0
924.0,259.0
924.0,553.0
924.0,728.0
924.0,912.0
950.0,924.0
982.0,924.0
925.0,737.0
926.0,521.0
926.0,801.0
926.0,885.0
926.0,897.0
927.0,707.0
927.0,748.0
927.0,774.0
927.0,834.0
928.0,164.0
928.0,758.0
928.0,864.0
928.0,873.0
947.0,928.0
929.0,615.0
929.0,895.0
931.0,929.0
930.0,193.0
930.0,671.0
930.0,880.0
930.0,898.0
931.0,764.0
931.0,772.0
931.0,795.0
983.0,931.0
997.0,931.0
932.0,0.0
933.0,678.0
933.0,717.0
933.0,743.0
933.0,822.0
961.0,933.0
934.0,467.0
934.0,527.0
934.0,649.0
934.0,702.0
934.0,849.0
934.0,854.0
934.0,856.0
934.0,920.0
934.0,924.0
934.0,930.0
993.0,934.0
935.0,168.0
935.0,289.0
935.0,719.0
935.0,739.0
935.0,749.0
935.0,851.0
936.0,935.0
936.0,462.0
936.0,803.0
936.0,907.0
936.0,915.0
957.0,936.0
937.0,105.0
937.0,661.0
937.0,790.0
937.0,899.0
938.0,546.0
938.0,770.0
938.0,895.0
939.0,82.0
939.0,290.0
939.0,679.0
939.0,691.0
939.0,698.0
939.0,720.0
939.0,836.0
997.0,939.0
940.0,755.0
940.0,921.0
941.0,312.0
941.0,424.0
941.0,560.0
941.0,749.0
941.0,873.0
945.0,941.0
942.0,832.0
942.0,925.0
993.0,942.0
943.0,698.0
943.0,700.0
943.0,866.0
944.0,434.0
944.0,453.0
944.0,724.0
944.0,755.0
944.0,837.0
945.0,165.0
945.0,417.0
945.0,509.0
945.0,664.0
945.0,668.0
945.0,703.0
945.0,726.0
945.0,757.0
945.0,784.0
945.0,925.0
990.0,945.0
946.0,293.0
946.0,328.0
946.0,826.0
946.0,909.0
947.0,258.0
947.0,312.0
947.0,701.0
947.0,741.0
947.0,832.0
947.0,842.0
947.0,932.0
979.0,947.0
948.0,421.0
948.0,673.0
948.0,735.0
948.0,927.0
949.0,46.0
949.0,105.0
949.0,797.0
949.0,859.0
971.0,949.0
950.0,325.0
950.0,419.0
950.0,424.0
950.0,764.0
950.0,814.0
950.0,854.0
950.0,865.0
950.0,936.0
996.0,950.0
951.0,100.0
951.0,144.0
951.0,237.0
951.0,383.0
951.0,822.0
951.0,846.0
951.0,861.0
951.0,904.0
957.0,951.0
952.0,471.0
952.0,880.0
952.0,896.0
952.0,916.0
952.0,949.0
960.0,952.0
953.0,727.0
953.0,888.0
953.0,891.0
953.0,915.0
954.0,361.0
954.0,668.0
954.0,723.0
954.0,840.0
955.0,298.0
955.0,675.0
955.0,903.0
955.0,912.0
956.0,156.0
956.0,181.0
956.0,745.0
956.0,770.0
956.0,802.0
956.0,819.0
956.0,853.0
956.0,865.0
957.0,517.0
957.0,694.0
957.0,831.0
958.0,123.0
958.0,544.0
958.0,679.0
958.0,896.0
959.0,628.0
959.0,685.0
959.0,760.0
959.0,848.0
959.0,902.0
979.0,959.0
980.0,959.0
960.0,407.0
960.0,702.0
960.0,706.0
960.0,729.0
960.0,905.0
985.0,960.0
961.0,208.0
961.0,317.0
961.0,672.0
961.0,723.0
961.0,750.0
961.0,777.0
961.0,794.0
961.0,814.0
967.0,961.0
962.0,701.0
962.0,740.0
962.0,893.0
962.0,956.0
963.0,941.0
964.0,688.0
964.0,777.0
964.0,951.0
965.0,126.0
965.0,730.0
965.0,751.0
965.0,872.0
971.0,965.0
966.0,833.0
966.0,887.0
967.0,585.0
967.0,883.0
968.0,715.0
968.0,766.0
968.0,785.0
968.0,792.0
968.0,905.0
968.0,967.0
969.0,784.0
969.0,861.0
969.0,903.0
969.0,942.0
970.0,31.0
970.0,406.0
970.0,602.0
970.0,799.0
970.0,808.0
971.0,653.0
971.0,692.0
971.0,788.0
971.0,900.0
971.0,920.0
972.0,789.0
972.0,945.0
973.0,334.0
973.0,351.0
973.0,591.0
973.0,685.0
973.0,782.0
973.0,813.0
973.0,882.0
973.0,918.0
974.0,133.0
974.0,669.0
974.0,674.0
974.0,700.0
974.0,801.0
974.0,891.0
974.0,923.0
974.0,972.0
975.0,783.0
975.0,849.0
976.0,94.0
976.0,783.0
976.0,851.0
976.0,940.0
977.0,508.0
977.0,610.0
977.0,857.0
984.0,977.0
978.0,356.0
979.0,184.0
979.0,670.0
979.0,699.0
979.0,724.0
979.0,768.0
979.0,808.0
980.0,441.0
980.0,694.0
980.0,725.0
980.0,766.0
980.0,838.0
980.0,978.0
985.0,980.0
981.0,513.0
981.0,539.0
981.0,827.0
981.0,869.0
982.0,665.0
982.0,819.0
992.0,982.0
983.0,23.0
983.0,786.0
983.0,809.0
983.0,853.0
983.0,854.0
983.0,857.0
983.0,861.0
984.0,115.0
984.0,812.0
984.0,878.0
984.0,886.0
984.0,942.0
985.0,42.0
985.0,182.0
985.0,397.0
985.0,701.0
985.0,862.0
996.0,985.0
986.0,324.0
986.0,378.0
986.0,685.0
986.0,787.0
986.0,837.0
986.0,876.0
986.0,951.0
986.0,952.0
987.0,462.0
987.0,700.0
987.0,705.0
987.0,830.0
988.0,429.0
988.0,700.0
988.0,843.0
988.0,845.0
998.0,988.0
989.0,76.0
989.0,744.0
989.0,873.0
989.0,917.0
989.0,962.0
990.0,790.0
990.0,936.0
991.0,196.0
991.0,469.0
991.0,537.0
991.0,648.0
991.0,699.0
991.0,785.0
992.0,873.0
992.0,891.0
993.0,622.0
993.0,783.0
993.0,834.0
993.0,882.0
993.0,895.0
993.0,906.0
993.0,941.0
994.0,587.0
994.0,753.0
994.0,920.0
994.0,947.0
994.0,958.0
994.0,980.0
995.0,453.0
995.0,747.0
995.0,835.0
996.0,55.0
996.0,211.0
996.0,526.0
996.0,719.0
996.0,851.0
996.0,856.0
996.0,879.0
996.0,897.0
996.0,946.0
996.0,992.0
997.0,795.0
997.0,842.0
997.0,889.0
997.0,898.0
997.0,984.0
998.0,712.0
998.0,777.0
998.0,842.0
998.0,843.0
998.0,849.0
998.0,940.0
999.0,26.0
999.0,138.0
999.0,347.0
999.0,869.0
0.0,63.0
0.0,130.0
0.0,176.0
0.0,212.0
0.0,223.0
0.0,310.0
0.0,723.0
0.0,859.0
1.0,48.0
1.0,189.0
1.0,371.0
1.0,998.0
2.0,4.0
2.0,37.0
2.0,84.0
2.0,174.0
2.0,201.0
2.0,933.0
3.0,47.0
3.0,111.0
3.0,124.0
3.0,127.0
3.0,172.0
3.0,218.0
3.0,254.0
3.0,315.0
3.0,583.0
3.0,635.0
3.0,748.0
3.0,928.0
4.0,165.0
4.0,215.0
4.0,280.0
4.0,303.0
4.0,304.0
4.0,791.0
5.0,435.0
5.0,757.0
6.0,71.0
6.0,306.0
6.0,664.0
7.0,13.0
7.0,628.0
7.0,667.0
7.0,953.0
8.0,227.0
8.0,985.0
9.0,130.0
9.0,300.0
9.0,547.0
9.0,719.0
10.0,25.0
10.0,203.0
10.0,216.0
10.0,647.0
10.0,787.0
11.0,207.0
11.0,266.0
12.0,53.0
12.0,694.0
13.0,81.0
13.0,104.0
13.0,176.0
13.0,265.0
14.0,20.0
14.0,23.0
14.0,169.0
14.0,189.0
14.0,566.0
14.0,776.0
15.0,36.0
15.0,74.0
15.0,235.0
15.0,257.0
15.0,289.0
15.0,304.0
15.0,512.0
16.0,303.0
17.0,146.0
17.0,199.0
17.0,259.0
18.0,23.0
18.0,27.0
18.0,81.0
18.0,166.0
18.0,245.0
3.0,19.0
19.0,21.0
19.0,313.0
19.0,349.0
19.0,468.0
20.0,95.0
20.0,313.0
20.0,327.0
21.0,29.0
21.0,54.0
21.0,145.0
21.0,188.0
22.0,60.0
22.0,125.0
22.0,252.0
22.0,284.0
23.0,41.0
23.0,301.0
23.0,310.0
23.0,334.0
23.0,629.0
24.0,170.0
24.0,204.0
24.0,277.0
25.0,95.0
25.0,150.0
25.0,160.0
25.0,172.0
25.0,241.0
25.0,247.0
25.0,287.0
25.0,303.0
25.0,760.0
26.0,49.0
26.0,112.0
26.0,252.0
26.0,269.0
27.0,171.0
27.0,802.0
21.0,28.0
28.0,84.0
28.0,218.0
28.0,324.0
29.0,89.0
29.0,95.0
29.0,118.0
29.0,176.0
29.0,336.0
18.0,30.0
27.0,30.0
30.0,57.0
30.0,60.0
30.0,161.0
30.0,239.0
30.0,265.0
30.0,401.0
30.0,484.0
30.0,487.0
30.0,696.0
30.0,713.0
15.0,31.0
20.0,31.0
31.0,123.0
31.0,814.0
32.0,64.0
32.0,66.0
32.0,70.0
32.0,84.0
32.0,100.0
32.0,156.0
32.0,162.0
32.0,306.0
32.0,597.0
3.0,33.0
33.0,44.0
33.0,124.0
33.0,235.0
33.0,285.0
33.0,500.0
33.0,819.0
33.0,906.0
33.0,999.0
34.0,104.0
34.0,250.0
35.0,71.0
35.0,84.0
35.0,140.0
35.0,189.0
35.0,235.0
35.0,357.0
36.0,108.0
36.0,253.0
36.0,311.0
36.0,312.0
37.0,265.0
37.0,503.0
37.0,603.0
38.0,60.0
38.0,106.0
38.0,197.0
38.0,204.0
38.0,981.0
39.0,191.0
39.0,263.0
39.0,292.0
39.0,294.0
39.0,317.0
19.0,40.0
40.0,60.0
40.0,69.0
40.0,132.0
40.0,212.0
40.0,245.0
40.0,259.0
40.0,617.0
40.0,901.0
41.0,111.0
41.0,150.0
41.0,216.0
41.0,854.0
42.0,90.0
42.0,132.0
42.0,155.0
42.0,188.0
42.0,224.0
42.0,277.0
42.0,322.0
43.0,91.0
43.0,220.0
43.0,247.0
43.0,313.0
43.0,331.0
43.0,333.0
43.0,754.0
44.0,138.0
44.0,296.0
44.0,481.0
44.0,893.0
9.0,45.0
45.0,165.0
45.0,267.0
45.0,314.0
45.0,516.0
45.0,665.0
46.0,67.0
46.0,189.0
46.0,196.0
46.0,211.0
46.0,221.0
46.0,298.0
46.0,441.0
34.0,47.0
47.0,257.0
47.0,282.0
47.0,575.0
48.0,49.0
48.0,105.0
48.0,134.0
48.0,191.0
48.0,211.0
48.0,330.0
48.0,496.0
49.0,63.0
49.0,101.0
49.0,240.0
49.0,262.0
49.0,875.0
50.0,106.0
50.0,150.0
50.0,299.0
51.0,96.0
51.0,104.0
51.0,191.0
51.0,193.0
51.0,999.0
50.0,52.0
52.0,53.0
52.0,107.0
53.0,236.0
53.0,270.0
53.0,282.0
53.0,307.0
53.0,642.0
54.0,121.0
54.0,168.0
54.0,206.0
54.0,254.0
54.0,675.0
55.0,237.0
55.0,244.0
15.0,56.0
56.0,180.0
56.0,306.0
57.0,79.0
57.0,82.0
57.0,130.0
57.0,435.0
41.0,58.0
58.0,87.0
58.0,561.0
58.0,764.0
31.0,59.0
41.0,59.0
59.0,60.0
59.0,486.0
60.0,62.0
60.0,258.0
60.0,367.0
10.0,61.0
61.0,176.0
61.0,238.0
61.0,355.0
62.0,118.0
62.0,193.0
62.0,306.0
62.0,321.0
62.0,328.0
62.0,792.0
18.0,63.0
63.0,95.0
63.0,179.0
63.0,185.0
63.0,316.0
63.0,631.0
63.0,962.0
45.0,64.0
64.0,139.0
64.0,165.0
64.0,323.0
16.0,65.0
65.0,71.0
65.0,227.0
65.0,278.0
65.0,935.0
66.0,146.0
66.0,262.0
67.0,68.0
67.0,153.0
67.0,205.0
67.0,302.0
67.0,591.0
67.0,857.0
8.0,68.0
68.0,185.0
68.0,222.0
68.0,252.0
68.0,452.0
68.0,491.0
59.0,69.0
69.0,127.0
69.0,132.0
69.0,219.0
69.0,223.0
69.0,311.0
69.0,572.0
69.0,991.0
66.0,70.0
70.0,173.0
70.0,293.0
70.0,315.0
70.0,323.0
70.0,333.0
70.0,849.0
70.0,974.0
71.0,183.0
71.0,217.0
71.0,218.0
72.0,272.0
72.0,371.0
72.0,479.0
40.0,73.0
73.0,417.0
73.0,550.0
74.0,117.0
74.0,218.0
74.0,259.0
74.0,280.0
74.0,293.0
74.0,320.0
74.0,440.0
74.0,626.0
75.0,86.0
75.0,213.0
75.0,229.0
75.0,761.0
36.0,76.0
76.0,145.0
76.0,253.0
76.0,255.0
76.0,276.0
76.0,290.0
76.0,782.0
76.0,866.0
76.0,984.0
36.0,77.0
77.0,147.0
77.0,165.0
77.0,191.0
77.0,248.0
77.0,317.0
77.0,320.0
32.0,78.0
78.0,88.0
78.0,118.0
78.0,120.0
78.0,226.0
18.0,79.0
41.0,79.0
79.0,156.0
79.0,323.0
79.0,920.0
35.0,80.0
52.0,80.0
80.0,173.0
80.0,519.0
81.0,106.0
81.0,247.0
81.0,270.0
81.0,273.0
81.0,278.0
76.0,82.0
82.0,163.0
82.0,331.0
13.0,83.0
83.0,119.0
83.0,177.0
83.0,208.0
83.0,240.0
83.0,298.0
83.0,608.0
83.0,714.0
38.0,84.0
50.0,84.0
84.0,124.0
84.0,263.0
84.0,298.0
84.0,957.0
47.0,85.0
85.0,230.0
85.0,232.0
85.0,321.0
85.0,589.0
85.0,683.0
85.0,824.0
85.0,848.0
0.0,86.0
86.0,105.0
86.0,190.0
86.0,222.0
86.0,717.0
45.0,87.0
87.0,146.0
87.0,182.0
87.0,201.0
87.0,202.0
87.0,262.0
87.0,263.0
87.0,856.0
23.0,88.0
68.0,88.0
88.0,124.0
88.0,159.0
88.0,180.0
88.0,203.0
88.0,271.0
61.0,89.0
89.0,97.0
89.0,150.0
89.0,203.0
89.0,233.0
14.0,90.0
90.0,146.0
90.0,151.0
90.0,388.0
90.0,420.0
90.0,661.0
90.0,872.0
91.0,96.0
91.0,178.0
85.0,92.0
92.0,216.0
92.0,326.0
93.0,94.0
93.0,109.0
93.0,297.0
93.0,303.0
93.0,309.0
93.0,606.0
94.0,314.0
94.0,318.0
94.0,507.0
94.0,510.0
4.0,95.0
56.0,95.0
95.0,244.0
95.0,277.0
95.0,772.0
29.0,96.0
96.0,937.0
60.0,97.0
97.0,848.0
98.0,116.0
98.0,967.0
99.0,216.0
99.0,264.0
99.0,549.0
28.0,100.0
98.0,100.0
100.0,249.0
100.0,267.0
100.0,298.0
100.0,415.0
100.0,686.0
40.0,101.0
94.0,101.0
101.0,110.0
101.0,224.0
101.0,280.0
101.0,641.0
101.0,859.0
56.0,102.0
71.0,102.0
85.0,102.0
97.0,102.0
102.0,132.0
102.0,317.0
102.0,318.0
102.0,366.0
102.0,473.0
102.0,579.0
102.0,605.0
102.0,936.0
28.0,103.0
84.0,103.0
103.0,450.0
103.0,881.0
104.0,151.0
105.0,142.0
105.0,191.0
105.0,249.0
105.0,311.0
105.0,320.0
14.0,106.0
106.0,116.0
106.0,189.0
107.0,134.0
107.0,251.0
107.0,265.0
107.0,484.0
108.0,111.0
108.0,157.0
108.0,177.0
108.0,190.0
108.0,237.0
108.0,485.0
108.0,695.0
73.0,109.0
82.0,109.0
109.0,116.0
109.0,171.0
109.0,215.0
109.0,316.0
9.0,110.0
110.0,181.0
110.0,973.0
53.0,111.0
81.0,111.0
84.0,111.0
111.0,161.0
111.0,166.0
111.0,294.0
111.0,303.0
111.0,378.0
111.0,385.0
111.0,395.0
15.0,112.0
112.0,460.0
112.0,865.0
12.0,113.0
113.0,187.0
113.0,204.0
113.0,431.0
1.0,114.0
16.0,114.0
55.0,114.0
114.0,160.0
114.0,198.0
114.0,241.0
114.0,244.0
114.0,370.0
114.0,378.0
114.0,576.0
12.0,115.0
112.0,115.0
115.0,136.0
115.0,255.0
115.0,331.0
115.0,399.0
115.0,609.0
28.0,116.0
116.0,138.0
116.0,254.0
116.0,270.0
97.0,117.0
113.0,118.0
118.0,174.0
118.0,351.0
119.0,279.0
119.0,621.0
119.0,992.0
32.0,120.0
44.0,120.0
55.0,120.0
84.0,120.0
120.0,209.0
61.0,121.0
121.0,239.0
121.0,283.0
122.0,451.0
122.0,866.0
122.0,917.0
123.0,182.0
123.0,243.0
123.0,270.0
123.0,294.0
123.0,331.0
49.0,124.0
55.0,124.0
124.0,149.0
124.0,593.0
125.0,150.0
125.0,165.0
125.0,172.0
125.0,240.0
124.0,126.0
126.0,197.0
126.0,205.0
126.0,321.0
106.0,127.0
127.0,218.0
127.0,282.0
127.0,727.0
127.0,936.0
128.0,284.0
128.0,456.0
38.0,129.0
129.0,208.0
129.0,297.0
29.0,130.0
62.0,130.0
130.0,180.0
130.0,230.0
130.0,302.0
130.0,307.0
130.0,319.0
9.0,131.0
62.0,131.0
131.0,185.0
131.0,230.0
4.0,132.0
132.0,192.0
36.0,133.0
63.0,133.0
87.0,133.0
133.0,134.0
133.0,227.0
133.0,749.0
133.0,880.0
134.0,422.0
122.0,135.0
135.0,140.0
135.0,149.0
135.0,222.0
135.0,264.0
135.0,479.0
55.0,136.0
136.0,153.0
136.0,243.0
136.0,331.0
23.0,137.0
48.0,137.0
54.0,137.0
86.0,137.0
137.0,608.0
0.0,138.0
90.0,138.0
138.0,329.0
139.0,213.0
139.0,319.0
11.0,140.0
61.0,140.0
140.0,273.0
140.0,294.0
140.0,985.0
123.0,141.0
141.0,276.0
141.0,658.0
15.0,142.0
60.0,142.0
79.0,142.0
142.0,159.0
142.0,209.0
142.0,652.0
143.0,192.0
143.0,202.0
143.0,222.0
143.0,277.0
143.0,301.0
143.0,325.0
143.0,820.0
84.0,144.0
89.0,144.0
109.0,144.0
133.0,144.0
144.0,194.0
144.0,254.0
144.0,321.0
19.0,145.0
41.0,145.0
102.0,145.0
117.0,145.0
132.0,145.0
145.0,198.0
145.0,249.0
145.0,695.0
145.0,807.0
145.0,947.0
41.0,146.0
146.0,181.0
146.0,245.0
40.0,147.0
145.0,147.0
147.0,217.0
148.0,162.0
148.0,238.0
8.0,149.0
91.0,149.0
117.0,149.0
119.0,149.0
149.0,208.0
149.0,212.0
149.0,274.0
149.0,292.0
149.0,305.0
98.0,150.0
150.0,276.0
150.0,517.0
150.0,958.0
56.0,151.0
135.0,151.0
151.0,228.0
151.0,568.0
151.0,152.0
126.0,153.0
137.0,153.0
153.0,177.0
153.0,244.0
153.0,286.0
36.0,154.0
49.0,154.0
109.0,154.0
110.0,154.0
154.0,208.0
154.0,456.0
82.0,155.0
90.0,155.0
141.0,155.0
151.0,155.0
155.0,230.0
0.0,156.0
157.0,292.0
157.0,301.0
157.0,475.0
157.0,726.0
157.0,791.0
157.0,813.0
157.0,848.0
21.0,158.0
76.0,158.0
158.0,269.0
158.0,500.0
158.0,882.0
29.0,159.0
159.0,179.0
159.0,239.0
159.0,590.0
159.0,611.0
23.0,160.0
39.0,160.0
58.0,160.0
148.0,160.0
160.0,168.0
160.0,185.0
160.0,236.0
160.0,301.0
160.0,326.0
109.0,161.0
161.0,207.0
161.0,242.0
161.0,282.0
161.0,502.0
85.0,162.0
162.0,169.0
162.0,218.0
162.0,251.0
162.0,360.0
162.0,699.0
162.0,854.0
0.0,163.0
163.0,331.0
163.0,475.0
0.0,164.0
140.0,164.0
164.0,480.0
164.0,489.0
164.0,868.0
34.0,165.0
56.0,165.0
81.0,165.0
165.0,170.0
165.0,241.0
165.0,521.0
165.0,705.0
22.0,166.0
63.0,166.0
166.0,265.0
166.0,306.0
166.0,317.0
166.0,736.0
37.0,167.0
71.0,167.0
167.0,357.0
0.0,168.0
96.0,169.0
169.0,173.0
169.0,189.0
169.0,208.0
169.0,210.0
169.0,510.0
94.0,170.0
96.0,170.0
151.0,170.0
170.0,246.0
170.0,716.0
170.0,725.0
170.0,825.0
21.0,171.0
121.0,171.0
159.0,171.0
171.0,175.0
171.0,221.0
171.0,349.0
171.0,832.0
17.0,172.0
55.0,172.0
148.0,172.0
172.0,177.0
172.0,213.0
172.0,250.0
172.0,305.0
172.0,307.0
172.0,332.0
172.0,938.0
39.0,173.0
92.0,173.0
173.0,271.0
50.0,174.0
55.0,174.0
61.0,174.0
174.0,325.0
174.0,640.0
77.0,175.0
89.0,175.0
161.0,175.0
175.0,231.0
175.0,331.0
175.0,840.0
15.0,176.0
38.0,176.0
72.0,176.0
176.0,225.0
176.0,318.0
176.0,411.0
116.0,177.0
177.0,279.0
177.0,340.0
177.0,828.0
177.0,835.0
30.0,178.0
117.0,178.0
144.0,178.0
172.0,178.0
178.0,327.0
178.0,944.0
130.0,179.0
179.0,276.0
179.0,326.0
179.0,576.0
42.0,180.0
124.0,180.0
180.0,187.0
180.0,312.0
180.0,501.0
180.0,753.0
180.0,928.0
0.0,181.0
181.0,187.0
181.0,287.0
181.0,866.0
43.0,182.0
181.0,182.0
40.0,183.0
74.0,183.0
176.0,183.0
183.0,244.0
52.0,184.0
72.0,184.0
80.0,184.0
184.0,199.0
184.0,211.0
184.0,212.0
184.0,589.0
45.0,185.0
49.0,185.0
93.0,185.0
95.0,185.0
161.0,185.0
185.0,917.0
45.0,186.0
186.0,223.0
186.0,230.0
186.0,290.0
186.0,414.0
186.0,592.0
186.0,652.0
186.0,830.0
101.0,187.0
113.0,187.0
159.0,187.0
187.0,292.0
187.0,855.0
65.0,188.0
188.0,190.0
188.0,965.0
188.0,966.0
189.0,225.0
189.0,245.0
189.0,554.0
189.0,581.0
189.0,645.0
189.0,759.0
189.0,931.0
121.0,190.0
132.0,190.0
190.0,323.0
190.0,422.0
190.0,854.0
191.0,240.0
2.0,192.0
59.0,192.0
170.0,192.0
192.0,580.0
118.0,193.0
193.0,707.0
26.0,194.0
48.0,194.0
124.0,194.0
158.0,194.0
194.0,209.0
194.0,264.0
194.0,327.0
194.0,400.0
194.0,682.0
109.0,195.0
161.0,195.0
195.0,215.0
195.0,314.0
195.0,316.0
195.0,320.0
195.0,736.0
65.0,196.0
196.0,423.0
31.0,197.0
35.0,197.0
101.0,197.0
179.0,197.0
197.0,223.0
197.0,272.0
197.0,516.0
65.0,198.0
133.0,198.0
198.0,294.0
111.0,199.0
199.0,223.0
199.0,226.0
199.0,260.0
199.0,282.0
199.0,402.0
199.0,592.0
41.0,200.0
200.0,308.0
137.0,201.0
194.0,201.0
201.0,275.0
201.0,327.0
201.0,516.0
201.0,562.0
201.0,645.0
201.0,933.0
201.0,976.0
61.0,202.0
62.0,202.0
174.0,202.0
189.0,202.0
202.0,467.0
202.0,889.0
71.0,203.0
88.0,203.0
196.0,203.0
201.0,203.0
203.0,230.0
66.0,204.0
204.0,244.0
204.0,355.0
27.0,205.0
51.0,205.0
205.0,264.0
205.0,270.0
205.0,402.0
110.0,206.0
113.0,206.0
115.0,206.0
174.0,206.0
206.0,290.0
206.0,292.0
206.0,372.0
206.0,917.0
3.0,207.0
51.0,207.0
60.0,207.0
63.0,207.0
66.0,207.0
207.0,246.0
207.0,529.0
12.0,208.0
34.0,208.0
63.0,208.0
154.0,208.0
208.0,267.0
208.0,681.0
208.0,977.0
15.0,209.0
105.0,209.0
209.0,216.0
209.0,218.0
209.0,316.0
209.0,319.0
209.0,669.0
35.0,210.0
39.0,210.0
120.0,210.0
210.0,495.0
210.0,687.0
10.0,211.0
31.0,211.0
65.0,211.0
106.0,211.0
211.0,212.0
211.0,227.0
211.0,292.0
211.0,563.0
211.0,678.0
211.0,840.0
207.0,212.0
212.0,577.0
204.0,213.0
213.0,460.0
213.0,821.0
213.0,829.0
13.0,214.0
158.0,214.0
97.0,215.0
118.0,215.0
198.0,215.0
215.0,216.0
215.0,219.0
215.0,954.0
117.0,216.0
216.0,295.0
216.0,650.0
34.0,217.0
102.0,217.0
158.0,217.0
184.0,217.0
217.0,496.0
29.0,218.0
48.0,218.0
218.0,311.0
101.0,219.0
219.0,329.0
219.0,836.0
12.0,220.0
25.0,220.0
193.0,220.0
220.0,254.0
220.0,255.0
220.0,590.0
220.0,612.0
220.0,815.0
220.0,872.0
220.0,916.0
119.0,221.0
142.0,221.0
162.0,221.0
186.0,221.0
193.0,221.0
221.0,313.0
221.0,893.0
102.0,222.0
176.0,222.0
222.0,260.0
222.0,564.0
222.0,789.0
12.0,223.0
157.0,223.0
172.0,223.0
223.0,278.0
223.0,845.0
38.0,224.0
99.0,224.0
163.0,224.0
179.0,224.0
208.0,224.0
224.0,236.0
224.0,279.0
224.0,291.0
224.0,967.0
143.0,225.0
190.0,225.0
225.0,261.0
225.0,977.0
102.0,226.0
226.0,234.0
226.0,249.0
226.0,291.0
109.0,227.0
227.0,287.0
227.0,299.0
227.0,447.0
227.0,488.0
227.0,648.0
227.0,883.0
42.0,228.0
228.0,264.0
228.0,271.0
228.0,553.0
228.0,981.0
125.0,229.0
183.0,229.0
216.0,229.0
229.0,482.0
52.0,230.0
79.0,230.0
99.0,231.0
106.0,231.0
231.0,534.0
231.0,990.0
231.0,999.0
56.0,232.0
76.0,232.0
98.0,232.0
146.0,232.0
147.0,232.0
156.0,232.0
232.0,269.0
232.0,320.0
53.0,233.0
54.0,233.0
233.0,244.0
233.0,274.0
233.0,596.0
233.0,798.0
138.0,234.0
234.0,341.0
234.0,376.0
35.0,235.0
235.0,260.0
10.0,236.0
134.0,236.0
236.0,308.0
236.0,580.0
236.0,889.0
142.0,237.0
174.0,237.0
237.0,545.0
51.0,238.0
177.0,238.0
238.0,282.0
238.0,283.0
238.0,690.0
93.0,239.0
164.0,239.0
4.0,240.0
240.0,308.0
240.0,327.0
240.0,479.0
240.0,995.0
81.0,241.0
227.0,241.0
241.0,638.0
241.0,888.0
242.0,281.0
242.0,432.0
242.0,527.0
21.0,243.0
154.0,243.0
208.0,243.0
243.0,253.0
243.0,311.0
243.0,519.0
243.0,903.0
151.0,244.0
0.0,245.0
1.0,246.0
72.0,246.0
164.0,246.0
200.0,246.0
234.0,246.0
246.0,281.0
246.0,494.0
38.0,247.0
182.0,247.0
211.0,247.0
247.0,306.0
247.0,314.0
36.0,248.0
235.0,248.0
244.0,248.0
248.0,666.0
8.0,249.0
55.0,249.0
98.0,249.0
126.0,249.0
181.0,249.0
249.0,295.0
249.0,321.0
249.0,630.0
249.0,648.0
249.0,904.0
15.0,250.0
107.0,250.0
250.0,257.0
250.0,328.0
250.0,659.0
250.0,780.0
250.0,781.0
92.0,251.0
63.0,252.0
78.0,252.0
176.0,252.0
252.0,261.0
252.0,303.0
252.0,550.0
252.0,564.0
252.0,842.0
252.0,920.0
253.0,292.0
253.0,326.0
253.0,757.0
29.0,254.0
65.0,254.0
254.0,984.0
60.0,255.0
67.0,255.0
143.0,255.0
255.0,285.0
255.0,679.0
255.0,977.0
256.0,264.0
256.0,775.0
14.0,257.0
223.0,257.0
257.0,788.0
47.0,258.0
98.0,258.0
222.0,258.0
258.0,597.0
24.0,259.0
146.0,259.0
187.0,259.0
67.0,260.0
260.0,302.0
260.0,702.0
4.0,261.0
125.0,261.0
189.0,261.0
208.0,261.0
226.0,261.0
237.0,261.0
261.0,323.0
261.0,628.0
261.0,868.0
125.0,262.0
133.0,262.0
262.0,560.0
13.0,263.0
77.0,263.0
85.0,263.0
119.0,263.0
263.0,887.0
192.0,264.0
207.0,264.0
211.0,264.0
264.0,326.0
10.0,265.0
208.0,265.0
265.0,366.0
5.0,266.0
266.0,967.0
47.0,267.0
56.0,267.0
116.0,267.0
142.0,267.0
168.0,267.0
267.0,703.0
267.0,759.0
23.0,268.0
44.0,268.0
259.0,268.0
268.0,306.0
7.0,269.0
269.0,299.0
29.0,270.0
48.0,270.0
66.0,270.0
74.0,270.0
103.0,270.0
176.0,270.0
177.0,270.0
237.0,270.0
241.0,270.0
270.0,316.0
270.0,325.0
270.0,329.0
270.0,868.0
32.0,271.0
55.0,271.0
197.0,271.0
219.0,271.0
225.0,271.0
271.0,913.0
17.0,272.0
272.0,478.0
110.0,273.0
82.0,274.0
94.0,274.0
228.0,274.0
274.0,286.0
274.0,287.0
274.0,297.0
274.0,319.0
274.0,329.0
274.0,399.0
274.0,753.0
71.0,275.0
121.0,275.0
182.0,275.0
235.0,275.0
275.0,303.0
275.0,535.0
275.0,960.0
63.0,276.0
121.0,277.0
234.0,277.0
265.0,277.0
277.0,297.0
277.0,479.0
277.0,975.0
7.0,278.0
278.0,326.0
170.0,279.0
279.0,309.0
24.0,280.0
216.0,280.0
264.0,280.0
280.0,710.0
280.0,876.0
38.0,281.0
103.0,281.0
227.0,281.0
281.0,306.0
281.0,317.0
281.0,324.0
281.0,385.0
281.0,856.0
282.0,307.0
282.0,452.0
282.0,564.0
282.0,624.0
177.0,283.0
196.0,283.0
283.0,458.0
110.0,284.0
182.0,284.0
284.0,285.0
284.0,303.0
284.0,317.0
284.0,322.0
284.0,567.0
284.0,779.0
63.0,285.0
97.0,285.0
147.0,285.0
230.0,285.0
245.0,285.0
272.0,285.0
285.0,355.0
142.0,286.0
286.0,290.0
286.0,299.0
286.0,309.0
286.0,328.0
286.0,394.0
76.0,287.0
112.0,287.0
252.0,287.0
287.0,381.0
287.0,547.0
18.0,288.0
57.0,288.0
70.0,288.0
72.0,288.0
288.0,328.0
61.0,289.0
124.0,289.0
164.0,289.0
259.0,289.0
289.0,586.0
289.0,673.0
289.0,942.0
192.0,290.0
290.0,315.0
82.0,291.0
161.0,291.0
291.0,339.0
291.0,811.0
73.0,292.0
87.0,292.0
184.0,292.0
248.0,292.0
292.0,594.0
292.0,994.0
74.0,293.0
151.0,293.0
176.0,293.0
267.0,293.0
276.0,293.0
293.0,321.0
293.0,836.0
293.0,993.0
140.0,294.0
228.0,294.0
294.0,311.0
11.0,295.0
28.0,295.0
295.0,808.0
130.0,296.0
254.0,296.0
296.0,667.0
35.0,297.0
297.0,832.0
297.0,981.0
297.0,983.0
111.0,298.0
185.0,298.0
298.0,301.0
298.0,309.0
298.0,328.0
298.0,833.0
154.0,299.0
162.0,299.0
289.0,299.0
299.0,320.0
175.0,300.0
270.0,300.0
277.0,300.0
286.0,300.0
296.0,300.0
300.0,330.0
300.0,576.0
300.0,619.0
300.0,996.0
1.0,301.0
35.0,301.0
302.0,307.0
103.0,303.0
146.0,303.0
190.0,303.0
303.0,315.0
303.0,657.0
48.0,304.0
77.0,304.0
82.0,304.0
133.0,304.0
175.0,304.0
239.0,304.0
273.0,304.0
304.0,388.0
0.0,305.0
31.0,306.0
40.0,306.0
306.0,325.0
306.0,981.0
105.0,307.0
260.0,307.0
37.0,308.0
85.0,308.0
135.0,308.0
146.0,308.0
150.0,308.0
159.0,308.0
213.0,308.0
28.0,309.0
71.0,309.0
272.0,309.0
284.0,309.0
291.0,309.0
309.0,506.0
6.0,310.0
178.0,310.0
270.0,310.0
310.0,433.0
296.0,311.0
311.0,739.0
7.0,312.0
51.0,312.0
91.0,312.0
171.0,312.0
312.0,649.0
38.0,313.0
56.0,313.0
185.0,313.0
219.0,313.0
236.0,313.0
293.0,313.0
313.0,324.0
313.0,341.0
313.0,403.0
95.0,314.0
314.0,395.0
63.0,315.0
164.0,315.0
168.0,315.0
311.0,315.0
315.0,528.0
315.0,603.0
146.0,316.0
171.0,316.0
316.0,517.0
2.0,317.0
102.0,317.0
107.0,317.0
317.0,391.0
1.0,318.0
200.0,318.0
207.0,318.0
318.0,595.0
318.0,955.0
14.0,319.0
71.0,319.0
290.0,319.0
314.0,319.0
319.0,325.0
22.0,320.0
210.0,320.0
211.0,320.0
254.0,320.0
305.0,320.0
320.0,633.0
80.0,321.0
109.0,321.0
138.0,321.0
316.0,321.0
321.0,460.0
321.0,746.0
321.0,839.0
98.0,322.0
191.0,322.0
222.0,322.0
14.0,323.0
26.0,323.0
55.0,323.0
184.0,323.0
323.0,324.0
323.0,362.0
323.0,483.0
323.0,650.0
323.0,961.0
77.0,324.0
81.0,324.0
141.0,324.0
170.0,324.0
183.0,324.0
197.0,324.0
274.0,324.0
324.0,508.0
324.0,927.0
152.0,325.0
199.0,325.0
202.0,325.0
9.0,326.0
88.0,326.0
117.0,326.0
168.0,326.0
326.0,569.0
242.0,327.0
306.0,327.0
327.0,476.0
44.0,328.0
78.0,328.0
221.0,328.0
306.0,328.0
328.0,557.0
226.0,329.0
329.0,474.0
329.0,603.0
73.0,330.0
121.0,330.0
276.0,330.0
330.0,693.0
96.0,331.0
131.0,332.0
247.0,332.0
297.0,332.0
186.0,333.0
333.0,409.0
333.0,553.0
334.0,370.0
334.0,966.0
335.0,342.0
335.0,484.0
335.0,727.0
335.0,864.0
336.0,405.0
336.0,452.0
336.0,492.0
336.0,515.0
336.0,547.0
336.0,789.0
337.0,409.0
337.0,431.0
337.0,509.0
337.0,573.0
338.0,416.0
338.0,487.0
338.0,995.0
339.0,441.0
339.0,475.0
339.0,503.0
339.0,518.0
339.0,539.0
339.0,579.0
339.0,584.0
339.0,591.0
339.0,850.0
246.0,340.0
340.0,404.0
340.0,415.0
340.0,455.0
340.0,496.0
340.0,700.0
340.0,749.0
86.0,341.0
341.0,448.0
341.0,519.0
341.0,594.0
21.0,342.0
342.0,417.0
342.0,432.0
342.0,489.0
342.0,571.0
342.0,572.0
342.0,593.0
342.0,621.0
342.0,640.0
93.0,343.0
156.0,343.0
298.0,343.0
343.0,513.0
343.0,568.0
343.0,344.0
344.0,552.0
344.0,555.0
344.0,577.0
344.0,645.0
344.0,992.0
345.0,457.0
345.0,626.0
345.0,641.0
345.0,945.0
22.0,346.0
346.0,476.0
346.0,503.0
346.0,758.0
343.0,347.0
347.0,416.0
347.0,423.0
347.0,446.0
347.0,528.0
347.0,585.0
347.0,645.0
348.0,519.0
348.0,612.0
348.0,613.0
348.0,646.0
345.0,349.0
349.0,383.0
349.0,566.0
349.0,643.0
349.0,839.0
350.0,356.0
350.0,365.0
350.0,467.0
350.0,537.0
351.0,400.0
351.0,453.0
351.0,585.0
351.0,806.0
62.0,352.0
352.0,529.0
352.0,557.0
352.0,581.0
352.0,586.0
353.0,363.0
353.0,536.0
353.0,798.0
342.0,354.0
354.0,530.0
354.0,654.0
330.0,355.0
345.0,355.0
355.0,374.0
355.0,385.0
355.0,601.0
260.0,356.0
341.0,356.0
356.0,357.0
356.0,444.0
356.0,479.0
356.0,499.0
356.0,508.0
356.0,638.0
356.0,660.0
357.0,469.0
357.0,533.0
357.0,559.0
357.0,645.0
183.0,358.0
304.0,358.0
358.0,423.0
358.0,444.0
358.0,517.0
358.0,555.0
358.0,589.0
358.0,602.0
358.0,629.0
358.0,653.0
274.0,359.0
359.0,537.0
359.0,587.0
359.0,715.0
218.0,360.0
359.0,360.0
360.0,364.0
360.0,381.0
360.0,435.0
360.0,457.0
360.0,481.0
360.0,490.0
360.0,512.0
360.0,957.0
206.0,361.0
361.0,511.0
361.0,517.0
361.0,533.0
361.0,582.0
361.0,870.0
333.0,362.0
362.0,414.0
362.0,530.0
362.0,753.0
173.0,363.0
363.0,369.0
363.0,370.0
363.0,658.0
345.0,364.0
364.0,366.0
364.0,640.0
364.0,891.0
358.0,365.0
361.0,365.0
365.0,381.0
365.0,408.0
365.0,427.0
365.0,456.0
365.0,566.0
365.0,650.0
365.0,790.0
366.0,375.0
366.0,381.0
366.0,437.0
366.0,522.0
366.0,575.0
366.0,583.0
137.0,367.0
302.0,367.0
367.0,373.0
367.0,454.0
367.0,537.0
225.0,368.0
277.0,368.0
350.0,368.0
354.0,368.0
368.0,609.0
368.0,955.0
94.0,369.0
95.0,369.0
369.0,397.0
369.0,439.0
369.0,556.0
369.0,613.0
369.0,621.0
369.0,632.0
11.0,370.0
368.0,370.0
370.0,440.0
370.0,493.0
370.0,547.0
370.0,574.0
370.0,642.0
370.0,824.0
371.0,391.0
371.0,404.0
371.0,416.0
371.0,473.0
371.0,581.0
371.0,634.0
371.0,660.0
371.0,667.0
372.0,500.0
372.0,632.0
372.0,957.0
355.0,373.0
373.0,527.0
373.0,558.0
373.0,590.0
373.0,623.0
373.0,646.0
373.0,656.0
373.0,954.0
341.0,374.0
374.0,453.0
340.0,375.0
375.0,376.0
375.0,397.0
375.0,454.0
375.0,663.0
375.0,698.0
375.0,714.0
375.0,813.0
376.0,381.0
376.0,433.0
376.0,454.0
376.0,507.0
376.0,568.0
376.0,622.0
119.0,377.0
377.0,416.0
377.0,586.0
378.0,418.0
378.0,488.0
378.0,597.0
378.0,642.0
138.0,379.0
370.0,379.0
379.0,438.0
379.0,479.0
379.0,491.0
379.0,571.0
379.0,838.0
380.0,602.0
98.0,381.0
381.0,472.0
381.0,633.0
338.0,382.0
379.0,382.0
382.0,532.0
382.0,578.0
382.0,887.0
382.0,991.0
383.0,431.0
383.0,564.0
383.0,574.0
383.0,592.0
383.0,730.0
338.0,384.0
367.0,384.0
384.0,611.0
384.0,625.0
384.0,772.0
384.0,992.0
385.0,446.0
30.0,386.0
386.0,434.0
386.0,467.0
386.0,476.0
387.0,453.0
387.0,526.0
387.0,639.0
387.0,864.0
388.0,483.0
388.0,619.0
388.0,826.0
388.0,890.0
389.0,473.0
389.0,557.0
390.0,435.0
390.0,495.0
340.0,391.0
391.0,399.0
391.0,412.0
391.0,471.0
391.0,503.0
391.0,573.0
391.0,677.0
392.0,445.0
392.0,489.0
392.0,510.0
392.0,541.0
392.0,650.0
392.0,683.0
392.0,929.0
114.0,393.0
393.0,422.0
393.0,478.0
393.0,640.0
393.0,650.0
394.0,438.0
394.0,439.0
394.0,465.0
394.0,690.0
394.0,831.0
147.0,395.0
157.0,395.0
395.0,592.0
395.0,627.0
153.0,396.0
351.0,396.0
375.0,396.0
396.0,495.0
396.0,497.0
396.0,543.0
396.0,823.0
241.0,397.0
378.0,397.0
395.0,397.0
397.0,465.0
397.0,532.0
397.0,587.0
397.0,599.0
397.0,640.0
397.0,652.0
397.0,659.0
397.0,672.0
397.0,693.0
397.0,796.0
40.0,398.0
41.0,398.0
345.0,398.0
398.0,463.0
398.0,514.0
398.0,579.0
398.0,583.0
398.0,611.0
186.0,399.0
399.0,472.0
399.0,555.0
399.0,618.0
363.0,400.0
400.0,450.0
400.0,494.0
400.0,517.0
400.0,640.0
400.0,643.0
400.0,653.0
107.0,401.0
341.0,401.0
401.0,442.0
401.0,450.0
401.0,782.0
402.0,618.0
402.0,628.0
403.0,493.0
403.0,605.0
191.0,404.0
351.0,404.0
362.0,404.0
391.0,404.0
404.0,430.0
404.0,504.0
404.0,649.0
404.0,657.0
404.0,704.0
355.0,405.0
405.0,416.0
405.0,473.0
405.0,481.0
405.0,490.0
405.0,528.0
405.0,533.0
405.0,561.0
405.0,574.0
405.0,584.0
405.0,656.0
61.0,406.0
349.0,406.0
362.0,406.0
406.0,475.0
406.0,733.0
406.0,955.0
407.0,609.0
407.0,927.0
9.0,408.0
54.0,408.0
408.0,583.0
408.0,596.0
373.0,409.0
409.0,515.0
309.0,410.0
410.0,717.0
410.0,771.0
227.0,411.0
335.0,411.0
411.0,433.0
411.0,571.0
411.0,661.0
411.0,707.0
345.0,412.0
361.0,412.0
375.0,412.0
381.0,412.0
412.0,494.0
412.0,560.0
412.0,622.0
412.0,656.0
412.0,659.0
413.0,414.0
413.0,491.0
413.0,540.0
413.0,562.0
413.0,576.0
413.0,618.0
8.0,414.0
414.0,446.0
2.0,415.0
27.0,415.0
415.0,479.0
415.0,631.0
339.0,416.0
416.0,456.0
416.0,512.0
416.0,515.0
416.0,516.0
416.0,530.0
416.0,619.0
416.0,660.0
233.0,417.0
365.0,417.0
414.0,417.0
417.0,493.0
417.0,504.0
417.0,862.0
17.0,418.0
161.0,418.0
267.0,418.0
384.0,418.0
418.0,610.0
418.0,661.0
101.0,419.0
365.0,419.0
419.0,472.0
419.0,645.0
245.0,420.0
420.0,558.0
420.0,673.0
420.0,714.0
388.0,421.0
421.0,613.0
55.0,422.0
81.0,422.0
388.0,422.0
422.0,451.0
73.0,423.0
341.0,423.0
423.0,469.0
423.0,519.0
423.0,576.0
423.0,595.0
423.0,764.0
225.0,424.0
294.0,424.0
424.0,471.0
424.0,485.0
424.0,517.0
424.0,565.0
424.0,622.0
424.0,680.0
424.0,704.0
363.0,425.0
425.0,482.0
425.0,652.0
425.0,731.0
365.0,426.0
383.0,426.0
426.0,478.0
426.0,582.0
267.0,427.0
333.0,427.0
427.0,448.0
427.0,465.0
427.0,492.0
427.0,499.0
427.0,508.0
427.0,893.0
389.0,428.0
411.0,428.0
428.0,583.0
418.0,429.0
429.0,692.0
430.0,542.0
430.0,648.0
430.0,707.0
143.0,431.0
415.0,431.0
431.0,525.0
431.0,790.0
432.0,468.0
432.0,477.0
432.0,547.0
432.0,549.0
432.0,625.0
432.0,681.0
345.0,433.0
433.0,566.0
433.0,625.0
433.0,884.0
99.0,434.0
157.0,434.0
341.0,434.0
434.0,539.0
434.0,648.0
434.0,655.0
434.0,900.0
150.0,435.0
435.0,538.0
435.0,544.0
435.0,568.0
435.0,640.0
435.0,644.0
435.0,756.0
233.0,436.0
370.0,436.0
383.0,436.0
436.0,442.0
436.0,512.0
436.0,595.0
420.0,437.0
437.0,543.0
437.0,575.0
437.0,980.0
182.0,438.0
438.0,480.0
430.0,439.0
439.0,524.0
439.0,575.0
439.0,596.0
439.0,623.0
439.0,627.0
440.0,561.0
167.0,441.0
338.0,441.0
425.0,441.0
433.0,441.0
441.0,488.0
441.0,508.0
441.0,900.0
441.0,936.0
109.0,442.0
379.0,442.0
442.0,490.0
442.0,891.0
424.0,443.0
443.0,533.0
444.0,491.0
444.0,517.0
336.0,445.0
363.0,445.0
445.0,993.0
367.0,446.0
378.0,446.0
435.0,446.0
446.0,482.0
446.0,598.0
446.0,615.0
397.0,447.0
447.0,457.0
447.0,514.0
447.0,540.0
447.0,612.0
447.0,639.0
447.0,649.0
447.0,997.0
448.0,601.0
448.0,704.0
448.0,892.0
449.0,926.0
410.0,450.0
450.0,470.0
450.0,532.0
450.0,557.0
450.0,604.0
450.0,614.0
450.0,782.0
450.0,894.0
299.0,451.0
451.0,538.0
451.0,558.0
451.0,651.0
451.0,719.0
451.0,859.0
401.0,452.0
452.0,574.0
452.0,583.0
265.0,453.0
453.0,491.0
453.0,530.0
453.0,563.0
453.0,605.0
453.0,632.0
454.0,645.0
454.0,894.0
454.0,921.0
263.0,455.0
435.0,455.0
439.0,455.0
455.0,530.0
116.0,456.0
281.0,456.0
456.0,799.0
382.0,457.0
386.0,457.0
457.0,574.0
356.0,458.0
422.0,458.0
458.0,468.0
458.0,474.0
0.0,459.0
200.0,459.0
459.0,539.0
459.0,603.0
459.0,647.0
459.0,825.0
444.0,460.0
460.0,517.0
460.0,527.0
460.0,549.0
460.0,775.0
460.0,855.0
132.0,461.0
461.0,491.0
461.0,547.0
461.0,574.0
461.0,994.0
417.0,462.0
462.0,576.0
462.0,597.0
462.0,613.0
462.0,621.0
462.0,690.0
462.0,875.0
365.0,463.0
373.0,463.0
383.0,463.0
433.0,463.0
463.0,505.0
463.0,531.0
463.0,534.0
463.0,547.0
463.0,646.0
463.0,944.0
405.0,464.0
464.0,523.0
464.0,610.0
171.0,465.0
177.0,465.0
460.0,465.0
465.0,491.0
465.0,959.0
115.0,466.0
466.0,513.0
466.0,637.0
466.0,687.0
92.0,467.0
467.0,499.0
467.0,581.0
467.0,628.0
467.0,642.0
467.0,644.0
467.0,855.0
467.0,981.0
338.0,468.0
350.0,468.0
374.0,468.0
436.0,468.0
468.0,475.0
468.0,547.0
468.0,626.0
468.0,738.0
374.0,469.0
469.0,491.0
469.0,504.0
469.0,526.0
18.0,470.0
469.0,470.0
470.0,582.0
470.0,662.0
470.0,977.0
471.0,487.0
471.0,524.0
471.0,542.0
471.0,942.0
202.0,472.0
341.0,472.0
350.0,472.0
472.0,489.0
472.0,546.0
472.0,549.0
472.0,550.0
472.0,572.0
472.0,615.0
472.0,645.0
472.0,808.0
472.0,815.0
395.0,473.0
404.0,473.0
473.0,536.0
473.0,645.0
74.0,474.0
351.0,474.0
437.0,474.0
333.0,475.0
475.0,547.0
475.0,607.0
475.0,866.0
44.0,476.0
317.0,476.0
439.0,476.0
447.0,476.0
448.0,476.0
476.0,481.0
476.0,544.0
476.0,593.0
476.0,737.0
74.0,477.0
139.0,477.0
467.0,477.0
1.0,478.0
191.0,478.0
420.0,478.0
478.0,490.0
478.0,642.0
478.0,801.0
428.0,479.0
479.0,575.0
479.0,654.0
359.0,480.0
467.0,480.0
480.0,619.0
480.0,633.0
480.0,648.0
480.0,701.0
394.0,481.0
457.0,481.0
481.0,537.0
481.0,622.0
481.0,849.0
129.0,482.0
369.0,482.0
474.0,482.0
482.0,490.0
482.0,549.0
482.0,551.0
482.0,592.0
482.0,640.0
482.0,756.0
482.0,854.0
86.0,483.0
471.0,483.0
480.0,483.0
483.0,645.0
483.0,672.0
391.0,484.0
405.0,484.0
418.0,484.0
484.0,517.0
484.0,569.0
340.0,485.0
369.0,485.0
469.0,485.0
480.0,485.0
485.0,555.0
485.0,633.0
485.0,680.0
485.0,704.0
398.0,486.0
437.0,486.0
478.0,486.0
486.0,498.0
486.0,524.0
486.0,536.0
486.0,585.0
486.0,651.0
486.0,699.0
486.0,923.0
486.0,993.0
91.0,487.0
189.0,487.0
376.0,487.0
444.0,487.0
460.0,487.0
487.0,910.0
252.0,488.0
488.0,511.0
488.0,549.0
488.0,569.0
488.0,596.0
488.0,662.0
488.0,942.0
488.0,956.0
488.0,975.0
396.0,489.0
489.0,509.0
489.0,576.0
489.0,945.0
67.0,490.0
362.0,490.0
475.0,490.0
109.0,491.0
343.0,491.0
491.0,506.0
491.0,572.0
491.0,592.0
491.0,724.0
108.0,492.0
337.0,492.0
341.0,492.0
402.0,492.0
492.0,593.0
492.0,659.0
492.0,685.0
404.0,493.0
417.0,493.0
469.0,493.0
493.0,636.0
493.0,658.0
493.0,824.0
443.0,494.0
455.0,494.0
494.0,498.0
494.0,910.0
495.0,638.0
495.0,655.0
495.0,658.0
495.0,904.0
470.0,496.0
496.0,610.0
496.0,627.0
496.0,902.0
496.0,950.0
247.0,497.0
360.0,497.0
434.0,497.0
458.0,497.0
497.0,623.0
497.0,920.0
24.0,498.0
464.0,498.0
498.0,513.0
498.0,517.0
498.0,525.0
498.0,995.0
35.0,499.0
120.0,499.0
391.0,499.0
455.0,499.0
480.0,499.0
489.0,499.0
499.0,542.0
499.0,580.0
499.0,834.0
366.0,500.0
457.0,500.0
500.0,534.0
500.0,582.0
22.0,501.0
115.0,501.0
166.0,501.0
494.0,501.0
501.0,513.0
501.0,594.0
198.0,502.0
357.0,502.0
394.0,502.0
484.0,502.0
502.0,569.0
131.0,503.0
345.0,503.0
361.0,503.0
447.0,503.0
503.0,965.0
118.0,504.0
504.0,536.0
504.0,567.0
504.0,576.0
504.0,615.0
504.0,646.0
337.0,505.0
441.0,505.0
493.0,505.0
505.0,553.0
505.0,747.0
505.0,796.0
118.0,506.0
334.0,506.0
484.0,506.0
506.0,632.0
506.0,984.0
384.0,507.0
403.0,507.0
507.0,595.0
507.0,634.0
507.0,662.0
507.0,759.0
508.0,997.0
359.0,509.0
412.0,509.0
481.0,509.0
509.0,615.0
208.0,510.0
404.0,510.0
505.0,510.0
510.0,537.0
510.0,643.0
338.0,511.0
382.0,511.0
418.0,511.0
456.0,511.0
511.0,577.0
511.0,650.0
511.0,969.0
314.0,512.0
353.0,512.0
434.0,512.0
347.0,513.0
495.0,513.0
503.0,513.0
513.0,729.0
255.0,514.0
373.0,514.0
423.0,514.0
461.0,514.0
514.0,536.0
514.0,542.0
514.0,552.0
514.0,587.0
514.0,640.0
351.0,515.0
452.0,515.0
509.0,515.0
515.0,525.0
515.0,613.0
515.0,907.0
404.0,516.0
516.0,566.0
516.0,598.0
516.0,633.0
516.0,669.0
516.0,890.0
293.0,517.0
349.0,517.0
350.0,517.0
374.0,517.0
517.0,543.0
517.0,627.0
517.0,655.0
363.0,518.0
443.0,518.0
460.0,518.0
486.0,518.0
518.0,592.0
518.0,635.0
518.0,990.0
96.0,519.0
401.0,519.0
519.0,584.0
519.0,599.0
519.0,998.0
149.0,520.0
196.0,520.0
380.0,520.0
442.0,520.0
443.0,520.0
520.0,776.0
86.0,521.0
96.0,521.0
130.0,521.0
387.0,521.0
516.0,521.0
521.0,543.0
521.0,756.0
366.0,522.0
435.0,522.0
442.0,522.0
522.0,619.0
522.0,804.0
522.0,852.0
522.0,860.0
522.0,871.0
86.0,523.0
279.0,523.0
353.0,523.0
461.0,523.0
368.0,524.0
455.0,524.0
490.0,524.0
524.0,525.0
524.0,607.0
524.0,628.0
524.0,657.0
524.0,707.0
350.0,525.0
432.0,525.0
525.0,581.0
525.0,583.0
525.0,591.0
525.0,600.0
525.0,634.0
525.0,682.0
525.0,809.0
431.0,526.0
449.0,526.0
425.0,527.0
495.0,527.0
420.0,528.0
528.0,568.0
528.0,628.0
357.0,529.0
393.0,529.0
408.0,529.0
450.0,529.0
529.0,582.0
529.0,621.0
529.0,633.0
377.0,530.0
443.0,530.0
498.0,530.0
530.0,630.0
530.0,898.0
349.0,531.0
350.0,531.0
457.0,531.0
469.0,531.0
531.0,793.0
112.0,532.0
440.0,532.0
450.0,532.0
494.0,532.0
532.0,810.0
171.0,533.0
412.0,533.0
533.0,542.0
441.0,534.0
509.0,534.0
534.0,545.0
534.0,626.0
534.0,638.0
505.0,535.0
535.0,961.0
349.0,536.0
394.0,536.0
422.0,536.0
536.0,568.0
536.0,658.0
536.0,660.0
536.0,764.0
536.0,822.0
536.0,916.0
6.0,537.0
278.0,537.0
349.0,537.0
448.0,537.0
462.0,537.0
537.0,695.0
436.0,538.0
487.0,538.0
521.0,538.0
538.0,567.0
440.0,539.0
444.0,539.0
539.0,561.0
539.0,566.0
539.0,645.0
539.0,654.0
539.0,892.0
539.0,974.0
540.0,551.0
540.0,642.0
540.0,772.0
509.0,541.0
541.0,542.0
541.0,633.0
541.0,646.0
257.0,542.0
436.0,542.0
542.0,551.0
542.0,713.0
542.0,880.0
32.0,543.0
159.0,543.0
398.0,543.0
428.0,543.0
444.0,543.0
448.0,543.0
543.0,548.0
14.0,544.0
295.0,544.0
394.0,544.0
435.0,544.0
442.0,544.0
454.0,544.0
496.0,544.0
535.0,545.0
545.0,583.0
545.0,608.0
545.0,651.0
449.0,546.0
507.0,546.0
546.0,663.0
341.0,547.0
547.0,559.0
548.0,633.0
394.0,549.0
463.0,549.0
482.0,549.0
549.0,558.0
549.0,752.0
549.0,774.0
408.0,550.0
471.0,550.0
478.0,550.0
512.0,550.0
532.0,550.0
355.0,551.0
551.0,984.0
492.0,552.0
552.0,562.0
74.0,553.0
394.0,553.0
451.0,553.0
484.0,553.0
504.0,553.0
553.0,598.0
553.0,627.0
90.0,554.0
413.0,554.0
429.0,554.0
499.0,554.0
554.0,615.0
554.0,677.0
554.0,816.0
105.0,555.0
293.0,555.0
358.0,555.0
418.0,555.0
555.0,689.0
388.0,556.0
426.0,556.0
509.0,556.0
555.0,556.0
350.0,557.0
376.0,557.0
472.0,557.0
557.0,566.0
557.0,567.0
239.0,558.0
404.0,558.0
413.0,558.0
425.0,558.0
454.0,558.0
403.0,559.0
442.0,559.0
470.0,559.0
559.0,560.0
559.0,826.0
356.0,560.0
372.0,560.0
387.0,560.0
544.0,560.0
560.0,580.0
560.0,808.0
311.0,561.0
341.0,561.0
437.0,561.0
537.0,561.0
561.0,576.0
561.0,653.0
34.0,562.0
221.0,562.0
488.0,562.0
511.0,562.0
528.0,562.0
535.0,562.0
558.0,562.0
562.0,628.0
562.0,639.0
46.0,563.0
414.0,563.0
516.0,563.0
526.0,563.0
563.0,566.0
563.0,645.0
563.0,710.0
457.0,564.0
502.0,564.0
564.0,612.0
564.0,726.0
311.0,565.0
450.0,565.0
553.0,565.0
565.0,566.0
64.0,566.0
344.0,566.0
381.0,566.0
390.0,566.0
462.0,566.0
515.0,566.0
550.0,566.0
557.0,566.0
566.0,594.0
120.0,567.0
206.0,567.0
399.0,567.0
457.0,567.0
546.0,567.0
567.0,629.0
567.0,856.0
567.0,879.0
60.0,568.0
560.0,568.0
568.0,606.0
375.0,569.0
392.0,569.0
409.0,569.0
425.0,569.0
440.0,569.0
473.0,569.0
546.0,569.0
569.0,573.0
569.0,600.0
569.0,625.0
569.0,815.0
569.0,872.0
251.0,570.0
411.0,570.0
437.0,570.0
570.0,587.0
570.0,608.0
570.0,637.0
570.0,902.0
99.0,571.0
384.0,571.0
396.0,571.0
398.0,571.0
451.0,571.0
571.0,620.0
408.0,572.0
478.0,572.0
525.0,572.0
45.0,573.0
156.0,573.0
376.0,573.0
463.0,573.0
391.0,574.0
398.0,574.0
527.0,574.0
566.0,574.0
572.0,574.0
574.0,576.0
574.0,583.0
574.0,597.0
512.0,575.0
515.0,575.0
527.0,575.0
575.0,595.0
362.0,576.0
519.0,576.0
576.0,617.0
92.0,577.0
377.0,577.0
442.0,577.0
465.0,577.0
482.0,577.0
551.0,577.0
577.0,802.0
577.0,983.0
201.0,578.0
346.0,578.0
520.0,578.0
578.0,601.0
578.0,605.0
578.0,636.0
489.0,579.0
388.0,580.0
417.0,580.0
420.0,580.0
454.0,580.0
580.0,630.0
580.0,649.0
580.0,978.0
545.0,581.0
581.0,658.0
581.0,663.0
245.0,582.0
358.0,582.0
399.0,582.0
504.0,582.0
510.0,582.0
395.0,583.0
406.0,583.0
471.0,583.0
583.0,988.0
404.0,584.0
584.0,602.0
584.0,648.0
369.0,585.0
425.0,585.0
477.0,585.0
494.0,585.0
580.0,585.0
585.0,624.0
585.0,640.0
411.0,586.0
426.0,586.0
441.0,586.0
483.0,586.0
586.0,664.0
586.0,748.0
586.0,874.0
67.0,587.0
365.0,587.0
447.0,587.0
504.0,587.0
574.0,587.0
587.0,617.0
450.0,588.0
495.0,588.0
507.0,588.0
588.0,616.0
337.0,589.0
589.0,901.0
589.0,921.0
400.0,590.0
415.0,590.0
565.0,590.0
590.0,628.0
425.0,591.0
427.0,591.0
467.0,591.0
591.0,819.0
591.0,865.0
357.0,592.0
426.0,592.0
438.0,592.0
452.0,592.0
592.0,651.0
592.0,676.0
592.0,692.0
592.0,704.0
432.0,593.0
435.0,593.0
481.0,593.0
499.0,593.0
352.0,594.0
513.0,594.0
594.0,658.0
373.0,595.0
375.0,595.0
432.0,595.0
456.0,595.0
487.0,595.0
555.0,595.0
588.0,595.0
595.0,601.0
595.0,620.0
595.0,634.0
595.0,961.0
249.0,596.0
333.0,596.0
386.0,596.0
521.0,596.0
581.0,596.0
596.0,643.0
596.0,645.0
596.0,682.0
596.0,992.0
342.0,597.0
518.0,597.0
597.0,600.0
597.0,953.0
390.0,598.0
598.0,639.0
598.0,857.0
92.0,599.0
355.0,599.0
357.0,599.0
446.0,599.0
542.0,599.0
545.0,599.0
554.0,599.0
599.0,629.0
275.0,600.0
435.0,600.0
470.0,600.0
570.0,600.0
600.0,643.0
167.0,601.0
336.0,601.0
367.0,601.0
601.0,606.0
601.0,647.0
214.0,602.0
479.0,602.0
540.0,602.0
555.0,602.0
602.0,818.0
73.0,603.0
136.0,603.0
419.0,603.0
485.0,603.0
489.0,603.0
603.0,623.0
603.0,649.0
348.0,604.0
352.0,604.0
448.0,604.0
468.0,604.0
596.0,604.0
604.0,741.0
481.0,605.0
535.0,605.0
605.0,661.0
605.0,675.0
605.0,747.0
605.0,805.0
385.0,606.0
585.0,606.0
606.0,620.0
606.0,774.0
456.0,607.0
607.0,648.0
607.0,651.0
114.0,608.0
271.0,608.0
419.0,608.0
422.0,608.0
430.0,608.0
547.0,608.0
550.0,608.0
608.0,797.0
608.0,823.0
33.0,609.0
45.0,609.0
366.0,609.0
414.0,609.0
609.0,655.0
609.0,663.0
609.0,713.0
609.0,831.0
447.0,610.0
493.0,610.0
610.0,662.0
610.0,782.0
17.0,611.0
67.0,611.0
355.0,611.0
378.0,611.0
478.0,611.0
499.0,611.0
505.0,611.0
536.0,611.0
611.0,738.0
336.0,612.0
346.0,612.0
612.0,803.0
380.0,613.0
501.0,613.0
611.0,613.0
347.0,614.0
523.0,614.0
544.0,614.0
561.0,614.0
614.0,732.0
342.0,615.0
442.0,615.0
495.0,615.0
499.0,615.0
570.0,615.0
572.0,615.0
615.0,648.0
615.0,659.0
615.0,773.0
42.0,616.0
283.0,616.0
388.0,616.0
506.0,616.0
544.0,616.0
616.0,638.0
616.0,663.0
616.0,987.0
394.0,617.0
501.0,617.0
536.0,617.0
617.0,875.0
112.0,618.0
307.0,618.0
537.0,618.0
560.0,618.0
158.0,619.0
195.0,619.0
249.0,619.0
349.0,619.0
499.0,619.0
531.0,619.0
558.0,619.0
619.0,621.0
619.0,693.0
620.0,678.0
134.0,621.0
387.0,621.0
459.0,621.0
480.0,621.0
524.0,621.0
549.0,621.0
621.0,993.0
385.0,622.0
464.0,622.0
500.0,622.0
622.0,628.0
622.0,677.0
361.0,623.0
455.0,623.0
488.0,623.0
601.0,623.0
379.0,624.0
417.0,624.0
538.0,624.0
557.0,624.0
613.0,624.0
109.0,625.0
424.0,625.0
564.0,625.0
262.0,626.0
341.0,626.0
626.0,632.0
626.0,671.0
431.0,627.0
485.0,627.0
554.0,627.0
409.0,628.0
438.0,628.0
489.0,628.0
535.0,628.0
586.0,628.0
333.0,629.0
335.0,629.0
341.0,629.0
468.0,629.0
484.0,629.0
527.0,629.0
570.0,629.0
622.0,629.0
450.0,630.0
262.0,631.0
409.0,631.0
465.0,631.0
473.0,631.0
562.0,631.0
631.0,749.0
281.0,632.0
506.0,632.0
632.0,974.0
239.0,633.0
391.0,633.0
537.0,633.0
541.0,633.0
524.0,634.0
566.0,634.0
351.0,635.0
425.0,635.0
509.0,635.0
582.0,635.0
590.0,635.0
635.0,801.0
506.0,636.0
569.0,636.0
593.0,636.0
359.0,637.0
372.0,637.0
523.0,637.0
603.0,637.0
637.0,639.0
637.0,661.0
378.0,638.0
439.0,638.0
472.0,638.0
509.0,638.0
638.0,642.0
638.0,674.0
638.0,906.0
321.0,639.0
639.0,671.0
639.0,707.0
639.0,837.0
478.0,640.0
520.0,640.0
527.0,640.0
608.0,640.0
0.0,641.0
392.0,642.0
141.0,643.0
235.0,643.0
341.0,643.0
354.0,643.0
365.0,643.0
643.0,704.0
153.0,644.0
418.0,644.0
426.0,645.0
459.0,645.0
551.0,645.0
599.0,645.0
634.0,645.0
645.0,704.0
350.0,646.0
464.0,646.0
595.0,646.0
623.0,646.0
371.0,647.0
418.0,647.0
647.0,924.0
199.0,648.0
387.0,648.0
531.0,648.0
569.0,648.0
648.0,942.0
352.0,649.0
405.0,649.0
416.0,649.0
530.0,649.0
544.0,649.0
622.0,649.0
649.0,665.0
649.0,772.0
345.0,650.0
430.0,650.0
467.0,650.0
505.0,650.0
635.0,650.0
650.0,680.0
650.0,995.0
234.0,651.0
577.0,651.0
643.0,651.0
651.0,755.0
94.0,652.0
191.0,652.0
349.0,652.0
364.0,652.0
415.0,653.0
614.0,653.0
30.0,654.0
54.0,654.0
459.0,654.0
460.0,654.0
551.0,654.0
561.0,654.0
592.0,654.0
654.0,662.0
654.0,927.0
387.0,655.0
524.0,655.0
570.0,655.0
633.0,655.0
341.0,656.0
371.0,656.0
431.0,656.0
474.0,656.0
476.0,656.0
609.0,656.0
628.0,656.0
631.0,656.0
656.0,896.0
633.0,657.0
649.0,657.0
379.0,658.0
406.0,658.0
482.0,658.0
540.0,658.0
617.0,658.0
630.0,658.0
641.0,658.0
658.0,770.0
220.0,659.0
595.0,659.0
340.0,660.0
473.0,660.0
564.0,660.0
605.0,660.0
622.0,660.0
660.0,705.0
660.0,865.0
660.0,980.0
493.0,661.0
562.0,661.0
573.0,661.0
661.0,712.0
85.0,662.0
240.0,662.0
498.0,662.0
543.0,662.0
559.0,662.0
580.0,662.0
622.0,662.0
650.0,662.0
662.0,899.0
394.0,663.0
438.0,663.0
451.0,663.0
486.0,663.0
567.0,663.0
628.0,663.0
653.0,663.0
663.0,896.0
69.0,664.0
392.0,664.0
499.0,664.0
341.0,665.0
326.0,666.0
585.0,666.0
666.0,979.0
448.0,667.0
558.0,667.0
667.0,705.0
667.0,743.0
667.0,917.0
667.0,960.0
667.0,974.0
668.0,693.0
668.0,763.0
668.0,835.0
668.0,895.0
668.0,913.0
669.0,721.0
669.0,765.0
669.0,799.0
669.0,953.0
468.0,670.0
572.0,670.0
670.0,710.0
670.0,722.0
226.0,671.0
508.0,671.0
535.0,671.0
671.0,682.0
671.0,730.0
671.0,810.0
671.0,846.0
104.0,672.0
261.0,672.0
672.0,769.0
619.0,673.0
673.0,745.0
673.0,795.0
673.0,972.0
674.0,805.0
165.0,675.0
239.0,675.0
541.0,675.0
675.0,698.0
675.0,748.0
675.0,784.0
675.0,909.0
24.0,676.0
676.0,724.0
676.0,801.0
676.0,867.0
676.0,897.0
676.0,970.0
676.0,975.0
676.0,986.0
676.0,994.0
32.0,677.0
677.0,709.0
677.0,728.0
677.0,802.0
677.0,868.0
677.0,912.0
677.0,990.0
678.0,890.0
429.0,679.0
679.0,760.0
679.0,885.0
679.0,969.0
680.0,907.0
680.0,957.0
544.0,681.0
672.0,681.0
679.0,681.0
681.0,893.0
681.0,990.0
682.0,977.0
259.0,683.0
575.0,683.0
683.0,725.0
683.0,933.0
294.0,684.0
338.0,684.0
574.0,684.0
651.0,684.0
684.0,722.0
684.0,730.0
684.0,791.0
684.0,898.0
685.0,758.0
685.0,795.0
547.0,686.0
674.0,686.0
686.0,745.0
686.0,787.0
686.0,859.0
686.0,915.0
686.0,946.0
687.0,691.0
687.0,734.0
687.0,836.0
687.0,864.0
687.0,887.0
688.0,690.0
688.0,727.0
688.0,891.0
688.0,897.0
672.0,689.0
689.0,746.0
689.0,751.0
689.0,914.0
60.0,690.0
603.0,690.0
690.0,710.0
690.0,788.0
690.0,803.0
690.0,867.0
690.0,900.0
690.0,927.0
690.0,982.0
207.0,691.0
691.0,793.0
691.0,805.0
691.0,834.0
63.0,692.0
86.0,692.0
692.0,761.0
692.0,777.0
692.0,797.0
528.0,693.0
542.0,693.0
693.0,767.0
672.0,694.0
688.0,694.0
694.0,850.0
694.0,960.0
243.0,695.0
695.0,710.0
695.0,768.0
695.0,820.0
695.0,928.0
695.0,944.0
695.0,949.0
258.0,696.0
680.0,696.0
696.0,857.0
696.0,925.0
696.0,969.0
7.0,697.0
570.0,697.0
696.0,697.0
697.0,730.0
697.0,780.0
697.0,876.0
653.0,698.0
698.0,871.0
698.0,909.0
698.0,932.0
355.0,699.0
699.0,745.0
699.0,748.0
699.0,761.0
699.0,777.0
699.0,815.0
699.0,824.0
699.0,947.0
603.0,700.0
700.0,768.0
14.0,701.0
701.0,780.0
701.0,955.0
701.0,992.0
179.0,702.0
304.0,702.0
550.0,702.0
702.0,754.0
702.0,804.0
702.0,968.0
643.0,703.0
703.0,908.0
703.0,980.0
179.0,704.0
204.0,704.0
644.0,704.0
671.0,704.0
704.0,706.0
704.0,726.0
704.0,768.0
704.0,871.0
704.0,907.0
705.0,727.0
705.0,735.0
705.0,899.0
705.0,941.0
294.0,706.0
409.0,706.0
706.0,749.0
706.0,757.0
197.0,707.0
707.0,724.0
707.0,914.0
707.0,997.0
136.0,708.0
224.0,708.0
496.0,708.0
708.0,774.0
708.0,958.0
672.0,709.0
709.0,719.0
709.0,722.0
709.0,734.0
709.0,944.0
709.0,947.0
709.0,960.0
709.0,967.0
710.0,734.0
710.0,947.0
710.0,960.0
38.0,711.0
679.0,711.0
711.0,719.0
711.0,795.0
711.0,838.0
712.0,719.0
712.0,867.0
219.0,713.0
539.0,714.0
697.0,714.0
714.0,762.0
714.0,857.0
435.0,715.0
715.0,744.0
715.0,813.0
715.0,829.0
715.0,926.0
715.0,967.0
715.0,971.0
715.0,987.0
716.0,747.0
564.0,717.0
717.0,865.0
623.0,718.0
708.0,718.0
718.0,723.0
718.0,742.0
718.0,797.0
718.0,870.0
718.0,935.0
718.0,969.0
70.0,719.0
719.0,768.0
719.0,799.0
719.0,805.0
719.0,958.0
207.0,720.0
706.0,720.0
720.0,816.0
720.0,844.0
720.0,867.0
720.0,893.0
720.0,994.0
153.0,721.0
699.0,721.0
721.0,844.0
721.0,887.0
42.0,722.0
132.0,722.0
159.0,722.0
255.0,722.0
654.0,722.0
720.0,722.0
722.0,738.0
722.0,845.0
722.0,855.0
135.0,723.0
250.0,723.0
723.0,728.0
723.0,776.0
723.0,872.0
723.0,894.0
723.0,985.0
603.0,724.0
724.0,791.0
724.0,832.0
724.0,975.0
26.0,725.0
681.0,725.0
725.0,726.0
725.0,755.0
725.0,766.0
725.0,836.0
726.0,787.0
726.0,961.0
214.0,727.0
304.0,727.0
425.0,727.0
708.0,727.0
727.0,837.0
727.0,846.0
727.0,856.0
313.0,728.0
728.0,893.0
728.0,902.0
729.0,751.0
729.0,836.0
729.0,870.0
729.0,925.0
729.0,974.0
729.0,984.0
729.0,989.0
729.0,990.0
730.0,763.0
730.0,810.0
730.0,947.0
255.0,731.0
384.0,731.0
701.0,731.0
703.0,731.0
731.0,868.0
731.0,903.0
731.0,917.0
731.0,964.0
729.0,732.0
732.0,898.0
732.0,924.0
732.0,945.0
323.0,733.0
732.0,733.0
733.0,788.0
733.0,798.0
733.0,854.0
733.0,881.0
733.0,933.0
733.0,962.0
733.0,977.0
363.0,734.0
493.0,734.0
587.0,734.0
734.0,765.0
734.0,909.0
734.0,939.0
734.0,949.0
734.0,969.0
697.0,735.0
735.0,760.0
735.0,837.0
735.0,897.0
735.0,904.0
735.0,907.0
736.0,837.0
736.0,908.0
736.0,939.0
75.0,737.0
309.0,737.0
737.0,857.0
737.0,923.0
441.0,738.0
738.0,815.0
556.0,739.0
739.0,741.0
739.0,856.0
669.0,740.0
699.0,740.0
740.0,755.0
740.0,782.0
740.0,961.0
738.0,741.0
741.0,761.0
741.0,766.0
674.0,742.0
742.0,793.0
742.0,851.0
742.0,853.0
742.0,917.0
742.0,924.0
743.0,756.0
743.0,800.0
743.0,808.0
743.0,835.0
344.0,744.0
451.0,744.0
744.0,859.0
744.0,915.0
131.0,745.0
707.0,745.0
745.0,811.0
745.0,837.0
745.0,870.0
745.0,935.0
745.0,990.0
677.0,746.0
746.0,863.0
746.0,867.0
746.0,925.0
746.0,948.0
746.0,981.0
746.0,982.0
694.0,747.0
747.0,881.0
671.0,748.0
729.0,748.0
0.0,749.0
441.0,750.0
481.0,750.0
703.0,750.0
720.0,750.0
750.0,755.0
750.0,774.0
750.0,783.0
750.0,847.0
750.0,911.0
474.0,751.0
642.0,751.0
750.0,751.0
751.0,858.0
751.0,946.0
170.0,752.0
685.0,752.0
689.0,752.0
752.0,792.0
752.0,794.0
752.0,902.0
752.0,927.0
752.0,949.0
686.0,753.0
717.0,753.0
753.0,763.0
753.0,799.0
753.0,856.0
753.0,974.0
240.0,754.0
733.0,754.0
743.0,754.0
754.0,802.0
754.0,816.0
754.0,952.0
32.0,755.0
245.0,755.0
344.0,755.0
436.0,755.0
680.0,755.0
755.0,803.0
699.0,756.0
741.0,756.0
756.0,758.0
756.0,849.0
756.0,969.0
757.0,762.0
757.0,813.0
757.0,847.0
256.0,758.0
440.0,758.0
662.0,758.0
709.0,758.0
758.0,781.0
758.0,937.0
149.0,759.0
715.0,759.0
759.0,763.0
759.0,801.0
759.0,851.0
759.0,904.0
759.0,913.0
759.0,924.0
497.0,760.0
760.0,875.0
760.0,896.0
760.0,911.0
761.0,773.0
761.0,867.0
761.0,936.0
761.0,945.0
761.0,985.0
668.0,762.0
762.0,892.0
762.0,896.0
762.0,959.0
762.0,973.0
89.0,763.0
319.0,763.0
31.0,764.0
378.0,764.0
760.0,764.0
764.0,894.0
407.0,765.0
692.0,765.0
765.0,907.0
464.0,766.0
766.0,839.0
766.0,918.0
766.0,965.0
766.0,998.0
203.0,767.0
340.0,767.0
606.0,767.0
750.0,767.0
755.0,767.0
767.0,877.0
637.0,768.0
706.0,768.0
768.0,859.0
768.0,896.0
768.0,900.0
768.0,915.0
768.0,938.0
768.0,978.0
100.0,769.0
769.0,773.0
769.0,855.0
769.0,864.0
291.0,770.0
696.0,770.0
720.0,770.0
770.0,858.0
770.0,872.0
400.0,771.0
710.0,771.0
771.0,780.0
771.0,885.0
771.0,943.0
197.0,772.0
429.0,772.0
676.0,772.0
683.0,772.0
725.0,772.0
742.0,772.0
772.0,802.0
772.0,824.0
772.0,899.0
772.0,932.0
772.0,946.0
772.0,994.0
231.0,773.0
773.0,804.0
773.0,834.0
773.0,918.0
363.0,774.0
502.0,774.0
655.0,774.0
774.0,804.0
774.0,937.0
53.0,775.0
107.0,775.0
589.0,775.0
682.0,775.0
762.0,775.0
775.0,789.0
676.0,776.0
677.0,776.0
776.0,984.0
668.0,777.0
708.0,777.0
729.0,777.0
777.0,809.0
778.0,875.0
778.0,982.0
600.0,779.0
678.0,779.0
703.0,779.0
739.0,779.0
618.0,780.0
780.0,795.0
780.0,823.0
780.0,934.0
249.0,781.0
674.0,781.0
727.0,781.0
771.0,781.0
781.0,947.0
781.0,977.0
219.0,782.0
516.0,782.0
782.0,880.0
609.0,783.0
630.0,783.0
708.0,783.0
783.0,827.0
783.0,942.0
119.0,784.0
135.0,784.0
288.0,784.0
705.0,784.0
733.0,785.0
758.0,785.0
785.0,792.0
785.0,944.0
785.0,970.0
785.0,983.0
623.0,786.0
786.0,791.0
786.0,813.0
786.0,903.0
742.0,787.0
787.0,793.0
787.0,971.0
668.0,788.0
769.0,788.0
785.0,788.0
788.0,818.0
723.0,789.0
750.0,789.0
751.0,789.0
789.0,823.0
789.0,870.0
789.0,875.0
789.0,916.0
482.0,790.0
695.0,790.0
705.0,790.0
726.0,790.0
790.0,846.0
790.0,933.0
790.0,968.0
465.0,791.0
688.0,791.0
791.0,855.0
791.0,923.0
791.0,984.0
6.0,792.0
357.0,792.0
694.0,792.0
728.0,792.0
792.0,823.0
792.0,850.0
792.0,915.0
792.0,929.0
792.0,940.0
792.0,997.0
793.0,815.0
793.0,949.0
704.0,794.0
794.0,832.0
794.0,927.0
666.0,795.0
795.0,867.0
795.0,871.0
795.0,885.0
796.0,799.0
796.0,815.0
796.0,893.0
796.0,954.0
181.0,797.0
765.0,797.0
797.0,826.0
797.0,865.0
797.0,901.0
797.0,913.0
692.0,798.0
716.0,798.0
798.0,815.0
798.0,889.0
279.0,799.0
749.0,799.0
799.0,820.0
799.0,839.0
799.0,862.0
799.0,895.0
799.0,988.0
303.0,800.0
800.0,855.0
800.0,892.0
800.0,996.0
557.0,801.0
577.0,801.0
700.0,801.0
801.0,931.0
801.0,943.0
801.0,952.0
801.0,973.0
801.0,990.0
693.0,802.0
699.0,802.0
748.0,802.0
802.0,828.0
802.0,877.0
802.0,903.0
802.0,934.0
316.0,803.0
687.0,803.0
706.0,803.0
721.0,803.0
803.0,942.0
803.0,969.0
803.0,996.0
194.0,804.0
407.0,804.0
621.0,804.0
667.0,804.0
674.0,804.0
697.0,804.0
702.0,804.0
735.0,804.0
753.0,804.0
804.0,815.0
804.0,853.0
804.0,946.0
804.0,954.0
753.0,805.0
805.0,827.0
805.0,841.0
805.0,851.0
765.0,806.0
61.0,807.0
485.0,807.0
807.0,808.0
807.0,930.0
807.0,958.0
418.0,808.0
690.0,808.0
770.0,808.0
808.0,821.0
358.0,809.0
445.0,809.0
514.0,809.0
738.0,809.0
809.0,953.0
156.0,810.0
698.0,810.0
725.0,810.0
69.0,811.0
677.0,811.0
784.0,811.0
811.0,913.0
811.0,928.0
811.0,953.0
811.0,976.0
653.0,812.0
684.0,812.0
727.0,812.0
812.0,939.0
812.0,967.0
813.0,875.0
813.0,925.0
813.0,971.0
107.0,814.0
136.0,814.0
736.0,814.0
814.0,937.0
814.0,958.0
814.0,968.0
279.0,815.0
686.0,815.0
815.0,847.0
815.0,871.0
815.0,946.0
677.0,816.0
797.0,816.0
811.0,816.0
816.0,817.0
816.0,826.0
816.0,905.0
43.0,817.0
196.0,817.0
488.0,817.0
629.0,817.0
817.0,893.0
111.0,818.0
669.0,818.0
683.0,818.0
790.0,818.0
818.0,868.0
818.0,877.0
818.0,946.0
671.0,819.0
728.0,819.0
819.0,866.0
819.0,953.0
675.0,820.0
726.0,820.0
820.0,959.0
52.0,821.0
728.0,821.0
821.0,862.0
821.0,949.0
821.0,958.0
184.0,822.0
665.0,822.0
688.0,822.0
692.0,822.0
712.0,822.0
802.0,822.0
822.0,907.0
185.0,823.0
403.0,823.0
447.0,823.0
463.0,823.0
726.0,823.0
743.0,823.0
817.0,823.0
823.0,828.0
823.0,853.0
823.0,874.0
823.0,882.0
823.0,992.0
662.0,824.0
703.0,824.0
824.0,831.0
824.0,835.0
824.0,846.0
824.0,884.0
824.0,893.0
824.0,910.0
824.0,932.0
824.0,974.0
824.0,987.0
9.0,825.0
205.0,825.0
685.0,825.0
720.0,825.0
790.0,825.0
825.0,859.0
742.0,826.0
776.0,826.0
826.0,836.0
826.0,883.0
826.0,968.0
827.0,847.0
267.0,828.0
800.0,828.0
828.0,858.0
828.0,913.0
48.0,829.0
489.0,829.0
722.0,829.0
732.0,829.0
821.0,830.0
431.0,831.0
831.0,849.0
325.0,832.0
726.0,832.0
476.0,833.0
671.0,833.0
833.0,991.0
326.0,834.0
726.0,834.0
834.0,945.0
834.0,969.0
264.0,835.0
835.0,888.0
675.0,836.0
706.0,836.0
727.0,836.0
763.0,836.0
831.0,836.0
836.0,898.0
836.0,900.0
836.0,996.0
746.0,837.0
837.0,872.0
837.0,888.0
544.0,838.0
744.0,838.0
786.0,838.0
839.0,855.0
839.0,885.0
839.0,902.0
839.0,959.0
14.0,840.0
706.0,840.0
788.0,840.0
140.0,841.0
469.0,841.0
771.0,841.0
841.0,925.0
758.0,842.0
787.0,842.0
806.0,842.0
369.0,843.0
714.0,843.0
749.0,843.0
843.0,894.0
557.0,844.0
586.0,844.0
775.0,844.0
205.0,845.0
281.0,845.0
667.0,845.0
698.0,845.0
749.0,845.0
845.0,943.0
845.0,983.0
590.0,846.0
688.0,846.0
709.0,846.0
839.0,846.0
846.0,865.0
846.0,897.0
492.0,847.0
733.0,847.0
847.0,917.0
784.0,848.0
848.0,864.0
848.0,907.0
848.0,909.0
708.0,849.0
843.0,849.0
849.0,929.0
500.0,850.0
769.0,850.0
850.0,904.0
74.0,851.0
332.0,851.0
587.0,851.0
688.0,851.0
782.0,851.0
851.0,949.0
851.0,981.0
237.0,852.0
402.0,852.0
852.0,906.0
766.0,853.0
777.0,853.0
853.0,868.0
853.0,943.0
853.0,974.0
689.0,854.0
700.0,854.0
751.0,854.0
780.0,854.0
816.0,854.0
854.0,898.0
854.0,905.0
854.0,910.0
411.0,855.0
523.0,855.0
731.0,855.0
788.0,855.0
855.0,881.0
855.0,941.0
505.0,856.0
733.0,856.0
807.0,856.0
856.0,921.0
692.0,857.0
782.0,857.0
822.0,857.0
195.0,858.0
803.0,858.0
819.0,858.0
858.0,992.0
13.0,859.0
431.0,859.0
484.0,859.0
666.0,859.0
690.0,859.0
718.0,859.0
817.0,859.0
838.0,859.0
154.0,860.0
467.0,860.0
500.0,860.0
636.0,860.0
682.0,860.0
792.0,860.0
860.0,881.0
31.0,861.0
242.0,861.0
861.0,968.0
450.0,862.0
622.0,862.0
708.0,862.0
744.0,862.0
773.0,862.0
810.0,862.0
862.0,908.0
862.0,960.0
112.0,863.0
680.0,863.0
682.0,863.0
735.0,863.0
810.0,863.0
863.0,917.0
863.0,919.0
731.0,864.0
737.0,864.0
765.0,864.0
779.0,864.0
864.0,877.0
864.0,931.0
377.0,865.0
817.0,865.0
818.0,865.0
865.0,967.0
0.0,866.0
99.0,867.0
139.0,867.0
779.0,867.0
815.0,867.0
867.0,871.0
867.0,883.0
867.0,905.0
867.0,964.0
867.0,984.0
375.0,868.0
624.0,868.0
701.0,868.0
851.0,868.0
859.0,868.0
868.0,905.0
660.0,869.0
699.0,869.0
796.0,869.0
823.0,869.0
869.0,937.0
66.0,870.0
491.0,870.0
747.0,870.0
812.0,870.0
870.0,910.0
870.0,966.0
870.0,969.0
871.0,944.0
3.0,872.0
843.0,872.0
872.0,878.0
872.0,888.0
872.0,921.0
872.0,937.0
872.0,966.0
217.0,873.0
591.0,873.0
873.0,966.0
642.0,874.0
703.0,874.0
861.0,874.0
291.0,875.0
504.0,875.0
613.0,875.0
679.0,875.0
702.0,875.0
866.0,875.0
875.0,886.0
875.0,966.0
875.0,997.0
150.0,876.0
837.0,876.0
839.0,876.0
876.0,984.0
176.0,877.0
692.0,877.0
868.0,877.0
877.0,880.0
877.0,992.0
718.0,878.0
878.0,910.0
17.0,879.0
47.0,879.0
140.0,879.0
752.0,879.0
761.0,879.0
879.0,901.0
879.0,908.0
879.0,929.0
0.0,880.0
194.0,880.0
320.0,880.0
412.0,880.0
723.0,880.0
880.0,945.0
70.0,881.0
696.0,881.0
807.0,881.0
821.0,881.0
870.0,881.0
881.0,904.0
681.0,882.0
735.0,882.0
784.0,882.0
799.0,882.0
850.0,882.0
882.0,968.0
53.0,883.0
713.0,883.0
883.0,910.0
883.0,970.0
111.0,884.0
197.0,884.0
115.0,885.0
722.0,885.0
725.0,885.0
495.0,886.0
863.0,886.0
683.0,887.0
830.0,887.0
853.0,887.0
887.0,947.0
887.0,998.0
496.0,888.0
736.0,888.0
745.0,888.0
782.0,888.0
807.0,888.0
884.0,888.0
888.0,969.0
166.0,889.0
687.0,889.0
820.0,889.0
841.0,889.0
125.0,890.0
822.0,890.0
152.0,891.0
715.0,891.0
756.0,891.0
777.0,891.0
829.0,891.0
860.0,891.0
891.0,956.0
502.0,892.0
550.0,892.0
594.0,892.0
690.0,892.0
732.0,892.0
892.0,960.0
10.0,893.0
841.0,893.0
806.0,894.0
894.0,918.0
894.0,976.0
319.0,895.0
683.0,895.0
755.0,895.0
858.0,895.0
66.0,896.0
327.0,896.0
380.0,896.0
826.0,896.0
867.0,896.0
698.0,897.0
699.0,897.0
713.0,897.0
823.0,898.0
737.0,899.0
740.0,899.0
765.0,899.0
814.0,899.0
820.0,899.0
899.0,976.0
66.0,900.0
121.0,900.0
692.0,900.0
696.0,900.0
716.0,900.0
722.0,900.0
865.0,900.0
900.0,989.0
0.0,901.0
681.0,901.0
697.0,901.0
796.0,901.0
849.0,901.0
24.0,902.0
737.0,902.0
763.0,902.0
863.0,902.0
902.0,929.0
902.0,938.0
902.0,967.0
902.0,976.0
449.0,903.0
535.0,903.0
758.0,903.0
827.0,903.0
903.0,945.0
903.0,965.0
903.0,989.0
88.0,904.0
843.0,905.0
861.0,905.0
905.0,917.0
905.0,931.0
681.0,906.0
727.0,906.0
745.0,906.0
906.0,927.0
281.0,907.0
757.0,907.0
276.0,908.0
784.0,909.0
811.0,909.0
909.0,962.0
343.0,910.0
511.0,910.0
710.0,910.0
713.0,910.0
738.0,910.0
827.0,910.0
255.0,911.0
754.0,911.0
765.0,911.0
847.0,911.0
910.0,911.0
911.0,991.0
31.0,912.0
489.0,912.0
703.0,912.0
756.0,912.0
804.0,912.0
832.0,912.0
912.0,949.0
912.0,993.0
621.0,913.0
677.0,913.0
686.0,913.0
768.0,913.0
913.0,971.0
251.0,914.0
674.0,914.0
894.0,914.0
914.0,944.0
26.0,915.0
788.0,915.0
845.0,915.0
853.0,915.0
658.0,916.0
745.0,916.0
843.0,916.0
210.0,917.0
370.0,917.0
573.0,917.0
825.0,917.0
917.0,975.0
44.0,918.0
662.0,918.0
873.0,918.0
918.0,984.0
408.0,919.0
713.0,919.0
786.0,919.0
836.0,919.0
844.0,919.0
919.0,949.0
452.0,920.0
783.0,920.0
806.0,920.0
903.0,920.0
920.0,926.0
193.0,921.0
667.0,921.0
921.0,939.0
216.0,922.0
693.0,922.0
694.0,922.0
808.0,922.0
850.0,922.0
922.0,975.0
922.0,984.0
663.0,923.0
674.0,923.0
766.0,923.0
819.0,923.0
910.0,923.0
923.0,964.0
923.0,975.0
237.0,924.0
259.0,924.0
553.0,924.0
728.0,924.0
912.0,924.0
924.0,950.0
924.0,982.0
737.0,925.0
521.0,926.0
801.0,926.0
885.0,926.0
897.0,926.0
707.0,927.0
748.0,927.0
774.0,927.0
834.0,927.0
164.0,928.0
758.0,928.0
864.0,928.0
873.0,928.0
928.0,947.0
615.0,929.0
895.0,929.0
929.0,931.0
193.0,930.0
671.0,930.0
880.0,930.0
898.0,930.0
764.0,931.0
772.0,931.0
795.0,931.0
931.0,983.0
931.0,997.0
0.0,932.0
678.0,933.0
717.0,933.0
743.0,933.0
822.0,933.0
933.0,961.0
467.0,934.0
527.0,934.0
649.0,934.0
702.0,934.0
849.0,934.0
854.0,934.0
856.0,934.0
920.0,934.0
924.0,934.0
930.0,934.0
934.0,993.0
168.0,935.0
289.0,935.0
719.0,935.0
739.0,935.0
749.0,935.0
851.0,935.0
935.0,936.0
462.0,936.0
803.0,936.0
907.0,936.0
915.0,936.0
936.0,957.0
105.0,937.0
661.0,937.0
790.0,937.0
899.0,937.0
546.0,938.0
770.0,938.0
895.0,938.0
82.0,939.0
290.0,939.0
679.0,939.0
691.0,939.0
698.0,939.0
720.0,939.0
836.0,939.0
939.0,997.0
755.0,940.0
921.0,940.0
312.0,941.0
424.0,941.0
560.0,941.0
749.0,941.0
873.0,941.0
941.0,945.0
832.0,942.0
925.0,942.0
942.0,993.0
698.0,943.0
700.0,943.0
866.0,943.0
434.0,944.0
453.0,944.0
724.0,944.0
755.0,944.0
837.0,944.0
165.0,945.0
417.0,945.0
509.0,945.0
664.0,945.0
668.0,945.0
703.0,945.0
726.0,945.0
757.0,945.0
784.0,945.0
925.0,945.0
945.0,990.0
293.0,946.0
328.0,946.0
826.0,946.0
909.0,946.0
258.0,947.0
312.0,947.0
701.0,947.0
741.0,947.0
832.0,947.0
842.0,947.0
932.0,947.0
947.0,979.0
421.0,948.0
673.0,948.0
735.0,948.0
927.0,948.0
46.0,949.0
105.0,949.0
797.0,949.0
859.0,949.0
949.0,971.0
325.0,950.0
419.0,950.0
424.0,950.0
764.0,950.0
814.0,950.0
854.0,950.0
865.0,950.0
936.0,950.0
950.0,996.0
100.0,951.0
144.0,951.0
237.0,951.0
383.0,951.0
822.0,951.0
846.0,951.0
861.0,951.0
904.0,951.0
951.0,957.0
471.0,952.0
880.0,952.0
896.0,952.0
916.0,952.0
949.0,952.0
952.0,960.0
727.0,953.0
888.0,953.0
891.0,953.0
915.0,953.0
361.0,954.0
668.0,954.0
723.0,954.0
840.0,954.0
298.0,955.0
675.0,955.0
903.0,955.0
912.0,955.0
156.0,956.0
181.0,956.0
745.0,956.0
770.0,956.0
802.0,956.0
819.0,956.0
853.0,956.0
865.0,956.0
517.0,957.0
694.0,957.0
831.0,957.0
123.0,958.0
544.0,958.0
679.0,958.0
896.0,958.0
628.0,959.0
685.0,959.0
760.0,959.0
848.0,959.0
902.0,959.0
959.0,979.0
959.0,980.0
407.0,960.0
702.0,960.0
706.0,960.0
729.0,960.0
905.0,960.0
960.0,985.0
208.0,961.0
317.0,961.0
672.0,961.0
723.0,961.0
750.0,961.0
777.0,961.0
794.0,961.0
814.0,961.0
961.0,967.0
701.0,962.0
740.0,962.0
893.0,962.0
956.0,962.0
941.0,963.0
688.0,964.0
777.0,964.0
951.0,964.0
126.0,965.0
730.0,965.0
751.0,965.0
872.0,965.0
965.0,971.0
833.0,966.0
887.0,966.0
585.0,967.0
883.0,967.0
715.0,968.0
766.0,968.0
785.0,968.0
792.0,968.0
905.0,968.0
967.0,968.0
784.0,969.0
861.0,969.0
903.0,969.0
942.0,969.0
31.0,970.0
406.0,970.0
602.0,970.0
799.0,970.0
808.0,970.0
653.0,971.0
692.0,971.0
788.0,971.0
900.0,971.0
920.0,971.0
789.0,972.0
945.0,972.0
334.0,973.0
351.0,973.0
591.0,973.0
685.0,973.0
782.0,973.0
813.0,973.0
882.0,973.0
918.0,973.0
133.0,974.0
669.0,974.0
674.0,974.0
700.0,974.0
801.0,974.0
891.0,974.0
923.0,974.0
972.0,974.0
783.0,975.0
849.0,975.0
94.0,976.0
783.0,976.0
851.0,976.0
940.0,976.0
508.0,977.0
610.0,977.0
857.0,977.0
977.0,984.0
356.0,978.0
184.0,979.0
670.0,979.0
699.0,979.0
724.0,979.0
768.0,979.0
808.0,979.0
441.0,980.0
694.0,980.0
725.0,980.0
766.0,980.0
838.0,980.0
978.0,980.0
980.0,985.0
513.0,981.0
539.0,981.0
827.0,981.0
869.0,981.0
665.0,982.0
819.0,982.0
982.0,992.0
23.0,983.0
786.0,983.0
809.0,983.0
853.0,983.0
854.0,983.0
857.0,983.0
861.0,983.0
115.0,984.0
812.0,984.0
878.0,984.0
886.0,984.0
942.0,984.0
42.0,985.0
182.0,985.0
397.0,985.0
701.0,985.0
862.0,985.0
985.0,996.0
324.0,986.0
378.0,986.0
685.0,986.0
787.0,986.0
837.0,986.0
876.0,986.0
951.0,986.0
952.0,986.0
462.0,987.0
700.0,987.0
705.0,987.0
830.0,987.0
429.0,988.0
700.0,988.0
843.0,988.0
845.0,988.0
988.0,998.0
76.0,989.0
744.0,989.0
873.0,989.0
917.0,989.0
962.0,989.0
790.0,990.0
936.0,990.0
196.0,991.0
469.0,991.0
537.0,991.0
648.0,991.0
699.0,991.0
785.0,991.0
873.0,992.0
891.0,992.0
622.0,993.0
783.0,993.0
834.0,993.0
882.0,993.0
895.0,993.0
906.0,993.0
941.0,993.0
587.0,994.0
753.0,994.0
920.0,994.0
947.0,994.0
958.0,994.0
980.0,994.0
453.0,995.0
747.0,995.0
835.0,995.0
55.0,996.0
211.0,996.0
526.0,996.0
719.0,996.0
851.0,996.0
856.0,996.0
879.0,996.0
897.0,996.0
946.0,996.0
992.0,996.0
795.0,997.0
842.0,997.0
889.0,997.0
898.0,997.0
984.0,997.0
712.0,998.0
777.0,998.0
842.0,998.0
843.0,998.0
849.0,998.0
940.0,998.0
26.0,999.0
138.0,999.0
347.0,999.0
869.0,999.0
