i,j
24.0,0.0
39.0,0.0
51.0,0.0
226.0,0.0
259.0,0.0
265.0,0.0
273.0,0.0
708.0,0.0
109.0,1.0
243.0,1.0
246.0,1.0
259.0,1.0
269.0,1.0
359.0,1.0
631.0,1.0
41.0,2.0
150.0,2.0
272.0,2.0
618.0,2.0
3.0,0.0
29.0,3.0
302.0,3.0
306.0,3.0
49.0,4.0
110.0,4.0
204.0,4.0
256.0,4.0
299.0,4.0
404.0,4.0
902.0,4.0
15.0,5.0
49.0,5.0
120.0,5.0
137.0,5.0
215.0,5.0
223.0,5.0
19.0,6.0
97.0,6.0
156.0,6.0
676.0,6.0
707.0,6.0
751.0,6.0
43.0,7.0
77.0,7.0
144.0,7.0
240.0,7.0
429.0,7.0
25.0,8.0
208.0,8.0
212.0,8.0
245.0,8.0
291.0,8.0
593.0,8.0
837.0,8.0
109.0,9.0
152.0,9.0
183.0,9.0
204.0,9.0
328.0,9.0
111.0,10.0
125.0,10.0
128.0,10.0
143.0,10.0
203.0,10.0
353.0,10.0
177.0,11.0
476.0,11.0
488.0,11.0
117.0,12.0
659.0,12.0
810.0,12.0
955.0,12.0
26.0,13.0
517.0,13.0
139.0,14.0
294.0,14.0
15.0,9.0
25.0,15.0
16.0,15.0
65.0,16.0
132.0,16.0
184.0,16.0
189.0,16.0
205.0,16.0
312.0,16.0
618.0,16.0
850.0,16.0
893.0,16.0
120.0,17.0
130.0,17.0
255.0,17.0
648.0,17.0
32.0,18.0
106.0,18.0
182.0,18.0
251.0,18.0
253.0,18.0
295.0,18.0
796.0,18.0
73.0,19.0
79.0,19.0
251.0,19.0
329.0,19.0
330.0,19.0
420.0,19.0
121.0,20.0
157.0,20.0
160.0,20.0
349.0,20.0
669.0,20.0
846.0,20.0
864.0,20.0
887.0,20.0
288.0,21.0
705.0,21.0
773.0,21.0
931.0,21.0
37.0,22.0
50.0,22.0
201.0,22.0
244.0,22.0
495.0,22.0
753.0,22.0
791.0,22.0
52.0,23.0
87.0,23.0
107.0,23.0
206.0,23.0
223.0,23.0
999.0,23.0
249.0,24.0
637.0,24.0
161.0,25.0
176.0,25.0
190.0,25.0
229.0,25.0
238.0,25.0
286.0,25.0
303.0,25.0
79.0,26.0
98.0,26.0
99.0,26.0
183.0,26.0
283.0,26.0
852.0,26.0
27.0,26.0
191.0,27.0
193.0,27.0
229.0,27.0
237.0,27.0
256.0,27.0
834.0,27.0
200.0,28.0
261.0,28.0
277.0,28.0
278.0,28.0
29.0,9.0
29.0,17.0
64.0,29.0
94.0,29.0
207.0,29.0
330.0,29.0
887.0,29.0
30.0,13.0
96.0,30.0
299.0,30.0
506.0,30.0
31.0,13.0
31.0,17.0
49.0,31.0
78.0,31.0
178.0,31.0
188.0,31.0
192.0,31.0
219.0,31.0
657.0,31.0
32.0,19.0
324.0,32.0
409.0,32.0
33.0,28.0
137.0,33.0
216.0,33.0
398.0,33.0
525.0,33.0
659.0,33.0
731.0,33.0
999.0,33.0
34.0,23.0
34.0,28.0
161.0,34.0
220.0,34.0
273.0,34.0
313.0,34.0
324.0,34.0
381.0,34.0
695.0,34.0
948.0,34.0
965.0,34.0
185.0,35.0
257.0,35.0
301.0,35.0
308.0,35.0
497.0,35.0
548.0,35.0
36.0,12.0
100.0,36.0
177.0,36.0
183.0,36.0
186.0,36.0
285.0,36.0
344.0,36.0
368.0,36.0
541.0,36.0
295.0,37.0
322.0,37.0
635.0,37.0
195.0,38.0
243.0,38.0
248.0,38.0
78.0,39.0
106.0,39.0
270.0,39.0
994.0,39.0
40.0,35.0
52.0,40.0
56.0,40.0
128.0,40.0
225.0,40.0
273.0,40.0
587.0,40.0
41.0,0.0
41.0,22.0
81.0,41.0
94.0,41.0
193.0,41.0
42.0,12.0
42.0,26.0
66.0,42.0
270.0,42.0
277.0,42.0
978.0,42.0
123.0,43.0
157.0,43.0
308.0,43.0
757.0,43.0
44.0,43.0
69.0,44.0
972.0,44.0
452.0,45.0
122.0,46.0
153.0,46.0
161.0,46.0
210.0,46.0
234.0,46.0
257.0,46.0
278.0,46.0
654.0,46.0
290.0,47.0
332.0,47.0
333.0,47.0
48.0,5.0
89.0,48.0
183.0,48.0
190.0,48.0
211.0,48.0
316.0,48.0
49.0,14.0
49.0,22.0
74.0,49.0
75.0,49.0
95.0,49.0
117.0,49.0
176.0,49.0
225.0,49.0
226.0,49.0
263.0,49.0
274.0,49.0
283.0,49.0
481.0,49.0
564.0,49.0
50.0,9.0
208.0,50.0
317.0,50.0
593.0,50.0
610.0,50.0
51.0,23.0
51.0,28.0
269.0,51.0
280.0,51.0
53.0,52.0
69.0,52.0
123.0,52.0
157.0,52.0
175.0,52.0
261.0,52.0
303.0,52.0
393.0,52.0
270.0,53.0
77.0,54.0
222.0,54.0
658.0,54.0
688.0,54.0
270.0,55.0
663.0,55.0
56.0,14.0
157.0,56.0
206.0,56.0
257.0,56.0
286.0,56.0
294.0,56.0
64.0,57.0
155.0,57.0
164.0,57.0
190.0,57.0
227.0,57.0
237.0,57.0
283.0,57.0
381.0,57.0
889.0,57.0
58.0,11.0
59.0,58.0
157.0,58.0
188.0,58.0
235.0,58.0
241.0,58.0
265.0,59.0
561.0,59.0
708.0,59.0
775.0,59.0
60.0,7.0
64.0,60.0
165.0,60.0
221.0,60.0
773.0,60.0
848.0,60.0
116.0,61.0
231.0,61.0
473.0,61.0
497.0,61.0
733.0,61.0
62.0,57.0
131.0,62.0
295.0,62.0
504.0,62.0
112.0,63.0
237.0,63.0
277.0,63.0
817.0,63.0
90.0,64.0
142.0,64.0
197.0,64.0
331.0,64.0
371.0,64.0
780.0,64.0
65.0,43.0
86.0,65.0
209.0,65.0
262.0,65.0
308.0,65.0
903.0,65.0
66.0,62.0
119.0,66.0
247.0,66.0
321.0,66.0
67.0,38.0
146.0,67.0
156.0,67.0
289.0,67.0
490.0,67.0
839.0,67.0
235.0,68.0
326.0,68.0
530.0,68.0
672.0,68.0
809.0,68.0
69.0,22.0
96.0,69.0
262.0,69.0
598.0,69.0
924.0,69.0
70.0,60.0
118.0,70.0
125.0,70.0
163.0,70.0
267.0,70.0
398.0,70.0
71.0,10.0
71.0,20.0
128.0,71.0
248.0,71.0
805.0,71.0
72.0,23.0
72.0,37.0
84.0,72.0
216.0,72.0
260.0,72.0
306.0,72.0
471.0,72.0
587.0,72.0
931.0,72.0
124.0,73.0
181.0,73.0
211.0,73.0
223.0,73.0
290.0,73.0
294.0,73.0
74.0,64.0
75.0,74.0
179.0,74.0
246.0,74.0
498.0,74.0
730.0,74.0
95.0,75.0
198.0,75.0
459.0,75.0
835.0,75.0
157.0,76.0
321.0,76.0
490.0,76.0
163.0,77.0
212.0,77.0
260.0,77.0
296.0,77.0
776.0,77.0
871.0,77.0
78.0,1.0
188.0,78.0
204.0,78.0
287.0,78.0
296.0,78.0
725.0,78.0
79.0,4.0
79.0,18.0
281.0,79.0
317.0,79.0
474.0,79.0
80.0,53.0
248.0,80.0
81.0,32.0
99.0,81.0
428.0,81.0
102.0,82.0
199.0,82.0
241.0,82.0
712.0,82.0
558.0,83.0
233.0,84.0
107.0,85.0
234.0,85.0
293.0,85.0
334.0,85.0
437.0,85.0
806.0,85.0
849.0,85.0
86.0,48.0
86.0,49.0
109.0,86.0
152.0,86.0
195.0,86.0
221.0,86.0
253.0,86.0
258.0,86.0
261.0,86.0
87.0,2.0
87.0,60.0
87.0,72.0
206.0,87.0
707.0,87.0
88.0,83.0
93.0,88.0
320.0,88.0
613.0,88.0
845.0,88.0
89.0,14.0
89.0,66.0
191.0,89.0
793.0,89.0
90.0,15.0
90.0,35.0
115.0,90.0
118.0,90.0
155.0,90.0
213.0,90.0
615.0,90.0
91.0,8.0
98.0,91.0
122.0,91.0
145.0,91.0
230.0,91.0
468.0,91.0
519.0,91.0
590.0,91.0
92.0,67.0
92.0,89.0
93.0,92.0
270.0,92.0
308.0,92.0
93.0,3.0
93.0,63.0
93.0,90.0
116.0,93.0
117.0,93.0
198.0,93.0
200.0,93.0
230.0,93.0
281.0,93.0
299.0,93.0
604.0,93.0
94.0,10.0
94.0,16.0
137.0,94.0
960.0,94.0
95.0,3.0
95.0,46.0
95.0,87.0
125.0,95.0
557.0,95.0
96.0,13.0
132.0,96.0
202.0,96.0
277.0,96.0
440.0,96.0
636.0,96.0
778.0,96.0
857.0,96.0
919.0,96.0
97.0,19.0
97.0,70.0
97.0,93.0
168.0,97.0
179.0,97.0
316.0,97.0
610.0,97.0
320.0,98.0
308.0,99.0
553.0,99.0
100.0,37.0
114.0,100.0
298.0,100.0
999.0,100.0
101.0,63.0
110.0,101.0
102.0,38.0
185.0,102.0
481.0,102.0
539.0,102.0
109.0,103.0
104.0,70.0
104.0,88.0
227.0,104.0
105.0,26.0
105.0,60.0
105.0,63.0
146.0,105.0
204.0,105.0
328.0,105.0
838.0,105.0
106.0,43.0
106.0,44.0
331.0,106.0
801.0,106.0
107.0,17.0
228.0,107.0
260.0,107.0
108.0,28.0
108.0,29.0
108.0,67.0
830.0,108.0
263.0,109.0
265.0,109.0
311.0,109.0
264.0,110.0
627.0,110.0
817.0,110.0
111.0,17.0
111.0,47.0
130.0,111.0
131.0,111.0
160.0,111.0
328.0,111.0
417.0,111.0
112.0,43.0
112.0,58.0
224.0,112.0
228.0,112.0
679.0,112.0
810.0,112.0
959.0,112.0
113.0,44.0
113.0,98.0
121.0,113.0
130.0,113.0
263.0,113.0
114.0,66.0
114.0,94.0
168.0,114.0
213.0,114.0
326.0,114.0
597.0,114.0
648.0,114.0
941.0,114.0
979.0,114.0
115.0,6.0
118.0,115.0
133.0,115.0
140.0,115.0
239.0,115.0
263.0,115.0
306.0,115.0
116.0,33.0
116.0,82.0
175.0,116.0
197.0,116.0
866.0,116.0
117.0,77.0
329.0,117.0
919.0,117.0
942.0,117.0
118.0,18.0
118.0,108.0
186.0,118.0
226.0,118.0
293.0,118.0
119.0,100.0
119.0,118.0
155.0,119.0
217.0,119.0
270.0,119.0
634.0,119.0
120.0,49.0
312.0,120.0
566.0,120.0
121.0,100.0
647.0,121.0
954.0,121.0
122.0,40.0
138.0,122.0
251.0,122.0
320.0,122.0
564.0,122.0
646.0,122.0
781.0,122.0
833.0,122.0
960.0,122.0
123.0,106.0
205.0,123.0
316.0,123.0
124.0,43.0
124.0,47.0
182.0,124.0
186.0,124.0
249.0,124.0
125.0,42.0
170.0,125.0
283.0,125.0
357.0,125.0
513.0,125.0
307.0,126.0
348.0,126.0
639.0,126.0
916.0,126.0
273.0,127.0
304.0,127.0
307.0,127.0
310.0,127.0
512.0,127.0
925.0,127.0
128.0,116.0
245.0,128.0
251.0,128.0
129.0,10.0
129.0,16.0
129.0,43.0
129.0,110.0
129.0,116.0
200.0,129.0
256.0,129.0
130.0,11.0
130.0,62.0
265.0,130.0
531.0,130.0
131.0,22.0
222.0,131.0
282.0,131.0
559.0,131.0
982.0,131.0
132.0,13.0
132.0,89.0
133.0,28.0
133.0,106.0
256.0,133.0
262.0,133.0
300.0,133.0
325.0,133.0
134.0,12.0
134.0,46.0
134.0,50.0
134.0,67.0
555.0,134.0
135.0,40.0
135.0,45.0
182.0,135.0
236.0,135.0
315.0,135.0
329.0,135.0
702.0,135.0
780.0,135.0
983.0,135.0
136.0,104.0
136.0,124.0
732.0,136.0
154.0,137.0
188.0,137.0
288.0,137.0
318.0,137.0
138.0,99.0
138.0,110.0
175.0,138.0
180.0,138.0
289.0,138.0
139.0,6.0
139.0,98.0
139.0,106.0
140.0,50.0
152.0,140.0
208.0,140.0
172.0,141.0
142.0,109.0
190.0,142.0
221.0,142.0
260.0,142.0
592.0,142.0
729.0,142.0
867.0,142.0
222.0,143.0
340.0,143.0
174.0,144.0
253.0,144.0
282.0,144.0
145.0,47.0
169.0,145.0
209.0,145.0
267.0,145.0
308.0,145.0
453.0,145.0
164.0,146.0
326.0,146.0
147.0,21.0
147.0,123.0
465.0,147.0
148.0,80.0
148.0,115.0
328.0,148.0
484.0,148.0
618.0,148.0
149.0,65.0
149.0,138.0
926.0,149.0
150.0,104.0
150.0,144.0
240.0,150.0
989.0,150.0
185.0,151.0
191.0,151.0
659.0,151.0
865.0,151.0
891.0,151.0
914.0,151.0
152.0,22.0
152.0,25.0
152.0,92.0
238.0,152.0
634.0,152.0
828.0,152.0
968.0,152.0
153.0,3.0
153.0,32.0
153.0,123.0
153.0,130.0
222.0,153.0
289.0,153.0
436.0,153.0
845.0,153.0
954.0,153.0
154.0,23.0
154.0,25.0
563.0,154.0
698.0,154.0
155.0,59.0
175.0,155.0
241.0,155.0
770.0,155.0
962.0,155.0
156.0,6.0
156.0,145.0
259.0,156.0
272.0,156.0
157.0,21.0
157.0,141.0
857.0,157.0
919.0,157.0
158.0,150.0
308.0,158.0
844.0,158.0
159.0,157.0
177.0,159.0
303.0,159.0
403.0,159.0
867.0,159.0
160.0,19.0
160.0,20.0
160.0,46.0
160.0,93.0
166.0,160.0
167.0,160.0
196.0,160.0
209.0,160.0
278.0,160.0
775.0,160.0
161.0,128.0
220.0,161.0
281.0,161.0
548.0,161.0
162.0,6.0
197.0,162.0
495.0,162.0
163.0,5.0
163.0,34.0
163.0,92.0
163.0,94.0
163.0,123.0
397.0,163.0
164.0,136.0
164.0,139.0
170.0,164.0
299.0,164.0
635.0,164.0
716.0,164.0
165.0,130.0
197.0,165.0
243.0,165.0
263.0,165.0
360.0,165.0
166.0,106.0
309.0,166.0
366.0,166.0
533.0,166.0
815.0,166.0
167.0,151.0
265.0,167.0
284.0,167.0
302.0,167.0
737.0,167.0
986.0,167.0
168.0,3.0
168.0,30.0
268.0,168.0
479.0,168.0
560.0,168.0
900.0,168.0
932.0,168.0
194.0,169.0
687.0,169.0
274.0,170.0
635.0,170.0
874.0,170.0
171.0,83.0
429.0,171.0
440.0,171.0
846.0,171.0
172.0,33.0
271.0,172.0
313.0,172.0
173.0,93.0
173.0,98.0
250.0,173.0
894.0,173.0
174.0,100.0
174.0,132.0
181.0,174.0
249.0,174.0
292.0,174.0
175.0,1.0
175.0,103.0
175.0,121.0
326.0,175.0
842.0,176.0
177.0,7.0
177.0,21.0
178.0,15.0
178.0,27.0
253.0,178.0
179.0,56.0
179.0,116.0
202.0,179.0
296.0,179.0
310.0,179.0
506.0,179.0
180.0,51.0
221.0,180.0
279.0,180.0
317.0,180.0
400.0,180.0
745.0,180.0
181.0,116.0
186.0,181.0
229.0,181.0
237.0,181.0
331.0,181.0
692.0,181.0
182.0,39.0
182.0,97.0
300.0,182.0
491.0,182.0
183.0,104.0
183.0,122.0
257.0,183.0
824.0,183.0
835.0,183.0
184.0,45.0
245.0,184.0
283.0,184.0
811.0,184.0
185.0,6.0
185.0,13.0
185.0,72.0
185.0,112.0
185.0,142.0
186.0,18.0
186.0,26.0
186.0,60.0
186.0,102.0
186.0,119.0
236.0,186.0
999.0,186.0
205.0,187.0
299.0,187.0
312.0,187.0
410.0,187.0
905.0,187.0
924.0,187.0
188.0,55.0
273.0,188.0
698.0,188.0
189.0,163.0
198.0,189.0
227.0,189.0
231.0,189.0
708.0,189.0
826.0,189.0
866.0,189.0
190.0,143.0
190.0,149.0
191.0,190.0
293.0,190.0
325.0,190.0
191.0,93.0
191.0,159.0
191.0,164.0
297.0,191.0
919.0,191.0
192.0,21.0
192.0,129.0
193.0,192.0
194.0,192.0
224.0,192.0
263.0,192.0
268.0,192.0
869.0,192.0
193.0,34.0
271.0,193.0
635.0,193.0
194.0,15.0
194.0,59.0
199.0,194.0
230.0,194.0
239.0,194.0
702.0,194.0
195.0,19.0
195.0,83.0
195.0,163.0
282.0,195.0
885.0,195.0
196.0,29.0
196.0,103.0
444.0,196.0
197.0,46.0
197.0,50.0
197.0,82.0
197.0,151.0
197.0,186.0
198.0,89.0
198.0,164.0
198.0,186.0
234.0,198.0
324.0,198.0
199.0,75.0
199.0,78.0
199.0,90.0
200.0,30.0
200.0,102.0
200.0,127.0
200.0,188.0
284.0,200.0
321.0,200.0
525.0,200.0
717.0,200.0
201.0,78.0
313.0,201.0
202.0,161.0
227.0,202.0
293.0,202.0
326.0,202.0
203.0,34.0
203.0,124.0
242.0,203.0
204.0,76.0
959.0,204.0
205.0,15.0
205.0,61.0
228.0,205.0
261.0,205.0
288.0,205.0
524.0,205.0
729.0,205.0
206.0,37.0
206.0,82.0
206.0,205.0
298.0,206.0
837.0,206.0
207.0,70.0
207.0,81.0
207.0,187.0
326.0,207.0
489.0,207.0
596.0,207.0
208.0,10.0
269.0,208.0
972.0,208.0
209.0,82.0
828.0,209.0
210.0,11.0
210.0,59.0
232.0,210.0
233.0,210.0
411.0,210.0
211.0,162.0
211.0,173.0
303.0,211.0
445.0,211.0
752.0,211.0
212.0,58.0
212.0,100.0
212.0,206.0
221.0,212.0
743.0,212.0
213.0,54.0
213.0,158.0
213.0,188.0
213.0,196.0
271.0,213.0
214.0,70.0
238.0,214.0
869.0,214.0
225.0,215.0
241.0,215.0
376.0,215.0
216.0,142.0
265.0,216.0
476.0,216.0
593.0,216.0
217.0,45.0
217.0,135.0
289.0,217.0
218.0,110.0
218.0,183.0
242.0,218.0
446.0,218.0
455.0,218.0
999.0,218.0
219.0,59.0
219.0,216.0
304.0,219.0
322.0,219.0
643.0,219.0
299.0,220.0
532.0,220.0
673.0,220.0
221.0,25.0
221.0,168.0
223.0,221.0
445.0,221.0
222.0,38.0
222.0,100.0
222.0,159.0
370.0,222.0
605.0,222.0
223.0,80.0
223.0,211.0
231.0,223.0
319.0,223.0
816.0,223.0
224.0,49.0
250.0,224.0
264.0,224.0
225.0,151.0
238.0,225.0
274.0,225.0
302.0,225.0
226.0,118.0
226.0,182.0
273.0,226.0
330.0,226.0
839.0,226.0
227.0,67.0
227.0,102.0
227.0,117.0
306.0,227.0
942.0,227.0
228.0,33.0
228.0,46.0
307.0,228.0
665.0,228.0
229.0,13.0
229.0,57.0
229.0,102.0
234.0,229.0
230.0,65.0
230.0,116.0
230.0,162.0
321.0,230.0
703.0,230.0
777.0,230.0
231.0,48.0
231.0,80.0
260.0,231.0
266.0,231.0
280.0,231.0
730.0,231.0
888.0,231.0
232.0,82.0
232.0,143.0
232.0,188.0
232.0,211.0
247.0,232.0
351.0,232.0
312.0,233.0
315.0,233.0
234.0,45.0
234.0,161.0
234.0,186.0
234.0,204.0
234.0,230.0
568.0,234.0
235.0,45.0
235.0,77.0
235.0,92.0
235.0,98.0
235.0,176.0
296.0,235.0
323.0,235.0
503.0,235.0
708.0,235.0
997.0,235.0
236.0,27.0
236.0,186.0
236.0,220.0
237.0,57.0
237.0,93.0
237.0,159.0
269.0,237.0
730.0,237.0
795.0,237.0
859.0,237.0
270.0,238.0
326.0,238.0
239.0,70.0
239.0,193.0
239.0,226.0
239.0,237.0
256.0,239.0
281.0,239.0
294.0,239.0
240.0,163.0
240.0,182.0
624.0,240.0
241.0,58.0
241.0,71.0
241.0,194.0
280.0,241.0
242.0,39.0
283.0,242.0
291.0,242.0
298.0,242.0
595.0,242.0
945.0,242.0
243.0,87.0
243.0,119.0
243.0,159.0
243.0,162.0
243.0,199.0
306.0,243.0
830.0,243.0
875.0,243.0
244.0,35.0
244.0,61.0
244.0,86.0
313.0,244.0
330.0,244.0
245.0,4.0
245.0,101.0
245.0,161.0
245.0,173.0
643.0,245.0
246.0,7.0
246.0,36.0
246.0,48.0
246.0,157.0
246.0,201.0
590.0,246.0
247.0,22.0
247.0,84.0
291.0,247.0
297.0,247.0
321.0,247.0
677.0,247.0
733.0,247.0
783.0,247.0
935.0,247.0
248.0,0.0
249.0,108.0
323.0,249.0
609.0,249.0
250.0,39.0
250.0,58.0
250.0,107.0
277.0,250.0
282.0,250.0
936.0,250.0
251.0,140.0
251.0,175.0
251.0,240.0
542.0,251.0
940.0,251.0
252.0,29.0
252.0,68.0
252.0,76.0
252.0,238.0
267.0,252.0
272.0,252.0
293.0,252.0
253.0,76.0
253.0,183.0
253.0,245.0
297.0,253.0
404.0,253.0
866.0,253.0
254.0,143.0
255.0,82.0
255.0,84.0
255.0,176.0
277.0,255.0
297.0,255.0
256.0,86.0
256.0,94.0
287.0,256.0
309.0,256.0
738.0,256.0
257.0,40.0
257.0,103.0
257.0,122.0
257.0,158.0
314.0,257.0
258.0,2.0
258.0,30.0
258.0,49.0
258.0,78.0
258.0,109.0
258.0,110.0
295.0,258.0
298.0,258.0
410.0,258.0
490.0,259.0
260.0,31.0
260.0,152.0
260.0,154.0
260.0,171.0
296.0,260.0
322.0,260.0
415.0,260.0
975.0,260.0
261.0,78.0
261.0,92.0
294.0,261.0
431.0,261.0
798.0,261.0
818.0,261.0
870.0,261.0
262.0,131.0
262.0,211.0
266.0,262.0
878.0,262.0
263.0,199.0
263.0,219.0
263.0,260.0
710.0,263.0
933.0,263.0
995.0,263.0
264.0,7.0
265.0,12.0
265.0,29.0
265.0,76.0
265.0,251.0
272.0,265.0
266.0,5.0
266.0,15.0
266.0,120.0
266.0,172.0
266.0,229.0
266.0,232.0
291.0,266.0
267.0,104.0
267.0,159.0
322.0,267.0
575.0,267.0
954.0,267.0
969.0,267.0
268.0,170.0
268.0,235.0
329.0,268.0
625.0,268.0
722.0,268.0
269.0,4.0
269.0,36.0
269.0,89.0
269.0,100.0
269.0,106.0
269.0,208.0
276.0,269.0
859.0,269.0
270.0,58.0
307.0,270.0
271.0,40.0
271.0,74.0
271.0,133.0
271.0,238.0
282.0,271.0
291.0,271.0
272.0,4.0
273.0,62.0
273.0,87.0
273.0,176.0
273.0,213.0
273.0,241.0
274.0,51.0
274.0,253.0
274.0,269.0
274.0,273.0
478.0,274.0
823.0,274.0
275.0,122.0
275.0,254.0
276.0,185.0
675.0,276.0
906.0,276.0
277.0,3.0
277.0,168.0
277.0,176.0
277.0,187.0
277.0,267.0
277.0,270.0
281.0,277.0
284.0,277.0
302.0,277.0
278.0,122.0
278.0,142.0
304.0,278.0
405.0,278.0
803.0,278.0
279.0,46.0
279.0,189.0
651.0,279.0
280.0,74.0
280.0,86.0
280.0,157.0
280.0,174.0
280.0,189.0
733.0,280.0
281.0,56.0
281.0,248.0
281.0,275.0
673.0,281.0
684.0,281.0
282.0,212.0
328.0,282.0
352.0,282.0
812.0,282.0
903.0,282.0
283.0,63.0
304.0,283.0
410.0,283.0
284.0,17.0
284.0,20.0
284.0,99.0
284.0,157.0
284.0,184.0
284.0,238.0
299.0,284.0
285.0,45.0
830.0,285.0
286.0,8.0
286.0,160.0
286.0,268.0
789.0,286.0
287.0,30.0
287.0,121.0
933.0,287.0
288.0,126.0
288.0,131.0
288.0,258.0
288.0,277.0
289.0,13.0
325.0,289.0
513.0,289.0
775.0,289.0
290.0,153.0
458.0,290.0
465.0,290.0
467.0,290.0
291.0,25.0
291.0,178.0
291.0,194.0
316.0,291.0
795.0,291.0
292.0,58.0
493.0,292.0
999.0,292.0
300.0,293.0
523.0,293.0
588.0,293.0
796.0,293.0
857.0,293.0
913.0,293.0
294.0,9.0
294.0,70.0
294.0,266.0
539.0,294.0
795.0,294.0
295.0,171.0
364.0,295.0
867.0,295.0
296.0,1.0
296.0,32.0
296.0,272.0
819.0,296.0
297.0,38.0
297.0,154.0
297.0,164.0
297.0,261.0
305.0,297.0
298.0,18.0
298.0,142.0
298.0,229.0
300.0,298.0
703.0,298.0
976.0,298.0
299.0,256.0
299.0,258.0
299.0,259.0
300.0,26.0
300.0,72.0
300.0,169.0
300.0,199.0
300.0,222.0
300.0,236.0
300.0,284.0
549.0,300.0
562.0,300.0
890.0,300.0
301.0,44.0
301.0,176.0
321.0,301.0
350.0,301.0
359.0,301.0
302.0,95.0
302.0,117.0
302.0,212.0
302.0,273.0
302.0,285.0
429.0,302.0
613.0,302.0
947.0,302.0
303.0,192.0
304.0,114.0
304.0,181.0
304.0,274.0
305.0,296.0
957.0,305.0
306.0,3.0
306.0,6.0
306.0,268.0
510.0,306.0
901.0,306.0
307.0,119.0
307.0,122.0
307.0,164.0
308.0,286.0
309.0,1.0
309.0,100.0
309.0,137.0
309.0,190.0
609.0,309.0
678.0,309.0
310.0,31.0
310.0,89.0
310.0,91.0
310.0,102.0
310.0,108.0
310.0,200.0
310.0,237.0
323.0,310.0
726.0,310.0
311.0,296.0
677.0,311.0
312.0,119.0
312.0,276.0
863.0,312.0
948.0,312.0
313.0,118.0
313.0,122.0
313.0,230.0
314.0,41.0
314.0,234.0
314.0,263.0
314.0,273.0
436.0,314.0
533.0,314.0
315.0,36.0
315.0,246.0
735.0,315.0
970.0,315.0
316.0,95.0
316.0,163.0
316.0,183.0
316.0,310.0
807.0,316.0
846.0,316.0
317.0,0.0
317.0,215.0
317.0,309.0
318.0,59.0
318.0,127.0
318.0,155.0
318.0,196.0
481.0,318.0
833.0,318.0
319.0,53.0
319.0,193.0
319.0,290.0
367.0,319.0
853.0,319.0
830.0,320.0
321.0,86.0
321.0,115.0
321.0,156.0
321.0,270.0
321.0,291.0
321.0,300.0
467.0,321.0
322.0,77.0
322.0,227.0
322.0,268.0
322.0,318.0
323.0,7.0
323.0,97.0
323.0,148.0
736.0,323.0
324.0,93.0
324.0,139.0
324.0,170.0
325.0,107.0
325.0,110.0
325.0,199.0
548.0,325.0
326.0,35.0
326.0,58.0
326.0,236.0
326.0,239.0
326.0,280.0
326.0,294.0
326.0,325.0
541.0,326.0
658.0,326.0
327.0,33.0
327.0,37.0
327.0,48.0
650.0,327.0
328.0,37.0
328.0,251.0
328.0,322.0
720.0,328.0
804.0,328.0
901.0,328.0
329.0,3.0
329.0,61.0
329.0,72.0
329.0,229.0
330.0,132.0
330.0,308.0
331.0,31.0
331.0,148.0
331.0,271.0
332.0,84.0
332.0,115.0
332.0,223.0
332.0,226.0
366.0,332.0
503.0,332.0
972.0,332.0
380.0,333.0
390.0,333.0
431.0,333.0
432.0,333.0
498.0,333.0
617.0,333.0
623.0,333.0
513.0,334.0
575.0,334.0
643.0,334.0
335.0,66.0
335.0,217.0
335.0,222.0
470.0,335.0
553.0,335.0
635.0,335.0
638.0,335.0
336.0,77.0
336.0,327.0
387.0,336.0
402.0,336.0
412.0,336.0
592.0,336.0
626.0,336.0
642.0,336.0
337.0,213.0
357.0,337.0
359.0,337.0
370.0,337.0
471.0,337.0
518.0,337.0
530.0,337.0
639.0,337.0
644.0,337.0
338.0,38.0
522.0,338.0
528.0,338.0
547.0,338.0
631.0,338.0
339.0,245.0
339.0,279.0
422.0,339.0
428.0,339.0
439.0,339.0
484.0,339.0
519.0,339.0
576.0,339.0
652.0,339.0
760.0,339.0
910.0,339.0
340.0,174.0
369.0,340.0
401.0,340.0
555.0,340.0
758.0,340.0
341.0,307.0
348.0,341.0
361.0,341.0
390.0,341.0
462.0,341.0
466.0,341.0
342.0,0.0
405.0,343.0
558.0,343.0
637.0,343.0
344.0,2.0
411.0,344.0
419.0,344.0
556.0,344.0
362.0,345.0
476.0,345.0
535.0,345.0
547.0,345.0
567.0,345.0
735.0,345.0
346.0,186.0
346.0,345.0
504.0,346.0
540.0,346.0
638.0,346.0
348.0,347.0
407.0,347.0
438.0,347.0
469.0,347.0
509.0,347.0
521.0,347.0
746.0,347.0
348.0,291.0
379.0,348.0
507.0,348.0
636.0,348.0
349.0,15.0
349.0,37.0
349.0,64.0
349.0,337.0
394.0,349.0
402.0,349.0
588.0,349.0
658.0,349.0
368.0,350.0
785.0,350.0
351.0,39.0
351.0,334.0
351.0,335.0
362.0,351.0
417.0,351.0
518.0,351.0
528.0,351.0
531.0,351.0
556.0,351.0
572.0,351.0
648.0,351.0
767.0,351.0
960.0,351.0
981.0,351.0
352.0,95.0
352.0,196.0
427.0,352.0
438.0,352.0
486.0,352.0
499.0,352.0
595.0,352.0
664.0,352.0
418.0,353.0
439.0,353.0
846.0,353.0
354.0,114.0
354.0,251.0
446.0,354.0
538.0,354.0
392.0,355.0
414.0,355.0
446.0,355.0
456.0,355.0
517.0,355.0
532.0,355.0
548.0,355.0
992.0,355.0
401.0,356.0
557.0,356.0
571.0,356.0
357.0,153.0
571.0,357.0
619.0,357.0
358.0,218.0
429.0,358.0
443.0,358.0
590.0,358.0
596.0,358.0
618.0,358.0
359.0,340.0
398.0,359.0
416.0,359.0
424.0,359.0
496.0,359.0
528.0,359.0
587.0,359.0
602.0,359.0
622.0,359.0
360.0,73.0
438.0,360.0
551.0,360.0
630.0,360.0
361.0,212.0
505.0,361.0
511.0,361.0
551.0,361.0
576.0,361.0
625.0,361.0
762.0,361.0
362.0,123.0
393.0,362.0
417.0,362.0
506.0,362.0
545.0,362.0
549.0,362.0
578.0,362.0
597.0,362.0
369.0,363.0
565.0,363.0
388.0,364.0
410.0,364.0
499.0,364.0
568.0,364.0
604.0,364.0
653.0,364.0
378.0,365.0
408.0,365.0
455.0,365.0
467.0,365.0
526.0,365.0
949.0,365.0
385.0,366.0
395.0,366.0
403.0,366.0
462.0,366.0
528.0,366.0
530.0,366.0
571.0,366.0
614.0,366.0
372.0,367.0
383.0,367.0
590.0,367.0
650.0,367.0
368.0,196.0
368.0,333.0
387.0,368.0
443.0,368.0
464.0,368.0
611.0,368.0
369.0,333.0
462.0,370.0
588.0,370.0
644.0,370.0
971.0,370.0
438.0,371.0
513.0,371.0
541.0,371.0
372.0,125.0
372.0,361.0
524.0,372.0
526.0,372.0
638.0,372.0
764.0,372.0
373.0,64.0
459.0,373.0
548.0,373.0
596.0,373.0
638.0,373.0
374.0,336.0
421.0,374.0
545.0,374.0
567.0,374.0
375.0,114.0
482.0,375.0
440.0,376.0
459.0,376.0
553.0,376.0
704.0,376.0
978.0,376.0
398.0,377.0
462.0,377.0
537.0,377.0
585.0,377.0
617.0,377.0
378.0,71.0
492.0,378.0
992.0,378.0
379.0,373.0
402.0,379.0
420.0,379.0
627.0,379.0
635.0,379.0
380.0,6.0
380.0,17.0
380.0,364.0
395.0,380.0
568.0,380.0
636.0,380.0
638.0,380.0
901.0,380.0
967.0,380.0
381.0,124.0
381.0,364.0
456.0,381.0
494.0,381.0
502.0,381.0
382.0,296.0
382.0,334.0
472.0,382.0
572.0,382.0
578.0,382.0
586.0,382.0
618.0,382.0
719.0,382.0
864.0,382.0
916.0,382.0
383.0,355.0
390.0,383.0
400.0,383.0
457.0,383.0
473.0,383.0
384.0,340.0
514.0,384.0
658.0,384.0
811.0,384.0
873.0,384.0
385.0,101.0
498.0,386.0
650.0,386.0
797.0,386.0
900.0,386.0
387.0,120.0
387.0,221.0
419.0,387.0
554.0,387.0
654.0,387.0
708.0,387.0
826.0,387.0
388.0,286.0
447.0,388.0
500.0,388.0
517.0,388.0
556.0,388.0
581.0,388.0
978.0,388.0
389.0,320.0
496.0,389.0
638.0,389.0
645.0,389.0
390.0,370.0
600.0,390.0
637.0,390.0
391.0,390.0
540.0,391.0
610.0,391.0
392.0,86.0
600.0,392.0
595.0,393.0
842.0,393.0
947.0,393.0
394.0,154.0
394.0,354.0
499.0,394.0
540.0,394.0
541.0,394.0
581.0,394.0
942.0,394.0
998.0,394.0
395.0,387.0
536.0,395.0
638.0,395.0
396.0,386.0
505.0,396.0
629.0,396.0
397.0,68.0
397.0,175.0
397.0,368.0
448.0,397.0
468.0,397.0
479.0,397.0
551.0,397.0
559.0,397.0
634.0,397.0
398.0,34.0
398.0,352.0
524.0,398.0
545.0,398.0
399.0,136.0
399.0,148.0
399.0,242.0
399.0,246.0
399.0,374.0
399.0,381.0
399.0,390.0
625.0,399.0
400.0,375.0
509.0,400.0
511.0,400.0
514.0,400.0
401.0,335.0
638.0,401.0
670.0,401.0
402.0,52.0
402.0,388.0
455.0,402.0
460.0,402.0
461.0,402.0
472.0,402.0
612.0,402.0
403.0,333.0
403.0,354.0
420.0,403.0
440.0,403.0
474.0,403.0
614.0,403.0
621.0,403.0
404.0,91.0
448.0,404.0
605.0,404.0
655.0,404.0
738.0,404.0
782.0,404.0
405.0,187.0
405.0,318.0
428.0,405.0
624.0,405.0
637.0,405.0
648.0,405.0
746.0,405.0
936.0,405.0
572.0,406.0
643.0,406.0
407.0,339.0
410.0,407.0
414.0,407.0
443.0,407.0
444.0,407.0
696.0,407.0
408.0,75.0
408.0,305.0
408.0,374.0
409.0,408.0
503.0,408.0
611.0,408.0
633.0,408.0
409.0,344.0
409.0,381.0
433.0,409.0
736.0,409.0
410.0,390.0
450.0,410.0
469.0,410.0
603.0,410.0
411.0,351.0
411.0,370.0
538.0,411.0
489.0,412.0
569.0,412.0
579.0,412.0
413.0,302.0
413.0,337.0
413.0,361.0
522.0,413.0
605.0,413.0
810.0,413.0
416.0,414.0
447.0,414.0
478.0,414.0
548.0,414.0
645.0,414.0
655.0,414.0
875.0,414.0
415.0,414.0
442.0,415.0
547.0,415.0
661.0,415.0
847.0,415.0
455.0,416.0
555.0,416.0
557.0,416.0
912.0,416.0
417.0,361.0
448.0,417.0
487.0,417.0
624.0,417.0
638.0,417.0
663.0,417.0
418.0,385.0
418.0,410.0
434.0,418.0
493.0,418.0
607.0,418.0
958.0,418.0
419.0,360.0
419.0,368.0
419.0,403.0
573.0,419.0
617.0,419.0
643.0,419.0
420.0,255.0
646.0,420.0
684.0,420.0
421.0,159.0
524.0,421.0
422.0,58.0
422.0,60.0
422.0,334.0
422.0,398.0
431.0,422.0
450.0,422.0
634.0,422.0
638.0,422.0
423.0,356.0
423.0,380.0
423.0,403.0
693.0,423.0
424.0,65.0
424.0,223.0
424.0,351.0
424.0,384.0
651.0,424.0
425.0,322.0
440.0,425.0
620.0,425.0
639.0,425.0
861.0,425.0
426.0,390.0
426.0,404.0
426.0,413.0
490.0,426.0
535.0,426.0
647.0,426.0
427.0,394.0
512.0,427.0
569.0,427.0
595.0,427.0
635.0,427.0
961.0,427.0
428.0,337.0
428.0,412.0
497.0,428.0
513.0,428.0
566.0,428.0
612.0,428.0
636.0,428.0
429.0,82.0
429.0,198.0
429.0,356.0
429.0,410.0
536.0,429.0
555.0,429.0
643.0,429.0
430.0,366.0
488.0,430.0
431.0,45.0
431.0,333.0
442.0,431.0
450.0,431.0
488.0,431.0
490.0,431.0
497.0,431.0
561.0,431.0
636.0,431.0
432.0,204.0
432.0,429.0
499.0,432.0
508.0,432.0
522.0,432.0
433.0,335.0
433.0,342.0
433.0,346.0
433.0,348.0
450.0,433.0
501.0,433.0
546.0,433.0
580.0,433.0
648.0,433.0
732.0,433.0
577.0,434.0
441.0,435.0
535.0,435.0
579.0,435.0
636.0,435.0
656.0,435.0
436.0,183.0
436.0,259.0
436.0,345.0
436.0,363.0
457.0,436.0
468.0,436.0
523.0,436.0
842.0,436.0
446.0,437.0
447.0,437.0
465.0,437.0
493.0,437.0
502.0,437.0
570.0,437.0
577.0,437.0
710.0,437.0
780.0,437.0
438.0,319.0
438.0,333.0
461.0,438.0
520.0,438.0
550.0,438.0
630.0,438.0
439.0,338.0
491.0,439.0
522.0,439.0
635.0,439.0
662.0,439.0
440.0,29.0
440.0,56.0
440.0,197.0
534.0,440.0
542.0,440.0
564.0,440.0
441.0,188.0
441.0,251.0
441.0,364.0
441.0,391.0
551.0,441.0
592.0,441.0
619.0,441.0
634.0,441.0
658.0,441.0
442.0,344.0
442.0,349.0
547.0,443.0
637.0,443.0
664.0,443.0
444.0,359.0
444.0,379.0
444.0,423.0
450.0,444.0
520.0,444.0
596.0,444.0
445.0,85.0
445.0,348.0
445.0,414.0
544.0,445.0
550.0,445.0
584.0,445.0
791.0,445.0
446.0,192.0
446.0,254.0
446.0,388.0
447.0,316.0
447.0,349.0
447.0,385.0
447.0,395.0
447.0,398.0
449.0,447.0
461.0,447.0
448.0,228.0
448.0,390.0
546.0,448.0
563.0,448.0
574.0,448.0
739.0,448.0
449.0,446.0
457.0,449.0
472.0,449.0
488.0,449.0
539.0,449.0
563.0,449.0
450.0,366.0
451.0,382.0
522.0,451.0
605.0,451.0
452.0,390.0
452.0,447.0
814.0,452.0
571.0,453.0
985.0,453.0
454.0,343.0
604.0,454.0
455.0,22.0
455.0,121.0
455.0,327.0
455.0,437.0
455.0,449.0
531.0,455.0
823.0,455.0
456.0,339.0
456.0,450.0
471.0,456.0
512.0,456.0
457.0,397.0
529.0,457.0
632.0,457.0
458.0,8.0
458.0,432.0
496.0,458.0
550.0,458.0
845.0,458.0
954.0,458.0
607.0,459.0
613.0,459.0
947.0,459.0
460.0,278.0
460.0,446.0
635.0,460.0
461.0,360.0
461.0,361.0
461.0,383.0
543.0,461.0
568.0,461.0
588.0,461.0
462.0,438.0
524.0,462.0
525.0,462.0
576.0,462.0
587.0,462.0
597.0,462.0
463.0,351.0
463.0,425.0
463.0,448.0
467.0,463.0
673.0,463.0
464.0,383.0
464.0,416.0
602.0,464.0
625.0,464.0
465.0,429.0
596.0,465.0
604.0,465.0
501.0,466.0
588.0,466.0
644.0,466.0
467.0,341.0
467.0,421.0
475.0,467.0
489.0,467.0
495.0,467.0
518.0,467.0
608.0,467.0
468.0,379.0
704.0,468.0
868.0,468.0
469.0,431.0
472.0,469.0
526.0,469.0
527.0,469.0
665.0,469.0
470.0,343.0
492.0,470.0
471.0,453.0
477.0,471.0
583.0,471.0
665.0,471.0
932.0,471.0
935.0,471.0
986.0,471.0
490.0,472.0
590.0,472.0
608.0,472.0
655.0,472.0
661.0,472.0
473.0,390.0
485.0,473.0
493.0,473.0
525.0,473.0
659.0,473.0
474.0,409.0
507.0,474.0
607.0,474.0
624.0,474.0
644.0,474.0
747.0,474.0
475.0,16.0
475.0,24.0
496.0,476.0
570.0,476.0
619.0,476.0
655.0,476.0
961.0,476.0
477.0,392.0
590.0,477.0
478.0,129.0
613.0,478.0
851.0,478.0
479.0,385.0
479.0,387.0
479.0,400.0
807.0,479.0
480.0,461.0
608.0,480.0
481.0,1.0
481.0,467.0
481.0,478.0
482.0,404.0
522.0,482.0
541.0,482.0
483.0,159.0
483.0,367.0
483.0,374.0
483.0,376.0
483.0,472.0
490.0,483.0
535.0,483.0
557.0,483.0
576.0,483.0
886.0,483.0
484.0,286.0
484.0,450.0
485.0,484.0
609.0,484.0
755.0,484.0
485.0,302.0
529.0,485.0
553.0,485.0
638.0,485.0
795.0,485.0
486.0,335.0
498.0,486.0
543.0,486.0
658.0,486.0
487.0,320.0
487.0,344.0
487.0,463.0
529.0,487.0
596.0,487.0
782.0,487.0
488.0,32.0
488.0,376.0
488.0,419.0
557.0,488.0
593.0,488.0
619.0,488.0
644.0,488.0
489.0,383.0
489.0,442.0
502.0,489.0
508.0,489.0
615.0,489.0
617.0,489.0
654.0,489.0
880.0,489.0
881.0,489.0
993.0,489.0
490.0,18.0
490.0,117.0
490.0,381.0
517.0,490.0
610.0,490.0
643.0,490.0
491.0,468.0
491.0,489.0
836.0,491.0
897.0,491.0
492.0,163.0
492.0,460.0
492.0,485.0
571.0,492.0
580.0,492.0
658.0,492.0
493.0,371.0
493.0,407.0
581.0,493.0
620.0,493.0
883.0,493.0
494.0,53.0
494.0,392.0
494.0,404.0
494.0,441.0
495.0,381.0
495.0,440.0
495.0,494.0
525.0,495.0
548.0,495.0
552.0,495.0
604.0,495.0
626.0,495.0
496.0,217.0
496.0,444.0
497.0,58.0
497.0,357.0
497.0,436.0
497.0,474.0
623.0,497.0
498.0,186.0
498.0,415.0
498.0,445.0
498.0,453.0
498.0,480.0
512.0,498.0
522.0,498.0
499.0,378.0
499.0,471.0
499.0,492.0
657.0,499.0
987.0,499.0
500.0,405.0
500.0,472.0
501.0,500.0
563.0,500.0
501.0,386.0
501.0,391.0
501.0,442.0
501.0,447.0
501.0,468.0
643.0,501.0
653.0,501.0
717.0,501.0
964.0,501.0
502.0,42.0
502.0,317.0
502.0,352.0
502.0,482.0
502.0,492.0
503.0,180.0
503.0,377.0
503.0,467.0
503.0,472.0
614.0,503.0
504.0,344.0
596.0,504.0
675.0,504.0
505.0,406.0
505.0,477.0
532.0,505.0
552.0,505.0
587.0,505.0
610.0,505.0
632.0,505.0
506.0,28.0
506.0,378.0
506.0,460.0
590.0,506.0
629.0,506.0
507.0,359.0
507.0,396.0
507.0,442.0
507.0,462.0
569.0,507.0
613.0,507.0
508.0,135.0
508.0,330.0
508.0,436.0
598.0,508.0
859.0,508.0
986.0,508.0
509.0,167.0
509.0,201.0
509.0,457.0
509.0,490.0
509.0,504.0
510.0,150.0
510.0,265.0
510.0,429.0
592.0,510.0
628.0,510.0
511.0,214.0
511.0,404.0
593.0,511.0
626.0,511.0
777.0,511.0
867.0,511.0
512.0,104.0
512.0,354.0
520.0,512.0
741.0,512.0
823.0,512.0
513.0,220.0
670.0,513.0
772.0,513.0
551.0,514.0
593.0,514.0
651.0,514.0
697.0,514.0
515.0,66.0
515.0,370.0
515.0,376.0
515.0,385.0
517.0,515.0
907.0,515.0
516.0,336.0
642.0,516.0
517.0,91.0
517.0,350.0
517.0,382.0
517.0,475.0
517.0,496.0
520.0,517.0
557.0,517.0
586.0,517.0
613.0,517.0
717.0,517.0
518.0,361.0
518.0,404.0
548.0,518.0
558.0,518.0
616.0,518.0
640.0,518.0
644.0,518.0
678.0,518.0
733.0,518.0
965.0,518.0
519.0,274.0
519.0,424.0
519.0,428.0
708.0,519.0
520.0,197.0
520.0,346.0
520.0,389.0
520.0,438.0
520.0,494.0
548.0,520.0
573.0,520.0
630.0,520.0
658.0,520.0
536.0,521.0
580.0,521.0
646.0,521.0
959.0,521.0
522.0,223.0
522.0,364.0
522.0,365.0
522.0,369.0
522.0,413.0
523.0,353.0
523.0,360.0
523.0,455.0
523.0,461.0
524.0,523.0
598.0,523.0
524.0,62.0
524.0,100.0
524.0,504.0
532.0,524.0
605.0,524.0
739.0,524.0
525.0,18.0
525.0,378.0
525.0,389.0
525.0,474.0
533.0,525.0
626.0,525.0
746.0,525.0
909.0,525.0
939.0,525.0
526.0,71.0
526.0,351.0
526.0,445.0
526.0,468.0
568.0,526.0
527.0,13.0
527.0,229.0
527.0,386.0
527.0,394.0
528.0,222.0
528.0,514.0
633.0,528.0
720.0,528.0
529.0,185.0
529.0,392.0
529.0,495.0
529.0,500.0
612.0,529.0
530.0,237.0
530.0,348.0
530.0,409.0
530.0,525.0
561.0,530.0
531.0,360.0
531.0,467.0
534.0,531.0
532.0,0.0
532.0,21.0
532.0,118.0
532.0,351.0
532.0,499.0
738.0,532.0
895.0,532.0
932.0,532.0
533.0,418.0
533.0,504.0
579.0,533.0
665.0,533.0
791.0,533.0
534.0,191.0
534.0,395.0
534.0,507.0
539.0,534.0
581.0,534.0
590.0,534.0
738.0,534.0
535.0,110.0
535.0,128.0
535.0,413.0
535.0,422.0
535.0,428.0
535.0,445.0
535.0,525.0
536.0,112.0
536.0,327.0
536.0,374.0
536.0,400.0
536.0,412.0
537.0,416.0
537.0,522.0
623.0,537.0
665.0,537.0
538.0,530.0
570.0,538.0
539.0,367.0
539.0,383.0
539.0,399.0
539.0,454.0
747.0,539.0
540.0,137.0
540.0,384.0
540.0,528.0
641.0,540.0
541.0,358.0
541.0,395.0
543.0,541.0
626.0,541.0
646.0,541.0
805.0,541.0
867.0,541.0
542.0,76.0
542.0,124.0
542.0,395.0
542.0,445.0
615.0,542.0
627.0,542.0
650.0,542.0
543.0,351.0
543.0,439.0
567.0,543.0
840.0,543.0
544.0,360.0
544.0,411.0
544.0,426.0
544.0,504.0
968.0,544.0
545.0,189.0
545.0,411.0
581.0,545.0
599.0,545.0
762.0,545.0
546.0,181.0
546.0,343.0
546.0,401.0
546.0,487.0
636.0,546.0
662.0,546.0
756.0,546.0
547.0,493.0
767.0,547.0
550.0,548.0
663.0,548.0
665.0,548.0
549.0,334.0
549.0,353.0
549.0,442.0
549.0,456.0
549.0,538.0
619.0,549.0
694.0,549.0
973.0,549.0
550.0,422.0
550.0,438.0
550.0,446.0
550.0,494.0
575.0,550.0
583.0,550.0
551.0,363.0
599.0,551.0
625.0,551.0
552.0,450.0
552.0,456.0
552.0,465.0
552.0,490.0
552.0,547.0
631.0,552.0
770.0,552.0
873.0,552.0
958.0,552.0
970.0,552.0
553.0,239.0
553.0,348.0
553.0,357.0
553.0,378.0
553.0,551.0
554.0,553.0
557.0,553.0
554.0,171.0
554.0,357.0
554.0,454.0
554.0,469.0
554.0,539.0
595.0,554.0
645.0,554.0
555.0,373.0
629.0,555.0
725.0,555.0
556.0,333.0
556.0,335.0
556.0,354.0
556.0,533.0
595.0,556.0
557.0,56.0
557.0,391.0
557.0,406.0
557.0,439.0
557.0,483.0
628.0,557.0
986.0,557.0
558.0,101.0
988.0,558.0
559.0,480.0
559.0,513.0
577.0,559.0
632.0,559.0
777.0,559.0
995.0,559.0
560.0,308.0
560.0,352.0
560.0,500.0
560.0,518.0
560.0,538.0
649.0,560.0
561.0,134.0
561.0,379.0
561.0,489.0
783.0,561.0
562.0,162.0
564.0,562.0
571.0,562.0
612.0,562.0
811.0,562.0
563.0,21.0
563.0,231.0
563.0,371.0
563.0,373.0
563.0,375.0
563.0,431.0
614.0,563.0
929.0,563.0
995.0,563.0
564.0,125.0
564.0,336.0
564.0,340.0
621.0,564.0
655.0,564.0
757.0,564.0
565.0,420.0
565.0,485.0
659.0,565.0
828.0,565.0
566.0,378.0
566.0,410.0
566.0,527.0
726.0,566.0
757.0,566.0
567.0,119.0
567.0,380.0
567.0,506.0
567.0,562.0
572.0,567.0
671.0,567.0
857.0,567.0
568.0,87.0
568.0,358.0
568.0,563.0
569.0,425.0
569.0,430.0
569.0,474.0
581.0,569.0
584.0,569.0
627.0,569.0
748.0,569.0
966.0,569.0
570.0,338.0
570.0,488.0
590.0,570.0
599.0,570.0
571.0,410.0
571.0,434.0
571.0,486.0
602.0,571.0
837.0,571.0
572.0,401.0
572.0,423.0
572.0,459.0
572.0,484.0
621.0,572.0
882.0,572.0
573.0,76.0
573.0,111.0
573.0,303.0
573.0,363.0
573.0,427.0
573.0,472.0
573.0,488.0
574.0,243.0
574.0,389.0
574.0,498.0
574.0,573.0
575.0,69.0
726.0,575.0
843.0,575.0
988.0,575.0
576.0,461.0
576.0,511.0
577.0,576.0
611.0,576.0
577.0,93.0
577.0,100.0
577.0,338.0
577.0,339.0
577.0,353.0
577.0,382.0
577.0,386.0
577.0,416.0
577.0,479.0
577.0,509.0
577.0,519.0
577.0,561.0
577.0,576.0
607.0,577.0
578.0,462.0
578.0,472.0
918.0,578.0
579.0,370.0
800.0,579.0
876.0,579.0
580.0,0.0
581.0,346.0
581.0,434.0
581.0,464.0
606.0,581.0
913.0,581.0
582.0,365.0
597.0,582.0
583.0,515.0
654.0,583.0
665.0,583.0
584.0,273.0
584.0,430.0
584.0,537.0
637.0,584.0
817.0,584.0
914.0,584.0
956.0,584.0
585.0,582.0
694.0,585.0
919.0,585.0
982.0,585.0
586.0,348.0
586.0,369.0
586.0,551.0
587.0,181.0
981.0,587.0
588.0,443.0
588.0,469.0
588.0,477.0
588.0,500.0
592.0,588.0
650.0,588.0
589.0,247.0
589.0,353.0
589.0,507.0
589.0,525.0
612.0,589.0
854.0,589.0
590.0,425.0
606.0,590.0
647.0,590.0
591.0,135.0
591.0,139.0
591.0,426.0
591.0,460.0
591.0,581.0
634.0,591.0
592.0,401.0
592.0,412.0
592.0,515.0
592.0,585.0
593.0,548.0
593.0,573.0
804.0,593.0
594.0,176.0
594.0,348.0
594.0,422.0
594.0,426.0
594.0,544.0
594.0,551.0
595.0,531.0
595.0,592.0
624.0,595.0
994.0,595.0
596.0,108.0
596.0,423.0
596.0,486.0
877.0,596.0
951.0,596.0
597.0,264.0
597.0,595.0
598.0,360.0
598.0,442.0
598.0,445.0
598.0,510.0
598.0,575.0
623.0,598.0
599.0,351.0
599.0,379.0
599.0,443.0
599.0,463.0
599.0,491.0
599.0,555.0
763.0,599.0
600.0,448.0
600.0,455.0
600.0,535.0
600.0,554.0
601.0,352.0
630.0,601.0
941.0,601.0
602.0,433.0
602.0,478.0
602.0,493.0
602.0,582.0
603.0,362.0
603.0,547.0
603.0,571.0
603.0,583.0
604.0,422.0
604.0,470.0
604.0,483.0
622.0,604.0
605.0,497.0
605.0,501.0
605.0,553.0
646.0,605.0
606.0,533.0
624.0,606.0
655.0,606.0
607.0,391.0
607.0,396.0
607.0,591.0
646.0,607.0
608.0,349.0
608.0,395.0
608.0,416.0
608.0,513.0
608.0,560.0
608.0,562.0
621.0,608.0
628.0,608.0
828.0,608.0
609.0,128.0
610.0,609.0
833.0,609.0
869.0,609.0
610.0,296.0
610.0,395.0
610.0,545.0
610.0,565.0
610.0,578.0
611.0,570.0
615.0,611.0
612.0,529.0
612.0,588.0
630.0,612.0
648.0,612.0
656.0,612.0
856.0,612.0
613.0,359.0
613.0,533.0
613.0,562.0
613.0,600.0
627.0,613.0
641.0,613.0
659.0,613.0
614.0,371.0
614.0,512.0
637.0,614.0
689.0,614.0
799.0,614.0
615.0,282.0
615.0,373.0
615.0,388.0
615.0,414.0
615.0,433.0
615.0,521.0
615.0,537.0
616.0,385.0
622.0,616.0
631.0,616.0
617.0,368.0
617.0,560.0
617.0,570.0
618.0,354.0
618.0,591.0
650.0,618.0
772.0,618.0
841.0,618.0
930.0,618.0
619.0,380.0
619.0,424.0
619.0,451.0
624.0,619.0
620.0,555.0
620.0,571.0
623.0,620.0
621.0,271.0
621.0,350.0
621.0,357.0
621.0,434.0
621.0,550.0
626.0,621.0
658.0,621.0
622.0,373.0
622.0,531.0
622.0,546.0
633.0,622.0
623.0,442.0
623.0,455.0
623.0,558.0
623.0,620.0
651.0,623.0
864.0,623.0
624.0,56.0
624.0,472.0
624.0,475.0
625.0,216.0
625.0,337.0
625.0,353.0
625.0,566.0
626.0,415.0
626.0,435.0
626.0,550.0
626.0,558.0
665.0,626.0
825.0,626.0
627.0,408.0
627.0,487.0
627.0,505.0
627.0,568.0
627.0,570.0
627.0,622.0
628.0,426.0
628.0,440.0
628.0,475.0
629.0,468.0
629.0,588.0
630.0,204.0
630.0,229.0
630.0,299.0
630.0,333.0
630.0,470.0
630.0,476.0
630.0,484.0
766.0,630.0
631.0,170.0
631.0,175.0
631.0,568.0
631.0,586.0
675.0,631.0
953.0,631.0
632.0,211.0
632.0,350.0
632.0,438.0
637.0,632.0
633.0,44.0
633.0,353.0
633.0,371.0
633.0,507.0
633.0,525.0
633.0,632.0
649.0,633.0
690.0,633.0
634.0,348.0
634.0,419.0
634.0,458.0
634.0,598.0
826.0,634.0
635.0,391.0
635.0,481.0
635.0,490.0
635.0,556.0
635.0,586.0
635.0,613.0
636.0,293.0
636.0,346.0
636.0,360.0
636.0,427.0
636.0,470.0
636.0,514.0
660.0,636.0
637.0,355.0
637.0,414.0
637.0,434.0
637.0,452.0
637.0,530.0
637.0,603.0
895.0,637.0
638.0,391.0
648.0,638.0
639.0,370.0
639.0,479.0
639.0,489.0
639.0,511.0
639.0,519.0
639.0,604.0
639.0,620.0
768.0,639.0
640.0,159.0
640.0,214.0
640.0,414.0
640.0,525.0
640.0,636.0
651.0,640.0
723.0,640.0
641.0,371.0
641.0,521.0
641.0,544.0
641.0,603.0
805.0,641.0
642.0,46.0
642.0,253.0
642.0,334.0
642.0,505.0
642.0,511.0
642.0,619.0
729.0,642.0
643.0,390.0
643.0,472.0
643.0,558.0
643.0,596.0
651.0,643.0
644.0,370.0
644.0,446.0
644.0,461.0
644.0,581.0
645.0,210.0
645.0,544.0
645.0,574.0
664.0,645.0
801.0,645.0
842.0,645.0
646.0,25.0
646.0,334.0
646.0,385.0
646.0,459.0
646.0,500.0
646.0,568.0
646.0,644.0
647.0,185.0
647.0,427.0
647.0,528.0
647.0,550.0
647.0,560.0
876.0,647.0
648.0,490.0
649.0,305.0
649.0,327.0
649.0,359.0
649.0,558.0
653.0,649.0
650.0,149.0
650.0,370.0
650.0,458.0
650.0,549.0
651.0,404.0
651.0,554.0
877.0,651.0
652.0,223.0
652.0,263.0
652.0,290.0
652.0,373.0
652.0,454.0
652.0,483.0
652.0,535.0
653.0,17.0
653.0,365.0
653.0,505.0
653.0,512.0
654.0,312.0
654.0,349.0
654.0,503.0
654.0,595.0
655.0,162.0
655.0,366.0
655.0,367.0
656.0,478.0
980.0,656.0
657.0,170.0
657.0,237.0
657.0,550.0
657.0,575.0
658.0,403.0
658.0,419.0
658.0,461.0
658.0,476.0
658.0,552.0
658.0,588.0
658.0,591.0
658.0,599.0
658.0,653.0
669.0,658.0
659.0,35.0
659.0,372.0
659.0,387.0
659.0,399.0
659.0,445.0
659.0,454.0
659.0,504.0
659.0,587.0
660.0,180.0
660.0,422.0
660.0,572.0
660.0,605.0
660.0,634.0
661.0,384.0
661.0,467.0
661.0,475.0
661.0,491.0
802.0,661.0
662.0,427.0
662.0,581.0
662.0,586.0
663.0,8.0
663.0,424.0
663.0,450.0
663.0,477.0
663.0,484.0
663.0,507.0
663.0,512.0
663.0,641.0
720.0,663.0
956.0,663.0
664.0,455.0
664.0,475.0
664.0,616.0
830.0,664.0
665.0,505.0
665.0,575.0
666.0,85.0
810.0,666.0
852.0,666.0
667.0,96.0
667.0,499.0
667.0,517.0
761.0,667.0
830.0,667.0
922.0,667.0
683.0,668.0
718.0,668.0
745.0,668.0
803.0,668.0
849.0,668.0
874.0,668.0
963.0,668.0
669.0,331.0
669.0,396.0
669.0,655.0
805.0,669.0
825.0,669.0
913.0,669.0
670.0,93.0
670.0,396.0
670.0,492.0
750.0,670.0
767.0,670.0
958.0,670.0
727.0,671.0
736.0,671.0
879.0,671.0
723.0,672.0
801.0,672.0
875.0,672.0
673.0,387.0
682.0,673.0
728.0,673.0
783.0,673.0
674.0,64.0
674.0,420.0
728.0,674.0
776.0,674.0
860.0,674.0
918.0,674.0
941.0,674.0
951.0,674.0
956.0,674.0
959.0,674.0
675.0,124.0
675.0,132.0
714.0,675.0
764.0,675.0
876.0,675.0
944.0,675.0
676.0,265.0
676.0,672.0
841.0,676.0
994.0,676.0
677.0,47.0
677.0,275.0
677.0,282.0
677.0,436.0
677.0,659.0
741.0,677.0
979.0,677.0
980.0,677.0
983.0,677.0
678.0,32.0
678.0,459.0
679.0,678.0
817.0,678.0
836.0,678.0
679.0,654.0
724.0,679.0
784.0,679.0
872.0,679.0
895.0,679.0
901.0,679.0
908.0,679.0
680.0,98.0
680.0,462.0
764.0,680.0
882.0,680.0
974.0,680.0
681.0,319.0
681.0,610.0
693.0,681.0
831.0,681.0
859.0,681.0
953.0,681.0
965.0,681.0
682.0,401.0
682.0,641.0
783.0,682.0
804.0,682.0
883.0,682.0
941.0,682.0
683.0,310.0
745.0,683.0
754.0,683.0
890.0,683.0
684.0,242.0
684.0,558.0
715.0,684.0
762.0,684.0
780.0,684.0
866.0,684.0
890.0,684.0
943.0,684.0
685.0,239.0
685.0,504.0
685.0,522.0
756.0,685.0
859.0,685.0
686.0,122.0
855.0,686.0
926.0,686.0
687.0,185.0
687.0,369.0
687.0,446.0
687.0,670.0
716.0,687.0
899.0,687.0
937.0,687.0
968.0,687.0
739.0,688.0
805.0,688.0
844.0,688.0
875.0,688.0
689.0,684.0
861.0,689.0
909.0,689.0
944.0,689.0
984.0,689.0
869.0,690.0
914.0,690.0
691.0,549.0
870.0,691.0
692.0,517.0
692.0,538.0
692.0,680.0
725.0,692.0
816.0,692.0
883.0,692.0
922.0,692.0
981.0,692.0
994.0,692.0
693.0,112.0
693.0,139.0
831.0,693.0
918.0,693.0
939.0,693.0
694.0,681.0
942.0,694.0
946.0,694.0
695.0,668.0
708.0,695.0
972.0,695.0
745.0,696.0
817.0,696.0
860.0,696.0
966.0,696.0
697.0,405.0
840.0,697.0
926.0,697.0
936.0,697.0
957.0,697.0
698.0,395.0
698.0,669.0
803.0,698.0
805.0,698.0
812.0,698.0
893.0,698.0
950.0,698.0
798.0,699.0
818.0,699.0
819.0,699.0
951.0,699.0
768.0,700.0
889.0,700.0
701.0,243.0
710.0,701.0
824.0,701.0
931.0,701.0
987.0,701.0
702.0,481.0
988.0,702.0
995.0,702.0
703.0,60.0
703.0,80.0
703.0,257.0
703.0,685.0
780.0,703.0
801.0,703.0
803.0,703.0
831.0,703.0
861.0,703.0
888.0,703.0
926.0,703.0
704.0,543.0
704.0,603.0
704.0,669.0
704.0,691.0
705.0,604.0
739.0,705.0
836.0,705.0
902.0,705.0
907.0,705.0
706.0,252.0
716.0,706.0
775.0,706.0
809.0,706.0
832.0,706.0
860.0,706.0
871.0,706.0
707.0,273.0
707.0,378.0
802.0,707.0
959.0,707.0
708.0,330.0
763.0,708.0
897.0,708.0
966.0,708.0
709.0,706.0
732.0,709.0
884.0,709.0
893.0,709.0
968.0,709.0
710.0,695.0
971.0,710.0
998.0,710.0
865.0,711.0
876.0,711.0
712.0,555.0
890.0,712.0
919.0,712.0
932.0,712.0
947.0,712.0
713.0,19.0
713.0,244.0
713.0,496.0
847.0,713.0
975.0,714.0
715.0,527.0
718.0,715.0
869.0,715.0
716.0,176.0
716.0,366.0
788.0,716.0
828.0,716.0
848.0,716.0
958.0,716.0
971.0,716.0
717.0,447.0
717.0,714.0
743.0,717.0
788.0,717.0
926.0,717.0
718.0,670.0
745.0,718.0
778.0,718.0
783.0,718.0
850.0,718.0
907.0,718.0
719.0,716.0
808.0,719.0
720.0,684.0
720.0,716.0
759.0,720.0
782.0,720.0
874.0,720.0
906.0,720.0
944.0,720.0
993.0,720.0
822.0,721.0
855.0,721.0
872.0,721.0
883.0,721.0
926.0,721.0
933.0,721.0
722.0,171.0
722.0,572.0
722.0,668.0
828.0,722.0
956.0,722.0
723.0,230.0
723.0,676.0
813.0,723.0
846.0,723.0
877.0,723.0
956.0,723.0
997.0,723.0
724.0,330.0
778.0,724.0
725.0,161.0
731.0,725.0
796.0,725.0
867.0,725.0
898.0,725.0
938.0,725.0
726.0,469.0
726.0,708.0
726.0,724.0
773.0,726.0
839.0,726.0
734.0,727.0
735.0,727.0
762.0,727.0
767.0,727.0
832.0,727.0
854.0,727.0
875.0,727.0
972.0,727.0
728.0,57.0
728.0,76.0
728.0,711.0
987.0,728.0
729.0,666.0
729.0,692.0
744.0,729.0
837.0,729.0
882.0,729.0
920.0,729.0
730.0,53.0
730.0,407.0
730.0,598.0
730.0,609.0
798.0,730.0
839.0,730.0
943.0,730.0
979.0,730.0
731.0,680.0
746.0,731.0
791.0,731.0
732.0,516.0
732.0,705.0
858.0,732.0
910.0,732.0
733.0,648.0
733.0,715.0
737.0,733.0
772.0,733.0
811.0,733.0
734.0,268.0
734.0,670.0
900.0,734.0
940.0,734.0
998.0,734.0
735.0,412.0
735.0,470.0
735.0,689.0
735.0,732.0
765.0,735.0
849.0,735.0
810.0,736.0
859.0,736.0
912.0,736.0
967.0,736.0
984.0,736.0
737.0,503.0
737.0,674.0
737.0,677.0
766.0,737.0
825.0,737.0
757.0,738.0
789.0,738.0
845.0,738.0
929.0,738.0
739.0,280.0
786.0,739.0
740.0,103.0
740.0,649.0
865.0,740.0
898.0,740.0
927.0,740.0
941.0,740.0
946.0,740.0
741.0,66.0
741.0,615.0
741.0,717.0
759.0,741.0
770.0,741.0
781.0,741.0
810.0,741.0
893.0,741.0
935.0,741.0
742.0,493.0
742.0,687.0
779.0,742.0
834.0,742.0
992.0,742.0
743.0,196.0
743.0,501.0
743.0,666.0
937.0,743.0
744.0,120.0
744.0,582.0
744.0,673.0
744.0,691.0
744.0,711.0
874.0,744.0
745.0,43.0
745.0,508.0
745.0,523.0
745.0,544.0
859.0,745.0
969.0,745.0
979.0,745.0
746.0,384.0
804.0,746.0
852.0,746.0
877.0,746.0
968.0,746.0
747.0,715.0
931.0,747.0
937.0,747.0
984.0,747.0
748.0,669.0
748.0,719.0
754.0,748.0
906.0,748.0
918.0,748.0
950.0,748.0
749.0,410.0
749.0,446.0
964.0,749.0
826.0,750.0
863.0,750.0
872.0,750.0
996.0,750.0
751.0,685.0
751.0,687.0
751.0,726.0
752.0,498.0
917.0,752.0
941.0,752.0
954.0,752.0
753.0,283.0
753.0,585.0
753.0,719.0
769.0,753.0
789.0,754.0
852.0,754.0
902.0,754.0
755.0,393.0
755.0,497.0
755.0,676.0
848.0,755.0
756.0,13.0
756.0,123.0
756.0,490.0
757.0,244.0
978.0,757.0
758.0,228.0
758.0,722.0
934.0,758.0
759.0,383.0
759.0,686.0
795.0,759.0
884.0,759.0
760.0,165.0
982.0,760.0
761.0,18.0
761.0,101.0
761.0,439.0
761.0,507.0
761.0,711.0
798.0,761.0
915.0,761.0
998.0,761.0
762.0,430.0
762.0,593.0
804.0,762.0
848.0,762.0
905.0,762.0
950.0,762.0
763.0,592.0
763.0,664.0
763.0,666.0
763.0,677.0
763.0,696.0
861.0,763.0
966.0,763.0
764.0,73.0
765.0,764.0
782.0,764.0
765.0,58.0
765.0,72.0
765.0,367.0
765.0,707.0
765.0,750.0
772.0,765.0
801.0,765.0
813.0,765.0
842.0,765.0
869.0,765.0
956.0,765.0
968.0,765.0
766.0,455.0
766.0,644.0
766.0,762.0
810.0,766.0
894.0,766.0
911.0,766.0
962.0,766.0
984.0,766.0
767.0,539.0
767.0,729.0
778.0,767.0
847.0,767.0
908.0,767.0
768.0,706.0
768.0,749.0
844.0,768.0
895.0,768.0
995.0,768.0
769.0,641.0
769.0,715.0
769.0,723.0
838.0,769.0
893.0,769.0
911.0,769.0
964.0,769.0
770.0,668.0
770.0,733.0
809.0,770.0
855.0,770.0
950.0,770.0
996.0,770.0
771.0,242.0
771.0,652.0
771.0,719.0
771.0,734.0
771.0,761.0
791.0,771.0
844.0,771.0
848.0,771.0
898.0,771.0
929.0,771.0
772.0,194.0
772.0,743.0
817.0,772.0
825.0,772.0
918.0,772.0
950.0,772.0
773.0,293.0
773.0,687.0
773.0,739.0
777.0,773.0
781.0,773.0
774.0,464.0
774.0,721.0
774.0,747.0
798.0,774.0
984.0,774.0
775.0,663.0
824.0,775.0
919.0,775.0
987.0,775.0
776.0,72.0
842.0,776.0
777.0,411.0
951.0,777.0
982.0,777.0
985.0,777.0
778.0,760.0
958.0,778.0
779.0,775.0
790.0,779.0
811.0,779.0
922.0,779.0
948.0,779.0
780.0,540.0
780.0,573.0
780.0,763.0
780.0,766.0
798.0,780.0
781.0,209.0
781.0,339.0
781.0,476.0
781.0,723.0
825.0,781.0
840.0,782.0
936.0,782.0
783.0,686.0
874.0,783.0
919.0,783.0
920.0,783.0
979.0,783.0
997.0,783.0
784.0,22.0
872.0,784.0
889.0,785.0
979.0,785.0
995.0,785.0
786.0,173.0
786.0,744.0
824.0,786.0
849.0,786.0
893.0,786.0
928.0,786.0
986.0,786.0
787.0,710.0
787.0,753.0
962.0,787.0
990.0,787.0
788.0,3.0
788.0,515.0
788.0,729.0
903.0,788.0
789.0,530.0
789.0,697.0
789.0,788.0
807.0,789.0
790.0,149.0
790.0,459.0
790.0,718.0
790.0,739.0
950.0,790.0
957.0,790.0
969.0,790.0
791.0,696.0
791.0,717.0
791.0,726.0
791.0,764.0
867.0,791.0
945.0,791.0
976.0,791.0
996.0,791.0
792.0,739.0
792.0,740.0
897.0,792.0
949.0,792.0
974.0,792.0
793.0,120.0
930.0,793.0
945.0,793.0
794.0,63.0
794.0,88.0
794.0,420.0
794.0,720.0
795.0,794.0
834.0,794.0
795.0,143.0
795.0,485.0
795.0,608.0
795.0,693.0
795.0,728.0
795.0,777.0
910.0,795.0
796.0,376.0
875.0,796.0
797.0,136.0
797.0,167.0
812.0,797.0
866.0,797.0
930.0,797.0
934.0,797.0
798.0,706.0
829.0,798.0
799.0,445.0
799.0,458.0
799.0,513.0
799.0,778.0
832.0,799.0
926.0,799.0
800.0,698.0
800.0,718.0
800.0,733.0
809.0,800.0
977.0,800.0
801.0,689.0
801.0,693.0
845.0,801.0
992.0,802.0
943.0,803.0
804.0,221.0
804.0,494.0
804.0,500.0
804.0,701.0
804.0,718.0
989.0,804.0
805.0,548.0
805.0,732.0
831.0,805.0
931.0,805.0
971.0,805.0
806.0,321.0
806.0,330.0
806.0,442.0
806.0,452.0
806.0,460.0
806.0,686.0
806.0,794.0
859.0,806.0
887.0,806.0
970.0,806.0
807.0,100.0
807.0,188.0
807.0,714.0
807.0,730.0
807.0,744.0
836.0,807.0
919.0,807.0
983.0,807.0
808.0,531.0
808.0,666.0
808.0,753.0
819.0,808.0
873.0,808.0
977.0,808.0
986.0,808.0
809.0,678.0
811.0,809.0
877.0,809.0
907.0,809.0
998.0,809.0
810.0,353.0
810.0,739.0
810.0,751.0
878.0,810.0
811.0,397.0
811.0,753.0
811.0,786.0
921.0,811.0
978.0,811.0
988.0,811.0
855.0,812.0
881.0,812.0
813.0,291.0
813.0,336.0
813.0,551.0
871.0,813.0
895.0,813.0
914.0,813.0
957.0,813.0
814.0,153.0
814.0,693.0
814.0,752.0
814.0,773.0
824.0,814.0
877.0,814.0
943.0,814.0
963.0,814.0
893.0,815.0
816.0,548.0
816.0,771.0
818.0,816.0
874.0,816.0
925.0,816.0
953.0,816.0
961.0,816.0
817.0,662.0
832.0,817.0
836.0,817.0
888.0,817.0
969.0,817.0
818.0,44.0
818.0,607.0
818.0,772.0
901.0,818.0
911.0,818.0
926.0,818.0
930.0,818.0
819.0,727.0
857.0,819.0
820.0,217.0
820.0,526.0
820.0,674.0
848.0,820.0
849.0,820.0
911.0,820.0
975.0,820.0
821.0,666.0
821.0,674.0
821.0,811.0
822.0,800.0
864.0,822.0
823.0,273.0
954.0,823.0
824.0,579.0
824.0,608.0
824.0,730.0
824.0,794.0
989.0,824.0
825.0,308.0
825.0,690.0
825.0,732.0
825.0,753.0
825.0,773.0
825.0,807.0
885.0,825.0
952.0,825.0
826.0,389.0
826.0,457.0
826.0,787.0
860.0,826.0
870.0,826.0
888.0,826.0
942.0,826.0
827.0,787.0
827.0,815.0
828.0,10.0
828.0,790.0
872.0,828.0
897.0,828.0
920.0,828.0
950.0,828.0
829.0,535.0
829.0,785.0
829.0,802.0
904.0,829.0
915.0,829.0
995.0,829.0
997.0,829.0
830.0,96.0
830.0,97.0
830.0,123.0
830.0,357.0
830.0,718.0
830.0,726.0
830.0,815.0
831.0,719.0
831.0,744.0
831.0,754.0
916.0,831.0
994.0,831.0
832.0,93.0
832.0,143.0
832.0,675.0
832.0,802.0
836.0,832.0
876.0,832.0
833.0,323.0
833.0,721.0
833.0,758.0
833.0,766.0
871.0,833.0
935.0,833.0
982.0,833.0
994.0,833.0
861.0,834.0
835.0,226.0
835.0,351.0
835.0,553.0
835.0,814.0
835.0,820.0
917.0,835.0
836.0,684.0
836.0,693.0
836.0,766.0
836.0,774.0
882.0,836.0
952.0,836.0
837.0,301.0
837.0,715.0
837.0,735.0
837.0,836.0
946.0,837.0
838.0,64.0
838.0,321.0
838.0,747.0
838.0,817.0
869.0,838.0
936.0,838.0
839.0,54.0
839.0,104.0
839.0,570.0
844.0,839.0
840.0,695.0
840.0,802.0
877.0,840.0
841.0,446.0
841.0,814.0
841.0,816.0
842.0,227.0
842.0,673.0
842.0,709.0
842.0,776.0
842.0,802.0
842.0,807.0
998.0,842.0
843.0,512.0
843.0,834.0
861.0,843.0
896.0,843.0
921.0,843.0
958.0,843.0
844.0,706.0
844.0,737.0
845.0,3.0
845.0,155.0
845.0,690.0
864.0,845.0
876.0,845.0
955.0,845.0
965.0,845.0
972.0,845.0
946.0,846.0
847.0,711.0
847.0,748.0
847.0,777.0
944.0,847.0
848.0,647.0
848.0,777.0
912.0,848.0
918.0,848.0
924.0,848.0
972.0,848.0
849.0,29.0
849.0,622.0
849.0,666.0
849.0,680.0
849.0,693.0
850.0,807.0
903.0,850.0
970.0,850.0
851.0,771.0
885.0,851.0
973.0,851.0
852.0,49.0
852.0,281.0
852.0,518.0
878.0,852.0
952.0,852.0
975.0,852.0
853.0,681.0
853.0,768.0
853.0,828.0
872.0,853.0
933.0,853.0
974.0,853.0
854.0,719.0
854.0,783.0
854.0,814.0
994.0,854.0
855.0,669.0
855.0,766.0
855.0,804.0
855.0,843.0
855.0,845.0
856.0,206.0
856.0,734.0
856.0,749.0
856.0,787.0
856.0,798.0
887.0,856.0
893.0,856.0
857.0,358.0
857.0,685.0
857.0,686.0
857.0,811.0
983.0,857.0
858.0,504.0
858.0,840.0
859.0,281.0
859.0,346.0
859.0,448.0
859.0,678.0
859.0,705.0
859.0,811.0
936.0,859.0
860.0,608.0
897.0,860.0
966.0,860.0
861.0,122.0
861.0,469.0
861.0,775.0
938.0,861.0
942.0,861.0
862.0,224.0
862.0,693.0
862.0,741.0
862.0,813.0
864.0,862.0
955.0,862.0
863.0,157.0
863.0,398.0
863.0,697.0
863.0,819.0
863.0,857.0
954.0,863.0
864.0,135.0
864.0,224.0
864.0,591.0
864.0,838.0
902.0,864.0
865.0,715.0
865.0,747.0
865.0,850.0
884.0,865.0
907.0,865.0
964.0,865.0
996.0,865.0
866.0,25.0
866.0,671.0
866.0,780.0
866.0,825.0
872.0,866.0
901.0,866.0
957.0,866.0
867.0,141.0
867.0,623.0
867.0,709.0
867.0,718.0
922.0,867.0
868.0,695.0
868.0,787.0
868.0,806.0
895.0,868.0
869.0,697.0
869.0,845.0
997.0,869.0
870.0,677.0
871.0,341.0
871.0,786.0
871.0,788.0
871.0,827.0
885.0,871.0
872.0,79.0
872.0,703.0
872.0,711.0
872.0,778.0
872.0,786.0
873.0,697.0
873.0,847.0
874.0,801.0
874.0,803.0
875.0,637.0
875.0,707.0
875.0,711.0
875.0,757.0
875.0,796.0
875.0,797.0
919.0,875.0
876.0,24.0
876.0,53.0
876.0,651.0
876.0,851.0
927.0,876.0
939.0,876.0
877.0,239.0
877.0,711.0
878.0,877.0
884.0,877.0
878.0,759.0
878.0,796.0
878.0,845.0
878.0,876.0
910.0,878.0
973.0,878.0
879.0,833.0
880.0,132.0
880.0,384.0
880.0,687.0
880.0,709.0
880.0,761.0
880.0,815.0
888.0,880.0
943.0,880.0
881.0,726.0
881.0,771.0
881.0,867.0
895.0,881.0
993.0,881.0
882.0,695.0
882.0,708.0
882.0,712.0
882.0,748.0
882.0,871.0
983.0,882.0
883.0,107.0
883.0,340.0
956.0,883.0
972.0,883.0
884.0,72.0
884.0,239.0
884.0,693.0
884.0,782.0
927.0,884.0
998.0,884.0
885.0,343.0
885.0,694.0
985.0,885.0
886.0,204.0
975.0,886.0
887.0,692.0
887.0,702.0
887.0,777.0
887.0,812.0
941.0,887.0
888.0,11.0
888.0,623.0
888.0,835.0
889.0,637.0
889.0,694.0
889.0,697.0
889.0,774.0
893.0,889.0
929.0,889.0
969.0,889.0
890.0,38.0
890.0,115.0
890.0,726.0
890.0,737.0
890.0,762.0
890.0,833.0
904.0,890.0
891.0,350.0
891.0,452.0
891.0,463.0
891.0,672.0
891.0,696.0
891.0,701.0
891.0,732.0
942.0,891.0
970.0,891.0
982.0,891.0
892.0,682.0
892.0,784.0
892.0,800.0
892.0,875.0
892.0,888.0
927.0,892.0
893.0,667.0
893.0,819.0
906.0,893.0
894.0,682.0
894.0,768.0
894.0,780.0
894.0,828.0
894.0,835.0
936.0,894.0
981.0,894.0
895.0,792.0
895.0,798.0
895.0,805.0
938.0,895.0
896.0,60.0
896.0,238.0
896.0,286.0
896.0,706.0
896.0,716.0
896.0,878.0
897.0,533.0
897.0,748.0
897.0,782.0
897.0,800.0
897.0,801.0
897.0,860.0
911.0,897.0
995.0,897.0
898.0,670.0
898.0,773.0
898.0,799.0
898.0,838.0
898.0,878.0
942.0,898.0
974.0,898.0
989.0,898.0
899.0,167.0
899.0,378.0
899.0,874.0
947.0,899.0
900.0,363.0
900.0,709.0
900.0,734.0
900.0,755.0
900.0,810.0
900.0,845.0
938.0,900.0
901.0,730.0
901.0,785.0
901.0,803.0
902.0,215.0
902.0,313.0
902.0,471.0
902.0,691.0
902.0,762.0
902.0,815.0
902.0,875.0
903.0,46.0
903.0,705.0
903.0,846.0
903.0,890.0
927.0,903.0
965.0,903.0
904.0,659.0
904.0,847.0
965.0,904.0
905.0,773.0
905.0,776.0
905.0,796.0
905.0,805.0
905.0,861.0
972.0,905.0
906.0,636.0
906.0,824.0
912.0,906.0
907.0,750.0
907.0,861.0
907.0,883.0
973.0,907.0
908.0,690.0
908.0,696.0
908.0,710.0
908.0,719.0
908.0,863.0
908.0,875.0
909.0,119.0
909.0,235.0
909.0,700.0
909.0,841.0
909.0,871.0
909.0,885.0
933.0,909.0
910.0,442.0
910.0,537.0
910.0,673.0
910.0,682.0
910.0,733.0
910.0,765.0
910.0,831.0
910.0,891.0
911.0,107.0
911.0,656.0
911.0,714.0
922.0,911.0
912.0,200.0
912.0,345.0
912.0,578.0
912.0,700.0
913.0,54.0
913.0,807.0
913.0,875.0
933.0,913.0
938.0,913.0
962.0,913.0
914.0,449.0
914.0,707.0
914.0,744.0
914.0,867.0
915.0,604.0
915.0,615.0
915.0,694.0
915.0,704.0
915.0,754.0
915.0,881.0
924.0,915.0
973.0,915.0
916.0,268.0
916.0,687.0
916.0,778.0
916.0,788.0
916.0,871.0
916.0,875.0
917.0,175.0
917.0,330.0
917.0,804.0
917.0,816.0
993.0,917.0
998.0,917.0
918.0,479.0
943.0,918.0
919.0,113.0
919.0,202.0
919.0,577.0
919.0,744.0
939.0,919.0
989.0,919.0
920.0,370.0
920.0,664.0
967.0,920.0
921.0,264.0
921.0,436.0
921.0,642.0
921.0,736.0
921.0,902.0
923.0,921.0
954.0,921.0
922.0,134.0
922.0,179.0
922.0,485.0
962.0,922.0
923.0,44.0
923.0,466.0
923.0,690.0
923.0,715.0
923.0,729.0
923.0,830.0
923.0,899.0
927.0,923.0
924.0,2.0
924.0,78.0
924.0,189.0
924.0,787.0
925.0,720.0
925.0,753.0
925.0,862.0
966.0,925.0
926.0,398.0
927.0,376.0
927.0,615.0
927.0,749.0
927.0,857.0
957.0,927.0
928.0,640.0
928.0,678.0
928.0,707.0
929.0,337.0
929.0,839.0
929.0,840.0
929.0,852.0
930.0,688.0
930.0,897.0
930.0,917.0
931.0,674.0
931.0,802.0
931.0,869.0
932.0,753.0
932.0,838.0
933.0,48.0
933.0,536.0
933.0,666.0
933.0,747.0
933.0,867.0
933.0,869.0
933.0,891.0
934.0,693.0
934.0,698.0
934.0,745.0
934.0,753.0
934.0,820.0
935.0,152.0
935.0,677.0
935.0,679.0
935.0,712.0
935.0,767.0
936.0,432.0
936.0,675.0
936.0,771.0
936.0,818.0
955.0,936.0
994.0,936.0
937.0,794.0
937.0,849.0
937.0,852.0
937.0,862.0
937.0,905.0
952.0,937.0
938.0,97.0
938.0,214.0
938.0,667.0
938.0,729.0
938.0,740.0
938.0,744.0
938.0,749.0
938.0,795.0
939.0,135.0
939.0,542.0
939.0,819.0
939.0,906.0
940.0,758.0
940.0,783.0
961.0,940.0
941.0,128.0
941.0,753.0
941.0,769.0
941.0,815.0
941.0,927.0
952.0,941.0
964.0,941.0
989.0,941.0
942.0,125.0
942.0,745.0
942.0,752.0
942.0,828.0
943.0,655.0
943.0,705.0
943.0,802.0
943.0,818.0
943.0,845.0
943.0,874.0
943.0,875.0
944.0,135.0
944.0,672.0
944.0,713.0
944.0,884.0
945.0,133.0
945.0,307.0
945.0,507.0
945.0,650.0
945.0,838.0
988.0,945.0
946.0,855.0
947.0,370.0
947.0,411.0
947.0,729.0
948.0,236.0
948.0,872.0
948.0,934.0
949.0,142.0
949.0,592.0
949.0,669.0
949.0,769.0
949.0,793.0
949.0,872.0
949.0,892.0
969.0,949.0
950.0,214.0
950.0,736.0
950.0,769.0
954.0,950.0
951.0,274.0
951.0,297.0
951.0,709.0
951.0,792.0
978.0,951.0
952.0,75.0
952.0,702.0
952.0,828.0
952.0,871.0
953.0,354.0
953.0,638.0
953.0,736.0
953.0,747.0
953.0,768.0
953.0,779.0
953.0,852.0
953.0,853.0
953.0,889.0
954.0,765.0
954.0,800.0
954.0,802.0
954.0,946.0
955.0,185.0
955.0,338.0
955.0,834.0
955.0,928.0
956.0,608.0
956.0,868.0
994.0,956.0
957.0,108.0
957.0,131.0
957.0,704.0
957.0,916.0
957.0,948.0
971.0,957.0
958.0,86.0
958.0,314.0
958.0,428.0
958.0,721.0
958.0,756.0
958.0,924.0
959.0,807.0
959.0,816.0
959.0,865.0
960.0,167.0
960.0,198.0
960.0,703.0
960.0,762.0
960.0,777.0
960.0,832.0
960.0,895.0
960.0,937.0
961.0,23.0
961.0,279.0
961.0,544.0
961.0,730.0
961.0,781.0
961.0,820.0
963.0,961.0
962.0,119.0
962.0,667.0
962.0,819.0
962.0,903.0
963.0,410.0
963.0,770.0
964.0,158.0
964.0,160.0
964.0,260.0
964.0,288.0
964.0,715.0
964.0,722.0
964.0,734.0
964.0,901.0
964.0,920.0
990.0,964.0
965.0,419.0
965.0,825.0
965.0,944.0
987.0,965.0
966.0,299.0
966.0,678.0
966.0,758.0
967.0,236.0
967.0,670.0
967.0,869.0
968.0,255.0
968.0,916.0
968.0,924.0
969.0,550.0
969.0,752.0
969.0,802.0
969.0,946.0
970.0,608.0
970.0,719.0
970.0,746.0
970.0,759.0
970.0,791.0
970.0,812.0
971.0,650.0
971.0,730.0
971.0,817.0
971.0,853.0
972.0,635.0
972.0,670.0
972.0,689.0
972.0,773.0
973.0,699.0
973.0,771.0
973.0,853.0
973.0,854.0
973.0,907.0
973.0,929.0
974.0,240.0
974.0,278.0
974.0,726.0
974.0,907.0
974.0,960.0
974.0,966.0
975.0,178.0
975.0,762.0
975.0,834.0
975.0,928.0
975.0,931.0
975.0,955.0
975.0,969.0
976.0,528.0
976.0,844.0
976.0,861.0
976.0,959.0
977.0,717.0
977.0,894.0
977.0,955.0
977.0,972.0
978.0,476.0
978.0,832.0
979.0,651.0
979.0,778.0
979.0,815.0
979.0,821.0
980.0,292.0
980.0,390.0
980.0,496.0
980.0,507.0
980.0,779.0
980.0,831.0
980.0,848.0
980.0,920.0
981.0,31.0
981.0,243.0
981.0,545.0
981.0,567.0
981.0,609.0
981.0,700.0
981.0,702.0
981.0,737.0
981.0,747.0
981.0,839.0
981.0,857.0
981.0,878.0
981.0,901.0
982.0,981.0
982.0,268.0
982.0,282.0
982.0,679.0
982.0,692.0
982.0,722.0
982.0,826.0
982.0,895.0
982.0,964.0
983.0,354.0
983.0,686.0
983.0,757.0
983.0,862.0
983.0,890.0
984.0,686.0
984.0,722.0
984.0,790.0
984.0,813.0
984.0,955.0
985.0,120.0
985.0,789.0
985.0,840.0
985.0,942.0
986.0,113.0
987.0,684.0
987.0,740.0
987.0,742.0
987.0,767.0
987.0,815.0
987.0,906.0
987.0,919.0
988.0,773.0
988.0,889.0
988.0,890.0
989.0,90.0
989.0,698.0
989.0,955.0
990.0,478.0
990.0,733.0
990.0,759.0
990.0,857.0
991.0,801.0
991.0,902.0
992.0,685.0
992.0,706.0
992.0,719.0
992.0,755.0
992.0,788.0
992.0,935.0
992.0,988.0
993.0,139.0
993.0,627.0
993.0,643.0
993.0,984.0
994.0,201.0
994.0,203.0
994.0,600.0
994.0,667.0
994.0,699.0
994.0,817.0
994.0,825.0
994.0,840.0
994.0,868.0
994.0,920.0
995.0,232.0
995.0,623.0
995.0,672.0
995.0,689.0
995.0,724.0
995.0,743.0
995.0,760.0
995.0,807.0
995.0,972.0
996.0,691.0
996.0,842.0
996.0,991.0
997.0,785.0
997.0,983.0
998.0,702.0
998.0,857.0
998.0,862.0
998.0,984.0
999.0,88.0
999.0,506.0
999.0,541.0
0.0,24.0
0.0,39.0
0.0,51.0
0.0,226.0
0.0,259.0
0.0,265.0
0.0,273.0
0.0,708.0
1.0,109.0
1.0,243.0
1.0,246.0
1.0,259.0
1.0,269.0
1.0,359.0
1.0,631.0
2.0,41.0
2.0,150.0
2.0,272.0
2.0,618.0
0.0,3.0
3.0,29.0
3.0,302.0
3.0,306.0
4.0,49.0
4.0,110.0
4.0,204.0
4.0,256.0
4.0,299.0
4.0,404.0
4.0,902.0
5.0,15.0
5.0,49.0
5.0,120.0
5.0,137.0
5.0,215.0
5.0,223.0
6.0,19.0
6.0,97.0
6.0,156.0
6.0,676.0
6.0,707.0
6.0,751.0
7.0,43.0
7.0,77.0
7.0,144.0
7.0,240.0
7.0,429.0
8.0,25.0
8.0,208.0
8.0,212.0
8.0,245.0
8.0,291.0
8.0,593.0
8.0,837.0
9.0,109.0
9.0,152.0
9.0,183.0
9.0,204.0
9.0,328.0
10.0,111.0
10.0,125.0
10.0,128.0
10.0,143.0
10.0,203.0
10.0,353.0
11.0,177.0
11.0,476.0
11.0,488.0
12.0,117.0
12.0,659.0
12.0,810.0
12.0,955.0
13.0,26.0
13.0,517.0
14.0,139.0
14.0,294.0
9.0,15.0
15.0,25.0
15.0,16.0
16.0,65.0
16.0,132.0
16.0,184.0
16.0,189.0
16.0,205.0
16.0,312.0
16.0,618.0
16.0,850.0
16.0,893.0
17.0,120.0
17.0,130.0
17.0,255.0
17.0,648.0
18.0,32.0
18.0,106.0
18.0,182.0
18.0,251.0
18.0,253.0
18.0,295.0
18.0,796.0
19.0,73.0
19.0,79.0
19.0,251.0
19.0,329.0
19.0,330.0
19.0,420.0
20.0,121.0
20.0,157.0
20.0,160.0
20.0,349.0
20.0,669.0
20.0,846.0
20.0,864.0
20.0,887.0
21.0,288.0
21.0,705.0
21.0,773.0
21.0,931.0
22.0,37.0
22.0,50.0
22.0,201.0
22.0,244.0
22.0,495.0
22.0,753.0
22.0,791.0
23.0,52.0
23.0,87.0
23.0,107.0
23.0,206.0
23.0,223.0
23.0,999.0
24.0,249.0
24.0,637.0
25.0,161.0
25.0,176.0
25.0,190.0
25.0,229.0
25.0,238.0
25.0,286.0
25.0,303.0
26.0,79.0
26.0,98.0
26.0,99.0
26.0,183.0
26.0,283.0
26.0,852.0
26.0,27.0
27.0,191.0
27.0,193.0
27.0,229.0
27.0,237.0
27.0,256.0
27.0,834.0
28.0,200.0
28.0,261.0
28.0,277.0
28.0,278.0
9.0,29.0
17.0,29.0
29.0,64.0
29.0,94.0
29.0,207.0
29.0,330.0
29.0,887.0
13.0,30.0
30.0,96.0
30.0,299.0
30.0,506.0
13.0,31.0
17.0,31.0
31.0,49.0
31.0,78.0
31.0,178.0
31.0,188.0
31.0,192.0
31.0,219.0
31.0,657.0
19.0,32.0
32.0,324.0
32.0,409.0
28.0,33.0
33.0,137.0
33.0,216.0
33.0,398.0
33.0,525.0
33.0,659.0
33.0,731.0
33.0,999.0
23.0,34.0
28.0,34.0
34.0,161.0
34.0,220.0
34.0,273.0
34.0,313.0
34.0,324.0
34.0,381.0
34.0,695.0
34.0,948.0
34.0,965.0
35.0,185.0
35.0,257.0
35.0,301.0
35.0,308.0
35.0,497.0
35.0,548.0
12.0,36.0
36.0,100.0
36.0,177.0
36.0,183.0
36.0,186.0
36.0,285.0
36.0,344.0
36.0,368.0
36.0,541.0
37.0,295.0
37.0,322.0
37.0,635.0
38.0,195.0
38.0,243.0
38.0,248.0
39.0,78.0
39.0,106.0
39.0,270.0
39.0,994.0
35.0,40.0
40.0,52.0
40.0,56.0
40.0,128.0
40.0,225.0
40.0,273.0
40.0,587.0
0.0,41.0
22.0,41.0
41.0,81.0
41.0,94.0
41.0,193.0
12.0,42.0
26.0,42.0
42.0,66.0
42.0,270.0
42.0,277.0
42.0,978.0
43.0,123.0
43.0,157.0
43.0,308.0
43.0,757.0
43.0,44.0
44.0,69.0
44.0,972.0
45.0,452.0
46.0,122.0
46.0,153.0
46.0,161.0
46.0,210.0
46.0,234.0
46.0,257.0
46.0,278.0
46.0,654.0
47.0,290.0
47.0,332.0
47.0,333.0
5.0,48.0
48.0,89.0
48.0,183.0
48.0,190.0
48.0,211.0
48.0,316.0
14.0,49.0
22.0,49.0
49.0,74.0
49.0,75.0
49.0,95.0
49.0,117.0
49.0,176.0
49.0,225.0
49.0,226.0
49.0,263.0
49.0,274.0
49.0,283.0
49.0,481.0
49.0,564.0
9.0,50.0
50.0,208.0
50.0,317.0
50.0,593.0
50.0,610.0
23.0,51.0
28.0,51.0
51.0,269.0
51.0,280.0
52.0,53.0
52.0,69.0
52.0,123.0
52.0,157.0
52.0,175.0
52.0,261.0
52.0,303.0
52.0,393.0
53.0,270.0
54.0,77.0
54.0,222.0
54.0,658.0
54.0,688.0
55.0,270.0
55.0,663.0
14.0,56.0
56.0,157.0
56.0,206.0
56.0,257.0
56.0,286.0
56.0,294.0
57.0,64.0
57.0,155.0
57.0,164.0
57.0,190.0
57.0,227.0
57.0,237.0
57.0,283.0
57.0,381.0
57.0,889.0
11.0,58.0
58.0,59.0
58.0,157.0
58.0,188.0
58.0,235.0
58.0,241.0
59.0,265.0
59.0,561.0
59.0,708.0
59.0,775.0
7.0,60.0
60.0,64.0
60.0,165.0
60.0,221.0
60.0,773.0
60.0,848.0
61.0,116.0
61.0,231.0
61.0,473.0
61.0,497.0
61.0,733.0
57.0,62.0
62.0,131.0
62.0,295.0
62.0,504.0
63.0,112.0
63.0,237.0
63.0,277.0
63.0,817.0
64.0,90.0
64.0,142.0
64.0,197.0
64.0,331.0
64.0,371.0
64.0,780.0
43.0,65.0
65.0,86.0
65.0,209.0
65.0,262.0
65.0,308.0
65.0,903.0
62.0,66.0
66.0,119.0
66.0,247.0
66.0,321.0
38.0,67.0
67.0,146.0
67.0,156.0
67.0,289.0
67.0,490.0
67.0,839.0
68.0,235.0
68.0,326.0
68.0,530.0
68.0,672.0
68.0,809.0
22.0,69.0
69.0,96.0
69.0,262.0
69.0,598.0
69.0,924.0
60.0,70.0
70.0,118.0
70.0,125.0
70.0,163.0
70.0,267.0
70.0,398.0
10.0,71.0
20.0,71.0
71.0,128.0
71.0,248.0
71.0,805.0
23.0,72.0
37.0,72.0
72.0,84.0
72.0,216.0
72.0,260.0
72.0,306.0
72.0,471.0
72.0,587.0
72.0,931.0
73.0,124.0
73.0,181.0
73.0,211.0
73.0,223.0
73.0,290.0
73.0,294.0
64.0,74.0
74.0,75.0
74.0,179.0
74.0,246.0
74.0,498.0
74.0,730.0
75.0,95.0
75.0,198.0
75.0,459.0
75.0,835.0
76.0,157.0
76.0,321.0
76.0,490.0
77.0,163.0
77.0,212.0
77.0,260.0
77.0,296.0
77.0,776.0
77.0,871.0
1.0,78.0
78.0,188.0
78.0,204.0
78.0,287.0
78.0,296.0
78.0,725.0
4.0,79.0
18.0,79.0
79.0,281.0
79.0,317.0
79.0,474.0
53.0,80.0
80.0,248.0
32.0,81.0
81.0,99.0
81.0,428.0
82.0,102.0
82.0,199.0
82.0,241.0
82.0,712.0
83.0,558.0
84.0,233.0
85.0,107.0
85.0,234.0
85.0,293.0
85.0,334.0
85.0,437.0
85.0,806.0
85.0,849.0
48.0,86.0
49.0,86.0
86.0,109.0
86.0,152.0
86.0,195.0
86.0,221.0
86.0,253.0
86.0,258.0
86.0,261.0
2.0,87.0
60.0,87.0
72.0,87.0
87.0,206.0
87.0,707.0
83.0,88.0
88.0,93.0
88.0,320.0
88.0,613.0
88.0,845.0
14.0,89.0
66.0,89.0
89.0,191.0
89.0,793.0
15.0,90.0
35.0,90.0
90.0,115.0
90.0,118.0
90.0,155.0
90.0,213.0
90.0,615.0
8.0,91.0
91.0,98.0
91.0,122.0
91.0,145.0
91.0,230.0
91.0,468.0
91.0,519.0
91.0,590.0
67.0,92.0
89.0,92.0
92.0,93.0
92.0,270.0
92.0,308.0
3.0,93.0
63.0,93.0
90.0,93.0
93.0,116.0
93.0,117.0
93.0,198.0
93.0,200.0
93.0,230.0
93.0,281.0
93.0,299.0
93.0,604.0
10.0,94.0
16.0,94.0
94.0,137.0
94.0,960.0
3.0,95.0
46.0,95.0
87.0,95.0
95.0,125.0
95.0,557.0
13.0,96.0
96.0,132.0
96.0,202.0
96.0,277.0
96.0,440.0
96.0,636.0
96.0,778.0
96.0,857.0
96.0,919.0
19.0,97.0
70.0,97.0
93.0,97.0
97.0,168.0
97.0,179.0
97.0,316.0
97.0,610.0
98.0,320.0
99.0,308.0
99.0,553.0
37.0,100.0
100.0,114.0
100.0,298.0
100.0,999.0
63.0,101.0
101.0,110.0
38.0,102.0
102.0,185.0
102.0,481.0
102.0,539.0
103.0,109.0
70.0,104.0
88.0,104.0
104.0,227.0
26.0,105.0
60.0,105.0
63.0,105.0
105.0,146.0
105.0,204.0
105.0,328.0
105.0,838.0
43.0,106.0
44.0,106.0
106.0,331.0
106.0,801.0
17.0,107.0
107.0,228.0
107.0,260.0
28.0,108.0
29.0,108.0
67.0,108.0
108.0,830.0
109.0,263.0
109.0,265.0
109.0,311.0
110.0,264.0
110.0,627.0
110.0,817.0
17.0,111.0
47.0,111.0
111.0,130.0
111.0,131.0
111.0,160.0
111.0,328.0
111.0,417.0
43.0,112.0
58.0,112.0
112.0,224.0
112.0,228.0
112.0,679.0
112.0,810.0
112.0,959.0
44.0,113.0
98.0,113.0
113.0,121.0
113.0,130.0
113.0,263.0
66.0,114.0
94.0,114.0
114.0,168.0
114.0,213.0
114.0,326.0
114.0,597.0
114.0,648.0
114.0,941.0
114.0,979.0
6.0,115.0
115.0,118.0
115.0,133.0
115.0,140.0
115.0,239.0
115.0,263.0
115.0,306.0
33.0,116.0
82.0,116.0
116.0,175.0
116.0,197.0
116.0,866.0
77.0,117.0
117.0,329.0
117.0,919.0
117.0,942.0
18.0,118.0
108.0,118.0
118.0,186.0
118.0,226.0
118.0,293.0
100.0,119.0
118.0,119.0
119.0,155.0
119.0,217.0
119.0,270.0
119.0,634.0
49.0,120.0
120.0,312.0
120.0,566.0
100.0,121.0
121.0,647.0
121.0,954.0
40.0,122.0
122.0,138.0
122.0,251.0
122.0,320.0
122.0,564.0
122.0,646.0
122.0,781.0
122.0,833.0
122.0,960.0
106.0,123.0
123.0,205.0
123.0,316.0
43.0,124.0
47.0,124.0
124.0,182.0
124.0,186.0
124.0,249.0
42.0,125.0
125.0,170.0
125.0,283.0
125.0,357.0
125.0,513.0
126.0,307.0
126.0,348.0
126.0,639.0
126.0,916.0
127.0,273.0
127.0,304.0
127.0,307.0
127.0,310.0
127.0,512.0
127.0,925.0
116.0,128.0
128.0,245.0
128.0,251.0
10.0,129.0
16.0,129.0
43.0,129.0
110.0,129.0
116.0,129.0
129.0,200.0
129.0,256.0
11.0,130.0
62.0,130.0
130.0,265.0
130.0,531.0
22.0,131.0
131.0,222.0
131.0,282.0
131.0,559.0
131.0,982.0
13.0,132.0
89.0,132.0
28.0,133.0
106.0,133.0
133.0,256.0
133.0,262.0
133.0,300.0
133.0,325.0
12.0,134.0
46.0,134.0
50.0,134.0
67.0,134.0
134.0,555.0
40.0,135.0
45.0,135.0
135.0,182.0
135.0,236.0
135.0,315.0
135.0,329.0
135.0,702.0
135.0,780.0
135.0,983.0
104.0,136.0
124.0,136.0
136.0,732.0
137.0,154.0
137.0,188.0
137.0,288.0
137.0,318.0
99.0,138.0
110.0,138.0
138.0,175.0
138.0,180.0
138.0,289.0
6.0,139.0
98.0,139.0
106.0,139.0
50.0,140.0
140.0,152.0
140.0,208.0
141.0,172.0
109.0,142.0
142.0,190.0
142.0,221.0
142.0,260.0
142.0,592.0
142.0,729.0
142.0,867.0
143.0,222.0
143.0,340.0
144.0,174.0
144.0,253.0
144.0,282.0
47.0,145.0
145.0,169.0
145.0,209.0
145.0,267.0
145.0,308.0
145.0,453.0
146.0,164.0
146.0,326.0
21.0,147.0
123.0,147.0
147.0,465.0
80.0,148.0
115.0,148.0
148.0,328.0
148.0,484.0
148.0,618.0
65.0,149.0
138.0,149.0
149.0,926.0
104.0,150.0
144.0,150.0
150.0,240.0
150.0,989.0
151.0,185.0
151.0,191.0
151.0,659.0
151.0,865.0
151.0,891.0
151.0,914.0
22.0,152.0
25.0,152.0
92.0,152.0
152.0,238.0
152.0,634.0
152.0,828.0
152.0,968.0
3.0,153.0
32.0,153.0
123.0,153.0
130.0,153.0
153.0,222.0
153.0,289.0
153.0,436.0
153.0,845.0
153.0,954.0
23.0,154.0
25.0,154.0
154.0,563.0
154.0,698.0
59.0,155.0
155.0,175.0
155.0,241.0
155.0,770.0
155.0,962.0
6.0,156.0
145.0,156.0
156.0,259.0
156.0,272.0
21.0,157.0
141.0,157.0
157.0,857.0
157.0,919.0
150.0,158.0
158.0,308.0
158.0,844.0
157.0,159.0
159.0,177.0
159.0,303.0
159.0,403.0
159.0,867.0
19.0,160.0
20.0,160.0
46.0,160.0
93.0,160.0
160.0,166.0
160.0,167.0
160.0,196.0
160.0,209.0
160.0,278.0
160.0,775.0
128.0,161.0
161.0,220.0
161.0,281.0
161.0,548.0
6.0,162.0
162.0,197.0
162.0,495.0
5.0,163.0
34.0,163.0
92.0,163.0
94.0,163.0
123.0,163.0
163.0,397.0
136.0,164.0
139.0,164.0
164.0,170.0
164.0,299.0
164.0,635.0
164.0,716.0
130.0,165.0
165.0,197.0
165.0,243.0
165.0,263.0
165.0,360.0
106.0,166.0
166.0,309.0
166.0,366.0
166.0,533.0
166.0,815.0
151.0,167.0
167.0,265.0
167.0,284.0
167.0,302.0
167.0,737.0
167.0,986.0
3.0,168.0
30.0,168.0
168.0,268.0
168.0,479.0
168.0,560.0
168.0,900.0
168.0,932.0
169.0,194.0
169.0,687.0
170.0,274.0
170.0,635.0
170.0,874.0
83.0,171.0
171.0,429.0
171.0,440.0
171.0,846.0
33.0,172.0
172.0,271.0
172.0,313.0
93.0,173.0
98.0,173.0
173.0,250.0
173.0,894.0
100.0,174.0
132.0,174.0
174.0,181.0
174.0,249.0
174.0,292.0
1.0,175.0
103.0,175.0
121.0,175.0
175.0,326.0
176.0,842.0
7.0,177.0
21.0,177.0
15.0,178.0
27.0,178.0
178.0,253.0
56.0,179.0
116.0,179.0
179.0,202.0
179.0,296.0
179.0,310.0
179.0,506.0
51.0,180.0
180.0,221.0
180.0,279.0
180.0,317.0
180.0,400.0
180.0,745.0
116.0,181.0
181.0,186.0
181.0,229.0
181.0,237.0
181.0,331.0
181.0,692.0
39.0,182.0
97.0,182.0
182.0,300.0
182.0,491.0
104.0,183.0
122.0,183.0
183.0,257.0
183.0,824.0
183.0,835.0
45.0,184.0
184.0,245.0
184.0,283.0
184.0,811.0
6.0,185.0
13.0,185.0
72.0,185.0
112.0,185.0
142.0,185.0
18.0,186.0
26.0,186.0
60.0,186.0
102.0,186.0
119.0,186.0
186.0,236.0
186.0,999.0
187.0,205.0
187.0,299.0
187.0,312.0
187.0,410.0
187.0,905.0
187.0,924.0
55.0,188.0
188.0,273.0
188.0,698.0
163.0,189.0
189.0,198.0
189.0,227.0
189.0,231.0
189.0,708.0
189.0,826.0
189.0,866.0
143.0,190.0
149.0,190.0
190.0,191.0
190.0,293.0
190.0,325.0
93.0,191.0
159.0,191.0
164.0,191.0
191.0,297.0
191.0,919.0
21.0,192.0
129.0,192.0
192.0,193.0
192.0,194.0
192.0,224.0
192.0,263.0
192.0,268.0
192.0,869.0
34.0,193.0
193.0,271.0
193.0,635.0
15.0,194.0
59.0,194.0
194.0,199.0
194.0,230.0
194.0,239.0
194.0,702.0
19.0,195.0
83.0,195.0
163.0,195.0
195.0,282.0
195.0,885.0
29.0,196.0
103.0,196.0
196.0,444.0
46.0,197.0
50.0,197.0
82.0,197.0
151.0,197.0
186.0,197.0
89.0,198.0
164.0,198.0
186.0,198.0
198.0,234.0
198.0,324.0
75.0,199.0
78.0,199.0
90.0,199.0
30.0,200.0
102.0,200.0
127.0,200.0
188.0,200.0
200.0,284.0
200.0,321.0
200.0,525.0
200.0,717.0
78.0,201.0
201.0,313.0
161.0,202.0
202.0,227.0
202.0,293.0
202.0,326.0
34.0,203.0
124.0,203.0
203.0,242.0
76.0,204.0
204.0,959.0
15.0,205.0
61.0,205.0
205.0,228.0
205.0,261.0
205.0,288.0
205.0,524.0
205.0,729.0
37.0,206.0
82.0,206.0
205.0,206.0
206.0,298.0
206.0,837.0
70.0,207.0
81.0,207.0
187.0,207.0
207.0,326.0
207.0,489.0
207.0,596.0
10.0,208.0
208.0,269.0
208.0,972.0
82.0,209.0
209.0,828.0
11.0,210.0
59.0,210.0
210.0,232.0
210.0,233.0
210.0,411.0
162.0,211.0
173.0,211.0
211.0,303.0
211.0,445.0
211.0,752.0
58.0,212.0
100.0,212.0
206.0,212.0
212.0,221.0
212.0,743.0
54.0,213.0
158.0,213.0
188.0,213.0
196.0,213.0
213.0,271.0
70.0,214.0
214.0,238.0
214.0,869.0
215.0,225.0
215.0,241.0
215.0,376.0
142.0,216.0
216.0,265.0
216.0,476.0
216.0,593.0
45.0,217.0
135.0,217.0
217.0,289.0
110.0,218.0
183.0,218.0
218.0,242.0
218.0,446.0
218.0,455.0
218.0,999.0
59.0,219.0
216.0,219.0
219.0,304.0
219.0,322.0
219.0,643.0
220.0,299.0
220.0,532.0
220.0,673.0
25.0,221.0
168.0,221.0
221.0,223.0
221.0,445.0
38.0,222.0
100.0,222.0
159.0,222.0
222.0,370.0
222.0,605.0
80.0,223.0
211.0,223.0
223.0,231.0
223.0,319.0
223.0,816.0
49.0,224.0
224.0,250.0
224.0,264.0
151.0,225.0
225.0,238.0
225.0,274.0
225.0,302.0
118.0,226.0
182.0,226.0
226.0,273.0
226.0,330.0
226.0,839.0
67.0,227.0
102.0,227.0
117.0,227.0
227.0,306.0
227.0,942.0
33.0,228.0
46.0,228.0
228.0,307.0
228.0,665.0
13.0,229.0
57.0,229.0
102.0,229.0
229.0,234.0
65.0,230.0
116.0,230.0
162.0,230.0
230.0,321.0
230.0,703.0
230.0,777.0
48.0,231.0
80.0,231.0
231.0,260.0
231.0,266.0
231.0,280.0
231.0,730.0
231.0,888.0
82.0,232.0
143.0,232.0
188.0,232.0
211.0,232.0
232.0,247.0
232.0,351.0
233.0,312.0
233.0,315.0
45.0,234.0
161.0,234.0
186.0,234.0
204.0,234.0
230.0,234.0
234.0,568.0
45.0,235.0
77.0,235.0
92.0,235.0
98.0,235.0
176.0,235.0
235.0,296.0
235.0,323.0
235.0,503.0
235.0,708.0
235.0,997.0
27.0,236.0
186.0,236.0
220.0,236.0
57.0,237.0
93.0,237.0
159.0,237.0
237.0,269.0
237.0,730.0
237.0,795.0
237.0,859.0
238.0,270.0
238.0,326.0
70.0,239.0
193.0,239.0
226.0,239.0
237.0,239.0
239.0,256.0
239.0,281.0
239.0,294.0
163.0,240.0
182.0,240.0
240.0,624.0
58.0,241.0
71.0,241.0
194.0,241.0
241.0,280.0
39.0,242.0
242.0,283.0
242.0,291.0
242.0,298.0
242.0,595.0
242.0,945.0
87.0,243.0
119.0,243.0
159.0,243.0
162.0,243.0
199.0,243.0
243.0,306.0
243.0,830.0
243.0,875.0
35.0,244.0
61.0,244.0
86.0,244.0
244.0,313.0
244.0,330.0
4.0,245.0
101.0,245.0
161.0,245.0
173.0,245.0
245.0,643.0
7.0,246.0
36.0,246.0
48.0,246.0
157.0,246.0
201.0,246.0
246.0,590.0
22.0,247.0
84.0,247.0
247.0,291.0
247.0,297.0
247.0,321.0
247.0,677.0
247.0,733.0
247.0,783.0
247.0,935.0
0.0,248.0
108.0,249.0
249.0,323.0
249.0,609.0
39.0,250.0
58.0,250.0
107.0,250.0
250.0,277.0
250.0,282.0
250.0,936.0
140.0,251.0
175.0,251.0
240.0,251.0
251.0,542.0
251.0,940.0
29.0,252.0
68.0,252.0
76.0,252.0
238.0,252.0
252.0,267.0
252.0,272.0
252.0,293.0
76.0,253.0
183.0,253.0
245.0,253.0
253.0,297.0
253.0,404.0
253.0,866.0
143.0,254.0
82.0,255.0
84.0,255.0
176.0,255.0
255.0,277.0
255.0,297.0
86.0,256.0
94.0,256.0
256.0,287.0
256.0,309.0
256.0,738.0
40.0,257.0
103.0,257.0
122.0,257.0
158.0,257.0
257.0,314.0
2.0,258.0
30.0,258.0
49.0,258.0
78.0,258.0
109.0,258.0
110.0,258.0
258.0,295.0
258.0,298.0
258.0,410.0
259.0,490.0
31.0,260.0
152.0,260.0
154.0,260.0
171.0,260.0
260.0,296.0
260.0,322.0
260.0,415.0
260.0,975.0
78.0,261.0
92.0,261.0
261.0,294.0
261.0,431.0
261.0,798.0
261.0,818.0
261.0,870.0
131.0,262.0
211.0,262.0
262.0,266.0
262.0,878.0
199.0,263.0
219.0,263.0
260.0,263.0
263.0,710.0
263.0,933.0
263.0,995.0
7.0,264.0
12.0,265.0
29.0,265.0
76.0,265.0
251.0,265.0
265.0,272.0
5.0,266.0
15.0,266.0
120.0,266.0
172.0,266.0
229.0,266.0
232.0,266.0
266.0,291.0
104.0,267.0
159.0,267.0
267.0,322.0
267.0,575.0
267.0,954.0
267.0,969.0
170.0,268.0
235.0,268.0
268.0,329.0
268.0,625.0
268.0,722.0
4.0,269.0
36.0,269.0
89.0,269.0
100.0,269.0
106.0,269.0
208.0,269.0
269.0,276.0
269.0,859.0
58.0,270.0
270.0,307.0
40.0,271.0
74.0,271.0
133.0,271.0
238.0,271.0
271.0,282.0
271.0,291.0
4.0,272.0
62.0,273.0
87.0,273.0
176.0,273.0
213.0,273.0
241.0,273.0
51.0,274.0
253.0,274.0
269.0,274.0
273.0,274.0
274.0,478.0
274.0,823.0
122.0,275.0
254.0,275.0
185.0,276.0
276.0,675.0
276.0,906.0
3.0,277.0
168.0,277.0
176.0,277.0
187.0,277.0
267.0,277.0
270.0,277.0
277.0,281.0
277.0,284.0
277.0,302.0
122.0,278.0
142.0,278.0
278.0,304.0
278.0,405.0
278.0,803.0
46.0,279.0
189.0,279.0
279.0,651.0
74.0,280.0
86.0,280.0
157.0,280.0
174.0,280.0
189.0,280.0
280.0,733.0
56.0,281.0
248.0,281.0
275.0,281.0
281.0,673.0
281.0,684.0
212.0,282.0
282.0,328.0
282.0,352.0
282.0,812.0
282.0,903.0
63.0,283.0
283.0,304.0
283.0,410.0
17.0,284.0
20.0,284.0
99.0,284.0
157.0,284.0
184.0,284.0
238.0,284.0
284.0,299.0
45.0,285.0
285.0,830.0
8.0,286.0
160.0,286.0
268.0,286.0
286.0,789.0
30.0,287.0
121.0,287.0
287.0,933.0
126.0,288.0
131.0,288.0
258.0,288.0
277.0,288.0
13.0,289.0
289.0,325.0
289.0,513.0
289.0,775.0
153.0,290.0
290.0,458.0
290.0,465.0
290.0,467.0
25.0,291.0
178.0,291.0
194.0,291.0
291.0,316.0
291.0,795.0
58.0,292.0
292.0,493.0
292.0,999.0
293.0,300.0
293.0,523.0
293.0,588.0
293.0,796.0
293.0,857.0
293.0,913.0
9.0,294.0
70.0,294.0
266.0,294.0
294.0,539.0
294.0,795.0
171.0,295.0
295.0,364.0
295.0,867.0
1.0,296.0
32.0,296.0
272.0,296.0
296.0,819.0
38.0,297.0
154.0,297.0
164.0,297.0
261.0,297.0
297.0,305.0
18.0,298.0
142.0,298.0
229.0,298.0
298.0,300.0
298.0,703.0
298.0,976.0
256.0,299.0
258.0,299.0
259.0,299.0
26.0,300.0
72.0,300.0
169.0,300.0
199.0,300.0
222.0,300.0
236.0,300.0
284.0,300.0
300.0,549.0
300.0,562.0
300.0,890.0
44.0,301.0
176.0,301.0
301.0,321.0
301.0,350.0
301.0,359.0
95.0,302.0
117.0,302.0
212.0,302.0
273.0,302.0
285.0,302.0
302.0,429.0
302.0,613.0
302.0,947.0
192.0,303.0
114.0,304.0
181.0,304.0
274.0,304.0
296.0,305.0
305.0,957.0
3.0,306.0
6.0,306.0
268.0,306.0
306.0,510.0
306.0,901.0
119.0,307.0
122.0,307.0
164.0,307.0
286.0,308.0
1.0,309.0
100.0,309.0
137.0,309.0
190.0,309.0
309.0,609.0
309.0,678.0
31.0,310.0
89.0,310.0
91.0,310.0
102.0,310.0
108.0,310.0
200.0,310.0
237.0,310.0
310.0,323.0
310.0,726.0
296.0,311.0
311.0,677.0
119.0,312.0
276.0,312.0
312.0,863.0
312.0,948.0
118.0,313.0
122.0,313.0
230.0,313.0
41.0,314.0
234.0,314.0
263.0,314.0
273.0,314.0
314.0,436.0
314.0,533.0
36.0,315.0
246.0,315.0
315.0,735.0
315.0,970.0
95.0,316.0
163.0,316.0
183.0,316.0
310.0,316.0
316.0,807.0
316.0,846.0
0.0,317.0
215.0,317.0
309.0,317.0
59.0,318.0
127.0,318.0
155.0,318.0
196.0,318.0
318.0,481.0
318.0,833.0
53.0,319.0
193.0,319.0
290.0,319.0
319.0,367.0
319.0,853.0
320.0,830.0
86.0,321.0
115.0,321.0
156.0,321.0
270.0,321.0
291.0,321.0
300.0,321.0
321.0,467.0
77.0,322.0
227.0,322.0
268.0,322.0
318.0,322.0
7.0,323.0
97.0,323.0
148.0,323.0
323.0,736.0
93.0,324.0
139.0,324.0
170.0,324.0
107.0,325.0
110.0,325.0
199.0,325.0
325.0,548.0
35.0,326.0
58.0,326.0
236.0,326.0
239.0,326.0
280.0,326.0
294.0,326.0
325.0,326.0
326.0,541.0
326.0,658.0
33.0,327.0
37.0,327.0
48.0,327.0
327.0,650.0
37.0,328.0
251.0,328.0
322.0,328.0
328.0,720.0
328.0,804.0
328.0,901.0
3.0,329.0
61.0,329.0
72.0,329.0
229.0,329.0
132.0,330.0
308.0,330.0
31.0,331.0
148.0,331.0
271.0,331.0
84.0,332.0
115.0,332.0
223.0,332.0
226.0,332.0
332.0,366.0
332.0,503.0
332.0,972.0
333.0,380.0
333.0,390.0
333.0,431.0
333.0,432.0
333.0,498.0
333.0,617.0
333.0,623.0
334.0,513.0
334.0,575.0
334.0,643.0
66.0,335.0
217.0,335.0
222.0,335.0
335.0,470.0
335.0,553.0
335.0,635.0
335.0,638.0
77.0,336.0
327.0,336.0
336.0,387.0
336.0,402.0
336.0,412.0
336.0,592.0
336.0,626.0
336.0,642.0
213.0,337.0
337.0,357.0
337.0,359.0
337.0,370.0
337.0,471.0
337.0,518.0
337.0,530.0
337.0,639.0
337.0,644.0
38.0,338.0
338.0,522.0
338.0,528.0
338.0,547.0
338.0,631.0
245.0,339.0
279.0,339.0
339.0,422.0
339.0,428.0
339.0,439.0
339.0,484.0
339.0,519.0
339.0,576.0
339.0,652.0
339.0,760.0
339.0,910.0
174.0,340.0
340.0,369.0
340.0,401.0
340.0,555.0
340.0,758.0
307.0,341.0
341.0,348.0
341.0,361.0
341.0,390.0
341.0,462.0
341.0,466.0
0.0,342.0
343.0,405.0
343.0,558.0
343.0,637.0
2.0,344.0
344.0,411.0
344.0,419.0
344.0,556.0
345.0,362.0
345.0,476.0
345.0,535.0
345.0,547.0
345.0,567.0
345.0,735.0
186.0,346.0
345.0,346.0
346.0,504.0
346.0,540.0
346.0,638.0
347.0,348.0
347.0,407.0
347.0,438.0
347.0,469.0
347.0,509.0
347.0,521.0
347.0,746.0
291.0,348.0
348.0,379.0
348.0,507.0
348.0,636.0
15.0,349.0
37.0,349.0
64.0,349.0
337.0,349.0
349.0,394.0
349.0,402.0
349.0,588.0
349.0,658.0
350.0,368.0
350.0,785.0
39.0,351.0
334.0,351.0
335.0,351.0
351.0,362.0
351.0,417.0
351.0,518.0
351.0,528.0
351.0,531.0
351.0,556.0
351.0,572.0
351.0,648.0
351.0,767.0
351.0,960.0
351.0,981.0
95.0,352.0
196.0,352.0
352.0,427.0
352.0,438.0
352.0,486.0
352.0,499.0
352.0,595.0
352.0,664.0
353.0,418.0
353.0,439.0
353.0,846.0
114.0,354.0
251.0,354.0
354.0,446.0
354.0,538.0
355.0,392.0
355.0,414.0
355.0,446.0
355.0,456.0
355.0,517.0
355.0,532.0
355.0,548.0
355.0,992.0
356.0,401.0
356.0,557.0
356.0,571.0
153.0,357.0
357.0,571.0
357.0,619.0
218.0,358.0
358.0,429.0
358.0,443.0
358.0,590.0
358.0,596.0
358.0,618.0
340.0,359.0
359.0,398.0
359.0,416.0
359.0,424.0
359.0,496.0
359.0,528.0
359.0,587.0
359.0,602.0
359.0,622.0
73.0,360.0
360.0,438.0
360.0,551.0
360.0,630.0
212.0,361.0
361.0,505.0
361.0,511.0
361.0,551.0
361.0,576.0
361.0,625.0
361.0,762.0
123.0,362.0
362.0,393.0
362.0,417.0
362.0,506.0
362.0,545.0
362.0,549.0
362.0,578.0
362.0,597.0
363.0,369.0
363.0,565.0
364.0,388.0
364.0,410.0
364.0,499.0
364.0,568.0
364.0,604.0
364.0,653.0
365.0,378.0
365.0,408.0
365.0,455.0
365.0,467.0
365.0,526.0
365.0,949.0
366.0,385.0
366.0,395.0
366.0,403.0
366.0,462.0
366.0,528.0
366.0,530.0
366.0,571.0
366.0,614.0
367.0,372.0
367.0,383.0
367.0,590.0
367.0,650.0
196.0,368.0
333.0,368.0
368.0,387.0
368.0,443.0
368.0,464.0
368.0,611.0
333.0,369.0
370.0,462.0
370.0,588.0
370.0,644.0
370.0,971.0
371.0,438.0
371.0,513.0
371.0,541.0
125.0,372.0
361.0,372.0
372.0,524.0
372.0,526.0
372.0,638.0
372.0,764.0
64.0,373.0
373.0,459.0
373.0,548.0
373.0,596.0
373.0,638.0
336.0,374.0
374.0,421.0
374.0,545.0
374.0,567.0
114.0,375.0
375.0,482.0
376.0,440.0
376.0,459.0
376.0,553.0
376.0,704.0
376.0,978.0
377.0,398.0
377.0,462.0
377.0,537.0
377.0,585.0
377.0,617.0
71.0,378.0
378.0,492.0
378.0,992.0
373.0,379.0
379.0,402.0
379.0,420.0
379.0,627.0
379.0,635.0
6.0,380.0
17.0,380.0
364.0,380.0
380.0,395.0
380.0,568.0
380.0,636.0
380.0,638.0
380.0,901.0
380.0,967.0
124.0,381.0
364.0,381.0
381.0,456.0
381.0,494.0
381.0,502.0
296.0,382.0
334.0,382.0
382.0,472.0
382.0,572.0
382.0,578.0
382.0,586.0
382.0,618.0
382.0,719.0
382.0,864.0
382.0,916.0
355.0,383.0
383.0,390.0
383.0,400.0
383.0,457.0
383.0,473.0
340.0,384.0
384.0,514.0
384.0,658.0
384.0,811.0
384.0,873.0
101.0,385.0
386.0,498.0
386.0,650.0
386.0,797.0
386.0,900.0
120.0,387.0
221.0,387.0
387.0,419.0
387.0,554.0
387.0,654.0
387.0,708.0
387.0,826.0
286.0,388.0
388.0,447.0
388.0,500.0
388.0,517.0
388.0,556.0
388.0,581.0
388.0,978.0
320.0,389.0
389.0,496.0
389.0,638.0
389.0,645.0
370.0,390.0
390.0,600.0
390.0,637.0
390.0,391.0
391.0,540.0
391.0,610.0
86.0,392.0
392.0,600.0
393.0,595.0
393.0,842.0
393.0,947.0
154.0,394.0
354.0,394.0
394.0,499.0
394.0,540.0
394.0,541.0
394.0,581.0
394.0,942.0
394.0,998.0
387.0,395.0
395.0,536.0
395.0,638.0
386.0,396.0
396.0,505.0
396.0,629.0
68.0,397.0
175.0,397.0
368.0,397.0
397.0,448.0
397.0,468.0
397.0,479.0
397.0,551.0
397.0,559.0
397.0,634.0
34.0,398.0
352.0,398.0
398.0,524.0
398.0,545.0
136.0,399.0
148.0,399.0
242.0,399.0
246.0,399.0
374.0,399.0
381.0,399.0
390.0,399.0
399.0,625.0
375.0,400.0
400.0,509.0
400.0,511.0
400.0,514.0
335.0,401.0
401.0,638.0
401.0,670.0
52.0,402.0
388.0,402.0
402.0,455.0
402.0,460.0
402.0,461.0
402.0,472.0
402.0,612.0
333.0,403.0
354.0,403.0
403.0,420.0
403.0,440.0
403.0,474.0
403.0,614.0
403.0,621.0
91.0,404.0
404.0,448.0
404.0,605.0
404.0,655.0
404.0,738.0
404.0,782.0
187.0,405.0
318.0,405.0
405.0,428.0
405.0,624.0
405.0,637.0
405.0,648.0
405.0,746.0
405.0,936.0
406.0,572.0
406.0,643.0
339.0,407.0
407.0,410.0
407.0,414.0
407.0,443.0
407.0,444.0
407.0,696.0
75.0,408.0
305.0,408.0
374.0,408.0
408.0,409.0
408.0,503.0
408.0,611.0
408.0,633.0
344.0,409.0
381.0,409.0
409.0,433.0
409.0,736.0
390.0,410.0
410.0,450.0
410.0,469.0
410.0,603.0
351.0,411.0
370.0,411.0
411.0,538.0
412.0,489.0
412.0,569.0
412.0,579.0
302.0,413.0
337.0,413.0
361.0,413.0
413.0,522.0
413.0,605.0
413.0,810.0
414.0,416.0
414.0,447.0
414.0,478.0
414.0,548.0
414.0,645.0
414.0,655.0
414.0,875.0
414.0,415.0
415.0,442.0
415.0,547.0
415.0,661.0
415.0,847.0
416.0,455.0
416.0,555.0
416.0,557.0
416.0,912.0
361.0,417.0
417.0,448.0
417.0,487.0
417.0,624.0
417.0,638.0
417.0,663.0
385.0,418.0
410.0,418.0
418.0,434.0
418.0,493.0
418.0,607.0
418.0,958.0
360.0,419.0
368.0,419.0
403.0,419.0
419.0,573.0
419.0,617.0
419.0,643.0
255.0,420.0
420.0,646.0
420.0,684.0
159.0,421.0
421.0,524.0
58.0,422.0
60.0,422.0
334.0,422.0
398.0,422.0
422.0,431.0
422.0,450.0
422.0,634.0
422.0,638.0
356.0,423.0
380.0,423.0
403.0,423.0
423.0,693.0
65.0,424.0
223.0,424.0
351.0,424.0
384.0,424.0
424.0,651.0
322.0,425.0
425.0,440.0
425.0,620.0
425.0,639.0
425.0,861.0
390.0,426.0
404.0,426.0
413.0,426.0
426.0,490.0
426.0,535.0
426.0,647.0
394.0,427.0
427.0,512.0
427.0,569.0
427.0,595.0
427.0,635.0
427.0,961.0
337.0,428.0
412.0,428.0
428.0,497.0
428.0,513.0
428.0,566.0
428.0,612.0
428.0,636.0
82.0,429.0
198.0,429.0
356.0,429.0
410.0,429.0
429.0,536.0
429.0,555.0
429.0,643.0
366.0,430.0
430.0,488.0
45.0,431.0
333.0,431.0
431.0,442.0
431.0,450.0
431.0,488.0
431.0,490.0
431.0,497.0
431.0,561.0
431.0,636.0
204.0,432.0
429.0,432.0
432.0,499.0
432.0,508.0
432.0,522.0
335.0,433.0
342.0,433.0
346.0,433.0
348.0,433.0
433.0,450.0
433.0,501.0
433.0,546.0
433.0,580.0
433.0,648.0
433.0,732.0
434.0,577.0
435.0,441.0
435.0,535.0
435.0,579.0
435.0,636.0
435.0,656.0
183.0,436.0
259.0,436.0
345.0,436.0
363.0,436.0
436.0,457.0
436.0,468.0
436.0,523.0
436.0,842.0
437.0,446.0
437.0,447.0
437.0,465.0
437.0,493.0
437.0,502.0
437.0,570.0
437.0,577.0
437.0,710.0
437.0,780.0
319.0,438.0
333.0,438.0
438.0,461.0
438.0,520.0
438.0,550.0
438.0,630.0
338.0,439.0
439.0,491.0
439.0,522.0
439.0,635.0
439.0,662.0
29.0,440.0
56.0,440.0
197.0,440.0
440.0,534.0
440.0,542.0
440.0,564.0
188.0,441.0
251.0,441.0
364.0,441.0
391.0,441.0
441.0,551.0
441.0,592.0
441.0,619.0
441.0,634.0
441.0,658.0
344.0,442.0
349.0,442.0
443.0,547.0
443.0,637.0
443.0,664.0
359.0,444.0
379.0,444.0
423.0,444.0
444.0,450.0
444.0,520.0
444.0,596.0
85.0,445.0
348.0,445.0
414.0,445.0
445.0,544.0
445.0,550.0
445.0,584.0
445.0,791.0
192.0,446.0
254.0,446.0
388.0,446.0
316.0,447.0
349.0,447.0
385.0,447.0
395.0,447.0
398.0,447.0
447.0,449.0
447.0,461.0
228.0,448.0
390.0,448.0
448.0,546.0
448.0,563.0
448.0,574.0
448.0,739.0
446.0,449.0
449.0,457.0
449.0,472.0
449.0,488.0
449.0,539.0
449.0,563.0
366.0,450.0
382.0,451.0
451.0,522.0
451.0,605.0
390.0,452.0
447.0,452.0
452.0,814.0
453.0,571.0
453.0,985.0
343.0,454.0
454.0,604.0
22.0,455.0
121.0,455.0
327.0,455.0
437.0,455.0
449.0,455.0
455.0,531.0
455.0,823.0
339.0,456.0
450.0,456.0
456.0,471.0
456.0,512.0
397.0,457.0
457.0,529.0
457.0,632.0
8.0,458.0
432.0,458.0
458.0,496.0
458.0,550.0
458.0,845.0
458.0,954.0
459.0,607.0
459.0,613.0
459.0,947.0
278.0,460.0
446.0,460.0
460.0,635.0
360.0,461.0
361.0,461.0
383.0,461.0
461.0,543.0
461.0,568.0
461.0,588.0
438.0,462.0
462.0,524.0
462.0,525.0
462.0,576.0
462.0,587.0
462.0,597.0
351.0,463.0
425.0,463.0
448.0,463.0
463.0,467.0
463.0,673.0
383.0,464.0
416.0,464.0
464.0,602.0
464.0,625.0
429.0,465.0
465.0,596.0
465.0,604.0
466.0,501.0
466.0,588.0
466.0,644.0
341.0,467.0
421.0,467.0
467.0,475.0
467.0,489.0
467.0,495.0
467.0,518.0
467.0,608.0
379.0,468.0
468.0,704.0
468.0,868.0
431.0,469.0
469.0,472.0
469.0,526.0
469.0,527.0
469.0,665.0
343.0,470.0
470.0,492.0
453.0,471.0
471.0,477.0
471.0,583.0
471.0,665.0
471.0,932.0
471.0,935.0
471.0,986.0
472.0,490.0
472.0,590.0
472.0,608.0
472.0,655.0
472.0,661.0
390.0,473.0
473.0,485.0
473.0,493.0
473.0,525.0
473.0,659.0
409.0,474.0
474.0,507.0
474.0,607.0
474.0,624.0
474.0,644.0
474.0,747.0
16.0,475.0
24.0,475.0
476.0,496.0
476.0,570.0
476.0,619.0
476.0,655.0
476.0,961.0
392.0,477.0
477.0,590.0
129.0,478.0
478.0,613.0
478.0,851.0
385.0,479.0
387.0,479.0
400.0,479.0
479.0,807.0
461.0,480.0
480.0,608.0
1.0,481.0
467.0,481.0
478.0,481.0
404.0,482.0
482.0,522.0
482.0,541.0
159.0,483.0
367.0,483.0
374.0,483.0
376.0,483.0
472.0,483.0
483.0,490.0
483.0,535.0
483.0,557.0
483.0,576.0
483.0,886.0
286.0,484.0
450.0,484.0
484.0,485.0
484.0,609.0
484.0,755.0
302.0,485.0
485.0,529.0
485.0,553.0
485.0,638.0
485.0,795.0
335.0,486.0
486.0,498.0
486.0,543.0
486.0,658.0
320.0,487.0
344.0,487.0
463.0,487.0
487.0,529.0
487.0,596.0
487.0,782.0
32.0,488.0
376.0,488.0
419.0,488.0
488.0,557.0
488.0,593.0
488.0,619.0
488.0,644.0
383.0,489.0
442.0,489.0
489.0,502.0
489.0,508.0
489.0,615.0
489.0,617.0
489.0,654.0
489.0,880.0
489.0,881.0
489.0,993.0
18.0,490.0
117.0,490.0
381.0,490.0
490.0,517.0
490.0,610.0
490.0,643.0
468.0,491.0
489.0,491.0
491.0,836.0
491.0,897.0
163.0,492.0
460.0,492.0
485.0,492.0
492.0,571.0
492.0,580.0
492.0,658.0
371.0,493.0
407.0,493.0
493.0,581.0
493.0,620.0
493.0,883.0
53.0,494.0
392.0,494.0
404.0,494.0
441.0,494.0
381.0,495.0
440.0,495.0
494.0,495.0
495.0,525.0
495.0,548.0
495.0,552.0
495.0,604.0
495.0,626.0
217.0,496.0
444.0,496.0
58.0,497.0
357.0,497.0
436.0,497.0
474.0,497.0
497.0,623.0
186.0,498.0
415.0,498.0
445.0,498.0
453.0,498.0
480.0,498.0
498.0,512.0
498.0,522.0
378.0,499.0
471.0,499.0
492.0,499.0
499.0,657.0
499.0,987.0
405.0,500.0
472.0,500.0
500.0,501.0
500.0,563.0
386.0,501.0
391.0,501.0
442.0,501.0
447.0,501.0
468.0,501.0
501.0,643.0
501.0,653.0
501.0,717.0
501.0,964.0
42.0,502.0
317.0,502.0
352.0,502.0
482.0,502.0
492.0,502.0
180.0,503.0
377.0,503.0
467.0,503.0
472.0,503.0
503.0,614.0
344.0,504.0
504.0,596.0
504.0,675.0
406.0,505.0
477.0,505.0
505.0,532.0
505.0,552.0
505.0,587.0
505.0,610.0
505.0,632.0
28.0,506.0
378.0,506.0
460.0,506.0
506.0,590.0
506.0,629.0
359.0,507.0
396.0,507.0
442.0,507.0
462.0,507.0
507.0,569.0
507.0,613.0
135.0,508.0
330.0,508.0
436.0,508.0
508.0,598.0
508.0,859.0
508.0,986.0
167.0,509.0
201.0,509.0
457.0,509.0
490.0,509.0
504.0,509.0
150.0,510.0
265.0,510.0
429.0,510.0
510.0,592.0
510.0,628.0
214.0,511.0
404.0,511.0
511.0,593.0
511.0,626.0
511.0,777.0
511.0,867.0
104.0,512.0
354.0,512.0
512.0,520.0
512.0,741.0
512.0,823.0
220.0,513.0
513.0,670.0
513.0,772.0
514.0,551.0
514.0,593.0
514.0,651.0
514.0,697.0
66.0,515.0
370.0,515.0
376.0,515.0
385.0,515.0
515.0,517.0
515.0,907.0
336.0,516.0
516.0,642.0
91.0,517.0
350.0,517.0
382.0,517.0
475.0,517.0
496.0,517.0
517.0,520.0
517.0,557.0
517.0,586.0
517.0,613.0
517.0,717.0
361.0,518.0
404.0,518.0
518.0,548.0
518.0,558.0
518.0,616.0
518.0,640.0
518.0,644.0
518.0,678.0
518.0,733.0
518.0,965.0
274.0,519.0
424.0,519.0
428.0,519.0
519.0,708.0
197.0,520.0
346.0,520.0
389.0,520.0
438.0,520.0
494.0,520.0
520.0,548.0
520.0,573.0
520.0,630.0
520.0,658.0
521.0,536.0
521.0,580.0
521.0,646.0
521.0,959.0
223.0,522.0
364.0,522.0
365.0,522.0
369.0,522.0
413.0,522.0
353.0,523.0
360.0,523.0
455.0,523.0
461.0,523.0
523.0,524.0
523.0,598.0
62.0,524.0
100.0,524.0
504.0,524.0
524.0,532.0
524.0,605.0
524.0,739.0
18.0,525.0
378.0,525.0
389.0,525.0
474.0,525.0
525.0,533.0
525.0,626.0
525.0,746.0
525.0,909.0
525.0,939.0
71.0,526.0
351.0,526.0
445.0,526.0
468.0,526.0
526.0,568.0
13.0,527.0
229.0,527.0
386.0,527.0
394.0,527.0
222.0,528.0
514.0,528.0
528.0,633.0
528.0,720.0
185.0,529.0
392.0,529.0
495.0,529.0
500.0,529.0
529.0,612.0
237.0,530.0
348.0,530.0
409.0,530.0
525.0,530.0
530.0,561.0
360.0,531.0
467.0,531.0
531.0,534.0
0.0,532.0
21.0,532.0
118.0,532.0
351.0,532.0
499.0,532.0
532.0,738.0
532.0,895.0
532.0,932.0
418.0,533.0
504.0,533.0
533.0,579.0
533.0,665.0
533.0,791.0
191.0,534.0
395.0,534.0
507.0,534.0
534.0,539.0
534.0,581.0
534.0,590.0
534.0,738.0
110.0,535.0
128.0,535.0
413.0,535.0
422.0,535.0
428.0,535.0
445.0,535.0
525.0,535.0
112.0,536.0
327.0,536.0
374.0,536.0
400.0,536.0
412.0,536.0
416.0,537.0
522.0,537.0
537.0,623.0
537.0,665.0
530.0,538.0
538.0,570.0
367.0,539.0
383.0,539.0
399.0,539.0
454.0,539.0
539.0,747.0
137.0,540.0
384.0,540.0
528.0,540.0
540.0,641.0
358.0,541.0
395.0,541.0
541.0,543.0
541.0,626.0
541.0,646.0
541.0,805.0
541.0,867.0
76.0,542.0
124.0,542.0
395.0,542.0
445.0,542.0
542.0,615.0
542.0,627.0
542.0,650.0
351.0,543.0
439.0,543.0
543.0,567.0
543.0,840.0
360.0,544.0
411.0,544.0
426.0,544.0
504.0,544.0
544.0,968.0
189.0,545.0
411.0,545.0
545.0,581.0
545.0,599.0
545.0,762.0
181.0,546.0
343.0,546.0
401.0,546.0
487.0,546.0
546.0,636.0
546.0,662.0
546.0,756.0
493.0,547.0
547.0,767.0
548.0,550.0
548.0,663.0
548.0,665.0
334.0,549.0
353.0,549.0
442.0,549.0
456.0,549.0
538.0,549.0
549.0,619.0
549.0,694.0
549.0,973.0
422.0,550.0
438.0,550.0
446.0,550.0
494.0,550.0
550.0,575.0
550.0,583.0
363.0,551.0
551.0,599.0
551.0,625.0
450.0,552.0
456.0,552.0
465.0,552.0
490.0,552.0
547.0,552.0
552.0,631.0
552.0,770.0
552.0,873.0
552.0,958.0
552.0,970.0
239.0,553.0
348.0,553.0
357.0,553.0
378.0,553.0
551.0,553.0
553.0,554.0
553.0,557.0
171.0,554.0
357.0,554.0
454.0,554.0
469.0,554.0
539.0,554.0
554.0,595.0
554.0,645.0
373.0,555.0
555.0,629.0
555.0,725.0
333.0,556.0
335.0,556.0
354.0,556.0
533.0,556.0
556.0,595.0
56.0,557.0
391.0,557.0
406.0,557.0
439.0,557.0
483.0,557.0
557.0,628.0
557.0,986.0
101.0,558.0
558.0,988.0
480.0,559.0
513.0,559.0
559.0,577.0
559.0,632.0
559.0,777.0
559.0,995.0
308.0,560.0
352.0,560.0
500.0,560.0
518.0,560.0
538.0,560.0
560.0,649.0
134.0,561.0
379.0,561.0
489.0,561.0
561.0,783.0
162.0,562.0
562.0,564.0
562.0,571.0
562.0,612.0
562.0,811.0
21.0,563.0
231.0,563.0
371.0,563.0
373.0,563.0
375.0,563.0
431.0,563.0
563.0,614.0
563.0,929.0
563.0,995.0
125.0,564.0
336.0,564.0
340.0,564.0
564.0,621.0
564.0,655.0
564.0,757.0
420.0,565.0
485.0,565.0
565.0,659.0
565.0,828.0
378.0,566.0
410.0,566.0
527.0,566.0
566.0,726.0
566.0,757.0
119.0,567.0
380.0,567.0
506.0,567.0
562.0,567.0
567.0,572.0
567.0,671.0
567.0,857.0
87.0,568.0
358.0,568.0
563.0,568.0
425.0,569.0
430.0,569.0
474.0,569.0
569.0,581.0
569.0,584.0
569.0,627.0
569.0,748.0
569.0,966.0
338.0,570.0
488.0,570.0
570.0,590.0
570.0,599.0
410.0,571.0
434.0,571.0
486.0,571.0
571.0,602.0
571.0,837.0
401.0,572.0
423.0,572.0
459.0,572.0
484.0,572.0
572.0,621.0
572.0,882.0
76.0,573.0
111.0,573.0
303.0,573.0
363.0,573.0
427.0,573.0
472.0,573.0
488.0,573.0
243.0,574.0
389.0,574.0
498.0,574.0
573.0,574.0
69.0,575.0
575.0,726.0
575.0,843.0
575.0,988.0
461.0,576.0
511.0,576.0
576.0,577.0
576.0,611.0
93.0,577.0
100.0,577.0
338.0,577.0
339.0,577.0
353.0,577.0
382.0,577.0
386.0,577.0
416.0,577.0
479.0,577.0
509.0,577.0
519.0,577.0
561.0,577.0
576.0,577.0
577.0,607.0
462.0,578.0
472.0,578.0
578.0,918.0
370.0,579.0
579.0,800.0
579.0,876.0
0.0,580.0
346.0,581.0
434.0,581.0
464.0,581.0
581.0,606.0
581.0,913.0
365.0,582.0
582.0,597.0
515.0,583.0
583.0,654.0
583.0,665.0
273.0,584.0
430.0,584.0
537.0,584.0
584.0,637.0
584.0,817.0
584.0,914.0
584.0,956.0
582.0,585.0
585.0,694.0
585.0,919.0
585.0,982.0
348.0,586.0
369.0,586.0
551.0,586.0
181.0,587.0
587.0,981.0
443.0,588.0
469.0,588.0
477.0,588.0
500.0,588.0
588.0,592.0
588.0,650.0
247.0,589.0
353.0,589.0
507.0,589.0
525.0,589.0
589.0,612.0
589.0,854.0
425.0,590.0
590.0,606.0
590.0,647.0
135.0,591.0
139.0,591.0
426.0,591.0
460.0,591.0
581.0,591.0
591.0,634.0
401.0,592.0
412.0,592.0
515.0,592.0
585.0,592.0
548.0,593.0
573.0,593.0
593.0,804.0
176.0,594.0
348.0,594.0
422.0,594.0
426.0,594.0
544.0,594.0
551.0,594.0
531.0,595.0
592.0,595.0
595.0,624.0
595.0,994.0
108.0,596.0
423.0,596.0
486.0,596.0
596.0,877.0
596.0,951.0
264.0,597.0
595.0,597.0
360.0,598.0
442.0,598.0
445.0,598.0
510.0,598.0
575.0,598.0
598.0,623.0
351.0,599.0
379.0,599.0
443.0,599.0
463.0,599.0
491.0,599.0
555.0,599.0
599.0,763.0
448.0,600.0
455.0,600.0
535.0,600.0
554.0,600.0
352.0,601.0
601.0,630.0
601.0,941.0
433.0,602.0
478.0,602.0
493.0,602.0
582.0,602.0
362.0,603.0
547.0,603.0
571.0,603.0
583.0,603.0
422.0,604.0
470.0,604.0
483.0,604.0
604.0,622.0
497.0,605.0
501.0,605.0
553.0,605.0
605.0,646.0
533.0,606.0
606.0,624.0
606.0,655.0
391.0,607.0
396.0,607.0
591.0,607.0
607.0,646.0
349.0,608.0
395.0,608.0
416.0,608.0
513.0,608.0
560.0,608.0
562.0,608.0
608.0,621.0
608.0,628.0
608.0,828.0
128.0,609.0
609.0,610.0
609.0,833.0
609.0,869.0
296.0,610.0
395.0,610.0
545.0,610.0
565.0,610.0
578.0,610.0
570.0,611.0
611.0,615.0
529.0,612.0
588.0,612.0
612.0,630.0
612.0,648.0
612.0,656.0
612.0,856.0
359.0,613.0
533.0,613.0
562.0,613.0
600.0,613.0
613.0,627.0
613.0,641.0
613.0,659.0
371.0,614.0
512.0,614.0
614.0,637.0
614.0,689.0
614.0,799.0
282.0,615.0
373.0,615.0
388.0,615.0
414.0,615.0
433.0,615.0
521.0,615.0
537.0,615.0
385.0,616.0
616.0,622.0
616.0,631.0
368.0,617.0
560.0,617.0
570.0,617.0
354.0,618.0
591.0,618.0
618.0,650.0
618.0,772.0
618.0,841.0
618.0,930.0
380.0,619.0
424.0,619.0
451.0,619.0
619.0,624.0
555.0,620.0
571.0,620.0
620.0,623.0
271.0,621.0
350.0,621.0
357.0,621.0
434.0,621.0
550.0,621.0
621.0,626.0
621.0,658.0
373.0,622.0
531.0,622.0
546.0,622.0
622.0,633.0
442.0,623.0
455.0,623.0
558.0,623.0
620.0,623.0
623.0,651.0
623.0,864.0
56.0,624.0
472.0,624.0
475.0,624.0
216.0,625.0
337.0,625.0
353.0,625.0
566.0,625.0
415.0,626.0
435.0,626.0
550.0,626.0
558.0,626.0
626.0,665.0
626.0,825.0
408.0,627.0
487.0,627.0
505.0,627.0
568.0,627.0
570.0,627.0
622.0,627.0
426.0,628.0
440.0,628.0
475.0,628.0
468.0,629.0
588.0,629.0
204.0,630.0
229.0,630.0
299.0,630.0
333.0,630.0
470.0,630.0
476.0,630.0
484.0,630.0
630.0,766.0
170.0,631.0
175.0,631.0
568.0,631.0
586.0,631.0
631.0,675.0
631.0,953.0
211.0,632.0
350.0,632.0
438.0,632.0
632.0,637.0
44.0,633.0
353.0,633.0
371.0,633.0
507.0,633.0
525.0,633.0
632.0,633.0
633.0,649.0
633.0,690.0
348.0,634.0
419.0,634.0
458.0,634.0
598.0,634.0
634.0,826.0
391.0,635.0
481.0,635.0
490.0,635.0
556.0,635.0
586.0,635.0
613.0,635.0
293.0,636.0
346.0,636.0
360.0,636.0
427.0,636.0
470.0,636.0
514.0,636.0
636.0,660.0
355.0,637.0
414.0,637.0
434.0,637.0
452.0,637.0
530.0,637.0
603.0,637.0
637.0,895.0
391.0,638.0
638.0,648.0
370.0,639.0
479.0,639.0
489.0,639.0
511.0,639.0
519.0,639.0
604.0,639.0
620.0,639.0
639.0,768.0
159.0,640.0
214.0,640.0
414.0,640.0
525.0,640.0
636.0,640.0
640.0,651.0
640.0,723.0
371.0,641.0
521.0,641.0
544.0,641.0
603.0,641.0
641.0,805.0
46.0,642.0
253.0,642.0
334.0,642.0
505.0,642.0
511.0,642.0
619.0,642.0
642.0,729.0
390.0,643.0
472.0,643.0
558.0,643.0
596.0,643.0
643.0,651.0
370.0,644.0
446.0,644.0
461.0,644.0
581.0,644.0
210.0,645.0
544.0,645.0
574.0,645.0
645.0,664.0
645.0,801.0
645.0,842.0
25.0,646.0
334.0,646.0
385.0,646.0
459.0,646.0
500.0,646.0
568.0,646.0
644.0,646.0
185.0,647.0
427.0,647.0
528.0,647.0
550.0,647.0
560.0,647.0
647.0,876.0
490.0,648.0
305.0,649.0
327.0,649.0
359.0,649.0
558.0,649.0
649.0,653.0
149.0,650.0
370.0,650.0
458.0,650.0
549.0,650.0
404.0,651.0
554.0,651.0
651.0,877.0
223.0,652.0
263.0,652.0
290.0,652.0
373.0,652.0
454.0,652.0
483.0,652.0
535.0,652.0
17.0,653.0
365.0,653.0
505.0,653.0
512.0,653.0
312.0,654.0
349.0,654.0
503.0,654.0
595.0,654.0
162.0,655.0
366.0,655.0
367.0,655.0
478.0,656.0
656.0,980.0
170.0,657.0
237.0,657.0
550.0,657.0
575.0,657.0
403.0,658.0
419.0,658.0
461.0,658.0
476.0,658.0
552.0,658.0
588.0,658.0
591.0,658.0
599.0,658.0
653.0,658.0
658.0,669.0
35.0,659.0
372.0,659.0
387.0,659.0
399.0,659.0
445.0,659.0
454.0,659.0
504.0,659.0
587.0,659.0
180.0,660.0
422.0,660.0
572.0,660.0
605.0,660.0
634.0,660.0
384.0,661.0
467.0,661.0
475.0,661.0
491.0,661.0
661.0,802.0
427.0,662.0
581.0,662.0
586.0,662.0
8.0,663.0
424.0,663.0
450.0,663.0
477.0,663.0
484.0,663.0
507.0,663.0
512.0,663.0
641.0,663.0
663.0,720.0
663.0,956.0
455.0,664.0
475.0,664.0
616.0,664.0
664.0,830.0
505.0,665.0
575.0,665.0
85.0,666.0
666.0,810.0
666.0,852.0
96.0,667.0
499.0,667.0
517.0,667.0
667.0,761.0
667.0,830.0
667.0,922.0
668.0,683.0
668.0,718.0
668.0,745.0
668.0,803.0
668.0,849.0
668.0,874.0
668.0,963.0
331.0,669.0
396.0,669.0
655.0,669.0
669.0,805.0
669.0,825.0
669.0,913.0
93.0,670.0
396.0,670.0
492.0,670.0
670.0,750.0
670.0,767.0
670.0,958.0
671.0,727.0
671.0,736.0
671.0,879.0
672.0,723.0
672.0,801.0
672.0,875.0
387.0,673.0
673.0,682.0
673.0,728.0
673.0,783.0
64.0,674.0
420.0,674.0
674.0,728.0
674.0,776.0
674.0,860.0
674.0,918.0
674.0,941.0
674.0,951.0
674.0,956.0
674.0,959.0
124.0,675.0
132.0,675.0
675.0,714.0
675.0,764.0
675.0,876.0
675.0,944.0
265.0,676.0
672.0,676.0
676.0,841.0
676.0,994.0
47.0,677.0
275.0,677.0
282.0,677.0
436.0,677.0
659.0,677.0
677.0,741.0
677.0,979.0
677.0,980.0
677.0,983.0
32.0,678.0
459.0,678.0
678.0,679.0
678.0,817.0
678.0,836.0
654.0,679.0
679.0,724.0
679.0,784.0
679.0,872.0
679.0,895.0
679.0,901.0
679.0,908.0
98.0,680.0
462.0,680.0
680.0,764.0
680.0,882.0
680.0,974.0
319.0,681.0
610.0,681.0
681.0,693.0
681.0,831.0
681.0,859.0
681.0,953.0
681.0,965.0
401.0,682.0
641.0,682.0
682.0,783.0
682.0,804.0
682.0,883.0
682.0,941.0
310.0,683.0
683.0,745.0
683.0,754.0
683.0,890.0
242.0,684.0
558.0,684.0
684.0,715.0
684.0,762.0
684.0,780.0
684.0,866.0
684.0,890.0
684.0,943.0
239.0,685.0
504.0,685.0
522.0,685.0
685.0,756.0
685.0,859.0
122.0,686.0
686.0,855.0
686.0,926.0
185.0,687.0
369.0,687.0
446.0,687.0
670.0,687.0
687.0,716.0
687.0,899.0
687.0,937.0
687.0,968.0
688.0,739.0
688.0,805.0
688.0,844.0
688.0,875.0
684.0,689.0
689.0,861.0
689.0,909.0
689.0,944.0
689.0,984.0
690.0,869.0
690.0,914.0
549.0,691.0
691.0,870.0
517.0,692.0
538.0,692.0
680.0,692.0
692.0,725.0
692.0,816.0
692.0,883.0
692.0,922.0
692.0,981.0
692.0,994.0
112.0,693.0
139.0,693.0
693.0,831.0
693.0,918.0
693.0,939.0
681.0,694.0
694.0,942.0
694.0,946.0
668.0,695.0
695.0,708.0
695.0,972.0
696.0,745.0
696.0,817.0
696.0,860.0
696.0,966.0
405.0,697.0
697.0,840.0
697.0,926.0
697.0,936.0
697.0,957.0
395.0,698.0
669.0,698.0
698.0,803.0
698.0,805.0
698.0,812.0
698.0,893.0
698.0,950.0
699.0,798.0
699.0,818.0
699.0,819.0
699.0,951.0
700.0,768.0
700.0,889.0
243.0,701.0
701.0,710.0
701.0,824.0
701.0,931.0
701.0,987.0
481.0,702.0
702.0,988.0
702.0,995.0
60.0,703.0
80.0,703.0
257.0,703.0
685.0,703.0
703.0,780.0
703.0,801.0
703.0,803.0
703.0,831.0
703.0,861.0
703.0,888.0
703.0,926.0
543.0,704.0
603.0,704.0
669.0,704.0
691.0,704.0
604.0,705.0
705.0,739.0
705.0,836.0
705.0,902.0
705.0,907.0
252.0,706.0
706.0,716.0
706.0,775.0
706.0,809.0
706.0,832.0
706.0,860.0
706.0,871.0
273.0,707.0
378.0,707.0
707.0,802.0
707.0,959.0
330.0,708.0
708.0,763.0
708.0,897.0
708.0,966.0
706.0,709.0
709.0,732.0
709.0,884.0
709.0,893.0
709.0,968.0
695.0,710.0
710.0,971.0
710.0,998.0
711.0,865.0
711.0,876.0
555.0,712.0
712.0,890.0
712.0,919.0
712.0,932.0
712.0,947.0
19.0,713.0
244.0,713.0
496.0,713.0
713.0,847.0
714.0,975.0
527.0,715.0
715.0,718.0
715.0,869.0
176.0,716.0
366.0,716.0
716.0,788.0
716.0,828.0
716.0,848.0
716.0,958.0
716.0,971.0
447.0,717.0
714.0,717.0
717.0,743.0
717.0,788.0
717.0,926.0
670.0,718.0
718.0,745.0
718.0,778.0
718.0,783.0
718.0,850.0
718.0,907.0
716.0,719.0
719.0,808.0
684.0,720.0
716.0,720.0
720.0,759.0
720.0,782.0
720.0,874.0
720.0,906.0
720.0,944.0
720.0,993.0
721.0,822.0
721.0,855.0
721.0,872.0
721.0,883.0
721.0,926.0
721.0,933.0
171.0,722.0
572.0,722.0
668.0,722.0
722.0,828.0
722.0,956.0
230.0,723.0
676.0,723.0
723.0,813.0
723.0,846.0
723.0,877.0
723.0,956.0
723.0,997.0
330.0,724.0
724.0,778.0
161.0,725.0
725.0,731.0
725.0,796.0
725.0,867.0
725.0,898.0
725.0,938.0
469.0,726.0
708.0,726.0
724.0,726.0
726.0,773.0
726.0,839.0
727.0,734.0
727.0,735.0
727.0,762.0
727.0,767.0
727.0,832.0
727.0,854.0
727.0,875.0
727.0,972.0
57.0,728.0
76.0,728.0
711.0,728.0
728.0,987.0
666.0,729.0
692.0,729.0
729.0,744.0
729.0,837.0
729.0,882.0
729.0,920.0
53.0,730.0
407.0,730.0
598.0,730.0
609.0,730.0
730.0,798.0
730.0,839.0
730.0,943.0
730.0,979.0
680.0,731.0
731.0,746.0
731.0,791.0
516.0,732.0
705.0,732.0
732.0,858.0
732.0,910.0
648.0,733.0
715.0,733.0
733.0,737.0
733.0,772.0
733.0,811.0
268.0,734.0
670.0,734.0
734.0,900.0
734.0,940.0
734.0,998.0
412.0,735.0
470.0,735.0
689.0,735.0
732.0,735.0
735.0,765.0
735.0,849.0
736.0,810.0
736.0,859.0
736.0,912.0
736.0,967.0
736.0,984.0
503.0,737.0
674.0,737.0
677.0,737.0
737.0,766.0
737.0,825.0
738.0,757.0
738.0,789.0
738.0,845.0
738.0,929.0
280.0,739.0
739.0,786.0
103.0,740.0
649.0,740.0
740.0,865.0
740.0,898.0
740.0,927.0
740.0,941.0
740.0,946.0
66.0,741.0
615.0,741.0
717.0,741.0
741.0,759.0
741.0,770.0
741.0,781.0
741.0,810.0
741.0,893.0
741.0,935.0
493.0,742.0
687.0,742.0
742.0,779.0
742.0,834.0
742.0,992.0
196.0,743.0
501.0,743.0
666.0,743.0
743.0,937.0
120.0,744.0
582.0,744.0
673.0,744.0
691.0,744.0
711.0,744.0
744.0,874.0
43.0,745.0
508.0,745.0
523.0,745.0
544.0,745.0
745.0,859.0
745.0,969.0
745.0,979.0
384.0,746.0
746.0,804.0
746.0,852.0
746.0,877.0
746.0,968.0
715.0,747.0
747.0,931.0
747.0,937.0
747.0,984.0
669.0,748.0
719.0,748.0
748.0,754.0
748.0,906.0
748.0,918.0
748.0,950.0
410.0,749.0
446.0,749.0
749.0,964.0
750.0,826.0
750.0,863.0
750.0,872.0
750.0,996.0
685.0,751.0
687.0,751.0
726.0,751.0
498.0,752.0
752.0,917.0
752.0,941.0
752.0,954.0
283.0,753.0
585.0,753.0
719.0,753.0
753.0,769.0
754.0,789.0
754.0,852.0
754.0,902.0
393.0,755.0
497.0,755.0
676.0,755.0
755.0,848.0
13.0,756.0
123.0,756.0
490.0,756.0
244.0,757.0
757.0,978.0
228.0,758.0
722.0,758.0
758.0,934.0
383.0,759.0
686.0,759.0
759.0,795.0
759.0,884.0
165.0,760.0
760.0,982.0
18.0,761.0
101.0,761.0
439.0,761.0
507.0,761.0
711.0,761.0
761.0,798.0
761.0,915.0
761.0,998.0
430.0,762.0
593.0,762.0
762.0,804.0
762.0,848.0
762.0,905.0
762.0,950.0
592.0,763.0
664.0,763.0
666.0,763.0
677.0,763.0
696.0,763.0
763.0,861.0
763.0,966.0
73.0,764.0
764.0,765.0
764.0,782.0
58.0,765.0
72.0,765.0
367.0,765.0
707.0,765.0
750.0,765.0
765.0,772.0
765.0,801.0
765.0,813.0
765.0,842.0
765.0,869.0
765.0,956.0
765.0,968.0
455.0,766.0
644.0,766.0
762.0,766.0
766.0,810.0
766.0,894.0
766.0,911.0
766.0,962.0
766.0,984.0
539.0,767.0
729.0,767.0
767.0,778.0
767.0,847.0
767.0,908.0
706.0,768.0
749.0,768.0
768.0,844.0
768.0,895.0
768.0,995.0
641.0,769.0
715.0,769.0
723.0,769.0
769.0,838.0
769.0,893.0
769.0,911.0
769.0,964.0
668.0,770.0
733.0,770.0
770.0,809.0
770.0,855.0
770.0,950.0
770.0,996.0
242.0,771.0
652.0,771.0
719.0,771.0
734.0,771.0
761.0,771.0
771.0,791.0
771.0,844.0
771.0,848.0
771.0,898.0
771.0,929.0
194.0,772.0
743.0,772.0
772.0,817.0
772.0,825.0
772.0,918.0
772.0,950.0
293.0,773.0
687.0,773.0
739.0,773.0
773.0,777.0
773.0,781.0
464.0,774.0
721.0,774.0
747.0,774.0
774.0,798.0
774.0,984.0
663.0,775.0
775.0,824.0
775.0,919.0
775.0,987.0
72.0,776.0
776.0,842.0
411.0,777.0
777.0,951.0
777.0,982.0
777.0,985.0
760.0,778.0
778.0,958.0
775.0,779.0
779.0,790.0
779.0,811.0
779.0,922.0
779.0,948.0
540.0,780.0
573.0,780.0
763.0,780.0
766.0,780.0
780.0,798.0
209.0,781.0
339.0,781.0
476.0,781.0
723.0,781.0
781.0,825.0
782.0,840.0
782.0,936.0
686.0,783.0
783.0,874.0
783.0,919.0
783.0,920.0
783.0,979.0
783.0,997.0
22.0,784.0
784.0,872.0
785.0,889.0
785.0,979.0
785.0,995.0
173.0,786.0
744.0,786.0
786.0,824.0
786.0,849.0
786.0,893.0
786.0,928.0
786.0,986.0
710.0,787.0
753.0,787.0
787.0,962.0
787.0,990.0
3.0,788.0
515.0,788.0
729.0,788.0
788.0,903.0
530.0,789.0
697.0,789.0
788.0,789.0
789.0,807.0
149.0,790.0
459.0,790.0
718.0,790.0
739.0,790.0
790.0,950.0
790.0,957.0
790.0,969.0
696.0,791.0
717.0,791.0
726.0,791.0
764.0,791.0
791.0,867.0
791.0,945.0
791.0,976.0
791.0,996.0
739.0,792.0
740.0,792.0
792.0,897.0
792.0,949.0
792.0,974.0
120.0,793.0
793.0,930.0
793.0,945.0
63.0,794.0
88.0,794.0
420.0,794.0
720.0,794.0
794.0,795.0
794.0,834.0
143.0,795.0
485.0,795.0
608.0,795.0
693.0,795.0
728.0,795.0
777.0,795.0
795.0,910.0
376.0,796.0
796.0,875.0
136.0,797.0
167.0,797.0
797.0,812.0
797.0,866.0
797.0,930.0
797.0,934.0
706.0,798.0
798.0,829.0
445.0,799.0
458.0,799.0
513.0,799.0
778.0,799.0
799.0,832.0
799.0,926.0
698.0,800.0
718.0,800.0
733.0,800.0
800.0,809.0
800.0,977.0
689.0,801.0
693.0,801.0
801.0,845.0
802.0,992.0
803.0,943.0
221.0,804.0
494.0,804.0
500.0,804.0
701.0,804.0
718.0,804.0
804.0,989.0
548.0,805.0
732.0,805.0
805.0,831.0
805.0,931.0
805.0,971.0
321.0,806.0
330.0,806.0
442.0,806.0
452.0,806.0
460.0,806.0
686.0,806.0
794.0,806.0
806.0,859.0
806.0,887.0
806.0,970.0
100.0,807.0
188.0,807.0
714.0,807.0
730.0,807.0
744.0,807.0
807.0,836.0
807.0,919.0
807.0,983.0
531.0,808.0
666.0,808.0
753.0,808.0
808.0,819.0
808.0,873.0
808.0,977.0
808.0,986.0
678.0,809.0
809.0,811.0
809.0,877.0
809.0,907.0
809.0,998.0
353.0,810.0
739.0,810.0
751.0,810.0
810.0,878.0
397.0,811.0
753.0,811.0
786.0,811.0
811.0,921.0
811.0,978.0
811.0,988.0
812.0,855.0
812.0,881.0
291.0,813.0
336.0,813.0
551.0,813.0
813.0,871.0
813.0,895.0
813.0,914.0
813.0,957.0
153.0,814.0
693.0,814.0
752.0,814.0
773.0,814.0
814.0,824.0
814.0,877.0
814.0,943.0
814.0,963.0
815.0,893.0
548.0,816.0
771.0,816.0
816.0,818.0
816.0,874.0
816.0,925.0
816.0,953.0
816.0,961.0
662.0,817.0
817.0,832.0
817.0,836.0
817.0,888.0
817.0,969.0
44.0,818.0
607.0,818.0
772.0,818.0
818.0,901.0
818.0,911.0
818.0,926.0
818.0,930.0
727.0,819.0
819.0,857.0
217.0,820.0
526.0,820.0
674.0,820.0
820.0,848.0
820.0,849.0
820.0,911.0
820.0,975.0
666.0,821.0
674.0,821.0
811.0,821.0
800.0,822.0
822.0,864.0
273.0,823.0
823.0,954.0
579.0,824.0
608.0,824.0
730.0,824.0
794.0,824.0
824.0,989.0
308.0,825.0
690.0,825.0
732.0,825.0
753.0,825.0
773.0,825.0
807.0,825.0
825.0,885.0
825.0,952.0
389.0,826.0
457.0,826.0
787.0,826.0
826.0,860.0
826.0,870.0
826.0,888.0
826.0,942.0
787.0,827.0
815.0,827.0
10.0,828.0
790.0,828.0
828.0,872.0
828.0,897.0
828.0,920.0
828.0,950.0
535.0,829.0
785.0,829.0
802.0,829.0
829.0,904.0
829.0,915.0
829.0,995.0
829.0,997.0
96.0,830.0
97.0,830.0
123.0,830.0
357.0,830.0
718.0,830.0
726.0,830.0
815.0,830.0
719.0,831.0
744.0,831.0
754.0,831.0
831.0,916.0
831.0,994.0
93.0,832.0
143.0,832.0
675.0,832.0
802.0,832.0
832.0,836.0
832.0,876.0
323.0,833.0
721.0,833.0
758.0,833.0
766.0,833.0
833.0,871.0
833.0,935.0
833.0,982.0
833.0,994.0
834.0,861.0
226.0,835.0
351.0,835.0
553.0,835.0
814.0,835.0
820.0,835.0
835.0,917.0
684.0,836.0
693.0,836.0
766.0,836.0
774.0,836.0
836.0,882.0
836.0,952.0
301.0,837.0
715.0,837.0
735.0,837.0
836.0,837.0
837.0,946.0
64.0,838.0
321.0,838.0
747.0,838.0
817.0,838.0
838.0,869.0
838.0,936.0
54.0,839.0
104.0,839.0
570.0,839.0
839.0,844.0
695.0,840.0
802.0,840.0
840.0,877.0
446.0,841.0
814.0,841.0
816.0,841.0
227.0,842.0
673.0,842.0
709.0,842.0
776.0,842.0
802.0,842.0
807.0,842.0
842.0,998.0
512.0,843.0
834.0,843.0
843.0,861.0
843.0,896.0
843.0,921.0
843.0,958.0
706.0,844.0
737.0,844.0
3.0,845.0
155.0,845.0
690.0,845.0
845.0,864.0
845.0,876.0
845.0,955.0
845.0,965.0
845.0,972.0
846.0,946.0
711.0,847.0
748.0,847.0
777.0,847.0
847.0,944.0
647.0,848.0
777.0,848.0
848.0,912.0
848.0,918.0
848.0,924.0
848.0,972.0
29.0,849.0
622.0,849.0
666.0,849.0
680.0,849.0
693.0,849.0
807.0,850.0
850.0,903.0
850.0,970.0
771.0,851.0
851.0,885.0
851.0,973.0
49.0,852.0
281.0,852.0
518.0,852.0
852.0,878.0
852.0,952.0
852.0,975.0
681.0,853.0
768.0,853.0
828.0,853.0
853.0,872.0
853.0,933.0
853.0,974.0
719.0,854.0
783.0,854.0
814.0,854.0
854.0,994.0
669.0,855.0
766.0,855.0
804.0,855.0
843.0,855.0
845.0,855.0
206.0,856.0
734.0,856.0
749.0,856.0
787.0,856.0
798.0,856.0
856.0,887.0
856.0,893.0
358.0,857.0
685.0,857.0
686.0,857.0
811.0,857.0
857.0,983.0
504.0,858.0
840.0,858.0
281.0,859.0
346.0,859.0
448.0,859.0
678.0,859.0
705.0,859.0
811.0,859.0
859.0,936.0
608.0,860.0
860.0,897.0
860.0,966.0
122.0,861.0
469.0,861.0
775.0,861.0
861.0,938.0
861.0,942.0
224.0,862.0
693.0,862.0
741.0,862.0
813.0,862.0
862.0,864.0
862.0,955.0
157.0,863.0
398.0,863.0
697.0,863.0
819.0,863.0
857.0,863.0
863.0,954.0
135.0,864.0
224.0,864.0
591.0,864.0
838.0,864.0
864.0,902.0
715.0,865.0
747.0,865.0
850.0,865.0
865.0,884.0
865.0,907.0
865.0,964.0
865.0,996.0
25.0,866.0
671.0,866.0
780.0,866.0
825.0,866.0
866.0,872.0
866.0,901.0
866.0,957.0
141.0,867.0
623.0,867.0
709.0,867.0
718.0,867.0
867.0,922.0
695.0,868.0
787.0,868.0
806.0,868.0
868.0,895.0
697.0,869.0
845.0,869.0
869.0,997.0
677.0,870.0
341.0,871.0
786.0,871.0
788.0,871.0
827.0,871.0
871.0,885.0
79.0,872.0
703.0,872.0
711.0,872.0
778.0,872.0
786.0,872.0
697.0,873.0
847.0,873.0
801.0,874.0
803.0,874.0
637.0,875.0
707.0,875.0
711.0,875.0
757.0,875.0
796.0,875.0
797.0,875.0
875.0,919.0
24.0,876.0
53.0,876.0
651.0,876.0
851.0,876.0
876.0,927.0
876.0,939.0
239.0,877.0
711.0,877.0
877.0,878.0
877.0,884.0
759.0,878.0
796.0,878.0
845.0,878.0
876.0,878.0
878.0,910.0
878.0,973.0
833.0,879.0
132.0,880.0
384.0,880.0
687.0,880.0
709.0,880.0
761.0,880.0
815.0,880.0
880.0,888.0
880.0,943.0
726.0,881.0
771.0,881.0
867.0,881.0
881.0,895.0
881.0,993.0
695.0,882.0
708.0,882.0
712.0,882.0
748.0,882.0
871.0,882.0
882.0,983.0
107.0,883.0
340.0,883.0
883.0,956.0
883.0,972.0
72.0,884.0
239.0,884.0
693.0,884.0
782.0,884.0
884.0,927.0
884.0,998.0
343.0,885.0
694.0,885.0
885.0,985.0
204.0,886.0
886.0,975.0
692.0,887.0
702.0,887.0
777.0,887.0
812.0,887.0
887.0,941.0
11.0,888.0
623.0,888.0
835.0,888.0
637.0,889.0
694.0,889.0
697.0,889.0
774.0,889.0
889.0,893.0
889.0,929.0
889.0,969.0
38.0,890.0
115.0,890.0
726.0,890.0
737.0,890.0
762.0,890.0
833.0,890.0
890.0,904.0
350.0,891.0
452.0,891.0
463.0,891.0
672.0,891.0
696.0,891.0
701.0,891.0
732.0,891.0
891.0,942.0
891.0,970.0
891.0,982.0
682.0,892.0
784.0,892.0
800.0,892.0
875.0,892.0
888.0,892.0
892.0,927.0
667.0,893.0
819.0,893.0
893.0,906.0
682.0,894.0
768.0,894.0
780.0,894.0
828.0,894.0
835.0,894.0
894.0,936.0
894.0,981.0
792.0,895.0
798.0,895.0
805.0,895.0
895.0,938.0
60.0,896.0
238.0,896.0
286.0,896.0
706.0,896.0
716.0,896.0
878.0,896.0
533.0,897.0
748.0,897.0
782.0,897.0
800.0,897.0
801.0,897.0
860.0,897.0
897.0,911.0
897.0,995.0
670.0,898.0
773.0,898.0
799.0,898.0
838.0,898.0
878.0,898.0
898.0,942.0
898.0,974.0
898.0,989.0
167.0,899.0
378.0,899.0
874.0,899.0
899.0,947.0
363.0,900.0
709.0,900.0
734.0,900.0
755.0,900.0
810.0,900.0
845.0,900.0
900.0,938.0
730.0,901.0
785.0,901.0
803.0,901.0
215.0,902.0
313.0,902.0
471.0,902.0
691.0,902.0
762.0,902.0
815.0,902.0
875.0,902.0
46.0,903.0
705.0,903.0
846.0,903.0
890.0,903.0
903.0,927.0
903.0,965.0
659.0,904.0
847.0,904.0
904.0,965.0
773.0,905.0
776.0,905.0
796.0,905.0
805.0,905.0
861.0,905.0
905.0,972.0
636.0,906.0
824.0,906.0
906.0,912.0
750.0,907.0
861.0,907.0
883.0,907.0
907.0,973.0
690.0,908.0
696.0,908.0
710.0,908.0
719.0,908.0
863.0,908.0
875.0,908.0
119.0,909.0
235.0,909.0
700.0,909.0
841.0,909.0
871.0,909.0
885.0,909.0
909.0,933.0
442.0,910.0
537.0,910.0
673.0,910.0
682.0,910.0
733.0,910.0
765.0,910.0
831.0,910.0
891.0,910.0
107.0,911.0
656.0,911.0
714.0,911.0
911.0,922.0
200.0,912.0
345.0,912.0
578.0,912.0
700.0,912.0
54.0,913.0
807.0,913.0
875.0,913.0
913.0,933.0
913.0,938.0
913.0,962.0
449.0,914.0
707.0,914.0
744.0,914.0
867.0,914.0
604.0,915.0
615.0,915.0
694.0,915.0
704.0,915.0
754.0,915.0
881.0,915.0
915.0,924.0
915.0,973.0
268.0,916.0
687.0,916.0
778.0,916.0
788.0,916.0
871.0,916.0
875.0,916.0
175.0,917.0
330.0,917.0
804.0,917.0
816.0,917.0
917.0,993.0
917.0,998.0
479.0,918.0
918.0,943.0
113.0,919.0
202.0,919.0
577.0,919.0
744.0,919.0
919.0,939.0
919.0,989.0
370.0,920.0
664.0,920.0
920.0,967.0
264.0,921.0
436.0,921.0
642.0,921.0
736.0,921.0
902.0,921.0
921.0,923.0
921.0,954.0
134.0,922.0
179.0,922.0
485.0,922.0
922.0,962.0
44.0,923.0
466.0,923.0
690.0,923.0
715.0,923.0
729.0,923.0
830.0,923.0
899.0,923.0
923.0,927.0
2.0,924.0
78.0,924.0
189.0,924.0
787.0,924.0
720.0,925.0
753.0,925.0
862.0,925.0
925.0,966.0
398.0,926.0
376.0,927.0
615.0,927.0
749.0,927.0
857.0,927.0
927.0,957.0
640.0,928.0
678.0,928.0
707.0,928.0
337.0,929.0
839.0,929.0
840.0,929.0
852.0,929.0
688.0,930.0
897.0,930.0
917.0,930.0
674.0,931.0
802.0,931.0
869.0,931.0
753.0,932.0
838.0,932.0
48.0,933.0
536.0,933.0
666.0,933.0
747.0,933.0
867.0,933.0
869.0,933.0
891.0,933.0
693.0,934.0
698.0,934.0
745.0,934.0
753.0,934.0
820.0,934.0
152.0,935.0
677.0,935.0
679.0,935.0
712.0,935.0
767.0,935.0
432.0,936.0
675.0,936.0
771.0,936.0
818.0,936.0
936.0,955.0
936.0,994.0
794.0,937.0
849.0,937.0
852.0,937.0
862.0,937.0
905.0,937.0
937.0,952.0
97.0,938.0
214.0,938.0
667.0,938.0
729.0,938.0
740.0,938.0
744.0,938.0
749.0,938.0
795.0,938.0
135.0,939.0
542.0,939.0
819.0,939.0
906.0,939.0
758.0,940.0
783.0,940.0
940.0,961.0
128.0,941.0
753.0,941.0
769.0,941.0
815.0,941.0
927.0,941.0
941.0,952.0
941.0,964.0
941.0,989.0
125.0,942.0
745.0,942.0
752.0,942.0
828.0,942.0
655.0,943.0
705.0,943.0
802.0,943.0
818.0,943.0
845.0,943.0
874.0,943.0
875.0,943.0
135.0,944.0
672.0,944.0
713.0,944.0
884.0,944.0
133.0,945.0
307.0,945.0
507.0,945.0
650.0,945.0
838.0,945.0
945.0,988.0
855.0,946.0
370.0,947.0
411.0,947.0
729.0,947.0
236.0,948.0
872.0,948.0
934.0,948.0
142.0,949.0
592.0,949.0
669.0,949.0
769.0,949.0
793.0,949.0
872.0,949.0
892.0,949.0
949.0,969.0
214.0,950.0
736.0,950.0
769.0,950.0
950.0,954.0
274.0,951.0
297.0,951.0
709.0,951.0
792.0,951.0
951.0,978.0
75.0,952.0
702.0,952.0
828.0,952.0
871.0,952.0
354.0,953.0
638.0,953.0
736.0,953.0
747.0,953.0
768.0,953.0
779.0,953.0
852.0,953.0
853.0,953.0
889.0,953.0
765.0,954.0
800.0,954.0
802.0,954.0
946.0,954.0
185.0,955.0
338.0,955.0
834.0,955.0
928.0,955.0
608.0,956.0
868.0,956.0
956.0,994.0
108.0,957.0
131.0,957.0
704.0,957.0
916.0,957.0
948.0,957.0
957.0,971.0
86.0,958.0
314.0,958.0
428.0,958.0
721.0,958.0
756.0,958.0
924.0,958.0
807.0,959.0
816.0,959.0
865.0,959.0
167.0,960.0
198.0,960.0
703.0,960.0
762.0,960.0
777.0,960.0
832.0,960.0
895.0,960.0
937.0,960.0
23.0,961.0
279.0,961.0
544.0,961.0
730.0,961.0
781.0,961.0
820.0,961.0
961.0,963.0
119.0,962.0
667.0,962.0
819.0,962.0
903.0,962.0
410.0,963.0
770.0,963.0
158.0,964.0
160.0,964.0
260.0,964.0
288.0,964.0
715.0,964.0
722.0,964.0
734.0,964.0
901.0,964.0
920.0,964.0
964.0,990.0
419.0,965.0
825.0,965.0
944.0,965.0
965.0,987.0
299.0,966.0
678.0,966.0
758.0,966.0
236.0,967.0
670.0,967.0
869.0,967.0
255.0,968.0
916.0,968.0
924.0,968.0
550.0,969.0
752.0,969.0
802.0,969.0
946.0,969.0
608.0,970.0
719.0,970.0
746.0,970.0
759.0,970.0
791.0,970.0
812.0,970.0
650.0,971.0
730.0,971.0
817.0,971.0
853.0,971.0
635.0,972.0
670.0,972.0
689.0,972.0
773.0,972.0
699.0,973.0
771.0,973.0
853.0,973.0
854.0,973.0
907.0,973.0
929.0,973.0
240.0,974.0
278.0,974.0
726.0,974.0
907.0,974.0
960.0,974.0
966.0,974.0
178.0,975.0
762.0,975.0
834.0,975.0
928.0,975.0
931.0,975.0
955.0,975.0
969.0,975.0
528.0,976.0
844.0,976.0
861.0,976.0
959.0,976.0
717.0,977.0
894.0,977.0
955.0,977.0
972.0,977.0
476.0,978.0
832.0,978.0
651.0,979.0
778.0,979.0
815.0,979.0
821.0,979.0
292.0,980.0
390.0,980.0
496.0,980.0
507.0,980.0
779.0,980.0
831.0,980.0
848.0,980.0
920.0,980.0
31.0,981.0
243.0,981.0
545.0,981.0
567.0,981.0
609.0,981.0
700.0,981.0
702.0,981.0
737.0,981.0
747.0,981.0
839.0,981.0
857.0,981.0
878.0,981.0
901.0,981.0
981.0,982.0
268.0,982.0
282.0,982.0
679.0,982.0
692.0,982.0
722.0,982.0
826.0,982.0
895.0,982.0
964.0,982.0
354.0,983.0
686.0,983.0
757.0,983.0
862.0,983.0
890.0,983.0
686.0,984.0
722.0,984.0
790.0,984.0
813.0,984.0
955.0,984.0
120.0,985.0
789.0,985.0
840.0,985.0
942.0,985.0
113.0,986.0
684.0,987.0
740.0,987.0
742.0,987.0
767.0,987.0
815.0,987.0
906.0,987.0
919.0,987.0
773.0,988.0
889.0,988.0
890.0,988.0
90.0,989.0
698.0,989.0
955.0,989.0
478.0,990.0
733.0,990.0
759.0,990.0
857.0,990.0
801.0,991.0
902.0,991.0
685.0,992.0
706.0,992.0
719.0,992.0
755.0,992.0
788.0,992.0
935.0,992.0
988.0,992.0
139.0,993.0
627.0,993.0
643.0,993.0
984.0,993.0
201.0,994.0
203.0,994.0
600.0,994.0
667.0,994.0
699.0,994.0
817.0,994.0
825.0,994.0
840.0,994.0
868.0,994.0
920.0,994.0
232.0,995.0
623.0,995.0
672.0,995.0
689.0,995.0
724.0,995.0
743.0,995.0
760.0,995.0
807.0,995.0
972.0,995.0
691.0,996.0
842.0,996.0
991.0,996.0
785.0,997.0
983.0,997.0
702.0,998.0
857.0,998.0
862.0,998.0
984.0,998.0
88.0,999.0
506.0,999.0
541.0,999.0
