i,j
6.0,0.0
698.0,0.0
823.0,0.0
9.0,1.0
81.0,1.0
309.0,1.0
511.0,1.0
917.0,1.0
90.0,2.0
180.0,2.0
182.0,2.0
249.0,2.0
413.0,2.0
685.0,2.0
221.0,3.0
529.0,3.0
542.0,3.0
579.0,3.0
696.0,3.0
889.0,3.0
973.0,3.0
999.0,3.0
47.0,4.0
367.0,4.0
418.0,4.0
776.0,4.0
935.0,4.0
137.0,5.0
394.0,5.0
893.0,5.0
20.0,6.0
83.0,6.0
363.0,6.0
580.0,6.0
918.0,6.0
966.0,6.0
687.0,7.0
781.0,7.0
837.0,7.0
894.0,7.0
981.0,7.0
138.0,8.0
377.0,8.0
57.0,9.0
74.0,9.0
212.0,9.0
272.0,9.0
331.0,9.0
401.0,9.0
228.0,10.0
293.0,10.0
422.0,10.0
444.0,10.0
555.0,10.0
860.0,10.0
190.0,11.0
380.0,11.0
484.0,11.0
536.0,11.0
54.0,12.0
681.0,12.0
244.0,13.0
333.0,13.0
867.0,13.0
956.0,13.0
26.0,14.0
620.0,14.0
44.0,15.0
134.0,15.0
172.0,15.0
303.0,15.0
735.0,15.0
930.0,15.0
259.0,16.0
524.0,16.0
595.0,16.0
797.0,16.0
132.0,17.0
192.0,17.0
230.0,17.0
294.0,17.0
874.0,17.0
900.0,17.0
28.0,18.0
45.0,18.0
101.0,18.0
647.0,18.0
722.0,18.0
81.0,19.0
455.0,19.0
653.0,19.0
726.0,19.0
782.0,19.0
787.0,19.0
230.0,20.0
634.0,20.0
943.0,20.0
951.0,20.0
180.0,21.0
268.0,21.0
297.0,21.0
670.0,21.0
250.0,22.0
543.0,22.0
736.0,22.0
751.0,23.0
914.0,23.0
527.0,24.0
824.0,24.0
157.0,25.0
309.0,25.0
322.0,25.0
305.0,26.0
483.0,26.0
611.0,26.0
748.0,26.0
757.0,26.0
920.0,26.0
487.0,27.0
983.0,27.0
214.0,28.0
407.0,28.0
435.0,28.0
813.0,28.0
29.0,4.0
311.0,29.0
745.0,29.0
823.0,29.0
167.0,30.0
211.0,30.0
212.0,30.0
292.0,30.0
370.0,30.0
454.0,30.0
525.0,30.0
646.0,30.0
935.0,30.0
976.0,30.0
74.0,31.0
109.0,31.0
174.0,31.0
330.0,31.0
399.0,31.0
645.0,31.0
898.0,31.0
901.0,31.0
32.0,9.0
199.0,32.0
275.0,32.0
619.0,32.0
546.0,33.0
818.0,33.0
34.0,28.0
334.0,34.0
758.0,34.0
836.0,34.0
874.0,34.0
935.0,34.0
994.0,34.0
462.0,35.0
614.0,35.0
144.0,36.0
245.0,36.0
289.0,36.0
480.0,36.0
500.0,36.0
107.0,37.0
206.0,37.0
852.0,37.0
38.0,3.0
53.0,38.0
293.0,38.0
296.0,38.0
305.0,38.0
315.0,38.0
754.0,38.0
135.0,39.0
311.0,39.0
863.0,39.0
80.0,40.0
113.0,40.0
289.0,40.0
294.0,40.0
783.0,40.0
41.0,25.0
212.0,41.0
244.0,41.0
593.0,41.0
859.0,42.0
43.0,14.0
207.0,43.0
272.0,43.0
344.0,43.0
453.0,43.0
703.0,43.0
44.0,32.0
116.0,44.0
214.0,44.0
222.0,44.0
376.0,44.0
441.0,44.0
453.0,44.0
702.0,44.0
99.0,45.0
171.0,45.0
217.0,45.0
326.0,46.0
394.0,46.0
722.0,46.0
913.0,46.0
947.0,46.0
955.0,46.0
64.0,47.0
150.0,47.0
208.0,47.0
214.0,47.0
391.0,47.0
769.0,47.0
48.0,1.0
48.0,28.0
48.0,43.0
608.0,48.0
748.0,48.0
337.0,49.0
380.0,49.0
765.0,49.0
819.0,49.0
928.0,49.0
222.0,50.0
227.0,50.0
552.0,50.0
721.0,50.0
746.0,50.0
271.0,51.0
774.0,51.0
783.0,51.0
935.0,51.0
272.0,52.0
357.0,52.0
407.0,52.0
671.0,52.0
679.0,52.0
737.0,52.0
909.0,52.0
173.0,53.0
312.0,53.0
348.0,53.0
268.0,54.0
451.0,54.0
939.0,54.0
990.0,54.0
58.0,55.0
89.0,55.0
617.0,55.0
80.0,56.0
109.0,56.0
440.0,56.0
143.0,57.0
151.0,57.0
925.0,57.0
58.0,38.0
230.0,58.0
378.0,58.0
422.0,58.0
475.0,58.0
946.0,58.0
245.0,59.0
438.0,59.0
511.0,59.0
537.0,59.0
714.0,59.0
725.0,59.0
735.0,59.0
892.0,59.0
260.0,60.0
368.0,60.0
387.0,60.0
448.0,60.0
516.0,60.0
633.0,61.0
305.0,62.0
793.0,62.0
969.0,62.0
63.0,29.0
83.0,63.0
161.0,63.0
169.0,63.0
239.0,63.0
247.0,63.0
310.0,63.0
945.0,63.0
100.0,64.0
143.0,64.0
144.0,64.0
229.0,64.0
741.0,64.0
865.0,64.0
872.0,64.0
894.0,64.0
897.0,64.0
111.0,65.0
260.0,65.0
639.0,65.0
893.0,65.0
517.0,66.0
551.0,66.0
587.0,66.0
680.0,66.0
803.0,66.0
810.0,66.0
123.0,67.0
154.0,67.0
282.0,67.0
292.0,67.0
333.0,67.0
449.0,67.0
653.0,67.0
68.0,22.0
68.0,56.0
728.0,68.0
757.0,68.0
832.0,68.0
76.0,69.0
98.0,69.0
126.0,69.0
261.0,69.0
389.0,69.0
410.0,69.0
774.0,69.0
70.0,32.0
102.0,70.0
159.0,70.0
217.0,70.0
302.0,70.0
326.0,70.0
447.0,70.0
893.0,70.0
157.0,71.0
181.0,71.0
365.0,71.0
431.0,71.0
485.0,71.0
570.0,71.0
662.0,71.0
805.0,71.0
914.0,71.0
72.0,45.0
81.0,72.0
289.0,72.0
293.0,72.0
611.0,72.0
750.0,72.0
297.0,73.0
541.0,73.0
597.0,73.0
74.0,10.0
103.0,74.0
881.0,74.0
933.0,74.0
231.0,75.0
613.0,75.0
885.0,75.0
123.0,76.0
355.0,76.0
485.0,76.0
866.0,76.0
932.0,76.0
77.0,2.0
654.0,77.0
111.0,78.0
549.0,78.0
752.0,78.0
945.0,78.0
208.0,79.0
692.0,79.0
942.0,79.0
133.0,80.0
276.0,80.0
682.0,80.0
924.0,80.0
164.0,81.0
387.0,81.0
607.0,81.0
740.0,81.0
810.0,81.0
82.0,19.0
447.0,82.0
499.0,82.0
531.0,82.0
83.0,19.0
186.0,83.0
188.0,83.0
239.0,83.0
104.0,84.0
181.0,84.0
85.0,77.0
274.0,85.0
366.0,85.0
474.0,85.0
744.0,85.0
985.0,85.0
193.0,86.0
404.0,86.0
600.0,86.0
651.0,86.0
162.0,87.0
410.0,87.0
587.0,87.0
935.0,87.0
953.0,87.0
151.0,88.0
211.0,88.0
247.0,88.0
470.0,88.0
550.0,88.0
906.0,88.0
89.0,87.0
174.0,89.0
394.0,89.0
725.0,89.0
771.0,89.0
868.0,89.0
90.0,0.0
147.0,91.0
257.0,91.0
314.0,91.0
585.0,91.0
791.0,92.0
225.0,93.0
306.0,93.0
434.0,93.0
828.0,93.0
246.0,94.0
767.0,94.0
795.0,94.0
869.0,94.0
104.0,95.0
150.0,95.0
278.0,95.0
297.0,95.0
336.0,95.0
446.0,95.0
998.0,95.0
136.0,96.0
151.0,96.0
154.0,96.0
250.0,96.0
394.0,96.0
457.0,96.0
489.0,96.0
769.0,96.0
914.0,96.0
97.0,90.0
250.0,97.0
901.0,97.0
98.0,16.0
98.0,84.0
293.0,98.0
500.0,98.0
680.0,98.0
99.0,7.0
99.0,14.0
163.0,99.0
200.0,99.0
670.0,99.0
757.0,99.0
158.0,100.0
200.0,100.0
302.0,100.0
325.0,100.0
848.0,100.0
964.0,100.0
166.0,101.0
272.0,101.0
273.0,101.0
284.0,101.0
294.0,101.0
977.0,101.0
655.0,102.0
103.0,78.0
103.0,84.0
122.0,103.0
254.0,103.0
373.0,103.0
668.0,103.0
786.0,103.0
829.0,103.0
936.0,103.0
972.0,103.0
104.0,4.0
177.0,104.0
253.0,104.0
388.0,104.0
455.0,104.0
563.0,104.0
105.0,3.0
139.0,105.0
789.0,105.0
783.0,106.0
952.0,106.0
289.0,107.0
383.0,107.0
446.0,107.0
132.0,108.0
230.0,108.0
521.0,108.0
612.0,108.0
699.0,108.0
109.0,19.0
163.0,109.0
217.0,109.0
586.0,109.0
793.0,109.0
281.0,110.0
312.0,110.0
477.0,110.0
654.0,110.0
661.0,110.0
871.0,110.0
111.0,65.0
381.0,111.0
546.0,111.0
567.0,111.0
606.0,111.0
272.0,112.0
429.0,112.0
555.0,112.0
691.0,112.0
895.0,112.0
113.0,19.0
297.0,113.0
465.0,113.0
114.0,29.0
114.0,32.0
114.0,91.0
418.0,114.0
519.0,114.0
866.0,114.0
115.0,78.0
205.0,115.0
257.0,115.0
494.0,115.0
766.0,115.0
116.0,66.0
380.0,116.0
840.0,116.0
937.0,116.0
185.0,117.0
287.0,117.0
297.0,117.0
551.0,117.0
616.0,117.0
762.0,117.0
827.0,117.0
119.0,118.0
517.0,118.0
119.0,100.0
141.0,119.0
303.0,119.0
758.0,119.0
878.0,119.0
120.0,34.0
289.0,120.0
330.0,120.0
502.0,120.0
549.0,120.0
559.0,120.0
791.0,120.0
905.0,120.0
121.0,49.0
121.0,79.0
121.0,94.0
121.0,96.0
127.0,121.0
181.0,121.0
187.0,121.0
328.0,121.0
654.0,122.0
677.0,122.0
925.0,122.0
990.0,122.0
123.0,9.0
123.0,40.0
180.0,123.0
513.0,123.0
848.0,123.0
124.0,28.0
192.0,124.0
528.0,124.0
573.0,124.0
125.0,36.0
215.0,125.0
312.0,125.0
559.0,125.0
845.0,125.0
126.0,72.0
287.0,126.0
563.0,126.0
614.0,126.0
933.0,126.0
993.0,126.0
127.0,79.0
633.0,127.0
748.0,127.0
758.0,127.0
837.0,127.0
297.0,128.0
447.0,128.0
783.0,128.0
129.0,116.0
253.0,129.0
770.0,129.0
950.0,129.0
994.0,129.0
130.0,34.0
230.0,130.0
241.0,130.0
278.0,130.0
386.0,130.0
475.0,130.0
878.0,130.0
970.0,130.0
241.0,131.0
572.0,131.0
645.0,131.0
299.0,132.0
859.0,132.0
133.0,54.0
133.0,105.0
161.0,133.0
313.0,133.0
646.0,133.0
665.0,133.0
670.0,133.0
836.0,133.0
936.0,133.0
956.0,133.0
134.0,65.0
156.0,134.0
301.0,134.0
427.0,134.0
873.0,134.0
905.0,134.0
922.0,134.0
135.0,6.0
210.0,135.0
369.0,135.0
414.0,135.0
588.0,135.0
855.0,135.0
885.0,135.0
971.0,135.0
136.0,110.0
136.0,113.0
257.0,136.0
452.0,136.0
572.0,136.0
834.0,136.0
939.0,136.0
993.0,136.0
137.0,49.0
137.0,129.0
155.0,137.0
229.0,137.0
255.0,137.0
268.0,137.0
317.0,137.0
402.0,137.0
502.0,137.0
636.0,137.0
774.0,137.0
138.0,68.0
228.0,138.0
326.0,138.0
139.0,73.0
139.0,124.0
174.0,139.0
191.0,139.0
349.0,139.0
819.0,139.0
889.0,139.0
965.0,139.0
140.0,2.0
140.0,69.0
180.0,140.0
292.0,140.0
342.0,140.0
380.0,140.0
479.0,140.0
517.0,140.0
608.0,140.0
739.0,140.0
141.0,40.0
141.0,82.0
180.0,141.0
224.0,141.0
235.0,141.0
633.0,141.0
142.0,44.0
142.0,104.0
262.0,142.0
370.0,142.0
393.0,142.0
415.0,142.0
505.0,142.0
510.0,142.0
660.0,142.0
666.0,142.0
251.0,143.0
294.0,143.0
372.0,143.0
542.0,143.0
896.0,143.0
936.0,143.0
956.0,143.0
144.0,60.0
144.0,79.0
211.0,144.0
581.0,144.0
992.0,144.0
286.0,145.0
335.0,145.0
549.0,145.0
147.0,146.0
240.0,146.0
291.0,146.0
335.0,146.0
898.0,146.0
371.0,147.0
553.0,147.0
659.0,147.0
677.0,147.0
148.0,141.0
202.0,148.0
300.0,148.0
331.0,148.0
392.0,148.0
520.0,148.0
892.0,148.0
149.0,71.0
328.0,149.0
506.0,149.0
701.0,149.0
152.0,150.0
473.0,150.0
714.0,150.0
151.0,39.0
151.0,52.0
180.0,151.0
196.0,151.0
895.0,151.0
956.0,151.0
152.0,73.0
152.0,145.0
241.0,152.0
299.0,152.0
367.0,152.0
153.0,14.0
153.0,47.0
153.0,57.0
293.0,153.0
548.0,153.0
584.0,153.0
899.0,153.0
197.0,154.0
212.0,154.0
261.0,154.0
847.0,154.0
874.0,154.0
918.0,154.0
155.0,75.0
510.0,155.0
729.0,155.0
927.0,155.0
952.0,155.0
156.0,81.0
275.0,156.0
541.0,156.0
911.0,156.0
969.0,156.0
157.0,33.0
669.0,157.0
192.0,158.0
206.0,158.0
308.0,158.0
942.0,158.0
159.0,101.0
180.0,159.0
300.0,159.0
425.0,159.0
691.0,159.0
855.0,159.0
160.0,102.0
160.0,145.0
339.0,160.0
396.0,160.0
161.0,16.0
161.0,85.0
161.0,89.0
161.0,148.0
382.0,161.0
196.0,162.0
414.0,162.0
449.0,162.0
508.0,162.0
743.0,162.0
793.0,162.0
163.0,6.0
163.0,11.0
299.0,163.0
901.0,163.0
164.0,87.0
164.0,160.0
285.0,164.0
332.0,164.0
404.0,164.0
543.0,164.0
165.0,17.0
508.0,165.0
551.0,165.0
669.0,165.0
976.0,165.0
289.0,166.0
382.0,166.0
764.0,166.0
921.0,166.0
167.0,18.0
167.0,128.0
194.0,167.0
257.0,167.0
833.0,167.0
988.0,167.0
168.0,58.0
187.0,168.0
289.0,168.0
318.0,168.0
365.0,168.0
793.0,168.0
921.0,168.0
460.0,169.0
816.0,169.0
170.0,45.0
680.0,170.0
981.0,170.0
184.0,171.0
303.0,171.0
330.0,171.0
745.0,171.0
206.0,172.0
426.0,172.0
941.0,172.0
173.0,37.0
173.0,65.0
173.0,153.0
910.0,173.0
174.0,97.0
299.0,174.0
412.0,174.0
495.0,174.0
856.0,174.0
175.0,13.0
252.0,175.0
281.0,175.0
500.0,175.0
585.0,175.0
734.0,175.0
820.0,175.0
875.0,175.0
176.0,86.0
308.0,176.0
342.0,176.0
742.0,176.0
947.0,176.0
987.0,176.0
401.0,177.0
233.0,178.0
489.0,178.0
876.0,178.0
916.0,178.0
179.0,50.0
179.0,53.0
179.0,74.0
179.0,139.0
189.0,179.0
196.0,179.0
335.0,179.0
374.0,179.0
396.0,179.0
556.0,179.0
672.0,179.0
682.0,179.0
748.0,179.0
191.0,180.0
256.0,180.0
424.0,180.0
614.0,180.0
934.0,180.0
986.0,180.0
181.0,166.0
363.0,181.0
182.0,104.0
309.0,182.0
183.0,50.0
183.0,111.0
970.0,183.0
202.0,184.0
276.0,184.0
322.0,184.0
772.0,184.0
844.0,184.0
185.0,114.0
264.0,185.0
474.0,185.0
186.0,14.0
186.0,162.0
326.0,186.0
335.0,186.0
951.0,186.0
276.0,187.0
463.0,187.0
515.0,187.0
611.0,187.0
648.0,187.0
803.0,187.0
188.0,74.0
188.0,123.0
224.0,188.0
468.0,188.0
488.0,188.0
189.0,120.0
310.0,189.0
362.0,189.0
452.0,189.0
499.0,189.0
706.0,189.0
241.0,190.0
280.0,190.0
553.0,190.0
967.0,190.0
191.0,119.0
273.0,191.0
734.0,191.0
998.0,191.0
192.0,188.0
246.0,192.0
328.0,192.0
419.0,192.0
565.0,192.0
193.0,53.0
193.0,118.0
350.0,193.0
830.0,193.0
835.0,193.0
867.0,193.0
194.0,55.0
194.0,137.0
194.0,173.0
540.0,194.0
195.0,114.0
360.0,195.0
436.0,195.0
863.0,195.0
196.0,12.0
383.0,196.0
502.0,196.0
629.0,196.0
633.0,196.0
637.0,196.0
197.0,173.0
410.0,197.0
804.0,197.0
198.0,163.0
549.0,198.0
199.0,31.0
257.0,199.0
335.0,199.0
661.0,199.0
866.0,199.0
200.0,80.0
411.0,200.0
510.0,200.0
540.0,200.0
688.0,200.0
832.0,200.0
858.0,200.0
201.0,44.0
201.0,54.0
201.0,63.0
236.0,201.0
260.0,201.0
303.0,201.0
397.0,201.0
419.0,201.0
562.0,201.0
610.0,201.0
630.0,201.0
642.0,201.0
829.0,201.0
935.0,201.0
943.0,201.0
202.0,51.0
202.0,134.0
250.0,202.0
289.0,202.0
771.0,202.0
203.0,5.0
203.0,176.0
203.0,182.0
294.0,203.0
585.0,203.0
717.0,203.0
802.0,203.0
806.0,203.0
918.0,203.0
204.0,0.0
848.0,204.0
205.0,62.0
205.0,160.0
229.0,205.0
335.0,205.0
786.0,205.0
228.0,206.0
852.0,206.0
207.0,188.0
565.0,207.0
950.0,207.0
208.0,54.0
208.0,171.0
228.0,208.0
981.0,208.0
209.0,129.0
211.0,209.0
798.0,209.0
210.0,79.0
603.0,210.0
262.0,211.0
991.0,212.0
601.0,213.0
740.0,213.0
781.0,213.0
827.0,213.0
311.0,214.0
726.0,214.0
748.0,214.0
215.0,18.0
215.0,186.0
215.0,204.0
560.0,215.0
738.0,215.0
216.0,91.0
216.0,96.0
216.0,160.0
238.0,216.0
303.0,216.0
376.0,216.0
671.0,216.0
217.0,71.0
217.0,111.0
309.0,217.0
585.0,217.0
638.0,217.0
807.0,217.0
858.0,217.0
218.0,106.0
294.0,218.0
389.0,218.0
588.0,218.0
650.0,218.0
775.0,218.0
219.0,116.0
219.0,140.0
259.0,219.0
526.0,219.0
220.0,19.0
220.0,45.0
220.0,200.0
220.0,212.0
373.0,220.0
477.0,220.0
548.0,220.0
620.0,221.0
961.0,221.0
992.0,221.0
222.0,76.0
222.0,181.0
799.0,222.0
223.0,184.0
390.0,223.0
480.0,223.0
502.0,223.0
592.0,223.0
801.0,223.0
224.0,25.0
224.0,138.0
261.0,224.0
304.0,224.0
720.0,224.0
821.0,224.0
830.0,224.0
225.0,80.0
274.0,225.0
693.0,225.0
879.0,225.0
226.0,23.0
645.0,226.0
775.0,226.0
283.0,227.0
290.0,227.0
550.0,227.0
599.0,227.0
648.0,227.0
228.0,184.0
309.0,228.0
698.0,228.0
829.0,228.0
930.0,228.0
939.0,228.0
979.0,228.0
229.0,53.0
229.0,164.0
296.0,229.0
410.0,229.0
573.0,229.0
621.0,229.0
230.0,74.0
230.0,198.0
448.0,230.0
506.0,230.0
562.0,230.0
606.0,230.0
498.0,231.0
628.0,231.0
232.0,68.0
232.0,167.0
733.0,232.0
870.0,232.0
936.0,232.0
948.0,232.0
233.0,93.0
884.0,233.0
234.0,45.0
234.0,48.0
234.0,155.0
484.0,234.0
603.0,234.0
804.0,234.0
876.0,234.0
935.0,234.0
235.0,181.0
310.0,235.0
590.0,235.0
651.0,235.0
236.0,157.0
236.0,198.0
486.0,236.0
817.0,236.0
910.0,236.0
325.0,237.0
956.0,237.0
982.0,237.0
238.0,204.0
314.0,238.0
600.0,238.0
697.0,238.0
312.0,239.0
444.0,239.0
504.0,239.0
760.0,239.0
993.0,239.0
974.0,240.0
241.0,141.0
241.0,201.0
412.0,241.0
707.0,241.0
242.0,106.0
302.0,242.0
395.0,242.0
758.0,242.0
809.0,242.0
866.0,242.0
243.0,91.0
243.0,173.0
243.0,181.0
243.0,209.0
243.0,227.0
303.0,243.0
325.0,243.0
419.0,243.0
454.0,243.0
727.0,243.0
244.0,175.0
367.0,244.0
760.0,244.0
856.0,244.0
948.0,244.0
417.0,245.0
538.0,245.0
354.0,246.0
409.0,246.0
599.0,246.0
653.0,246.0
920.0,246.0
247.0,8.0
335.0,247.0
517.0,247.0
810.0,247.0
946.0,247.0
721.0,248.0
249.0,47.0
249.0,54.0
249.0,83.0
249.0,177.0
249.0,223.0
586.0,249.0
842.0,249.0
977.0,249.0
250.0,33.0
250.0,166.0
250.0,188.0
343.0,250.0
349.0,250.0
359.0,250.0
763.0,250.0
284.0,251.0
449.0,251.0
503.0,251.0
613.0,251.0
252.0,12.0
351.0,252.0
630.0,252.0
674.0,252.0
806.0,252.0
253.0,165.0
334.0,253.0
583.0,253.0
612.0,253.0
254.0,39.0
254.0,87.0
254.0,142.0
254.0,191.0
338.0,254.0
255.0,55.0
255.0,173.0
255.0,196.0
389.0,255.0
390.0,255.0
488.0,255.0
527.0,255.0
578.0,255.0
665.0,255.0
256.0,155.0
256.0,178.0
256.0,221.0
418.0,256.0
522.0,256.0
859.0,256.0
875.0,256.0
257.0,58.0
257.0,60.0
257.0,120.0
257.0,137.0
496.0,257.0
821.0,257.0
258.0,43.0
258.0,215.0
258.0,246.0
351.0,258.0
582.0,258.0
913.0,258.0
259.0,175.0
385.0,259.0
747.0,259.0
759.0,259.0
978.0,259.0
260.0,90.0
260.0,144.0
260.0,155.0
260.0,180.0
397.0,260.0
680.0,260.0
974.0,260.0
261.0,101.0
344.0,261.0
402.0,261.0
490.0,261.0
497.0,261.0
779.0,261.0
262.0,204.0
463.0,262.0
529.0,262.0
562.0,262.0
805.0,262.0
263.0,76.0
263.0,83.0
263.0,212.0
263.0,248.0
263.0,252.0
683.0,263.0
770.0,263.0
773.0,263.0
264.0,251.0
292.0,264.0
355.0,264.0
828.0,264.0
946.0,264.0
265.0,38.0
265.0,68.0
575.0,265.0
579.0,265.0
266.0,77.0
605.0,266.0
817.0,266.0
883.0,266.0
974.0,266.0
267.0,31.0
324.0,267.0
268.0,154.0
268.0,235.0
268.0,249.0
298.0,268.0
361.0,268.0
269.0,55.0
269.0,119.0
269.0,156.0
297.0,269.0
372.0,269.0
583.0,269.0
311.0,270.0
271.0,13.0
271.0,41.0
271.0,83.0
271.0,216.0
296.0,271.0
606.0,271.0
607.0,271.0
272.0,180.0
362.0,272.0
827.0,272.0
273.0,120.0
273.0,159.0
273.0,162.0
708.0,273.0
451.0,274.0
880.0,274.0
930.0,274.0
275.0,23.0
275.0,205.0
787.0,276.0
963.0,276.0
277.0,70.0
277.0,107.0
277.0,115.0
322.0,277.0
353.0,277.0
409.0,277.0
725.0,277.0
765.0,277.0
278.0,206.0
944.0,278.0
985.0,278.0
279.0,191.0
296.0,279.0
715.0,279.0
741.0,279.0
955.0,279.0
280.0,103.0
280.0,172.0
474.0,280.0
724.0,280.0
944.0,280.0
959.0,280.0
281.0,135.0
281.0,189.0
281.0,200.0
290.0,281.0
282.0,170.0
300.0,282.0
325.0,282.0
329.0,282.0
395.0,282.0
732.0,282.0
283.0,219.0
319.0,283.0
421.0,283.0
698.0,283.0
321.0,284.0
485.0,284.0
671.0,284.0
720.0,284.0
928.0,284.0
285.0,152.0
311.0,285.0
482.0,285.0
635.0,285.0
692.0,285.0
286.0,9.0
286.0,36.0
286.0,216.0
286.0,220.0
519.0,286.0
632.0,286.0
901.0,286.0
287.0,78.0
287.0,116.0
349.0,287.0
537.0,287.0
708.0,287.0
782.0,287.0
894.0,287.0
953.0,287.0
288.0,161.0
359.0,288.0
405.0,288.0
580.0,288.0
989.0,288.0
652.0,289.0
653.0,289.0
427.0,290.0
545.0,290.0
717.0,290.0
291.0,206.0
291.0,271.0
464.0,291.0
605.0,291.0
742.0,291.0
292.0,10.0
292.0,11.0
292.0,39.0
365.0,292.0
721.0,292.0
845.0,292.0
440.0,293.0
607.0,293.0
942.0,293.0
294.0,106.0
294.0,237.0
297.0,294.0
349.0,294.0
760.0,294.0
295.0,159.0
295.0,201.0
424.0,295.0
438.0,295.0
535.0,295.0
671.0,295.0
965.0,295.0
296.0,8.0
296.0,193.0
416.0,296.0
450.0,296.0
297.0,234.0
297.0,272.0
327.0,297.0
789.0,297.0
794.0,298.0
299.0,78.0
299.0,165.0
299.0,240.0
578.0,299.0
837.0,299.0
919.0,299.0
300.0,141.0
300.0,198.0
457.0,300.0
508.0,300.0
864.0,300.0
301.0,110.0
301.0,248.0
333.0,301.0
820.0,301.0
876.0,301.0
886.0,301.0
915.0,301.0
302.0,297.0
318.0,302.0
325.0,302.0
421.0,302.0
938.0,302.0
303.0,7.0
303.0,100.0
303.0,248.0
303.0,270.0
340.0,303.0
576.0,303.0
667.0,303.0
304.0,16.0
361.0,304.0
383.0,304.0
645.0,304.0
997.0,304.0
305.0,75.0
305.0,197.0
718.0,305.0
750.0,305.0
962.0,305.0
975.0,305.0
306.0,175.0
340.0,306.0
719.0,306.0
307.0,17.0
307.0,170.0
307.0,230.0
684.0,307.0
308.0,2.0
308.0,260.0
330.0,308.0
455.0,308.0
758.0,308.0
789.0,308.0
972.0,308.0
309.0,16.0
309.0,280.0
495.0,309.0
929.0,309.0
310.0,85.0
310.0,258.0
648.0,310.0
753.0,310.0
933.0,310.0
941.0,310.0
971.0,311.0
312.0,72.0
471.0,312.0
574.0,312.0
313.0,95.0
313.0,199.0
637.0,313.0
880.0,313.0
314.0,60.0
314.0,117.0
314.0,306.0
426.0,314.0
478.0,314.0
517.0,314.0
315.0,145.0
315.0,195.0
592.0,315.0
733.0,315.0
989.0,315.0
316.0,43.0
316.0,233.0
621.0,316.0
803.0,316.0
317.0,47.0
411.0,317.0
433.0,317.0
318.0,124.0
318.0,166.0
318.0,224.0
318.0,235.0
318.0,295.0
807.0,318.0
880.0,318.0
926.0,318.0
319.0,125.0
319.0,233.0
319.0,258.0
481.0,319.0
628.0,319.0
662.0,319.0
763.0,319.0
805.0,319.0
998.0,319.0
320.0,78.0
320.0,182.0
320.0,212.0
490.0,320.0
509.0,320.0
567.0,320.0
688.0,320.0
696.0,320.0
931.0,320.0
321.0,302.0
321.0,316.0
329.0,321.0
433.0,321.0
478.0,321.0
618.0,321.0
667.0,321.0
771.0,321.0
803.0,321.0
322.0,2.0
322.0,67.0
424.0,322.0
469.0,322.0
323.0,315.0
803.0,323.0
324.0,2.0
349.0,324.0
645.0,324.0
325.0,71.0
325.0,182.0
325.0,259.0
469.0,325.0
498.0,325.0
800.0,325.0
846.0,325.0
992.0,325.0
326.0,65.0
326.0,194.0
326.0,207.0
326.0,320.0
962.0,326.0
983.0,326.0
993.0,326.0
327.0,111.0
327.0,134.0
327.0,202.0
808.0,327.0
328.0,30.0
752.0,328.0
329.0,29.0
329.0,32.0
329.0,121.0
329.0,158.0
329.0,303.0
625.0,329.0
681.0,329.0
886.0,329.0
330.0,104.0
522.0,330.0
660.0,330.0
785.0,330.0
331.0,90.0
331.0,106.0
490.0,331.0
504.0,331.0
532.0,331.0
559.0,331.0
620.0,331.0
834.0,331.0
332.0,136.0
332.0,196.0
332.0,320.0
353.0,332.0
409.0,332.0
614.0,332.0
884.0,332.0
333.0,43.0
911.0,333.0
581.0,334.0
774.0,334.0
335.0,26.0
335.0,141.0
335.0,326.0
338.0,335.0
616.0,335.0
728.0,335.0
732.0,336.0
865.0,336.0
461.0,337.0
787.0,337.0
810.0,337.0
338.0,190.0
603.0,338.0
339.0,25.0
494.0,339.0
548.0,339.0
621.0,339.0
340.0,36.0
388.0,340.0
931.0,340.0
979.0,340.0
349.0,341.0
586.0,341.0
612.0,341.0
777.0,341.0
929.0,341.0
939.0,341.0
970.0,341.0
342.0,74.0
342.0,222.0
351.0,342.0
384.0,342.0
449.0,342.0
590.0,342.0
700.0,342.0
817.0,342.0
343.0,2.0
343.0,224.0
401.0,343.0
523.0,343.0
637.0,343.0
344.0,50.0
344.0,197.0
345.0,130.0
345.0,265.0
377.0,345.0
515.0,345.0
748.0,345.0
757.0,345.0
933.0,345.0
997.0,345.0
418.0,346.0
428.0,346.0
476.0,346.0
527.0,346.0
967.0,346.0
347.0,219.0
347.0,228.0
562.0,347.0
715.0,347.0
980.0,347.0
348.0,74.0
348.0,172.0
348.0,236.0
407.0,348.0
536.0,348.0
608.0,348.0
634.0,348.0
661.0,348.0
691.0,348.0
700.0,348.0
759.0,348.0
840.0,348.0
349.0,116.0
349.0,250.0
349.0,256.0
349.0,270.0
349.0,287.0
395.0,349.0
462.0,349.0
463.0,349.0
654.0,349.0
429.0,350.0
580.0,350.0
685.0,350.0
930.0,350.0
351.0,14.0
351.0,307.0
454.0,351.0
683.0,351.0
751.0,351.0
758.0,351.0
352.0,113.0
401.0,352.0
625.0,352.0
710.0,352.0
353.0,44.0
762.0,353.0
896.0,353.0
354.0,102.0
354.0,328.0
379.0,354.0
480.0,354.0
592.0,354.0
716.0,354.0
835.0,354.0
355.0,108.0
355.0,239.0
417.0,355.0
356.0,54.0
356.0,171.0
356.0,180.0
356.0,346.0
509.0,356.0
390.0,357.0
457.0,357.0
543.0,357.0
909.0,357.0
514.0,358.0
914.0,358.0
359.0,47.0
359.0,294.0
371.0,359.0
475.0,359.0
537.0,359.0
648.0,359.0
688.0,359.0
360.0,274.0
360.0,354.0
585.0,360.0
651.0,360.0
916.0,360.0
361.0,149.0
361.0,265.0
422.0,361.0
732.0,361.0
849.0,361.0
910.0,361.0
998.0,361.0
362.0,42.0
362.0,60.0
362.0,164.0
362.0,338.0
481.0,362.0
646.0,362.0
664.0,362.0
853.0,362.0
363.0,307.0
364.0,242.0
364.0,311.0
478.0,364.0
555.0,364.0
365.0,43.0
365.0,78.0
365.0,208.0
395.0,365.0
654.0,365.0
661.0,365.0
676.0,365.0
679.0,365.0
819.0,365.0
366.0,55.0
366.0,116.0
366.0,250.0
366.0,355.0
447.0,366.0
617.0,366.0
746.0,366.0
367.0,121.0
367.0,342.0
368.0,367.0
718.0,367.0
368.0,1.0
646.0,368.0
825.0,368.0
964.0,368.0
987.0,368.0
382.0,369.0
511.0,369.0
521.0,369.0
572.0,369.0
796.0,369.0
943.0,369.0
960.0,369.0
370.0,346.0
370.0,357.0
478.0,370.0
570.0,370.0
916.0,370.0
371.0,77.0
371.0,206.0
371.0,207.0
632.0,371.0
781.0,371.0
822.0,371.0
372.0,60.0
372.0,268.0
429.0,372.0
512.0,372.0
707.0,372.0
808.0,372.0
915.0,372.0
928.0,372.0
975.0,372.0
373.0,18.0
373.0,185.0
373.0,208.0
373.0,273.0
373.0,326.0
374.0,317.0
733.0,374.0
991.0,374.0
375.0,42.0
375.0,92.0
375.0,335.0
498.0,375.0
535.0,375.0
768.0,375.0
376.0,10.0
376.0,111.0
410.0,376.0
432.0,376.0
473.0,376.0
478.0,376.0
535.0,376.0
544.0,376.0
547.0,376.0
550.0,376.0
725.0,376.0
809.0,376.0
899.0,376.0
377.0,142.0
377.0,163.0
377.0,285.0
410.0,377.0
411.0,377.0
610.0,377.0
802.0,377.0
814.0,377.0
663.0,378.0
705.0,378.0
763.0,378.0
836.0,378.0
379.0,139.0
385.0,379.0
462.0,379.0
632.0,379.0
907.0,379.0
539.0,380.0
548.0,380.0
883.0,380.0
381.0,219.0
381.0,351.0
454.0,381.0
496.0,381.0
589.0,381.0
628.0,381.0
721.0,381.0
783.0,381.0
382.0,348.0
496.0,382.0
614.0,382.0
868.0,382.0
383.0,54.0
383.0,59.0
383.0,198.0
404.0,383.0
572.0,383.0
880.0,383.0
938.0,383.0
384.0,101.0
384.0,172.0
384.0,246.0
384.0,358.0
459.0,384.0
873.0,384.0
385.0,91.0
385.0,94.0
385.0,158.0
385.0,383.0
442.0,385.0
489.0,385.0
569.0,385.0
596.0,385.0
811.0,385.0
970.0,385.0
975.0,386.0
387.0,303.0
447.0,387.0
640.0,387.0
703.0,387.0
767.0,387.0
388.0,213.0
388.0,387.0
410.0,388.0
660.0,388.0
668.0,388.0
925.0,388.0
930.0,388.0
389.0,46.0
389.0,84.0
389.0,217.0
392.0,389.0
536.0,389.0
702.0,389.0
763.0,389.0
850.0,389.0
390.0,41.0
390.0,84.0
390.0,367.0
390.0,381.0
402.0,390.0
584.0,390.0
643.0,390.0
391.0,95.0
391.0,128.0
492.0,391.0
515.0,391.0
392.0,13.0
392.0,83.0
392.0,194.0
392.0,271.0
392.0,382.0
606.0,392.0
620.0,392.0
667.0,392.0
774.0,392.0
850.0,392.0
393.0,19.0
393.0,334.0
514.0,393.0
621.0,393.0
394.0,49.0
394.0,308.0
757.0,394.0
990.0,394.0
395.0,13.0
657.0,395.0
955.0,395.0
997.0,395.0
396.0,36.0
396.0,225.0
396.0,390.0
446.0,396.0
569.0,396.0
742.0,396.0
397.0,13.0
397.0,185.0
471.0,397.0
606.0,397.0
662.0,397.0
913.0,397.0
925.0,397.0
398.0,12.0
508.0,398.0
642.0,398.0
685.0,398.0
399.0,147.0
399.0,185.0
399.0,299.0
473.0,399.0
540.0,399.0
704.0,399.0
890.0,399.0
596.0,400.0
401.0,199.0
401.0,285.0
427.0,401.0
795.0,401.0
402.0,338.0
402.0,357.0
463.0,402.0
487.0,402.0
607.0,402.0
729.0,402.0
852.0,402.0
999.0,402.0
405.0,403.0
434.0,403.0
649.0,403.0
768.0,403.0
926.0,403.0
950.0,403.0
404.0,60.0
580.0,404.0
964.0,404.0
405.0,364.0
494.0,405.0
672.0,405.0
406.0,180.0
902.0,406.0
956.0,406.0
407.0,357.0
475.0,407.0
593.0,407.0
942.0,407.0
944.0,407.0
972.0,407.0
408.0,158.0
408.0,200.0
486.0,408.0
543.0,408.0
838.0,408.0
498.0,409.0
511.0,409.0
524.0,409.0
838.0,409.0
943.0,409.0
410.0,192.0
410.0,280.0
410.0,318.0
453.0,410.0
635.0,410.0
652.0,410.0
656.0,410.0
733.0,410.0
919.0,410.0
411.0,257.0
562.0,411.0
752.0,411.0
943.0,411.0
583.0,412.0
678.0,412.0
702.0,412.0
817.0,412.0
413.0,232.0
413.0,262.0
413.0,274.0
413.0,411.0
506.0,413.0
539.0,413.0
947.0,413.0
963.0,413.0
987.0,413.0
414.0,242.0
415.0,35.0
415.0,37.0
415.0,170.0
434.0,415.0
467.0,415.0
609.0,415.0
914.0,415.0
955.0,415.0
991.0,415.0
416.0,168.0
479.0,416.0
501.0,416.0
818.0,416.0
951.0,416.0
989.0,416.0
417.0,234.0
417.0,329.0
418.0,9.0
418.0,60.0
418.0,190.0
418.0,360.0
609.0,418.0
652.0,418.0
419.0,346.0
458.0,419.0
540.0,419.0
562.0,419.0
583.0,419.0
839.0,419.0
471.0,420.0
491.0,420.0
495.0,420.0
421.0,94.0
421.0,147.0
421.0,151.0
421.0,182.0
421.0,250.0
421.0,360.0
836.0,421.0
902.0,421.0
963.0,421.0
422.0,112.0
422.0,390.0
523.0,422.0
579.0,422.0
868.0,422.0
960.0,422.0
424.0,423.0
431.0,423.0
435.0,423.0
596.0,423.0
620.0,423.0
927.0,423.0
424.0,270.0
434.0,424.0
643.0,424.0
800.0,424.0
425.0,200.0
425.0,215.0
497.0,425.0
737.0,425.0
426.0,153.0
426.0,355.0
426.0,356.0
793.0,426.0
826.0,426.0
427.0,297.0
489.0,427.0
697.0,427.0
715.0,427.0
428.0,302.0
428.0,314.0
435.0,428.0
459.0,428.0
470.0,428.0
539.0,428.0
429.0,138.0
429.0,276.0
429.0,350.0
531.0,429.0
575.0,429.0
786.0,429.0
430.0,240.0
692.0,430.0
737.0,430.0
740.0,430.0
826.0,430.0
490.0,431.0
535.0,431.0
771.0,431.0
854.0,431.0
583.0,432.0
710.0,432.0
436.0,433.0
468.0,433.0
699.0,433.0
434.0,131.0
434.0,240.0
434.0,344.0
434.0,407.0
736.0,434.0
843.0,434.0
435.0,135.0
435.0,254.0
435.0,367.0
442.0,435.0
466.0,435.0
594.0,435.0
622.0,435.0
682.0,435.0
719.0,435.0
855.0,435.0
935.0,435.0
493.0,436.0
494.0,436.0
579.0,436.0
608.0,436.0
682.0,436.0
923.0,436.0
437.0,301.0
437.0,350.0
437.0,366.0
437.0,423.0
971.0,437.0
438.0,213.0
629.0,438.0
802.0,438.0
922.0,438.0
439.0,94.0
439.0,117.0
439.0,312.0
439.0,356.0
439.0,428.0
521.0,439.0
542.0,439.0
547.0,439.0
591.0,439.0
837.0,439.0
852.0,439.0
440.0,144.0
440.0,223.0
550.0,440.0
556.0,440.0
610.0,440.0
652.0,440.0
657.0,440.0
775.0,440.0
867.0,440.0
441.0,102.0
441.0,371.0
442.0,441.0
474.0,441.0
643.0,441.0
897.0,441.0
860.0,442.0
443.0,15.0
443.0,203.0
647.0,443.0
770.0,443.0
789.0,443.0
600.0,444.0
445.0,428.0
445.0,436.0
662.0,445.0
762.0,445.0
841.0,445.0
913.0,445.0
633.0,446.0
658.0,446.0
745.0,446.0
447.0,13.0
447.0,393.0
566.0,447.0
448.0,143.0
448.0,349.0
448.0,417.0
586.0,448.0
908.0,448.0
449.0,52.0
449.0,341.0
449.0,430.0
467.0,449.0
645.0,449.0
647.0,449.0
537.0,450.0
776.0,450.0
886.0,450.0
903.0,450.0
451.0,151.0
451.0,302.0
500.0,451.0
864.0,451.0
469.0,452.0
504.0,452.0
453.0,104.0
453.0,173.0
453.0,437.0
593.0,453.0
824.0,453.0
454.0,253.0
454.0,288.0
635.0,454.0
801.0,454.0
996.0,454.0
455.0,381.0
594.0,455.0
456.0,86.0
456.0,224.0
456.0,365.0
456.0,377.0
985.0,456.0
457.0,84.0
457.0,143.0
457.0,355.0
542.0,457.0
780.0,457.0
803.0,457.0
855.0,457.0
890.0,457.0
934.0,457.0
458.0,93.0
458.0,277.0
458.0,286.0
582.0,458.0
599.0,458.0
644.0,458.0
954.0,458.0
459.0,25.0
459.0,131.0
459.0,192.0
505.0,459.0
665.0,459.0
460.0,47.0
460.0,145.0
460.0,380.0
798.0,460.0
961.0,460.0
461.0,162.0
461.0,359.0
649.0,461.0
756.0,461.0
462.0,306.0
555.0,462.0
635.0,462.0
855.0,462.0
861.0,462.0
463.0,294.0
463.0,381.0
463.0,418.0
538.0,464.0
465.0,35.0
465.0,122.0
465.0,322.0
511.0,465.0
539.0,465.0
609.0,465.0
670.0,465.0
723.0,465.0
466.0,119.0
466.0,287.0
466.0,418.0
539.0,466.0
717.0,466.0
747.0,466.0
790.0,466.0
486.0,467.0
784.0,467.0
953.0,467.0
468.0,194.0
468.0,463.0
469.0,468.0
586.0,468.0
612.0,468.0
686.0,468.0
927.0,468.0
469.0,219.0
469.0,328.0
469.0,373.0
469.0,381.0
582.0,469.0
627.0,469.0
645.0,469.0
662.0,469.0
827.0,469.0
872.0,469.0
997.0,469.0
470.0,10.0
470.0,245.0
480.0,470.0
581.0,470.0
663.0,470.0
803.0,470.0
471.0,106.0
471.0,390.0
515.0,471.0
602.0,471.0
472.0,152.0
472.0,326.0
472.0,455.0
472.0,458.0
792.0,472.0
473.0,92.0
473.0,411.0
473.0,426.0
821.0,473.0
474.0,199.0
502.0,474.0
580.0,474.0
886.0,474.0
507.0,475.0
865.0,475.0
476.0,235.0
476.0,453.0
486.0,476.0
506.0,476.0
921.0,476.0
477.0,81.0
477.0,415.0
483.0,477.0
485.0,477.0
495.0,477.0
607.0,477.0
800.0,477.0
822.0,477.0
900.0,477.0
911.0,477.0
478.0,41.0
478.0,76.0
478.0,300.0
478.0,366.0
478.0,469.0
483.0,478.0
610.0,478.0
669.0,478.0
712.0,478.0
479.0,264.0
734.0,479.0
480.0,117.0
480.0,309.0
480.0,477.0
524.0,480.0
820.0,480.0
515.0,481.0
628.0,481.0
744.0,481.0
774.0,481.0
482.0,440.0
980.0,482.0
483.0,250.0
483.0,328.0
585.0,483.0
592.0,483.0
805.0,483.0
885.0,483.0
936.0,483.0
484.0,7.0
484.0,308.0
485.0,30.0
485.0,212.0
541.0,485.0
589.0,485.0
614.0,485.0
631.0,485.0
486.0,117.0
486.0,125.0
726.0,486.0
771.0,486.0
487.0,165.0
487.0,413.0
487.0,452.0
686.0,487.0
793.0,487.0
488.0,21.0
488.0,78.0
488.0,272.0
655.0,488.0
810.0,488.0
930.0,488.0
995.0,488.0
489.0,85.0
489.0,86.0
489.0,128.0
489.0,345.0
489.0,471.0
598.0,489.0
753.0,489.0
857.0,489.0
934.0,489.0
490.0,8.0
490.0,341.0
490.0,391.0
600.0,490.0
677.0,490.0
918.0,490.0
491.0,59.0
491.0,333.0
491.0,477.0
634.0,491.0
547.0,492.0
650.0,492.0
943.0,492.0
493.0,286.0
493.0,338.0
593.0,493.0
702.0,493.0
919.0,493.0
494.0,162.0
494.0,316.0
497.0,494.0
676.0,494.0
999.0,494.0
495.0,17.0
495.0,391.0
495.0,442.0
495.0,465.0
908.0,495.0
496.0,29.0
496.0,35.0
496.0,74.0
496.0,441.0
496.0,449.0
526.0,496.0
617.0,496.0
691.0,496.0
497.0,403.0
497.0,492.0
611.0,497.0
688.0,497.0
786.0,497.0
956.0,497.0
498.0,239.0
498.0,302.0
498.0,313.0
498.0,453.0
617.0,498.0
761.0,498.0
857.0,498.0
499.0,38.0
499.0,148.0
499.0,228.0
499.0,448.0
499.0,454.0
499.0,462.0
611.0,499.0
629.0,499.0
758.0,499.0
877.0,499.0
500.0,77.0
555.0,500.0
658.0,500.0
847.0,500.0
906.0,500.0
909.0,500.0
501.0,107.0
501.0,178.0
501.0,437.0
531.0,501.0
572.0,501.0
584.0,501.0
598.0,501.0
604.0,501.0
981.0,501.0
502.0,143.0
502.0,273.0
502.0,500.0
536.0,502.0
722.0,502.0
740.0,502.0
864.0,502.0
503.0,33.0
503.0,161.0
503.0,196.0
596.0,503.0
922.0,503.0
504.0,26.0
504.0,78.0
504.0,282.0
504.0,361.0
504.0,390.0
514.0,504.0
703.0,504.0
888.0,504.0
505.0,493.0
718.0,505.0
725.0,505.0
778.0,505.0
783.0,505.0
870.0,505.0
506.0,249.0
506.0,478.0
643.0,506.0
656.0,506.0
749.0,506.0
507.0,82.0
507.0,107.0
507.0,155.0
609.0,507.0
664.0,507.0
736.0,507.0
854.0,507.0
508.0,87.0
509.0,345.0
798.0,509.0
867.0,509.0
510.0,157.0
510.0,221.0
510.0,277.0
510.0,389.0
518.0,510.0
557.0,510.0
681.0,510.0
910.0,510.0
947.0,510.0
659.0,511.0
867.0,511.0
512.0,58.0
512.0,164.0
512.0,211.0
512.0,411.0
512.0,468.0
513.0,86.0
513.0,491.0
534.0,513.0
852.0,513.0
932.0,513.0
966.0,513.0
514.0,7.0
514.0,496.0
682.0,514.0
768.0,514.0
515.0,37.0
515.0,56.0
515.0,101.0
515.0,110.0
714.0,515.0
526.0,516.0
530.0,516.0
779.0,516.0
517.0,125.0
517.0,138.0
518.0,17.0
518.0,90.0
518.0,336.0
546.0,518.0
614.0,518.0
875.0,518.0
930.0,518.0
519.0,266.0
519.0,329.0
839.0,519.0
520.0,47.0
520.0,240.0
520.0,278.0
520.0,325.0
520.0,362.0
577.0,520.0
521.0,54.0
585.0,521.0
736.0,521.0
793.0,521.0
845.0,521.0
522.0,170.0
522.0,330.0
522.0,468.0
522.0,498.0
719.0,522.0
963.0,522.0
523.0,337.0
523.0,510.0
604.0,523.0
893.0,523.0
899.0,523.0
934.0,523.0
945.0,523.0
524.0,282.0
524.0,351.0
524.0,498.0
532.0,524.0
729.0,524.0
752.0,524.0
525.0,162.0
525.0,292.0
525.0,318.0
525.0,426.0
525.0,499.0
945.0,525.0
526.0,56.0
526.0,76.0
526.0,186.0
526.0,453.0
572.0,526.0
637.0,526.0
995.0,526.0
527.0,47.0
527.0,234.0
527.0,319.0
527.0,358.0
527.0,365.0
527.0,517.0
580.0,527.0
693.0,527.0
528.0,243.0
528.0,364.0
544.0,528.0
706.0,528.0
529.0,234.0
529.0,265.0
529.0,321.0
529.0,376.0
542.0,529.0
599.0,529.0
789.0,529.0
868.0,529.0
530.0,48.0
530.0,524.0
553.0,530.0
531.0,54.0
531.0,246.0
531.0,294.0
758.0,531.0
949.0,531.0
532.0,21.0
532.0,154.0
532.0,431.0
533.0,17.0
533.0,299.0
533.0,404.0
533.0,511.0
534.0,191.0
534.0,203.0
534.0,342.0
534.0,354.0
534.0,487.0
658.0,534.0
674.0,534.0
535.0,333.0
656.0,535.0
536.0,509.0
539.0,536.0
827.0,536.0
933.0,536.0
950.0,536.0
537.0,395.0
537.0,468.0
582.0,537.0
646.0,537.0
776.0,537.0
538.0,74.0
538.0,380.0
538.0,451.0
845.0,538.0
893.0,538.0
539.0,243.0
539.0,449.0
539.0,530.0
540.0,539.0
625.0,539.0
937.0,539.0
974.0,539.0
540.0,263.0
540.0,510.0
540.0,521.0
695.0,540.0
723.0,540.0
745.0,540.0
541.0,441.0
541.0,518.0
986.0,541.0
542.0,160.0
542.0,386.0
542.0,536.0
542.0,538.0
558.0,542.0
543.0,153.0
543.0,241.0
543.0,265.0
543.0,361.0
543.0,397.0
543.0,517.0
885.0,543.0
544.0,360.0
639.0,544.0
754.0,544.0
889.0,544.0
898.0,544.0
545.0,221.0
545.0,321.0
545.0,360.0
545.0,428.0
545.0,435.0
704.0,545.0
734.0,545.0
837.0,545.0
546.0,506.0
546.0,515.0
599.0,546.0
636.0,546.0
732.0,546.0
547.0,236.0
547.0,243.0
547.0,376.0
547.0,459.0
548.0,397.0
548.0,439.0
899.0,548.0
549.0,83.0
623.0,549.0
643.0,549.0
920.0,549.0
550.0,269.0
550.0,418.0
559.0,550.0
658.0,550.0
551.0,335.0
639.0,551.0
700.0,551.0
984.0,551.0
552.0,293.0
552.0,520.0
552.0,537.0
558.0,552.0
706.0,552.0
553.0,311.0
553.0,502.0
553.0,524.0
725.0,553.0
959.0,553.0
554.0,45.0
649.0,554.0
971.0,554.0
555.0,106.0
555.0,310.0
555.0,514.0
624.0,555.0
781.0,555.0
556.0,126.0
573.0,556.0
577.0,556.0
624.0,556.0
557.0,17.0
557.0,34.0
557.0,57.0
557.0,80.0
557.0,191.0
680.0,557.0
956.0,557.0
558.0,48.0
558.0,262.0
558.0,345.0
558.0,360.0
558.0,412.0
620.0,558.0
559.0,55.0
559.0,110.0
559.0,150.0
559.0,214.0
559.0,279.0
559.0,327.0
559.0,543.0
636.0,559.0
776.0,559.0
827.0,559.0
892.0,559.0
560.0,32.0
560.0,309.0
560.0,452.0
560.0,475.0
560.0,517.0
560.0,556.0
567.0,560.0
629.0,560.0
561.0,34.0
561.0,69.0
561.0,191.0
561.0,263.0
561.0,471.0
647.0,561.0
832.0,561.0
833.0,561.0
891.0,561.0
562.0,534.0
582.0,562.0
612.0,562.0
833.0,562.0
563.0,324.0
563.0,439.0
693.0,563.0
980.0,563.0
564.0,320.0
564.0,355.0
564.0,398.0
662.0,564.0
669.0,564.0
717.0,564.0
898.0,564.0
565.0,242.0
565.0,531.0
630.0,565.0
688.0,565.0
757.0,565.0
889.0,565.0
566.0,216.0
566.0,303.0
566.0,379.0
566.0,448.0
566.0,453.0
566.0,526.0
625.0,566.0
738.0,566.0
744.0,566.0
567.0,132.0
568.0,18.0
568.0,107.0
568.0,191.0
569.0,171.0
569.0,376.0
569.0,392.0
569.0,531.0
967.0,569.0
570.0,87.0
570.0,126.0
607.0,570.0
621.0,570.0
571.0,10.0
571.0,368.0
571.0,442.0
571.0,520.0
571.0,553.0
572.0,215.0
572.0,484.0
572.0,500.0
677.0,572.0
903.0,572.0
913.0,572.0
573.0,471.0
617.0,573.0
635.0,573.0
804.0,573.0
574.0,16.0
574.0,26.0
574.0,133.0
574.0,412.0
574.0,536.0
616.0,574.0
575.0,103.0
575.0,406.0
575.0,456.0
575.0,522.0
575.0,566.0
576.0,327.0
576.0,331.0
576.0,451.0
990.0,576.0
577.0,70.0
577.0,138.0
577.0,349.0
577.0,408.0
577.0,550.0
670.0,577.0
867.0,577.0
879.0,577.0
966.0,577.0
578.0,53.0
578.0,143.0
578.0,337.0
806.0,578.0
812.0,578.0
579.0,373.0
579.0,389.0
621.0,579.0
835.0,579.0
580.0,122.0
580.0,283.0
580.0,500.0
594.0,580.0
637.0,580.0
654.0,580.0
711.0,580.0
884.0,580.0
581.0,171.0
581.0,268.0
581.0,341.0
581.0,343.0
581.0,554.0
581.0,573.0
666.0,581.0
806.0,581.0
906.0,581.0
582.0,70.0
582.0,257.0
582.0,343.0
582.0,407.0
582.0,413.0
582.0,575.0
607.0,582.0
623.0,582.0
835.0,582.0
583.0,305.0
583.0,499.0
583.0,530.0
588.0,583.0
754.0,583.0
584.0,431.0
584.0,552.0
585.0,231.0
585.0,580.0
656.0,585.0
833.0,585.0
586.0,20.0
586.0,310.0
586.0,412.0
586.0,498.0
586.0,578.0
587.0,103.0
587.0,502.0
610.0,587.0
639.0,587.0
705.0,587.0
754.0,587.0
588.0,119.0
588.0,420.0
588.0,572.0
680.0,588.0
719.0,588.0
762.0,588.0
865.0,588.0
905.0,588.0
932.0,588.0
589.0,241.0
589.0,265.0
589.0,378.0
589.0,468.0
589.0,532.0
599.0,589.0
660.0,589.0
716.0,589.0
893.0,589.0
590.0,198.0
590.0,434.0
747.0,590.0
753.0,590.0
823.0,590.0
970.0,590.0
591.0,223.0
591.0,226.0
629.0,591.0
944.0,591.0
970.0,591.0
592.0,318.0
592.0,375.0
593.0,51.0
593.0,229.0
593.0,398.0
593.0,579.0
668.0,593.0
594.0,230.0
594.0,562.0
594.0,581.0
609.0,594.0
694.0,594.0
595.0,79.0
595.0,279.0
595.0,397.0
595.0,460.0
595.0,573.0
751.0,595.0
596.0,97.0
596.0,355.0
596.0,526.0
596.0,591.0
596.0,594.0
612.0,596.0
920.0,596.0
597.0,24.0
597.0,97.0
597.0,301.0
597.0,335.0
597.0,396.0
794.0,597.0
795.0,597.0
598.0,216.0
598.0,278.0
598.0,391.0
598.0,395.0
848.0,598.0
599.0,391.0
601.0,599.0
697.0,599.0
813.0,599.0
600.0,63.0
600.0,143.0
600.0,262.0
600.0,553.0
717.0,600.0
736.0,600.0
601.0,29.0
601.0,394.0
602.0,241.0
602.0,543.0
602.0,558.0
935.0,602.0
603.0,196.0
603.0,265.0
603.0,588.0
673.0,603.0
695.0,603.0
987.0,603.0
604.0,299.0
621.0,604.0
652.0,604.0
699.0,604.0
812.0,604.0
605.0,39.0
605.0,291.0
605.0,378.0
605.0,380.0
605.0,443.0
605.0,533.0
941.0,605.0
606.0,205.0
606.0,295.0
606.0,472.0
870.0,606.0
946.0,606.0
607.0,556.0
636.0,607.0
663.0,607.0
672.0,607.0
608.0,61.0
608.0,453.0
608.0,467.0
608.0,523.0
608.0,539.0
608.0,563.0
608.0,566.0
865.0,608.0
609.0,68.0
609.0,393.0
609.0,406.0
806.0,609.0
833.0,609.0
610.0,343.0
610.0,361.0
610.0,422.0
610.0,534.0
684.0,610.0
703.0,610.0
812.0,610.0
816.0,610.0
973.0,610.0
611.0,62.0
611.0,75.0
611.0,224.0
611.0,294.0
792.0,611.0
969.0,611.0
612.0,234.0
612.0,322.0
612.0,584.0
612.0,609.0
638.0,612.0
613.0,133.0
613.0,305.0
613.0,320.0
614.0,358.0
614.0,413.0
614.0,415.0
614.0,576.0
781.0,614.0
938.0,614.0
654.0,615.0
700.0,615.0
810.0,615.0
966.0,615.0
616.0,32.0
616.0,42.0
616.0,111.0
616.0,239.0
616.0,268.0
616.0,340.0
616.0,380.0
616.0,428.0
616.0,474.0
616.0,578.0
616.0,592.0
835.0,616.0
887.0,616.0
617.0,184.0
617.0,327.0
618.0,100.0
618.0,293.0
663.0,618.0
745.0,618.0
939.0,618.0
619.0,60.0
619.0,483.0
619.0,546.0
620.0,261.0
620.0,335.0
620.0,613.0
948.0,620.0
963.0,620.0
621.0,542.0
621.0,559.0
622.0,296.0
622.0,362.0
622.0,410.0
622.0,441.0
622.0,587.0
763.0,622.0
844.0,622.0
942.0,622.0
964.0,622.0
980.0,622.0
623.0,94.0
623.0,367.0
623.0,424.0
623.0,436.0
623.0,536.0
647.0,623.0
655.0,623.0
755.0,623.0
810.0,623.0
964.0,623.0
624.0,127.0
624.0,392.0
624.0,459.0
813.0,624.0
625.0,54.0
625.0,481.0
625.0,585.0
625.0,619.0
663.0,625.0
975.0,625.0
626.0,143.0
676.0,626.0
773.0,626.0
815.0,626.0
921.0,626.0
627.0,77.0
627.0,438.0
628.0,29.0
628.0,144.0
628.0,148.0
628.0,366.0
629.0,20.0
629.0,102.0
629.0,158.0
677.0,629.0
630.0,410.0
630.0,569.0
788.0,630.0
998.0,630.0
631.0,22.0
631.0,381.0
631.0,502.0
777.0,631.0
805.0,631.0
632.0,103.0
632.0,239.0
632.0,255.0
632.0,380.0
632.0,490.0
632.0,499.0
632.0,513.0
744.0,632.0
986.0,632.0
954.0,633.0
634.0,367.0
635.0,54.0
635.0,117.0
635.0,385.0
635.0,388.0
635.0,533.0
701.0,635.0
636.0,1.0
636.0,114.0
636.0,301.0
636.0,527.0
636.0,546.0
636.0,608.0
922.0,636.0
980.0,636.0
637.0,533.0
903.0,637.0
638.0,511.0
638.0,607.0
638.0,615.0
887.0,638.0
954.0,638.0
639.0,97.0
800.0,639.0
640.0,5.0
640.0,73.0
640.0,99.0
640.0,140.0
829.0,640.0
926.0,640.0
986.0,640.0
641.0,158.0
641.0,403.0
641.0,490.0
641.0,503.0
896.0,641.0
642.0,33.0
642.0,56.0
642.0,450.0
642.0,461.0
642.0,604.0
662.0,642.0
949.0,642.0
643.0,131.0
643.0,360.0
643.0,371.0
643.0,385.0
643.0,617.0
644.0,66.0
644.0,122.0
644.0,169.0
644.0,333.0
644.0,582.0
802.0,644.0
948.0,644.0
645.0,195.0
645.0,570.0
646.0,0.0
647.0,84.0
647.0,112.0
647.0,127.0
647.0,424.0
647.0,511.0
676.0,647.0
910.0,647.0
648.0,158.0
648.0,415.0
648.0,480.0
820.0,648.0
702.0,649.0
650.0,113.0
650.0,202.0
650.0,315.0
650.0,407.0
650.0,576.0
692.0,650.0
651.0,107.0
651.0,372.0
651.0,516.0
651.0,617.0
693.0,651.0
709.0,651.0
777.0,651.0
970.0,651.0
652.0,269.0
652.0,315.0
652.0,477.0
653.0,269.0
653.0,437.0
665.0,653.0
740.0,653.0
835.0,653.0
654.0,474.0
654.0,573.0
655.0,92.0
655.0,125.0
655.0,169.0
655.0,224.0
655.0,409.0
655.0,624.0
656.0,43.0
656.0,74.0
656.0,358.0
656.0,394.0
656.0,396.0
656.0,594.0
863.0,656.0
657.0,358.0
657.0,474.0
802.0,657.0
984.0,657.0
658.0,610.0
658.0,649.0
750.0,658.0
835.0,658.0
659.0,4.0
659.0,185.0
659.0,207.0
659.0,485.0
659.0,612.0
677.0,659.0
911.0,659.0
930.0,659.0
660.0,387.0
660.0,409.0
660.0,509.0
660.0,559.0
661.0,2.0
661.0,415.0
661.0,536.0
661.0,559.0
717.0,661.0
794.0,661.0
812.0,661.0
919.0,661.0
662.0,414.0
662.0,528.0
662.0,531.0
662.0,546.0
662.0,655.0
994.0,662.0
663.0,131.0
663.0,285.0
663.0,382.0
663.0,456.0
663.0,490.0
664.0,134.0
664.0,202.0
815.0,664.0
665.0,330.0
665.0,450.0
665.0,470.0
665.0,603.0
665.0,607.0
784.0,665.0
666.0,605.0
946.0,666.0
667.0,58.0
689.0,667.0
876.0,667.0
901.0,667.0
668.0,239.0
668.0,270.0
668.0,501.0
744.0,668.0
960.0,668.0
669.0,264.0
669.0,410.0
669.0,453.0
669.0,570.0
669.0,639.0
728.0,669.0
670.0,491.0
775.0,670.0
848.0,670.0
973.0,670.0
982.0,670.0
671.0,174.0
744.0,671.0
800.0,671.0
909.0,671.0
919.0,671.0
929.0,671.0
959.0,671.0
973.0,671.0
672.0,227.0
672.0,422.0
672.0,493.0
672.0,520.0
672.0,559.0
787.0,672.0
890.0,672.0
932.0,672.0
673.0,240.0
673.0,281.0
673.0,475.0
895.0,673.0
674.0,204.0
674.0,258.0
674.0,261.0
674.0,334.0
700.0,674.0
801.0,674.0
675.0,30.0
675.0,202.0
675.0,446.0
676.0,281.0
676.0,291.0
677.0,49.0
677.0,229.0
677.0,237.0
677.0,275.0
677.0,313.0
677.0,475.0
722.0,677.0
802.0,677.0
678.0,308.0
678.0,488.0
678.0,500.0
779.0,678.0
937.0,678.0
959.0,678.0
679.0,32.0
679.0,102.0
679.0,367.0
679.0,436.0
680.0,344.0
680.0,489.0
680.0,562.0
800.0,680.0
681.0,146.0
681.0,384.0
681.0,666.0
697.0,681.0
728.0,681.0
961.0,681.0
682.0,68.0
682.0,210.0
682.0,244.0
683.0,257.0
683.0,574.0
698.0,683.0
719.0,683.0
874.0,683.0
684.0,12.0
684.0,107.0
684.0,129.0
684.0,141.0
684.0,366.0
685.0,26.0
853.0,685.0
884.0,685.0
942.0,685.0
686.0,42.0
686.0,298.0
686.0,417.0
686.0,467.0
686.0,675.0
693.0,686.0
748.0,686.0
757.0,686.0
888.0,686.0
687.0,215.0
687.0,677.0
774.0,687.0
943.0,687.0
688.0,173.0
698.0,688.0
723.0,688.0
972.0,688.0
689.0,670.0
744.0,689.0
690.0,158.0
690.0,215.0
690.0,333.0
690.0,575.0
690.0,594.0
731.0,690.0
691.0,320.0
691.0,517.0
691.0,563.0
691.0,571.0
745.0,691.0
692.0,9.0
692.0,93.0
692.0,404.0
692.0,547.0
722.0,692.0
810.0,692.0
907.0,692.0
693.0,0.0
694.0,102.0
694.0,471.0
957.0,694.0
695.0,115.0
695.0,172.0
695.0,303.0
830.0,695.0
696.0,355.0
696.0,516.0
696.0,573.0
697.0,326.0
697.0,489.0
697.0,694.0
701.0,697.0
955.0,697.0
698.0,22.0
698.0,84.0
698.0,247.0
698.0,447.0
698.0,478.0
746.0,698.0
842.0,698.0
857.0,698.0
699.0,37.0
699.0,694.0
791.0,699.0
821.0,699.0
700.0,55.0
700.0,529.0
701.0,219.0
701.0,391.0
830.0,701.0
980.0,701.0
702.0,323.0
702.0,412.0
703.0,227.0
703.0,450.0
703.0,562.0
761.0,703.0
784.0,703.0
915.0,703.0
704.0,156.0
704.0,384.0
704.0,674.0
722.0,704.0
705.0,313.0
705.0,531.0
964.0,705.0
706.0,146.0
706.0,199.0
755.0,706.0
707.0,138.0
744.0,707.0
708.0,390.0
709.0,518.0
709.0,546.0
709.0,694.0
711.0,709.0
828.0,709.0
851.0,709.0
997.0,709.0
710.0,165.0
710.0,591.0
710.0,706.0
773.0,710.0
780.0,710.0
855.0,710.0
872.0,710.0
711.0,135.0
711.0,373.0
972.0,711.0
712.0,173.0
712.0,322.0
712.0,652.0
712.0,695.0
724.0,712.0
713.0,148.0
713.0,150.0
713.0,424.0
713.0,465.0
713.0,624.0
713.0,635.0
713.0,697.0
970.0,713.0
714.0,332.0
830.0,714.0
965.0,714.0
715.0,491.0
869.0,715.0
716.0,264.0
716.0,351.0
716.0,383.0
716.0,645.0
717.0,700.0
758.0,717.0
770.0,717.0
972.0,717.0
990.0,717.0
718.0,407.0
761.0,718.0
781.0,718.0
812.0,718.0
915.0,718.0
719.0,184.0
719.0,371.0
719.0,480.0
719.0,518.0
719.0,619.0
719.0,661.0
722.0,719.0
736.0,719.0
782.0,719.0
720.0,17.0
720.0,180.0
720.0,352.0
769.0,720.0
975.0,720.0
721.0,52.0
721.0,113.0
721.0,320.0
721.0,550.0
815.0,721.0
829.0,721.0
722.0,63.0
722.0,325.0
722.0,590.0
722.0,607.0
722.0,721.0
752.0,722.0
898.0,722.0
723.0,246.0
723.0,298.0
723.0,708.0
829.0,723.0
724.0,276.0
724.0,380.0
724.0,396.0
724.0,703.0
724.0,704.0
895.0,724.0
942.0,724.0
958.0,724.0
725.0,340.0
725.0,641.0
725.0,722.0
726.0,389.0
768.0,726.0
823.0,726.0
958.0,726.0
727.0,313.0
727.0,459.0
867.0,727.0
728.0,106.0
728.0,330.0
728.0,575.0
728.0,645.0
817.0,728.0
841.0,728.0
848.0,728.0
793.0,729.0
820.0,729.0
849.0,729.0
925.0,729.0
730.0,575.0
885.0,730.0
731.0,95.0
731.0,299.0
755.0,731.0
732.0,104.0
732.0,292.0
732.0,313.0
732.0,413.0
765.0,732.0
904.0,732.0
733.0,153.0
733.0,221.0
733.0,263.0
733.0,415.0
733.0,445.0
733.0,535.0
947.0,733.0
734.0,260.0
734.0,453.0
734.0,520.0
735.0,76.0
735.0,542.0
735.0,696.0
735.0,714.0
807.0,735.0
820.0,735.0
846.0,735.0
736.0,121.0
736.0,673.0
973.0,736.0
997.0,736.0
737.0,7.0
737.0,30.0
737.0,458.0
738.0,469.0
738.0,682.0
738.0,713.0
738.0,717.0
741.0,739.0
916.0,739.0
968.0,739.0
998.0,739.0
740.0,114.0
740.0,245.0
740.0,587.0
740.0,702.0
868.0,740.0
910.0,740.0
957.0,740.0
741.0,71.0
741.0,147.0
741.0,423.0
741.0,494.0
741.0,650.0
782.0,741.0
827.0,741.0
857.0,741.0
884.0,741.0
742.0,11.0
742.0,116.0
742.0,262.0
742.0,351.0
742.0,402.0
742.0,628.0
742.0,737.0
833.0,742.0
743.0,427.0
825.0,744.0
929.0,744.0
987.0,744.0
745.0,46.0
745.0,63.0
745.0,149.0
745.0,268.0
745.0,410.0
745.0,479.0
746.0,181.0
746.0,301.0
746.0,534.0
746.0,565.0
836.0,746.0
859.0,746.0
864.0,746.0
747.0,4.0
747.0,18.0
747.0,557.0
747.0,681.0
747.0,687.0
854.0,747.0
748.0,0.0
749.0,129.0
749.0,247.0
749.0,476.0
750.0,668.0
826.0,750.0
851.0,750.0
751.0,213.0
751.0,461.0
752.0,304.0
752.0,336.0
752.0,456.0
752.0,501.0
752.0,517.0
752.0,618.0
752.0,650.0
752.0,714.0
871.0,752.0
942.0,752.0
753.0,114.0
753.0,202.0
753.0,418.0
765.0,753.0
841.0,753.0
903.0,753.0
909.0,753.0
754.0,354.0
754.0,431.0
755.0,370.0
755.0,387.0
755.0,644.0
756.0,4.0
756.0,330.0
757.0,145.0
757.0,177.0
757.0,244.0
757.0,631.0
757.0,670.0
757.0,675.0
946.0,757.0
758.0,42.0
758.0,541.0
974.0,758.0
759.0,25.0
759.0,151.0
759.0,619.0
986.0,759.0
760.0,483.0
761.0,134.0
761.0,224.0
761.0,229.0
761.0,275.0
761.0,471.0
761.0,623.0
805.0,761.0
938.0,761.0
762.0,80.0
762.0,83.0
877.0,762.0
942.0,762.0
948.0,762.0
763.0,296.0
763.0,320.0
763.0,521.0
763.0,547.0
763.0,755.0
763.0,757.0
764.0,57.0
764.0,688.0
764.0,731.0
764.0,762.0
765.0,118.0
765.0,470.0
765.0,563.0
765.0,633.0
765.0,701.0
765.0,708.0
766.0,495.0
766.0,603.0
766.0,621.0
766.0,680.0
766.0,706.0
842.0,766.0
975.0,766.0
767.0,68.0
767.0,183.0
767.0,498.0
907.0,767.0
768.0,561.0
768.0,580.0
898.0,768.0
769.0,21.0
769.0,107.0
769.0,299.0
769.0,300.0
769.0,681.0
769.0,763.0
820.0,769.0
770.0,70.0
770.0,525.0
770.0,606.0
770.0,729.0
863.0,770.0
932.0,770.0
771.0,319.0
771.0,491.0
787.0,771.0
772.0,366.0
772.0,477.0
772.0,693.0
950.0,772.0
968.0,772.0
773.0,40.0
773.0,142.0
773.0,330.0
773.0,565.0
774.0,88.0
774.0,103.0
774.0,180.0
774.0,591.0
774.0,703.0
784.0,774.0
884.0,774.0
775.0,223.0
775.0,671.0
775.0,683.0
775.0,697.0
863.0,775.0
898.0,775.0
776.0,231.0
776.0,770.0
777.0,38.0
777.0,279.0
981.0,777.0
778.0,178.0
778.0,325.0
778.0,567.0
985.0,778.0
779.0,22.0
779.0,391.0
779.0,396.0
779.0,562.0
821.0,779.0
780.0,330.0
780.0,435.0
780.0,482.0
780.0,564.0
780.0,733.0
780.0,768.0
798.0,780.0
995.0,780.0
781.0,281.0
781.0,466.0
782.0,400.0
782.0,723.0
797.0,782.0
783.0,64.0
783.0,365.0
783.0,411.0
783.0,774.0
784.0,9.0
784.0,304.0
784.0,461.0
784.0,582.0
784.0,629.0
784.0,676.0
785.0,83.0
785.0,110.0
785.0,143.0
785.0,669.0
972.0,785.0
786.0,264.0
786.0,287.0
786.0,480.0
786.0,654.0
786.0,668.0
786.0,713.0
830.0,786.0
949.0,786.0
787.0,63.0
801.0,787.0
880.0,787.0
788.0,530.0
788.0,611.0
788.0,645.0
885.0,788.0
961.0,788.0
789.0,20.0
789.0,329.0
809.0,789.0
790.0,347.0
790.0,609.0
791.0,114.0
791.0,583.0
791.0,695.0
948.0,791.0
792.0,3.0
792.0,377.0
792.0,626.0
813.0,792.0
857.0,792.0
793.0,80.0
793.0,97.0
793.0,184.0
793.0,464.0
794.0,74.0
794.0,328.0
794.0,753.0
828.0,794.0
938.0,794.0
795.0,585.0
795.0,671.0
796.0,10.0
796.0,25.0
796.0,635.0
796.0,638.0
796.0,702.0
921.0,796.0
797.0,20.0
797.0,433.0
797.0,766.0
797.0,781.0
810.0,797.0
830.0,797.0
798.0,46.0
798.0,638.0
798.0,732.0
798.0,744.0
957.0,798.0
981.0,798.0
799.0,15.0
799.0,399.0
800.0,168.0
800.0,171.0
800.0,434.0
800.0,438.0
841.0,800.0
848.0,800.0
873.0,800.0
801.0,0.0
801.0,56.0
801.0,159.0
801.0,659.0
801.0,756.0
898.0,801.0
802.0,709.0
820.0,802.0
803.0,76.0
803.0,139.0
803.0,420.0
803.0,446.0
803.0,659.0
804.0,183.0
804.0,319.0
804.0,383.0
804.0,418.0
845.0,804.0
849.0,804.0
805.0,29.0
805.0,791.0
834.0,805.0
964.0,805.0
806.0,632.0
825.0,806.0
807.0,253.0
807.0,306.0
807.0,366.0
807.0,763.0
808.0,383.0
808.0,502.0
808.0,574.0
808.0,758.0
809.0,69.0
809.0,124.0
809.0,618.0
809.0,680.0
887.0,809.0
927.0,809.0
810.0,84.0
810.0,509.0
810.0,568.0
810.0,582.0
810.0,631.0
842.0,811.0
895.0,811.0
812.0,546.0
907.0,812.0
916.0,812.0
813.0,44.0
813.0,433.0
813.0,720.0
891.0,813.0
814.0,12.0
814.0,57.0
814.0,457.0
944.0,814.0
815.0,28.0
815.0,148.0
815.0,529.0
815.0,799.0
816.0,713.0
816.0,725.0
816.0,793.0
839.0,816.0
817.0,145.0
817.0,437.0
818.0,7.0
818.0,156.0
818.0,503.0
818.0,688.0
819.0,115.0
819.0,337.0
820.0,49.0
820.0,54.0
820.0,71.0
820.0,122.0
820.0,247.0
820.0,258.0
820.0,296.0
820.0,333.0
820.0,764.0
821.0,155.0
821.0,467.0
874.0,821.0
925.0,821.0
936.0,821.0
822.0,109.0
972.0,822.0
823.0,263.0
823.0,310.0
823.0,313.0
823.0,556.0
839.0,823.0
914.0,823.0
931.0,823.0
824.0,720.0
881.0,824.0
825.0,469.0
825.0,700.0
848.0,825.0
915.0,825.0
826.0,78.0
826.0,285.0
826.0,613.0
826.0,702.0
826.0,711.0
826.0,773.0
865.0,826.0
998.0,826.0
827.0,362.0
827.0,365.0
827.0,794.0
827.0,807.0
893.0,827.0
828.0,315.0
828.0,707.0
828.0,716.0
877.0,828.0
918.0,828.0
829.0,122.0
829.0,222.0
829.0,529.0
830.0,206.0
830.0,211.0
830.0,282.0
830.0,539.0
951.0,830.0
831.0,26.0
831.0,27.0
831.0,704.0
831.0,822.0
906.0,831.0
942.0,831.0
974.0,831.0
832.0,0.0
833.0,31.0
833.0,153.0
833.0,426.0
833.0,454.0
833.0,607.0
833.0,747.0
874.0,833.0
912.0,833.0
919.0,833.0
922.0,833.0
943.0,833.0
834.0,209.0
834.0,536.0
834.0,646.0
834.0,758.0
834.0,759.0
834.0,822.0
982.0,834.0
835.0,31.0
835.0,54.0
835.0,107.0
835.0,287.0
835.0,578.0
836.0,702.0
836.0,703.0
836.0,742.0
837.0,186.0
837.0,605.0
837.0,718.0
838.0,49.0
838.0,121.0
838.0,190.0
838.0,464.0
860.0,838.0
839.0,611.0
839.0,624.0
839.0,653.0
978.0,839.0
840.0,404.0
840.0,591.0
841.0,41.0
841.0,136.0
841.0,506.0
841.0,550.0
857.0,841.0
842.0,173.0
842.0,290.0
842.0,432.0
842.0,499.0
842.0,793.0
843.0,38.0
843.0,39.0
843.0,82.0
843.0,234.0
843.0,412.0
843.0,549.0
843.0,821.0
883.0,843.0
844.0,402.0
844.0,466.0
844.0,695.0
846.0,844.0
979.0,844.0
845.0,556.0
941.0,845.0
944.0,845.0
846.0,243.0
846.0,439.0
846.0,471.0
846.0,506.0
846.0,841.0
847.0,200.0
847.0,677.0
862.0,847.0
848.0,49.0
848.0,85.0
848.0,252.0
848.0,430.0
881.0,848.0
849.0,193.0
849.0,454.0
849.0,630.0
849.0,646.0
849.0,686.0
849.0,738.0
853.0,849.0
864.0,849.0
890.0,849.0
962.0,849.0
850.0,820.0
851.0,606.0
851.0,807.0
935.0,851.0
852.0,127.0
852.0,188.0
852.0,345.0
852.0,476.0
852.0,609.0
852.0,659.0
852.0,767.0
852.0,820.0
853.0,110.0
853.0,122.0
853.0,424.0
922.0,853.0
940.0,853.0
854.0,10.0
854.0,283.0
854.0,305.0
854.0,610.0
854.0,749.0
855.0,854.0
919.0,854.0
930.0,854.0
855.0,713.0
855.0,737.0
855.0,821.0
916.0,855.0
856.0,291.0
856.0,595.0
856.0,639.0
857.0,88.0
857.0,134.0
857.0,336.0
942.0,857.0
950.0,857.0
858.0,140.0
858.0,144.0
858.0,796.0
861.0,858.0
896.0,858.0
859.0,534.0
859.0,675.0
859.0,828.0
860.0,333.0
860.0,355.0
916.0,860.0
861.0,66.0
861.0,358.0
861.0,374.0
861.0,749.0
912.0,861.0
862.0,58.0
862.0,135.0
862.0,179.0
862.0,240.0
862.0,572.0
948.0,862.0
863.0,521.0
963.0,863.0
864.0,81.0
864.0,502.0
864.0,750.0
879.0,864.0
865.0,803.0
944.0,865.0
866.0,103.0
866.0,107.0
866.0,389.0
866.0,746.0
866.0,820.0
866.0,844.0
916.0,866.0
867.0,176.0
867.0,543.0
867.0,564.0
867.0,619.0
867.0,722.0
867.0,765.0
867.0,833.0
934.0,867.0
945.0,867.0
868.0,115.0
868.0,481.0
868.0,549.0
868.0,677.0
868.0,844.0
936.0,868.0
869.0,290.0
869.0,481.0
869.0,801.0
869.0,813.0
869.0,834.0
870.0,220.0
870.0,435.0
870.0,458.0
870.0,837.0
978.0,870.0
871.0,143.0
871.0,394.0
871.0,416.0
871.0,676.0
883.0,871.0
872.0,45.0
872.0,182.0
872.0,487.0
872.0,765.0
873.0,95.0
873.0,162.0
873.0,166.0
873.0,293.0
873.0,447.0
873.0,457.0
873.0,587.0
965.0,873.0
874.0,345.0
874.0,374.0
874.0,431.0
874.0,584.0
874.0,653.0
875.0,146.0
875.0,439.0
875.0,482.0
875.0,492.0
875.0,617.0
875.0,661.0
876.0,0.0
877.0,587.0
877.0,703.0
877.0,739.0
895.0,877.0
878.0,85.0
878.0,192.0
878.0,336.0
878.0,454.0
938.0,878.0
879.0,838.0
956.0,879.0
880.0,440.0
880.0,449.0
880.0,563.0
880.0,565.0
880.0,659.0
880.0,769.0
880.0,818.0
881.0,166.0
881.0,172.0
881.0,201.0
881.0,264.0
881.0,474.0
881.0,515.0
881.0,608.0
881.0,796.0
881.0,854.0
932.0,881.0
975.0,881.0
882.0,843.0
948.0,882.0
883.0,136.0
883.0,176.0
981.0,883.0
884.0,191.0
884.0,411.0
884.0,690.0
922.0,884.0
998.0,884.0
885.0,84.0
885.0,391.0
885.0,509.0
885.0,808.0
886.0,112.0
886.0,319.0
886.0,546.0
886.0,620.0
886.0,842.0
928.0,886.0
887.0,459.0
887.0,665.0
887.0,854.0
996.0,887.0
888.0,4.0
888.0,235.0
888.0,269.0
888.0,379.0
888.0,408.0
888.0,451.0
888.0,557.0
915.0,888.0
889.0,519.0
889.0,785.0
890.0,211.0
890.0,288.0
890.0,723.0
890.0,775.0
890.0,855.0
891.0,832.0
892.0,891.0
963.0,891.0
892.0,185.0
892.0,238.0
892.0,722.0
892.0,826.0
892.0,865.0
893.0,213.0
893.0,320.0
893.0,506.0
893.0,801.0
893.0,846.0
914.0,893.0
894.0,28.0
894.0,59.0
894.0,346.0
894.0,611.0
894.0,679.0
894.0,859.0
895.0,75.0
895.0,97.0
895.0,105.0
895.0,341.0
895.0,411.0
895.0,489.0
895.0,682.0
895.0,758.0
895.0,775.0
895.0,883.0
896.0,558.0
958.0,896.0
897.0,52.0
897.0,298.0
897.0,449.0
897.0,808.0
897.0,832.0
898.0,400.0
898.0,408.0
898.0,414.0
898.0,571.0
899.0,15.0
899.0,364.0
899.0,819.0
899.0,890.0
956.0,899.0
900.0,132.0
900.0,473.0
900.0,748.0
900.0,833.0
938.0,900.0
901.0,128.0
901.0,733.0
902.0,134.0
902.0,404.0
902.0,779.0
902.0,804.0
902.0,856.0
902.0,880.0
903.0,403.0
903.0,428.0
903.0,584.0
903.0,637.0
903.0,643.0
903.0,645.0
903.0,740.0
903.0,747.0
927.0,903.0
992.0,903.0
904.0,316.0
904.0,828.0
972.0,904.0
905.0,172.0
905.0,437.0
905.0,481.0
905.0,762.0
906.0,54.0
906.0,508.0
906.0,735.0
906.0,737.0
906.0,762.0
906.0,765.0
906.0,870.0
942.0,906.0
965.0,906.0
907.0,34.0
907.0,264.0
907.0,801.0
907.0,903.0
908.0,11.0
908.0,122.0
908.0,184.0
908.0,230.0
908.0,783.0
994.0,908.0
909.0,220.0
909.0,795.0
909.0,863.0
910.0,202.0
910.0,506.0
910.0,511.0
910.0,623.0
910.0,728.0
910.0,860.0
910.0,867.0
953.0,910.0
911.0,175.0
911.0,233.0
911.0,457.0
911.0,722.0
911.0,907.0
938.0,911.0
945.0,911.0
912.0,688.0
913.0,875.0
941.0,913.0
914.0,48.0
914.0,83.0
914.0,124.0
914.0,193.0
914.0,360.0
914.0,620.0
914.0,901.0
991.0,914.0
915.0,34.0
915.0,216.0
915.0,263.0
915.0,499.0
915.0,580.0
915.0,801.0
963.0,915.0
916.0,759.0
916.0,825.0
916.0,881.0
928.0,916.0
941.0,916.0
917.0,377.0
917.0,457.0
917.0,459.0
917.0,786.0
967.0,917.0
992.0,917.0
918.0,152.0
918.0,407.0
918.0,408.0
918.0,460.0
918.0,694.0
998.0,918.0
919.0,894.0
920.0,21.0
920.0,320.0
920.0,354.0
920.0,582.0
927.0,920.0
921.0,449.0
921.0,482.0
921.0,579.0
921.0,598.0
936.0,921.0
976.0,921.0
922.0,100.0
922.0,176.0
922.0,190.0
922.0,284.0
922.0,494.0
922.0,620.0
922.0,668.0
922.0,741.0
922.0,757.0
922.0,781.0
922.0,843.0
923.0,94.0
923.0,510.0
923.0,564.0
923.0,722.0
924.0,352.0
924.0,403.0
924.0,680.0
924.0,689.0
924.0,744.0
925.0,500.0
925.0,620.0
925.0,653.0
926.0,431.0
926.0,675.0
926.0,907.0
926.0,912.0
997.0,926.0
927.0,27.0
927.0,73.0
927.0,382.0
927.0,454.0
927.0,470.0
927.0,602.0
927.0,707.0
927.0,762.0
928.0,174.0
928.0,245.0
928.0,541.0
928.0,563.0
928.0,587.0
928.0,738.0
928.0,800.0
928.0,897.0
941.0,928.0
929.0,109.0
929.0,267.0
929.0,373.0
929.0,438.0
930.0,65.0
930.0,260.0
930.0,426.0
930.0,925.0
931.0,216.0
931.0,435.0
931.0,526.0
931.0,595.0
931.0,796.0
931.0,922.0
977.0,931.0
996.0,931.0
932.0,639.0
932.0,646.0
947.0,932.0
964.0,933.0
994.0,933.0
934.0,34.0
934.0,91.0
934.0,434.0
935.0,465.0
935.0,907.0
936.0,271.0
936.0,606.0
936.0,856.0
936.0,863.0
937.0,716.0
938.0,274.0
938.0,562.0
938.0,644.0
938.0,703.0
938.0,718.0
938.0,867.0
990.0,938.0
939.0,78.0
939.0,98.0
939.0,858.0
940.0,86.0
940.0,195.0
940.0,286.0
940.0,349.0
940.0,467.0
940.0,533.0
940.0,598.0
940.0,601.0
940.0,905.0
941.0,0.0
942.0,332.0
942.0,828.0
943.0,258.0
943.0,340.0
943.0,609.0
943.0,698.0
943.0,740.0
944.0,374.0
944.0,697.0
944.0,753.0
944.0,760.0
944.0,899.0
945.0,5.0
945.0,321.0
945.0,383.0
945.0,525.0
945.0,744.0
946.0,43.0
946.0,102.0
946.0,131.0
947.0,243.0
947.0,309.0
947.0,351.0
947.0,738.0
947.0,810.0
947.0,837.0
995.0,947.0
948.0,306.0
948.0,796.0
948.0,857.0
948.0,893.0
948.0,903.0
957.0,948.0
949.0,286.0
949.0,876.0
949.0,905.0
950.0,84.0
950.0,635.0
950.0,766.0
950.0,877.0
964.0,950.0
951.0,215.0
951.0,417.0
951.0,458.0
951.0,504.0
951.0,627.0
975.0,951.0
952.0,259.0
952.0,384.0
952.0,436.0
952.0,572.0
952.0,579.0
952.0,710.0
952.0,918.0
953.0,10.0
953.0,65.0
953.0,77.0
953.0,270.0
953.0,343.0
953.0,742.0
953.0,860.0
954.0,33.0
954.0,55.0
954.0,292.0
954.0,370.0
954.0,529.0
954.0,833.0
954.0,865.0
955.0,692.0
955.0,760.0
955.0,799.0
956.0,126.0
956.0,264.0
956.0,376.0
956.0,392.0
956.0,499.0
956.0,580.0
956.0,620.0
956.0,676.0
956.0,715.0
957.0,373.0
957.0,440.0
957.0,445.0
957.0,791.0
957.0,910.0
957.0,925.0
957.0,940.0
958.0,334.0
958.0,670.0
959.0,223.0
959.0,516.0
959.0,706.0
996.0,959.0
960.0,13.0
960.0,14.0
960.0,126.0
960.0,136.0
960.0,161.0
960.0,606.0
960.0,704.0
960.0,932.0
960.0,949.0
961.0,498.0
961.0,667.0
961.0,753.0
961.0,785.0
961.0,839.0
961.0,843.0
962.0,228.0
962.0,241.0
962.0,253.0
962.0,276.0
962.0,823.0
962.0,851.0
963.0,26.0
963.0,41.0
963.0,83.0
963.0,387.0
963.0,583.0
963.0,623.0
963.0,686.0
963.0,942.0
964.0,9.0
964.0,30.0
964.0,45.0
964.0,48.0
964.0,312.0
964.0,629.0
964.0,859.0
964.0,956.0
965.0,114.0
965.0,469.0
965.0,892.0
966.0,35.0
966.0,430.0
966.0,860.0
967.0,503.0
967.0,631.0
968.0,129.0
968.0,198.0
968.0,253.0
968.0,486.0
968.0,907.0
969.0,121.0
969.0,405.0
969.0,460.0
969.0,840.0
979.0,969.0
970.0,95.0
970.0,423.0
970.0,706.0
970.0,854.0
971.0,62.0
971.0,292.0
971.0,364.0
971.0,426.0
971.0,860.0
972.0,69.0
972.0,117.0
972.0,216.0
972.0,268.0
972.0,294.0
972.0,358.0
972.0,393.0
972.0,425.0
972.0,565.0
972.0,611.0
972.0,898.0
973.0,363.0
973.0,668.0
973.0,873.0
973.0,874.0
974.0,272.0
974.0,343.0
974.0,456.0
974.0,561.0
974.0,915.0
975.0,135.0
975.0,251.0
975.0,398.0
975.0,452.0
975.0,683.0
975.0,764.0
976.0,161.0
976.0,248.0
976.0,543.0
976.0,799.0
976.0,880.0
991.0,976.0
977.0,0.0
978.0,21.0
978.0,144.0
978.0,213.0
978.0,226.0
978.0,318.0
978.0,406.0
978.0,667.0
978.0,819.0
979.0,978.0
981.0,978.0
979.0,50.0
979.0,527.0
979.0,647.0
979.0,778.0
980.0,125.0
980.0,512.0
980.0,529.0
980.0,645.0
992.0,980.0
981.0,30.0
981.0,36.0
981.0,405.0
981.0,530.0
981.0,545.0
981.0,757.0
981.0,810.0
982.0,71.0
982.0,139.0
982.0,196.0
982.0,288.0
982.0,678.0
983.0,399.0
983.0,748.0
984.0,983.0
984.0,21.0
984.0,918.0
985.0,28.0
985.0,308.0
985.0,450.0
985.0,767.0
985.0,894.0
998.0,985.0
986.0,537.0
986.0,926.0
987.0,72.0
987.0,676.0
988.0,33.0
988.0,51.0
988.0,161.0
988.0,191.0
988.0,222.0
988.0,464.0
988.0,661.0
988.0,733.0
988.0,767.0
989.0,124.0
989.0,542.0
989.0,665.0
990.0,212.0
990.0,231.0
990.0,670.0
990.0,865.0
991.0,83.0
991.0,157.0
991.0,161.0
991.0,454.0
991.0,738.0
991.0,989.0
992.0,37.0
992.0,305.0
992.0,796.0
992.0,881.0
993.0,41.0
993.0,234.0
993.0,304.0
993.0,488.0
993.0,699.0
994.0,307.0
994.0,367.0
995.0,12.0
995.0,275.0
995.0,429.0
995.0,538.0
995.0,760.0
995.0,831.0
996.0,163.0
996.0,481.0
996.0,636.0
996.0,642.0
996.0,679.0
996.0,764.0
996.0,865.0
997.0,176.0
997.0,280.0
997.0,974.0
998.0,280.0
998.0,680.0
998.0,775.0
998.0,824.0
999.0,13.0
999.0,88.0
999.0,775.0
999.0,843.0
0.0,6.0
0.0,698.0
0.0,823.0
1.0,9.0
1.0,81.0
1.0,309.0
1.0,511.0
1.0,917.0
2.0,90.0
2.0,180.0
2.0,182.0
2.0,249.0
2.0,413.0
2.0,685.0
3.0,221.0
3.0,529.0
3.0,542.0
3.0,579.0
3.0,696.0
3.0,889.0
3.0,973.0
3.0,999.0
4.0,47.0
4.0,367.0
4.0,418.0
4.0,776.0
4.0,935.0
5.0,137.0
5.0,394.0
5.0,893.0
6.0,20.0
6.0,83.0
6.0,363.0
6.0,580.0
6.0,918.0
6.0,966.0
7.0,687.0
7.0,781.0
7.0,837.0
7.0,894.0
7.0,981.0
8.0,138.0
8.0,377.0
9.0,57.0
9.0,74.0
9.0,212.0
9.0,272.0
9.0,331.0
9.0,401.0
10.0,228.0
10.0,293.0
10.0,422.0
10.0,444.0
10.0,555.0
10.0,860.0
11.0,190.0
11.0,380.0
11.0,484.0
11.0,536.0
12.0,54.0
12.0,681.0
13.0,244.0
13.0,333.0
13.0,867.0
13.0,956.0
14.0,26.0
14.0,620.0
15.0,44.0
15.0,134.0
15.0,172.0
15.0,303.0
15.0,735.0
15.0,930.0
16.0,259.0
16.0,524.0
16.0,595.0
16.0,797.0
17.0,132.0
17.0,192.0
17.0,230.0
17.0,294.0
17.0,874.0
17.0,900.0
18.0,28.0
18.0,45.0
18.0,101.0
18.0,647.0
18.0,722.0
19.0,81.0
19.0,455.0
19.0,653.0
19.0,726.0
19.0,782.0
19.0,787.0
20.0,230.0
20.0,634.0
20.0,943.0
20.0,951.0
21.0,180.0
21.0,268.0
21.0,297.0
21.0,670.0
22.0,250.0
22.0,543.0
22.0,736.0
23.0,751.0
23.0,914.0
24.0,527.0
24.0,824.0
25.0,157.0
25.0,309.0
25.0,322.0
26.0,305.0
26.0,483.0
26.0,611.0
26.0,748.0
26.0,757.0
26.0,920.0
27.0,487.0
27.0,983.0
28.0,214.0
28.0,407.0
28.0,435.0
28.0,813.0
4.0,29.0
29.0,311.0
29.0,745.0
29.0,823.0
30.0,167.0
30.0,211.0
30.0,212.0
30.0,292.0
30.0,370.0
30.0,454.0
30.0,525.0
30.0,646.0
30.0,935.0
30.0,976.0
31.0,74.0
31.0,109.0
31.0,174.0
31.0,330.0
31.0,399.0
31.0,645.0
31.0,898.0
31.0,901.0
9.0,32.0
32.0,199.0
32.0,275.0
32.0,619.0
33.0,546.0
33.0,818.0
28.0,34.0
34.0,334.0
34.0,758.0
34.0,836.0
34.0,874.0
34.0,935.0
34.0,994.0
35.0,462.0
35.0,614.0
36.0,144.0
36.0,245.0
36.0,289.0
36.0,480.0
36.0,500.0
37.0,107.0
37.0,206.0
37.0,852.0
3.0,38.0
38.0,53.0
38.0,293.0
38.0,296.0
38.0,305.0
38.0,315.0
38.0,754.0
39.0,135.0
39.0,311.0
39.0,863.0
40.0,80.0
40.0,113.0
40.0,289.0
40.0,294.0
40.0,783.0
25.0,41.0
41.0,212.0
41.0,244.0
41.0,593.0
42.0,859.0
14.0,43.0
43.0,207.0
43.0,272.0
43.0,344.0
43.0,453.0
43.0,703.0
32.0,44.0
44.0,116.0
44.0,214.0
44.0,222.0
44.0,376.0
44.0,441.0
44.0,453.0
44.0,702.0
45.0,99.0
45.0,171.0
45.0,217.0
46.0,326.0
46.0,394.0
46.0,722.0
46.0,913.0
46.0,947.0
46.0,955.0
47.0,64.0
47.0,150.0
47.0,208.0
47.0,214.0
47.0,391.0
47.0,769.0
1.0,48.0
28.0,48.0
43.0,48.0
48.0,608.0
48.0,748.0
49.0,337.0
49.0,380.0
49.0,765.0
49.0,819.0
49.0,928.0
50.0,222.0
50.0,227.0
50.0,552.0
50.0,721.0
50.0,746.0
51.0,271.0
51.0,774.0
51.0,783.0
51.0,935.0
52.0,272.0
52.0,357.0
52.0,407.0
52.0,671.0
52.0,679.0
52.0,737.0
52.0,909.0
53.0,173.0
53.0,312.0
53.0,348.0
54.0,268.0
54.0,451.0
54.0,939.0
54.0,990.0
55.0,58.0
55.0,89.0
55.0,617.0
56.0,80.0
56.0,109.0
56.0,440.0
57.0,143.0
57.0,151.0
57.0,925.0
38.0,58.0
58.0,230.0
58.0,378.0
58.0,422.0
58.0,475.0
58.0,946.0
59.0,245.0
59.0,438.0
59.0,511.0
59.0,537.0
59.0,714.0
59.0,725.0
59.0,735.0
59.0,892.0
60.0,260.0
60.0,368.0
60.0,387.0
60.0,448.0
60.0,516.0
61.0,633.0
62.0,305.0
62.0,793.0
62.0,969.0
29.0,63.0
63.0,83.0
63.0,161.0
63.0,169.0
63.0,239.0
63.0,247.0
63.0,310.0
63.0,945.0
64.0,100.0
64.0,143.0
64.0,144.0
64.0,229.0
64.0,741.0
64.0,865.0
64.0,872.0
64.0,894.0
64.0,897.0
65.0,111.0
65.0,260.0
65.0,639.0
65.0,893.0
66.0,517.0
66.0,551.0
66.0,587.0
66.0,680.0
66.0,803.0
66.0,810.0
67.0,123.0
67.0,154.0
67.0,282.0
67.0,292.0
67.0,333.0
67.0,449.0
67.0,653.0
22.0,68.0
56.0,68.0
68.0,728.0
68.0,757.0
68.0,832.0
69.0,76.0
69.0,98.0
69.0,126.0
69.0,261.0
69.0,389.0
69.0,410.0
69.0,774.0
32.0,70.0
70.0,102.0
70.0,159.0
70.0,217.0
70.0,302.0
70.0,326.0
70.0,447.0
70.0,893.0
71.0,157.0
71.0,181.0
71.0,365.0
71.0,431.0
71.0,485.0
71.0,570.0
71.0,662.0
71.0,805.0
71.0,914.0
45.0,72.0
72.0,81.0
72.0,289.0
72.0,293.0
72.0,611.0
72.0,750.0
73.0,297.0
73.0,541.0
73.0,597.0
10.0,74.0
74.0,103.0
74.0,881.0
74.0,933.0
75.0,231.0
75.0,613.0
75.0,885.0
76.0,123.0
76.0,355.0
76.0,485.0
76.0,866.0
76.0,932.0
2.0,77.0
77.0,654.0
78.0,111.0
78.0,549.0
78.0,752.0
78.0,945.0
79.0,208.0
79.0,692.0
79.0,942.0
80.0,133.0
80.0,276.0
80.0,682.0
80.0,924.0
81.0,164.0
81.0,387.0
81.0,607.0
81.0,740.0
81.0,810.0
19.0,82.0
82.0,447.0
82.0,499.0
82.0,531.0
19.0,83.0
83.0,186.0
83.0,188.0
83.0,239.0
84.0,104.0
84.0,181.0
77.0,85.0
85.0,274.0
85.0,366.0
85.0,474.0
85.0,744.0
85.0,985.0
86.0,193.0
86.0,404.0
86.0,600.0
86.0,651.0
87.0,162.0
87.0,410.0
87.0,587.0
87.0,935.0
87.0,953.0
88.0,151.0
88.0,211.0
88.0,247.0
88.0,470.0
88.0,550.0
88.0,906.0
87.0,89.0
89.0,174.0
89.0,394.0
89.0,725.0
89.0,771.0
89.0,868.0
0.0,90.0
91.0,147.0
91.0,257.0
91.0,314.0
91.0,585.0
92.0,791.0
93.0,225.0
93.0,306.0
93.0,434.0
93.0,828.0
94.0,246.0
94.0,767.0
94.0,795.0
94.0,869.0
95.0,104.0
95.0,150.0
95.0,278.0
95.0,297.0
95.0,336.0
95.0,446.0
95.0,998.0
96.0,136.0
96.0,151.0
96.0,154.0
96.0,250.0
96.0,394.0
96.0,457.0
96.0,489.0
96.0,769.0
96.0,914.0
90.0,97.0
97.0,250.0
97.0,901.0
16.0,98.0
84.0,98.0
98.0,293.0
98.0,500.0
98.0,680.0
7.0,99.0
14.0,99.0
99.0,163.0
99.0,200.0
99.0,670.0
99.0,757.0
100.0,158.0
100.0,200.0
100.0,302.0
100.0,325.0
100.0,848.0
100.0,964.0
101.0,166.0
101.0,272.0
101.0,273.0
101.0,284.0
101.0,294.0
101.0,977.0
102.0,655.0
78.0,103.0
84.0,103.0
103.0,122.0
103.0,254.0
103.0,373.0
103.0,668.0
103.0,786.0
103.0,829.0
103.0,936.0
103.0,972.0
4.0,104.0
104.0,177.0
104.0,253.0
104.0,388.0
104.0,455.0
104.0,563.0
3.0,105.0
105.0,139.0
105.0,789.0
106.0,783.0
106.0,952.0
107.0,289.0
107.0,383.0
107.0,446.0
108.0,132.0
108.0,230.0
108.0,521.0
108.0,612.0
108.0,699.0
19.0,109.0
109.0,163.0
109.0,217.0
109.0,586.0
109.0,793.0
110.0,281.0
110.0,312.0
110.0,477.0
110.0,654.0
110.0,661.0
110.0,871.0
65.0,111.0
111.0,381.0
111.0,546.0
111.0,567.0
111.0,606.0
112.0,272.0
112.0,429.0
112.0,555.0
112.0,691.0
112.0,895.0
19.0,113.0
113.0,297.0
113.0,465.0
29.0,114.0
32.0,114.0
91.0,114.0
114.0,418.0
114.0,519.0
114.0,866.0
78.0,115.0
115.0,205.0
115.0,257.0
115.0,494.0
115.0,766.0
66.0,116.0
116.0,380.0
116.0,840.0
116.0,937.0
117.0,185.0
117.0,287.0
117.0,297.0
117.0,551.0
117.0,616.0
117.0,762.0
117.0,827.0
118.0,119.0
118.0,517.0
100.0,119.0
119.0,141.0
119.0,303.0
119.0,758.0
119.0,878.0
34.0,120.0
120.0,289.0
120.0,330.0
120.0,502.0
120.0,549.0
120.0,559.0
120.0,791.0
120.0,905.0
49.0,121.0
79.0,121.0
94.0,121.0
96.0,121.0
121.0,127.0
121.0,181.0
121.0,187.0
121.0,328.0
122.0,654.0
122.0,677.0
122.0,925.0
122.0,990.0
9.0,123.0
40.0,123.0
123.0,180.0
123.0,513.0
123.0,848.0
28.0,124.0
124.0,192.0
124.0,528.0
124.0,573.0
36.0,125.0
125.0,215.0
125.0,312.0
125.0,559.0
125.0,845.0
72.0,126.0
126.0,287.0
126.0,563.0
126.0,614.0
126.0,933.0
126.0,993.0
79.0,127.0
127.0,633.0
127.0,748.0
127.0,758.0
127.0,837.0
128.0,297.0
128.0,447.0
128.0,783.0
116.0,129.0
129.0,253.0
129.0,770.0
129.0,950.0
129.0,994.0
34.0,130.0
130.0,230.0
130.0,241.0
130.0,278.0
130.0,386.0
130.0,475.0
130.0,878.0
130.0,970.0
131.0,241.0
131.0,572.0
131.0,645.0
132.0,299.0
132.0,859.0
54.0,133.0
105.0,133.0
133.0,161.0
133.0,313.0
133.0,646.0
133.0,665.0
133.0,670.0
133.0,836.0
133.0,936.0
133.0,956.0
65.0,134.0
134.0,156.0
134.0,301.0
134.0,427.0
134.0,873.0
134.0,905.0
134.0,922.0
6.0,135.0
135.0,210.0
135.0,369.0
135.0,414.0
135.0,588.0
135.0,855.0
135.0,885.0
135.0,971.0
110.0,136.0
113.0,136.0
136.0,257.0
136.0,452.0
136.0,572.0
136.0,834.0
136.0,939.0
136.0,993.0
49.0,137.0
129.0,137.0
137.0,155.0
137.0,229.0
137.0,255.0
137.0,268.0
137.0,317.0
137.0,402.0
137.0,502.0
137.0,636.0
137.0,774.0
68.0,138.0
138.0,228.0
138.0,326.0
73.0,139.0
124.0,139.0
139.0,174.0
139.0,191.0
139.0,349.0
139.0,819.0
139.0,889.0
139.0,965.0
2.0,140.0
69.0,140.0
140.0,180.0
140.0,292.0
140.0,342.0
140.0,380.0
140.0,479.0
140.0,517.0
140.0,608.0
140.0,739.0
40.0,141.0
82.0,141.0
141.0,180.0
141.0,224.0
141.0,235.0
141.0,633.0
44.0,142.0
104.0,142.0
142.0,262.0
142.0,370.0
142.0,393.0
142.0,415.0
142.0,505.0
142.0,510.0
142.0,660.0
142.0,666.0
143.0,251.0
143.0,294.0
143.0,372.0
143.0,542.0
143.0,896.0
143.0,936.0
143.0,956.0
60.0,144.0
79.0,144.0
144.0,211.0
144.0,581.0
144.0,992.0
145.0,286.0
145.0,335.0
145.0,549.0
146.0,147.0
146.0,240.0
146.0,291.0
146.0,335.0
146.0,898.0
147.0,371.0
147.0,553.0
147.0,659.0
147.0,677.0
141.0,148.0
148.0,202.0
148.0,300.0
148.0,331.0
148.0,392.0
148.0,520.0
148.0,892.0
71.0,149.0
149.0,328.0
149.0,506.0
149.0,701.0
150.0,152.0
150.0,473.0
150.0,714.0
39.0,151.0
52.0,151.0
151.0,180.0
151.0,196.0
151.0,895.0
151.0,956.0
73.0,152.0
145.0,152.0
152.0,241.0
152.0,299.0
152.0,367.0
14.0,153.0
47.0,153.0
57.0,153.0
153.0,293.0
153.0,548.0
153.0,584.0
153.0,899.0
154.0,197.0
154.0,212.0
154.0,261.0
154.0,847.0
154.0,874.0
154.0,918.0
75.0,155.0
155.0,510.0
155.0,729.0
155.0,927.0
155.0,952.0
81.0,156.0
156.0,275.0
156.0,541.0
156.0,911.0
156.0,969.0
33.0,157.0
157.0,669.0
158.0,192.0
158.0,206.0
158.0,308.0
158.0,942.0
101.0,159.0
159.0,180.0
159.0,300.0
159.0,425.0
159.0,691.0
159.0,855.0
102.0,160.0
145.0,160.0
160.0,339.0
160.0,396.0
16.0,161.0
85.0,161.0
89.0,161.0
148.0,161.0
161.0,382.0
162.0,196.0
162.0,414.0
162.0,449.0
162.0,508.0
162.0,743.0
162.0,793.0
6.0,163.0
11.0,163.0
163.0,299.0
163.0,901.0
87.0,164.0
160.0,164.0
164.0,285.0
164.0,332.0
164.0,404.0
164.0,543.0
17.0,165.0
165.0,508.0
165.0,551.0
165.0,669.0
165.0,976.0
166.0,289.0
166.0,382.0
166.0,764.0
166.0,921.0
18.0,167.0
128.0,167.0
167.0,194.0
167.0,257.0
167.0,833.0
167.0,988.0
58.0,168.0
168.0,187.0
168.0,289.0
168.0,318.0
168.0,365.0
168.0,793.0
168.0,921.0
169.0,460.0
169.0,816.0
45.0,170.0
170.0,680.0
170.0,981.0
171.0,184.0
171.0,303.0
171.0,330.0
171.0,745.0
172.0,206.0
172.0,426.0
172.0,941.0
37.0,173.0
65.0,173.0
153.0,173.0
173.0,910.0
97.0,174.0
174.0,299.0
174.0,412.0
174.0,495.0
174.0,856.0
13.0,175.0
175.0,252.0
175.0,281.0
175.0,500.0
175.0,585.0
175.0,734.0
175.0,820.0
175.0,875.0
86.0,176.0
176.0,308.0
176.0,342.0
176.0,742.0
176.0,947.0
176.0,987.0
177.0,401.0
178.0,233.0
178.0,489.0
178.0,876.0
178.0,916.0
50.0,179.0
53.0,179.0
74.0,179.0
139.0,179.0
179.0,189.0
179.0,196.0
179.0,335.0
179.0,374.0
179.0,396.0
179.0,556.0
179.0,672.0
179.0,682.0
179.0,748.0
180.0,191.0
180.0,256.0
180.0,424.0
180.0,614.0
180.0,934.0
180.0,986.0
166.0,181.0
181.0,363.0
104.0,182.0
182.0,309.0
50.0,183.0
111.0,183.0
183.0,970.0
184.0,202.0
184.0,276.0
184.0,322.0
184.0,772.0
184.0,844.0
114.0,185.0
185.0,264.0
185.0,474.0
14.0,186.0
162.0,186.0
186.0,326.0
186.0,335.0
186.0,951.0
187.0,276.0
187.0,463.0
187.0,515.0
187.0,611.0
187.0,648.0
187.0,803.0
74.0,188.0
123.0,188.0
188.0,224.0
188.0,468.0
188.0,488.0
120.0,189.0
189.0,310.0
189.0,362.0
189.0,452.0
189.0,499.0
189.0,706.0
190.0,241.0
190.0,280.0
190.0,553.0
190.0,967.0
119.0,191.0
191.0,273.0
191.0,734.0
191.0,998.0
188.0,192.0
192.0,246.0
192.0,328.0
192.0,419.0
192.0,565.0
53.0,193.0
118.0,193.0
193.0,350.0
193.0,830.0
193.0,835.0
193.0,867.0
55.0,194.0
137.0,194.0
173.0,194.0
194.0,540.0
114.0,195.0
195.0,360.0
195.0,436.0
195.0,863.0
12.0,196.0
196.0,383.0
196.0,502.0
196.0,629.0
196.0,633.0
196.0,637.0
173.0,197.0
197.0,410.0
197.0,804.0
163.0,198.0
198.0,549.0
31.0,199.0
199.0,257.0
199.0,335.0
199.0,661.0
199.0,866.0
80.0,200.0
200.0,411.0
200.0,510.0
200.0,540.0
200.0,688.0
200.0,832.0
200.0,858.0
44.0,201.0
54.0,201.0
63.0,201.0
201.0,236.0
201.0,260.0
201.0,303.0
201.0,397.0
201.0,419.0
201.0,562.0
201.0,610.0
201.0,630.0
201.0,642.0
201.0,829.0
201.0,935.0
201.0,943.0
51.0,202.0
134.0,202.0
202.0,250.0
202.0,289.0
202.0,771.0
5.0,203.0
176.0,203.0
182.0,203.0
203.0,294.0
203.0,585.0
203.0,717.0
203.0,802.0
203.0,806.0
203.0,918.0
0.0,204.0
204.0,848.0
62.0,205.0
160.0,205.0
205.0,229.0
205.0,335.0
205.0,786.0
206.0,228.0
206.0,852.0
188.0,207.0
207.0,565.0
207.0,950.0
54.0,208.0
171.0,208.0
208.0,228.0
208.0,981.0
129.0,209.0
209.0,211.0
209.0,798.0
79.0,210.0
210.0,603.0
211.0,262.0
212.0,991.0
213.0,601.0
213.0,740.0
213.0,781.0
213.0,827.0
214.0,311.0
214.0,726.0
214.0,748.0
18.0,215.0
186.0,215.0
204.0,215.0
215.0,560.0
215.0,738.0
91.0,216.0
96.0,216.0
160.0,216.0
216.0,238.0
216.0,303.0
216.0,376.0
216.0,671.0
71.0,217.0
111.0,217.0
217.0,309.0
217.0,585.0
217.0,638.0
217.0,807.0
217.0,858.0
106.0,218.0
218.0,294.0
218.0,389.0
218.0,588.0
218.0,650.0
218.0,775.0
116.0,219.0
140.0,219.0
219.0,259.0
219.0,526.0
19.0,220.0
45.0,220.0
200.0,220.0
212.0,220.0
220.0,373.0
220.0,477.0
220.0,548.0
221.0,620.0
221.0,961.0
221.0,992.0
76.0,222.0
181.0,222.0
222.0,799.0
184.0,223.0
223.0,390.0
223.0,480.0
223.0,502.0
223.0,592.0
223.0,801.0
25.0,224.0
138.0,224.0
224.0,261.0
224.0,304.0
224.0,720.0
224.0,821.0
224.0,830.0
80.0,225.0
225.0,274.0
225.0,693.0
225.0,879.0
23.0,226.0
226.0,645.0
226.0,775.0
227.0,283.0
227.0,290.0
227.0,550.0
227.0,599.0
227.0,648.0
184.0,228.0
228.0,309.0
228.0,698.0
228.0,829.0
228.0,930.0
228.0,939.0
228.0,979.0
53.0,229.0
164.0,229.0
229.0,296.0
229.0,410.0
229.0,573.0
229.0,621.0
74.0,230.0
198.0,230.0
230.0,448.0
230.0,506.0
230.0,562.0
230.0,606.0
231.0,498.0
231.0,628.0
68.0,232.0
167.0,232.0
232.0,733.0
232.0,870.0
232.0,936.0
232.0,948.0
93.0,233.0
233.0,884.0
45.0,234.0
48.0,234.0
155.0,234.0
234.0,484.0
234.0,603.0
234.0,804.0
234.0,876.0
234.0,935.0
181.0,235.0
235.0,310.0
235.0,590.0
235.0,651.0
157.0,236.0
198.0,236.0
236.0,486.0
236.0,817.0
236.0,910.0
237.0,325.0
237.0,956.0
237.0,982.0
204.0,238.0
238.0,314.0
238.0,600.0
238.0,697.0
239.0,312.0
239.0,444.0
239.0,504.0
239.0,760.0
239.0,993.0
240.0,974.0
141.0,241.0
201.0,241.0
241.0,412.0
241.0,707.0
106.0,242.0
242.0,302.0
242.0,395.0
242.0,758.0
242.0,809.0
242.0,866.0
91.0,243.0
173.0,243.0
181.0,243.0
209.0,243.0
227.0,243.0
243.0,303.0
243.0,325.0
243.0,419.0
243.0,454.0
243.0,727.0
175.0,244.0
244.0,367.0
244.0,760.0
244.0,856.0
244.0,948.0
245.0,417.0
245.0,538.0
246.0,354.0
246.0,409.0
246.0,599.0
246.0,653.0
246.0,920.0
8.0,247.0
247.0,335.0
247.0,517.0
247.0,810.0
247.0,946.0
248.0,721.0
47.0,249.0
54.0,249.0
83.0,249.0
177.0,249.0
223.0,249.0
249.0,586.0
249.0,842.0
249.0,977.0
33.0,250.0
166.0,250.0
188.0,250.0
250.0,343.0
250.0,349.0
250.0,359.0
250.0,763.0
251.0,284.0
251.0,449.0
251.0,503.0
251.0,613.0
12.0,252.0
252.0,351.0
252.0,630.0
252.0,674.0
252.0,806.0
165.0,253.0
253.0,334.0
253.0,583.0
253.0,612.0
39.0,254.0
87.0,254.0
142.0,254.0
191.0,254.0
254.0,338.0
55.0,255.0
173.0,255.0
196.0,255.0
255.0,389.0
255.0,390.0
255.0,488.0
255.0,527.0
255.0,578.0
255.0,665.0
155.0,256.0
178.0,256.0
221.0,256.0
256.0,418.0
256.0,522.0
256.0,859.0
256.0,875.0
58.0,257.0
60.0,257.0
120.0,257.0
137.0,257.0
257.0,496.0
257.0,821.0
43.0,258.0
215.0,258.0
246.0,258.0
258.0,351.0
258.0,582.0
258.0,913.0
175.0,259.0
259.0,385.0
259.0,747.0
259.0,759.0
259.0,978.0
90.0,260.0
144.0,260.0
155.0,260.0
180.0,260.0
260.0,397.0
260.0,680.0
260.0,974.0
101.0,261.0
261.0,344.0
261.0,402.0
261.0,490.0
261.0,497.0
261.0,779.0
204.0,262.0
262.0,463.0
262.0,529.0
262.0,562.0
262.0,805.0
76.0,263.0
83.0,263.0
212.0,263.0
248.0,263.0
252.0,263.0
263.0,683.0
263.0,770.0
263.0,773.0
251.0,264.0
264.0,292.0
264.0,355.0
264.0,828.0
264.0,946.0
38.0,265.0
68.0,265.0
265.0,575.0
265.0,579.0
77.0,266.0
266.0,605.0
266.0,817.0
266.0,883.0
266.0,974.0
31.0,267.0
267.0,324.0
154.0,268.0
235.0,268.0
249.0,268.0
268.0,298.0
268.0,361.0
55.0,269.0
119.0,269.0
156.0,269.0
269.0,297.0
269.0,372.0
269.0,583.0
270.0,311.0
13.0,271.0
41.0,271.0
83.0,271.0
216.0,271.0
271.0,296.0
271.0,606.0
271.0,607.0
180.0,272.0
272.0,362.0
272.0,827.0
120.0,273.0
159.0,273.0
162.0,273.0
273.0,708.0
274.0,451.0
274.0,880.0
274.0,930.0
23.0,275.0
205.0,275.0
276.0,787.0
276.0,963.0
70.0,277.0
107.0,277.0
115.0,277.0
277.0,322.0
277.0,353.0
277.0,409.0
277.0,725.0
277.0,765.0
206.0,278.0
278.0,944.0
278.0,985.0
191.0,279.0
279.0,296.0
279.0,715.0
279.0,741.0
279.0,955.0
103.0,280.0
172.0,280.0
280.0,474.0
280.0,724.0
280.0,944.0
280.0,959.0
135.0,281.0
189.0,281.0
200.0,281.0
281.0,290.0
170.0,282.0
282.0,300.0
282.0,325.0
282.0,329.0
282.0,395.0
282.0,732.0
219.0,283.0
283.0,319.0
283.0,421.0
283.0,698.0
284.0,321.0
284.0,485.0
284.0,671.0
284.0,720.0
284.0,928.0
152.0,285.0
285.0,311.0
285.0,482.0
285.0,635.0
285.0,692.0
9.0,286.0
36.0,286.0
216.0,286.0
220.0,286.0
286.0,519.0
286.0,632.0
286.0,901.0
78.0,287.0
116.0,287.0
287.0,349.0
287.0,537.0
287.0,708.0
287.0,782.0
287.0,894.0
287.0,953.0
161.0,288.0
288.0,359.0
288.0,405.0
288.0,580.0
288.0,989.0
289.0,652.0
289.0,653.0
290.0,427.0
290.0,545.0
290.0,717.0
206.0,291.0
271.0,291.0
291.0,464.0
291.0,605.0
291.0,742.0
10.0,292.0
11.0,292.0
39.0,292.0
292.0,365.0
292.0,721.0
292.0,845.0
293.0,440.0
293.0,607.0
293.0,942.0
106.0,294.0
237.0,294.0
294.0,297.0
294.0,349.0
294.0,760.0
159.0,295.0
201.0,295.0
295.0,424.0
295.0,438.0
295.0,535.0
295.0,671.0
295.0,965.0
8.0,296.0
193.0,296.0
296.0,416.0
296.0,450.0
234.0,297.0
272.0,297.0
297.0,327.0
297.0,789.0
298.0,794.0
78.0,299.0
165.0,299.0
240.0,299.0
299.0,578.0
299.0,837.0
299.0,919.0
141.0,300.0
198.0,300.0
300.0,457.0
300.0,508.0
300.0,864.0
110.0,301.0
248.0,301.0
301.0,333.0
301.0,820.0
301.0,876.0
301.0,886.0
301.0,915.0
297.0,302.0
302.0,318.0
302.0,325.0
302.0,421.0
302.0,938.0
7.0,303.0
100.0,303.0
248.0,303.0
270.0,303.0
303.0,340.0
303.0,576.0
303.0,667.0
16.0,304.0
304.0,361.0
304.0,383.0
304.0,645.0
304.0,997.0
75.0,305.0
197.0,305.0
305.0,718.0
305.0,750.0
305.0,962.0
305.0,975.0
175.0,306.0
306.0,340.0
306.0,719.0
17.0,307.0
170.0,307.0
230.0,307.0
307.0,684.0
2.0,308.0
260.0,308.0
308.0,330.0
308.0,455.0
308.0,758.0
308.0,789.0
308.0,972.0
16.0,309.0
280.0,309.0
309.0,495.0
309.0,929.0
85.0,310.0
258.0,310.0
310.0,648.0
310.0,753.0
310.0,933.0
310.0,941.0
311.0,971.0
72.0,312.0
312.0,471.0
312.0,574.0
95.0,313.0
199.0,313.0
313.0,637.0
313.0,880.0
60.0,314.0
117.0,314.0
306.0,314.0
314.0,426.0
314.0,478.0
314.0,517.0
145.0,315.0
195.0,315.0
315.0,592.0
315.0,733.0
315.0,989.0
43.0,316.0
233.0,316.0
316.0,621.0
316.0,803.0
47.0,317.0
317.0,411.0
317.0,433.0
124.0,318.0
166.0,318.0
224.0,318.0
235.0,318.0
295.0,318.0
318.0,807.0
318.0,880.0
318.0,926.0
125.0,319.0
233.0,319.0
258.0,319.0
319.0,481.0
319.0,628.0
319.0,662.0
319.0,763.0
319.0,805.0
319.0,998.0
78.0,320.0
182.0,320.0
212.0,320.0
320.0,490.0
320.0,509.0
320.0,567.0
320.0,688.0
320.0,696.0
320.0,931.0
302.0,321.0
316.0,321.0
321.0,329.0
321.0,433.0
321.0,478.0
321.0,618.0
321.0,667.0
321.0,771.0
321.0,803.0
2.0,322.0
67.0,322.0
322.0,424.0
322.0,469.0
315.0,323.0
323.0,803.0
2.0,324.0
324.0,349.0
324.0,645.0
71.0,325.0
182.0,325.0
259.0,325.0
325.0,469.0
325.0,498.0
325.0,800.0
325.0,846.0
325.0,992.0
65.0,326.0
194.0,326.0
207.0,326.0
320.0,326.0
326.0,962.0
326.0,983.0
326.0,993.0
111.0,327.0
134.0,327.0
202.0,327.0
327.0,808.0
30.0,328.0
328.0,752.0
29.0,329.0
32.0,329.0
121.0,329.0
158.0,329.0
303.0,329.0
329.0,625.0
329.0,681.0
329.0,886.0
104.0,330.0
330.0,522.0
330.0,660.0
330.0,785.0
90.0,331.0
106.0,331.0
331.0,490.0
331.0,504.0
331.0,532.0
331.0,559.0
331.0,620.0
331.0,834.0
136.0,332.0
196.0,332.0
320.0,332.0
332.0,353.0
332.0,409.0
332.0,614.0
332.0,884.0
43.0,333.0
333.0,911.0
334.0,581.0
334.0,774.0
26.0,335.0
141.0,335.0
326.0,335.0
335.0,338.0
335.0,616.0
335.0,728.0
336.0,732.0
336.0,865.0
337.0,461.0
337.0,787.0
337.0,810.0
190.0,338.0
338.0,603.0
25.0,339.0
339.0,494.0
339.0,548.0
339.0,621.0
36.0,340.0
340.0,388.0
340.0,931.0
340.0,979.0
341.0,349.0
341.0,586.0
341.0,612.0
341.0,777.0
341.0,929.0
341.0,939.0
341.0,970.0
74.0,342.0
222.0,342.0
342.0,351.0
342.0,384.0
342.0,449.0
342.0,590.0
342.0,700.0
342.0,817.0
2.0,343.0
224.0,343.0
343.0,401.0
343.0,523.0
343.0,637.0
50.0,344.0
197.0,344.0
130.0,345.0
265.0,345.0
345.0,377.0
345.0,515.0
345.0,748.0
345.0,757.0
345.0,933.0
345.0,997.0
346.0,418.0
346.0,428.0
346.0,476.0
346.0,527.0
346.0,967.0
219.0,347.0
228.0,347.0
347.0,562.0
347.0,715.0
347.0,980.0
74.0,348.0
172.0,348.0
236.0,348.0
348.0,407.0
348.0,536.0
348.0,608.0
348.0,634.0
348.0,661.0
348.0,691.0
348.0,700.0
348.0,759.0
348.0,840.0
116.0,349.0
250.0,349.0
256.0,349.0
270.0,349.0
287.0,349.0
349.0,395.0
349.0,462.0
349.0,463.0
349.0,654.0
350.0,429.0
350.0,580.0
350.0,685.0
350.0,930.0
14.0,351.0
307.0,351.0
351.0,454.0
351.0,683.0
351.0,751.0
351.0,758.0
113.0,352.0
352.0,401.0
352.0,625.0
352.0,710.0
44.0,353.0
353.0,762.0
353.0,896.0
102.0,354.0
328.0,354.0
354.0,379.0
354.0,480.0
354.0,592.0
354.0,716.0
354.0,835.0
108.0,355.0
239.0,355.0
355.0,417.0
54.0,356.0
171.0,356.0
180.0,356.0
346.0,356.0
356.0,509.0
357.0,390.0
357.0,457.0
357.0,543.0
357.0,909.0
358.0,514.0
358.0,914.0
47.0,359.0
294.0,359.0
359.0,371.0
359.0,475.0
359.0,537.0
359.0,648.0
359.0,688.0
274.0,360.0
354.0,360.0
360.0,585.0
360.0,651.0
360.0,916.0
149.0,361.0
265.0,361.0
361.0,422.0
361.0,732.0
361.0,849.0
361.0,910.0
361.0,998.0
42.0,362.0
60.0,362.0
164.0,362.0
338.0,362.0
362.0,481.0
362.0,646.0
362.0,664.0
362.0,853.0
307.0,363.0
242.0,364.0
311.0,364.0
364.0,478.0
364.0,555.0
43.0,365.0
78.0,365.0
208.0,365.0
365.0,395.0
365.0,654.0
365.0,661.0
365.0,676.0
365.0,679.0
365.0,819.0
55.0,366.0
116.0,366.0
250.0,366.0
355.0,366.0
366.0,447.0
366.0,617.0
366.0,746.0
121.0,367.0
342.0,367.0
367.0,368.0
367.0,718.0
1.0,368.0
368.0,646.0
368.0,825.0
368.0,964.0
368.0,987.0
369.0,382.0
369.0,511.0
369.0,521.0
369.0,572.0
369.0,796.0
369.0,943.0
369.0,960.0
346.0,370.0
357.0,370.0
370.0,478.0
370.0,570.0
370.0,916.0
77.0,371.0
206.0,371.0
207.0,371.0
371.0,632.0
371.0,781.0
371.0,822.0
60.0,372.0
268.0,372.0
372.0,429.0
372.0,512.0
372.0,707.0
372.0,808.0
372.0,915.0
372.0,928.0
372.0,975.0
18.0,373.0
185.0,373.0
208.0,373.0
273.0,373.0
326.0,373.0
317.0,374.0
374.0,733.0
374.0,991.0
42.0,375.0
92.0,375.0
335.0,375.0
375.0,498.0
375.0,535.0
375.0,768.0
10.0,376.0
111.0,376.0
376.0,410.0
376.0,432.0
376.0,473.0
376.0,478.0
376.0,535.0
376.0,544.0
376.0,547.0
376.0,550.0
376.0,725.0
376.0,809.0
376.0,899.0
142.0,377.0
163.0,377.0
285.0,377.0
377.0,410.0
377.0,411.0
377.0,610.0
377.0,802.0
377.0,814.0
378.0,663.0
378.0,705.0
378.0,763.0
378.0,836.0
139.0,379.0
379.0,385.0
379.0,462.0
379.0,632.0
379.0,907.0
380.0,539.0
380.0,548.0
380.0,883.0
219.0,381.0
351.0,381.0
381.0,454.0
381.0,496.0
381.0,589.0
381.0,628.0
381.0,721.0
381.0,783.0
348.0,382.0
382.0,496.0
382.0,614.0
382.0,868.0
54.0,383.0
59.0,383.0
198.0,383.0
383.0,404.0
383.0,572.0
383.0,880.0
383.0,938.0
101.0,384.0
172.0,384.0
246.0,384.0
358.0,384.0
384.0,459.0
384.0,873.0
91.0,385.0
94.0,385.0
158.0,385.0
383.0,385.0
385.0,442.0
385.0,489.0
385.0,569.0
385.0,596.0
385.0,811.0
385.0,970.0
386.0,975.0
303.0,387.0
387.0,447.0
387.0,640.0
387.0,703.0
387.0,767.0
213.0,388.0
387.0,388.0
388.0,410.0
388.0,660.0
388.0,668.0
388.0,925.0
388.0,930.0
46.0,389.0
84.0,389.0
217.0,389.0
389.0,392.0
389.0,536.0
389.0,702.0
389.0,763.0
389.0,850.0
41.0,390.0
84.0,390.0
367.0,390.0
381.0,390.0
390.0,402.0
390.0,584.0
390.0,643.0
95.0,391.0
128.0,391.0
391.0,492.0
391.0,515.0
13.0,392.0
83.0,392.0
194.0,392.0
271.0,392.0
382.0,392.0
392.0,606.0
392.0,620.0
392.0,667.0
392.0,774.0
392.0,850.0
19.0,393.0
334.0,393.0
393.0,514.0
393.0,621.0
49.0,394.0
308.0,394.0
394.0,757.0
394.0,990.0
13.0,395.0
395.0,657.0
395.0,955.0
395.0,997.0
36.0,396.0
225.0,396.0
390.0,396.0
396.0,446.0
396.0,569.0
396.0,742.0
13.0,397.0
185.0,397.0
397.0,471.0
397.0,606.0
397.0,662.0
397.0,913.0
397.0,925.0
12.0,398.0
398.0,508.0
398.0,642.0
398.0,685.0
147.0,399.0
185.0,399.0
299.0,399.0
399.0,473.0
399.0,540.0
399.0,704.0
399.0,890.0
400.0,596.0
199.0,401.0
285.0,401.0
401.0,427.0
401.0,795.0
338.0,402.0
357.0,402.0
402.0,463.0
402.0,487.0
402.0,607.0
402.0,729.0
402.0,852.0
402.0,999.0
403.0,405.0
403.0,434.0
403.0,649.0
403.0,768.0
403.0,926.0
403.0,950.0
60.0,404.0
404.0,580.0
404.0,964.0
364.0,405.0
405.0,494.0
405.0,672.0
180.0,406.0
406.0,902.0
406.0,956.0
357.0,407.0
407.0,475.0
407.0,593.0
407.0,942.0
407.0,944.0
407.0,972.0
158.0,408.0
200.0,408.0
408.0,486.0
408.0,543.0
408.0,838.0
409.0,498.0
409.0,511.0
409.0,524.0
409.0,838.0
409.0,943.0
192.0,410.0
280.0,410.0
318.0,410.0
410.0,453.0
410.0,635.0
410.0,652.0
410.0,656.0
410.0,733.0
410.0,919.0
257.0,411.0
411.0,562.0
411.0,752.0
411.0,943.0
412.0,583.0
412.0,678.0
412.0,702.0
412.0,817.0
232.0,413.0
262.0,413.0
274.0,413.0
411.0,413.0
413.0,506.0
413.0,539.0
413.0,947.0
413.0,963.0
413.0,987.0
242.0,414.0
35.0,415.0
37.0,415.0
170.0,415.0
415.0,434.0
415.0,467.0
415.0,609.0
415.0,914.0
415.0,955.0
415.0,991.0
168.0,416.0
416.0,479.0
416.0,501.0
416.0,818.0
416.0,951.0
416.0,989.0
234.0,417.0
329.0,417.0
9.0,418.0
60.0,418.0
190.0,418.0
360.0,418.0
418.0,609.0
418.0,652.0
346.0,419.0
419.0,458.0
419.0,540.0
419.0,562.0
419.0,583.0
419.0,839.0
420.0,471.0
420.0,491.0
420.0,495.0
94.0,421.0
147.0,421.0
151.0,421.0
182.0,421.0
250.0,421.0
360.0,421.0
421.0,836.0
421.0,902.0
421.0,963.0
112.0,422.0
390.0,422.0
422.0,523.0
422.0,579.0
422.0,868.0
422.0,960.0
423.0,424.0
423.0,431.0
423.0,435.0
423.0,596.0
423.0,620.0
423.0,927.0
270.0,424.0
424.0,434.0
424.0,643.0
424.0,800.0
200.0,425.0
215.0,425.0
425.0,497.0
425.0,737.0
153.0,426.0
355.0,426.0
356.0,426.0
426.0,793.0
426.0,826.0
297.0,427.0
427.0,489.0
427.0,697.0
427.0,715.0
302.0,428.0
314.0,428.0
428.0,435.0
428.0,459.0
428.0,470.0
428.0,539.0
138.0,429.0
276.0,429.0
350.0,429.0
429.0,531.0
429.0,575.0
429.0,786.0
240.0,430.0
430.0,692.0
430.0,737.0
430.0,740.0
430.0,826.0
431.0,490.0
431.0,535.0
431.0,771.0
431.0,854.0
432.0,583.0
432.0,710.0
433.0,436.0
433.0,468.0
433.0,699.0
131.0,434.0
240.0,434.0
344.0,434.0
407.0,434.0
434.0,736.0
434.0,843.0
135.0,435.0
254.0,435.0
367.0,435.0
435.0,442.0
435.0,466.0
435.0,594.0
435.0,622.0
435.0,682.0
435.0,719.0
435.0,855.0
435.0,935.0
436.0,493.0
436.0,494.0
436.0,579.0
436.0,608.0
436.0,682.0
436.0,923.0
301.0,437.0
350.0,437.0
366.0,437.0
423.0,437.0
437.0,971.0
213.0,438.0
438.0,629.0
438.0,802.0
438.0,922.0
94.0,439.0
117.0,439.0
312.0,439.0
356.0,439.0
428.0,439.0
439.0,521.0
439.0,542.0
439.0,547.0
439.0,591.0
439.0,837.0
439.0,852.0
144.0,440.0
223.0,440.0
440.0,550.0
440.0,556.0
440.0,610.0
440.0,652.0
440.0,657.0
440.0,775.0
440.0,867.0
102.0,441.0
371.0,441.0
441.0,442.0
441.0,474.0
441.0,643.0
441.0,897.0
442.0,860.0
15.0,443.0
203.0,443.0
443.0,647.0
443.0,770.0
443.0,789.0
444.0,600.0
428.0,445.0
436.0,445.0
445.0,662.0
445.0,762.0
445.0,841.0
445.0,913.0
446.0,633.0
446.0,658.0
446.0,745.0
13.0,447.0
393.0,447.0
447.0,566.0
143.0,448.0
349.0,448.0
417.0,448.0
448.0,586.0
448.0,908.0
52.0,449.0
341.0,449.0
430.0,449.0
449.0,467.0
449.0,645.0
449.0,647.0
450.0,537.0
450.0,776.0
450.0,886.0
450.0,903.0
151.0,451.0
302.0,451.0
451.0,500.0
451.0,864.0
452.0,469.0
452.0,504.0
104.0,453.0
173.0,453.0
437.0,453.0
453.0,593.0
453.0,824.0
253.0,454.0
288.0,454.0
454.0,635.0
454.0,801.0
454.0,996.0
381.0,455.0
455.0,594.0
86.0,456.0
224.0,456.0
365.0,456.0
377.0,456.0
456.0,985.0
84.0,457.0
143.0,457.0
355.0,457.0
457.0,542.0
457.0,780.0
457.0,803.0
457.0,855.0
457.0,890.0
457.0,934.0
93.0,458.0
277.0,458.0
286.0,458.0
458.0,582.0
458.0,599.0
458.0,644.0
458.0,954.0
25.0,459.0
131.0,459.0
192.0,459.0
459.0,505.0
459.0,665.0
47.0,460.0
145.0,460.0
380.0,460.0
460.0,798.0
460.0,961.0
162.0,461.0
359.0,461.0
461.0,649.0
461.0,756.0
306.0,462.0
462.0,555.0
462.0,635.0
462.0,855.0
462.0,861.0
294.0,463.0
381.0,463.0
418.0,463.0
464.0,538.0
35.0,465.0
122.0,465.0
322.0,465.0
465.0,511.0
465.0,539.0
465.0,609.0
465.0,670.0
465.0,723.0
119.0,466.0
287.0,466.0
418.0,466.0
466.0,539.0
466.0,717.0
466.0,747.0
466.0,790.0
467.0,486.0
467.0,784.0
467.0,953.0
194.0,468.0
463.0,468.0
468.0,469.0
468.0,586.0
468.0,612.0
468.0,686.0
468.0,927.0
219.0,469.0
328.0,469.0
373.0,469.0
381.0,469.0
469.0,582.0
469.0,627.0
469.0,645.0
469.0,662.0
469.0,827.0
469.0,872.0
469.0,997.0
10.0,470.0
245.0,470.0
470.0,480.0
470.0,581.0
470.0,663.0
470.0,803.0
106.0,471.0
390.0,471.0
471.0,515.0
471.0,602.0
152.0,472.0
326.0,472.0
455.0,472.0
458.0,472.0
472.0,792.0
92.0,473.0
411.0,473.0
426.0,473.0
473.0,821.0
199.0,474.0
474.0,502.0
474.0,580.0
474.0,886.0
475.0,507.0
475.0,865.0
235.0,476.0
453.0,476.0
476.0,486.0
476.0,506.0
476.0,921.0
81.0,477.0
415.0,477.0
477.0,483.0
477.0,485.0
477.0,495.0
477.0,607.0
477.0,800.0
477.0,822.0
477.0,900.0
477.0,911.0
41.0,478.0
76.0,478.0
300.0,478.0
366.0,478.0
469.0,478.0
478.0,483.0
478.0,610.0
478.0,669.0
478.0,712.0
264.0,479.0
479.0,734.0
117.0,480.0
309.0,480.0
477.0,480.0
480.0,524.0
480.0,820.0
481.0,515.0
481.0,628.0
481.0,744.0
481.0,774.0
440.0,482.0
482.0,980.0
250.0,483.0
328.0,483.0
483.0,585.0
483.0,592.0
483.0,805.0
483.0,885.0
483.0,936.0
7.0,484.0
308.0,484.0
30.0,485.0
212.0,485.0
485.0,541.0
485.0,589.0
485.0,614.0
485.0,631.0
117.0,486.0
125.0,486.0
486.0,726.0
486.0,771.0
165.0,487.0
413.0,487.0
452.0,487.0
487.0,686.0
487.0,793.0
21.0,488.0
78.0,488.0
272.0,488.0
488.0,655.0
488.0,810.0
488.0,930.0
488.0,995.0
85.0,489.0
86.0,489.0
128.0,489.0
345.0,489.0
471.0,489.0
489.0,598.0
489.0,753.0
489.0,857.0
489.0,934.0
8.0,490.0
341.0,490.0
391.0,490.0
490.0,600.0
490.0,677.0
490.0,918.0
59.0,491.0
333.0,491.0
477.0,491.0
491.0,634.0
492.0,547.0
492.0,650.0
492.0,943.0
286.0,493.0
338.0,493.0
493.0,593.0
493.0,702.0
493.0,919.0
162.0,494.0
316.0,494.0
494.0,497.0
494.0,676.0
494.0,999.0
17.0,495.0
391.0,495.0
442.0,495.0
465.0,495.0
495.0,908.0
29.0,496.0
35.0,496.0
74.0,496.0
441.0,496.0
449.0,496.0
496.0,526.0
496.0,617.0
496.0,691.0
403.0,497.0
492.0,497.0
497.0,611.0
497.0,688.0
497.0,786.0
497.0,956.0
239.0,498.0
302.0,498.0
313.0,498.0
453.0,498.0
498.0,617.0
498.0,761.0
498.0,857.0
38.0,499.0
148.0,499.0
228.0,499.0
448.0,499.0
454.0,499.0
462.0,499.0
499.0,611.0
499.0,629.0
499.0,758.0
499.0,877.0
77.0,500.0
500.0,555.0
500.0,658.0
500.0,847.0
500.0,906.0
500.0,909.0
107.0,501.0
178.0,501.0
437.0,501.0
501.0,531.0
501.0,572.0
501.0,584.0
501.0,598.0
501.0,604.0
501.0,981.0
143.0,502.0
273.0,502.0
500.0,502.0
502.0,536.0
502.0,722.0
502.0,740.0
502.0,864.0
33.0,503.0
161.0,503.0
196.0,503.0
503.0,596.0
503.0,922.0
26.0,504.0
78.0,504.0
282.0,504.0
361.0,504.0
390.0,504.0
504.0,514.0
504.0,703.0
504.0,888.0
493.0,505.0
505.0,718.0
505.0,725.0
505.0,778.0
505.0,783.0
505.0,870.0
249.0,506.0
478.0,506.0
506.0,643.0
506.0,656.0
506.0,749.0
82.0,507.0
107.0,507.0
155.0,507.0
507.0,609.0
507.0,664.0
507.0,736.0
507.0,854.0
87.0,508.0
345.0,509.0
509.0,798.0
509.0,867.0
157.0,510.0
221.0,510.0
277.0,510.0
389.0,510.0
510.0,518.0
510.0,557.0
510.0,681.0
510.0,910.0
510.0,947.0
511.0,659.0
511.0,867.0
58.0,512.0
164.0,512.0
211.0,512.0
411.0,512.0
468.0,512.0
86.0,513.0
491.0,513.0
513.0,534.0
513.0,852.0
513.0,932.0
513.0,966.0
7.0,514.0
496.0,514.0
514.0,682.0
514.0,768.0
37.0,515.0
56.0,515.0
101.0,515.0
110.0,515.0
515.0,714.0
516.0,526.0
516.0,530.0
516.0,779.0
125.0,517.0
138.0,517.0
17.0,518.0
90.0,518.0
336.0,518.0
518.0,546.0
518.0,614.0
518.0,875.0
518.0,930.0
266.0,519.0
329.0,519.0
519.0,839.0
47.0,520.0
240.0,520.0
278.0,520.0
325.0,520.0
362.0,520.0
520.0,577.0
54.0,521.0
521.0,585.0
521.0,736.0
521.0,793.0
521.0,845.0
170.0,522.0
330.0,522.0
468.0,522.0
498.0,522.0
522.0,719.0
522.0,963.0
337.0,523.0
510.0,523.0
523.0,604.0
523.0,893.0
523.0,899.0
523.0,934.0
523.0,945.0
282.0,524.0
351.0,524.0
498.0,524.0
524.0,532.0
524.0,729.0
524.0,752.0
162.0,525.0
292.0,525.0
318.0,525.0
426.0,525.0
499.0,525.0
525.0,945.0
56.0,526.0
76.0,526.0
186.0,526.0
453.0,526.0
526.0,572.0
526.0,637.0
526.0,995.0
47.0,527.0
234.0,527.0
319.0,527.0
358.0,527.0
365.0,527.0
517.0,527.0
527.0,580.0
527.0,693.0
243.0,528.0
364.0,528.0
528.0,544.0
528.0,706.0
234.0,529.0
265.0,529.0
321.0,529.0
376.0,529.0
529.0,542.0
529.0,599.0
529.0,789.0
529.0,868.0
48.0,530.0
524.0,530.0
530.0,553.0
54.0,531.0
246.0,531.0
294.0,531.0
531.0,758.0
531.0,949.0
21.0,532.0
154.0,532.0
431.0,532.0
17.0,533.0
299.0,533.0
404.0,533.0
511.0,533.0
191.0,534.0
203.0,534.0
342.0,534.0
354.0,534.0
487.0,534.0
534.0,658.0
534.0,674.0
333.0,535.0
535.0,656.0
509.0,536.0
536.0,539.0
536.0,827.0
536.0,933.0
536.0,950.0
395.0,537.0
468.0,537.0
537.0,582.0
537.0,646.0
537.0,776.0
74.0,538.0
380.0,538.0
451.0,538.0
538.0,845.0
538.0,893.0
243.0,539.0
449.0,539.0
530.0,539.0
539.0,540.0
539.0,625.0
539.0,937.0
539.0,974.0
263.0,540.0
510.0,540.0
521.0,540.0
540.0,695.0
540.0,723.0
540.0,745.0
441.0,541.0
518.0,541.0
541.0,986.0
160.0,542.0
386.0,542.0
536.0,542.0
538.0,542.0
542.0,558.0
153.0,543.0
241.0,543.0
265.0,543.0
361.0,543.0
397.0,543.0
517.0,543.0
543.0,885.0
360.0,544.0
544.0,639.0
544.0,754.0
544.0,889.0
544.0,898.0
221.0,545.0
321.0,545.0
360.0,545.0
428.0,545.0
435.0,545.0
545.0,704.0
545.0,734.0
545.0,837.0
506.0,546.0
515.0,546.0
546.0,599.0
546.0,636.0
546.0,732.0
236.0,547.0
243.0,547.0
376.0,547.0
459.0,547.0
397.0,548.0
439.0,548.0
548.0,899.0
83.0,549.0
549.0,623.0
549.0,643.0
549.0,920.0
269.0,550.0
418.0,550.0
550.0,559.0
550.0,658.0
335.0,551.0
551.0,639.0
551.0,700.0
551.0,984.0
293.0,552.0
520.0,552.0
537.0,552.0
552.0,558.0
552.0,706.0
311.0,553.0
502.0,553.0
524.0,553.0
553.0,725.0
553.0,959.0
45.0,554.0
554.0,649.0
554.0,971.0
106.0,555.0
310.0,555.0
514.0,555.0
555.0,624.0
555.0,781.0
126.0,556.0
556.0,573.0
556.0,577.0
556.0,624.0
17.0,557.0
34.0,557.0
57.0,557.0
80.0,557.0
191.0,557.0
557.0,680.0
557.0,956.0
48.0,558.0
262.0,558.0
345.0,558.0
360.0,558.0
412.0,558.0
558.0,620.0
55.0,559.0
110.0,559.0
150.0,559.0
214.0,559.0
279.0,559.0
327.0,559.0
543.0,559.0
559.0,636.0
559.0,776.0
559.0,827.0
559.0,892.0
32.0,560.0
309.0,560.0
452.0,560.0
475.0,560.0
517.0,560.0
556.0,560.0
560.0,567.0
560.0,629.0
34.0,561.0
69.0,561.0
191.0,561.0
263.0,561.0
471.0,561.0
561.0,647.0
561.0,832.0
561.0,833.0
561.0,891.0
534.0,562.0
562.0,582.0
562.0,612.0
562.0,833.0
324.0,563.0
439.0,563.0
563.0,693.0
563.0,980.0
320.0,564.0
355.0,564.0
398.0,564.0
564.0,662.0
564.0,669.0
564.0,717.0
564.0,898.0
242.0,565.0
531.0,565.0
565.0,630.0
565.0,688.0
565.0,757.0
565.0,889.0
216.0,566.0
303.0,566.0
379.0,566.0
448.0,566.0
453.0,566.0
526.0,566.0
566.0,625.0
566.0,738.0
566.0,744.0
132.0,567.0
18.0,568.0
107.0,568.0
191.0,568.0
171.0,569.0
376.0,569.0
392.0,569.0
531.0,569.0
569.0,967.0
87.0,570.0
126.0,570.0
570.0,607.0
570.0,621.0
10.0,571.0
368.0,571.0
442.0,571.0
520.0,571.0
553.0,571.0
215.0,572.0
484.0,572.0
500.0,572.0
572.0,677.0
572.0,903.0
572.0,913.0
471.0,573.0
573.0,617.0
573.0,635.0
573.0,804.0
16.0,574.0
26.0,574.0
133.0,574.0
412.0,574.0
536.0,574.0
574.0,616.0
103.0,575.0
406.0,575.0
456.0,575.0
522.0,575.0
566.0,575.0
327.0,576.0
331.0,576.0
451.0,576.0
576.0,990.0
70.0,577.0
138.0,577.0
349.0,577.0
408.0,577.0
550.0,577.0
577.0,670.0
577.0,867.0
577.0,879.0
577.0,966.0
53.0,578.0
143.0,578.0
337.0,578.0
578.0,806.0
578.0,812.0
373.0,579.0
389.0,579.0
579.0,621.0
579.0,835.0
122.0,580.0
283.0,580.0
500.0,580.0
580.0,594.0
580.0,637.0
580.0,654.0
580.0,711.0
580.0,884.0
171.0,581.0
268.0,581.0
341.0,581.0
343.0,581.0
554.0,581.0
573.0,581.0
581.0,666.0
581.0,806.0
581.0,906.0
70.0,582.0
257.0,582.0
343.0,582.0
407.0,582.0
413.0,582.0
575.0,582.0
582.0,607.0
582.0,623.0
582.0,835.0
305.0,583.0
499.0,583.0
530.0,583.0
583.0,588.0
583.0,754.0
431.0,584.0
552.0,584.0
231.0,585.0
580.0,585.0
585.0,656.0
585.0,833.0
20.0,586.0
310.0,586.0
412.0,586.0
498.0,586.0
578.0,586.0
103.0,587.0
502.0,587.0
587.0,610.0
587.0,639.0
587.0,705.0
587.0,754.0
119.0,588.0
420.0,588.0
572.0,588.0
588.0,680.0
588.0,719.0
588.0,762.0
588.0,865.0
588.0,905.0
588.0,932.0
241.0,589.0
265.0,589.0
378.0,589.0
468.0,589.0
532.0,589.0
589.0,599.0
589.0,660.0
589.0,716.0
589.0,893.0
198.0,590.0
434.0,590.0
590.0,747.0
590.0,753.0
590.0,823.0
590.0,970.0
223.0,591.0
226.0,591.0
591.0,629.0
591.0,944.0
591.0,970.0
318.0,592.0
375.0,592.0
51.0,593.0
229.0,593.0
398.0,593.0
579.0,593.0
593.0,668.0
230.0,594.0
562.0,594.0
581.0,594.0
594.0,609.0
594.0,694.0
79.0,595.0
279.0,595.0
397.0,595.0
460.0,595.0
573.0,595.0
595.0,751.0
97.0,596.0
355.0,596.0
526.0,596.0
591.0,596.0
594.0,596.0
596.0,612.0
596.0,920.0
24.0,597.0
97.0,597.0
301.0,597.0
335.0,597.0
396.0,597.0
597.0,794.0
597.0,795.0
216.0,598.0
278.0,598.0
391.0,598.0
395.0,598.0
598.0,848.0
391.0,599.0
599.0,601.0
599.0,697.0
599.0,813.0
63.0,600.0
143.0,600.0
262.0,600.0
553.0,600.0
600.0,717.0
600.0,736.0
29.0,601.0
394.0,601.0
241.0,602.0
543.0,602.0
558.0,602.0
602.0,935.0
196.0,603.0
265.0,603.0
588.0,603.0
603.0,673.0
603.0,695.0
603.0,987.0
299.0,604.0
604.0,621.0
604.0,652.0
604.0,699.0
604.0,812.0
39.0,605.0
291.0,605.0
378.0,605.0
380.0,605.0
443.0,605.0
533.0,605.0
605.0,941.0
205.0,606.0
295.0,606.0
472.0,606.0
606.0,870.0
606.0,946.0
556.0,607.0
607.0,636.0
607.0,663.0
607.0,672.0
61.0,608.0
453.0,608.0
467.0,608.0
523.0,608.0
539.0,608.0
563.0,608.0
566.0,608.0
608.0,865.0
68.0,609.0
393.0,609.0
406.0,609.0
609.0,806.0
609.0,833.0
343.0,610.0
361.0,610.0
422.0,610.0
534.0,610.0
610.0,684.0
610.0,703.0
610.0,812.0
610.0,816.0
610.0,973.0
62.0,611.0
75.0,611.0
224.0,611.0
294.0,611.0
611.0,792.0
611.0,969.0
234.0,612.0
322.0,612.0
584.0,612.0
609.0,612.0
612.0,638.0
133.0,613.0
305.0,613.0
320.0,613.0
358.0,614.0
413.0,614.0
415.0,614.0
576.0,614.0
614.0,781.0
614.0,938.0
615.0,654.0
615.0,700.0
615.0,810.0
615.0,966.0
32.0,616.0
42.0,616.0
111.0,616.0
239.0,616.0
268.0,616.0
340.0,616.0
380.0,616.0
428.0,616.0
474.0,616.0
578.0,616.0
592.0,616.0
616.0,835.0
616.0,887.0
184.0,617.0
327.0,617.0
100.0,618.0
293.0,618.0
618.0,663.0
618.0,745.0
618.0,939.0
60.0,619.0
483.0,619.0
546.0,619.0
261.0,620.0
335.0,620.0
613.0,620.0
620.0,948.0
620.0,963.0
542.0,621.0
559.0,621.0
296.0,622.0
362.0,622.0
410.0,622.0
441.0,622.0
587.0,622.0
622.0,763.0
622.0,844.0
622.0,942.0
622.0,964.0
622.0,980.0
94.0,623.0
367.0,623.0
424.0,623.0
436.0,623.0
536.0,623.0
623.0,647.0
623.0,655.0
623.0,755.0
623.0,810.0
623.0,964.0
127.0,624.0
392.0,624.0
459.0,624.0
624.0,813.0
54.0,625.0
481.0,625.0
585.0,625.0
619.0,625.0
625.0,663.0
625.0,975.0
143.0,626.0
626.0,676.0
626.0,773.0
626.0,815.0
626.0,921.0
77.0,627.0
438.0,627.0
29.0,628.0
144.0,628.0
148.0,628.0
366.0,628.0
20.0,629.0
102.0,629.0
158.0,629.0
629.0,677.0
410.0,630.0
569.0,630.0
630.0,788.0
630.0,998.0
22.0,631.0
381.0,631.0
502.0,631.0
631.0,777.0
631.0,805.0
103.0,632.0
239.0,632.0
255.0,632.0
380.0,632.0
490.0,632.0
499.0,632.0
513.0,632.0
632.0,744.0
632.0,986.0
633.0,954.0
367.0,634.0
54.0,635.0
117.0,635.0
385.0,635.0
388.0,635.0
533.0,635.0
635.0,701.0
1.0,636.0
114.0,636.0
301.0,636.0
527.0,636.0
546.0,636.0
608.0,636.0
636.0,922.0
636.0,980.0
533.0,637.0
637.0,903.0
511.0,638.0
607.0,638.0
615.0,638.0
638.0,887.0
638.0,954.0
97.0,639.0
639.0,800.0
5.0,640.0
73.0,640.0
99.0,640.0
140.0,640.0
640.0,829.0
640.0,926.0
640.0,986.0
158.0,641.0
403.0,641.0
490.0,641.0
503.0,641.0
641.0,896.0
33.0,642.0
56.0,642.0
450.0,642.0
461.0,642.0
604.0,642.0
642.0,662.0
642.0,949.0
131.0,643.0
360.0,643.0
371.0,643.0
385.0,643.0
617.0,643.0
66.0,644.0
122.0,644.0
169.0,644.0
333.0,644.0
582.0,644.0
644.0,802.0
644.0,948.0
195.0,645.0
570.0,645.0
0.0,646.0
84.0,647.0
112.0,647.0
127.0,647.0
424.0,647.0
511.0,647.0
647.0,676.0
647.0,910.0
158.0,648.0
415.0,648.0
480.0,648.0
648.0,820.0
649.0,702.0
113.0,650.0
202.0,650.0
315.0,650.0
407.0,650.0
576.0,650.0
650.0,692.0
107.0,651.0
372.0,651.0
516.0,651.0
617.0,651.0
651.0,693.0
651.0,709.0
651.0,777.0
651.0,970.0
269.0,652.0
315.0,652.0
477.0,652.0
269.0,653.0
437.0,653.0
653.0,665.0
653.0,740.0
653.0,835.0
474.0,654.0
573.0,654.0
92.0,655.0
125.0,655.0
169.0,655.0
224.0,655.0
409.0,655.0
624.0,655.0
43.0,656.0
74.0,656.0
358.0,656.0
394.0,656.0
396.0,656.0
594.0,656.0
656.0,863.0
358.0,657.0
474.0,657.0
657.0,802.0
657.0,984.0
610.0,658.0
649.0,658.0
658.0,750.0
658.0,835.0
4.0,659.0
185.0,659.0
207.0,659.0
485.0,659.0
612.0,659.0
659.0,677.0
659.0,911.0
659.0,930.0
387.0,660.0
409.0,660.0
509.0,660.0
559.0,660.0
2.0,661.0
415.0,661.0
536.0,661.0
559.0,661.0
661.0,717.0
661.0,794.0
661.0,812.0
661.0,919.0
414.0,662.0
528.0,662.0
531.0,662.0
546.0,662.0
655.0,662.0
662.0,994.0
131.0,663.0
285.0,663.0
382.0,663.0
456.0,663.0
490.0,663.0
134.0,664.0
202.0,664.0
664.0,815.0
330.0,665.0
450.0,665.0
470.0,665.0
603.0,665.0
607.0,665.0
665.0,784.0
605.0,666.0
666.0,946.0
58.0,667.0
667.0,689.0
667.0,876.0
667.0,901.0
239.0,668.0
270.0,668.0
501.0,668.0
668.0,744.0
668.0,960.0
264.0,669.0
410.0,669.0
453.0,669.0
570.0,669.0
639.0,669.0
669.0,728.0
491.0,670.0
670.0,775.0
670.0,848.0
670.0,973.0
670.0,982.0
174.0,671.0
671.0,744.0
671.0,800.0
671.0,909.0
671.0,919.0
671.0,929.0
671.0,959.0
671.0,973.0
227.0,672.0
422.0,672.0
493.0,672.0
520.0,672.0
559.0,672.0
672.0,787.0
672.0,890.0
672.0,932.0
240.0,673.0
281.0,673.0
475.0,673.0
673.0,895.0
204.0,674.0
258.0,674.0
261.0,674.0
334.0,674.0
674.0,700.0
674.0,801.0
30.0,675.0
202.0,675.0
446.0,675.0
281.0,676.0
291.0,676.0
49.0,677.0
229.0,677.0
237.0,677.0
275.0,677.0
313.0,677.0
475.0,677.0
677.0,722.0
677.0,802.0
308.0,678.0
488.0,678.0
500.0,678.0
678.0,779.0
678.0,937.0
678.0,959.0
32.0,679.0
102.0,679.0
367.0,679.0
436.0,679.0
344.0,680.0
489.0,680.0
562.0,680.0
680.0,800.0
146.0,681.0
384.0,681.0
666.0,681.0
681.0,697.0
681.0,728.0
681.0,961.0
68.0,682.0
210.0,682.0
244.0,682.0
257.0,683.0
574.0,683.0
683.0,698.0
683.0,719.0
683.0,874.0
12.0,684.0
107.0,684.0
129.0,684.0
141.0,684.0
366.0,684.0
26.0,685.0
685.0,853.0
685.0,884.0
685.0,942.0
42.0,686.0
298.0,686.0
417.0,686.0
467.0,686.0
675.0,686.0
686.0,693.0
686.0,748.0
686.0,757.0
686.0,888.0
215.0,687.0
677.0,687.0
687.0,774.0
687.0,943.0
173.0,688.0
688.0,698.0
688.0,723.0
688.0,972.0
670.0,689.0
689.0,744.0
158.0,690.0
215.0,690.0
333.0,690.0
575.0,690.0
594.0,690.0
690.0,731.0
320.0,691.0
517.0,691.0
563.0,691.0
571.0,691.0
691.0,745.0
9.0,692.0
93.0,692.0
404.0,692.0
547.0,692.0
692.0,722.0
692.0,810.0
692.0,907.0
0.0,693.0
102.0,694.0
471.0,694.0
694.0,957.0
115.0,695.0
172.0,695.0
303.0,695.0
695.0,830.0
355.0,696.0
516.0,696.0
573.0,696.0
326.0,697.0
489.0,697.0
694.0,697.0
697.0,701.0
697.0,955.0
22.0,698.0
84.0,698.0
247.0,698.0
447.0,698.0
478.0,698.0
698.0,746.0
698.0,842.0
698.0,857.0
37.0,699.0
694.0,699.0
699.0,791.0
699.0,821.0
55.0,700.0
529.0,700.0
219.0,701.0
391.0,701.0
701.0,830.0
701.0,980.0
323.0,702.0
412.0,702.0
227.0,703.0
450.0,703.0
562.0,703.0
703.0,761.0
703.0,784.0
703.0,915.0
156.0,704.0
384.0,704.0
674.0,704.0
704.0,722.0
313.0,705.0
531.0,705.0
705.0,964.0
146.0,706.0
199.0,706.0
706.0,755.0
138.0,707.0
707.0,744.0
390.0,708.0
518.0,709.0
546.0,709.0
694.0,709.0
709.0,711.0
709.0,828.0
709.0,851.0
709.0,997.0
165.0,710.0
591.0,710.0
706.0,710.0
710.0,773.0
710.0,780.0
710.0,855.0
710.0,872.0
135.0,711.0
373.0,711.0
711.0,972.0
173.0,712.0
322.0,712.0
652.0,712.0
695.0,712.0
712.0,724.0
148.0,713.0
150.0,713.0
424.0,713.0
465.0,713.0
624.0,713.0
635.0,713.0
697.0,713.0
713.0,970.0
332.0,714.0
714.0,830.0
714.0,965.0
491.0,715.0
715.0,869.0
264.0,716.0
351.0,716.0
383.0,716.0
645.0,716.0
700.0,717.0
717.0,758.0
717.0,770.0
717.0,972.0
717.0,990.0
407.0,718.0
718.0,761.0
718.0,781.0
718.0,812.0
718.0,915.0
184.0,719.0
371.0,719.0
480.0,719.0
518.0,719.0
619.0,719.0
661.0,719.0
719.0,722.0
719.0,736.0
719.0,782.0
17.0,720.0
180.0,720.0
352.0,720.0
720.0,769.0
720.0,975.0
52.0,721.0
113.0,721.0
320.0,721.0
550.0,721.0
721.0,815.0
721.0,829.0
63.0,722.0
325.0,722.0
590.0,722.0
607.0,722.0
721.0,722.0
722.0,752.0
722.0,898.0
246.0,723.0
298.0,723.0
708.0,723.0
723.0,829.0
276.0,724.0
380.0,724.0
396.0,724.0
703.0,724.0
704.0,724.0
724.0,895.0
724.0,942.0
724.0,958.0
340.0,725.0
641.0,725.0
722.0,725.0
389.0,726.0
726.0,768.0
726.0,823.0
726.0,958.0
313.0,727.0
459.0,727.0
727.0,867.0
106.0,728.0
330.0,728.0
575.0,728.0
645.0,728.0
728.0,817.0
728.0,841.0
728.0,848.0
729.0,793.0
729.0,820.0
729.0,849.0
729.0,925.0
575.0,730.0
730.0,885.0
95.0,731.0
299.0,731.0
731.0,755.0
104.0,732.0
292.0,732.0
313.0,732.0
413.0,732.0
732.0,765.0
732.0,904.0
153.0,733.0
221.0,733.0
263.0,733.0
415.0,733.0
445.0,733.0
535.0,733.0
733.0,947.0
260.0,734.0
453.0,734.0
520.0,734.0
76.0,735.0
542.0,735.0
696.0,735.0
714.0,735.0
735.0,807.0
735.0,820.0
735.0,846.0
121.0,736.0
673.0,736.0
736.0,973.0
736.0,997.0
7.0,737.0
30.0,737.0
458.0,737.0
469.0,738.0
682.0,738.0
713.0,738.0
717.0,738.0
739.0,741.0
739.0,916.0
739.0,968.0
739.0,998.0
114.0,740.0
245.0,740.0
587.0,740.0
702.0,740.0
740.0,868.0
740.0,910.0
740.0,957.0
71.0,741.0
147.0,741.0
423.0,741.0
494.0,741.0
650.0,741.0
741.0,782.0
741.0,827.0
741.0,857.0
741.0,884.0
11.0,742.0
116.0,742.0
262.0,742.0
351.0,742.0
402.0,742.0
628.0,742.0
737.0,742.0
742.0,833.0
427.0,743.0
744.0,825.0
744.0,929.0
744.0,987.0
46.0,745.0
63.0,745.0
149.0,745.0
268.0,745.0
410.0,745.0
479.0,745.0
181.0,746.0
301.0,746.0
534.0,746.0
565.0,746.0
746.0,836.0
746.0,859.0
746.0,864.0
4.0,747.0
18.0,747.0
557.0,747.0
681.0,747.0
687.0,747.0
747.0,854.0
0.0,748.0
129.0,749.0
247.0,749.0
476.0,749.0
668.0,750.0
750.0,826.0
750.0,851.0
213.0,751.0
461.0,751.0
304.0,752.0
336.0,752.0
456.0,752.0
501.0,752.0
517.0,752.0
618.0,752.0
650.0,752.0
714.0,752.0
752.0,871.0
752.0,942.0
114.0,753.0
202.0,753.0
418.0,753.0
753.0,765.0
753.0,841.0
753.0,903.0
753.0,909.0
354.0,754.0
431.0,754.0
370.0,755.0
387.0,755.0
644.0,755.0
4.0,756.0
330.0,756.0
145.0,757.0
177.0,757.0
244.0,757.0
631.0,757.0
670.0,757.0
675.0,757.0
757.0,946.0
42.0,758.0
541.0,758.0
758.0,974.0
25.0,759.0
151.0,759.0
619.0,759.0
759.0,986.0
483.0,760.0
134.0,761.0
224.0,761.0
229.0,761.0
275.0,761.0
471.0,761.0
623.0,761.0
761.0,805.0
761.0,938.0
80.0,762.0
83.0,762.0
762.0,877.0
762.0,942.0
762.0,948.0
296.0,763.0
320.0,763.0
521.0,763.0
547.0,763.0
755.0,763.0
757.0,763.0
57.0,764.0
688.0,764.0
731.0,764.0
762.0,764.0
118.0,765.0
470.0,765.0
563.0,765.0
633.0,765.0
701.0,765.0
708.0,765.0
495.0,766.0
603.0,766.0
621.0,766.0
680.0,766.0
706.0,766.0
766.0,842.0
766.0,975.0
68.0,767.0
183.0,767.0
498.0,767.0
767.0,907.0
561.0,768.0
580.0,768.0
768.0,898.0
21.0,769.0
107.0,769.0
299.0,769.0
300.0,769.0
681.0,769.0
763.0,769.0
769.0,820.0
70.0,770.0
525.0,770.0
606.0,770.0
729.0,770.0
770.0,863.0
770.0,932.0
319.0,771.0
491.0,771.0
771.0,787.0
366.0,772.0
477.0,772.0
693.0,772.0
772.0,950.0
772.0,968.0
40.0,773.0
142.0,773.0
330.0,773.0
565.0,773.0
88.0,774.0
103.0,774.0
180.0,774.0
591.0,774.0
703.0,774.0
774.0,784.0
774.0,884.0
223.0,775.0
671.0,775.0
683.0,775.0
697.0,775.0
775.0,863.0
775.0,898.0
231.0,776.0
770.0,776.0
38.0,777.0
279.0,777.0
777.0,981.0
178.0,778.0
325.0,778.0
567.0,778.0
778.0,985.0
22.0,779.0
391.0,779.0
396.0,779.0
562.0,779.0
779.0,821.0
330.0,780.0
435.0,780.0
482.0,780.0
564.0,780.0
733.0,780.0
768.0,780.0
780.0,798.0
780.0,995.0
281.0,781.0
466.0,781.0
400.0,782.0
723.0,782.0
782.0,797.0
64.0,783.0
365.0,783.0
411.0,783.0
774.0,783.0
9.0,784.0
304.0,784.0
461.0,784.0
582.0,784.0
629.0,784.0
676.0,784.0
83.0,785.0
110.0,785.0
143.0,785.0
669.0,785.0
785.0,972.0
264.0,786.0
287.0,786.0
480.0,786.0
654.0,786.0
668.0,786.0
713.0,786.0
786.0,830.0
786.0,949.0
63.0,787.0
787.0,801.0
787.0,880.0
530.0,788.0
611.0,788.0
645.0,788.0
788.0,885.0
788.0,961.0
20.0,789.0
329.0,789.0
789.0,809.0
347.0,790.0
609.0,790.0
114.0,791.0
583.0,791.0
695.0,791.0
791.0,948.0
3.0,792.0
377.0,792.0
626.0,792.0
792.0,813.0
792.0,857.0
80.0,793.0
97.0,793.0
184.0,793.0
464.0,793.0
74.0,794.0
328.0,794.0
753.0,794.0
794.0,828.0
794.0,938.0
585.0,795.0
671.0,795.0
10.0,796.0
25.0,796.0
635.0,796.0
638.0,796.0
702.0,796.0
796.0,921.0
20.0,797.0
433.0,797.0
766.0,797.0
781.0,797.0
797.0,810.0
797.0,830.0
46.0,798.0
638.0,798.0
732.0,798.0
744.0,798.0
798.0,957.0
798.0,981.0
15.0,799.0
399.0,799.0
168.0,800.0
171.0,800.0
434.0,800.0
438.0,800.0
800.0,841.0
800.0,848.0
800.0,873.0
0.0,801.0
56.0,801.0
159.0,801.0
659.0,801.0
756.0,801.0
801.0,898.0
709.0,802.0
802.0,820.0
76.0,803.0
139.0,803.0
420.0,803.0
446.0,803.0
659.0,803.0
183.0,804.0
319.0,804.0
383.0,804.0
418.0,804.0
804.0,845.0
804.0,849.0
29.0,805.0
791.0,805.0
805.0,834.0
805.0,964.0
632.0,806.0
806.0,825.0
253.0,807.0
306.0,807.0
366.0,807.0
763.0,807.0
383.0,808.0
502.0,808.0
574.0,808.0
758.0,808.0
69.0,809.0
124.0,809.0
618.0,809.0
680.0,809.0
809.0,887.0
809.0,927.0
84.0,810.0
509.0,810.0
568.0,810.0
582.0,810.0
631.0,810.0
811.0,842.0
811.0,895.0
546.0,812.0
812.0,907.0
812.0,916.0
44.0,813.0
433.0,813.0
720.0,813.0
813.0,891.0
12.0,814.0
57.0,814.0
457.0,814.0
814.0,944.0
28.0,815.0
148.0,815.0
529.0,815.0
799.0,815.0
713.0,816.0
725.0,816.0
793.0,816.0
816.0,839.0
145.0,817.0
437.0,817.0
7.0,818.0
156.0,818.0
503.0,818.0
688.0,818.0
115.0,819.0
337.0,819.0
49.0,820.0
54.0,820.0
71.0,820.0
122.0,820.0
247.0,820.0
258.0,820.0
296.0,820.0
333.0,820.0
764.0,820.0
155.0,821.0
467.0,821.0
821.0,874.0
821.0,925.0
821.0,936.0
109.0,822.0
822.0,972.0
263.0,823.0
310.0,823.0
313.0,823.0
556.0,823.0
823.0,839.0
823.0,914.0
823.0,931.0
720.0,824.0
824.0,881.0
469.0,825.0
700.0,825.0
825.0,848.0
825.0,915.0
78.0,826.0
285.0,826.0
613.0,826.0
702.0,826.0
711.0,826.0
773.0,826.0
826.0,865.0
826.0,998.0
362.0,827.0
365.0,827.0
794.0,827.0
807.0,827.0
827.0,893.0
315.0,828.0
707.0,828.0
716.0,828.0
828.0,877.0
828.0,918.0
122.0,829.0
222.0,829.0
529.0,829.0
206.0,830.0
211.0,830.0
282.0,830.0
539.0,830.0
830.0,951.0
26.0,831.0
27.0,831.0
704.0,831.0
822.0,831.0
831.0,906.0
831.0,942.0
831.0,974.0
0.0,832.0
31.0,833.0
153.0,833.0
426.0,833.0
454.0,833.0
607.0,833.0
747.0,833.0
833.0,874.0
833.0,912.0
833.0,919.0
833.0,922.0
833.0,943.0
209.0,834.0
536.0,834.0
646.0,834.0
758.0,834.0
759.0,834.0
822.0,834.0
834.0,982.0
31.0,835.0
54.0,835.0
107.0,835.0
287.0,835.0
578.0,835.0
702.0,836.0
703.0,836.0
742.0,836.0
186.0,837.0
605.0,837.0
718.0,837.0
49.0,838.0
121.0,838.0
190.0,838.0
464.0,838.0
838.0,860.0
611.0,839.0
624.0,839.0
653.0,839.0
839.0,978.0
404.0,840.0
591.0,840.0
41.0,841.0
136.0,841.0
506.0,841.0
550.0,841.0
841.0,857.0
173.0,842.0
290.0,842.0
432.0,842.0
499.0,842.0
793.0,842.0
38.0,843.0
39.0,843.0
82.0,843.0
234.0,843.0
412.0,843.0
549.0,843.0
821.0,843.0
843.0,883.0
402.0,844.0
466.0,844.0
695.0,844.0
844.0,846.0
844.0,979.0
556.0,845.0
845.0,941.0
845.0,944.0
243.0,846.0
439.0,846.0
471.0,846.0
506.0,846.0
841.0,846.0
200.0,847.0
677.0,847.0
847.0,862.0
49.0,848.0
85.0,848.0
252.0,848.0
430.0,848.0
848.0,881.0
193.0,849.0
454.0,849.0
630.0,849.0
646.0,849.0
686.0,849.0
738.0,849.0
849.0,853.0
849.0,864.0
849.0,890.0
849.0,962.0
820.0,850.0
606.0,851.0
807.0,851.0
851.0,935.0
127.0,852.0
188.0,852.0
345.0,852.0
476.0,852.0
609.0,852.0
659.0,852.0
767.0,852.0
820.0,852.0
110.0,853.0
122.0,853.0
424.0,853.0
853.0,922.0
853.0,940.0
10.0,854.0
283.0,854.0
305.0,854.0
610.0,854.0
749.0,854.0
854.0,855.0
854.0,919.0
854.0,930.0
713.0,855.0
737.0,855.0
821.0,855.0
855.0,916.0
291.0,856.0
595.0,856.0
639.0,856.0
88.0,857.0
134.0,857.0
336.0,857.0
857.0,942.0
857.0,950.0
140.0,858.0
144.0,858.0
796.0,858.0
858.0,861.0
858.0,896.0
534.0,859.0
675.0,859.0
828.0,859.0
333.0,860.0
355.0,860.0
860.0,916.0
66.0,861.0
358.0,861.0
374.0,861.0
749.0,861.0
861.0,912.0
58.0,862.0
135.0,862.0
179.0,862.0
240.0,862.0
572.0,862.0
862.0,948.0
521.0,863.0
863.0,963.0
81.0,864.0
502.0,864.0
750.0,864.0
864.0,879.0
803.0,865.0
865.0,944.0
103.0,866.0
107.0,866.0
389.0,866.0
746.0,866.0
820.0,866.0
844.0,866.0
866.0,916.0
176.0,867.0
543.0,867.0
564.0,867.0
619.0,867.0
722.0,867.0
765.0,867.0
833.0,867.0
867.0,934.0
867.0,945.0
115.0,868.0
481.0,868.0
549.0,868.0
677.0,868.0
844.0,868.0
868.0,936.0
290.0,869.0
481.0,869.0
801.0,869.0
813.0,869.0
834.0,869.0
220.0,870.0
435.0,870.0
458.0,870.0
837.0,870.0
870.0,978.0
143.0,871.0
394.0,871.0
416.0,871.0
676.0,871.0
871.0,883.0
45.0,872.0
182.0,872.0
487.0,872.0
765.0,872.0
95.0,873.0
162.0,873.0
166.0,873.0
293.0,873.0
447.0,873.0
457.0,873.0
587.0,873.0
873.0,965.0
345.0,874.0
374.0,874.0
431.0,874.0
584.0,874.0
653.0,874.0
146.0,875.0
439.0,875.0
482.0,875.0
492.0,875.0
617.0,875.0
661.0,875.0
0.0,876.0
587.0,877.0
703.0,877.0
739.0,877.0
877.0,895.0
85.0,878.0
192.0,878.0
336.0,878.0
454.0,878.0
878.0,938.0
838.0,879.0
879.0,956.0
440.0,880.0
449.0,880.0
563.0,880.0
565.0,880.0
659.0,880.0
769.0,880.0
818.0,880.0
166.0,881.0
172.0,881.0
201.0,881.0
264.0,881.0
474.0,881.0
515.0,881.0
608.0,881.0
796.0,881.0
854.0,881.0
881.0,932.0
881.0,975.0
843.0,882.0
882.0,948.0
136.0,883.0
176.0,883.0
883.0,981.0
191.0,884.0
411.0,884.0
690.0,884.0
884.0,922.0
884.0,998.0
84.0,885.0
391.0,885.0
509.0,885.0
808.0,885.0
112.0,886.0
319.0,886.0
546.0,886.0
620.0,886.0
842.0,886.0
886.0,928.0
459.0,887.0
665.0,887.0
854.0,887.0
887.0,996.0
4.0,888.0
235.0,888.0
269.0,888.0
379.0,888.0
408.0,888.0
451.0,888.0
557.0,888.0
888.0,915.0
519.0,889.0
785.0,889.0
211.0,890.0
288.0,890.0
723.0,890.0
775.0,890.0
855.0,890.0
832.0,891.0
891.0,892.0
891.0,963.0
185.0,892.0
238.0,892.0
722.0,892.0
826.0,892.0
865.0,892.0
213.0,893.0
320.0,893.0
506.0,893.0
801.0,893.0
846.0,893.0
893.0,914.0
28.0,894.0
59.0,894.0
346.0,894.0
611.0,894.0
679.0,894.0
859.0,894.0
75.0,895.0
97.0,895.0
105.0,895.0
341.0,895.0
411.0,895.0
489.0,895.0
682.0,895.0
758.0,895.0
775.0,895.0
883.0,895.0
558.0,896.0
896.0,958.0
52.0,897.0
298.0,897.0
449.0,897.0
808.0,897.0
832.0,897.0
400.0,898.0
408.0,898.0
414.0,898.0
571.0,898.0
15.0,899.0
364.0,899.0
819.0,899.0
890.0,899.0
899.0,956.0
132.0,900.0
473.0,900.0
748.0,900.0
833.0,900.0
900.0,938.0
128.0,901.0
733.0,901.0
134.0,902.0
404.0,902.0
779.0,902.0
804.0,902.0
856.0,902.0
880.0,902.0
403.0,903.0
428.0,903.0
584.0,903.0
637.0,903.0
643.0,903.0
645.0,903.0
740.0,903.0
747.0,903.0
903.0,927.0
903.0,992.0
316.0,904.0
828.0,904.0
904.0,972.0
172.0,905.0
437.0,905.0
481.0,905.0
762.0,905.0
54.0,906.0
508.0,906.0
735.0,906.0
737.0,906.0
762.0,906.0
765.0,906.0
870.0,906.0
906.0,942.0
906.0,965.0
34.0,907.0
264.0,907.0
801.0,907.0
903.0,907.0
11.0,908.0
122.0,908.0
184.0,908.0
230.0,908.0
783.0,908.0
908.0,994.0
220.0,909.0
795.0,909.0
863.0,909.0
202.0,910.0
506.0,910.0
511.0,910.0
623.0,910.0
728.0,910.0
860.0,910.0
867.0,910.0
910.0,953.0
175.0,911.0
233.0,911.0
457.0,911.0
722.0,911.0
907.0,911.0
911.0,938.0
911.0,945.0
688.0,912.0
875.0,913.0
913.0,941.0
48.0,914.0
83.0,914.0
124.0,914.0
193.0,914.0
360.0,914.0
620.0,914.0
901.0,914.0
914.0,991.0
34.0,915.0
216.0,915.0
263.0,915.0
499.0,915.0
580.0,915.0
801.0,915.0
915.0,963.0
759.0,916.0
825.0,916.0
881.0,916.0
916.0,928.0
916.0,941.0
377.0,917.0
457.0,917.0
459.0,917.0
786.0,917.0
917.0,967.0
917.0,992.0
152.0,918.0
407.0,918.0
408.0,918.0
460.0,918.0
694.0,918.0
918.0,998.0
894.0,919.0
21.0,920.0
320.0,920.0
354.0,920.0
582.0,920.0
920.0,927.0
449.0,921.0
482.0,921.0
579.0,921.0
598.0,921.0
921.0,936.0
921.0,976.0
100.0,922.0
176.0,922.0
190.0,922.0
284.0,922.0
494.0,922.0
620.0,922.0
668.0,922.0
741.0,922.0
757.0,922.0
781.0,922.0
843.0,922.0
94.0,923.0
510.0,923.0
564.0,923.0
722.0,923.0
352.0,924.0
403.0,924.0
680.0,924.0
689.0,924.0
744.0,924.0
500.0,925.0
620.0,925.0
653.0,925.0
431.0,926.0
675.0,926.0
907.0,926.0
912.0,926.0
926.0,997.0
27.0,927.0
73.0,927.0
382.0,927.0
454.0,927.0
470.0,927.0
602.0,927.0
707.0,927.0
762.0,927.0
174.0,928.0
245.0,928.0
541.0,928.0
563.0,928.0
587.0,928.0
738.0,928.0
800.0,928.0
897.0,928.0
928.0,941.0
109.0,929.0
267.0,929.0
373.0,929.0
438.0,929.0
65.0,930.0
260.0,930.0
426.0,930.0
925.0,930.0
216.0,931.0
435.0,931.0
526.0,931.0
595.0,931.0
796.0,931.0
922.0,931.0
931.0,977.0
931.0,996.0
639.0,932.0
646.0,932.0
932.0,947.0
933.0,964.0
933.0,994.0
34.0,934.0
91.0,934.0
434.0,934.0
465.0,935.0
907.0,935.0
271.0,936.0
606.0,936.0
856.0,936.0
863.0,936.0
716.0,937.0
274.0,938.0
562.0,938.0
644.0,938.0
703.0,938.0
718.0,938.0
867.0,938.0
938.0,990.0
78.0,939.0
98.0,939.0
858.0,939.0
86.0,940.0
195.0,940.0
286.0,940.0
349.0,940.0
467.0,940.0
533.0,940.0
598.0,940.0
601.0,940.0
905.0,940.0
0.0,941.0
332.0,942.0
828.0,942.0
258.0,943.0
340.0,943.0
609.0,943.0
698.0,943.0
740.0,943.0
374.0,944.0
697.0,944.0
753.0,944.0
760.0,944.0
899.0,944.0
5.0,945.0
321.0,945.0
383.0,945.0
525.0,945.0
744.0,945.0
43.0,946.0
102.0,946.0
131.0,946.0
243.0,947.0
309.0,947.0
351.0,947.0
738.0,947.0
810.0,947.0
837.0,947.0
947.0,995.0
306.0,948.0
796.0,948.0
857.0,948.0
893.0,948.0
903.0,948.0
948.0,957.0
286.0,949.0
876.0,949.0
905.0,949.0
84.0,950.0
635.0,950.0
766.0,950.0
877.0,950.0
950.0,964.0
215.0,951.0
417.0,951.0
458.0,951.0
504.0,951.0
627.0,951.0
951.0,975.0
259.0,952.0
384.0,952.0
436.0,952.0
572.0,952.0
579.0,952.0
710.0,952.0
918.0,952.0
10.0,953.0
65.0,953.0
77.0,953.0
270.0,953.0
343.0,953.0
742.0,953.0
860.0,953.0
33.0,954.0
55.0,954.0
292.0,954.0
370.0,954.0
529.0,954.0
833.0,954.0
865.0,954.0
692.0,955.0
760.0,955.0
799.0,955.0
126.0,956.0
264.0,956.0
376.0,956.0
392.0,956.0
499.0,956.0
580.0,956.0
620.0,956.0
676.0,956.0
715.0,956.0
373.0,957.0
440.0,957.0
445.0,957.0
791.0,957.0
910.0,957.0
925.0,957.0
940.0,957.0
334.0,958.0
670.0,958.0
223.0,959.0
516.0,959.0
706.0,959.0
959.0,996.0
13.0,960.0
14.0,960.0
126.0,960.0
136.0,960.0
161.0,960.0
606.0,960.0
704.0,960.0
932.0,960.0
949.0,960.0
498.0,961.0
667.0,961.0
753.0,961.0
785.0,961.0
839.0,961.0
843.0,961.0
228.0,962.0
241.0,962.0
253.0,962.0
276.0,962.0
823.0,962.0
851.0,962.0
26.0,963.0
41.0,963.0
83.0,963.0
387.0,963.0
583.0,963.0
623.0,963.0
686.0,963.0
942.0,963.0
9.0,964.0
30.0,964.0
45.0,964.0
48.0,964.0
312.0,964.0
629.0,964.0
859.0,964.0
956.0,964.0
114.0,965.0
469.0,965.0
892.0,965.0
35.0,966.0
430.0,966.0
860.0,966.0
503.0,967.0
631.0,967.0
129.0,968.0
198.0,968.0
253.0,968.0
486.0,968.0
907.0,968.0
121.0,969.0
405.0,969.0
460.0,969.0
840.0,969.0
969.0,979.0
95.0,970.0
423.0,970.0
706.0,970.0
854.0,970.0
62.0,971.0
292.0,971.0
364.0,971.0
426.0,971.0
860.0,971.0
69.0,972.0
117.0,972.0
216.0,972.0
268.0,972.0
294.0,972.0
358.0,972.0
393.0,972.0
425.0,972.0
565.0,972.0
611.0,972.0
898.0,972.0
363.0,973.0
668.0,973.0
873.0,973.0
874.0,973.0
272.0,974.0
343.0,974.0
456.0,974.0
561.0,974.0
915.0,974.0
135.0,975.0
251.0,975.0
398.0,975.0
452.0,975.0
683.0,975.0
764.0,975.0
161.0,976.0
248.0,976.0
543.0,976.0
799.0,976.0
880.0,976.0
976.0,991.0
0.0,977.0
21.0,978.0
144.0,978.0
213.0,978.0
226.0,978.0
318.0,978.0
406.0,978.0
667.0,978.0
819.0,978.0
978.0,979.0
978.0,981.0
50.0,979.0
527.0,979.0
647.0,979.0
778.0,979.0
125.0,980.0
512.0,980.0
529.0,980.0
645.0,980.0
980.0,992.0
30.0,981.0
36.0,981.0
405.0,981.0
530.0,981.0
545.0,981.0
757.0,981.0
810.0,981.0
71.0,982.0
139.0,982.0
196.0,982.0
288.0,982.0
678.0,982.0
399.0,983.0
748.0,983.0
983.0,984.0
21.0,984.0
918.0,984.0
28.0,985.0
308.0,985.0
450.0,985.0
767.0,985.0
894.0,985.0
985.0,998.0
537.0,986.0
926.0,986.0
72.0,987.0
676.0,987.0
33.0,988.0
51.0,988.0
161.0,988.0
191.0,988.0
222.0,988.0
464.0,988.0
661.0,988.0
733.0,988.0
767.0,988.0
124.0,989.0
542.0,989.0
665.0,989.0
212.0,990.0
231.0,990.0
670.0,990.0
865.0,990.0
83.0,991.0
157.0,991.0
161.0,991.0
454.0,991.0
738.0,991.0
989.0,991.0
37.0,992.0
305.0,992.0
796.0,992.0
881.0,992.0
41.0,993.0
234.0,993.0
304.0,993.0
488.0,993.0
699.0,993.0
307.0,994.0
367.0,994.0
12.0,995.0
275.0,995.0
429.0,995.0
538.0,995.0
760.0,995.0
831.0,995.0
163.0,996.0
481.0,996.0
636.0,996.0
642.0,996.0
679.0,996.0
764.0,996.0
865.0,996.0
176.0,997.0
280.0,997.0
974.0,997.0
280.0,998.0
680.0,998.0
775.0,998.0
824.0,998.0
13.0,999.0
88.0,999.0
775.0,999.0
843.0,999.0
