i,j
656.0,0.0
378.0,1.0
632.0,1.0
911.0,1.0
916.0,1.0
933.0,1.0
23.0,2.0
51.0,2.0
202.0,2.0
401.0,2.0
414.0,2.0
421.0,2.0
685.0,2.0
806.0,2.0
8.0,3.0
53.0,3.0
132.0,3.0
212.0,3.0
318.0,3.0
321.0,3.0
512.0,3.0
899.0,3.0
8.0,4.0
523.0,4.0
219.0,5.0
390.0,5.0
533.0,5.0
104.0,6.0
256.0,6.0
737.0,6.0
30.0,7.0
249.0,7.0
511.0,7.0
549.0,7.0
817.0,7.0
988.0,7.0
295.0,8.0
366.0,8.0
714.0,8.0
730.0,8.0
751.0,8.0
839.0,8.0
892.0,8.0
286.0,9.0
361.0,9.0
492.0,9.0
880.0,10.0
903.0,10.0
53.0,11.0
174.0,11.0
275.0,11.0
500.0,11.0
982.0,11.0
384.0,12.0
497.0,12.0
42.0,13.0
301.0,13.0
403.0,13.0
518.0,13.0
524.0,13.0
588.0,13.0
592.0,13.0
751.0,13.0
806.0,13.0
145.0,14.0
189.0,14.0
379.0,14.0
104.0,15.0
639.0,15.0
937.0,15.0
945.0,15.0
187.0,16.0
198.0,16.0
433.0,16.0
649.0,16.0
696.0,16.0
727.0,16.0
852.0,16.0
875.0,16.0
397.0,17.0
583.0,17.0
899.0,17.0
24.0,18.0
72.0,18.0
134.0,18.0
166.0,18.0
455.0,18.0
261.0,19.0
407.0,19.0
523.0,19.0
623.0,19.0
912.0,19.0
20.0,15.0
172.0,20.0
295.0,20.0
406.0,20.0
553.0,20.0
596.0,20.0
84.0,21.0
93.0,21.0
336.0,21.0
468.0,21.0
765.0,21.0
786.0,21.0
254.0,22.0
522.0,22.0
567.0,22.0
624.0,22.0
895.0,22.0
33.0,23.0
67.0,23.0
653.0,23.0
82.0,24.0
275.0,24.0
763.0,24.0
771.0,24.0
869.0,24.0
996.0,24.0
117.0,25.0
300.0,25.0
549.0,25.0
763.0,25.0
964.0,25.0
968.0,25.0
981.0,25.0
26.0,17.0
26.0,18.0
309.0,26.0
630.0,26.0
934.0,26.0
977.0,26.0
34.0,27.0
97.0,27.0
403.0,27.0
786.0,27.0
972.0,27.0
75.0,28.0
415.0,28.0
416.0,28.0
494.0,28.0
574.0,28.0
708.0,28.0
114.0,29.0
136.0,29.0
293.0,29.0
423.0,29.0
622.0,29.0
793.0,29.0
59.0,30.0
274.0,30.0
342.0,30.0
406.0,30.0
411.0,30.0
496.0,30.0
763.0,30.0
385.0,31.0
438.0,31.0
556.0,31.0
970.0,31.0
170.0,32.0
362.0,32.0
452.0,32.0
622.0,32.0
745.0,32.0
753.0,32.0
62.0,33.0
129.0,33.0
218.0,33.0
539.0,33.0
680.0,33.0
740.0,33.0
776.0,33.0
905.0,33.0
185.0,34.0
689.0,34.0
812.0,34.0
840.0,34.0
843.0,34.0
886.0,34.0
908.0,34.0
955.0,34.0
60.0,35.0
265.0,35.0
407.0,35.0
517.0,35.0
728.0,35.0
898.0,35.0
876.0,36.0
923.0,36.0
444.0,37.0
566.0,37.0
578.0,37.0
260.0,38.0
278.0,38.0
438.0,39.0
40.0,11.0
203.0,40.0
351.0,40.0
492.0,40.0
560.0,40.0
561.0,40.0
804.0,40.0
41.0,13.0
160.0,41.0
182.0,41.0
378.0,41.0
441.0,41.0
505.0,41.0
521.0,41.0
924.0,41.0
594.0,42.0
650.0,42.0
761.0,42.0
798.0,42.0
982.0,42.0
43.0,41.0
228.0,43.0
294.0,43.0
989.0,43.0
374.0,44.0
684.0,44.0
145.0,45.0
201.0,45.0
243.0,45.0
675.0,45.0
677.0,45.0
694.0,45.0
958.0,45.0
60.0,46.0
307.0,46.0
449.0,46.0
55.0,47.0
220.0,47.0
648.0,47.0
710.0,47.0
748.0,47.0
787.0,47.0
170.0,48.0
217.0,48.0
304.0,48.0
456.0,48.0
900.0,48.0
285.0,49.0
291.0,49.0
941.0,49.0
744.0,50.0
510.0,51.0
513.0,51.0
52.0,20.0
68.0,52.0
575.0,52.0
783.0,52.0
856.0,52.0
909.0,52.0
538.0,53.0
547.0,53.0
925.0,53.0
942.0,53.0
103.0,54.0
338.0,54.0
380.0,54.0
540.0,54.0
563.0,54.0
800.0,54.0
846.0,54.0
83.0,55.0
287.0,55.0
511.0,55.0
693.0,55.0
710.0,55.0
155.0,56.0
313.0,56.0
351.0,56.0
413.0,56.0
591.0,56.0
57.0,6.0
208.0,57.0
307.0,57.0
426.0,57.0
686.0,57.0
811.0,57.0
71.0,58.0
855.0,58.0
123.0,59.0
271.0,59.0
586.0,59.0
85.0,60.0
615.0,60.0
832.0,60.0
939.0,60.0
266.0,61.0
364.0,61.0
407.0,61.0
540.0,61.0
921.0,61.0
941.0,61.0
78.0,62.0
322.0,62.0
384.0,62.0
454.0,62.0
710.0,62.0
856.0,62.0
945.0,62.0
63.0,18.0
509.0,63.0
647.0,63.0
725.0,63.0
398.0,64.0
611.0,65.0
129.0,66.0
134.0,66.0
329.0,66.0
504.0,66.0
624.0,66.0
695.0,66.0
67.0,36.0
365.0,67.0
725.0,67.0
735.0,67.0
753.0,67.0
783.0,67.0
985.0,67.0
268.0,68.0
329.0,68.0
464.0,68.0
524.0,68.0
877.0,68.0
933.0,68.0
317.0,69.0
473.0,69.0
988.0,69.0
438.0,70.0
588.0,70.0
591.0,70.0
951.0,70.0
95.0,71.0
367.0,71.0
382.0,71.0
403.0,71.0
502.0,71.0
887.0,71.0
907.0,71.0
952.0,71.0
975.0,71.0
177.0,72.0
218.0,72.0
485.0,72.0
520.0,72.0
766.0,72.0
858.0,72.0
73.0,24.0
74.0,73.0
300.0,73.0
369.0,73.0
395.0,73.0
401.0,73.0
459.0,73.0
675.0,73.0
74.0,73.0
150.0,74.0
270.0,74.0
307.0,74.0
428.0,74.0
470.0,74.0
859.0,74.0
75.0,31.0
539.0,75.0
159.0,76.0
387.0,76.0
543.0,76.0
579.0,76.0
595.0,76.0
727.0,76.0
77.0,0.0
144.0,78.0
306.0,78.0
417.0,78.0
536.0,78.0
79.0,50.0
112.0,79.0
428.0,79.0
558.0,79.0
754.0,79.0
198.0,80.0
799.0,80.0
739.0,81.0
255.0,82.0
356.0,82.0
83.0,13.0
83.0,65.0
102.0,83.0
118.0,83.0
236.0,83.0
362.0,83.0
823.0,83.0
149.0,84.0
426.0,84.0
97.0,85.0
262.0,85.0
555.0,85.0
825.0,85.0
886.0,85.0
86.0,14.0
86.0,21.0
86.0,28.0
86.0,55.0
460.0,86.0
470.0,86.0
509.0,86.0
609.0,86.0
116.0,87.0
264.0,87.0
534.0,87.0
675.0,87.0
750.0,87.0
813.0,87.0
851.0,87.0
987.0,87.0
88.0,82.0
205.0,88.0
389.0,88.0
502.0,88.0
684.0,88.0
762.0,88.0
963.0,88.0
122.0,89.0
174.0,89.0
300.0,89.0
360.0,89.0
468.0,89.0
514.0,89.0
637.0,89.0
645.0,89.0
248.0,90.0
461.0,90.0
509.0,90.0
800.0,90.0
91.0,6.0
197.0,91.0
444.0,91.0
481.0,91.0
775.0,91.0
917.0,91.0
111.0,92.0
147.0,92.0
870.0,92.0
967.0,92.0
93.0,82.0
144.0,93.0
357.0,93.0
439.0,93.0
874.0,93.0
110.0,94.0
123.0,94.0
463.0,94.0
95.0,31.0
558.0,95.0
750.0,95.0
147.0,96.0
308.0,96.0
378.0,96.0
565.0,96.0
662.0,96.0
986.0,96.0
237.0,97.0
301.0,97.0
352.0,97.0
459.0,97.0
478.0,97.0
565.0,97.0
771.0,97.0
835.0,97.0
975.0,97.0
105.0,98.0
119.0,98.0
124.0,98.0
150.0,98.0
959.0,98.0
628.0,99.0
808.0,99.0
100.0,68.0
418.0,100.0
428.0,100.0
502.0,100.0
692.0,100.0
847.0,100.0
855.0,100.0
101.0,10.0
195.0,101.0
397.0,101.0
480.0,101.0
626.0,101.0
759.0,101.0
826.0,101.0
913.0,101.0
102.0,97.0
231.0,102.0
360.0,102.0
474.0,102.0
601.0,102.0
785.0,102.0
853.0,102.0
968.0,102.0
327.0,103.0
333.0,103.0
368.0,103.0
597.0,103.0
115.0,104.0
257.0,104.0
105.0,31.0
105.0,43.0
337.0,105.0
530.0,105.0
720.0,105.0
833.0,105.0
918.0,105.0
555.0,106.0
839.0,106.0
262.0,107.0
367.0,107.0
406.0,107.0
521.0,107.0
619.0,107.0
941.0,107.0
108.0,55.0
108.0,76.0
118.0,108.0
547.0,108.0
717.0,108.0
742.0,108.0
886.0,108.0
233.0,109.0
303.0,110.0
522.0,110.0
730.0,110.0
111.0,88.0
332.0,111.0
539.0,111.0
685.0,111.0
755.0,111.0
112.0,26.0
259.0,112.0
353.0,112.0
925.0,112.0
998.0,112.0
113.0,9.0
226.0,113.0
418.0,113.0
574.0,113.0
625.0,113.0
783.0,113.0
957.0,113.0
114.0,58.0
162.0,114.0
545.0,114.0
820.0,114.0
938.0,114.0
996.0,114.0
423.0,115.0
497.0,115.0
730.0,115.0
832.0,115.0
845.0,115.0
955.0,115.0
334.0,116.0
483.0,116.0
509.0,116.0
610.0,116.0
621.0,116.0
704.0,116.0
861.0,116.0
323.0,117.0
472.0,117.0
599.0,117.0
789.0,117.0
796.0,117.0
907.0,117.0
222.0,118.0
539.0,118.0
574.0,118.0
824.0,118.0
895.0,118.0
119.0,86.0
119.0,102.0
194.0,119.0
446.0,119.0
750.0,119.0
866.0,119.0
422.0,120.0
650.0,120.0
744.0,120.0
820.0,120.0
896.0,120.0
947.0,120.0
121.0,26.0
304.0,121.0
357.0,121.0
463.0,121.0
717.0,121.0
857.0,121.0
345.0,122.0
382.0,122.0
610.0,122.0
876.0,122.0
168.0,123.0
320.0,123.0
353.0,123.0
522.0,123.0
532.0,123.0
550.0,123.0
124.0,42.0
129.0,124.0
151.0,124.0
524.0,124.0
577.0,124.0
845.0,124.0
920.0,124.0
235.0,125.0
411.0,125.0
424.0,125.0
430.0,125.0
591.0,125.0
716.0,125.0
948.0,125.0
126.0,103.0
299.0,126.0
609.0,126.0
648.0,126.0
866.0,126.0
992.0,126.0
127.0,16.0
223.0,127.0
517.0,127.0
529.0,127.0
128.0,84.0
347.0,128.0
202.0,129.0
530.0,129.0
601.0,129.0
741.0,129.0
195.0,130.0
351.0,130.0
275.0,131.0
509.0,131.0
726.0,131.0
733.0,131.0
132.0,12.0
640.0,132.0
721.0,132.0
740.0,132.0
759.0,132.0
195.0,133.0
370.0,133.0
831.0,133.0
536.0,134.0
849.0,134.0
850.0,134.0
279.0,135.0
715.0,135.0
136.0,42.0
166.0,136.0
255.0,136.0
309.0,136.0
405.0,136.0
528.0,136.0
137.0,75.0
305.0,137.0
633.0,137.0
910.0,137.0
922.0,137.0
434.0,138.0
564.0,138.0
589.0,138.0
824.0,138.0
870.0,138.0
935.0,138.0
968.0,138.0
139.0,9.0
155.0,139.0
818.0,139.0
140.0,87.0
189.0,140.0
325.0,140.0
471.0,140.0
768.0,140.0
776.0,140.0
810.0,140.0
882.0,140.0
950.0,140.0
141.0,98.0
147.0,141.0
214.0,141.0
142.0,0.0
143.0,33.0
492.0,143.0
672.0,143.0
894.0,143.0
470.0,144.0
586.0,144.0
780.0,144.0
367.0,145.0
415.0,145.0
453.0,145.0
542.0,145.0
614.0,145.0
975.0,145.0
450.0,146.0
494.0,146.0
742.0,146.0
147.0,54.0
259.0,147.0
479.0,147.0
562.0,147.0
784.0,147.0
864.0,147.0
165.0,148.0
390.0,148.0
430.0,148.0
675.0,148.0
688.0,148.0
884.0,148.0
932.0,148.0
960.0,148.0
389.0,149.0
762.0,149.0
819.0,149.0
927.0,149.0
591.0,150.0
726.0,150.0
742.0,150.0
877.0,150.0
972.0,150.0
238.0,151.0
592.0,151.0
731.0,151.0
152.0,0.0
153.0,24.0
299.0,153.0
307.0,153.0
685.0,153.0
775.0,153.0
176.0,154.0
189.0,154.0
499.0,154.0
936.0,154.0
155.0,5.0
313.0,155.0
577.0,155.0
156.0,0.0
322.0,156.0
595.0,156.0
609.0,156.0
826.0,156.0
964.0,156.0
641.0,157.0
158.0,71.0
661.0,158.0
956.0,158.0
159.0,63.0
265.0,159.0
543.0,159.0
730.0,159.0
733.0,159.0
768.0,159.0
901.0,159.0
431.0,160.0
578.0,160.0
697.0,160.0
712.0,160.0
161.0,19.0
161.0,41.0
161.0,88.0
187.0,161.0
316.0,161.0
475.0,161.0
540.0,161.0
789.0,161.0
814.0,161.0
821.0,161.0
857.0,161.0
933.0,161.0
162.0,8.0
207.0,162.0
297.0,162.0
973.0,162.0
163.0,82.0
170.0,163.0
316.0,163.0
395.0,163.0
512.0,163.0
973.0,163.0
164.0,25.0
164.0,27.0
481.0,164.0
549.0,164.0
758.0,164.0
963.0,164.0
165.0,55.0
717.0,165.0
166.0,88.0
332.0,166.0
382.0,166.0
526.0,166.0
666.0,166.0
788.0,166.0
836.0,166.0
854.0,166.0
167.0,80.0
258.0,167.0
587.0,167.0
786.0,167.0
897.0,167.0
941.0,167.0
950.0,167.0
966.0,167.0
168.0,57.0
168.0,152.0
231.0,168.0
260.0,168.0
332.0,168.0
489.0,168.0
952.0,168.0
981.0,168.0
210.0,169.0
433.0,169.0
435.0,170.0
493.0,170.0
558.0,170.0
808.0,170.0
913.0,170.0
997.0,170.0
190.0,171.0
438.0,171.0
629.0,171.0
864.0,171.0
882.0,171.0
404.0,172.0
989.0,172.0
268.0,173.0
983.0,173.0
264.0,174.0
389.0,174.0
910.0,174.0
662.0,175.0
734.0,175.0
300.0,176.0
392.0,176.0
394.0,176.0
913.0,176.0
177.0,72.0
177.0,129.0
344.0,177.0
537.0,177.0
674.0,177.0
931.0,177.0
178.0,121.0
178.0,177.0
857.0,178.0
179.0,16.0
180.0,14.0
401.0,180.0
492.0,180.0
505.0,180.0
617.0,180.0
637.0,180.0
755.0,180.0
181.0,163.0
373.0,181.0
182.0,70.0
390.0,182.0
416.0,182.0
564.0,182.0
576.0,182.0
887.0,182.0
183.0,131.0
428.0,183.0
762.0,183.0
929.0,183.0
996.0,183.0
184.0,8.0
346.0,184.0
560.0,184.0
561.0,184.0
700.0,184.0
818.0,184.0
390.0,185.0
565.0,185.0
616.0,185.0
668.0,185.0
677.0,185.0
709.0,185.0
882.0,185.0
336.0,186.0
834.0,186.0
300.0,187.0
330.0,187.0
402.0,187.0
677.0,187.0
943.0,187.0
188.0,177.0
375.0,188.0
841.0,188.0
189.0,173.0
293.0,189.0
319.0,189.0
569.0,189.0
706.0,189.0
724.0,189.0
739.0,189.0
846.0,189.0
876.0,189.0
199.0,190.0
334.0,190.0
341.0,190.0
543.0,190.0
865.0,190.0
191.0,0.0
677.0,192.0
692.0,192.0
327.0,193.0
923.0,193.0
953.0,193.0
194.0,12.0
194.0,145.0
209.0,194.0
293.0,194.0
418.0,194.0
487.0,194.0
566.0,194.0
570.0,194.0
772.0,194.0
788.0,194.0
314.0,195.0
585.0,195.0
591.0,195.0
684.0,195.0
721.0,195.0
827.0,195.0
853.0,195.0
968.0,195.0
196.0,51.0
290.0,196.0
330.0,196.0
509.0,196.0
550.0,196.0
783.0,196.0
197.0,41.0
197.0,101.0
296.0,197.0
362.0,197.0
508.0,197.0
540.0,197.0
786.0,197.0
920.0,197.0
198.0,48.0
587.0,198.0
642.0,198.0
199.0,49.0
199.0,57.0
200.0,199.0
249.0,199.0
703.0,199.0
747.0,199.0
200.0,165.0
255.0,200.0
437.0,200.0
547.0,200.0
201.0,94.0
201.0,137.0
328.0,201.0
441.0,201.0
861.0,201.0
954.0,201.0
202.0,144.0
210.0,202.0
461.0,202.0
480.0,202.0
483.0,202.0
690.0,202.0
698.0,202.0
220.0,203.0
869.0,203.0
204.0,36.0
204.0,141.0
299.0,204.0
329.0,204.0
205.0,172.0
265.0,205.0
450.0,205.0
455.0,205.0
475.0,205.0
650.0,205.0
866.0,205.0
929.0,205.0
962.0,205.0
206.0,155.0
648.0,206.0
207.0,128.0
207.0,131.0
226.0,207.0
360.0,207.0
417.0,207.0
600.0,207.0
718.0,207.0
883.0,207.0
348.0,208.0
375.0,208.0
550.0,208.0
717.0,208.0
939.0,208.0
209.0,109.0
209.0,113.0
962.0,209.0
210.0,159.0
283.0,210.0
353.0,210.0
372.0,210.0
551.0,210.0
716.0,210.0
211.0,92.0
660.0,211.0
784.0,211.0
996.0,211.0
212.0,184.0
433.0,212.0
723.0,212.0
789.0,212.0
916.0,212.0
987.0,212.0
213.0,145.0
521.0,213.0
730.0,213.0
214.0,25.0
423.0,214.0
483.0,214.0
613.0,214.0
618.0,214.0
723.0,214.0
789.0,214.0
914.0,214.0
215.0,54.0
215.0,68.0
505.0,215.0
633.0,215.0
663.0,215.0
778.0,215.0
780.0,215.0
832.0,215.0
216.0,155.0
216.0,177.0
216.0,210.0
347.0,216.0
351.0,216.0
409.0,216.0
575.0,216.0
784.0,216.0
887.0,216.0
217.0,33.0
591.0,217.0
914.0,217.0
218.0,31.0
528.0,218.0
984.0,218.0
219.0,9.0
394.0,219.0
575.0,219.0
682.0,219.0
233.0,220.0
635.0,220.0
749.0,220.0
957.0,220.0
221.0,36.0
358.0,221.0
222.0,20.0
222.0,69.0
558.0,222.0
751.0,222.0
790.0,222.0
834.0,222.0
223.0,102.0
476.0,223.0
754.0,223.0
864.0,223.0
900.0,223.0
937.0,223.0
410.0,224.0
446.0,224.0
821.0,224.0
702.0,225.0
426.0,226.0
578.0,226.0
631.0,226.0
652.0,226.0
343.0,227.0
649.0,227.0
993.0,227.0
237.0,228.0
592.0,228.0
615.0,228.0
653.0,228.0
768.0,228.0
262.0,229.0
418.0,229.0
712.0,229.0
820.0,229.0
939.0,229.0
983.0,229.0
230.0,75.0
263.0,230.0
387.0,230.0
502.0,230.0
593.0,230.0
961.0,230.0
231.0,181.0
231.0,186.0
388.0,231.0
445.0,231.0
481.0,231.0
522.0,231.0
803.0,231.0
853.0,231.0
883.0,231.0
976.0,231.0
270.0,232.0
287.0,232.0
410.0,232.0
474.0,232.0
697.0,232.0
233.0,191.0
712.0,233.0
761.0,233.0
968.0,233.0
234.0,83.0
234.0,137.0
648.0,234.0
235.0,64.0
235.0,129.0
348.0,235.0
386.0,235.0
389.0,235.0
474.0,235.0
676.0,235.0
236.0,117.0
251.0,236.0
772.0,236.0
237.0,81.0
237.0,106.0
237.0,181.0
989.0,237.0
238.0,97.0
571.0,238.0
873.0,238.0
921.0,238.0
298.0,239.0
377.0,239.0
680.0,239.0
240.0,159.0
631.0,240.0
875.0,240.0
241.0,51.0
241.0,112.0
571.0,241.0
968.0,241.0
849.0,242.0
252.0,243.0
373.0,243.0
461.0,243.0
744.0,243.0
746.0,243.0
244.0,100.0
244.0,106.0
244.0,118.0
246.0,244.0
363.0,244.0
963.0,244.0
306.0,245.0
477.0,245.0
564.0,245.0
246.0,171.0
545.0,246.0
707.0,246.0
712.0,246.0
893.0,246.0
947.0,246.0
247.0,144.0
247.0,199.0
247.0,214.0
312.0,247.0
407.0,247.0
487.0,247.0
817.0,247.0
894.0,247.0
248.0,96.0
410.0,248.0
432.0,248.0
528.0,248.0
769.0,248.0
249.0,12.0
249.0,202.0
407.0,249.0
432.0,249.0
459.0,249.0
477.0,249.0
936.0,249.0
250.0,169.0
382.0,250.0
449.0,250.0
629.0,250.0
251.0,150.0
409.0,251.0
545.0,251.0
588.0,251.0
706.0,251.0
252.0,8.0
930.0,252.0
947.0,252.0
253.0,109.0
317.0,253.0
605.0,253.0
953.0,253.0
354.0,254.0
420.0,254.0
577.0,254.0
581.0,254.0
648.0,254.0
741.0,254.0
317.0,255.0
489.0,255.0
632.0,255.0
685.0,255.0
743.0,255.0
841.0,255.0
843.0,255.0
884.0,255.0
993.0,255.0
598.0,256.0
657.0,256.0
925.0,256.0
257.0,7.0
489.0,257.0
510.0,257.0
275.0,258.0
862.0,258.0
259.0,138.0
259.0,191.0
263.0,259.0
292.0,259.0
427.0,259.0
903.0,259.0
973.0,259.0
896.0,260.0
912.0,260.0
261.0,28.0
261.0,80.0
261.0,133.0
261.0,223.0
274.0,261.0
352.0,261.0
591.0,261.0
326.0,262.0
411.0,262.0
871.0,262.0
953.0,262.0
263.0,16.0
263.0,176.0
280.0,263.0
773.0,263.0
601.0,264.0
786.0,264.0
311.0,265.0
401.0,265.0
432.0,265.0
538.0,265.0
542.0,265.0
618.0,265.0
759.0,265.0
791.0,265.0
899.0,265.0
266.0,175.0
357.0,266.0
388.0,266.0
437.0,266.0
514.0,266.0
649.0,266.0
742.0,266.0
809.0,266.0
966.0,266.0
267.0,35.0
267.0,165.0
473.0,267.0
268.0,71.0
268.0,197.0
682.0,268.0
269.0,173.0
269.0,197.0
321.0,269.0
411.0,269.0
794.0,269.0
817.0,269.0
941.0,269.0
608.0,270.0
906.0,270.0
271.0,35.0
271.0,253.0
359.0,271.0
560.0,271.0
642.0,271.0
810.0,271.0
272.0,78.0
457.0,272.0
533.0,272.0
538.0,272.0
576.0,272.0
865.0,272.0
881.0,272.0
273.0,1.0
377.0,273.0
469.0,273.0
918.0,273.0
976.0,273.0
274.0,94.0
274.0,148.0
312.0,274.0
424.0,274.0
473.0,274.0
552.0,274.0
571.0,274.0
989.0,274.0
275.0,252.0
402.0,275.0
454.0,275.0
560.0,275.0
658.0,275.0
673.0,275.0
801.0,275.0
276.0,131.0
276.0,248.0
276.0,258.0
442.0,276.0
680.0,276.0
692.0,276.0
365.0,277.0
278.0,226.0
795.0,278.0
967.0,278.0
279.0,49.0
279.0,76.0
279.0,101.0
279.0,246.0
709.0,279.0
736.0,279.0
757.0,279.0
774.0,279.0
859.0,279.0
876.0,279.0
958.0,279.0
989.0,279.0
280.0,124.0
464.0,280.0
668.0,280.0
997.0,280.0
281.0,120.0
345.0,281.0
403.0,281.0
427.0,281.0
516.0,281.0
704.0,281.0
283.0,282.0
393.0,282.0
603.0,282.0
704.0,282.0
770.0,282.0
964.0,282.0
283.0,32.0
283.0,92.0
310.0,283.0
315.0,283.0
736.0,283.0
933.0,283.0
998.0,283.0
435.0,284.0
536.0,284.0
565.0,284.0
614.0,284.0
623.0,284.0
652.0,284.0
664.0,284.0
704.0,284.0
806.0,284.0
925.0,284.0
512.0,285.0
935.0,285.0
983.0,285.0
286.0,279.0
381.0,286.0
650.0,286.0
864.0,286.0
375.0,287.0
574.0,287.0
663.0,287.0
732.0,287.0
915.0,287.0
497.0,288.0
289.0,235.0
383.0,289.0
400.0,289.0
559.0,289.0
777.0,289.0
852.0,289.0
990.0,289.0
290.0,37.0
533.0,290.0
291.0,50.0
364.0,291.0
438.0,291.0
292.0,146.0
311.0,292.0
333.0,292.0
468.0,292.0
582.0,292.0
772.0,292.0
863.0,292.0
874.0,292.0
971.0,292.0
293.0,97.0
773.0,293.0
865.0,293.0
596.0,294.0
836.0,294.0
853.0,294.0
295.0,7.0
295.0,12.0
295.0,25.0
295.0,97.0
295.0,107.0
295.0,148.0
295.0,253.0
949.0,295.0
296.0,16.0
296.0,191.0
296.0,248.0
304.0,296.0
500.0,296.0
634.0,296.0
789.0,296.0
297.0,87.0
297.0,232.0
298.0,261.0
574.0,298.0
629.0,298.0
676.0,298.0
885.0,298.0
404.0,299.0
670.0,299.0
770.0,299.0
883.0,299.0
300.0,56.0
344.0,300.0
418.0,300.0
751.0,300.0
815.0,300.0
301.0,266.0
349.0,301.0
926.0,301.0
969.0,301.0
978.0,301.0
302.0,215.0
478.0,302.0
534.0,302.0
544.0,302.0
303.0,59.0
303.0,200.0
595.0,303.0
714.0,303.0
780.0,303.0
856.0,303.0
917.0,303.0
304.0,299.0
493.0,304.0
730.0,304.0
886.0,304.0
950.0,304.0
305.0,210.0
864.0,305.0
306.0,7.0
306.0,156.0
309.0,306.0
353.0,306.0
307.0,39.0
307.0,154.0
442.0,307.0
552.0,307.0
767.0,307.0
817.0,307.0
863.0,307.0
392.0,308.0
431.0,308.0
583.0,308.0
622.0,308.0
940.0,308.0
309.0,231.0
309.0,237.0
331.0,309.0
443.0,309.0
787.0,309.0
310.0,184.0
551.0,310.0
559.0,310.0
311.0,4.0
311.0,46.0
311.0,206.0
834.0,311.0
853.0,311.0
973.0,311.0
312.0,35.0
312.0,45.0
312.0,249.0
312.0,273.0
347.0,312.0
395.0,312.0
527.0,312.0
821.0,312.0
313.0,267.0
343.0,313.0
472.0,313.0
556.0,313.0
314.0,10.0
545.0,314.0
991.0,314.0
315.0,137.0
454.0,315.0
654.0,315.0
901.0,315.0
316.0,67.0
316.0,105.0
316.0,159.0
562.0,316.0
615.0,316.0
989.0,316.0
317.0,21.0
317.0,80.0
768.0,317.0
855.0,317.0
318.0,1.0
318.0,288.0
318.0,317.0
322.0,318.0
357.0,318.0
437.0,318.0
527.0,318.0
830.0,318.0
319.0,217.0
321.0,319.0
490.0,319.0
844.0,319.0
320.0,113.0
320.0,269.0
320.0,275.0
344.0,320.0
538.0,320.0
744.0,320.0
321.0,21.0
321.0,192.0
414.0,321.0
322.0,273.0
671.0,322.0
323.0,86.0
926.0,323.0
324.0,246.0
324.0,301.0
619.0,324.0
346.0,325.0
892.0,325.0
994.0,325.0
326.0,90.0
608.0,326.0
706.0,326.0
919.0,326.0
327.0,193.0
844.0,327.0
328.0,39.0
328.0,95.0
328.0,318.0
469.0,328.0
489.0,328.0
656.0,328.0
827.0,328.0
329.0,315.0
392.0,329.0
452.0,329.0
562.0,329.0
330.0,67.0
330.0,282.0
665.0,330.0
765.0,330.0
870.0,330.0
364.0,331.0
383.0,331.0
438.0,331.0
925.0,331.0
934.0,331.0
332.0,59.0
332.0,205.0
332.0,264.0
430.0,332.0
557.0,332.0
831.0,332.0
333.0,18.0
482.0,333.0
567.0,333.0
598.0,333.0
842.0,333.0
864.0,333.0
948.0,333.0
334.0,185.0
334.0,276.0
367.0,334.0
741.0,334.0
959.0,334.0
335.0,66.0
335.0,82.0
611.0,335.0
863.0,335.0
930.0,335.0
943.0,335.0
336.0,21.0
336.0,82.0
336.0,149.0
403.0,336.0
540.0,336.0
607.0,336.0
719.0,336.0
337.0,51.0
337.0,267.0
569.0,337.0
631.0,337.0
632.0,337.0
808.0,337.0
338.0,82.0
338.0,103.0
548.0,338.0
718.0,338.0
374.0,339.0
791.0,339.0
814.0,339.0
926.0,339.0
941.0,339.0
986.0,339.0
340.0,303.0
340.0,331.0
468.0,340.0
753.0,340.0
825.0,340.0
341.0,118.0
341.0,336.0
394.0,341.0
444.0,341.0
342.0,87.0
362.0,342.0
635.0,342.0
408.0,343.0
609.0,343.0
344.0,0.0
344.0,149.0
344.0,161.0
344.0,278.0
450.0,344.0
590.0,344.0
678.0,344.0
345.0,213.0
345.0,274.0
714.0,345.0
346.0,38.0
346.0,256.0
663.0,346.0
850.0,346.0
851.0,346.0
925.0,346.0
347.0,134.0
347.0,265.0
347.0,303.0
466.0,347.0
585.0,347.0
639.0,347.0
796.0,347.0
858.0,347.0
348.0,115.0
444.0,348.0
666.0,348.0
762.0,348.0
349.0,140.0
349.0,228.0
349.0,342.0
575.0,349.0
605.0,349.0
956.0,349.0
350.0,202.0
675.0,350.0
794.0,350.0
351.0,3.0
351.0,205.0
445.0,351.0
774.0,351.0
930.0,351.0
352.0,270.0
691.0,352.0
857.0,352.0
353.0,57.0
353.0,168.0
353.0,213.0
353.0,233.0
826.0,353.0
902.0,353.0
354.0,178.0
445.0,354.0
469.0,354.0
355.0,214.0
563.0,355.0
638.0,355.0
895.0,355.0
356.0,75.0
356.0,150.0
399.0,356.0
628.0,356.0
683.0,356.0
815.0,356.0
357.0,81.0
357.0,204.0
357.0,232.0
392.0,357.0
642.0,357.0
677.0,357.0
883.0,357.0
910.0,357.0
358.0,184.0
358.0,192.0
358.0,196.0
358.0,228.0
358.0,312.0
438.0,358.0
770.0,358.0
916.0,358.0
686.0,359.0
833.0,359.0
897.0,359.0
360.0,305.0
579.0,360.0
791.0,360.0
361.0,56.0
361.0,75.0
361.0,112.0
518.0,361.0
550.0,361.0
578.0,361.0
689.0,361.0
998.0,361.0
371.0,362.0
894.0,362.0
363.0,239.0
366.0,363.0
431.0,363.0
445.0,363.0
755.0,363.0
767.0,363.0
364.0,182.0
364.0,240.0
840.0,364.0
411.0,365.0
366.0,196.0
366.0,354.0
604.0,366.0
367.0,295.0
367.0,307.0
459.0,367.0
903.0,367.0
368.0,108.0
439.0,368.0
491.0,368.0
583.0,368.0
712.0,368.0
713.0,368.0
369.0,49.0
369.0,266.0
515.0,369.0
543.0,369.0
578.0,369.0
646.0,369.0
738.0,369.0
811.0,369.0
370.0,166.0
768.0,370.0
922.0,370.0
371.0,197.0
371.0,350.0
705.0,371.0
867.0,371.0
430.0,372.0
373.0,86.0
373.0,158.0
373.0,298.0
373.0,344.0
610.0,373.0
621.0,373.0
677.0,373.0
855.0,373.0
374.0,36.0
374.0,92.0
374.0,181.0
402.0,374.0
489.0,374.0
911.0,374.0
375.0,98.0
375.0,222.0
375.0,302.0
469.0,375.0
376.0,122.0
376.0,260.0
654.0,376.0
377.0,323.0
377.0,338.0
377.0,342.0
560.0,377.0
627.0,377.0
667.0,377.0
753.0,377.0
754.0,377.0
847.0,377.0
939.0,377.0
378.0,87.0
378.0,342.0
378.0,344.0
990.0,378.0
379.0,75.0
379.0,221.0
379.0,235.0
795.0,379.0
932.0,379.0
940.0,379.0
380.0,212.0
441.0,380.0
459.0,380.0
523.0,380.0
626.0,380.0
381.0,232.0
455.0,381.0
555.0,381.0
563.0,381.0
845.0,381.0
382.0,174.0
382.0,253.0
421.0,382.0
843.0,382.0
383.0,351.0
384.0,78.0
384.0,268.0
384.0,320.0
991.0,384.0
395.0,385.0
757.0,385.0
979.0,385.0
386.0,272.0
553.0,386.0
936.0,386.0
387.0,98.0
387.0,158.0
387.0,288.0
461.0,387.0
516.0,387.0
730.0,387.0
954.0,387.0
960.0,387.0
459.0,388.0
588.0,388.0
906.0,388.0
992.0,388.0
389.0,289.0
393.0,389.0
420.0,389.0
466.0,389.0
494.0,389.0
836.0,389.0
936.0,389.0
390.0,269.0
488.0,390.0
622.0,390.0
391.0,270.0
624.0,391.0
933.0,391.0
392.0,48.0
392.0,131.0
393.0,100.0
417.0,393.0
394.0,233.0
508.0,394.0
744.0,394.0
395.0,192.0
395.0,211.0
450.0,395.0
723.0,395.0
752.0,395.0
542.0,396.0
723.0,396.0
397.0,65.0
452.0,397.0
501.0,397.0
532.0,397.0
947.0,397.0
485.0,398.0
785.0,398.0
796.0,398.0
840.0,398.0
399.0,133.0
399.0,286.0
399.0,308.0
483.0,399.0
400.0,330.0
400.0,357.0
676.0,400.0
749.0,400.0
844.0,400.0
401.0,123.0
401.0,172.0
401.0,341.0
430.0,401.0
402.0,39.0
402.0,105.0
469.0,402.0
556.0,402.0
622.0,402.0
883.0,402.0
403.0,22.0
403.0,104.0
403.0,370.0
443.0,403.0
491.0,403.0
546.0,403.0
714.0,403.0
745.0,403.0
881.0,403.0
967.0,403.0
404.0,207.0
404.0,291.0
727.0,404.0
907.0,404.0
956.0,404.0
405.0,116.0
444.0,406.0
631.0,406.0
824.0,406.0
407.0,114.0
407.0,236.0
407.0,272.0
407.0,380.0
746.0,407.0
811.0,407.0
408.0,33.0
408.0,122.0
408.0,231.0
579.0,408.0
798.0,408.0
909.0,408.0
937.0,408.0
409.0,14.0
409.0,258.0
409.0,365.0
617.0,409.0
771.0,409.0
775.0,409.0
819.0,409.0
410.0,141.0
574.0,410.0
748.0,410.0
904.0,410.0
411.0,199.0
411.0,202.0
766.0,411.0
770.0,411.0
853.0,411.0
499.0,412.0
781.0,412.0
413.0,351.0
413.0,399.0
462.0,413.0
664.0,413.0
852.0,413.0
920.0,413.0
414.0,297.0
414.0,401.0
524.0,414.0
650.0,414.0
874.0,414.0
415.0,215.0
679.0,415.0
416.0,142.0
416.0,334.0
584.0,416.0
659.0,416.0
698.0,417.0
721.0,417.0
890.0,417.0
418.0,76.0
418.0,267.0
419.0,299.0
550.0,419.0
614.0,419.0
840.0,419.0
964.0,419.0
420.0,126.0
420.0,342.0
599.0,420.0
817.0,420.0
858.0,420.0
421.0,175.0
421.0,215.0
421.0,375.0
476.0,421.0
766.0,421.0
422.0,297.0
465.0,422.0
724.0,422.0
839.0,422.0
423.0,73.0
423.0,256.0
520.0,423.0
832.0,423.0
424.0,378.0
470.0,424.0
719.0,424.0
963.0,424.0
425.0,190.0
425.0,313.0
919.0,425.0
426.0,110.0
426.0,133.0
426.0,144.0
426.0,173.0
564.0,426.0
885.0,426.0
427.0,88.0
427.0,377.0
557.0,427.0
428.0,273.0
428.0,398.0
434.0,428.0
522.0,428.0
610.0,428.0
429.0,116.0
601.0,429.0
679.0,429.0
834.0,429.0
909.0,429.0
979.0,429.0
447.0,430.0
459.0,430.0
581.0,430.0
715.0,430.0
431.0,140.0
431.0,149.0
431.0,196.0
431.0,413.0
607.0,431.0
619.0,431.0
688.0,431.0
989.0,431.0
432.0,153.0
432.0,305.0
626.0,432.0
433.0,71.0
811.0,433.0
825.0,433.0
434.0,10.0
434.0,117.0
434.0,406.0
463.0,434.0
702.0,434.0
455.0,435.0
616.0,435.0
725.0,435.0
436.0,110.0
436.0,262.0
576.0,436.0
620.0,436.0
717.0,436.0
779.0,436.0
437.0,5.0
437.0,24.0
437.0,39.0
437.0,120.0
528.0,437.0
802.0,437.0
438.0,67.0
438.0,290.0
438.0,337.0
637.0,438.0
682.0,438.0
803.0,438.0
886.0,438.0
976.0,438.0
471.0,439.0
483.0,439.0
578.0,439.0
897.0,439.0
440.0,36.0
440.0,59.0
627.0,440.0
441.0,12.0
441.0,408.0
540.0,441.0
743.0,441.0
912.0,441.0
934.0,441.0
442.0,178.0
575.0,442.0
762.0,442.0
820.0,442.0
841.0,442.0
443.0,98.0
443.0,328.0
649.0,443.0
829.0,443.0
972.0,443.0
444.0,103.0
444.0,334.0
445.0,444.0
769.0,444.0
445.0,4.0
445.0,138.0
445.0,142.0
663.0,445.0
972.0,445.0
446.0,48.0
446.0,102.0
446.0,433.0
447.0,3.0
447.0,402.0
516.0,447.0
923.0,447.0
961.0,447.0
448.0,160.0
448.0,244.0
448.0,282.0
448.0,299.0
635.0,448.0
647.0,448.0
730.0,448.0
791.0,448.0
811.0,448.0
899.0,448.0
449.0,361.0
449.0,395.0
550.0,449.0
867.0,449.0
450.0,104.0
450.0,108.0
450.0,163.0
822.0,450.0
949.0,450.0
451.0,205.0
491.0,451.0
894.0,451.0
993.0,451.0
452.0,342.0
542.0,452.0
568.0,452.0
711.0,452.0
797.0,452.0
805.0,452.0
830.0,452.0
453.0,291.0
453.0,409.0
813.0,453.0
872.0,453.0
454.0,26.0
454.0,164.0
644.0,454.0
750.0,455.0
972.0,455.0
456.0,149.0
456.0,298.0
673.0,456.0
842.0,456.0
457.0,134.0
457.0,167.0
457.0,191.0
457.0,383.0
570.0,457.0
967.0,457.0
458.0,280.0
490.0,458.0
556.0,458.0
714.0,458.0
853.0,458.0
898.0,458.0
459.0,17.0
459.0,421.0
527.0,459.0
567.0,459.0
915.0,459.0
460.0,441.0
690.0,460.0
709.0,460.0
739.0,460.0
975.0,460.0
461.0,392.0
850.0,461.0
875.0,461.0
949.0,461.0
462.0,370.0
519.0,462.0
732.0,462.0
835.0,462.0
870.0,462.0
463.0,44.0
463.0,58.0
463.0,291.0
463.0,452.0
464.0,463.0
564.0,463.0
570.0,463.0
748.0,463.0
932.0,463.0
464.0,370.0
519.0,464.0
722.0,464.0
465.0,100.0
465.0,197.0
465.0,204.0
465.0,312.0
828.0,465.0
873.0,465.0
902.0,465.0
466.0,39.0
466.0,195.0
466.0,204.0
973.0,466.0
467.0,174.0
467.0,271.0
467.0,312.0
603.0,467.0
820.0,467.0
844.0,467.0
468.0,151.0
468.0,274.0
468.0,391.0
468.0,456.0
608.0,468.0
654.0,468.0
469.0,214.0
469.0,304.0
469.0,340.0
469.0,443.0
504.0,469.0
597.0,469.0
874.0,469.0
917.0,469.0
470.0,134.0
470.0,387.0
509.0,470.0
751.0,470.0
848.0,470.0
880.0,470.0
471.0,81.0
471.0,139.0
471.0,148.0
471.0,343.0
471.0,352.0
560.0,471.0
565.0,471.0
820.0,471.0
879.0,471.0
472.0,456.0
489.0,472.0
764.0,472.0
473.0,45.0
473.0,155.0
473.0,276.0
505.0,473.0
688.0,473.0
958.0,473.0
967.0,473.0
474.0,180.0
474.0,249.0
496.0,474.0
719.0,474.0
797.0,474.0
475.0,109.0
581.0,475.0
802.0,475.0
476.0,234.0
476.0,418.0
684.0,476.0
720.0,476.0
477.0,51.0
477.0,172.0
477.0,209.0
477.0,280.0
477.0,354.0
477.0,416.0
477.0,453.0
590.0,477.0
630.0,477.0
944.0,477.0
478.0,101.0
478.0,373.0
478.0,438.0
497.0,478.0
529.0,478.0
745.0,478.0
479.0,209.0
479.0,331.0
479.0,448.0
724.0,479.0
772.0,479.0
817.0,479.0
953.0,479.0
973.0,479.0
480.0,44.0
480.0,77.0
480.0,370.0
489.0,480.0
557.0,480.0
756.0,480.0
782.0,480.0
481.0,187.0
481.0,207.0
481.0,232.0
481.0,236.0
773.0,481.0
933.0,481.0
482.0,26.0
500.0,482.0
645.0,482.0
857.0,482.0
960.0,482.0
962.0,482.0
483.0,133.0
483.0,294.0
483.0,295.0
483.0,368.0
483.0,416.0
860.0,483.0
944.0,483.0
484.0,188.0
484.0,337.0
484.0,401.0
522.0,484.0
528.0,484.0
786.0,484.0
579.0,485.0
651.0,485.0
665.0,485.0
741.0,485.0
995.0,485.0
486.0,336.0
486.0,418.0
486.0,430.0
486.0,441.0
487.0,132.0
487.0,216.0
594.0,487.0
665.0,487.0
787.0,487.0
953.0,487.0
488.0,73.0
488.0,122.0
653.0,488.0
752.0,488.0
972.0,488.0
489.0,233.0
559.0,489.0
490.0,452.0
523.0,490.0
961.0,490.0
491.0,59.0
491.0,110.0
710.0,491.0
785.0,491.0
492.0,395.0
849.0,492.0
493.0,130.0
493.0,200.0
493.0,376.0
772.0,493.0
916.0,493.0
494.0,25.0
494.0,35.0
494.0,107.0
494.0,427.0
494.0,471.0
638.0,494.0
780.0,494.0
832.0,494.0
910.0,494.0
495.0,276.0
550.0,495.0
685.0,495.0
708.0,495.0
855.0,495.0
940.0,495.0
496.0,115.0
496.0,311.0
496.0,323.0
496.0,343.0
496.0,455.0
504.0,496.0
557.0,496.0
786.0,496.0
907.0,496.0
660.0,497.0
498.0,93.0
498.0,298.0
498.0,394.0
498.0,408.0
640.0,498.0
665.0,498.0
717.0,498.0
816.0,498.0
875.0,498.0
877.0,498.0
892.0,498.0
896.0,498.0
963.0,498.0
499.0,247.0
499.0,287.0
499.0,354.0
739.0,499.0
500.0,61.0
500.0,73.0
747.0,500.0
898.0,500.0
501.0,12.0
501.0,351.0
501.0,413.0
592.0,501.0
619.0,501.0
502.0,292.0
502.0,472.0
503.0,59.0
503.0,265.0
503.0,422.0
846.0,503.0
962.0,503.0
504.0,2.0
504.0,177.0
504.0,214.0
504.0,245.0
551.0,504.0
756.0,504.0
834.0,504.0
955.0,504.0
505.0,128.0
505.0,278.0
505.0,435.0
505.0,476.0
830.0,505.0
880.0,505.0
884.0,505.0
506.0,120.0
506.0,128.0
506.0,222.0
506.0,226.0
506.0,271.0
560.0,506.0
772.0,506.0
782.0,506.0
507.0,288.0
507.0,360.0
507.0,389.0
507.0,432.0
535.0,508.0
646.0,508.0
785.0,508.0
867.0,508.0
880.0,508.0
915.0,508.0
509.0,351.0
509.0,403.0
568.0,509.0
836.0,509.0
510.0,61.0
510.0,67.0
510.0,256.0
510.0,336.0
831.0,510.0
840.0,510.0
895.0,510.0
916.0,510.0
920.0,510.0
511.0,366.0
511.0,410.0
521.0,511.0
536.0,511.0
653.0,511.0
749.0,511.0
512.0,291.0
512.0,511.0
551.0,512.0
789.0,512.0
816.0,512.0
513.0,11.0
565.0,513.0
792.0,513.0
818.0,513.0
982.0,513.0
514.0,101.0
514.0,298.0
905.0,514.0
955.0,514.0
994.0,514.0
515.0,173.0
516.0,83.0
516.0,301.0
576.0,516.0
776.0,516.0
788.0,516.0
946.0,516.0
517.0,234.0
517.0,349.0
518.0,134.0
518.0,381.0
629.0,518.0
534.0,519.0
575.0,519.0
629.0,519.0
634.0,519.0
797.0,519.0
833.0,519.0
934.0,519.0
520.0,220.0
520.0,263.0
520.0,456.0
648.0,520.0
767.0,520.0
812.0,520.0
968.0,520.0
521.0,104.0
521.0,443.0
521.0,464.0
623.0,521.0
823.0,521.0
876.0,521.0
922.0,521.0
970.0,521.0
522.0,55.0
522.0,90.0
522.0,317.0
522.0,388.0
707.0,522.0
731.0,522.0
930.0,522.0
942.0,522.0
963.0,522.0
523.0,89.0
523.0,278.0
523.0,444.0
621.0,524.0
786.0,524.0
525.0,460.0
682.0,525.0
685.0,525.0
834.0,525.0
909.0,525.0
526.0,403.0
682.0,526.0
527.0,116.0
527.0,311.0
527.0,404.0
573.0,527.0
629.0,527.0
883.0,527.0
528.0,67.0
528.0,111.0
528.0,225.0
528.0,264.0
528.0,273.0
528.0,298.0
528.0,329.0
758.0,528.0
994.0,528.0
529.0,11.0
529.0,144.0
529.0,482.0
654.0,529.0
829.0,529.0
530.0,229.0
530.0,441.0
530.0,474.0
593.0,530.0
597.0,530.0
531.0,213.0
531.0,263.0
531.0,511.0
532.0,514.0
893.0,532.0
898.0,532.0
533.0,234.0
533.0,451.0
545.0,533.0
736.0,534.0
741.0,534.0
535.0,427.0
651.0,535.0
916.0,535.0
974.0,535.0
536.0,402.0
655.0,536.0
736.0,536.0
772.0,536.0
959.0,536.0
537.0,82.0
537.0,141.0
537.0,301.0
537.0,325.0
689.0,537.0
840.0,537.0
538.0,31.0
538.0,159.0
538.0,175.0
538.0,182.0
538.0,313.0
875.0,538.0
539.0,0.0
539.0,522.0
542.0,539.0
633.0,539.0
931.0,539.0
540.0,70.0
540.0,175.0
545.0,540.0
564.0,540.0
945.0,540.0
993.0,540.0
541.0,234.0
541.0,500.0
541.0,519.0
607.0,541.0
840.0,541.0
901.0,541.0
542.0,360.0
574.0,542.0
679.0,542.0
748.0,542.0
840.0,542.0
543.0,58.0
543.0,98.0
543.0,112.0
543.0,468.0
840.0,543.0
890.0,543.0
934.0,543.0
544.0,303.0
544.0,507.0
567.0,544.0
655.0,544.0
696.0,544.0
827.0,544.0
926.0,544.0
545.0,370.0
546.0,167.0
546.0,195.0
546.0,298.0
826.0,546.0
547.0,52.0
547.0,231.0
547.0,408.0
630.0,547.0
684.0,547.0
826.0,547.0
548.0,43.0
548.0,220.0
548.0,298.0
967.0,548.0
549.0,15.0
549.0,212.0
549.0,440.0
650.0,549.0
715.0,549.0
550.0,43.0
550.0,280.0
550.0,541.0
800.0,550.0
808.0,550.0
551.0,17.0
551.0,83.0
551.0,176.0
551.0,434.0
871.0,551.0
552.0,89.0
552.0,246.0
552.0,265.0
552.0,273.0
552.0,403.0
750.0,552.0
958.0,552.0
553.0,56.0
553.0,108.0
553.0,175.0
553.0,217.0
553.0,388.0
621.0,553.0
817.0,553.0
554.0,219.0
554.0,372.0
889.0,554.0
555.0,13.0
555.0,173.0
555.0,194.0
555.0,284.0
555.0,390.0
992.0,555.0
993.0,555.0
556.0,258.0
619.0,556.0
760.0,556.0
957.0,556.0
557.0,83.0
557.0,239.0
557.0,244.0
557.0,433.0
557.0,538.0
557.0,556.0
562.0,557.0
558.0,25.0
558.0,427.0
614.0,558.0
626.0,558.0
893.0,558.0
954.0,558.0
559.0,0.0
559.0,282.0
559.0,405.0
635.0,559.0
648.0,559.0
560.0,3.0
560.0,266.0
560.0,502.0
604.0,560.0
679.0,560.0
744.0,560.0
561.0,68.0
561.0,167.0
561.0,313.0
562.0,100.0
562.0,232.0
946.0,562.0
987.0,562.0
563.0,1.0
563.0,34.0
563.0,191.0
563.0,488.0
830.0,563.0
564.0,70.0
564.0,507.0
722.0,564.0
769.0,564.0
565.0,26.0
565.0,32.0
565.0,184.0
651.0,565.0
710.0,565.0
871.0,565.0
566.0,37.0
566.0,370.0
566.0,405.0
566.0,505.0
585.0,566.0
632.0,566.0
749.0,566.0
770.0,566.0
852.0,566.0
567.0,45.0
567.0,323.0
567.0,334.0
567.0,347.0
618.0,567.0
856.0,567.0
913.0,567.0
568.0,39.0
584.0,568.0
786.0,568.0
859.0,568.0
569.0,25.0
569.0,139.0
569.0,363.0
569.0,419.0
569.0,449.0
569.0,548.0
570.0,0.0
571.0,56.0
571.0,198.0
738.0,571.0
902.0,571.0
977.0,571.0
807.0,572.0
828.0,572.0
907.0,572.0
573.0,15.0
573.0,25.0
573.0,62.0
573.0,307.0
573.0,444.0
573.0,543.0
669.0,573.0
739.0,573.0
824.0,573.0
990.0,573.0
574.0,418.0
652.0,574.0
758.0,574.0
761.0,574.0
575.0,109.0
596.0,575.0
576.0,137.0
576.0,515.0
844.0,576.0
924.0,576.0
577.0,113.0
577.0,332.0
801.0,577.0
578.0,74.0
578.0,96.0
578.0,410.0
578.0,454.0
648.0,578.0
710.0,578.0
774.0,578.0
795.0,578.0
579.0,1.0
579.0,168.0
579.0,243.0
579.0,281.0
579.0,342.0
579.0,346.0
579.0,425.0
579.0,515.0
579.0,576.0
587.0,579.0
631.0,579.0
737.0,579.0
580.0,192.0
580.0,199.0
824.0,580.0
581.0,64.0
581.0,96.0
581.0,183.0
581.0,232.0
581.0,343.0
811.0,581.0
819.0,581.0
582.0,431.0
582.0,486.0
582.0,509.0
880.0,582.0
583.0,246.0
583.0,390.0
700.0,583.0
893.0,583.0
917.0,583.0
974.0,583.0
993.0,583.0
584.0,112.0
584.0,473.0
793.0,584.0
585.0,108.0
585.0,130.0
585.0,409.0
585.0,527.0
745.0,585.0
927.0,585.0
942.0,585.0
586.0,42.0
586.0,80.0
586.0,245.0
586.0,336.0
586.0,382.0
887.0,586.0
587.0,376.0
818.0,587.0
862.0,587.0
588.0,583.0
677.0,588.0
938.0,588.0
951.0,588.0
589.0,212.0
604.0,589.0
763.0,589.0
950.0,590.0
591.0,153.0
591.0,236.0
591.0,517.0
605.0,591.0
698.0,591.0
985.0,591.0
592.0,35.0
592.0,408.0
592.0,428.0
789.0,592.0
832.0,592.0
911.0,592.0
959.0,592.0
593.0,43.0
593.0,404.0
593.0,457.0
720.0,593.0
594.0,100.0
594.0,184.0
594.0,453.0
870.0,594.0
942.0,594.0
595.0,59.0
595.0,588.0
787.0,595.0
844.0,595.0
907.0,595.0
596.0,76.0
596.0,166.0
596.0,277.0
596.0,457.0
596.0,534.0
596.0,538.0
597.0,49.0
597.0,511.0
735.0,597.0
885.0,597.0
598.0,191.0
598.0,376.0
678.0,598.0
742.0,598.0
802.0,598.0
793.0,599.0
826.0,599.0
600.0,194.0
600.0,244.0
600.0,569.0
623.0,600.0
643.0,600.0
601.0,81.0
601.0,361.0
693.0,601.0
602.0,83.0
602.0,256.0
602.0,508.0
838.0,602.0
603.0,71.0
603.0,281.0
603.0,346.0
603.0,456.0
637.0,603.0
641.0,603.0
721.0,603.0
789.0,603.0
604.0,125.0
604.0,132.0
604.0,268.0
774.0,604.0
605.0,7.0
605.0,469.0
605.0,480.0
605.0,588.0
674.0,605.0
606.0,146.0
640.0,606.0
752.0,606.0
964.0,606.0
969.0,606.0
607.0,25.0
607.0,351.0
607.0,402.0
983.0,607.0
608.0,248.0
954.0,608.0
609.0,267.0
651.0,609.0
610.0,59.0
610.0,236.0
610.0,267.0
680.0,610.0
870.0,610.0
905.0,610.0
918.0,610.0
611.0,78.0
611.0,144.0
611.0,158.0
611.0,484.0
611.0,512.0
760.0,611.0
886.0,611.0
891.0,611.0
612.0,133.0
612.0,190.0
612.0,326.0
612.0,559.0
612.0,572.0
613.0,50.0
613.0,360.0
793.0,613.0
614.0,264.0
614.0,302.0
614.0,327.0
614.0,457.0
856.0,614.0
615.0,79.0
615.0,81.0
615.0,142.0
615.0,229.0
615.0,251.0
615.0,496.0
666.0,615.0
792.0,615.0
965.0,615.0
616.0,262.0
616.0,359.0
616.0,391.0
716.0,616.0
735.0,616.0
787.0,616.0
977.0,616.0
617.0,69.0
617.0,464.0
944.0,617.0
618.0,168.0
618.0,183.0
618.0,217.0
618.0,337.0
618.0,571.0
618.0,608.0
619.0,354.0
619.0,373.0
619.0,573.0
699.0,619.0
818.0,619.0
620.0,99.0
620.0,101.0
620.0,516.0
620.0,527.0
663.0,620.0
947.0,620.0
621.0,116.0
621.0,389.0
621.0,438.0
621.0,445.0
621.0,475.0
866.0,621.0
622.0,72.0
622.0,130.0
622.0,274.0
622.0,294.0
622.0,593.0
846.0,622.0
972.0,622.0
623.0,5.0
623.0,129.0
623.0,532.0
623.0,614.0
632.0,623.0
962.0,623.0
969.0,623.0
979.0,623.0
624.0,49.0
624.0,154.0
624.0,214.0
624.0,282.0
624.0,351.0
624.0,430.0
624.0,587.0
625.0,148.0
646.0,625.0
732.0,625.0
806.0,625.0
944.0,625.0
626.0,7.0
626.0,311.0
626.0,368.0
626.0,474.0
627.0,56.0
627.0,117.0
627.0,372.0
627.0,582.0
635.0,627.0
868.0,627.0
874.0,627.0
953.0,627.0
989.0,627.0
628.0,6.0
628.0,393.0
650.0,628.0
722.0,628.0
972.0,628.0
629.0,2.0
736.0,629.0
999.0,629.0
630.0,279.0
630.0,422.0
630.0,446.0
636.0,630.0
856.0,630.0
631.0,58.0
631.0,225.0
631.0,245.0
631.0,251.0
721.0,631.0
733.0,631.0
752.0,631.0
850.0,631.0
927.0,631.0
632.0,340.0
632.0,453.0
632.0,457.0
634.0,632.0
767.0,632.0
896.0,632.0
959.0,632.0
633.0,407.0
633.0,451.0
633.0,509.0
789.0,633.0
634.0,109.0
634.0,274.0
634.0,362.0
634.0,393.0
665.0,634.0
714.0,634.0
635.0,242.0
635.0,314.0
635.0,502.0
828.0,635.0
885.0,635.0
636.0,26.0
636.0,43.0
636.0,250.0
636.0,291.0
636.0,314.0
636.0,333.0
636.0,581.0
721.0,636.0
637.0,51.0
637.0,149.0
638.0,96.0
638.0,139.0
638.0,228.0
638.0,349.0
638.0,449.0
638.0,493.0
638.0,537.0
719.0,638.0
918.0,638.0
945.0,638.0
639.0,35.0
732.0,639.0
640.0,66.0
640.0,140.0
640.0,589.0
640.0,609.0
657.0,640.0
810.0,640.0
641.0,316.0
641.0,382.0
641.0,596.0
642.0,89.0
642.0,146.0
642.0,569.0
835.0,642.0
877.0,642.0
643.0,331.0
643.0,406.0
814.0,643.0
644.0,4.0
644.0,199.0
644.0,245.0
755.0,644.0
645.0,95.0
645.0,344.0
645.0,384.0
645.0,464.0
645.0,568.0
651.0,645.0
821.0,645.0
917.0,645.0
646.0,17.0
646.0,45.0
646.0,281.0
646.0,352.0
646.0,431.0
646.0,448.0
711.0,646.0
770.0,646.0
968.0,646.0
647.0,8.0
647.0,179.0
647.0,186.0
647.0,343.0
647.0,581.0
701.0,647.0
841.0,647.0
648.0,48.0
648.0,332.0
648.0,368.0
648.0,577.0
649.0,6.0
649.0,333.0
650.0,124.0
650.0,217.0
650.0,260.0
650.0,465.0
968.0,650.0
651.0,442.0
746.0,651.0
652.0,52.0
652.0,524.0
652.0,606.0
728.0,652.0
664.0,653.0
724.0,653.0
774.0,653.0
654.0,198.0
654.0,253.0
654.0,278.0
654.0,585.0
808.0,654.0
655.0,51.0
655.0,327.0
655.0,427.0
656.0,227.0
656.0,345.0
656.0,496.0
854.0,656.0
950.0,656.0
657.0,41.0
657.0,479.0
945.0,657.0
658.0,119.0
658.0,300.0
658.0,372.0
658.0,488.0
771.0,658.0
837.0,658.0
864.0,658.0
659.0,23.0
659.0,285.0
659.0,547.0
659.0,643.0
924.0,659.0
660.0,74.0
660.0,113.0
660.0,501.0
824.0,660.0
936.0,660.0
661.0,239.0
661.0,441.0
661.0,641.0
888.0,661.0
662.0,146.0
662.0,234.0
662.0,321.0
662.0,362.0
662.0,471.0
662.0,528.0
662.0,532.0
701.0,662.0
663.0,124.0
663.0,309.0
708.0,663.0
947.0,663.0
664.0,230.0
664.0,324.0
664.0,486.0
664.0,565.0
825.0,664.0
878.0,664.0
962.0,664.0
665.0,119.0
665.0,337.0
665.0,376.0
665.0,400.0
665.0,604.0
668.0,665.0
700.0,665.0
666.0,42.0
666.0,161.0
666.0,239.0
666.0,299.0
666.0,360.0
666.0,462.0
666.0,526.0
669.0,666.0
667.0,91.0
667.0,233.0
667.0,485.0
667.0,546.0
667.0,612.0
667.0,638.0
667.0,653.0
712.0,667.0
818.0,667.0
821.0,667.0
927.0,667.0
668.0,226.0
668.0,238.0
668.0,337.0
669.0,320.0
669.0,364.0
669.0,417.0
769.0,669.0
928.0,669.0
953.0,669.0
670.0,41.0
670.0,88.0
670.0,126.0
670.0,285.0
670.0,300.0
670.0,544.0
670.0,648.0
670.0,649.0
671.0,73.0
671.0,320.0
671.0,440.0
692.0,671.0
686.0,672.0
917.0,672.0
949.0,672.0
996.0,672.0
673.0,2.0
673.0,439.0
673.0,473.0
852.0,673.0
674.0,19.0
674.0,81.0
674.0,141.0
674.0,183.0
674.0,266.0
674.0,392.0
674.0,485.0
736.0,674.0
878.0,674.0
675.0,300.0
675.0,446.0
676.0,61.0
676.0,119.0
676.0,212.0
727.0,676.0
800.0,676.0
859.0,676.0
873.0,676.0
998.0,676.0
677.0,81.0
677.0,146.0
677.0,653.0
890.0,677.0
678.0,159.0
678.0,425.0
678.0,584.0
763.0,678.0
679.0,186.0
803.0,679.0
989.0,679.0
680.0,206.0
680.0,265.0
680.0,300.0
680.0,490.0
680.0,522.0
998.0,680.0
681.0,105.0
681.0,336.0
681.0,467.0
681.0,469.0
769.0,681.0
682.0,78.0
682.0,422.0
682.0,453.0
735.0,682.0
683.0,75.0
683.0,95.0
683.0,314.0
683.0,426.0
683.0,610.0
894.0,683.0
684.0,280.0
847.0,684.0
860.0,684.0
685.0,26.0
685.0,34.0
685.0,59.0
685.0,102.0
685.0,489.0
686.0,87.0
686.0,92.0
686.0,167.0
686.0,384.0
686.0,517.0
686.0,636.0
722.0,686.0
985.0,686.0
687.0,73.0
687.0,297.0
687.0,474.0
687.0,600.0
687.0,681.0
813.0,687.0
837.0,687.0
898.0,687.0
688.0,84.0
688.0,324.0
688.0,387.0
688.0,463.0
853.0,688.0
981.0,688.0
689.0,6.0
689.0,8.0
689.0,14.0
689.0,257.0
689.0,640.0
690.0,117.0
690.0,279.0
690.0,559.0
757.0,690.0
895.0,690.0
691.0,49.0
691.0,566.0
691.0,650.0
691.0,658.0
691.0,687.0
763.0,691.0
835.0,691.0
692.0,343.0
692.0,443.0
692.0,681.0
693.0,197.0
708.0,693.0
694.0,130.0
694.0,342.0
694.0,645.0
830.0,694.0
695.0,318.0
695.0,596.0
777.0,696.0
780.0,696.0
965.0,696.0
982.0,696.0
697.0,42.0
697.0,52.0
697.0,196.0
697.0,258.0
697.0,519.0
697.0,532.0
697.0,632.0
998.0,697.0
698.0,145.0
698.0,399.0
698.0,545.0
710.0,698.0
790.0,698.0
955.0,698.0
699.0,205.0
699.0,250.0
699.0,257.0
699.0,461.0
700.0,302.0
700.0,303.0
700.0,331.0
700.0,333.0
700.0,373.0
700.0,405.0
789.0,700.0
881.0,700.0
898.0,700.0
701.0,64.0
701.0,221.0
701.0,460.0
701.0,529.0
742.0,701.0
854.0,701.0
702.0,616.0
702.0,680.0
833.0,702.0
703.0,109.0
703.0,118.0
703.0,317.0
703.0,637.0
703.0,679.0
704.0,14.0
704.0,50.0
704.0,77.0
704.0,265.0
704.0,614.0
704.0,691.0
705.0,173.0
881.0,705.0
706.0,465.0
706.0,537.0
706.0,656.0
706.0,670.0
840.0,706.0
707.0,101.0
707.0,140.0
707.0,143.0
707.0,156.0
707.0,439.0
752.0,707.0
708.0,5.0
708.0,197.0
709.0,159.0
709.0,193.0
709.0,457.0
710.0,23.0
710.0,65.0
746.0,710.0
711.0,29.0
711.0,44.0
711.0,400.0
711.0,542.0
983.0,711.0
712.0,100.0
712.0,198.0
712.0,353.0
781.0,712.0
881.0,712.0
713.0,163.0
713.0,251.0
713.0,290.0
713.0,459.0
721.0,713.0
714.0,16.0
714.0,89.0
714.0,341.0
714.0,639.0
714.0,644.0
715.0,578.0
906.0,715.0
716.0,351.0
716.0,522.0
716.0,700.0
717.0,71.0
717.0,138.0
717.0,207.0
717.0,237.0
717.0,396.0
717.0,515.0
786.0,717.0
718.0,379.0
718.0,696.0
836.0,718.0
872.0,718.0
913.0,718.0
966.0,718.0
719.0,465.0
719.0,524.0
719.0,625.0
720.0,41.0
720.0,117.0
720.0,228.0
720.0,257.0
720.0,418.0
720.0,555.0
720.0,667.0
834.0,720.0
839.0,720.0
843.0,720.0
920.0,720.0
721.0,360.0
721.0,561.0
721.0,569.0
721.0,575.0
721.0,581.0
721.0,585.0
722.0,516.0
722.0,587.0
722.0,681.0
722.0,714.0
791.0,722.0
945.0,722.0
723.0,197.0
723.0,221.0
723.0,473.0
860.0,723.0
724.0,131.0
724.0,422.0
725.0,40.0
725.0,58.0
725.0,84.0
725.0,173.0
725.0,243.0
725.0,256.0
725.0,347.0
725.0,601.0
886.0,725.0
726.0,11.0
726.0,25.0
726.0,277.0
726.0,290.0
726.0,458.0
726.0,547.0
727.0,702.0
925.0,727.0
959.0,727.0
728.0,579.0
901.0,728.0
923.0,728.0
729.0,7.0
729.0,39.0
729.0,329.0
729.0,380.0
944.0,729.0
730.0,15.0
730.0,150.0
730.0,292.0
730.0,342.0
730.0,391.0
730.0,438.0
730.0,561.0
870.0,730.0
951.0,730.0
988.0,730.0
991.0,730.0
997.0,730.0
731.0,5.0
731.0,502.0
731.0,527.0
742.0,731.0
745.0,732.0
949.0,732.0
733.0,97.0
733.0,266.0
733.0,388.0
901.0,733.0
734.0,12.0
734.0,127.0
734.0,169.0
734.0,177.0
734.0,224.0
745.0,734.0
735.0,142.0
869.0,735.0
736.0,208.0
736.0,252.0
981.0,736.0
737.0,220.0
737.0,240.0
737.0,472.0
876.0,737.0
935.0,737.0
738.0,31.0
738.0,122.0
738.0,144.0
738.0,145.0
738.0,537.0
738.0,713.0
945.0,738.0
739.0,45.0
739.0,289.0
739.0,442.0
739.0,486.0
739.0,612.0
740.0,526.0
741.0,740.0
741.0,46.0
741.0,317.0
741.0,338.0
790.0,741.0
968.0,741.0
742.0,116.0
742.0,382.0
742.0,434.0
742.0,463.0
742.0,507.0
742.0,515.0
742.0,671.0
743.0,67.0
743.0,355.0
773.0,743.0
744.0,208.0
744.0,344.0
744.0,350.0
744.0,681.0
745.0,744.0
997.0,744.0
745.0,165.0
745.0,180.0
745.0,216.0
745.0,609.0
745.0,696.0
745.0,701.0
746.0,53.0
746.0,186.0
746.0,726.0
785.0,746.0
868.0,746.0
747.0,43.0
747.0,192.0
747.0,262.0
900.0,747.0
748.0,18.0
748.0,100.0
748.0,688.0
749.0,57.0
749.0,130.0
749.0,470.0
749.0,515.0
749.0,540.0
750.0,0.0
751.0,57.0
751.0,366.0
926.0,751.0
752.0,33.0
752.0,156.0
752.0,705.0
860.0,752.0
971.0,752.0
753.0,287.0
753.0,413.0
753.0,463.0
753.0,681.0
754.0,10.0
754.0,107.0
754.0,162.0
754.0,438.0
754.0,461.0
754.0,626.0
754.0,688.0
755.0,5.0
755.0,403.0
755.0,423.0
755.0,730.0
756.0,52.0
756.0,512.0
756.0,717.0
795.0,756.0
757.0,66.0
757.0,115.0
757.0,360.0
757.0,545.0
757.0,670.0
757.0,703.0
869.0,757.0
975.0,757.0
758.0,296.0
758.0,523.0
759.0,52.0
759.0,612.0
759.0,640.0
759.0,710.0
759.0,720.0
892.0,759.0
963.0,759.0
760.0,122.0
760.0,289.0
760.0,295.0
760.0,491.0
760.0,742.0
761.0,151.0
761.0,163.0
761.0,237.0
761.0,479.0
761.0,593.0
921.0,761.0
762.0,6.0
762.0,62.0
762.0,86.0
762.0,290.0
763.0,762.0
792.0,762.0
763.0,92.0
763.0,170.0
763.0,289.0
763.0,309.0
763.0,397.0
763.0,487.0
763.0,511.0
763.0,573.0
763.0,727.0
763.0,740.0
769.0,763.0
834.0,763.0
764.0,206.0
966.0,764.0
765.0,290.0
765.0,363.0
765.0,425.0
765.0,662.0
765.0,663.0
849.0,765.0
955.0,765.0
766.0,257.0
766.0,653.0
783.0,766.0
767.0,22.0
767.0,33.0
767.0,35.0
767.0,343.0
767.0,444.0
767.0,646.0
767.0,682.0
767.0,724.0
768.0,527.0
768.0,536.0
768.0,608.0
768.0,645.0
769.0,138.0
769.0,225.0
769.0,559.0
769.0,614.0
769.0,636.0
770.0,60.0
770.0,148.0
770.0,256.0
770.0,271.0
770.0,329.0
770.0,378.0
770.0,592.0
780.0,770.0
932.0,770.0
980.0,770.0
987.0,770.0
771.0,344.0
771.0,745.0
961.0,771.0
772.0,340.0
772.0,438.0
772.0,554.0
772.0,583.0
773.0,513.0
773.0,611.0
773.0,713.0
773.0,715.0
960.0,773.0
963.0,773.0
774.0,209.0
774.0,436.0
774.0,535.0
774.0,545.0
774.0,576.0
774.0,634.0
774.0,668.0
775.0,181.0
775.0,225.0
775.0,244.0
775.0,330.0
775.0,701.0
776.0,677.0
777.0,712.0
869.0,777.0
778.0,250.0
778.0,486.0
966.0,778.0
779.0,57.0
779.0,445.0
779.0,600.0
779.0,636.0
779.0,667.0
780.0,698.0
780.0,751.0
780.0,758.0
803.0,780.0
781.0,90.0
781.0,436.0
781.0,745.0
849.0,781.0
782.0,685.0
888.0,782.0
783.0,3.0
783.0,51.0
783.0,120.0
783.0,449.0
783.0,516.0
783.0,551.0
783.0,590.0
939.0,783.0
947.0,783.0
784.0,50.0
784.0,341.0
784.0,411.0
784.0,603.0
909.0,784.0
934.0,784.0
785.0,126.0
785.0,196.0
785.0,590.0
785.0,642.0
785.0,777.0
862.0,785.0
786.0,785.0
787.0,279.0
787.0,551.0
799.0,787.0
885.0,787.0
788.0,168.0
788.0,211.0
788.0,334.0
798.0,788.0
789.0,44.0
789.0,84.0
789.0,128.0
814.0,789.0
790.0,152.0
790.0,735.0
825.0,790.0
896.0,790.0
791.0,0.0
791.0,647.0
800.0,791.0
792.0,152.0
792.0,166.0
792.0,693.0
792.0,782.0
793.0,29.0
793.0,46.0
988.0,793.0
794.0,47.0
794.0,62.0
794.0,600.0
910.0,794.0
957.0,794.0
795.0,327.0
795.0,497.0
795.0,533.0
845.0,795.0
861.0,795.0
796.0,233.0
796.0,469.0
796.0,546.0
796.0,738.0
797.0,186.0
797.0,239.0
797.0,331.0
797.0,435.0
797.0,453.0
797.0,458.0
797.0,746.0
831.0,797.0
868.0,797.0
798.0,31.0
798.0,192.0
798.0,275.0
798.0,469.0
798.0,523.0
852.0,798.0
881.0,798.0
959.0,798.0
799.0,344.0
799.0,663.0
800.0,51.0
800.0,118.0
800.0,385.0
800.0,659.0
994.0,800.0
801.0,18.0
801.0,111.0
801.0,240.0
822.0,801.0
957.0,801.0
802.0,422.0
802.0,660.0
802.0,796.0
868.0,802.0
903.0,802.0
803.0,28.0
803.0,403.0
803.0,745.0
803.0,800.0
882.0,803.0
897.0,803.0
804.0,704.0
804.0,727.0
867.0,804.0
925.0,804.0
805.0,84.0
805.0,138.0
805.0,204.0
805.0,237.0
805.0,352.0
805.0,360.0
806.0,88.0
806.0,111.0
806.0,266.0
806.0,274.0
806.0,392.0
806.0,515.0
806.0,526.0
806.0,662.0
806.0,697.0
807.0,76.0
807.0,239.0
807.0,289.0
807.0,680.0
807.0,753.0
895.0,807.0
808.0,58.0
808.0,65.0
808.0,144.0
808.0,246.0
808.0,293.0
808.0,657.0
815.0,808.0
910.0,808.0
992.0,808.0
809.0,114.0
809.0,301.0
809.0,409.0
809.0,630.0
903.0,809.0
981.0,809.0
810.0,92.0
810.0,254.0
810.0,357.0
810.0,371.0
810.0,514.0
811.0,117.0
811.0,577.0
891.0,811.0
812.0,276.0
813.0,504.0
813.0,534.0
813.0,689.0
814.0,117.0
814.0,309.0
814.0,396.0
814.0,549.0
814.0,759.0
870.0,814.0
948.0,814.0
815.0,71.0
815.0,331.0
815.0,440.0
815.0,585.0
815.0,770.0
816.0,278.0
816.0,321.0
816.0,456.0
952.0,816.0
969.0,816.0
817.0,120.0
817.0,149.0
817.0,402.0
817.0,516.0
817.0,657.0
906.0,817.0
818.0,146.0
818.0,522.0
818.0,755.0
819.0,52.0
819.0,248.0
819.0,514.0
819.0,704.0
820.0,334.0
820.0,359.0
820.0,500.0
820.0,586.0
820.0,626.0
820.0,657.0
820.0,684.0
821.0,65.0
821.0,315.0
821.0,316.0
821.0,445.0
821.0,818.0
822.0,539.0
822.0,642.0
822.0,703.0
822.0,760.0
822.0,776.0
965.0,822.0
823.0,92.0
823.0,140.0
823.0,295.0
823.0,359.0
823.0,433.0
991.0,823.0
824.0,163.0
824.0,351.0
824.0,409.0
824.0,501.0
824.0,560.0
824.0,636.0
824.0,676.0
825.0,471.0
825.0,490.0
825.0,613.0
826.0,13.0
826.0,29.0
826.0,442.0
826.0,468.0
827.0,137.0
827.0,267.0
827.0,367.0
827.0,754.0
917.0,827.0
828.0,489.0
913.0,828.0
829.0,17.0
829.0,361.0
829.0,669.0
829.0,698.0
830.0,28.0
830.0,285.0
830.0,440.0
830.0,504.0
830.0,736.0
831.0,264.0
831.0,358.0
831.0,525.0
831.0,555.0
832.0,35.0
832.0,110.0
832.0,227.0
832.0,338.0
832.0,378.0
832.0,509.0
832.0,648.0
832.0,660.0
861.0,832.0
981.0,832.0
994.0,832.0
833.0,164.0
833.0,237.0
833.0,606.0
833.0,662.0
834.0,833.0
834.0,9.0
834.0,108.0
834.0,510.0
834.0,619.0
834.0,742.0
834.0,796.0
838.0,834.0
896.0,834.0
933.0,834.0
835.0,20.0
835.0,200.0
835.0,292.0
835.0,537.0
835.0,681.0
835.0,684.0
835.0,791.0
853.0,835.0
956.0,835.0
836.0,349.0
836.0,461.0
836.0,741.0
837.0,215.0
837.0,301.0
837.0,461.0
837.0,790.0
837.0,833.0
838.0,52.0
838.0,618.0
860.0,838.0
839.0,141.0
839.0,394.0
839.0,767.0
840.0,252.0
840.0,478.0
840.0,551.0
840.0,555.0
841.0,120.0
841.0,257.0
841.0,516.0
841.0,635.0
841.0,691.0
879.0,841.0
842.0,344.0
842.0,586.0
842.0,675.0
842.0,771.0
842.0,776.0
842.0,787.0
907.0,842.0
843.0,19.0
843.0,758.0
935.0,843.0
961.0,843.0
844.0,169.0
844.0,442.0
845.0,114.0
845.0,128.0
845.0,464.0
845.0,508.0
845.0,581.0
845.0,595.0
845.0,681.0
922.0,845.0
969.0,845.0
846.0,99.0
846.0,121.0
846.0,477.0
846.0,650.0
903.0,846.0
847.0,295.0
847.0,636.0
847.0,701.0
953.0,847.0
848.0,62.0
848.0,98.0
848.0,156.0
848.0,412.0
848.0,666.0
848.0,767.0
849.0,1.0
849.0,50.0
849.0,322.0
849.0,525.0
849.0,689.0
849.0,721.0
850.0,80.0
850.0,321.0
850.0,452.0
850.0,657.0
850.0,678.0
850.0,733.0
901.0,850.0
928.0,850.0
957.0,850.0
851.0,30.0
851.0,323.0
851.0,643.0
851.0,719.0
851.0,721.0
852.0,7.0
852.0,349.0
852.0,361.0
852.0,393.0
852.0,465.0
852.0,544.0
852.0,671.0
852.0,721.0
852.0,734.0
852.0,738.0
897.0,852.0
940.0,852.0
853.0,41.0
853.0,146.0
853.0,176.0
853.0,179.0
853.0,208.0
853.0,301.0
853.0,445.0
853.0,774.0
854.0,71.0
854.0,268.0
854.0,467.0
854.0,732.0
855.0,0.0
855.0,210.0
855.0,296.0
855.0,398.0
855.0,405.0
855.0,446.0
855.0,570.0
855.0,668.0
856.0,111.0
914.0,856.0
857.0,231.0
857.0,371.0
857.0,398.0
857.0,650.0
857.0,770.0
858.0,80.0
858.0,377.0
858.0,391.0
858.0,442.0
859.0,95.0
859.0,752.0
859.0,818.0
888.0,859.0
860.0,8.0
860.0,157.0
860.0,288.0
860.0,416.0
860.0,541.0
860.0,590.0
860.0,648.0
860.0,749.0
899.0,860.0
919.0,860.0
861.0,97.0
861.0,369.0
861.0,645.0
861.0,690.0
861.0,772.0
861.0,776.0
928.0,861.0
862.0,101.0
862.0,193.0
862.0,588.0
862.0,769.0
997.0,862.0
863.0,172.0
863.0,498.0
863.0,838.0
864.0,214.0
864.0,233.0
864.0,477.0
864.0,538.0
889.0,864.0
891.0,864.0
865.0,145.0
865.0,221.0
865.0,419.0
865.0,823.0
866.0,24.0
866.0,269.0
866.0,271.0
981.0,866.0
867.0,263.0
867.0,718.0
867.0,760.0
868.0,193.0
868.0,236.0
868.0,432.0
868.0,451.0
868.0,482.0
978.0,868.0
869.0,104.0
869.0,628.0
879.0,869.0
870.0,450.0
870.0,525.0
870.0,645.0
870.0,822.0
870.0,842.0
871.0,287.0
871.0,381.0
871.0,479.0
871.0,810.0
872.0,534.0
872.0,608.0
872.0,708.0
872.0,749.0
872.0,767.0
872.0,799.0
873.0,54.0
873.0,321.0
873.0,357.0
873.0,550.0
874.0,82.0
874.0,85.0
874.0,346.0
874.0,454.0
874.0,700.0
874.0,802.0
875.0,200.0
875.0,253.0
875.0,818.0
934.0,875.0
967.0,875.0
876.0,296.0
876.0,530.0
876.0,782.0
876.0,807.0
877.0,74.0
877.0,335.0
877.0,483.0
877.0,668.0
933.0,877.0
878.0,374.0
878.0,507.0
936.0,878.0
879.0,273.0
879.0,281.0
879.0,703.0
880.0,40.0
880.0,67.0
880.0,155.0
880.0,657.0
880.0,688.0
880.0,742.0
880.0,810.0
914.0,880.0
881.0,120.0
881.0,268.0
881.0,345.0
881.0,554.0
881.0,692.0
881.0,702.0
882.0,8.0
882.0,147.0
882.0,157.0
882.0,284.0
882.0,660.0
882.0,808.0
882.0,809.0
883.0,136.0
883.0,360.0
883.0,464.0
883.0,476.0
883.0,521.0
884.0,665.0
885.0,425.0
885.0,469.0
885.0,743.0
885.0,769.0
885.0,857.0
886.0,49.0
886.0,673.0
886.0,844.0
887.0,478.0
887.0,678.0
888.0,204.0
888.0,284.0
888.0,291.0
888.0,308.0
888.0,468.0
889.0,152.0
889.0,284.0
889.0,291.0
889.0,426.0
910.0,889.0
890.0,243.0
890.0,363.0
890.0,379.0
890.0,449.0
890.0,619.0
891.0,343.0
891.0,521.0
892.0,89.0
892.0,152.0
892.0,231.0
892.0,267.0
892.0,410.0
892.0,472.0
892.0,545.0
892.0,671.0
935.0,892.0
995.0,892.0
893.0,520.0
894.0,18.0
894.0,510.0
894.0,533.0
894.0,671.0
894.0,711.0
944.0,894.0
990.0,894.0
895.0,193.0
895.0,313.0
895.0,606.0
895.0,631.0
895.0,647.0
895.0,778.0
896.0,66.0
896.0,416.0
896.0,437.0
896.0,501.0
896.0,578.0
896.0,698.0
897.0,18.0
897.0,30.0
897.0,75.0
897.0,446.0
897.0,757.0
900.0,897.0
898.0,39.0
898.0,85.0
898.0,147.0
898.0,636.0
899.0,534.0
899.0,662.0
899.0,736.0
900.0,187.0
900.0,439.0
900.0,800.0
900.0,819.0
901.0,25.0
901.0,38.0
901.0,50.0
901.0,602.0
901.0,738.0
901.0,780.0
902.0,169.0
902.0,523.0
902.0,590.0
902.0,847.0
903.0,245.0
903.0,563.0
903.0,885.0
914.0,903.0
904.0,319.0
904.0,489.0
904.0,495.0
904.0,634.0
904.0,883.0
905.0,94.0
905.0,265.0
905.0,470.0
905.0,806.0
905.0,861.0
907.0,905.0
906.0,131.0
906.0,203.0
906.0,731.0
906.0,734.0
907.0,103.0
907.0,214.0
907.0,342.0
907.0,819.0
923.0,907.0
908.0,32.0
908.0,57.0
908.0,63.0
908.0,286.0
908.0,360.0
908.0,543.0
908.0,812.0
908.0,905.0
987.0,908.0
909.0,789.0
909.0,824.0
910.0,30.0
910.0,762.0
910.0,902.0
911.0,34.0
911.0,102.0
911.0,691.0
911.0,803.0
911.0,870.0
912.0,170.0
912.0,422.0
912.0,709.0
912.0,855.0
913.0,47.0
913.0,204.0
914.0,231.0
914.0,385.0
914.0,386.0
914.0,493.0
914.0,644.0
914.0,716.0
915.0,440.0
915.0,565.0
915.0,620.0
915.0,875.0
916.0,292.0
916.0,423.0
916.0,514.0
917.0,269.0
917.0,405.0
917.0,530.0
917.0,656.0
917.0,790.0
917.0,838.0
918.0,46.0
918.0,141.0
918.0,467.0
918.0,581.0
918.0,595.0
918.0,650.0
918.0,893.0
919.0,38.0
919.0,128.0
919.0,385.0
919.0,521.0
919.0,620.0
919.0,844.0
919.0,888.0
982.0,919.0
920.0,26.0
920.0,162.0
920.0,273.0
920.0,726.0
920.0,863.0
936.0,920.0
921.0,286.0
949.0,921.0
922.0,14.0
922.0,66.0
922.0,648.0
923.0,102.0
923.0,239.0
923.0,635.0
923.0,663.0
941.0,923.0
924.0,35.0
924.0,197.0
924.0,770.0
924.0,817.0
924.0,914.0
948.0,924.0
925.0,6.0
925.0,8.0
925.0,178.0
925.0,186.0
925.0,285.0
925.0,588.0
925.0,624.0
978.0,925.0
926.0,313.0
926.0,492.0
926.0,586.0
926.0,701.0
926.0,801.0
927.0,360.0
927.0,688.0
928.0,666.0
928.0,772.0
929.0,74.0
929.0,358.0
929.0,407.0
930.0,161.0
930.0,511.0
930.0,615.0
930.0,628.0
930.0,708.0
930.0,755.0
930.0,899.0
930.0,907.0
952.0,930.0
931.0,47.0
931.0,76.0
931.0,484.0
931.0,490.0
931.0,493.0
931.0,679.0
932.0,47.0
932.0,421.0
932.0,483.0
932.0,674.0
932.0,682.0
932.0,868.0
933.0,66.0
933.0,299.0
933.0,565.0
934.0,271.0
934.0,291.0
934.0,341.0
934.0,438.0
934.0,581.0
934.0,582.0
935.0,29.0
935.0,98.0
935.0,297.0
935.0,864.0
935.0,912.0
936.0,374.0
936.0,549.0
936.0,614.0
936.0,749.0
937.0,248.0
937.0,515.0
937.0,854.0
938.0,210.0
938.0,345.0
938.0,386.0
938.0,462.0
938.0,554.0
939.0,84.0
939.0,264.0
939.0,410.0
939.0,658.0
939.0,755.0
939.0,777.0
940.0,15.0
940.0,462.0
940.0,681.0
941.0,210.0
941.0,234.0
941.0,238.0
941.0,429.0
941.0,893.0
942.0,32.0
942.0,301.0
942.0,570.0
942.0,691.0
942.0,709.0
942.0,722.0
943.0,210.0
943.0,820.0
980.0,943.0
944.0,151.0
944.0,380.0
944.0,812.0
945.0,58.0
945.0,125.0
945.0,655.0
945.0,694.0
945.0,750.0
945.0,804.0
946.0,24.0
946.0,84.0
946.0,516.0
946.0,578.0
946.0,597.0
946.0,849.0
990.0,946.0
947.0,111.0
947.0,369.0
947.0,370.0
947.0,456.0
947.0,469.0
947.0,501.0
947.0,504.0
947.0,562.0
947.0,568.0
947.0,725.0
947.0,776.0
947.0,818.0
948.0,172.0
948.0,425.0
948.0,657.0
948.0,676.0
948.0,879.0
949.0,446.0
949.0,493.0
949.0,654.0
949.0,710.0
949.0,790.0
949.0,794.0
949.0,880.0
950.0,324.0
950.0,599.0
950.0,655.0
950.0,682.0
950.0,750.0
951.0,92.0
951.0,229.0
951.0,391.0
951.0,444.0
951.0,594.0
951.0,908.0
951.0,926.0
952.0,179.0
952.0,196.0
952.0,213.0
952.0,261.0
952.0,262.0
952.0,437.0
952.0,680.0
953.0,119.0
953.0,130.0
953.0,473.0
953.0,563.0
953.0,690.0
953.0,790.0
953.0,906.0
953.0,942.0
954.0,71.0
954.0,197.0
954.0,417.0
954.0,441.0
954.0,534.0
954.0,713.0
954.0,807.0
955.0,318.0
955.0,708.0
955.0,765.0
955.0,833.0
956.0,382.0
956.0,494.0
956.0,738.0
956.0,775.0
956.0,792.0
957.0,86.0
957.0,257.0
957.0,354.0
957.0,572.0
957.0,857.0
958.0,14.0
958.0,312.0
958.0,788.0
958.0,816.0
964.0,958.0
959.0,22.0
959.0,392.0
959.0,689.0
959.0,713.0
960.0,61.0
960.0,131.0
960.0,334.0
960.0,370.0
960.0,758.0
960.0,770.0
960.0,807.0
960.0,937.0
995.0,960.0
961.0,66.0
961.0,109.0
961.0,161.0
961.0,200.0
961.0,221.0
961.0,336.0
961.0,822.0
961.0,831.0
962.0,98.0
962.0,168.0
962.0,447.0
962.0,738.0
963.0,420.0
963.0,455.0
963.0,547.0
963.0,766.0
963.0,892.0
964.0,285.0
964.0,848.0
964.0,921.0
965.0,23.0
965.0,125.0
965.0,304.0
965.0,358.0
965.0,579.0
965.0,588.0
965.0,613.0
965.0,680.0
965.0,738.0
965.0,935.0
966.0,261.0
966.0,394.0
966.0,527.0
966.0,680.0
966.0,723.0
966.0,965.0
972.0,966.0
967.0,37.0
967.0,68.0
967.0,536.0
967.0,639.0
967.0,724.0
967.0,738.0
967.0,751.0
967.0,775.0
967.0,825.0
967.0,833.0
967.0,842.0
982.0,967.0
968.0,276.0
968.0,774.0
968.0,776.0
968.0,784.0
968.0,794.0
968.0,883.0
969.0,61.0
970.0,405.0
970.0,445.0
970.0,705.0
971.0,350.0
971.0,719.0
971.0,741.0
972.0,194.0
972.0,400.0
972.0,434.0
972.0,529.0
972.0,624.0
973.0,159.0
973.0,678.0
974.0,22.0
974.0,187.0
974.0,591.0
974.0,726.0
974.0,735.0
974.0,753.0
975.0,233.0
975.0,354.0
975.0,367.0
975.0,501.0
975.0,548.0
975.0,623.0
975.0,926.0
975.0,930.0
976.0,565.0
976.0,568.0
977.0,321.0
977.0,619.0
977.0,797.0
978.0,43.0
978.0,229.0
978.0,832.0
979.0,127.0
979.0,164.0
979.0,362.0
979.0,394.0
979.0,642.0
980.0,255.0
980.0,395.0
980.0,475.0
980.0,485.0
980.0,557.0
980.0,616.0
980.0,868.0
980.0,870.0
981.0,202.0
981.0,216.0
981.0,366.0
981.0,851.0
981.0,972.0
982.0,279.0
982.0,336.0
982.0,374.0
982.0,375.0
982.0,436.0
982.0,579.0
982.0,828.0
983.0,53.0
983.0,76.0
983.0,148.0
983.0,327.0
983.0,508.0
983.0,690.0
984.0,35.0
984.0,695.0
984.0,970.0
985.0,96.0
985.0,251.0
985.0,328.0
985.0,589.0
986.0,73.0
986.0,110.0
986.0,188.0
986.0,659.0
986.0,792.0
987.0,114.0
987.0,623.0
987.0,655.0
987.0,695.0
987.0,822.0
988.0,95.0
988.0,114.0
988.0,184.0
988.0,196.0
988.0,233.0
988.0,321.0
988.0,331.0
988.0,414.0
988.0,491.0
988.0,591.0
988.0,603.0
988.0,974.0
994.0,988.0
989.0,71.0
989.0,99.0
989.0,323.0
989.0,549.0
990.0,0.0
990.0,8.0
990.0,80.0
990.0,125.0
990.0,309.0
990.0,360.0
990.0,432.0
990.0,671.0
990.0,690.0
991.0,23.0
991.0,316.0
991.0,327.0
991.0,422.0
991.0,755.0
991.0,923.0
992.0,109.0
992.0,384.0
992.0,419.0
992.0,429.0
992.0,749.0
992.0,889.0
993.0,75.0
993.0,116.0
993.0,187.0
993.0,219.0
993.0,232.0
993.0,249.0
993.0,256.0
993.0,485.0
993.0,522.0
993.0,542.0
993.0,920.0
994.0,104.0
994.0,117.0
994.0,697.0
994.0,957.0
995.0,159.0
995.0,466.0
995.0,964.0
996.0,30.0
996.0,561.0
996.0,616.0
996.0,635.0
996.0,855.0
996.0,911.0
996.0,913.0
997.0,46.0
997.0,193.0
997.0,207.0
997.0,339.0
997.0,447.0
997.0,604.0
997.0,711.0
997.0,712.0
997.0,745.0
998.0,111.0
998.0,273.0
998.0,292.0
998.0,811.0
998.0,886.0
999.0,181.0
999.0,265.0
999.0,416.0
999.0,590.0
999.0,634.0
999.0,835.0
0.0,656.0
1.0,378.0
1.0,632.0
1.0,911.0
1.0,916.0
1.0,933.0
2.0,23.0
2.0,51.0
2.0,202.0
2.0,401.0
2.0,414.0
2.0,421.0
2.0,685.0
2.0,806.0
3.0,8.0
3.0,53.0
3.0,132.0
3.0,212.0
3.0,318.0
3.0,321.0
3.0,512.0
3.0,899.0
4.0,8.0
4.0,523.0
5.0,219.0
5.0,390.0
5.0,533.0
6.0,104.0
6.0,256.0
6.0,737.0
7.0,30.0
7.0,249.0
7.0,511.0
7.0,549.0
7.0,817.0
7.0,988.0
8.0,295.0
8.0,366.0
8.0,714.0
8.0,730.0
8.0,751.0
8.0,839.0
8.0,892.0
9.0,286.0
9.0,361.0
9.0,492.0
10.0,880.0
10.0,903.0
11.0,53.0
11.0,174.0
11.0,275.0
11.0,500.0
11.0,982.0
12.0,384.0
12.0,497.0
13.0,42.0
13.0,301.0
13.0,403.0
13.0,518.0
13.0,524.0
13.0,588.0
13.0,592.0
13.0,751.0
13.0,806.0
14.0,145.0
14.0,189.0
14.0,379.0
15.0,104.0
15.0,639.0
15.0,937.0
15.0,945.0
16.0,187.0
16.0,198.0
16.0,433.0
16.0,649.0
16.0,696.0
16.0,727.0
16.0,852.0
16.0,875.0
17.0,397.0
17.0,583.0
17.0,899.0
18.0,24.0
18.0,72.0
18.0,134.0
18.0,166.0
18.0,455.0
19.0,261.0
19.0,407.0
19.0,523.0
19.0,623.0
19.0,912.0
15.0,20.0
20.0,172.0
20.0,295.0
20.0,406.0
20.0,553.0
20.0,596.0
21.0,84.0
21.0,93.0
21.0,336.0
21.0,468.0
21.0,765.0
21.0,786.0
22.0,254.0
22.0,522.0
22.0,567.0
22.0,624.0
22.0,895.0
23.0,33.0
23.0,67.0
23.0,653.0
24.0,82.0
24.0,275.0
24.0,763.0
24.0,771.0
24.0,869.0
24.0,996.0
25.0,117.0
25.0,300.0
25.0,549.0
25.0,763.0
25.0,964.0
25.0,968.0
25.0,981.0
17.0,26.0
18.0,26.0
26.0,309.0
26.0,630.0
26.0,934.0
26.0,977.0
27.0,34.0
27.0,97.0
27.0,403.0
27.0,786.0
27.0,972.0
28.0,75.0
28.0,415.0
28.0,416.0
28.0,494.0
28.0,574.0
28.0,708.0
29.0,114.0
29.0,136.0
29.0,293.0
29.0,423.0
29.0,622.0
29.0,793.0
30.0,59.0
30.0,274.0
30.0,342.0
30.0,406.0
30.0,411.0
30.0,496.0
30.0,763.0
31.0,385.0
31.0,438.0
31.0,556.0
31.0,970.0
32.0,170.0
32.0,362.0
32.0,452.0
32.0,622.0
32.0,745.0
32.0,753.0
33.0,62.0
33.0,129.0
33.0,218.0
33.0,539.0
33.0,680.0
33.0,740.0
33.0,776.0
33.0,905.0
34.0,185.0
34.0,689.0
34.0,812.0
34.0,840.0
34.0,843.0
34.0,886.0
34.0,908.0
34.0,955.0
35.0,60.0
35.0,265.0
35.0,407.0
35.0,517.0
35.0,728.0
35.0,898.0
36.0,876.0
36.0,923.0
37.0,444.0
37.0,566.0
37.0,578.0
38.0,260.0
38.0,278.0
39.0,438.0
11.0,40.0
40.0,203.0
40.0,351.0
40.0,492.0
40.0,560.0
40.0,561.0
40.0,804.0
13.0,41.0
41.0,160.0
41.0,182.0
41.0,378.0
41.0,441.0
41.0,505.0
41.0,521.0
41.0,924.0
42.0,594.0
42.0,650.0
42.0,761.0
42.0,798.0
42.0,982.0
41.0,43.0
43.0,228.0
43.0,294.0
43.0,989.0
44.0,374.0
44.0,684.0
45.0,145.0
45.0,201.0
45.0,243.0
45.0,675.0
45.0,677.0
45.0,694.0
45.0,958.0
46.0,60.0
46.0,307.0
46.0,449.0
47.0,55.0
47.0,220.0
47.0,648.0
47.0,710.0
47.0,748.0
47.0,787.0
48.0,170.0
48.0,217.0
48.0,304.0
48.0,456.0
48.0,900.0
49.0,285.0
49.0,291.0
49.0,941.0
50.0,744.0
51.0,510.0
51.0,513.0
20.0,52.0
52.0,68.0
52.0,575.0
52.0,783.0
52.0,856.0
52.0,909.0
53.0,538.0
53.0,547.0
53.0,925.0
53.0,942.0
54.0,103.0
54.0,338.0
54.0,380.0
54.0,540.0
54.0,563.0
54.0,800.0
54.0,846.0
55.0,83.0
55.0,287.0
55.0,511.0
55.0,693.0
55.0,710.0
56.0,155.0
56.0,313.0
56.0,351.0
56.0,413.0
56.0,591.0
6.0,57.0
57.0,208.0
57.0,307.0
57.0,426.0
57.0,686.0
57.0,811.0
58.0,71.0
58.0,855.0
59.0,123.0
59.0,271.0
59.0,586.0
60.0,85.0
60.0,615.0
60.0,832.0
60.0,939.0
61.0,266.0
61.0,364.0
61.0,407.0
61.0,540.0
61.0,921.0
61.0,941.0
62.0,78.0
62.0,322.0
62.0,384.0
62.0,454.0
62.0,710.0
62.0,856.0
62.0,945.0
18.0,63.0
63.0,509.0
63.0,647.0
63.0,725.0
64.0,398.0
65.0,611.0
66.0,129.0
66.0,134.0
66.0,329.0
66.0,504.0
66.0,624.0
66.0,695.0
36.0,67.0
67.0,365.0
67.0,725.0
67.0,735.0
67.0,753.0
67.0,783.0
67.0,985.0
68.0,268.0
68.0,329.0
68.0,464.0
68.0,524.0
68.0,877.0
68.0,933.0
69.0,317.0
69.0,473.0
69.0,988.0
70.0,438.0
70.0,588.0
70.0,591.0
70.0,951.0
71.0,95.0
71.0,367.0
71.0,382.0
71.0,403.0
71.0,502.0
71.0,887.0
71.0,907.0
71.0,952.0
71.0,975.0
72.0,177.0
72.0,218.0
72.0,485.0
72.0,520.0
72.0,766.0
72.0,858.0
24.0,73.0
73.0,74.0
73.0,300.0
73.0,369.0
73.0,395.0
73.0,401.0
73.0,459.0
73.0,675.0
73.0,74.0
74.0,150.0
74.0,270.0
74.0,307.0
74.0,428.0
74.0,470.0
74.0,859.0
31.0,75.0
75.0,539.0
76.0,159.0
76.0,387.0
76.0,543.0
76.0,579.0
76.0,595.0
76.0,727.0
0.0,77.0
78.0,144.0
78.0,306.0
78.0,417.0
78.0,536.0
50.0,79.0
79.0,112.0
79.0,428.0
79.0,558.0
79.0,754.0
80.0,198.0
80.0,799.0
81.0,739.0
82.0,255.0
82.0,356.0
13.0,83.0
65.0,83.0
83.0,102.0
83.0,118.0
83.0,236.0
83.0,362.0
83.0,823.0
84.0,149.0
84.0,426.0
85.0,97.0
85.0,262.0
85.0,555.0
85.0,825.0
85.0,886.0
14.0,86.0
21.0,86.0
28.0,86.0
55.0,86.0
86.0,460.0
86.0,470.0
86.0,509.0
86.0,609.0
87.0,116.0
87.0,264.0
87.0,534.0
87.0,675.0
87.0,750.0
87.0,813.0
87.0,851.0
87.0,987.0
82.0,88.0
88.0,205.0
88.0,389.0
88.0,502.0
88.0,684.0
88.0,762.0
88.0,963.0
89.0,122.0
89.0,174.0
89.0,300.0
89.0,360.0
89.0,468.0
89.0,514.0
89.0,637.0
89.0,645.0
90.0,248.0
90.0,461.0
90.0,509.0
90.0,800.0
6.0,91.0
91.0,197.0
91.0,444.0
91.0,481.0
91.0,775.0
91.0,917.0
92.0,111.0
92.0,147.0
92.0,870.0
92.0,967.0
82.0,93.0
93.0,144.0
93.0,357.0
93.0,439.0
93.0,874.0
94.0,110.0
94.0,123.0
94.0,463.0
31.0,95.0
95.0,558.0
95.0,750.0
96.0,147.0
96.0,308.0
96.0,378.0
96.0,565.0
96.0,662.0
96.0,986.0
97.0,237.0
97.0,301.0
97.0,352.0
97.0,459.0
97.0,478.0
97.0,565.0
97.0,771.0
97.0,835.0
97.0,975.0
98.0,105.0
98.0,119.0
98.0,124.0
98.0,150.0
98.0,959.0
99.0,628.0
99.0,808.0
68.0,100.0
100.0,418.0
100.0,428.0
100.0,502.0
100.0,692.0
100.0,847.0
100.0,855.0
10.0,101.0
101.0,195.0
101.0,397.0
101.0,480.0
101.0,626.0
101.0,759.0
101.0,826.0
101.0,913.0
97.0,102.0
102.0,231.0
102.0,360.0
102.0,474.0
102.0,601.0
102.0,785.0
102.0,853.0
102.0,968.0
103.0,327.0
103.0,333.0
103.0,368.0
103.0,597.0
104.0,115.0
104.0,257.0
31.0,105.0
43.0,105.0
105.0,337.0
105.0,530.0
105.0,720.0
105.0,833.0
105.0,918.0
106.0,555.0
106.0,839.0
107.0,262.0
107.0,367.0
107.0,406.0
107.0,521.0
107.0,619.0
107.0,941.0
55.0,108.0
76.0,108.0
108.0,118.0
108.0,547.0
108.0,717.0
108.0,742.0
108.0,886.0
109.0,233.0
110.0,303.0
110.0,522.0
110.0,730.0
88.0,111.0
111.0,332.0
111.0,539.0
111.0,685.0
111.0,755.0
26.0,112.0
112.0,259.0
112.0,353.0
112.0,925.0
112.0,998.0
9.0,113.0
113.0,226.0
113.0,418.0
113.0,574.0
113.0,625.0
113.0,783.0
113.0,957.0
58.0,114.0
114.0,162.0
114.0,545.0
114.0,820.0
114.0,938.0
114.0,996.0
115.0,423.0
115.0,497.0
115.0,730.0
115.0,832.0
115.0,845.0
115.0,955.0
116.0,334.0
116.0,483.0
116.0,509.0
116.0,610.0
116.0,621.0
116.0,704.0
116.0,861.0
117.0,323.0
117.0,472.0
117.0,599.0
117.0,789.0
117.0,796.0
117.0,907.0
118.0,222.0
118.0,539.0
118.0,574.0
118.0,824.0
118.0,895.0
86.0,119.0
102.0,119.0
119.0,194.0
119.0,446.0
119.0,750.0
119.0,866.0
120.0,422.0
120.0,650.0
120.0,744.0
120.0,820.0
120.0,896.0
120.0,947.0
26.0,121.0
121.0,304.0
121.0,357.0
121.0,463.0
121.0,717.0
121.0,857.0
122.0,345.0
122.0,382.0
122.0,610.0
122.0,876.0
123.0,168.0
123.0,320.0
123.0,353.0
123.0,522.0
123.0,532.0
123.0,550.0
42.0,124.0
124.0,129.0
124.0,151.0
124.0,524.0
124.0,577.0
124.0,845.0
124.0,920.0
125.0,235.0
125.0,411.0
125.0,424.0
125.0,430.0
125.0,591.0
125.0,716.0
125.0,948.0
103.0,126.0
126.0,299.0
126.0,609.0
126.0,648.0
126.0,866.0
126.0,992.0
16.0,127.0
127.0,223.0
127.0,517.0
127.0,529.0
84.0,128.0
128.0,347.0
129.0,202.0
129.0,530.0
129.0,601.0
129.0,741.0
130.0,195.0
130.0,351.0
131.0,275.0
131.0,509.0
131.0,726.0
131.0,733.0
12.0,132.0
132.0,640.0
132.0,721.0
132.0,740.0
132.0,759.0
133.0,195.0
133.0,370.0
133.0,831.0
134.0,536.0
134.0,849.0
134.0,850.0
135.0,279.0
135.0,715.0
42.0,136.0
136.0,166.0
136.0,255.0
136.0,309.0
136.0,405.0
136.0,528.0
75.0,137.0
137.0,305.0
137.0,633.0
137.0,910.0
137.0,922.0
138.0,434.0
138.0,564.0
138.0,589.0
138.0,824.0
138.0,870.0
138.0,935.0
138.0,968.0
9.0,139.0
139.0,155.0
139.0,818.0
87.0,140.0
140.0,189.0
140.0,325.0
140.0,471.0
140.0,768.0
140.0,776.0
140.0,810.0
140.0,882.0
140.0,950.0
98.0,141.0
141.0,147.0
141.0,214.0
0.0,142.0
33.0,143.0
143.0,492.0
143.0,672.0
143.0,894.0
144.0,470.0
144.0,586.0
144.0,780.0
145.0,367.0
145.0,415.0
145.0,453.0
145.0,542.0
145.0,614.0
145.0,975.0
146.0,450.0
146.0,494.0
146.0,742.0
54.0,147.0
147.0,259.0
147.0,479.0
147.0,562.0
147.0,784.0
147.0,864.0
148.0,165.0
148.0,390.0
148.0,430.0
148.0,675.0
148.0,688.0
148.0,884.0
148.0,932.0
148.0,960.0
149.0,389.0
149.0,762.0
149.0,819.0
149.0,927.0
150.0,591.0
150.0,726.0
150.0,742.0
150.0,877.0
150.0,972.0
151.0,238.0
151.0,592.0
151.0,731.0
0.0,152.0
24.0,153.0
153.0,299.0
153.0,307.0
153.0,685.0
153.0,775.0
154.0,176.0
154.0,189.0
154.0,499.0
154.0,936.0
5.0,155.0
155.0,313.0
155.0,577.0
0.0,156.0
156.0,322.0
156.0,595.0
156.0,609.0
156.0,826.0
156.0,964.0
157.0,641.0
71.0,158.0
158.0,661.0
158.0,956.0
63.0,159.0
159.0,265.0
159.0,543.0
159.0,730.0
159.0,733.0
159.0,768.0
159.0,901.0
160.0,431.0
160.0,578.0
160.0,697.0
160.0,712.0
19.0,161.0
41.0,161.0
88.0,161.0
161.0,187.0
161.0,316.0
161.0,475.0
161.0,540.0
161.0,789.0
161.0,814.0
161.0,821.0
161.0,857.0
161.0,933.0
8.0,162.0
162.0,207.0
162.0,297.0
162.0,973.0
82.0,163.0
163.0,170.0
163.0,316.0
163.0,395.0
163.0,512.0
163.0,973.0
25.0,164.0
27.0,164.0
164.0,481.0
164.0,549.0
164.0,758.0
164.0,963.0
55.0,165.0
165.0,717.0
88.0,166.0
166.0,332.0
166.0,382.0
166.0,526.0
166.0,666.0
166.0,788.0
166.0,836.0
166.0,854.0
80.0,167.0
167.0,258.0
167.0,587.0
167.0,786.0
167.0,897.0
167.0,941.0
167.0,950.0
167.0,966.0
57.0,168.0
152.0,168.0
168.0,231.0
168.0,260.0
168.0,332.0
168.0,489.0
168.0,952.0
168.0,981.0
169.0,210.0
169.0,433.0
170.0,435.0
170.0,493.0
170.0,558.0
170.0,808.0
170.0,913.0
170.0,997.0
171.0,190.0
171.0,438.0
171.0,629.0
171.0,864.0
171.0,882.0
172.0,404.0
172.0,989.0
173.0,268.0
173.0,983.0
174.0,264.0
174.0,389.0
174.0,910.0
175.0,662.0
175.0,734.0
176.0,300.0
176.0,392.0
176.0,394.0
176.0,913.0
72.0,177.0
129.0,177.0
177.0,344.0
177.0,537.0
177.0,674.0
177.0,931.0
121.0,178.0
177.0,178.0
178.0,857.0
16.0,179.0
14.0,180.0
180.0,401.0
180.0,492.0
180.0,505.0
180.0,617.0
180.0,637.0
180.0,755.0
163.0,181.0
181.0,373.0
70.0,182.0
182.0,390.0
182.0,416.0
182.0,564.0
182.0,576.0
182.0,887.0
131.0,183.0
183.0,428.0
183.0,762.0
183.0,929.0
183.0,996.0
8.0,184.0
184.0,346.0
184.0,560.0
184.0,561.0
184.0,700.0
184.0,818.0
185.0,390.0
185.0,565.0
185.0,616.0
185.0,668.0
185.0,677.0
185.0,709.0
185.0,882.0
186.0,336.0
186.0,834.0
187.0,300.0
187.0,330.0
187.0,402.0
187.0,677.0
187.0,943.0
177.0,188.0
188.0,375.0
188.0,841.0
173.0,189.0
189.0,293.0
189.0,319.0
189.0,569.0
189.0,706.0
189.0,724.0
189.0,739.0
189.0,846.0
189.0,876.0
190.0,199.0
190.0,334.0
190.0,341.0
190.0,543.0
190.0,865.0
0.0,191.0
192.0,677.0
192.0,692.0
193.0,327.0
193.0,923.0
193.0,953.0
12.0,194.0
145.0,194.0
194.0,209.0
194.0,293.0
194.0,418.0
194.0,487.0
194.0,566.0
194.0,570.0
194.0,772.0
194.0,788.0
195.0,314.0
195.0,585.0
195.0,591.0
195.0,684.0
195.0,721.0
195.0,827.0
195.0,853.0
195.0,968.0
51.0,196.0
196.0,290.0
196.0,330.0
196.0,509.0
196.0,550.0
196.0,783.0
41.0,197.0
101.0,197.0
197.0,296.0
197.0,362.0
197.0,508.0
197.0,540.0
197.0,786.0
197.0,920.0
48.0,198.0
198.0,587.0
198.0,642.0
49.0,199.0
57.0,199.0
199.0,200.0
199.0,249.0
199.0,703.0
199.0,747.0
165.0,200.0
200.0,255.0
200.0,437.0
200.0,547.0
94.0,201.0
137.0,201.0
201.0,328.0
201.0,441.0
201.0,861.0
201.0,954.0
144.0,202.0
202.0,210.0
202.0,461.0
202.0,480.0
202.0,483.0
202.0,690.0
202.0,698.0
203.0,220.0
203.0,869.0
36.0,204.0
141.0,204.0
204.0,299.0
204.0,329.0
172.0,205.0
205.0,265.0
205.0,450.0
205.0,455.0
205.0,475.0
205.0,650.0
205.0,866.0
205.0,929.0
205.0,962.0
155.0,206.0
206.0,648.0
128.0,207.0
131.0,207.0
207.0,226.0
207.0,360.0
207.0,417.0
207.0,600.0
207.0,718.0
207.0,883.0
208.0,348.0
208.0,375.0
208.0,550.0
208.0,717.0
208.0,939.0
109.0,209.0
113.0,209.0
209.0,962.0
159.0,210.0
210.0,283.0
210.0,353.0
210.0,372.0
210.0,551.0
210.0,716.0
92.0,211.0
211.0,660.0
211.0,784.0
211.0,996.0
184.0,212.0
212.0,433.0
212.0,723.0
212.0,789.0
212.0,916.0
212.0,987.0
145.0,213.0
213.0,521.0
213.0,730.0
25.0,214.0
214.0,423.0
214.0,483.0
214.0,613.0
214.0,618.0
214.0,723.0
214.0,789.0
214.0,914.0
54.0,215.0
68.0,215.0
215.0,505.0
215.0,633.0
215.0,663.0
215.0,778.0
215.0,780.0
215.0,832.0
155.0,216.0
177.0,216.0
210.0,216.0
216.0,347.0
216.0,351.0
216.0,409.0
216.0,575.0
216.0,784.0
216.0,887.0
33.0,217.0
217.0,591.0
217.0,914.0
31.0,218.0
218.0,528.0
218.0,984.0
9.0,219.0
219.0,394.0
219.0,575.0
219.0,682.0
220.0,233.0
220.0,635.0
220.0,749.0
220.0,957.0
36.0,221.0
221.0,358.0
20.0,222.0
69.0,222.0
222.0,558.0
222.0,751.0
222.0,790.0
222.0,834.0
102.0,223.0
223.0,476.0
223.0,754.0
223.0,864.0
223.0,900.0
223.0,937.0
224.0,410.0
224.0,446.0
224.0,821.0
225.0,702.0
226.0,426.0
226.0,578.0
226.0,631.0
226.0,652.0
227.0,343.0
227.0,649.0
227.0,993.0
228.0,237.0
228.0,592.0
228.0,615.0
228.0,653.0
228.0,768.0
229.0,262.0
229.0,418.0
229.0,712.0
229.0,820.0
229.0,939.0
229.0,983.0
75.0,230.0
230.0,263.0
230.0,387.0
230.0,502.0
230.0,593.0
230.0,961.0
181.0,231.0
186.0,231.0
231.0,388.0
231.0,445.0
231.0,481.0
231.0,522.0
231.0,803.0
231.0,853.0
231.0,883.0
231.0,976.0
232.0,270.0
232.0,287.0
232.0,410.0
232.0,474.0
232.0,697.0
191.0,233.0
233.0,712.0
233.0,761.0
233.0,968.0
83.0,234.0
137.0,234.0
234.0,648.0
64.0,235.0
129.0,235.0
235.0,348.0
235.0,386.0
235.0,389.0
235.0,474.0
235.0,676.0
117.0,236.0
236.0,251.0
236.0,772.0
81.0,237.0
106.0,237.0
181.0,237.0
237.0,989.0
97.0,238.0
238.0,571.0
238.0,873.0
238.0,921.0
239.0,298.0
239.0,377.0
239.0,680.0
159.0,240.0
240.0,631.0
240.0,875.0
51.0,241.0
112.0,241.0
241.0,571.0
241.0,968.0
242.0,849.0
243.0,252.0
243.0,373.0
243.0,461.0
243.0,744.0
243.0,746.0
100.0,244.0
106.0,244.0
118.0,244.0
244.0,246.0
244.0,363.0
244.0,963.0
245.0,306.0
245.0,477.0
245.0,564.0
171.0,246.0
246.0,545.0
246.0,707.0
246.0,712.0
246.0,893.0
246.0,947.0
144.0,247.0
199.0,247.0
214.0,247.0
247.0,312.0
247.0,407.0
247.0,487.0
247.0,817.0
247.0,894.0
96.0,248.0
248.0,410.0
248.0,432.0
248.0,528.0
248.0,769.0
12.0,249.0
202.0,249.0
249.0,407.0
249.0,432.0
249.0,459.0
249.0,477.0
249.0,936.0
169.0,250.0
250.0,382.0
250.0,449.0
250.0,629.0
150.0,251.0
251.0,409.0
251.0,545.0
251.0,588.0
251.0,706.0
8.0,252.0
252.0,930.0
252.0,947.0
109.0,253.0
253.0,317.0
253.0,605.0
253.0,953.0
254.0,354.0
254.0,420.0
254.0,577.0
254.0,581.0
254.0,648.0
254.0,741.0
255.0,317.0
255.0,489.0
255.0,632.0
255.0,685.0
255.0,743.0
255.0,841.0
255.0,843.0
255.0,884.0
255.0,993.0
256.0,598.0
256.0,657.0
256.0,925.0
7.0,257.0
257.0,489.0
257.0,510.0
258.0,275.0
258.0,862.0
138.0,259.0
191.0,259.0
259.0,263.0
259.0,292.0
259.0,427.0
259.0,903.0
259.0,973.0
260.0,896.0
260.0,912.0
28.0,261.0
80.0,261.0
133.0,261.0
223.0,261.0
261.0,274.0
261.0,352.0
261.0,591.0
262.0,326.0
262.0,411.0
262.0,871.0
262.0,953.0
16.0,263.0
176.0,263.0
263.0,280.0
263.0,773.0
264.0,601.0
264.0,786.0
265.0,311.0
265.0,401.0
265.0,432.0
265.0,538.0
265.0,542.0
265.0,618.0
265.0,759.0
265.0,791.0
265.0,899.0
175.0,266.0
266.0,357.0
266.0,388.0
266.0,437.0
266.0,514.0
266.0,649.0
266.0,742.0
266.0,809.0
266.0,966.0
35.0,267.0
165.0,267.0
267.0,473.0
71.0,268.0
197.0,268.0
268.0,682.0
173.0,269.0
197.0,269.0
269.0,321.0
269.0,411.0
269.0,794.0
269.0,817.0
269.0,941.0
270.0,608.0
270.0,906.0
35.0,271.0
253.0,271.0
271.0,359.0
271.0,560.0
271.0,642.0
271.0,810.0
78.0,272.0
272.0,457.0
272.0,533.0
272.0,538.0
272.0,576.0
272.0,865.0
272.0,881.0
1.0,273.0
273.0,377.0
273.0,469.0
273.0,918.0
273.0,976.0
94.0,274.0
148.0,274.0
274.0,312.0
274.0,424.0
274.0,473.0
274.0,552.0
274.0,571.0
274.0,989.0
252.0,275.0
275.0,402.0
275.0,454.0
275.0,560.0
275.0,658.0
275.0,673.0
275.0,801.0
131.0,276.0
248.0,276.0
258.0,276.0
276.0,442.0
276.0,680.0
276.0,692.0
277.0,365.0
226.0,278.0
278.0,795.0
278.0,967.0
49.0,279.0
76.0,279.0
101.0,279.0
246.0,279.0
279.0,709.0
279.0,736.0
279.0,757.0
279.0,774.0
279.0,859.0
279.0,876.0
279.0,958.0
279.0,989.0
124.0,280.0
280.0,464.0
280.0,668.0
280.0,997.0
120.0,281.0
281.0,345.0
281.0,403.0
281.0,427.0
281.0,516.0
281.0,704.0
282.0,283.0
282.0,393.0
282.0,603.0
282.0,704.0
282.0,770.0
282.0,964.0
32.0,283.0
92.0,283.0
283.0,310.0
283.0,315.0
283.0,736.0
283.0,933.0
283.0,998.0
284.0,435.0
284.0,536.0
284.0,565.0
284.0,614.0
284.0,623.0
284.0,652.0
284.0,664.0
284.0,704.0
284.0,806.0
284.0,925.0
285.0,512.0
285.0,935.0
285.0,983.0
279.0,286.0
286.0,381.0
286.0,650.0
286.0,864.0
287.0,375.0
287.0,574.0
287.0,663.0
287.0,732.0
287.0,915.0
288.0,497.0
235.0,289.0
289.0,383.0
289.0,400.0
289.0,559.0
289.0,777.0
289.0,852.0
289.0,990.0
37.0,290.0
290.0,533.0
50.0,291.0
291.0,364.0
291.0,438.0
146.0,292.0
292.0,311.0
292.0,333.0
292.0,468.0
292.0,582.0
292.0,772.0
292.0,863.0
292.0,874.0
292.0,971.0
97.0,293.0
293.0,773.0
293.0,865.0
294.0,596.0
294.0,836.0
294.0,853.0
7.0,295.0
12.0,295.0
25.0,295.0
97.0,295.0
107.0,295.0
148.0,295.0
253.0,295.0
295.0,949.0
16.0,296.0
191.0,296.0
248.0,296.0
296.0,304.0
296.0,500.0
296.0,634.0
296.0,789.0
87.0,297.0
232.0,297.0
261.0,298.0
298.0,574.0
298.0,629.0
298.0,676.0
298.0,885.0
299.0,404.0
299.0,670.0
299.0,770.0
299.0,883.0
56.0,300.0
300.0,344.0
300.0,418.0
300.0,751.0
300.0,815.0
266.0,301.0
301.0,349.0
301.0,926.0
301.0,969.0
301.0,978.0
215.0,302.0
302.0,478.0
302.0,534.0
302.0,544.0
59.0,303.0
200.0,303.0
303.0,595.0
303.0,714.0
303.0,780.0
303.0,856.0
303.0,917.0
299.0,304.0
304.0,493.0
304.0,730.0
304.0,886.0
304.0,950.0
210.0,305.0
305.0,864.0
7.0,306.0
156.0,306.0
306.0,309.0
306.0,353.0
39.0,307.0
154.0,307.0
307.0,442.0
307.0,552.0
307.0,767.0
307.0,817.0
307.0,863.0
308.0,392.0
308.0,431.0
308.0,583.0
308.0,622.0
308.0,940.0
231.0,309.0
237.0,309.0
309.0,331.0
309.0,443.0
309.0,787.0
184.0,310.0
310.0,551.0
310.0,559.0
4.0,311.0
46.0,311.0
206.0,311.0
311.0,834.0
311.0,853.0
311.0,973.0
35.0,312.0
45.0,312.0
249.0,312.0
273.0,312.0
312.0,347.0
312.0,395.0
312.0,527.0
312.0,821.0
267.0,313.0
313.0,343.0
313.0,472.0
313.0,556.0
10.0,314.0
314.0,545.0
314.0,991.0
137.0,315.0
315.0,454.0
315.0,654.0
315.0,901.0
67.0,316.0
105.0,316.0
159.0,316.0
316.0,562.0
316.0,615.0
316.0,989.0
21.0,317.0
80.0,317.0
317.0,768.0
317.0,855.0
1.0,318.0
288.0,318.0
317.0,318.0
318.0,322.0
318.0,357.0
318.0,437.0
318.0,527.0
318.0,830.0
217.0,319.0
319.0,321.0
319.0,490.0
319.0,844.0
113.0,320.0
269.0,320.0
275.0,320.0
320.0,344.0
320.0,538.0
320.0,744.0
21.0,321.0
192.0,321.0
321.0,414.0
273.0,322.0
322.0,671.0
86.0,323.0
323.0,926.0
246.0,324.0
301.0,324.0
324.0,619.0
325.0,346.0
325.0,892.0
325.0,994.0
90.0,326.0
326.0,608.0
326.0,706.0
326.0,919.0
193.0,327.0
327.0,844.0
39.0,328.0
95.0,328.0
318.0,328.0
328.0,469.0
328.0,489.0
328.0,656.0
328.0,827.0
315.0,329.0
329.0,392.0
329.0,452.0
329.0,562.0
67.0,330.0
282.0,330.0
330.0,665.0
330.0,765.0
330.0,870.0
331.0,364.0
331.0,383.0
331.0,438.0
331.0,925.0
331.0,934.0
59.0,332.0
205.0,332.0
264.0,332.0
332.0,430.0
332.0,557.0
332.0,831.0
18.0,333.0
333.0,482.0
333.0,567.0
333.0,598.0
333.0,842.0
333.0,864.0
333.0,948.0
185.0,334.0
276.0,334.0
334.0,367.0
334.0,741.0
334.0,959.0
66.0,335.0
82.0,335.0
335.0,611.0
335.0,863.0
335.0,930.0
335.0,943.0
21.0,336.0
82.0,336.0
149.0,336.0
336.0,403.0
336.0,540.0
336.0,607.0
336.0,719.0
51.0,337.0
267.0,337.0
337.0,569.0
337.0,631.0
337.0,632.0
337.0,808.0
82.0,338.0
103.0,338.0
338.0,548.0
338.0,718.0
339.0,374.0
339.0,791.0
339.0,814.0
339.0,926.0
339.0,941.0
339.0,986.0
303.0,340.0
331.0,340.0
340.0,468.0
340.0,753.0
340.0,825.0
118.0,341.0
336.0,341.0
341.0,394.0
341.0,444.0
87.0,342.0
342.0,362.0
342.0,635.0
343.0,408.0
343.0,609.0
0.0,344.0
149.0,344.0
161.0,344.0
278.0,344.0
344.0,450.0
344.0,590.0
344.0,678.0
213.0,345.0
274.0,345.0
345.0,714.0
38.0,346.0
256.0,346.0
346.0,663.0
346.0,850.0
346.0,851.0
346.0,925.0
134.0,347.0
265.0,347.0
303.0,347.0
347.0,466.0
347.0,585.0
347.0,639.0
347.0,796.0
347.0,858.0
115.0,348.0
348.0,444.0
348.0,666.0
348.0,762.0
140.0,349.0
228.0,349.0
342.0,349.0
349.0,575.0
349.0,605.0
349.0,956.0
202.0,350.0
350.0,675.0
350.0,794.0
3.0,351.0
205.0,351.0
351.0,445.0
351.0,774.0
351.0,930.0
270.0,352.0
352.0,691.0
352.0,857.0
57.0,353.0
168.0,353.0
213.0,353.0
233.0,353.0
353.0,826.0
353.0,902.0
178.0,354.0
354.0,445.0
354.0,469.0
214.0,355.0
355.0,563.0
355.0,638.0
355.0,895.0
75.0,356.0
150.0,356.0
356.0,399.0
356.0,628.0
356.0,683.0
356.0,815.0
81.0,357.0
204.0,357.0
232.0,357.0
357.0,392.0
357.0,642.0
357.0,677.0
357.0,883.0
357.0,910.0
184.0,358.0
192.0,358.0
196.0,358.0
228.0,358.0
312.0,358.0
358.0,438.0
358.0,770.0
358.0,916.0
359.0,686.0
359.0,833.0
359.0,897.0
305.0,360.0
360.0,579.0
360.0,791.0
56.0,361.0
75.0,361.0
112.0,361.0
361.0,518.0
361.0,550.0
361.0,578.0
361.0,689.0
361.0,998.0
362.0,371.0
362.0,894.0
239.0,363.0
363.0,366.0
363.0,431.0
363.0,445.0
363.0,755.0
363.0,767.0
182.0,364.0
240.0,364.0
364.0,840.0
365.0,411.0
196.0,366.0
354.0,366.0
366.0,604.0
295.0,367.0
307.0,367.0
367.0,459.0
367.0,903.0
108.0,368.0
368.0,439.0
368.0,491.0
368.0,583.0
368.0,712.0
368.0,713.0
49.0,369.0
266.0,369.0
369.0,515.0
369.0,543.0
369.0,578.0
369.0,646.0
369.0,738.0
369.0,811.0
166.0,370.0
370.0,768.0
370.0,922.0
197.0,371.0
350.0,371.0
371.0,705.0
371.0,867.0
372.0,430.0
86.0,373.0
158.0,373.0
298.0,373.0
344.0,373.0
373.0,610.0
373.0,621.0
373.0,677.0
373.0,855.0
36.0,374.0
92.0,374.0
181.0,374.0
374.0,402.0
374.0,489.0
374.0,911.0
98.0,375.0
222.0,375.0
302.0,375.0
375.0,469.0
122.0,376.0
260.0,376.0
376.0,654.0
323.0,377.0
338.0,377.0
342.0,377.0
377.0,560.0
377.0,627.0
377.0,667.0
377.0,753.0
377.0,754.0
377.0,847.0
377.0,939.0
87.0,378.0
342.0,378.0
344.0,378.0
378.0,990.0
75.0,379.0
221.0,379.0
235.0,379.0
379.0,795.0
379.0,932.0
379.0,940.0
212.0,380.0
380.0,441.0
380.0,459.0
380.0,523.0
380.0,626.0
232.0,381.0
381.0,455.0
381.0,555.0
381.0,563.0
381.0,845.0
174.0,382.0
253.0,382.0
382.0,421.0
382.0,843.0
351.0,383.0
78.0,384.0
268.0,384.0
320.0,384.0
384.0,991.0
385.0,395.0
385.0,757.0
385.0,979.0
272.0,386.0
386.0,553.0
386.0,936.0
98.0,387.0
158.0,387.0
288.0,387.0
387.0,461.0
387.0,516.0
387.0,730.0
387.0,954.0
387.0,960.0
388.0,459.0
388.0,588.0
388.0,906.0
388.0,992.0
289.0,389.0
389.0,393.0
389.0,420.0
389.0,466.0
389.0,494.0
389.0,836.0
389.0,936.0
269.0,390.0
390.0,488.0
390.0,622.0
270.0,391.0
391.0,624.0
391.0,933.0
48.0,392.0
131.0,392.0
100.0,393.0
393.0,417.0
233.0,394.0
394.0,508.0
394.0,744.0
192.0,395.0
211.0,395.0
395.0,450.0
395.0,723.0
395.0,752.0
396.0,542.0
396.0,723.0
65.0,397.0
397.0,452.0
397.0,501.0
397.0,532.0
397.0,947.0
398.0,485.0
398.0,785.0
398.0,796.0
398.0,840.0
133.0,399.0
286.0,399.0
308.0,399.0
399.0,483.0
330.0,400.0
357.0,400.0
400.0,676.0
400.0,749.0
400.0,844.0
123.0,401.0
172.0,401.0
341.0,401.0
401.0,430.0
39.0,402.0
105.0,402.0
402.0,469.0
402.0,556.0
402.0,622.0
402.0,883.0
22.0,403.0
104.0,403.0
370.0,403.0
403.0,443.0
403.0,491.0
403.0,546.0
403.0,714.0
403.0,745.0
403.0,881.0
403.0,967.0
207.0,404.0
291.0,404.0
404.0,727.0
404.0,907.0
404.0,956.0
116.0,405.0
406.0,444.0
406.0,631.0
406.0,824.0
114.0,407.0
236.0,407.0
272.0,407.0
380.0,407.0
407.0,746.0
407.0,811.0
33.0,408.0
122.0,408.0
231.0,408.0
408.0,579.0
408.0,798.0
408.0,909.0
408.0,937.0
14.0,409.0
258.0,409.0
365.0,409.0
409.0,617.0
409.0,771.0
409.0,775.0
409.0,819.0
141.0,410.0
410.0,574.0
410.0,748.0
410.0,904.0
199.0,411.0
202.0,411.0
411.0,766.0
411.0,770.0
411.0,853.0
412.0,499.0
412.0,781.0
351.0,413.0
399.0,413.0
413.0,462.0
413.0,664.0
413.0,852.0
413.0,920.0
297.0,414.0
401.0,414.0
414.0,524.0
414.0,650.0
414.0,874.0
215.0,415.0
415.0,679.0
142.0,416.0
334.0,416.0
416.0,584.0
416.0,659.0
417.0,698.0
417.0,721.0
417.0,890.0
76.0,418.0
267.0,418.0
299.0,419.0
419.0,550.0
419.0,614.0
419.0,840.0
419.0,964.0
126.0,420.0
342.0,420.0
420.0,599.0
420.0,817.0
420.0,858.0
175.0,421.0
215.0,421.0
375.0,421.0
421.0,476.0
421.0,766.0
297.0,422.0
422.0,465.0
422.0,724.0
422.0,839.0
73.0,423.0
256.0,423.0
423.0,520.0
423.0,832.0
378.0,424.0
424.0,470.0
424.0,719.0
424.0,963.0
190.0,425.0
313.0,425.0
425.0,919.0
110.0,426.0
133.0,426.0
144.0,426.0
173.0,426.0
426.0,564.0
426.0,885.0
88.0,427.0
377.0,427.0
427.0,557.0
273.0,428.0
398.0,428.0
428.0,434.0
428.0,522.0
428.0,610.0
116.0,429.0
429.0,601.0
429.0,679.0
429.0,834.0
429.0,909.0
429.0,979.0
430.0,447.0
430.0,459.0
430.0,581.0
430.0,715.0
140.0,431.0
149.0,431.0
196.0,431.0
413.0,431.0
431.0,607.0
431.0,619.0
431.0,688.0
431.0,989.0
153.0,432.0
305.0,432.0
432.0,626.0
71.0,433.0
433.0,811.0
433.0,825.0
10.0,434.0
117.0,434.0
406.0,434.0
434.0,463.0
434.0,702.0
435.0,455.0
435.0,616.0
435.0,725.0
110.0,436.0
262.0,436.0
436.0,576.0
436.0,620.0
436.0,717.0
436.0,779.0
5.0,437.0
24.0,437.0
39.0,437.0
120.0,437.0
437.0,528.0
437.0,802.0
67.0,438.0
290.0,438.0
337.0,438.0
438.0,637.0
438.0,682.0
438.0,803.0
438.0,886.0
438.0,976.0
439.0,471.0
439.0,483.0
439.0,578.0
439.0,897.0
36.0,440.0
59.0,440.0
440.0,627.0
12.0,441.0
408.0,441.0
441.0,540.0
441.0,743.0
441.0,912.0
441.0,934.0
178.0,442.0
442.0,575.0
442.0,762.0
442.0,820.0
442.0,841.0
98.0,443.0
328.0,443.0
443.0,649.0
443.0,829.0
443.0,972.0
103.0,444.0
334.0,444.0
444.0,445.0
444.0,769.0
4.0,445.0
138.0,445.0
142.0,445.0
445.0,663.0
445.0,972.0
48.0,446.0
102.0,446.0
433.0,446.0
3.0,447.0
402.0,447.0
447.0,516.0
447.0,923.0
447.0,961.0
160.0,448.0
244.0,448.0
282.0,448.0
299.0,448.0
448.0,635.0
448.0,647.0
448.0,730.0
448.0,791.0
448.0,811.0
448.0,899.0
361.0,449.0
395.0,449.0
449.0,550.0
449.0,867.0
104.0,450.0
108.0,450.0
163.0,450.0
450.0,822.0
450.0,949.0
205.0,451.0
451.0,491.0
451.0,894.0
451.0,993.0
342.0,452.0
452.0,542.0
452.0,568.0
452.0,711.0
452.0,797.0
452.0,805.0
452.0,830.0
291.0,453.0
409.0,453.0
453.0,813.0
453.0,872.0
26.0,454.0
164.0,454.0
454.0,644.0
455.0,750.0
455.0,972.0
149.0,456.0
298.0,456.0
456.0,673.0
456.0,842.0
134.0,457.0
167.0,457.0
191.0,457.0
383.0,457.0
457.0,570.0
457.0,967.0
280.0,458.0
458.0,490.0
458.0,556.0
458.0,714.0
458.0,853.0
458.0,898.0
17.0,459.0
421.0,459.0
459.0,527.0
459.0,567.0
459.0,915.0
441.0,460.0
460.0,690.0
460.0,709.0
460.0,739.0
460.0,975.0
392.0,461.0
461.0,850.0
461.0,875.0
461.0,949.0
370.0,462.0
462.0,519.0
462.0,732.0
462.0,835.0
462.0,870.0
44.0,463.0
58.0,463.0
291.0,463.0
452.0,463.0
463.0,464.0
463.0,564.0
463.0,570.0
463.0,748.0
463.0,932.0
370.0,464.0
464.0,519.0
464.0,722.0
100.0,465.0
197.0,465.0
204.0,465.0
312.0,465.0
465.0,828.0
465.0,873.0
465.0,902.0
39.0,466.0
195.0,466.0
204.0,466.0
466.0,973.0
174.0,467.0
271.0,467.0
312.0,467.0
467.0,603.0
467.0,820.0
467.0,844.0
151.0,468.0
274.0,468.0
391.0,468.0
456.0,468.0
468.0,608.0
468.0,654.0
214.0,469.0
304.0,469.0
340.0,469.0
443.0,469.0
469.0,504.0
469.0,597.0
469.0,874.0
469.0,917.0
134.0,470.0
387.0,470.0
470.0,509.0
470.0,751.0
470.0,848.0
470.0,880.0
81.0,471.0
139.0,471.0
148.0,471.0
343.0,471.0
352.0,471.0
471.0,560.0
471.0,565.0
471.0,820.0
471.0,879.0
456.0,472.0
472.0,489.0
472.0,764.0
45.0,473.0
155.0,473.0
276.0,473.0
473.0,505.0
473.0,688.0
473.0,958.0
473.0,967.0
180.0,474.0
249.0,474.0
474.0,496.0
474.0,719.0
474.0,797.0
109.0,475.0
475.0,581.0
475.0,802.0
234.0,476.0
418.0,476.0
476.0,684.0
476.0,720.0
51.0,477.0
172.0,477.0
209.0,477.0
280.0,477.0
354.0,477.0
416.0,477.0
453.0,477.0
477.0,590.0
477.0,630.0
477.0,944.0
101.0,478.0
373.0,478.0
438.0,478.0
478.0,497.0
478.0,529.0
478.0,745.0
209.0,479.0
331.0,479.0
448.0,479.0
479.0,724.0
479.0,772.0
479.0,817.0
479.0,953.0
479.0,973.0
44.0,480.0
77.0,480.0
370.0,480.0
480.0,489.0
480.0,557.0
480.0,756.0
480.0,782.0
187.0,481.0
207.0,481.0
232.0,481.0
236.0,481.0
481.0,773.0
481.0,933.0
26.0,482.0
482.0,500.0
482.0,645.0
482.0,857.0
482.0,960.0
482.0,962.0
133.0,483.0
294.0,483.0
295.0,483.0
368.0,483.0
416.0,483.0
483.0,860.0
483.0,944.0
188.0,484.0
337.0,484.0
401.0,484.0
484.0,522.0
484.0,528.0
484.0,786.0
485.0,579.0
485.0,651.0
485.0,665.0
485.0,741.0
485.0,995.0
336.0,486.0
418.0,486.0
430.0,486.0
441.0,486.0
132.0,487.0
216.0,487.0
487.0,594.0
487.0,665.0
487.0,787.0
487.0,953.0
73.0,488.0
122.0,488.0
488.0,653.0
488.0,752.0
488.0,972.0
233.0,489.0
489.0,559.0
452.0,490.0
490.0,523.0
490.0,961.0
59.0,491.0
110.0,491.0
491.0,710.0
491.0,785.0
395.0,492.0
492.0,849.0
130.0,493.0
200.0,493.0
376.0,493.0
493.0,772.0
493.0,916.0
25.0,494.0
35.0,494.0
107.0,494.0
427.0,494.0
471.0,494.0
494.0,638.0
494.0,780.0
494.0,832.0
494.0,910.0
276.0,495.0
495.0,550.0
495.0,685.0
495.0,708.0
495.0,855.0
495.0,940.0
115.0,496.0
311.0,496.0
323.0,496.0
343.0,496.0
455.0,496.0
496.0,504.0
496.0,557.0
496.0,786.0
496.0,907.0
497.0,660.0
93.0,498.0
298.0,498.0
394.0,498.0
408.0,498.0
498.0,640.0
498.0,665.0
498.0,717.0
498.0,816.0
498.0,875.0
498.0,877.0
498.0,892.0
498.0,896.0
498.0,963.0
247.0,499.0
287.0,499.0
354.0,499.0
499.0,739.0
61.0,500.0
73.0,500.0
500.0,747.0
500.0,898.0
12.0,501.0
351.0,501.0
413.0,501.0
501.0,592.0
501.0,619.0
292.0,502.0
472.0,502.0
59.0,503.0
265.0,503.0
422.0,503.0
503.0,846.0
503.0,962.0
2.0,504.0
177.0,504.0
214.0,504.0
245.0,504.0
504.0,551.0
504.0,756.0
504.0,834.0
504.0,955.0
128.0,505.0
278.0,505.0
435.0,505.0
476.0,505.0
505.0,830.0
505.0,880.0
505.0,884.0
120.0,506.0
128.0,506.0
222.0,506.0
226.0,506.0
271.0,506.0
506.0,560.0
506.0,772.0
506.0,782.0
288.0,507.0
360.0,507.0
389.0,507.0
432.0,507.0
508.0,535.0
508.0,646.0
508.0,785.0
508.0,867.0
508.0,880.0
508.0,915.0
351.0,509.0
403.0,509.0
509.0,568.0
509.0,836.0
61.0,510.0
67.0,510.0
256.0,510.0
336.0,510.0
510.0,831.0
510.0,840.0
510.0,895.0
510.0,916.0
510.0,920.0
366.0,511.0
410.0,511.0
511.0,521.0
511.0,536.0
511.0,653.0
511.0,749.0
291.0,512.0
511.0,512.0
512.0,551.0
512.0,789.0
512.0,816.0
11.0,513.0
513.0,565.0
513.0,792.0
513.0,818.0
513.0,982.0
101.0,514.0
298.0,514.0
514.0,905.0
514.0,955.0
514.0,994.0
173.0,515.0
83.0,516.0
301.0,516.0
516.0,576.0
516.0,776.0
516.0,788.0
516.0,946.0
234.0,517.0
349.0,517.0
134.0,518.0
381.0,518.0
518.0,629.0
519.0,534.0
519.0,575.0
519.0,629.0
519.0,634.0
519.0,797.0
519.0,833.0
519.0,934.0
220.0,520.0
263.0,520.0
456.0,520.0
520.0,648.0
520.0,767.0
520.0,812.0
520.0,968.0
104.0,521.0
443.0,521.0
464.0,521.0
521.0,623.0
521.0,823.0
521.0,876.0
521.0,922.0
521.0,970.0
55.0,522.0
90.0,522.0
317.0,522.0
388.0,522.0
522.0,707.0
522.0,731.0
522.0,930.0
522.0,942.0
522.0,963.0
89.0,523.0
278.0,523.0
444.0,523.0
524.0,621.0
524.0,786.0
460.0,525.0
525.0,682.0
525.0,685.0
525.0,834.0
525.0,909.0
403.0,526.0
526.0,682.0
116.0,527.0
311.0,527.0
404.0,527.0
527.0,573.0
527.0,629.0
527.0,883.0
67.0,528.0
111.0,528.0
225.0,528.0
264.0,528.0
273.0,528.0
298.0,528.0
329.0,528.0
528.0,758.0
528.0,994.0
11.0,529.0
144.0,529.0
482.0,529.0
529.0,654.0
529.0,829.0
229.0,530.0
441.0,530.0
474.0,530.0
530.0,593.0
530.0,597.0
213.0,531.0
263.0,531.0
511.0,531.0
514.0,532.0
532.0,893.0
532.0,898.0
234.0,533.0
451.0,533.0
533.0,545.0
534.0,736.0
534.0,741.0
427.0,535.0
535.0,651.0
535.0,916.0
535.0,974.0
402.0,536.0
536.0,655.0
536.0,736.0
536.0,772.0
536.0,959.0
82.0,537.0
141.0,537.0
301.0,537.0
325.0,537.0
537.0,689.0
537.0,840.0
31.0,538.0
159.0,538.0
175.0,538.0
182.0,538.0
313.0,538.0
538.0,875.0
0.0,539.0
522.0,539.0
539.0,542.0
539.0,633.0
539.0,931.0
70.0,540.0
175.0,540.0
540.0,545.0
540.0,564.0
540.0,945.0
540.0,993.0
234.0,541.0
500.0,541.0
519.0,541.0
541.0,607.0
541.0,840.0
541.0,901.0
360.0,542.0
542.0,574.0
542.0,679.0
542.0,748.0
542.0,840.0
58.0,543.0
98.0,543.0
112.0,543.0
468.0,543.0
543.0,840.0
543.0,890.0
543.0,934.0
303.0,544.0
507.0,544.0
544.0,567.0
544.0,655.0
544.0,696.0
544.0,827.0
544.0,926.0
370.0,545.0
167.0,546.0
195.0,546.0
298.0,546.0
546.0,826.0
52.0,547.0
231.0,547.0
408.0,547.0
547.0,630.0
547.0,684.0
547.0,826.0
43.0,548.0
220.0,548.0
298.0,548.0
548.0,967.0
15.0,549.0
212.0,549.0
440.0,549.0
549.0,650.0
549.0,715.0
43.0,550.0
280.0,550.0
541.0,550.0
550.0,800.0
550.0,808.0
17.0,551.0
83.0,551.0
176.0,551.0
434.0,551.0
551.0,871.0
89.0,552.0
246.0,552.0
265.0,552.0
273.0,552.0
403.0,552.0
552.0,750.0
552.0,958.0
56.0,553.0
108.0,553.0
175.0,553.0
217.0,553.0
388.0,553.0
553.0,621.0
553.0,817.0
219.0,554.0
372.0,554.0
554.0,889.0
13.0,555.0
173.0,555.0
194.0,555.0
284.0,555.0
390.0,555.0
555.0,992.0
555.0,993.0
258.0,556.0
556.0,619.0
556.0,760.0
556.0,957.0
83.0,557.0
239.0,557.0
244.0,557.0
433.0,557.0
538.0,557.0
556.0,557.0
557.0,562.0
25.0,558.0
427.0,558.0
558.0,614.0
558.0,626.0
558.0,893.0
558.0,954.0
0.0,559.0
282.0,559.0
405.0,559.0
559.0,635.0
559.0,648.0
3.0,560.0
266.0,560.0
502.0,560.0
560.0,604.0
560.0,679.0
560.0,744.0
68.0,561.0
167.0,561.0
313.0,561.0
100.0,562.0
232.0,562.0
562.0,946.0
562.0,987.0
1.0,563.0
34.0,563.0
191.0,563.0
488.0,563.0
563.0,830.0
70.0,564.0
507.0,564.0
564.0,722.0
564.0,769.0
26.0,565.0
32.0,565.0
184.0,565.0
565.0,651.0
565.0,710.0
565.0,871.0
37.0,566.0
370.0,566.0
405.0,566.0
505.0,566.0
566.0,585.0
566.0,632.0
566.0,749.0
566.0,770.0
566.0,852.0
45.0,567.0
323.0,567.0
334.0,567.0
347.0,567.0
567.0,618.0
567.0,856.0
567.0,913.0
39.0,568.0
568.0,584.0
568.0,786.0
568.0,859.0
25.0,569.0
139.0,569.0
363.0,569.0
419.0,569.0
449.0,569.0
548.0,569.0
0.0,570.0
56.0,571.0
198.0,571.0
571.0,738.0
571.0,902.0
571.0,977.0
572.0,807.0
572.0,828.0
572.0,907.0
15.0,573.0
25.0,573.0
62.0,573.0
307.0,573.0
444.0,573.0
543.0,573.0
573.0,669.0
573.0,739.0
573.0,824.0
573.0,990.0
418.0,574.0
574.0,652.0
574.0,758.0
574.0,761.0
109.0,575.0
575.0,596.0
137.0,576.0
515.0,576.0
576.0,844.0
576.0,924.0
113.0,577.0
332.0,577.0
577.0,801.0
74.0,578.0
96.0,578.0
410.0,578.0
454.0,578.0
578.0,648.0
578.0,710.0
578.0,774.0
578.0,795.0
1.0,579.0
168.0,579.0
243.0,579.0
281.0,579.0
342.0,579.0
346.0,579.0
425.0,579.0
515.0,579.0
576.0,579.0
579.0,587.0
579.0,631.0
579.0,737.0
192.0,580.0
199.0,580.0
580.0,824.0
64.0,581.0
96.0,581.0
183.0,581.0
232.0,581.0
343.0,581.0
581.0,811.0
581.0,819.0
431.0,582.0
486.0,582.0
509.0,582.0
582.0,880.0
246.0,583.0
390.0,583.0
583.0,700.0
583.0,893.0
583.0,917.0
583.0,974.0
583.0,993.0
112.0,584.0
473.0,584.0
584.0,793.0
108.0,585.0
130.0,585.0
409.0,585.0
527.0,585.0
585.0,745.0
585.0,927.0
585.0,942.0
42.0,586.0
80.0,586.0
245.0,586.0
336.0,586.0
382.0,586.0
586.0,887.0
376.0,587.0
587.0,818.0
587.0,862.0
583.0,588.0
588.0,677.0
588.0,938.0
588.0,951.0
212.0,589.0
589.0,604.0
589.0,763.0
590.0,950.0
153.0,591.0
236.0,591.0
517.0,591.0
591.0,605.0
591.0,698.0
591.0,985.0
35.0,592.0
408.0,592.0
428.0,592.0
592.0,789.0
592.0,832.0
592.0,911.0
592.0,959.0
43.0,593.0
404.0,593.0
457.0,593.0
593.0,720.0
100.0,594.0
184.0,594.0
453.0,594.0
594.0,870.0
594.0,942.0
59.0,595.0
588.0,595.0
595.0,787.0
595.0,844.0
595.0,907.0
76.0,596.0
166.0,596.0
277.0,596.0
457.0,596.0
534.0,596.0
538.0,596.0
49.0,597.0
511.0,597.0
597.0,735.0
597.0,885.0
191.0,598.0
376.0,598.0
598.0,678.0
598.0,742.0
598.0,802.0
599.0,793.0
599.0,826.0
194.0,600.0
244.0,600.0
569.0,600.0
600.0,623.0
600.0,643.0
81.0,601.0
361.0,601.0
601.0,693.0
83.0,602.0
256.0,602.0
508.0,602.0
602.0,838.0
71.0,603.0
281.0,603.0
346.0,603.0
456.0,603.0
603.0,637.0
603.0,641.0
603.0,721.0
603.0,789.0
125.0,604.0
132.0,604.0
268.0,604.0
604.0,774.0
7.0,605.0
469.0,605.0
480.0,605.0
588.0,605.0
605.0,674.0
146.0,606.0
606.0,640.0
606.0,752.0
606.0,964.0
606.0,969.0
25.0,607.0
351.0,607.0
402.0,607.0
607.0,983.0
248.0,608.0
608.0,954.0
267.0,609.0
609.0,651.0
59.0,610.0
236.0,610.0
267.0,610.0
610.0,680.0
610.0,870.0
610.0,905.0
610.0,918.0
78.0,611.0
144.0,611.0
158.0,611.0
484.0,611.0
512.0,611.0
611.0,760.0
611.0,886.0
611.0,891.0
133.0,612.0
190.0,612.0
326.0,612.0
559.0,612.0
572.0,612.0
50.0,613.0
360.0,613.0
613.0,793.0
264.0,614.0
302.0,614.0
327.0,614.0
457.0,614.0
614.0,856.0
79.0,615.0
81.0,615.0
142.0,615.0
229.0,615.0
251.0,615.0
496.0,615.0
615.0,666.0
615.0,792.0
615.0,965.0
262.0,616.0
359.0,616.0
391.0,616.0
616.0,716.0
616.0,735.0
616.0,787.0
616.0,977.0
69.0,617.0
464.0,617.0
617.0,944.0
168.0,618.0
183.0,618.0
217.0,618.0
337.0,618.0
571.0,618.0
608.0,618.0
354.0,619.0
373.0,619.0
573.0,619.0
619.0,699.0
619.0,818.0
99.0,620.0
101.0,620.0
516.0,620.0
527.0,620.0
620.0,663.0
620.0,947.0
116.0,621.0
389.0,621.0
438.0,621.0
445.0,621.0
475.0,621.0
621.0,866.0
72.0,622.0
130.0,622.0
274.0,622.0
294.0,622.0
593.0,622.0
622.0,846.0
622.0,972.0
5.0,623.0
129.0,623.0
532.0,623.0
614.0,623.0
623.0,632.0
623.0,962.0
623.0,969.0
623.0,979.0
49.0,624.0
154.0,624.0
214.0,624.0
282.0,624.0
351.0,624.0
430.0,624.0
587.0,624.0
148.0,625.0
625.0,646.0
625.0,732.0
625.0,806.0
625.0,944.0
7.0,626.0
311.0,626.0
368.0,626.0
474.0,626.0
56.0,627.0
117.0,627.0
372.0,627.0
582.0,627.0
627.0,635.0
627.0,868.0
627.0,874.0
627.0,953.0
627.0,989.0
6.0,628.0
393.0,628.0
628.0,650.0
628.0,722.0
628.0,972.0
2.0,629.0
629.0,736.0
629.0,999.0
279.0,630.0
422.0,630.0
446.0,630.0
630.0,636.0
630.0,856.0
58.0,631.0
225.0,631.0
245.0,631.0
251.0,631.0
631.0,721.0
631.0,733.0
631.0,752.0
631.0,850.0
631.0,927.0
340.0,632.0
453.0,632.0
457.0,632.0
632.0,634.0
632.0,767.0
632.0,896.0
632.0,959.0
407.0,633.0
451.0,633.0
509.0,633.0
633.0,789.0
109.0,634.0
274.0,634.0
362.0,634.0
393.0,634.0
634.0,665.0
634.0,714.0
242.0,635.0
314.0,635.0
502.0,635.0
635.0,828.0
635.0,885.0
26.0,636.0
43.0,636.0
250.0,636.0
291.0,636.0
314.0,636.0
333.0,636.0
581.0,636.0
636.0,721.0
51.0,637.0
149.0,637.0
96.0,638.0
139.0,638.0
228.0,638.0
349.0,638.0
449.0,638.0
493.0,638.0
537.0,638.0
638.0,719.0
638.0,918.0
638.0,945.0
35.0,639.0
639.0,732.0
66.0,640.0
140.0,640.0
589.0,640.0
609.0,640.0
640.0,657.0
640.0,810.0
316.0,641.0
382.0,641.0
596.0,641.0
89.0,642.0
146.0,642.0
569.0,642.0
642.0,835.0
642.0,877.0
331.0,643.0
406.0,643.0
643.0,814.0
4.0,644.0
199.0,644.0
245.0,644.0
644.0,755.0
95.0,645.0
344.0,645.0
384.0,645.0
464.0,645.0
568.0,645.0
645.0,651.0
645.0,821.0
645.0,917.0
17.0,646.0
45.0,646.0
281.0,646.0
352.0,646.0
431.0,646.0
448.0,646.0
646.0,711.0
646.0,770.0
646.0,968.0
8.0,647.0
179.0,647.0
186.0,647.0
343.0,647.0
581.0,647.0
647.0,701.0
647.0,841.0
48.0,648.0
332.0,648.0
368.0,648.0
577.0,648.0
6.0,649.0
333.0,649.0
124.0,650.0
217.0,650.0
260.0,650.0
465.0,650.0
650.0,968.0
442.0,651.0
651.0,746.0
52.0,652.0
524.0,652.0
606.0,652.0
652.0,728.0
653.0,664.0
653.0,724.0
653.0,774.0
198.0,654.0
253.0,654.0
278.0,654.0
585.0,654.0
654.0,808.0
51.0,655.0
327.0,655.0
427.0,655.0
227.0,656.0
345.0,656.0
496.0,656.0
656.0,854.0
656.0,950.0
41.0,657.0
479.0,657.0
657.0,945.0
119.0,658.0
300.0,658.0
372.0,658.0
488.0,658.0
658.0,771.0
658.0,837.0
658.0,864.0
23.0,659.0
285.0,659.0
547.0,659.0
643.0,659.0
659.0,924.0
74.0,660.0
113.0,660.0
501.0,660.0
660.0,824.0
660.0,936.0
239.0,661.0
441.0,661.0
641.0,661.0
661.0,888.0
146.0,662.0
234.0,662.0
321.0,662.0
362.0,662.0
471.0,662.0
528.0,662.0
532.0,662.0
662.0,701.0
124.0,663.0
309.0,663.0
663.0,708.0
663.0,947.0
230.0,664.0
324.0,664.0
486.0,664.0
565.0,664.0
664.0,825.0
664.0,878.0
664.0,962.0
119.0,665.0
337.0,665.0
376.0,665.0
400.0,665.0
604.0,665.0
665.0,668.0
665.0,700.0
42.0,666.0
161.0,666.0
239.0,666.0
299.0,666.0
360.0,666.0
462.0,666.0
526.0,666.0
666.0,669.0
91.0,667.0
233.0,667.0
485.0,667.0
546.0,667.0
612.0,667.0
638.0,667.0
653.0,667.0
667.0,712.0
667.0,818.0
667.0,821.0
667.0,927.0
226.0,668.0
238.0,668.0
337.0,668.0
320.0,669.0
364.0,669.0
417.0,669.0
669.0,769.0
669.0,928.0
669.0,953.0
41.0,670.0
88.0,670.0
126.0,670.0
285.0,670.0
300.0,670.0
544.0,670.0
648.0,670.0
649.0,670.0
73.0,671.0
320.0,671.0
440.0,671.0
671.0,692.0
672.0,686.0
672.0,917.0
672.0,949.0
672.0,996.0
2.0,673.0
439.0,673.0
473.0,673.0
673.0,852.0
19.0,674.0
81.0,674.0
141.0,674.0
183.0,674.0
266.0,674.0
392.0,674.0
485.0,674.0
674.0,736.0
674.0,878.0
300.0,675.0
446.0,675.0
61.0,676.0
119.0,676.0
212.0,676.0
676.0,727.0
676.0,800.0
676.0,859.0
676.0,873.0
676.0,998.0
81.0,677.0
146.0,677.0
653.0,677.0
677.0,890.0
159.0,678.0
425.0,678.0
584.0,678.0
678.0,763.0
186.0,679.0
679.0,803.0
679.0,989.0
206.0,680.0
265.0,680.0
300.0,680.0
490.0,680.0
522.0,680.0
680.0,998.0
105.0,681.0
336.0,681.0
467.0,681.0
469.0,681.0
681.0,769.0
78.0,682.0
422.0,682.0
453.0,682.0
682.0,735.0
75.0,683.0
95.0,683.0
314.0,683.0
426.0,683.0
610.0,683.0
683.0,894.0
280.0,684.0
684.0,847.0
684.0,860.0
26.0,685.0
34.0,685.0
59.0,685.0
102.0,685.0
489.0,685.0
87.0,686.0
92.0,686.0
167.0,686.0
384.0,686.0
517.0,686.0
636.0,686.0
686.0,722.0
686.0,985.0
73.0,687.0
297.0,687.0
474.0,687.0
600.0,687.0
681.0,687.0
687.0,813.0
687.0,837.0
687.0,898.0
84.0,688.0
324.0,688.0
387.0,688.0
463.0,688.0
688.0,853.0
688.0,981.0
6.0,689.0
8.0,689.0
14.0,689.0
257.0,689.0
640.0,689.0
117.0,690.0
279.0,690.0
559.0,690.0
690.0,757.0
690.0,895.0
49.0,691.0
566.0,691.0
650.0,691.0
658.0,691.0
687.0,691.0
691.0,763.0
691.0,835.0
343.0,692.0
443.0,692.0
681.0,692.0
197.0,693.0
693.0,708.0
130.0,694.0
342.0,694.0
645.0,694.0
694.0,830.0
318.0,695.0
596.0,695.0
696.0,777.0
696.0,780.0
696.0,965.0
696.0,982.0
42.0,697.0
52.0,697.0
196.0,697.0
258.0,697.0
519.0,697.0
532.0,697.0
632.0,697.0
697.0,998.0
145.0,698.0
399.0,698.0
545.0,698.0
698.0,710.0
698.0,790.0
698.0,955.0
205.0,699.0
250.0,699.0
257.0,699.0
461.0,699.0
302.0,700.0
303.0,700.0
331.0,700.0
333.0,700.0
373.0,700.0
405.0,700.0
700.0,789.0
700.0,881.0
700.0,898.0
64.0,701.0
221.0,701.0
460.0,701.0
529.0,701.0
701.0,742.0
701.0,854.0
616.0,702.0
680.0,702.0
702.0,833.0
109.0,703.0
118.0,703.0
317.0,703.0
637.0,703.0
679.0,703.0
14.0,704.0
50.0,704.0
77.0,704.0
265.0,704.0
614.0,704.0
691.0,704.0
173.0,705.0
705.0,881.0
465.0,706.0
537.0,706.0
656.0,706.0
670.0,706.0
706.0,840.0
101.0,707.0
140.0,707.0
143.0,707.0
156.0,707.0
439.0,707.0
707.0,752.0
5.0,708.0
197.0,708.0
159.0,709.0
193.0,709.0
457.0,709.0
23.0,710.0
65.0,710.0
710.0,746.0
29.0,711.0
44.0,711.0
400.0,711.0
542.0,711.0
711.0,983.0
100.0,712.0
198.0,712.0
353.0,712.0
712.0,781.0
712.0,881.0
163.0,713.0
251.0,713.0
290.0,713.0
459.0,713.0
713.0,721.0
16.0,714.0
89.0,714.0
341.0,714.0
639.0,714.0
644.0,714.0
578.0,715.0
715.0,906.0
351.0,716.0
522.0,716.0
700.0,716.0
71.0,717.0
138.0,717.0
207.0,717.0
237.0,717.0
396.0,717.0
515.0,717.0
717.0,786.0
379.0,718.0
696.0,718.0
718.0,836.0
718.0,872.0
718.0,913.0
718.0,966.0
465.0,719.0
524.0,719.0
625.0,719.0
41.0,720.0
117.0,720.0
228.0,720.0
257.0,720.0
418.0,720.0
555.0,720.0
667.0,720.0
720.0,834.0
720.0,839.0
720.0,843.0
720.0,920.0
360.0,721.0
561.0,721.0
569.0,721.0
575.0,721.0
581.0,721.0
585.0,721.0
516.0,722.0
587.0,722.0
681.0,722.0
714.0,722.0
722.0,791.0
722.0,945.0
197.0,723.0
221.0,723.0
473.0,723.0
723.0,860.0
131.0,724.0
422.0,724.0
40.0,725.0
58.0,725.0
84.0,725.0
173.0,725.0
243.0,725.0
256.0,725.0
347.0,725.0
601.0,725.0
725.0,886.0
11.0,726.0
25.0,726.0
277.0,726.0
290.0,726.0
458.0,726.0
547.0,726.0
702.0,727.0
727.0,925.0
727.0,959.0
579.0,728.0
728.0,901.0
728.0,923.0
7.0,729.0
39.0,729.0
329.0,729.0
380.0,729.0
729.0,944.0
15.0,730.0
150.0,730.0
292.0,730.0
342.0,730.0
391.0,730.0
438.0,730.0
561.0,730.0
730.0,870.0
730.0,951.0
730.0,988.0
730.0,991.0
730.0,997.0
5.0,731.0
502.0,731.0
527.0,731.0
731.0,742.0
732.0,745.0
732.0,949.0
97.0,733.0
266.0,733.0
388.0,733.0
733.0,901.0
12.0,734.0
127.0,734.0
169.0,734.0
177.0,734.0
224.0,734.0
734.0,745.0
142.0,735.0
735.0,869.0
208.0,736.0
252.0,736.0
736.0,981.0
220.0,737.0
240.0,737.0
472.0,737.0
737.0,876.0
737.0,935.0
31.0,738.0
122.0,738.0
144.0,738.0
145.0,738.0
537.0,738.0
713.0,738.0
738.0,945.0
45.0,739.0
289.0,739.0
442.0,739.0
486.0,739.0
612.0,739.0
526.0,740.0
740.0,741.0
46.0,741.0
317.0,741.0
338.0,741.0
741.0,790.0
741.0,968.0
116.0,742.0
382.0,742.0
434.0,742.0
463.0,742.0
507.0,742.0
515.0,742.0
671.0,742.0
67.0,743.0
355.0,743.0
743.0,773.0
208.0,744.0
344.0,744.0
350.0,744.0
681.0,744.0
744.0,745.0
744.0,997.0
165.0,745.0
180.0,745.0
216.0,745.0
609.0,745.0
696.0,745.0
701.0,745.0
53.0,746.0
186.0,746.0
726.0,746.0
746.0,785.0
746.0,868.0
43.0,747.0
192.0,747.0
262.0,747.0
747.0,900.0
18.0,748.0
100.0,748.0
688.0,748.0
57.0,749.0
130.0,749.0
470.0,749.0
515.0,749.0
540.0,749.0
0.0,750.0
57.0,751.0
366.0,751.0
751.0,926.0
33.0,752.0
156.0,752.0
705.0,752.0
752.0,860.0
752.0,971.0
287.0,753.0
413.0,753.0
463.0,753.0
681.0,753.0
10.0,754.0
107.0,754.0
162.0,754.0
438.0,754.0
461.0,754.0
626.0,754.0
688.0,754.0
5.0,755.0
403.0,755.0
423.0,755.0
730.0,755.0
52.0,756.0
512.0,756.0
717.0,756.0
756.0,795.0
66.0,757.0
115.0,757.0
360.0,757.0
545.0,757.0
670.0,757.0
703.0,757.0
757.0,869.0
757.0,975.0
296.0,758.0
523.0,758.0
52.0,759.0
612.0,759.0
640.0,759.0
710.0,759.0
720.0,759.0
759.0,892.0
759.0,963.0
122.0,760.0
289.0,760.0
295.0,760.0
491.0,760.0
742.0,760.0
151.0,761.0
163.0,761.0
237.0,761.0
479.0,761.0
593.0,761.0
761.0,921.0
6.0,762.0
62.0,762.0
86.0,762.0
290.0,762.0
762.0,763.0
762.0,792.0
92.0,763.0
170.0,763.0
289.0,763.0
309.0,763.0
397.0,763.0
487.0,763.0
511.0,763.0
573.0,763.0
727.0,763.0
740.0,763.0
763.0,769.0
763.0,834.0
206.0,764.0
764.0,966.0
290.0,765.0
363.0,765.0
425.0,765.0
662.0,765.0
663.0,765.0
765.0,849.0
765.0,955.0
257.0,766.0
653.0,766.0
766.0,783.0
22.0,767.0
33.0,767.0
35.0,767.0
343.0,767.0
444.0,767.0
646.0,767.0
682.0,767.0
724.0,767.0
527.0,768.0
536.0,768.0
608.0,768.0
645.0,768.0
138.0,769.0
225.0,769.0
559.0,769.0
614.0,769.0
636.0,769.0
60.0,770.0
148.0,770.0
256.0,770.0
271.0,770.0
329.0,770.0
378.0,770.0
592.0,770.0
770.0,780.0
770.0,932.0
770.0,980.0
770.0,987.0
344.0,771.0
745.0,771.0
771.0,961.0
340.0,772.0
438.0,772.0
554.0,772.0
583.0,772.0
513.0,773.0
611.0,773.0
713.0,773.0
715.0,773.0
773.0,960.0
773.0,963.0
209.0,774.0
436.0,774.0
535.0,774.0
545.0,774.0
576.0,774.0
634.0,774.0
668.0,774.0
181.0,775.0
225.0,775.0
244.0,775.0
330.0,775.0
701.0,775.0
677.0,776.0
712.0,777.0
777.0,869.0
250.0,778.0
486.0,778.0
778.0,966.0
57.0,779.0
445.0,779.0
600.0,779.0
636.0,779.0
667.0,779.0
698.0,780.0
751.0,780.0
758.0,780.0
780.0,803.0
90.0,781.0
436.0,781.0
745.0,781.0
781.0,849.0
685.0,782.0
782.0,888.0
3.0,783.0
51.0,783.0
120.0,783.0
449.0,783.0
516.0,783.0
551.0,783.0
590.0,783.0
783.0,939.0
783.0,947.0
50.0,784.0
341.0,784.0
411.0,784.0
603.0,784.0
784.0,909.0
784.0,934.0
126.0,785.0
196.0,785.0
590.0,785.0
642.0,785.0
777.0,785.0
785.0,862.0
785.0,786.0
279.0,787.0
551.0,787.0
787.0,799.0
787.0,885.0
168.0,788.0
211.0,788.0
334.0,788.0
788.0,798.0
44.0,789.0
84.0,789.0
128.0,789.0
789.0,814.0
152.0,790.0
735.0,790.0
790.0,825.0
790.0,896.0
0.0,791.0
647.0,791.0
791.0,800.0
152.0,792.0
166.0,792.0
693.0,792.0
782.0,792.0
29.0,793.0
46.0,793.0
793.0,988.0
47.0,794.0
62.0,794.0
600.0,794.0
794.0,910.0
794.0,957.0
327.0,795.0
497.0,795.0
533.0,795.0
795.0,845.0
795.0,861.0
233.0,796.0
469.0,796.0
546.0,796.0
738.0,796.0
186.0,797.0
239.0,797.0
331.0,797.0
435.0,797.0
453.0,797.0
458.0,797.0
746.0,797.0
797.0,831.0
797.0,868.0
31.0,798.0
192.0,798.0
275.0,798.0
469.0,798.0
523.0,798.0
798.0,852.0
798.0,881.0
798.0,959.0
344.0,799.0
663.0,799.0
51.0,800.0
118.0,800.0
385.0,800.0
659.0,800.0
800.0,994.0
18.0,801.0
111.0,801.0
240.0,801.0
801.0,822.0
801.0,957.0
422.0,802.0
660.0,802.0
796.0,802.0
802.0,868.0
802.0,903.0
28.0,803.0
403.0,803.0
745.0,803.0
800.0,803.0
803.0,882.0
803.0,897.0
704.0,804.0
727.0,804.0
804.0,867.0
804.0,925.0
84.0,805.0
138.0,805.0
204.0,805.0
237.0,805.0
352.0,805.0
360.0,805.0
88.0,806.0
111.0,806.0
266.0,806.0
274.0,806.0
392.0,806.0
515.0,806.0
526.0,806.0
662.0,806.0
697.0,806.0
76.0,807.0
239.0,807.0
289.0,807.0
680.0,807.0
753.0,807.0
807.0,895.0
58.0,808.0
65.0,808.0
144.0,808.0
246.0,808.0
293.0,808.0
657.0,808.0
808.0,815.0
808.0,910.0
808.0,992.0
114.0,809.0
301.0,809.0
409.0,809.0
630.0,809.0
809.0,903.0
809.0,981.0
92.0,810.0
254.0,810.0
357.0,810.0
371.0,810.0
514.0,810.0
117.0,811.0
577.0,811.0
811.0,891.0
276.0,812.0
504.0,813.0
534.0,813.0
689.0,813.0
117.0,814.0
309.0,814.0
396.0,814.0
549.0,814.0
759.0,814.0
814.0,870.0
814.0,948.0
71.0,815.0
331.0,815.0
440.0,815.0
585.0,815.0
770.0,815.0
278.0,816.0
321.0,816.0
456.0,816.0
816.0,952.0
816.0,969.0
120.0,817.0
149.0,817.0
402.0,817.0
516.0,817.0
657.0,817.0
817.0,906.0
146.0,818.0
522.0,818.0
755.0,818.0
52.0,819.0
248.0,819.0
514.0,819.0
704.0,819.0
334.0,820.0
359.0,820.0
500.0,820.0
586.0,820.0
626.0,820.0
657.0,820.0
684.0,820.0
65.0,821.0
315.0,821.0
316.0,821.0
445.0,821.0
818.0,821.0
539.0,822.0
642.0,822.0
703.0,822.0
760.0,822.0
776.0,822.0
822.0,965.0
92.0,823.0
140.0,823.0
295.0,823.0
359.0,823.0
433.0,823.0
823.0,991.0
163.0,824.0
351.0,824.0
409.0,824.0
501.0,824.0
560.0,824.0
636.0,824.0
676.0,824.0
471.0,825.0
490.0,825.0
613.0,825.0
13.0,826.0
29.0,826.0
442.0,826.0
468.0,826.0
137.0,827.0
267.0,827.0
367.0,827.0
754.0,827.0
827.0,917.0
489.0,828.0
828.0,913.0
17.0,829.0
361.0,829.0
669.0,829.0
698.0,829.0
28.0,830.0
285.0,830.0
440.0,830.0
504.0,830.0
736.0,830.0
264.0,831.0
358.0,831.0
525.0,831.0
555.0,831.0
35.0,832.0
110.0,832.0
227.0,832.0
338.0,832.0
378.0,832.0
509.0,832.0
648.0,832.0
660.0,832.0
832.0,861.0
832.0,981.0
832.0,994.0
164.0,833.0
237.0,833.0
606.0,833.0
662.0,833.0
833.0,834.0
9.0,834.0
108.0,834.0
510.0,834.0
619.0,834.0
742.0,834.0
796.0,834.0
834.0,838.0
834.0,896.0
834.0,933.0
20.0,835.0
200.0,835.0
292.0,835.0
537.0,835.0
681.0,835.0
684.0,835.0
791.0,835.0
835.0,853.0
835.0,956.0
349.0,836.0
461.0,836.0
741.0,836.0
215.0,837.0
301.0,837.0
461.0,837.0
790.0,837.0
833.0,837.0
52.0,838.0
618.0,838.0
838.0,860.0
141.0,839.0
394.0,839.0
767.0,839.0
252.0,840.0
478.0,840.0
551.0,840.0
555.0,840.0
120.0,841.0
257.0,841.0
516.0,841.0
635.0,841.0
691.0,841.0
841.0,879.0
344.0,842.0
586.0,842.0
675.0,842.0
771.0,842.0
776.0,842.0
787.0,842.0
842.0,907.0
19.0,843.0
758.0,843.0
843.0,935.0
843.0,961.0
169.0,844.0
442.0,844.0
114.0,845.0
128.0,845.0
464.0,845.0
508.0,845.0
581.0,845.0
595.0,845.0
681.0,845.0
845.0,922.0
845.0,969.0
99.0,846.0
121.0,846.0
477.0,846.0
650.0,846.0
846.0,903.0
295.0,847.0
636.0,847.0
701.0,847.0
847.0,953.0
62.0,848.0
98.0,848.0
156.0,848.0
412.0,848.0
666.0,848.0
767.0,848.0
1.0,849.0
50.0,849.0
322.0,849.0
525.0,849.0
689.0,849.0
721.0,849.0
80.0,850.0
321.0,850.0
452.0,850.0
657.0,850.0
678.0,850.0
733.0,850.0
850.0,901.0
850.0,928.0
850.0,957.0
30.0,851.0
323.0,851.0
643.0,851.0
719.0,851.0
721.0,851.0
7.0,852.0
349.0,852.0
361.0,852.0
393.0,852.0
465.0,852.0
544.0,852.0
671.0,852.0
721.0,852.0
734.0,852.0
738.0,852.0
852.0,897.0
852.0,940.0
41.0,853.0
146.0,853.0
176.0,853.0
179.0,853.0
208.0,853.0
301.0,853.0
445.0,853.0
774.0,853.0
71.0,854.0
268.0,854.0
467.0,854.0
732.0,854.0
0.0,855.0
210.0,855.0
296.0,855.0
398.0,855.0
405.0,855.0
446.0,855.0
570.0,855.0
668.0,855.0
111.0,856.0
856.0,914.0
231.0,857.0
371.0,857.0
398.0,857.0
650.0,857.0
770.0,857.0
80.0,858.0
377.0,858.0
391.0,858.0
442.0,858.0
95.0,859.0
752.0,859.0
818.0,859.0
859.0,888.0
8.0,860.0
157.0,860.0
288.0,860.0
416.0,860.0
541.0,860.0
590.0,860.0
648.0,860.0
749.0,860.0
860.0,899.0
860.0,919.0
97.0,861.0
369.0,861.0
645.0,861.0
690.0,861.0
772.0,861.0
776.0,861.0
861.0,928.0
101.0,862.0
193.0,862.0
588.0,862.0
769.0,862.0
862.0,997.0
172.0,863.0
498.0,863.0
838.0,863.0
214.0,864.0
233.0,864.0
477.0,864.0
538.0,864.0
864.0,889.0
864.0,891.0
145.0,865.0
221.0,865.0
419.0,865.0
823.0,865.0
24.0,866.0
269.0,866.0
271.0,866.0
866.0,981.0
263.0,867.0
718.0,867.0
760.0,867.0
193.0,868.0
236.0,868.0
432.0,868.0
451.0,868.0
482.0,868.0
868.0,978.0
104.0,869.0
628.0,869.0
869.0,879.0
450.0,870.0
525.0,870.0
645.0,870.0
822.0,870.0
842.0,870.0
287.0,871.0
381.0,871.0
479.0,871.0
810.0,871.0
534.0,872.0
608.0,872.0
708.0,872.0
749.0,872.0
767.0,872.0
799.0,872.0
54.0,873.0
321.0,873.0
357.0,873.0
550.0,873.0
82.0,874.0
85.0,874.0
346.0,874.0
454.0,874.0
700.0,874.0
802.0,874.0
200.0,875.0
253.0,875.0
818.0,875.0
875.0,934.0
875.0,967.0
296.0,876.0
530.0,876.0
782.0,876.0
807.0,876.0
74.0,877.0
335.0,877.0
483.0,877.0
668.0,877.0
877.0,933.0
374.0,878.0
507.0,878.0
878.0,936.0
273.0,879.0
281.0,879.0
703.0,879.0
40.0,880.0
67.0,880.0
155.0,880.0
657.0,880.0
688.0,880.0
742.0,880.0
810.0,880.0
880.0,914.0
120.0,881.0
268.0,881.0
345.0,881.0
554.0,881.0
692.0,881.0
702.0,881.0
8.0,882.0
147.0,882.0
157.0,882.0
284.0,882.0
660.0,882.0
808.0,882.0
809.0,882.0
136.0,883.0
360.0,883.0
464.0,883.0
476.0,883.0
521.0,883.0
665.0,884.0
425.0,885.0
469.0,885.0
743.0,885.0
769.0,885.0
857.0,885.0
49.0,886.0
673.0,886.0
844.0,886.0
478.0,887.0
678.0,887.0
204.0,888.0
284.0,888.0
291.0,888.0
308.0,888.0
468.0,888.0
152.0,889.0
284.0,889.0
291.0,889.0
426.0,889.0
889.0,910.0
243.0,890.0
363.0,890.0
379.0,890.0
449.0,890.0
619.0,890.0
343.0,891.0
521.0,891.0
89.0,892.0
152.0,892.0
231.0,892.0
267.0,892.0
410.0,892.0
472.0,892.0
545.0,892.0
671.0,892.0
892.0,935.0
892.0,995.0
520.0,893.0
18.0,894.0
510.0,894.0
533.0,894.0
671.0,894.0
711.0,894.0
894.0,944.0
894.0,990.0
193.0,895.0
313.0,895.0
606.0,895.0
631.0,895.0
647.0,895.0
778.0,895.0
66.0,896.0
416.0,896.0
437.0,896.0
501.0,896.0
578.0,896.0
698.0,896.0
18.0,897.0
30.0,897.0
75.0,897.0
446.0,897.0
757.0,897.0
897.0,900.0
39.0,898.0
85.0,898.0
147.0,898.0
636.0,898.0
534.0,899.0
662.0,899.0
736.0,899.0
187.0,900.0
439.0,900.0
800.0,900.0
819.0,900.0
25.0,901.0
38.0,901.0
50.0,901.0
602.0,901.0
738.0,901.0
780.0,901.0
169.0,902.0
523.0,902.0
590.0,902.0
847.0,902.0
245.0,903.0
563.0,903.0
885.0,903.0
903.0,914.0
319.0,904.0
489.0,904.0
495.0,904.0
634.0,904.0
883.0,904.0
94.0,905.0
265.0,905.0
470.0,905.0
806.0,905.0
861.0,905.0
905.0,907.0
131.0,906.0
203.0,906.0
731.0,906.0
734.0,906.0
103.0,907.0
214.0,907.0
342.0,907.0
819.0,907.0
907.0,923.0
32.0,908.0
57.0,908.0
63.0,908.0
286.0,908.0
360.0,908.0
543.0,908.0
812.0,908.0
905.0,908.0
908.0,987.0
789.0,909.0
824.0,909.0
30.0,910.0
762.0,910.0
902.0,910.0
34.0,911.0
102.0,911.0
691.0,911.0
803.0,911.0
870.0,911.0
170.0,912.0
422.0,912.0
709.0,912.0
855.0,912.0
47.0,913.0
204.0,913.0
231.0,914.0
385.0,914.0
386.0,914.0
493.0,914.0
644.0,914.0
716.0,914.0
440.0,915.0
565.0,915.0
620.0,915.0
875.0,915.0
292.0,916.0
423.0,916.0
514.0,916.0
269.0,917.0
405.0,917.0
530.0,917.0
656.0,917.0
790.0,917.0
838.0,917.0
46.0,918.0
141.0,918.0
467.0,918.0
581.0,918.0
595.0,918.0
650.0,918.0
893.0,918.0
38.0,919.0
128.0,919.0
385.0,919.0
521.0,919.0
620.0,919.0
844.0,919.0
888.0,919.0
919.0,982.0
26.0,920.0
162.0,920.0
273.0,920.0
726.0,920.0
863.0,920.0
920.0,936.0
286.0,921.0
921.0,949.0
14.0,922.0
66.0,922.0
648.0,922.0
102.0,923.0
239.0,923.0
635.0,923.0
663.0,923.0
923.0,941.0
35.0,924.0
197.0,924.0
770.0,924.0
817.0,924.0
914.0,924.0
924.0,948.0
6.0,925.0
8.0,925.0
178.0,925.0
186.0,925.0
285.0,925.0
588.0,925.0
624.0,925.0
925.0,978.0
313.0,926.0
492.0,926.0
586.0,926.0
701.0,926.0
801.0,926.0
360.0,927.0
688.0,927.0
666.0,928.0
772.0,928.0
74.0,929.0
358.0,929.0
407.0,929.0
161.0,930.0
511.0,930.0
615.0,930.0
628.0,930.0
708.0,930.0
755.0,930.0
899.0,930.0
907.0,930.0
930.0,952.0
47.0,931.0
76.0,931.0
484.0,931.0
490.0,931.0
493.0,931.0
679.0,931.0
47.0,932.0
421.0,932.0
483.0,932.0
674.0,932.0
682.0,932.0
868.0,932.0
66.0,933.0
299.0,933.0
565.0,933.0
271.0,934.0
291.0,934.0
341.0,934.0
438.0,934.0
581.0,934.0
582.0,934.0
29.0,935.0
98.0,935.0
297.0,935.0
864.0,935.0
912.0,935.0
374.0,936.0
549.0,936.0
614.0,936.0
749.0,936.0
248.0,937.0
515.0,937.0
854.0,937.0
210.0,938.0
345.0,938.0
386.0,938.0
462.0,938.0
554.0,938.0
84.0,939.0
264.0,939.0
410.0,939.0
658.0,939.0
755.0,939.0
777.0,939.0
15.0,940.0
462.0,940.0
681.0,940.0
210.0,941.0
234.0,941.0
238.0,941.0
429.0,941.0
893.0,941.0
32.0,942.0
301.0,942.0
570.0,942.0
691.0,942.0
709.0,942.0
722.0,942.0
210.0,943.0
820.0,943.0
943.0,980.0
151.0,944.0
380.0,944.0
812.0,944.0
58.0,945.0
125.0,945.0
655.0,945.0
694.0,945.0
750.0,945.0
804.0,945.0
24.0,946.0
84.0,946.0
516.0,946.0
578.0,946.0
597.0,946.0
849.0,946.0
946.0,990.0
111.0,947.0
369.0,947.0
370.0,947.0
456.0,947.0
469.0,947.0
501.0,947.0
504.0,947.0
562.0,947.0
568.0,947.0
725.0,947.0
776.0,947.0
818.0,947.0
172.0,948.0
425.0,948.0
657.0,948.0
676.0,948.0
879.0,948.0
446.0,949.0
493.0,949.0
654.0,949.0
710.0,949.0
790.0,949.0
794.0,949.0
880.0,949.0
324.0,950.0
599.0,950.0
655.0,950.0
682.0,950.0
750.0,950.0
92.0,951.0
229.0,951.0
391.0,951.0
444.0,951.0
594.0,951.0
908.0,951.0
926.0,951.0
179.0,952.0
196.0,952.0
213.0,952.0
261.0,952.0
262.0,952.0
437.0,952.0
680.0,952.0
119.0,953.0
130.0,953.0
473.0,953.0
563.0,953.0
690.0,953.0
790.0,953.0
906.0,953.0
942.0,953.0
71.0,954.0
197.0,954.0
417.0,954.0
441.0,954.0
534.0,954.0
713.0,954.0
807.0,954.0
318.0,955.0
708.0,955.0
765.0,955.0
833.0,955.0
382.0,956.0
494.0,956.0
738.0,956.0
775.0,956.0
792.0,956.0
86.0,957.0
257.0,957.0
354.0,957.0
572.0,957.0
857.0,957.0
14.0,958.0
312.0,958.0
788.0,958.0
816.0,958.0
958.0,964.0
22.0,959.0
392.0,959.0
689.0,959.0
713.0,959.0
61.0,960.0
131.0,960.0
334.0,960.0
370.0,960.0
758.0,960.0
770.0,960.0
807.0,960.0
937.0,960.0
960.0,995.0
66.0,961.0
109.0,961.0
161.0,961.0
200.0,961.0
221.0,961.0
336.0,961.0
822.0,961.0
831.0,961.0
98.0,962.0
168.0,962.0
447.0,962.0
738.0,962.0
420.0,963.0
455.0,963.0
547.0,963.0
766.0,963.0
892.0,963.0
285.0,964.0
848.0,964.0
921.0,964.0
23.0,965.0
125.0,965.0
304.0,965.0
358.0,965.0
579.0,965.0
588.0,965.0
613.0,965.0
680.0,965.0
738.0,965.0
935.0,965.0
261.0,966.0
394.0,966.0
527.0,966.0
680.0,966.0
723.0,966.0
965.0,966.0
966.0,972.0
37.0,967.0
68.0,967.0
536.0,967.0
639.0,967.0
724.0,967.0
738.0,967.0
751.0,967.0
775.0,967.0
825.0,967.0
833.0,967.0
842.0,967.0
967.0,982.0
276.0,968.0
774.0,968.0
776.0,968.0
784.0,968.0
794.0,968.0
883.0,968.0
61.0,969.0
405.0,970.0
445.0,970.0
705.0,970.0
350.0,971.0
719.0,971.0
741.0,971.0
194.0,972.0
400.0,972.0
434.0,972.0
529.0,972.0
624.0,972.0
159.0,973.0
678.0,973.0
22.0,974.0
187.0,974.0
591.0,974.0
726.0,974.0
735.0,974.0
753.0,974.0
233.0,975.0
354.0,975.0
367.0,975.0
501.0,975.0
548.0,975.0
623.0,975.0
926.0,975.0
930.0,975.0
565.0,976.0
568.0,976.0
321.0,977.0
619.0,977.0
797.0,977.0
43.0,978.0
229.0,978.0
832.0,978.0
127.0,979.0
164.0,979.0
362.0,979.0
394.0,979.0
642.0,979.0
255.0,980.0
395.0,980.0
475.0,980.0
485.0,980.0
557.0,980.0
616.0,980.0
868.0,980.0
870.0,980.0
202.0,981.0
216.0,981.0
366.0,981.0
851.0,981.0
972.0,981.0
279.0,982.0
336.0,982.0
374.0,982.0
375.0,982.0
436.0,982.0
579.0,982.0
828.0,982.0
53.0,983.0
76.0,983.0
148.0,983.0
327.0,983.0
508.0,983.0
690.0,983.0
35.0,984.0
695.0,984.0
970.0,984.0
96.0,985.0
251.0,985.0
328.0,985.0
589.0,985.0
73.0,986.0
110.0,986.0
188.0,986.0
659.0,986.0
792.0,986.0
114.0,987.0
623.0,987.0
655.0,987.0
695.0,987.0
822.0,987.0
95.0,988.0
114.0,988.0
184.0,988.0
196.0,988.0
233.0,988.0
321.0,988.0
331.0,988.0
414.0,988.0
491.0,988.0
591.0,988.0
603.0,988.0
974.0,988.0
988.0,994.0
71.0,989.0
99.0,989.0
323.0,989.0
549.0,989.0
0.0,990.0
8.0,990.0
80.0,990.0
125.0,990.0
309.0,990.0
360.0,990.0
432.0,990.0
671.0,990.0
690.0,990.0
23.0,991.0
316.0,991.0
327.0,991.0
422.0,991.0
755.0,991.0
923.0,991.0
109.0,992.0
384.0,992.0
419.0,992.0
429.0,992.0
749.0,992.0
889.0,992.0
75.0,993.0
116.0,993.0
187.0,993.0
219.0,993.0
232.0,993.0
249.0,993.0
256.0,993.0
485.0,993.0
522.0,993.0
542.0,993.0
920.0,993.0
104.0,994.0
117.0,994.0
697.0,994.0
957.0,994.0
159.0,995.0
466.0,995.0
964.0,995.0
30.0,996.0
561.0,996.0
616.0,996.0
635.0,996.0
855.0,996.0
911.0,996.0
913.0,996.0
46.0,997.0
193.0,997.0
207.0,997.0
339.0,997.0
447.0,997.0
604.0,997.0
711.0,997.0
712.0,997.0
745.0,997.0
111.0,998.0
273.0,998.0
292.0,998.0
811.0,998.0
886.0,998.0
181.0,999.0
265.0,999.0
416.0,999.0
590.0,999.0
634.0,999.0
835.0,999.0
