i,j
268.0,0.0
277.0,0.0
909.0,0.0
10.0,1.0
70.0,1.0
171.0,1.0
259.0,1.0
274.0,1.0
316.0,1.0
392.0,1.0
480.0,1.0
594.0,1.0
634.0,1.0
771.0,1.0
5.0,2.0
153.0,2.0
59.0,3.0
681.0,3.0
896.0,3.0
985.0,3.0
124.0,4.0
230.0,4.0
302.0,4.0
405.0,4.0
633.0,4.0
133.0,5.0
396.0,5.0
430.0,5.0
899.0,5.0
911.0,5.0
979.0,5.0
143.0,6.0
210.0,6.0
214.0,6.0
408.0,6.0
919.0,6.0
983.0,6.0
251.0,7.0
101.0,8.0
236.0,8.0
622.0,8.0
644.0,8.0
815.0,8.0
833.0,8.0
899.0,8.0
105.0,9.0
238.0,9.0
245.0,9.0
278.0,9.0
400.0,9.0
922.0,9.0
34.0,10.0
305.0,10.0
382.0,10.0
791.0,10.0
940.0,10.0
983.0,10.0
64.0,11.0
271.0,11.0
333.0,11.0
341.0,11.0
141.0,12.0
229.0,12.0
271.0,12.0
531.0,12.0
534.0,12.0
581.0,12.0
616.0,12.0
192.0,13.0
208.0,13.0
370.0,13.0
762.0,13.0
501.0,14.0
741.0,14.0
60.0,15.0
290.0,15.0
517.0,15.0
617.0,15.0
695.0,15.0
953.0,15.0
16.0,15.0
97.0,16.0
182.0,16.0
795.0,16.0
116.0,17.0
856.0,17.0
902.0,17.0
58.0,18.0
472.0,18.0
511.0,18.0
574.0,18.0
916.0,18.0
986.0,18.0
104.0,19.0
666.0,19.0
80.0,20.0
293.0,20.0
594.0,20.0
621.0,20.0
21.0,17.0
48.0,21.0
49.0,22.0
70.0,22.0
100.0,22.0
292.0,22.0
572.0,22.0
703.0,22.0
714.0,22.0
967.0,22.0
23.0,8.0
71.0,23.0
755.0,23.0
804.0,23.0
939.0,23.0
184.0,24.0
193.0,24.0
223.0,24.0
247.0,24.0
283.0,24.0
333.0,24.0
360.0,24.0
497.0,24.0
985.0,24.0
990.0,24.0
993.0,24.0
81.0,25.0
111.0,25.0
287.0,25.0
554.0,25.0
599.0,25.0
655.0,25.0
152.0,26.0
296.0,26.0
893.0,26.0
896.0,26.0
110.0,27.0
296.0,27.0
498.0,27.0
685.0,27.0
797.0,27.0
163.0,28.0
217.0,28.0
310.0,28.0
794.0,28.0
814.0,28.0
226.0,29.0
485.0,29.0
102.0,30.0
291.0,30.0
940.0,30.0
96.0,31.0
231.0,31.0
353.0,31.0
874.0,31.0
191.0,32.0
543.0,32.0
824.0,32.0
63.0,33.0
150.0,33.0
183.0,33.0
790.0,33.0
157.0,34.0
237.0,34.0
860.0,34.0
882.0,34.0
885.0,34.0
979.0,34.0
35.0,13.0
47.0,35.0
142.0,35.0
309.0,35.0
464.0,35.0
855.0,35.0
88.0,36.0
652.0,36.0
699.0,36.0
824.0,36.0
890.0,36.0
105.0,37.0
303.0,37.0
369.0,37.0
380.0,37.0
640.0,37.0
227.0,38.0
243.0,38.0
252.0,38.0
262.0,38.0
294.0,38.0
487.0,38.0
593.0,38.0
778.0,38.0
861.0,38.0
136.0,39.0
155.0,39.0
490.0,39.0
40.0,16.0
175.0,40.0
199.0,40.0
200.0,40.0
242.0,40.0
275.0,40.0
41.0,35.0
70.0,41.0
115.0,41.0
287.0,41.0
302.0,42.0
382.0,42.0
461.0,42.0
106.0,43.0
293.0,43.0
351.0,43.0
595.0,43.0
632.0,43.0
153.0,44.0
251.0,44.0
320.0,44.0
502.0,44.0
874.0,44.0
45.0,31.0
691.0,45.0
46.0,31.0
83.0,46.0
185.0,46.0
806.0,46.0
618.0,47.0
902.0,47.0
931.0,47.0
56.0,48.0
234.0,48.0
466.0,48.0
468.0,48.0
541.0,48.0
121.0,49.0
136.0,49.0
214.0,49.0
304.0,49.0
50.0,12.0
116.0,50.0
136.0,50.0
228.0,50.0
314.0,50.0
398.0,50.0
501.0,50.0
68.0,51.0
272.0,51.0
431.0,51.0
667.0,51.0
100.0,52.0
190.0,52.0
268.0,52.0
307.0,52.0
986.0,52.0
53.0,9.0
53.0,14.0
53.0,40.0
607.0,53.0
622.0,53.0
54.0,0.0
267.0,54.0
315.0,54.0
433.0,54.0
556.0,54.0
773.0,54.0
154.0,55.0
340.0,55.0
474.0,55.0
879.0,55.0
136.0,56.0
213.0,56.0
230.0,56.0
298.0,56.0
300.0,56.0
148.0,57.0
218.0,57.0
396.0,57.0
663.0,57.0
873.0,57.0
58.0,19.0
154.0,58.0
170.0,58.0
288.0,58.0
325.0,58.0
629.0,58.0
988.0,58.0
441.0,59.0
461.0,59.0
60.0,18.0
133.0,60.0
196.0,60.0
328.0,60.0
431.0,60.0
588.0,60.0
598.0,60.0
770.0,60.0
258.0,61.0
480.0,61.0
916.0,61.0
62.0,25.0
102.0,62.0
288.0,62.0
300.0,62.0
467.0,62.0
629.0,62.0
969.0,62.0
259.0,63.0
921.0,63.0
924.0,63.0
96.0,64.0
138.0,64.0
176.0,64.0
204.0,64.0
649.0,64.0
741.0,64.0
840.0,64.0
114.0,65.0
585.0,65.0
613.0,65.0
746.0,65.0
360.0,66.0
521.0,66.0
593.0,66.0
357.0,67.0
532.0,67.0
542.0,67.0
898.0,67.0
68.0,21.0
68.0,53.0
161.0,68.0
772.0,68.0
179.0,69.0
896.0,69.0
70.0,4.0
70.0,62.0
101.0,70.0
481.0,70.0
620.0,70.0
627.0,70.0
747.0,70.0
798.0,70.0
925.0,70.0
71.0,37.0
71.0,41.0
178.0,71.0
197.0,72.0
202.0,72.0
239.0,72.0
273.0,72.0
790.0,72.0
168.0,73.0
266.0,73.0
344.0,73.0
832.0,73.0
856.0,73.0
186.0,74.0
234.0,74.0
782.0,74.0
189.0,75.0
325.0,75.0
802.0,75.0
568.0,76.0
718.0,76.0
77.0,17.0
143.0,77.0
329.0,77.0
765.0,77.0
78.0,20.0
90.0,78.0
166.0,78.0
295.0,78.0
322.0,78.0
372.0,78.0
439.0,78.0
621.0,78.0
79.0,52.0
246.0,79.0
268.0,79.0
305.0,79.0
575.0,79.0
600.0,79.0
974.0,79.0
80.0,13.0
227.0,80.0
390.0,80.0
618.0,80.0
81.0,51.0
219.0,81.0
329.0,81.0
347.0,81.0
412.0,81.0
742.0,81.0
82.0,57.0
156.0,82.0
206.0,82.0
377.0,82.0
387.0,82.0
411.0,82.0
83.0,22.0
281.0,83.0
330.0,83.0
675.0,83.0
838.0,83.0
877.0,83.0
128.0,84.0
134.0,84.0
211.0,84.0
318.0,84.0
468.0,84.0
562.0,84.0
877.0,84.0
896.0,84.0
169.0,85.0
266.0,85.0
353.0,85.0
86.0,16.0
86.0,28.0
95.0,86.0
136.0,86.0
332.0,86.0
675.0,86.0
102.0,87.0
186.0,87.0
216.0,87.0
280.0,87.0
558.0,87.0
275.0,88.0
819.0,88.0
851.0,88.0
932.0,88.0
285.0,89.0
288.0,89.0
316.0,89.0
523.0,89.0
120.0,90.0
330.0,90.0
670.0,90.0
914.0,90.0
91.0,44.0
93.0,91.0
248.0,91.0
255.0,91.0
287.0,91.0
457.0,91.0
553.0,91.0
949.0,91.0
953.0,91.0
271.0,92.0
146.0,93.0
308.0,93.0
392.0,93.0
502.0,93.0
972.0,93.0
94.0,14.0
116.0,94.0
139.0,94.0
142.0,94.0
152.0,94.0
183.0,94.0
260.0,94.0
346.0,94.0
457.0,94.0
693.0,94.0
726.0,94.0
870.0,94.0
891.0,94.0
95.0,20.0
205.0,95.0
290.0,95.0
383.0,95.0
619.0,95.0
678.0,95.0
698.0,95.0
856.0,95.0
916.0,95.0
968.0,95.0
96.0,89.0
216.0,96.0
244.0,96.0
310.0,96.0
622.0,96.0
97.0,31.0
97.0,70.0
97.0,96.0
269.0,97.0
429.0,97.0
950.0,97.0
954.0,97.0
98.0,90.0
114.0,98.0
127.0,98.0
349.0,98.0
538.0,98.0
99.0,55.0
99.0,72.0
201.0,99.0
294.0,99.0
306.0,99.0
137.0,100.0
178.0,100.0
391.0,100.0
639.0,100.0
824.0,100.0
101.0,30.0
182.0,101.0
264.0,101.0
281.0,101.0
463.0,101.0
526.0,101.0
970.0,101.0
130.0,102.0
131.0,102.0
172.0,102.0
262.0,102.0
278.0,102.0
599.0,102.0
852.0,102.0
919.0,102.0
103.0,76.0
494.0,103.0
808.0,103.0
952.0,103.0
988.0,103.0
139.0,104.0
191.0,104.0
223.0,104.0
860.0,104.0
105.0,39.0
119.0,105.0
304.0,105.0
385.0,105.0
930.0,105.0
106.0,89.0
106.0,98.0
295.0,106.0
340.0,106.0
346.0,106.0
875.0,106.0
198.0,107.0
232.0,107.0
831.0,107.0
833.0,107.0
991.0,107.0
108.0,61.0
108.0,88.0
165.0,108.0
193.0,108.0
204.0,108.0
222.0,108.0
835.0,108.0
907.0,108.0
984.0,108.0
109.0,15.0
109.0,74.0
202.0,109.0
241.0,109.0
301.0,109.0
327.0,109.0
352.0,109.0
436.0,109.0
110.0,46.0
167.0,110.0
264.0,110.0
274.0,110.0
640.0,110.0
111.0,94.0
207.0,111.0
291.0,111.0
422.0,111.0
430.0,111.0
610.0,111.0
940.0,111.0
243.0,112.0
245.0,113.0
114.0,16.0
114.0,22.0
251.0,114.0
517.0,114.0
685.0,114.0
807.0,114.0
875.0,114.0
115.0,5.0
115.0,110.0
512.0,115.0
607.0,115.0
116.0,78.0
116.0,104.0
203.0,116.0
237.0,116.0
377.0,116.0
423.0,116.0
610.0,116.0
815.0,116.0
890.0,116.0
117.0,32.0
117.0,42.0
117.0,96.0
161.0,117.0
610.0,117.0
612.0,117.0
118.0,69.0
118.0,77.0
118.0,106.0
199.0,118.0
386.0,118.0
119.0,51.0
119.0,79.0
119.0,106.0
151.0,119.0
206.0,119.0
514.0,119.0
733.0,119.0
771.0,119.0
821.0,119.0
913.0,119.0
120.0,21.0
120.0,28.0
120.0,103.0
120.0,109.0
242.0,120.0
317.0,120.0
364.0,120.0
121.0,13.0
121.0,14.0
121.0,20.0
475.0,121.0
640.0,121.0
880.0,121.0
946.0,121.0
122.0,22.0
139.0,122.0
162.0,122.0
886.0,122.0
953.0,122.0
123.0,20.0
123.0,67.0
123.0,71.0
123.0,111.0
129.0,123.0
139.0,123.0
680.0,123.0
768.0,123.0
862.0,123.0
222.0,124.0
244.0,124.0
293.0,124.0
125.0,24.0
361.0,125.0
406.0,125.0
462.0,125.0
487.0,125.0
768.0,125.0
288.0,126.0
840.0,126.0
859.0,126.0
127.0,45.0
146.0,127.0
235.0,127.0
248.0,127.0
254.0,127.0
316.0,127.0
675.0,127.0
691.0,127.0
941.0,127.0
128.0,28.0
128.0,60.0
424.0,128.0
641.0,128.0
129.0,48.0
129.0,52.0
132.0,129.0
366.0,129.0
138.0,130.0
279.0,130.0
330.0,130.0
515.0,130.0
580.0,130.0
131.0,48.0
131.0,70.0
284.0,131.0
295.0,131.0
357.0,131.0
820.0,131.0
132.0,18.0
132.0,51.0
258.0,132.0
274.0,132.0
300.0,132.0
335.0,132.0
400.0,132.0
508.0,132.0
541.0,132.0
610.0,132.0
751.0,132.0
133.0,27.0
133.0,55.0
232.0,133.0
293.0,133.0
298.0,133.0
704.0,133.0
134.0,77.0
155.0,134.0
618.0,134.0
666.0,134.0
979.0,134.0
135.0,88.0
168.0,135.0
189.0,135.0
596.0,135.0
859.0,135.0
140.0,136.0
297.0,136.0
315.0,136.0
955.0,136.0
137.0,122.0
280.0,137.0
582.0,137.0
605.0,137.0
962.0,137.0
138.0,57.0
138.0,129.0
232.0,138.0
268.0,138.0
278.0,138.0
461.0,138.0
516.0,138.0
856.0,138.0
879.0,138.0
139.0,32.0
139.0,94.0
190.0,139.0
198.0,139.0
217.0,139.0
461.0,139.0
503.0,139.0
572.0,139.0
381.0,140.0
478.0,140.0
722.0,140.0
860.0,140.0
903.0,140.0
923.0,140.0
142.0,141.0
152.0,141.0
282.0,141.0
310.0,141.0
397.0,141.0
474.0,141.0
802.0,141.0
142.0,89.0
142.0,129.0
272.0,142.0
548.0,142.0
723.0,142.0
865.0,142.0
912.0,142.0
159.0,143.0
238.0,143.0
267.0,143.0
563.0,143.0
718.0,143.0
144.0,128.0
205.0,144.0
207.0,144.0
300.0,144.0
145.0,109.0
159.0,145.0
248.0,145.0
307.0,145.0
721.0,145.0
919.0,145.0
146.0,2.0
331.0,146.0
650.0,146.0
147.0,69.0
147.0,95.0
246.0,147.0
413.0,147.0
963.0,147.0
148.0,131.0
246.0,148.0
283.0,148.0
149.0,144.0
150.0,149.0
239.0,149.0
244.0,149.0
273.0,149.0
150.0,82.0
168.0,150.0
302.0,150.0
482.0,150.0
696.0,150.0
602.0,151.0
633.0,151.0
152.0,75.0
209.0,152.0
275.0,152.0
153.0,152.0
238.0,153.0
291.0,153.0
460.0,153.0
725.0,153.0
897.0,153.0
909.0,153.0
154.0,11.0
154.0,130.0
189.0,154.0
220.0,154.0
244.0,154.0
412.0,154.0
685.0,154.0
155.0,77.0
252.0,155.0
275.0,155.0
608.0,155.0
173.0,156.0
259.0,156.0
863.0,156.0
157.0,50.0
157.0,121.0
157.0,135.0
157.0,148.0
157.0,155.0
386.0,157.0
482.0,157.0
158.0,77.0
220.0,158.0
303.0,158.0
514.0,158.0
541.0,158.0
202.0,159.0
240.0,159.0
817.0,159.0
160.0,55.0
440.0,160.0
593.0,160.0
832.0,160.0
161.0,16.0
161.0,71.0
418.0,161.0
513.0,161.0
981.0,161.0
162.0,2.0
162.0,157.0
465.0,162.0
752.0,162.0
163.0,134.0
196.0,163.0
215.0,163.0
253.0,163.0
272.0,163.0
524.0,163.0
178.0,164.0
195.0,164.0
298.0,164.0
165.0,35.0
165.0,39.0
221.0,165.0
241.0,165.0
574.0,165.0
576.0,165.0
166.0,114.0
166.0,121.0
166.0,157.0
422.0,166.0
620.0,166.0
711.0,166.0
713.0,166.0
865.0,166.0
167.0,110.0
209.0,167.0
276.0,167.0
674.0,167.0
768.0,167.0
168.0,71.0
184.0,168.0
265.0,168.0
283.0,168.0
410.0,168.0
411.0,168.0
820.0,168.0
868.0,168.0
169.0,68.0
169.0,103.0
378.0,169.0
309.0,170.0
327.0,170.0
759.0,170.0
849.0,170.0
252.0,171.0
302.0,171.0
172.0,99.0
172.0,136.0
198.0,172.0
351.0,172.0
596.0,172.0
968.0,172.0
173.0,108.0
173.0,168.0
173.0,169.0
222.0,173.0
228.0,173.0
310.0,173.0
792.0,173.0
856.0,173.0
174.0,5.0
246.0,174.0
326.0,174.0
547.0,174.0
569.0,174.0
839.0,174.0
175.0,106.0
175.0,107.0
244.0,175.0
296.0,175.0
740.0,175.0
804.0,175.0
176.0,67.0
176.0,127.0
220.0,176.0
596.0,176.0
685.0,177.0
178.0,59.0
178.0,63.0
537.0,178.0
936.0,178.0
946.0,178.0
179.0,0.0
223.0,179.0
654.0,179.0
815.0,179.0
832.0,179.0
180.0,67.0
256.0,180.0
271.0,180.0
518.0,180.0
728.0,180.0
792.0,180.0
915.0,180.0
181.0,52.0
181.0,116.0
275.0,181.0
667.0,181.0
863.0,181.0
946.0,181.0
182.0,120.0
182.0,146.0
252.0,182.0
285.0,182.0
183.0,143.0
189.0,183.0
726.0,183.0
946.0,183.0
184.0,32.0
184.0,109.0
223.0,184.0
251.0,184.0
636.0,184.0
983.0,184.0
185.0,77.0
253.0,185.0
560.0,185.0
698.0,185.0
759.0,185.0
931.0,185.0
186.0,174.0
188.0,186.0
524.0,186.0
525.0,186.0
661.0,186.0
794.0,186.0
187.0,135.0
271.0,187.0
765.0,187.0
989.0,187.0
188.0,75.0
279.0,188.0
294.0,188.0
577.0,188.0
696.0,188.0
189.0,13.0
189.0,138.0
352.0,189.0
774.0,189.0
190.0,151.0
278.0,190.0
894.0,190.0
191.0,89.0
191.0,143.0
283.0,191.0
756.0,191.0
884.0,191.0
192.0,2.0
257.0,192.0
449.0,192.0
761.0,192.0
193.0,122.0
205.0,193.0
292.0,193.0
517.0,193.0
536.0,193.0
665.0,193.0
194.0,19.0
194.0,23.0
194.0,37.0
194.0,138.0
194.0,161.0
291.0,194.0
416.0,194.0
503.0,194.0
528.0,194.0
555.0,194.0
650.0,194.0
673.0,194.0
912.0,194.0
195.0,41.0
195.0,124.0
310.0,195.0
368.0,195.0
437.0,195.0
458.0,196.0
841.0,196.0
866.0,196.0
197.0,99.0
197.0,146.0
260.0,197.0
688.0,197.0
198.0,171.0
202.0,199.0
200.0,37.0
200.0,129.0
217.0,200.0
272.0,200.0
844.0,200.0
201.0,128.0
204.0,201.0
322.0,201.0
347.0,201.0
525.0,201.0
672.0,201.0
742.0,201.0
202.0,18.0
329.0,202.0
414.0,202.0
768.0,202.0
823.0,202.0
847.0,202.0
203.0,163.0
381.0,203.0
413.0,203.0
204.0,85.0
204.0,188.0
825.0,204.0
205.0,195.0
440.0,205.0
231.0,206.0
280.0,206.0
435.0,206.0
707.0,206.0
856.0,206.0
207.0,26.0
207.0,157.0
207.0,195.0
207.0,196.0
245.0,207.0
290.0,207.0
559.0,207.0
701.0,207.0
956.0,207.0
208.0,99.0
308.0,208.0
999.0,208.0
209.0,59.0
244.0,209.0
837.0,209.0
942.0,209.0
210.0,25.0
409.0,210.0
566.0,210.0
999.0,210.0
211.0,95.0
506.0,211.0
982.0,211.0
212.0,1.0
212.0,19.0
263.0,212.0
213.0,180.0
213.0,190.0
254.0,213.0
270.0,213.0
388.0,213.0
419.0,213.0
431.0,213.0
619.0,213.0
623.0,213.0
214.0,200.0
320.0,214.0
776.0,214.0
950.0,214.0
274.0,215.0
296.0,215.0
324.0,215.0
353.0,215.0
216.0,91.0
216.0,173.0
713.0,216.0
963.0,216.0
999.0,216.0
251.0,217.0
928.0,217.0
962.0,217.0
218.0,35.0
218.0,69.0
218.0,80.0
218.0,150.0
578.0,218.0
219.0,65.0
219.0,79.0
219.0,198.0
321.0,219.0
419.0,219.0
569.0,219.0
871.0,219.0
883.0,219.0
269.0,220.0
221.0,16.0
242.0,221.0
251.0,221.0
602.0,221.0
222.0,136.0
257.0,222.0
223.0,111.0
223.0,185.0
458.0,223.0
489.0,223.0
546.0,223.0
267.0,224.0
308.0,224.0
734.0,224.0
225.0,48.0
225.0,66.0
225.0,138.0
310.0,225.0
359.0,225.0
226.0,100.0
226.0,174.0
303.0,226.0
621.0,226.0
999.0,226.0
227.0,213.0
231.0,227.0
240.0,227.0
570.0,227.0
962.0,227.0
228.0,58.0
336.0,228.0
430.0,228.0
570.0,228.0
832.0,228.0
229.0,10.0
229.0,65.0
246.0,229.0
358.0,229.0
710.0,229.0
820.0,229.0
230.0,167.0
310.0,230.0
231.0,200.0
231.0,202.0
231.0,217.0
232.0,14.0
232.0,103.0
232.0,155.0
232.0,208.0
232.0,224.0
385.0,232.0
491.0,232.0
816.0,232.0
233.0,230.0
313.0,233.0
665.0,233.0
234.0,37.0
234.0,125.0
234.0,173.0
555.0,234.0
617.0,234.0
235.0,50.0
235.0,70.0
235.0,137.0
235.0,148.0
248.0,235.0
277.0,235.0
347.0,235.0
561.0,235.0
795.0,235.0
251.0,236.0
368.0,236.0
923.0,236.0
926.0,236.0
237.0,58.0
237.0,190.0
245.0,237.0
344.0,237.0
480.0,237.0
888.0,237.0
986.0,237.0
238.0,166.0
273.0,238.0
239.0,33.0
239.0,91.0
258.0,239.0
263.0,239.0
276.0,239.0
504.0,239.0
313.0,240.0
427.0,240.0
822.0,240.0
918.0,240.0
968.0,240.0
241.0,47.0
241.0,153.0
241.0,180.0
354.0,241.0
611.0,241.0
795.0,241.0
242.0,12.0
242.0,59.0
242.0,95.0
242.0,233.0
321.0,242.0
490.0,242.0
243.0,69.0
388.0,243.0
244.0,61.0
247.0,244.0
368.0,244.0
508.0,244.0
672.0,244.0
755.0,244.0
955.0,244.0
952.0,245.0
977.0,245.0
246.0,110.0
246.0,114.0
247.0,246.0
268.0,246.0
247.0,8.0
357.0,247.0
381.0,247.0
431.0,247.0
625.0,247.0
248.0,41.0
248.0,59.0
248.0,126.0
248.0,243.0
266.0,248.0
686.0,248.0
359.0,249.0
561.0,249.0
698.0,249.0
948.0,249.0
250.0,34.0
250.0,227.0
457.0,250.0
251.0,57.0
251.0,236.0
597.0,251.0
742.0,251.0
819.0,251.0
914.0,251.0
252.0,215.0
266.0,252.0
606.0,252.0
253.0,9.0
253.0,62.0
253.0,82.0
253.0,85.0
285.0,253.0
368.0,253.0
562.0,253.0
625.0,253.0
921.0,253.0
951.0,253.0
335.0,254.0
638.0,254.0
936.0,254.0
434.0,255.0
599.0,255.0
736.0,255.0
760.0,255.0
977.0,255.0
652.0,256.0
817.0,256.0
997.0,256.0
257.0,132.0
257.0,206.0
257.0,216.0
257.0,238.0
778.0,257.0
793.0,257.0
258.0,108.0
258.0,234.0
449.0,258.0
573.0,258.0
642.0,258.0
314.0,259.0
524.0,259.0
921.0,259.0
260.0,15.0
260.0,32.0
260.0,99.0
260.0,195.0
325.0,260.0
353.0,260.0
589.0,260.0
327.0,261.0
369.0,261.0
528.0,261.0
573.0,261.0
602.0,261.0
847.0,261.0
262.0,97.0
262.0,119.0
262.0,165.0
262.0,209.0
432.0,262.0
742.0,262.0
747.0,262.0
263.0,39.0
566.0,263.0
264.0,10.0
264.0,61.0
329.0,264.0
376.0,264.0
463.0,264.0
778.0,264.0
838.0,264.0
885.0,264.0
265.0,43.0
265.0,65.0
265.0,173.0
572.0,265.0
770.0,266.0
776.0,266.0
267.0,168.0
299.0,267.0
537.0,267.0
679.0,267.0
810.0,267.0
268.0,21.0
268.0,115.0
268.0,204.0
719.0,268.0
779.0,268.0
973.0,268.0
902.0,269.0
270.0,23.0
270.0,104.0
270.0,155.0
270.0,221.0
270.0,254.0
385.0,270.0
652.0,270.0
749.0,270.0
778.0,270.0
271.0,138.0
290.0,271.0
508.0,271.0
530.0,271.0
800.0,271.0
272.0,221.0
306.0,272.0
311.0,272.0
273.0,43.0
273.0,185.0
273.0,196.0
288.0,273.0
314.0,273.0
551.0,273.0
993.0,273.0
274.0,12.0
274.0,36.0
274.0,57.0
274.0,152.0
274.0,199.0
325.0,274.0
330.0,274.0
450.0,274.0
712.0,274.0
830.0,274.0
275.0,48.0
317.0,275.0
485.0,275.0
529.0,275.0
276.0,53.0
276.0,123.0
276.0,134.0
276.0,215.0
330.0,276.0
538.0,276.0
625.0,276.0
971.0,276.0
277.0,154.0
277.0,179.0
278.0,238.0
506.0,278.0
646.0,278.0
647.0,278.0
853.0,278.0
279.0,102.0
279.0,215.0
507.0,279.0
280.0,99.0
280.0,242.0
433.0,280.0
281.0,15.0
281.0,267.0
451.0,281.0
976.0,281.0
282.0,9.0
930.0,282.0
283.0,25.0
283.0,39.0
283.0,46.0
283.0,262.0
283.0,282.0
362.0,283.0
704.0,283.0
284.0,184.0
326.0,284.0
484.0,284.0
285.0,7.0
797.0,285.0
286.0,3.0
286.0,214.0
287.0,52.0
287.0,160.0
287.0,258.0
287.0,270.0
828.0,287.0
288.0,238.0
972.0,288.0
296.0,289.0
997.0,289.0
290.0,143.0
290.0,163.0
290.0,197.0
290.0,215.0
290.0,258.0
595.0,290.0
670.0,290.0
995.0,290.0
291.0,150.0
291.0,186.0
291.0,209.0
291.0,246.0
382.0,291.0
476.0,291.0
642.0,291.0
310.0,292.0
431.0,292.0
547.0,292.0
293.0,239.0
947.0,293.0
294.0,128.0
294.0,282.0
294.0,290.0
481.0,294.0
295.0,41.0
295.0,278.0
296.0,295.0
310.0,295.0
469.0,295.0
510.0,295.0
296.0,111.0
550.0,296.0
911.0,296.0
297.0,255.0
297.0,287.0
553.0,297.0
979.0,297.0
298.0,26.0
298.0,246.0
307.0,298.0
340.0,298.0
821.0,298.0
831.0,298.0
299.0,25.0
299.0,166.0
299.0,184.0
299.0,206.0
299.0,218.0
305.0,299.0
311.0,299.0
475.0,299.0
828.0,299.0
836.0,299.0
853.0,299.0
868.0,299.0
300.0,243.0
488.0,300.0
382.0,301.0
505.0,301.0
717.0,301.0
938.0,301.0
971.0,301.0
302.0,156.0
302.0,181.0
512.0,302.0
601.0,302.0
303.0,111.0
324.0,303.0
581.0,303.0
970.0,303.0
304.0,292.0
562.0,304.0
695.0,304.0
305.0,68.0
305.0,204.0
366.0,305.0
588.0,305.0
906.0,305.0
962.0,305.0
306.0,181.0
924.0,306.0
307.0,54.0
307.0,304.0
321.0,307.0
405.0,307.0
756.0,307.0
795.0,307.0
438.0,308.0
475.0,308.0
309.0,251.0
309.0,294.0
804.0,309.0
871.0,309.0
893.0,309.0
310.0,27.0
310.0,141.0
310.0,251.0
713.0,310.0
311.0,127.0
311.0,131.0
311.0,176.0
311.0,233.0
658.0,311.0
703.0,311.0
312.0,123.0
312.0,140.0
312.0,161.0
312.0,233.0
312.0,299.0
313.0,126.0
319.0,313.0
655.0,313.0
314.0,23.0
314.0,65.0
314.0,180.0
333.0,314.0
560.0,314.0
987.0,314.0
315.0,37.0
315.0,82.0
315.0,133.0
315.0,254.0
442.0,315.0
454.0,315.0
316.0,121.0
316.0,176.0
316.0,192.0
316.0,250.0
316.0,263.0
318.0,316.0
771.0,316.0
923.0,316.0
317.0,62.0
317.0,78.0
347.0,317.0
318.0,100.0
318.0,104.0
318.0,226.0
318.0,256.0
449.0,318.0
319.0,83.0
958.0,319.0
320.0,124.0
321.0,320.0
372.0,320.0
681.0,320.0
321.0,94.0
578.0,321.0
322.0,11.0
322.0,164.0
322.0,169.0
322.0,227.0
331.0,322.0
611.0,322.0
664.0,322.0
752.0,322.0
323.0,200.0
323.0,267.0
323.0,302.0
323.0,317.0
418.0,323.0
663.0,323.0
758.0,323.0
815.0,323.0
324.0,105.0
324.0,151.0
324.0,210.0
330.0,324.0
331.0,324.0
395.0,324.0
736.0,324.0
325.0,41.0
325.0,146.0
336.0,325.0
380.0,325.0
810.0,325.0
326.0,19.0
326.0,162.0
326.0,204.0
762.0,326.0
937.0,326.0
327.0,180.0
327.0,251.0
486.0,327.0
546.0,327.0
565.0,327.0
633.0,327.0
657.0,327.0
998.0,327.0
328.0,49.0
328.0,59.0
328.0,102.0
328.0,164.0
328.0,189.0
519.0,328.0
616.0,328.0
652.0,328.0
691.0,328.0
329.0,117.0
329.0,203.0
329.0,235.0
329.0,315.0
649.0,329.0
824.0,329.0
330.0,207.0
330.0,329.0
680.0,330.0
859.0,330.0
914.0,330.0
331.0,87.0
331.0,119.0
331.0,120.0
331.0,287.0
650.0,331.0
671.0,331.0
819.0,331.0
332.0,210.0
332.0,261.0
509.0,332.0
775.0,332.0
350.0,333.0
498.0,333.0
558.0,333.0
984.0,333.0
373.0,334.0
402.0,334.0
597.0,334.0
796.0,334.0
335.0,53.0
359.0,335.0
563.0,335.0
669.0,335.0
697.0,335.0
810.0,335.0
840.0,335.0
947.0,335.0
336.0,80.0
336.0,220.0
932.0,336.0
337.0,317.0
371.0,337.0
459.0,337.0
583.0,337.0
952.0,337.0
972.0,337.0
338.0,104.0
405.0,338.0
492.0,338.0
509.0,338.0
530.0,338.0
554.0,338.0
683.0,338.0
706.0,338.0
339.0,22.0
403.0,339.0
597.0,339.0
854.0,339.0
340.0,179.0
396.0,340.0
419.0,340.0
421.0,340.0
432.0,340.0
466.0,340.0
551.0,340.0
563.0,340.0
621.0,340.0
997.0,340.0
341.0,86.0
381.0,341.0
480.0,341.0
521.0,341.0
714.0,341.0
342.0,4.0
420.0,342.0
434.0,342.0
501.0,342.0
343.0,62.0
343.0,219.0
344.0,90.0
457.0,344.0
551.0,344.0
571.0,344.0
581.0,344.0
609.0,344.0
558.0,345.0
651.0,345.0
729.0,345.0
823.0,345.0
934.0,345.0
346.0,248.0
389.0,346.0
443.0,346.0
479.0,346.0
541.0,346.0
810.0,346.0
347.0,339.0
463.0,347.0
635.0,347.0
773.0,347.0
916.0,348.0
994.0,348.0
999.0,348.0
349.0,153.0
357.0,349.0
540.0,349.0
592.0,349.0
685.0,349.0
769.0,349.0
875.0,349.0
350.0,74.0
350.0,266.0
391.0,350.0
419.0,350.0
657.0,350.0
952.0,350.0
379.0,351.0
598.0,351.0
977.0,351.0
352.0,319.0
523.0,352.0
353.0,9.0
434.0,353.0
592.0,353.0
881.0,353.0
354.0,341.0
501.0,354.0
831.0,354.0
688.0,355.0
838.0,355.0
356.0,211.0
427.0,356.0
439.0,356.0
587.0,356.0
833.0,356.0
870.0,356.0
958.0,356.0
982.0,356.0
357.0,76.0
357.0,116.0
357.0,292.0
975.0,357.0
358.0,332.0
429.0,358.0
663.0,358.0
683.0,358.0
748.0,358.0
758.0,358.0
359.0,241.0
367.0,359.0
607.0,359.0
775.0,359.0
786.0,359.0
360.0,154.0
446.0,360.0
832.0,360.0
361.0,66.0
361.0,210.0
361.0,253.0
386.0,361.0
412.0,361.0
561.0,361.0
732.0,361.0
898.0,361.0
390.0,362.0
405.0,362.0
543.0,362.0
555.0,362.0
363.0,284.0
479.0,363.0
775.0,363.0
900.0,363.0
419.0,364.0
599.0,364.0
853.0,364.0
365.0,192.0
456.0,365.0
576.0,365.0
423.0,366.0
474.0,366.0
513.0,366.0
846.0,366.0
871.0,366.0
367.0,260.0
411.0,367.0
544.0,367.0
600.0,367.0
770.0,367.0
923.0,367.0
368.0,166.0
368.0,346.0
368.0,361.0
379.0,368.0
397.0,368.0
581.0,368.0
965.0,368.0
369.0,70.0
369.0,71.0
369.0,335.0
379.0,369.0
466.0,369.0
485.0,369.0
555.0,369.0
811.0,369.0
370.0,339.0
371.0,370.0
472.0,370.0
593.0,370.0
633.0,370.0
859.0,370.0
408.0,371.0
469.0,371.0
372.0,334.0
372.0,346.0
382.0,372.0
413.0,372.0
499.0,372.0
560.0,372.0
569.0,372.0
606.0,372.0
627.0,372.0
373.0,186.0
392.0,373.0
405.0,373.0
778.0,373.0
374.0,253.0
380.0,374.0
613.0,374.0
841.0,374.0
375.0,236.0
375.0,368.0
379.0,375.0
426.0,375.0
465.0,375.0
498.0,375.0
537.0,375.0
568.0,375.0
583.0,375.0
623.0,375.0
376.0,132.0
414.0,376.0
769.0,376.0
494.0,377.0
626.0,377.0
647.0,377.0
842.0,377.0
477.0,378.0
505.0,378.0
545.0,378.0
579.0,378.0
655.0,378.0
748.0,378.0
379.0,211.0
593.0,379.0
597.0,379.0
816.0,379.0
380.0,186.0
380.0,286.0
452.0,380.0
458.0,380.0
571.0,380.0
672.0,380.0
784.0,380.0
639.0,381.0
776.0,381.0
382.0,339.0
659.0,382.0
736.0,382.0
383.0,381.0
406.0,383.0
601.0,383.0
723.0,383.0
893.0,383.0
397.0,384.0
578.0,384.0
608.0,385.0
634.0,385.0
649.0,385.0
386.0,328.0
478.0,386.0
485.0,386.0
595.0,386.0
774.0,386.0
387.0,27.0
387.0,42.0
442.0,387.0
388.0,179.0
388.0,250.0
388.0,336.0
507.0,388.0
934.0,388.0
389.0,84.0
389.0,354.0
552.0,389.0
578.0,389.0
854.0,389.0
864.0,389.0
904.0,389.0
913.0,389.0
938.0,389.0
390.0,0.0
391.0,186.0
426.0,391.0
479.0,391.0
496.0,391.0
601.0,391.0
753.0,391.0
392.0,226.0
392.0,293.0
582.0,392.0
620.0,392.0
659.0,392.0
881.0,392.0
393.0,349.0
393.0,351.0
535.0,393.0
546.0,393.0
657.0,393.0
677.0,393.0
865.0,393.0
394.0,135.0
905.0,394.0
932.0,394.0
395.0,19.0
395.0,93.0
395.0,131.0
395.0,277.0
395.0,364.0
395.0,371.0
479.0,395.0
880.0,395.0
930.0,395.0
960.0,395.0
396.0,63.0
396.0,266.0
396.0,320.0
431.0,396.0
602.0,396.0
678.0,396.0
725.0,396.0
814.0,396.0
397.0,15.0
397.0,151.0
397.0,396.0
492.0,397.0
672.0,397.0
686.0,397.0
735.0,397.0
940.0,397.0
398.0,70.0
449.0,398.0
480.0,398.0
710.0,398.0
821.0,398.0
399.0,167.0
399.0,364.0
540.0,399.0
584.0,399.0
752.0,399.0
987.0,399.0
400.0,26.0
400.0,42.0
400.0,128.0
400.0,386.0
407.0,400.0
652.0,400.0
401.0,149.0
985.0,401.0
402.0,190.0
402.0,233.0
464.0,402.0
616.0,402.0
900.0,402.0
430.0,403.0
479.0,403.0
648.0,403.0
404.0,74.0
448.0,404.0
555.0,404.0
570.0,404.0
405.0,347.0
405.0,350.0
495.0,405.0
550.0,405.0
637.0,405.0
865.0,405.0
406.0,3.0
406.0,145.0
629.0,406.0
668.0,406.0
407.0,42.0
407.0,159.0
407.0,273.0
460.0,407.0
408.0,223.0
408.0,361.0
464.0,408.0
577.0,408.0
671.0,408.0
735.0,408.0
866.0,408.0
409.0,208.0
415.0,409.0
930.0,409.0
410.0,2.0
410.0,87.0
410.0,189.0
410.0,368.0
410.0,382.0
410.0,395.0
898.0,410.0
411.0,11.0
411.0,103.0
411.0,254.0
528.0,411.0
576.0,411.0
607.0,411.0
648.0,411.0
851.0,411.0
458.0,412.0
817.0,412.0
413.0,190.0
413.0,350.0
413.0,403.0
430.0,413.0
488.0,413.0
757.0,413.0
414.0,95.0
414.0,235.0
414.0,334.0
453.0,414.0
415.0,267.0
415.0,366.0
566.0,415.0
700.0,415.0
958.0,415.0
416.0,13.0
416.0,171.0
416.0,217.0
499.0,416.0
621.0,416.0
630.0,416.0
417.0,238.0
417.0,399.0
418.0,417.0
511.0,417.0
646.0,417.0
444.0,418.0
661.0,418.0
665.0,418.0
922.0,418.0
514.0,419.0
487.0,420.0
421.0,93.0
421.0,310.0
955.0,421.0
422.0,191.0
422.0,356.0
422.0,387.0
466.0,422.0
560.0,422.0
591.0,422.0
423.0,202.0
423.0,259.0
423.0,380.0
580.0,423.0
621.0,423.0
424.0,122.0
424.0,399.0
509.0,424.0
601.0,424.0
425.0,61.0
477.0,425.0
707.0,425.0
742.0,425.0
541.0,426.0
652.0,426.0
660.0,426.0
938.0,426.0
427.0,93.0
486.0,427.0
777.0,427.0
990.0,427.0
428.0,29.0
442.0,428.0
512.0,428.0
696.0,428.0
852.0,428.0
429.0,379.0
522.0,429.0
777.0,429.0
430.0,48.0
430.0,388.0
579.0,430.0
901.0,430.0
974.0,430.0
431.0,111.0
902.0,431.0
919.0,431.0
432.0,102.0
432.0,118.0
432.0,133.0
432.0,185.0
432.0,311.0
441.0,432.0
446.0,432.0
504.0,432.0
534.0,432.0
571.0,432.0
659.0,432.0
694.0,432.0
433.0,232.0
433.0,367.0
433.0,369.0
981.0,433.0
434.0,0.0
434.0,165.0
434.0,399.0
434.0,417.0
445.0,434.0
606.0,434.0
608.0,434.0
435.0,421.0
752.0,435.0
795.0,435.0
947.0,435.0
436.0,116.0
491.0,436.0
608.0,436.0
858.0,436.0
437.0,336.0
491.0,437.0
496.0,437.0
513.0,437.0
528.0,437.0
623.0,437.0
748.0,437.0
438.0,144.0
438.0,241.0
438.0,408.0
656.0,438.0
658.0,438.0
939.0,438.0
439.0,157.0
439.0,400.0
449.0,439.0
456.0,439.0
587.0,439.0
842.0,439.0
440.0,389.0
470.0,440.0
596.0,440.0
731.0,440.0
441.0,43.0
441.0,56.0
441.0,78.0
441.0,246.0
441.0,437.0
550.0,441.0
902.0,441.0
442.0,24.0
614.0,442.0
684.0,442.0
443.0,341.0
443.0,343.0
443.0,350.0
576.0,443.0
581.0,443.0
601.0,443.0
920.0,443.0
984.0,443.0
444.0,279.0
444.0,389.0
574.0,444.0
622.0,444.0
653.0,444.0
445.0,85.0
445.0,178.0
445.0,285.0
445.0,410.0
690.0,445.0
743.0,445.0
755.0,445.0
864.0,445.0
446.0,66.0
446.0,338.0
446.0,375.0
520.0,446.0
527.0,446.0
470.0,447.0
510.0,447.0
525.0,447.0
561.0,447.0
621.0,447.0
649.0,447.0
448.0,328.0
449.0,365.0
981.0,449.0
450.0,429.0
450.0,431.0
450.0,449.0
452.0,450.0
581.0,450.0
990.0,450.0
451.0,101.0
451.0,280.0
451.0,444.0
475.0,451.0
604.0,451.0
627.0,451.0
452.0,397.0
452.0,421.0
517.0,452.0
518.0,452.0
953.0,452.0
453.0,361.0
453.0,420.0
475.0,453.0
508.0,453.0
618.0,453.0
645.0,453.0
672.0,453.0
797.0,453.0
858.0,453.0
992.0,453.0
454.0,9.0
454.0,339.0
493.0,454.0
455.0,291.0
536.0,455.0
917.0,455.0
456.0,130.0
456.0,140.0
456.0,261.0
456.0,409.0
559.0,456.0
597.0,456.0
804.0,456.0
457.0,214.0
457.0,288.0
514.0,457.0
716.0,457.0
873.0,457.0
458.0,125.0
458.0,193.0
458.0,309.0
458.0,385.0
458.0,442.0
492.0,458.0
544.0,458.0
560.0,458.0
459.0,273.0
459.0,404.0
559.0,459.0
460.0,344.0
460.0,383.0
555.0,460.0
567.0,460.0
461.0,389.0
729.0,461.0
660.0,462.0
850.0,462.0
463.0,42.0
463.0,392.0
516.0,463.0
520.0,463.0
887.0,463.0
464.0,78.0
465.0,464.0
501.0,464.0
812.0,464.0
465.0,1.0
465.0,3.0
465.0,263.0
465.0,320.0
580.0,465.0
654.0,465.0
941.0,465.0
466.0,255.0
476.0,466.0
548.0,466.0
467.0,50.0
467.0,295.0
467.0,379.0
536.0,467.0
468.0,178.0
626.0,468.0
469.0,148.0
469.0,173.0
469.0,218.0
469.0,221.0
469.0,340.0
469.0,376.0
503.0,469.0
555.0,469.0
631.0,469.0
650.0,469.0
710.0,469.0
725.0,469.0
945.0,469.0
470.0,9.0
470.0,155.0
470.0,196.0
914.0,470.0
471.0,465.0
899.0,471.0
952.0,471.0
472.0,202.0
472.0,382.0
613.0,472.0
877.0,472.0
629.0,473.0
684.0,473.0
718.0,473.0
728.0,473.0
474.0,261.0
474.0,393.0
569.0,474.0
753.0,474.0
814.0,474.0
849.0,474.0
475.0,0.0
475.0,195.0
475.0,415.0
507.0,475.0
526.0,475.0
557.0,475.0
644.0,475.0
476.0,230.0
476.0,377.0
476.0,428.0
493.0,476.0
500.0,476.0
647.0,476.0
477.0,475.0
675.0,477.0
478.0,330.0
478.0,434.0
478.0,443.0
531.0,478.0
539.0,478.0
839.0,478.0
479.0,204.0
479.0,296.0
636.0,479.0
764.0,479.0
808.0,479.0
853.0,479.0
859.0,479.0
480.0,402.0
569.0,480.0
655.0,480.0
794.0,480.0
481.0,148.0
481.0,277.0
481.0,452.0
520.0,481.0
750.0,481.0
850.0,481.0
482.0,366.0
560.0,482.0
676.0,482.0
739.0,482.0
483.0,282.0
483.0,317.0
546.0,483.0
484.0,456.0
549.0,484.0
485.0,174.0
485.0,236.0
485.0,265.0
485.0,310.0
485.0,357.0
485.0,402.0
485.0,470.0
582.0,485.0
602.0,485.0
486.0,108.0
486.0,412.0
486.0,468.0
589.0,486.0
661.0,486.0
683.0,486.0
487.0,306.0
487.0,347.0
487.0,449.0
520.0,487.0
807.0,487.0
995.0,487.0
488.0,115.0
488.0,387.0
582.0,488.0
643.0,488.0
685.0,488.0
774.0,488.0
489.0,199.0
489.0,472.0
515.0,489.0
582.0,489.0
608.0,489.0
736.0,489.0
749.0,489.0
912.0,489.0
985.0,489.0
490.0,389.0
505.0,490.0
595.0,490.0
491.0,52.0
491.0,468.0
712.0,491.0
931.0,491.0
492.0,51.0
492.0,207.0
492.0,266.0
492.0,416.0
492.0,441.0
492.0,447.0
609.0,492.0
725.0,492.0
952.0,492.0
493.0,102.0
493.0,334.0
539.0,493.0
542.0,493.0
587.0,493.0
612.0,493.0
659.0,493.0
741.0,493.0
748.0,493.0
494.0,145.0
494.0,367.0
494.0,399.0
494.0,406.0
494.0,464.0
662.0,494.0
495.0,238.0
495.0,343.0
634.0,495.0
785.0,495.0
967.0,495.0
496.0,21.0
496.0,191.0
496.0,225.0
496.0,318.0
496.0,463.0
534.0,496.0
858.0,496.0
958.0,496.0
979.0,496.0
497.0,117.0
497.0,264.0
516.0,497.0
542.0,497.0
627.0,497.0
815.0,497.0
992.0,497.0
498.0,41.0
498.0,58.0
498.0,277.0
498.0,414.0
498.0,467.0
559.0,498.0
597.0,498.0
499.0,219.0
499.0,346.0
499.0,443.0
522.0,499.0
609.0,499.0
500.0,111.0
500.0,477.0
515.0,500.0
651.0,500.0
710.0,500.0
749.0,500.0
501.0,180.0
501.0,284.0
730.0,501.0
976.0,501.0
502.0,444.0
502.0,456.0
515.0,502.0
525.0,502.0
582.0,502.0
503.0,238.0
652.0,503.0
666.0,503.0
865.0,503.0
982.0,503.0
504.0,371.0
672.0,504.0
505.0,268.0
505.0,478.0
533.0,505.0
593.0,505.0
613.0,505.0
639.0,505.0
927.0,505.0
506.0,42.0
506.0,58.0
506.0,127.0
506.0,308.0
506.0,430.0
507.0,137.0
507.0,232.0
507.0,350.0
507.0,375.0
549.0,507.0
655.0,507.0
719.0,507.0
827.0,507.0
931.0,507.0
508.0,16.0
508.0,357.0
508.0,407.0
508.0,468.0
651.0,508.0
771.0,508.0
966.0,508.0
509.0,13.0
509.0,299.0
509.0,503.0
614.0,509.0
702.0,509.0
921.0,509.0
510.0,140.0
510.0,375.0
510.0,380.0
510.0,402.0
510.0,419.0
740.0,511.0
817.0,511.0
512.0,458.0
516.0,512.0
536.0,512.0
628.0,512.0
632.0,512.0
634.0,512.0
858.0,512.0
513.0,176.0
513.0,397.0
513.0,505.0
650.0,513.0
514.0,322.0
844.0,514.0
515.0,72.0
515.0,492.0
515.0,494.0
538.0,515.0
606.0,515.0
710.0,515.0
905.0,515.0
516.0,67.0
516.0,69.0
516.0,374.0
516.0,503.0
526.0,516.0
625.0,516.0
646.0,516.0
676.0,516.0
689.0,516.0
970.0,516.0
517.0,83.0
517.0,299.0
639.0,517.0
760.0,517.0
972.0,517.0
588.0,518.0
771.0,518.0
519.0,214.0
519.0,378.0
519.0,457.0
676.0,519.0
689.0,519.0
748.0,519.0
520.0,102.0
520.0,147.0
520.0,503.0
636.0,520.0
874.0,520.0
521.0,70.0
521.0,280.0
574.0,521.0
804.0,521.0
934.0,521.0
522.0,101.0
522.0,252.0
522.0,516.0
534.0,522.0
589.0,522.0
890.0,522.0
523.0,145.0
523.0,439.0
523.0,504.0
689.0,523.0
524.0,206.0
524.0,313.0
524.0,488.0
600.0,524.0
620.0,524.0
832.0,524.0
991.0,524.0
541.0,525.0
637.0,525.0
652.0,525.0
881.0,525.0
526.0,185.0
526.0,425.0
526.0,460.0
527.0,161.0
527.0,300.0
527.0,423.0
527.0,438.0
527.0,509.0
747.0,527.0
944.0,527.0
528.0,364.0
528.0,369.0
693.0,528.0
956.0,528.0
529.0,21.0
529.0,147.0
529.0,456.0
529.0,457.0
529.0,522.0
529.0,528.0
618.0,529.0
530.0,113.0
530.0,174.0
530.0,215.0
530.0,520.0
633.0,530.0
766.0,530.0
809.0,530.0
921.0,530.0
531.0,467.0
531.0,497.0
547.0,531.0
619.0,531.0
786.0,531.0
859.0,531.0
532.0,141.0
532.0,142.0
532.0,218.0
532.0,370.0
532.0,528.0
564.0,532.0
533.0,358.0
533.0,507.0
824.0,533.0
534.0,30.0
534.0,90.0
534.0,347.0
534.0,457.0
567.0,534.0
575.0,534.0
580.0,534.0
535.0,392.0
535.0,469.0
535.0,476.0
535.0,502.0
736.0,535.0
536.0,62.0
536.0,336.0
536.0,425.0
587.0,536.0
738.0,536.0
537.0,76.0
537.0,210.0
537.0,343.0
537.0,404.0
537.0,526.0
542.0,537.0
548.0,537.0
590.0,537.0
645.0,537.0
647.0,537.0
657.0,537.0
758.0,537.0
780.0,537.0
791.0,537.0
538.0,396.0
538.0,421.0
538.0,492.0
539.0,119.0
539.0,363.0
539.0,497.0
609.0,539.0
540.0,0.0
541.0,320.0
541.0,484.0
541.0,506.0
685.0,541.0
761.0,541.0
848.0,541.0
542.0,172.0
542.0,289.0
542.0,364.0
542.0,392.0
542.0,416.0
549.0,542.0
645.0,542.0
654.0,542.0
917.0,542.0
543.0,62.0
543.0,222.0
543.0,348.0
543.0,430.0
543.0,456.0
543.0,470.0
543.0,539.0
642.0,543.0
735.0,543.0
544.0,94.0
544.0,444.0
544.0,448.0
544.0,453.0
544.0,485.0
544.0,539.0
545.0,233.0
545.0,343.0
545.0,527.0
666.0,545.0
749.0,545.0
781.0,545.0
790.0,545.0
911.0,545.0
546.0,58.0
546.0,248.0
546.0,379.0
546.0,454.0
546.0,494.0
657.0,546.0
547.0,17.0
547.0,115.0
547.0,355.0
547.0,413.0
547.0,447.0
619.0,547.0
548.0,349.0
548.0,446.0
548.0,494.0
548.0,535.0
650.0,548.0
657.0,548.0
932.0,548.0
549.0,200.0
660.0,549.0
550.0,187.0
550.0,508.0
603.0,550.0
551.0,62.0
551.0,293.0
551.0,444.0
657.0,551.0
552.0,94.0
552.0,386.0
552.0,414.0
552.0,463.0
591.0,552.0
744.0,552.0
984.0,552.0
553.0,67.0
553.0,112.0
553.0,342.0
553.0,406.0
792.0,553.0
554.0,122.0
554.0,396.0
618.0,554.0
623.0,554.0
746.0,554.0
923.0,554.0
555.0,547.0
641.0,555.0
693.0,555.0
556.0,288.0
556.0,327.0
556.0,414.0
556.0,441.0
722.0,556.0
557.0,0.0
558.0,128.0
558.0,452.0
558.0,553.0
839.0,558.0
948.0,558.0
559.0,522.0
608.0,559.0
643.0,559.0
644.0,559.0
664.0,559.0
850.0,559.0
872.0,559.0
941.0,559.0
560.0,344.0
560.0,413.0
560.0,553.0
649.0,560.0
561.0,294.0
561.0,302.0
561.0,312.0
561.0,488.0
561.0,496.0
562.0,205.0
562.0,264.0
562.0,317.0
562.0,425.0
562.0,426.0
562.0,446.0
593.0,562.0
619.0,562.0
751.0,562.0
563.0,238.0
563.0,506.0
592.0,563.0
660.0,563.0
680.0,563.0
832.0,563.0
940.0,563.0
564.0,419.0
564.0,470.0
564.0,535.0
565.0,101.0
565.0,159.0
565.0,406.0
567.0,565.0
592.0,565.0
598.0,565.0
566.0,259.0
566.0,387.0
566.0,502.0
566.0,509.0
566.0,544.0
566.0,561.0
662.0,566.0
881.0,566.0
567.0,185.0
567.0,464.0
573.0,567.0
954.0,567.0
568.0,166.0
568.0,413.0
627.0,568.0
628.0,568.0
569.0,327.0
569.0,332.0
569.0,515.0
569.0,524.0
599.0,569.0
754.0,569.0
874.0,569.0
570.0,226.0
570.0,343.0
570.0,420.0
570.0,498.0
570.0,534.0
586.0,570.0
876.0,570.0
571.0,256.0
571.0,335.0
571.0,428.0
571.0,488.0
571.0,492.0
571.0,530.0
572.0,182.0
572.0,547.0
572.0,570.0
573.0,566.0
714.0,573.0
889.0,573.0
574.0,63.0
574.0,409.0
574.0,493.0
574.0,521.0
664.0,574.0
575.0,309.0
575.0,489.0
575.0,494.0
576.0,319.0
576.0,336.0
576.0,444.0
834.0,576.0
869.0,576.0
577.0,541.0
991.0,577.0
578.0,41.0
578.0,393.0
578.0,511.0
589.0,578.0
598.0,578.0
624.0,578.0
706.0,578.0
860.0,578.0
579.0,47.0
579.0,85.0
579.0,431.0
579.0,491.0
630.0,579.0
707.0,579.0
580.0,12.0
580.0,21.0
580.0,122.0
580.0,443.0
902.0,580.0
581.0,19.0
581.0,60.0
583.0,581.0
610.0,581.0
644.0,581.0
903.0,581.0
582.0,44.0
582.0,402.0
582.0,478.0
582.0,571.0
620.0,582.0
732.0,582.0
583.0,48.0
583.0,380.0
658.0,583.0
713.0,583.0
808.0,583.0
873.0,583.0
907.0,583.0
988.0,583.0
584.0,179.0
584.0,293.0
584.0,349.0
584.0,438.0
584.0,480.0
780.0,584.0
915.0,584.0
585.0,132.0
585.0,382.0
585.0,439.0
713.0,585.0
875.0,585.0
607.0,586.0
837.0,586.0
587.0,197.0
587.0,467.0
845.0,587.0
898.0,587.0
588.0,18.0
588.0,80.0
588.0,367.0
588.0,408.0
589.0,224.0
589.0,509.0
762.0,589.0
913.0,589.0
590.0,41.0
590.0,164.0
590.0,398.0
628.0,590.0
866.0,590.0
903.0,590.0
936.0,590.0
983.0,590.0
591.0,34.0
591.0,175.0
591.0,206.0
591.0,522.0
633.0,591.0
592.0,277.0
592.0,361.0
592.0,403.0
592.0,408.0
592.0,410.0
592.0,428.0
592.0,566.0
641.0,592.0
593.0,311.0
593.0,475.0
655.0,593.0
945.0,593.0
972.0,593.0
594.0,37.0
594.0,160.0
594.0,320.0
594.0,338.0
594.0,367.0
594.0,375.0
594.0,382.0
594.0,470.0
620.0,594.0
721.0,594.0
734.0,594.0
811.0,594.0
820.0,594.0
595.0,252.0
595.0,438.0
595.0,496.0
595.0,553.0
595.0,594.0
631.0,595.0
651.0,595.0
835.0,595.0
596.0,68.0
596.0,87.0
596.0,406.0
597.0,130.0
597.0,261.0
597.0,271.0
597.0,392.0
597.0,590.0
626.0,597.0
598.0,215.0
598.0,417.0
696.0,598.0
802.0,598.0
922.0,598.0
599.0,338.0
939.0,599.0
600.0,62.0
600.0,75.0
600.0,398.0
654.0,600.0
752.0,600.0
601.0,80.0
601.0,348.0
601.0,385.0
602.0,176.0
602.0,384.0
702.0,602.0
640.0,603.0
604.0,89.0
604.0,395.0
604.0,399.0
604.0,455.0
604.0,559.0
769.0,604.0
782.0,604.0
874.0,604.0
605.0,31.0
605.0,173.0
605.0,430.0
605.0,528.0
759.0,605.0
775.0,605.0
828.0,605.0
606.0,39.0
606.0,55.0
606.0,57.0
606.0,244.0
606.0,356.0
606.0,593.0
656.0,606.0
943.0,606.0
607.0,63.0
607.0,301.0
607.0,422.0
755.0,607.0
942.0,607.0
608.0,42.0
608.0,148.0
608.0,388.0
608.0,507.0
608.0,559.0
816.0,608.0
862.0,608.0
609.0,187.0
609.0,289.0
609.0,368.0
609.0,542.0
609.0,594.0
887.0,609.0
610.0,326.0
610.0,333.0
610.0,350.0
610.0,366.0
610.0,543.0
628.0,610.0
764.0,610.0
816.0,610.0
611.0,278.0
611.0,466.0
612.0,336.0
612.0,350.0
612.0,411.0
612.0,482.0
612.0,522.0
757.0,612.0
830.0,612.0
613.0,41.0
613.0,202.0
613.0,373.0
613.0,589.0
688.0,613.0
787.0,613.0
848.0,613.0
614.0,100.0
614.0,337.0
614.0,352.0
614.0,610.0
671.0,614.0
844.0,614.0
615.0,61.0
615.0,409.0
615.0,500.0
616.0,84.0
616.0,191.0
616.0,468.0
616.0,487.0
617.0,616.0
634.0,616.0
692.0,616.0
843.0,616.0
885.0,616.0
617.0,86.0
617.0,376.0
617.0,565.0
918.0,617.0
618.0,162.0
622.0,618.0
650.0,618.0
619.0,431.0
620.0,88.0
620.0,539.0
621.0,142.0
621.0,367.0
769.0,621.0
834.0,621.0
622.0,383.0
622.0,579.0
637.0,622.0
915.0,622.0
623.0,164.0
623.0,398.0
623.0,444.0
623.0,491.0
759.0,623.0
624.0,277.0
624.0,306.0
624.0,442.0
624.0,454.0
624.0,500.0
996.0,624.0
625.0,283.0
625.0,390.0
625.0,441.0
625.0,516.0
625.0,588.0
625.0,616.0
626.0,211.0
626.0,364.0
661.0,626.0
961.0,626.0
627.0,82.0
627.0,341.0
627.0,379.0
627.0,563.0
627.0,569.0
627.0,586.0
821.0,627.0
628.0,191.0
628.0,544.0
640.0,628.0
629.0,481.0
630.0,361.0
630.0,420.0
655.0,630.0
659.0,630.0
797.0,630.0
631.0,13.0
631.0,418.0
698.0,631.0
752.0,631.0
632.0,121.0
632.0,362.0
781.0,632.0
633.0,165.0
633.0,518.0
633.0,570.0
634.0,94.0
634.0,338.0
634.0,421.0
634.0,625.0
635.0,200.0
635.0,450.0
655.0,635.0
636.0,427.0
636.0,466.0
636.0,522.0
636.0,539.0
637.0,78.0
637.0,81.0
637.0,489.0
637.0,559.0
839.0,637.0
638.0,204.0
638.0,581.0
638.0,587.0
747.0,638.0
639.0,557.0
673.0,639.0
767.0,639.0
867.0,639.0
901.0,639.0
640.0,178.0
640.0,355.0
640.0,508.0
640.0,522.0
641.0,640.0
641.0,111.0
641.0,298.0
642.0,352.0
642.0,440.0
642.0,615.0
662.0,642.0
793.0,642.0
643.0,456.0
643.0,480.0
663.0,643.0
769.0,643.0
908.0,643.0
644.0,121.0
644.0,135.0
644.0,167.0
644.0,349.0
644.0,438.0
644.0,469.0
644.0,544.0
644.0,625.0
661.0,644.0
645.0,227.0
645.0,351.0
645.0,538.0
666.0,645.0
966.0,645.0
646.0,103.0
646.0,163.0
646.0,165.0
646.0,329.0
646.0,383.0
646.0,425.0
646.0,434.0
646.0,454.0
646.0,522.0
978.0,646.0
987.0,646.0
647.0,136.0
647.0,253.0
658.0,647.0
686.0,647.0
806.0,647.0
985.0,647.0
648.0,200.0
648.0,521.0
648.0,547.0
648.0,633.0
649.0,2.0
649.0,59.0
649.0,142.0
649.0,342.0
649.0,490.0
649.0,535.0
649.0,601.0
650.0,460.0
650.0,490.0
650.0,608.0
841.0,650.0
651.0,275.0
651.0,532.0
651.0,593.0
727.0,651.0
861.0,651.0
652.0,349.0
652.0,454.0
652.0,509.0
663.0,652.0
653.0,204.0
653.0,394.0
653.0,419.0
653.0,530.0
683.0,653.0
654.0,307.0
654.0,325.0
654.0,505.0
851.0,654.0
655.0,47.0
655.0,187.0
655.0,547.0
656.0,407.0
656.0,522.0
656.0,624.0
752.0,656.0
657.0,327.0
657.0,533.0
657.0,601.0
754.0,657.0
917.0,657.0
658.0,81.0
658.0,343.0
658.0,372.0
658.0,583.0
658.0,584.0
658.0,626.0
702.0,658.0
659.0,368.0
659.0,480.0
659.0,492.0
659.0,591.0
744.0,659.0
770.0,659.0
660.0,579.0
937.0,660.0
661.0,59.0
661.0,68.0
661.0,298.0
661.0,317.0
661.0,356.0
661.0,379.0
661.0,401.0
661.0,487.0
940.0,661.0
662.0,256.0
662.0,408.0
662.0,429.0
662.0,500.0
931.0,662.0
663.0,20.0
663.0,381.0
663.0,600.0
663.0,607.0
663.0,619.0
664.0,358.0
664.0,374.0
664.0,392.0
664.0,640.0
768.0,664.0
925.0,664.0
665.0,59.0
665.0,451.0
665.0,497.0
905.0,665.0
666.0,41.0
738.0,666.0
667.0,343.0
667.0,389.0
667.0,541.0
689.0,667.0
827.0,667.0
668.0,201.0
668.0,513.0
668.0,639.0
690.0,668.0
730.0,668.0
968.0,668.0
670.0,669.0
702.0,669.0
735.0,669.0
860.0,669.0
881.0,669.0
670.0,269.0
685.0,670.0
777.0,670.0
804.0,670.0
671.0,231.0
709.0,671.0
894.0,671.0
902.0,671.0
938.0,671.0
672.0,132.0
672.0,169.0
672.0,422.0
827.0,672.0
833.0,672.0
673.0,352.0
673.0,377.0
673.0,411.0
673.0,458.0
673.0,489.0
681.0,673.0
773.0,673.0
793.0,673.0
829.0,673.0
839.0,673.0
848.0,673.0
747.0,674.0
769.0,674.0
675.0,473.0
675.0,484.0
710.0,675.0
982.0,675.0
733.0,676.0
937.0,676.0
945.0,676.0
677.0,43.0
677.0,50.0
677.0,569.0
914.0,677.0
678.0,98.0
678.0,496.0
703.0,678.0
793.0,678.0
801.0,678.0
836.0,678.0
679.0,180.0
679.0,553.0
695.0,679.0
680.0,282.0
852.0,680.0
972.0,680.0
681.0,299.0
681.0,363.0
682.0,259.0
682.0,569.0
682.0,676.0
879.0,682.0
683.0,622.0
683.0,654.0
723.0,683.0
780.0,683.0
976.0,683.0
684.0,206.0
684.0,300.0
684.0,319.0
878.0,684.0
685.0,231.0
685.0,453.0
704.0,685.0
756.0,685.0
767.0,685.0
803.0,685.0
929.0,685.0
970.0,685.0
987.0,685.0
686.0,278.0
686.0,507.0
686.0,669.0
821.0,686.0
847.0,686.0
948.0,686.0
991.0,686.0
873.0,687.0
952.0,687.0
688.0,77.0
688.0,173.0
688.0,378.0
688.0,517.0
688.0,682.0
783.0,688.0
941.0,688.0
689.0,0.0
690.0,119.0
690.0,480.0
692.0,690.0
802.0,690.0
905.0,690.0
906.0,690.0
691.0,40.0
822.0,691.0
849.0,691.0
886.0,691.0
932.0,691.0
692.0,10.0
736.0,692.0
762.0,692.0
896.0,692.0
902.0,692.0
910.0,692.0
935.0,692.0
693.0,118.0
693.0,231.0
839.0,693.0
916.0,693.0
924.0,693.0
930.0,693.0
694.0,118.0
694.0,361.0
856.0,694.0
891.0,694.0
695.0,375.0
695.0,393.0
731.0,695.0
812.0,695.0
843.0,695.0
907.0,695.0
961.0,695.0
971.0,695.0
935.0,696.0
975.0,696.0
697.0,12.0
697.0,139.0
697.0,147.0
702.0,697.0
791.0,697.0
698.0,263.0
698.0,490.0
967.0,699.0
991.0,699.0
700.0,528.0
700.0,546.0
700.0,592.0
704.0,700.0
859.0,700.0
879.0,700.0
886.0,700.0
926.0,700.0
701.0,185.0
701.0,583.0
701.0,693.0
935.0,701.0
702.0,200.0
702.0,341.0
761.0,702.0
909.0,702.0
966.0,702.0
703.0,43.0
703.0,52.0
805.0,703.0
704.0,560.0
710.0,704.0
762.0,704.0
875.0,704.0
705.0,91.0
705.0,169.0
705.0,383.0
705.0,698.0
786.0,705.0
921.0,705.0
706.0,223.0
706.0,606.0
743.0,706.0
874.0,706.0
950.0,706.0
707.0,187.0
707.0,680.0
895.0,707.0
708.0,578.0
708.0,640.0
794.0,708.0
881.0,708.0
709.0,78.0
709.0,210.0
709.0,228.0
709.0,412.0
709.0,413.0
709.0,420.0
709.0,541.0
732.0,709.0
780.0,709.0
942.0,709.0
760.0,710.0
795.0,710.0
846.0,710.0
929.0,710.0
938.0,710.0
711.0,147.0
711.0,594.0
719.0,711.0
823.0,711.0
847.0,711.0
886.0,711.0
712.0,413.0
732.0,712.0
752.0,712.0
778.0,712.0
780.0,712.0
832.0,712.0
989.0,712.0
713.0,317.0
713.0,657.0
785.0,713.0
804.0,713.0
833.0,713.0
974.0,713.0
991.0,713.0
714.0,399.0
714.0,542.0
714.0,569.0
714.0,670.0
777.0,714.0
715.0,272.0
715.0,488.0
716.0,80.0
716.0,259.0
716.0,669.0
716.0,675.0
765.0,716.0
929.0,716.0
717.0,103.0
717.0,644.0
717.0,671.0
717.0,673.0
955.0,717.0
958.0,717.0
718.0,214.0
718.0,610.0
772.0,718.0
789.0,718.0
840.0,718.0
719.0,375.0
796.0,719.0
943.0,719.0
988.0,719.0
720.0,123.0
720.0,552.0
720.0,679.0
720.0,689.0
720.0,705.0
827.0,720.0
849.0,720.0
959.0,720.0
721.0,244.0
721.0,580.0
721.0,712.0
879.0,721.0
954.0,721.0
976.0,721.0
722.0,147.0
722.0,694.0
722.0,718.0
818.0,722.0
889.0,722.0
992.0,722.0
723.0,419.0
723.0,683.0
723.0,714.0
796.0,723.0
864.0,723.0
997.0,723.0
724.0,469.0
842.0,724.0
991.0,724.0
725.0,103.0
725.0,367.0
725.0,483.0
725.0,504.0
863.0,725.0
991.0,725.0
726.0,53.0
726.0,118.0
726.0,356.0
726.0,564.0
935.0,726.0
970.0,726.0
992.0,726.0
727.0,404.0
727.0,648.0
893.0,727.0
934.0,727.0
728.0,500.0
728.0,668.0
728.0,669.0
728.0,706.0
829.0,728.0
949.0,728.0
729.0,299.0
729.0,554.0
730.0,100.0
730.0,407.0
874.0,730.0
887.0,730.0
900.0,730.0
731.0,240.0
801.0,731.0
940.0,731.0
732.0,257.0
732.0,515.0
732.0,658.0
732.0,685.0
799.0,732.0
849.0,732.0
895.0,732.0
996.0,732.0
733.0,7.0
733.0,453.0
733.0,578.0
794.0,733.0
831.0,733.0
734.0,182.0
734.0,534.0
734.0,645.0
734.0,655.0
734.0,668.0
735.0,49.0
735.0,83.0
735.0,669.0
847.0,735.0
919.0,735.0
736.0,248.0
736.0,555.0
736.0,622.0
740.0,736.0
782.0,736.0
875.0,736.0
876.0,736.0
737.0,52.0
737.0,254.0
737.0,291.0
737.0,617.0
737.0,633.0
893.0,737.0
738.0,6.0
738.0,45.0
738.0,130.0
738.0,262.0
738.0,489.0
756.0,738.0
845.0,738.0
980.0,738.0
989.0,738.0
739.0,238.0
739.0,630.0
821.0,739.0
895.0,739.0
740.0,299.0
745.0,740.0
857.0,740.0
741.0,69.0
741.0,104.0
741.0,399.0
741.0,681.0
741.0,717.0
741.0,728.0
765.0,741.0
922.0,741.0
995.0,741.0
742.0,601.0
964.0,742.0
743.0,450.0
743.0,602.0
851.0,743.0
744.0,252.0
744.0,329.0
744.0,391.0
793.0,744.0
865.0,744.0
867.0,744.0
887.0,744.0
745.0,196.0
745.0,565.0
745.0,695.0
958.0,745.0
986.0,745.0
988.0,745.0
746.0,406.0
746.0,717.0
747.0,746.0
885.0,746.0
946.0,746.0
747.0,479.0
747.0,513.0
747.0,677.0
747.0,689.0
797.0,747.0
802.0,747.0
859.0,747.0
922.0,747.0
954.0,747.0
748.0,492.0
748.0,586.0
748.0,676.0
782.0,748.0
790.0,748.0
883.0,748.0
912.0,748.0
749.0,104.0
749.0,456.0
749.0,600.0
749.0,609.0
749.0,712.0
932.0,749.0
750.0,505.0
889.0,750.0
751.0,240.0
751.0,591.0
751.0,684.0
751.0,704.0
752.0,240.0
752.0,414.0
752.0,674.0
773.0,752.0
820.0,752.0
753.0,17.0
753.0,124.0
753.0,681.0
753.0,705.0
908.0,753.0
827.0,754.0
847.0,754.0
911.0,754.0
755.0,110.0
755.0,230.0
755.0,384.0
755.0,428.0
755.0,524.0
755.0,706.0
835.0,755.0
960.0,755.0
756.0,244.0
763.0,756.0
828.0,756.0
757.0,708.0
757.0,730.0
786.0,757.0
963.0,757.0
758.0,49.0
758.0,194.0
758.0,475.0
758.0,750.0
878.0,758.0
923.0,758.0
857.0,759.0
862.0,759.0
875.0,759.0
760.0,370.0
760.0,524.0
776.0,760.0
824.0,760.0
972.0,760.0
761.0,157.0
761.0,160.0
761.0,458.0
762.0,326.0
762.0,407.0
875.0,762.0
893.0,762.0
763.0,362.0
763.0,450.0
763.0,561.0
763.0,606.0
763.0,666.0
763.0,677.0
763.0,697.0
764.0,274.0
965.0,764.0
966.0,764.0
765.0,291.0
765.0,594.0
765.0,605.0
765.0,608.0
988.0,765.0
766.0,78.0
766.0,288.0
820.0,766.0
833.0,766.0
767.0,228.0
767.0,236.0
767.0,323.0
767.0,705.0
879.0,767.0
882.0,767.0
974.0,767.0
768.0,46.0
768.0,131.0
768.0,500.0
768.0,505.0
768.0,685.0
784.0,768.0
769.0,279.0
769.0,469.0
769.0,490.0
868.0,769.0
770.0,725.0
783.0,770.0
808.0,770.0
872.0,770.0
825.0,771.0
772.0,708.0
790.0,773.0
846.0,773.0
968.0,773.0
974.0,773.0
978.0,773.0
774.0,499.0
886.0,774.0
903.0,774.0
988.0,774.0
775.0,422.0
776.0,157.0
776.0,486.0
776.0,766.0
777.0,502.0
795.0,777.0
778.0,136.0
778.0,183.0
914.0,778.0
779.0,133.0
779.0,250.0
779.0,759.0
779.0,770.0
813.0,779.0
987.0,779.0
780.0,185.0
780.0,527.0
905.0,780.0
781.0,428.0
784.0,781.0
902.0,781.0
988.0,781.0
782.0,141.0
782.0,431.0
782.0,694.0
844.0,782.0
783.0,150.0
783.0,657.0
783.0,678.0
783.0,681.0
783.0,688.0
783.0,718.0
981.0,783.0
784.0,244.0
784.0,668.0
977.0,784.0
785.0,183.0
785.0,210.0
785.0,429.0
785.0,447.0
785.0,558.0
936.0,785.0
786.0,436.0
786.0,525.0
786.0,543.0
786.0,750.0
825.0,786.0
946.0,786.0
787.0,29.0
787.0,509.0
787.0,570.0
787.0,731.0
815.0,787.0
865.0,787.0
990.0,787.0
993.0,787.0
788.0,143.0
788.0,768.0
789.0,98.0
789.0,212.0
789.0,260.0
789.0,371.0
907.0,789.0
790.0,289.0
790.0,452.0
790.0,495.0
830.0,790.0
791.0,494.0
791.0,713.0
791.0,752.0
792.0,791.0
844.0,791.0
792.0,24.0
792.0,578.0
792.0,674.0
793.0,140.0
793.0,141.0
793.0,383.0
804.0,793.0
821.0,793.0
794.0,258.0
794.0,506.0
904.0,794.0
795.0,308.0
795.0,587.0
795.0,704.0
795.0,725.0
795.0,734.0
882.0,795.0
796.0,20.0
796.0,691.0
796.0,722.0
805.0,796.0
856.0,796.0
908.0,796.0
972.0,796.0
797.0,261.0
797.0,547.0
797.0,712.0
798.0,585.0
798.0,665.0
879.0,798.0
898.0,798.0
872.0,799.0
800.0,174.0
800.0,363.0
982.0,800.0
801.0,317.0
801.0,428.0
801.0,628.0
801.0,762.0
945.0,801.0
802.0,410.0
802.0,494.0
802.0,706.0
846.0,802.0
900.0,802.0
962.0,802.0
817.0,803.0
825.0,803.0
833.0,803.0
906.0,803.0
948.0,803.0
804.0,357.0
849.0,804.0
886.0,804.0
918.0,804.0
805.0,317.0
805.0,672.0
805.0,698.0
805.0,719.0
805.0,770.0
823.0,805.0
806.0,730.0
806.0,733.0
806.0,750.0
807.0,266.0
807.0,593.0
807.0,689.0
816.0,807.0
820.0,807.0
995.0,807.0
808.0,115.0
808.0,522.0
810.0,808.0
862.0,808.0
809.0,209.0
809.0,274.0
910.0,809.0
810.0,270.0
810.0,294.0
810.0,388.0
810.0,666.0
810.0,689.0
843.0,810.0
906.0,810.0
934.0,810.0
944.0,810.0
811.0,623.0
811.0,666.0
811.0,746.0
896.0,811.0
812.0,66.0
812.0,95.0
812.0,191.0
812.0,264.0
812.0,693.0
812.0,805.0
817.0,812.0
880.0,812.0
987.0,812.0
813.0,157.0
813.0,738.0
813.0,776.0
888.0,813.0
814.0,810.0
836.0,814.0
840.0,814.0
815.0,711.0
843.0,815.0
882.0,815.0
958.0,815.0
816.0,33.0
816.0,261.0
816.0,569.0
816.0,708.0
816.0,779.0
855.0,816.0
900.0,816.0
933.0,816.0
817.0,82.0
817.0,126.0
817.0,806.0
818.0,30.0
818.0,55.0
818.0,158.0
818.0,349.0
818.0,424.0
818.0,480.0
818.0,583.0
818.0,596.0
818.0,727.0
818.0,772.0
818.0,803.0
819.0,336.0
819.0,502.0
819.0,538.0
819.0,760.0
820.0,44.0
820.0,185.0
820.0,278.0
820.0,342.0
820.0,402.0
820.0,512.0
820.0,758.0
821.0,91.0
821.0,380.0
821.0,538.0
821.0,615.0
821.0,695.0
821.0,725.0
821.0,743.0
958.0,821.0
822.0,502.0
822.0,672.0
822.0,750.0
822.0,755.0
902.0,822.0
907.0,822.0
935.0,822.0
823.0,152.0
823.0,367.0
922.0,823.0
932.0,823.0
973.0,823.0
824.0,186.0
824.0,209.0
824.0,360.0
824.0,426.0
824.0,786.0
861.0,824.0
920.0,824.0
927.0,824.0
989.0,824.0
825.0,284.0
894.0,825.0
826.0,88.0
826.0,253.0
826.0,538.0
826.0,706.0
972.0,826.0
827.0,637.0
827.0,745.0
988.0,827.0
828.0,305.0
836.0,828.0
850.0,828.0
888.0,828.0
829.0,356.0
829.0,396.0
829.0,579.0
829.0,615.0
829.0,647.0
865.0,829.0
876.0,829.0
830.0,23.0
830.0,409.0
830.0,583.0
853.0,830.0
878.0,830.0
965.0,830.0
831.0,265.0
831.0,332.0
831.0,409.0
831.0,541.0
877.0,831.0
937.0,831.0
971.0,831.0
832.0,697.0
832.0,799.0
855.0,832.0
892.0,832.0
833.0,231.0
833.0,484.0
834.0,40.0
872.0,834.0
998.0,834.0
835.0,693.0
862.0,835.0
836.0,514.0
842.0,836.0
922.0,836.0
837.0,507.0
837.0,697.0
837.0,786.0
968.0,837.0
993.0,837.0
838.0,109.0
838.0,160.0
838.0,672.0
838.0,707.0
882.0,838.0
839.0,130.0
839.0,453.0
839.0,653.0
839.0,659.0
839.0,688.0
839.0,813.0
840.0,570.0
840.0,719.0
841.0,16.0
841.0,170.0
841.0,555.0
841.0,593.0
841.0,728.0
841.0,758.0
842.0,104.0
842.0,121.0
842.0,635.0
842.0,686.0
842.0,805.0
843.0,348.0
843.0,737.0
843.0,745.0
843.0,754.0
843.0,755.0
843.0,842.0
893.0,843.0
992.0,843.0
844.0,128.0
844.0,430.0
844.0,792.0
844.0,820.0
889.0,844.0
944.0,844.0
845.0,268.0
845.0,546.0
845.0,691.0
845.0,763.0
845.0,831.0
864.0,845.0
846.0,667.0
917.0,846.0
970.0,846.0
847.0,31.0
847.0,118.0
847.0,793.0
848.0,133.0
848.0,571.0
848.0,704.0
848.0,823.0
849.0,370.0
849.0,485.0
850.0,49.0
850.0,51.0
850.0,214.0
850.0,683.0
980.0,850.0
851.0,300.0
851.0,371.0
851.0,727.0
851.0,808.0
852.0,626.0
952.0,852.0
853.0,55.0
854.0,168.0
854.0,779.0
873.0,854.0
855.0,240.0
855.0,552.0
855.0,802.0
856.0,576.0
856.0,658.0
856.0,810.0
857.0,79.0
857.0,287.0
857.0,372.0
858.0,499.0
858.0,540.0
858.0,667.0
858.0,696.0
957.0,858.0
990.0,858.0
859.0,73.0
859.0,147.0
859.0,194.0
859.0,362.0
859.0,635.0
859.0,791.0
879.0,859.0
860.0,667.0
860.0,727.0
860.0,777.0
981.0,860.0
861.0,135.0
861.0,284.0
861.0,670.0
953.0,861.0
987.0,861.0
862.0,318.0
863.0,90.0
863.0,602.0
863.0,682.0
863.0,734.0
863.0,839.0
863.0,857.0
899.0,863.0
864.0,301.0
864.0,498.0
864.0,585.0
864.0,697.0
865.0,281.0
865.0,596.0
865.0,746.0
865.0,749.0
866.0,267.0
866.0,467.0
866.0,516.0
879.0,866.0
972.0,866.0
867.0,4.0
867.0,211.0
867.0,342.0
867.0,614.0
868.0,33.0
868.0,187.0
868.0,312.0
868.0,336.0
868.0,474.0
868.0,834.0
869.0,106.0
869.0,229.0
869.0,769.0
870.0,278.0
870.0,852.0
921.0,870.0
871.0,377.0
871.0,697.0
871.0,735.0
871.0,810.0
872.0,222.0
872.0,791.0
961.0,872.0
873.0,193.0
873.0,312.0
873.0,724.0
874.0,161.0
874.0,242.0
874.0,553.0
874.0,766.0
874.0,793.0
993.0,874.0
875.0,102.0
875.0,253.0
875.0,563.0
875.0,763.0
892.0,875.0
876.0,486.0
876.0,824.0
876.0,831.0
877.0,713.0
877.0,808.0
877.0,871.0
877.0,876.0
913.0,877.0
944.0,877.0
878.0,144.0
878.0,236.0
878.0,567.0
878.0,585.0
878.0,657.0
878.0,838.0
878.0,842.0
956.0,878.0
879.0,764.0
879.0,802.0
879.0,823.0
965.0,879.0
880.0,218.0
880.0,665.0
929.0,880.0
881.0,33.0
881.0,311.0
881.0,466.0
881.0,514.0
881.0,657.0
881.0,728.0
881.0,835.0
977.0,881.0
882.0,252.0
882.0,578.0
882.0,826.0
882.0,828.0
924.0,882.0
883.0,689.0
883.0,706.0
883.0,807.0
883.0,854.0
927.0,883.0
884.0,290.0
884.0,818.0
885.0,34.0
885.0,160.0
885.0,228.0
885.0,853.0
885.0,879.0
950.0,885.0
973.0,885.0
886.0,290.0
886.0,371.0
886.0,569.0
886.0,658.0
887.0,6.0
887.0,74.0
887.0,220.0
887.0,395.0
887.0,565.0
887.0,609.0
887.0,846.0
932.0,887.0
944.0,887.0
974.0,887.0
888.0,232.0
888.0,751.0
888.0,799.0
889.0,40.0
889.0,155.0
889.0,569.0
889.0,799.0
889.0,881.0
959.0,889.0
890.0,38.0
890.0,75.0
890.0,117.0
890.0,208.0
890.0,683.0
890.0,734.0
890.0,841.0
890.0,889.0
891.0,469.0
891.0,878.0
892.0,110.0
892.0,689.0
893.0,121.0
893.0,407.0
893.0,883.0
917.0,893.0
894.0,229.0
894.0,356.0
894.0,495.0
894.0,576.0
894.0,767.0
894.0,794.0
895.0,42.0
895.0,701.0
895.0,770.0
895.0,849.0
895.0,869.0
951.0,895.0
896.0,100.0
896.0,548.0
896.0,797.0
897.0,25.0
897.0,99.0
897.0,680.0
897.0,738.0
897.0,790.0
897.0,815.0
898.0,897.0
898.0,142.0
898.0,656.0
898.0,790.0
898.0,794.0
898.0,821.0
898.0,849.0
898.0,857.0
899.0,686.0
899.0,717.0
899.0,799.0
899.0,885.0
900.0,11.0
900.0,30.0
900.0,78.0
900.0,217.0
900.0,249.0
900.0,306.0
900.0,363.0
900.0,603.0
900.0,791.0
900.0,833.0
970.0,900.0
901.0,0.0
902.0,160.0
902.0,627.0
902.0,727.0
902.0,873.0
955.0,902.0
903.0,34.0
903.0,231.0
903.0,314.0
961.0,903.0
904.0,292.0
904.0,476.0
904.0,604.0
904.0,730.0
904.0,793.0
912.0,904.0
905.0,415.0
905.0,583.0
905.0,602.0
905.0,621.0
905.0,685.0
905.0,875.0
905.0,901.0
906.0,16.0
906.0,191.0
906.0,209.0
906.0,322.0
906.0,499.0
906.0,764.0
906.0,808.0
907.0,86.0
907.0,179.0
930.0,907.0
908.0,486.0
908.0,643.0
908.0,668.0
908.0,714.0
908.0,715.0
908.0,790.0
908.0,804.0
912.0,908.0
909.0,12.0
909.0,307.0
909.0,388.0
909.0,681.0
909.0,888.0
992.0,909.0
910.0,455.0
910.0,612.0
910.0,864.0
948.0,910.0
911.0,549.0
911.0,624.0
912.0,740.0
912.0,857.0
988.0,912.0
913.0,14.0
913.0,21.0
913.0,554.0
913.0,699.0
913.0,757.0
913.0,884.0
939.0,913.0
914.0,799.0
914.0,896.0
942.0,914.0
915.0,488.0
915.0,616.0
915.0,768.0
915.0,858.0
916.0,179.0
916.0,297.0
916.0,415.0
916.0,888.0
935.0,916.0
917.0,143.0
917.0,479.0
917.0,635.0
918.0,70.0
918.0,497.0
918.0,765.0
918.0,810.0
980.0,918.0
919.0,10.0
919.0,230.0
919.0,518.0
919.0,646.0
919.0,713.0
919.0,781.0
919.0,833.0
920.0,0.0
920.0,370.0
920.0,653.0
920.0,848.0
921.0,376.0
921.0,668.0
921.0,715.0
921.0,874.0
922.0,326.0
922.0,741.0
922.0,823.0
923.0,319.0
923.0,351.0
923.0,467.0
923.0,566.0
923.0,699.0
923.0,805.0
923.0,891.0
923.0,904.0
974.0,923.0
924.0,76.0
924.0,91.0
924.0,381.0
924.0,595.0
924.0,649.0
925.0,293.0
925.0,778.0
926.0,331.0
926.0,355.0
926.0,602.0
927.0,675.0
927.0,779.0
927.0,911.0
949.0,927.0
928.0,388.0
928.0,869.0
928.0,905.0
929.0,88.0
929.0,147.0
929.0,167.0
929.0,401.0
929.0,670.0
975.0,929.0
930.0,35.0
930.0,66.0
930.0,87.0
930.0,180.0
930.0,212.0
930.0,362.0
930.0,484.0
930.0,489.0
930.0,731.0
930.0,805.0
930.0,833.0
930.0,847.0
931.0,180.0
931.0,601.0
931.0,755.0
931.0,852.0
931.0,905.0
953.0,931.0
932.0,687.0
932.0,690.0
932.0,728.0
932.0,843.0
932.0,903.0
933.0,452.0
933.0,635.0
933.0,668.0
933.0,696.0
933.0,887.0
934.0,933.0
937.0,933.0
934.0,269.0
934.0,570.0
934.0,841.0
934.0,854.0
936.0,934.0
935.0,166.0
935.0,254.0
935.0,607.0
935.0,859.0
935.0,907.0
965.0,935.0
936.0,21.0
936.0,203.0
936.0,451.0
936.0,492.0
936.0,524.0
936.0,535.0
936.0,689.0
936.0,693.0
936.0,735.0
936.0,835.0
936.0,840.0
937.0,259.0
937.0,356.0
937.0,364.0
937.0,768.0
937.0,839.0
938.0,141.0
938.0,210.0
938.0,530.0
938.0,834.0
938.0,866.0
938.0,915.0
939.0,484.0
939.0,698.0
949.0,939.0
940.0,85.0
940.0,384.0
940.0,408.0
940.0,693.0
941.0,144.0
941.0,436.0
941.0,438.0
941.0,702.0
955.0,941.0
942.0,238.0
942.0,649.0
942.0,734.0
942.0,862.0
943.0,808.0
943.0,854.0
944.0,199.0
944.0,483.0
944.0,872.0
944.0,907.0
945.0,123.0
945.0,848.0
945.0,869.0
945.0,926.0
987.0,945.0
946.0,146.0
946.0,853.0
947.0,315.0
947.0,421.0
947.0,794.0
947.0,943.0
948.0,704.0
948.0,946.0
956.0,948.0
949.0,237.0
949.0,385.0
949.0,594.0
949.0,608.0
949.0,673.0
949.0,832.0
975.0,949.0
976.0,949.0
950.0,56.0
950.0,447.0
950.0,485.0
950.0,741.0
950.0,748.0
950.0,810.0
950.0,909.0
973.0,950.0
951.0,59.0
951.0,326.0
951.0,601.0
952.0,272.0
952.0,352.0
952.0,484.0
952.0,814.0
952.0,820.0
952.0,836.0
972.0,952.0
953.0,291.0
953.0,469.0
953.0,512.0
953.0,563.0
953.0,592.0
953.0,673.0
953.0,792.0
953.0,883.0
954.0,393.0
954.0,404.0
954.0,487.0
954.0,639.0
954.0,647.0
954.0,700.0
954.0,828.0
955.0,289.0
990.0,955.0
956.0,180.0
956.0,241.0
956.0,723.0
956.0,735.0
956.0,908.0
956.0,910.0
973.0,956.0
957.0,21.0
957.0,205.0
957.0,248.0
957.0,282.0
957.0,890.0
958.0,361.0
958.0,736.0
958.0,757.0
958.0,782.0
959.0,323.0
959.0,483.0
984.0,959.0
985.0,959.0
960.0,59.0
960.0,95.0
960.0,186.0
960.0,473.0
960.0,712.0
960.0,829.0
961.0,196.0
961.0,283.0
961.0,423.0
961.0,495.0
972.0,961.0
962.0,154.0
962.0,483.0
962.0,486.0
962.0,542.0
962.0,664.0
962.0,788.0
962.0,792.0
962.0,911.0
963.0,447.0
964.0,163.0
964.0,456.0
964.0,481.0
964.0,637.0
964.0,728.0
964.0,851.0
965.0,480.0
965.0,909.0
966.0,399.0
966.0,491.0
967.0,214.0
967.0,374.0
967.0,425.0
967.0,924.0
968.0,350.0
968.0,458.0
968.0,719.0
969.0,268.0
969.0,384.0
969.0,404.0
969.0,588.0
969.0,783.0
969.0,819.0
992.0,969.0
970.0,46.0
970.0,336.0
970.0,419.0
970.0,905.0
970.0,968.0
971.0,276.0
971.0,437.0
971.0,629.0
971.0,731.0
971.0,862.0
971.0,865.0
971.0,881.0
971.0,946.0
972.0,271.0
972.0,386.0
972.0,552.0
972.0,826.0
972.0,850.0
973.0,16.0
973.0,747.0
973.0,760.0
973.0,909.0
974.0,323.0
974.0,779.0
974.0,878.0
974.0,906.0
996.0,974.0
975.0,279.0
975.0,680.0
975.0,746.0
975.0,887.0
975.0,953.0
976.0,155.0
976.0,822.0
976.0,879.0
977.0,62.0
977.0,191.0
977.0,301.0
977.0,572.0
977.0,756.0
977.0,794.0
978.0,93.0
978.0,107.0
978.0,187.0
978.0,643.0
978.0,927.0
979.0,109.0
979.0,241.0
979.0,246.0
979.0,333.0
979.0,539.0
979.0,700.0
979.0,731.0
979.0,735.0
979.0,757.0
979.0,892.0
997.0,979.0
980.0,364.0
980.0,378.0
980.0,674.0
980.0,847.0
980.0,962.0
981.0,960.0
982.0,176.0
982.0,517.0
982.0,550.0
982.0,633.0
982.0,763.0
989.0,982.0
983.0,208.0
983.0,466.0
983.0,730.0
983.0,815.0
983.0,862.0
984.0,677.0
984.0,733.0
984.0,838.0
985.0,303.0
985.0,375.0
985.0,766.0
985.0,875.0
985.0,944.0
986.0,265.0
986.0,362.0
986.0,606.0
986.0,799.0
986.0,936.0
987.0,589.0
987.0,675.0
987.0,778.0
987.0,804.0
987.0,847.0
988.0,156.0
988.0,310.0
988.0,612.0
988.0,683.0
988.0,782.0
989.0,556.0
989.0,690.0
989.0,755.0
989.0,907.0
990.0,18.0
990.0,144.0
990.0,699.0
990.0,883.0
991.0,836.0
991.0,924.0
992.0,374.0
992.0,490.0
992.0,713.0
992.0,714.0
992.0,783.0
992.0,820.0
993.0,435.0
993.0,788.0
994.0,18.0
994.0,47.0
994.0,54.0
994.0,222.0
994.0,418.0
994.0,881.0
995.0,42.0
995.0,193.0
995.0,485.0
995.0,730.0
995.0,748.0
995.0,922.0
995.0,983.0
995.0,992.0
996.0,143.0
996.0,226.0
996.0,799.0
997.0,0.0
998.0,59.0
998.0,457.0
998.0,656.0
998.0,708.0
998.0,904.0
999.0,151.0
999.0,185.0
999.0,234.0
999.0,542.0
999.0,952.0
999.0,994.0
0.0,268.0
0.0,277.0
0.0,909.0
1.0,10.0
1.0,70.0
1.0,171.0
1.0,259.0
1.0,274.0
1.0,316.0
1.0,392.0
1.0,480.0
1.0,594.0
1.0,634.0
1.0,771.0
2.0,5.0
2.0,153.0
3.0,59.0
3.0,681.0
3.0,896.0
3.0,985.0
4.0,124.0
4.0,230.0
4.0,302.0
4.0,405.0
4.0,633.0
5.0,133.0
5.0,396.0
5.0,430.0
5.0,899.0
5.0,911.0
5.0,979.0
6.0,143.0
6.0,210.0
6.0,214.0
6.0,408.0
6.0,919.0
6.0,983.0
7.0,251.0
8.0,101.0
8.0,236.0
8.0,622.0
8.0,644.0
8.0,815.0
8.0,833.0
8.0,899.0
9.0,105.0
9.0,238.0
9.0,245.0
9.0,278.0
9.0,400.0
9.0,922.0
10.0,34.0
10.0,305.0
10.0,382.0
10.0,791.0
10.0,940.0
10.0,983.0
11.0,64.0
11.0,271.0
11.0,333.0
11.0,341.0
12.0,141.0
12.0,229.0
12.0,271.0
12.0,531.0
12.0,534.0
12.0,581.0
12.0,616.0
13.0,192.0
13.0,208.0
13.0,370.0
13.0,762.0
14.0,501.0
14.0,741.0
15.0,60.0
15.0,290.0
15.0,517.0
15.0,617.0
15.0,695.0
15.0,953.0
15.0,16.0
16.0,97.0
16.0,182.0
16.0,795.0
17.0,116.0
17.0,856.0
17.0,902.0
18.0,58.0
18.0,472.0
18.0,511.0
18.0,574.0
18.0,916.0
18.0,986.0
19.0,104.0
19.0,666.0
20.0,80.0
20.0,293.0
20.0,594.0
20.0,621.0
17.0,21.0
21.0,48.0
22.0,49.0
22.0,70.0
22.0,100.0
22.0,292.0
22.0,572.0
22.0,703.0
22.0,714.0
22.0,967.0
8.0,23.0
23.0,71.0
23.0,755.0
23.0,804.0
23.0,939.0
24.0,184.0
24.0,193.0
24.0,223.0
24.0,247.0
24.0,283.0
24.0,333.0
24.0,360.0
24.0,497.0
24.0,985.0
24.0,990.0
24.0,993.0
25.0,81.0
25.0,111.0
25.0,287.0
25.0,554.0
25.0,599.0
25.0,655.0
26.0,152.0
26.0,296.0
26.0,893.0
26.0,896.0
27.0,110.0
27.0,296.0
27.0,498.0
27.0,685.0
27.0,797.0
28.0,163.0
28.0,217.0
28.0,310.0
28.0,794.0
28.0,814.0
29.0,226.0
29.0,485.0
30.0,102.0
30.0,291.0
30.0,940.0
31.0,96.0
31.0,231.0
31.0,353.0
31.0,874.0
32.0,191.0
32.0,543.0
32.0,824.0
33.0,63.0
33.0,150.0
33.0,183.0
33.0,790.0
34.0,157.0
34.0,237.0
34.0,860.0
34.0,882.0
34.0,885.0
34.0,979.0
13.0,35.0
35.0,47.0
35.0,142.0
35.0,309.0
35.0,464.0
35.0,855.0
36.0,88.0
36.0,652.0
36.0,699.0
36.0,824.0
36.0,890.0
37.0,105.0
37.0,303.0
37.0,369.0
37.0,380.0
37.0,640.0
38.0,227.0
38.0,243.0
38.0,252.0
38.0,262.0
38.0,294.0
38.0,487.0
38.0,593.0
38.0,778.0
38.0,861.0
39.0,136.0
39.0,155.0
39.0,490.0
16.0,40.0
40.0,175.0
40.0,199.0
40.0,200.0
40.0,242.0
40.0,275.0
35.0,41.0
41.0,70.0
41.0,115.0
41.0,287.0
42.0,302.0
42.0,382.0
42.0,461.0
43.0,106.0
43.0,293.0
43.0,351.0
43.0,595.0
43.0,632.0
44.0,153.0
44.0,251.0
44.0,320.0
44.0,502.0
44.0,874.0
31.0,45.0
45.0,691.0
31.0,46.0
46.0,83.0
46.0,185.0
46.0,806.0
47.0,618.0
47.0,902.0
47.0,931.0
48.0,56.0
48.0,234.0
48.0,466.0
48.0,468.0
48.0,541.0
49.0,121.0
49.0,136.0
49.0,214.0
49.0,304.0
12.0,50.0
50.0,116.0
50.0,136.0
50.0,228.0
50.0,314.0
50.0,398.0
50.0,501.0
51.0,68.0
51.0,272.0
51.0,431.0
51.0,667.0
52.0,100.0
52.0,190.0
52.0,268.0
52.0,307.0
52.0,986.0
9.0,53.0
14.0,53.0
40.0,53.0
53.0,607.0
53.0,622.0
0.0,54.0
54.0,267.0
54.0,315.0
54.0,433.0
54.0,556.0
54.0,773.0
55.0,154.0
55.0,340.0
55.0,474.0
55.0,879.0
56.0,136.0
56.0,213.0
56.0,230.0
56.0,298.0
56.0,300.0
57.0,148.0
57.0,218.0
57.0,396.0
57.0,663.0
57.0,873.0
19.0,58.0
58.0,154.0
58.0,170.0
58.0,288.0
58.0,325.0
58.0,629.0
58.0,988.0
59.0,441.0
59.0,461.0
18.0,60.0
60.0,133.0
60.0,196.0
60.0,328.0
60.0,431.0
60.0,588.0
60.0,598.0
60.0,770.0
61.0,258.0
61.0,480.0
61.0,916.0
25.0,62.0
62.0,102.0
62.0,288.0
62.0,300.0
62.0,467.0
62.0,629.0
62.0,969.0
63.0,259.0
63.0,921.0
63.0,924.0
64.0,96.0
64.0,138.0
64.0,176.0
64.0,204.0
64.0,649.0
64.0,741.0
64.0,840.0
65.0,114.0
65.0,585.0
65.0,613.0
65.0,746.0
66.0,360.0
66.0,521.0
66.0,593.0
67.0,357.0
67.0,532.0
67.0,542.0
67.0,898.0
21.0,68.0
53.0,68.0
68.0,161.0
68.0,772.0
69.0,179.0
69.0,896.0
4.0,70.0
62.0,70.0
70.0,101.0
70.0,481.0
70.0,620.0
70.0,627.0
70.0,747.0
70.0,798.0
70.0,925.0
37.0,71.0
41.0,71.0
71.0,178.0
72.0,197.0
72.0,202.0
72.0,239.0
72.0,273.0
72.0,790.0
73.0,168.0
73.0,266.0
73.0,344.0
73.0,832.0
73.0,856.0
74.0,186.0
74.0,234.0
74.0,782.0
75.0,189.0
75.0,325.0
75.0,802.0
76.0,568.0
76.0,718.0
17.0,77.0
77.0,143.0
77.0,329.0
77.0,765.0
20.0,78.0
78.0,90.0
78.0,166.0
78.0,295.0
78.0,322.0
78.0,372.0
78.0,439.0
78.0,621.0
52.0,79.0
79.0,246.0
79.0,268.0
79.0,305.0
79.0,575.0
79.0,600.0
79.0,974.0
13.0,80.0
80.0,227.0
80.0,390.0
80.0,618.0
51.0,81.0
81.0,219.0
81.0,329.0
81.0,347.0
81.0,412.0
81.0,742.0
57.0,82.0
82.0,156.0
82.0,206.0
82.0,377.0
82.0,387.0
82.0,411.0
22.0,83.0
83.0,281.0
83.0,330.0
83.0,675.0
83.0,838.0
83.0,877.0
84.0,128.0
84.0,134.0
84.0,211.0
84.0,318.0
84.0,468.0
84.0,562.0
84.0,877.0
84.0,896.0
85.0,169.0
85.0,266.0
85.0,353.0
16.0,86.0
28.0,86.0
86.0,95.0
86.0,136.0
86.0,332.0
86.0,675.0
87.0,102.0
87.0,186.0
87.0,216.0
87.0,280.0
87.0,558.0
88.0,275.0
88.0,819.0
88.0,851.0
88.0,932.0
89.0,285.0
89.0,288.0
89.0,316.0
89.0,523.0
90.0,120.0
90.0,330.0
90.0,670.0
90.0,914.0
44.0,91.0
91.0,93.0
91.0,248.0
91.0,255.0
91.0,287.0
91.0,457.0
91.0,553.0
91.0,949.0
91.0,953.0
92.0,271.0
93.0,146.0
93.0,308.0
93.0,392.0
93.0,502.0
93.0,972.0
14.0,94.0
94.0,116.0
94.0,139.0
94.0,142.0
94.0,152.0
94.0,183.0
94.0,260.0
94.0,346.0
94.0,457.0
94.0,693.0
94.0,726.0
94.0,870.0
94.0,891.0
20.0,95.0
95.0,205.0
95.0,290.0
95.0,383.0
95.0,619.0
95.0,678.0
95.0,698.0
95.0,856.0
95.0,916.0
95.0,968.0
89.0,96.0
96.0,216.0
96.0,244.0
96.0,310.0
96.0,622.0
31.0,97.0
70.0,97.0
96.0,97.0
97.0,269.0
97.0,429.0
97.0,950.0
97.0,954.0
90.0,98.0
98.0,114.0
98.0,127.0
98.0,349.0
98.0,538.0
55.0,99.0
72.0,99.0
99.0,201.0
99.0,294.0
99.0,306.0
100.0,137.0
100.0,178.0
100.0,391.0
100.0,639.0
100.0,824.0
30.0,101.0
101.0,182.0
101.0,264.0
101.0,281.0
101.0,463.0
101.0,526.0
101.0,970.0
102.0,130.0
102.0,131.0
102.0,172.0
102.0,262.0
102.0,278.0
102.0,599.0
102.0,852.0
102.0,919.0
76.0,103.0
103.0,494.0
103.0,808.0
103.0,952.0
103.0,988.0
104.0,139.0
104.0,191.0
104.0,223.0
104.0,860.0
39.0,105.0
105.0,119.0
105.0,304.0
105.0,385.0
105.0,930.0
89.0,106.0
98.0,106.0
106.0,295.0
106.0,340.0
106.0,346.0
106.0,875.0
107.0,198.0
107.0,232.0
107.0,831.0
107.0,833.0
107.0,991.0
61.0,108.0
88.0,108.0
108.0,165.0
108.0,193.0
108.0,204.0
108.0,222.0
108.0,835.0
108.0,907.0
108.0,984.0
15.0,109.0
74.0,109.0
109.0,202.0
109.0,241.0
109.0,301.0
109.0,327.0
109.0,352.0
109.0,436.0
46.0,110.0
110.0,167.0
110.0,264.0
110.0,274.0
110.0,640.0
94.0,111.0
111.0,207.0
111.0,291.0
111.0,422.0
111.0,430.0
111.0,610.0
111.0,940.0
112.0,243.0
113.0,245.0
16.0,114.0
22.0,114.0
114.0,251.0
114.0,517.0
114.0,685.0
114.0,807.0
114.0,875.0
5.0,115.0
110.0,115.0
115.0,512.0
115.0,607.0
78.0,116.0
104.0,116.0
116.0,203.0
116.0,237.0
116.0,377.0
116.0,423.0
116.0,610.0
116.0,815.0
116.0,890.0
32.0,117.0
42.0,117.0
96.0,117.0
117.0,161.0
117.0,610.0
117.0,612.0
69.0,118.0
77.0,118.0
106.0,118.0
118.0,199.0
118.0,386.0
51.0,119.0
79.0,119.0
106.0,119.0
119.0,151.0
119.0,206.0
119.0,514.0
119.0,733.0
119.0,771.0
119.0,821.0
119.0,913.0
21.0,120.0
28.0,120.0
103.0,120.0
109.0,120.0
120.0,242.0
120.0,317.0
120.0,364.0
13.0,121.0
14.0,121.0
20.0,121.0
121.0,475.0
121.0,640.0
121.0,880.0
121.0,946.0
22.0,122.0
122.0,139.0
122.0,162.0
122.0,886.0
122.0,953.0
20.0,123.0
67.0,123.0
71.0,123.0
111.0,123.0
123.0,129.0
123.0,139.0
123.0,680.0
123.0,768.0
123.0,862.0
124.0,222.0
124.0,244.0
124.0,293.0
24.0,125.0
125.0,361.0
125.0,406.0
125.0,462.0
125.0,487.0
125.0,768.0
126.0,288.0
126.0,840.0
126.0,859.0
45.0,127.0
127.0,146.0
127.0,235.0
127.0,248.0
127.0,254.0
127.0,316.0
127.0,675.0
127.0,691.0
127.0,941.0
28.0,128.0
60.0,128.0
128.0,424.0
128.0,641.0
48.0,129.0
52.0,129.0
129.0,132.0
129.0,366.0
130.0,138.0
130.0,279.0
130.0,330.0
130.0,515.0
130.0,580.0
48.0,131.0
70.0,131.0
131.0,284.0
131.0,295.0
131.0,357.0
131.0,820.0
18.0,132.0
51.0,132.0
132.0,258.0
132.0,274.0
132.0,300.0
132.0,335.0
132.0,400.0
132.0,508.0
132.0,541.0
132.0,610.0
132.0,751.0
27.0,133.0
55.0,133.0
133.0,232.0
133.0,293.0
133.0,298.0
133.0,704.0
77.0,134.0
134.0,155.0
134.0,618.0
134.0,666.0
134.0,979.0
88.0,135.0
135.0,168.0
135.0,189.0
135.0,596.0
135.0,859.0
136.0,140.0
136.0,297.0
136.0,315.0
136.0,955.0
122.0,137.0
137.0,280.0
137.0,582.0
137.0,605.0
137.0,962.0
57.0,138.0
129.0,138.0
138.0,232.0
138.0,268.0
138.0,278.0
138.0,461.0
138.0,516.0
138.0,856.0
138.0,879.0
32.0,139.0
94.0,139.0
139.0,190.0
139.0,198.0
139.0,217.0
139.0,461.0
139.0,503.0
139.0,572.0
140.0,381.0
140.0,478.0
140.0,722.0
140.0,860.0
140.0,903.0
140.0,923.0
141.0,142.0
141.0,152.0
141.0,282.0
141.0,310.0
141.0,397.0
141.0,474.0
141.0,802.0
89.0,142.0
129.0,142.0
142.0,272.0
142.0,548.0
142.0,723.0
142.0,865.0
142.0,912.0
143.0,159.0
143.0,238.0
143.0,267.0
143.0,563.0
143.0,718.0
128.0,144.0
144.0,205.0
144.0,207.0
144.0,300.0
109.0,145.0
145.0,159.0
145.0,248.0
145.0,307.0
145.0,721.0
145.0,919.0
2.0,146.0
146.0,331.0
146.0,650.0
69.0,147.0
95.0,147.0
147.0,246.0
147.0,413.0
147.0,963.0
131.0,148.0
148.0,246.0
148.0,283.0
144.0,149.0
149.0,150.0
149.0,239.0
149.0,244.0
149.0,273.0
82.0,150.0
150.0,168.0
150.0,302.0
150.0,482.0
150.0,696.0
151.0,602.0
151.0,633.0
75.0,152.0
152.0,209.0
152.0,275.0
152.0,153.0
153.0,238.0
153.0,291.0
153.0,460.0
153.0,725.0
153.0,897.0
153.0,909.0
11.0,154.0
130.0,154.0
154.0,189.0
154.0,220.0
154.0,244.0
154.0,412.0
154.0,685.0
77.0,155.0
155.0,252.0
155.0,275.0
155.0,608.0
156.0,173.0
156.0,259.0
156.0,863.0
50.0,157.0
121.0,157.0
135.0,157.0
148.0,157.0
155.0,157.0
157.0,386.0
157.0,482.0
77.0,158.0
158.0,220.0
158.0,303.0
158.0,514.0
158.0,541.0
159.0,202.0
159.0,240.0
159.0,817.0
55.0,160.0
160.0,440.0
160.0,593.0
160.0,832.0
16.0,161.0
71.0,161.0
161.0,418.0
161.0,513.0
161.0,981.0
2.0,162.0
157.0,162.0
162.0,465.0
162.0,752.0
134.0,163.0
163.0,196.0
163.0,215.0
163.0,253.0
163.0,272.0
163.0,524.0
164.0,178.0
164.0,195.0
164.0,298.0
35.0,165.0
39.0,165.0
165.0,221.0
165.0,241.0
165.0,574.0
165.0,576.0
114.0,166.0
121.0,166.0
157.0,166.0
166.0,422.0
166.0,620.0
166.0,711.0
166.0,713.0
166.0,865.0
110.0,167.0
167.0,209.0
167.0,276.0
167.0,674.0
167.0,768.0
71.0,168.0
168.0,184.0
168.0,265.0
168.0,283.0
168.0,410.0
168.0,411.0
168.0,820.0
168.0,868.0
68.0,169.0
103.0,169.0
169.0,378.0
170.0,309.0
170.0,327.0
170.0,759.0
170.0,849.0
171.0,252.0
171.0,302.0
99.0,172.0
136.0,172.0
172.0,198.0
172.0,351.0
172.0,596.0
172.0,968.0
108.0,173.0
168.0,173.0
169.0,173.0
173.0,222.0
173.0,228.0
173.0,310.0
173.0,792.0
173.0,856.0
5.0,174.0
174.0,246.0
174.0,326.0
174.0,547.0
174.0,569.0
174.0,839.0
106.0,175.0
107.0,175.0
175.0,244.0
175.0,296.0
175.0,740.0
175.0,804.0
67.0,176.0
127.0,176.0
176.0,220.0
176.0,596.0
177.0,685.0
59.0,178.0
63.0,178.0
178.0,537.0
178.0,936.0
178.0,946.0
0.0,179.0
179.0,223.0
179.0,654.0
179.0,815.0
179.0,832.0
67.0,180.0
180.0,256.0
180.0,271.0
180.0,518.0
180.0,728.0
180.0,792.0
180.0,915.0
52.0,181.0
116.0,181.0
181.0,275.0
181.0,667.0
181.0,863.0
181.0,946.0
120.0,182.0
146.0,182.0
182.0,252.0
182.0,285.0
143.0,183.0
183.0,189.0
183.0,726.0
183.0,946.0
32.0,184.0
109.0,184.0
184.0,223.0
184.0,251.0
184.0,636.0
184.0,983.0
77.0,185.0
185.0,253.0
185.0,560.0
185.0,698.0
185.0,759.0
185.0,931.0
174.0,186.0
186.0,188.0
186.0,524.0
186.0,525.0
186.0,661.0
186.0,794.0
135.0,187.0
187.0,271.0
187.0,765.0
187.0,989.0
75.0,188.0
188.0,279.0
188.0,294.0
188.0,577.0
188.0,696.0
13.0,189.0
138.0,189.0
189.0,352.0
189.0,774.0
151.0,190.0
190.0,278.0
190.0,894.0
89.0,191.0
143.0,191.0
191.0,283.0
191.0,756.0
191.0,884.0
2.0,192.0
192.0,257.0
192.0,449.0
192.0,761.0
122.0,193.0
193.0,205.0
193.0,292.0
193.0,517.0
193.0,536.0
193.0,665.0
19.0,194.0
23.0,194.0
37.0,194.0
138.0,194.0
161.0,194.0
194.0,291.0
194.0,416.0
194.0,503.0
194.0,528.0
194.0,555.0
194.0,650.0
194.0,673.0
194.0,912.0
41.0,195.0
124.0,195.0
195.0,310.0
195.0,368.0
195.0,437.0
196.0,458.0
196.0,841.0
196.0,866.0
99.0,197.0
146.0,197.0
197.0,260.0
197.0,688.0
171.0,198.0
199.0,202.0
37.0,200.0
129.0,200.0
200.0,217.0
200.0,272.0
200.0,844.0
128.0,201.0
201.0,204.0
201.0,322.0
201.0,347.0
201.0,525.0
201.0,672.0
201.0,742.0
18.0,202.0
202.0,329.0
202.0,414.0
202.0,768.0
202.0,823.0
202.0,847.0
163.0,203.0
203.0,381.0
203.0,413.0
85.0,204.0
188.0,204.0
204.0,825.0
195.0,205.0
205.0,440.0
206.0,231.0
206.0,280.0
206.0,435.0
206.0,707.0
206.0,856.0
26.0,207.0
157.0,207.0
195.0,207.0
196.0,207.0
207.0,245.0
207.0,290.0
207.0,559.0
207.0,701.0
207.0,956.0
99.0,208.0
208.0,308.0
208.0,999.0
59.0,209.0
209.0,244.0
209.0,837.0
209.0,942.0
25.0,210.0
210.0,409.0
210.0,566.0
210.0,999.0
95.0,211.0
211.0,506.0
211.0,982.0
1.0,212.0
19.0,212.0
212.0,263.0
180.0,213.0
190.0,213.0
213.0,254.0
213.0,270.0
213.0,388.0
213.0,419.0
213.0,431.0
213.0,619.0
213.0,623.0
200.0,214.0
214.0,320.0
214.0,776.0
214.0,950.0
215.0,274.0
215.0,296.0
215.0,324.0
215.0,353.0
91.0,216.0
173.0,216.0
216.0,713.0
216.0,963.0
216.0,999.0
217.0,251.0
217.0,928.0
217.0,962.0
35.0,218.0
69.0,218.0
80.0,218.0
150.0,218.0
218.0,578.0
65.0,219.0
79.0,219.0
198.0,219.0
219.0,321.0
219.0,419.0
219.0,569.0
219.0,871.0
219.0,883.0
220.0,269.0
16.0,221.0
221.0,242.0
221.0,251.0
221.0,602.0
136.0,222.0
222.0,257.0
111.0,223.0
185.0,223.0
223.0,458.0
223.0,489.0
223.0,546.0
224.0,267.0
224.0,308.0
224.0,734.0
48.0,225.0
66.0,225.0
138.0,225.0
225.0,310.0
225.0,359.0
100.0,226.0
174.0,226.0
226.0,303.0
226.0,621.0
226.0,999.0
213.0,227.0
227.0,231.0
227.0,240.0
227.0,570.0
227.0,962.0
58.0,228.0
228.0,336.0
228.0,430.0
228.0,570.0
228.0,832.0
10.0,229.0
65.0,229.0
229.0,246.0
229.0,358.0
229.0,710.0
229.0,820.0
167.0,230.0
230.0,310.0
200.0,231.0
202.0,231.0
217.0,231.0
14.0,232.0
103.0,232.0
155.0,232.0
208.0,232.0
224.0,232.0
232.0,385.0
232.0,491.0
232.0,816.0
230.0,233.0
233.0,313.0
233.0,665.0
37.0,234.0
125.0,234.0
173.0,234.0
234.0,555.0
234.0,617.0
50.0,235.0
70.0,235.0
137.0,235.0
148.0,235.0
235.0,248.0
235.0,277.0
235.0,347.0
235.0,561.0
235.0,795.0
236.0,251.0
236.0,368.0
236.0,923.0
236.0,926.0
58.0,237.0
190.0,237.0
237.0,245.0
237.0,344.0
237.0,480.0
237.0,888.0
237.0,986.0
166.0,238.0
238.0,273.0
33.0,239.0
91.0,239.0
239.0,258.0
239.0,263.0
239.0,276.0
239.0,504.0
240.0,313.0
240.0,427.0
240.0,822.0
240.0,918.0
240.0,968.0
47.0,241.0
153.0,241.0
180.0,241.0
241.0,354.0
241.0,611.0
241.0,795.0
12.0,242.0
59.0,242.0
95.0,242.0
233.0,242.0
242.0,321.0
242.0,490.0
69.0,243.0
243.0,388.0
61.0,244.0
244.0,247.0
244.0,368.0
244.0,508.0
244.0,672.0
244.0,755.0
244.0,955.0
245.0,952.0
245.0,977.0
110.0,246.0
114.0,246.0
246.0,247.0
246.0,268.0
8.0,247.0
247.0,357.0
247.0,381.0
247.0,431.0
247.0,625.0
41.0,248.0
59.0,248.0
126.0,248.0
243.0,248.0
248.0,266.0
248.0,686.0
249.0,359.0
249.0,561.0
249.0,698.0
249.0,948.0
34.0,250.0
227.0,250.0
250.0,457.0
57.0,251.0
236.0,251.0
251.0,597.0
251.0,742.0
251.0,819.0
251.0,914.0
215.0,252.0
252.0,266.0
252.0,606.0
9.0,253.0
62.0,253.0
82.0,253.0
85.0,253.0
253.0,285.0
253.0,368.0
253.0,562.0
253.0,625.0
253.0,921.0
253.0,951.0
254.0,335.0
254.0,638.0
254.0,936.0
255.0,434.0
255.0,599.0
255.0,736.0
255.0,760.0
255.0,977.0
256.0,652.0
256.0,817.0
256.0,997.0
132.0,257.0
206.0,257.0
216.0,257.0
238.0,257.0
257.0,778.0
257.0,793.0
108.0,258.0
234.0,258.0
258.0,449.0
258.0,573.0
258.0,642.0
259.0,314.0
259.0,524.0
259.0,921.0
15.0,260.0
32.0,260.0
99.0,260.0
195.0,260.0
260.0,325.0
260.0,353.0
260.0,589.0
261.0,327.0
261.0,369.0
261.0,528.0
261.0,573.0
261.0,602.0
261.0,847.0
97.0,262.0
119.0,262.0
165.0,262.0
209.0,262.0
262.0,432.0
262.0,742.0
262.0,747.0
39.0,263.0
263.0,566.0
10.0,264.0
61.0,264.0
264.0,329.0
264.0,376.0
264.0,463.0
264.0,778.0
264.0,838.0
264.0,885.0
43.0,265.0
65.0,265.0
173.0,265.0
265.0,572.0
266.0,770.0
266.0,776.0
168.0,267.0
267.0,299.0
267.0,537.0
267.0,679.0
267.0,810.0
21.0,268.0
115.0,268.0
204.0,268.0
268.0,719.0
268.0,779.0
268.0,973.0
269.0,902.0
23.0,270.0
104.0,270.0
155.0,270.0
221.0,270.0
254.0,270.0
270.0,385.0
270.0,652.0
270.0,749.0
270.0,778.0
138.0,271.0
271.0,290.0
271.0,508.0
271.0,530.0
271.0,800.0
221.0,272.0
272.0,306.0
272.0,311.0
43.0,273.0
185.0,273.0
196.0,273.0
273.0,288.0
273.0,314.0
273.0,551.0
273.0,993.0
12.0,274.0
36.0,274.0
57.0,274.0
152.0,274.0
199.0,274.0
274.0,325.0
274.0,330.0
274.0,450.0
274.0,712.0
274.0,830.0
48.0,275.0
275.0,317.0
275.0,485.0
275.0,529.0
53.0,276.0
123.0,276.0
134.0,276.0
215.0,276.0
276.0,330.0
276.0,538.0
276.0,625.0
276.0,971.0
154.0,277.0
179.0,277.0
238.0,278.0
278.0,506.0
278.0,646.0
278.0,647.0
278.0,853.0
102.0,279.0
215.0,279.0
279.0,507.0
99.0,280.0
242.0,280.0
280.0,433.0
15.0,281.0
267.0,281.0
281.0,451.0
281.0,976.0
9.0,282.0
282.0,930.0
25.0,283.0
39.0,283.0
46.0,283.0
262.0,283.0
282.0,283.0
283.0,362.0
283.0,704.0
184.0,284.0
284.0,326.0
284.0,484.0
7.0,285.0
285.0,797.0
3.0,286.0
214.0,286.0
52.0,287.0
160.0,287.0
258.0,287.0
270.0,287.0
287.0,828.0
238.0,288.0
288.0,972.0
289.0,296.0
289.0,997.0
143.0,290.0
163.0,290.0
197.0,290.0
215.0,290.0
258.0,290.0
290.0,595.0
290.0,670.0
290.0,995.0
150.0,291.0
186.0,291.0
209.0,291.0
246.0,291.0
291.0,382.0
291.0,476.0
291.0,642.0
292.0,310.0
292.0,431.0
292.0,547.0
239.0,293.0
293.0,947.0
128.0,294.0
282.0,294.0
290.0,294.0
294.0,481.0
41.0,295.0
278.0,295.0
295.0,296.0
295.0,310.0
295.0,469.0
295.0,510.0
111.0,296.0
296.0,550.0
296.0,911.0
255.0,297.0
287.0,297.0
297.0,553.0
297.0,979.0
26.0,298.0
246.0,298.0
298.0,307.0
298.0,340.0
298.0,821.0
298.0,831.0
25.0,299.0
166.0,299.0
184.0,299.0
206.0,299.0
218.0,299.0
299.0,305.0
299.0,311.0
299.0,475.0
299.0,828.0
299.0,836.0
299.0,853.0
299.0,868.0
243.0,300.0
300.0,488.0
301.0,382.0
301.0,505.0
301.0,717.0
301.0,938.0
301.0,971.0
156.0,302.0
181.0,302.0
302.0,512.0
302.0,601.0
111.0,303.0
303.0,324.0
303.0,581.0
303.0,970.0
292.0,304.0
304.0,562.0
304.0,695.0
68.0,305.0
204.0,305.0
305.0,366.0
305.0,588.0
305.0,906.0
305.0,962.0
181.0,306.0
306.0,924.0
54.0,307.0
304.0,307.0
307.0,321.0
307.0,405.0
307.0,756.0
307.0,795.0
308.0,438.0
308.0,475.0
251.0,309.0
294.0,309.0
309.0,804.0
309.0,871.0
309.0,893.0
27.0,310.0
141.0,310.0
251.0,310.0
310.0,713.0
127.0,311.0
131.0,311.0
176.0,311.0
233.0,311.0
311.0,658.0
311.0,703.0
123.0,312.0
140.0,312.0
161.0,312.0
233.0,312.0
299.0,312.0
126.0,313.0
313.0,319.0
313.0,655.0
23.0,314.0
65.0,314.0
180.0,314.0
314.0,333.0
314.0,560.0
314.0,987.0
37.0,315.0
82.0,315.0
133.0,315.0
254.0,315.0
315.0,442.0
315.0,454.0
121.0,316.0
176.0,316.0
192.0,316.0
250.0,316.0
263.0,316.0
316.0,318.0
316.0,771.0
316.0,923.0
62.0,317.0
78.0,317.0
317.0,347.0
100.0,318.0
104.0,318.0
226.0,318.0
256.0,318.0
318.0,449.0
83.0,319.0
319.0,958.0
124.0,320.0
320.0,321.0
320.0,372.0
320.0,681.0
94.0,321.0
321.0,578.0
11.0,322.0
164.0,322.0
169.0,322.0
227.0,322.0
322.0,331.0
322.0,611.0
322.0,664.0
322.0,752.0
200.0,323.0
267.0,323.0
302.0,323.0
317.0,323.0
323.0,418.0
323.0,663.0
323.0,758.0
323.0,815.0
105.0,324.0
151.0,324.0
210.0,324.0
324.0,330.0
324.0,331.0
324.0,395.0
324.0,736.0
41.0,325.0
146.0,325.0
325.0,336.0
325.0,380.0
325.0,810.0
19.0,326.0
162.0,326.0
204.0,326.0
326.0,762.0
326.0,937.0
180.0,327.0
251.0,327.0
327.0,486.0
327.0,546.0
327.0,565.0
327.0,633.0
327.0,657.0
327.0,998.0
49.0,328.0
59.0,328.0
102.0,328.0
164.0,328.0
189.0,328.0
328.0,519.0
328.0,616.0
328.0,652.0
328.0,691.0
117.0,329.0
203.0,329.0
235.0,329.0
315.0,329.0
329.0,649.0
329.0,824.0
207.0,330.0
329.0,330.0
330.0,680.0
330.0,859.0
330.0,914.0
87.0,331.0
119.0,331.0
120.0,331.0
287.0,331.0
331.0,650.0
331.0,671.0
331.0,819.0
210.0,332.0
261.0,332.0
332.0,509.0
332.0,775.0
333.0,350.0
333.0,498.0
333.0,558.0
333.0,984.0
334.0,373.0
334.0,402.0
334.0,597.0
334.0,796.0
53.0,335.0
335.0,359.0
335.0,563.0
335.0,669.0
335.0,697.0
335.0,810.0
335.0,840.0
335.0,947.0
80.0,336.0
220.0,336.0
336.0,932.0
317.0,337.0
337.0,371.0
337.0,459.0
337.0,583.0
337.0,952.0
337.0,972.0
104.0,338.0
338.0,405.0
338.0,492.0
338.0,509.0
338.0,530.0
338.0,554.0
338.0,683.0
338.0,706.0
22.0,339.0
339.0,403.0
339.0,597.0
339.0,854.0
179.0,340.0
340.0,396.0
340.0,419.0
340.0,421.0
340.0,432.0
340.0,466.0
340.0,551.0
340.0,563.0
340.0,621.0
340.0,997.0
86.0,341.0
341.0,381.0
341.0,480.0
341.0,521.0
341.0,714.0
4.0,342.0
342.0,420.0
342.0,434.0
342.0,501.0
62.0,343.0
219.0,343.0
90.0,344.0
344.0,457.0
344.0,551.0
344.0,571.0
344.0,581.0
344.0,609.0
345.0,558.0
345.0,651.0
345.0,729.0
345.0,823.0
345.0,934.0
248.0,346.0
346.0,389.0
346.0,443.0
346.0,479.0
346.0,541.0
346.0,810.0
339.0,347.0
347.0,463.0
347.0,635.0
347.0,773.0
348.0,916.0
348.0,994.0
348.0,999.0
153.0,349.0
349.0,357.0
349.0,540.0
349.0,592.0
349.0,685.0
349.0,769.0
349.0,875.0
74.0,350.0
266.0,350.0
350.0,391.0
350.0,419.0
350.0,657.0
350.0,952.0
351.0,379.0
351.0,598.0
351.0,977.0
319.0,352.0
352.0,523.0
9.0,353.0
353.0,434.0
353.0,592.0
353.0,881.0
341.0,354.0
354.0,501.0
354.0,831.0
355.0,688.0
355.0,838.0
211.0,356.0
356.0,427.0
356.0,439.0
356.0,587.0
356.0,833.0
356.0,870.0
356.0,958.0
356.0,982.0
76.0,357.0
116.0,357.0
292.0,357.0
357.0,975.0
332.0,358.0
358.0,429.0
358.0,663.0
358.0,683.0
358.0,748.0
358.0,758.0
241.0,359.0
359.0,367.0
359.0,607.0
359.0,775.0
359.0,786.0
154.0,360.0
360.0,446.0
360.0,832.0
66.0,361.0
210.0,361.0
253.0,361.0
361.0,386.0
361.0,412.0
361.0,561.0
361.0,732.0
361.0,898.0
362.0,390.0
362.0,405.0
362.0,543.0
362.0,555.0
284.0,363.0
363.0,479.0
363.0,775.0
363.0,900.0
364.0,419.0
364.0,599.0
364.0,853.0
192.0,365.0
365.0,456.0
365.0,576.0
366.0,423.0
366.0,474.0
366.0,513.0
366.0,846.0
366.0,871.0
260.0,367.0
367.0,411.0
367.0,544.0
367.0,600.0
367.0,770.0
367.0,923.0
166.0,368.0
346.0,368.0
361.0,368.0
368.0,379.0
368.0,397.0
368.0,581.0
368.0,965.0
70.0,369.0
71.0,369.0
335.0,369.0
369.0,379.0
369.0,466.0
369.0,485.0
369.0,555.0
369.0,811.0
339.0,370.0
370.0,371.0
370.0,472.0
370.0,593.0
370.0,633.0
370.0,859.0
371.0,408.0
371.0,469.0
334.0,372.0
346.0,372.0
372.0,382.0
372.0,413.0
372.0,499.0
372.0,560.0
372.0,569.0
372.0,606.0
372.0,627.0
186.0,373.0
373.0,392.0
373.0,405.0
373.0,778.0
253.0,374.0
374.0,380.0
374.0,613.0
374.0,841.0
236.0,375.0
368.0,375.0
375.0,379.0
375.0,426.0
375.0,465.0
375.0,498.0
375.0,537.0
375.0,568.0
375.0,583.0
375.0,623.0
132.0,376.0
376.0,414.0
376.0,769.0
377.0,494.0
377.0,626.0
377.0,647.0
377.0,842.0
378.0,477.0
378.0,505.0
378.0,545.0
378.0,579.0
378.0,655.0
378.0,748.0
211.0,379.0
379.0,593.0
379.0,597.0
379.0,816.0
186.0,380.0
286.0,380.0
380.0,452.0
380.0,458.0
380.0,571.0
380.0,672.0
380.0,784.0
381.0,639.0
381.0,776.0
339.0,382.0
382.0,659.0
382.0,736.0
381.0,383.0
383.0,406.0
383.0,601.0
383.0,723.0
383.0,893.0
384.0,397.0
384.0,578.0
385.0,608.0
385.0,634.0
385.0,649.0
328.0,386.0
386.0,478.0
386.0,485.0
386.0,595.0
386.0,774.0
27.0,387.0
42.0,387.0
387.0,442.0
179.0,388.0
250.0,388.0
336.0,388.0
388.0,507.0
388.0,934.0
84.0,389.0
354.0,389.0
389.0,552.0
389.0,578.0
389.0,854.0
389.0,864.0
389.0,904.0
389.0,913.0
389.0,938.0
0.0,390.0
186.0,391.0
391.0,426.0
391.0,479.0
391.0,496.0
391.0,601.0
391.0,753.0
226.0,392.0
293.0,392.0
392.0,582.0
392.0,620.0
392.0,659.0
392.0,881.0
349.0,393.0
351.0,393.0
393.0,535.0
393.0,546.0
393.0,657.0
393.0,677.0
393.0,865.0
135.0,394.0
394.0,905.0
394.0,932.0
19.0,395.0
93.0,395.0
131.0,395.0
277.0,395.0
364.0,395.0
371.0,395.0
395.0,479.0
395.0,880.0
395.0,930.0
395.0,960.0
63.0,396.0
266.0,396.0
320.0,396.0
396.0,431.0
396.0,602.0
396.0,678.0
396.0,725.0
396.0,814.0
15.0,397.0
151.0,397.0
396.0,397.0
397.0,492.0
397.0,672.0
397.0,686.0
397.0,735.0
397.0,940.0
70.0,398.0
398.0,449.0
398.0,480.0
398.0,710.0
398.0,821.0
167.0,399.0
364.0,399.0
399.0,540.0
399.0,584.0
399.0,752.0
399.0,987.0
26.0,400.0
42.0,400.0
128.0,400.0
386.0,400.0
400.0,407.0
400.0,652.0
149.0,401.0
401.0,985.0
190.0,402.0
233.0,402.0
402.0,464.0
402.0,616.0
402.0,900.0
403.0,430.0
403.0,479.0
403.0,648.0
74.0,404.0
404.0,448.0
404.0,555.0
404.0,570.0
347.0,405.0
350.0,405.0
405.0,495.0
405.0,550.0
405.0,637.0
405.0,865.0
3.0,406.0
145.0,406.0
406.0,629.0
406.0,668.0
42.0,407.0
159.0,407.0
273.0,407.0
407.0,460.0
223.0,408.0
361.0,408.0
408.0,464.0
408.0,577.0
408.0,671.0
408.0,735.0
408.0,866.0
208.0,409.0
409.0,415.0
409.0,930.0
2.0,410.0
87.0,410.0
189.0,410.0
368.0,410.0
382.0,410.0
395.0,410.0
410.0,898.0
11.0,411.0
103.0,411.0
254.0,411.0
411.0,528.0
411.0,576.0
411.0,607.0
411.0,648.0
411.0,851.0
412.0,458.0
412.0,817.0
190.0,413.0
350.0,413.0
403.0,413.0
413.0,430.0
413.0,488.0
413.0,757.0
95.0,414.0
235.0,414.0
334.0,414.0
414.0,453.0
267.0,415.0
366.0,415.0
415.0,566.0
415.0,700.0
415.0,958.0
13.0,416.0
171.0,416.0
217.0,416.0
416.0,499.0
416.0,621.0
416.0,630.0
238.0,417.0
399.0,417.0
417.0,418.0
417.0,511.0
417.0,646.0
418.0,444.0
418.0,661.0
418.0,665.0
418.0,922.0
419.0,514.0
420.0,487.0
93.0,421.0
310.0,421.0
421.0,955.0
191.0,422.0
356.0,422.0
387.0,422.0
422.0,466.0
422.0,560.0
422.0,591.0
202.0,423.0
259.0,423.0
380.0,423.0
423.0,580.0
423.0,621.0
122.0,424.0
399.0,424.0
424.0,509.0
424.0,601.0
61.0,425.0
425.0,477.0
425.0,707.0
425.0,742.0
426.0,541.0
426.0,652.0
426.0,660.0
426.0,938.0
93.0,427.0
427.0,486.0
427.0,777.0
427.0,990.0
29.0,428.0
428.0,442.0
428.0,512.0
428.0,696.0
428.0,852.0
379.0,429.0
429.0,522.0
429.0,777.0
48.0,430.0
388.0,430.0
430.0,579.0
430.0,901.0
430.0,974.0
111.0,431.0
431.0,902.0
431.0,919.0
102.0,432.0
118.0,432.0
133.0,432.0
185.0,432.0
311.0,432.0
432.0,441.0
432.0,446.0
432.0,504.0
432.0,534.0
432.0,571.0
432.0,659.0
432.0,694.0
232.0,433.0
367.0,433.0
369.0,433.0
433.0,981.0
0.0,434.0
165.0,434.0
399.0,434.0
417.0,434.0
434.0,445.0
434.0,606.0
434.0,608.0
421.0,435.0
435.0,752.0
435.0,795.0
435.0,947.0
116.0,436.0
436.0,491.0
436.0,608.0
436.0,858.0
336.0,437.0
437.0,491.0
437.0,496.0
437.0,513.0
437.0,528.0
437.0,623.0
437.0,748.0
144.0,438.0
241.0,438.0
408.0,438.0
438.0,656.0
438.0,658.0
438.0,939.0
157.0,439.0
400.0,439.0
439.0,449.0
439.0,456.0
439.0,587.0
439.0,842.0
389.0,440.0
440.0,470.0
440.0,596.0
440.0,731.0
43.0,441.0
56.0,441.0
78.0,441.0
246.0,441.0
437.0,441.0
441.0,550.0
441.0,902.0
24.0,442.0
442.0,614.0
442.0,684.0
341.0,443.0
343.0,443.0
350.0,443.0
443.0,576.0
443.0,581.0
443.0,601.0
443.0,920.0
443.0,984.0
279.0,444.0
389.0,444.0
444.0,574.0
444.0,622.0
444.0,653.0
85.0,445.0
178.0,445.0
285.0,445.0
410.0,445.0
445.0,690.0
445.0,743.0
445.0,755.0
445.0,864.0
66.0,446.0
338.0,446.0
375.0,446.0
446.0,520.0
446.0,527.0
447.0,470.0
447.0,510.0
447.0,525.0
447.0,561.0
447.0,621.0
447.0,649.0
328.0,448.0
365.0,449.0
449.0,981.0
429.0,450.0
431.0,450.0
449.0,450.0
450.0,452.0
450.0,581.0
450.0,990.0
101.0,451.0
280.0,451.0
444.0,451.0
451.0,475.0
451.0,604.0
451.0,627.0
397.0,452.0
421.0,452.0
452.0,517.0
452.0,518.0
452.0,953.0
361.0,453.0
420.0,453.0
453.0,475.0
453.0,508.0
453.0,618.0
453.0,645.0
453.0,672.0
453.0,797.0
453.0,858.0
453.0,992.0
9.0,454.0
339.0,454.0
454.0,493.0
291.0,455.0
455.0,536.0
455.0,917.0
130.0,456.0
140.0,456.0
261.0,456.0
409.0,456.0
456.0,559.0
456.0,597.0
456.0,804.0
214.0,457.0
288.0,457.0
457.0,514.0
457.0,716.0
457.0,873.0
125.0,458.0
193.0,458.0
309.0,458.0
385.0,458.0
442.0,458.0
458.0,492.0
458.0,544.0
458.0,560.0
273.0,459.0
404.0,459.0
459.0,559.0
344.0,460.0
383.0,460.0
460.0,555.0
460.0,567.0
389.0,461.0
461.0,729.0
462.0,660.0
462.0,850.0
42.0,463.0
392.0,463.0
463.0,516.0
463.0,520.0
463.0,887.0
78.0,464.0
464.0,465.0
464.0,501.0
464.0,812.0
1.0,465.0
3.0,465.0
263.0,465.0
320.0,465.0
465.0,580.0
465.0,654.0
465.0,941.0
255.0,466.0
466.0,476.0
466.0,548.0
50.0,467.0
295.0,467.0
379.0,467.0
467.0,536.0
178.0,468.0
468.0,626.0
148.0,469.0
173.0,469.0
218.0,469.0
221.0,469.0
340.0,469.0
376.0,469.0
469.0,503.0
469.0,555.0
469.0,631.0
469.0,650.0
469.0,710.0
469.0,725.0
469.0,945.0
9.0,470.0
155.0,470.0
196.0,470.0
470.0,914.0
465.0,471.0
471.0,899.0
471.0,952.0
202.0,472.0
382.0,472.0
472.0,613.0
472.0,877.0
473.0,629.0
473.0,684.0
473.0,718.0
473.0,728.0
261.0,474.0
393.0,474.0
474.0,569.0
474.0,753.0
474.0,814.0
474.0,849.0
0.0,475.0
195.0,475.0
415.0,475.0
475.0,507.0
475.0,526.0
475.0,557.0
475.0,644.0
230.0,476.0
377.0,476.0
428.0,476.0
476.0,493.0
476.0,500.0
476.0,647.0
475.0,477.0
477.0,675.0
330.0,478.0
434.0,478.0
443.0,478.0
478.0,531.0
478.0,539.0
478.0,839.0
204.0,479.0
296.0,479.0
479.0,636.0
479.0,764.0
479.0,808.0
479.0,853.0
479.0,859.0
402.0,480.0
480.0,569.0
480.0,655.0
480.0,794.0
148.0,481.0
277.0,481.0
452.0,481.0
481.0,520.0
481.0,750.0
481.0,850.0
366.0,482.0
482.0,560.0
482.0,676.0
482.0,739.0
282.0,483.0
317.0,483.0
483.0,546.0
456.0,484.0
484.0,549.0
174.0,485.0
236.0,485.0
265.0,485.0
310.0,485.0
357.0,485.0
402.0,485.0
470.0,485.0
485.0,582.0
485.0,602.0
108.0,486.0
412.0,486.0
468.0,486.0
486.0,589.0
486.0,661.0
486.0,683.0
306.0,487.0
347.0,487.0
449.0,487.0
487.0,520.0
487.0,807.0
487.0,995.0
115.0,488.0
387.0,488.0
488.0,582.0
488.0,643.0
488.0,685.0
488.0,774.0
199.0,489.0
472.0,489.0
489.0,515.0
489.0,582.0
489.0,608.0
489.0,736.0
489.0,749.0
489.0,912.0
489.0,985.0
389.0,490.0
490.0,505.0
490.0,595.0
52.0,491.0
468.0,491.0
491.0,712.0
491.0,931.0
51.0,492.0
207.0,492.0
266.0,492.0
416.0,492.0
441.0,492.0
447.0,492.0
492.0,609.0
492.0,725.0
492.0,952.0
102.0,493.0
334.0,493.0
493.0,539.0
493.0,542.0
493.0,587.0
493.0,612.0
493.0,659.0
493.0,741.0
493.0,748.0
145.0,494.0
367.0,494.0
399.0,494.0
406.0,494.0
464.0,494.0
494.0,662.0
238.0,495.0
343.0,495.0
495.0,634.0
495.0,785.0
495.0,967.0
21.0,496.0
191.0,496.0
225.0,496.0
318.0,496.0
463.0,496.0
496.0,534.0
496.0,858.0
496.0,958.0
496.0,979.0
117.0,497.0
264.0,497.0
497.0,516.0
497.0,542.0
497.0,627.0
497.0,815.0
497.0,992.0
41.0,498.0
58.0,498.0
277.0,498.0
414.0,498.0
467.0,498.0
498.0,559.0
498.0,597.0
219.0,499.0
346.0,499.0
443.0,499.0
499.0,522.0
499.0,609.0
111.0,500.0
477.0,500.0
500.0,515.0
500.0,651.0
500.0,710.0
500.0,749.0
180.0,501.0
284.0,501.0
501.0,730.0
501.0,976.0
444.0,502.0
456.0,502.0
502.0,515.0
502.0,525.0
502.0,582.0
238.0,503.0
503.0,652.0
503.0,666.0
503.0,865.0
503.0,982.0
371.0,504.0
504.0,672.0
268.0,505.0
478.0,505.0
505.0,533.0
505.0,593.0
505.0,613.0
505.0,639.0
505.0,927.0
42.0,506.0
58.0,506.0
127.0,506.0
308.0,506.0
430.0,506.0
137.0,507.0
232.0,507.0
350.0,507.0
375.0,507.0
507.0,549.0
507.0,655.0
507.0,719.0
507.0,827.0
507.0,931.0
16.0,508.0
357.0,508.0
407.0,508.0
468.0,508.0
508.0,651.0
508.0,771.0
508.0,966.0
13.0,509.0
299.0,509.0
503.0,509.0
509.0,614.0
509.0,702.0
509.0,921.0
140.0,510.0
375.0,510.0
380.0,510.0
402.0,510.0
419.0,510.0
511.0,740.0
511.0,817.0
458.0,512.0
512.0,516.0
512.0,536.0
512.0,628.0
512.0,632.0
512.0,634.0
512.0,858.0
176.0,513.0
397.0,513.0
505.0,513.0
513.0,650.0
322.0,514.0
514.0,844.0
72.0,515.0
492.0,515.0
494.0,515.0
515.0,538.0
515.0,606.0
515.0,710.0
515.0,905.0
67.0,516.0
69.0,516.0
374.0,516.0
503.0,516.0
516.0,526.0
516.0,625.0
516.0,646.0
516.0,676.0
516.0,689.0
516.0,970.0
83.0,517.0
299.0,517.0
517.0,639.0
517.0,760.0
517.0,972.0
518.0,588.0
518.0,771.0
214.0,519.0
378.0,519.0
457.0,519.0
519.0,676.0
519.0,689.0
519.0,748.0
102.0,520.0
147.0,520.0
503.0,520.0
520.0,636.0
520.0,874.0
70.0,521.0
280.0,521.0
521.0,574.0
521.0,804.0
521.0,934.0
101.0,522.0
252.0,522.0
516.0,522.0
522.0,534.0
522.0,589.0
522.0,890.0
145.0,523.0
439.0,523.0
504.0,523.0
523.0,689.0
206.0,524.0
313.0,524.0
488.0,524.0
524.0,600.0
524.0,620.0
524.0,832.0
524.0,991.0
525.0,541.0
525.0,637.0
525.0,652.0
525.0,881.0
185.0,526.0
425.0,526.0
460.0,526.0
161.0,527.0
300.0,527.0
423.0,527.0
438.0,527.0
509.0,527.0
527.0,747.0
527.0,944.0
364.0,528.0
369.0,528.0
528.0,693.0
528.0,956.0
21.0,529.0
147.0,529.0
456.0,529.0
457.0,529.0
522.0,529.0
528.0,529.0
529.0,618.0
113.0,530.0
174.0,530.0
215.0,530.0
520.0,530.0
530.0,633.0
530.0,766.0
530.0,809.0
530.0,921.0
467.0,531.0
497.0,531.0
531.0,547.0
531.0,619.0
531.0,786.0
531.0,859.0
141.0,532.0
142.0,532.0
218.0,532.0
370.0,532.0
528.0,532.0
532.0,564.0
358.0,533.0
507.0,533.0
533.0,824.0
30.0,534.0
90.0,534.0
347.0,534.0
457.0,534.0
534.0,567.0
534.0,575.0
534.0,580.0
392.0,535.0
469.0,535.0
476.0,535.0
502.0,535.0
535.0,736.0
62.0,536.0
336.0,536.0
425.0,536.0
536.0,587.0
536.0,738.0
76.0,537.0
210.0,537.0
343.0,537.0
404.0,537.0
526.0,537.0
537.0,542.0
537.0,548.0
537.0,590.0
537.0,645.0
537.0,647.0
537.0,657.0
537.0,758.0
537.0,780.0
537.0,791.0
396.0,538.0
421.0,538.0
492.0,538.0
119.0,539.0
363.0,539.0
497.0,539.0
539.0,609.0
0.0,540.0
320.0,541.0
484.0,541.0
506.0,541.0
541.0,685.0
541.0,761.0
541.0,848.0
172.0,542.0
289.0,542.0
364.0,542.0
392.0,542.0
416.0,542.0
542.0,549.0
542.0,645.0
542.0,654.0
542.0,917.0
62.0,543.0
222.0,543.0
348.0,543.0
430.0,543.0
456.0,543.0
470.0,543.0
539.0,543.0
543.0,642.0
543.0,735.0
94.0,544.0
444.0,544.0
448.0,544.0
453.0,544.0
485.0,544.0
539.0,544.0
233.0,545.0
343.0,545.0
527.0,545.0
545.0,666.0
545.0,749.0
545.0,781.0
545.0,790.0
545.0,911.0
58.0,546.0
248.0,546.0
379.0,546.0
454.0,546.0
494.0,546.0
546.0,657.0
17.0,547.0
115.0,547.0
355.0,547.0
413.0,547.0
447.0,547.0
547.0,619.0
349.0,548.0
446.0,548.0
494.0,548.0
535.0,548.0
548.0,650.0
548.0,657.0
548.0,932.0
200.0,549.0
549.0,660.0
187.0,550.0
508.0,550.0
550.0,603.0
62.0,551.0
293.0,551.0
444.0,551.0
551.0,657.0
94.0,552.0
386.0,552.0
414.0,552.0
463.0,552.0
552.0,591.0
552.0,744.0
552.0,984.0
67.0,553.0
112.0,553.0
342.0,553.0
406.0,553.0
553.0,792.0
122.0,554.0
396.0,554.0
554.0,618.0
554.0,623.0
554.0,746.0
554.0,923.0
547.0,555.0
555.0,641.0
555.0,693.0
288.0,556.0
327.0,556.0
414.0,556.0
441.0,556.0
556.0,722.0
0.0,557.0
128.0,558.0
452.0,558.0
553.0,558.0
558.0,839.0
558.0,948.0
522.0,559.0
559.0,608.0
559.0,643.0
559.0,644.0
559.0,664.0
559.0,850.0
559.0,872.0
559.0,941.0
344.0,560.0
413.0,560.0
553.0,560.0
560.0,649.0
294.0,561.0
302.0,561.0
312.0,561.0
488.0,561.0
496.0,561.0
205.0,562.0
264.0,562.0
317.0,562.0
425.0,562.0
426.0,562.0
446.0,562.0
562.0,593.0
562.0,619.0
562.0,751.0
238.0,563.0
506.0,563.0
563.0,592.0
563.0,660.0
563.0,680.0
563.0,832.0
563.0,940.0
419.0,564.0
470.0,564.0
535.0,564.0
101.0,565.0
159.0,565.0
406.0,565.0
565.0,567.0
565.0,592.0
565.0,598.0
259.0,566.0
387.0,566.0
502.0,566.0
509.0,566.0
544.0,566.0
561.0,566.0
566.0,662.0
566.0,881.0
185.0,567.0
464.0,567.0
567.0,573.0
567.0,954.0
166.0,568.0
413.0,568.0
568.0,627.0
568.0,628.0
327.0,569.0
332.0,569.0
515.0,569.0
524.0,569.0
569.0,599.0
569.0,754.0
569.0,874.0
226.0,570.0
343.0,570.0
420.0,570.0
498.0,570.0
534.0,570.0
570.0,586.0
570.0,876.0
256.0,571.0
335.0,571.0
428.0,571.0
488.0,571.0
492.0,571.0
530.0,571.0
182.0,572.0
547.0,572.0
570.0,572.0
566.0,573.0
573.0,714.0
573.0,889.0
63.0,574.0
409.0,574.0
493.0,574.0
521.0,574.0
574.0,664.0
309.0,575.0
489.0,575.0
494.0,575.0
319.0,576.0
336.0,576.0
444.0,576.0
576.0,834.0
576.0,869.0
541.0,577.0
577.0,991.0
41.0,578.0
393.0,578.0
511.0,578.0
578.0,589.0
578.0,598.0
578.0,624.0
578.0,706.0
578.0,860.0
47.0,579.0
85.0,579.0
431.0,579.0
491.0,579.0
579.0,630.0
579.0,707.0
12.0,580.0
21.0,580.0
122.0,580.0
443.0,580.0
580.0,902.0
19.0,581.0
60.0,581.0
581.0,583.0
581.0,610.0
581.0,644.0
581.0,903.0
44.0,582.0
402.0,582.0
478.0,582.0
571.0,582.0
582.0,620.0
582.0,732.0
48.0,583.0
380.0,583.0
583.0,658.0
583.0,713.0
583.0,808.0
583.0,873.0
583.0,907.0
583.0,988.0
179.0,584.0
293.0,584.0
349.0,584.0
438.0,584.0
480.0,584.0
584.0,780.0
584.0,915.0
132.0,585.0
382.0,585.0
439.0,585.0
585.0,713.0
585.0,875.0
586.0,607.0
586.0,837.0
197.0,587.0
467.0,587.0
587.0,845.0
587.0,898.0
18.0,588.0
80.0,588.0
367.0,588.0
408.0,588.0
224.0,589.0
509.0,589.0
589.0,762.0
589.0,913.0
41.0,590.0
164.0,590.0
398.0,590.0
590.0,628.0
590.0,866.0
590.0,903.0
590.0,936.0
590.0,983.0
34.0,591.0
175.0,591.0
206.0,591.0
522.0,591.0
591.0,633.0
277.0,592.0
361.0,592.0
403.0,592.0
408.0,592.0
410.0,592.0
428.0,592.0
566.0,592.0
592.0,641.0
311.0,593.0
475.0,593.0
593.0,655.0
593.0,945.0
593.0,972.0
37.0,594.0
160.0,594.0
320.0,594.0
338.0,594.0
367.0,594.0
375.0,594.0
382.0,594.0
470.0,594.0
594.0,620.0
594.0,721.0
594.0,734.0
594.0,811.0
594.0,820.0
252.0,595.0
438.0,595.0
496.0,595.0
553.0,595.0
594.0,595.0
595.0,631.0
595.0,651.0
595.0,835.0
68.0,596.0
87.0,596.0
406.0,596.0
130.0,597.0
261.0,597.0
271.0,597.0
392.0,597.0
590.0,597.0
597.0,626.0
215.0,598.0
417.0,598.0
598.0,696.0
598.0,802.0
598.0,922.0
338.0,599.0
599.0,939.0
62.0,600.0
75.0,600.0
398.0,600.0
600.0,654.0
600.0,752.0
80.0,601.0
348.0,601.0
385.0,601.0
176.0,602.0
384.0,602.0
602.0,702.0
603.0,640.0
89.0,604.0
395.0,604.0
399.0,604.0
455.0,604.0
559.0,604.0
604.0,769.0
604.0,782.0
604.0,874.0
31.0,605.0
173.0,605.0
430.0,605.0
528.0,605.0
605.0,759.0
605.0,775.0
605.0,828.0
39.0,606.0
55.0,606.0
57.0,606.0
244.0,606.0
356.0,606.0
593.0,606.0
606.0,656.0
606.0,943.0
63.0,607.0
301.0,607.0
422.0,607.0
607.0,755.0
607.0,942.0
42.0,608.0
148.0,608.0
388.0,608.0
507.0,608.0
559.0,608.0
608.0,816.0
608.0,862.0
187.0,609.0
289.0,609.0
368.0,609.0
542.0,609.0
594.0,609.0
609.0,887.0
326.0,610.0
333.0,610.0
350.0,610.0
366.0,610.0
543.0,610.0
610.0,628.0
610.0,764.0
610.0,816.0
278.0,611.0
466.0,611.0
336.0,612.0
350.0,612.0
411.0,612.0
482.0,612.0
522.0,612.0
612.0,757.0
612.0,830.0
41.0,613.0
202.0,613.0
373.0,613.0
589.0,613.0
613.0,688.0
613.0,787.0
613.0,848.0
100.0,614.0
337.0,614.0
352.0,614.0
610.0,614.0
614.0,671.0
614.0,844.0
61.0,615.0
409.0,615.0
500.0,615.0
84.0,616.0
191.0,616.0
468.0,616.0
487.0,616.0
616.0,617.0
616.0,634.0
616.0,692.0
616.0,843.0
616.0,885.0
86.0,617.0
376.0,617.0
565.0,617.0
617.0,918.0
162.0,618.0
618.0,622.0
618.0,650.0
431.0,619.0
88.0,620.0
539.0,620.0
142.0,621.0
367.0,621.0
621.0,769.0
621.0,834.0
383.0,622.0
579.0,622.0
622.0,637.0
622.0,915.0
164.0,623.0
398.0,623.0
444.0,623.0
491.0,623.0
623.0,759.0
277.0,624.0
306.0,624.0
442.0,624.0
454.0,624.0
500.0,624.0
624.0,996.0
283.0,625.0
390.0,625.0
441.0,625.0
516.0,625.0
588.0,625.0
616.0,625.0
211.0,626.0
364.0,626.0
626.0,661.0
626.0,961.0
82.0,627.0
341.0,627.0
379.0,627.0
563.0,627.0
569.0,627.0
586.0,627.0
627.0,821.0
191.0,628.0
544.0,628.0
628.0,640.0
481.0,629.0
361.0,630.0
420.0,630.0
630.0,655.0
630.0,659.0
630.0,797.0
13.0,631.0
418.0,631.0
631.0,698.0
631.0,752.0
121.0,632.0
362.0,632.0
632.0,781.0
165.0,633.0
518.0,633.0
570.0,633.0
94.0,634.0
338.0,634.0
421.0,634.0
625.0,634.0
200.0,635.0
450.0,635.0
635.0,655.0
427.0,636.0
466.0,636.0
522.0,636.0
539.0,636.0
78.0,637.0
81.0,637.0
489.0,637.0
559.0,637.0
637.0,839.0
204.0,638.0
581.0,638.0
587.0,638.0
638.0,747.0
557.0,639.0
639.0,673.0
639.0,767.0
639.0,867.0
639.0,901.0
178.0,640.0
355.0,640.0
508.0,640.0
522.0,640.0
640.0,641.0
111.0,641.0
298.0,641.0
352.0,642.0
440.0,642.0
615.0,642.0
642.0,662.0
642.0,793.0
456.0,643.0
480.0,643.0
643.0,663.0
643.0,769.0
643.0,908.0
121.0,644.0
135.0,644.0
167.0,644.0
349.0,644.0
438.0,644.0
469.0,644.0
544.0,644.0
625.0,644.0
644.0,661.0
227.0,645.0
351.0,645.0
538.0,645.0
645.0,666.0
645.0,966.0
103.0,646.0
163.0,646.0
165.0,646.0
329.0,646.0
383.0,646.0
425.0,646.0
434.0,646.0
454.0,646.0
522.0,646.0
646.0,978.0
646.0,987.0
136.0,647.0
253.0,647.0
647.0,658.0
647.0,686.0
647.0,806.0
647.0,985.0
200.0,648.0
521.0,648.0
547.0,648.0
633.0,648.0
2.0,649.0
59.0,649.0
142.0,649.0
342.0,649.0
490.0,649.0
535.0,649.0
601.0,649.0
460.0,650.0
490.0,650.0
608.0,650.0
650.0,841.0
275.0,651.0
532.0,651.0
593.0,651.0
651.0,727.0
651.0,861.0
349.0,652.0
454.0,652.0
509.0,652.0
652.0,663.0
204.0,653.0
394.0,653.0
419.0,653.0
530.0,653.0
653.0,683.0
307.0,654.0
325.0,654.0
505.0,654.0
654.0,851.0
47.0,655.0
187.0,655.0
547.0,655.0
407.0,656.0
522.0,656.0
624.0,656.0
656.0,752.0
327.0,657.0
533.0,657.0
601.0,657.0
657.0,754.0
657.0,917.0
81.0,658.0
343.0,658.0
372.0,658.0
583.0,658.0
584.0,658.0
626.0,658.0
658.0,702.0
368.0,659.0
480.0,659.0
492.0,659.0
591.0,659.0
659.0,744.0
659.0,770.0
579.0,660.0
660.0,937.0
59.0,661.0
68.0,661.0
298.0,661.0
317.0,661.0
356.0,661.0
379.0,661.0
401.0,661.0
487.0,661.0
661.0,940.0
256.0,662.0
408.0,662.0
429.0,662.0
500.0,662.0
662.0,931.0
20.0,663.0
381.0,663.0
600.0,663.0
607.0,663.0
619.0,663.0
358.0,664.0
374.0,664.0
392.0,664.0
640.0,664.0
664.0,768.0
664.0,925.0
59.0,665.0
451.0,665.0
497.0,665.0
665.0,905.0
41.0,666.0
666.0,738.0
343.0,667.0
389.0,667.0
541.0,667.0
667.0,689.0
667.0,827.0
201.0,668.0
513.0,668.0
639.0,668.0
668.0,690.0
668.0,730.0
668.0,968.0
669.0,670.0
669.0,702.0
669.0,735.0
669.0,860.0
669.0,881.0
269.0,670.0
670.0,685.0
670.0,777.0
670.0,804.0
231.0,671.0
671.0,709.0
671.0,894.0
671.0,902.0
671.0,938.0
132.0,672.0
169.0,672.0
422.0,672.0
672.0,827.0
672.0,833.0
352.0,673.0
377.0,673.0
411.0,673.0
458.0,673.0
489.0,673.0
673.0,681.0
673.0,773.0
673.0,793.0
673.0,829.0
673.0,839.0
673.0,848.0
674.0,747.0
674.0,769.0
473.0,675.0
484.0,675.0
675.0,710.0
675.0,982.0
676.0,733.0
676.0,937.0
676.0,945.0
43.0,677.0
50.0,677.0
569.0,677.0
677.0,914.0
98.0,678.0
496.0,678.0
678.0,703.0
678.0,793.0
678.0,801.0
678.0,836.0
180.0,679.0
553.0,679.0
679.0,695.0
282.0,680.0
680.0,852.0
680.0,972.0
299.0,681.0
363.0,681.0
259.0,682.0
569.0,682.0
676.0,682.0
682.0,879.0
622.0,683.0
654.0,683.0
683.0,723.0
683.0,780.0
683.0,976.0
206.0,684.0
300.0,684.0
319.0,684.0
684.0,878.0
231.0,685.0
453.0,685.0
685.0,704.0
685.0,756.0
685.0,767.0
685.0,803.0
685.0,929.0
685.0,970.0
685.0,987.0
278.0,686.0
507.0,686.0
669.0,686.0
686.0,821.0
686.0,847.0
686.0,948.0
686.0,991.0
687.0,873.0
687.0,952.0
77.0,688.0
173.0,688.0
378.0,688.0
517.0,688.0
682.0,688.0
688.0,783.0
688.0,941.0
0.0,689.0
119.0,690.0
480.0,690.0
690.0,692.0
690.0,802.0
690.0,905.0
690.0,906.0
40.0,691.0
691.0,822.0
691.0,849.0
691.0,886.0
691.0,932.0
10.0,692.0
692.0,736.0
692.0,762.0
692.0,896.0
692.0,902.0
692.0,910.0
692.0,935.0
118.0,693.0
231.0,693.0
693.0,839.0
693.0,916.0
693.0,924.0
693.0,930.0
118.0,694.0
361.0,694.0
694.0,856.0
694.0,891.0
375.0,695.0
393.0,695.0
695.0,731.0
695.0,812.0
695.0,843.0
695.0,907.0
695.0,961.0
695.0,971.0
696.0,935.0
696.0,975.0
12.0,697.0
139.0,697.0
147.0,697.0
697.0,702.0
697.0,791.0
263.0,698.0
490.0,698.0
699.0,967.0
699.0,991.0
528.0,700.0
546.0,700.0
592.0,700.0
700.0,704.0
700.0,859.0
700.0,879.0
700.0,886.0
700.0,926.0
185.0,701.0
583.0,701.0
693.0,701.0
701.0,935.0
200.0,702.0
341.0,702.0
702.0,761.0
702.0,909.0
702.0,966.0
43.0,703.0
52.0,703.0
703.0,805.0
560.0,704.0
704.0,710.0
704.0,762.0
704.0,875.0
91.0,705.0
169.0,705.0
383.0,705.0
698.0,705.0
705.0,786.0
705.0,921.0
223.0,706.0
606.0,706.0
706.0,743.0
706.0,874.0
706.0,950.0
187.0,707.0
680.0,707.0
707.0,895.0
578.0,708.0
640.0,708.0
708.0,794.0
708.0,881.0
78.0,709.0
210.0,709.0
228.0,709.0
412.0,709.0
413.0,709.0
420.0,709.0
541.0,709.0
709.0,732.0
709.0,780.0
709.0,942.0
710.0,760.0
710.0,795.0
710.0,846.0
710.0,929.0
710.0,938.0
147.0,711.0
594.0,711.0
711.0,719.0
711.0,823.0
711.0,847.0
711.0,886.0
413.0,712.0
712.0,732.0
712.0,752.0
712.0,778.0
712.0,780.0
712.0,832.0
712.0,989.0
317.0,713.0
657.0,713.0
713.0,785.0
713.0,804.0
713.0,833.0
713.0,974.0
713.0,991.0
399.0,714.0
542.0,714.0
569.0,714.0
670.0,714.0
714.0,777.0
272.0,715.0
488.0,715.0
80.0,716.0
259.0,716.0
669.0,716.0
675.0,716.0
716.0,765.0
716.0,929.0
103.0,717.0
644.0,717.0
671.0,717.0
673.0,717.0
717.0,955.0
717.0,958.0
214.0,718.0
610.0,718.0
718.0,772.0
718.0,789.0
718.0,840.0
375.0,719.0
719.0,796.0
719.0,943.0
719.0,988.0
123.0,720.0
552.0,720.0
679.0,720.0
689.0,720.0
705.0,720.0
720.0,827.0
720.0,849.0
720.0,959.0
244.0,721.0
580.0,721.0
712.0,721.0
721.0,879.0
721.0,954.0
721.0,976.0
147.0,722.0
694.0,722.0
718.0,722.0
722.0,818.0
722.0,889.0
722.0,992.0
419.0,723.0
683.0,723.0
714.0,723.0
723.0,796.0
723.0,864.0
723.0,997.0
469.0,724.0
724.0,842.0
724.0,991.0
103.0,725.0
367.0,725.0
483.0,725.0
504.0,725.0
725.0,863.0
725.0,991.0
53.0,726.0
118.0,726.0
356.0,726.0
564.0,726.0
726.0,935.0
726.0,970.0
726.0,992.0
404.0,727.0
648.0,727.0
727.0,893.0
727.0,934.0
500.0,728.0
668.0,728.0
669.0,728.0
706.0,728.0
728.0,829.0
728.0,949.0
299.0,729.0
554.0,729.0
100.0,730.0
407.0,730.0
730.0,874.0
730.0,887.0
730.0,900.0
240.0,731.0
731.0,801.0
731.0,940.0
257.0,732.0
515.0,732.0
658.0,732.0
685.0,732.0
732.0,799.0
732.0,849.0
732.0,895.0
732.0,996.0
7.0,733.0
453.0,733.0
578.0,733.0
733.0,794.0
733.0,831.0
182.0,734.0
534.0,734.0
645.0,734.0
655.0,734.0
668.0,734.0
49.0,735.0
83.0,735.0
669.0,735.0
735.0,847.0
735.0,919.0
248.0,736.0
555.0,736.0
622.0,736.0
736.0,740.0
736.0,782.0
736.0,875.0
736.0,876.0
52.0,737.0
254.0,737.0
291.0,737.0
617.0,737.0
633.0,737.0
737.0,893.0
6.0,738.0
45.0,738.0
130.0,738.0
262.0,738.0
489.0,738.0
738.0,756.0
738.0,845.0
738.0,980.0
738.0,989.0
238.0,739.0
630.0,739.0
739.0,821.0
739.0,895.0
299.0,740.0
740.0,745.0
740.0,857.0
69.0,741.0
104.0,741.0
399.0,741.0
681.0,741.0
717.0,741.0
728.0,741.0
741.0,765.0
741.0,922.0
741.0,995.0
601.0,742.0
742.0,964.0
450.0,743.0
602.0,743.0
743.0,851.0
252.0,744.0
329.0,744.0
391.0,744.0
744.0,793.0
744.0,865.0
744.0,867.0
744.0,887.0
196.0,745.0
565.0,745.0
695.0,745.0
745.0,958.0
745.0,986.0
745.0,988.0
406.0,746.0
717.0,746.0
746.0,747.0
746.0,885.0
746.0,946.0
479.0,747.0
513.0,747.0
677.0,747.0
689.0,747.0
747.0,797.0
747.0,802.0
747.0,859.0
747.0,922.0
747.0,954.0
492.0,748.0
586.0,748.0
676.0,748.0
748.0,782.0
748.0,790.0
748.0,883.0
748.0,912.0
104.0,749.0
456.0,749.0
600.0,749.0
609.0,749.0
712.0,749.0
749.0,932.0
505.0,750.0
750.0,889.0
240.0,751.0
591.0,751.0
684.0,751.0
704.0,751.0
240.0,752.0
414.0,752.0
674.0,752.0
752.0,773.0
752.0,820.0
17.0,753.0
124.0,753.0
681.0,753.0
705.0,753.0
753.0,908.0
754.0,827.0
754.0,847.0
754.0,911.0
110.0,755.0
230.0,755.0
384.0,755.0
428.0,755.0
524.0,755.0
706.0,755.0
755.0,835.0
755.0,960.0
244.0,756.0
756.0,763.0
756.0,828.0
708.0,757.0
730.0,757.0
757.0,786.0
757.0,963.0
49.0,758.0
194.0,758.0
475.0,758.0
750.0,758.0
758.0,878.0
758.0,923.0
759.0,857.0
759.0,862.0
759.0,875.0
370.0,760.0
524.0,760.0
760.0,776.0
760.0,824.0
760.0,972.0
157.0,761.0
160.0,761.0
458.0,761.0
326.0,762.0
407.0,762.0
762.0,875.0
762.0,893.0
362.0,763.0
450.0,763.0
561.0,763.0
606.0,763.0
666.0,763.0
677.0,763.0
697.0,763.0
274.0,764.0
764.0,965.0
764.0,966.0
291.0,765.0
594.0,765.0
605.0,765.0
608.0,765.0
765.0,988.0
78.0,766.0
288.0,766.0
766.0,820.0
766.0,833.0
228.0,767.0
236.0,767.0
323.0,767.0
705.0,767.0
767.0,879.0
767.0,882.0
767.0,974.0
46.0,768.0
131.0,768.0
500.0,768.0
505.0,768.0
685.0,768.0
768.0,784.0
279.0,769.0
469.0,769.0
490.0,769.0
769.0,868.0
725.0,770.0
770.0,783.0
770.0,808.0
770.0,872.0
771.0,825.0
708.0,772.0
773.0,790.0
773.0,846.0
773.0,968.0
773.0,974.0
773.0,978.0
499.0,774.0
774.0,886.0
774.0,903.0
774.0,988.0
422.0,775.0
157.0,776.0
486.0,776.0
766.0,776.0
502.0,777.0
777.0,795.0
136.0,778.0
183.0,778.0
778.0,914.0
133.0,779.0
250.0,779.0
759.0,779.0
770.0,779.0
779.0,813.0
779.0,987.0
185.0,780.0
527.0,780.0
780.0,905.0
428.0,781.0
781.0,784.0
781.0,902.0
781.0,988.0
141.0,782.0
431.0,782.0
694.0,782.0
782.0,844.0
150.0,783.0
657.0,783.0
678.0,783.0
681.0,783.0
688.0,783.0
718.0,783.0
783.0,981.0
244.0,784.0
668.0,784.0
784.0,977.0
183.0,785.0
210.0,785.0
429.0,785.0
447.0,785.0
558.0,785.0
785.0,936.0
436.0,786.0
525.0,786.0
543.0,786.0
750.0,786.0
786.0,825.0
786.0,946.0
29.0,787.0
509.0,787.0
570.0,787.0
731.0,787.0
787.0,815.0
787.0,865.0
787.0,990.0
787.0,993.0
143.0,788.0
768.0,788.0
98.0,789.0
212.0,789.0
260.0,789.0
371.0,789.0
789.0,907.0
289.0,790.0
452.0,790.0
495.0,790.0
790.0,830.0
494.0,791.0
713.0,791.0
752.0,791.0
791.0,792.0
791.0,844.0
24.0,792.0
578.0,792.0
674.0,792.0
140.0,793.0
141.0,793.0
383.0,793.0
793.0,804.0
793.0,821.0
258.0,794.0
506.0,794.0
794.0,904.0
308.0,795.0
587.0,795.0
704.0,795.0
725.0,795.0
734.0,795.0
795.0,882.0
20.0,796.0
691.0,796.0
722.0,796.0
796.0,805.0
796.0,856.0
796.0,908.0
796.0,972.0
261.0,797.0
547.0,797.0
712.0,797.0
585.0,798.0
665.0,798.0
798.0,879.0
798.0,898.0
799.0,872.0
174.0,800.0
363.0,800.0
800.0,982.0
317.0,801.0
428.0,801.0
628.0,801.0
762.0,801.0
801.0,945.0
410.0,802.0
494.0,802.0
706.0,802.0
802.0,846.0
802.0,900.0
802.0,962.0
803.0,817.0
803.0,825.0
803.0,833.0
803.0,906.0
803.0,948.0
357.0,804.0
804.0,849.0
804.0,886.0
804.0,918.0
317.0,805.0
672.0,805.0
698.0,805.0
719.0,805.0
770.0,805.0
805.0,823.0
730.0,806.0
733.0,806.0
750.0,806.0
266.0,807.0
593.0,807.0
689.0,807.0
807.0,816.0
807.0,820.0
807.0,995.0
115.0,808.0
522.0,808.0
808.0,810.0
808.0,862.0
209.0,809.0
274.0,809.0
809.0,910.0
270.0,810.0
294.0,810.0
388.0,810.0
666.0,810.0
689.0,810.0
810.0,843.0
810.0,906.0
810.0,934.0
810.0,944.0
623.0,811.0
666.0,811.0
746.0,811.0
811.0,896.0
66.0,812.0
95.0,812.0
191.0,812.0
264.0,812.0
693.0,812.0
805.0,812.0
812.0,817.0
812.0,880.0
812.0,987.0
157.0,813.0
738.0,813.0
776.0,813.0
813.0,888.0
810.0,814.0
814.0,836.0
814.0,840.0
711.0,815.0
815.0,843.0
815.0,882.0
815.0,958.0
33.0,816.0
261.0,816.0
569.0,816.0
708.0,816.0
779.0,816.0
816.0,855.0
816.0,900.0
816.0,933.0
82.0,817.0
126.0,817.0
806.0,817.0
30.0,818.0
55.0,818.0
158.0,818.0
349.0,818.0
424.0,818.0
480.0,818.0
583.0,818.0
596.0,818.0
727.0,818.0
772.0,818.0
803.0,818.0
336.0,819.0
502.0,819.0
538.0,819.0
760.0,819.0
44.0,820.0
185.0,820.0
278.0,820.0
342.0,820.0
402.0,820.0
512.0,820.0
758.0,820.0
91.0,821.0
380.0,821.0
538.0,821.0
615.0,821.0
695.0,821.0
725.0,821.0
743.0,821.0
821.0,958.0
502.0,822.0
672.0,822.0
750.0,822.0
755.0,822.0
822.0,902.0
822.0,907.0
822.0,935.0
152.0,823.0
367.0,823.0
823.0,922.0
823.0,932.0
823.0,973.0
186.0,824.0
209.0,824.0
360.0,824.0
426.0,824.0
786.0,824.0
824.0,861.0
824.0,920.0
824.0,927.0
824.0,989.0
284.0,825.0
825.0,894.0
88.0,826.0
253.0,826.0
538.0,826.0
706.0,826.0
826.0,972.0
637.0,827.0
745.0,827.0
827.0,988.0
305.0,828.0
828.0,836.0
828.0,850.0
828.0,888.0
356.0,829.0
396.0,829.0
579.0,829.0
615.0,829.0
647.0,829.0
829.0,865.0
829.0,876.0
23.0,830.0
409.0,830.0
583.0,830.0
830.0,853.0
830.0,878.0
830.0,965.0
265.0,831.0
332.0,831.0
409.0,831.0
541.0,831.0
831.0,877.0
831.0,937.0
831.0,971.0
697.0,832.0
799.0,832.0
832.0,855.0
832.0,892.0
231.0,833.0
484.0,833.0
40.0,834.0
834.0,872.0
834.0,998.0
693.0,835.0
835.0,862.0
514.0,836.0
836.0,842.0
836.0,922.0
507.0,837.0
697.0,837.0
786.0,837.0
837.0,968.0
837.0,993.0
109.0,838.0
160.0,838.0
672.0,838.0
707.0,838.0
838.0,882.0
130.0,839.0
453.0,839.0
653.0,839.0
659.0,839.0
688.0,839.0
813.0,839.0
570.0,840.0
719.0,840.0
16.0,841.0
170.0,841.0
555.0,841.0
593.0,841.0
728.0,841.0
758.0,841.0
104.0,842.0
121.0,842.0
635.0,842.0
686.0,842.0
805.0,842.0
348.0,843.0
737.0,843.0
745.0,843.0
754.0,843.0
755.0,843.0
842.0,843.0
843.0,893.0
843.0,992.0
128.0,844.0
430.0,844.0
792.0,844.0
820.0,844.0
844.0,889.0
844.0,944.0
268.0,845.0
546.0,845.0
691.0,845.0
763.0,845.0
831.0,845.0
845.0,864.0
667.0,846.0
846.0,917.0
846.0,970.0
31.0,847.0
118.0,847.0
793.0,847.0
133.0,848.0
571.0,848.0
704.0,848.0
823.0,848.0
370.0,849.0
485.0,849.0
49.0,850.0
51.0,850.0
214.0,850.0
683.0,850.0
850.0,980.0
300.0,851.0
371.0,851.0
727.0,851.0
808.0,851.0
626.0,852.0
852.0,952.0
55.0,853.0
168.0,854.0
779.0,854.0
854.0,873.0
240.0,855.0
552.0,855.0
802.0,855.0
576.0,856.0
658.0,856.0
810.0,856.0
79.0,857.0
287.0,857.0
372.0,857.0
499.0,858.0
540.0,858.0
667.0,858.0
696.0,858.0
858.0,957.0
858.0,990.0
73.0,859.0
147.0,859.0
194.0,859.0
362.0,859.0
635.0,859.0
791.0,859.0
859.0,879.0
667.0,860.0
727.0,860.0
777.0,860.0
860.0,981.0
135.0,861.0
284.0,861.0
670.0,861.0
861.0,953.0
861.0,987.0
318.0,862.0
90.0,863.0
602.0,863.0
682.0,863.0
734.0,863.0
839.0,863.0
857.0,863.0
863.0,899.0
301.0,864.0
498.0,864.0
585.0,864.0
697.0,864.0
281.0,865.0
596.0,865.0
746.0,865.0
749.0,865.0
267.0,866.0
467.0,866.0
516.0,866.0
866.0,879.0
866.0,972.0
4.0,867.0
211.0,867.0
342.0,867.0
614.0,867.0
33.0,868.0
187.0,868.0
312.0,868.0
336.0,868.0
474.0,868.0
834.0,868.0
106.0,869.0
229.0,869.0
769.0,869.0
278.0,870.0
852.0,870.0
870.0,921.0
377.0,871.0
697.0,871.0
735.0,871.0
810.0,871.0
222.0,872.0
791.0,872.0
872.0,961.0
193.0,873.0
312.0,873.0
724.0,873.0
161.0,874.0
242.0,874.0
553.0,874.0
766.0,874.0
793.0,874.0
874.0,993.0
102.0,875.0
253.0,875.0
563.0,875.0
763.0,875.0
875.0,892.0
486.0,876.0
824.0,876.0
831.0,876.0
713.0,877.0
808.0,877.0
871.0,877.0
876.0,877.0
877.0,913.0
877.0,944.0
144.0,878.0
236.0,878.0
567.0,878.0
585.0,878.0
657.0,878.0
838.0,878.0
842.0,878.0
878.0,956.0
764.0,879.0
802.0,879.0
823.0,879.0
879.0,965.0
218.0,880.0
665.0,880.0
880.0,929.0
33.0,881.0
311.0,881.0
466.0,881.0
514.0,881.0
657.0,881.0
728.0,881.0
835.0,881.0
881.0,977.0
252.0,882.0
578.0,882.0
826.0,882.0
828.0,882.0
882.0,924.0
689.0,883.0
706.0,883.0
807.0,883.0
854.0,883.0
883.0,927.0
290.0,884.0
818.0,884.0
34.0,885.0
160.0,885.0
228.0,885.0
853.0,885.0
879.0,885.0
885.0,950.0
885.0,973.0
290.0,886.0
371.0,886.0
569.0,886.0
658.0,886.0
6.0,887.0
74.0,887.0
220.0,887.0
395.0,887.0
565.0,887.0
609.0,887.0
846.0,887.0
887.0,932.0
887.0,944.0
887.0,974.0
232.0,888.0
751.0,888.0
799.0,888.0
40.0,889.0
155.0,889.0
569.0,889.0
799.0,889.0
881.0,889.0
889.0,959.0
38.0,890.0
75.0,890.0
117.0,890.0
208.0,890.0
683.0,890.0
734.0,890.0
841.0,890.0
889.0,890.0
469.0,891.0
878.0,891.0
110.0,892.0
689.0,892.0
121.0,893.0
407.0,893.0
883.0,893.0
893.0,917.0
229.0,894.0
356.0,894.0
495.0,894.0
576.0,894.0
767.0,894.0
794.0,894.0
42.0,895.0
701.0,895.0
770.0,895.0
849.0,895.0
869.0,895.0
895.0,951.0
100.0,896.0
548.0,896.0
797.0,896.0
25.0,897.0
99.0,897.0
680.0,897.0
738.0,897.0
790.0,897.0
815.0,897.0
897.0,898.0
142.0,898.0
656.0,898.0
790.0,898.0
794.0,898.0
821.0,898.0
849.0,898.0
857.0,898.0
686.0,899.0
717.0,899.0
799.0,899.0
885.0,899.0
11.0,900.0
30.0,900.0
78.0,900.0
217.0,900.0
249.0,900.0
306.0,900.0
363.0,900.0
603.0,900.0
791.0,900.0
833.0,900.0
900.0,970.0
0.0,901.0
160.0,902.0
627.0,902.0
727.0,902.0
873.0,902.0
902.0,955.0
34.0,903.0
231.0,903.0
314.0,903.0
903.0,961.0
292.0,904.0
476.0,904.0
604.0,904.0
730.0,904.0
793.0,904.0
904.0,912.0
415.0,905.0
583.0,905.0
602.0,905.0
621.0,905.0
685.0,905.0
875.0,905.0
901.0,905.0
16.0,906.0
191.0,906.0
209.0,906.0
322.0,906.0
499.0,906.0
764.0,906.0
808.0,906.0
86.0,907.0
179.0,907.0
907.0,930.0
486.0,908.0
643.0,908.0
668.0,908.0
714.0,908.0
715.0,908.0
790.0,908.0
804.0,908.0
908.0,912.0
12.0,909.0
307.0,909.0
388.0,909.0
681.0,909.0
888.0,909.0
909.0,992.0
455.0,910.0
612.0,910.0
864.0,910.0
910.0,948.0
549.0,911.0
624.0,911.0
740.0,912.0
857.0,912.0
912.0,988.0
14.0,913.0
21.0,913.0
554.0,913.0
699.0,913.0
757.0,913.0
884.0,913.0
913.0,939.0
799.0,914.0
896.0,914.0
914.0,942.0
488.0,915.0
616.0,915.0
768.0,915.0
858.0,915.0
179.0,916.0
297.0,916.0
415.0,916.0
888.0,916.0
916.0,935.0
143.0,917.0
479.0,917.0
635.0,917.0
70.0,918.0
497.0,918.0
765.0,918.0
810.0,918.0
918.0,980.0
10.0,919.0
230.0,919.0
518.0,919.0
646.0,919.0
713.0,919.0
781.0,919.0
833.0,919.0
0.0,920.0
370.0,920.0
653.0,920.0
848.0,920.0
376.0,921.0
668.0,921.0
715.0,921.0
874.0,921.0
326.0,922.0
741.0,922.0
823.0,922.0
319.0,923.0
351.0,923.0
467.0,923.0
566.0,923.0
699.0,923.0
805.0,923.0
891.0,923.0
904.0,923.0
923.0,974.0
76.0,924.0
91.0,924.0
381.0,924.0
595.0,924.0
649.0,924.0
293.0,925.0
778.0,925.0
331.0,926.0
355.0,926.0
602.0,926.0
675.0,927.0
779.0,927.0
911.0,927.0
927.0,949.0
388.0,928.0
869.0,928.0
905.0,928.0
88.0,929.0
147.0,929.0
167.0,929.0
401.0,929.0
670.0,929.0
929.0,975.0
35.0,930.0
66.0,930.0
87.0,930.0
180.0,930.0
212.0,930.0
362.0,930.0
484.0,930.0
489.0,930.0
731.0,930.0
805.0,930.0
833.0,930.0
847.0,930.0
180.0,931.0
601.0,931.0
755.0,931.0
852.0,931.0
905.0,931.0
931.0,953.0
687.0,932.0
690.0,932.0
728.0,932.0
843.0,932.0
903.0,932.0
452.0,933.0
635.0,933.0
668.0,933.0
696.0,933.0
887.0,933.0
933.0,934.0
933.0,937.0
269.0,934.0
570.0,934.0
841.0,934.0
854.0,934.0
934.0,936.0
166.0,935.0
254.0,935.0
607.0,935.0
859.0,935.0
907.0,935.0
935.0,965.0
21.0,936.0
203.0,936.0
451.0,936.0
492.0,936.0
524.0,936.0
535.0,936.0
689.0,936.0
693.0,936.0
735.0,936.0
835.0,936.0
840.0,936.0
259.0,937.0
356.0,937.0
364.0,937.0
768.0,937.0
839.0,937.0
141.0,938.0
210.0,938.0
530.0,938.0
834.0,938.0
866.0,938.0
915.0,938.0
484.0,939.0
698.0,939.0
939.0,949.0
85.0,940.0
384.0,940.0
408.0,940.0
693.0,940.0
144.0,941.0
436.0,941.0
438.0,941.0
702.0,941.0
941.0,955.0
238.0,942.0
649.0,942.0
734.0,942.0
862.0,942.0
808.0,943.0
854.0,943.0
199.0,944.0
483.0,944.0
872.0,944.0
907.0,944.0
123.0,945.0
848.0,945.0
869.0,945.0
926.0,945.0
945.0,987.0
146.0,946.0
853.0,946.0
315.0,947.0
421.0,947.0
794.0,947.0
943.0,947.0
704.0,948.0
946.0,948.0
948.0,956.0
237.0,949.0
385.0,949.0
594.0,949.0
608.0,949.0
673.0,949.0
832.0,949.0
949.0,975.0
949.0,976.0
56.0,950.0
447.0,950.0
485.0,950.0
741.0,950.0
748.0,950.0
810.0,950.0
909.0,950.0
950.0,973.0
59.0,951.0
326.0,951.0
601.0,951.0
272.0,952.0
352.0,952.0
484.0,952.0
814.0,952.0
820.0,952.0
836.0,952.0
952.0,972.0
291.0,953.0
469.0,953.0
512.0,953.0
563.0,953.0
592.0,953.0
673.0,953.0
792.0,953.0
883.0,953.0
393.0,954.0
404.0,954.0
487.0,954.0
639.0,954.0
647.0,954.0
700.0,954.0
828.0,954.0
289.0,955.0
955.0,990.0
180.0,956.0
241.0,956.0
723.0,956.0
735.0,956.0
908.0,956.0
910.0,956.0
956.0,973.0
21.0,957.0
205.0,957.0
248.0,957.0
282.0,957.0
890.0,957.0
361.0,958.0
736.0,958.0
757.0,958.0
782.0,958.0
323.0,959.0
483.0,959.0
959.0,984.0
959.0,985.0
59.0,960.0
95.0,960.0
186.0,960.0
473.0,960.0
712.0,960.0
829.0,960.0
196.0,961.0
283.0,961.0
423.0,961.0
495.0,961.0
961.0,972.0
154.0,962.0
483.0,962.0
486.0,962.0
542.0,962.0
664.0,962.0
788.0,962.0
792.0,962.0
911.0,962.0
447.0,963.0
163.0,964.0
456.0,964.0
481.0,964.0
637.0,964.0
728.0,964.0
851.0,964.0
480.0,965.0
909.0,965.0
399.0,966.0
491.0,966.0
214.0,967.0
374.0,967.0
425.0,967.0
924.0,967.0
350.0,968.0
458.0,968.0
719.0,968.0
268.0,969.0
384.0,969.0
404.0,969.0
588.0,969.0
783.0,969.0
819.0,969.0
969.0,992.0
46.0,970.0
336.0,970.0
419.0,970.0
905.0,970.0
968.0,970.0
276.0,971.0
437.0,971.0
629.0,971.0
731.0,971.0
862.0,971.0
865.0,971.0
881.0,971.0
946.0,971.0
271.0,972.0
386.0,972.0
552.0,972.0
826.0,972.0
850.0,972.0
16.0,973.0
747.0,973.0
760.0,973.0
909.0,973.0
323.0,974.0
779.0,974.0
878.0,974.0
906.0,974.0
974.0,996.0
279.0,975.0
680.0,975.0
746.0,975.0
887.0,975.0
953.0,975.0
155.0,976.0
822.0,976.0
879.0,976.0
62.0,977.0
191.0,977.0
301.0,977.0
572.0,977.0
756.0,977.0
794.0,977.0
93.0,978.0
107.0,978.0
187.0,978.0
643.0,978.0
927.0,978.0
109.0,979.0
241.0,979.0
246.0,979.0
333.0,979.0
539.0,979.0
700.0,979.0
731.0,979.0
735.0,979.0
757.0,979.0
892.0,979.0
979.0,997.0
364.0,980.0
378.0,980.0
674.0,980.0
847.0,980.0
962.0,980.0
960.0,981.0
176.0,982.0
517.0,982.0
550.0,982.0
633.0,982.0
763.0,982.0
982.0,989.0
208.0,983.0
466.0,983.0
730.0,983.0
815.0,983.0
862.0,983.0
677.0,984.0
733.0,984.0
838.0,984.0
303.0,985.0
375.0,985.0
766.0,985.0
875.0,985.0
944.0,985.0
265.0,986.0
362.0,986.0
606.0,986.0
799.0,986.0
936.0,986.0
589.0,987.0
675.0,987.0
778.0,987.0
804.0,987.0
847.0,987.0
156.0,988.0
310.0,988.0
612.0,988.0
683.0,988.0
782.0,988.0
556.0,989.0
690.0,989.0
755.0,989.0
907.0,989.0
18.0,990.0
144.0,990.0
699.0,990.0
883.0,990.0
836.0,991.0
924.0,991.0
374.0,992.0
490.0,992.0
713.0,992.0
714.0,992.0
783.0,992.0
820.0,992.0
435.0,993.0
788.0,993.0
18.0,994.0
47.0,994.0
54.0,994.0
222.0,994.0
418.0,994.0
881.0,994.0
42.0,995.0
193.0,995.0
485.0,995.0
730.0,995.0
748.0,995.0
922.0,995.0
983.0,995.0
992.0,995.0
143.0,996.0
226.0,996.0
799.0,996.0
0.0,997.0
59.0,998.0
457.0,998.0
656.0,998.0
708.0,998.0
904.0,998.0
151.0,999.0
185.0,999.0
234.0,999.0
542.0,999.0
952.0,999.0
994.0,999.0
