i,j
12.0,0.0
161.0,0.0
231.0,0.0
243.0,0.0
443.0,0.0
571.0,0.0
986.0,0.0
998.0,0.0
51.0,1.0
164.0,1.0
195.0,1.0
433.0,1.0
860.0,1.0
912.0,1.0
27.0,2.0
188.0,2.0
451.0,2.0
892.0,2.0
214.0,3.0
302.0,3.0
449.0,3.0
815.0,3.0
4.0,0.0
83.0,5.0
193.0,5.0
215.0,5.0
261.0,5.0
389.0,5.0
461.0,5.0
975.0,5.0
14.0,6.0
31.0,6.0
86.0,6.0
502.0,6.0
795.0,6.0
25.0,7.0
121.0,7.0
640.0,7.0
706.0,7.0
981.0,7.0
34.0,8.0
193.0,8.0
275.0,8.0
375.0,8.0
388.0,8.0
151.0,9.0
269.0,9.0
314.0,9.0
329.0,9.0
433.0,9.0
821.0,9.0
10.0,5.0
57.0,10.0
87.0,10.0
464.0,10.0
557.0,10.0
944.0,10.0
585.0,11.0
704.0,11.0
776.0,11.0
844.0,11.0
905.0,11.0
15.0,12.0
68.0,12.0
77.0,12.0
97.0,12.0
129.0,12.0
244.0,12.0
254.0,12.0
454.0,12.0
566.0,12.0
762.0,12.0
811.0,12.0
935.0,12.0
977.0,12.0
101.0,13.0
157.0,13.0
456.0,13.0
644.0,13.0
296.0,14.0
419.0,14.0
80.0,15.0
93.0,15.0
243.0,15.0
255.0,15.0
316.0,15.0
444.0,15.0
865.0,15.0
16.0,3.0
200.0,16.0
265.0,16.0
611.0,16.0
761.0,16.0
837.0,16.0
946.0,16.0
33.0,17.0
120.0,17.0
134.0,17.0
491.0,17.0
505.0,17.0
18.0,6.0
163.0,18.0
297.0,18.0
541.0,18.0
846.0,18.0
885.0,18.0
173.0,19.0
202.0,19.0
399.0,19.0
865.0,19.0
293.0,20.0
328.0,20.0
519.0,20.0
539.0,20.0
21.0,8.0
80.0,21.0
91.0,21.0
98.0,21.0
105.0,21.0
126.0,21.0
189.0,21.0
224.0,21.0
823.0,21.0
61.0,22.0
208.0,22.0
112.0,23.0
124.0,23.0
133.0,23.0
298.0,23.0
545.0,23.0
561.0,23.0
24.0,21.0
200.0,24.0
224.0,24.0
543.0,24.0
796.0,24.0
268.0,25.0
324.0,25.0
578.0,25.0
605.0,25.0
26.0,13.0
26.0,15.0
254.0,26.0
260.0,26.0
353.0,26.0
552.0,26.0
989.0,26.0
27.0,15.0
102.0,27.0
345.0,27.0
704.0,27.0
209.0,28.0
289.0,28.0
870.0,28.0
556.0,29.0
679.0,29.0
912.0,29.0
30.0,2.0
309.0,30.0
503.0,30.0
611.0,30.0
864.0,30.0
42.0,31.0
119.0,31.0
137.0,31.0
223.0,31.0
461.0,31.0
500.0,31.0
987.0,31.0
55.0,32.0
82.0,32.0
150.0,32.0
518.0,32.0
557.0,32.0
255.0,33.0
34.0,26.0
145.0,34.0
320.0,34.0
321.0,34.0
829.0,34.0
833.0,34.0
904.0,34.0
35.0,29.0
35.0,34.0
67.0,35.0
280.0,35.0
433.0,35.0
822.0,35.0
849.0,35.0
172.0,36.0
263.0,36.0
652.0,36.0
233.0,37.0
283.0,37.0
74.0,38.0
128.0,38.0
189.0,38.0
282.0,38.0
771.0,38.0
82.0,39.0
178.0,39.0
293.0,39.0
854.0,39.0
988.0,39.0
998.0,39.0
121.0,40.0
169.0,40.0
244.0,40.0
642.0,40.0
649.0,40.0
657.0,40.0
984.0,40.0
998.0,40.0
75.0,41.0
110.0,41.0
255.0,41.0
290.0,41.0
887.0,41.0
122.0,42.0
133.0,42.0
198.0,42.0
673.0,42.0
676.0,42.0
780.0,42.0
963.0,42.0
43.0,8.0
43.0,17.0
63.0,43.0
418.0,43.0
775.0,43.0
145.0,44.0
182.0,44.0
210.0,44.0
220.0,44.0
182.0,45.0
732.0,45.0
951.0,45.0
46.0,0.0
49.0,47.0
252.0,47.0
444.0,47.0
556.0,47.0
82.0,48.0
216.0,48.0
245.0,48.0
266.0,48.0
295.0,48.0
538.0,48.0
676.0,48.0
712.0,48.0
824.0,48.0
49.0,36.0
49.0,38.0
59.0,49.0
72.0,49.0
138.0,49.0
217.0,49.0
782.0,49.0
813.0,49.0
949.0,49.0
115.0,50.0
166.0,50.0
79.0,51.0
217.0,51.0
225.0,51.0
294.0,51.0
648.0,51.0
138.0,52.0
189.0,52.0
427.0,52.0
678.0,52.0
753.0,52.0
968.0,52.0
223.0,53.0
250.0,53.0
321.0,53.0
661.0,53.0
783.0,53.0
94.0,54.0
115.0,54.0
134.0,54.0
283.0,54.0
434.0,54.0
857.0,54.0
928.0,54.0
137.0,55.0
188.0,55.0
379.0,55.0
761.0,55.0
769.0,55.0
126.0,56.0
435.0,56.0
575.0,56.0
608.0,56.0
84.0,57.0
211.0,57.0
724.0,57.0
811.0,57.0
892.0,57.0
197.0,58.0
849.0,58.0
895.0,58.0
59.0,56.0
74.0,59.0
274.0,59.0
650.0,59.0
231.0,60.0
262.0,60.0
491.0,60.0
567.0,60.0
621.0,60.0
668.0,60.0
725.0,60.0
807.0,60.0
963.0,60.0
155.0,61.0
627.0,61.0
922.0,61.0
62.0,60.0
72.0,62.0
197.0,62.0
290.0,62.0
321.0,62.0
726.0,62.0
64.0,63.0
177.0,63.0
268.0,63.0
275.0,63.0
647.0,63.0
64.0,18.0
132.0,64.0
141.0,64.0
222.0,64.0
393.0,64.0
712.0,64.0
825.0,64.0
879.0,64.0
349.0,65.0
787.0,65.0
66.0,1.0
116.0,66.0
157.0,66.0
214.0,66.0
515.0,66.0
644.0,66.0
901.0,66.0
926.0,66.0
67.0,16.0
67.0,27.0
213.0,67.0
979.0,67.0
68.0,59.0
230.0,68.0
489.0,68.0
695.0,68.0
79.0,69.0
225.0,69.0
302.0,69.0
333.0,69.0
412.0,69.0
472.0,69.0
70.0,16.0
70.0,63.0
95.0,70.0
211.0,70.0
274.0,70.0
71.0,2.0
71.0,53.0
71.0,56.0
165.0,71.0
307.0,71.0
676.0,71.0
193.0,72.0
293.0,72.0
297.0,72.0
847.0,72.0
970.0,72.0
198.0,73.0
339.0,73.0
901.0,73.0
74.0,65.0
86.0,74.0
182.0,74.0
678.0,74.0
75.0,29.0
75.0,35.0
184.0,75.0
263.0,75.0
357.0,75.0
367.0,75.0
474.0,75.0
561.0,75.0
800.0,75.0
975.0,75.0
194.0,76.0
271.0,76.0
590.0,76.0
174.0,77.0
386.0,77.0
692.0,77.0
821.0,77.0
207.0,78.0
282.0,78.0
752.0,78.0
79.0,41.0
100.0,79.0
466.0,79.0
486.0,79.0
608.0,79.0
80.0,19.0
249.0,80.0
256.0,80.0
258.0,80.0
273.0,80.0
309.0,80.0
990.0,80.0
81.0,43.0
209.0,81.0
877.0,81.0
880.0,81.0
185.0,82.0
273.0,82.0
293.0,82.0
369.0,82.0
696.0,82.0
243.0,83.0
284.0,83.0
307.0,83.0
309.0,83.0
350.0,83.0
647.0,83.0
835.0,83.0
982.0,83.0
84.0,63.0
500.0,84.0
523.0,84.0
85.0,15.0
108.0,85.0
198.0,85.0
788.0,85.0
559.0,86.0
675.0,86.0
811.0,86.0
87.0,69.0
237.0,87.0
475.0,87.0
500.0,87.0
121.0,88.0
299.0,88.0
300.0,88.0
111.0,89.0
124.0,89.0
205.0,89.0
531.0,89.0
90.0,11.0
165.0,90.0
282.0,90.0
509.0,90.0
167.0,91.0
249.0,91.0
966.0,91.0
92.0,16.0
92.0,61.0
92.0,72.0
224.0,92.0
287.0,92.0
272.0,93.0
327.0,93.0
94.0,3.0
94.0,7.0
218.0,94.0
299.0,94.0
723.0,94.0
800.0,94.0
95.0,87.0
96.0,13.0
109.0,96.0
290.0,96.0
793.0,96.0
932.0,96.0
942.0,96.0
987.0,96.0
97.0,21.0
160.0,97.0
238.0,97.0
378.0,97.0
497.0,97.0
510.0,97.0
103.0,98.0
367.0,98.0
380.0,98.0
605.0,98.0
99.0,34.0
434.0,99.0
550.0,99.0
580.0,99.0
591.0,99.0
649.0,99.0
100.0,88.0
103.0,100.0
161.0,100.0
106.0,101.0
189.0,101.0
228.0,101.0
244.0,101.0
863.0,101.0
102.0,2.0
102.0,71.0
710.0,102.0
103.0,35.0
147.0,103.0
511.0,103.0
788.0,103.0
817.0,103.0
104.0,69.0
104.0,77.0
150.0,104.0
161.0,104.0
188.0,104.0
214.0,104.0
247.0,104.0
399.0,104.0
851.0,104.0
999.0,104.0
432.0,105.0
489.0,105.0
538.0,105.0
654.0,105.0
864.0,105.0
106.0,68.0
123.0,106.0
235.0,106.0
243.0,106.0
251.0,106.0
537.0,106.0
107.0,5.0
107.0,15.0
110.0,107.0
124.0,107.0
134.0,107.0
896.0,107.0
108.0,30.0
190.0,108.0
109.0,85.0
149.0,109.0
158.0,109.0
424.0,109.0
889.0,109.0
139.0,110.0
263.0,110.0
281.0,110.0
706.0,110.0
791.0,110.0
111.0,34.0
111.0,78.0
111.0,94.0
125.0,111.0
151.0,111.0
295.0,111.0
463.0,111.0
327.0,112.0
391.0,112.0
914.0,112.0
113.0,0.0
700.0,114.0
726.0,114.0
115.0,1.0
877.0,115.0
116.0,115.0
697.0,116.0
748.0,116.0
864.0,116.0
117.0,24.0
138.0,117.0
283.0,117.0
641.0,117.0
118.0,64.0
118.0,110.0
119.0,118.0
146.0,118.0
148.0,118.0
218.0,118.0
288.0,118.0
326.0,118.0
119.0,61.0
425.0,119.0
500.0,119.0
567.0,119.0
120.0,44.0
120.0,89.0
120.0,95.0
120.0,96.0
225.0,120.0
325.0,120.0
457.0,120.0
689.0,120.0
963.0,120.0
121.0,102.0
131.0,121.0
250.0,121.0
362.0,121.0
553.0,121.0
594.0,121.0
673.0,121.0
122.0,67.0
122.0,74.0
212.0,122.0
309.0,122.0
803.0,122.0
123.0,85.0
123.0,88.0
197.0,123.0
315.0,123.0
318.0,123.0
897.0,123.0
933.0,123.0
471.0,124.0
125.0,31.0
125.0,93.0
207.0,125.0
506.0,125.0
162.0,126.0
460.0,126.0
127.0,83.0
189.0,127.0
248.0,127.0
283.0,127.0
545.0,128.0
548.0,128.0
642.0,128.0
706.0,128.0
751.0,128.0
767.0,128.0
878.0,128.0
251.0,129.0
503.0,129.0
130.0,55.0
130.0,61.0
162.0,130.0
190.0,130.0
638.0,130.0
752.0,130.0
999.0,130.0
131.0,121.0
205.0,131.0
697.0,131.0
874.0,131.0
132.0,45.0
188.0,132.0
281.0,132.0
361.0,132.0
440.0,132.0
203.0,133.0
250.0,133.0
284.0,133.0
309.0,133.0
637.0,133.0
134.0,127.0
781.0,134.0
826.0,134.0
135.0,75.0
321.0,135.0
544.0,135.0
746.0,135.0
137.0,136.0
203.0,136.0
637.0,136.0
768.0,136.0
250.0,137.0
296.0,137.0
786.0,137.0
217.0,138.0
236.0,138.0
256.0,138.0
768.0,138.0
139.0,83.0
284.0,139.0
303.0,139.0
403.0,139.0
410.0,139.0
536.0,139.0
705.0,139.0
982.0,139.0
275.0,140.0
372.0,140.0
499.0,140.0
141.0,22.0
141.0,118.0
177.0,141.0
221.0,141.0
257.0,141.0
628.0,141.0
674.0,141.0
914.0,141.0
168.0,142.0
242.0,142.0
904.0,142.0
143.0,65.0
143.0,96.0
327.0,143.0
350.0,143.0
601.0,143.0
848.0,143.0
144.0,14.0
144.0,44.0
144.0,66.0
487.0,144.0
145.0,111.0
443.0,145.0
187.0,146.0
217.0,146.0
420.0,146.0
440.0,146.0
455.0,146.0
679.0,146.0
771.0,146.0
932.0,146.0
240.0,147.0
348.0,147.0
608.0,147.0
712.0,147.0
773.0,147.0
168.0,148.0
236.0,148.0
247.0,148.0
315.0,148.0
348.0,148.0
149.0,96.0
288.0,149.0
298.0,149.0
353.0,149.0
545.0,149.0
674.0,149.0
902.0,149.0
150.0,47.0
150.0,63.0
217.0,150.0
245.0,150.0
151.0,57.0
158.0,151.0
339.0,151.0
771.0,151.0
898.0,151.0
152.0,89.0
157.0,152.0
189.0,152.0
484.0,152.0
496.0,152.0
619.0,152.0
750.0,152.0
153.0,23.0
153.0,133.0
492.0,153.0
917.0,153.0
193.0,154.0
356.0,154.0
396.0,154.0
155.0,38.0
155.0,46.0
224.0,155.0
296.0,155.0
304.0,155.0
378.0,155.0
560.0,155.0
969.0,155.0
156.0,27.0
156.0,79.0
287.0,156.0
157.0,46.0
419.0,157.0
538.0,157.0
885.0,157.0
188.0,158.0
306.0,158.0
490.0,158.0
723.0,158.0
745.0,158.0
956.0,158.0
969.0,158.0
159.0,96.0
692.0,159.0
921.0,159.0
160.0,156.0
790.0,160.0
988.0,160.0
161.0,103.0
161.0,104.0
797.0,161.0
162.0,123.0
400.0,162.0
758.0,162.0
163.0,36.0
163.0,43.0
306.0,163.0
627.0,163.0
735.0,163.0
757.0,163.0
203.0,164.0
165.0,20.0
165.0,55.0
165.0,95.0
319.0,165.0
620.0,165.0
920.0,165.0
166.0,39.0
328.0,166.0
726.0,166.0
875.0,166.0
938.0,166.0
167.0,8.0
498.0,167.0
666.0,167.0
168.0,64.0
168.0,131.0
824.0,168.0
910.0,168.0
169.0,83.0
286.0,169.0
307.0,169.0
731.0,169.0
170.0,107.0
170.0,133.0
250.0,170.0
463.0,170.0
502.0,170.0
529.0,170.0
449.0,171.0
747.0,171.0
751.0,171.0
952.0,171.0
172.0,159.0
258.0,172.0
274.0,172.0
476.0,172.0
709.0,172.0
795.0,172.0
173.0,83.0
173.0,110.0
173.0,136.0
174.0,17.0
306.0,174.0
654.0,174.0
727.0,174.0
464.0,175.0
761.0,175.0
951.0,175.0
176.0,21.0
176.0,73.0
176.0,105.0
183.0,176.0
215.0,176.0
499.0,176.0
849.0,176.0
177.0,124.0
263.0,177.0
359.0,177.0
571.0,177.0
829.0,177.0
913.0,177.0
178.0,116.0
304.0,178.0
320.0,178.0
902.0,178.0
179.0,162.0
558.0,179.0
676.0,179.0
873.0,179.0
564.0,180.0
181.0,121.0
251.0,181.0
671.0,181.0
724.0,181.0
750.0,181.0
799.0,181.0
816.0,181.0
325.0,182.0
440.0,182.0
552.0,182.0
887.0,182.0
183.0,153.0
330.0,183.0
842.0,183.0
195.0,184.0
242.0,184.0
329.0,184.0
508.0,184.0
548.0,184.0
733.0,184.0
808.0,184.0
918.0,184.0
962.0,184.0
491.0,185.0
268.0,186.0
327.0,186.0
507.0,186.0
952.0,186.0
187.0,7.0
435.0,187.0
614.0,187.0
188.0,178.0
247.0,188.0
278.0,188.0
666.0,188.0
767.0,188.0
366.0,189.0
442.0,189.0
190.0,92.0
190.0,103.0
190.0,124.0
190.0,132.0
208.0,190.0
557.0,190.0
909.0,190.0
194.0,191.0
268.0,191.0
324.0,191.0
541.0,191.0
640.0,191.0
650.0,191.0
981.0,191.0
192.0,157.0
225.0,192.0
543.0,192.0
193.0,105.0
193.0,123.0
229.0,193.0
271.0,193.0
404.0,193.0
670.0,193.0
814.0,193.0
194.0,94.0
194.0,123.0
194.0,134.0
194.0,188.0
219.0,194.0
280.0,194.0
327.0,194.0
410.0,194.0
492.0,194.0
533.0,194.0
195.0,16.0
804.0,195.0
196.0,60.0
196.0,78.0
900.0,196.0
197.0,56.0
318.0,197.0
410.0,197.0
450.0,197.0
795.0,197.0
956.0,197.0
967.0,197.0
198.0,27.0
198.0,83.0
252.0,198.0
531.0,198.0
887.0,198.0
992.0,198.0
199.0,150.0
878.0,199.0
302.0,200.0
319.0,200.0
850.0,200.0
201.0,85.0
530.0,201.0
202.0,12.0
202.0,77.0
274.0,202.0
372.0,202.0
453.0,202.0
676.0,202.0
800.0,202.0
290.0,203.0
681.0,203.0
204.0,136.0
205.0,204.0
302.0,204.0
345.0,204.0
521.0,204.0
656.0,204.0
719.0,204.0
205.0,15.0
242.0,205.0
267.0,205.0
325.0,205.0
752.0,205.0
206.0,40.0
206.0,77.0
295.0,206.0
461.0,206.0
529.0,206.0
769.0,206.0
789.0,206.0
866.0,206.0
207.0,47.0
225.0,207.0
324.0,207.0
556.0,207.0
208.0,70.0
208.0,150.0
209.0,208.0
258.0,208.0
529.0,208.0
876.0,208.0
896.0,208.0
209.0,11.0
209.0,133.0
214.0,209.0
241.0,209.0
265.0,209.0
210.0,131.0
210.0,176.0
263.0,210.0
418.0,210.0
247.0,211.0
947.0,211.0
212.0,7.0
212.0,93.0
265.0,212.0
562.0,212.0
213.0,32.0
213.0,74.0
213.0,75.0
213.0,111.0
213.0,130.0
466.0,213.0
918.0,213.0
279.0,214.0
702.0,214.0
215.0,211.0
295.0,215.0
322.0,215.0
354.0,215.0
418.0,215.0
668.0,215.0
906.0,215.0
216.0,7.0
282.0,216.0
695.0,216.0
217.0,6.0
784.0,217.0
218.0,51.0
487.0,218.0
303.0,219.0
936.0,219.0
220.0,53.0
220.0,179.0
220.0,181.0
549.0,220.0
807.0,220.0
822.0,220.0
927.0,220.0
221.0,29.0
221.0,61.0
221.0,71.0
658.0,221.0
222.0,8.0
222.0,181.0
222.0,214.0
314.0,222.0
223.0,166.0
463.0,223.0
543.0,223.0
629.0,223.0
224.0,66.0
224.0,83.0
224.0,145.0
480.0,224.0
688.0,224.0
711.0,224.0
225.0,53.0
225.0,195.0
233.0,225.0
316.0,225.0
318.0,225.0
491.0,225.0
809.0,225.0
226.0,126.0
226.0,143.0
643.0,226.0
227.0,2.0
227.0,18.0
227.0,144.0
293.0,227.0
331.0,227.0
382.0,227.0
532.0,227.0
637.0,227.0
781.0,227.0
911.0,227.0
954.0,227.0
228.0,87.0
228.0,133.0
228.0,139.0
445.0,228.0
713.0,228.0
229.0,161.0
229.0,175.0
229.0,214.0
230.0,33.0
230.0,69.0
230.0,131.0
230.0,206.0
476.0,230.0
624.0,230.0
714.0,230.0
231.0,5.0
552.0,231.0
923.0,231.0
232.0,85.0
232.0,121.0
232.0,190.0
273.0,232.0
342.0,232.0
374.0,232.0
412.0,232.0
575.0,232.0
233.0,192.0
234.0,99.0
234.0,153.0
234.0,197.0
271.0,234.0
437.0,234.0
792.0,234.0
235.0,10.0
290.0,235.0
929.0,235.0
236.0,1.0
236.0,21.0
236.0,114.0
668.0,236.0
237.0,28.0
237.0,134.0
237.0,190.0
240.0,237.0
309.0,237.0
505.0,237.0
627.0,237.0
913.0,237.0
238.0,5.0
238.0,35.0
238.0,90.0
238.0,117.0
238.0,189.0
238.0,216.0
484.0,238.0
646.0,238.0
870.0,238.0
239.0,12.0
239.0,102.0
240.0,154.0
240.0,164.0
240.0,226.0
284.0,240.0
412.0,240.0
575.0,240.0
608.0,240.0
241.0,19.0
241.0,81.0
241.0,113.0
312.0,241.0
329.0,241.0
549.0,241.0
822.0,241.0
242.0,53.0
242.0,108.0
271.0,242.0
313.0,242.0
430.0,242.0
712.0,242.0
976.0,242.0
243.0,23.0
243.0,64.0
243.0,78.0
288.0,243.0
567.0,243.0
806.0,243.0
866.0,243.0
994.0,243.0
310.0,244.0
322.0,244.0
433.0,244.0
728.0,244.0
831.0,244.0
245.0,10.0
245.0,105.0
245.0,197.0
245.0,204.0
245.0,238.0
312.0,245.0
593.0,245.0
826.0,245.0
246.0,125.0
246.0,190.0
310.0,246.0
321.0,246.0
379.0,246.0
388.0,246.0
510.0,246.0
739.0,246.0
906.0,246.0
247.0,95.0
247.0,239.0
716.0,247.0
764.0,247.0
991.0,247.0
259.0,248.0
515.0,248.0
893.0,248.0
249.0,9.0
285.0,249.0
538.0,249.0
632.0,249.0
250.0,20.0
250.0,223.0
301.0,250.0
251.0,111.0
251.0,190.0
311.0,251.0
340.0,251.0
554.0,251.0
765.0,251.0
882.0,251.0
252.0,13.0
394.0,252.0
253.0,24.0
253.0,117.0
253.0,148.0
253.0,216.0
254.0,19.0
254.0,67.0
254.0,92.0
254.0,108.0
278.0,254.0
498.0,254.0
559.0,254.0
951.0,254.0
955.0,254.0
963.0,254.0
287.0,255.0
456.0,255.0
256.0,18.0
256.0,83.0
256.0,139.0
289.0,256.0
345.0,256.0
384.0,256.0
561.0,256.0
257.0,96.0
257.0,204.0
601.0,257.0
258.0,72.0
258.0,136.0
258.0,181.0
718.0,258.0
959.0,258.0
259.0,63.0
695.0,259.0
869.0,259.0
260.0,205.0
260.0,219.0
319.0,260.0
407.0,260.0
467.0,260.0
478.0,260.0
914.0,260.0
916.0,260.0
999.0,260.0
261.0,31.0
261.0,75.0
261.0,124.0
261.0,216.0
508.0,261.0
879.0,261.0
262.0,43.0
339.0,262.0
581.0,263.0
264.0,23.0
264.0,128.0
264.0,165.0
428.0,264.0
727.0,264.0
792.0,264.0
916.0,264.0
281.0,265.0
359.0,265.0
688.0,265.0
266.0,67.0
266.0,158.0
266.0,264.0
723.0,266.0
726.0,266.0
267.0,86.0
342.0,267.0
794.0,267.0
928.0,267.0
268.0,157.0
412.0,268.0
714.0,268.0
884.0,268.0
269.0,67.0
269.0,130.0
269.0,182.0
269.0,244.0
308.0,269.0
400.0,269.0
701.0,269.0
761.0,269.0
270.0,81.0
270.0,264.0
812.0,270.0
271.0,189.0
271.0,196.0
936.0,271.0
272.0,166.0
333.0,272.0
500.0,272.0
630.0,272.0
701.0,272.0
762.0,272.0
772.0,272.0
983.0,272.0
490.0,273.0
559.0,273.0
780.0,273.0
821.0,273.0
275.0,274.0
350.0,274.0
420.0,274.0
666.0,274.0
920.0,274.0
275.0,242.0
306.0,275.0
389.0,275.0
518.0,275.0
602.0,275.0
661.0,275.0
860.0,275.0
922.0,275.0
276.0,62.0
276.0,75.0
276.0,266.0
488.0,276.0
689.0,276.0
960.0,276.0
277.0,59.0
277.0,85.0
557.0,277.0
278.0,49.0
360.0,278.0
386.0,278.0
404.0,278.0
475.0,278.0
816.0,278.0
973.0,278.0
279.0,44.0
279.0,100.0
279.0,161.0
294.0,279.0
299.0,279.0
474.0,279.0
920.0,279.0
960.0,279.0
280.0,13.0
280.0,73.0
280.0,136.0
280.0,260.0
449.0,280.0
281.0,120.0
289.0,281.0
481.0,281.0
282.0,101.0
282.0,195.0
282.0,222.0
283.0,47.0
283.0,151.0
283.0,163.0
292.0,283.0
322.0,283.0
728.0,283.0
845.0,283.0
284.0,0.0
285.0,39.0
285.0,107.0
285.0,235.0
285.0,253.0
285.0,258.0
350.0,285.0
632.0,285.0
767.0,285.0
813.0,285.0
286.0,28.0
286.0,131.0
286.0,183.0
286.0,193.0
286.0,211.0
286.0,245.0
492.0,286.0
496.0,286.0
287.0,35.0
287.0,80.0
288.0,287.0
449.0,287.0
949.0,287.0
288.0,15.0
288.0,41.0
288.0,53.0
288.0,193.0
545.0,288.0
614.0,288.0
620.0,288.0
783.0,288.0
289.0,90.0
289.0,229.0
289.0,244.0
387.0,289.0
751.0,289.0
290.0,107.0
290.0,120.0
290.0,255.0
290.0,271.0
290.0,286.0
406.0,290.0
960.0,290.0
291.0,71.0
291.0,170.0
366.0,291.0
844.0,291.0
292.0,16.0
292.0,85.0
292.0,117.0
543.0,292.0
629.0,292.0
293.0,147.0
306.0,293.0
307.0,293.0
843.0,293.0
966.0,293.0
294.0,204.0
681.0,294.0
850.0,294.0
295.0,196.0
295.0,272.0
325.0,295.0
429.0,295.0
920.0,295.0
296.0,16.0
296.0,152.0
296.0,186.0
296.0,210.0
296.0,255.0
304.0,296.0
404.0,296.0
297.0,0.0
297.0,238.0
334.0,297.0
456.0,297.0
465.0,297.0
343.0,298.0
944.0,298.0
299.0,27.0
299.0,31.0
299.0,88.0
299.0,182.0
299.0,218.0
554.0,300.0
632.0,300.0
788.0,300.0
301.0,25.0
301.0,76.0
811.0,301.0
302.0,80.0
302.0,116.0
302.0,208.0
657.0,302.0
822.0,302.0
303.0,12.0
303.0,39.0
303.0,60.0
303.0,68.0
303.0,158.0
304.0,303.0
322.0,303.0
915.0,303.0
304.0,279.0
727.0,304.0
386.0,305.0
988.0,305.0
306.0,171.0
306.0,243.0
648.0,306.0
907.0,306.0
919.0,306.0
307.0,99.0
307.0,299.0
359.0,307.0
532.0,307.0
620.0,307.0
658.0,307.0
673.0,307.0
770.0,307.0
308.0,32.0
308.0,135.0
308.0,229.0
308.0,300.0
469.0,308.0
969.0,308.0
309.0,21.0
309.0,89.0
310.0,89.0
310.0,137.0
698.0,310.0
311.0,159.0
311.0,226.0
322.0,311.0
969.0,311.0
312.0,138.0
312.0,156.0
312.0,250.0
313.0,50.0
313.0,81.0
313.0,263.0
313.0,303.0
433.0,313.0
438.0,313.0
541.0,313.0
625.0,313.0
783.0,313.0
948.0,313.0
314.0,165.0
314.0,293.0
418.0,314.0
731.0,314.0
315.0,43.0
315.0,54.0
315.0,154.0
772.0,315.0
316.0,110.0
316.0,151.0
316.0,228.0
316.0,281.0
316.0,285.0
425.0,316.0
944.0,316.0
317.0,108.0
317.0,111.0
503.0,317.0
640.0,317.0
948.0,317.0
318.0,22.0
318.0,151.0
318.0,279.0
408.0,318.0
575.0,318.0
721.0,318.0
774.0,318.0
812.0,318.0
319.0,32.0
319.0,177.0
319.0,181.0
442.0,320.0
670.0,320.0
710.0,320.0
774.0,320.0
873.0,320.0
889.0,320.0
321.0,52.0
321.0,91.0
321.0,296.0
939.0,321.0
322.0,53.0
322.0,207.0
322.0,261.0
701.0,322.0
823.0,322.0
860.0,322.0
323.0,31.0
323.0,109.0
323.0,211.0
426.0,323.0
839.0,323.0
983.0,323.0
419.0,324.0
714.0,324.0
872.0,324.0
325.0,1.0
325.0,210.0
325.0,242.0
325.0,243.0
326.0,115.0
326.0,281.0
326.0,308.0
326.0,324.0
401.0,326.0
477.0,326.0
563.0,326.0
991.0,326.0
749.0,327.0
328.0,35.0
328.0,138.0
328.0,148.0
328.0,214.0
328.0,241.0
328.0,319.0
967.0,328.0
329.0,42.0
329.0,135.0
534.0,329.0
330.0,104.0
330.0,229.0
330.0,292.0
469.0,330.0
695.0,330.0
846.0,330.0
945.0,330.0
958.0,330.0
331.0,29.0
331.0,70.0
331.0,82.0
331.0,205.0
331.0,281.0
442.0,331.0
332.0,55.0
332.0,192.0
332.0,267.0
737.0,333.0
853.0,333.0
939.0,333.0
400.0,334.0
432.0,334.0
577.0,334.0
687.0,334.0
335.0,271.0
371.0,335.0
465.0,335.0
500.0,335.0
578.0,335.0
920.0,335.0
523.0,336.0
542.0,336.0
573.0,336.0
799.0,336.0
859.0,336.0
337.0,265.0
362.0,337.0
492.0,337.0
571.0,337.0
350.0,338.0
399.0,338.0
737.0,338.0
393.0,339.0
755.0,339.0
945.0,339.0
340.0,121.0
340.0,159.0
340.0,334.0
427.0,340.0
463.0,340.0
341.0,148.0
341.0,169.0
511.0,341.0
552.0,341.0
342.0,326.0
596.0,342.0
602.0,342.0
490.0,343.0
500.0,343.0
511.0,343.0
586.0,343.0
903.0,343.0
344.0,219.0
353.0,344.0
447.0,344.0
766.0,344.0
769.0,344.0
976.0,344.0
419.0,345.0
525.0,345.0
542.0,345.0
734.0,345.0
880.0,345.0
346.0,177.0
346.0,337.0
361.0,346.0
600.0,346.0
347.0,265.0
847.0,347.0
348.0,29.0
366.0,348.0
456.0,348.0
666.0,348.0
421.0,349.0
485.0,349.0
615.0,349.0
629.0,349.0
695.0,349.0
350.0,327.0
545.0,350.0
585.0,350.0
967.0,350.0
351.0,69.0
351.0,246.0
359.0,351.0
412.0,351.0
489.0,351.0
386.0,352.0
450.0,352.0
535.0,352.0
557.0,352.0
628.0,352.0
353.0,74.0
353.0,294.0
353.0,347.0
740.0,353.0
354.0,350.0
411.0,354.0
974.0,354.0
355.0,65.0
355.0,210.0
501.0,355.0
541.0,355.0
593.0,355.0
519.0,356.0
641.0,356.0
841.0,356.0
510.0,357.0
547.0,357.0
530.0,358.0
777.0,358.0
359.0,120.0
382.0,359.0
392.0,359.0
396.0,359.0
415.0,359.0
771.0,359.0
839.0,359.0
360.0,171.0
393.0,360.0
442.0,360.0
524.0,360.0
531.0,360.0
548.0,360.0
647.0,360.0
361.0,117.0
361.0,127.0
481.0,361.0
533.0,361.0
537.0,361.0
659.0,361.0
938.0,361.0
362.0,69.0
434.0,362.0
504.0,362.0
533.0,362.0
363.0,32.0
363.0,334.0
420.0,363.0
447.0,363.0
506.0,363.0
584.0,363.0
588.0,363.0
792.0,363.0
364.0,92.0
580.0,364.0
966.0,364.0
365.0,200.0
365.0,244.0
541.0,365.0
571.0,365.0
745.0,365.0
366.0,146.0
366.0,190.0
366.0,304.0
452.0,366.0
635.0,366.0
367.0,247.0
609.0,367.0
710.0,367.0
903.0,367.0
585.0,368.0
587.0,368.0
632.0,368.0
762.0,368.0
369.0,282.0
497.0,369.0
999.0,369.0
370.0,351.0
375.0,370.0
383.0,370.0
511.0,370.0
517.0,370.0
594.0,370.0
617.0,370.0
690.0,370.0
816.0,370.0
371.0,158.0
371.0,346.0
375.0,371.0
445.0,371.0
918.0,371.0
372.0,68.0
372.0,274.0
372.0,319.0
390.0,372.0
435.0,372.0
660.0,372.0
775.0,372.0
955.0,372.0
373.0,256.0
630.0,373.0
374.0,299.0
392.0,374.0
456.0,374.0
808.0,374.0
375.0,211.0
423.0,375.0
455.0,375.0
885.0,375.0
980.0,376.0
460.0,377.0
595.0,377.0
679.0,377.0
737.0,377.0
761.0,377.0
378.0,51.0
378.0,78.0
378.0,338.0
390.0,378.0
446.0,378.0
561.0,378.0
585.0,378.0
850.0,378.0
379.0,26.0
379.0,73.0
379.0,148.0
379.0,209.0
379.0,370.0
381.0,379.0
501.0,379.0
609.0,379.0
658.0,379.0
730.0,379.0
748.0,379.0
878.0,379.0
907.0,379.0
380.0,343.0
454.0,380.0
601.0,380.0
891.0,380.0
381.0,198.0
451.0,381.0
944.0,381.0
382.0,105.0
382.0,183.0
382.0,361.0
447.0,382.0
545.0,382.0
561.0,382.0
625.0,382.0
708.0,382.0
779.0,382.0
880.0,382.0
383.0,351.0
570.0,383.0
614.0,383.0
768.0,383.0
384.0,181.0
384.0,197.0
392.0,384.0
445.0,384.0
635.0,384.0
385.0,70.0
616.0,385.0
622.0,385.0
386.0,81.0
386.0,198.0
386.0,202.0
386.0,353.0
771.0,386.0
387.0,2.0
387.0,102.0
387.0,231.0
387.0,351.0
556.0,387.0
717.0,387.0
963.0,387.0
429.0,388.0
464.0,388.0
533.0,388.0
605.0,388.0
629.0,388.0
389.0,95.0
389.0,251.0
480.0,389.0
582.0,389.0
390.0,297.0
390.0,302.0
449.0,390.0
806.0,390.0
391.0,34.0
391.0,376.0
405.0,391.0
417.0,391.0
422.0,391.0
528.0,391.0
662.0,391.0
392.0,62.0
392.0,110.0
392.0,329.0
471.0,392.0
577.0,392.0
622.0,392.0
906.0,392.0
393.0,131.0
393.0,358.0
505.0,393.0
539.0,393.0
780.0,393.0
816.0,393.0
748.0,394.0
922.0,394.0
499.0,395.0
624.0,395.0
870.0,395.0
396.0,55.0
396.0,86.0
396.0,373.0
549.0,396.0
397.0,56.0
397.0,81.0
432.0,397.0
450.0,397.0
585.0,397.0
398.0,128.0
398.0,247.0
448.0,398.0
399.0,297.0
589.0,399.0
642.0,399.0
832.0,399.0
853.0,399.0
875.0,399.0
400.0,136.0
400.0,384.0
409.0,400.0
420.0,400.0
598.0,400.0
655.0,400.0
659.0,400.0
908.0,400.0
401.0,112.0
401.0,371.0
423.0,401.0
490.0,401.0
664.0,401.0
718.0,401.0
402.0,114.0
402.0,182.0
499.0,402.0
721.0,402.0
844.0,402.0
403.0,370.0
403.0,391.0
527.0,403.0
907.0,403.0
533.0,404.0
967.0,404.0
405.0,24.0
405.0,259.0
441.0,405.0
571.0,405.0
578.0,405.0
634.0,405.0
747.0,405.0
797.0,405.0
522.0,406.0
616.0,406.0
643.0,406.0
407.0,304.0
407.0,312.0
480.0,407.0
522.0,407.0
608.0,407.0
798.0,407.0
884.0,407.0
417.0,408.0
423.0,408.0
963.0,408.0
965.0,408.0
683.0,409.0
700.0,409.0
959.0,409.0
464.0,410.0
486.0,410.0
613.0,410.0
411.0,131.0
411.0,171.0
470.0,411.0
473.0,411.0
715.0,411.0
412.0,159.0
412.0,353.0
425.0,412.0
546.0,412.0
759.0,412.0
413.0,29.0
413.0,93.0
527.0,413.0
709.0,413.0
782.0,413.0
783.0,413.0
414.0,112.0
414.0,218.0
467.0,414.0
535.0,414.0
602.0,414.0
784.0,414.0
846.0,414.0
921.0,414.0
415.0,30.0
415.0,99.0
415.0,367.0
482.0,415.0
487.0,415.0
609.0,415.0
690.0,415.0
807.0,415.0
416.0,114.0
416.0,370.0
480.0,416.0
483.0,416.0
814.0,416.0
453.0,417.0
482.0,417.0
853.0,417.0
889.0,417.0
418.0,369.0
418.0,374.0
603.0,418.0
419.0,195.0
450.0,419.0
503.0,419.0
518.0,419.0
599.0,419.0
611.0,419.0
800.0,419.0
420.0,183.0
420.0,325.0
881.0,420.0
905.0,420.0
906.0,420.0
994.0,420.0
421.0,13.0
421.0,77.0
421.0,377.0
421.0,416.0
592.0,421.0
681.0,421.0
422.0,0.0
422.0,118.0
422.0,198.0
422.0,344.0
422.0,375.0
471.0,422.0
556.0,422.0
613.0,422.0
423.0,24.0
423.0,44.0
531.0,423.0
673.0,423.0
736.0,423.0
870.0,423.0
424.0,299.0
481.0,424.0
578.0,424.0
986.0,424.0
425.0,84.0
425.0,243.0
425.0,383.0
425.0,401.0
883.0,425.0
426.0,226.0
426.0,323.0
572.0,426.0
781.0,426.0
784.0,426.0
427.0,109.0
427.0,234.0
541.0,427.0
581.0,427.0
584.0,427.0
545.0,428.0
604.0,429.0
923.0,429.0
430.0,214.0
430.0,227.0
809.0,430.0
977.0,430.0
431.0,171.0
431.0,305.0
431.0,420.0
431.0,427.0
517.0,431.0
560.0,431.0
561.0,431.0
580.0,431.0
432.0,140.0
432.0,423.0
577.0,432.0
647.0,432.0
667.0,432.0
956.0,432.0
433.0,42.0
433.0,168.0
433.0,235.0
433.0,418.0
620.0,433.0
434.0,418.0
611.0,434.0
435.0,87.0
471.0,435.0
482.0,435.0
532.0,435.0
436.0,367.0
516.0,436.0
915.0,436.0
955.0,436.0
992.0,436.0
437.0,49.0
437.0,354.0
437.0,356.0
437.0,412.0
600.0,437.0
630.0,437.0
438.0,104.0
438.0,314.0
438.0,367.0
576.0,438.0
439.0,438.0
445.0,439.0
546.0,439.0
552.0,439.0
835.0,439.0
440.0,225.0
440.0,273.0
455.0,440.0
462.0,440.0
542.0,440.0
441.0,46.0
441.0,215.0
441.0,379.0
594.0,441.0
620.0,441.0
972.0,441.0
442.0,346.0
442.0,372.0
442.0,381.0
526.0,442.0
542.0,442.0
820.0,442.0
443.0,184.0
443.0,190.0
443.0,405.0
581.0,443.0
444.0,75.0
444.0,169.0
444.0,346.0
444.0,377.0
444.0,394.0
476.0,444.0
753.0,444.0
446.0,445.0
598.0,445.0
922.0,445.0
446.0,105.0
446.0,320.0
635.0,446.0
728.0,446.0
821.0,446.0
844.0,446.0
447.0,101.0
447.0,286.0
447.0,426.0
717.0,447.0
727.0,447.0
994.0,447.0
448.0,131.0
448.0,259.0
489.0,448.0
819.0,448.0
896.0,448.0
921.0,448.0
449.0,161.0
449.0,368.0
449.0,414.0
546.0,449.0
661.0,449.0
805.0,449.0
922.0,449.0
450.0,344.0
479.0,450.0
510.0,450.0
665.0,450.0
483.0,451.0
605.0,451.0
613.0,451.0
740.0,451.0
840.0,451.0
452.0,380.0
452.0,430.0
518.0,452.0
529.0,452.0
605.0,452.0
727.0,452.0
453.0,183.0
453.0,418.0
453.0,420.0
453.0,424.0
453.0,437.0
457.0,453.0
602.0,453.0
619.0,453.0
454.0,109.0
454.0,155.0
454.0,235.0
454.0,378.0
779.0,454.0
824.0,454.0
998.0,454.0
455.0,205.0
477.0,455.0
553.0,455.0
714.0,455.0
473.0,456.0
567.0,456.0
830.0,456.0
457.0,370.0
545.0,457.0
588.0,457.0
627.0,457.0
649.0,457.0
934.0,457.0
458.0,352.0
458.0,384.0
488.0,458.0
521.0,458.0
579.0,458.0
878.0,458.0
459.0,391.0
471.0,459.0
901.0,459.0
460.0,389.0
461.0,258.0
533.0,461.0
462.0,221.0
462.0,283.0
522.0,462.0
931.0,462.0
463.0,34.0
463.0,462.0
546.0,463.0
999.0,463.0
464.0,380.0
517.0,464.0
541.0,464.0
601.0,464.0
625.0,464.0
909.0,464.0
465.0,115.0
465.0,403.0
465.0,439.0
465.0,446.0
480.0,465.0
659.0,465.0
965.0,465.0
466.0,88.0
466.0,164.0
466.0,379.0
472.0,466.0
894.0,466.0
467.0,384.0
467.0,416.0
610.0,467.0
629.0,467.0
651.0,467.0
662.0,467.0
468.0,93.0
468.0,109.0
468.0,371.0
531.0,468.0
593.0,468.0
612.0,468.0
626.0,468.0
716.0,468.0
612.0,469.0
470.0,165.0
470.0,344.0
632.0,470.0
654.0,470.0
716.0,470.0
734.0,470.0
843.0,470.0
471.0,117.0
471.0,212.0
471.0,404.0
471.0,411.0
471.0,426.0
472.0,135.0
500.0,472.0
473.0,4.0
473.0,176.0
618.0,473.0
844.0,473.0
878.0,473.0
474.0,17.0
474.0,136.0
474.0,169.0
474.0,431.0
530.0,474.0
569.0,474.0
604.0,474.0
735.0,474.0
981.0,474.0
475.0,48.0
475.0,444.0
527.0,475.0
534.0,475.0
568.0,475.0
582.0,475.0
611.0,475.0
661.0,475.0
895.0,475.0
476.0,4.0
476.0,10.0
476.0,137.0
662.0,476.0
773.0,476.0
845.0,476.0
861.0,476.0
477.0,101.0
477.0,221.0
477.0,414.0
536.0,477.0
590.0,477.0
625.0,477.0
478.0,167.0
478.0,333.0
571.0,478.0
652.0,478.0
802.0,478.0
479.0,342.0
479.0,348.0
479.0,358.0
533.0,479.0
573.0,479.0
600.0,479.0
915.0,479.0
480.0,209.0
480.0,252.0
480.0,415.0
484.0,480.0
486.0,480.0
481.0,338.0
497.0,481.0
549.0,481.0
585.0,481.0
651.0,481.0
482.0,460.0
621.0,482.0
664.0,482.0
870.0,482.0
904.0,482.0
939.0,482.0
565.0,483.0
674.0,483.0
813.0,483.0
839.0,483.0
484.0,209.0
484.0,247.0
484.0,379.0
600.0,484.0
644.0,484.0
662.0,484.0
485.0,109.0
485.0,128.0
485.0,481.0
535.0,485.0
598.0,485.0
486.0,218.0
514.0,486.0
889.0,486.0
487.0,397.0
487.0,460.0
546.0,487.0
551.0,487.0
830.0,487.0
488.0,336.0
488.0,396.0
488.0,427.0
544.0,488.0
762.0,488.0
786.0,488.0
839.0,488.0
999.0,488.0
489.0,167.0
489.0,220.0
489.0,266.0
490.0,127.0
490.0,302.0
490.0,426.0
634.0,490.0
491.0,139.0
491.0,338.0
631.0,491.0
944.0,491.0
492.0,24.0
492.0,195.0
520.0,492.0
601.0,492.0
603.0,492.0
851.0,492.0
898.0,492.0
618.0,493.0
621.0,493.0
494.0,357.0
494.0,378.0
494.0,485.0
536.0,494.0
601.0,494.0
637.0,494.0
803.0,494.0
495.0,225.0
495.0,468.0
496.0,399.0
496.0,401.0
497.0,12.0
497.0,97.0
497.0,279.0
870.0,497.0
498.0,473.0
717.0,498.0
722.0,498.0
831.0,498.0
499.0,92.0
499.0,378.0
499.0,401.0
522.0,499.0
549.0,499.0
616.0,499.0
728.0,499.0
500.0,406.0
500.0,492.0
549.0,500.0
553.0,500.0
604.0,500.0
616.0,500.0
722.0,500.0
849.0,500.0
501.0,146.0
501.0,202.0
501.0,350.0
501.0,446.0
502.0,112.0
502.0,137.0
502.0,291.0
502.0,337.0
502.0,343.0
514.0,502.0
992.0,502.0
503.0,318.0
503.0,372.0
503.0,404.0
504.0,327.0
513.0,504.0
617.0,504.0
778.0,504.0
801.0,504.0
924.0,504.0
505.0,214.0
505.0,401.0
505.0,423.0
515.0,505.0
736.0,505.0
783.0,505.0
506.0,0.0
507.0,98.0
507.0,363.0
507.0,459.0
554.0,507.0
508.0,87.0
530.0,508.0
648.0,508.0
720.0,508.0
509.0,252.0
509.0,355.0
509.0,356.0
509.0,464.0
592.0,509.0
766.0,509.0
816.0,509.0
510.0,457.0
510.0,498.0
514.0,510.0
525.0,510.0
616.0,510.0
799.0,510.0
872.0,510.0
511.0,339.0
693.0,511.0
971.0,511.0
529.0,512.0
639.0,512.0
917.0,512.0
513.0,40.0
513.0,359.0
513.0,494.0
582.0,513.0
587.0,513.0
610.0,513.0
714.0,513.0
871.0,513.0
922.0,513.0
514.0,396.0
514.0,400.0
514.0,493.0
555.0,514.0
637.0,514.0
706.0,514.0
515.0,391.0
600.0,515.0
821.0,515.0
883.0,515.0
906.0,515.0
516.0,15.0
516.0,290.0
516.0,388.0
516.0,393.0
516.0,443.0
918.0,516.0
967.0,516.0
517.0,42.0
517.0,379.0
517.0,427.0
969.0,517.0
518.0,76.0
518.0,143.0
518.0,300.0
572.0,518.0
719.0,518.0
519.0,443.0
519.0,462.0
519.0,514.0
649.0,519.0
747.0,519.0
778.0,519.0
520.0,337.0
587.0,520.0
521.0,406.0
521.0,501.0
543.0,521.0
567.0,521.0
671.0,521.0
839.0,521.0
890.0,521.0
522.0,17.0
522.0,140.0
522.0,457.0
523.0,90.0
523.0,260.0
523.0,285.0
523.0,352.0
523.0,387.0
523.0,408.0
523.0,436.0
523.0,487.0
951.0,523.0
524.0,267.0
524.0,373.0
524.0,408.0
524.0,420.0
755.0,524.0
525.0,95.0
526.0,209.0
526.0,416.0
526.0,450.0
526.0,488.0
640.0,526.0
527.0,245.0
527.0,286.0
527.0,437.0
527.0,446.0
527.0,458.0
527.0,496.0
576.0,527.0
601.0,527.0
616.0,527.0
721.0,527.0
528.0,286.0
528.0,450.0
528.0,459.0
615.0,528.0
649.0,528.0
529.0,30.0
529.0,210.0
529.0,315.0
529.0,403.0
529.0,496.0
645.0,529.0
530.0,16.0
530.0,186.0
530.0,516.0
546.0,530.0
790.0,530.0
816.0,530.0
531.0,354.0
553.0,531.0
532.0,214.0
532.0,492.0
532.0,511.0
549.0,532.0
558.0,532.0
810.0,532.0
533.0,176.0
533.0,249.0
533.0,437.0
736.0,533.0
767.0,533.0
953.0,533.0
534.0,329.0
534.0,347.0
579.0,534.0
734.0,534.0
838.0,534.0
535.0,39.0
535.0,174.0
535.0,356.0
536.0,535.0
598.0,535.0
715.0,535.0
536.0,350.0
536.0,496.0
656.0,536.0
537.0,20.0
537.0,242.0
537.0,308.0
537.0,442.0
617.0,537.0
891.0,537.0
538.0,247.0
538.0,334.0
598.0,538.0
600.0,538.0
654.0,538.0
689.0,538.0
694.0,538.0
539.0,142.0
539.0,324.0
623.0,539.0
953.0,539.0
540.0,163.0
540.0,446.0
550.0,540.0
649.0,540.0
541.0,400.0
541.0,464.0
542.0,142.0
542.0,295.0
542.0,341.0
542.0,541.0
597.0,542.0
656.0,542.0
844.0,542.0
543.0,206.0
543.0,493.0
652.0,543.0
715.0,543.0
828.0,543.0
851.0,543.0
544.0,12.0
544.0,116.0
544.0,156.0
562.0,544.0
574.0,544.0
620.0,544.0
545.0,291.0
545.0,520.0
545.0,523.0
545.0,534.0
863.0,545.0
546.0,245.0
546.0,410.0
546.0,461.0
546.0,512.0
546.0,522.0
546.0,544.0
700.0,546.0
952.0,546.0
547.0,83.0
547.0,98.0
547.0,410.0
547.0,422.0
548.0,179.0
548.0,226.0
548.0,324.0
548.0,356.0
623.0,548.0
949.0,548.0
549.0,465.0
964.0,549.0
550.0,45.0
550.0,103.0
550.0,228.0
550.0,321.0
550.0,472.0
550.0,492.0
669.0,550.0
781.0,550.0
825.0,550.0
959.0,550.0
551.0,258.0
551.0,315.0
553.0,551.0
713.0,551.0
822.0,551.0
552.0,100.0
552.0,291.0
552.0,407.0
552.0,416.0
626.0,552.0
828.0,552.0
553.0,319.0
553.0,343.0
563.0,553.0
611.0,553.0
731.0,553.0
922.0,553.0
554.0,19.0
554.0,159.0
554.0,219.0
554.0,390.0
554.0,407.0
697.0,554.0
771.0,554.0
977.0,554.0
555.0,93.0
555.0,323.0
555.0,439.0
555.0,498.0
663.0,555.0
556.0,426.0
556.0,444.0
556.0,466.0
916.0,556.0
557.0,83.0
557.0,127.0
557.0,419.0
557.0,425.0
557.0,512.0
759.0,557.0
834.0,557.0
558.0,38.0
558.0,379.0
558.0,466.0
623.0,558.0
677.0,558.0
732.0,558.0
772.0,558.0
559.0,340.0
559.0,404.0
982.0,559.0
560.0,451.0
560.0,523.0
574.0,560.0
805.0,560.0
561.0,2.0
561.0,84.0
561.0,278.0
561.0,290.0
561.0,410.0
876.0,561.0
562.0,509.0
562.0,513.0
564.0,562.0
968.0,562.0
563.0,37.0
563.0,346.0
563.0,456.0
563.0,492.0
638.0,563.0
564.0,232.0
564.0,362.0
564.0,368.0
629.0,564.0
665.0,564.0
784.0,564.0
565.0,415.0
565.0,447.0
565.0,454.0
565.0,469.0
585.0,565.0
629.0,565.0
941.0,565.0
566.0,268.0
566.0,289.0
566.0,376.0
566.0,410.0
566.0,438.0
566.0,556.0
641.0,566.0
743.0,566.0
924.0,566.0
964.0,566.0
779.0,567.0
568.0,87.0
568.0,188.0
568.0,279.0
568.0,490.0
568.0,528.0
613.0,568.0
569.0,197.0
569.0,537.0
606.0,569.0
664.0,569.0
798.0,569.0
570.0,28.0
570.0,100.0
570.0,369.0
570.0,418.0
570.0,420.0
570.0,498.0
570.0,521.0
861.0,570.0
571.0,110.0
571.0,206.0
571.0,380.0
571.0,385.0
571.0,396.0
571.0,411.0
572.0,120.0
572.0,193.0
572.0,246.0
572.0,412.0
572.0,492.0
647.0,572.0
573.0,256.0
573.0,512.0
640.0,573.0
692.0,573.0
807.0,573.0
830.0,573.0
574.0,82.0
574.0,328.0
574.0,369.0
574.0,371.0
574.0,389.0
574.0,414.0
574.0,466.0
752.0,574.0
812.0,574.0
894.0,574.0
575.0,263.0
575.0,275.0
575.0,396.0
590.0,575.0
576.0,83.0
576.0,140.0
576.0,198.0
576.0,322.0
576.0,537.0
576.0,549.0
605.0,576.0
607.0,576.0
676.0,576.0
688.0,576.0
577.0,158.0
577.0,279.0
577.0,378.0
577.0,481.0
714.0,577.0
578.0,158.0
578.0,183.0
578.0,224.0
578.0,336.0
578.0,381.0
578.0,499.0
624.0,578.0
627.0,578.0
630.0,578.0
836.0,578.0
961.0,578.0
969.0,578.0
579.0,454.0
652.0,579.0
661.0,579.0
680.0,579.0
702.0,579.0
803.0,579.0
580.0,354.0
580.0,410.0
580.0,538.0
614.0,580.0
767.0,580.0
861.0,580.0
581.0,5.0
581.0,578.0
690.0,581.0
807.0,581.0
945.0,581.0
582.0,520.0
582.0,524.0
582.0,546.0
628.0,582.0
583.0,39.0
583.0,310.0
584.0,51.0
584.0,81.0
800.0,584.0
911.0,584.0
585.0,101.0
585.0,237.0
585.0,422.0
672.0,585.0
778.0,585.0
586.0,35.0
586.0,153.0
586.0,240.0
586.0,515.0
586.0,542.0
587.0,1.0
587.0,172.0
587.0,322.0
587.0,401.0
588.0,138.0
588.0,325.0
588.0,468.0
588.0,563.0
588.0,565.0
589.0,435.0
590.0,20.0
590.0,480.0
623.0,590.0
908.0,590.0
948.0,590.0
591.0,15.0
591.0,228.0
591.0,429.0
591.0,456.0
834.0,591.0
875.0,591.0
592.0,97.0
592.0,211.0
592.0,244.0
592.0,509.0
592.0,557.0
674.0,592.0
744.0,592.0
976.0,592.0
593.0,10.0
593.0,219.0
593.0,386.0
593.0,403.0
594.0,593.0
631.0,593.0
726.0,593.0
594.0,468.0
594.0,540.0
647.0,594.0
691.0,594.0
595.0,24.0
596.0,193.0
596.0,317.0
596.0,390.0
596.0,480.0
596.0,491.0
596.0,520.0
598.0,596.0
597.0,181.0
597.0,310.0
809.0,597.0
598.0,5.0
598.0,149.0
598.0,199.0
598.0,211.0
598.0,369.0
614.0,598.0
821.0,598.0
599.0,327.0
599.0,396.0
599.0,459.0
642.0,599.0
658.0,599.0
600.0,44.0
600.0,72.0
600.0,439.0
600.0,499.0
761.0,600.0
975.0,600.0
601.0,438.0
617.0,601.0
602.0,279.0
602.0,286.0
602.0,546.0
602.0,585.0
602.0,596.0
770.0,602.0
792.0,602.0
603.0,269.0
612.0,603.0
613.0,603.0
604.0,62.0
604.0,399.0
672.0,604.0
605.0,215.0
629.0,605.0
638.0,605.0
660.0,605.0
897.0,605.0
606.0,49.0
606.0,461.0
637.0,606.0
898.0,606.0
607.0,268.0
607.0,331.0
608.0,28.0
608.0,65.0
608.0,361.0
608.0,520.0
637.0,608.0
609.0,127.0
609.0,368.0
609.0,560.0
634.0,609.0
685.0,609.0
792.0,609.0
610.0,569.0
989.0,610.0
611.0,22.0
611.0,400.0
611.0,447.0
628.0,611.0
647.0,611.0
650.0,611.0
901.0,611.0
612.0,68.0
612.0,556.0
619.0,612.0
649.0,612.0
656.0,612.0
613.0,24.0
613.0,121.0
613.0,523.0
613.0,573.0
613.0,574.0
613.0,576.0
614.0,244.0
614.0,269.0
614.0,594.0
819.0,614.0
615.0,337.0
615.0,355.0
615.0,368.0
615.0,453.0
615.0,516.0
615.0,593.0
615.0,596.0
616.0,615.0
646.0,615.0
679.0,615.0
852.0,615.0
616.0,314.0
616.0,402.0
617.0,416.0
617.0,589.0
803.0,617.0
963.0,617.0
618.0,179.0
618.0,279.0
618.0,300.0
618.0,416.0
626.0,618.0
637.0,618.0
632.0,619.0
717.0,619.0
938.0,619.0
620.0,205.0
620.0,296.0
620.0,480.0
867.0,620.0
899.0,620.0
621.0,16.0
621.0,357.0
621.0,441.0
621.0,596.0
621.0,599.0
698.0,621.0
732.0,621.0
791.0,621.0
622.0,63.0
622.0,360.0
622.0,374.0
622.0,402.0
834.0,622.0
623.0,73.0
623.0,89.0
623.0,309.0
623.0,321.0
623.0,459.0
623.0,514.0
796.0,623.0
841.0,623.0
624.0,120.0
624.0,236.0
624.0,416.0
624.0,535.0
625.0,142.0
625.0,207.0
625.0,219.0
625.0,331.0
625.0,333.0
625.0,401.0
625.0,493.0
756.0,625.0
981.0,625.0
626.0,173.0
626.0,347.0
626.0,428.0
626.0,472.0
627.0,354.0
817.0,627.0
628.0,379.0
628.0,423.0
628.0,489.0
628.0,521.0
628.0,545.0
628.0,626.0
642.0,628.0
629.0,0.0
630.0,121.0
630.0,252.0
630.0,465.0
630.0,614.0
697.0,630.0
724.0,630.0
631.0,142.0
631.0,490.0
632.0,444.0
632.0,481.0
686.0,632.0
633.0,256.0
633.0,269.0
633.0,576.0
959.0,633.0
634.0,372.0
634.0,391.0
634.0,534.0
635.0,634.0
756.0,634.0
978.0,634.0
635.0,413.0
635.0,428.0
635.0,457.0
635.0,472.0
635.0,575.0
801.0,635.0
877.0,635.0
898.0,635.0
636.0,292.0
636.0,406.0
636.0,622.0
636.0,625.0
856.0,636.0
894.0,636.0
939.0,636.0
637.0,90.0
637.0,179.0
637.0,299.0
637.0,535.0
637.0,540.0
730.0,637.0
771.0,637.0
854.0,637.0
638.0,113.0
638.0,167.0
638.0,223.0
638.0,486.0
639.0,166.0
639.0,425.0
639.0,546.0
639.0,565.0
639.0,571.0
806.0,639.0
879.0,639.0
927.0,639.0
640.0,209.0
640.0,340.0
640.0,526.0
975.0,640.0
641.0,20.0
641.0,242.0
641.0,453.0
641.0,610.0
715.0,642.0
934.0,642.0
643.0,0.0
643.0,93.0
643.0,260.0
643.0,627.0
726.0,643.0
733.0,643.0
863.0,643.0
644.0,24.0
644.0,304.0
644.0,501.0
644.0,636.0
945.0,644.0
645.0,411.0
730.0,645.0
880.0,645.0
894.0,645.0
997.0,645.0
646.0,180.0
646.0,546.0
780.0,646.0
647.0,206.0
647.0,586.0
647.0,616.0
647.0,618.0
782.0,647.0
648.0,444.0
648.0,612.0
648.0,630.0
780.0,648.0
649.0,105.0
649.0,289.0
649.0,389.0
649.0,398.0
649.0,407.0
649.0,508.0
649.0,546.0
649.0,558.0
649.0,570.0
649.0,589.0
649.0,593.0
742.0,649.0
844.0,649.0
650.0,224.0
650.0,338.0
650.0,365.0
650.0,577.0
652.0,650.0
651.0,54.0
651.0,644.0
652.0,11.0
652.0,369.0
652.0,410.0
652.0,489.0
652.0,567.0
685.0,652.0
653.0,155.0
653.0,352.0
653.0,394.0
653.0,631.0
764.0,653.0
883.0,653.0
961.0,653.0
654.0,274.0
654.0,335.0
654.0,361.0
654.0,487.0
654.0,566.0
684.0,654.0
655.0,368.0
655.0,463.0
655.0,490.0
655.0,513.0
717.0,655.0
656.0,386.0
656.0,494.0
656.0,533.0
771.0,656.0
991.0,656.0
657.0,59.0
657.0,218.0
657.0,263.0
657.0,395.0
657.0,525.0
929.0,657.0
975.0,657.0
658.0,276.0
658.0,345.0
658.0,373.0
658.0,592.0
787.0,658.0
982.0,658.0
659.0,109.0
659.0,442.0
659.0,516.0
659.0,545.0
660.0,142.0
660.0,410.0
660.0,488.0
660.0,529.0
660.0,628.0
954.0,660.0
661.0,381.0
672.0,661.0
693.0,661.0
780.0,661.0
662.0,87.0
662.0,106.0
662.0,347.0
662.0,522.0
662.0,601.0
865.0,662.0
663.0,137.0
663.0,189.0
663.0,201.0
663.0,592.0
694.0,663.0
710.0,663.0
760.0,663.0
981.0,663.0
664.0,425.0
664.0,534.0
664.0,620.0
664.0,635.0
852.0,664.0
665.0,351.0
665.0,514.0
665.0,602.0
756.0,665.0
666.0,293.0
666.0,413.0
666.0,429.0
726.0,666.0
823.0,666.0
999.0,666.0
667.0,71.0
667.0,267.0
667.0,599.0
804.0,667.0
668.0,408.0
782.0,668.0
976.0,668.0
669.0,538.0
669.0,568.0
681.0,669.0
762.0,669.0
988.0,669.0
670.0,70.0
688.0,670.0
774.0,670.0
923.0,670.0
671.0,233.0
671.0,493.0
671.0,513.0
671.0,627.0
809.0,671.0
672.0,31.0
672.0,119.0
672.0,125.0
672.0,156.0
672.0,199.0
672.0,549.0
705.0,672.0
770.0,672.0
779.0,672.0
673.0,102.0
673.0,296.0
673.0,588.0
799.0,673.0
970.0,673.0
674.0,40.0
674.0,240.0
678.0,674.0
686.0,674.0
729.0,674.0
781.0,674.0
783.0,674.0
675.0,111.0
675.0,632.0
726.0,675.0
824.0,675.0
849.0,675.0
676.0,518.0
871.0,676.0
891.0,676.0
907.0,676.0
969.0,676.0
677.0,570.0
677.0,665.0
680.0,677.0
704.0,677.0
771.0,677.0
678.0,107.0
703.0,678.0
764.0,678.0
938.0,678.0
959.0,678.0
679.0,19.0
679.0,165.0
679.0,233.0
928.0,679.0
680.0,0.0
681.0,182.0
779.0,681.0
889.0,681.0
897.0,681.0
929.0,681.0
971.0,681.0
682.0,77.0
682.0,162.0
682.0,270.0
682.0,353.0
682.0,508.0
682.0,591.0
734.0,682.0
864.0,682.0
867.0,682.0
907.0,682.0
958.0,682.0
683.0,119.0
683.0,288.0
683.0,488.0
683.0,671.0
688.0,683.0
696.0,683.0
830.0,683.0
937.0,683.0
684.0,386.0
684.0,553.0
684.0,652.0
705.0,684.0
734.0,684.0
962.0,684.0
685.0,20.0
921.0,685.0
686.0,260.0
686.0,461.0
817.0,686.0
687.0,146.0
687.0,302.0
687.0,350.0
687.0,602.0
800.0,687.0
837.0,687.0
875.0,687.0
880.0,687.0
908.0,687.0
924.0,687.0
935.0,687.0
688.0,30.0
688.0,218.0
688.0,274.0
688.0,290.0
822.0,688.0
689.0,58.0
689.0,79.0
689.0,598.0
689.0,634.0
705.0,689.0
709.0,689.0
957.0,689.0
961.0,689.0
690.0,163.0
690.0,241.0
788.0,690.0
976.0,690.0
691.0,32.0
691.0,235.0
691.0,390.0
740.0,691.0
844.0,691.0
692.0,476.0
692.0,543.0
692.0,567.0
964.0,692.0
693.0,462.0
750.0,693.0
787.0,693.0
852.0,693.0
896.0,693.0
694.0,516.0
763.0,694.0
842.0,694.0
859.0,694.0
695.0,195.0
949.0,695.0
696.0,118.0
696.0,119.0
696.0,311.0
696.0,532.0
696.0,536.0
698.0,696.0
844.0,696.0
949.0,696.0
697.0,351.0
697.0,471.0
697.0,691.0
780.0,697.0
814.0,697.0
927.0,697.0
698.0,525.0
698.0,697.0
819.0,698.0
823.0,698.0
857.0,698.0
863.0,698.0
935.0,698.0
977.0,698.0
699.0,419.0
701.0,699.0
700.0,83.0
700.0,413.0
700.0,474.0
700.0,572.0
717.0,700.0
701.0,506.0
701.0,675.0
818.0,701.0
956.0,701.0
702.0,47.0
702.0,314.0
702.0,334.0
743.0,702.0
904.0,702.0
961.0,702.0
703.0,438.0
709.0,703.0
704.0,151.0
803.0,704.0
972.0,704.0
705.0,123.0
705.0,570.0
787.0,705.0
809.0,705.0
831.0,705.0
844.0,705.0
706.0,306.0
706.0,441.0
727.0,706.0
793.0,706.0
967.0,706.0
707.0,189.0
780.0,707.0
855.0,707.0
865.0,707.0
708.0,179.0
708.0,201.0
708.0,640.0
807.0,708.0
849.0,708.0
927.0,708.0
942.0,708.0
955.0,708.0
709.0,64.0
709.0,485.0
709.0,678.0
818.0,709.0
832.0,709.0
901.0,709.0
710.0,28.0
710.0,558.0
769.0,710.0
711.0,91.0
711.0,208.0
711.0,226.0
711.0,426.0
711.0,630.0
711.0,697.0
810.0,711.0
844.0,711.0
896.0,711.0
897.0,711.0
923.0,711.0
946.0,711.0
958.0,711.0
712.0,55.0
783.0,712.0
861.0,712.0
924.0,712.0
713.0,297.0
713.0,320.0
713.0,504.0
713.0,652.0
855.0,713.0
912.0,713.0
714.0,111.0
714.0,687.0
714.0,691.0
714.0,694.0
760.0,714.0
808.0,714.0
843.0,714.0
898.0,714.0
715.0,158.0
715.0,381.0
715.0,412.0
715.0,671.0
781.0,715.0
716.0,21.0
716.0,158.0
716.0,401.0
732.0,716.0
734.0,716.0
883.0,716.0
887.0,716.0
942.0,716.0
943.0,716.0
717.0,207.0
717.0,274.0
717.0,362.0
717.0,605.0
736.0,717.0
793.0,717.0
861.0,717.0
994.0,717.0
910.0,718.0
966.0,718.0
719.0,98.0
719.0,181.0
885.0,719.0
956.0,719.0
720.0,204.0
720.0,333.0
720.0,686.0
799.0,720.0
975.0,720.0
721.0,537.0
838.0,721.0
957.0,721.0
722.0,604.0
722.0,689.0
740.0,722.0
834.0,722.0
723.0,446.0
723.0,511.0
723.0,543.0
723.0,682.0
723.0,684.0
723.0,697.0
724.0,723.0
759.0,723.0
850.0,723.0
724.0,318.0
810.0,724.0
975.0,724.0
982.0,724.0
725.0,135.0
725.0,153.0
725.0,287.0
725.0,676.0
767.0,725.0
852.0,725.0
903.0,725.0
726.0,102.0
726.0,366.0
726.0,659.0
750.0,726.0
727.0,412.0
727.0,470.0
727.0,518.0
727.0,577.0
727.0,661.0
992.0,727.0
728.0,159.0
728.0,407.0
728.0,666.0
846.0,728.0
953.0,728.0
729.0,99.0
729.0,631.0
729.0,692.0
847.0,729.0
896.0,729.0
730.0,662.0
730.0,726.0
741.0,730.0
757.0,730.0
856.0,730.0
731.0,5.0
731.0,209.0
830.0,731.0
941.0,731.0
732.0,196.0
732.0,350.0
732.0,480.0
732.0,577.0
732.0,606.0
927.0,732.0
733.0,629.0
733.0,730.0
789.0,733.0
923.0,733.0
958.0,733.0
996.0,733.0
734.0,241.0
734.0,678.0
734.0,686.0
734.0,715.0
794.0,734.0
735.0,138.0
848.0,735.0
944.0,735.0
955.0,735.0
736.0,35.0
736.0,93.0
736.0,365.0
752.0,736.0
969.0,736.0
737.0,79.0
737.0,176.0
737.0,432.0
737.0,603.0
940.0,737.0
738.0,391.0
738.0,422.0
738.0,438.0
738.0,564.0
738.0,725.0
850.0,738.0
739.0,332.0
739.0,426.0
740.0,45.0
740.0,221.0
740.0,295.0
740.0,360.0
740.0,450.0
740.0,706.0
993.0,740.0
741.0,69.0
741.0,686.0
741.0,727.0
742.0,76.0
742.0,216.0
742.0,268.0
742.0,725.0
759.0,742.0
990.0,742.0
743.0,42.0
743.0,286.0
778.0,743.0
968.0,743.0
744.0,53.0
744.0,572.0
744.0,691.0
994.0,744.0
745.0,88.0
745.0,165.0
855.0,745.0
867.0,745.0
912.0,745.0
746.0,182.0
746.0,646.0
764.0,746.0
814.0,746.0
864.0,746.0
747.0,671.0
798.0,747.0
807.0,747.0
927.0,747.0
841.0,748.0
942.0,748.0
749.0,53.0
853.0,749.0
750.0,60.0
750.0,510.0
751.0,12.0
751.0,15.0
751.0,215.0
751.0,312.0
951.0,751.0
961.0,751.0
752.0,19.0
752.0,211.0
752.0,219.0
752.0,506.0
792.0,752.0
814.0,752.0
818.0,752.0
887.0,752.0
900.0,752.0
753.0,523.0
753.0,651.0
753.0,682.0
754.0,55.0
754.0,71.0
754.0,530.0
754.0,606.0
754.0,700.0
754.0,711.0
754.0,732.0
755.0,518.0
755.0,637.0
755.0,744.0
756.0,468.0
756.0,587.0
756.0,727.0
845.0,756.0
887.0,756.0
757.0,406.0
757.0,422.0
757.0,678.0
757.0,689.0
757.0,717.0
774.0,757.0
814.0,757.0
856.0,757.0
995.0,758.0
759.0,687.0
851.0,759.0
952.0,759.0
760.0,35.0
760.0,38.0
760.0,430.0
760.0,466.0
760.0,723.0
780.0,760.0
919.0,760.0
941.0,760.0
971.0,760.0
761.0,450.0
761.0,469.0
761.0,608.0
761.0,649.0
761.0,705.0
909.0,761.0
928.0,761.0
762.0,77.0
762.0,561.0
823.0,762.0
763.0,205.0
763.0,293.0
763.0,323.0
763.0,509.0
763.0,736.0
837.0,763.0
858.0,763.0
926.0,763.0
764.0,72.0
764.0,144.0
764.0,328.0
764.0,434.0
814.0,764.0
765.0,47.0
765.0,226.0
765.0,284.0
765.0,710.0
883.0,765.0
766.0,45.0
766.0,504.0
852.0,766.0
905.0,766.0
767.0,39.0
767.0,727.0
832.0,767.0
966.0,767.0
768.0,716.0
852.0,768.0
935.0,768.0
842.0,769.0
886.0,769.0
945.0,769.0
770.0,456.0
770.0,733.0
833.0,770.0
900.0,770.0
771.0,295.0
771.0,361.0
825.0,771.0
992.0,771.0
772.0,365.0
772.0,703.0
877.0,772.0
900.0,772.0
922.0,772.0
773.0,107.0
773.0,295.0
773.0,498.0
773.0,557.0
773.0,587.0
852.0,773.0
899.0,773.0
978.0,773.0
774.0,247.0
774.0,463.0
774.0,594.0
897.0,774.0
958.0,774.0
968.0,774.0
775.0,68.0
775.0,164.0
775.0,397.0
775.0,568.0
775.0,716.0
866.0,775.0
921.0,775.0
776.0,40.0
776.0,757.0
872.0,776.0
921.0,776.0
777.0,90.0
777.0,372.0
777.0,693.0
916.0,778.0
985.0,778.0
779.0,244.0
779.0,309.0
779.0,546.0
787.0,779.0
879.0,779.0
780.0,283.0
780.0,683.0
780.0,708.0
781.0,25.0
781.0,630.0
781.0,778.0
842.0,781.0
889.0,781.0
995.0,781.0
782.0,0.0
783.0,20.0
783.0,535.0
783.0,575.0
783.0,775.0
796.0,783.0
894.0,783.0
999.0,783.0
784.0,36.0
784.0,52.0
784.0,121.0
784.0,566.0
784.0,646.0
784.0,697.0
796.0,784.0
979.0,784.0
785.0,98.0
785.0,360.0
785.0,482.0
785.0,764.0
832.0,785.0
786.0,253.0
786.0,534.0
786.0,680.0
787.0,93.0
787.0,359.0
787.0,412.0
787.0,427.0
787.0,441.0
787.0,667.0
938.0,787.0
958.0,787.0
998.0,787.0
788.0,332.0
788.0,360.0
788.0,441.0
788.0,710.0
789.0,521.0
789.0,711.0
789.0,721.0
790.0,70.0
790.0,108.0
790.0,204.0
790.0,411.0
790.0,701.0
790.0,783.0
929.0,790.0
949.0,790.0
791.0,58.0
791.0,223.0
791.0,595.0
824.0,791.0
903.0,791.0
943.0,791.0
792.0,134.0
792.0,291.0
792.0,528.0
877.0,792.0
793.0,87.0
793.0,175.0
793.0,450.0
793.0,520.0
793.0,712.0
793.0,776.0
810.0,793.0
951.0,793.0
794.0,152.0
794.0,178.0
794.0,283.0
794.0,751.0
941.0,794.0
974.0,794.0
795.0,374.0
795.0,516.0
795.0,750.0
795.0,788.0
896.0,795.0
963.0,795.0
796.0,243.0
796.0,254.0
796.0,707.0
797.0,341.0
797.0,417.0
797.0,614.0
875.0,797.0
878.0,797.0
911.0,797.0
798.0,40.0
798.0,201.0
798.0,203.0
798.0,388.0
807.0,798.0
968.0,798.0
799.0,392.0
799.0,654.0
799.0,702.0
808.0,799.0
925.0,799.0
800.0,164.0
800.0,452.0
800.0,589.0
800.0,653.0
819.0,800.0
886.0,800.0
926.0,800.0
958.0,800.0
973.0,800.0
801.0,496.0
801.0,503.0
801.0,685.0
801.0,758.0
802.0,385.0
802.0,779.0
922.0,802.0
933.0,802.0
803.0,38.0
803.0,484.0
803.0,547.0
803.0,575.0
803.0,791.0
803.0,801.0
869.0,803.0
804.0,33.0
804.0,108.0
804.0,160.0
804.0,235.0
804.0,353.0
805.0,68.0
805.0,144.0
805.0,767.0
850.0,805.0
986.0,805.0
806.0,151.0
806.0,672.0
806.0,732.0
807.0,684.0
844.0,807.0
854.0,807.0
894.0,807.0
903.0,807.0
950.0,807.0
808.0,180.0
808.0,730.0
808.0,772.0
809.0,260.0
811.0,809.0
812.0,809.0
834.0,809.0
937.0,809.0
810.0,203.0
810.0,649.0
810.0,675.0
826.0,810.0
811.0,32.0
811.0,441.0
811.0,563.0
811.0,622.0
811.0,669.0
811.0,691.0
811.0,766.0
812.0,562.0
812.0,734.0
813.0,272.0
937.0,813.0
814.0,216.0
814.0,714.0
814.0,736.0
814.0,771.0
868.0,814.0
904.0,814.0
912.0,814.0
815.0,130.0
815.0,302.0
815.0,766.0
994.0,815.0
816.0,42.0
816.0,48.0
816.0,256.0
816.0,539.0
816.0,725.0
817.0,100.0
817.0,177.0
817.0,219.0
894.0,817.0
918.0,817.0
818.0,36.0
818.0,448.0
818.0,550.0
818.0,750.0
818.0,751.0
818.0,803.0
819.0,52.0
819.0,455.0
932.0,819.0
820.0,6.0
851.0,820.0
939.0,820.0
821.0,138.0
821.0,264.0
903.0,821.0
933.0,821.0
822.0,306.0
822.0,756.0
906.0,822.0
823.0,33.0
823.0,38.0
823.0,194.0
823.0,723.0
823.0,737.0
823.0,816.0
824.0,62.0
824.0,404.0
824.0,674.0
824.0,725.0
824.0,765.0
824.0,814.0
871.0,824.0
825.0,239.0
825.0,430.0
825.0,470.0
826.0,170.0
826.0,202.0
826.0,237.0
826.0,285.0
826.0,460.0
826.0,575.0
826.0,805.0
850.0,826.0
880.0,826.0
895.0,826.0
954.0,826.0
827.0,155.0
827.0,609.0
827.0,679.0
827.0,713.0
966.0,827.0
828.0,672.0
828.0,826.0
838.0,828.0
936.0,828.0
829.0,733.0
829.0,789.0
829.0,826.0
878.0,829.0
830.0,209.0
830.0,563.0
830.0,758.0
830.0,763.0
831.0,638.0
831.0,757.0
920.0,831.0
832.0,31.0
832.0,816.0
833.0,176.0
833.0,181.0
833.0,221.0
833.0,278.0
833.0,468.0
842.0,833.0
834.0,39.0
834.0,179.0
834.0,302.0
834.0,490.0
845.0,834.0
949.0,834.0
835.0,368.0
835.0,489.0
835.0,490.0
835.0,541.0
835.0,626.0
835.0,820.0
901.0,835.0
904.0,835.0
910.0,835.0
836.0,336.0
836.0,363.0
836.0,703.0
836.0,704.0
836.0,787.0
836.0,808.0
913.0,836.0
927.0,836.0
837.0,128.0
837.0,173.0
837.0,444.0
837.0,460.0
837.0,553.0
837.0,742.0
875.0,837.0
838.0,163.0
838.0,229.0
838.0,278.0
838.0,731.0
866.0,838.0
921.0,838.0
839.0,197.0
839.0,206.0
839.0,225.0
839.0,241.0
839.0,671.0
839.0,787.0
839.0,818.0
840.0,27.0
840.0,92.0
840.0,135.0
840.0,456.0
840.0,593.0
840.0,761.0
957.0,840.0
841.0,192.0
841.0,391.0
841.0,531.0
841.0,563.0
866.0,841.0
895.0,841.0
953.0,841.0
842.0,95.0
842.0,108.0
842.0,191.0
914.0,842.0
920.0,842.0
975.0,842.0
997.0,842.0
843.0,91.0
843.0,202.0
843.0,396.0
843.0,675.0
843.0,702.0
843.0,753.0
881.0,843.0
929.0,843.0
844.0,44.0
844.0,610.0
847.0,844.0
864.0,844.0
954.0,844.0
845.0,285.0
845.0,499.0
845.0,591.0
974.0,845.0
846.0,541.0
847.0,89.0
847.0,102.0
847.0,258.0
847.0,403.0
847.0,589.0
847.0,726.0
847.0,744.0
859.0,847.0
965.0,847.0
848.0,722.0
848.0,842.0
944.0,848.0
849.0,153.0
849.0,297.0
849.0,657.0
849.0,760.0
885.0,849.0
914.0,849.0
850.0,419.0
850.0,704.0
850.0,730.0
971.0,850.0
851.0,714.0
851.0,749.0
851.0,841.0
882.0,851.0
893.0,851.0
948.0,851.0
995.0,851.0
852.0,379.0
852.0,425.0
852.0,753.0
862.0,852.0
910.0,852.0
853.0,376.0
853.0,735.0
853.0,786.0
946.0,853.0
970.0,853.0
971.0,854.0
855.0,342.0
855.0,581.0
855.0,715.0
928.0,855.0
856.0,586.0
856.0,607.0
856.0,674.0
856.0,694.0
856.0,711.0
856.0,797.0
857.0,279.0
857.0,304.0
857.0,649.0
857.0,679.0
857.0,732.0
857.0,734.0
868.0,857.0
858.0,201.0
858.0,724.0
859.0,88.0
859.0,112.0
859.0,688.0
859.0,739.0
872.0,859.0
860.0,495.0
860.0,808.0
861.0,489.0
861.0,734.0
861.0,752.0
861.0,824.0
928.0,861.0
862.0,174.0
862.0,597.0
862.0,603.0
862.0,743.0
862.0,858.0
863.0,119.0
863.0,157.0
863.0,614.0
863.0,801.0
980.0,863.0
864.0,640.0
864.0,814.0
865.0,385.0
865.0,764.0
865.0,820.0
867.0,865.0
938.0,865.0
948.0,865.0
866.0,354.0
866.0,573.0
866.0,858.0
866.0,860.0
867.0,162.0
971.0,867.0
868.0,235.0
868.0,384.0
868.0,765.0
868.0,831.0
869.0,868.0
929.0,868.0
869.0,212.0
869.0,575.0
869.0,740.0
869.0,756.0
869.0,795.0
869.0,823.0
889.0,869.0
870.0,298.0
870.0,519.0
870.0,640.0
870.0,702.0
870.0,806.0
871.0,166.0
871.0,349.0
871.0,605.0
871.0,745.0
886.0,871.0
872.0,64.0
872.0,77.0
872.0,351.0
872.0,617.0
872.0,704.0
872.0,836.0
872.0,856.0
873.0,234.0
899.0,873.0
874.0,72.0
874.0,625.0
874.0,709.0
875.0,218.0
974.0,875.0
987.0,875.0
876.0,584.0
876.0,736.0
876.0,746.0
876.0,771.0
876.0,781.0
876.0,845.0
887.0,876.0
927.0,876.0
931.0,876.0
966.0,876.0
877.0,42.0
877.0,168.0
877.0,198.0
877.0,220.0
877.0,533.0
877.0,662.0
877.0,815.0
983.0,877.0
878.0,30.0
878.0,334.0
878.0,426.0
878.0,826.0
990.0,878.0
879.0,263.0
879.0,316.0
879.0,508.0
879.0,614.0
879.0,807.0
879.0,871.0
884.0,879.0
900.0,879.0
880.0,147.0
880.0,725.0
883.0,880.0
956.0,880.0
961.0,880.0
881.0,39.0
881.0,262.0
881.0,688.0
882.0,804.0
882.0,826.0
882.0,832.0
883.0,43.0
883.0,647.0
883.0,733.0
883.0,879.0
884.0,176.0
884.0,547.0
884.0,602.0
884.0,657.0
884.0,677.0
884.0,880.0
885.0,586.0
886.0,593.0
907.0,886.0
887.0,122.0
887.0,240.0
887.0,315.0
887.0,726.0
887.0,840.0
887.0,841.0
888.0,14.0
888.0,395.0
888.0,440.0
888.0,696.0
889.0,53.0
889.0,207.0
889.0,683.0
889.0,839.0
998.0,889.0
890.0,70.0
890.0,98.0
890.0,106.0
890.0,177.0
890.0,475.0
890.0,636.0
966.0,890.0
891.0,845.0
892.0,140.0
892.0,196.0
892.0,690.0
892.0,782.0
893.0,142.0
893.0,269.0
893.0,778.0
894.0,836.0
894.0,864.0
907.0,894.0
989.0,894.0
895.0,260.0
895.0,319.0
895.0,372.0
895.0,758.0
895.0,799.0
895.0,865.0
896.0,6.0
896.0,105.0
896.0,261.0
896.0,385.0
897.0,6.0
897.0,78.0
897.0,610.0
897.0,741.0
968.0,897.0
898.0,73.0
898.0,113.0
898.0,802.0
899.0,30.0
899.0,216.0
899.0,521.0
900.0,400.0
900.0,583.0
900.0,767.0
900.0,831.0
901.0,413.0
901.0,565.0
901.0,787.0
901.0,855.0
945.0,901.0
902.0,69.0
902.0,402.0
902.0,509.0
902.0,546.0
902.0,720.0
998.0,902.0
903.0,379.0
903.0,408.0
903.0,438.0
903.0,732.0
903.0,737.0
903.0,742.0
903.0,774.0
903.0,897.0
904.0,57.0
904.0,181.0
904.0,678.0
904.0,749.0
905.0,238.0
905.0,592.0
905.0,835.0
959.0,905.0
906.0,84.0
906.0,321.0
906.0,633.0
906.0,720.0
906.0,756.0
906.0,854.0
906.0,857.0
906.0,894.0
907.0,23.0
907.0,318.0
907.0,438.0
907.0,474.0
907.0,626.0
907.0,629.0
907.0,794.0
907.0,833.0
907.0,864.0
917.0,907.0
908.0,45.0
908.0,309.0
908.0,557.0
908.0,813.0
908.0,887.0
909.0,797.0
909.0,862.0
980.0,909.0
910.0,7.0
910.0,126.0
910.0,249.0
910.0,651.0
910.0,729.0
910.0,790.0
911.0,308.0
911.0,694.0
912.0,512.0
912.0,702.0
912.0,835.0
927.0,912.0
913.0,129.0
913.0,191.0
946.0,913.0
948.0,913.0
914.0,160.0
914.0,403.0
914.0,748.0
914.0,903.0
920.0,914.0
957.0,914.0
976.0,914.0
915.0,458.0
915.0,655.0
916.0,897.0
961.0,916.0
917.0,515.0
917.0,690.0
918.0,149.0
918.0,213.0
919.0,39.0
919.0,166.0
919.0,472.0
919.0,556.0
919.0,731.0
920.0,17.0
920.0,471.0
920.0,767.0
920.0,779.0
920.0,906.0
921.0,85.0
921.0,643.0
921.0,907.0
922.0,689.0
922.0,868.0
941.0,922.0
923.0,131.0
923.0,158.0
923.0,494.0
923.0,568.0
924.0,114.0
924.0,483.0
924.0,737.0
924.0,791.0
924.0,798.0
924.0,833.0
924.0,872.0
958.0,924.0
925.0,735.0
925.0,907.0
926.0,683.0
927.0,164.0
927.0,309.0
927.0,378.0
927.0,790.0
931.0,927.0
987.0,927.0
928.0,182.0
928.0,218.0
928.0,740.0
929.0,305.0
929.0,523.0
931.0,929.0
990.0,929.0
930.0,60.0
930.0,152.0
930.0,728.0
930.0,880.0
982.0,930.0
985.0,930.0
931.0,397.0
932.0,10.0
932.0,192.0
932.0,354.0
932.0,517.0
932.0,594.0
932.0,659.0
932.0,709.0
932.0,796.0
932.0,887.0
932.0,917.0
974.0,932.0
994.0,932.0
933.0,0.0
934.0,298.0
934.0,343.0
934.0,586.0
934.0,674.0
934.0,680.0
972.0,934.0
935.0,170.0
935.0,493.0
935.0,615.0
975.0,935.0
994.0,935.0
936.0,497.0
936.0,690.0
936.0,785.0
936.0,860.0
937.0,82.0
937.0,480.0
937.0,577.0
937.0,699.0
937.0,766.0
937.0,788.0
937.0,869.0
937.0,889.0
938.0,570.0
938.0,765.0
939.0,763.0
940.0,238.0
940.0,384.0
940.0,398.0
940.0,502.0
940.0,554.0
940.0,621.0
940.0,722.0
940.0,749.0
940.0,872.0
941.0,569.0
941.0,776.0
941.0,781.0
941.0,782.0
941.0,833.0
941.0,911.0
942.0,12.0
942.0,545.0
942.0,843.0
942.0,936.0
943.0,148.0
943.0,206.0
943.0,209.0
943.0,429.0
943.0,628.0
943.0,770.0
943.0,806.0
952.0,943.0
944.0,253.0
944.0,619.0
944.0,786.0
944.0,913.0
944.0,939.0
971.0,944.0
945.0,136.0
945.0,509.0
945.0,527.0
945.0,584.0
945.0,786.0
945.0,864.0
945.0,940.0
958.0,945.0
946.0,449.0
946.0,845.0
946.0,892.0
947.0,161.0
947.0,479.0
947.0,806.0
947.0,825.0
947.0,908.0
948.0,261.0
948.0,415.0
948.0,865.0
948.0,939.0
949.0,361.0
949.0,366.0
949.0,502.0
949.0,776.0
949.0,813.0
949.0,848.0
950.0,166.0
950.0,203.0
950.0,320.0
950.0,739.0
950.0,778.0
950.0,813.0
951.0,950.0
951.0,941.0
951.0,950.0
952.0,172.0
952.0,241.0
952.0,320.0
952.0,372.0
952.0,484.0
952.0,727.0
952.0,766.0
952.0,811.0
952.0,827.0
952.0,860.0
968.0,952.0
953.0,266.0
953.0,283.0
953.0,341.0
953.0,630.0
953.0,658.0
953.0,841.0
953.0,843.0
953.0,868.0
954.0,252.0
954.0,524.0
954.0,643.0
954.0,824.0
954.0,840.0
954.0,886.0
954.0,939.0
955.0,406.0
955.0,838.0
956.0,47.0
956.0,63.0
956.0,513.0
956.0,671.0
956.0,698.0
956.0,807.0
973.0,956.0
957.0,605.0
957.0,693.0
957.0,778.0
957.0,782.0
957.0,925.0
998.0,957.0
958.0,622.0
958.0,697.0
958.0,761.0
958.0,792.0
958.0,898.0
959.0,945.0
960.0,400.0
960.0,803.0
960.0,938.0
960.0,949.0
961.0,454.0
961.0,636.0
961.0,801.0
961.0,928.0
961.0,953.0
969.0,961.0
962.0,165.0
962.0,727.0
962.0,794.0
962.0,805.0
963.0,962.0
963.0,782.0
963.0,847.0
963.0,881.0
963.0,883.0
964.0,430.0
964.0,669.0
964.0,894.0
965.0,49.0
965.0,772.0
966.0,541.0
966.0,674.0
967.0,165.0
967.0,216.0
967.0,832.0
967.0,946.0
968.0,25.0
968.0,30.0
968.0,212.0
968.0,213.0
968.0,460.0
968.0,555.0
968.0,680.0
968.0,965.0
969.0,228.0
969.0,255.0
969.0,419.0
969.0,777.0
969.0,834.0
969.0,940.0
970.0,325.0
970.0,575.0
970.0,675.0
970.0,685.0
970.0,790.0
970.0,933.0
970.0,934.0
970.0,952.0
971.0,383.0
971.0,571.0
971.0,797.0
972.0,2.0
972.0,293.0
972.0,522.0
972.0,638.0
972.0,662.0
972.0,695.0
972.0,801.0
972.0,928.0
973.0,43.0
973.0,278.0
973.0,364.0
973.0,575.0
973.0,686.0
973.0,929.0
974.0,670.0
977.0,974.0
975.0,617.0
975.0,639.0
975.0,674.0
975.0,753.0
975.0,781.0
975.0,839.0
975.0,897.0
975.0,906.0
975.0,952.0
976.0,32.0
976.0,98.0
976.0,214.0
976.0,313.0
976.0,655.0
976.0,698.0
976.0,756.0
989.0,976.0
993.0,976.0
977.0,91.0
977.0,246.0
977.0,338.0
977.0,356.0
977.0,383.0
977.0,638.0
977.0,683.0
978.0,85.0
978.0,642.0
978.0,970.0
998.0,978.0
979.0,39.0
979.0,110.0
979.0,942.0
980.0,624.0
980.0,808.0
980.0,959.0
981.0,226.0
981.0,320.0
981.0,909.0
981.0,917.0
982.0,853.0
982.0,918.0
982.0,955.0
983.0,224.0
983.0,265.0
983.0,965.0
984.0,86.0
984.0,133.0
984.0,402.0
984.0,596.0
984.0,833.0
984.0,895.0
985.0,562.0
985.0,767.0
985.0,817.0
985.0,880.0
985.0,937.0
985.0,944.0
986.0,0.0
987.0,46.0
987.0,556.0
987.0,675.0
987.0,934.0
988.0,0.0
989.0,274.0
989.0,484.0
989.0,690.0
989.0,899.0
989.0,949.0
996.0,989.0
990.0,165.0
990.0,230.0
990.0,254.0
990.0,321.0
990.0,735.0
990.0,983.0
991.0,163.0
991.0,537.0
991.0,712.0
991.0,713.0
991.0,755.0
991.0,770.0
991.0,842.0
991.0,917.0
992.0,575.0
992.0,593.0
992.0,798.0
993.0,116.0
993.0,245.0
993.0,738.0
993.0,828.0
993.0,831.0
993.0,883.0
993.0,973.0
994.0,544.0
994.0,710.0
994.0,890.0
995.0,320.0
995.0,612.0
995.0,683.0
995.0,699.0
995.0,810.0
996.0,310.0
996.0,449.0
996.0,921.0
997.0,82.0
997.0,128.0
997.0,375.0
997.0,657.0
997.0,678.0
997.0,796.0
997.0,905.0
998.0,98.0
998.0,136.0
998.0,179.0
998.0,319.0
998.0,547.0
998.0,661.0
998.0,796.0
998.0,822.0
998.0,988.0
999.0,92.0
999.0,219.0
999.0,249.0
999.0,572.0
999.0,710.0
999.0,882.0
0.0,12.0
0.0,161.0
0.0,231.0
0.0,243.0
0.0,443.0
0.0,571.0
0.0,986.0
0.0,998.0
1.0,51.0
1.0,164.0
1.0,195.0
1.0,433.0
1.0,860.0
1.0,912.0
2.0,27.0
2.0,188.0
2.0,451.0
2.0,892.0
3.0,214.0
3.0,302.0
3.0,449.0
3.0,815.0
0.0,4.0
5.0,83.0
5.0,193.0
5.0,215.0
5.0,261.0
5.0,389.0
5.0,461.0
5.0,975.0
6.0,14.0
6.0,31.0
6.0,86.0
6.0,502.0
6.0,795.0
7.0,25.0
7.0,121.0
7.0,640.0
7.0,706.0
7.0,981.0
8.0,34.0
8.0,193.0
8.0,275.0
8.0,375.0
8.0,388.0
9.0,151.0
9.0,269.0
9.0,314.0
9.0,329.0
9.0,433.0
9.0,821.0
5.0,10.0
10.0,57.0
10.0,87.0
10.0,464.0
10.0,557.0
10.0,944.0
11.0,585.0
11.0,704.0
11.0,776.0
11.0,844.0
11.0,905.0
12.0,15.0
12.0,68.0
12.0,77.0
12.0,97.0
12.0,129.0
12.0,244.0
12.0,254.0
12.0,454.0
12.0,566.0
12.0,762.0
12.0,811.0
12.0,935.0
12.0,977.0
13.0,101.0
13.0,157.0
13.0,456.0
13.0,644.0
14.0,296.0
14.0,419.0
15.0,80.0
15.0,93.0
15.0,243.0
15.0,255.0
15.0,316.0
15.0,444.0
15.0,865.0
3.0,16.0
16.0,200.0
16.0,265.0
16.0,611.0
16.0,761.0
16.0,837.0
16.0,946.0
17.0,33.0
17.0,120.0
17.0,134.0
17.0,491.0
17.0,505.0
6.0,18.0
18.0,163.0
18.0,297.0
18.0,541.0
18.0,846.0
18.0,885.0
19.0,173.0
19.0,202.0
19.0,399.0
19.0,865.0
20.0,293.0
20.0,328.0
20.0,519.0
20.0,539.0
8.0,21.0
21.0,80.0
21.0,91.0
21.0,98.0
21.0,105.0
21.0,126.0
21.0,189.0
21.0,224.0
21.0,823.0
22.0,61.0
22.0,208.0
23.0,112.0
23.0,124.0
23.0,133.0
23.0,298.0
23.0,545.0
23.0,561.0
21.0,24.0
24.0,200.0
24.0,224.0
24.0,543.0
24.0,796.0
25.0,268.0
25.0,324.0
25.0,578.0
25.0,605.0
13.0,26.0
15.0,26.0
26.0,254.0
26.0,260.0
26.0,353.0
26.0,552.0
26.0,989.0
15.0,27.0
27.0,102.0
27.0,345.0
27.0,704.0
28.0,209.0
28.0,289.0
28.0,870.0
29.0,556.0
29.0,679.0
29.0,912.0
2.0,30.0
30.0,309.0
30.0,503.0
30.0,611.0
30.0,864.0
31.0,42.0
31.0,119.0
31.0,137.0
31.0,223.0
31.0,461.0
31.0,500.0
31.0,987.0
32.0,55.0
32.0,82.0
32.0,150.0
32.0,518.0
32.0,557.0
33.0,255.0
26.0,34.0
34.0,145.0
34.0,320.0
34.0,321.0
34.0,829.0
34.0,833.0
34.0,904.0
29.0,35.0
34.0,35.0
35.0,67.0
35.0,280.0
35.0,433.0
35.0,822.0
35.0,849.0
36.0,172.0
36.0,263.0
36.0,652.0
37.0,233.0
37.0,283.0
38.0,74.0
38.0,128.0
38.0,189.0
38.0,282.0
38.0,771.0
39.0,82.0
39.0,178.0
39.0,293.0
39.0,854.0
39.0,988.0
39.0,998.0
40.0,121.0
40.0,169.0
40.0,244.0
40.0,642.0
40.0,649.0
40.0,657.0
40.0,984.0
40.0,998.0
41.0,75.0
41.0,110.0
41.0,255.0
41.0,290.0
41.0,887.0
42.0,122.0
42.0,133.0
42.0,198.0
42.0,673.0
42.0,676.0
42.0,780.0
42.0,963.0
8.0,43.0
17.0,43.0
43.0,63.0
43.0,418.0
43.0,775.0
44.0,145.0
44.0,182.0
44.0,210.0
44.0,220.0
45.0,182.0
45.0,732.0
45.0,951.0
0.0,46.0
47.0,49.0
47.0,252.0
47.0,444.0
47.0,556.0
48.0,82.0
48.0,216.0
48.0,245.0
48.0,266.0
48.0,295.0
48.0,538.0
48.0,676.0
48.0,712.0
48.0,824.0
36.0,49.0
38.0,49.0
49.0,59.0
49.0,72.0
49.0,138.0
49.0,217.0
49.0,782.0
49.0,813.0
49.0,949.0
50.0,115.0
50.0,166.0
51.0,79.0
51.0,217.0
51.0,225.0
51.0,294.0
51.0,648.0
52.0,138.0
52.0,189.0
52.0,427.0
52.0,678.0
52.0,753.0
52.0,968.0
53.0,223.0
53.0,250.0
53.0,321.0
53.0,661.0
53.0,783.0
54.0,94.0
54.0,115.0
54.0,134.0
54.0,283.0
54.0,434.0
54.0,857.0
54.0,928.0
55.0,137.0
55.0,188.0
55.0,379.0
55.0,761.0
55.0,769.0
56.0,126.0
56.0,435.0
56.0,575.0
56.0,608.0
57.0,84.0
57.0,211.0
57.0,724.0
57.0,811.0
57.0,892.0
58.0,197.0
58.0,849.0
58.0,895.0
56.0,59.0
59.0,74.0
59.0,274.0
59.0,650.0
60.0,231.0
60.0,262.0
60.0,491.0
60.0,567.0
60.0,621.0
60.0,668.0
60.0,725.0
60.0,807.0
60.0,963.0
61.0,155.0
61.0,627.0
61.0,922.0
60.0,62.0
62.0,72.0
62.0,197.0
62.0,290.0
62.0,321.0
62.0,726.0
63.0,64.0
63.0,177.0
63.0,268.0
63.0,275.0
63.0,647.0
18.0,64.0
64.0,132.0
64.0,141.0
64.0,222.0
64.0,393.0
64.0,712.0
64.0,825.0
64.0,879.0
65.0,349.0
65.0,787.0
1.0,66.0
66.0,116.0
66.0,157.0
66.0,214.0
66.0,515.0
66.0,644.0
66.0,901.0
66.0,926.0
16.0,67.0
27.0,67.0
67.0,213.0
67.0,979.0
59.0,68.0
68.0,230.0
68.0,489.0
68.0,695.0
69.0,79.0
69.0,225.0
69.0,302.0
69.0,333.0
69.0,412.0
69.0,472.0
16.0,70.0
63.0,70.0
70.0,95.0
70.0,211.0
70.0,274.0
2.0,71.0
53.0,71.0
56.0,71.0
71.0,165.0
71.0,307.0
71.0,676.0
72.0,193.0
72.0,293.0
72.0,297.0
72.0,847.0
72.0,970.0
73.0,198.0
73.0,339.0
73.0,901.0
65.0,74.0
74.0,86.0
74.0,182.0
74.0,678.0
29.0,75.0
35.0,75.0
75.0,184.0
75.0,263.0
75.0,357.0
75.0,367.0
75.0,474.0
75.0,561.0
75.0,800.0
75.0,975.0
76.0,194.0
76.0,271.0
76.0,590.0
77.0,174.0
77.0,386.0
77.0,692.0
77.0,821.0
78.0,207.0
78.0,282.0
78.0,752.0
41.0,79.0
79.0,100.0
79.0,466.0
79.0,486.0
79.0,608.0
19.0,80.0
80.0,249.0
80.0,256.0
80.0,258.0
80.0,273.0
80.0,309.0
80.0,990.0
43.0,81.0
81.0,209.0
81.0,877.0
81.0,880.0
82.0,185.0
82.0,273.0
82.0,293.0
82.0,369.0
82.0,696.0
83.0,243.0
83.0,284.0
83.0,307.0
83.0,309.0
83.0,350.0
83.0,647.0
83.0,835.0
83.0,982.0
63.0,84.0
84.0,500.0
84.0,523.0
15.0,85.0
85.0,108.0
85.0,198.0
85.0,788.0
86.0,559.0
86.0,675.0
86.0,811.0
69.0,87.0
87.0,237.0
87.0,475.0
87.0,500.0
88.0,121.0
88.0,299.0
88.0,300.0
89.0,111.0
89.0,124.0
89.0,205.0
89.0,531.0
11.0,90.0
90.0,165.0
90.0,282.0
90.0,509.0
91.0,167.0
91.0,249.0
91.0,966.0
16.0,92.0
61.0,92.0
72.0,92.0
92.0,224.0
92.0,287.0
93.0,272.0
93.0,327.0
3.0,94.0
7.0,94.0
94.0,218.0
94.0,299.0
94.0,723.0
94.0,800.0
87.0,95.0
13.0,96.0
96.0,109.0
96.0,290.0
96.0,793.0
96.0,932.0
96.0,942.0
96.0,987.0
21.0,97.0
97.0,160.0
97.0,238.0
97.0,378.0
97.0,497.0
97.0,510.0
98.0,103.0
98.0,367.0
98.0,380.0
98.0,605.0
34.0,99.0
99.0,434.0
99.0,550.0
99.0,580.0
99.0,591.0
99.0,649.0
88.0,100.0
100.0,103.0
100.0,161.0
101.0,106.0
101.0,189.0
101.0,228.0
101.0,244.0
101.0,863.0
2.0,102.0
71.0,102.0
102.0,710.0
35.0,103.0
103.0,147.0
103.0,511.0
103.0,788.0
103.0,817.0
69.0,104.0
77.0,104.0
104.0,150.0
104.0,161.0
104.0,188.0
104.0,214.0
104.0,247.0
104.0,399.0
104.0,851.0
104.0,999.0
105.0,432.0
105.0,489.0
105.0,538.0
105.0,654.0
105.0,864.0
68.0,106.0
106.0,123.0
106.0,235.0
106.0,243.0
106.0,251.0
106.0,537.0
5.0,107.0
15.0,107.0
107.0,110.0
107.0,124.0
107.0,134.0
107.0,896.0
30.0,108.0
108.0,190.0
85.0,109.0
109.0,149.0
109.0,158.0
109.0,424.0
109.0,889.0
110.0,139.0
110.0,263.0
110.0,281.0
110.0,706.0
110.0,791.0
34.0,111.0
78.0,111.0
94.0,111.0
111.0,125.0
111.0,151.0
111.0,295.0
111.0,463.0
112.0,327.0
112.0,391.0
112.0,914.0
0.0,113.0
114.0,700.0
114.0,726.0
1.0,115.0
115.0,877.0
115.0,116.0
116.0,697.0
116.0,748.0
116.0,864.0
24.0,117.0
117.0,138.0
117.0,283.0
117.0,641.0
64.0,118.0
110.0,118.0
118.0,119.0
118.0,146.0
118.0,148.0
118.0,218.0
118.0,288.0
118.0,326.0
61.0,119.0
119.0,425.0
119.0,500.0
119.0,567.0
44.0,120.0
89.0,120.0
95.0,120.0
96.0,120.0
120.0,225.0
120.0,325.0
120.0,457.0
120.0,689.0
120.0,963.0
102.0,121.0
121.0,131.0
121.0,250.0
121.0,362.0
121.0,553.0
121.0,594.0
121.0,673.0
67.0,122.0
74.0,122.0
122.0,212.0
122.0,309.0
122.0,803.0
85.0,123.0
88.0,123.0
123.0,197.0
123.0,315.0
123.0,318.0
123.0,897.0
123.0,933.0
124.0,471.0
31.0,125.0
93.0,125.0
125.0,207.0
125.0,506.0
126.0,162.0
126.0,460.0
83.0,127.0
127.0,189.0
127.0,248.0
127.0,283.0
128.0,545.0
128.0,548.0
128.0,642.0
128.0,706.0
128.0,751.0
128.0,767.0
128.0,878.0
129.0,251.0
129.0,503.0
55.0,130.0
61.0,130.0
130.0,162.0
130.0,190.0
130.0,638.0
130.0,752.0
130.0,999.0
121.0,131.0
131.0,205.0
131.0,697.0
131.0,874.0
45.0,132.0
132.0,188.0
132.0,281.0
132.0,361.0
132.0,440.0
133.0,203.0
133.0,250.0
133.0,284.0
133.0,309.0
133.0,637.0
127.0,134.0
134.0,781.0
134.0,826.0
75.0,135.0
135.0,321.0
135.0,544.0
135.0,746.0
136.0,137.0
136.0,203.0
136.0,637.0
136.0,768.0
137.0,250.0
137.0,296.0
137.0,786.0
138.0,217.0
138.0,236.0
138.0,256.0
138.0,768.0
83.0,139.0
139.0,284.0
139.0,303.0
139.0,403.0
139.0,410.0
139.0,536.0
139.0,705.0
139.0,982.0
140.0,275.0
140.0,372.0
140.0,499.0
22.0,141.0
118.0,141.0
141.0,177.0
141.0,221.0
141.0,257.0
141.0,628.0
141.0,674.0
141.0,914.0
142.0,168.0
142.0,242.0
142.0,904.0
65.0,143.0
96.0,143.0
143.0,327.0
143.0,350.0
143.0,601.0
143.0,848.0
14.0,144.0
44.0,144.0
66.0,144.0
144.0,487.0
111.0,145.0
145.0,443.0
146.0,187.0
146.0,217.0
146.0,420.0
146.0,440.0
146.0,455.0
146.0,679.0
146.0,771.0
146.0,932.0
147.0,240.0
147.0,348.0
147.0,608.0
147.0,712.0
147.0,773.0
148.0,168.0
148.0,236.0
148.0,247.0
148.0,315.0
148.0,348.0
96.0,149.0
149.0,288.0
149.0,298.0
149.0,353.0
149.0,545.0
149.0,674.0
149.0,902.0
47.0,150.0
63.0,150.0
150.0,217.0
150.0,245.0
57.0,151.0
151.0,158.0
151.0,339.0
151.0,771.0
151.0,898.0
89.0,152.0
152.0,157.0
152.0,189.0
152.0,484.0
152.0,496.0
152.0,619.0
152.0,750.0
23.0,153.0
133.0,153.0
153.0,492.0
153.0,917.0
154.0,193.0
154.0,356.0
154.0,396.0
38.0,155.0
46.0,155.0
155.0,224.0
155.0,296.0
155.0,304.0
155.0,378.0
155.0,560.0
155.0,969.0
27.0,156.0
79.0,156.0
156.0,287.0
46.0,157.0
157.0,419.0
157.0,538.0
157.0,885.0
158.0,188.0
158.0,306.0
158.0,490.0
158.0,723.0
158.0,745.0
158.0,956.0
158.0,969.0
96.0,159.0
159.0,692.0
159.0,921.0
156.0,160.0
160.0,790.0
160.0,988.0
103.0,161.0
104.0,161.0
161.0,797.0
123.0,162.0
162.0,400.0
162.0,758.0
36.0,163.0
43.0,163.0
163.0,306.0
163.0,627.0
163.0,735.0
163.0,757.0
164.0,203.0
20.0,165.0
55.0,165.0
95.0,165.0
165.0,319.0
165.0,620.0
165.0,920.0
39.0,166.0
166.0,328.0
166.0,726.0
166.0,875.0
166.0,938.0
8.0,167.0
167.0,498.0
167.0,666.0
64.0,168.0
131.0,168.0
168.0,824.0
168.0,910.0
83.0,169.0
169.0,286.0
169.0,307.0
169.0,731.0
107.0,170.0
133.0,170.0
170.0,250.0
170.0,463.0
170.0,502.0
170.0,529.0
171.0,449.0
171.0,747.0
171.0,751.0
171.0,952.0
159.0,172.0
172.0,258.0
172.0,274.0
172.0,476.0
172.0,709.0
172.0,795.0
83.0,173.0
110.0,173.0
136.0,173.0
17.0,174.0
174.0,306.0
174.0,654.0
174.0,727.0
175.0,464.0
175.0,761.0
175.0,951.0
21.0,176.0
73.0,176.0
105.0,176.0
176.0,183.0
176.0,215.0
176.0,499.0
176.0,849.0
124.0,177.0
177.0,263.0
177.0,359.0
177.0,571.0
177.0,829.0
177.0,913.0
116.0,178.0
178.0,304.0
178.0,320.0
178.0,902.0
162.0,179.0
179.0,558.0
179.0,676.0
179.0,873.0
180.0,564.0
121.0,181.0
181.0,251.0
181.0,671.0
181.0,724.0
181.0,750.0
181.0,799.0
181.0,816.0
182.0,325.0
182.0,440.0
182.0,552.0
182.0,887.0
153.0,183.0
183.0,330.0
183.0,842.0
184.0,195.0
184.0,242.0
184.0,329.0
184.0,508.0
184.0,548.0
184.0,733.0
184.0,808.0
184.0,918.0
184.0,962.0
185.0,491.0
186.0,268.0
186.0,327.0
186.0,507.0
186.0,952.0
7.0,187.0
187.0,435.0
187.0,614.0
178.0,188.0
188.0,247.0
188.0,278.0
188.0,666.0
188.0,767.0
189.0,366.0
189.0,442.0
92.0,190.0
103.0,190.0
124.0,190.0
132.0,190.0
190.0,208.0
190.0,557.0
190.0,909.0
191.0,194.0
191.0,268.0
191.0,324.0
191.0,541.0
191.0,640.0
191.0,650.0
191.0,981.0
157.0,192.0
192.0,225.0
192.0,543.0
105.0,193.0
123.0,193.0
193.0,229.0
193.0,271.0
193.0,404.0
193.0,670.0
193.0,814.0
94.0,194.0
123.0,194.0
134.0,194.0
188.0,194.0
194.0,219.0
194.0,280.0
194.0,327.0
194.0,410.0
194.0,492.0
194.0,533.0
16.0,195.0
195.0,804.0
60.0,196.0
78.0,196.0
196.0,900.0
56.0,197.0
197.0,318.0
197.0,410.0
197.0,450.0
197.0,795.0
197.0,956.0
197.0,967.0
27.0,198.0
83.0,198.0
198.0,252.0
198.0,531.0
198.0,887.0
198.0,992.0
150.0,199.0
199.0,878.0
200.0,302.0
200.0,319.0
200.0,850.0
85.0,201.0
201.0,530.0
12.0,202.0
77.0,202.0
202.0,274.0
202.0,372.0
202.0,453.0
202.0,676.0
202.0,800.0
203.0,290.0
203.0,681.0
136.0,204.0
204.0,205.0
204.0,302.0
204.0,345.0
204.0,521.0
204.0,656.0
204.0,719.0
15.0,205.0
205.0,242.0
205.0,267.0
205.0,325.0
205.0,752.0
40.0,206.0
77.0,206.0
206.0,295.0
206.0,461.0
206.0,529.0
206.0,769.0
206.0,789.0
206.0,866.0
47.0,207.0
207.0,225.0
207.0,324.0
207.0,556.0
70.0,208.0
150.0,208.0
208.0,209.0
208.0,258.0
208.0,529.0
208.0,876.0
208.0,896.0
11.0,209.0
133.0,209.0
209.0,214.0
209.0,241.0
209.0,265.0
131.0,210.0
176.0,210.0
210.0,263.0
210.0,418.0
211.0,247.0
211.0,947.0
7.0,212.0
93.0,212.0
212.0,265.0
212.0,562.0
32.0,213.0
74.0,213.0
75.0,213.0
111.0,213.0
130.0,213.0
213.0,466.0
213.0,918.0
214.0,279.0
214.0,702.0
211.0,215.0
215.0,295.0
215.0,322.0
215.0,354.0
215.0,418.0
215.0,668.0
215.0,906.0
7.0,216.0
216.0,282.0
216.0,695.0
6.0,217.0
217.0,784.0
51.0,218.0
218.0,487.0
219.0,303.0
219.0,936.0
53.0,220.0
179.0,220.0
181.0,220.0
220.0,549.0
220.0,807.0
220.0,822.0
220.0,927.0
29.0,221.0
61.0,221.0
71.0,221.0
221.0,658.0
8.0,222.0
181.0,222.0
214.0,222.0
222.0,314.0
166.0,223.0
223.0,463.0
223.0,543.0
223.0,629.0
66.0,224.0
83.0,224.0
145.0,224.0
224.0,480.0
224.0,688.0
224.0,711.0
53.0,225.0
195.0,225.0
225.0,233.0
225.0,316.0
225.0,318.0
225.0,491.0
225.0,809.0
126.0,226.0
143.0,226.0
226.0,643.0
2.0,227.0
18.0,227.0
144.0,227.0
227.0,293.0
227.0,331.0
227.0,382.0
227.0,532.0
227.0,637.0
227.0,781.0
227.0,911.0
227.0,954.0
87.0,228.0
133.0,228.0
139.0,228.0
228.0,445.0
228.0,713.0
161.0,229.0
175.0,229.0
214.0,229.0
33.0,230.0
69.0,230.0
131.0,230.0
206.0,230.0
230.0,476.0
230.0,624.0
230.0,714.0
5.0,231.0
231.0,552.0
231.0,923.0
85.0,232.0
121.0,232.0
190.0,232.0
232.0,273.0
232.0,342.0
232.0,374.0
232.0,412.0
232.0,575.0
192.0,233.0
99.0,234.0
153.0,234.0
197.0,234.0
234.0,271.0
234.0,437.0
234.0,792.0
10.0,235.0
235.0,290.0
235.0,929.0
1.0,236.0
21.0,236.0
114.0,236.0
236.0,668.0
28.0,237.0
134.0,237.0
190.0,237.0
237.0,240.0
237.0,309.0
237.0,505.0
237.0,627.0
237.0,913.0
5.0,238.0
35.0,238.0
90.0,238.0
117.0,238.0
189.0,238.0
216.0,238.0
238.0,484.0
238.0,646.0
238.0,870.0
12.0,239.0
102.0,239.0
154.0,240.0
164.0,240.0
226.0,240.0
240.0,284.0
240.0,412.0
240.0,575.0
240.0,608.0
19.0,241.0
81.0,241.0
113.0,241.0
241.0,312.0
241.0,329.0
241.0,549.0
241.0,822.0
53.0,242.0
108.0,242.0
242.0,271.0
242.0,313.0
242.0,430.0
242.0,712.0
242.0,976.0
23.0,243.0
64.0,243.0
78.0,243.0
243.0,288.0
243.0,567.0
243.0,806.0
243.0,866.0
243.0,994.0
244.0,310.0
244.0,322.0
244.0,433.0
244.0,728.0
244.0,831.0
10.0,245.0
105.0,245.0
197.0,245.0
204.0,245.0
238.0,245.0
245.0,312.0
245.0,593.0
245.0,826.0
125.0,246.0
190.0,246.0
246.0,310.0
246.0,321.0
246.0,379.0
246.0,388.0
246.0,510.0
246.0,739.0
246.0,906.0
95.0,247.0
239.0,247.0
247.0,716.0
247.0,764.0
247.0,991.0
248.0,259.0
248.0,515.0
248.0,893.0
9.0,249.0
249.0,285.0
249.0,538.0
249.0,632.0
20.0,250.0
223.0,250.0
250.0,301.0
111.0,251.0
190.0,251.0
251.0,311.0
251.0,340.0
251.0,554.0
251.0,765.0
251.0,882.0
13.0,252.0
252.0,394.0
24.0,253.0
117.0,253.0
148.0,253.0
216.0,253.0
19.0,254.0
67.0,254.0
92.0,254.0
108.0,254.0
254.0,278.0
254.0,498.0
254.0,559.0
254.0,951.0
254.0,955.0
254.0,963.0
255.0,287.0
255.0,456.0
18.0,256.0
83.0,256.0
139.0,256.0
256.0,289.0
256.0,345.0
256.0,384.0
256.0,561.0
96.0,257.0
204.0,257.0
257.0,601.0
72.0,258.0
136.0,258.0
181.0,258.0
258.0,718.0
258.0,959.0
63.0,259.0
259.0,695.0
259.0,869.0
205.0,260.0
219.0,260.0
260.0,319.0
260.0,407.0
260.0,467.0
260.0,478.0
260.0,914.0
260.0,916.0
260.0,999.0
31.0,261.0
75.0,261.0
124.0,261.0
216.0,261.0
261.0,508.0
261.0,879.0
43.0,262.0
262.0,339.0
263.0,581.0
23.0,264.0
128.0,264.0
165.0,264.0
264.0,428.0
264.0,727.0
264.0,792.0
264.0,916.0
265.0,281.0
265.0,359.0
265.0,688.0
67.0,266.0
158.0,266.0
264.0,266.0
266.0,723.0
266.0,726.0
86.0,267.0
267.0,342.0
267.0,794.0
267.0,928.0
157.0,268.0
268.0,412.0
268.0,714.0
268.0,884.0
67.0,269.0
130.0,269.0
182.0,269.0
244.0,269.0
269.0,308.0
269.0,400.0
269.0,701.0
269.0,761.0
81.0,270.0
264.0,270.0
270.0,812.0
189.0,271.0
196.0,271.0
271.0,936.0
166.0,272.0
272.0,333.0
272.0,500.0
272.0,630.0
272.0,701.0
272.0,762.0
272.0,772.0
272.0,983.0
273.0,490.0
273.0,559.0
273.0,780.0
273.0,821.0
274.0,275.0
274.0,350.0
274.0,420.0
274.0,666.0
274.0,920.0
242.0,275.0
275.0,306.0
275.0,389.0
275.0,518.0
275.0,602.0
275.0,661.0
275.0,860.0
275.0,922.0
62.0,276.0
75.0,276.0
266.0,276.0
276.0,488.0
276.0,689.0
276.0,960.0
59.0,277.0
85.0,277.0
277.0,557.0
49.0,278.0
278.0,360.0
278.0,386.0
278.0,404.0
278.0,475.0
278.0,816.0
278.0,973.0
44.0,279.0
100.0,279.0
161.0,279.0
279.0,294.0
279.0,299.0
279.0,474.0
279.0,920.0
279.0,960.0
13.0,280.0
73.0,280.0
136.0,280.0
260.0,280.0
280.0,449.0
120.0,281.0
281.0,289.0
281.0,481.0
101.0,282.0
195.0,282.0
222.0,282.0
47.0,283.0
151.0,283.0
163.0,283.0
283.0,292.0
283.0,322.0
283.0,728.0
283.0,845.0
0.0,284.0
39.0,285.0
107.0,285.0
235.0,285.0
253.0,285.0
258.0,285.0
285.0,350.0
285.0,632.0
285.0,767.0
285.0,813.0
28.0,286.0
131.0,286.0
183.0,286.0
193.0,286.0
211.0,286.0
245.0,286.0
286.0,492.0
286.0,496.0
35.0,287.0
80.0,287.0
287.0,288.0
287.0,449.0
287.0,949.0
15.0,288.0
41.0,288.0
53.0,288.0
193.0,288.0
288.0,545.0
288.0,614.0
288.0,620.0
288.0,783.0
90.0,289.0
229.0,289.0
244.0,289.0
289.0,387.0
289.0,751.0
107.0,290.0
120.0,290.0
255.0,290.0
271.0,290.0
286.0,290.0
290.0,406.0
290.0,960.0
71.0,291.0
170.0,291.0
291.0,366.0
291.0,844.0
16.0,292.0
85.0,292.0
117.0,292.0
292.0,543.0
292.0,629.0
147.0,293.0
293.0,306.0
293.0,307.0
293.0,843.0
293.0,966.0
204.0,294.0
294.0,681.0
294.0,850.0
196.0,295.0
272.0,295.0
295.0,325.0
295.0,429.0
295.0,920.0
16.0,296.0
152.0,296.0
186.0,296.0
210.0,296.0
255.0,296.0
296.0,304.0
296.0,404.0
0.0,297.0
238.0,297.0
297.0,334.0
297.0,456.0
297.0,465.0
298.0,343.0
298.0,944.0
27.0,299.0
31.0,299.0
88.0,299.0
182.0,299.0
218.0,299.0
300.0,554.0
300.0,632.0
300.0,788.0
25.0,301.0
76.0,301.0
301.0,811.0
80.0,302.0
116.0,302.0
208.0,302.0
302.0,657.0
302.0,822.0
12.0,303.0
39.0,303.0
60.0,303.0
68.0,303.0
158.0,303.0
303.0,304.0
303.0,322.0
303.0,915.0
279.0,304.0
304.0,727.0
305.0,386.0
305.0,988.0
171.0,306.0
243.0,306.0
306.0,648.0
306.0,907.0
306.0,919.0
99.0,307.0
299.0,307.0
307.0,359.0
307.0,532.0
307.0,620.0
307.0,658.0
307.0,673.0
307.0,770.0
32.0,308.0
135.0,308.0
229.0,308.0
300.0,308.0
308.0,469.0
308.0,969.0
21.0,309.0
89.0,309.0
89.0,310.0
137.0,310.0
310.0,698.0
159.0,311.0
226.0,311.0
311.0,322.0
311.0,969.0
138.0,312.0
156.0,312.0
250.0,312.0
50.0,313.0
81.0,313.0
263.0,313.0
303.0,313.0
313.0,433.0
313.0,438.0
313.0,541.0
313.0,625.0
313.0,783.0
313.0,948.0
165.0,314.0
293.0,314.0
314.0,418.0
314.0,731.0
43.0,315.0
54.0,315.0
154.0,315.0
315.0,772.0
110.0,316.0
151.0,316.0
228.0,316.0
281.0,316.0
285.0,316.0
316.0,425.0
316.0,944.0
108.0,317.0
111.0,317.0
317.0,503.0
317.0,640.0
317.0,948.0
22.0,318.0
151.0,318.0
279.0,318.0
318.0,408.0
318.0,575.0
318.0,721.0
318.0,774.0
318.0,812.0
32.0,319.0
177.0,319.0
181.0,319.0
320.0,442.0
320.0,670.0
320.0,710.0
320.0,774.0
320.0,873.0
320.0,889.0
52.0,321.0
91.0,321.0
296.0,321.0
321.0,939.0
53.0,322.0
207.0,322.0
261.0,322.0
322.0,701.0
322.0,823.0
322.0,860.0
31.0,323.0
109.0,323.0
211.0,323.0
323.0,426.0
323.0,839.0
323.0,983.0
324.0,419.0
324.0,714.0
324.0,872.0
1.0,325.0
210.0,325.0
242.0,325.0
243.0,325.0
115.0,326.0
281.0,326.0
308.0,326.0
324.0,326.0
326.0,401.0
326.0,477.0
326.0,563.0
326.0,991.0
327.0,749.0
35.0,328.0
138.0,328.0
148.0,328.0
214.0,328.0
241.0,328.0
319.0,328.0
328.0,967.0
42.0,329.0
135.0,329.0
329.0,534.0
104.0,330.0
229.0,330.0
292.0,330.0
330.0,469.0
330.0,695.0
330.0,846.0
330.0,945.0
330.0,958.0
29.0,331.0
70.0,331.0
82.0,331.0
205.0,331.0
281.0,331.0
331.0,442.0
55.0,332.0
192.0,332.0
267.0,332.0
333.0,737.0
333.0,853.0
333.0,939.0
334.0,400.0
334.0,432.0
334.0,577.0
334.0,687.0
271.0,335.0
335.0,371.0
335.0,465.0
335.0,500.0
335.0,578.0
335.0,920.0
336.0,523.0
336.0,542.0
336.0,573.0
336.0,799.0
336.0,859.0
265.0,337.0
337.0,362.0
337.0,492.0
337.0,571.0
338.0,350.0
338.0,399.0
338.0,737.0
339.0,393.0
339.0,755.0
339.0,945.0
121.0,340.0
159.0,340.0
334.0,340.0
340.0,427.0
340.0,463.0
148.0,341.0
169.0,341.0
341.0,511.0
341.0,552.0
326.0,342.0
342.0,596.0
342.0,602.0
343.0,490.0
343.0,500.0
343.0,511.0
343.0,586.0
343.0,903.0
219.0,344.0
344.0,353.0
344.0,447.0
344.0,766.0
344.0,769.0
344.0,976.0
345.0,419.0
345.0,525.0
345.0,542.0
345.0,734.0
345.0,880.0
177.0,346.0
337.0,346.0
346.0,361.0
346.0,600.0
265.0,347.0
347.0,847.0
29.0,348.0
348.0,366.0
348.0,456.0
348.0,666.0
349.0,421.0
349.0,485.0
349.0,615.0
349.0,629.0
349.0,695.0
327.0,350.0
350.0,545.0
350.0,585.0
350.0,967.0
69.0,351.0
246.0,351.0
351.0,359.0
351.0,412.0
351.0,489.0
352.0,386.0
352.0,450.0
352.0,535.0
352.0,557.0
352.0,628.0
74.0,353.0
294.0,353.0
347.0,353.0
353.0,740.0
350.0,354.0
354.0,411.0
354.0,974.0
65.0,355.0
210.0,355.0
355.0,501.0
355.0,541.0
355.0,593.0
356.0,519.0
356.0,641.0
356.0,841.0
357.0,510.0
357.0,547.0
358.0,530.0
358.0,777.0
120.0,359.0
359.0,382.0
359.0,392.0
359.0,396.0
359.0,415.0
359.0,771.0
359.0,839.0
171.0,360.0
360.0,393.0
360.0,442.0
360.0,524.0
360.0,531.0
360.0,548.0
360.0,647.0
117.0,361.0
127.0,361.0
361.0,481.0
361.0,533.0
361.0,537.0
361.0,659.0
361.0,938.0
69.0,362.0
362.0,434.0
362.0,504.0
362.0,533.0
32.0,363.0
334.0,363.0
363.0,420.0
363.0,447.0
363.0,506.0
363.0,584.0
363.0,588.0
363.0,792.0
92.0,364.0
364.0,580.0
364.0,966.0
200.0,365.0
244.0,365.0
365.0,541.0
365.0,571.0
365.0,745.0
146.0,366.0
190.0,366.0
304.0,366.0
366.0,452.0
366.0,635.0
247.0,367.0
367.0,609.0
367.0,710.0
367.0,903.0
368.0,585.0
368.0,587.0
368.0,632.0
368.0,762.0
282.0,369.0
369.0,497.0
369.0,999.0
351.0,370.0
370.0,375.0
370.0,383.0
370.0,511.0
370.0,517.0
370.0,594.0
370.0,617.0
370.0,690.0
370.0,816.0
158.0,371.0
346.0,371.0
371.0,375.0
371.0,445.0
371.0,918.0
68.0,372.0
274.0,372.0
319.0,372.0
372.0,390.0
372.0,435.0
372.0,660.0
372.0,775.0
372.0,955.0
256.0,373.0
373.0,630.0
299.0,374.0
374.0,392.0
374.0,456.0
374.0,808.0
211.0,375.0
375.0,423.0
375.0,455.0
375.0,885.0
376.0,980.0
377.0,460.0
377.0,595.0
377.0,679.0
377.0,737.0
377.0,761.0
51.0,378.0
78.0,378.0
338.0,378.0
378.0,390.0
378.0,446.0
378.0,561.0
378.0,585.0
378.0,850.0
26.0,379.0
73.0,379.0
148.0,379.0
209.0,379.0
370.0,379.0
379.0,381.0
379.0,501.0
379.0,609.0
379.0,658.0
379.0,730.0
379.0,748.0
379.0,878.0
379.0,907.0
343.0,380.0
380.0,454.0
380.0,601.0
380.0,891.0
198.0,381.0
381.0,451.0
381.0,944.0
105.0,382.0
183.0,382.0
361.0,382.0
382.0,447.0
382.0,545.0
382.0,561.0
382.0,625.0
382.0,708.0
382.0,779.0
382.0,880.0
351.0,383.0
383.0,570.0
383.0,614.0
383.0,768.0
181.0,384.0
197.0,384.0
384.0,392.0
384.0,445.0
384.0,635.0
70.0,385.0
385.0,616.0
385.0,622.0
81.0,386.0
198.0,386.0
202.0,386.0
353.0,386.0
386.0,771.0
2.0,387.0
102.0,387.0
231.0,387.0
351.0,387.0
387.0,556.0
387.0,717.0
387.0,963.0
388.0,429.0
388.0,464.0
388.0,533.0
388.0,605.0
388.0,629.0
95.0,389.0
251.0,389.0
389.0,480.0
389.0,582.0
297.0,390.0
302.0,390.0
390.0,449.0
390.0,806.0
34.0,391.0
376.0,391.0
391.0,405.0
391.0,417.0
391.0,422.0
391.0,528.0
391.0,662.0
62.0,392.0
110.0,392.0
329.0,392.0
392.0,471.0
392.0,577.0
392.0,622.0
392.0,906.0
131.0,393.0
358.0,393.0
393.0,505.0
393.0,539.0
393.0,780.0
393.0,816.0
394.0,748.0
394.0,922.0
395.0,499.0
395.0,624.0
395.0,870.0
55.0,396.0
86.0,396.0
373.0,396.0
396.0,549.0
56.0,397.0
81.0,397.0
397.0,432.0
397.0,450.0
397.0,585.0
128.0,398.0
247.0,398.0
398.0,448.0
297.0,399.0
399.0,589.0
399.0,642.0
399.0,832.0
399.0,853.0
399.0,875.0
136.0,400.0
384.0,400.0
400.0,409.0
400.0,420.0
400.0,598.0
400.0,655.0
400.0,659.0
400.0,908.0
112.0,401.0
371.0,401.0
401.0,423.0
401.0,490.0
401.0,664.0
401.0,718.0
114.0,402.0
182.0,402.0
402.0,499.0
402.0,721.0
402.0,844.0
370.0,403.0
391.0,403.0
403.0,527.0
403.0,907.0
404.0,533.0
404.0,967.0
24.0,405.0
259.0,405.0
405.0,441.0
405.0,571.0
405.0,578.0
405.0,634.0
405.0,747.0
405.0,797.0
406.0,522.0
406.0,616.0
406.0,643.0
304.0,407.0
312.0,407.0
407.0,480.0
407.0,522.0
407.0,608.0
407.0,798.0
407.0,884.0
408.0,417.0
408.0,423.0
408.0,963.0
408.0,965.0
409.0,683.0
409.0,700.0
409.0,959.0
410.0,464.0
410.0,486.0
410.0,613.0
131.0,411.0
171.0,411.0
411.0,470.0
411.0,473.0
411.0,715.0
159.0,412.0
353.0,412.0
412.0,425.0
412.0,546.0
412.0,759.0
29.0,413.0
93.0,413.0
413.0,527.0
413.0,709.0
413.0,782.0
413.0,783.0
112.0,414.0
218.0,414.0
414.0,467.0
414.0,535.0
414.0,602.0
414.0,784.0
414.0,846.0
414.0,921.0
30.0,415.0
99.0,415.0
367.0,415.0
415.0,482.0
415.0,487.0
415.0,609.0
415.0,690.0
415.0,807.0
114.0,416.0
370.0,416.0
416.0,480.0
416.0,483.0
416.0,814.0
417.0,453.0
417.0,482.0
417.0,853.0
417.0,889.0
369.0,418.0
374.0,418.0
418.0,603.0
195.0,419.0
419.0,450.0
419.0,503.0
419.0,518.0
419.0,599.0
419.0,611.0
419.0,800.0
183.0,420.0
325.0,420.0
420.0,881.0
420.0,905.0
420.0,906.0
420.0,994.0
13.0,421.0
77.0,421.0
377.0,421.0
416.0,421.0
421.0,592.0
421.0,681.0
0.0,422.0
118.0,422.0
198.0,422.0
344.0,422.0
375.0,422.0
422.0,471.0
422.0,556.0
422.0,613.0
24.0,423.0
44.0,423.0
423.0,531.0
423.0,673.0
423.0,736.0
423.0,870.0
299.0,424.0
424.0,481.0
424.0,578.0
424.0,986.0
84.0,425.0
243.0,425.0
383.0,425.0
401.0,425.0
425.0,883.0
226.0,426.0
323.0,426.0
426.0,572.0
426.0,781.0
426.0,784.0
109.0,427.0
234.0,427.0
427.0,541.0
427.0,581.0
427.0,584.0
428.0,545.0
429.0,604.0
429.0,923.0
214.0,430.0
227.0,430.0
430.0,809.0
430.0,977.0
171.0,431.0
305.0,431.0
420.0,431.0
427.0,431.0
431.0,517.0
431.0,560.0
431.0,561.0
431.0,580.0
140.0,432.0
423.0,432.0
432.0,577.0
432.0,647.0
432.0,667.0
432.0,956.0
42.0,433.0
168.0,433.0
235.0,433.0
418.0,433.0
433.0,620.0
418.0,434.0
434.0,611.0
87.0,435.0
435.0,471.0
435.0,482.0
435.0,532.0
367.0,436.0
436.0,516.0
436.0,915.0
436.0,955.0
436.0,992.0
49.0,437.0
354.0,437.0
356.0,437.0
412.0,437.0
437.0,600.0
437.0,630.0
104.0,438.0
314.0,438.0
367.0,438.0
438.0,576.0
438.0,439.0
439.0,445.0
439.0,546.0
439.0,552.0
439.0,835.0
225.0,440.0
273.0,440.0
440.0,455.0
440.0,462.0
440.0,542.0
46.0,441.0
215.0,441.0
379.0,441.0
441.0,594.0
441.0,620.0
441.0,972.0
346.0,442.0
372.0,442.0
381.0,442.0
442.0,526.0
442.0,542.0
442.0,820.0
184.0,443.0
190.0,443.0
405.0,443.0
443.0,581.0
75.0,444.0
169.0,444.0
346.0,444.0
377.0,444.0
394.0,444.0
444.0,476.0
444.0,753.0
445.0,446.0
445.0,598.0
445.0,922.0
105.0,446.0
320.0,446.0
446.0,635.0
446.0,728.0
446.0,821.0
446.0,844.0
101.0,447.0
286.0,447.0
426.0,447.0
447.0,717.0
447.0,727.0
447.0,994.0
131.0,448.0
259.0,448.0
448.0,489.0
448.0,819.0
448.0,896.0
448.0,921.0
161.0,449.0
368.0,449.0
414.0,449.0
449.0,546.0
449.0,661.0
449.0,805.0
449.0,922.0
344.0,450.0
450.0,479.0
450.0,510.0
450.0,665.0
451.0,483.0
451.0,605.0
451.0,613.0
451.0,740.0
451.0,840.0
380.0,452.0
430.0,452.0
452.0,518.0
452.0,529.0
452.0,605.0
452.0,727.0
183.0,453.0
418.0,453.0
420.0,453.0
424.0,453.0
437.0,453.0
453.0,457.0
453.0,602.0
453.0,619.0
109.0,454.0
155.0,454.0
235.0,454.0
378.0,454.0
454.0,779.0
454.0,824.0
454.0,998.0
205.0,455.0
455.0,477.0
455.0,553.0
455.0,714.0
456.0,473.0
456.0,567.0
456.0,830.0
370.0,457.0
457.0,545.0
457.0,588.0
457.0,627.0
457.0,649.0
457.0,934.0
352.0,458.0
384.0,458.0
458.0,488.0
458.0,521.0
458.0,579.0
458.0,878.0
391.0,459.0
459.0,471.0
459.0,901.0
389.0,460.0
258.0,461.0
461.0,533.0
221.0,462.0
283.0,462.0
462.0,522.0
462.0,931.0
34.0,463.0
462.0,463.0
463.0,546.0
463.0,999.0
380.0,464.0
464.0,517.0
464.0,541.0
464.0,601.0
464.0,625.0
464.0,909.0
115.0,465.0
403.0,465.0
439.0,465.0
446.0,465.0
465.0,480.0
465.0,659.0
465.0,965.0
88.0,466.0
164.0,466.0
379.0,466.0
466.0,472.0
466.0,894.0
384.0,467.0
416.0,467.0
467.0,610.0
467.0,629.0
467.0,651.0
467.0,662.0
93.0,468.0
109.0,468.0
371.0,468.0
468.0,531.0
468.0,593.0
468.0,612.0
468.0,626.0
468.0,716.0
469.0,612.0
165.0,470.0
344.0,470.0
470.0,632.0
470.0,654.0
470.0,716.0
470.0,734.0
470.0,843.0
117.0,471.0
212.0,471.0
404.0,471.0
411.0,471.0
426.0,471.0
135.0,472.0
472.0,500.0
4.0,473.0
176.0,473.0
473.0,618.0
473.0,844.0
473.0,878.0
17.0,474.0
136.0,474.0
169.0,474.0
431.0,474.0
474.0,530.0
474.0,569.0
474.0,604.0
474.0,735.0
474.0,981.0
48.0,475.0
444.0,475.0
475.0,527.0
475.0,534.0
475.0,568.0
475.0,582.0
475.0,611.0
475.0,661.0
475.0,895.0
4.0,476.0
10.0,476.0
137.0,476.0
476.0,662.0
476.0,773.0
476.0,845.0
476.0,861.0
101.0,477.0
221.0,477.0
414.0,477.0
477.0,536.0
477.0,590.0
477.0,625.0
167.0,478.0
333.0,478.0
478.0,571.0
478.0,652.0
478.0,802.0
342.0,479.0
348.0,479.0
358.0,479.0
479.0,533.0
479.0,573.0
479.0,600.0
479.0,915.0
209.0,480.0
252.0,480.0
415.0,480.0
480.0,484.0
480.0,486.0
338.0,481.0
481.0,497.0
481.0,549.0
481.0,585.0
481.0,651.0
460.0,482.0
482.0,621.0
482.0,664.0
482.0,870.0
482.0,904.0
482.0,939.0
483.0,565.0
483.0,674.0
483.0,813.0
483.0,839.0
209.0,484.0
247.0,484.0
379.0,484.0
484.0,600.0
484.0,644.0
484.0,662.0
109.0,485.0
128.0,485.0
481.0,485.0
485.0,535.0
485.0,598.0
218.0,486.0
486.0,514.0
486.0,889.0
397.0,487.0
460.0,487.0
487.0,546.0
487.0,551.0
487.0,830.0
336.0,488.0
396.0,488.0
427.0,488.0
488.0,544.0
488.0,762.0
488.0,786.0
488.0,839.0
488.0,999.0
167.0,489.0
220.0,489.0
266.0,489.0
127.0,490.0
302.0,490.0
426.0,490.0
490.0,634.0
139.0,491.0
338.0,491.0
491.0,631.0
491.0,944.0
24.0,492.0
195.0,492.0
492.0,520.0
492.0,601.0
492.0,603.0
492.0,851.0
492.0,898.0
493.0,618.0
493.0,621.0
357.0,494.0
378.0,494.0
485.0,494.0
494.0,536.0
494.0,601.0
494.0,637.0
494.0,803.0
225.0,495.0
468.0,495.0
399.0,496.0
401.0,496.0
12.0,497.0
97.0,497.0
279.0,497.0
497.0,870.0
473.0,498.0
498.0,717.0
498.0,722.0
498.0,831.0
92.0,499.0
378.0,499.0
401.0,499.0
499.0,522.0
499.0,549.0
499.0,616.0
499.0,728.0
406.0,500.0
492.0,500.0
500.0,549.0
500.0,553.0
500.0,604.0
500.0,616.0
500.0,722.0
500.0,849.0
146.0,501.0
202.0,501.0
350.0,501.0
446.0,501.0
112.0,502.0
137.0,502.0
291.0,502.0
337.0,502.0
343.0,502.0
502.0,514.0
502.0,992.0
318.0,503.0
372.0,503.0
404.0,503.0
327.0,504.0
504.0,513.0
504.0,617.0
504.0,778.0
504.0,801.0
504.0,924.0
214.0,505.0
401.0,505.0
423.0,505.0
505.0,515.0
505.0,736.0
505.0,783.0
0.0,506.0
98.0,507.0
363.0,507.0
459.0,507.0
507.0,554.0
87.0,508.0
508.0,530.0
508.0,648.0
508.0,720.0
252.0,509.0
355.0,509.0
356.0,509.0
464.0,509.0
509.0,592.0
509.0,766.0
509.0,816.0
457.0,510.0
498.0,510.0
510.0,514.0
510.0,525.0
510.0,616.0
510.0,799.0
510.0,872.0
339.0,511.0
511.0,693.0
511.0,971.0
512.0,529.0
512.0,639.0
512.0,917.0
40.0,513.0
359.0,513.0
494.0,513.0
513.0,582.0
513.0,587.0
513.0,610.0
513.0,714.0
513.0,871.0
513.0,922.0
396.0,514.0
400.0,514.0
493.0,514.0
514.0,555.0
514.0,637.0
514.0,706.0
391.0,515.0
515.0,600.0
515.0,821.0
515.0,883.0
515.0,906.0
15.0,516.0
290.0,516.0
388.0,516.0
393.0,516.0
443.0,516.0
516.0,918.0
516.0,967.0
42.0,517.0
379.0,517.0
427.0,517.0
517.0,969.0
76.0,518.0
143.0,518.0
300.0,518.0
518.0,572.0
518.0,719.0
443.0,519.0
462.0,519.0
514.0,519.0
519.0,649.0
519.0,747.0
519.0,778.0
337.0,520.0
520.0,587.0
406.0,521.0
501.0,521.0
521.0,543.0
521.0,567.0
521.0,671.0
521.0,839.0
521.0,890.0
17.0,522.0
140.0,522.0
457.0,522.0
90.0,523.0
260.0,523.0
285.0,523.0
352.0,523.0
387.0,523.0
408.0,523.0
436.0,523.0
487.0,523.0
523.0,951.0
267.0,524.0
373.0,524.0
408.0,524.0
420.0,524.0
524.0,755.0
95.0,525.0
209.0,526.0
416.0,526.0
450.0,526.0
488.0,526.0
526.0,640.0
245.0,527.0
286.0,527.0
437.0,527.0
446.0,527.0
458.0,527.0
496.0,527.0
527.0,576.0
527.0,601.0
527.0,616.0
527.0,721.0
286.0,528.0
450.0,528.0
459.0,528.0
528.0,615.0
528.0,649.0
30.0,529.0
210.0,529.0
315.0,529.0
403.0,529.0
496.0,529.0
529.0,645.0
16.0,530.0
186.0,530.0
516.0,530.0
530.0,546.0
530.0,790.0
530.0,816.0
354.0,531.0
531.0,553.0
214.0,532.0
492.0,532.0
511.0,532.0
532.0,549.0
532.0,558.0
532.0,810.0
176.0,533.0
249.0,533.0
437.0,533.0
533.0,736.0
533.0,767.0
533.0,953.0
329.0,534.0
347.0,534.0
534.0,579.0
534.0,734.0
534.0,838.0
39.0,535.0
174.0,535.0
356.0,535.0
535.0,536.0
535.0,598.0
535.0,715.0
350.0,536.0
496.0,536.0
536.0,656.0
20.0,537.0
242.0,537.0
308.0,537.0
442.0,537.0
537.0,617.0
537.0,891.0
247.0,538.0
334.0,538.0
538.0,598.0
538.0,600.0
538.0,654.0
538.0,689.0
538.0,694.0
142.0,539.0
324.0,539.0
539.0,623.0
539.0,953.0
163.0,540.0
446.0,540.0
540.0,550.0
540.0,649.0
400.0,541.0
464.0,541.0
142.0,542.0
295.0,542.0
341.0,542.0
541.0,542.0
542.0,597.0
542.0,656.0
542.0,844.0
206.0,543.0
493.0,543.0
543.0,652.0
543.0,715.0
543.0,828.0
543.0,851.0
12.0,544.0
116.0,544.0
156.0,544.0
544.0,562.0
544.0,574.0
544.0,620.0
291.0,545.0
520.0,545.0
523.0,545.0
534.0,545.0
545.0,863.0
245.0,546.0
410.0,546.0
461.0,546.0
512.0,546.0
522.0,546.0
544.0,546.0
546.0,700.0
546.0,952.0
83.0,547.0
98.0,547.0
410.0,547.0
422.0,547.0
179.0,548.0
226.0,548.0
324.0,548.0
356.0,548.0
548.0,623.0
548.0,949.0
465.0,549.0
549.0,964.0
45.0,550.0
103.0,550.0
228.0,550.0
321.0,550.0
472.0,550.0
492.0,550.0
550.0,669.0
550.0,781.0
550.0,825.0
550.0,959.0
258.0,551.0
315.0,551.0
551.0,553.0
551.0,713.0
551.0,822.0
100.0,552.0
291.0,552.0
407.0,552.0
416.0,552.0
552.0,626.0
552.0,828.0
319.0,553.0
343.0,553.0
553.0,563.0
553.0,611.0
553.0,731.0
553.0,922.0
19.0,554.0
159.0,554.0
219.0,554.0
390.0,554.0
407.0,554.0
554.0,697.0
554.0,771.0
554.0,977.0
93.0,555.0
323.0,555.0
439.0,555.0
498.0,555.0
555.0,663.0
426.0,556.0
444.0,556.0
466.0,556.0
556.0,916.0
83.0,557.0
127.0,557.0
419.0,557.0
425.0,557.0
512.0,557.0
557.0,759.0
557.0,834.0
38.0,558.0
379.0,558.0
466.0,558.0
558.0,623.0
558.0,677.0
558.0,732.0
558.0,772.0
340.0,559.0
404.0,559.0
559.0,982.0
451.0,560.0
523.0,560.0
560.0,574.0
560.0,805.0
2.0,561.0
84.0,561.0
278.0,561.0
290.0,561.0
410.0,561.0
561.0,876.0
509.0,562.0
513.0,562.0
562.0,564.0
562.0,968.0
37.0,563.0
346.0,563.0
456.0,563.0
492.0,563.0
563.0,638.0
232.0,564.0
362.0,564.0
368.0,564.0
564.0,629.0
564.0,665.0
564.0,784.0
415.0,565.0
447.0,565.0
454.0,565.0
469.0,565.0
565.0,585.0
565.0,629.0
565.0,941.0
268.0,566.0
289.0,566.0
376.0,566.0
410.0,566.0
438.0,566.0
556.0,566.0
566.0,641.0
566.0,743.0
566.0,924.0
566.0,964.0
567.0,779.0
87.0,568.0
188.0,568.0
279.0,568.0
490.0,568.0
528.0,568.0
568.0,613.0
197.0,569.0
537.0,569.0
569.0,606.0
569.0,664.0
569.0,798.0
28.0,570.0
100.0,570.0
369.0,570.0
418.0,570.0
420.0,570.0
498.0,570.0
521.0,570.0
570.0,861.0
110.0,571.0
206.0,571.0
380.0,571.0
385.0,571.0
396.0,571.0
411.0,571.0
120.0,572.0
193.0,572.0
246.0,572.0
412.0,572.0
492.0,572.0
572.0,647.0
256.0,573.0
512.0,573.0
573.0,640.0
573.0,692.0
573.0,807.0
573.0,830.0
82.0,574.0
328.0,574.0
369.0,574.0
371.0,574.0
389.0,574.0
414.0,574.0
466.0,574.0
574.0,752.0
574.0,812.0
574.0,894.0
263.0,575.0
275.0,575.0
396.0,575.0
575.0,590.0
83.0,576.0
140.0,576.0
198.0,576.0
322.0,576.0
537.0,576.0
549.0,576.0
576.0,605.0
576.0,607.0
576.0,676.0
576.0,688.0
158.0,577.0
279.0,577.0
378.0,577.0
481.0,577.0
577.0,714.0
158.0,578.0
183.0,578.0
224.0,578.0
336.0,578.0
381.0,578.0
499.0,578.0
578.0,624.0
578.0,627.0
578.0,630.0
578.0,836.0
578.0,961.0
578.0,969.0
454.0,579.0
579.0,652.0
579.0,661.0
579.0,680.0
579.0,702.0
579.0,803.0
354.0,580.0
410.0,580.0
538.0,580.0
580.0,614.0
580.0,767.0
580.0,861.0
5.0,581.0
578.0,581.0
581.0,690.0
581.0,807.0
581.0,945.0
520.0,582.0
524.0,582.0
546.0,582.0
582.0,628.0
39.0,583.0
310.0,583.0
51.0,584.0
81.0,584.0
584.0,800.0
584.0,911.0
101.0,585.0
237.0,585.0
422.0,585.0
585.0,672.0
585.0,778.0
35.0,586.0
153.0,586.0
240.0,586.0
515.0,586.0
542.0,586.0
1.0,587.0
172.0,587.0
322.0,587.0
401.0,587.0
138.0,588.0
325.0,588.0
468.0,588.0
563.0,588.0
565.0,588.0
435.0,589.0
20.0,590.0
480.0,590.0
590.0,623.0
590.0,908.0
590.0,948.0
15.0,591.0
228.0,591.0
429.0,591.0
456.0,591.0
591.0,834.0
591.0,875.0
97.0,592.0
211.0,592.0
244.0,592.0
509.0,592.0
557.0,592.0
592.0,674.0
592.0,744.0
592.0,976.0
10.0,593.0
219.0,593.0
386.0,593.0
403.0,593.0
593.0,594.0
593.0,631.0
593.0,726.0
468.0,594.0
540.0,594.0
594.0,647.0
594.0,691.0
24.0,595.0
193.0,596.0
317.0,596.0
390.0,596.0
480.0,596.0
491.0,596.0
520.0,596.0
596.0,598.0
181.0,597.0
310.0,597.0
597.0,809.0
5.0,598.0
149.0,598.0
199.0,598.0
211.0,598.0
369.0,598.0
598.0,614.0
598.0,821.0
327.0,599.0
396.0,599.0
459.0,599.0
599.0,642.0
599.0,658.0
44.0,600.0
72.0,600.0
439.0,600.0
499.0,600.0
600.0,761.0
600.0,975.0
438.0,601.0
601.0,617.0
279.0,602.0
286.0,602.0
546.0,602.0
585.0,602.0
596.0,602.0
602.0,770.0
602.0,792.0
269.0,603.0
603.0,612.0
603.0,613.0
62.0,604.0
399.0,604.0
604.0,672.0
215.0,605.0
605.0,629.0
605.0,638.0
605.0,660.0
605.0,897.0
49.0,606.0
461.0,606.0
606.0,637.0
606.0,898.0
268.0,607.0
331.0,607.0
28.0,608.0
65.0,608.0
361.0,608.0
520.0,608.0
608.0,637.0
127.0,609.0
368.0,609.0
560.0,609.0
609.0,634.0
609.0,685.0
609.0,792.0
569.0,610.0
610.0,989.0
22.0,611.0
400.0,611.0
447.0,611.0
611.0,628.0
611.0,647.0
611.0,650.0
611.0,901.0
68.0,612.0
556.0,612.0
612.0,619.0
612.0,649.0
612.0,656.0
24.0,613.0
121.0,613.0
523.0,613.0
573.0,613.0
574.0,613.0
576.0,613.0
244.0,614.0
269.0,614.0
594.0,614.0
614.0,819.0
337.0,615.0
355.0,615.0
368.0,615.0
453.0,615.0
516.0,615.0
593.0,615.0
596.0,615.0
615.0,616.0
615.0,646.0
615.0,679.0
615.0,852.0
314.0,616.0
402.0,616.0
416.0,617.0
589.0,617.0
617.0,803.0
617.0,963.0
179.0,618.0
279.0,618.0
300.0,618.0
416.0,618.0
618.0,626.0
618.0,637.0
619.0,632.0
619.0,717.0
619.0,938.0
205.0,620.0
296.0,620.0
480.0,620.0
620.0,867.0
620.0,899.0
16.0,621.0
357.0,621.0
441.0,621.0
596.0,621.0
599.0,621.0
621.0,698.0
621.0,732.0
621.0,791.0
63.0,622.0
360.0,622.0
374.0,622.0
402.0,622.0
622.0,834.0
73.0,623.0
89.0,623.0
309.0,623.0
321.0,623.0
459.0,623.0
514.0,623.0
623.0,796.0
623.0,841.0
120.0,624.0
236.0,624.0
416.0,624.0
535.0,624.0
142.0,625.0
207.0,625.0
219.0,625.0
331.0,625.0
333.0,625.0
401.0,625.0
493.0,625.0
625.0,756.0
625.0,981.0
173.0,626.0
347.0,626.0
428.0,626.0
472.0,626.0
354.0,627.0
627.0,817.0
379.0,628.0
423.0,628.0
489.0,628.0
521.0,628.0
545.0,628.0
626.0,628.0
628.0,642.0
0.0,629.0
121.0,630.0
252.0,630.0
465.0,630.0
614.0,630.0
630.0,697.0
630.0,724.0
142.0,631.0
490.0,631.0
444.0,632.0
481.0,632.0
632.0,686.0
256.0,633.0
269.0,633.0
576.0,633.0
633.0,959.0
372.0,634.0
391.0,634.0
534.0,634.0
634.0,635.0
634.0,756.0
634.0,978.0
413.0,635.0
428.0,635.0
457.0,635.0
472.0,635.0
575.0,635.0
635.0,801.0
635.0,877.0
635.0,898.0
292.0,636.0
406.0,636.0
622.0,636.0
625.0,636.0
636.0,856.0
636.0,894.0
636.0,939.0
90.0,637.0
179.0,637.0
299.0,637.0
535.0,637.0
540.0,637.0
637.0,730.0
637.0,771.0
637.0,854.0
113.0,638.0
167.0,638.0
223.0,638.0
486.0,638.0
166.0,639.0
425.0,639.0
546.0,639.0
565.0,639.0
571.0,639.0
639.0,806.0
639.0,879.0
639.0,927.0
209.0,640.0
340.0,640.0
526.0,640.0
640.0,975.0
20.0,641.0
242.0,641.0
453.0,641.0
610.0,641.0
642.0,715.0
642.0,934.0
0.0,643.0
93.0,643.0
260.0,643.0
627.0,643.0
643.0,726.0
643.0,733.0
643.0,863.0
24.0,644.0
304.0,644.0
501.0,644.0
636.0,644.0
644.0,945.0
411.0,645.0
645.0,730.0
645.0,880.0
645.0,894.0
645.0,997.0
180.0,646.0
546.0,646.0
646.0,780.0
206.0,647.0
586.0,647.0
616.0,647.0
618.0,647.0
647.0,782.0
444.0,648.0
612.0,648.0
630.0,648.0
648.0,780.0
105.0,649.0
289.0,649.0
389.0,649.0
398.0,649.0
407.0,649.0
508.0,649.0
546.0,649.0
558.0,649.0
570.0,649.0
589.0,649.0
593.0,649.0
649.0,742.0
649.0,844.0
224.0,650.0
338.0,650.0
365.0,650.0
577.0,650.0
650.0,652.0
54.0,651.0
644.0,651.0
11.0,652.0
369.0,652.0
410.0,652.0
489.0,652.0
567.0,652.0
652.0,685.0
155.0,653.0
352.0,653.0
394.0,653.0
631.0,653.0
653.0,764.0
653.0,883.0
653.0,961.0
274.0,654.0
335.0,654.0
361.0,654.0
487.0,654.0
566.0,654.0
654.0,684.0
368.0,655.0
463.0,655.0
490.0,655.0
513.0,655.0
655.0,717.0
386.0,656.0
494.0,656.0
533.0,656.0
656.0,771.0
656.0,991.0
59.0,657.0
218.0,657.0
263.0,657.0
395.0,657.0
525.0,657.0
657.0,929.0
657.0,975.0
276.0,658.0
345.0,658.0
373.0,658.0
592.0,658.0
658.0,787.0
658.0,982.0
109.0,659.0
442.0,659.0
516.0,659.0
545.0,659.0
142.0,660.0
410.0,660.0
488.0,660.0
529.0,660.0
628.0,660.0
660.0,954.0
381.0,661.0
661.0,672.0
661.0,693.0
661.0,780.0
87.0,662.0
106.0,662.0
347.0,662.0
522.0,662.0
601.0,662.0
662.0,865.0
137.0,663.0
189.0,663.0
201.0,663.0
592.0,663.0
663.0,694.0
663.0,710.0
663.0,760.0
663.0,981.0
425.0,664.0
534.0,664.0
620.0,664.0
635.0,664.0
664.0,852.0
351.0,665.0
514.0,665.0
602.0,665.0
665.0,756.0
293.0,666.0
413.0,666.0
429.0,666.0
666.0,726.0
666.0,823.0
666.0,999.0
71.0,667.0
267.0,667.0
599.0,667.0
667.0,804.0
408.0,668.0
668.0,782.0
668.0,976.0
538.0,669.0
568.0,669.0
669.0,681.0
669.0,762.0
669.0,988.0
70.0,670.0
670.0,688.0
670.0,774.0
670.0,923.0
233.0,671.0
493.0,671.0
513.0,671.0
627.0,671.0
671.0,809.0
31.0,672.0
119.0,672.0
125.0,672.0
156.0,672.0
199.0,672.0
549.0,672.0
672.0,705.0
672.0,770.0
672.0,779.0
102.0,673.0
296.0,673.0
588.0,673.0
673.0,799.0
673.0,970.0
40.0,674.0
240.0,674.0
674.0,678.0
674.0,686.0
674.0,729.0
674.0,781.0
674.0,783.0
111.0,675.0
632.0,675.0
675.0,726.0
675.0,824.0
675.0,849.0
518.0,676.0
676.0,871.0
676.0,891.0
676.0,907.0
676.0,969.0
570.0,677.0
665.0,677.0
677.0,680.0
677.0,704.0
677.0,771.0
107.0,678.0
678.0,703.0
678.0,764.0
678.0,938.0
678.0,959.0
19.0,679.0
165.0,679.0
233.0,679.0
679.0,928.0
0.0,680.0
182.0,681.0
681.0,779.0
681.0,889.0
681.0,897.0
681.0,929.0
681.0,971.0
77.0,682.0
162.0,682.0
270.0,682.0
353.0,682.0
508.0,682.0
591.0,682.0
682.0,734.0
682.0,864.0
682.0,867.0
682.0,907.0
682.0,958.0
119.0,683.0
288.0,683.0
488.0,683.0
671.0,683.0
683.0,688.0
683.0,696.0
683.0,830.0
683.0,937.0
386.0,684.0
553.0,684.0
652.0,684.0
684.0,705.0
684.0,734.0
684.0,962.0
20.0,685.0
685.0,921.0
260.0,686.0
461.0,686.0
686.0,817.0
146.0,687.0
302.0,687.0
350.0,687.0
602.0,687.0
687.0,800.0
687.0,837.0
687.0,875.0
687.0,880.0
687.0,908.0
687.0,924.0
687.0,935.0
30.0,688.0
218.0,688.0
274.0,688.0
290.0,688.0
688.0,822.0
58.0,689.0
79.0,689.0
598.0,689.0
634.0,689.0
689.0,705.0
689.0,709.0
689.0,957.0
689.0,961.0
163.0,690.0
241.0,690.0
690.0,788.0
690.0,976.0
32.0,691.0
235.0,691.0
390.0,691.0
691.0,740.0
691.0,844.0
476.0,692.0
543.0,692.0
567.0,692.0
692.0,964.0
462.0,693.0
693.0,750.0
693.0,787.0
693.0,852.0
693.0,896.0
516.0,694.0
694.0,763.0
694.0,842.0
694.0,859.0
195.0,695.0
695.0,949.0
118.0,696.0
119.0,696.0
311.0,696.0
532.0,696.0
536.0,696.0
696.0,698.0
696.0,844.0
696.0,949.0
351.0,697.0
471.0,697.0
691.0,697.0
697.0,780.0
697.0,814.0
697.0,927.0
525.0,698.0
697.0,698.0
698.0,819.0
698.0,823.0
698.0,857.0
698.0,863.0
698.0,935.0
698.0,977.0
419.0,699.0
699.0,701.0
83.0,700.0
413.0,700.0
474.0,700.0
572.0,700.0
700.0,717.0
506.0,701.0
675.0,701.0
701.0,818.0
701.0,956.0
47.0,702.0
314.0,702.0
334.0,702.0
702.0,743.0
702.0,904.0
702.0,961.0
438.0,703.0
703.0,709.0
151.0,704.0
704.0,803.0
704.0,972.0
123.0,705.0
570.0,705.0
705.0,787.0
705.0,809.0
705.0,831.0
705.0,844.0
306.0,706.0
441.0,706.0
706.0,727.0
706.0,793.0
706.0,967.0
189.0,707.0
707.0,780.0
707.0,855.0
707.0,865.0
179.0,708.0
201.0,708.0
640.0,708.0
708.0,807.0
708.0,849.0
708.0,927.0
708.0,942.0
708.0,955.0
64.0,709.0
485.0,709.0
678.0,709.0
709.0,818.0
709.0,832.0
709.0,901.0
28.0,710.0
558.0,710.0
710.0,769.0
91.0,711.0
208.0,711.0
226.0,711.0
426.0,711.0
630.0,711.0
697.0,711.0
711.0,810.0
711.0,844.0
711.0,896.0
711.0,897.0
711.0,923.0
711.0,946.0
711.0,958.0
55.0,712.0
712.0,783.0
712.0,861.0
712.0,924.0
297.0,713.0
320.0,713.0
504.0,713.0
652.0,713.0
713.0,855.0
713.0,912.0
111.0,714.0
687.0,714.0
691.0,714.0
694.0,714.0
714.0,760.0
714.0,808.0
714.0,843.0
714.0,898.0
158.0,715.0
381.0,715.0
412.0,715.0
671.0,715.0
715.0,781.0
21.0,716.0
158.0,716.0
401.0,716.0
716.0,732.0
716.0,734.0
716.0,883.0
716.0,887.0
716.0,942.0
716.0,943.0
207.0,717.0
274.0,717.0
362.0,717.0
605.0,717.0
717.0,736.0
717.0,793.0
717.0,861.0
717.0,994.0
718.0,910.0
718.0,966.0
98.0,719.0
181.0,719.0
719.0,885.0
719.0,956.0
204.0,720.0
333.0,720.0
686.0,720.0
720.0,799.0
720.0,975.0
537.0,721.0
721.0,838.0
721.0,957.0
604.0,722.0
689.0,722.0
722.0,740.0
722.0,834.0
446.0,723.0
511.0,723.0
543.0,723.0
682.0,723.0
684.0,723.0
697.0,723.0
723.0,724.0
723.0,759.0
723.0,850.0
318.0,724.0
724.0,810.0
724.0,975.0
724.0,982.0
135.0,725.0
153.0,725.0
287.0,725.0
676.0,725.0
725.0,767.0
725.0,852.0
725.0,903.0
102.0,726.0
366.0,726.0
659.0,726.0
726.0,750.0
412.0,727.0
470.0,727.0
518.0,727.0
577.0,727.0
661.0,727.0
727.0,992.0
159.0,728.0
407.0,728.0
666.0,728.0
728.0,846.0
728.0,953.0
99.0,729.0
631.0,729.0
692.0,729.0
729.0,847.0
729.0,896.0
662.0,730.0
726.0,730.0
730.0,741.0
730.0,757.0
730.0,856.0
5.0,731.0
209.0,731.0
731.0,830.0
731.0,941.0
196.0,732.0
350.0,732.0
480.0,732.0
577.0,732.0
606.0,732.0
732.0,927.0
629.0,733.0
730.0,733.0
733.0,789.0
733.0,923.0
733.0,958.0
733.0,996.0
241.0,734.0
678.0,734.0
686.0,734.0
715.0,734.0
734.0,794.0
138.0,735.0
735.0,848.0
735.0,944.0
735.0,955.0
35.0,736.0
93.0,736.0
365.0,736.0
736.0,752.0
736.0,969.0
79.0,737.0
176.0,737.0
432.0,737.0
603.0,737.0
737.0,940.0
391.0,738.0
422.0,738.0
438.0,738.0
564.0,738.0
725.0,738.0
738.0,850.0
332.0,739.0
426.0,739.0
45.0,740.0
221.0,740.0
295.0,740.0
360.0,740.0
450.0,740.0
706.0,740.0
740.0,993.0
69.0,741.0
686.0,741.0
727.0,741.0
76.0,742.0
216.0,742.0
268.0,742.0
725.0,742.0
742.0,759.0
742.0,990.0
42.0,743.0
286.0,743.0
743.0,778.0
743.0,968.0
53.0,744.0
572.0,744.0
691.0,744.0
744.0,994.0
88.0,745.0
165.0,745.0
745.0,855.0
745.0,867.0
745.0,912.0
182.0,746.0
646.0,746.0
746.0,764.0
746.0,814.0
746.0,864.0
671.0,747.0
747.0,798.0
747.0,807.0
747.0,927.0
748.0,841.0
748.0,942.0
53.0,749.0
749.0,853.0
60.0,750.0
510.0,750.0
12.0,751.0
15.0,751.0
215.0,751.0
312.0,751.0
751.0,951.0
751.0,961.0
19.0,752.0
211.0,752.0
219.0,752.0
506.0,752.0
752.0,792.0
752.0,814.0
752.0,818.0
752.0,887.0
752.0,900.0
523.0,753.0
651.0,753.0
682.0,753.0
55.0,754.0
71.0,754.0
530.0,754.0
606.0,754.0
700.0,754.0
711.0,754.0
732.0,754.0
518.0,755.0
637.0,755.0
744.0,755.0
468.0,756.0
587.0,756.0
727.0,756.0
756.0,845.0
756.0,887.0
406.0,757.0
422.0,757.0
678.0,757.0
689.0,757.0
717.0,757.0
757.0,774.0
757.0,814.0
757.0,856.0
758.0,995.0
687.0,759.0
759.0,851.0
759.0,952.0
35.0,760.0
38.0,760.0
430.0,760.0
466.0,760.0
723.0,760.0
760.0,780.0
760.0,919.0
760.0,941.0
760.0,971.0
450.0,761.0
469.0,761.0
608.0,761.0
649.0,761.0
705.0,761.0
761.0,909.0
761.0,928.0
77.0,762.0
561.0,762.0
762.0,823.0
205.0,763.0
293.0,763.0
323.0,763.0
509.0,763.0
736.0,763.0
763.0,837.0
763.0,858.0
763.0,926.0
72.0,764.0
144.0,764.0
328.0,764.0
434.0,764.0
764.0,814.0
47.0,765.0
226.0,765.0
284.0,765.0
710.0,765.0
765.0,883.0
45.0,766.0
504.0,766.0
766.0,852.0
766.0,905.0
39.0,767.0
727.0,767.0
767.0,832.0
767.0,966.0
716.0,768.0
768.0,852.0
768.0,935.0
769.0,842.0
769.0,886.0
769.0,945.0
456.0,770.0
733.0,770.0
770.0,833.0
770.0,900.0
295.0,771.0
361.0,771.0
771.0,825.0
771.0,992.0
365.0,772.0
703.0,772.0
772.0,877.0
772.0,900.0
772.0,922.0
107.0,773.0
295.0,773.0
498.0,773.0
557.0,773.0
587.0,773.0
773.0,852.0
773.0,899.0
773.0,978.0
247.0,774.0
463.0,774.0
594.0,774.0
774.0,897.0
774.0,958.0
774.0,968.0
68.0,775.0
164.0,775.0
397.0,775.0
568.0,775.0
716.0,775.0
775.0,866.0
775.0,921.0
40.0,776.0
757.0,776.0
776.0,872.0
776.0,921.0
90.0,777.0
372.0,777.0
693.0,777.0
778.0,916.0
778.0,985.0
244.0,779.0
309.0,779.0
546.0,779.0
779.0,787.0
779.0,879.0
283.0,780.0
683.0,780.0
708.0,780.0
25.0,781.0
630.0,781.0
778.0,781.0
781.0,842.0
781.0,889.0
781.0,995.0
0.0,782.0
20.0,783.0
535.0,783.0
575.0,783.0
775.0,783.0
783.0,796.0
783.0,894.0
783.0,999.0
36.0,784.0
52.0,784.0
121.0,784.0
566.0,784.0
646.0,784.0
697.0,784.0
784.0,796.0
784.0,979.0
98.0,785.0
360.0,785.0
482.0,785.0
764.0,785.0
785.0,832.0
253.0,786.0
534.0,786.0
680.0,786.0
93.0,787.0
359.0,787.0
412.0,787.0
427.0,787.0
441.0,787.0
667.0,787.0
787.0,938.0
787.0,958.0
787.0,998.0
332.0,788.0
360.0,788.0
441.0,788.0
710.0,788.0
521.0,789.0
711.0,789.0
721.0,789.0
70.0,790.0
108.0,790.0
204.0,790.0
411.0,790.0
701.0,790.0
783.0,790.0
790.0,929.0
790.0,949.0
58.0,791.0
223.0,791.0
595.0,791.0
791.0,824.0
791.0,903.0
791.0,943.0
134.0,792.0
291.0,792.0
528.0,792.0
792.0,877.0
87.0,793.0
175.0,793.0
450.0,793.0
520.0,793.0
712.0,793.0
776.0,793.0
793.0,810.0
793.0,951.0
152.0,794.0
178.0,794.0
283.0,794.0
751.0,794.0
794.0,941.0
794.0,974.0
374.0,795.0
516.0,795.0
750.0,795.0
788.0,795.0
795.0,896.0
795.0,963.0
243.0,796.0
254.0,796.0
707.0,796.0
341.0,797.0
417.0,797.0
614.0,797.0
797.0,875.0
797.0,878.0
797.0,911.0
40.0,798.0
201.0,798.0
203.0,798.0
388.0,798.0
798.0,807.0
798.0,968.0
392.0,799.0
654.0,799.0
702.0,799.0
799.0,808.0
799.0,925.0
164.0,800.0
452.0,800.0
589.0,800.0
653.0,800.0
800.0,819.0
800.0,886.0
800.0,926.0
800.0,958.0
800.0,973.0
496.0,801.0
503.0,801.0
685.0,801.0
758.0,801.0
385.0,802.0
779.0,802.0
802.0,922.0
802.0,933.0
38.0,803.0
484.0,803.0
547.0,803.0
575.0,803.0
791.0,803.0
801.0,803.0
803.0,869.0
33.0,804.0
108.0,804.0
160.0,804.0
235.0,804.0
353.0,804.0
68.0,805.0
144.0,805.0
767.0,805.0
805.0,850.0
805.0,986.0
151.0,806.0
672.0,806.0
732.0,806.0
684.0,807.0
807.0,844.0
807.0,854.0
807.0,894.0
807.0,903.0
807.0,950.0
180.0,808.0
730.0,808.0
772.0,808.0
260.0,809.0
809.0,811.0
809.0,812.0
809.0,834.0
809.0,937.0
203.0,810.0
649.0,810.0
675.0,810.0
810.0,826.0
32.0,811.0
441.0,811.0
563.0,811.0
622.0,811.0
669.0,811.0
691.0,811.0
766.0,811.0
562.0,812.0
734.0,812.0
272.0,813.0
813.0,937.0
216.0,814.0
714.0,814.0
736.0,814.0
771.0,814.0
814.0,868.0
814.0,904.0
814.0,912.0
130.0,815.0
302.0,815.0
766.0,815.0
815.0,994.0
42.0,816.0
48.0,816.0
256.0,816.0
539.0,816.0
725.0,816.0
100.0,817.0
177.0,817.0
219.0,817.0
817.0,894.0
817.0,918.0
36.0,818.0
448.0,818.0
550.0,818.0
750.0,818.0
751.0,818.0
803.0,818.0
52.0,819.0
455.0,819.0
819.0,932.0
6.0,820.0
820.0,851.0
820.0,939.0
138.0,821.0
264.0,821.0
821.0,903.0
821.0,933.0
306.0,822.0
756.0,822.0
822.0,906.0
33.0,823.0
38.0,823.0
194.0,823.0
723.0,823.0
737.0,823.0
816.0,823.0
62.0,824.0
404.0,824.0
674.0,824.0
725.0,824.0
765.0,824.0
814.0,824.0
824.0,871.0
239.0,825.0
430.0,825.0
470.0,825.0
170.0,826.0
202.0,826.0
237.0,826.0
285.0,826.0
460.0,826.0
575.0,826.0
805.0,826.0
826.0,850.0
826.0,880.0
826.0,895.0
826.0,954.0
155.0,827.0
609.0,827.0
679.0,827.0
713.0,827.0
827.0,966.0
672.0,828.0
826.0,828.0
828.0,838.0
828.0,936.0
733.0,829.0
789.0,829.0
826.0,829.0
829.0,878.0
209.0,830.0
563.0,830.0
758.0,830.0
763.0,830.0
638.0,831.0
757.0,831.0
831.0,920.0
31.0,832.0
816.0,832.0
176.0,833.0
181.0,833.0
221.0,833.0
278.0,833.0
468.0,833.0
833.0,842.0
39.0,834.0
179.0,834.0
302.0,834.0
490.0,834.0
834.0,845.0
834.0,949.0
368.0,835.0
489.0,835.0
490.0,835.0
541.0,835.0
626.0,835.0
820.0,835.0
835.0,901.0
835.0,904.0
835.0,910.0
336.0,836.0
363.0,836.0
703.0,836.0
704.0,836.0
787.0,836.0
808.0,836.0
836.0,913.0
836.0,927.0
128.0,837.0
173.0,837.0
444.0,837.0
460.0,837.0
553.0,837.0
742.0,837.0
837.0,875.0
163.0,838.0
229.0,838.0
278.0,838.0
731.0,838.0
838.0,866.0
838.0,921.0
197.0,839.0
206.0,839.0
225.0,839.0
241.0,839.0
671.0,839.0
787.0,839.0
818.0,839.0
27.0,840.0
92.0,840.0
135.0,840.0
456.0,840.0
593.0,840.0
761.0,840.0
840.0,957.0
192.0,841.0
391.0,841.0
531.0,841.0
563.0,841.0
841.0,866.0
841.0,895.0
841.0,953.0
95.0,842.0
108.0,842.0
191.0,842.0
842.0,914.0
842.0,920.0
842.0,975.0
842.0,997.0
91.0,843.0
202.0,843.0
396.0,843.0
675.0,843.0
702.0,843.0
753.0,843.0
843.0,881.0
843.0,929.0
44.0,844.0
610.0,844.0
844.0,847.0
844.0,864.0
844.0,954.0
285.0,845.0
499.0,845.0
591.0,845.0
845.0,974.0
541.0,846.0
89.0,847.0
102.0,847.0
258.0,847.0
403.0,847.0
589.0,847.0
726.0,847.0
744.0,847.0
847.0,859.0
847.0,965.0
722.0,848.0
842.0,848.0
848.0,944.0
153.0,849.0
297.0,849.0
657.0,849.0
760.0,849.0
849.0,885.0
849.0,914.0
419.0,850.0
704.0,850.0
730.0,850.0
850.0,971.0
714.0,851.0
749.0,851.0
841.0,851.0
851.0,882.0
851.0,893.0
851.0,948.0
851.0,995.0
379.0,852.0
425.0,852.0
753.0,852.0
852.0,862.0
852.0,910.0
376.0,853.0
735.0,853.0
786.0,853.0
853.0,946.0
853.0,970.0
854.0,971.0
342.0,855.0
581.0,855.0
715.0,855.0
855.0,928.0
586.0,856.0
607.0,856.0
674.0,856.0
694.0,856.0
711.0,856.0
797.0,856.0
279.0,857.0
304.0,857.0
649.0,857.0
679.0,857.0
732.0,857.0
734.0,857.0
857.0,868.0
201.0,858.0
724.0,858.0
88.0,859.0
112.0,859.0
688.0,859.0
739.0,859.0
859.0,872.0
495.0,860.0
808.0,860.0
489.0,861.0
734.0,861.0
752.0,861.0
824.0,861.0
861.0,928.0
174.0,862.0
597.0,862.0
603.0,862.0
743.0,862.0
858.0,862.0
119.0,863.0
157.0,863.0
614.0,863.0
801.0,863.0
863.0,980.0
640.0,864.0
814.0,864.0
385.0,865.0
764.0,865.0
820.0,865.0
865.0,867.0
865.0,938.0
865.0,948.0
354.0,866.0
573.0,866.0
858.0,866.0
860.0,866.0
162.0,867.0
867.0,971.0
235.0,868.0
384.0,868.0
765.0,868.0
831.0,868.0
868.0,869.0
868.0,929.0
212.0,869.0
575.0,869.0
740.0,869.0
756.0,869.0
795.0,869.0
823.0,869.0
869.0,889.0
298.0,870.0
519.0,870.0
640.0,870.0
702.0,870.0
806.0,870.0
166.0,871.0
349.0,871.0
605.0,871.0
745.0,871.0
871.0,886.0
64.0,872.0
77.0,872.0
351.0,872.0
617.0,872.0
704.0,872.0
836.0,872.0
856.0,872.0
234.0,873.0
873.0,899.0
72.0,874.0
625.0,874.0
709.0,874.0
218.0,875.0
875.0,974.0
875.0,987.0
584.0,876.0
736.0,876.0
746.0,876.0
771.0,876.0
781.0,876.0
845.0,876.0
876.0,887.0
876.0,927.0
876.0,931.0
876.0,966.0
42.0,877.0
168.0,877.0
198.0,877.0
220.0,877.0
533.0,877.0
662.0,877.0
815.0,877.0
877.0,983.0
30.0,878.0
334.0,878.0
426.0,878.0
826.0,878.0
878.0,990.0
263.0,879.0
316.0,879.0
508.0,879.0
614.0,879.0
807.0,879.0
871.0,879.0
879.0,884.0
879.0,900.0
147.0,880.0
725.0,880.0
880.0,883.0
880.0,956.0
880.0,961.0
39.0,881.0
262.0,881.0
688.0,881.0
804.0,882.0
826.0,882.0
832.0,882.0
43.0,883.0
647.0,883.0
733.0,883.0
879.0,883.0
176.0,884.0
547.0,884.0
602.0,884.0
657.0,884.0
677.0,884.0
880.0,884.0
586.0,885.0
593.0,886.0
886.0,907.0
122.0,887.0
240.0,887.0
315.0,887.0
726.0,887.0
840.0,887.0
841.0,887.0
14.0,888.0
395.0,888.0
440.0,888.0
696.0,888.0
53.0,889.0
207.0,889.0
683.0,889.0
839.0,889.0
889.0,998.0
70.0,890.0
98.0,890.0
106.0,890.0
177.0,890.0
475.0,890.0
636.0,890.0
890.0,966.0
845.0,891.0
140.0,892.0
196.0,892.0
690.0,892.0
782.0,892.0
142.0,893.0
269.0,893.0
778.0,893.0
836.0,894.0
864.0,894.0
894.0,907.0
894.0,989.0
260.0,895.0
319.0,895.0
372.0,895.0
758.0,895.0
799.0,895.0
865.0,895.0
6.0,896.0
105.0,896.0
261.0,896.0
385.0,896.0
6.0,897.0
78.0,897.0
610.0,897.0
741.0,897.0
897.0,968.0
73.0,898.0
113.0,898.0
802.0,898.0
30.0,899.0
216.0,899.0
521.0,899.0
400.0,900.0
583.0,900.0
767.0,900.0
831.0,900.0
413.0,901.0
565.0,901.0
787.0,901.0
855.0,901.0
901.0,945.0
69.0,902.0
402.0,902.0
509.0,902.0
546.0,902.0
720.0,902.0
902.0,998.0
379.0,903.0
408.0,903.0
438.0,903.0
732.0,903.0
737.0,903.0
742.0,903.0
774.0,903.0
897.0,903.0
57.0,904.0
181.0,904.0
678.0,904.0
749.0,904.0
238.0,905.0
592.0,905.0
835.0,905.0
905.0,959.0
84.0,906.0
321.0,906.0
633.0,906.0
720.0,906.0
756.0,906.0
854.0,906.0
857.0,906.0
894.0,906.0
23.0,907.0
318.0,907.0
438.0,907.0
474.0,907.0
626.0,907.0
629.0,907.0
794.0,907.0
833.0,907.0
864.0,907.0
907.0,917.0
45.0,908.0
309.0,908.0
557.0,908.0
813.0,908.0
887.0,908.0
797.0,909.0
862.0,909.0
909.0,980.0
7.0,910.0
126.0,910.0
249.0,910.0
651.0,910.0
729.0,910.0
790.0,910.0
308.0,911.0
694.0,911.0
512.0,912.0
702.0,912.0
835.0,912.0
912.0,927.0
129.0,913.0
191.0,913.0
913.0,946.0
913.0,948.0
160.0,914.0
403.0,914.0
748.0,914.0
903.0,914.0
914.0,920.0
914.0,957.0
914.0,976.0
458.0,915.0
655.0,915.0
897.0,916.0
916.0,961.0
515.0,917.0
690.0,917.0
149.0,918.0
213.0,918.0
39.0,919.0
166.0,919.0
472.0,919.0
556.0,919.0
731.0,919.0
17.0,920.0
471.0,920.0
767.0,920.0
779.0,920.0
906.0,920.0
85.0,921.0
643.0,921.0
907.0,921.0
689.0,922.0
868.0,922.0
922.0,941.0
131.0,923.0
158.0,923.0
494.0,923.0
568.0,923.0
114.0,924.0
483.0,924.0
737.0,924.0
791.0,924.0
798.0,924.0
833.0,924.0
872.0,924.0
924.0,958.0
735.0,925.0
907.0,925.0
683.0,926.0
164.0,927.0
309.0,927.0
378.0,927.0
790.0,927.0
927.0,931.0
927.0,987.0
182.0,928.0
218.0,928.0
740.0,928.0
305.0,929.0
523.0,929.0
929.0,931.0
929.0,990.0
60.0,930.0
152.0,930.0
728.0,930.0
880.0,930.0
930.0,982.0
930.0,985.0
397.0,931.0
10.0,932.0
192.0,932.0
354.0,932.0
517.0,932.0
594.0,932.0
659.0,932.0
709.0,932.0
796.0,932.0
887.0,932.0
917.0,932.0
932.0,974.0
932.0,994.0
0.0,933.0
298.0,934.0
343.0,934.0
586.0,934.0
674.0,934.0
680.0,934.0
934.0,972.0
170.0,935.0
493.0,935.0
615.0,935.0
935.0,975.0
935.0,994.0
497.0,936.0
690.0,936.0
785.0,936.0
860.0,936.0
82.0,937.0
480.0,937.0
577.0,937.0
699.0,937.0
766.0,937.0
788.0,937.0
869.0,937.0
889.0,937.0
570.0,938.0
765.0,938.0
763.0,939.0
238.0,940.0
384.0,940.0
398.0,940.0
502.0,940.0
554.0,940.0
621.0,940.0
722.0,940.0
749.0,940.0
872.0,940.0
569.0,941.0
776.0,941.0
781.0,941.0
782.0,941.0
833.0,941.0
911.0,941.0
12.0,942.0
545.0,942.0
843.0,942.0
936.0,942.0
148.0,943.0
206.0,943.0
209.0,943.0
429.0,943.0
628.0,943.0
770.0,943.0
806.0,943.0
943.0,952.0
253.0,944.0
619.0,944.0
786.0,944.0
913.0,944.0
939.0,944.0
944.0,971.0
136.0,945.0
509.0,945.0
527.0,945.0
584.0,945.0
786.0,945.0
864.0,945.0
940.0,945.0
945.0,958.0
449.0,946.0
845.0,946.0
892.0,946.0
161.0,947.0
479.0,947.0
806.0,947.0
825.0,947.0
908.0,947.0
261.0,948.0
415.0,948.0
865.0,948.0
939.0,948.0
361.0,949.0
366.0,949.0
502.0,949.0
776.0,949.0
813.0,949.0
848.0,949.0
166.0,950.0
203.0,950.0
320.0,950.0
739.0,950.0
778.0,950.0
813.0,950.0
950.0,951.0
941.0,951.0
950.0,951.0
172.0,952.0
241.0,952.0
320.0,952.0
372.0,952.0
484.0,952.0
727.0,952.0
766.0,952.0
811.0,952.0
827.0,952.0
860.0,952.0
952.0,968.0
266.0,953.0
283.0,953.0
341.0,953.0
630.0,953.0
658.0,953.0
841.0,953.0
843.0,953.0
868.0,953.0
252.0,954.0
524.0,954.0
643.0,954.0
824.0,954.0
840.0,954.0
886.0,954.0
939.0,954.0
406.0,955.0
838.0,955.0
47.0,956.0
63.0,956.0
513.0,956.0
671.0,956.0
698.0,956.0
807.0,956.0
956.0,973.0
605.0,957.0
693.0,957.0
778.0,957.0
782.0,957.0
925.0,957.0
957.0,998.0
622.0,958.0
697.0,958.0
761.0,958.0
792.0,958.0
898.0,958.0
945.0,959.0
400.0,960.0
803.0,960.0
938.0,960.0
949.0,960.0
454.0,961.0
636.0,961.0
801.0,961.0
928.0,961.0
953.0,961.0
961.0,969.0
165.0,962.0
727.0,962.0
794.0,962.0
805.0,962.0
962.0,963.0
782.0,963.0
847.0,963.0
881.0,963.0
883.0,963.0
430.0,964.0
669.0,964.0
894.0,964.0
49.0,965.0
772.0,965.0
541.0,966.0
674.0,966.0
165.0,967.0
216.0,967.0
832.0,967.0
946.0,967.0
25.0,968.0
30.0,968.0
212.0,968.0
213.0,968.0
460.0,968.0
555.0,968.0
680.0,968.0
965.0,968.0
228.0,969.0
255.0,969.0
419.0,969.0
777.0,969.0
834.0,969.0
940.0,969.0
325.0,970.0
575.0,970.0
675.0,970.0
685.0,970.0
790.0,970.0
933.0,970.0
934.0,970.0
952.0,970.0
383.0,971.0
571.0,971.0
797.0,971.0
2.0,972.0
293.0,972.0
522.0,972.0
638.0,972.0
662.0,972.0
695.0,972.0
801.0,972.0
928.0,972.0
43.0,973.0
278.0,973.0
364.0,973.0
575.0,973.0
686.0,973.0
929.0,973.0
670.0,974.0
974.0,977.0
617.0,975.0
639.0,975.0
674.0,975.0
753.0,975.0
781.0,975.0
839.0,975.0
897.0,975.0
906.0,975.0
952.0,975.0
32.0,976.0
98.0,976.0
214.0,976.0
313.0,976.0
655.0,976.0
698.0,976.0
756.0,976.0
976.0,989.0
976.0,993.0
91.0,977.0
246.0,977.0
338.0,977.0
356.0,977.0
383.0,977.0
638.0,977.0
683.0,977.0
85.0,978.0
642.0,978.0
970.0,978.0
978.0,998.0
39.0,979.0
110.0,979.0
942.0,979.0
624.0,980.0
808.0,980.0
959.0,980.0
226.0,981.0
320.0,981.0
909.0,981.0
917.0,981.0
853.0,982.0
918.0,982.0
955.0,982.0
224.0,983.0
265.0,983.0
965.0,983.0
86.0,984.0
133.0,984.0
402.0,984.0
596.0,984.0
833.0,984.0
895.0,984.0
562.0,985.0
767.0,985.0
817.0,985.0
880.0,985.0
937.0,985.0
944.0,985.0
0.0,986.0
46.0,987.0
556.0,987.0
675.0,987.0
934.0,987.0
0.0,988.0
274.0,989.0
484.0,989.0
690.0,989.0
899.0,989.0
949.0,989.0
989.0,996.0
165.0,990.0
230.0,990.0
254.0,990.0
321.0,990.0
735.0,990.0
983.0,990.0
163.0,991.0
537.0,991.0
712.0,991.0
713.0,991.0
755.0,991.0
770.0,991.0
842.0,991.0
917.0,991.0
575.0,992.0
593.0,992.0
798.0,992.0
116.0,993.0
245.0,993.0
738.0,993.0
828.0,993.0
831.0,993.0
883.0,993.0
973.0,993.0
544.0,994.0
710.0,994.0
890.0,994.0
320.0,995.0
612.0,995.0
683.0,995.0
699.0,995.0
810.0,995.0
310.0,996.0
449.0,996.0
921.0,996.0
82.0,997.0
128.0,997.0
375.0,997.0
657.0,997.0
678.0,997.0
796.0,997.0
905.0,997.0
98.0,998.0
136.0,998.0
179.0,998.0
319.0,998.0
547.0,998.0
661.0,998.0
796.0,998.0
822.0,998.0
988.0,998.0
92.0,999.0
219.0,999.0
249.0,999.0
572.0,999.0
710.0,999.0
882.0,999.0
