i,j
8.0,0.0
129.0,0.0
247.0,0.0
392.0,0.0
6.0,1.0
27.0,1.0
76.0,1.0
227.0,1.0
564.0,1.0
852.0,1.0
223.0,2.0
324.0,2.0
385.0,2.0
598.0,2.0
601.0,2.0
721.0,2.0
59.0,3.0
101.0,3.0
186.0,3.0
108.0,4.0
112.0,4.0
534.0,4.0
631.0,4.0
713.0,4.0
890.0,4.0
5.0,3.0
20.0,5.0
44.0,5.0
315.0,5.0
452.0,5.0
899.0,5.0
161.0,6.0
232.0,6.0
304.0,6.0
310.0,6.0
594.0,6.0
775.0,6.0
117.0,7.0
181.0,7.0
225.0,7.0
264.0,7.0
521.0,7.0
663.0,7.0
916.0,7.0
193.0,8.0
223.0,8.0
993.0,8.0
116.0,9.0
139.0,9.0
237.0,9.0
553.0,9.0
61.0,10.0
154.0,10.0
234.0,10.0
276.0,10.0
358.0,10.0
481.0,10.0
485.0,10.0
685.0,10.0
81.0,11.0
142.0,11.0
184.0,11.0
221.0,11.0
227.0,11.0
280.0,11.0
450.0,11.0
943.0,11.0
132.0,12.0
227.0,12.0
247.0,12.0
257.0,12.0
305.0,12.0
390.0,12.0
554.0,12.0
628.0,12.0
880.0,12.0
924.0,12.0
13.0,7.0
71.0,13.0
79.0,13.0
150.0,13.0
280.0,13.0
464.0,13.0
473.0,13.0
550.0,13.0
657.0,13.0
934.0,13.0
967.0,13.0
29.0,14.0
212.0,14.0
358.0,14.0
634.0,14.0
678.0,14.0
723.0,14.0
875.0,14.0
29.0,15.0
197.0,15.0
811.0,15.0
16.0,14.0
140.0,16.0
749.0,16.0
781.0,16.0
999.0,16.0
290.0,17.0
748.0,17.0
18.0,14.0
77.0,18.0
180.0,18.0
294.0,18.0
26.0,19.0
46.0,19.0
72.0,19.0
228.0,20.0
355.0,20.0
494.0,20.0
743.0,20.0
36.0,21.0
119.0,21.0
230.0,21.0
41.0,22.0
164.0,22.0
93.0,23.0
735.0,23.0
739.0,23.0
218.0,24.0
616.0,24.0
827.0,24.0
89.0,25.0
140.0,25.0
513.0,25.0
789.0,25.0
790.0,25.0
882.0,25.0
130.0,26.0
180.0,26.0
203.0,26.0
233.0,26.0
248.0,26.0
257.0,26.0
311.0,26.0
423.0,26.0
543.0,26.0
724.0,26.0
41.0,27.0
69.0,27.0
191.0,27.0
225.0,27.0
283.0,27.0
348.0,27.0
381.0,27.0
143.0,28.0
158.0,28.0
340.0,28.0
652.0,28.0
713.0,28.0
749.0,28.0
835.0,28.0
29.0,3.0
140.0,29.0
162.0,29.0
235.0,29.0
669.0,29.0
984.0,29.0
93.0,30.0
172.0,30.0
213.0,30.0
225.0,30.0
246.0,30.0
366.0,30.0
404.0,30.0
31.0,20.0
78.0,31.0
500.0,31.0
572.0,31.0
582.0,31.0
678.0,31.0
781.0,31.0
831.0,31.0
290.0,32.0
406.0,32.0
623.0,32.0
667.0,32.0
737.0,32.0
37.0,33.0
184.0,33.0
207.0,33.0
369.0,33.0
817.0,33.0
831.0,33.0
134.0,34.0
386.0,34.0
840.0,34.0
207.0,35.0
336.0,35.0
725.0,35.0
740.0,35.0
38.0,36.0
46.0,36.0
356.0,36.0
40.0,37.0
225.0,37.0
345.0,37.0
671.0,37.0
756.0,37.0
121.0,38.0
379.0,38.0
547.0,38.0
768.0,38.0
166.0,39.0
180.0,39.0
238.0,39.0
736.0,39.0
791.0,39.0
63.0,40.0
116.0,40.0
409.0,40.0
798.0,40.0
119.0,41.0
530.0,41.0
596.0,41.0
660.0,41.0
256.0,42.0
271.0,42.0
437.0,42.0
782.0,42.0
943.0,42.0
127.0,43.0
261.0,43.0
293.0,43.0
915.0,43.0
956.0,43.0
245.0,44.0
321.0,44.0
910.0,44.0
288.0,45.0
343.0,45.0
682.0,45.0
721.0,45.0
119.0,46.0
252.0,46.0
323.0,46.0
356.0,46.0
409.0,46.0
805.0,46.0
941.0,46.0
47.0,32.0
68.0,47.0
70.0,47.0
82.0,47.0
92.0,47.0
130.0,47.0
834.0,47.0
920.0,47.0
981.0,47.0
159.0,48.0
251.0,48.0
310.0,48.0
323.0,48.0
820.0,48.0
136.0,49.0
144.0,49.0
188.0,49.0
330.0,49.0
489.0,49.0
751.0,49.0
797.0,49.0
945.0,49.0
76.0,50.0
111.0,50.0
526.0,50.0
601.0,50.0
51.0,40.0
51.0,42.0
71.0,51.0
944.0,51.0
52.0,22.0
53.0,3.0
211.0,53.0
315.0,53.0
496.0,53.0
939.0,53.0
231.0,54.0
274.0,54.0
328.0,54.0
974.0,54.0
233.0,55.0
292.0,55.0
318.0,55.0
407.0,55.0
778.0,55.0
128.0,56.0
352.0,56.0
392.0,56.0
394.0,56.0
453.0,56.0
898.0,56.0
57.0,3.0
57.0,51.0
169.0,57.0
249.0,57.0
331.0,57.0
366.0,57.0
396.0,57.0
403.0,57.0
698.0,57.0
73.0,58.0
285.0,58.0
886.0,58.0
889.0,58.0
135.0,59.0
437.0,59.0
711.0,59.0
337.0,60.0
404.0,60.0
728.0,60.0
779.0,60.0
905.0,60.0
61.0,27.0
124.0,61.0
210.0,61.0
734.0,61.0
223.0,62.0
345.0,62.0
690.0,62.0
713.0,62.0
963.0,62.0
88.0,63.0
91.0,63.0
191.0,63.0
858.0,63.0
239.0,64.0
306.0,64.0
380.0,64.0
411.0,64.0
441.0,64.0
538.0,64.0
660.0,64.0
667.0,64.0
684.0,64.0
894.0,64.0
984.0,64.0
358.0,65.0
984.0,65.0
104.0,66.0
124.0,66.0
166.0,66.0
261.0,66.0
739.0,66.0
807.0,66.0
960.0,66.0
199.0,67.0
273.0,67.0
307.0,67.0
314.0,67.0
658.0,67.0
122.0,68.0
177.0,68.0
204.0,68.0
266.0,68.0
332.0,68.0
828.0,68.0
993.0,68.0
69.0,55.0
69.0,65.0
100.0,69.0
235.0,69.0
257.0,69.0
300.0,69.0
441.0,69.0
610.0,69.0
70.0,23.0
465.0,70.0
685.0,70.0
71.0,33.0
154.0,71.0
283.0,71.0
568.0,71.0
667.0,71.0
802.0,71.0
803.0,71.0
928.0,71.0
72.0,27.0
90.0,72.0
600.0,72.0
894.0,72.0
937.0,72.0
116.0,73.0
187.0,73.0
393.0,73.0
536.0,73.0
803.0,73.0
908.0,73.0
994.0,73.0
203.0,74.0
326.0,74.0
340.0,74.0
389.0,74.0
525.0,74.0
113.0,75.0
117.0,75.0
550.0,75.0
642.0,75.0
881.0,75.0
977.0,75.0
76.0,24.0
76.0,64.0
409.0,76.0
776.0,76.0
937.0,76.0
77.0,11.0
87.0,77.0
577.0,77.0
87.0,78.0
275.0,78.0
391.0,78.0
476.0,78.0
133.0,79.0
538.0,79.0
626.0,79.0
939.0,79.0
948.0,79.0
80.0,31.0
134.0,80.0
280.0,80.0
329.0,80.0
337.0,80.0
353.0,80.0
536.0,80.0
568.0,80.0
636.0,80.0
791.0,80.0
81.0,8.0
81.0,9.0
81.0,62.0
127.0,81.0
321.0,81.0
686.0,81.0
91.0,82.0
125.0,82.0
143.0,82.0
324.0,82.0
623.0,82.0
632.0,82.0
904.0,82.0
956.0,82.0
84.0,83.0
671.0,83.0
260.0,84.0
272.0,84.0
300.0,84.0
315.0,84.0
887.0,84.0
107.0,85.0
348.0,85.0
384.0,85.0
386.0,85.0
467.0,85.0
652.0,85.0
86.0,21.0
183.0,86.0
315.0,86.0
183.0,87.0
188.0,87.0
296.0,87.0
88.0,61.0
192.0,88.0
331.0,88.0
332.0,88.0
384.0,88.0
437.0,88.0
703.0,88.0
116.0,89.0
121.0,89.0
232.0,89.0
242.0,89.0
343.0,89.0
464.0,89.0
554.0,89.0
682.0,89.0
743.0,89.0
817.0,89.0
107.0,90.0
198.0,90.0
262.0,90.0
298.0,90.0
429.0,90.0
523.0,90.0
93.0,91.0
140.0,91.0
184.0,91.0
213.0,91.0
234.0,91.0
305.0,91.0
542.0,91.0
608.0,91.0
630.0,91.0
701.0,91.0
708.0,91.0
996.0,91.0
115.0,92.0
177.0,92.0
550.0,92.0
576.0,92.0
93.0,92.0
114.0,93.0
184.0,93.0
208.0,93.0
583.0,93.0
94.0,38.0
137.0,94.0
385.0,94.0
863.0,94.0
869.0,94.0
269.0,95.0
286.0,95.0
457.0,95.0
837.0,95.0
922.0,95.0
96.0,8.0
436.0,96.0
787.0,96.0
948.0,96.0
97.0,59.0
647.0,97.0
719.0,97.0
736.0,97.0
841.0,97.0
98.0,49.0
212.0,98.0
364.0,98.0
634.0,98.0
99.0,26.0
130.0,99.0
200.0,99.0
846.0,99.0
544.0,100.0
625.0,100.0
101.0,6.0
159.0,101.0
321.0,101.0
688.0,101.0
713.0,101.0
829.0,101.0
217.0,102.0
338.0,102.0
411.0,102.0
805.0,102.0
103.0,54.0
103.0,72.0
103.0,91.0
121.0,103.0
266.0,103.0
318.0,103.0
501.0,103.0
553.0,103.0
619.0,103.0
866.0,103.0
911.0,103.0
104.0,21.0
319.0,104.0
339.0,104.0
633.0,104.0
105.0,94.0
105.0,100.0
165.0,105.0
230.0,105.0
627.0,105.0
775.0,105.0
857.0,105.0
106.0,32.0
203.0,106.0
280.0,106.0
732.0,106.0
107.0,19.0
264.0,107.0
832.0,107.0
948.0,107.0
118.0,108.0
538.0,108.0
818.0,108.0
996.0,108.0
109.0,3.0
166.0,109.0
190.0,109.0
231.0,109.0
243.0,109.0
589.0,109.0
892.0,109.0
110.0,52.0
110.0,88.0
120.0,110.0
128.0,110.0
233.0,110.0
237.0,110.0
330.0,110.0
336.0,110.0
602.0,110.0
181.0,111.0
485.0,111.0
112.0,79.0
184.0,112.0
298.0,112.0
533.0,112.0
540.0,112.0
815.0,112.0
132.0,113.0
140.0,113.0
221.0,113.0
226.0,113.0
246.0,113.0
464.0,113.0
522.0,113.0
150.0,114.0
165.0,114.0
457.0,114.0
845.0,114.0
115.0,85.0
276.0,115.0
306.0,115.0
357.0,115.0
425.0,115.0
922.0,115.0
171.0,116.0
316.0,116.0
956.0,116.0
209.0,117.0
266.0,117.0
316.0,117.0
404.0,117.0
559.0,117.0
617.0,117.0
864.0,117.0
118.0,17.0
118.0,20.0
118.0,44.0
372.0,118.0
445.0,118.0
581.0,118.0
202.0,119.0
120.0,8.0
120.0,80.0
130.0,120.0
234.0,120.0
682.0,120.0
263.0,121.0
320.0,121.0
416.0,121.0
751.0,121.0
794.0,121.0
122.0,90.0
221.0,122.0
486.0,122.0
921.0,122.0
123.0,122.0
328.0,123.0
377.0,123.0
699.0,123.0
755.0,123.0
124.0,5.0
124.0,43.0
213.0,124.0
251.0,124.0
287.0,124.0
542.0,124.0
591.0,124.0
713.0,124.0
159.0,125.0
589.0,125.0
638.0,125.0
822.0,125.0
950.0,125.0
126.0,105.0
289.0,126.0
320.0,126.0
545.0,126.0
672.0,126.0
671.0,127.0
309.0,128.0
421.0,128.0
790.0,128.0
818.0,128.0
952.0,128.0
197.0,129.0
322.0,130.0
345.0,130.0
576.0,130.0
838.0,130.0
871.0,130.0
152.0,131.0
156.0,131.0
228.0,131.0
405.0,131.0
447.0,131.0
692.0,131.0
276.0,132.0
290.0,132.0
389.0,132.0
842.0,132.0
171.0,133.0
297.0,133.0
326.0,133.0
452.0,133.0
711.0,133.0
215.0,134.0
437.0,134.0
560.0,134.0
135.0,107.0
143.0,135.0
146.0,135.0
201.0,135.0
216.0,135.0
686.0,135.0
707.0,135.0
767.0,135.0
136.0,59.0
136.0,112.0
264.0,136.0
549.0,136.0
772.0,136.0
137.0,13.0
137.0,62.0
137.0,123.0
180.0,137.0
241.0,137.0
674.0,137.0
813.0,137.0
940.0,137.0
219.0,138.0
232.0,138.0
320.0,138.0
322.0,138.0
515.0,138.0
542.0,138.0
139.0,3.0
194.0,139.0
254.0,139.0
302.0,139.0
140.0,114.0
171.0,140.0
193.0,140.0
988.0,140.0
179.0,141.0
191.0,141.0
298.0,141.0
597.0,141.0
708.0,141.0
142.0,65.0
142.0,69.0
216.0,142.0
477.0,142.0
534.0,142.0
143.0,64.0
144.0,65.0
176.0,144.0
274.0,144.0
436.0,144.0
550.0,144.0
145.0,10.0
145.0,53.0
145.0,114.0
148.0,145.0
603.0,145.0
674.0,145.0
845.0,145.0
146.0,6.0
152.0,146.0
242.0,146.0
656.0,146.0
147.0,67.0
170.0,147.0
230.0,147.0
576.0,147.0
148.0,11.0
148.0,58.0
148.0,103.0
157.0,148.0
485.0,148.0
572.0,148.0
741.0,148.0
258.0,149.0
329.0,149.0
358.0,149.0
392.0,149.0
765.0,149.0
150.0,114.0
240.0,150.0
244.0,150.0
339.0,150.0
414.0,150.0
653.0,150.0
707.0,150.0
798.0,150.0
159.0,151.0
152.0,48.0
152.0,53.0
209.0,152.0
240.0,152.0
377.0,152.0
451.0,152.0
879.0,152.0
153.0,81.0
153.0,87.0
153.0,114.0
153.0,150.0
549.0,153.0
748.0,153.0
154.0,64.0
154.0,148.0
328.0,154.0
812.0,154.0
155.0,137.0
165.0,155.0
187.0,155.0
280.0,155.0
325.0,155.0
340.0,155.0
828.0,155.0
997.0,155.0
242.0,156.0
157.0,37.0
157.0,45.0
199.0,157.0
280.0,157.0
389.0,157.0
158.0,10.0
158.0,50.0
171.0,158.0
254.0,158.0
389.0,158.0
550.0,158.0
159.0,105.0
159.0,125.0
202.0,159.0
226.0,159.0
422.0,159.0
559.0,159.0
717.0,159.0
839.0,159.0
861.0,159.0
978.0,159.0
160.0,87.0
160.0,88.0
242.0,160.0
273.0,160.0
687.0,160.0
161.0,43.0
161.0,148.0
167.0,161.0
512.0,161.0
162.0,74.0
223.0,162.0
652.0,162.0
776.0,162.0
840.0,162.0
274.0,163.0
281.0,163.0
456.0,163.0
484.0,163.0
619.0,163.0
973.0,163.0
164.0,109.0
164.0,139.0
307.0,164.0
705.0,164.0
894.0,164.0
913.0,164.0
165.0,72.0
328.0,165.0
528.0,165.0
574.0,165.0
166.0,68.0
215.0,166.0
616.0,166.0
167.0,81.0
167.0,111.0
167.0,153.0
432.0,167.0
168.0,20.0
194.0,168.0
306.0,168.0
590.0,168.0
169.0,44.0
169.0,48.0
319.0,169.0
472.0,169.0
557.0,169.0
240.0,170.0
388.0,170.0
481.0,170.0
776.0,170.0
171.0,0.0
171.0,149.0
205.0,171.0
662.0,171.0
753.0,171.0
172.0,21.0
290.0,172.0
430.0,172.0
485.0,172.0
521.0,172.0
173.0,81.0
288.0,173.0
368.0,173.0
425.0,173.0
446.0,173.0
486.0,173.0
174.0,10.0
174.0,13.0
904.0,174.0
175.0,80.0
175.0,156.0
198.0,175.0
367.0,175.0
564.0,175.0
901.0,175.0
176.0,80.0
176.0,156.0
179.0,176.0
381.0,176.0
469.0,176.0
856.0,176.0
177.0,124.0
265.0,177.0
178.0,48.0
268.0,178.0
528.0,178.0
880.0,178.0
976.0,178.0
179.0,33.0
179.0,125.0
179.0,151.0
682.0,179.0
772.0,179.0
944.0,179.0
180.0,122.0
442.0,180.0
706.0,180.0
867.0,180.0
998.0,180.0
375.0,181.0
575.0,181.0
593.0,181.0
697.0,181.0
879.0,181.0
182.0,33.0
332.0,182.0
670.0,182.0
183.0,27.0
183.0,142.0
183.0,144.0
183.0,179.0
261.0,183.0
388.0,183.0
184.0,102.0
419.0,184.0
487.0,184.0
799.0,184.0
185.0,165.0
439.0,185.0
580.0,185.0
186.0,12.0
186.0,125.0
230.0,186.0
611.0,186.0
187.0,32.0
187.0,40.0
187.0,73.0
187.0,87.0
187.0,155.0
236.0,187.0
326.0,187.0
502.0,187.0
193.0,188.0
309.0,188.0
341.0,188.0
415.0,188.0
979.0,188.0
527.0,189.0
865.0,189.0
190.0,155.0
190.0,163.0
325.0,190.0
548.0,190.0
627.0,190.0
733.0,190.0
781.0,190.0
911.0,190.0
191.0,0.0
192.0,41.0
192.0,107.0
314.0,192.0
394.0,192.0
504.0,192.0
605.0,192.0
722.0,192.0
878.0,192.0
391.0,193.0
515.0,193.0
194.0,111.0
205.0,194.0
209.0,194.0
318.0,194.0
547.0,194.0
609.0,194.0
632.0,194.0
704.0,194.0
867.0,194.0
199.0,195.0
398.0,195.0
405.0,195.0
510.0,195.0
520.0,195.0
196.0,149.0
196.0,193.0
208.0,196.0
275.0,196.0
472.0,196.0
693.0,196.0
957.0,196.0
197.0,128.0
591.0,197.0
989.0,197.0
198.0,153.0
236.0,198.0
629.0,198.0
199.0,17.0
272.0,199.0
676.0,199.0
200.0,100.0
200.0,197.0
496.0,200.0
717.0,200.0
745.0,200.0
762.0,200.0
201.0,41.0
641.0,201.0
662.0,201.0
734.0,201.0
964.0,201.0
990.0,201.0
202.0,89.0
250.0,202.0
541.0,202.0
674.0,202.0
203.0,21.0
375.0,203.0
443.0,203.0
501.0,203.0
204.0,49.0
224.0,204.0
307.0,204.0
513.0,204.0
574.0,204.0
663.0,204.0
701.0,204.0
205.0,0.0
205.0,119.0
296.0,205.0
301.0,205.0
305.0,205.0
334.0,205.0
504.0,205.0
717.0,205.0
206.0,193.0
235.0,206.0
320.0,206.0
329.0,206.0
356.0,206.0
855.0,206.0
909.0,206.0
207.0,100.0
271.0,207.0
286.0,207.0
671.0,207.0
208.0,0.0
209.0,161.0
313.0,209.0
971.0,209.0
210.0,4.0
210.0,65.0
210.0,124.0
211.0,1.0
211.0,190.0
211.0,205.0
212.0,25.0
212.0,40.0
232.0,212.0
234.0,212.0
605.0,212.0
898.0,212.0
213.0,39.0
213.0,97.0
213.0,192.0
486.0,214.0
300.0,215.0
671.0,215.0
829.0,215.0
216.0,95.0
262.0,216.0
268.0,216.0
788.0,216.0
992.0,216.0
217.0,82.0
282.0,217.0
343.0,217.0
218.0,20.0
218.0,23.0
218.0,177.0
473.0,218.0
766.0,218.0
219.0,147.0
296.0,219.0
841.0,219.0
220.0,154.0
259.0,220.0
271.0,220.0
372.0,220.0
603.0,220.0
690.0,220.0
221.0,11.0
221.0,83.0
371.0,221.0
448.0,221.0
493.0,221.0
233.0,222.0
423.0,222.0
707.0,222.0
875.0,222.0
892.0,222.0
223.0,28.0
309.0,223.0
332.0,223.0
342.0,223.0
709.0,223.0
904.0,223.0
224.0,25.0
224.0,78.0
224.0,113.0
224.0,129.0
312.0,224.0
364.0,224.0
225.0,53.0
225.0,102.0
358.0,225.0
226.0,45.0
299.0,226.0
329.0,226.0
455.0,226.0
552.0,226.0
709.0,226.0
870.0,226.0
538.0,227.0
228.0,147.0
228.0,212.0
295.0,228.0
614.0,228.0
229.0,13.0
229.0,158.0
230.0,229.0
747.0,229.0
230.0,226.0
245.0,230.0
269.0,230.0
276.0,230.0
328.0,230.0
396.0,230.0
397.0,230.0
447.0,230.0
509.0,230.0
601.0,230.0
231.0,96.0
231.0,203.0
236.0,231.0
299.0,231.0
232.0,15.0
533.0,232.0
570.0,232.0
233.0,19.0
582.0,233.0
586.0,233.0
751.0,233.0
823.0,233.0
939.0,233.0
234.0,82.0
234.0,97.0
234.0,213.0
234.0,218.0
805.0,234.0
235.0,107.0
235.0,158.0
235.0,187.0
315.0,235.0
352.0,235.0
520.0,235.0
942.0,235.0
236.0,59.0
236.0,121.0
970.0,236.0
237.0,9.0
237.0,170.0
237.0,183.0
442.0,237.0
509.0,237.0
668.0,237.0
261.0,238.0
580.0,238.0
239.0,225.0
311.0,239.0
330.0,239.0
703.0,239.0
240.0,50.0
240.0,53.0
240.0,64.0
240.0,91.0
759.0,240.0
894.0,240.0
241.0,131.0
853.0,241.0
977.0,241.0
242.0,48.0
242.0,198.0
243.0,123.0
243.0,161.0
243.0,176.0
243.0,209.0
322.0,243.0
809.0,243.0
817.0,243.0
244.0,137.0
244.0,148.0
244.0,183.0
277.0,244.0
463.0,244.0
527.0,244.0
245.0,47.0
245.0,120.0
516.0,245.0
647.0,245.0
880.0,245.0
246.0,119.0
324.0,246.0
476.0,246.0
527.0,246.0
247.0,10.0
247.0,230.0
278.0,247.0
729.0,247.0
423.0,248.0
249.0,16.0
249.0,50.0
249.0,83.0
249.0,101.0
479.0,249.0
767.0,249.0
250.0,220.0
251.0,250.0
267.0,250.0
287.0,250.0
307.0,250.0
322.0,250.0
330.0,250.0
696.0,250.0
251.0,120.0
251.0,215.0
268.0,251.0
430.0,251.0
683.0,251.0
902.0,251.0
306.0,252.0
457.0,252.0
565.0,252.0
690.0,252.0
839.0,252.0
882.0,252.0
908.0,252.0
253.0,14.0
253.0,82.0
253.0,113.0
253.0,198.0
253.0,219.0
253.0,228.0
291.0,253.0
254.0,16.0
254.0,38.0
254.0,91.0
254.0,106.0
501.0,254.0
704.0,254.0
900.0,254.0
255.0,219.0
255.0,224.0
568.0,255.0
779.0,255.0
256.0,209.0
365.0,256.0
761.0,256.0
257.0,60.0
257.0,104.0
257.0,149.0
257.0,210.0
257.0,255.0
258.0,45.0
258.0,64.0
258.0,105.0
266.0,258.0
428.0,258.0
557.0,258.0
629.0,258.0
259.0,27.0
259.0,133.0
260.0,65.0
260.0,258.0
279.0,260.0
307.0,260.0
768.0,260.0
854.0,260.0
881.0,260.0
261.0,129.0
684.0,261.0
892.0,261.0
933.0,261.0
262.0,15.0
262.0,32.0
262.0,76.0
262.0,107.0
262.0,202.0
382.0,262.0
944.0,262.0
969.0,262.0
263.0,35.0
263.0,40.0
263.0,115.0
263.0,262.0
348.0,263.0
763.0,263.0
920.0,263.0
264.0,50.0
264.0,204.0
264.0,206.0
264.0,210.0
264.0,228.0
264.0,232.0
320.0,264.0
454.0,264.0
265.0,1.0
278.0,265.0
417.0,265.0
722.0,265.0
760.0,265.0
266.0,95.0
266.0,162.0
420.0,266.0
850.0,266.0
930.0,266.0
267.0,228.0
267.0,239.0
286.0,267.0
519.0,267.0
908.0,267.0
268.0,186.0
819.0,268.0
269.0,48.0
269.0,84.0
269.0,219.0
269.0,241.0
272.0,269.0
287.0,269.0
517.0,269.0
612.0,269.0
669.0,269.0
270.0,250.0
524.0,270.0
271.0,22.0
271.0,128.0
301.0,271.0
678.0,271.0
938.0,271.0
272.0,67.0
272.0,171.0
272.0,196.0
272.0,251.0
519.0,272.0
638.0,272.0
648.0,272.0
273.0,180.0
273.0,246.0
377.0,273.0
715.0,273.0
274.0,109.0
274.0,188.0
274.0,251.0
274.0,263.0
275.0,274.0
642.0,274.0
749.0,274.0
802.0,274.0
879.0,274.0
275.0,124.0
275.0,216.0
494.0,275.0
679.0,275.0
685.0,275.0
751.0,275.0
797.0,275.0
276.0,43.0
276.0,129.0
291.0,276.0
329.0,276.0
567.0,276.0
503.0,277.0
664.0,277.0
817.0,277.0
925.0,277.0
278.0,140.0
278.0,180.0
278.0,267.0
526.0,278.0
535.0,278.0
536.0,278.0
566.0,278.0
798.0,278.0
279.0,164.0
279.0,259.0
330.0,279.0
427.0,279.0
676.0,279.0
940.0,279.0
280.0,5.0
280.0,52.0
280.0,128.0
343.0,280.0
581.0,280.0
281.0,205.0
281.0,238.0
313.0,281.0
364.0,281.0
704.0,281.0
731.0,281.0
282.0,54.0
282.0,77.0
396.0,282.0
416.0,282.0
781.0,282.0
283.0,17.0
300.0,283.0
314.0,283.0
865.0,283.0
931.0,283.0
284.0,2.0
284.0,89.0
284.0,216.0
305.0,284.0
579.0,284.0
285.0,33.0
285.0,42.0
285.0,65.0
285.0,161.0
285.0,177.0
363.0,285.0
443.0,285.0
286.0,215.0
353.0,286.0
567.0,286.0
636.0,286.0
287.0,16.0
287.0,69.0
300.0,287.0
426.0,287.0
288.0,38.0
288.0,167.0
288.0,172.0
288.0,173.0
288.0,210.0
305.0,288.0
289.0,89.0
289.0,112.0
327.0,289.0
454.0,289.0
485.0,289.0
595.0,289.0
290.0,120.0
551.0,290.0
842.0,290.0
291.0,3.0
798.0,291.0
856.0,291.0
466.0,292.0
668.0,292.0
728.0,292.0
795.0,292.0
293.0,51.0
293.0,115.0
293.0,193.0
294.0,6.0
294.0,227.0
329.0,294.0
384.0,294.0
498.0,294.0
807.0,294.0
300.0,295.0
654.0,295.0
296.0,137.0
297.0,296.0
328.0,296.0
297.0,24.0
297.0,196.0
438.0,297.0
634.0,297.0
695.0,297.0
790.0,297.0
804.0,297.0
920.0,297.0
298.0,84.0
298.0,124.0
298.0,132.0
514.0,298.0
299.0,58.0
299.0,65.0
299.0,178.0
299.0,272.0
299.0,293.0
402.0,299.0
619.0,299.0
773.0,299.0
870.0,299.0
300.0,29.0
300.0,35.0
300.0,38.0
300.0,233.0
300.0,259.0
427.0,300.0
301.0,103.0
301.0,151.0
301.0,195.0
302.0,100.0
302.0,123.0
302.0,277.0
316.0,302.0
426.0,302.0
303.0,59.0
303.0,146.0
308.0,303.0
495.0,303.0
304.0,6.0
304.0,45.0
831.0,304.0
305.0,196.0
543.0,305.0
862.0,305.0
306.0,159.0
306.0,211.0
307.0,23.0
307.0,31.0
307.0,284.0
326.0,307.0
654.0,307.0
752.0,307.0
308.0,116.0
308.0,124.0
625.0,308.0
819.0,308.0
882.0,308.0
924.0,309.0
947.0,309.0
310.0,204.0
310.0,249.0
352.0,310.0
574.0,310.0
311.0,49.0
311.0,213.0
311.0,236.0
311.0,238.0
417.0,311.0
540.0,311.0
655.0,311.0
708.0,311.0
312.0,200.0
312.0,260.0
313.0,8.0
314.0,184.0
314.0,195.0
314.0,230.0
528.0,314.0
689.0,314.0
900.0,314.0
315.0,103.0
316.0,113.0
370.0,316.0
647.0,316.0
923.0,316.0
317.0,20.0
317.0,108.0
327.0,317.0
490.0,317.0
890.0,317.0
994.0,317.0
502.0,318.0
319.0,4.0
319.0,37.0
319.0,166.0
319.0,310.0
364.0,319.0
871.0,319.0
320.0,264.0
320.0,280.0
320.0,283.0
320.0,292.0
682.0,320.0
787.0,320.0
321.0,101.0
636.0,321.0
871.0,321.0
322.0,193.0
322.0,302.0
792.0,322.0
850.0,322.0
986.0,322.0
323.0,146.0
333.0,323.0
585.0,323.0
758.0,323.0
808.0,323.0
920.0,323.0
463.0,324.0
696.0,324.0
902.0,324.0
957.0,324.0
325.0,12.0
325.0,165.0
325.0,192.0
325.0,212.0
325.0,304.0
613.0,325.0
921.0,325.0
326.0,46.0
326.0,145.0
796.0,326.0
327.0,262.0
327.0,269.0
327.0,307.0
465.0,327.0
995.0,327.0
328.0,10.0
328.0,20.0
328.0,111.0
329.0,328.0
480.0,328.0
897.0,328.0
329.0,15.0
329.0,211.0
727.0,329.0
330.0,122.0
330.0,160.0
330.0,186.0
330.0,234.0
330.0,265.0
331.0,38.0
331.0,325.0
332.0,133.0
332.0,254.0
332.0,285.0
332.0,310.0
333.0,26.0
333.0,33.0
333.0,164.0
363.0,333.0
371.0,333.0
374.0,333.0
375.0,333.0
391.0,333.0
539.0,333.0
815.0,333.0
852.0,333.0
388.0,334.0
393.0,334.0
476.0,334.0
523.0,334.0
558.0,334.0
968.0,334.0
335.0,58.0
335.0,113.0
366.0,335.0
383.0,335.0
411.0,335.0
657.0,335.0
698.0,335.0
336.0,240.0
354.0,336.0
365.0,336.0
567.0,336.0
607.0,336.0
770.0,336.0
337.0,147.0
337.0,209.0
337.0,232.0
337.0,288.0
345.0,337.0
394.0,337.0
532.0,337.0
627.0,337.0
936.0,337.0
465.0,338.0
503.0,338.0
349.0,339.0
497.0,339.0
514.0,339.0
564.0,339.0
340.0,293.0
340.0,295.0
451.0,340.0
341.0,150.0
356.0,341.0
492.0,341.0
554.0,341.0
597.0,341.0
718.0,341.0
847.0,341.0
997.0,341.0
342.0,29.0
804.0,342.0
343.0,34.0
343.0,186.0
343.0,334.0
554.0,343.0
401.0,344.0
432.0,344.0
539.0,344.0
612.0,344.0
919.0,344.0
958.0,344.0
380.0,345.0
388.0,345.0
439.0,345.0
999.0,345.0
529.0,346.0
577.0,346.0
636.0,346.0
649.0,346.0
802.0,346.0
398.0,347.0
447.0,347.0
457.0,347.0
481.0,347.0
598.0,347.0
868.0,347.0
348.0,55.0
348.0,232.0
348.0,296.0
501.0,348.0
589.0,348.0
634.0,348.0
676.0,348.0
349.0,124.0
349.0,209.0
349.0,289.0
378.0,349.0
379.0,349.0
453.0,349.0
624.0,349.0
350.0,12.0
350.0,138.0
605.0,350.0
610.0,350.0
637.0,350.0
540.0,351.0
743.0,351.0
399.0,352.0
403.0,352.0
526.0,352.0
654.0,352.0
353.0,204.0
366.0,353.0
561.0,353.0
623.0,353.0
360.0,354.0
392.0,354.0
997.0,354.0
355.0,160.0
355.0,344.0
385.0,355.0
528.0,355.0
656.0,355.0
667.0,355.0
753.0,355.0
777.0,355.0
356.0,187.0
482.0,356.0
983.0,356.0
357.0,198.0
499.0,357.0
518.0,357.0
382.0,358.0
434.0,358.0
506.0,358.0
359.0,25.0
359.0,166.0
378.0,359.0
392.0,359.0
407.0,359.0
505.0,359.0
642.0,359.0
657.0,359.0
729.0,359.0
791.0,359.0
994.0,359.0
360.0,24.0
360.0,226.0
376.0,360.0
380.0,360.0
414.0,360.0
433.0,360.0
438.0,360.0
578.0,360.0
794.0,360.0
361.0,328.0
434.0,361.0
486.0,361.0
362.0,340.0
452.0,362.0
471.0,362.0
823.0,362.0
363.0,35.0
363.0,127.0
363.0,184.0
363.0,207.0
364.0,363.0
365.0,363.0
660.0,363.0
741.0,363.0
788.0,363.0
984.0,363.0
364.0,166.0
364.0,216.0
364.0,230.0
415.0,364.0
664.0,364.0
908.0,364.0
523.0,365.0
594.0,365.0
408.0,366.0
475.0,366.0
632.0,366.0
650.0,366.0
674.0,366.0
905.0,366.0
388.0,367.0
449.0,367.0
368.0,14.0
382.0,368.0
572.0,368.0
827.0,368.0
369.0,192.0
379.0,369.0
447.0,369.0
620.0,369.0
670.0,369.0
370.0,59.0
370.0,140.0
408.0,370.0
551.0,370.0
644.0,370.0
777.0,370.0
371.0,355.0
422.0,371.0
518.0,371.0
603.0,371.0
629.0,371.0
950.0,371.0
372.0,69.0
465.0,372.0
797.0,372.0
373.0,297.0
373.0,368.0
412.0,373.0
413.0,373.0
418.0,373.0
645.0,373.0
660.0,373.0
734.0,373.0
987.0,373.0
374.0,52.0
398.0,374.0
541.0,374.0
565.0,374.0
967.0,374.0
472.0,375.0
870.0,375.0
376.0,14.0
376.0,100.0
376.0,204.0
489.0,376.0
377.0,312.0
518.0,377.0
578.0,377.0
835.0,377.0
625.0,378.0
508.0,379.0
609.0,379.0
642.0,379.0
685.0,379.0
765.0,379.0
503.0,380.0
544.0,380.0
724.0,380.0
800.0,380.0
435.0,381.0
540.0,381.0
589.0,381.0
637.0,381.0
768.0,381.0
382.0,6.0
618.0,382.0
658.0,382.0
723.0,382.0
933.0,382.0
383.0,326.0
408.0,383.0
412.0,383.0
513.0,383.0
517.0,383.0
802.0,383.0
397.0,384.0
486.0,384.0
444.0,385.0
579.0,385.0
615.0,385.0
662.0,385.0
386.0,82.0
386.0,380.0
518.0,386.0
543.0,387.0
645.0,387.0
747.0,387.0
819.0,387.0
980.0,387.0
388.0,72.0
388.0,301.0
418.0,388.0
658.0,388.0
969.0,388.0
402.0,389.0
561.0,389.0
565.0,389.0
606.0,389.0
618.0,389.0
936.0,389.0
423.0,390.0
431.0,390.0
440.0,390.0
708.0,390.0
391.0,198.0
953.0,391.0
392.0,370.0
392.0,388.0
932.0,392.0
393.0,89.0
393.0,147.0
393.0,340.0
393.0,344.0
429.0,393.0
535.0,393.0
573.0,393.0
726.0,393.0
394.0,188.0
411.0,394.0
458.0,394.0
589.0,394.0
622.0,394.0
783.0,394.0
395.0,182.0
454.0,395.0
556.0,395.0
696.0,395.0
712.0,395.0
396.0,21.0
396.0,40.0
466.0,396.0
525.0,396.0
550.0,396.0
790.0,396.0
931.0,396.0
397.0,46.0
397.0,107.0
397.0,161.0
397.0,186.0
397.0,302.0
507.0,397.0
526.0,397.0
723.0,397.0
907.0,397.0
398.0,11.0
398.0,195.0
398.0,253.0
572.0,398.0
626.0,398.0
803.0,398.0
399.0,110.0
399.0,138.0
513.0,399.0
597.0,399.0
614.0,399.0
597.0,400.0
698.0,400.0
778.0,400.0
401.0,73.0
555.0,401.0
584.0,401.0
716.0,401.0
423.0,402.0
491.0,402.0
681.0,402.0
732.0,402.0
773.0,402.0
403.0,155.0
403.0,182.0
911.0,403.0
404.0,119.0
486.0,404.0
687.0,404.0
803.0,404.0
830.0,404.0
871.0,404.0
588.0,405.0
406.0,0.0
407.0,375.0
512.0,407.0
824.0,407.0
933.0,407.0
408.0,29.0
424.0,408.0
430.0,408.0
479.0,408.0
988.0,408.0
409.0,45.0
409.0,212.0
425.0,409.0
410.0,401.0
566.0,410.0
411.0,191.0
411.0,349.0
582.0,411.0
613.0,411.0
665.0,411.0
723.0,411.0
412.0,208.0
441.0,412.0
531.0,412.0
574.0,412.0
635.0,412.0
893.0,412.0
936.0,412.0
525.0,413.0
632.0,413.0
674.0,413.0
414.0,130.0
414.0,303.0
448.0,414.0
493.0,414.0
415.0,302.0
614.0,415.0
660.0,415.0
681.0,416.0
417.0,107.0
417.0,318.0
432.0,417.0
470.0,417.0
492.0,417.0
595.0,417.0
676.0,417.0
685.0,417.0
555.0,418.0
745.0,418.0
419.0,144.0
419.0,186.0
526.0,419.0
555.0,419.0
833.0,419.0
420.0,404.0
498.0,420.0
522.0,420.0
543.0,420.0
570.0,420.0
421.0,393.0
475.0,421.0
658.0,421.0
691.0,421.0
833.0,421.0
422.0,324.0
422.0,364.0
495.0,422.0
498.0,422.0
787.0,422.0
423.0,155.0
423.0,384.0
495.0,423.0
547.0,423.0
562.0,423.0
576.0,423.0
779.0,423.0
813.0,423.0
831.0,423.0
887.0,423.0
944.0,423.0
484.0,424.0
560.0,424.0
567.0,424.0
961.0,424.0
425.0,9.0
425.0,26.0
615.0,425.0
737.0,425.0
426.0,286.0
426.0,417.0
475.0,426.0
609.0,426.0
640.0,426.0
689.0,426.0
787.0,426.0
427.0,263.0
427.0,358.0
428.0,150.0
624.0,428.0
429.0,169.0
429.0,424.0
480.0,429.0
533.0,429.0
605.0,429.0
607.0,429.0
637.0,429.0
690.0,429.0
503.0,430.0
671.0,430.0
673.0,430.0
821.0,430.0
847.0,430.0
431.0,30.0
431.0,321.0
431.0,344.0
431.0,360.0
845.0,431.0
432.0,356.0
445.0,432.0
464.0,432.0
481.0,432.0
504.0,432.0
571.0,432.0
826.0,432.0
433.0,185.0
505.0,433.0
629.0,433.0
643.0,433.0
645.0,433.0
953.0,433.0
434.0,16.0
434.0,247.0
434.0,291.0
454.0,434.0
507.0,434.0
516.0,434.0
683.0,434.0
711.0,434.0
768.0,434.0
435.0,3.0
435.0,232.0
435.0,434.0
450.0,435.0
577.0,435.0
436.0,189.0
436.0,222.0
436.0,348.0
951.0,436.0
437.0,25.0
437.0,152.0
624.0,437.0
860.0,437.0
438.0,50.0
438.0,342.0
438.0,432.0
460.0,438.0
510.0,438.0
516.0,438.0
578.0,438.0
608.0,438.0
632.0,438.0
655.0,438.0
836.0,438.0
439.0,35.0
439.0,107.0
439.0,249.0
439.0,358.0
766.0,439.0
878.0,439.0
440.0,77.0
440.0,268.0
440.0,411.0
710.0,440.0
966.0,440.0
441.0,184.0
441.0,354.0
480.0,441.0
597.0,441.0
863.0,441.0
442.0,92.0
485.0,442.0
538.0,442.0
612.0,442.0
961.0,442.0
443.0,98.0
443.0,260.0
443.0,302.0
443.0,323.0
651.0,443.0
890.0,443.0
492.0,444.0
445.0,366.0
454.0,445.0
473.0,445.0
475.0,445.0
954.0,445.0
446.0,330.0
520.0,446.0
562.0,446.0
722.0,446.0
859.0,446.0
447.0,439.0
448.0,447.0
468.0,447.0
487.0,447.0
584.0,447.0
657.0,447.0
503.0,448.0
698.0,448.0
706.0,448.0
754.0,448.0
847.0,448.0
880.0,448.0
899.0,448.0
449.0,230.0
449.0,236.0
449.0,411.0
455.0,449.0
493.0,449.0
612.0,449.0
810.0,449.0
880.0,450.0
451.0,252.0
451.0,334.0
642.0,451.0
686.0,451.0
838.0,451.0
540.0,452.0
747.0,452.0
845.0,452.0
946.0,452.0
801.0,453.0
454.0,96.0
457.0,454.0
498.0,454.0
553.0,454.0
768.0,454.0
802.0,454.0
850.0,454.0
455.0,215.0
516.0,455.0
519.0,455.0
658.0,455.0
456.0,60.0
456.0,405.0
962.0,456.0
457.0,245.0
520.0,457.0
665.0,457.0
810.0,457.0
953.0,457.0
458.0,141.0
458.0,286.0
458.0,354.0
458.0,439.0
625.0,458.0
467.0,459.0
470.0,459.0
504.0,459.0
594.0,459.0
605.0,459.0
608.0,459.0
758.0,459.0
940.0,459.0
990.0,459.0
999.0,459.0
460.0,9.0
656.0,460.0
585.0,461.0
620.0,461.0
626.0,461.0
628.0,461.0
802.0,461.0
883.0,461.0
462.0,32.0
462.0,215.0
462.0,339.0
462.0,389.0
932.0,462.0
463.0,414.0
463.0,428.0
546.0,463.0
547.0,463.0
576.0,463.0
686.0,463.0
464.0,4.0
464.0,218.0
464.0,368.0
464.0,397.0
478.0,464.0
855.0,464.0
465.0,0.0
466.0,78.0
466.0,386.0
961.0,466.0
467.0,371.0
467.0,409.0
666.0,467.0
748.0,467.0
468.0,11.0
468.0,401.0
588.0,468.0
931.0,468.0
469.0,158.0
469.0,363.0
470.0,139.0
470.0,453.0
957.0,470.0
984.0,470.0
490.0,471.0
533.0,471.0
573.0,471.0
603.0,471.0
614.0,471.0
630.0,471.0
723.0,471.0
472.0,16.0
472.0,246.0
472.0,256.0
472.0,441.0
512.0,472.0
683.0,472.0
854.0,472.0
473.0,176.0
473.0,469.0
482.0,473.0
590.0,473.0
604.0,473.0
605.0,473.0
650.0,473.0
665.0,473.0
717.0,473.0
474.0,158.0
517.0,474.0
530.0,474.0
475.0,61.0
475.0,110.0
475.0,160.0
475.0,318.0
531.0,475.0
634.0,475.0
958.0,475.0
476.0,55.0
488.0,476.0
530.0,476.0
939.0,476.0
477.0,75.0
477.0,141.0
477.0,234.0
477.0,246.0
477.0,287.0
491.0,477.0
538.0,477.0
633.0,477.0
807.0,477.0
478.0,135.0
478.0,189.0
478.0,221.0
561.0,478.0
673.0,478.0
843.0,478.0
951.0,478.0
479.0,266.0
479.0,339.0
497.0,479.0
480.0,155.0
480.0,467.0
807.0,480.0
903.0,480.0
934.0,480.0
515.0,481.0
561.0,481.0
965.0,481.0
482.0,229.0
482.0,342.0
482.0,414.0
966.0,482.0
483.0,133.0
483.0,432.0
483.0,448.0
483.0,468.0
536.0,483.0
484.0,36.0
484.0,364.0
484.0,402.0
578.0,484.0
687.0,484.0
485.0,368.0
485.0,410.0
513.0,485.0
486.0,35.0
486.0,394.0
486.0,432.0
545.0,486.0
549.0,486.0
554.0,486.0
627.0,486.0
632.0,486.0
753.0,486.0
487.0,150.0
487.0,336.0
487.0,366.0
487.0,389.0
664.0,487.0
754.0,487.0
488.0,113.0
536.0,488.0
610.0,488.0
789.0,488.0
489.0,108.0
489.0,437.0
513.0,489.0
547.0,489.0
597.0,489.0
623.0,489.0
632.0,489.0
670.0,489.0
826.0,489.0
889.0,489.0
493.0,490.0
551.0,490.0
617.0,490.0
655.0,490.0
491.0,118.0
491.0,146.0
491.0,239.0
491.0,355.0
492.0,406.0
492.0,427.0
492.0,478.0
505.0,492.0
656.0,492.0
493.0,74.0
493.0,120.0
493.0,247.0
493.0,454.0
493.0,479.0
558.0,493.0
631.0,493.0
494.0,57.0
494.0,427.0
494.0,447.0
524.0,494.0
569.0,494.0
650.0,494.0
663.0,494.0
740.0,494.0
495.0,347.0
531.0,495.0
943.0,495.0
496.0,144.0
496.0,217.0
496.0,243.0
497.0,496.0
746.0,496.0
497.0,368.0
497.0,456.0
497.0,490.0
500.0,497.0
560.0,497.0
840.0,497.0
879.0,497.0
964.0,497.0
498.0,68.0
498.0,261.0
511.0,498.0
499.0,246.0
499.0,411.0
967.0,499.0
500.0,18.0
500.0,166.0
632.0,500.0
798.0,500.0
501.0,282.0
501.0,348.0
501.0,379.0
501.0,395.0
501.0,415.0
560.0,501.0
809.0,501.0
908.0,501.0
935.0,501.0
502.0,376.0
598.0,502.0
631.0,502.0
647.0,502.0
830.0,502.0
880.0,502.0
927.0,502.0
503.0,249.0
503.0,374.0
503.0,489.0
698.0,503.0
930.0,503.0
504.0,77.0
504.0,368.0
504.0,404.0
504.0,440.0
562.0,504.0
798.0,504.0
928.0,504.0
505.0,355.0
505.0,378.0
505.0,450.0
526.0,505.0
619.0,505.0
506.0,469.0
506.0,502.0
527.0,506.0
650.0,506.0
966.0,506.0
674.0,507.0
508.0,447.0
545.0,508.0
687.0,508.0
877.0,508.0
509.0,35.0
509.0,422.0
509.0,489.0
853.0,509.0
943.0,509.0
961.0,509.0
510.0,509.0
511.0,69.0
511.0,298.0
511.0,313.0
511.0,347.0
939.0,511.0
512.0,215.0
512.0,450.0
617.0,512.0
721.0,512.0
513.0,172.0
513.0,334.0
513.0,391.0
952.0,513.0
514.0,46.0
514.0,410.0
588.0,514.0
610.0,514.0
970.0,514.0
515.0,189.0
515.0,282.0
515.0,390.0
515.0,446.0
515.0,471.0
553.0,515.0
864.0,515.0
988.0,515.0
516.0,407.0
528.0,516.0
624.0,516.0
724.0,516.0
805.0,516.0
517.0,15.0
517.0,211.0
517.0,262.0
517.0,435.0
678.0,517.0
518.0,114.0
518.0,347.0
518.0,393.0
711.0,518.0
962.0,518.0
519.0,17.0
519.0,206.0
519.0,435.0
580.0,519.0
650.0,519.0
720.0,519.0
840.0,519.0
929.0,519.0
520.0,103.0
520.0,420.0
521.0,0.0
521.0,47.0
521.0,70.0
521.0,353.0
521.0,411.0
597.0,521.0
771.0,521.0
522.0,295.0
522.0,323.0
596.0,522.0
949.0,522.0
523.0,18.0
523.0,170.0
523.0,254.0
523.0,411.0
523.0,444.0
570.0,523.0
806.0,523.0
840.0,523.0
850.0,523.0
540.0,524.0
631.0,524.0
662.0,524.0
665.0,524.0
866.0,524.0
525.0,463.0
563.0,525.0
873.0,525.0
626.0,526.0
808.0,526.0
527.0,297.0
527.0,474.0
687.0,527.0
814.0,527.0
872.0,527.0
987.0,527.0
528.0,96.0
528.0,160.0
528.0,395.0
529.0,37.0
529.0,369.0
529.0,432.0
529.0,467.0
662.0,529.0
674.0,529.0
686.0,529.0
728.0,529.0
855.0,529.0
530.0,525.0
563.0,530.0
581.0,530.0
605.0,530.0
979.0,530.0
980.0,530.0
531.0,38.0
531.0,50.0
531.0,136.0
531.0,273.0
531.0,494.0
531.0,497.0
607.0,531.0
665.0,531.0
758.0,531.0
532.0,436.0
532.0,464.0
731.0,532.0
738.0,532.0
533.0,514.0
677.0,533.0
902.0,533.0
534.0,37.0
534.0,491.0
672.0,534.0
776.0,534.0
943.0,534.0
995.0,534.0
535.0,62.0
535.0,176.0
535.0,345.0
535.0,395.0
535.0,483.0
612.0,535.0
786.0,535.0
822.0,535.0
914.0,535.0
536.0,60.0
536.0,348.0
536.0,376.0
536.0,414.0
536.0,431.0
536.0,432.0
536.0,495.0
856.0,536.0
537.0,38.0
537.0,125.0
661.0,537.0
786.0,537.0
877.0,537.0
923.0,537.0
925.0,537.0
538.0,89.0
578.0,538.0
550.0,539.0
674.0,539.0
922.0,539.0
540.0,378.0
540.0,428.0
540.0,431.0
636.0,540.0
541.0,93.0
541.0,122.0
541.0,469.0
768.0,541.0
900.0,541.0
902.0,541.0
542.0,94.0
542.0,211.0
542.0,351.0
542.0,455.0
567.0,542.0
707.0,542.0
758.0,542.0
543.0,359.0
602.0,543.0
716.0,543.0
797.0,543.0
544.0,307.0
544.0,390.0
603.0,544.0
609.0,544.0
903.0,544.0
545.0,327.0
545.0,362.0
545.0,363.0
545.0,442.0
545.0,469.0
645.0,545.0
936.0,545.0
546.0,488.0
947.0,546.0
547.0,433.0
547.0,444.0
547.0,458.0
547.0,500.0
596.0,547.0
663.0,547.0
796.0,547.0
548.0,335.0
548.0,370.0
548.0,423.0
548.0,426.0
648.0,548.0
794.0,548.0
549.0,189.0
549.0,389.0
813.0,549.0
550.0,257.0
550.0,346.0
550.0,520.0
550.0,541.0
862.0,550.0
976.0,550.0
551.0,301.0
551.0,424.0
551.0,481.0
708.0,551.0
821.0,551.0
866.0,551.0
552.0,229.0
552.0,277.0
552.0,377.0
552.0,453.0
552.0,483.0
556.0,552.0
656.0,552.0
778.0,552.0
553.0,0.0
554.0,95.0
554.0,171.0
554.0,430.0
554.0,464.0
554.0,473.0
554.0,474.0
555.0,155.0
555.0,230.0
555.0,334.0
555.0,363.0
556.0,120.0
556.0,232.0
556.0,385.0
556.0,457.0
613.0,556.0
557.0,433.0
616.0,557.0
622.0,557.0
558.0,43.0
558.0,85.0
558.0,333.0
558.0,429.0
558.0,493.0
558.0,555.0
559.0,454.0
559.0,516.0
559.0,522.0
577.0,559.0
560.0,393.0
560.0,476.0
560.0,559.0
744.0,560.0
561.0,437.0
561.0,467.0
561.0,543.0
561.0,554.0
613.0,561.0
562.0,41.0
562.0,97.0
562.0,219.0
562.0,516.0
572.0,562.0
580.0,562.0
564.0,563.0
637.0,563.0
650.0,563.0
564.0,342.0
564.0,388.0
564.0,498.0
564.0,509.0
586.0,564.0
565.0,133.0
565.0,480.0
587.0,565.0
824.0,565.0
566.0,49.0
566.0,386.0
566.0,542.0
567.0,566.0
588.0,566.0
921.0,566.0
567.0,357.0
567.0,427.0
567.0,483.0
568.0,567.0
879.0,567.0
568.0,417.0
568.0,469.0
611.0,568.0
694.0,568.0
569.0,115.0
569.0,245.0
569.0,418.0
569.0,550.0
569.0,552.0
575.0,569.0
892.0,570.0
571.0,482.0
951.0,571.0
572.0,546.0
914.0,572.0
926.0,572.0
573.0,407.0
804.0,573.0
868.0,573.0
881.0,574.0
575.0,426.0
577.0,575.0
576.0,66.0
576.0,119.0
576.0,149.0
576.0,296.0
576.0,312.0
576.0,397.0
576.0,522.0
780.0,576.0
841.0,576.0
904.0,576.0
893.0,577.0
578.0,33.0
578.0,35.0
578.0,187.0
578.0,332.0
578.0,368.0
676.0,578.0
839.0,578.0
579.0,523.0
754.0,579.0
884.0,579.0
580.0,450.0
580.0,475.0
580.0,508.0
580.0,519.0
581.0,328.0
826.0,581.0
582.0,243.0
582.0,374.0
582.0,448.0
582.0,456.0
582.0,482.0
583.0,71.0
583.0,566.0
584.0,8.0
584.0,203.0
584.0,384.0
584.0,475.0
584.0,542.0
585.0,428.0
585.0,493.0
656.0,585.0
586.0,40.0
586.0,144.0
586.0,204.0
586.0,419.0
586.0,470.0
586.0,485.0
586.0,573.0
766.0,586.0
587.0,78.0
587.0,121.0
587.0,413.0
587.0,420.0
588.0,215.0
588.0,353.0
588.0,363.0
588.0,557.0
588.0,580.0
589.0,46.0
589.0,119.0
589.0,256.0
589.0,503.0
821.0,589.0
847.0,589.0
590.0,223.0
590.0,266.0
590.0,405.0
590.0,551.0
591.0,366.0
627.0,591.0
592.0,377.0
592.0,454.0
592.0,493.0
607.0,592.0
609.0,592.0
593.0,210.0
593.0,337.0
593.0,514.0
644.0,593.0
983.0,593.0
594.0,66.0
594.0,163.0
594.0,430.0
594.0,474.0
594.0,562.0
609.0,594.0
795.0,594.0
816.0,594.0
595.0,390.0
595.0,543.0
657.0,595.0
794.0,595.0
596.0,38.0
596.0,264.0
596.0,345.0
596.0,433.0
596.0,510.0
596.0,567.0
596.0,570.0
998.0,596.0
597.0,122.0
748.0,597.0
967.0,597.0
598.0,460.0
598.0,496.0
626.0,598.0
629.0,598.0
599.0,114.0
599.0,383.0
599.0,534.0
599.0,543.0
725.0,599.0
770.0,599.0
895.0,599.0
600.0,82.0
600.0,305.0
600.0,460.0
600.0,551.0
600.0,553.0
612.0,600.0
601.0,39.0
602.0,0.0
602.0,332.0
602.0,545.0
605.0,602.0
603.0,316.0
603.0,422.0
603.0,582.0
903.0,603.0
604.0,59.0
604.0,230.0
604.0,336.0
604.0,470.0
695.0,604.0
956.0,604.0
605.0,87.0
605.0,432.0
608.0,605.0
673.0,605.0
881.0,605.0
956.0,605.0
606.0,157.0
606.0,400.0
606.0,533.0
873.0,606.0
905.0,606.0
607.0,90.0
607.0,104.0
607.0,380.0
693.0,607.0
608.0,161.0
608.0,228.0
608.0,469.0
609.0,324.0
609.0,344.0
609.0,516.0
609.0,552.0
609.0,564.0
787.0,609.0
610.0,38.0
610.0,200.0
610.0,271.0
610.0,524.0
610.0,542.0
701.0,610.0
920.0,610.0
958.0,610.0
611.0,31.0
611.0,564.0
611.0,573.0
799.0,611.0
612.0,22.0
612.0,161.0
612.0,253.0
612.0,318.0
612.0,440.0
612.0,558.0
633.0,612.0
759.0,612.0
664.0,613.0
614.0,277.0
614.0,421.0
614.0,423.0
614.0,448.0
614.0,489.0
614.0,490.0
615.0,58.0
615.0,186.0
615.0,261.0
615.0,360.0
615.0,373.0
615.0,596.0
924.0,615.0
616.0,303.0
616.0,367.0
616.0,402.0
616.0,598.0
616.0,602.0
616.0,611.0
629.0,616.0
927.0,616.0
617.0,378.0
659.0,617.0
866.0,617.0
642.0,618.0
707.0,618.0
900.0,618.0
619.0,163.0
619.0,286.0
619.0,450.0
619.0,513.0
672.0,619.0
620.0,1.0
620.0,192.0
620.0,396.0
620.0,466.0
620.0,562.0
844.0,620.0
621.0,42.0
621.0,77.0
621.0,318.0
621.0,549.0
621.0,550.0
632.0,621.0
834.0,621.0
839.0,621.0
888.0,621.0
622.0,169.0
622.0,174.0
622.0,203.0
622.0,576.0
759.0,622.0
810.0,622.0
811.0,622.0
623.0,263.0
623.0,386.0
623.0,604.0
688.0,623.0
991.0,624.0
625.0,302.0
625.0,381.0
625.0,459.0
625.0,585.0
625.0,590.0
625.0,623.0
728.0,625.0
839.0,625.0
626.0,537.0
635.0,626.0
955.0,626.0
627.0,372.0
627.0,468.0
627.0,521.0
903.0,627.0
628.0,50.0
628.0,53.0
628.0,337.0
628.0,390.0
628.0,556.0
629.0,611.0
629.0,612.0
923.0,629.0
630.0,500.0
630.0,515.0
630.0,540.0
630.0,570.0
952.0,630.0
631.0,81.0
631.0,199.0
632.0,230.0
632.0,525.0
632.0,575.0
654.0,632.0
633.0,14.0
633.0,518.0
633.0,525.0
760.0,633.0
634.0,290.0
634.0,341.0
634.0,382.0
634.0,576.0
634.0,594.0
657.0,634.0
915.0,634.0
990.0,634.0
635.0,559.0
635.0,593.0
857.0,635.0
967.0,635.0
636.0,88.0
636.0,137.0
636.0,197.0
636.0,336.0
636.0,355.0
636.0,462.0
636.0,557.0
636.0,602.0
723.0,636.0
780.0,636.0
637.0,73.0
637.0,182.0
637.0,627.0
646.0,637.0
638.0,159.0
638.0,410.0
638.0,455.0
638.0,562.0
638.0,578.0
639.0,109.0
639.0,279.0
639.0,529.0
639.0,531.0
639.0,565.0
778.0,639.0
640.0,272.0
640.0,519.0
640.0,563.0
894.0,640.0
641.0,391.0
641.0,440.0
641.0,586.0
810.0,641.0
642.0,18.0
642.0,513.0
909.0,642.0
643.0,594.0
894.0,643.0
956.0,643.0
644.0,135.0
644.0,295.0
644.0,414.0
645.0,179.0
645.0,377.0
645.0,443.0
645.0,592.0
897.0,645.0
646.0,312.0
646.0,570.0
646.0,643.0
647.0,385.0
647.0,423.0
647.0,508.0
755.0,647.0
648.0,538.0
648.0,592.0
667.0,648.0
721.0,648.0
729.0,648.0
935.0,648.0
964.0,648.0
649.0,336.0
649.0,407.0
649.0,621.0
901.0,649.0
905.0,649.0
650.0,32.0
650.0,98.0
650.0,358.0
650.0,457.0
651.0,59.0
651.0,77.0
651.0,229.0
651.0,338.0
651.0,416.0
651.0,448.0
651.0,475.0
651.0,562.0
651.0,587.0
652.0,567.0
652.0,570.0
652.0,596.0
837.0,652.0
653.0,117.0
653.0,335.0
653.0,352.0
653.0,529.0
653.0,622.0
654.0,238.0
654.0,318.0
654.0,408.0
654.0,563.0
655.0,203.0
655.0,415.0
655.0,578.0
655.0,607.0
656.0,655.0
701.0,655.0
661.0,656.0
668.0,656.0
704.0,656.0
657.0,108.0
657.0,358.0
657.0,464.0
829.0,657.0
658.0,0.0
659.0,337.0
659.0,357.0
659.0,372.0
659.0,374.0
659.0,596.0
792.0,659.0
963.0,659.0
660.0,415.0
790.0,660.0
810.0,660.0
661.0,371.0
662.0,234.0
662.0,459.0
662.0,594.0
724.0,662.0
663.0,203.0
663.0,511.0
663.0,604.0
876.0,663.0
664.0,25.0
664.0,380.0
664.0,407.0
664.0,416.0
664.0,418.0
664.0,446.0
664.0,454.0
665.0,20.0
665.0,278.0
665.0,405.0
665.0,437.0
665.0,519.0
761.0,665.0
888.0,665.0
666.0,158.0
666.0,448.0
666.0,607.0
772.0,666.0
950.0,666.0
970.0,666.0
997.0,666.0
667.0,217.0
667.0,228.0
667.0,515.0
667.0,530.0
677.0,667.0
758.0,667.0
834.0,667.0
668.0,147.0
668.0,471.0
668.0,521.0
915.0,668.0
954.0,668.0
669.0,25.0
701.0,669.0
821.0,669.0
834.0,669.0
849.0,669.0
864.0,669.0
670.0,248.0
683.0,670.0
723.0,670.0
924.0,670.0
960.0,670.0
671.0,284.0
671.0,660.0
810.0,671.0
961.0,671.0
672.0,87.0
672.0,161.0
677.0,672.0
798.0,672.0
884.0,672.0
961.0,672.0
673.0,70.0
673.0,379.0
673.0,524.0
802.0,673.0
674.0,39.0
901.0,674.0
945.0,674.0
982.0,674.0
675.0,241.0
740.0,675.0
763.0,675.0
871.0,675.0
706.0,676.0
923.0,676.0
954.0,676.0
677.0,32.0
677.0,432.0
740.0,677.0
794.0,677.0
849.0,677.0
936.0,677.0
940.0,677.0
954.0,677.0
678.0,392.0
901.0,678.0
679.0,121.0
679.0,671.0
767.0,679.0
781.0,679.0
825.0,679.0
919.0,679.0
680.0,1.0
682.0,681.0
716.0,681.0
732.0,681.0
753.0,681.0
864.0,681.0
932.0,681.0
965.0,681.0
682.0,329.0
699.0,682.0
756.0,682.0
892.0,682.0
942.0,682.0
945.0,682.0
683.0,71.0
683.0,258.0
683.0,611.0
948.0,683.0
684.0,91.0
684.0,131.0
684.0,358.0
684.0,555.0
752.0,684.0
834.0,684.0
848.0,684.0
685.0,248.0
685.0,493.0
733.0,685.0
686.0,241.0
686.0,310.0
691.0,686.0
757.0,686.0
836.0,686.0
862.0,686.0
687.0,516.0
687.0,617.0
687.0,640.0
687.0,667.0
687.0,670.0
775.0,687.0
791.0,688.0
887.0,688.0
942.0,688.0
689.0,2.0
689.0,434.0
689.0,449.0
689.0,457.0
841.0,689.0
690.0,201.0
690.0,680.0
691.0,23.0
691.0,260.0
759.0,691.0
692.0,64.0
692.0,66.0
692.0,172.0
692.0,216.0
692.0,390.0
928.0,692.0
693.0,376.0
693.0,677.0
910.0,693.0
959.0,693.0
960.0,693.0
694.0,126.0
694.0,680.0
694.0,684.0
714.0,694.0
717.0,694.0
732.0,694.0
768.0,694.0
952.0,694.0
953.0,694.0
978.0,694.0
695.0,417.0
695.0,448.0
695.0,679.0
695.0,694.0
855.0,695.0
696.0,253.0
696.0,300.0
834.0,696.0
894.0,696.0
935.0,696.0
697.0,297.0
697.0,462.0
697.0,479.0
697.0,537.0
748.0,697.0
784.0,697.0
969.0,697.0
698.0,114.0
698.0,642.0
698.0,654.0
732.0,698.0
889.0,698.0
999.0,698.0
699.0,72.0
699.0,219.0
699.0,264.0
975.0,699.0
995.0,699.0
700.0,46.0
700.0,83.0
908.0,700.0
931.0,700.0
701.0,595.0
852.0,701.0
855.0,701.0
864.0,701.0
893.0,701.0
944.0,701.0
955.0,702.0
703.0,238.0
703.0,435.0
729.0,703.0
748.0,703.0
765.0,703.0
997.0,703.0
704.0,273.0
704.0,274.0
704.0,445.0
737.0,704.0
799.0,704.0
839.0,704.0
866.0,704.0
903.0,704.0
968.0,704.0
705.0,235.0
764.0,705.0
706.0,12.0
747.0,706.0
794.0,706.0
995.0,706.0
707.0,74.0
707.0,703.0
962.0,707.0
708.0,8.0
708.0,589.0
708.0,668.0
745.0,708.0
959.0,708.0
709.0,24.0
709.0,486.0
709.0,667.0
952.0,709.0
710.0,56.0
710.0,227.0
710.0,386.0
960.0,710.0
982.0,710.0
711.0,57.0
711.0,64.0
711.0,194.0
711.0,604.0
711.0,622.0
711.0,673.0
712.0,356.0
712.0,616.0
712.0,692.0
797.0,712.0
900.0,712.0
902.0,712.0
753.0,713.0
794.0,713.0
970.0,713.0
714.0,13.0
722.0,714.0
781.0,714.0
817.0,714.0
847.0,714.0
715.0,31.0
715.0,350.0
925.0,715.0
945.0,715.0
965.0,715.0
716.0,124.0
716.0,163.0
716.0,481.0
726.0,716.0
795.0,716.0
820.0,716.0
851.0,716.0
864.0,716.0
897.0,716.0
717.0,13.0
717.0,337.0
717.0,343.0
717.0,625.0
717.0,685.0
721.0,717.0
832.0,717.0
718.0,332.0
718.0,460.0
718.0,507.0
718.0,627.0
817.0,718.0
831.0,718.0
848.0,718.0
964.0,718.0
719.0,110.0
719.0,492.0
719.0,670.0
719.0,687.0
720.0,169.0
720.0,216.0
720.0,568.0
720.0,658.0
846.0,720.0
957.0,720.0
721.0,358.0
721.0,407.0
721.0,617.0
892.0,721.0
902.0,721.0
924.0,721.0
722.0,76.0
722.0,281.0
722.0,477.0
821.0,722.0
921.0,722.0
723.0,4.0
723.0,632.0
802.0,723.0
884.0,723.0
943.0,723.0
952.0,723.0
995.0,723.0
724.0,199.0
724.0,202.0
724.0,243.0
724.0,304.0
724.0,462.0
724.0,715.0
739.0,724.0
812.0,724.0
866.0,724.0
946.0,724.0
986.0,724.0
725.0,91.0
725.0,176.0
725.0,251.0
725.0,410.0
725.0,457.0
725.0,570.0
850.0,725.0
870.0,725.0
908.0,725.0
726.0,223.0
726.0,667.0
922.0,726.0
727.0,216.0
727.0,262.0
727.0,384.0
727.0,587.0
727.0,725.0
920.0,727.0
999.0,727.0
728.0,704.0
793.0,728.0
803.0,728.0
844.0,728.0
949.0,728.0
729.0,90.0
729.0,534.0
729.0,624.0
729.0,674.0
729.0,704.0
885.0,729.0
907.0,729.0
730.0,9.0
730.0,256.0
730.0,688.0
756.0,730.0
788.0,730.0
876.0,730.0
731.0,668.0
942.0,731.0
732.0,113.0
732.0,222.0
732.0,468.0
732.0,479.0
895.0,732.0
775.0,733.0
881.0,733.0
734.0,34.0
734.0,102.0
734.0,255.0
734.0,358.0
734.0,390.0
734.0,667.0
770.0,735.0
819.0,735.0
927.0,735.0
999.0,735.0
736.0,436.0
959.0,736.0
737.0,143.0
737.0,204.0
737.0,496.0
768.0,737.0
738.0,334.0
738.0,378.0
738.0,407.0
738.0,684.0
795.0,738.0
916.0,738.0
929.0,738.0
945.0,738.0
992.0,738.0
739.0,42.0
739.0,571.0
772.0,739.0
965.0,739.0
740.0,118.0
740.0,572.0
976.0,740.0
741.0,51.0
741.0,120.0
741.0,676.0
824.0,741.0
894.0,741.0
915.0,741.0
742.0,199.0
743.0,29.0
743.0,219.0
743.0,641.0
819.0,743.0
968.0,743.0
744.0,257.0
744.0,359.0
744.0,458.0
744.0,471.0
744.0,721.0
917.0,744.0
745.0,25.0
745.0,57.0
745.0,472.0
745.0,660.0
745.0,732.0
789.0,745.0
998.0,745.0
746.0,338.0
746.0,421.0
746.0,712.0
746.0,736.0
833.0,746.0
915.0,746.0
747.0,43.0
747.0,60.0
747.0,586.0
747.0,599.0
747.0,712.0
747.0,727.0
793.0,747.0
823.0,747.0
948.0,747.0
952.0,747.0
748.0,38.0
748.0,126.0
748.0,332.0
748.0,545.0
892.0,748.0
749.0,669.0
749.0,677.0
749.0,685.0
772.0,749.0
791.0,749.0
822.0,749.0
750.0,377.0
750.0,480.0
750.0,731.0
787.0,750.0
886.0,750.0
751.0,5.0
751.0,29.0
751.0,369.0
751.0,399.0
751.0,722.0
978.0,751.0
752.0,173.0
752.0,286.0
752.0,377.0
752.0,680.0
752.0,730.0
848.0,752.0
874.0,752.0
985.0,752.0
753.0,312.0
753.0,694.0
753.0,728.0
754.0,7.0
754.0,73.0
754.0,107.0
754.0,175.0
754.0,562.0
884.0,754.0
905.0,754.0
755.0,742.0
755.0,750.0
821.0,755.0
832.0,755.0
913.0,755.0
756.0,350.0
756.0,382.0
756.0,644.0
801.0,756.0
757.0,504.0
757.0,511.0
916.0,757.0
993.0,757.0
758.0,140.0
758.0,272.0
758.0,510.0
811.0,758.0
848.0,758.0
759.0,125.0
759.0,234.0
759.0,245.0
759.0,692.0
759.0,708.0
771.0,759.0
760.0,218.0
760.0,583.0
790.0,760.0
824.0,760.0
846.0,760.0
876.0,760.0
892.0,760.0
968.0,760.0
761.0,289.0
761.0,717.0
986.0,761.0
762.0,16.0
762.0,151.0
762.0,248.0
762.0,449.0
762.0,638.0
775.0,762.0
849.0,762.0
763.0,282.0
763.0,301.0
763.0,364.0
763.0,421.0
763.0,601.0
810.0,763.0
764.0,252.0
764.0,293.0
764.0,621.0
764.0,661.0
986.0,764.0
765.0,157.0
765.0,349.0
765.0,361.0
765.0,427.0
765.0,674.0
766.0,2.0
766.0,26.0
766.0,440.0
823.0,766.0
826.0,766.0
990.0,766.0
767.0,281.0
767.0,584.0
767.0,682.0
767.0,748.0
779.0,767.0
941.0,767.0
768.0,111.0
768.0,370.0
768.0,736.0
768.0,761.0
799.0,768.0
963.0,768.0
769.0,670.0
785.0,769.0
931.0,769.0
770.0,555.0
901.0,770.0
771.0,518.0
771.0,673.0
844.0,771.0
873.0,771.0
898.0,771.0
772.0,426.0
772.0,675.0
772.0,709.0
772.0,716.0
820.0,772.0
824.0,772.0
873.0,772.0
773.0,461.0
773.0,603.0
777.0,773.0
856.0,773.0
892.0,773.0
919.0,773.0
774.0,444.0
775.0,699.0
775.0,737.0
775.0,756.0
849.0,775.0
776.0,133.0
776.0,179.0
776.0,383.0
776.0,561.0
776.0,716.0
776.0,726.0
940.0,776.0
777.0,181.0
777.0,277.0
777.0,431.0
777.0,723.0
778.0,99.0
778.0,226.0
779.0,465.0
779.0,729.0
779.0,750.0
910.0,779.0
780.0,675.0
780.0,698.0
780.0,716.0
826.0,780.0
918.0,780.0
781.0,20.0
781.0,384.0
839.0,781.0
926.0,781.0
782.0,40.0
782.0,258.0
782.0,326.0
782.0,488.0
782.0,715.0
782.0,767.0
782.0,768.0
868.0,782.0
901.0,782.0
927.0,782.0
943.0,782.0
969.0,782.0
783.0,514.0
783.0,713.0
940.0,783.0
948.0,783.0
981.0,783.0
784.0,416.0
784.0,665.0
784.0,701.0
972.0,784.0
785.0,158.0
785.0,557.0
785.0,568.0
785.0,683.0
881.0,785.0
927.0,785.0
956.0,785.0
979.0,786.0
787.0,361.0
787.0,432.0
787.0,532.0
814.0,787.0
982.0,787.0
788.0,173.0
788.0,192.0
788.0,207.0
788.0,332.0
788.0,384.0
788.0,543.0
788.0,740.0
919.0,788.0
970.0,788.0
978.0,788.0
789.0,575.0
789.0,692.0
789.0,699.0
789.0,773.0
790.0,3.0
790.0,175.0
790.0,628.0
907.0,790.0
791.0,61.0
791.0,784.0
848.0,791.0
857.0,791.0
867.0,791.0
792.0,448.0
792.0,579.0
792.0,674.0
792.0,677.0
942.0,792.0
793.0,744.0
793.0,748.0
864.0,793.0
794.0,41.0
794.0,126.0
794.0,580.0
794.0,689.0
825.0,794.0
871.0,794.0
880.0,794.0
929.0,794.0
962.0,794.0
795.0,53.0
795.0,153.0
795.0,184.0
795.0,415.0
795.0,607.0
795.0,740.0
818.0,795.0
993.0,795.0
796.0,4.0
796.0,33.0
796.0,154.0
796.0,226.0
796.0,671.0
796.0,755.0
823.0,796.0
941.0,796.0
797.0,283.0
797.0,531.0
797.0,672.0
797.0,679.0
797.0,745.0
872.0,797.0
798.0,572.0
798.0,728.0
806.0,798.0
895.0,798.0
799.0,106.0
799.0,155.0
799.0,225.0
799.0,337.0
799.0,461.0
800.0,188.0
800.0,352.0
800.0,433.0
892.0,800.0
801.0,719.0
802.0,83.0
802.0,454.0
802.0,709.0
802.0,740.0
802.0,779.0
904.0,802.0
803.0,102.0
803.0,481.0
867.0,803.0
878.0,803.0
986.0,803.0
804.0,160.0
804.0,506.0
804.0,723.0
804.0,757.0
804.0,776.0
805.0,145.0
805.0,220.0
805.0,392.0
805.0,714.0
805.0,776.0
805.0,802.0
841.0,805.0
806.0,161.0
806.0,434.0
806.0,694.0
806.0,723.0
963.0,806.0
807.0,289.0
807.0,733.0
905.0,807.0
974.0,807.0
808.0,19.0
808.0,35.0
808.0,500.0
808.0,726.0
884.0,808.0
809.0,57.0
809.0,332.0
809.0,335.0
809.0,670.0
935.0,809.0
810.0,19.0
810.0,44.0
810.0,549.0
811.0,495.0
811.0,682.0
811.0,794.0
812.0,79.0
812.0,628.0
813.0,111.0
813.0,118.0
813.0,149.0
813.0,184.0
813.0,299.0
813.0,564.0
813.0,631.0
814.0,649.0
815.0,189.0
815.0,505.0
858.0,815.0
988.0,815.0
816.0,9.0
816.0,107.0
816.0,229.0
816.0,474.0
816.0,640.0
817.0,53.0
817.0,801.0
875.0,817.0
986.0,817.0
818.0,82.0
818.0,330.0
965.0,818.0
819.0,174.0
819.0,530.0
819.0,681.0
819.0,783.0
819.0,786.0
819.0,796.0
925.0,819.0
820.0,475.0
820.0,673.0
846.0,820.0
892.0,820.0
821.0,387.0
821.0,479.0
821.0,493.0
821.0,521.0
821.0,555.0
821.0,587.0
821.0,629.0
935.0,821.0
822.0,283.0
822.0,683.0
831.0,822.0
859.0,822.0
982.0,822.0
823.0,81.0
823.0,300.0
823.0,458.0
823.0,719.0
823.0,781.0
882.0,823.0
923.0,823.0
824.0,81.0
824.0,668.0
824.0,725.0
824.0,751.0
841.0,824.0
889.0,824.0
907.0,824.0
997.0,824.0
998.0,824.0
825.0,85.0
825.0,262.0
825.0,312.0
825.0,554.0
825.0,804.0
857.0,825.0
905.0,825.0
945.0,825.0
991.0,825.0
826.0,655.0
826.0,703.0
826.0,763.0
919.0,826.0
954.0,826.0
827.0,389.0
827.0,677.0
831.0,827.0
917.0,827.0
999.0,827.0
828.0,45.0
828.0,148.0
828.0,250.0
828.0,635.0
829.0,134.0
839.0,829.0
869.0,829.0
956.0,829.0
830.0,334.0
830.0,649.0
830.0,812.0
831.0,237.0
831.0,542.0
831.0,668.0
831.0,748.0
831.0,824.0
832.0,427.0
832.0,699.0
861.0,832.0
966.0,832.0
833.0,300.0
833.0,485.0
890.0,833.0
912.0,833.0
961.0,833.0
989.0,833.0
834.0,74.0
834.0,376.0
834.0,824.0
921.0,834.0
982.0,834.0
835.0,263.0
835.0,701.0
835.0,703.0
923.0,835.0
940.0,835.0
964.0,835.0
836.0,219.0
836.0,269.0
836.0,280.0
836.0,405.0
836.0,711.0
836.0,810.0
879.0,836.0
933.0,836.0
837.0,52.0
837.0,126.0
837.0,218.0
837.0,220.0
837.0,357.0
837.0,457.0
837.0,831.0
958.0,837.0
838.0,418.0
838.0,812.0
839.0,153.0
839.0,183.0
840.0,81.0
840.0,428.0
840.0,613.0
840.0,757.0
968.0,840.0
841.0,0.0
841.0,180.0
906.0,841.0
978.0,841.0
842.0,25.0
842.0,362.0
842.0,458.0
842.0,535.0
842.0,763.0
843.0,59.0
843.0,500.0
843.0,827.0
843.0,833.0
938.0,843.0
844.0,317.0
844.0,344.0
844.0,373.0
844.0,436.0
844.0,583.0
844.0,584.0
844.0,655.0
844.0,719.0
844.0,784.0
844.0,810.0
868.0,844.0
845.0,566.0
845.0,783.0
845.0,794.0
888.0,845.0
846.0,112.0
846.0,595.0
846.0,714.0
846.0,841.0
847.0,224.0
847.0,837.0
947.0,847.0
994.0,847.0
848.0,386.0
848.0,550.0
848.0,756.0
848.0,797.0
848.0,806.0
849.0,371.0
849.0,473.0
849.0,693.0
856.0,849.0
911.0,849.0
990.0,849.0
993.0,849.0
850.0,409.0
850.0,721.0
850.0,738.0
851.0,710.0
851.0,736.0
851.0,761.0
851.0,772.0
852.0,96.0
852.0,213.0
852.0,659.0
852.0,795.0
933.0,852.0
853.0,256.0
853.0,354.0
853.0,821.0
854.0,18.0
854.0,683.0
854.0,814.0
855.0,182.0
855.0,786.0
944.0,855.0
856.0,35.0
856.0,196.0
856.0,510.0
856.0,705.0
856.0,752.0
856.0,766.0
856.0,782.0
857.0,481.0
857.0,675.0
857.0,753.0
924.0,857.0
963.0,857.0
858.0,133.0
858.0,168.0
858.0,755.0
858.0,831.0
928.0,858.0
859.0,37.0
859.0,263.0
860.0,53.0
860.0,161.0
860.0,243.0
860.0,407.0
860.0,487.0
860.0,782.0
860.0,784.0
860.0,792.0
948.0,860.0
861.0,402.0
861.0,733.0
861.0,763.0
862.0,507.0
862.0,570.0
862.0,598.0
862.0,681.0
862.0,695.0
862.0,720.0
862.0,747.0
862.0,840.0
863.0,47.0
863.0,127.0
863.0,425.0
863.0,430.0
863.0,687.0
863.0,775.0
978.0,863.0
864.0,260.0
864.0,566.0
864.0,738.0
864.0,765.0
883.0,864.0
903.0,864.0
865.0,731.0
865.0,843.0
865.0,856.0
949.0,865.0
964.0,865.0
866.0,75.0
866.0,126.0
866.0,418.0
866.0,740.0
866.0,820.0
867.0,177.0
867.0,233.0
867.0,331.0
867.0,628.0
867.0,711.0
867.0,751.0
867.0,813.0
867.0,857.0
967.0,867.0
868.0,112.0
868.0,211.0
868.0,410.0
868.0,710.0
868.0,737.0
868.0,782.0
869.0,91.0
869.0,331.0
869.0,497.0
869.0,517.0
869.0,771.0
870.0,39.0
870.0,121.0
870.0,340.0
870.0,765.0
929.0,870.0
871.0,229.0
871.0,464.0
945.0,871.0
872.0,76.0
872.0,188.0
872.0,345.0
931.0,872.0
934.0,872.0
946.0,872.0
873.0,29.0
873.0,416.0
873.0,450.0
873.0,452.0
873.0,739.0
961.0,873.0
965.0,873.0
971.0,873.0
874.0,34.0
874.0,115.0
874.0,190.0
874.0,381.0
874.0,595.0
874.0,760.0
874.0,868.0
880.0,874.0
920.0,874.0
875.0,15.0
875.0,48.0
875.0,724.0
875.0,802.0
876.0,16.0
876.0,283.0
876.0,293.0
876.0,375.0
876.0,494.0
876.0,762.0
877.0,236.0
877.0,679.0
975.0,877.0
878.0,720.0
955.0,878.0
879.0,107.0
879.0,514.0
879.0,679.0
879.0,690.0
879.0,850.0
880.0,721.0
880.0,747.0
907.0,880.0
933.0,880.0
970.0,880.0
881.0,52.0
881.0,705.0
881.0,793.0
882.0,177.0
882.0,424.0
882.0,586.0
882.0,843.0
883.0,20.0
883.0,92.0
883.0,129.0
883.0,260.0
883.0,558.0
984.0,883.0
884.0,637.0
884.0,663.0
884.0,804.0
884.0,869.0
938.0,884.0
885.0,313.0
885.0,317.0
885.0,319.0
885.0,514.0
885.0,586.0
885.0,683.0
885.0,751.0
885.0,773.0
972.0,885.0
994.0,885.0
886.0,101.0
886.0,879.0
947.0,886.0
989.0,886.0
887.0,756.0
887.0,821.0
887.0,857.0
900.0,887.0
888.0,221.0
888.0,223.0
888.0,280.0
888.0,846.0
904.0,888.0
907.0,888.0
917.0,888.0
981.0,888.0
889.0,314.0
889.0,686.0
889.0,704.0
889.0,851.0
890.0,182.0
890.0,215.0
891.0,201.0
891.0,215.0
917.0,891.0
892.0,78.0
892.0,170.0
921.0,892.0
970.0,892.0
893.0,372.0
893.0,689.0
893.0,831.0
893.0,833.0
893.0,883.0
894.0,893.0
894.0,146.0
894.0,180.0
894.0,671.0
894.0,730.0
894.0,799.0
894.0,866.0
895.0,161.0
895.0,336.0
895.0,842.0
904.0,895.0
972.0,895.0
896.0,44.0
896.0,444.0
896.0,724.0
896.0,796.0
896.0,831.0
940.0,896.0
897.0,19.0
897.0,243.0
897.0,893.0
898.0,212.0
898.0,504.0
898.0,861.0
899.0,464.0
899.0,725.0
899.0,857.0
899.0,878.0
900.0,899.0
935.0,899.0
961.0,899.0
900.0,432.0
900.0,704.0
900.0,858.0
907.0,900.0
901.0,421.0
901.0,635.0
901.0,775.0
975.0,901.0
902.0,68.0
902.0,286.0
902.0,500.0
902.0,869.0
902.0,876.0
903.0,390.0
903.0,734.0
903.0,851.0
903.0,872.0
953.0,903.0
904.0,107.0
904.0,225.0
904.0,393.0
904.0,449.0
904.0,693.0
904.0,734.0
904.0,903.0
905.0,531.0
905.0,646.0
906.0,31.0
906.0,406.0
906.0,526.0
906.0,573.0
906.0,740.0
907.0,57.0
907.0,114.0
907.0,119.0
907.0,282.0
907.0,726.0
908.0,190.0
908.0,337.0
908.0,479.0
908.0,494.0
908.0,811.0
908.0,828.0
908.0,903.0
945.0,908.0
909.0,141.0
909.0,252.0
909.0,314.0
909.0,640.0
910.0,30.0
910.0,387.0
910.0,653.0
910.0,737.0
910.0,857.0
910.0,862.0
939.0,910.0
911.0,200.0
911.0,749.0
911.0,757.0
912.0,25.0
912.0,202.0
912.0,722.0
962.0,912.0
913.0,465.0
913.0,484.0
913.0,511.0
913.0,551.0
913.0,618.0
913.0,884.0
922.0,913.0
979.0,913.0
914.0,811.0
947.0,914.0
915.0,176.0
915.0,328.0
915.0,795.0
916.0,51.0
916.0,164.0
916.0,248.0
916.0,361.0
916.0,689.0
916.0,735.0
916.0,773.0
917.0,288.0
917.0,750.0
989.0,917.0
995.0,917.0
918.0,301.0
918.0,324.0
918.0,468.0
918.0,582.0
918.0,777.0
919.0,248.0
935.0,919.0
920.0,779.0
950.0,920.0
985.0,920.0
921.0,89.0
921.0,209.0
921.0,236.0
921.0,586.0
921.0,744.0
986.0,921.0
922.0,122.0
922.0,206.0
922.0,342.0
922.0,543.0
922.0,609.0
923.0,442.0
923.0,606.0
923.0,609.0
923.0,689.0
923.0,700.0
923.0,791.0
993.0,923.0
924.0,455.0
924.0,512.0
924.0,661.0
924.0,756.0
925.0,181.0
925.0,719.0
925.0,883.0
926.0,1.0
926.0,872.0
926.0,915.0
927.0,319.0
927.0,400.0
927.0,700.0
927.0,801.0
927.0,903.0
928.0,285.0
928.0,498.0
928.0,782.0
954.0,928.0
929.0,4.0
929.0,190.0
929.0,347.0
929.0,453.0
929.0,632.0
929.0,655.0
929.0,821.0
929.0,834.0
929.0,846.0
929.0,914.0
930.0,42.0
930.0,448.0
930.0,572.0
930.0,746.0
939.0,930.0
931.0,291.0
931.0,766.0
931.0,834.0
995.0,931.0
932.0,697.0
932.0,869.0
945.0,932.0
966.0,932.0
933.0,264.0
933.0,317.0
933.0,590.0
933.0,827.0
933.0,828.0
933.0,873.0
934.0,228.0
934.0,283.0
934.0,683.0
934.0,688.0
934.0,703.0
934.0,717.0
934.0,774.0
935.0,134.0
935.0,442.0
935.0,697.0
936.0,387.0
936.0,568.0
936.0,687.0
936.0,778.0
937.0,5.0
937.0,872.0
938.0,60.0
938.0,426.0
938.0,427.0
938.0,706.0
938.0,899.0
939.0,491.0
939.0,519.0
939.0,648.0
940.0,506.0
940.0,755.0
941.0,322.0
941.0,656.0
941.0,756.0
941.0,866.0
942.0,530.0
942.0,840.0
942.0,856.0
943.0,117.0
943.0,118.0
943.0,131.0
943.0,151.0
943.0,167.0
943.0,459.0
943.0,497.0
943.0,502.0
943.0,690.0
944.0,707.0
944.0,723.0
944.0,750.0
945.0,148.0
945.0,650.0
945.0,675.0
945.0,694.0
945.0,707.0
946.0,126.0
946.0,908.0
947.0,227.0
947.0,282.0
947.0,336.0
947.0,568.0
947.0,898.0
964.0,947.0
977.0,947.0
948.0,865.0
949.0,353.0
949.0,768.0
963.0,949.0
950.0,389.0
950.0,770.0
950.0,781.0
950.0,847.0
950.0,891.0
965.0,950.0
951.0,266.0
951.0,348.0
951.0,436.0
951.0,514.0
951.0,661.0
953.0,951.0
952.0,284.0
952.0,307.0
952.0,607.0
952.0,902.0
952.0,918.0
953.0,22.0
953.0,24.0
953.0,123.0
953.0,270.0
953.0,598.0
954.0,145.0
954.0,654.0
954.0,680.0
954.0,706.0
954.0,720.0
954.0,766.0
954.0,783.0
954.0,928.0
960.0,954.0
955.0,272.0
955.0,638.0
956.0,39.0
956.0,240.0
956.0,272.0
956.0,286.0
956.0,803.0
957.0,333.0
957.0,366.0
957.0,568.0
957.0,687.0
957.0,710.0
957.0,953.0
957.0,956.0
958.0,498.0
958.0,666.0
958.0,898.0
958.0,915.0
959.0,23.0
959.0,593.0
959.0,706.0
959.0,955.0
960.0,18.0
960.0,251.0
960.0,580.0
960.0,751.0
960.0,939.0
961.0,123.0
961.0,158.0
961.0,173.0
961.0,196.0
961.0,254.0
961.0,297.0
961.0,672.0
961.0,856.0
961.0,873.0
962.0,41.0
962.0,738.0
963.0,218.0
963.0,681.0
963.0,795.0
963.0,818.0
964.0,281.0
964.0,404.0
964.0,700.0
964.0,747.0
964.0,798.0
964.0,857.0
964.0,924.0
994.0,964.0
965.0,97.0
965.0,504.0
965.0,552.0
965.0,750.0
965.0,760.0
965.0,922.0
975.0,965.0
966.0,690.0
966.0,758.0
967.0,338.0
967.0,448.0
967.0,686.0
967.0,739.0
967.0,868.0
967.0,881.0
967.0,954.0
968.0,212.0
968.0,379.0
968.0,698.0
968.0,761.0
968.0,868.0
968.0,881.0
969.0,322.0
969.0,889.0
969.0,900.0
970.0,171.0
970.0,773.0
970.0,954.0
971.0,5.0
971.0,42.0
971.0,687.0
972.0,646.0
972.0,696.0
972.0,720.0
972.0,764.0
972.0,777.0
972.0,831.0
972.0,834.0
972.0,958.0
975.0,972.0
973.0,407.0
973.0,578.0
973.0,683.0
973.0,828.0
973.0,835.0
973.0,923.0
974.0,216.0
974.0,503.0
974.0,705.0
974.0,710.0
974.0,824.0
974.0,858.0
974.0,968.0
975.0,179.0
975.0,305.0
975.0,385.0
975.0,791.0
975.0,809.0
975.0,863.0
975.0,874.0
976.0,222.0
976.0,396.0
976.0,640.0
976.0,712.0
976.0,744.0
976.0,786.0
977.0,127.0
977.0,366.0
977.0,571.0
977.0,767.0
977.0,781.0
978.0,1.0
978.0,792.0
978.0,928.0
979.0,90.0
979.0,180.0
979.0,960.0
980.0,222.0
980.0,655.0
980.0,734.0
980.0,786.0
980.0,805.0
980.0,864.0
981.0,5.0
981.0,89.0
981.0,99.0
981.0,564.0
981.0,623.0
981.0,739.0
981.0,905.0
982.0,74.0
982.0,587.0
982.0,684.0
982.0,857.0
993.0,982.0
983.0,33.0
983.0,87.0
983.0,236.0
983.0,809.0
983.0,820.0
984.0,393.0
984.0,660.0
984.0,739.0
984.0,844.0
985.0,90.0
985.0,100.0
985.0,149.0
985.0,156.0
985.0,533.0
985.0,717.0
985.0,739.0
986.0,204.0
986.0,414.0
986.0,580.0
986.0,670.0
986.0,679.0
986.0,725.0
986.0,780.0
986.0,806.0
987.0,23.0
987.0,74.0
987.0,125.0
987.0,628.0
987.0,795.0
987.0,843.0
988.0,52.0
988.0,76.0
988.0,364.0
988.0,415.0
988.0,739.0
988.0,981.0
989.0,350.0
989.0,514.0
989.0,891.0
990.0,50.0
990.0,449.0
990.0,453.0
990.0,602.0
990.0,697.0
990.0,974.0
991.0,10.0
991.0,79.0
991.0,194.0
991.0,689.0
991.0,869.0
991.0,980.0
992.0,316.0
992.0,517.0
992.0,561.0
992.0,765.0
992.0,923.0
993.0,329.0
993.0,720.0
993.0,741.0
993.0,754.0
994.0,267.0
994.0,623.0
994.0,718.0
994.0,777.0
994.0,858.0
994.0,964.0
995.0,474.0
995.0,636.0
995.0,647.0
995.0,768.0
995.0,826.0
996.0,28.0
996.0,962.0
997.0,34.0
997.0,121.0
997.0,678.0
997.0,746.0
997.0,811.0
997.0,813.0
997.0,867.0
998.0,54.0
998.0,382.0
998.0,858.0
998.0,875.0
999.0,282.0
999.0,510.0
999.0,835.0
999.0,884.0
0.0,8.0
0.0,129.0
0.0,247.0
0.0,392.0
1.0,6.0
1.0,27.0
1.0,76.0
1.0,227.0
1.0,564.0
1.0,852.0
2.0,223.0
2.0,324.0
2.0,385.0
2.0,598.0
2.0,601.0
2.0,721.0
3.0,59.0
3.0,101.0
3.0,186.0
4.0,108.0
4.0,112.0
4.0,534.0
4.0,631.0
4.0,713.0
4.0,890.0
3.0,5.0
5.0,20.0
5.0,44.0
5.0,315.0
5.0,452.0
5.0,899.0
6.0,161.0
6.0,232.0
6.0,304.0
6.0,310.0
6.0,594.0
6.0,775.0
7.0,117.0
7.0,181.0
7.0,225.0
7.0,264.0
7.0,521.0
7.0,663.0
7.0,916.0
8.0,193.0
8.0,223.0
8.0,993.0
9.0,116.0
9.0,139.0
9.0,237.0
9.0,553.0
10.0,61.0
10.0,154.0
10.0,234.0
10.0,276.0
10.0,358.0
10.0,481.0
10.0,485.0
10.0,685.0
11.0,81.0
11.0,142.0
11.0,184.0
11.0,221.0
11.0,227.0
11.0,280.0
11.0,450.0
11.0,943.0
12.0,132.0
12.0,227.0
12.0,247.0
12.0,257.0
12.0,305.0
12.0,390.0
12.0,554.0
12.0,628.0
12.0,880.0
12.0,924.0
7.0,13.0
13.0,71.0
13.0,79.0
13.0,150.0
13.0,280.0
13.0,464.0
13.0,473.0
13.0,550.0
13.0,657.0
13.0,934.0
13.0,967.0
14.0,29.0
14.0,212.0
14.0,358.0
14.0,634.0
14.0,678.0
14.0,723.0
14.0,875.0
15.0,29.0
15.0,197.0
15.0,811.0
14.0,16.0
16.0,140.0
16.0,749.0
16.0,781.0
16.0,999.0
17.0,290.0
17.0,748.0
14.0,18.0
18.0,77.0
18.0,180.0
18.0,294.0
19.0,26.0
19.0,46.0
19.0,72.0
20.0,228.0
20.0,355.0
20.0,494.0
20.0,743.0
21.0,36.0
21.0,119.0
21.0,230.0
22.0,41.0
22.0,164.0
23.0,93.0
23.0,735.0
23.0,739.0
24.0,218.0
24.0,616.0
24.0,827.0
25.0,89.0
25.0,140.0
25.0,513.0
25.0,789.0
25.0,790.0
25.0,882.0
26.0,130.0
26.0,180.0
26.0,203.0
26.0,233.0
26.0,248.0
26.0,257.0
26.0,311.0
26.0,423.0
26.0,543.0
26.0,724.0
27.0,41.0
27.0,69.0
27.0,191.0
27.0,225.0
27.0,283.0
27.0,348.0
27.0,381.0
28.0,143.0
28.0,158.0
28.0,340.0
28.0,652.0
28.0,713.0
28.0,749.0
28.0,835.0
3.0,29.0
29.0,140.0
29.0,162.0
29.0,235.0
29.0,669.0
29.0,984.0
30.0,93.0
30.0,172.0
30.0,213.0
30.0,225.0
30.0,246.0
30.0,366.0
30.0,404.0
20.0,31.0
31.0,78.0
31.0,500.0
31.0,572.0
31.0,582.0
31.0,678.0
31.0,781.0
31.0,831.0
32.0,290.0
32.0,406.0
32.0,623.0
32.0,667.0
32.0,737.0
33.0,37.0
33.0,184.0
33.0,207.0
33.0,369.0
33.0,817.0
33.0,831.0
34.0,134.0
34.0,386.0
34.0,840.0
35.0,207.0
35.0,336.0
35.0,725.0
35.0,740.0
36.0,38.0
36.0,46.0
36.0,356.0
37.0,40.0
37.0,225.0
37.0,345.0
37.0,671.0
37.0,756.0
38.0,121.0
38.0,379.0
38.0,547.0
38.0,768.0
39.0,166.0
39.0,180.0
39.0,238.0
39.0,736.0
39.0,791.0
40.0,63.0
40.0,116.0
40.0,409.0
40.0,798.0
41.0,119.0
41.0,530.0
41.0,596.0
41.0,660.0
42.0,256.0
42.0,271.0
42.0,437.0
42.0,782.0
42.0,943.0
43.0,127.0
43.0,261.0
43.0,293.0
43.0,915.0
43.0,956.0
44.0,245.0
44.0,321.0
44.0,910.0
45.0,288.0
45.0,343.0
45.0,682.0
45.0,721.0
46.0,119.0
46.0,252.0
46.0,323.0
46.0,356.0
46.0,409.0
46.0,805.0
46.0,941.0
32.0,47.0
47.0,68.0
47.0,70.0
47.0,82.0
47.0,92.0
47.0,130.0
47.0,834.0
47.0,920.0
47.0,981.0
48.0,159.0
48.0,251.0
48.0,310.0
48.0,323.0
48.0,820.0
49.0,136.0
49.0,144.0
49.0,188.0
49.0,330.0
49.0,489.0
49.0,751.0
49.0,797.0
49.0,945.0
50.0,76.0
50.0,111.0
50.0,526.0
50.0,601.0
40.0,51.0
42.0,51.0
51.0,71.0
51.0,944.0
22.0,52.0
3.0,53.0
53.0,211.0
53.0,315.0
53.0,496.0
53.0,939.0
54.0,231.0
54.0,274.0
54.0,328.0
54.0,974.0
55.0,233.0
55.0,292.0
55.0,318.0
55.0,407.0
55.0,778.0
56.0,128.0
56.0,352.0
56.0,392.0
56.0,394.0
56.0,453.0
56.0,898.0
3.0,57.0
51.0,57.0
57.0,169.0
57.0,249.0
57.0,331.0
57.0,366.0
57.0,396.0
57.0,403.0
57.0,698.0
58.0,73.0
58.0,285.0
58.0,886.0
58.0,889.0
59.0,135.0
59.0,437.0
59.0,711.0
60.0,337.0
60.0,404.0
60.0,728.0
60.0,779.0
60.0,905.0
27.0,61.0
61.0,124.0
61.0,210.0
61.0,734.0
62.0,223.0
62.0,345.0
62.0,690.0
62.0,713.0
62.0,963.0
63.0,88.0
63.0,91.0
63.0,191.0
63.0,858.0
64.0,239.0
64.0,306.0
64.0,380.0
64.0,411.0
64.0,441.0
64.0,538.0
64.0,660.0
64.0,667.0
64.0,684.0
64.0,894.0
64.0,984.0
65.0,358.0
65.0,984.0
66.0,104.0
66.0,124.0
66.0,166.0
66.0,261.0
66.0,739.0
66.0,807.0
66.0,960.0
67.0,199.0
67.0,273.0
67.0,307.0
67.0,314.0
67.0,658.0
68.0,122.0
68.0,177.0
68.0,204.0
68.0,266.0
68.0,332.0
68.0,828.0
68.0,993.0
55.0,69.0
65.0,69.0
69.0,100.0
69.0,235.0
69.0,257.0
69.0,300.0
69.0,441.0
69.0,610.0
23.0,70.0
70.0,465.0
70.0,685.0
33.0,71.0
71.0,154.0
71.0,283.0
71.0,568.0
71.0,667.0
71.0,802.0
71.0,803.0
71.0,928.0
27.0,72.0
72.0,90.0
72.0,600.0
72.0,894.0
72.0,937.0
73.0,116.0
73.0,187.0
73.0,393.0
73.0,536.0
73.0,803.0
73.0,908.0
73.0,994.0
74.0,203.0
74.0,326.0
74.0,340.0
74.0,389.0
74.0,525.0
75.0,113.0
75.0,117.0
75.0,550.0
75.0,642.0
75.0,881.0
75.0,977.0
24.0,76.0
64.0,76.0
76.0,409.0
76.0,776.0
76.0,937.0
11.0,77.0
77.0,87.0
77.0,577.0
78.0,87.0
78.0,275.0
78.0,391.0
78.0,476.0
79.0,133.0
79.0,538.0
79.0,626.0
79.0,939.0
79.0,948.0
31.0,80.0
80.0,134.0
80.0,280.0
80.0,329.0
80.0,337.0
80.0,353.0
80.0,536.0
80.0,568.0
80.0,636.0
80.0,791.0
8.0,81.0
9.0,81.0
62.0,81.0
81.0,127.0
81.0,321.0
81.0,686.0
82.0,91.0
82.0,125.0
82.0,143.0
82.0,324.0
82.0,623.0
82.0,632.0
82.0,904.0
82.0,956.0
83.0,84.0
83.0,671.0
84.0,260.0
84.0,272.0
84.0,300.0
84.0,315.0
84.0,887.0
85.0,107.0
85.0,348.0
85.0,384.0
85.0,386.0
85.0,467.0
85.0,652.0
21.0,86.0
86.0,183.0
86.0,315.0
87.0,183.0
87.0,188.0
87.0,296.0
61.0,88.0
88.0,192.0
88.0,331.0
88.0,332.0
88.0,384.0
88.0,437.0
88.0,703.0
89.0,116.0
89.0,121.0
89.0,232.0
89.0,242.0
89.0,343.0
89.0,464.0
89.0,554.0
89.0,682.0
89.0,743.0
89.0,817.0
90.0,107.0
90.0,198.0
90.0,262.0
90.0,298.0
90.0,429.0
90.0,523.0
91.0,93.0
91.0,140.0
91.0,184.0
91.0,213.0
91.0,234.0
91.0,305.0
91.0,542.0
91.0,608.0
91.0,630.0
91.0,701.0
91.0,708.0
91.0,996.0
92.0,115.0
92.0,177.0
92.0,550.0
92.0,576.0
92.0,93.0
93.0,114.0
93.0,184.0
93.0,208.0
93.0,583.0
38.0,94.0
94.0,137.0
94.0,385.0
94.0,863.0
94.0,869.0
95.0,269.0
95.0,286.0
95.0,457.0
95.0,837.0
95.0,922.0
8.0,96.0
96.0,436.0
96.0,787.0
96.0,948.0
59.0,97.0
97.0,647.0
97.0,719.0
97.0,736.0
97.0,841.0
49.0,98.0
98.0,212.0
98.0,364.0
98.0,634.0
26.0,99.0
99.0,130.0
99.0,200.0
99.0,846.0
100.0,544.0
100.0,625.0
6.0,101.0
101.0,159.0
101.0,321.0
101.0,688.0
101.0,713.0
101.0,829.0
102.0,217.0
102.0,338.0
102.0,411.0
102.0,805.0
54.0,103.0
72.0,103.0
91.0,103.0
103.0,121.0
103.0,266.0
103.0,318.0
103.0,501.0
103.0,553.0
103.0,619.0
103.0,866.0
103.0,911.0
21.0,104.0
104.0,319.0
104.0,339.0
104.0,633.0
94.0,105.0
100.0,105.0
105.0,165.0
105.0,230.0
105.0,627.0
105.0,775.0
105.0,857.0
32.0,106.0
106.0,203.0
106.0,280.0
106.0,732.0
19.0,107.0
107.0,264.0
107.0,832.0
107.0,948.0
108.0,118.0
108.0,538.0
108.0,818.0
108.0,996.0
3.0,109.0
109.0,166.0
109.0,190.0
109.0,231.0
109.0,243.0
109.0,589.0
109.0,892.0
52.0,110.0
88.0,110.0
110.0,120.0
110.0,128.0
110.0,233.0
110.0,237.0
110.0,330.0
110.0,336.0
110.0,602.0
111.0,181.0
111.0,485.0
79.0,112.0
112.0,184.0
112.0,298.0
112.0,533.0
112.0,540.0
112.0,815.0
113.0,132.0
113.0,140.0
113.0,221.0
113.0,226.0
113.0,246.0
113.0,464.0
113.0,522.0
114.0,150.0
114.0,165.0
114.0,457.0
114.0,845.0
85.0,115.0
115.0,276.0
115.0,306.0
115.0,357.0
115.0,425.0
115.0,922.0
116.0,171.0
116.0,316.0
116.0,956.0
117.0,209.0
117.0,266.0
117.0,316.0
117.0,404.0
117.0,559.0
117.0,617.0
117.0,864.0
17.0,118.0
20.0,118.0
44.0,118.0
118.0,372.0
118.0,445.0
118.0,581.0
119.0,202.0
8.0,120.0
80.0,120.0
120.0,130.0
120.0,234.0
120.0,682.0
121.0,263.0
121.0,320.0
121.0,416.0
121.0,751.0
121.0,794.0
90.0,122.0
122.0,221.0
122.0,486.0
122.0,921.0
122.0,123.0
123.0,328.0
123.0,377.0
123.0,699.0
123.0,755.0
5.0,124.0
43.0,124.0
124.0,213.0
124.0,251.0
124.0,287.0
124.0,542.0
124.0,591.0
124.0,713.0
125.0,159.0
125.0,589.0
125.0,638.0
125.0,822.0
125.0,950.0
105.0,126.0
126.0,289.0
126.0,320.0
126.0,545.0
126.0,672.0
127.0,671.0
128.0,309.0
128.0,421.0
128.0,790.0
128.0,818.0
128.0,952.0
129.0,197.0
130.0,322.0
130.0,345.0
130.0,576.0
130.0,838.0
130.0,871.0
131.0,152.0
131.0,156.0
131.0,228.0
131.0,405.0
131.0,447.0
131.0,692.0
132.0,276.0
132.0,290.0
132.0,389.0
132.0,842.0
133.0,171.0
133.0,297.0
133.0,326.0
133.0,452.0
133.0,711.0
134.0,215.0
134.0,437.0
134.0,560.0
107.0,135.0
135.0,143.0
135.0,146.0
135.0,201.0
135.0,216.0
135.0,686.0
135.0,707.0
135.0,767.0
59.0,136.0
112.0,136.0
136.0,264.0
136.0,549.0
136.0,772.0
13.0,137.0
62.0,137.0
123.0,137.0
137.0,180.0
137.0,241.0
137.0,674.0
137.0,813.0
137.0,940.0
138.0,219.0
138.0,232.0
138.0,320.0
138.0,322.0
138.0,515.0
138.0,542.0
3.0,139.0
139.0,194.0
139.0,254.0
139.0,302.0
114.0,140.0
140.0,171.0
140.0,193.0
140.0,988.0
141.0,179.0
141.0,191.0
141.0,298.0
141.0,597.0
141.0,708.0
65.0,142.0
69.0,142.0
142.0,216.0
142.0,477.0
142.0,534.0
64.0,143.0
65.0,144.0
144.0,176.0
144.0,274.0
144.0,436.0
144.0,550.0
10.0,145.0
53.0,145.0
114.0,145.0
145.0,148.0
145.0,603.0
145.0,674.0
145.0,845.0
6.0,146.0
146.0,152.0
146.0,242.0
146.0,656.0
67.0,147.0
147.0,170.0
147.0,230.0
147.0,576.0
11.0,148.0
58.0,148.0
103.0,148.0
148.0,157.0
148.0,485.0
148.0,572.0
148.0,741.0
149.0,258.0
149.0,329.0
149.0,358.0
149.0,392.0
149.0,765.0
114.0,150.0
150.0,240.0
150.0,244.0
150.0,339.0
150.0,414.0
150.0,653.0
150.0,707.0
150.0,798.0
151.0,159.0
48.0,152.0
53.0,152.0
152.0,209.0
152.0,240.0
152.0,377.0
152.0,451.0
152.0,879.0
81.0,153.0
87.0,153.0
114.0,153.0
150.0,153.0
153.0,549.0
153.0,748.0
64.0,154.0
148.0,154.0
154.0,328.0
154.0,812.0
137.0,155.0
155.0,165.0
155.0,187.0
155.0,280.0
155.0,325.0
155.0,340.0
155.0,828.0
155.0,997.0
156.0,242.0
37.0,157.0
45.0,157.0
157.0,199.0
157.0,280.0
157.0,389.0
10.0,158.0
50.0,158.0
158.0,171.0
158.0,254.0
158.0,389.0
158.0,550.0
105.0,159.0
125.0,159.0
159.0,202.0
159.0,226.0
159.0,422.0
159.0,559.0
159.0,717.0
159.0,839.0
159.0,861.0
159.0,978.0
87.0,160.0
88.0,160.0
160.0,242.0
160.0,273.0
160.0,687.0
43.0,161.0
148.0,161.0
161.0,167.0
161.0,512.0
74.0,162.0
162.0,223.0
162.0,652.0
162.0,776.0
162.0,840.0
163.0,274.0
163.0,281.0
163.0,456.0
163.0,484.0
163.0,619.0
163.0,973.0
109.0,164.0
139.0,164.0
164.0,307.0
164.0,705.0
164.0,894.0
164.0,913.0
72.0,165.0
165.0,328.0
165.0,528.0
165.0,574.0
68.0,166.0
166.0,215.0
166.0,616.0
81.0,167.0
111.0,167.0
153.0,167.0
167.0,432.0
20.0,168.0
168.0,194.0
168.0,306.0
168.0,590.0
44.0,169.0
48.0,169.0
169.0,319.0
169.0,472.0
169.0,557.0
170.0,240.0
170.0,388.0
170.0,481.0
170.0,776.0
0.0,171.0
149.0,171.0
171.0,205.0
171.0,662.0
171.0,753.0
21.0,172.0
172.0,290.0
172.0,430.0
172.0,485.0
172.0,521.0
81.0,173.0
173.0,288.0
173.0,368.0
173.0,425.0
173.0,446.0
173.0,486.0
10.0,174.0
13.0,174.0
174.0,904.0
80.0,175.0
156.0,175.0
175.0,198.0
175.0,367.0
175.0,564.0
175.0,901.0
80.0,176.0
156.0,176.0
176.0,179.0
176.0,381.0
176.0,469.0
176.0,856.0
124.0,177.0
177.0,265.0
48.0,178.0
178.0,268.0
178.0,528.0
178.0,880.0
178.0,976.0
33.0,179.0
125.0,179.0
151.0,179.0
179.0,682.0
179.0,772.0
179.0,944.0
122.0,180.0
180.0,442.0
180.0,706.0
180.0,867.0
180.0,998.0
181.0,375.0
181.0,575.0
181.0,593.0
181.0,697.0
181.0,879.0
33.0,182.0
182.0,332.0
182.0,670.0
27.0,183.0
142.0,183.0
144.0,183.0
179.0,183.0
183.0,261.0
183.0,388.0
102.0,184.0
184.0,419.0
184.0,487.0
184.0,799.0
165.0,185.0
185.0,439.0
185.0,580.0
12.0,186.0
125.0,186.0
186.0,230.0
186.0,611.0
32.0,187.0
40.0,187.0
73.0,187.0
87.0,187.0
155.0,187.0
187.0,236.0
187.0,326.0
187.0,502.0
188.0,193.0
188.0,309.0
188.0,341.0
188.0,415.0
188.0,979.0
189.0,527.0
189.0,865.0
155.0,190.0
163.0,190.0
190.0,325.0
190.0,548.0
190.0,627.0
190.0,733.0
190.0,781.0
190.0,911.0
0.0,191.0
41.0,192.0
107.0,192.0
192.0,314.0
192.0,394.0
192.0,504.0
192.0,605.0
192.0,722.0
192.0,878.0
193.0,391.0
193.0,515.0
111.0,194.0
194.0,205.0
194.0,209.0
194.0,318.0
194.0,547.0
194.0,609.0
194.0,632.0
194.0,704.0
194.0,867.0
195.0,199.0
195.0,398.0
195.0,405.0
195.0,510.0
195.0,520.0
149.0,196.0
193.0,196.0
196.0,208.0
196.0,275.0
196.0,472.0
196.0,693.0
196.0,957.0
128.0,197.0
197.0,591.0
197.0,989.0
153.0,198.0
198.0,236.0
198.0,629.0
17.0,199.0
199.0,272.0
199.0,676.0
100.0,200.0
197.0,200.0
200.0,496.0
200.0,717.0
200.0,745.0
200.0,762.0
41.0,201.0
201.0,641.0
201.0,662.0
201.0,734.0
201.0,964.0
201.0,990.0
89.0,202.0
202.0,250.0
202.0,541.0
202.0,674.0
21.0,203.0
203.0,375.0
203.0,443.0
203.0,501.0
49.0,204.0
204.0,224.0
204.0,307.0
204.0,513.0
204.0,574.0
204.0,663.0
204.0,701.0
0.0,205.0
119.0,205.0
205.0,296.0
205.0,301.0
205.0,305.0
205.0,334.0
205.0,504.0
205.0,717.0
193.0,206.0
206.0,235.0
206.0,320.0
206.0,329.0
206.0,356.0
206.0,855.0
206.0,909.0
100.0,207.0
207.0,271.0
207.0,286.0
207.0,671.0
0.0,208.0
161.0,209.0
209.0,313.0
209.0,971.0
4.0,210.0
65.0,210.0
124.0,210.0
1.0,211.0
190.0,211.0
205.0,211.0
25.0,212.0
40.0,212.0
212.0,232.0
212.0,234.0
212.0,605.0
212.0,898.0
39.0,213.0
97.0,213.0
192.0,213.0
214.0,486.0
215.0,300.0
215.0,671.0
215.0,829.0
95.0,216.0
216.0,262.0
216.0,268.0
216.0,788.0
216.0,992.0
82.0,217.0
217.0,282.0
217.0,343.0
20.0,218.0
23.0,218.0
177.0,218.0
218.0,473.0
218.0,766.0
147.0,219.0
219.0,296.0
219.0,841.0
154.0,220.0
220.0,259.0
220.0,271.0
220.0,372.0
220.0,603.0
220.0,690.0
11.0,221.0
83.0,221.0
221.0,371.0
221.0,448.0
221.0,493.0
222.0,233.0
222.0,423.0
222.0,707.0
222.0,875.0
222.0,892.0
28.0,223.0
223.0,309.0
223.0,332.0
223.0,342.0
223.0,709.0
223.0,904.0
25.0,224.0
78.0,224.0
113.0,224.0
129.0,224.0
224.0,312.0
224.0,364.0
53.0,225.0
102.0,225.0
225.0,358.0
45.0,226.0
226.0,299.0
226.0,329.0
226.0,455.0
226.0,552.0
226.0,709.0
226.0,870.0
227.0,538.0
147.0,228.0
212.0,228.0
228.0,295.0
228.0,614.0
13.0,229.0
158.0,229.0
229.0,230.0
229.0,747.0
226.0,230.0
230.0,245.0
230.0,269.0
230.0,276.0
230.0,328.0
230.0,396.0
230.0,397.0
230.0,447.0
230.0,509.0
230.0,601.0
96.0,231.0
203.0,231.0
231.0,236.0
231.0,299.0
15.0,232.0
232.0,533.0
232.0,570.0
19.0,233.0
233.0,582.0
233.0,586.0
233.0,751.0
233.0,823.0
233.0,939.0
82.0,234.0
97.0,234.0
213.0,234.0
218.0,234.0
234.0,805.0
107.0,235.0
158.0,235.0
187.0,235.0
235.0,315.0
235.0,352.0
235.0,520.0
235.0,942.0
59.0,236.0
121.0,236.0
236.0,970.0
9.0,237.0
170.0,237.0
183.0,237.0
237.0,442.0
237.0,509.0
237.0,668.0
238.0,261.0
238.0,580.0
225.0,239.0
239.0,311.0
239.0,330.0
239.0,703.0
50.0,240.0
53.0,240.0
64.0,240.0
91.0,240.0
240.0,759.0
240.0,894.0
131.0,241.0
241.0,853.0
241.0,977.0
48.0,242.0
198.0,242.0
123.0,243.0
161.0,243.0
176.0,243.0
209.0,243.0
243.0,322.0
243.0,809.0
243.0,817.0
137.0,244.0
148.0,244.0
183.0,244.0
244.0,277.0
244.0,463.0
244.0,527.0
47.0,245.0
120.0,245.0
245.0,516.0
245.0,647.0
245.0,880.0
119.0,246.0
246.0,324.0
246.0,476.0
246.0,527.0
10.0,247.0
230.0,247.0
247.0,278.0
247.0,729.0
248.0,423.0
16.0,249.0
50.0,249.0
83.0,249.0
101.0,249.0
249.0,479.0
249.0,767.0
220.0,250.0
250.0,251.0
250.0,267.0
250.0,287.0
250.0,307.0
250.0,322.0
250.0,330.0
250.0,696.0
120.0,251.0
215.0,251.0
251.0,268.0
251.0,430.0
251.0,683.0
251.0,902.0
252.0,306.0
252.0,457.0
252.0,565.0
252.0,690.0
252.0,839.0
252.0,882.0
252.0,908.0
14.0,253.0
82.0,253.0
113.0,253.0
198.0,253.0
219.0,253.0
228.0,253.0
253.0,291.0
16.0,254.0
38.0,254.0
91.0,254.0
106.0,254.0
254.0,501.0
254.0,704.0
254.0,900.0
219.0,255.0
224.0,255.0
255.0,568.0
255.0,779.0
209.0,256.0
256.0,365.0
256.0,761.0
60.0,257.0
104.0,257.0
149.0,257.0
210.0,257.0
255.0,257.0
45.0,258.0
64.0,258.0
105.0,258.0
258.0,266.0
258.0,428.0
258.0,557.0
258.0,629.0
27.0,259.0
133.0,259.0
65.0,260.0
258.0,260.0
260.0,279.0
260.0,307.0
260.0,768.0
260.0,854.0
260.0,881.0
129.0,261.0
261.0,684.0
261.0,892.0
261.0,933.0
15.0,262.0
32.0,262.0
76.0,262.0
107.0,262.0
202.0,262.0
262.0,382.0
262.0,944.0
262.0,969.0
35.0,263.0
40.0,263.0
115.0,263.0
262.0,263.0
263.0,348.0
263.0,763.0
263.0,920.0
50.0,264.0
204.0,264.0
206.0,264.0
210.0,264.0
228.0,264.0
232.0,264.0
264.0,320.0
264.0,454.0
1.0,265.0
265.0,278.0
265.0,417.0
265.0,722.0
265.0,760.0
95.0,266.0
162.0,266.0
266.0,420.0
266.0,850.0
266.0,930.0
228.0,267.0
239.0,267.0
267.0,286.0
267.0,519.0
267.0,908.0
186.0,268.0
268.0,819.0
48.0,269.0
84.0,269.0
219.0,269.0
241.0,269.0
269.0,272.0
269.0,287.0
269.0,517.0
269.0,612.0
269.0,669.0
250.0,270.0
270.0,524.0
22.0,271.0
128.0,271.0
271.0,301.0
271.0,678.0
271.0,938.0
67.0,272.0
171.0,272.0
196.0,272.0
251.0,272.0
272.0,519.0
272.0,638.0
272.0,648.0
180.0,273.0
246.0,273.0
273.0,377.0
273.0,715.0
109.0,274.0
188.0,274.0
251.0,274.0
263.0,274.0
274.0,275.0
274.0,642.0
274.0,749.0
274.0,802.0
274.0,879.0
124.0,275.0
216.0,275.0
275.0,494.0
275.0,679.0
275.0,685.0
275.0,751.0
275.0,797.0
43.0,276.0
129.0,276.0
276.0,291.0
276.0,329.0
276.0,567.0
277.0,503.0
277.0,664.0
277.0,817.0
277.0,925.0
140.0,278.0
180.0,278.0
267.0,278.0
278.0,526.0
278.0,535.0
278.0,536.0
278.0,566.0
278.0,798.0
164.0,279.0
259.0,279.0
279.0,330.0
279.0,427.0
279.0,676.0
279.0,940.0
5.0,280.0
52.0,280.0
128.0,280.0
280.0,343.0
280.0,581.0
205.0,281.0
238.0,281.0
281.0,313.0
281.0,364.0
281.0,704.0
281.0,731.0
54.0,282.0
77.0,282.0
282.0,396.0
282.0,416.0
282.0,781.0
17.0,283.0
283.0,300.0
283.0,314.0
283.0,865.0
283.0,931.0
2.0,284.0
89.0,284.0
216.0,284.0
284.0,305.0
284.0,579.0
33.0,285.0
42.0,285.0
65.0,285.0
161.0,285.0
177.0,285.0
285.0,363.0
285.0,443.0
215.0,286.0
286.0,353.0
286.0,567.0
286.0,636.0
16.0,287.0
69.0,287.0
287.0,300.0
287.0,426.0
38.0,288.0
167.0,288.0
172.0,288.0
173.0,288.0
210.0,288.0
288.0,305.0
89.0,289.0
112.0,289.0
289.0,327.0
289.0,454.0
289.0,485.0
289.0,595.0
120.0,290.0
290.0,551.0
290.0,842.0
3.0,291.0
291.0,798.0
291.0,856.0
292.0,466.0
292.0,668.0
292.0,728.0
292.0,795.0
51.0,293.0
115.0,293.0
193.0,293.0
6.0,294.0
227.0,294.0
294.0,329.0
294.0,384.0
294.0,498.0
294.0,807.0
295.0,300.0
295.0,654.0
137.0,296.0
296.0,297.0
296.0,328.0
24.0,297.0
196.0,297.0
297.0,438.0
297.0,634.0
297.0,695.0
297.0,790.0
297.0,804.0
297.0,920.0
84.0,298.0
124.0,298.0
132.0,298.0
298.0,514.0
58.0,299.0
65.0,299.0
178.0,299.0
272.0,299.0
293.0,299.0
299.0,402.0
299.0,619.0
299.0,773.0
299.0,870.0
29.0,300.0
35.0,300.0
38.0,300.0
233.0,300.0
259.0,300.0
300.0,427.0
103.0,301.0
151.0,301.0
195.0,301.0
100.0,302.0
123.0,302.0
277.0,302.0
302.0,316.0
302.0,426.0
59.0,303.0
146.0,303.0
303.0,308.0
303.0,495.0
6.0,304.0
45.0,304.0
304.0,831.0
196.0,305.0
305.0,543.0
305.0,862.0
159.0,306.0
211.0,306.0
23.0,307.0
31.0,307.0
284.0,307.0
307.0,326.0
307.0,654.0
307.0,752.0
116.0,308.0
124.0,308.0
308.0,625.0
308.0,819.0
308.0,882.0
309.0,924.0
309.0,947.0
204.0,310.0
249.0,310.0
310.0,352.0
310.0,574.0
49.0,311.0
213.0,311.0
236.0,311.0
238.0,311.0
311.0,417.0
311.0,540.0
311.0,655.0
311.0,708.0
200.0,312.0
260.0,312.0
8.0,313.0
184.0,314.0
195.0,314.0
230.0,314.0
314.0,528.0
314.0,689.0
314.0,900.0
103.0,315.0
113.0,316.0
316.0,370.0
316.0,647.0
316.0,923.0
20.0,317.0
108.0,317.0
317.0,327.0
317.0,490.0
317.0,890.0
317.0,994.0
318.0,502.0
4.0,319.0
37.0,319.0
166.0,319.0
310.0,319.0
319.0,364.0
319.0,871.0
264.0,320.0
280.0,320.0
283.0,320.0
292.0,320.0
320.0,682.0
320.0,787.0
101.0,321.0
321.0,636.0
321.0,871.0
193.0,322.0
302.0,322.0
322.0,792.0
322.0,850.0
322.0,986.0
146.0,323.0
323.0,333.0
323.0,585.0
323.0,758.0
323.0,808.0
323.0,920.0
324.0,463.0
324.0,696.0
324.0,902.0
324.0,957.0
12.0,325.0
165.0,325.0
192.0,325.0
212.0,325.0
304.0,325.0
325.0,613.0
325.0,921.0
46.0,326.0
145.0,326.0
326.0,796.0
262.0,327.0
269.0,327.0
307.0,327.0
327.0,465.0
327.0,995.0
10.0,328.0
20.0,328.0
111.0,328.0
328.0,329.0
328.0,480.0
328.0,897.0
15.0,329.0
211.0,329.0
329.0,727.0
122.0,330.0
160.0,330.0
186.0,330.0
234.0,330.0
265.0,330.0
38.0,331.0
325.0,331.0
133.0,332.0
254.0,332.0
285.0,332.0
310.0,332.0
26.0,333.0
33.0,333.0
164.0,333.0
333.0,363.0
333.0,371.0
333.0,374.0
333.0,375.0
333.0,391.0
333.0,539.0
333.0,815.0
333.0,852.0
334.0,388.0
334.0,393.0
334.0,476.0
334.0,523.0
334.0,558.0
334.0,968.0
58.0,335.0
113.0,335.0
335.0,366.0
335.0,383.0
335.0,411.0
335.0,657.0
335.0,698.0
240.0,336.0
336.0,354.0
336.0,365.0
336.0,567.0
336.0,607.0
336.0,770.0
147.0,337.0
209.0,337.0
232.0,337.0
288.0,337.0
337.0,345.0
337.0,394.0
337.0,532.0
337.0,627.0
337.0,936.0
338.0,465.0
338.0,503.0
339.0,349.0
339.0,497.0
339.0,514.0
339.0,564.0
293.0,340.0
295.0,340.0
340.0,451.0
150.0,341.0
341.0,356.0
341.0,492.0
341.0,554.0
341.0,597.0
341.0,718.0
341.0,847.0
341.0,997.0
29.0,342.0
342.0,804.0
34.0,343.0
186.0,343.0
334.0,343.0
343.0,554.0
344.0,401.0
344.0,432.0
344.0,539.0
344.0,612.0
344.0,919.0
344.0,958.0
345.0,380.0
345.0,388.0
345.0,439.0
345.0,999.0
346.0,529.0
346.0,577.0
346.0,636.0
346.0,649.0
346.0,802.0
347.0,398.0
347.0,447.0
347.0,457.0
347.0,481.0
347.0,598.0
347.0,868.0
55.0,348.0
232.0,348.0
296.0,348.0
348.0,501.0
348.0,589.0
348.0,634.0
348.0,676.0
124.0,349.0
209.0,349.0
289.0,349.0
349.0,378.0
349.0,379.0
349.0,453.0
349.0,624.0
12.0,350.0
138.0,350.0
350.0,605.0
350.0,610.0
350.0,637.0
351.0,540.0
351.0,743.0
352.0,399.0
352.0,403.0
352.0,526.0
352.0,654.0
204.0,353.0
353.0,366.0
353.0,561.0
353.0,623.0
354.0,360.0
354.0,392.0
354.0,997.0
160.0,355.0
344.0,355.0
355.0,385.0
355.0,528.0
355.0,656.0
355.0,667.0
355.0,753.0
355.0,777.0
187.0,356.0
356.0,482.0
356.0,983.0
198.0,357.0
357.0,499.0
357.0,518.0
358.0,382.0
358.0,434.0
358.0,506.0
25.0,359.0
166.0,359.0
359.0,378.0
359.0,392.0
359.0,407.0
359.0,505.0
359.0,642.0
359.0,657.0
359.0,729.0
359.0,791.0
359.0,994.0
24.0,360.0
226.0,360.0
360.0,376.0
360.0,380.0
360.0,414.0
360.0,433.0
360.0,438.0
360.0,578.0
360.0,794.0
328.0,361.0
361.0,434.0
361.0,486.0
340.0,362.0
362.0,452.0
362.0,471.0
362.0,823.0
35.0,363.0
127.0,363.0
184.0,363.0
207.0,363.0
363.0,364.0
363.0,365.0
363.0,660.0
363.0,741.0
363.0,788.0
363.0,984.0
166.0,364.0
216.0,364.0
230.0,364.0
364.0,415.0
364.0,664.0
364.0,908.0
365.0,523.0
365.0,594.0
366.0,408.0
366.0,475.0
366.0,632.0
366.0,650.0
366.0,674.0
366.0,905.0
367.0,388.0
367.0,449.0
14.0,368.0
368.0,382.0
368.0,572.0
368.0,827.0
192.0,369.0
369.0,379.0
369.0,447.0
369.0,620.0
369.0,670.0
59.0,370.0
140.0,370.0
370.0,408.0
370.0,551.0
370.0,644.0
370.0,777.0
355.0,371.0
371.0,422.0
371.0,518.0
371.0,603.0
371.0,629.0
371.0,950.0
69.0,372.0
372.0,465.0
372.0,797.0
297.0,373.0
368.0,373.0
373.0,412.0
373.0,413.0
373.0,418.0
373.0,645.0
373.0,660.0
373.0,734.0
373.0,987.0
52.0,374.0
374.0,398.0
374.0,541.0
374.0,565.0
374.0,967.0
375.0,472.0
375.0,870.0
14.0,376.0
100.0,376.0
204.0,376.0
376.0,489.0
312.0,377.0
377.0,518.0
377.0,578.0
377.0,835.0
378.0,625.0
379.0,508.0
379.0,609.0
379.0,642.0
379.0,685.0
379.0,765.0
380.0,503.0
380.0,544.0
380.0,724.0
380.0,800.0
381.0,435.0
381.0,540.0
381.0,589.0
381.0,637.0
381.0,768.0
6.0,382.0
382.0,618.0
382.0,658.0
382.0,723.0
382.0,933.0
326.0,383.0
383.0,408.0
383.0,412.0
383.0,513.0
383.0,517.0
383.0,802.0
384.0,397.0
384.0,486.0
385.0,444.0
385.0,579.0
385.0,615.0
385.0,662.0
82.0,386.0
380.0,386.0
386.0,518.0
387.0,543.0
387.0,645.0
387.0,747.0
387.0,819.0
387.0,980.0
72.0,388.0
301.0,388.0
388.0,418.0
388.0,658.0
388.0,969.0
389.0,402.0
389.0,561.0
389.0,565.0
389.0,606.0
389.0,618.0
389.0,936.0
390.0,423.0
390.0,431.0
390.0,440.0
390.0,708.0
198.0,391.0
391.0,953.0
370.0,392.0
388.0,392.0
392.0,932.0
89.0,393.0
147.0,393.0
340.0,393.0
344.0,393.0
393.0,429.0
393.0,535.0
393.0,573.0
393.0,726.0
188.0,394.0
394.0,411.0
394.0,458.0
394.0,589.0
394.0,622.0
394.0,783.0
182.0,395.0
395.0,454.0
395.0,556.0
395.0,696.0
395.0,712.0
21.0,396.0
40.0,396.0
396.0,466.0
396.0,525.0
396.0,550.0
396.0,790.0
396.0,931.0
46.0,397.0
107.0,397.0
161.0,397.0
186.0,397.0
302.0,397.0
397.0,507.0
397.0,526.0
397.0,723.0
397.0,907.0
11.0,398.0
195.0,398.0
253.0,398.0
398.0,572.0
398.0,626.0
398.0,803.0
110.0,399.0
138.0,399.0
399.0,513.0
399.0,597.0
399.0,614.0
400.0,597.0
400.0,698.0
400.0,778.0
73.0,401.0
401.0,555.0
401.0,584.0
401.0,716.0
402.0,423.0
402.0,491.0
402.0,681.0
402.0,732.0
402.0,773.0
155.0,403.0
182.0,403.0
403.0,911.0
119.0,404.0
404.0,486.0
404.0,687.0
404.0,803.0
404.0,830.0
404.0,871.0
405.0,588.0
0.0,406.0
375.0,407.0
407.0,512.0
407.0,824.0
407.0,933.0
29.0,408.0
408.0,424.0
408.0,430.0
408.0,479.0
408.0,988.0
45.0,409.0
212.0,409.0
409.0,425.0
401.0,410.0
410.0,566.0
191.0,411.0
349.0,411.0
411.0,582.0
411.0,613.0
411.0,665.0
411.0,723.0
208.0,412.0
412.0,441.0
412.0,531.0
412.0,574.0
412.0,635.0
412.0,893.0
412.0,936.0
413.0,525.0
413.0,632.0
413.0,674.0
130.0,414.0
303.0,414.0
414.0,448.0
414.0,493.0
302.0,415.0
415.0,614.0
415.0,660.0
416.0,681.0
107.0,417.0
318.0,417.0
417.0,432.0
417.0,470.0
417.0,492.0
417.0,595.0
417.0,676.0
417.0,685.0
418.0,555.0
418.0,745.0
144.0,419.0
186.0,419.0
419.0,526.0
419.0,555.0
419.0,833.0
404.0,420.0
420.0,498.0
420.0,522.0
420.0,543.0
420.0,570.0
393.0,421.0
421.0,475.0
421.0,658.0
421.0,691.0
421.0,833.0
324.0,422.0
364.0,422.0
422.0,495.0
422.0,498.0
422.0,787.0
155.0,423.0
384.0,423.0
423.0,495.0
423.0,547.0
423.0,562.0
423.0,576.0
423.0,779.0
423.0,813.0
423.0,831.0
423.0,887.0
423.0,944.0
424.0,484.0
424.0,560.0
424.0,567.0
424.0,961.0
9.0,425.0
26.0,425.0
425.0,615.0
425.0,737.0
286.0,426.0
417.0,426.0
426.0,475.0
426.0,609.0
426.0,640.0
426.0,689.0
426.0,787.0
263.0,427.0
358.0,427.0
150.0,428.0
428.0,624.0
169.0,429.0
424.0,429.0
429.0,480.0
429.0,533.0
429.0,605.0
429.0,607.0
429.0,637.0
429.0,690.0
430.0,503.0
430.0,671.0
430.0,673.0
430.0,821.0
430.0,847.0
30.0,431.0
321.0,431.0
344.0,431.0
360.0,431.0
431.0,845.0
356.0,432.0
432.0,445.0
432.0,464.0
432.0,481.0
432.0,504.0
432.0,571.0
432.0,826.0
185.0,433.0
433.0,505.0
433.0,629.0
433.0,643.0
433.0,645.0
433.0,953.0
16.0,434.0
247.0,434.0
291.0,434.0
434.0,454.0
434.0,507.0
434.0,516.0
434.0,683.0
434.0,711.0
434.0,768.0
3.0,435.0
232.0,435.0
434.0,435.0
435.0,450.0
435.0,577.0
189.0,436.0
222.0,436.0
348.0,436.0
436.0,951.0
25.0,437.0
152.0,437.0
437.0,624.0
437.0,860.0
50.0,438.0
342.0,438.0
432.0,438.0
438.0,460.0
438.0,510.0
438.0,516.0
438.0,578.0
438.0,608.0
438.0,632.0
438.0,655.0
438.0,836.0
35.0,439.0
107.0,439.0
249.0,439.0
358.0,439.0
439.0,766.0
439.0,878.0
77.0,440.0
268.0,440.0
411.0,440.0
440.0,710.0
440.0,966.0
184.0,441.0
354.0,441.0
441.0,480.0
441.0,597.0
441.0,863.0
92.0,442.0
442.0,485.0
442.0,538.0
442.0,612.0
442.0,961.0
98.0,443.0
260.0,443.0
302.0,443.0
323.0,443.0
443.0,651.0
443.0,890.0
444.0,492.0
366.0,445.0
445.0,454.0
445.0,473.0
445.0,475.0
445.0,954.0
330.0,446.0
446.0,520.0
446.0,562.0
446.0,722.0
446.0,859.0
439.0,447.0
447.0,448.0
447.0,468.0
447.0,487.0
447.0,584.0
447.0,657.0
448.0,503.0
448.0,698.0
448.0,706.0
448.0,754.0
448.0,847.0
448.0,880.0
448.0,899.0
230.0,449.0
236.0,449.0
411.0,449.0
449.0,455.0
449.0,493.0
449.0,612.0
449.0,810.0
450.0,880.0
252.0,451.0
334.0,451.0
451.0,642.0
451.0,686.0
451.0,838.0
452.0,540.0
452.0,747.0
452.0,845.0
452.0,946.0
453.0,801.0
96.0,454.0
454.0,457.0
454.0,498.0
454.0,553.0
454.0,768.0
454.0,802.0
454.0,850.0
215.0,455.0
455.0,516.0
455.0,519.0
455.0,658.0
60.0,456.0
405.0,456.0
456.0,962.0
245.0,457.0
457.0,520.0
457.0,665.0
457.0,810.0
457.0,953.0
141.0,458.0
286.0,458.0
354.0,458.0
439.0,458.0
458.0,625.0
459.0,467.0
459.0,470.0
459.0,504.0
459.0,594.0
459.0,605.0
459.0,608.0
459.0,758.0
459.0,940.0
459.0,990.0
459.0,999.0
9.0,460.0
460.0,656.0
461.0,585.0
461.0,620.0
461.0,626.0
461.0,628.0
461.0,802.0
461.0,883.0
32.0,462.0
215.0,462.0
339.0,462.0
389.0,462.0
462.0,932.0
414.0,463.0
428.0,463.0
463.0,546.0
463.0,547.0
463.0,576.0
463.0,686.0
4.0,464.0
218.0,464.0
368.0,464.0
397.0,464.0
464.0,478.0
464.0,855.0
0.0,465.0
78.0,466.0
386.0,466.0
466.0,961.0
371.0,467.0
409.0,467.0
467.0,666.0
467.0,748.0
11.0,468.0
401.0,468.0
468.0,588.0
468.0,931.0
158.0,469.0
363.0,469.0
139.0,470.0
453.0,470.0
470.0,957.0
470.0,984.0
471.0,490.0
471.0,533.0
471.0,573.0
471.0,603.0
471.0,614.0
471.0,630.0
471.0,723.0
16.0,472.0
246.0,472.0
256.0,472.0
441.0,472.0
472.0,512.0
472.0,683.0
472.0,854.0
176.0,473.0
469.0,473.0
473.0,482.0
473.0,590.0
473.0,604.0
473.0,605.0
473.0,650.0
473.0,665.0
473.0,717.0
158.0,474.0
474.0,517.0
474.0,530.0
61.0,475.0
110.0,475.0
160.0,475.0
318.0,475.0
475.0,531.0
475.0,634.0
475.0,958.0
55.0,476.0
476.0,488.0
476.0,530.0
476.0,939.0
75.0,477.0
141.0,477.0
234.0,477.0
246.0,477.0
287.0,477.0
477.0,491.0
477.0,538.0
477.0,633.0
477.0,807.0
135.0,478.0
189.0,478.0
221.0,478.0
478.0,561.0
478.0,673.0
478.0,843.0
478.0,951.0
266.0,479.0
339.0,479.0
479.0,497.0
155.0,480.0
467.0,480.0
480.0,807.0
480.0,903.0
480.0,934.0
481.0,515.0
481.0,561.0
481.0,965.0
229.0,482.0
342.0,482.0
414.0,482.0
482.0,966.0
133.0,483.0
432.0,483.0
448.0,483.0
468.0,483.0
483.0,536.0
36.0,484.0
364.0,484.0
402.0,484.0
484.0,578.0
484.0,687.0
368.0,485.0
410.0,485.0
485.0,513.0
35.0,486.0
394.0,486.0
432.0,486.0
486.0,545.0
486.0,549.0
486.0,554.0
486.0,627.0
486.0,632.0
486.0,753.0
150.0,487.0
336.0,487.0
366.0,487.0
389.0,487.0
487.0,664.0
487.0,754.0
113.0,488.0
488.0,536.0
488.0,610.0
488.0,789.0
108.0,489.0
437.0,489.0
489.0,513.0
489.0,547.0
489.0,597.0
489.0,623.0
489.0,632.0
489.0,670.0
489.0,826.0
489.0,889.0
490.0,493.0
490.0,551.0
490.0,617.0
490.0,655.0
118.0,491.0
146.0,491.0
239.0,491.0
355.0,491.0
406.0,492.0
427.0,492.0
478.0,492.0
492.0,505.0
492.0,656.0
74.0,493.0
120.0,493.0
247.0,493.0
454.0,493.0
479.0,493.0
493.0,558.0
493.0,631.0
57.0,494.0
427.0,494.0
447.0,494.0
494.0,524.0
494.0,569.0
494.0,650.0
494.0,663.0
494.0,740.0
347.0,495.0
495.0,531.0
495.0,943.0
144.0,496.0
217.0,496.0
243.0,496.0
496.0,497.0
496.0,746.0
368.0,497.0
456.0,497.0
490.0,497.0
497.0,500.0
497.0,560.0
497.0,840.0
497.0,879.0
497.0,964.0
68.0,498.0
261.0,498.0
498.0,511.0
246.0,499.0
411.0,499.0
499.0,967.0
18.0,500.0
166.0,500.0
500.0,632.0
500.0,798.0
282.0,501.0
348.0,501.0
379.0,501.0
395.0,501.0
415.0,501.0
501.0,560.0
501.0,809.0
501.0,908.0
501.0,935.0
376.0,502.0
502.0,598.0
502.0,631.0
502.0,647.0
502.0,830.0
502.0,880.0
502.0,927.0
249.0,503.0
374.0,503.0
489.0,503.0
503.0,698.0
503.0,930.0
77.0,504.0
368.0,504.0
404.0,504.0
440.0,504.0
504.0,562.0
504.0,798.0
504.0,928.0
355.0,505.0
378.0,505.0
450.0,505.0
505.0,526.0
505.0,619.0
469.0,506.0
502.0,506.0
506.0,527.0
506.0,650.0
506.0,966.0
507.0,674.0
447.0,508.0
508.0,545.0
508.0,687.0
508.0,877.0
35.0,509.0
422.0,509.0
489.0,509.0
509.0,853.0
509.0,943.0
509.0,961.0
509.0,510.0
69.0,511.0
298.0,511.0
313.0,511.0
347.0,511.0
511.0,939.0
215.0,512.0
450.0,512.0
512.0,617.0
512.0,721.0
172.0,513.0
334.0,513.0
391.0,513.0
513.0,952.0
46.0,514.0
410.0,514.0
514.0,588.0
514.0,610.0
514.0,970.0
189.0,515.0
282.0,515.0
390.0,515.0
446.0,515.0
471.0,515.0
515.0,553.0
515.0,864.0
515.0,988.0
407.0,516.0
516.0,528.0
516.0,624.0
516.0,724.0
516.0,805.0
15.0,517.0
211.0,517.0
262.0,517.0
435.0,517.0
517.0,678.0
114.0,518.0
347.0,518.0
393.0,518.0
518.0,711.0
518.0,962.0
17.0,519.0
206.0,519.0
435.0,519.0
519.0,580.0
519.0,650.0
519.0,720.0
519.0,840.0
519.0,929.0
103.0,520.0
420.0,520.0
0.0,521.0
47.0,521.0
70.0,521.0
353.0,521.0
411.0,521.0
521.0,597.0
521.0,771.0
295.0,522.0
323.0,522.0
522.0,596.0
522.0,949.0
18.0,523.0
170.0,523.0
254.0,523.0
411.0,523.0
444.0,523.0
523.0,570.0
523.0,806.0
523.0,840.0
523.0,850.0
524.0,540.0
524.0,631.0
524.0,662.0
524.0,665.0
524.0,866.0
463.0,525.0
525.0,563.0
525.0,873.0
526.0,626.0
526.0,808.0
297.0,527.0
474.0,527.0
527.0,687.0
527.0,814.0
527.0,872.0
527.0,987.0
96.0,528.0
160.0,528.0
395.0,528.0
37.0,529.0
369.0,529.0
432.0,529.0
467.0,529.0
529.0,662.0
529.0,674.0
529.0,686.0
529.0,728.0
529.0,855.0
525.0,530.0
530.0,563.0
530.0,581.0
530.0,605.0
530.0,979.0
530.0,980.0
38.0,531.0
50.0,531.0
136.0,531.0
273.0,531.0
494.0,531.0
497.0,531.0
531.0,607.0
531.0,665.0
531.0,758.0
436.0,532.0
464.0,532.0
532.0,731.0
532.0,738.0
514.0,533.0
533.0,677.0
533.0,902.0
37.0,534.0
491.0,534.0
534.0,672.0
534.0,776.0
534.0,943.0
534.0,995.0
62.0,535.0
176.0,535.0
345.0,535.0
395.0,535.0
483.0,535.0
535.0,612.0
535.0,786.0
535.0,822.0
535.0,914.0
60.0,536.0
348.0,536.0
376.0,536.0
414.0,536.0
431.0,536.0
432.0,536.0
495.0,536.0
536.0,856.0
38.0,537.0
125.0,537.0
537.0,661.0
537.0,786.0
537.0,877.0
537.0,923.0
537.0,925.0
89.0,538.0
538.0,578.0
539.0,550.0
539.0,674.0
539.0,922.0
378.0,540.0
428.0,540.0
431.0,540.0
540.0,636.0
93.0,541.0
122.0,541.0
469.0,541.0
541.0,768.0
541.0,900.0
541.0,902.0
94.0,542.0
211.0,542.0
351.0,542.0
455.0,542.0
542.0,567.0
542.0,707.0
542.0,758.0
359.0,543.0
543.0,602.0
543.0,716.0
543.0,797.0
307.0,544.0
390.0,544.0
544.0,603.0
544.0,609.0
544.0,903.0
327.0,545.0
362.0,545.0
363.0,545.0
442.0,545.0
469.0,545.0
545.0,645.0
545.0,936.0
488.0,546.0
546.0,947.0
433.0,547.0
444.0,547.0
458.0,547.0
500.0,547.0
547.0,596.0
547.0,663.0
547.0,796.0
335.0,548.0
370.0,548.0
423.0,548.0
426.0,548.0
548.0,648.0
548.0,794.0
189.0,549.0
389.0,549.0
549.0,813.0
257.0,550.0
346.0,550.0
520.0,550.0
541.0,550.0
550.0,862.0
550.0,976.0
301.0,551.0
424.0,551.0
481.0,551.0
551.0,708.0
551.0,821.0
551.0,866.0
229.0,552.0
277.0,552.0
377.0,552.0
453.0,552.0
483.0,552.0
552.0,556.0
552.0,656.0
552.0,778.0
0.0,553.0
95.0,554.0
171.0,554.0
430.0,554.0
464.0,554.0
473.0,554.0
474.0,554.0
155.0,555.0
230.0,555.0
334.0,555.0
363.0,555.0
120.0,556.0
232.0,556.0
385.0,556.0
457.0,556.0
556.0,613.0
433.0,557.0
557.0,616.0
557.0,622.0
43.0,558.0
85.0,558.0
333.0,558.0
429.0,558.0
493.0,558.0
555.0,558.0
454.0,559.0
516.0,559.0
522.0,559.0
559.0,577.0
393.0,560.0
476.0,560.0
559.0,560.0
560.0,744.0
437.0,561.0
467.0,561.0
543.0,561.0
554.0,561.0
561.0,613.0
41.0,562.0
97.0,562.0
219.0,562.0
516.0,562.0
562.0,572.0
562.0,580.0
563.0,564.0
563.0,637.0
563.0,650.0
342.0,564.0
388.0,564.0
498.0,564.0
509.0,564.0
564.0,586.0
133.0,565.0
480.0,565.0
565.0,587.0
565.0,824.0
49.0,566.0
386.0,566.0
542.0,566.0
566.0,567.0
566.0,588.0
566.0,921.0
357.0,567.0
427.0,567.0
483.0,567.0
567.0,568.0
567.0,879.0
417.0,568.0
469.0,568.0
568.0,611.0
568.0,694.0
115.0,569.0
245.0,569.0
418.0,569.0
550.0,569.0
552.0,569.0
569.0,575.0
570.0,892.0
482.0,571.0
571.0,951.0
546.0,572.0
572.0,914.0
572.0,926.0
407.0,573.0
573.0,804.0
573.0,868.0
574.0,881.0
426.0,575.0
575.0,577.0
66.0,576.0
119.0,576.0
149.0,576.0
296.0,576.0
312.0,576.0
397.0,576.0
522.0,576.0
576.0,780.0
576.0,841.0
576.0,904.0
577.0,893.0
33.0,578.0
35.0,578.0
187.0,578.0
332.0,578.0
368.0,578.0
578.0,676.0
578.0,839.0
523.0,579.0
579.0,754.0
579.0,884.0
450.0,580.0
475.0,580.0
508.0,580.0
519.0,580.0
328.0,581.0
581.0,826.0
243.0,582.0
374.0,582.0
448.0,582.0
456.0,582.0
482.0,582.0
71.0,583.0
566.0,583.0
8.0,584.0
203.0,584.0
384.0,584.0
475.0,584.0
542.0,584.0
428.0,585.0
493.0,585.0
585.0,656.0
40.0,586.0
144.0,586.0
204.0,586.0
419.0,586.0
470.0,586.0
485.0,586.0
573.0,586.0
586.0,766.0
78.0,587.0
121.0,587.0
413.0,587.0
420.0,587.0
215.0,588.0
353.0,588.0
363.0,588.0
557.0,588.0
580.0,588.0
46.0,589.0
119.0,589.0
256.0,589.0
503.0,589.0
589.0,821.0
589.0,847.0
223.0,590.0
266.0,590.0
405.0,590.0
551.0,590.0
366.0,591.0
591.0,627.0
377.0,592.0
454.0,592.0
493.0,592.0
592.0,607.0
592.0,609.0
210.0,593.0
337.0,593.0
514.0,593.0
593.0,644.0
593.0,983.0
66.0,594.0
163.0,594.0
430.0,594.0
474.0,594.0
562.0,594.0
594.0,609.0
594.0,795.0
594.0,816.0
390.0,595.0
543.0,595.0
595.0,657.0
595.0,794.0
38.0,596.0
264.0,596.0
345.0,596.0
433.0,596.0
510.0,596.0
567.0,596.0
570.0,596.0
596.0,998.0
122.0,597.0
597.0,748.0
597.0,967.0
460.0,598.0
496.0,598.0
598.0,626.0
598.0,629.0
114.0,599.0
383.0,599.0
534.0,599.0
543.0,599.0
599.0,725.0
599.0,770.0
599.0,895.0
82.0,600.0
305.0,600.0
460.0,600.0
551.0,600.0
553.0,600.0
600.0,612.0
39.0,601.0
0.0,602.0
332.0,602.0
545.0,602.0
602.0,605.0
316.0,603.0
422.0,603.0
582.0,603.0
603.0,903.0
59.0,604.0
230.0,604.0
336.0,604.0
470.0,604.0
604.0,695.0
604.0,956.0
87.0,605.0
432.0,605.0
605.0,608.0
605.0,673.0
605.0,881.0
605.0,956.0
157.0,606.0
400.0,606.0
533.0,606.0
606.0,873.0
606.0,905.0
90.0,607.0
104.0,607.0
380.0,607.0
607.0,693.0
161.0,608.0
228.0,608.0
469.0,608.0
324.0,609.0
344.0,609.0
516.0,609.0
552.0,609.0
564.0,609.0
609.0,787.0
38.0,610.0
200.0,610.0
271.0,610.0
524.0,610.0
542.0,610.0
610.0,701.0
610.0,920.0
610.0,958.0
31.0,611.0
564.0,611.0
573.0,611.0
611.0,799.0
22.0,612.0
161.0,612.0
253.0,612.0
318.0,612.0
440.0,612.0
558.0,612.0
612.0,633.0
612.0,759.0
613.0,664.0
277.0,614.0
421.0,614.0
423.0,614.0
448.0,614.0
489.0,614.0
490.0,614.0
58.0,615.0
186.0,615.0
261.0,615.0
360.0,615.0
373.0,615.0
596.0,615.0
615.0,924.0
303.0,616.0
367.0,616.0
402.0,616.0
598.0,616.0
602.0,616.0
611.0,616.0
616.0,629.0
616.0,927.0
378.0,617.0
617.0,659.0
617.0,866.0
618.0,642.0
618.0,707.0
618.0,900.0
163.0,619.0
286.0,619.0
450.0,619.0
513.0,619.0
619.0,672.0
1.0,620.0
192.0,620.0
396.0,620.0
466.0,620.0
562.0,620.0
620.0,844.0
42.0,621.0
77.0,621.0
318.0,621.0
549.0,621.0
550.0,621.0
621.0,632.0
621.0,834.0
621.0,839.0
621.0,888.0
169.0,622.0
174.0,622.0
203.0,622.0
576.0,622.0
622.0,759.0
622.0,810.0
622.0,811.0
263.0,623.0
386.0,623.0
604.0,623.0
623.0,688.0
624.0,991.0
302.0,625.0
381.0,625.0
459.0,625.0
585.0,625.0
590.0,625.0
623.0,625.0
625.0,728.0
625.0,839.0
537.0,626.0
626.0,635.0
626.0,955.0
372.0,627.0
468.0,627.0
521.0,627.0
627.0,903.0
50.0,628.0
53.0,628.0
337.0,628.0
390.0,628.0
556.0,628.0
611.0,629.0
612.0,629.0
629.0,923.0
500.0,630.0
515.0,630.0
540.0,630.0
570.0,630.0
630.0,952.0
81.0,631.0
199.0,631.0
230.0,632.0
525.0,632.0
575.0,632.0
632.0,654.0
14.0,633.0
518.0,633.0
525.0,633.0
633.0,760.0
290.0,634.0
341.0,634.0
382.0,634.0
576.0,634.0
594.0,634.0
634.0,657.0
634.0,915.0
634.0,990.0
559.0,635.0
593.0,635.0
635.0,857.0
635.0,967.0
88.0,636.0
137.0,636.0
197.0,636.0
336.0,636.0
355.0,636.0
462.0,636.0
557.0,636.0
602.0,636.0
636.0,723.0
636.0,780.0
73.0,637.0
182.0,637.0
627.0,637.0
637.0,646.0
159.0,638.0
410.0,638.0
455.0,638.0
562.0,638.0
578.0,638.0
109.0,639.0
279.0,639.0
529.0,639.0
531.0,639.0
565.0,639.0
639.0,778.0
272.0,640.0
519.0,640.0
563.0,640.0
640.0,894.0
391.0,641.0
440.0,641.0
586.0,641.0
641.0,810.0
18.0,642.0
513.0,642.0
642.0,909.0
594.0,643.0
643.0,894.0
643.0,956.0
135.0,644.0
295.0,644.0
414.0,644.0
179.0,645.0
377.0,645.0
443.0,645.0
592.0,645.0
645.0,897.0
312.0,646.0
570.0,646.0
643.0,646.0
385.0,647.0
423.0,647.0
508.0,647.0
647.0,755.0
538.0,648.0
592.0,648.0
648.0,667.0
648.0,721.0
648.0,729.0
648.0,935.0
648.0,964.0
336.0,649.0
407.0,649.0
621.0,649.0
649.0,901.0
649.0,905.0
32.0,650.0
98.0,650.0
358.0,650.0
457.0,650.0
59.0,651.0
77.0,651.0
229.0,651.0
338.0,651.0
416.0,651.0
448.0,651.0
475.0,651.0
562.0,651.0
587.0,651.0
567.0,652.0
570.0,652.0
596.0,652.0
652.0,837.0
117.0,653.0
335.0,653.0
352.0,653.0
529.0,653.0
622.0,653.0
238.0,654.0
318.0,654.0
408.0,654.0
563.0,654.0
203.0,655.0
415.0,655.0
578.0,655.0
607.0,655.0
655.0,656.0
655.0,701.0
656.0,661.0
656.0,668.0
656.0,704.0
108.0,657.0
358.0,657.0
464.0,657.0
657.0,829.0
0.0,658.0
337.0,659.0
357.0,659.0
372.0,659.0
374.0,659.0
596.0,659.0
659.0,792.0
659.0,963.0
415.0,660.0
660.0,790.0
660.0,810.0
371.0,661.0
234.0,662.0
459.0,662.0
594.0,662.0
662.0,724.0
203.0,663.0
511.0,663.0
604.0,663.0
663.0,876.0
25.0,664.0
380.0,664.0
407.0,664.0
416.0,664.0
418.0,664.0
446.0,664.0
454.0,664.0
20.0,665.0
278.0,665.0
405.0,665.0
437.0,665.0
519.0,665.0
665.0,761.0
665.0,888.0
158.0,666.0
448.0,666.0
607.0,666.0
666.0,772.0
666.0,950.0
666.0,970.0
666.0,997.0
217.0,667.0
228.0,667.0
515.0,667.0
530.0,667.0
667.0,677.0
667.0,758.0
667.0,834.0
147.0,668.0
471.0,668.0
521.0,668.0
668.0,915.0
668.0,954.0
25.0,669.0
669.0,701.0
669.0,821.0
669.0,834.0
669.0,849.0
669.0,864.0
248.0,670.0
670.0,683.0
670.0,723.0
670.0,924.0
670.0,960.0
284.0,671.0
660.0,671.0
671.0,810.0
671.0,961.0
87.0,672.0
161.0,672.0
672.0,677.0
672.0,798.0
672.0,884.0
672.0,961.0
70.0,673.0
379.0,673.0
524.0,673.0
673.0,802.0
39.0,674.0
674.0,901.0
674.0,945.0
674.0,982.0
241.0,675.0
675.0,740.0
675.0,763.0
675.0,871.0
676.0,706.0
676.0,923.0
676.0,954.0
32.0,677.0
432.0,677.0
677.0,740.0
677.0,794.0
677.0,849.0
677.0,936.0
677.0,940.0
677.0,954.0
392.0,678.0
678.0,901.0
121.0,679.0
671.0,679.0
679.0,767.0
679.0,781.0
679.0,825.0
679.0,919.0
1.0,680.0
681.0,682.0
681.0,716.0
681.0,732.0
681.0,753.0
681.0,864.0
681.0,932.0
681.0,965.0
329.0,682.0
682.0,699.0
682.0,756.0
682.0,892.0
682.0,942.0
682.0,945.0
71.0,683.0
258.0,683.0
611.0,683.0
683.0,948.0
91.0,684.0
131.0,684.0
358.0,684.0
555.0,684.0
684.0,752.0
684.0,834.0
684.0,848.0
248.0,685.0
493.0,685.0
685.0,733.0
241.0,686.0
310.0,686.0
686.0,691.0
686.0,757.0
686.0,836.0
686.0,862.0
516.0,687.0
617.0,687.0
640.0,687.0
667.0,687.0
670.0,687.0
687.0,775.0
688.0,791.0
688.0,887.0
688.0,942.0
2.0,689.0
434.0,689.0
449.0,689.0
457.0,689.0
689.0,841.0
201.0,690.0
680.0,690.0
23.0,691.0
260.0,691.0
691.0,759.0
64.0,692.0
66.0,692.0
172.0,692.0
216.0,692.0
390.0,692.0
692.0,928.0
376.0,693.0
677.0,693.0
693.0,910.0
693.0,959.0
693.0,960.0
126.0,694.0
680.0,694.0
684.0,694.0
694.0,714.0
694.0,717.0
694.0,732.0
694.0,768.0
694.0,952.0
694.0,953.0
694.0,978.0
417.0,695.0
448.0,695.0
679.0,695.0
694.0,695.0
695.0,855.0
253.0,696.0
300.0,696.0
696.0,834.0
696.0,894.0
696.0,935.0
297.0,697.0
462.0,697.0
479.0,697.0
537.0,697.0
697.0,748.0
697.0,784.0
697.0,969.0
114.0,698.0
642.0,698.0
654.0,698.0
698.0,732.0
698.0,889.0
698.0,999.0
72.0,699.0
219.0,699.0
264.0,699.0
699.0,975.0
699.0,995.0
46.0,700.0
83.0,700.0
700.0,908.0
700.0,931.0
595.0,701.0
701.0,852.0
701.0,855.0
701.0,864.0
701.0,893.0
701.0,944.0
702.0,955.0
238.0,703.0
435.0,703.0
703.0,729.0
703.0,748.0
703.0,765.0
703.0,997.0
273.0,704.0
274.0,704.0
445.0,704.0
704.0,737.0
704.0,799.0
704.0,839.0
704.0,866.0
704.0,903.0
704.0,968.0
235.0,705.0
705.0,764.0
12.0,706.0
706.0,747.0
706.0,794.0
706.0,995.0
74.0,707.0
703.0,707.0
707.0,962.0
8.0,708.0
589.0,708.0
668.0,708.0
708.0,745.0
708.0,959.0
24.0,709.0
486.0,709.0
667.0,709.0
709.0,952.0
56.0,710.0
227.0,710.0
386.0,710.0
710.0,960.0
710.0,982.0
57.0,711.0
64.0,711.0
194.0,711.0
604.0,711.0
622.0,711.0
673.0,711.0
356.0,712.0
616.0,712.0
692.0,712.0
712.0,797.0
712.0,900.0
712.0,902.0
713.0,753.0
713.0,794.0
713.0,970.0
13.0,714.0
714.0,722.0
714.0,781.0
714.0,817.0
714.0,847.0
31.0,715.0
350.0,715.0
715.0,925.0
715.0,945.0
715.0,965.0
124.0,716.0
163.0,716.0
481.0,716.0
716.0,726.0
716.0,795.0
716.0,820.0
716.0,851.0
716.0,864.0
716.0,897.0
13.0,717.0
337.0,717.0
343.0,717.0
625.0,717.0
685.0,717.0
717.0,721.0
717.0,832.0
332.0,718.0
460.0,718.0
507.0,718.0
627.0,718.0
718.0,817.0
718.0,831.0
718.0,848.0
718.0,964.0
110.0,719.0
492.0,719.0
670.0,719.0
687.0,719.0
169.0,720.0
216.0,720.0
568.0,720.0
658.0,720.0
720.0,846.0
720.0,957.0
358.0,721.0
407.0,721.0
617.0,721.0
721.0,892.0
721.0,902.0
721.0,924.0
76.0,722.0
281.0,722.0
477.0,722.0
722.0,821.0
722.0,921.0
4.0,723.0
632.0,723.0
723.0,802.0
723.0,884.0
723.0,943.0
723.0,952.0
723.0,995.0
199.0,724.0
202.0,724.0
243.0,724.0
304.0,724.0
462.0,724.0
715.0,724.0
724.0,739.0
724.0,812.0
724.0,866.0
724.0,946.0
724.0,986.0
91.0,725.0
176.0,725.0
251.0,725.0
410.0,725.0
457.0,725.0
570.0,725.0
725.0,850.0
725.0,870.0
725.0,908.0
223.0,726.0
667.0,726.0
726.0,922.0
216.0,727.0
262.0,727.0
384.0,727.0
587.0,727.0
725.0,727.0
727.0,920.0
727.0,999.0
704.0,728.0
728.0,793.0
728.0,803.0
728.0,844.0
728.0,949.0
90.0,729.0
534.0,729.0
624.0,729.0
674.0,729.0
704.0,729.0
729.0,885.0
729.0,907.0
9.0,730.0
256.0,730.0
688.0,730.0
730.0,756.0
730.0,788.0
730.0,876.0
668.0,731.0
731.0,942.0
113.0,732.0
222.0,732.0
468.0,732.0
479.0,732.0
732.0,895.0
733.0,775.0
733.0,881.0
34.0,734.0
102.0,734.0
255.0,734.0
358.0,734.0
390.0,734.0
667.0,734.0
735.0,770.0
735.0,819.0
735.0,927.0
735.0,999.0
436.0,736.0
736.0,959.0
143.0,737.0
204.0,737.0
496.0,737.0
737.0,768.0
334.0,738.0
378.0,738.0
407.0,738.0
684.0,738.0
738.0,795.0
738.0,916.0
738.0,929.0
738.0,945.0
738.0,992.0
42.0,739.0
571.0,739.0
739.0,772.0
739.0,965.0
118.0,740.0
572.0,740.0
740.0,976.0
51.0,741.0
120.0,741.0
676.0,741.0
741.0,824.0
741.0,894.0
741.0,915.0
199.0,742.0
29.0,743.0
219.0,743.0
641.0,743.0
743.0,819.0
743.0,968.0
257.0,744.0
359.0,744.0
458.0,744.0
471.0,744.0
721.0,744.0
744.0,917.0
25.0,745.0
57.0,745.0
472.0,745.0
660.0,745.0
732.0,745.0
745.0,789.0
745.0,998.0
338.0,746.0
421.0,746.0
712.0,746.0
736.0,746.0
746.0,833.0
746.0,915.0
43.0,747.0
60.0,747.0
586.0,747.0
599.0,747.0
712.0,747.0
727.0,747.0
747.0,793.0
747.0,823.0
747.0,948.0
747.0,952.0
38.0,748.0
126.0,748.0
332.0,748.0
545.0,748.0
748.0,892.0
669.0,749.0
677.0,749.0
685.0,749.0
749.0,772.0
749.0,791.0
749.0,822.0
377.0,750.0
480.0,750.0
731.0,750.0
750.0,787.0
750.0,886.0
5.0,751.0
29.0,751.0
369.0,751.0
399.0,751.0
722.0,751.0
751.0,978.0
173.0,752.0
286.0,752.0
377.0,752.0
680.0,752.0
730.0,752.0
752.0,848.0
752.0,874.0
752.0,985.0
312.0,753.0
694.0,753.0
728.0,753.0
7.0,754.0
73.0,754.0
107.0,754.0
175.0,754.0
562.0,754.0
754.0,884.0
754.0,905.0
742.0,755.0
750.0,755.0
755.0,821.0
755.0,832.0
755.0,913.0
350.0,756.0
382.0,756.0
644.0,756.0
756.0,801.0
504.0,757.0
511.0,757.0
757.0,916.0
757.0,993.0
140.0,758.0
272.0,758.0
510.0,758.0
758.0,811.0
758.0,848.0
125.0,759.0
234.0,759.0
245.0,759.0
692.0,759.0
708.0,759.0
759.0,771.0
218.0,760.0
583.0,760.0
760.0,790.0
760.0,824.0
760.0,846.0
760.0,876.0
760.0,892.0
760.0,968.0
289.0,761.0
717.0,761.0
761.0,986.0
16.0,762.0
151.0,762.0
248.0,762.0
449.0,762.0
638.0,762.0
762.0,775.0
762.0,849.0
282.0,763.0
301.0,763.0
364.0,763.0
421.0,763.0
601.0,763.0
763.0,810.0
252.0,764.0
293.0,764.0
621.0,764.0
661.0,764.0
764.0,986.0
157.0,765.0
349.0,765.0
361.0,765.0
427.0,765.0
674.0,765.0
2.0,766.0
26.0,766.0
440.0,766.0
766.0,823.0
766.0,826.0
766.0,990.0
281.0,767.0
584.0,767.0
682.0,767.0
748.0,767.0
767.0,779.0
767.0,941.0
111.0,768.0
370.0,768.0
736.0,768.0
761.0,768.0
768.0,799.0
768.0,963.0
670.0,769.0
769.0,785.0
769.0,931.0
555.0,770.0
770.0,901.0
518.0,771.0
673.0,771.0
771.0,844.0
771.0,873.0
771.0,898.0
426.0,772.0
675.0,772.0
709.0,772.0
716.0,772.0
772.0,820.0
772.0,824.0
772.0,873.0
461.0,773.0
603.0,773.0
773.0,777.0
773.0,856.0
773.0,892.0
773.0,919.0
444.0,774.0
699.0,775.0
737.0,775.0
756.0,775.0
775.0,849.0
133.0,776.0
179.0,776.0
383.0,776.0
561.0,776.0
716.0,776.0
726.0,776.0
776.0,940.0
181.0,777.0
277.0,777.0
431.0,777.0
723.0,777.0
99.0,778.0
226.0,778.0
465.0,779.0
729.0,779.0
750.0,779.0
779.0,910.0
675.0,780.0
698.0,780.0
716.0,780.0
780.0,826.0
780.0,918.0
20.0,781.0
384.0,781.0
781.0,839.0
781.0,926.0
40.0,782.0
258.0,782.0
326.0,782.0
488.0,782.0
715.0,782.0
767.0,782.0
768.0,782.0
782.0,868.0
782.0,901.0
782.0,927.0
782.0,943.0
782.0,969.0
514.0,783.0
713.0,783.0
783.0,940.0
783.0,948.0
783.0,981.0
416.0,784.0
665.0,784.0
701.0,784.0
784.0,972.0
158.0,785.0
557.0,785.0
568.0,785.0
683.0,785.0
785.0,881.0
785.0,927.0
785.0,956.0
786.0,979.0
361.0,787.0
432.0,787.0
532.0,787.0
787.0,814.0
787.0,982.0
173.0,788.0
192.0,788.0
207.0,788.0
332.0,788.0
384.0,788.0
543.0,788.0
740.0,788.0
788.0,919.0
788.0,970.0
788.0,978.0
575.0,789.0
692.0,789.0
699.0,789.0
773.0,789.0
3.0,790.0
175.0,790.0
628.0,790.0
790.0,907.0
61.0,791.0
784.0,791.0
791.0,848.0
791.0,857.0
791.0,867.0
448.0,792.0
579.0,792.0
674.0,792.0
677.0,792.0
792.0,942.0
744.0,793.0
748.0,793.0
793.0,864.0
41.0,794.0
126.0,794.0
580.0,794.0
689.0,794.0
794.0,825.0
794.0,871.0
794.0,880.0
794.0,929.0
794.0,962.0
53.0,795.0
153.0,795.0
184.0,795.0
415.0,795.0
607.0,795.0
740.0,795.0
795.0,818.0
795.0,993.0
4.0,796.0
33.0,796.0
154.0,796.0
226.0,796.0
671.0,796.0
755.0,796.0
796.0,823.0
796.0,941.0
283.0,797.0
531.0,797.0
672.0,797.0
679.0,797.0
745.0,797.0
797.0,872.0
572.0,798.0
728.0,798.0
798.0,806.0
798.0,895.0
106.0,799.0
155.0,799.0
225.0,799.0
337.0,799.0
461.0,799.0
188.0,800.0
352.0,800.0
433.0,800.0
800.0,892.0
719.0,801.0
83.0,802.0
454.0,802.0
709.0,802.0
740.0,802.0
779.0,802.0
802.0,904.0
102.0,803.0
481.0,803.0
803.0,867.0
803.0,878.0
803.0,986.0
160.0,804.0
506.0,804.0
723.0,804.0
757.0,804.0
776.0,804.0
145.0,805.0
220.0,805.0
392.0,805.0
714.0,805.0
776.0,805.0
802.0,805.0
805.0,841.0
161.0,806.0
434.0,806.0
694.0,806.0
723.0,806.0
806.0,963.0
289.0,807.0
733.0,807.0
807.0,905.0
807.0,974.0
19.0,808.0
35.0,808.0
500.0,808.0
726.0,808.0
808.0,884.0
57.0,809.0
332.0,809.0
335.0,809.0
670.0,809.0
809.0,935.0
19.0,810.0
44.0,810.0
549.0,810.0
495.0,811.0
682.0,811.0
794.0,811.0
79.0,812.0
628.0,812.0
111.0,813.0
118.0,813.0
149.0,813.0
184.0,813.0
299.0,813.0
564.0,813.0
631.0,813.0
649.0,814.0
189.0,815.0
505.0,815.0
815.0,858.0
815.0,988.0
9.0,816.0
107.0,816.0
229.0,816.0
474.0,816.0
640.0,816.0
53.0,817.0
801.0,817.0
817.0,875.0
817.0,986.0
82.0,818.0
330.0,818.0
818.0,965.0
174.0,819.0
530.0,819.0
681.0,819.0
783.0,819.0
786.0,819.0
796.0,819.0
819.0,925.0
475.0,820.0
673.0,820.0
820.0,846.0
820.0,892.0
387.0,821.0
479.0,821.0
493.0,821.0
521.0,821.0
555.0,821.0
587.0,821.0
629.0,821.0
821.0,935.0
283.0,822.0
683.0,822.0
822.0,831.0
822.0,859.0
822.0,982.0
81.0,823.0
300.0,823.0
458.0,823.0
719.0,823.0
781.0,823.0
823.0,882.0
823.0,923.0
81.0,824.0
668.0,824.0
725.0,824.0
751.0,824.0
824.0,841.0
824.0,889.0
824.0,907.0
824.0,997.0
824.0,998.0
85.0,825.0
262.0,825.0
312.0,825.0
554.0,825.0
804.0,825.0
825.0,857.0
825.0,905.0
825.0,945.0
825.0,991.0
655.0,826.0
703.0,826.0
763.0,826.0
826.0,919.0
826.0,954.0
389.0,827.0
677.0,827.0
827.0,831.0
827.0,917.0
827.0,999.0
45.0,828.0
148.0,828.0
250.0,828.0
635.0,828.0
134.0,829.0
829.0,839.0
829.0,869.0
829.0,956.0
334.0,830.0
649.0,830.0
812.0,830.0
237.0,831.0
542.0,831.0
668.0,831.0
748.0,831.0
824.0,831.0
427.0,832.0
699.0,832.0
832.0,861.0
832.0,966.0
300.0,833.0
485.0,833.0
833.0,890.0
833.0,912.0
833.0,961.0
833.0,989.0
74.0,834.0
376.0,834.0
824.0,834.0
834.0,921.0
834.0,982.0
263.0,835.0
701.0,835.0
703.0,835.0
835.0,923.0
835.0,940.0
835.0,964.0
219.0,836.0
269.0,836.0
280.0,836.0
405.0,836.0
711.0,836.0
810.0,836.0
836.0,879.0
836.0,933.0
52.0,837.0
126.0,837.0
218.0,837.0
220.0,837.0
357.0,837.0
457.0,837.0
831.0,837.0
837.0,958.0
418.0,838.0
812.0,838.0
153.0,839.0
183.0,839.0
81.0,840.0
428.0,840.0
613.0,840.0
757.0,840.0
840.0,968.0
0.0,841.0
180.0,841.0
841.0,906.0
841.0,978.0
25.0,842.0
362.0,842.0
458.0,842.0
535.0,842.0
763.0,842.0
59.0,843.0
500.0,843.0
827.0,843.0
833.0,843.0
843.0,938.0
317.0,844.0
344.0,844.0
373.0,844.0
436.0,844.0
583.0,844.0
584.0,844.0
655.0,844.0
719.0,844.0
784.0,844.0
810.0,844.0
844.0,868.0
566.0,845.0
783.0,845.0
794.0,845.0
845.0,888.0
112.0,846.0
595.0,846.0
714.0,846.0
841.0,846.0
224.0,847.0
837.0,847.0
847.0,947.0
847.0,994.0
386.0,848.0
550.0,848.0
756.0,848.0
797.0,848.0
806.0,848.0
371.0,849.0
473.0,849.0
693.0,849.0
849.0,856.0
849.0,911.0
849.0,990.0
849.0,993.0
409.0,850.0
721.0,850.0
738.0,850.0
710.0,851.0
736.0,851.0
761.0,851.0
772.0,851.0
96.0,852.0
213.0,852.0
659.0,852.0
795.0,852.0
852.0,933.0
256.0,853.0
354.0,853.0
821.0,853.0
18.0,854.0
683.0,854.0
814.0,854.0
182.0,855.0
786.0,855.0
855.0,944.0
35.0,856.0
196.0,856.0
510.0,856.0
705.0,856.0
752.0,856.0
766.0,856.0
782.0,856.0
481.0,857.0
675.0,857.0
753.0,857.0
857.0,924.0
857.0,963.0
133.0,858.0
168.0,858.0
755.0,858.0
831.0,858.0
858.0,928.0
37.0,859.0
263.0,859.0
53.0,860.0
161.0,860.0
243.0,860.0
407.0,860.0
487.0,860.0
782.0,860.0
784.0,860.0
792.0,860.0
860.0,948.0
402.0,861.0
733.0,861.0
763.0,861.0
507.0,862.0
570.0,862.0
598.0,862.0
681.0,862.0
695.0,862.0
720.0,862.0
747.0,862.0
840.0,862.0
47.0,863.0
127.0,863.0
425.0,863.0
430.0,863.0
687.0,863.0
775.0,863.0
863.0,978.0
260.0,864.0
566.0,864.0
738.0,864.0
765.0,864.0
864.0,883.0
864.0,903.0
731.0,865.0
843.0,865.0
856.0,865.0
865.0,949.0
865.0,964.0
75.0,866.0
126.0,866.0
418.0,866.0
740.0,866.0
820.0,866.0
177.0,867.0
233.0,867.0
331.0,867.0
628.0,867.0
711.0,867.0
751.0,867.0
813.0,867.0
857.0,867.0
867.0,967.0
112.0,868.0
211.0,868.0
410.0,868.0
710.0,868.0
737.0,868.0
782.0,868.0
91.0,869.0
331.0,869.0
497.0,869.0
517.0,869.0
771.0,869.0
39.0,870.0
121.0,870.0
340.0,870.0
765.0,870.0
870.0,929.0
229.0,871.0
464.0,871.0
871.0,945.0
76.0,872.0
188.0,872.0
345.0,872.0
872.0,931.0
872.0,934.0
872.0,946.0
29.0,873.0
416.0,873.0
450.0,873.0
452.0,873.0
739.0,873.0
873.0,961.0
873.0,965.0
873.0,971.0
34.0,874.0
115.0,874.0
190.0,874.0
381.0,874.0
595.0,874.0
760.0,874.0
868.0,874.0
874.0,880.0
874.0,920.0
15.0,875.0
48.0,875.0
724.0,875.0
802.0,875.0
16.0,876.0
283.0,876.0
293.0,876.0
375.0,876.0
494.0,876.0
762.0,876.0
236.0,877.0
679.0,877.0
877.0,975.0
720.0,878.0
878.0,955.0
107.0,879.0
514.0,879.0
679.0,879.0
690.0,879.0
850.0,879.0
721.0,880.0
747.0,880.0
880.0,907.0
880.0,933.0
880.0,970.0
52.0,881.0
705.0,881.0
793.0,881.0
177.0,882.0
424.0,882.0
586.0,882.0
843.0,882.0
20.0,883.0
92.0,883.0
129.0,883.0
260.0,883.0
558.0,883.0
883.0,984.0
637.0,884.0
663.0,884.0
804.0,884.0
869.0,884.0
884.0,938.0
313.0,885.0
317.0,885.0
319.0,885.0
514.0,885.0
586.0,885.0
683.0,885.0
751.0,885.0
773.0,885.0
885.0,972.0
885.0,994.0
101.0,886.0
879.0,886.0
886.0,947.0
886.0,989.0
756.0,887.0
821.0,887.0
857.0,887.0
887.0,900.0
221.0,888.0
223.0,888.0
280.0,888.0
846.0,888.0
888.0,904.0
888.0,907.0
888.0,917.0
888.0,981.0
314.0,889.0
686.0,889.0
704.0,889.0
851.0,889.0
182.0,890.0
215.0,890.0
201.0,891.0
215.0,891.0
891.0,917.0
78.0,892.0
170.0,892.0
892.0,921.0
892.0,970.0
372.0,893.0
689.0,893.0
831.0,893.0
833.0,893.0
883.0,893.0
893.0,894.0
146.0,894.0
180.0,894.0
671.0,894.0
730.0,894.0
799.0,894.0
866.0,894.0
161.0,895.0
336.0,895.0
842.0,895.0
895.0,904.0
895.0,972.0
44.0,896.0
444.0,896.0
724.0,896.0
796.0,896.0
831.0,896.0
896.0,940.0
19.0,897.0
243.0,897.0
893.0,897.0
212.0,898.0
504.0,898.0
861.0,898.0
464.0,899.0
725.0,899.0
857.0,899.0
878.0,899.0
899.0,900.0
899.0,935.0
899.0,961.0
432.0,900.0
704.0,900.0
858.0,900.0
900.0,907.0
421.0,901.0
635.0,901.0
775.0,901.0
901.0,975.0
68.0,902.0
286.0,902.0
500.0,902.0
869.0,902.0
876.0,902.0
390.0,903.0
734.0,903.0
851.0,903.0
872.0,903.0
903.0,953.0
107.0,904.0
225.0,904.0
393.0,904.0
449.0,904.0
693.0,904.0
734.0,904.0
903.0,904.0
531.0,905.0
646.0,905.0
31.0,906.0
406.0,906.0
526.0,906.0
573.0,906.0
740.0,906.0
57.0,907.0
114.0,907.0
119.0,907.0
282.0,907.0
726.0,907.0
190.0,908.0
337.0,908.0
479.0,908.0
494.0,908.0
811.0,908.0
828.0,908.0
903.0,908.0
908.0,945.0
141.0,909.0
252.0,909.0
314.0,909.0
640.0,909.0
30.0,910.0
387.0,910.0
653.0,910.0
737.0,910.0
857.0,910.0
862.0,910.0
910.0,939.0
200.0,911.0
749.0,911.0
757.0,911.0
25.0,912.0
202.0,912.0
722.0,912.0
912.0,962.0
465.0,913.0
484.0,913.0
511.0,913.0
551.0,913.0
618.0,913.0
884.0,913.0
913.0,922.0
913.0,979.0
811.0,914.0
914.0,947.0
176.0,915.0
328.0,915.0
795.0,915.0
51.0,916.0
164.0,916.0
248.0,916.0
361.0,916.0
689.0,916.0
735.0,916.0
773.0,916.0
288.0,917.0
750.0,917.0
917.0,989.0
917.0,995.0
301.0,918.0
324.0,918.0
468.0,918.0
582.0,918.0
777.0,918.0
248.0,919.0
919.0,935.0
779.0,920.0
920.0,950.0
920.0,985.0
89.0,921.0
209.0,921.0
236.0,921.0
586.0,921.0
744.0,921.0
921.0,986.0
122.0,922.0
206.0,922.0
342.0,922.0
543.0,922.0
609.0,922.0
442.0,923.0
606.0,923.0
609.0,923.0
689.0,923.0
700.0,923.0
791.0,923.0
923.0,993.0
455.0,924.0
512.0,924.0
661.0,924.0
756.0,924.0
181.0,925.0
719.0,925.0
883.0,925.0
1.0,926.0
872.0,926.0
915.0,926.0
319.0,927.0
400.0,927.0
700.0,927.0
801.0,927.0
903.0,927.0
285.0,928.0
498.0,928.0
782.0,928.0
928.0,954.0
4.0,929.0
190.0,929.0
347.0,929.0
453.0,929.0
632.0,929.0
655.0,929.0
821.0,929.0
834.0,929.0
846.0,929.0
914.0,929.0
42.0,930.0
448.0,930.0
572.0,930.0
746.0,930.0
930.0,939.0
291.0,931.0
766.0,931.0
834.0,931.0
931.0,995.0
697.0,932.0
869.0,932.0
932.0,945.0
932.0,966.0
264.0,933.0
317.0,933.0
590.0,933.0
827.0,933.0
828.0,933.0
873.0,933.0
228.0,934.0
283.0,934.0
683.0,934.0
688.0,934.0
703.0,934.0
717.0,934.0
774.0,934.0
134.0,935.0
442.0,935.0
697.0,935.0
387.0,936.0
568.0,936.0
687.0,936.0
778.0,936.0
5.0,937.0
872.0,937.0
60.0,938.0
426.0,938.0
427.0,938.0
706.0,938.0
899.0,938.0
491.0,939.0
519.0,939.0
648.0,939.0
506.0,940.0
755.0,940.0
322.0,941.0
656.0,941.0
756.0,941.0
866.0,941.0
530.0,942.0
840.0,942.0
856.0,942.0
117.0,943.0
118.0,943.0
131.0,943.0
151.0,943.0
167.0,943.0
459.0,943.0
497.0,943.0
502.0,943.0
690.0,943.0
707.0,944.0
723.0,944.0
750.0,944.0
148.0,945.0
650.0,945.0
675.0,945.0
694.0,945.0
707.0,945.0
126.0,946.0
908.0,946.0
227.0,947.0
282.0,947.0
336.0,947.0
568.0,947.0
898.0,947.0
947.0,964.0
947.0,977.0
865.0,948.0
353.0,949.0
768.0,949.0
949.0,963.0
389.0,950.0
770.0,950.0
781.0,950.0
847.0,950.0
891.0,950.0
950.0,965.0
266.0,951.0
348.0,951.0
436.0,951.0
514.0,951.0
661.0,951.0
951.0,953.0
284.0,952.0
307.0,952.0
607.0,952.0
902.0,952.0
918.0,952.0
22.0,953.0
24.0,953.0
123.0,953.0
270.0,953.0
598.0,953.0
145.0,954.0
654.0,954.0
680.0,954.0
706.0,954.0
720.0,954.0
766.0,954.0
783.0,954.0
928.0,954.0
954.0,960.0
272.0,955.0
638.0,955.0
39.0,956.0
240.0,956.0
272.0,956.0
286.0,956.0
803.0,956.0
333.0,957.0
366.0,957.0
568.0,957.0
687.0,957.0
710.0,957.0
953.0,957.0
956.0,957.0
498.0,958.0
666.0,958.0
898.0,958.0
915.0,958.0
23.0,959.0
593.0,959.0
706.0,959.0
955.0,959.0
18.0,960.0
251.0,960.0
580.0,960.0
751.0,960.0
939.0,960.0
123.0,961.0
158.0,961.0
173.0,961.0
196.0,961.0
254.0,961.0
297.0,961.0
672.0,961.0
856.0,961.0
873.0,961.0
41.0,962.0
738.0,962.0
218.0,963.0
681.0,963.0
795.0,963.0
818.0,963.0
281.0,964.0
404.0,964.0
700.0,964.0
747.0,964.0
798.0,964.0
857.0,964.0
924.0,964.0
964.0,994.0
97.0,965.0
504.0,965.0
552.0,965.0
750.0,965.0
760.0,965.0
922.0,965.0
965.0,975.0
690.0,966.0
758.0,966.0
338.0,967.0
448.0,967.0
686.0,967.0
739.0,967.0
868.0,967.0
881.0,967.0
954.0,967.0
212.0,968.0
379.0,968.0
698.0,968.0
761.0,968.0
868.0,968.0
881.0,968.0
322.0,969.0
889.0,969.0
900.0,969.0
171.0,970.0
773.0,970.0
954.0,970.0
5.0,971.0
42.0,971.0
687.0,971.0
646.0,972.0
696.0,972.0
720.0,972.0
764.0,972.0
777.0,972.0
831.0,972.0
834.0,972.0
958.0,972.0
972.0,975.0
407.0,973.0
578.0,973.0
683.0,973.0
828.0,973.0
835.0,973.0
923.0,973.0
216.0,974.0
503.0,974.0
705.0,974.0
710.0,974.0
824.0,974.0
858.0,974.0
968.0,974.0
179.0,975.0
305.0,975.0
385.0,975.0
791.0,975.0
809.0,975.0
863.0,975.0
874.0,975.0
222.0,976.0
396.0,976.0
640.0,976.0
712.0,976.0
744.0,976.0
786.0,976.0
127.0,977.0
366.0,977.0
571.0,977.0
767.0,977.0
781.0,977.0
1.0,978.0
792.0,978.0
928.0,978.0
90.0,979.0
180.0,979.0
960.0,979.0
222.0,980.0
655.0,980.0
734.0,980.0
786.0,980.0
805.0,980.0
864.0,980.0
5.0,981.0
89.0,981.0
99.0,981.0
564.0,981.0
623.0,981.0
739.0,981.0
905.0,981.0
74.0,982.0
587.0,982.0
684.0,982.0
857.0,982.0
982.0,993.0
33.0,983.0
87.0,983.0
236.0,983.0
809.0,983.0
820.0,983.0
393.0,984.0
660.0,984.0
739.0,984.0
844.0,984.0
90.0,985.0
100.0,985.0
149.0,985.0
156.0,985.0
533.0,985.0
717.0,985.0
739.0,985.0
204.0,986.0
414.0,986.0
580.0,986.0
670.0,986.0
679.0,986.0
725.0,986.0
780.0,986.0
806.0,986.0
23.0,987.0
74.0,987.0
125.0,987.0
628.0,987.0
795.0,987.0
843.0,987.0
52.0,988.0
76.0,988.0
364.0,988.0
415.0,988.0
739.0,988.0
981.0,988.0
350.0,989.0
514.0,989.0
891.0,989.0
50.0,990.0
449.0,990.0
453.0,990.0
602.0,990.0
697.0,990.0
974.0,990.0
10.0,991.0
79.0,991.0
194.0,991.0
689.0,991.0
869.0,991.0
980.0,991.0
316.0,992.0
517.0,992.0
561.0,992.0
765.0,992.0
923.0,992.0
329.0,993.0
720.0,993.0
741.0,993.0
754.0,993.0
267.0,994.0
623.0,994.0
718.0,994.0
777.0,994.0
858.0,994.0
964.0,994.0
474.0,995.0
636.0,995.0
647.0,995.0
768.0,995.0
826.0,995.0
28.0,996.0
962.0,996.0
34.0,997.0
121.0,997.0
678.0,997.0
746.0,997.0
811.0,997.0
813.0,997.0
867.0,997.0
54.0,998.0
382.0,998.0
858.0,998.0
875.0,998.0
282.0,999.0
510.0,999.0
835.0,999.0
884.0,999.0
