i,j
289.0,0.0
105.0,1.0
204.0,1.0
259.0,1.0
150.0,2.0
267.0,2.0
46.0,3.0
202.0,3.0
964.0,3.0
188.0,4.0
279.0,4.0
295.0,4.0
306.0,4.0
775.0,4.0
37.0,5.0
251.0,5.0
103.0,6.0
259.0,6.0
268.0,6.0
337.0,6.0
810.0,6.0
157.0,7.0
237.0,7.0
732.0,7.0
767.0,7.0
956.0,7.0
999.0,7.0
51.0,8.0
162.0,8.0
247.0,8.0
414.0,8.0
906.0,8.0
71.0,9.0
172.0,9.0
312.0,9.0
389.0,9.0
776.0,9.0
82.0,10.0
589.0,10.0
663.0,10.0
743.0,10.0
797.0,10.0
960.0,10.0
45.0,11.0
84.0,11.0
110.0,11.0
127.0,11.0
140.0,11.0
196.0,11.0
359.0,11.0
76.0,12.0
160.0,12.0
339.0,12.0
353.0,12.0
871.0,12.0
37.0,13.0
38.0,13.0
160.0,13.0
203.0,13.0
253.0,13.0
383.0,13.0
896.0,13.0
14.0,10.0
35.0,14.0
54.0,14.0
207.0,14.0
243.0,14.0
255.0,14.0
291.0,14.0
297.0,14.0
483.0,14.0
19.0,15.0
210.0,15.0
55.0,16.0
99.0,16.0
119.0,16.0
170.0,16.0
993.0,16.0
17.0,4.0
50.0,17.0
66.0,17.0
155.0,17.0
175.0,17.0
310.0,17.0
959.0,17.0
18.0,14.0
41.0,18.0
602.0,18.0
660.0,18.0
828.0,18.0
129.0,19.0
199.0,19.0
309.0,19.0
321.0,19.0
744.0,19.0
33.0,20.0
35.0,20.0
173.0,20.0
206.0,20.0
223.0,20.0
250.0,20.0
301.0,20.0
744.0,20.0
880.0,20.0
21.0,17.0
43.0,21.0
187.0,21.0
22.0,17.0
55.0,22.0
287.0,22.0
405.0,22.0
598.0,22.0
23.0,17.0
302.0,23.0
937.0,23.0
125.0,24.0
150.0,24.0
183.0,24.0
205.0,24.0
218.0,24.0
284.0,24.0
25.0,10.0
31.0,25.0
208.0,25.0
222.0,25.0
245.0,25.0
278.0,25.0
77.0,26.0
123.0,26.0
208.0,26.0
318.0,26.0
534.0,26.0
820.0,26.0
37.0,27.0
138.0,27.0
141.0,27.0
235.0,27.0
300.0,27.0
507.0,27.0
710.0,27.0
983.0,27.0
30.0,28.0
143.0,28.0
170.0,29.0
328.0,29.0
542.0,29.0
30.0,13.0
318.0,30.0
860.0,30.0
31.0,29.0
125.0,31.0
127.0,31.0
128.0,31.0
164.0,31.0
197.0,31.0
250.0,31.0
280.0,31.0
797.0,31.0
861.0,31.0
292.0,32.0
372.0,32.0
42.0,33.0
136.0,33.0
157.0,33.0
473.0,33.0
39.0,34.0
109.0,34.0
296.0,34.0
746.0,34.0
47.0,35.0
97.0,35.0
107.0,35.0
207.0,35.0
272.0,35.0
307.0,35.0
312.0,35.0
564.0,35.0
757.0,35.0
876.0,35.0
967.0,35.0
977.0,35.0
104.0,36.0
116.0,36.0
651.0,36.0
128.0,37.0
260.0,37.0
292.0,37.0
651.0,37.0
782.0,37.0
56.0,38.0
309.0,38.0
102.0,39.0
177.0,39.0
259.0,39.0
294.0,39.0
336.0,39.0
201.0,40.0
691.0,40.0
855.0,40.0
41.0,35.0
150.0,41.0
243.0,41.0
305.0,41.0
840.0,41.0
129.0,42.0
167.0,42.0
228.0,42.0
241.0,42.0
399.0,42.0
726.0,42.0
43.0,20.0
156.0,43.0
225.0,43.0
561.0,43.0
59.0,44.0
271.0,45.0
285.0,45.0
845.0,45.0
944.0,45.0
46.0,36.0
671.0,46.0
72.0,47.0
77.0,47.0
92.0,47.0
266.0,47.0
837.0,47.0
929.0,47.0
48.0,7.0
278.0,48.0
522.0,48.0
130.0,49.0
230.0,49.0
303.0,49.0
547.0,49.0
788.0,49.0
978.0,49.0
50.0,0.0
87.0,51.0
591.0,51.0
678.0,51.0
944.0,51.0
997.0,51.0
264.0,52.0
584.0,52.0
597.0,52.0
901.0,52.0
53.0,14.0
53.0,21.0
300.0,53.0
329.0,53.0
999.0,53.0
59.0,54.0
267.0,54.0
424.0,54.0
88.0,55.0
114.0,55.0
165.0,55.0
178.0,55.0
296.0,55.0
327.0,55.0
56.0,42.0
77.0,56.0
57.0,32.0
57.0,37.0
159.0,57.0
214.0,57.0
301.0,57.0
697.0,57.0
58.0,33.0
63.0,58.0
135.0,58.0
160.0,58.0
343.0,58.0
426.0,58.0
508.0,58.0
655.0,58.0
766.0,58.0
835.0,58.0
63.0,59.0
302.0,59.0
60.0,48.0
143.0,60.0
495.0,60.0
821.0,60.0
61.0,1.0
61.0,27.0
70.0,61.0
87.0,61.0
188.0,61.0
265.0,61.0
244.0,62.0
833.0,62.0
63.0,24.0
211.0,63.0
281.0,63.0
64.0,25.0
253.0,64.0
322.0,64.0
810.0,64.0
955.0,64.0
136.0,65.0
220.0,65.0
294.0,65.0
151.0,66.0
156.0,66.0
547.0,66.0
67.0,38.0
67.0,53.0
67.0,57.0
87.0,67.0
850.0,67.0
68.0,6.0
161.0,68.0
212.0,68.0
939.0,68.0
154.0,69.0
194.0,69.0
235.0,69.0
302.0,69.0
312.0,69.0
347.0,69.0
464.0,69.0
630.0,69.0
843.0,69.0
70.0,32.0
80.0,70.0
92.0,70.0
192.0,70.0
213.0,70.0
71.0,5.0
141.0,71.0
326.0,71.0
344.0,71.0
568.0,71.0
72.0,20.0
72.0,49.0
91.0,72.0
119.0,72.0
173.0,72.0
668.0,72.0
73.0,29.0
85.0,73.0
135.0,73.0
284.0,73.0
384.0,73.0
300.0,74.0
305.0,74.0
326.0,74.0
327.0,74.0
983.0,74.0
987.0,74.0
304.0,75.0
839.0,75.0
200.0,76.0
207.0,76.0
285.0,76.0
121.0,77.0
289.0,77.0
157.0,78.0
801.0,78.0
79.0,7.0
79.0,21.0
87.0,79.0
113.0,79.0
381.0,79.0
610.0,79.0
870.0,79.0
80.0,43.0
80.0,66.0
150.0,80.0
264.0,80.0
300.0,80.0
886.0,80.0
100.0,81.0
158.0,81.0
233.0,81.0
724.0,81.0
82.0,60.0
195.0,82.0
286.0,82.0
334.0,82.0
389.0,82.0
475.0,82.0
502.0,82.0
557.0,82.0
670.0,82.0
83.0,1.0
83.0,39.0
119.0,83.0
143.0,83.0
180.0,83.0
234.0,83.0
244.0,83.0
870.0,83.0
84.0,58.0
305.0,84.0
452.0,84.0
85.0,33.0
85.0,34.0
85.0,82.0
155.0,85.0
468.0,85.0
546.0,85.0
86.0,6.0
152.0,86.0
177.0,86.0
218.0,86.0
396.0,86.0
679.0,86.0
93.0,87.0
106.0,87.0
121.0,87.0
260.0,87.0
938.0,87.0
88.0,67.0
103.0,88.0
164.0,88.0
301.0,88.0
89.0,9.0
91.0,89.0
188.0,89.0
261.0,89.0
356.0,90.0
421.0,90.0
468.0,90.0
592.0,90.0
91.0,13.0
155.0,91.0
286.0,91.0
293.0,91.0
769.0,91.0
999.0,91.0
109.0,92.0
236.0,92.0
297.0,92.0
418.0,92.0
879.0,92.0
968.0,92.0
93.0,7.0
94.0,93.0
118.0,93.0
239.0,93.0
313.0,93.0
94.0,74.0
94.0,75.0
352.0,94.0
775.0,94.0
95.0,8.0
95.0,54.0
95.0,77.0
95.0,88.0
287.0,95.0
465.0,95.0
631.0,95.0
759.0,95.0
854.0,95.0
206.0,96.0
434.0,96.0
556.0,96.0
963.0,96.0
97.0,0.0
97.0,52.0
215.0,97.0
246.0,97.0
272.0,97.0
912.0,97.0
311.0,98.0
871.0,98.0
999.0,98.0
122.0,99.0
194.0,99.0
241.0,99.0
886.0,99.0
912.0,99.0
100.0,93.0
287.0,100.0
458.0,100.0
194.0,101.0
295.0,101.0
406.0,101.0
450.0,101.0
796.0,101.0
102.0,33.0
173.0,102.0
213.0,102.0
257.0,102.0
743.0,102.0
103.0,34.0
146.0,103.0
273.0,103.0
617.0,103.0
104.0,50.0
375.0,104.0
439.0,104.0
613.0,104.0
647.0,104.0
105.0,30.0
105.0,39.0
105.0,88.0
105.0,90.0
160.0,105.0
199.0,105.0
586.0,105.0
106.0,101.0
168.0,106.0
204.0,106.0
415.0,106.0
818.0,106.0
107.0,49.0
255.0,107.0
265.0,107.0
460.0,107.0
108.0,97.0
108.0,105.0
119.0,108.0
354.0,108.0
587.0,108.0
999.0,108.0
109.0,50.0
109.0,81.0
118.0,109.0
127.0,109.0
306.0,109.0
110.0,99.0
176.0,110.0
244.0,110.0
303.0,110.0
315.0,110.0
610.0,110.0
983.0,110.0
985.0,110.0
997.0,110.0
111.0,7.0
168.0,111.0
171.0,111.0
238.0,111.0
790.0,111.0
112.0,28.0
230.0,112.0
335.0,112.0
489.0,112.0
621.0,112.0
113.0,38.0
555.0,113.0
129.0,114.0
204.0,114.0
249.0,114.0
367.0,114.0
801.0,114.0
931.0,114.0
115.0,24.0
115.0,91.0
115.0,94.0
194.0,115.0
220.0,115.0
226.0,115.0
278.0,115.0
521.0,115.0
792.0,115.0
955.0,115.0
981.0,115.0
116.0,0.0
271.0,117.0
806.0,117.0
939.0,117.0
191.0,118.0
228.0,118.0
273.0,118.0
143.0,119.0
252.0,119.0
296.0,119.0
379.0,119.0
485.0,119.0
751.0,119.0
351.0,120.0
834.0,120.0
121.0,99.0
129.0,121.0
163.0,121.0
311.0,121.0
906.0,121.0
122.0,55.0
122.0,85.0
122.0,116.0
131.0,122.0
280.0,122.0
288.0,122.0
309.0,122.0
745.0,122.0
808.0,122.0
123.0,53.0
147.0,123.0
124.0,83.0
189.0,124.0
304.0,124.0
394.0,124.0
699.0,124.0
791.0,124.0
936.0,124.0
125.0,81.0
178.0,125.0
193.0,125.0
200.0,125.0
918.0,125.0
212.0,126.0
231.0,126.0
332.0,126.0
477.0,126.0
127.0,120.0
191.0,127.0
228.0,127.0
902.0,127.0
934.0,127.0
128.0,25.0
128.0,52.0
128.0,58.0
177.0,128.0
270.0,128.0
487.0,128.0
595.0,128.0
296.0,129.0
305.0,129.0
306.0,129.0
342.0,129.0
420.0,129.0
791.0,129.0
130.0,54.0
130.0,112.0
139.0,130.0
247.0,130.0
131.0,66.0
131.0,72.0
254.0,131.0
433.0,131.0
688.0,131.0
132.0,38.0
132.0,65.0
132.0,88.0
133.0,132.0
163.0,132.0
233.0,132.0
291.0,132.0
673.0,132.0
133.0,26.0
133.0,104.0
292.0,133.0
298.0,133.0
134.0,12.0
134.0,60.0
134.0,75.0
134.0,98.0
134.0,117.0
134.0,125.0
197.0,134.0
303.0,134.0
431.0,134.0
565.0,134.0
965.0,134.0
135.0,22.0
135.0,24.0
135.0,73.0
965.0,135.0
136.0,133.0
231.0,136.0
270.0,136.0
137.0,76.0
137.0,105.0
137.0,133.0
141.0,137.0
280.0,137.0
322.0,137.0
360.0,137.0
188.0,138.0
534.0,138.0
762.0,138.0
148.0,139.0
189.0,139.0
676.0,139.0
140.0,55.0
140.0,57.0
140.0,73.0
140.0,85.0
141.0,140.0
645.0,140.0
141.0,10.0
141.0,63.0
141.0,67.0
143.0,141.0
150.0,141.0
184.0,141.0
248.0,141.0
612.0,141.0
805.0,141.0
856.0,141.0
153.0,142.0
290.0,142.0
313.0,142.0
319.0,142.0
959.0,142.0
143.0,39.0
143.0,58.0
402.0,143.0
539.0,143.0
144.0,22.0
144.0,133.0
223.0,144.0
267.0,144.0
160.0,145.0
240.0,145.0
682.0,145.0
781.0,145.0
146.0,7.0
168.0,146.0
207.0,146.0
225.0,146.0
232.0,146.0
186.0,147.0
338.0,147.0
526.0,147.0
148.0,61.0
513.0,148.0
650.0,148.0
874.0,148.0
149.0,125.0
212.0,149.0
324.0,149.0
363.0,149.0
401.0,149.0
439.0,149.0
150.0,34.0
150.0,55.0
150.0,82.0
150.0,124.0
419.0,150.0
488.0,150.0
630.0,150.0
709.0,150.0
955.0,150.0
151.0,18.0
151.0,65.0
522.0,151.0
555.0,151.0
152.0,18.0
152.0,19.0
152.0,30.0
152.0,85.0
152.0,126.0
258.0,152.0
292.0,152.0
352.0,152.0
357.0,152.0
730.0,152.0
961.0,152.0
153.0,41.0
153.0,109.0
206.0,153.0
353.0,153.0
766.0,153.0
154.0,148.0
169.0,154.0
194.0,154.0
208.0,154.0
256.0,154.0
279.0,154.0
297.0,154.0
562.0,154.0
781.0,154.0
155.0,47.0
155.0,88.0
156.0,155.0
167.0,155.0
257.0,155.0
268.0,155.0
320.0,155.0
641.0,155.0
667.0,155.0
684.0,155.0
288.0,156.0
468.0,156.0
973.0,156.0
157.0,0.0
157.0,61.0
231.0,157.0
247.0,157.0
299.0,157.0
417.0,157.0
681.0,157.0
203.0,158.0
299.0,158.0
300.0,158.0
491.0,158.0
189.0,159.0
432.0,159.0
539.0,159.0
800.0,159.0
192.0,160.0
213.0,160.0
350.0,160.0
161.0,10.0
161.0,16.0
161.0,145.0
237.0,161.0
287.0,161.0
319.0,161.0
622.0,161.0
908.0,161.0
162.0,62.0
162.0,141.0
230.0,162.0
255.0,162.0
303.0,162.0
416.0,162.0
163.0,74.0
271.0,163.0
225.0,164.0
326.0,164.0
642.0,164.0
938.0,164.0
165.0,49.0
165.0,105.0
248.0,165.0
297.0,165.0
433.0,165.0
500.0,165.0
723.0,165.0
787.0,165.0
166.0,8.0
166.0,56.0
166.0,136.0
166.0,155.0
268.0,166.0
642.0,166.0
720.0,166.0
167.0,19.0
167.0,71.0
258.0,167.0
292.0,167.0
313.0,167.0
338.0,167.0
460.0,167.0
717.0,167.0
757.0,167.0
882.0,167.0
168.0,116.0
307.0,168.0
329.0,168.0
532.0,168.0
861.0,168.0
169.0,28.0
169.0,87.0
241.0,169.0
616.0,169.0
474.0,170.0
598.0,170.0
643.0,170.0
843.0,170.0
919.0,170.0
171.0,136.0
189.0,171.0
234.0,171.0
241.0,171.0
820.0,171.0
914.0,171.0
172.0,100.0
232.0,172.0
364.0,172.0
492.0,172.0
591.0,172.0
704.0,172.0
706.0,172.0
765.0,172.0
173.0,77.0
262.0,173.0
823.0,173.0
904.0,173.0
955.0,173.0
174.0,172.0
174.0,173.0
253.0,174.0
350.0,174.0
419.0,174.0
435.0,174.0
818.0,174.0
857.0,174.0
441.0,175.0
465.0,175.0
176.0,134.0
176.0,169.0
195.0,176.0
817.0,176.0
903.0,176.0
177.0,35.0
177.0,123.0
177.0,175.0
185.0,177.0
368.0,177.0
582.0,177.0
737.0,177.0
765.0,177.0
901.0,177.0
916.0,177.0
178.0,68.0
188.0,178.0
330.0,178.0
860.0,178.0
179.0,35.0
194.0,179.0
233.0,179.0
295.0,179.0
204.0,180.0
250.0,180.0
438.0,180.0
493.0,180.0
496.0,180.0
181.0,25.0
181.0,88.0
181.0,124.0
181.0,125.0
253.0,181.0
182.0,21.0
464.0,182.0
551.0,182.0
873.0,182.0
183.0,89.0
183.0,101.0
183.0,131.0
183.0,171.0
216.0,183.0
315.0,183.0
332.0,183.0
530.0,183.0
184.0,59.0
316.0,184.0
185.0,5.0
185.0,55.0
185.0,63.0
185.0,141.0
553.0,185.0
186.0,79.0
186.0,163.0
411.0,186.0
594.0,186.0
742.0,186.0
187.0,32.0
187.0,99.0
187.0,154.0
235.0,187.0
304.0,187.0
188.0,27.0
188.0,73.0
188.0,109.0
188.0,125.0
764.0,188.0
189.0,120.0
189.0,130.0
189.0,176.0
261.0,189.0
273.0,189.0
448.0,189.0
510.0,189.0
862.0,189.0
190.0,45.0
190.0,173.0
329.0,190.0
789.0,190.0
852.0,190.0
191.0,60.0
539.0,191.0
959.0,191.0
192.0,45.0
192.0,86.0
192.0,93.0
229.0,192.0
738.0,192.0
193.0,31.0
262.0,193.0
298.0,193.0
322.0,193.0
785.0,193.0
789.0,193.0
980.0,193.0
194.0,29.0
194.0,171.0
402.0,194.0
583.0,194.0
195.0,141.0
302.0,195.0
909.0,195.0
240.0,196.0
245.0,196.0
255.0,196.0
378.0,196.0
990.0,196.0
197.0,42.0
551.0,197.0
600.0,197.0
198.0,196.0
363.0,198.0
199.0,162.0
413.0,199.0
673.0,199.0
200.0,79.0
200.0,90.0
200.0,150.0
247.0,200.0
766.0,200.0
201.0,34.0
201.0,96.0
201.0,99.0
268.0,201.0
311.0,201.0
314.0,201.0
794.0,201.0
202.0,3.0
202.0,185.0
318.0,202.0
323.0,202.0
534.0,202.0
980.0,202.0
203.0,199.0
217.0,203.0
318.0,203.0
320.0,203.0
611.0,203.0
204.0,134.0
303.0,204.0
682.0,204.0
205.0,36.0
205.0,68.0
419.0,205.0
913.0,205.0
922.0,205.0
206.0,19.0
206.0,105.0
206.0,200.0
233.0,206.0
254.0,206.0
916.0,206.0
207.0,17.0
231.0,207.0
240.0,207.0
297.0,207.0
213.0,208.0
257.0,208.0
336.0,208.0
342.0,208.0
517.0,208.0
211.0,209.0
779.0,209.0
210.0,189.0
263.0,210.0
269.0,210.0
211.0,147.0
924.0,211.0
212.0,27.0
212.0,108.0
244.0,212.0
687.0,212.0
760.0,212.0
955.0,212.0
213.0,74.0
213.0,154.0
333.0,213.0
214.0,21.0
214.0,40.0
214.0,57.0
302.0,214.0
215.0,37.0
463.0,215.0
614.0,215.0
618.0,215.0
216.0,39.0
216.0,64.0
216.0,77.0
216.0,172.0
216.0,205.0
328.0,216.0
387.0,216.0
873.0,216.0
246.0,217.0
318.0,217.0
218.0,7.0
218.0,181.0
219.0,10.0
219.0,35.0
219.0,88.0
219.0,170.0
219.0,185.0
219.0,199.0
485.0,219.0
746.0,219.0
799.0,219.0
220.0,178.0
224.0,220.0
221.0,84.0
221.0,165.0
221.0,207.0
294.0,221.0
430.0,221.0
731.0,221.0
786.0,221.0
222.0,157.0
222.0,179.0
302.0,222.0
694.0,222.0
820.0,222.0
223.0,133.0
224.0,198.0
224.0,210.0
534.0,224.0
912.0,224.0
225.0,87.0
553.0,225.0
226.0,40.0
226.0,58.0
226.0,67.0
226.0,108.0
226.0,161.0
226.0,205.0
484.0,226.0
680.0,226.0
774.0,226.0
935.0,226.0
227.0,55.0
227.0,119.0
227.0,123.0
227.0,151.0
227.0,163.0
384.0,227.0
545.0,227.0
926.0,227.0
244.0,228.0
896.0,228.0
229.0,53.0
229.0,138.0
229.0,159.0
229.0,223.0
230.0,213.0
602.0,230.0
856.0,230.0
231.0,7.0
231.0,22.0
231.0,127.0
607.0,231.0
777.0,231.0
985.0,231.0
232.0,11.0
232.0,136.0
232.0,139.0
245.0,232.0
268.0,232.0
233.0,34.0
233.0,140.0
233.0,222.0
270.0,233.0
457.0,233.0
461.0,233.0
593.0,233.0
991.0,233.0
234.0,111.0
234.0,130.0
856.0,234.0
235.0,182.0
358.0,235.0
375.0,235.0
424.0,235.0
580.0,235.0
654.0,235.0
236.0,128.0
236.0,151.0
236.0,158.0
277.0,236.0
434.0,236.0
734.0,236.0
846.0,236.0
237.0,175.0
237.0,184.0
293.0,237.0
238.0,71.0
238.0,81.0
238.0,100.0
238.0,149.0
261.0,238.0
281.0,238.0
239.0,238.0
252.0,239.0
324.0,240.0
544.0,240.0
241.0,0.0
241.0,20.0
241.0,51.0
241.0,84.0
241.0,100.0
241.0,212.0
374.0,241.0
372.0,242.0
581.0,242.0
933.0,242.0
243.0,173.0
243.0,223.0
243.0,229.0
269.0,243.0
614.0,243.0
856.0,243.0
244.0,155.0
258.0,244.0
314.0,244.0
530.0,244.0
984.0,244.0
245.0,154.0
256.0,245.0
510.0,245.0
667.0,245.0
246.0,107.0
246.0,153.0
267.0,246.0
652.0,246.0
553.0,247.0
698.0,247.0
847.0,247.0
248.0,19.0
248.0,116.0
298.0,248.0
249.0,22.0
249.0,146.0
249.0,192.0
386.0,249.0
595.0,249.0
250.0,102.0
250.0,130.0
250.0,240.0
266.0,250.0
443.0,250.0
564.0,250.0
251.0,18.0
251.0,45.0
251.0,86.0
251.0,105.0
251.0,215.0
717.0,251.0
252.0,158.0
291.0,252.0
293.0,252.0
667.0,252.0
810.0,252.0
880.0,252.0
253.0,84.0
263.0,253.0
286.0,253.0
381.0,253.0
427.0,253.0
254.0,10.0
254.0,21.0
254.0,119.0
575.0,254.0
593.0,254.0
995.0,254.0
255.0,94.0
255.0,212.0
608.0,255.0
256.0,140.0
256.0,241.0
257.0,0.0
258.0,61.0
270.0,258.0
738.0,258.0
823.0,258.0
259.0,64.0
259.0,193.0
259.0,225.0
677.0,259.0
769.0,259.0
260.0,29.0
260.0,71.0
260.0,105.0
261.0,139.0
261.0,184.0
268.0,261.0
381.0,261.0
262.0,100.0
262.0,146.0
262.0,197.0
262.0,213.0
274.0,262.0
583.0,262.0
621.0,262.0
844.0,262.0
263.0,34.0
263.0,37.0
263.0,110.0
263.0,245.0
276.0,263.0
409.0,263.0
264.0,145.0
276.0,264.0
780.0,264.0
827.0,264.0
265.0,186.0
266.0,118.0
266.0,244.0
298.0,266.0
403.0,266.0
569.0,266.0
896.0,266.0
267.0,37.0
267.0,255.0
402.0,267.0
408.0,267.0
268.0,157.0
268.0,246.0
644.0,268.0
870.0,268.0
914.0,268.0
269.0,8.0
270.0,31.0
270.0,59.0
270.0,234.0
294.0,270.0
271.0,15.0
888.0,271.0
272.0,38.0
272.0,74.0
272.0,162.0
272.0,210.0
285.0,272.0
597.0,272.0
273.0,43.0
273.0,46.0
273.0,73.0
273.0,154.0
273.0,222.0
783.0,273.0
829.0,273.0
969.0,273.0
274.0,36.0
274.0,150.0
274.0,213.0
274.0,220.0
275.0,11.0
275.0,115.0
679.0,275.0
923.0,275.0
276.0,21.0
276.0,29.0
276.0,77.0
276.0,232.0
691.0,276.0
987.0,276.0
277.0,10.0
277.0,127.0
277.0,146.0
277.0,147.0
303.0,277.0
402.0,277.0
731.0,277.0
901.0,277.0
993.0,277.0
278.0,169.0
458.0,278.0
537.0,278.0
768.0,278.0
279.0,71.0
279.0,142.0
279.0,196.0
279.0,206.0
279.0,240.0
305.0,279.0
438.0,279.0
482.0,279.0
488.0,279.0
832.0,279.0
280.0,75.0
280.0,78.0
280.0,258.0
299.0,280.0
441.0,280.0
903.0,280.0
281.0,26.0
281.0,199.0
281.0,222.0
281.0,258.0
449.0,281.0
282.0,94.0
287.0,282.0
311.0,282.0
474.0,282.0
742.0,282.0
283.0,8.0
283.0,71.0
645.0,283.0
284.0,2.0
284.0,38.0
284.0,246.0
406.0,284.0
285.0,128.0
285.0,193.0
385.0,285.0
871.0,285.0
286.0,75.0
286.0,256.0
458.0,286.0
460.0,286.0
519.0,286.0
569.0,286.0
287.0,51.0
287.0,73.0
287.0,85.0
287.0,92.0
287.0,198.0
288.0,287.0
311.0,287.0
731.0,287.0
288.0,20.0
288.0,43.0
288.0,212.0
288.0,269.0
288.0,273.0
391.0,288.0
407.0,288.0
463.0,288.0
564.0,288.0
672.0,288.0
965.0,288.0
289.0,126.0
289.0,162.0
309.0,289.0
357.0,289.0
368.0,289.0
880.0,289.0
999.0,289.0
290.0,197.0
290.0,212.0
291.0,146.0
291.0,172.0
291.0,175.0
291.0,197.0
617.0,291.0
292.0,55.0
822.0,292.0
293.0,137.0
293.0,171.0
293.0,177.0
294.0,46.0
294.0,202.0
294.0,210.0
294.0,240.0
294.0,269.0
495.0,294.0
971.0,294.0
295.0,155.0
303.0,295.0
296.0,30.0
296.0,123.0
296.0,282.0
756.0,296.0
297.0,208.0
450.0,297.0
940.0,297.0
298.0,13.0
298.0,147.0
298.0,195.0
431.0,298.0
477.0,298.0
806.0,298.0
299.0,31.0
299.0,82.0
299.0,105.0
299.0,119.0
299.0,121.0
299.0,271.0
983.0,299.0
300.0,70.0
300.0,259.0
311.0,300.0
741.0,300.0
842.0,300.0
301.0,37.0
301.0,126.0
664.0,301.0
943.0,301.0
302.0,97.0
302.0,121.0
317.0,302.0
385.0,302.0
506.0,302.0
558.0,302.0
834.0,302.0
908.0,302.0
958.0,302.0
304.0,303.0
716.0,303.0
897.0,303.0
304.0,77.0
304.0,280.0
314.0,304.0
787.0,304.0
858.0,304.0
966.0,304.0
305.0,1.0
305.0,104.0
305.0,136.0
658.0,305.0
306.0,33.0
306.0,103.0
518.0,306.0
307.0,11.0
307.0,108.0
823.0,307.0
308.0,106.0
308.0,138.0
308.0,184.0
308.0,236.0
308.0,246.0
309.0,225.0
309.0,293.0
310.0,30.0
310.0,38.0
310.0,121.0
319.0,310.0
894.0,310.0
311.0,79.0
311.0,209.0
311.0,252.0
311.0,307.0
311.0,310.0
316.0,311.0
479.0,311.0
678.0,311.0
888.0,311.0
312.0,47.0
312.0,184.0
312.0,280.0
722.0,312.0
313.0,183.0
313.0,242.0
421.0,313.0
598.0,313.0
786.0,313.0
314.0,38.0
314.0,131.0
314.0,254.0
329.0,314.0
616.0,314.0
686.0,315.0
316.0,66.0
326.0,316.0
587.0,316.0
317.0,15.0
317.0,96.0
317.0,313.0
334.0,317.0
318.0,157.0
318.0,218.0
318.0,261.0
318.0,297.0
717.0,318.0
925.0,318.0
319.0,206.0
319.0,230.0
319.0,243.0
319.0,287.0
319.0,297.0
353.0,319.0
696.0,319.0
720.0,319.0
320.0,19.0
320.0,39.0
320.0,132.0
320.0,211.0
320.0,319.0
647.0,320.0
756.0,320.0
943.0,320.0
950.0,320.0
321.0,239.0
363.0,321.0
431.0,321.0
617.0,321.0
884.0,321.0
893.0,321.0
911.0,321.0
322.0,65.0
322.0,94.0
322.0,95.0
322.0,182.0
322.0,205.0
736.0,322.0
323.0,37.0
323.0,88.0
323.0,116.0
323.0,292.0
323.0,307.0
419.0,323.0
324.0,34.0
324.0,82.0
324.0,95.0
324.0,162.0
324.0,199.0
324.0,321.0
646.0,324.0
690.0,324.0
795.0,324.0
325.0,14.0
325.0,28.0
325.0,50.0
326.0,38.0
326.0,153.0
326.0,172.0
326.0,313.0
640.0,326.0
782.0,326.0
921.0,326.0
327.0,163.0
327.0,171.0
327.0,303.0
915.0,327.0
968.0,327.0
328.0,114.0
328.0,210.0
328.0,288.0
329.0,50.0
329.0,209.0
329.0,296.0
329.0,297.0
329.0,315.0
628.0,329.0
885.0,329.0
330.0,24.0
330.0,113.0
330.0,118.0
330.0,208.0
719.0,330.0
331.0,106.0
331.0,162.0
331.0,176.0
331.0,198.0
784.0,331.0
836.0,331.0
332.0,141.0
332.0,255.0
545.0,333.0
568.0,333.0
833.0,333.0
877.0,333.0
334.0,0.0
335.0,24.0
447.0,335.0
456.0,335.0
336.0,234.0
345.0,336.0
358.0,336.0
612.0,336.0
963.0,336.0
337.0,88.0
337.0,323.0
337.0,335.0
373.0,337.0
475.0,337.0
576.0,337.0
580.0,337.0
669.0,337.0
338.0,84.0
485.0,338.0
339.0,26.0
339.0,231.0
427.0,339.0
650.0,339.0
657.0,339.0
806.0,339.0
949.0,339.0
340.0,195.0
431.0,340.0
449.0,340.0
480.0,340.0
663.0,340.0
341.0,314.0
341.0,336.0
367.0,341.0
468.0,341.0
581.0,341.0
633.0,341.0
832.0,341.0
588.0,342.0
642.0,342.0
661.0,342.0
343.0,65.0
365.0,343.0
441.0,343.0
562.0,343.0
656.0,343.0
665.0,343.0
848.0,343.0
391.0,344.0
427.0,344.0
440.0,344.0
454.0,344.0
615.0,344.0
800.0,344.0
410.0,345.0
440.0,345.0
550.0,345.0
552.0,345.0
572.0,345.0
649.0,345.0
486.0,346.0
567.0,346.0
581.0,346.0
662.0,346.0
891.0,346.0
403.0,347.0
519.0,347.0
542.0,347.0
668.0,347.0
771.0,347.0
786.0,347.0
348.0,120.0
348.0,192.0
450.0,348.0
493.0,348.0
575.0,348.0
651.0,348.0
677.0,348.0
349.0,151.0
399.0,349.0
403.0,349.0
440.0,349.0
448.0,349.0
513.0,349.0
605.0,349.0
669.0,349.0
386.0,350.0
465.0,350.0
656.0,350.0
351.0,346.0
614.0,351.0
635.0,351.0
355.0,352.0
393.0,352.0
413.0,352.0
440.0,352.0
749.0,352.0
353.0,78.0
353.0,351.0
387.0,353.0
428.0,353.0
437.0,353.0
508.0,353.0
661.0,353.0
818.0,354.0
355.0,197.0
496.0,355.0
525.0,355.0
775.0,355.0
794.0,355.0
946.0,355.0
356.0,266.0
380.0,356.0
408.0,356.0
427.0,356.0
510.0,356.0
610.0,356.0
357.0,124.0
357.0,265.0
357.0,355.0
381.0,357.0
543.0,357.0
594.0,357.0
639.0,357.0
717.0,357.0
962.0,357.0
450.0,358.0
606.0,358.0
937.0,358.0
975.0,358.0
359.0,16.0
359.0,119.0
441.0,359.0
507.0,359.0
581.0,359.0
647.0,359.0
976.0,359.0
384.0,360.0
487.0,360.0
535.0,360.0
764.0,360.0
781.0,360.0
804.0,360.0
462.0,361.0
487.0,361.0
492.0,361.0
504.0,361.0
362.0,266.0
362.0,355.0
450.0,362.0
631.0,362.0
946.0,362.0
773.0,363.0
939.0,364.0
407.0,365.0
438.0,365.0
448.0,365.0
515.0,365.0
550.0,365.0
832.0,365.0
503.0,366.0
650.0,366.0
652.0,366.0
773.0,366.0
950.0,366.0
959.0,366.0
367.0,162.0
383.0,367.0
445.0,367.0
653.0,367.0
705.0,367.0
718.0,367.0
812.0,367.0
910.0,367.0
926.0,367.0
368.0,333.0
484.0,368.0
546.0,368.0
727.0,368.0
759.0,368.0
369.0,3.0
369.0,192.0
369.0,285.0
397.0,369.0
485.0,369.0
591.0,369.0
650.0,369.0
908.0,369.0
370.0,333.0
394.0,370.0
463.0,370.0
554.0,370.0
623.0,370.0
643.0,370.0
645.0,370.0
686.0,370.0
371.0,164.0
371.0,175.0
432.0,371.0
467.0,371.0
539.0,371.0
639.0,371.0
395.0,372.0
545.0,372.0
664.0,372.0
855.0,372.0
373.0,126.0
536.0,373.0
556.0,373.0
557.0,373.0
616.0,373.0
629.0,373.0
656.0,373.0
687.0,373.0
755.0,373.0
374.0,42.0
374.0,262.0
374.0,292.0
420.0,374.0
537.0,374.0
473.0,375.0
548.0,375.0
376.0,354.0
446.0,376.0
447.0,376.0
470.0,376.0
472.0,376.0
809.0,376.0
816.0,376.0
921.0,376.0
377.0,193.0
807.0,377.0
821.0,377.0
568.0,378.0
865.0,378.0
876.0,378.0
970.0,378.0
379.0,368.0
575.0,379.0
949.0,379.0
390.0,380.0
429.0,380.0
460.0,380.0
579.0,380.0
637.0,380.0
381.0,322.0
381.0,349.0
381.0,377.0
506.0,381.0
543.0,381.0
615.0,381.0
382.0,30.0
382.0,362.0
547.0,382.0
600.0,382.0
617.0,382.0
711.0,382.0
383.0,8.0
383.0,84.0
443.0,383.0
474.0,383.0
506.0,383.0
584.0,383.0
384.0,85.0
384.0,277.0
385.0,384.0
421.0,384.0
488.0,384.0
536.0,384.0
592.0,384.0
611.0,384.0
385.0,345.0
386.0,21.0
456.0,386.0
464.0,386.0
629.0,386.0
387.0,59.0
802.0,387.0
584.0,388.0
739.0,388.0
946.0,388.0
389.0,381.0
428.0,389.0
609.0,389.0
665.0,389.0
390.0,336.0
530.0,390.0
639.0,390.0
988.0,390.0
391.0,254.0
766.0,391.0
773.0,391.0
894.0,391.0
951.0,391.0
392.0,128.0
392.0,375.0
392.0,377.0
488.0,392.0
549.0,392.0
617.0,392.0
393.0,356.0
699.0,393.0
847.0,393.0
394.0,378.0
421.0,394.0
624.0,394.0
658.0,394.0
695.0,394.0
462.0,395.0
498.0,395.0
500.0,395.0
786.0,395.0
396.0,369.0
450.0,396.0
539.0,396.0
580.0,396.0
763.0,396.0
397.0,21.0
397.0,206.0
397.0,396.0
432.0,397.0
453.0,397.0
577.0,397.0
606.0,397.0
764.0,397.0
398.0,174.0
398.0,184.0
398.0,194.0
398.0,380.0
447.0,398.0
718.0,398.0
848.0,398.0
399.0,135.0
399.0,170.0
418.0,399.0
491.0,399.0
400.0,383.0
438.0,400.0
507.0,400.0
521.0,400.0
636.0,400.0
840.0,400.0
401.0,283.0
420.0,401.0
454.0,401.0
786.0,401.0
936.0,401.0
966.0,401.0
402.0,104.0
402.0,165.0
402.0,260.0
439.0,402.0
449.0,402.0
506.0,402.0
571.0,402.0
632.0,402.0
550.0,403.0
563.0,403.0
573.0,403.0
618.0,403.0
622.0,403.0
560.0,404.0
587.0,404.0
602.0,404.0
405.0,20.0
405.0,341.0
515.0,405.0
633.0,405.0
406.0,392.0
440.0,406.0
572.0,406.0
604.0,406.0
819.0,406.0
943.0,406.0
950.0,406.0
958.0,406.0
407.0,338.0
407.0,391.0
420.0,407.0
622.0,407.0
815.0,407.0
956.0,407.0
408.0,23.0
408.0,371.0
414.0,408.0
452.0,408.0
457.0,408.0
500.0,408.0
636.0,408.0
409.0,20.0
409.0,77.0
409.0,127.0
532.0,409.0
410.0,188.0
410.0,342.0
606.0,410.0
626.0,410.0
411.0,120.0
411.0,366.0
438.0,411.0
481.0,411.0
630.0,411.0
631.0,411.0
927.0,411.0
412.0,390.0
521.0,412.0
645.0,412.0
679.0,412.0
413.0,162.0
489.0,413.0
698.0,413.0
869.0,413.0
414.0,169.0
414.0,372.0
507.0,414.0
535.0,414.0
570.0,414.0
624.0,414.0
627.0,414.0
635.0,414.0
724.0,414.0
725.0,414.0
508.0,415.0
553.0,415.0
611.0,415.0
818.0,415.0
859.0,415.0
938.0,415.0
416.0,17.0
416.0,224.0
461.0,416.0
464.0,416.0
582.0,416.0
644.0,416.0
645.0,416.0
417.0,343.0
417.0,385.0
629.0,417.0
650.0,417.0
726.0,417.0
418.0,364.0
439.0,418.0
551.0,418.0
645.0,418.0
419.0,107.0
419.0,248.0
419.0,417.0
437.0,419.0
644.0,420.0
659.0,420.0
690.0,420.0
421.0,83.0
437.0,421.0
462.0,421.0
501.0,421.0
581.0,421.0
623.0,421.0
924.0,421.0
422.0,88.0
616.0,422.0
769.0,422.0
800.0,422.0
423.0,206.0
423.0,237.0
423.0,385.0
528.0,423.0
424.0,17.0
516.0,424.0
524.0,424.0
627.0,424.0
825.0,424.0
913.0,424.0
425.0,407.0
493.0,425.0
513.0,425.0
599.0,425.0
621.0,425.0
811.0,425.0
426.0,245.0
426.0,353.0
531.0,426.0
427.0,14.0
427.0,118.0
481.0,427.0
644.0,427.0
854.0,427.0
428.0,145.0
428.0,362.0
428.0,420.0
570.0,428.0
917.0,428.0
429.0,351.0
429.0,376.0
429.0,424.0
529.0,429.0
657.0,429.0
660.0,429.0
889.0,429.0
430.0,180.0
430.0,418.0
553.0,430.0
431.0,153.0
431.0,358.0
531.0,431.0
432.0,258.0
432.0,337.0
701.0,432.0
433.0,101.0
577.0,433.0
589.0,433.0
626.0,433.0
434.0,304.0
435.0,397.0
573.0,435.0
436.0,434.0
597.0,436.0
659.0,436.0
437.0,413.0
437.0,426.0
678.0,437.0
738.0,437.0
438.0,113.0
438.0,401.0
629.0,438.0
716.0,438.0
439.0,175.0
439.0,416.0
439.0,417.0
556.0,439.0
440.0,48.0
596.0,440.0
632.0,440.0
441.0,394.0
464.0,441.0
581.0,441.0
609.0,441.0
619.0,441.0
442.0,357.0
458.0,442.0
516.0,442.0
597.0,442.0
614.0,442.0
443.0,170.0
443.0,346.0
528.0,443.0
623.0,443.0
624.0,443.0
686.0,443.0
732.0,443.0
905.0,443.0
444.0,443.0
514.0,444.0
523.0,444.0
572.0,444.0
603.0,444.0
661.0,444.0
704.0,444.0
469.0,445.0
446.0,279.0
502.0,446.0
543.0,446.0
447.0,157.0
447.0,388.0
447.0,432.0
464.0,447.0
627.0,447.0
640.0,447.0
448.0,16.0
448.0,432.0
622.0,448.0
659.0,448.0
769.0,448.0
972.0,448.0
449.0,24.0
449.0,381.0
479.0,449.0
667.0,449.0
450.0,75.0
450.0,233.0
450.0,382.0
477.0,450.0
515.0,450.0
636.0,450.0
649.0,450.0
801.0,450.0
451.0,405.0
451.0,433.0
498.0,451.0
535.0,451.0
452.0,331.0
452.0,397.0
452.0,407.0
452.0,440.0
542.0,452.0
566.0,452.0
849.0,452.0
453.0,245.0
539.0,453.0
610.0,453.0
781.0,453.0
454.0,55.0
454.0,410.0
454.0,442.0
487.0,454.0
527.0,454.0
536.0,455.0
456.0,131.0
456.0,394.0
489.0,456.0
569.0,456.0
596.0,456.0
626.0,456.0
903.0,456.0
457.0,339.0
457.0,395.0
458.0,384.0
521.0,458.0
459.0,175.0
459.0,344.0
459.0,429.0
459.0,445.0
596.0,459.0
797.0,459.0
845.0,459.0
460.0,457.0
636.0,460.0
771.0,460.0
461.0,0.0
533.0,462.0
611.0,462.0
953.0,462.0
463.0,320.0
463.0,380.0
463.0,429.0
576.0,463.0
592.0,463.0
879.0,463.0
464.0,11.0
464.0,373.0
464.0,399.0
542.0,464.0
634.0,464.0
643.0,464.0
465.0,356.0
465.0,379.0
465.0,383.0
465.0,452.0
481.0,465.0
553.0,465.0
655.0,465.0
873.0,465.0
998.0,465.0
466.0,284.0
466.0,362.0
531.0,466.0
888.0,466.0
467.0,319.0
658.0,467.0
468.0,339.0
468.0,448.0
566.0,468.0
525.0,469.0
531.0,469.0
470.0,368.0
832.0,470.0
907.0,470.0
914.0,470.0
471.0,233.0
471.0,250.0
552.0,471.0
910.0,471.0
472.0,371.0
472.0,432.0
474.0,472.0
477.0,472.0
547.0,472.0
693.0,472.0
741.0,472.0
884.0,472.0
911.0,472.0
492.0,473.0
514.0,473.0
520.0,473.0
578.0,473.0
581.0,473.0
593.0,473.0
638.0,473.0
662.0,473.0
951.0,473.0
959.0,473.0
969.0,473.0
474.0,84.0
474.0,248.0
474.0,354.0
474.0,446.0
474.0,450.0
474.0,455.0
475.0,474.0
531.0,474.0
625.0,474.0
627.0,474.0
635.0,474.0
652.0,474.0
475.0,409.0
475.0,434.0
493.0,475.0
536.0,475.0
476.0,130.0
476.0,138.0
476.0,157.0
476.0,402.0
476.0,423.0
576.0,476.0
630.0,476.0
679.0,476.0
763.0,476.0
477.0,368.0
477.0,421.0
481.0,477.0
515.0,477.0
478.0,73.0
478.0,177.0
585.0,478.0
720.0,478.0
479.0,128.0
479.0,335.0
479.0,400.0
479.0,401.0
641.0,479.0
991.0,479.0
480.0,383.0
480.0,410.0
483.0,480.0
508.0,480.0
602.0,480.0
481.0,18.0
481.0,397.0
490.0,481.0
558.0,481.0
637.0,481.0
482.0,338.0
483.0,482.0
945.0,482.0
483.0,93.0
483.0,395.0
483.0,400.0
483.0,407.0
534.0,483.0
551.0,483.0
564.0,483.0
670.0,483.0
746.0,483.0
891.0,483.0
484.0,204.0
669.0,484.0
485.0,358.0
592.0,485.0
655.0,485.0
686.0,485.0
797.0,485.0
835.0,485.0
873.0,485.0
486.0,107.0
486.0,386.0
500.0,486.0
511.0,486.0
598.0,486.0
487.0,384.0
487.0,433.0
492.0,487.0
537.0,487.0
561.0,487.0
488.0,196.0
488.0,275.0
488.0,343.0
590.0,488.0
664.0,488.0
489.0,318.0
489.0,430.0
520.0,489.0
764.0,489.0
490.0,254.0
490.0,475.0
500.0,490.0
594.0,490.0
886.0,490.0
491.0,317.0
593.0,491.0
492.0,419.0
914.0,492.0
493.0,192.0
493.0,239.0
493.0,490.0
535.0,493.0
614.0,493.0
651.0,493.0
653.0,493.0
906.0,493.0
494.0,275.0
494.0,394.0
494.0,429.0
494.0,475.0
582.0,494.0
594.0,494.0
929.0,494.0
970.0,494.0
495.0,335.0
495.0,395.0
495.0,451.0
495.0,471.0
507.0,495.0
611.0,495.0
652.0,495.0
719.0,495.0
933.0,495.0
496.0,27.0
496.0,202.0
544.0,496.0
620.0,496.0
999.0,496.0
497.0,0.0
574.0,498.0
681.0,498.0
692.0,498.0
499.0,350.0
499.0,384.0
991.0,499.0
500.0,164.0
500.0,292.0
500.0,348.0
500.0,472.0
544.0,500.0
563.0,500.0
594.0,500.0
632.0,500.0
501.0,347.0
501.0,374.0
501.0,375.0
501.0,430.0
502.0,355.0
545.0,502.0
554.0,502.0
590.0,502.0
611.0,502.0
612.0,502.0
664.0,502.0
906.0,502.0
978.0,502.0
503.0,46.0
503.0,373.0
577.0,503.0
706.0,503.0
939.0,503.0
504.0,377.0
504.0,427.0
605.0,504.0
875.0,504.0
980.0,504.0
505.0,402.0
505.0,433.0
505.0,479.0
534.0,505.0
567.0,505.0
662.0,505.0
506.0,84.0
506.0,321.0
506.0,357.0
910.0,506.0
550.0,507.0
593.0,507.0
508.0,164.0
508.0,303.0
508.0,370.0
535.0,508.0
639.0,508.0
509.0,133.0
509.0,364.0
980.0,509.0
960.0,510.0
511.0,421.0
574.0,511.0
665.0,511.0
512.0,7.0
512.0,89.0
512.0,143.0
512.0,348.0
512.0,396.0
550.0,512.0
918.0,512.0
513.0,14.0
513.0,188.0
535.0,513.0
814.0,513.0
514.0,294.0
576.0,514.0
515.0,23.0
515.0,405.0
515.0,473.0
595.0,515.0
610.0,515.0
618.0,515.0
651.0,515.0
516.0,382.0
516.0,444.0
516.0,471.0
573.0,516.0
696.0,516.0
718.0,516.0
517.0,87.0
517.0,206.0
517.0,297.0
517.0,502.0
627.0,517.0
829.0,517.0
518.0,347.0
603.0,518.0
643.0,518.0
519.0,99.0
519.0,232.0
519.0,354.0
519.0,396.0
519.0,417.0
880.0,519.0
520.0,461.0
520.0,517.0
570.0,520.0
575.0,520.0
590.0,520.0
696.0,520.0
892.0,520.0
984.0,520.0
521.0,216.0
642.0,521.0
644.0,521.0
522.0,464.0
613.0,522.0
620.0,522.0
523.0,376.0
523.0,466.0
524.0,428.0
585.0,524.0
887.0,524.0
525.0,410.0
525.0,473.0
525.0,502.0
615.0,525.0
668.0,525.0
772.0,525.0
526.0,367.0
526.0,499.0
526.0,525.0
600.0,526.0
688.0,526.0
527.0,7.0
527.0,116.0
527.0,383.0
527.0,429.0
588.0,527.0
628.0,527.0
528.0,97.0
528.0,267.0
528.0,357.0
528.0,460.0
528.0,473.0
610.0,528.0
864.0,528.0
529.0,8.0
529.0,382.0
529.0,417.0
539.0,529.0
562.0,529.0
677.0,529.0
903.0,529.0
994.0,529.0
530.0,106.0
530.0,409.0
635.0,530.0
531.0,265.0
531.0,391.0
531.0,429.0
535.0,531.0
590.0,531.0
532.0,50.0
532.0,487.0
532.0,491.0
554.0,532.0
617.0,532.0
533.0,32.0
533.0,458.0
547.0,533.0
966.0,533.0
534.0,263.0
534.0,483.0
995.0,534.0
535.0,61.0
535.0,122.0
535.0,180.0
535.0,267.0
535.0,342.0
566.0,535.0
977.0,535.0
536.0,175.0
536.0,360.0
629.0,536.0
693.0,536.0
761.0,536.0
935.0,536.0
537.0,479.0
568.0,537.0
538.0,250.0
538.0,383.0
538.0,461.0
538.0,527.0
613.0,538.0
814.0,538.0
539.0,415.0
587.0,539.0
860.0,539.0
919.0,539.0
992.0,539.0
540.0,487.0
541.0,540.0
581.0,540.0
659.0,540.0
541.0,288.0
541.0,434.0
541.0,457.0
671.0,541.0
542.0,191.0
542.0,236.0
542.0,396.0
542.0,401.0
542.0,487.0
660.0,542.0
753.0,542.0
543.0,71.0
543.0,303.0
543.0,402.0
544.0,543.0
657.0,543.0
663.0,543.0
770.0,543.0
778.0,543.0
544.0,364.0
544.0,531.0
545.0,28.0
545.0,471.0
547.0,545.0
861.0,545.0
546.0,337.0
546.0,466.0
546.0,518.0
578.0,546.0
929.0,546.0
547.0,113.0
547.0,453.0
547.0,481.0
550.0,547.0
673.0,547.0
548.0,36.0
636.0,548.0
864.0,548.0
549.0,0.0
569.0,550.0
551.0,185.0
551.0,354.0
551.0,427.0
551.0,489.0
552.0,12.0
552.0,60.0
552.0,449.0
831.0,552.0
553.0,151.0
553.0,350.0
553.0,465.0
553.0,469.0
553.0,498.0
749.0,553.0
878.0,553.0
975.0,553.0
554.0,503.0
554.0,532.0
576.0,554.0
989.0,554.0
555.0,320.0
555.0,344.0
555.0,411.0
555.0,460.0
555.0,516.0
567.0,555.0
620.0,555.0
849.0,555.0
556.0,107.0
556.0,335.0
556.0,545.0
556.0,552.0
949.0,556.0
588.0,557.0
664.0,557.0
665.0,557.0
558.0,424.0
558.0,448.0
558.0,475.0
559.0,251.0
559.0,362.0
559.0,387.0
559.0,431.0
559.0,473.0
559.0,544.0
663.0,559.0
708.0,559.0
560.0,20.0
560.0,333.0
560.0,393.0
560.0,429.0
560.0,465.0
560.0,490.0
560.0,500.0
560.0,552.0
618.0,560.0
639.0,560.0
855.0,560.0
590.0,561.0
683.0,561.0
866.0,561.0
562.0,354.0
849.0,562.0
563.0,173.0
563.0,388.0
563.0,415.0
563.0,511.0
563.0,545.0
577.0,563.0
722.0,563.0
564.0,145.0
564.0,186.0
564.0,508.0
565.0,564.0
634.0,564.0
717.0,564.0
565.0,438.0
565.0,453.0
565.0,485.0
565.0,536.0
633.0,565.0
999.0,565.0
566.0,0.0
567.0,390.0
567.0,447.0
567.0,459.0
567.0,488.0
638.0,567.0
568.0,108.0
568.0,118.0
568.0,351.0
568.0,563.0
569.0,387.0
569.0,447.0
569.0,499.0
650.0,569.0
807.0,569.0
808.0,569.0
570.0,344.0
570.0,373.0
570.0,563.0
650.0,570.0
665.0,570.0
698.0,570.0
786.0,570.0
810.0,570.0
893.0,570.0
571.0,197.0
577.0,571.0
599.0,571.0
602.0,571.0
572.0,6.0
572.0,108.0
572.0,346.0
572.0,495.0
687.0,572.0
573.0,83.0
573.0,455.0
573.0,495.0
573.0,517.0
574.0,345.0
575.0,523.0
575.0,540.0
597.0,575.0
632.0,575.0
812.0,575.0
841.0,575.0
910.0,575.0
576.0,360.0
576.0,361.0
576.0,518.0
611.0,576.0
619.0,576.0
703.0,576.0
767.0,576.0
769.0,576.0
795.0,576.0
577.0,476.0
577.0,514.0
981.0,577.0
578.0,357.0
578.0,457.0
578.0,512.0
578.0,550.0
578.0,564.0
648.0,578.0
753.0,578.0
814.0,578.0
941.0,578.0
579.0,298.0
579.0,409.0
579.0,410.0
579.0,426.0
579.0,535.0
580.0,136.0
580.0,286.0
580.0,512.0
580.0,527.0
581.0,174.0
581.0,202.0
581.0,214.0
581.0,348.0
582.0,10.0
582.0,24.0
582.0,50.0
582.0,478.0
582.0,513.0
616.0,582.0
583.0,92.0
583.0,240.0
583.0,334.0
583.0,361.0
583.0,406.0
583.0,517.0
583.0,523.0
659.0,583.0
806.0,583.0
875.0,583.0
584.0,290.0
659.0,584.0
666.0,584.0
585.0,571.0
630.0,585.0
648.0,585.0
950.0,585.0
586.0,102.0
586.0,341.0
586.0,384.0
586.0,406.0
586.0,442.0
599.0,586.0
601.0,586.0
642.0,586.0
669.0,586.0
981.0,586.0
587.0,321.0
587.0,326.0
587.0,431.0
587.0,444.0
588.0,388.0
588.0,404.0
588.0,438.0
588.0,513.0
610.0,588.0
624.0,588.0
723.0,588.0
589.0,321.0
589.0,373.0
589.0,399.0
589.0,420.0
589.0,545.0
590.0,344.0
590.0,378.0
590.0,437.0
590.0,535.0
609.0,590.0
659.0,590.0
591.0,42.0
591.0,204.0
591.0,315.0
591.0,404.0
591.0,548.0
592.0,369.0
592.0,388.0
592.0,489.0
602.0,592.0
623.0,592.0
640.0,592.0
649.0,592.0
593.0,335.0
593.0,469.0
593.0,524.0
593.0,527.0
593.0,540.0
990.0,593.0
594.0,168.0
594.0,340.0
594.0,352.0
605.0,594.0
632.0,594.0
738.0,594.0
595.0,298.0
595.0,346.0
595.0,351.0
595.0,387.0
595.0,454.0
648.0,595.0
997.0,595.0
596.0,79.0
596.0,368.0
646.0,596.0
597.0,59.0
608.0,597.0
598.0,180.0
598.0,394.0
598.0,554.0
598.0,590.0
652.0,598.0
599.0,536.0
599.0,575.0
739.0,599.0
755.0,599.0
936.0,599.0
991.0,599.0
600.0,148.0
600.0,274.0
600.0,355.0
600.0,375.0
600.0,392.0
600.0,420.0
600.0,486.0
600.0,515.0
610.0,600.0
635.0,600.0
601.0,11.0
601.0,381.0
601.0,400.0
601.0,533.0
726.0,601.0
602.0,43.0
637.0,603.0
693.0,603.0
774.0,603.0
619.0,604.0
652.0,604.0
673.0,604.0
703.0,604.0
833.0,604.0
605.0,291.0
605.0,385.0
605.0,522.0
605.0,571.0
606.0,36.0
606.0,296.0
606.0,432.0
606.0,587.0
639.0,606.0
655.0,606.0
607.0,573.0
608.0,136.0
608.0,360.0
988.0,608.0
609.0,386.0
609.0,427.0
609.0,524.0
610.0,289.0
610.0,350.0
610.0,471.0
610.0,584.0
610.0,590.0
690.0,610.0
900.0,610.0
611.0,51.0
611.0,111.0
611.0,376.0
611.0,414.0
658.0,611.0
823.0,611.0
612.0,29.0
612.0,361.0
612.0,455.0
612.0,458.0
842.0,612.0
930.0,612.0
613.0,322.0
613.0,455.0
613.0,490.0
613.0,561.0
685.0,613.0
772.0,613.0
692.0,614.0
615.0,293.0
615.0,320.0
615.0,401.0
615.0,446.0
615.0,506.0
615.0,552.0
615.0,568.0
616.0,615.0
665.0,615.0
692.0,615.0
616.0,206.0
616.0,222.0
616.0,521.0
616.0,530.0
616.0,587.0
616.0,600.0
646.0,616.0
782.0,616.0
617.0,579.0
618.0,259.0
618.0,423.0
618.0,498.0
618.0,555.0
774.0,618.0
619.0,84.0
619.0,428.0
662.0,619.0
747.0,619.0
923.0,619.0
620.0,206.0
620.0,503.0
634.0,620.0
653.0,620.0
816.0,620.0
902.0,620.0
621.0,533.0
621.0,587.0
873.0,621.0
622.0,63.0
622.0,363.0
622.0,394.0
622.0,435.0
622.0,461.0
622.0,495.0
622.0,551.0
622.0,575.0
622.0,604.0
637.0,622.0
878.0,622.0
623.0,346.0
654.0,623.0
624.0,561.0
624.0,600.0
624.0,603.0
624.0,616.0
645.0,624.0
662.0,624.0
716.0,624.0
625.0,523.0
625.0,552.0
645.0,625.0
659.0,625.0
789.0,625.0
626.0,397.0
626.0,555.0
626.0,623.0
834.0,626.0
940.0,626.0
627.0,137.0
627.0,430.0
627.0,546.0
627.0,558.0
627.0,587.0
628.0,357.0
628.0,410.0
628.0,593.0
628.0,622.0
629.0,111.0
629.0,286.0
629.0,496.0
629.0,541.0
629.0,558.0
639.0,629.0
682.0,629.0
630.0,390.0
643.0,630.0
664.0,630.0
811.0,630.0
981.0,630.0
631.0,11.0
631.0,157.0
631.0,351.0
631.0,401.0
632.0,64.0
632.0,192.0
632.0,550.0
632.0,592.0
633.0,214.0
633.0,304.0
633.0,340.0
633.0,345.0
633.0,413.0
633.0,419.0
633.0,491.0
634.0,214.0
634.0,396.0
634.0,401.0
634.0,558.0
634.0,586.0
635.0,634.0
654.0,634.0
662.0,634.0
823.0,634.0
635.0,403.0
635.0,460.0
635.0,469.0
646.0,636.0
637.0,104.0
637.0,117.0
637.0,601.0
656.0,637.0
638.0,294.0
638.0,398.0
638.0,454.0
638.0,470.0
638.0,509.0
638.0,519.0
638.0,554.0
638.0,615.0
639.0,340.0
639.0,405.0
639.0,443.0
639.0,476.0
639.0,602.0
639.0,615.0
726.0,639.0
765.0,639.0
640.0,456.0
640.0,554.0
910.0,640.0
641.0,235.0
641.0,305.0
731.0,641.0
824.0,641.0
642.0,378.0
642.0,407.0
643.0,519.0
643.0,549.0
648.0,643.0
964.0,643.0
644.0,160.0
644.0,512.0
711.0,644.0
645.0,273.0
645.0,283.0
645.0,363.0
669.0,645.0
826.0,645.0
934.0,645.0
646.0,506.0
646.0,545.0
775.0,646.0
799.0,646.0
647.0,8.0
647.0,236.0
647.0,300.0
647.0,530.0
648.0,68.0
648.0,373.0
648.0,465.0
648.0,612.0
649.0,358.0
649.0,448.0
649.0,499.0
649.0,514.0
649.0,633.0
650.0,401.0
650.0,468.0
653.0,650.0
651.0,111.0
651.0,345.0
651.0,383.0
651.0,436.0
651.0,438.0
651.0,592.0
651.0,643.0
652.0,64.0
652.0,89.0
652.0,208.0
652.0,567.0
926.0,652.0
653.0,385.0
653.0,470.0
653.0,491.0
653.0,645.0
662.0,653.0
677.0,653.0
684.0,653.0
925.0,653.0
988.0,653.0
654.0,315.0
654.0,481.0
654.0,489.0
654.0,513.0
654.0,639.0
657.0,654.0
967.0,654.0
655.0,122.0
655.0,136.0
655.0,337.0
655.0,400.0
655.0,427.0
655.0,477.0
663.0,655.0
954.0,655.0
656.0,401.0
656.0,540.0
656.0,552.0
656.0,604.0
657.0,28.0
657.0,176.0
657.0,250.0
657.0,342.0
657.0,359.0
657.0,393.0
657.0,489.0
657.0,493.0
657.0,644.0
695.0,657.0
863.0,657.0
658.0,489.0
659.0,309.0
659.0,349.0
659.0,523.0
660.0,157.0
660.0,379.0
660.0,563.0
660.0,639.0
780.0,660.0
661.0,163.0
661.0,542.0
679.0,661.0
662.0,342.0
662.0,382.0
662.0,438.0
662.0,558.0
662.0,644.0
811.0,662.0
816.0,662.0
957.0,662.0
968.0,662.0
663.0,339.0
663.0,435.0
664.0,381.0
664.0,398.0
664.0,500.0
664.0,515.0
877.0,664.0
897.0,664.0
665.0,356.0
665.0,484.0
913.0,665.0
666.0,205.0
666.0,459.0
671.0,666.0
667.0,481.0
742.0,667.0
794.0,667.0
668.0,514.0
674.0,668.0
738.0,668.0
773.0,668.0
791.0,668.0
762.0,669.0
926.0,669.0
930.0,669.0
952.0,669.0
670.0,207.0
670.0,591.0
691.0,670.0
742.0,670.0
786.0,670.0
671.0,107.0
671.0,170.0
671.0,241.0
671.0,321.0
671.0,465.0
684.0,671.0
852.0,671.0
914.0,671.0
939.0,671.0
672.0,39.0
672.0,347.0
705.0,673.0
727.0,673.0
845.0,673.0
912.0,673.0
928.0,673.0
948.0,673.0
972.0,673.0
983.0,673.0
987.0,673.0
674.0,59.0
739.0,674.0
763.0,674.0
764.0,674.0
844.0,674.0
675.0,22.0
675.0,445.0
675.0,452.0
675.0,535.0
702.0,675.0
773.0,675.0
806.0,675.0
861.0,675.0
938.0,675.0
971.0,675.0
676.0,70.0
676.0,629.0
676.0,632.0
676.0,648.0
697.0,676.0
703.0,676.0
717.0,676.0
829.0,676.0
924.0,676.0
964.0,676.0
987.0,676.0
764.0,677.0
819.0,677.0
859.0,677.0
943.0,677.0
678.0,87.0
678.0,368.0
678.0,455.0
679.0,678.0
829.0,678.0
890.0,678.0
955.0,678.0
679.0,233.0
679.0,315.0
679.0,400.0
679.0,586.0
993.0,679.0
742.0,680.0
681.0,76.0
681.0,157.0
681.0,219.0
681.0,233.0
681.0,251.0
681.0,302.0
681.0,537.0
681.0,620.0
861.0,681.0
682.0,4.0
702.0,682.0
822.0,682.0
884.0,682.0
963.0,682.0
981.0,682.0
683.0,457.0
683.0,610.0
780.0,683.0
816.0,683.0
917.0,683.0
684.0,327.0
685.0,336.0
685.0,674.0
830.0,685.0
928.0,685.0
929.0,685.0
937.0,685.0
958.0,685.0
686.0,29.0
686.0,59.0
686.0,139.0
686.0,683.0
705.0,686.0
783.0,686.0
831.0,686.0
894.0,686.0
902.0,686.0
937.0,686.0
964.0,686.0
970.0,686.0
687.0,521.0
687.0,685.0
719.0,687.0
760.0,687.0
775.0,687.0
869.0,687.0
688.0,198.0
688.0,673.0
711.0,688.0
732.0,688.0
735.0,688.0
822.0,688.0
889.0,688.0
904.0,688.0
689.0,145.0
689.0,517.0
689.0,587.0
689.0,672.0
697.0,689.0
736.0,689.0
769.0,689.0
800.0,689.0
814.0,689.0
862.0,689.0
945.0,689.0
690.0,666.0
690.0,689.0
691.0,690.0
752.0,690.0
819.0,690.0
885.0,690.0
955.0,690.0
691.0,218.0
691.0,686.0
800.0,691.0
806.0,691.0
848.0,691.0
941.0,691.0
692.0,29.0
804.0,692.0
809.0,692.0
983.0,692.0
693.0,102.0
693.0,652.0
693.0,670.0
822.0,693.0
934.0,693.0
694.0,591.0
828.0,694.0
695.0,409.0
695.0,525.0
765.0,695.0
896.0,695.0
903.0,695.0
917.0,695.0
976.0,695.0
696.0,673.0
711.0,696.0
714.0,696.0
758.0,696.0
804.0,696.0
697.0,149.0
697.0,168.0
697.0,281.0
697.0,690.0
728.0,697.0
867.0,697.0
903.0,697.0
989.0,697.0
698.0,258.0
698.0,601.0
706.0,698.0
723.0,698.0
944.0,698.0
972.0,698.0
699.0,303.0
793.0,699.0
845.0,699.0
828.0,700.0
701.0,4.0
701.0,104.0
701.0,675.0
701.0,698.0
736.0,701.0
817.0,701.0
884.0,701.0
702.0,158.0
702.0,202.0
702.0,218.0
702.0,682.0
849.0,702.0
867.0,702.0
933.0,702.0
703.0,47.0
703.0,234.0
703.0,358.0
703.0,444.0
703.0,629.0
733.0,703.0
835.0,703.0
840.0,703.0
862.0,703.0
879.0,703.0
883.0,703.0
908.0,703.0
948.0,703.0
704.0,121.0
704.0,391.0
704.0,680.0
741.0,704.0
795.0,704.0
705.0,345.0
705.0,393.0
804.0,705.0
843.0,705.0
924.0,705.0
706.0,52.0
706.0,283.0
706.0,497.0
706.0,504.0
706.0,583.0
730.0,706.0
892.0,706.0
924.0,706.0
942.0,706.0
948.0,706.0
707.0,4.0
707.0,695.0
710.0,707.0
984.0,707.0
845.0,708.0
925.0,708.0
994.0,708.0
998.0,708.0
709.0,38.0
709.0,465.0
709.0,666.0
729.0,709.0
801.0,709.0
975.0,709.0
710.0,331.0
710.0,679.0
710.0,693.0
710.0,696.0
779.0,710.0
830.0,710.0
931.0,710.0
711.0,189.0
711.0,477.0
711.0,606.0
940.0,711.0
997.0,711.0
712.0,341.0
712.0,506.0
815.0,712.0
830.0,712.0
864.0,712.0
968.0,712.0
713.0,469.0
713.0,540.0
742.0,713.0
876.0,713.0
929.0,713.0
937.0,713.0
714.0,354.0
807.0,714.0
832.0,714.0
858.0,714.0
896.0,714.0
715.0,357.0
715.0,392.0
715.0,575.0
715.0,584.0
715.0,625.0
754.0,715.0
910.0,715.0
918.0,715.0
966.0,715.0
716.0,90.0
716.0,135.0
716.0,272.0
716.0,283.0
716.0,360.0
766.0,716.0
778.0,716.0
805.0,716.0
807.0,716.0
820.0,716.0
896.0,716.0
717.0,552.0
932.0,717.0
718.0,388.0
784.0,718.0
719.0,42.0
719.0,84.0
889.0,719.0
720.0,273.0
720.0,501.0
897.0,720.0
721.0,300.0
721.0,411.0
831.0,721.0
914.0,721.0
935.0,721.0
991.0,721.0
722.0,600.0
722.0,677.0
722.0,679.0
722.0,693.0
723.0,722.0
866.0,722.0
867.0,722.0
869.0,722.0
976.0,722.0
723.0,0.0
724.0,179.0
724.0,380.0
724.0,442.0
724.0,634.0
724.0,637.0
724.0,675.0
814.0,724.0
725.0,92.0
725.0,160.0
796.0,725.0
726.0,69.0
726.0,76.0
726.0,89.0
726.0,239.0
726.0,700.0
768.0,726.0
771.0,726.0
868.0,726.0
845.0,727.0
877.0,727.0
728.0,90.0
728.0,110.0
728.0,214.0
728.0,679.0
728.0,709.0
728.0,724.0
762.0,728.0
729.0,158.0
729.0,281.0
732.0,729.0
907.0,729.0
730.0,155.0
730.0,445.0
831.0,730.0
977.0,730.0
731.0,147.0
764.0,731.0
838.0,731.0
940.0,731.0
732.0,53.0
732.0,244.0
732.0,246.0
732.0,312.0
732.0,335.0
732.0,587.0
732.0,675.0
832.0,732.0
971.0,732.0
977.0,732.0
733.0,137.0
733.0,233.0
733.0,730.0
751.0,733.0
766.0,733.0
786.0,733.0
790.0,733.0
915.0,733.0
734.0,379.0
734.0,581.0
821.0,734.0
937.0,734.0
735.0,64.0
735.0,707.0
812.0,735.0
876.0,735.0
896.0,735.0
955.0,735.0
736.0,678.0
978.0,736.0
740.0,737.0
848.0,737.0
888.0,737.0
942.0,737.0
738.0,318.0
738.0,568.0
738.0,678.0
740.0,738.0
744.0,738.0
799.0,738.0
899.0,738.0
941.0,738.0
739.0,705.0
878.0,739.0
898.0,739.0
923.0,739.0
957.0,739.0
964.0,739.0
740.0,130.0
740.0,303.0
740.0,602.0
740.0,704.0
748.0,740.0
808.0,740.0
809.0,740.0
892.0,740.0
915.0,740.0
941.0,740.0
968.0,740.0
741.0,252.0
741.0,681.0
741.0,737.0
798.0,741.0
774.0,742.0
817.0,742.0
924.0,742.0
743.0,104.0
744.0,330.0
820.0,744.0
880.0,744.0
914.0,744.0
989.0,744.0
745.0,149.0
745.0,543.0
745.0,687.0
745.0,712.0
750.0,745.0
746.0,412.0
746.0,505.0
864.0,746.0
987.0,746.0
747.0,439.0
892.0,747.0
791.0,748.0
873.0,748.0
936.0,748.0
993.0,748.0
994.0,748.0
749.0,161.0
849.0,749.0
750.0,185.0
750.0,378.0
750.0,629.0
792.0,750.0
911.0,750.0
914.0,750.0
751.0,318.0
751.0,560.0
751.0,695.0
751.0,726.0
751.0,727.0
770.0,751.0
917.0,751.0
940.0,751.0
752.0,42.0
752.0,91.0
752.0,221.0
798.0,752.0
850.0,752.0
979.0,752.0
753.0,139.0
753.0,494.0
753.0,561.0
753.0,590.0
754.0,753.0
895.0,753.0
960.0,753.0
976.0,753.0
754.0,40.0
968.0,754.0
755.0,373.0
755.0,455.0
755.0,610.0
755.0,629.0
755.0,678.0
755.0,716.0
819.0,755.0
863.0,756.0
757.0,724.0
757.0,752.0
857.0,757.0
902.0,757.0
915.0,757.0
923.0,757.0
984.0,757.0
987.0,757.0
758.0,297.0
758.0,452.0
758.0,700.0
758.0,710.0
877.0,758.0
991.0,758.0
759.0,17.0
759.0,721.0
779.0,759.0
913.0,759.0
760.0,755.0
837.0,760.0
888.0,760.0
932.0,760.0
946.0,760.0
761.0,377.0
761.0,694.0
851.0,761.0
859.0,761.0
883.0,761.0
907.0,761.0
911.0,761.0
762.0,348.0
762.0,607.0
762.0,613.0
782.0,762.0
838.0,762.0
997.0,762.0
763.0,89.0
763.0,463.0
763.0,665.0
788.0,763.0
806.0,763.0
855.0,763.0
930.0,763.0
764.0,347.0
765.0,423.0
887.0,765.0
766.0,61.0
766.0,244.0
766.0,580.0
766.0,726.0
766.0,744.0
873.0,766.0
994.0,766.0
995.0,766.0
997.0,766.0
767.0,281.0
767.0,618.0
767.0,732.0
830.0,767.0
955.0,767.0
868.0,768.0
971.0,768.0
769.0,21.0
769.0,322.0
769.0,596.0
769.0,726.0
769.0,727.0
869.0,769.0
966.0,769.0
990.0,769.0
770.0,8.0
770.0,213.0
770.0,710.0
770.0,740.0
821.0,770.0
837.0,770.0
953.0,770.0
962.0,770.0
771.0,113.0
771.0,131.0
771.0,732.0
854.0,771.0
871.0,771.0
772.0,759.0
927.0,772.0
773.0,2.0
773.0,677.0
908.0,773.0
774.0,286.0
774.0,456.0
774.0,470.0
825.0,775.0
867.0,775.0
932.0,775.0
776.0,348.0
776.0,360.0
776.0,726.0
784.0,776.0
924.0,776.0
985.0,776.0
777.0,411.0
777.0,712.0
777.0,755.0
778.0,777.0
784.0,777.0
853.0,777.0
857.0,777.0
885.0,777.0
905.0,777.0
778.0,415.0
778.0,584.0
857.0,778.0
886.0,778.0
934.0,778.0
938.0,778.0
779.0,692.0
779.0,757.0
779.0,773.0
810.0,779.0
780.0,301.0
780.0,336.0
780.0,359.0
780.0,474.0
780.0,538.0
780.0,752.0
822.0,780.0
916.0,780.0
945.0,780.0
781.0,388.0
825.0,781.0
782.0,127.0
782.0,706.0
783.0,498.0
783.0,729.0
973.0,783.0
977.0,783.0
784.0,9.0
784.0,476.0
784.0,625.0
784.0,633.0
784.0,635.0
836.0,784.0
785.0,691.0
799.0,785.0
846.0,785.0
971.0,785.0
786.0,505.0
786.0,749.0
786.0,784.0
787.0,524.0
787.0,762.0
788.0,787.0
788.0,337.0
788.0,656.0
788.0,772.0
959.0,788.0
999.0,788.0
789.0,732.0
811.0,789.0
838.0,789.0
919.0,789.0
949.0,789.0
965.0,789.0
985.0,789.0
790.0,139.0
963.0,790.0
791.0,557.0
791.0,749.0
792.0,12.0
792.0,225.0
792.0,450.0
835.0,792.0
793.0,241.0
793.0,361.0
793.0,628.0
793.0,765.0
825.0,793.0
944.0,793.0
794.0,19.0
794.0,324.0
794.0,691.0
967.0,794.0
795.0,196.0
795.0,393.0
795.0,673.0
795.0,787.0
847.0,795.0
856.0,795.0
872.0,795.0
954.0,795.0
796.0,248.0
796.0,381.0
797.0,463.0
798.0,241.0
915.0,798.0
996.0,798.0
799.0,376.0
799.0,709.0
799.0,791.0
804.0,799.0
800.0,316.0
800.0,703.0
800.0,797.0
904.0,800.0
991.0,800.0
801.0,110.0
801.0,299.0
801.0,329.0
801.0,406.0
801.0,581.0
801.0,650.0
801.0,705.0
849.0,801.0
940.0,801.0
802.0,789.0
807.0,802.0
962.0,802.0
803.0,89.0
803.0,723.0
839.0,803.0
917.0,803.0
804.0,295.0
804.0,519.0
804.0,727.0
832.0,804.0
949.0,804.0
805.0,665.0
805.0,704.0
976.0,805.0
984.0,805.0
806.0,31.0
806.0,248.0
806.0,518.0
806.0,783.0
814.0,806.0
861.0,806.0
879.0,806.0
880.0,806.0
940.0,806.0
969.0,806.0
807.0,15.0
807.0,156.0
807.0,223.0
807.0,238.0
807.0,321.0
807.0,666.0
807.0,743.0
857.0,807.0
957.0,807.0
808.0,742.0
986.0,808.0
809.0,543.0
819.0,809.0
810.0,558.0
810.0,671.0
810.0,751.0
811.0,171.0
811.0,508.0
811.0,782.0
846.0,811.0
877.0,811.0
812.0,199.0
812.0,275.0
812.0,519.0
949.0,812.0
813.0,29.0
813.0,713.0
813.0,800.0
813.0,804.0
921.0,813.0
814.0,5.0
814.0,163.0
814.0,715.0
814.0,767.0
868.0,814.0
907.0,814.0
815.0,0.0
816.0,365.0
816.0,677.0
816.0,753.0
817.0,284.0
817.0,326.0
817.0,725.0
817.0,754.0
890.0,817.0
906.0,817.0
947.0,817.0
818.0,298.0
818.0,441.0
818.0,579.0
818.0,796.0
871.0,818.0
973.0,818.0
975.0,819.0
820.0,689.0
830.0,820.0
893.0,820.0
961.0,820.0
988.0,820.0
821.0,269.0
846.0,821.0
822.0,116.0
822.0,218.0
822.0,258.0
822.0,641.0
822.0,778.0
857.0,822.0
823.0,706.0
823.0,814.0
913.0,823.0
824.0,284.0
824.0,390.0
824.0,766.0
854.0,824.0
897.0,824.0
825.0,456.0
825.0,722.0
825.0,817.0
826.0,411.0
826.0,676.0
826.0,738.0
826.0,741.0
826.0,748.0
826.0,750.0
826.0,795.0
906.0,826.0
827.0,18.0
827.0,681.0
827.0,734.0
828.0,827.0
933.0,827.0
995.0,827.0
828.0,663.0
828.0,707.0
828.0,793.0
956.0,828.0
991.0,828.0
829.0,241.0
950.0,829.0
956.0,829.0
830.0,293.0
830.0,312.0
830.0,688.0
830.0,710.0
943.0,830.0
831.0,810.0
981.0,831.0
832.0,126.0
832.0,485.0
832.0,557.0
832.0,756.0
921.0,832.0
833.0,321.0
833.0,745.0
947.0,833.0
958.0,833.0
834.0,69.0
834.0,535.0
834.0,708.0
834.0,749.0
834.0,785.0
835.0,24.0
835.0,349.0
835.0,516.0
835.0,739.0
835.0,808.0
835.0,824.0
965.0,835.0
975.0,835.0
836.0,33.0
836.0,91.0
836.0,127.0
836.0,308.0
836.0,547.0
895.0,836.0
837.0,599.0
837.0,686.0
837.0,725.0
837.0,802.0
843.0,837.0
880.0,837.0
968.0,837.0
838.0,655.0
839.0,327.0
839.0,408.0
839.0,793.0
839.0,832.0
840.0,86.0
840.0,132.0
840.0,538.0
840.0,679.0
840.0,728.0
867.0,840.0
976.0,840.0
841.0,758.0
843.0,841.0
842.0,268.0
842.0,469.0
842.0,500.0
842.0,605.0
842.0,670.0
843.0,191.0
843.0,210.0
843.0,564.0
843.0,675.0
970.0,843.0
974.0,843.0
844.0,53.0
844.0,269.0
844.0,602.0
844.0,657.0
844.0,746.0
844.0,757.0
844.0,842.0
845.0,166.0
845.0,367.0
845.0,808.0
845.0,839.0
992.0,845.0
846.0,6.0
846.0,151.0
846.0,226.0
846.0,680.0
936.0,846.0
939.0,846.0
847.0,681.0
847.0,710.0
925.0,847.0
848.0,96.0
848.0,621.0
848.0,691.0
848.0,695.0
848.0,833.0
973.0,848.0
849.0,280.0
849.0,753.0
850.0,222.0
850.0,433.0
850.0,463.0
850.0,722.0
850.0,742.0
851.0,784.0
865.0,851.0
966.0,851.0
993.0,851.0
852.0,441.0
852.0,700.0
871.0,852.0
916.0,852.0
924.0,852.0
853.0,10.0
853.0,762.0
853.0,778.0
957.0,853.0
854.0,282.0
854.0,770.0
854.0,818.0
855.0,503.0
855.0,723.0
855.0,771.0
897.0,855.0
856.0,756.0
856.0,802.0
865.0,856.0
945.0,856.0
857.0,525.0
857.0,740.0
857.0,806.0
857.0,815.0
857.0,847.0
919.0,857.0
933.0,857.0
943.0,857.0
992.0,857.0
858.0,343.0
858.0,682.0
859.0,135.0
859.0,377.0
859.0,509.0
859.0,616.0
892.0,859.0
860.0,55.0
860.0,444.0
860.0,559.0
860.0,789.0
860.0,795.0
860.0,822.0
900.0,860.0
990.0,860.0
861.0,673.0
861.0,777.0
862.0,3.0
996.0,862.0
992.0,863.0
864.0,64.0
864.0,197.0
864.0,677.0
864.0,687.0
864.0,828.0
865.0,358.0
865.0,684.0
865.0,783.0
865.0,794.0
949.0,865.0
866.0,327.0
866.0,445.0
866.0,782.0
867.0,333.0
867.0,459.0
867.0,674.0
867.0,793.0
868.0,574.0
868.0,581.0
868.0,754.0
869.0,261.0
869.0,705.0
869.0,724.0
869.0,863.0
887.0,869.0
870.0,58.0
870.0,156.0
870.0,415.0
870.0,435.0
928.0,870.0
871.0,269.0
871.0,731.0
871.0,789.0
871.0,818.0
895.0,871.0
974.0,871.0
985.0,871.0
872.0,517.0
872.0,718.0
872.0,754.0
872.0,823.0
872.0,831.0
945.0,872.0
954.0,872.0
873.0,80.0
873.0,436.0
873.0,781.0
873.0,788.0
873.0,843.0
910.0,873.0
874.0,267.0
874.0,376.0
874.0,537.0
929.0,874.0
967.0,874.0
875.0,26.0
875.0,74.0
875.0,213.0
875.0,534.0
875.0,638.0
946.0,875.0
949.0,875.0
876.0,687.0
894.0,876.0
936.0,876.0
967.0,876.0
877.0,340.0
877.0,389.0
877.0,670.0
877.0,695.0
877.0,710.0
877.0,827.0
935.0,877.0
948.0,877.0
878.0,388.0
878.0,775.0
878.0,827.0
878.0,875.0
879.0,672.0
879.0,791.0
892.0,879.0
933.0,879.0
880.0,365.0
880.0,733.0
880.0,800.0
880.0,827.0
880.0,836.0
880.0,856.0
880.0,873.0
983.0,880.0
881.0,353.0
881.0,676.0
881.0,724.0
882.0,200.0
882.0,214.0
882.0,800.0
897.0,882.0
883.0,792.0
884.0,129.0
884.0,474.0
884.0,498.0
884.0,563.0
884.0,582.0
884.0,691.0
884.0,702.0
884.0,713.0
884.0,726.0
884.0,798.0
885.0,166.0
885.0,685.0
885.0,699.0
885.0,712.0
885.0,785.0
902.0,885.0
903.0,885.0
942.0,885.0
886.0,139.0
886.0,285.0
886.0,391.0
886.0,671.0
887.0,800.0
887.0,880.0
888.0,134.0
888.0,777.0
888.0,827.0
888.0,867.0
943.0,888.0
889.0,685.0
889.0,696.0
890.0,89.0
890.0,171.0
890.0,177.0
890.0,315.0
890.0,608.0
890.0,706.0
890.0,722.0
890.0,865.0
926.0,890.0
962.0,890.0
891.0,96.0
891.0,672.0
891.0,724.0
891.0,779.0
891.0,834.0
891.0,884.0
921.0,891.0
943.0,891.0
892.0,187.0
892.0,686.0
892.0,730.0
892.0,789.0
893.0,94.0
893.0,384.0
893.0,685.0
893.0,797.0
893.0,858.0
894.0,77.0
894.0,269.0
894.0,326.0
894.0,725.0
925.0,894.0
895.0,706.0
895.0,723.0
895.0,752.0
895.0,834.0
895.0,843.0
958.0,895.0
896.0,677.0
952.0,896.0
987.0,896.0
897.0,23.0
897.0,143.0
897.0,296.0
897.0,710.0
897.0,831.0
898.0,272.0
898.0,421.0
898.0,491.0
898.0,753.0
899.0,72.0
899.0,707.0
953.0,899.0
900.0,6.0
900.0,602.0
900.0,606.0
900.0,685.0
900.0,819.0
900.0,878.0
928.0,900.0
901.0,7.0
901.0,198.0
901.0,717.0
901.0,883.0
957.0,901.0
902.0,725.0
902.0,729.0
902.0,752.0
902.0,775.0
903.0,81.0
903.0,537.0
903.0,578.0
903.0,729.0
903.0,756.0
903.0,815.0
904.0,87.0
904.0,680.0
904.0,815.0
904.0,885.0
905.0,197.0
905.0,527.0
905.0,682.0
991.0,905.0
906.0,829.0
907.0,201.0
907.0,629.0
907.0,772.0
907.0,774.0
907.0,841.0
907.0,869.0
954.0,907.0
946.0,908.0
909.0,166.0
909.0,705.0
909.0,805.0
909.0,878.0
936.0,909.0
979.0,909.0
980.0,909.0
910.0,326.0
910.0,527.0
910.0,691.0
922.0,910.0
981.0,910.0
911.0,666.0
911.0,738.0
911.0,802.0
911.0,859.0
911.0,886.0
912.0,73.0
912.0,585.0
912.0,683.0
912.0,729.0
912.0,766.0
912.0,851.0
912.0,860.0
912.0,889.0
936.0,912.0
953.0,912.0
913.0,49.0
913.0,308.0
913.0,770.0
913.0,817.0
949.0,913.0
985.0,913.0
914.0,240.0
914.0,538.0
914.0,899.0
967.0,914.0
981.0,914.0
915.0,740.0
915.0,782.0
921.0,915.0
916.0,693.0
916.0,753.0
916.0,900.0
956.0,916.0
917.0,179.0
917.0,386.0
917.0,444.0
917.0,680.0
917.0,692.0
918.0,333.0
918.0,856.0
919.0,2.0
919.0,48.0
919.0,255.0
919.0,727.0
919.0,786.0
919.0,872.0
948.0,919.0
920.0,627.0
921.0,332.0
922.0,279.0
922.0,709.0
922.0,800.0
922.0,806.0
922.0,888.0
922.0,893.0
940.0,922.0
923.0,433.0
923.0,509.0
923.0,865.0
923.0,882.0
924.0,222.0
924.0,378.0
924.0,385.0
924.0,766.0
924.0,834.0
924.0,914.0
925.0,483.0
925.0,527.0
926.0,925.0
926.0,583.0
926.0,635.0
988.0,926.0
927.0,22.0
927.0,745.0
949.0,927.0
928.0,45.0
928.0,62.0
928.0,522.0
928.0,549.0
929.0,928.0
929.0,52.0
929.0,155.0
929.0,313.0
929.0,396.0
929.0,687.0
930.0,15.0
930.0,682.0
930.0,914.0
931.0,327.0
931.0,729.0
931.0,840.0
932.0,133.0
932.0,453.0
932.0,589.0
932.0,644.0
932.0,685.0
932.0,876.0
973.0,932.0
933.0,149.0
933.0,352.0
933.0,575.0
933.0,694.0
933.0,821.0
933.0,845.0
934.0,201.0
934.0,456.0
934.0,576.0
934.0,684.0
934.0,724.0
934.0,774.0
934.0,805.0
935.0,176.0
935.0,397.0
935.0,732.0
935.0,910.0
935.0,934.0
944.0,935.0
993.0,935.0
936.0,204.0
936.0,374.0
936.0,579.0
936.0,842.0
936.0,859.0
936.0,860.0
936.0,907.0
936.0,929.0
937.0,114.0
937.0,153.0
937.0,180.0
937.0,206.0
937.0,217.0
937.0,748.0
937.0,777.0
937.0,796.0
937.0,826.0
937.0,862.0
937.0,933.0
938.0,278.0
938.0,454.0
938.0,683.0
938.0,774.0
938.0,906.0
939.0,669.0
939.0,674.0
939.0,679.0
939.0,711.0
939.0,745.0
939.0,919.0
940.0,156.0
940.0,719.0
940.0,782.0
940.0,872.0
940.0,911.0
941.0,278.0
941.0,483.0
941.0,508.0
941.0,578.0
941.0,666.0
941.0,846.0
941.0,847.0
942.0,6.0
942.0,637.0
942.0,806.0
942.0,817.0
942.0,871.0
943.0,876.0
944.0,877.0
944.0,908.0
945.0,343.0
945.0,360.0
945.0,693.0
946.0,91.0
946.0,425.0
946.0,696.0
946.0,759.0
946.0,773.0
946.0,937.0
947.0,10.0
947.0,717.0
947.0,740.0
947.0,920.0
948.0,262.0
948.0,788.0
948.0,813.0
948.0,817.0
998.0,948.0
949.0,61.0
949.0,445.0
949.0,479.0
949.0,660.0
949.0,688.0
949.0,769.0
949.0,785.0
949.0,818.0
949.0,841.0
950.0,78.0
950.0,106.0
950.0,285.0
950.0,683.0
950.0,738.0
950.0,763.0
953.0,950.0
951.0,159.0
951.0,802.0
952.0,940.0
989.0,952.0
953.0,77.0
953.0,149.0
953.0,332.0
953.0,608.0
953.0,732.0
953.0,780.0
953.0,947.0
977.0,953.0
954.0,600.0
955.0,343.0
955.0,719.0
955.0,756.0
955.0,816.0
955.0,918.0
956.0,6.0
956.0,669.0
956.0,721.0
956.0,812.0
956.0,885.0
957.0,235.0
957.0,350.0
957.0,402.0
957.0,744.0
957.0,792.0
957.0,820.0
957.0,837.0
957.0,918.0
957.0,927.0
958.0,41.0
958.0,466.0
958.0,700.0
958.0,735.0
958.0,776.0
958.0,884.0
959.0,161.0
959.0,208.0
959.0,747.0
959.0,788.0
959.0,933.0
960.0,26.0
960.0,808.0
960.0,832.0
960.0,833.0
960.0,891.0
960.0,938.0
960.0,943.0
960.0,945.0
961.0,417.0
961.0,669.0
961.0,811.0
962.0,23.0
962.0,123.0
962.0,223.0
962.0,572.0
962.0,851.0
962.0,883.0
966.0,962.0
963.0,22.0
963.0,445.0
963.0,563.0
963.0,782.0
964.0,92.0
964.0,693.0
964.0,763.0
964.0,940.0
964.0,962.0
995.0,964.0
965.0,84.0
965.0,230.0
965.0,354.0
965.0,644.0
965.0,773.0
966.0,707.0
966.0,938.0
966.0,952.0
967.0,215.0
967.0,224.0
967.0,679.0
967.0,698.0
967.0,767.0
967.0,951.0
968.0,31.0
968.0,527.0
968.0,792.0
968.0,874.0
968.0,887.0
968.0,920.0
968.0,956.0
969.0,132.0
969.0,175.0
969.0,466.0
969.0,744.0
969.0,796.0
969.0,806.0
995.0,969.0
996.0,969.0
970.0,247.0
970.0,862.0
971.0,672.0
971.0,716.0
971.0,746.0
971.0,750.0
971.0,875.0
971.0,918.0
972.0,53.0
972.0,292.0
972.0,425.0
972.0,683.0
972.0,685.0
972.0,848.0
972.0,898.0
973.0,127.0
973.0,761.0
973.0,914.0
973.0,929.0
974.0,854.0
974.0,867.0
974.0,939.0
975.0,214.0
975.0,702.0
975.0,707.0
975.0,752.0
975.0,841.0
975.0,946.0
975.0,948.0
975.0,953.0
976.0,539.0
976.0,599.0
976.0,686.0
976.0,692.0
976.0,771.0
976.0,825.0
977.0,160.0
977.0,256.0
977.0,448.0
977.0,613.0
977.0,707.0
977.0,733.0
977.0,744.0
977.0,762.0
977.0,789.0
977.0,856.0
977.0,913.0
977.0,942.0
978.0,360.0
978.0,442.0
978.0,940.0
979.0,278.0
979.0,398.0
979.0,688.0
979.0,733.0
979.0,754.0
979.0,794.0
979.0,829.0
979.0,917.0
980.0,791.0
981.0,107.0
981.0,682.0
981.0,690.0
981.0,701.0
981.0,709.0
981.0,785.0
981.0,957.0
987.0,981.0
982.0,478.0
982.0,504.0
982.0,744.0
982.0,887.0
989.0,982.0
983.0,119.0
983.0,697.0
983.0,742.0
983.0,806.0
983.0,926.0
983.0,939.0
983.0,960.0
984.0,679.0
984.0,713.0
984.0,750.0
984.0,759.0
984.0,816.0
984.0,886.0
985.0,549.0
985.0,710.0
985.0,720.0
985.0,726.0
985.0,743.0
985.0,794.0
985.0,824.0
985.0,965.0
986.0,21.0
986.0,826.0
987.0,21.0
987.0,136.0
987.0,433.0
987.0,687.0
987.0,773.0
987.0,837.0
987.0,900.0
988.0,684.0
988.0,941.0
989.0,212.0
989.0,843.0
990.0,8.0
990.0,374.0
990.0,908.0
991.0,418.0
991.0,456.0
991.0,477.0
991.0,542.0
991.0,852.0
991.0,900.0
991.0,912.0
992.0,32.0
992.0,699.0
992.0,718.0
992.0,771.0
992.0,781.0
992.0,870.0
992.0,901.0
992.0,939.0
993.0,992.0
993.0,50.0
994.0,8.0
994.0,285.0
994.0,296.0
994.0,866.0
994.0,967.0
995.0,394.0
995.0,725.0
995.0,764.0
995.0,773.0
995.0,981.0
996.0,366.0
996.0,400.0
996.0,750.0
996.0,784.0
996.0,822.0
996.0,873.0
996.0,966.0
997.0,169.0
997.0,807.0
997.0,925.0
997.0,940.0
997.0,958.0
998.0,304.0
998.0,723.0
998.0,763.0
998.0,779.0
999.0,522.0
999.0,836.0
999.0,914.0
0.0,289.0
1.0,105.0
1.0,204.0
1.0,259.0
2.0,150.0
2.0,267.0
3.0,46.0
3.0,202.0
3.0,964.0
4.0,188.0
4.0,279.0
4.0,295.0
4.0,306.0
4.0,775.0
5.0,37.0
5.0,251.0
6.0,103.0
6.0,259.0
6.0,268.0
6.0,337.0
6.0,810.0
7.0,157.0
7.0,237.0
7.0,732.0
7.0,767.0
7.0,956.0
7.0,999.0
8.0,51.0
8.0,162.0
8.0,247.0
8.0,414.0
8.0,906.0
9.0,71.0
9.0,172.0
9.0,312.0
9.0,389.0
9.0,776.0
10.0,82.0
10.0,589.0
10.0,663.0
10.0,743.0
10.0,797.0
10.0,960.0
11.0,45.0
11.0,84.0
11.0,110.0
11.0,127.0
11.0,140.0
11.0,196.0
11.0,359.0
12.0,76.0
12.0,160.0
12.0,339.0
12.0,353.0
12.0,871.0
13.0,37.0
13.0,38.0
13.0,160.0
13.0,203.0
13.0,253.0
13.0,383.0
13.0,896.0
10.0,14.0
14.0,35.0
14.0,54.0
14.0,207.0
14.0,243.0
14.0,255.0
14.0,291.0
14.0,297.0
14.0,483.0
15.0,19.0
15.0,210.0
16.0,55.0
16.0,99.0
16.0,119.0
16.0,170.0
16.0,993.0
4.0,17.0
17.0,50.0
17.0,66.0
17.0,155.0
17.0,175.0
17.0,310.0
17.0,959.0
14.0,18.0
18.0,41.0
18.0,602.0
18.0,660.0
18.0,828.0
19.0,129.0
19.0,199.0
19.0,309.0
19.0,321.0
19.0,744.0
20.0,33.0
20.0,35.0
20.0,173.0
20.0,206.0
20.0,223.0
20.0,250.0
20.0,301.0
20.0,744.0
20.0,880.0
17.0,21.0
21.0,43.0
21.0,187.0
17.0,22.0
22.0,55.0
22.0,287.0
22.0,405.0
22.0,598.0
17.0,23.0
23.0,302.0
23.0,937.0
24.0,125.0
24.0,150.0
24.0,183.0
24.0,205.0
24.0,218.0
24.0,284.0
10.0,25.0
25.0,31.0
25.0,208.0
25.0,222.0
25.0,245.0
25.0,278.0
26.0,77.0
26.0,123.0
26.0,208.0
26.0,318.0
26.0,534.0
26.0,820.0
27.0,37.0
27.0,138.0
27.0,141.0
27.0,235.0
27.0,300.0
27.0,507.0
27.0,710.0
27.0,983.0
28.0,30.0
28.0,143.0
29.0,170.0
29.0,328.0
29.0,542.0
13.0,30.0
30.0,318.0
30.0,860.0
29.0,31.0
31.0,125.0
31.0,127.0
31.0,128.0
31.0,164.0
31.0,197.0
31.0,250.0
31.0,280.0
31.0,797.0
31.0,861.0
32.0,292.0
32.0,372.0
33.0,42.0
33.0,136.0
33.0,157.0
33.0,473.0
34.0,39.0
34.0,109.0
34.0,296.0
34.0,746.0
35.0,47.0
35.0,97.0
35.0,107.0
35.0,207.0
35.0,272.0
35.0,307.0
35.0,312.0
35.0,564.0
35.0,757.0
35.0,876.0
35.0,967.0
35.0,977.0
36.0,104.0
36.0,116.0
36.0,651.0
37.0,128.0
37.0,260.0
37.0,292.0
37.0,651.0
37.0,782.0
38.0,56.0
38.0,309.0
39.0,102.0
39.0,177.0
39.0,259.0
39.0,294.0
39.0,336.0
40.0,201.0
40.0,691.0
40.0,855.0
35.0,41.0
41.0,150.0
41.0,243.0
41.0,305.0
41.0,840.0
42.0,129.0
42.0,167.0
42.0,228.0
42.0,241.0
42.0,399.0
42.0,726.0
20.0,43.0
43.0,156.0
43.0,225.0
43.0,561.0
44.0,59.0
45.0,271.0
45.0,285.0
45.0,845.0
45.0,944.0
36.0,46.0
46.0,671.0
47.0,72.0
47.0,77.0
47.0,92.0
47.0,266.0
47.0,837.0
47.0,929.0
7.0,48.0
48.0,278.0
48.0,522.0
49.0,130.0
49.0,230.0
49.0,303.0
49.0,547.0
49.0,788.0
49.0,978.0
0.0,50.0
51.0,87.0
51.0,591.0
51.0,678.0
51.0,944.0
51.0,997.0
52.0,264.0
52.0,584.0
52.0,597.0
52.0,901.0
14.0,53.0
21.0,53.0
53.0,300.0
53.0,329.0
53.0,999.0
54.0,59.0
54.0,267.0
54.0,424.0
55.0,88.0
55.0,114.0
55.0,165.0
55.0,178.0
55.0,296.0
55.0,327.0
42.0,56.0
56.0,77.0
32.0,57.0
37.0,57.0
57.0,159.0
57.0,214.0
57.0,301.0
57.0,697.0
33.0,58.0
58.0,63.0
58.0,135.0
58.0,160.0
58.0,343.0
58.0,426.0
58.0,508.0
58.0,655.0
58.0,766.0
58.0,835.0
59.0,63.0
59.0,302.0
48.0,60.0
60.0,143.0
60.0,495.0
60.0,821.0
1.0,61.0
27.0,61.0
61.0,70.0
61.0,87.0
61.0,188.0
61.0,265.0
62.0,244.0
62.0,833.0
24.0,63.0
63.0,211.0
63.0,281.0
25.0,64.0
64.0,253.0
64.0,322.0
64.0,810.0
64.0,955.0
65.0,136.0
65.0,220.0
65.0,294.0
66.0,151.0
66.0,156.0
66.0,547.0
38.0,67.0
53.0,67.0
57.0,67.0
67.0,87.0
67.0,850.0
6.0,68.0
68.0,161.0
68.0,212.0
68.0,939.0
69.0,154.0
69.0,194.0
69.0,235.0
69.0,302.0
69.0,312.0
69.0,347.0
69.0,464.0
69.0,630.0
69.0,843.0
32.0,70.0
70.0,80.0
70.0,92.0
70.0,192.0
70.0,213.0
5.0,71.0
71.0,141.0
71.0,326.0
71.0,344.0
71.0,568.0
20.0,72.0
49.0,72.0
72.0,91.0
72.0,119.0
72.0,173.0
72.0,668.0
29.0,73.0
73.0,85.0
73.0,135.0
73.0,284.0
73.0,384.0
74.0,300.0
74.0,305.0
74.0,326.0
74.0,327.0
74.0,983.0
74.0,987.0
75.0,304.0
75.0,839.0
76.0,200.0
76.0,207.0
76.0,285.0
77.0,121.0
77.0,289.0
78.0,157.0
78.0,801.0
7.0,79.0
21.0,79.0
79.0,87.0
79.0,113.0
79.0,381.0
79.0,610.0
79.0,870.0
43.0,80.0
66.0,80.0
80.0,150.0
80.0,264.0
80.0,300.0
80.0,886.0
81.0,100.0
81.0,158.0
81.0,233.0
81.0,724.0
60.0,82.0
82.0,195.0
82.0,286.0
82.0,334.0
82.0,389.0
82.0,475.0
82.0,502.0
82.0,557.0
82.0,670.0
1.0,83.0
39.0,83.0
83.0,119.0
83.0,143.0
83.0,180.0
83.0,234.0
83.0,244.0
83.0,870.0
58.0,84.0
84.0,305.0
84.0,452.0
33.0,85.0
34.0,85.0
82.0,85.0
85.0,155.0
85.0,468.0
85.0,546.0
6.0,86.0
86.0,152.0
86.0,177.0
86.0,218.0
86.0,396.0
86.0,679.0
87.0,93.0
87.0,106.0
87.0,121.0
87.0,260.0
87.0,938.0
67.0,88.0
88.0,103.0
88.0,164.0
88.0,301.0
9.0,89.0
89.0,91.0
89.0,188.0
89.0,261.0
90.0,356.0
90.0,421.0
90.0,468.0
90.0,592.0
13.0,91.0
91.0,155.0
91.0,286.0
91.0,293.0
91.0,769.0
91.0,999.0
92.0,109.0
92.0,236.0
92.0,297.0
92.0,418.0
92.0,879.0
92.0,968.0
7.0,93.0
93.0,94.0
93.0,118.0
93.0,239.0
93.0,313.0
74.0,94.0
75.0,94.0
94.0,352.0
94.0,775.0
8.0,95.0
54.0,95.0
77.0,95.0
88.0,95.0
95.0,287.0
95.0,465.0
95.0,631.0
95.0,759.0
95.0,854.0
96.0,206.0
96.0,434.0
96.0,556.0
96.0,963.0
0.0,97.0
52.0,97.0
97.0,215.0
97.0,246.0
97.0,272.0
97.0,912.0
98.0,311.0
98.0,871.0
98.0,999.0
99.0,122.0
99.0,194.0
99.0,241.0
99.0,886.0
99.0,912.0
93.0,100.0
100.0,287.0
100.0,458.0
101.0,194.0
101.0,295.0
101.0,406.0
101.0,450.0
101.0,796.0
33.0,102.0
102.0,173.0
102.0,213.0
102.0,257.0
102.0,743.0
34.0,103.0
103.0,146.0
103.0,273.0
103.0,617.0
50.0,104.0
104.0,375.0
104.0,439.0
104.0,613.0
104.0,647.0
30.0,105.0
39.0,105.0
88.0,105.0
90.0,105.0
105.0,160.0
105.0,199.0
105.0,586.0
101.0,106.0
106.0,168.0
106.0,204.0
106.0,415.0
106.0,818.0
49.0,107.0
107.0,255.0
107.0,265.0
107.0,460.0
97.0,108.0
105.0,108.0
108.0,119.0
108.0,354.0
108.0,587.0
108.0,999.0
50.0,109.0
81.0,109.0
109.0,118.0
109.0,127.0
109.0,306.0
99.0,110.0
110.0,176.0
110.0,244.0
110.0,303.0
110.0,315.0
110.0,610.0
110.0,983.0
110.0,985.0
110.0,997.0
7.0,111.0
111.0,168.0
111.0,171.0
111.0,238.0
111.0,790.0
28.0,112.0
112.0,230.0
112.0,335.0
112.0,489.0
112.0,621.0
38.0,113.0
113.0,555.0
114.0,129.0
114.0,204.0
114.0,249.0
114.0,367.0
114.0,801.0
114.0,931.0
24.0,115.0
91.0,115.0
94.0,115.0
115.0,194.0
115.0,220.0
115.0,226.0
115.0,278.0
115.0,521.0
115.0,792.0
115.0,955.0
115.0,981.0
0.0,116.0
117.0,271.0
117.0,806.0
117.0,939.0
118.0,191.0
118.0,228.0
118.0,273.0
119.0,143.0
119.0,252.0
119.0,296.0
119.0,379.0
119.0,485.0
119.0,751.0
120.0,351.0
120.0,834.0
99.0,121.0
121.0,129.0
121.0,163.0
121.0,311.0
121.0,906.0
55.0,122.0
85.0,122.0
116.0,122.0
122.0,131.0
122.0,280.0
122.0,288.0
122.0,309.0
122.0,745.0
122.0,808.0
53.0,123.0
123.0,147.0
83.0,124.0
124.0,189.0
124.0,304.0
124.0,394.0
124.0,699.0
124.0,791.0
124.0,936.0
81.0,125.0
125.0,178.0
125.0,193.0
125.0,200.0
125.0,918.0
126.0,212.0
126.0,231.0
126.0,332.0
126.0,477.0
120.0,127.0
127.0,191.0
127.0,228.0
127.0,902.0
127.0,934.0
25.0,128.0
52.0,128.0
58.0,128.0
128.0,177.0
128.0,270.0
128.0,487.0
128.0,595.0
129.0,296.0
129.0,305.0
129.0,306.0
129.0,342.0
129.0,420.0
129.0,791.0
54.0,130.0
112.0,130.0
130.0,139.0
130.0,247.0
66.0,131.0
72.0,131.0
131.0,254.0
131.0,433.0
131.0,688.0
38.0,132.0
65.0,132.0
88.0,132.0
132.0,133.0
132.0,163.0
132.0,233.0
132.0,291.0
132.0,673.0
26.0,133.0
104.0,133.0
133.0,292.0
133.0,298.0
12.0,134.0
60.0,134.0
75.0,134.0
98.0,134.0
117.0,134.0
125.0,134.0
134.0,197.0
134.0,303.0
134.0,431.0
134.0,565.0
134.0,965.0
22.0,135.0
24.0,135.0
73.0,135.0
135.0,965.0
133.0,136.0
136.0,231.0
136.0,270.0
76.0,137.0
105.0,137.0
133.0,137.0
137.0,141.0
137.0,280.0
137.0,322.0
137.0,360.0
138.0,188.0
138.0,534.0
138.0,762.0
139.0,148.0
139.0,189.0
139.0,676.0
55.0,140.0
57.0,140.0
73.0,140.0
85.0,140.0
140.0,141.0
140.0,645.0
10.0,141.0
63.0,141.0
67.0,141.0
141.0,143.0
141.0,150.0
141.0,184.0
141.0,248.0
141.0,612.0
141.0,805.0
141.0,856.0
142.0,153.0
142.0,290.0
142.0,313.0
142.0,319.0
142.0,959.0
39.0,143.0
58.0,143.0
143.0,402.0
143.0,539.0
22.0,144.0
133.0,144.0
144.0,223.0
144.0,267.0
145.0,160.0
145.0,240.0
145.0,682.0
145.0,781.0
7.0,146.0
146.0,168.0
146.0,207.0
146.0,225.0
146.0,232.0
147.0,186.0
147.0,338.0
147.0,526.0
61.0,148.0
148.0,513.0
148.0,650.0
148.0,874.0
125.0,149.0
149.0,212.0
149.0,324.0
149.0,363.0
149.0,401.0
149.0,439.0
34.0,150.0
55.0,150.0
82.0,150.0
124.0,150.0
150.0,419.0
150.0,488.0
150.0,630.0
150.0,709.0
150.0,955.0
18.0,151.0
65.0,151.0
151.0,522.0
151.0,555.0
18.0,152.0
19.0,152.0
30.0,152.0
85.0,152.0
126.0,152.0
152.0,258.0
152.0,292.0
152.0,352.0
152.0,357.0
152.0,730.0
152.0,961.0
41.0,153.0
109.0,153.0
153.0,206.0
153.0,353.0
153.0,766.0
148.0,154.0
154.0,169.0
154.0,194.0
154.0,208.0
154.0,256.0
154.0,279.0
154.0,297.0
154.0,562.0
154.0,781.0
47.0,155.0
88.0,155.0
155.0,156.0
155.0,167.0
155.0,257.0
155.0,268.0
155.0,320.0
155.0,641.0
155.0,667.0
155.0,684.0
156.0,288.0
156.0,468.0
156.0,973.0
0.0,157.0
61.0,157.0
157.0,231.0
157.0,247.0
157.0,299.0
157.0,417.0
157.0,681.0
158.0,203.0
158.0,299.0
158.0,300.0
158.0,491.0
159.0,189.0
159.0,432.0
159.0,539.0
159.0,800.0
160.0,192.0
160.0,213.0
160.0,350.0
10.0,161.0
16.0,161.0
145.0,161.0
161.0,237.0
161.0,287.0
161.0,319.0
161.0,622.0
161.0,908.0
62.0,162.0
141.0,162.0
162.0,230.0
162.0,255.0
162.0,303.0
162.0,416.0
74.0,163.0
163.0,271.0
164.0,225.0
164.0,326.0
164.0,642.0
164.0,938.0
49.0,165.0
105.0,165.0
165.0,248.0
165.0,297.0
165.0,433.0
165.0,500.0
165.0,723.0
165.0,787.0
8.0,166.0
56.0,166.0
136.0,166.0
155.0,166.0
166.0,268.0
166.0,642.0
166.0,720.0
19.0,167.0
71.0,167.0
167.0,258.0
167.0,292.0
167.0,313.0
167.0,338.0
167.0,460.0
167.0,717.0
167.0,757.0
167.0,882.0
116.0,168.0
168.0,307.0
168.0,329.0
168.0,532.0
168.0,861.0
28.0,169.0
87.0,169.0
169.0,241.0
169.0,616.0
170.0,474.0
170.0,598.0
170.0,643.0
170.0,843.0
170.0,919.0
136.0,171.0
171.0,189.0
171.0,234.0
171.0,241.0
171.0,820.0
171.0,914.0
100.0,172.0
172.0,232.0
172.0,364.0
172.0,492.0
172.0,591.0
172.0,704.0
172.0,706.0
172.0,765.0
77.0,173.0
173.0,262.0
173.0,823.0
173.0,904.0
173.0,955.0
172.0,174.0
173.0,174.0
174.0,253.0
174.0,350.0
174.0,419.0
174.0,435.0
174.0,818.0
174.0,857.0
175.0,441.0
175.0,465.0
134.0,176.0
169.0,176.0
176.0,195.0
176.0,817.0
176.0,903.0
35.0,177.0
123.0,177.0
175.0,177.0
177.0,185.0
177.0,368.0
177.0,582.0
177.0,737.0
177.0,765.0
177.0,901.0
177.0,916.0
68.0,178.0
178.0,188.0
178.0,330.0
178.0,860.0
35.0,179.0
179.0,194.0
179.0,233.0
179.0,295.0
180.0,204.0
180.0,250.0
180.0,438.0
180.0,493.0
180.0,496.0
25.0,181.0
88.0,181.0
124.0,181.0
125.0,181.0
181.0,253.0
21.0,182.0
182.0,464.0
182.0,551.0
182.0,873.0
89.0,183.0
101.0,183.0
131.0,183.0
171.0,183.0
183.0,216.0
183.0,315.0
183.0,332.0
183.0,530.0
59.0,184.0
184.0,316.0
5.0,185.0
55.0,185.0
63.0,185.0
141.0,185.0
185.0,553.0
79.0,186.0
163.0,186.0
186.0,411.0
186.0,594.0
186.0,742.0
32.0,187.0
99.0,187.0
154.0,187.0
187.0,235.0
187.0,304.0
27.0,188.0
73.0,188.0
109.0,188.0
125.0,188.0
188.0,764.0
120.0,189.0
130.0,189.0
176.0,189.0
189.0,261.0
189.0,273.0
189.0,448.0
189.0,510.0
189.0,862.0
45.0,190.0
173.0,190.0
190.0,329.0
190.0,789.0
190.0,852.0
60.0,191.0
191.0,539.0
191.0,959.0
45.0,192.0
86.0,192.0
93.0,192.0
192.0,229.0
192.0,738.0
31.0,193.0
193.0,262.0
193.0,298.0
193.0,322.0
193.0,785.0
193.0,789.0
193.0,980.0
29.0,194.0
171.0,194.0
194.0,402.0
194.0,583.0
141.0,195.0
195.0,302.0
195.0,909.0
196.0,240.0
196.0,245.0
196.0,255.0
196.0,378.0
196.0,990.0
42.0,197.0
197.0,551.0
197.0,600.0
196.0,198.0
198.0,363.0
162.0,199.0
199.0,413.0
199.0,673.0
79.0,200.0
90.0,200.0
150.0,200.0
200.0,247.0
200.0,766.0
34.0,201.0
96.0,201.0
99.0,201.0
201.0,268.0
201.0,311.0
201.0,314.0
201.0,794.0
3.0,202.0
185.0,202.0
202.0,318.0
202.0,323.0
202.0,534.0
202.0,980.0
199.0,203.0
203.0,217.0
203.0,318.0
203.0,320.0
203.0,611.0
134.0,204.0
204.0,303.0
204.0,682.0
36.0,205.0
68.0,205.0
205.0,419.0
205.0,913.0
205.0,922.0
19.0,206.0
105.0,206.0
200.0,206.0
206.0,233.0
206.0,254.0
206.0,916.0
17.0,207.0
207.0,231.0
207.0,240.0
207.0,297.0
208.0,213.0
208.0,257.0
208.0,336.0
208.0,342.0
208.0,517.0
209.0,211.0
209.0,779.0
189.0,210.0
210.0,263.0
210.0,269.0
147.0,211.0
211.0,924.0
27.0,212.0
108.0,212.0
212.0,244.0
212.0,687.0
212.0,760.0
212.0,955.0
74.0,213.0
154.0,213.0
213.0,333.0
21.0,214.0
40.0,214.0
57.0,214.0
214.0,302.0
37.0,215.0
215.0,463.0
215.0,614.0
215.0,618.0
39.0,216.0
64.0,216.0
77.0,216.0
172.0,216.0
205.0,216.0
216.0,328.0
216.0,387.0
216.0,873.0
217.0,246.0
217.0,318.0
7.0,218.0
181.0,218.0
10.0,219.0
35.0,219.0
88.0,219.0
170.0,219.0
185.0,219.0
199.0,219.0
219.0,485.0
219.0,746.0
219.0,799.0
178.0,220.0
220.0,224.0
84.0,221.0
165.0,221.0
207.0,221.0
221.0,294.0
221.0,430.0
221.0,731.0
221.0,786.0
157.0,222.0
179.0,222.0
222.0,302.0
222.0,694.0
222.0,820.0
133.0,223.0
198.0,224.0
210.0,224.0
224.0,534.0
224.0,912.0
87.0,225.0
225.0,553.0
40.0,226.0
58.0,226.0
67.0,226.0
108.0,226.0
161.0,226.0
205.0,226.0
226.0,484.0
226.0,680.0
226.0,774.0
226.0,935.0
55.0,227.0
119.0,227.0
123.0,227.0
151.0,227.0
163.0,227.0
227.0,384.0
227.0,545.0
227.0,926.0
228.0,244.0
228.0,896.0
53.0,229.0
138.0,229.0
159.0,229.0
223.0,229.0
213.0,230.0
230.0,602.0
230.0,856.0
7.0,231.0
22.0,231.0
127.0,231.0
231.0,607.0
231.0,777.0
231.0,985.0
11.0,232.0
136.0,232.0
139.0,232.0
232.0,245.0
232.0,268.0
34.0,233.0
140.0,233.0
222.0,233.0
233.0,270.0
233.0,457.0
233.0,461.0
233.0,593.0
233.0,991.0
111.0,234.0
130.0,234.0
234.0,856.0
182.0,235.0
235.0,358.0
235.0,375.0
235.0,424.0
235.0,580.0
235.0,654.0
128.0,236.0
151.0,236.0
158.0,236.0
236.0,277.0
236.0,434.0
236.0,734.0
236.0,846.0
175.0,237.0
184.0,237.0
237.0,293.0
71.0,238.0
81.0,238.0
100.0,238.0
149.0,238.0
238.0,261.0
238.0,281.0
238.0,239.0
239.0,252.0
240.0,324.0
240.0,544.0
0.0,241.0
20.0,241.0
51.0,241.0
84.0,241.0
100.0,241.0
212.0,241.0
241.0,374.0
242.0,372.0
242.0,581.0
242.0,933.0
173.0,243.0
223.0,243.0
229.0,243.0
243.0,269.0
243.0,614.0
243.0,856.0
155.0,244.0
244.0,258.0
244.0,314.0
244.0,530.0
244.0,984.0
154.0,245.0
245.0,256.0
245.0,510.0
245.0,667.0
107.0,246.0
153.0,246.0
246.0,267.0
246.0,652.0
247.0,553.0
247.0,698.0
247.0,847.0
19.0,248.0
116.0,248.0
248.0,298.0
22.0,249.0
146.0,249.0
192.0,249.0
249.0,386.0
249.0,595.0
102.0,250.0
130.0,250.0
240.0,250.0
250.0,266.0
250.0,443.0
250.0,564.0
18.0,251.0
45.0,251.0
86.0,251.0
105.0,251.0
215.0,251.0
251.0,717.0
158.0,252.0
252.0,291.0
252.0,293.0
252.0,667.0
252.0,810.0
252.0,880.0
84.0,253.0
253.0,263.0
253.0,286.0
253.0,381.0
253.0,427.0
10.0,254.0
21.0,254.0
119.0,254.0
254.0,575.0
254.0,593.0
254.0,995.0
94.0,255.0
212.0,255.0
255.0,608.0
140.0,256.0
241.0,256.0
0.0,257.0
61.0,258.0
258.0,270.0
258.0,738.0
258.0,823.0
64.0,259.0
193.0,259.0
225.0,259.0
259.0,677.0
259.0,769.0
29.0,260.0
71.0,260.0
105.0,260.0
139.0,261.0
184.0,261.0
261.0,268.0
261.0,381.0
100.0,262.0
146.0,262.0
197.0,262.0
213.0,262.0
262.0,274.0
262.0,583.0
262.0,621.0
262.0,844.0
34.0,263.0
37.0,263.0
110.0,263.0
245.0,263.0
263.0,276.0
263.0,409.0
145.0,264.0
264.0,276.0
264.0,780.0
264.0,827.0
186.0,265.0
118.0,266.0
244.0,266.0
266.0,298.0
266.0,403.0
266.0,569.0
266.0,896.0
37.0,267.0
255.0,267.0
267.0,402.0
267.0,408.0
157.0,268.0
246.0,268.0
268.0,644.0
268.0,870.0
268.0,914.0
8.0,269.0
31.0,270.0
59.0,270.0
234.0,270.0
270.0,294.0
15.0,271.0
271.0,888.0
38.0,272.0
74.0,272.0
162.0,272.0
210.0,272.0
272.0,285.0
272.0,597.0
43.0,273.0
46.0,273.0
73.0,273.0
154.0,273.0
222.0,273.0
273.0,783.0
273.0,829.0
273.0,969.0
36.0,274.0
150.0,274.0
213.0,274.0
220.0,274.0
11.0,275.0
115.0,275.0
275.0,679.0
275.0,923.0
21.0,276.0
29.0,276.0
77.0,276.0
232.0,276.0
276.0,691.0
276.0,987.0
10.0,277.0
127.0,277.0
146.0,277.0
147.0,277.0
277.0,303.0
277.0,402.0
277.0,731.0
277.0,901.0
277.0,993.0
169.0,278.0
278.0,458.0
278.0,537.0
278.0,768.0
71.0,279.0
142.0,279.0
196.0,279.0
206.0,279.0
240.0,279.0
279.0,305.0
279.0,438.0
279.0,482.0
279.0,488.0
279.0,832.0
75.0,280.0
78.0,280.0
258.0,280.0
280.0,299.0
280.0,441.0
280.0,903.0
26.0,281.0
199.0,281.0
222.0,281.0
258.0,281.0
281.0,449.0
94.0,282.0
282.0,287.0
282.0,311.0
282.0,474.0
282.0,742.0
8.0,283.0
71.0,283.0
283.0,645.0
2.0,284.0
38.0,284.0
246.0,284.0
284.0,406.0
128.0,285.0
193.0,285.0
285.0,385.0
285.0,871.0
75.0,286.0
256.0,286.0
286.0,458.0
286.0,460.0
286.0,519.0
286.0,569.0
51.0,287.0
73.0,287.0
85.0,287.0
92.0,287.0
198.0,287.0
287.0,288.0
287.0,311.0
287.0,731.0
20.0,288.0
43.0,288.0
212.0,288.0
269.0,288.0
273.0,288.0
288.0,391.0
288.0,407.0
288.0,463.0
288.0,564.0
288.0,672.0
288.0,965.0
126.0,289.0
162.0,289.0
289.0,309.0
289.0,357.0
289.0,368.0
289.0,880.0
289.0,999.0
197.0,290.0
212.0,290.0
146.0,291.0
172.0,291.0
175.0,291.0
197.0,291.0
291.0,617.0
55.0,292.0
292.0,822.0
137.0,293.0
171.0,293.0
177.0,293.0
46.0,294.0
202.0,294.0
210.0,294.0
240.0,294.0
269.0,294.0
294.0,495.0
294.0,971.0
155.0,295.0
295.0,303.0
30.0,296.0
123.0,296.0
282.0,296.0
296.0,756.0
208.0,297.0
297.0,450.0
297.0,940.0
13.0,298.0
147.0,298.0
195.0,298.0
298.0,431.0
298.0,477.0
298.0,806.0
31.0,299.0
82.0,299.0
105.0,299.0
119.0,299.0
121.0,299.0
271.0,299.0
299.0,983.0
70.0,300.0
259.0,300.0
300.0,311.0
300.0,741.0
300.0,842.0
37.0,301.0
126.0,301.0
301.0,664.0
301.0,943.0
97.0,302.0
121.0,302.0
302.0,317.0
302.0,385.0
302.0,506.0
302.0,558.0
302.0,834.0
302.0,908.0
302.0,958.0
303.0,304.0
303.0,716.0
303.0,897.0
77.0,304.0
280.0,304.0
304.0,314.0
304.0,787.0
304.0,858.0
304.0,966.0
1.0,305.0
104.0,305.0
136.0,305.0
305.0,658.0
33.0,306.0
103.0,306.0
306.0,518.0
11.0,307.0
108.0,307.0
307.0,823.0
106.0,308.0
138.0,308.0
184.0,308.0
236.0,308.0
246.0,308.0
225.0,309.0
293.0,309.0
30.0,310.0
38.0,310.0
121.0,310.0
310.0,319.0
310.0,894.0
79.0,311.0
209.0,311.0
252.0,311.0
307.0,311.0
310.0,311.0
311.0,316.0
311.0,479.0
311.0,678.0
311.0,888.0
47.0,312.0
184.0,312.0
280.0,312.0
312.0,722.0
183.0,313.0
242.0,313.0
313.0,421.0
313.0,598.0
313.0,786.0
38.0,314.0
131.0,314.0
254.0,314.0
314.0,329.0
314.0,616.0
315.0,686.0
66.0,316.0
316.0,326.0
316.0,587.0
15.0,317.0
96.0,317.0
313.0,317.0
317.0,334.0
157.0,318.0
218.0,318.0
261.0,318.0
297.0,318.0
318.0,717.0
318.0,925.0
206.0,319.0
230.0,319.0
243.0,319.0
287.0,319.0
297.0,319.0
319.0,353.0
319.0,696.0
319.0,720.0
19.0,320.0
39.0,320.0
132.0,320.0
211.0,320.0
319.0,320.0
320.0,647.0
320.0,756.0
320.0,943.0
320.0,950.0
239.0,321.0
321.0,363.0
321.0,431.0
321.0,617.0
321.0,884.0
321.0,893.0
321.0,911.0
65.0,322.0
94.0,322.0
95.0,322.0
182.0,322.0
205.0,322.0
322.0,736.0
37.0,323.0
88.0,323.0
116.0,323.0
292.0,323.0
307.0,323.0
323.0,419.0
34.0,324.0
82.0,324.0
95.0,324.0
162.0,324.0
199.0,324.0
321.0,324.0
324.0,646.0
324.0,690.0
324.0,795.0
14.0,325.0
28.0,325.0
50.0,325.0
38.0,326.0
153.0,326.0
172.0,326.0
313.0,326.0
326.0,640.0
326.0,782.0
326.0,921.0
163.0,327.0
171.0,327.0
303.0,327.0
327.0,915.0
327.0,968.0
114.0,328.0
210.0,328.0
288.0,328.0
50.0,329.0
209.0,329.0
296.0,329.0
297.0,329.0
315.0,329.0
329.0,628.0
329.0,885.0
24.0,330.0
113.0,330.0
118.0,330.0
208.0,330.0
330.0,719.0
106.0,331.0
162.0,331.0
176.0,331.0
198.0,331.0
331.0,784.0
331.0,836.0
141.0,332.0
255.0,332.0
333.0,545.0
333.0,568.0
333.0,833.0
333.0,877.0
0.0,334.0
24.0,335.0
335.0,447.0
335.0,456.0
234.0,336.0
336.0,345.0
336.0,358.0
336.0,612.0
336.0,963.0
88.0,337.0
323.0,337.0
335.0,337.0
337.0,373.0
337.0,475.0
337.0,576.0
337.0,580.0
337.0,669.0
84.0,338.0
338.0,485.0
26.0,339.0
231.0,339.0
339.0,427.0
339.0,650.0
339.0,657.0
339.0,806.0
339.0,949.0
195.0,340.0
340.0,431.0
340.0,449.0
340.0,480.0
340.0,663.0
314.0,341.0
336.0,341.0
341.0,367.0
341.0,468.0
341.0,581.0
341.0,633.0
341.0,832.0
342.0,588.0
342.0,642.0
342.0,661.0
65.0,343.0
343.0,365.0
343.0,441.0
343.0,562.0
343.0,656.0
343.0,665.0
343.0,848.0
344.0,391.0
344.0,427.0
344.0,440.0
344.0,454.0
344.0,615.0
344.0,800.0
345.0,410.0
345.0,440.0
345.0,550.0
345.0,552.0
345.0,572.0
345.0,649.0
346.0,486.0
346.0,567.0
346.0,581.0
346.0,662.0
346.0,891.0
347.0,403.0
347.0,519.0
347.0,542.0
347.0,668.0
347.0,771.0
347.0,786.0
120.0,348.0
192.0,348.0
348.0,450.0
348.0,493.0
348.0,575.0
348.0,651.0
348.0,677.0
151.0,349.0
349.0,399.0
349.0,403.0
349.0,440.0
349.0,448.0
349.0,513.0
349.0,605.0
349.0,669.0
350.0,386.0
350.0,465.0
350.0,656.0
346.0,351.0
351.0,614.0
351.0,635.0
352.0,355.0
352.0,393.0
352.0,413.0
352.0,440.0
352.0,749.0
78.0,353.0
351.0,353.0
353.0,387.0
353.0,428.0
353.0,437.0
353.0,508.0
353.0,661.0
354.0,818.0
197.0,355.0
355.0,496.0
355.0,525.0
355.0,775.0
355.0,794.0
355.0,946.0
266.0,356.0
356.0,380.0
356.0,408.0
356.0,427.0
356.0,510.0
356.0,610.0
124.0,357.0
265.0,357.0
355.0,357.0
357.0,381.0
357.0,543.0
357.0,594.0
357.0,639.0
357.0,717.0
357.0,962.0
358.0,450.0
358.0,606.0
358.0,937.0
358.0,975.0
16.0,359.0
119.0,359.0
359.0,441.0
359.0,507.0
359.0,581.0
359.0,647.0
359.0,976.0
360.0,384.0
360.0,487.0
360.0,535.0
360.0,764.0
360.0,781.0
360.0,804.0
361.0,462.0
361.0,487.0
361.0,492.0
361.0,504.0
266.0,362.0
355.0,362.0
362.0,450.0
362.0,631.0
362.0,946.0
363.0,773.0
364.0,939.0
365.0,407.0
365.0,438.0
365.0,448.0
365.0,515.0
365.0,550.0
365.0,832.0
366.0,503.0
366.0,650.0
366.0,652.0
366.0,773.0
366.0,950.0
366.0,959.0
162.0,367.0
367.0,383.0
367.0,445.0
367.0,653.0
367.0,705.0
367.0,718.0
367.0,812.0
367.0,910.0
367.0,926.0
333.0,368.0
368.0,484.0
368.0,546.0
368.0,727.0
368.0,759.0
3.0,369.0
192.0,369.0
285.0,369.0
369.0,397.0
369.0,485.0
369.0,591.0
369.0,650.0
369.0,908.0
333.0,370.0
370.0,394.0
370.0,463.0
370.0,554.0
370.0,623.0
370.0,643.0
370.0,645.0
370.0,686.0
164.0,371.0
175.0,371.0
371.0,432.0
371.0,467.0
371.0,539.0
371.0,639.0
372.0,395.0
372.0,545.0
372.0,664.0
372.0,855.0
126.0,373.0
373.0,536.0
373.0,556.0
373.0,557.0
373.0,616.0
373.0,629.0
373.0,656.0
373.0,687.0
373.0,755.0
42.0,374.0
262.0,374.0
292.0,374.0
374.0,420.0
374.0,537.0
375.0,473.0
375.0,548.0
354.0,376.0
376.0,446.0
376.0,447.0
376.0,470.0
376.0,472.0
376.0,809.0
376.0,816.0
376.0,921.0
193.0,377.0
377.0,807.0
377.0,821.0
378.0,568.0
378.0,865.0
378.0,876.0
378.0,970.0
368.0,379.0
379.0,575.0
379.0,949.0
380.0,390.0
380.0,429.0
380.0,460.0
380.0,579.0
380.0,637.0
322.0,381.0
349.0,381.0
377.0,381.0
381.0,506.0
381.0,543.0
381.0,615.0
30.0,382.0
362.0,382.0
382.0,547.0
382.0,600.0
382.0,617.0
382.0,711.0
8.0,383.0
84.0,383.0
383.0,443.0
383.0,474.0
383.0,506.0
383.0,584.0
85.0,384.0
277.0,384.0
384.0,385.0
384.0,421.0
384.0,488.0
384.0,536.0
384.0,592.0
384.0,611.0
345.0,385.0
21.0,386.0
386.0,456.0
386.0,464.0
386.0,629.0
59.0,387.0
387.0,802.0
388.0,584.0
388.0,739.0
388.0,946.0
381.0,389.0
389.0,428.0
389.0,609.0
389.0,665.0
336.0,390.0
390.0,530.0
390.0,639.0
390.0,988.0
254.0,391.0
391.0,766.0
391.0,773.0
391.0,894.0
391.0,951.0
128.0,392.0
375.0,392.0
377.0,392.0
392.0,488.0
392.0,549.0
392.0,617.0
356.0,393.0
393.0,699.0
393.0,847.0
378.0,394.0
394.0,421.0
394.0,624.0
394.0,658.0
394.0,695.0
395.0,462.0
395.0,498.0
395.0,500.0
395.0,786.0
369.0,396.0
396.0,450.0
396.0,539.0
396.0,580.0
396.0,763.0
21.0,397.0
206.0,397.0
396.0,397.0
397.0,432.0
397.0,453.0
397.0,577.0
397.0,606.0
397.0,764.0
174.0,398.0
184.0,398.0
194.0,398.0
380.0,398.0
398.0,447.0
398.0,718.0
398.0,848.0
135.0,399.0
170.0,399.0
399.0,418.0
399.0,491.0
383.0,400.0
400.0,438.0
400.0,507.0
400.0,521.0
400.0,636.0
400.0,840.0
283.0,401.0
401.0,420.0
401.0,454.0
401.0,786.0
401.0,936.0
401.0,966.0
104.0,402.0
165.0,402.0
260.0,402.0
402.0,439.0
402.0,449.0
402.0,506.0
402.0,571.0
402.0,632.0
403.0,550.0
403.0,563.0
403.0,573.0
403.0,618.0
403.0,622.0
404.0,560.0
404.0,587.0
404.0,602.0
20.0,405.0
341.0,405.0
405.0,515.0
405.0,633.0
392.0,406.0
406.0,440.0
406.0,572.0
406.0,604.0
406.0,819.0
406.0,943.0
406.0,950.0
406.0,958.0
338.0,407.0
391.0,407.0
407.0,420.0
407.0,622.0
407.0,815.0
407.0,956.0
23.0,408.0
371.0,408.0
408.0,414.0
408.0,452.0
408.0,457.0
408.0,500.0
408.0,636.0
20.0,409.0
77.0,409.0
127.0,409.0
409.0,532.0
188.0,410.0
342.0,410.0
410.0,606.0
410.0,626.0
120.0,411.0
366.0,411.0
411.0,438.0
411.0,481.0
411.0,630.0
411.0,631.0
411.0,927.0
390.0,412.0
412.0,521.0
412.0,645.0
412.0,679.0
162.0,413.0
413.0,489.0
413.0,698.0
413.0,869.0
169.0,414.0
372.0,414.0
414.0,507.0
414.0,535.0
414.0,570.0
414.0,624.0
414.0,627.0
414.0,635.0
414.0,724.0
414.0,725.0
415.0,508.0
415.0,553.0
415.0,611.0
415.0,818.0
415.0,859.0
415.0,938.0
17.0,416.0
224.0,416.0
416.0,461.0
416.0,464.0
416.0,582.0
416.0,644.0
416.0,645.0
343.0,417.0
385.0,417.0
417.0,629.0
417.0,650.0
417.0,726.0
364.0,418.0
418.0,439.0
418.0,551.0
418.0,645.0
107.0,419.0
248.0,419.0
417.0,419.0
419.0,437.0
420.0,644.0
420.0,659.0
420.0,690.0
83.0,421.0
421.0,437.0
421.0,462.0
421.0,501.0
421.0,581.0
421.0,623.0
421.0,924.0
88.0,422.0
422.0,616.0
422.0,769.0
422.0,800.0
206.0,423.0
237.0,423.0
385.0,423.0
423.0,528.0
17.0,424.0
424.0,516.0
424.0,524.0
424.0,627.0
424.0,825.0
424.0,913.0
407.0,425.0
425.0,493.0
425.0,513.0
425.0,599.0
425.0,621.0
425.0,811.0
245.0,426.0
353.0,426.0
426.0,531.0
14.0,427.0
118.0,427.0
427.0,481.0
427.0,644.0
427.0,854.0
145.0,428.0
362.0,428.0
420.0,428.0
428.0,570.0
428.0,917.0
351.0,429.0
376.0,429.0
424.0,429.0
429.0,529.0
429.0,657.0
429.0,660.0
429.0,889.0
180.0,430.0
418.0,430.0
430.0,553.0
153.0,431.0
358.0,431.0
431.0,531.0
258.0,432.0
337.0,432.0
432.0,701.0
101.0,433.0
433.0,577.0
433.0,589.0
433.0,626.0
304.0,434.0
397.0,435.0
435.0,573.0
434.0,436.0
436.0,597.0
436.0,659.0
413.0,437.0
426.0,437.0
437.0,678.0
437.0,738.0
113.0,438.0
401.0,438.0
438.0,629.0
438.0,716.0
175.0,439.0
416.0,439.0
417.0,439.0
439.0,556.0
48.0,440.0
440.0,596.0
440.0,632.0
394.0,441.0
441.0,464.0
441.0,581.0
441.0,609.0
441.0,619.0
357.0,442.0
442.0,458.0
442.0,516.0
442.0,597.0
442.0,614.0
170.0,443.0
346.0,443.0
443.0,528.0
443.0,623.0
443.0,624.0
443.0,686.0
443.0,732.0
443.0,905.0
443.0,444.0
444.0,514.0
444.0,523.0
444.0,572.0
444.0,603.0
444.0,661.0
444.0,704.0
445.0,469.0
279.0,446.0
446.0,502.0
446.0,543.0
157.0,447.0
388.0,447.0
432.0,447.0
447.0,464.0
447.0,627.0
447.0,640.0
16.0,448.0
432.0,448.0
448.0,622.0
448.0,659.0
448.0,769.0
448.0,972.0
24.0,449.0
381.0,449.0
449.0,479.0
449.0,667.0
75.0,450.0
233.0,450.0
382.0,450.0
450.0,477.0
450.0,515.0
450.0,636.0
450.0,649.0
450.0,801.0
405.0,451.0
433.0,451.0
451.0,498.0
451.0,535.0
331.0,452.0
397.0,452.0
407.0,452.0
440.0,452.0
452.0,542.0
452.0,566.0
452.0,849.0
245.0,453.0
453.0,539.0
453.0,610.0
453.0,781.0
55.0,454.0
410.0,454.0
442.0,454.0
454.0,487.0
454.0,527.0
455.0,536.0
131.0,456.0
394.0,456.0
456.0,489.0
456.0,569.0
456.0,596.0
456.0,626.0
456.0,903.0
339.0,457.0
395.0,457.0
384.0,458.0
458.0,521.0
175.0,459.0
344.0,459.0
429.0,459.0
445.0,459.0
459.0,596.0
459.0,797.0
459.0,845.0
457.0,460.0
460.0,636.0
460.0,771.0
0.0,461.0
462.0,533.0
462.0,611.0
462.0,953.0
320.0,463.0
380.0,463.0
429.0,463.0
463.0,576.0
463.0,592.0
463.0,879.0
11.0,464.0
373.0,464.0
399.0,464.0
464.0,542.0
464.0,634.0
464.0,643.0
356.0,465.0
379.0,465.0
383.0,465.0
452.0,465.0
465.0,481.0
465.0,553.0
465.0,655.0
465.0,873.0
465.0,998.0
284.0,466.0
362.0,466.0
466.0,531.0
466.0,888.0
319.0,467.0
467.0,658.0
339.0,468.0
448.0,468.0
468.0,566.0
469.0,525.0
469.0,531.0
368.0,470.0
470.0,832.0
470.0,907.0
470.0,914.0
233.0,471.0
250.0,471.0
471.0,552.0
471.0,910.0
371.0,472.0
432.0,472.0
472.0,474.0
472.0,477.0
472.0,547.0
472.0,693.0
472.0,741.0
472.0,884.0
472.0,911.0
473.0,492.0
473.0,514.0
473.0,520.0
473.0,578.0
473.0,581.0
473.0,593.0
473.0,638.0
473.0,662.0
473.0,951.0
473.0,959.0
473.0,969.0
84.0,474.0
248.0,474.0
354.0,474.0
446.0,474.0
450.0,474.0
455.0,474.0
474.0,475.0
474.0,531.0
474.0,625.0
474.0,627.0
474.0,635.0
474.0,652.0
409.0,475.0
434.0,475.0
475.0,493.0
475.0,536.0
130.0,476.0
138.0,476.0
157.0,476.0
402.0,476.0
423.0,476.0
476.0,576.0
476.0,630.0
476.0,679.0
476.0,763.0
368.0,477.0
421.0,477.0
477.0,481.0
477.0,515.0
73.0,478.0
177.0,478.0
478.0,585.0
478.0,720.0
128.0,479.0
335.0,479.0
400.0,479.0
401.0,479.0
479.0,641.0
479.0,991.0
383.0,480.0
410.0,480.0
480.0,483.0
480.0,508.0
480.0,602.0
18.0,481.0
397.0,481.0
481.0,490.0
481.0,558.0
481.0,637.0
338.0,482.0
482.0,483.0
482.0,945.0
93.0,483.0
395.0,483.0
400.0,483.0
407.0,483.0
483.0,534.0
483.0,551.0
483.0,564.0
483.0,670.0
483.0,746.0
483.0,891.0
204.0,484.0
484.0,669.0
358.0,485.0
485.0,592.0
485.0,655.0
485.0,686.0
485.0,797.0
485.0,835.0
485.0,873.0
107.0,486.0
386.0,486.0
486.0,500.0
486.0,511.0
486.0,598.0
384.0,487.0
433.0,487.0
487.0,492.0
487.0,537.0
487.0,561.0
196.0,488.0
275.0,488.0
343.0,488.0
488.0,590.0
488.0,664.0
318.0,489.0
430.0,489.0
489.0,520.0
489.0,764.0
254.0,490.0
475.0,490.0
490.0,500.0
490.0,594.0
490.0,886.0
317.0,491.0
491.0,593.0
419.0,492.0
492.0,914.0
192.0,493.0
239.0,493.0
490.0,493.0
493.0,535.0
493.0,614.0
493.0,651.0
493.0,653.0
493.0,906.0
275.0,494.0
394.0,494.0
429.0,494.0
475.0,494.0
494.0,582.0
494.0,594.0
494.0,929.0
494.0,970.0
335.0,495.0
395.0,495.0
451.0,495.0
471.0,495.0
495.0,507.0
495.0,611.0
495.0,652.0
495.0,719.0
495.0,933.0
27.0,496.0
202.0,496.0
496.0,544.0
496.0,620.0
496.0,999.0
0.0,497.0
498.0,574.0
498.0,681.0
498.0,692.0
350.0,499.0
384.0,499.0
499.0,991.0
164.0,500.0
292.0,500.0
348.0,500.0
472.0,500.0
500.0,544.0
500.0,563.0
500.0,594.0
500.0,632.0
347.0,501.0
374.0,501.0
375.0,501.0
430.0,501.0
355.0,502.0
502.0,545.0
502.0,554.0
502.0,590.0
502.0,611.0
502.0,612.0
502.0,664.0
502.0,906.0
502.0,978.0
46.0,503.0
373.0,503.0
503.0,577.0
503.0,706.0
503.0,939.0
377.0,504.0
427.0,504.0
504.0,605.0
504.0,875.0
504.0,980.0
402.0,505.0
433.0,505.0
479.0,505.0
505.0,534.0
505.0,567.0
505.0,662.0
84.0,506.0
321.0,506.0
357.0,506.0
506.0,910.0
507.0,550.0
507.0,593.0
164.0,508.0
303.0,508.0
370.0,508.0
508.0,535.0
508.0,639.0
133.0,509.0
364.0,509.0
509.0,980.0
510.0,960.0
421.0,511.0
511.0,574.0
511.0,665.0
7.0,512.0
89.0,512.0
143.0,512.0
348.0,512.0
396.0,512.0
512.0,550.0
512.0,918.0
14.0,513.0
188.0,513.0
513.0,535.0
513.0,814.0
294.0,514.0
514.0,576.0
23.0,515.0
405.0,515.0
473.0,515.0
515.0,595.0
515.0,610.0
515.0,618.0
515.0,651.0
382.0,516.0
444.0,516.0
471.0,516.0
516.0,573.0
516.0,696.0
516.0,718.0
87.0,517.0
206.0,517.0
297.0,517.0
502.0,517.0
517.0,627.0
517.0,829.0
347.0,518.0
518.0,603.0
518.0,643.0
99.0,519.0
232.0,519.0
354.0,519.0
396.0,519.0
417.0,519.0
519.0,880.0
461.0,520.0
517.0,520.0
520.0,570.0
520.0,575.0
520.0,590.0
520.0,696.0
520.0,892.0
520.0,984.0
216.0,521.0
521.0,642.0
521.0,644.0
464.0,522.0
522.0,613.0
522.0,620.0
376.0,523.0
466.0,523.0
428.0,524.0
524.0,585.0
524.0,887.0
410.0,525.0
473.0,525.0
502.0,525.0
525.0,615.0
525.0,668.0
525.0,772.0
367.0,526.0
499.0,526.0
525.0,526.0
526.0,600.0
526.0,688.0
7.0,527.0
116.0,527.0
383.0,527.0
429.0,527.0
527.0,588.0
527.0,628.0
97.0,528.0
267.0,528.0
357.0,528.0
460.0,528.0
473.0,528.0
528.0,610.0
528.0,864.0
8.0,529.0
382.0,529.0
417.0,529.0
529.0,539.0
529.0,562.0
529.0,677.0
529.0,903.0
529.0,994.0
106.0,530.0
409.0,530.0
530.0,635.0
265.0,531.0
391.0,531.0
429.0,531.0
531.0,535.0
531.0,590.0
50.0,532.0
487.0,532.0
491.0,532.0
532.0,554.0
532.0,617.0
32.0,533.0
458.0,533.0
533.0,547.0
533.0,966.0
263.0,534.0
483.0,534.0
534.0,995.0
61.0,535.0
122.0,535.0
180.0,535.0
267.0,535.0
342.0,535.0
535.0,566.0
535.0,977.0
175.0,536.0
360.0,536.0
536.0,629.0
536.0,693.0
536.0,761.0
536.0,935.0
479.0,537.0
537.0,568.0
250.0,538.0
383.0,538.0
461.0,538.0
527.0,538.0
538.0,613.0
538.0,814.0
415.0,539.0
539.0,587.0
539.0,860.0
539.0,919.0
539.0,992.0
487.0,540.0
540.0,541.0
540.0,581.0
540.0,659.0
288.0,541.0
434.0,541.0
457.0,541.0
541.0,671.0
191.0,542.0
236.0,542.0
396.0,542.0
401.0,542.0
487.0,542.0
542.0,660.0
542.0,753.0
71.0,543.0
303.0,543.0
402.0,543.0
543.0,544.0
543.0,657.0
543.0,663.0
543.0,770.0
543.0,778.0
364.0,544.0
531.0,544.0
28.0,545.0
471.0,545.0
545.0,547.0
545.0,861.0
337.0,546.0
466.0,546.0
518.0,546.0
546.0,578.0
546.0,929.0
113.0,547.0
453.0,547.0
481.0,547.0
547.0,550.0
547.0,673.0
36.0,548.0
548.0,636.0
548.0,864.0
0.0,549.0
550.0,569.0
185.0,551.0
354.0,551.0
427.0,551.0
489.0,551.0
12.0,552.0
60.0,552.0
449.0,552.0
552.0,831.0
151.0,553.0
350.0,553.0
465.0,553.0
469.0,553.0
498.0,553.0
553.0,749.0
553.0,878.0
553.0,975.0
503.0,554.0
532.0,554.0
554.0,576.0
554.0,989.0
320.0,555.0
344.0,555.0
411.0,555.0
460.0,555.0
516.0,555.0
555.0,567.0
555.0,620.0
555.0,849.0
107.0,556.0
335.0,556.0
545.0,556.0
552.0,556.0
556.0,949.0
557.0,588.0
557.0,664.0
557.0,665.0
424.0,558.0
448.0,558.0
475.0,558.0
251.0,559.0
362.0,559.0
387.0,559.0
431.0,559.0
473.0,559.0
544.0,559.0
559.0,663.0
559.0,708.0
20.0,560.0
333.0,560.0
393.0,560.0
429.0,560.0
465.0,560.0
490.0,560.0
500.0,560.0
552.0,560.0
560.0,618.0
560.0,639.0
560.0,855.0
561.0,590.0
561.0,683.0
561.0,866.0
354.0,562.0
562.0,849.0
173.0,563.0
388.0,563.0
415.0,563.0
511.0,563.0
545.0,563.0
563.0,577.0
563.0,722.0
145.0,564.0
186.0,564.0
508.0,564.0
564.0,565.0
564.0,634.0
564.0,717.0
438.0,565.0
453.0,565.0
485.0,565.0
536.0,565.0
565.0,633.0
565.0,999.0
0.0,566.0
390.0,567.0
447.0,567.0
459.0,567.0
488.0,567.0
567.0,638.0
108.0,568.0
118.0,568.0
351.0,568.0
563.0,568.0
387.0,569.0
447.0,569.0
499.0,569.0
569.0,650.0
569.0,807.0
569.0,808.0
344.0,570.0
373.0,570.0
563.0,570.0
570.0,650.0
570.0,665.0
570.0,698.0
570.0,786.0
570.0,810.0
570.0,893.0
197.0,571.0
571.0,577.0
571.0,599.0
571.0,602.0
6.0,572.0
108.0,572.0
346.0,572.0
495.0,572.0
572.0,687.0
83.0,573.0
455.0,573.0
495.0,573.0
517.0,573.0
345.0,574.0
523.0,575.0
540.0,575.0
575.0,597.0
575.0,632.0
575.0,812.0
575.0,841.0
575.0,910.0
360.0,576.0
361.0,576.0
518.0,576.0
576.0,611.0
576.0,619.0
576.0,703.0
576.0,767.0
576.0,769.0
576.0,795.0
476.0,577.0
514.0,577.0
577.0,981.0
357.0,578.0
457.0,578.0
512.0,578.0
550.0,578.0
564.0,578.0
578.0,648.0
578.0,753.0
578.0,814.0
578.0,941.0
298.0,579.0
409.0,579.0
410.0,579.0
426.0,579.0
535.0,579.0
136.0,580.0
286.0,580.0
512.0,580.0
527.0,580.0
174.0,581.0
202.0,581.0
214.0,581.0
348.0,581.0
10.0,582.0
24.0,582.0
50.0,582.0
478.0,582.0
513.0,582.0
582.0,616.0
92.0,583.0
240.0,583.0
334.0,583.0
361.0,583.0
406.0,583.0
517.0,583.0
523.0,583.0
583.0,659.0
583.0,806.0
583.0,875.0
290.0,584.0
584.0,659.0
584.0,666.0
571.0,585.0
585.0,630.0
585.0,648.0
585.0,950.0
102.0,586.0
341.0,586.0
384.0,586.0
406.0,586.0
442.0,586.0
586.0,599.0
586.0,601.0
586.0,642.0
586.0,669.0
586.0,981.0
321.0,587.0
326.0,587.0
431.0,587.0
444.0,587.0
388.0,588.0
404.0,588.0
438.0,588.0
513.0,588.0
588.0,610.0
588.0,624.0
588.0,723.0
321.0,589.0
373.0,589.0
399.0,589.0
420.0,589.0
545.0,589.0
344.0,590.0
378.0,590.0
437.0,590.0
535.0,590.0
590.0,609.0
590.0,659.0
42.0,591.0
204.0,591.0
315.0,591.0
404.0,591.0
548.0,591.0
369.0,592.0
388.0,592.0
489.0,592.0
592.0,602.0
592.0,623.0
592.0,640.0
592.0,649.0
335.0,593.0
469.0,593.0
524.0,593.0
527.0,593.0
540.0,593.0
593.0,990.0
168.0,594.0
340.0,594.0
352.0,594.0
594.0,605.0
594.0,632.0
594.0,738.0
298.0,595.0
346.0,595.0
351.0,595.0
387.0,595.0
454.0,595.0
595.0,648.0
595.0,997.0
79.0,596.0
368.0,596.0
596.0,646.0
59.0,597.0
597.0,608.0
180.0,598.0
394.0,598.0
554.0,598.0
590.0,598.0
598.0,652.0
536.0,599.0
575.0,599.0
599.0,739.0
599.0,755.0
599.0,936.0
599.0,991.0
148.0,600.0
274.0,600.0
355.0,600.0
375.0,600.0
392.0,600.0
420.0,600.0
486.0,600.0
515.0,600.0
600.0,610.0
600.0,635.0
11.0,601.0
381.0,601.0
400.0,601.0
533.0,601.0
601.0,726.0
43.0,602.0
603.0,637.0
603.0,693.0
603.0,774.0
604.0,619.0
604.0,652.0
604.0,673.0
604.0,703.0
604.0,833.0
291.0,605.0
385.0,605.0
522.0,605.0
571.0,605.0
36.0,606.0
296.0,606.0
432.0,606.0
587.0,606.0
606.0,639.0
606.0,655.0
573.0,607.0
136.0,608.0
360.0,608.0
608.0,988.0
386.0,609.0
427.0,609.0
524.0,609.0
289.0,610.0
350.0,610.0
471.0,610.0
584.0,610.0
590.0,610.0
610.0,690.0
610.0,900.0
51.0,611.0
111.0,611.0
376.0,611.0
414.0,611.0
611.0,658.0
611.0,823.0
29.0,612.0
361.0,612.0
455.0,612.0
458.0,612.0
612.0,842.0
612.0,930.0
322.0,613.0
455.0,613.0
490.0,613.0
561.0,613.0
613.0,685.0
613.0,772.0
614.0,692.0
293.0,615.0
320.0,615.0
401.0,615.0
446.0,615.0
506.0,615.0
552.0,615.0
568.0,615.0
615.0,616.0
615.0,665.0
615.0,692.0
206.0,616.0
222.0,616.0
521.0,616.0
530.0,616.0
587.0,616.0
600.0,616.0
616.0,646.0
616.0,782.0
579.0,617.0
259.0,618.0
423.0,618.0
498.0,618.0
555.0,618.0
618.0,774.0
84.0,619.0
428.0,619.0
619.0,662.0
619.0,747.0
619.0,923.0
206.0,620.0
503.0,620.0
620.0,634.0
620.0,653.0
620.0,816.0
620.0,902.0
533.0,621.0
587.0,621.0
621.0,873.0
63.0,622.0
363.0,622.0
394.0,622.0
435.0,622.0
461.0,622.0
495.0,622.0
551.0,622.0
575.0,622.0
604.0,622.0
622.0,637.0
622.0,878.0
346.0,623.0
623.0,654.0
561.0,624.0
600.0,624.0
603.0,624.0
616.0,624.0
624.0,645.0
624.0,662.0
624.0,716.0
523.0,625.0
552.0,625.0
625.0,645.0
625.0,659.0
625.0,789.0
397.0,626.0
555.0,626.0
623.0,626.0
626.0,834.0
626.0,940.0
137.0,627.0
430.0,627.0
546.0,627.0
558.0,627.0
587.0,627.0
357.0,628.0
410.0,628.0
593.0,628.0
622.0,628.0
111.0,629.0
286.0,629.0
496.0,629.0
541.0,629.0
558.0,629.0
629.0,639.0
629.0,682.0
390.0,630.0
630.0,643.0
630.0,664.0
630.0,811.0
630.0,981.0
11.0,631.0
157.0,631.0
351.0,631.0
401.0,631.0
64.0,632.0
192.0,632.0
550.0,632.0
592.0,632.0
214.0,633.0
304.0,633.0
340.0,633.0
345.0,633.0
413.0,633.0
419.0,633.0
491.0,633.0
214.0,634.0
396.0,634.0
401.0,634.0
558.0,634.0
586.0,634.0
634.0,635.0
634.0,654.0
634.0,662.0
634.0,823.0
403.0,635.0
460.0,635.0
469.0,635.0
636.0,646.0
104.0,637.0
117.0,637.0
601.0,637.0
637.0,656.0
294.0,638.0
398.0,638.0
454.0,638.0
470.0,638.0
509.0,638.0
519.0,638.0
554.0,638.0
615.0,638.0
340.0,639.0
405.0,639.0
443.0,639.0
476.0,639.0
602.0,639.0
615.0,639.0
639.0,726.0
639.0,765.0
456.0,640.0
554.0,640.0
640.0,910.0
235.0,641.0
305.0,641.0
641.0,731.0
641.0,824.0
378.0,642.0
407.0,642.0
519.0,643.0
549.0,643.0
643.0,648.0
643.0,964.0
160.0,644.0
512.0,644.0
644.0,711.0
273.0,645.0
283.0,645.0
363.0,645.0
645.0,669.0
645.0,826.0
645.0,934.0
506.0,646.0
545.0,646.0
646.0,775.0
646.0,799.0
8.0,647.0
236.0,647.0
300.0,647.0
530.0,647.0
68.0,648.0
373.0,648.0
465.0,648.0
612.0,648.0
358.0,649.0
448.0,649.0
499.0,649.0
514.0,649.0
633.0,649.0
401.0,650.0
468.0,650.0
650.0,653.0
111.0,651.0
345.0,651.0
383.0,651.0
436.0,651.0
438.0,651.0
592.0,651.0
643.0,651.0
64.0,652.0
89.0,652.0
208.0,652.0
567.0,652.0
652.0,926.0
385.0,653.0
470.0,653.0
491.0,653.0
645.0,653.0
653.0,662.0
653.0,677.0
653.0,684.0
653.0,925.0
653.0,988.0
315.0,654.0
481.0,654.0
489.0,654.0
513.0,654.0
639.0,654.0
654.0,657.0
654.0,967.0
122.0,655.0
136.0,655.0
337.0,655.0
400.0,655.0
427.0,655.0
477.0,655.0
655.0,663.0
655.0,954.0
401.0,656.0
540.0,656.0
552.0,656.0
604.0,656.0
28.0,657.0
176.0,657.0
250.0,657.0
342.0,657.0
359.0,657.0
393.0,657.0
489.0,657.0
493.0,657.0
644.0,657.0
657.0,695.0
657.0,863.0
489.0,658.0
309.0,659.0
349.0,659.0
523.0,659.0
157.0,660.0
379.0,660.0
563.0,660.0
639.0,660.0
660.0,780.0
163.0,661.0
542.0,661.0
661.0,679.0
342.0,662.0
382.0,662.0
438.0,662.0
558.0,662.0
644.0,662.0
662.0,811.0
662.0,816.0
662.0,957.0
662.0,968.0
339.0,663.0
435.0,663.0
381.0,664.0
398.0,664.0
500.0,664.0
515.0,664.0
664.0,877.0
664.0,897.0
356.0,665.0
484.0,665.0
665.0,913.0
205.0,666.0
459.0,666.0
666.0,671.0
481.0,667.0
667.0,742.0
667.0,794.0
514.0,668.0
668.0,674.0
668.0,738.0
668.0,773.0
668.0,791.0
669.0,762.0
669.0,926.0
669.0,930.0
669.0,952.0
207.0,670.0
591.0,670.0
670.0,691.0
670.0,742.0
670.0,786.0
107.0,671.0
170.0,671.0
241.0,671.0
321.0,671.0
465.0,671.0
671.0,684.0
671.0,852.0
671.0,914.0
671.0,939.0
39.0,672.0
347.0,672.0
673.0,705.0
673.0,727.0
673.0,845.0
673.0,912.0
673.0,928.0
673.0,948.0
673.0,972.0
673.0,983.0
673.0,987.0
59.0,674.0
674.0,739.0
674.0,763.0
674.0,764.0
674.0,844.0
22.0,675.0
445.0,675.0
452.0,675.0
535.0,675.0
675.0,702.0
675.0,773.0
675.0,806.0
675.0,861.0
675.0,938.0
675.0,971.0
70.0,676.0
629.0,676.0
632.0,676.0
648.0,676.0
676.0,697.0
676.0,703.0
676.0,717.0
676.0,829.0
676.0,924.0
676.0,964.0
676.0,987.0
677.0,764.0
677.0,819.0
677.0,859.0
677.0,943.0
87.0,678.0
368.0,678.0
455.0,678.0
678.0,679.0
678.0,829.0
678.0,890.0
678.0,955.0
233.0,679.0
315.0,679.0
400.0,679.0
586.0,679.0
679.0,993.0
680.0,742.0
76.0,681.0
157.0,681.0
219.0,681.0
233.0,681.0
251.0,681.0
302.0,681.0
537.0,681.0
620.0,681.0
681.0,861.0
4.0,682.0
682.0,702.0
682.0,822.0
682.0,884.0
682.0,963.0
682.0,981.0
457.0,683.0
610.0,683.0
683.0,780.0
683.0,816.0
683.0,917.0
327.0,684.0
336.0,685.0
674.0,685.0
685.0,830.0
685.0,928.0
685.0,929.0
685.0,937.0
685.0,958.0
29.0,686.0
59.0,686.0
139.0,686.0
683.0,686.0
686.0,705.0
686.0,783.0
686.0,831.0
686.0,894.0
686.0,902.0
686.0,937.0
686.0,964.0
686.0,970.0
521.0,687.0
685.0,687.0
687.0,719.0
687.0,760.0
687.0,775.0
687.0,869.0
198.0,688.0
673.0,688.0
688.0,711.0
688.0,732.0
688.0,735.0
688.0,822.0
688.0,889.0
688.0,904.0
145.0,689.0
517.0,689.0
587.0,689.0
672.0,689.0
689.0,697.0
689.0,736.0
689.0,769.0
689.0,800.0
689.0,814.0
689.0,862.0
689.0,945.0
666.0,690.0
689.0,690.0
690.0,691.0
690.0,752.0
690.0,819.0
690.0,885.0
690.0,955.0
218.0,691.0
686.0,691.0
691.0,800.0
691.0,806.0
691.0,848.0
691.0,941.0
29.0,692.0
692.0,804.0
692.0,809.0
692.0,983.0
102.0,693.0
652.0,693.0
670.0,693.0
693.0,822.0
693.0,934.0
591.0,694.0
694.0,828.0
409.0,695.0
525.0,695.0
695.0,765.0
695.0,896.0
695.0,903.0
695.0,917.0
695.0,976.0
673.0,696.0
696.0,711.0
696.0,714.0
696.0,758.0
696.0,804.0
149.0,697.0
168.0,697.0
281.0,697.0
690.0,697.0
697.0,728.0
697.0,867.0
697.0,903.0
697.0,989.0
258.0,698.0
601.0,698.0
698.0,706.0
698.0,723.0
698.0,944.0
698.0,972.0
303.0,699.0
699.0,793.0
699.0,845.0
700.0,828.0
4.0,701.0
104.0,701.0
675.0,701.0
698.0,701.0
701.0,736.0
701.0,817.0
701.0,884.0
158.0,702.0
202.0,702.0
218.0,702.0
682.0,702.0
702.0,849.0
702.0,867.0
702.0,933.0
47.0,703.0
234.0,703.0
358.0,703.0
444.0,703.0
629.0,703.0
703.0,733.0
703.0,835.0
703.0,840.0
703.0,862.0
703.0,879.0
703.0,883.0
703.0,908.0
703.0,948.0
121.0,704.0
391.0,704.0
680.0,704.0
704.0,741.0
704.0,795.0
345.0,705.0
393.0,705.0
705.0,804.0
705.0,843.0
705.0,924.0
52.0,706.0
283.0,706.0
497.0,706.0
504.0,706.0
583.0,706.0
706.0,730.0
706.0,892.0
706.0,924.0
706.0,942.0
706.0,948.0
4.0,707.0
695.0,707.0
707.0,710.0
707.0,984.0
708.0,845.0
708.0,925.0
708.0,994.0
708.0,998.0
38.0,709.0
465.0,709.0
666.0,709.0
709.0,729.0
709.0,801.0
709.0,975.0
331.0,710.0
679.0,710.0
693.0,710.0
696.0,710.0
710.0,779.0
710.0,830.0
710.0,931.0
189.0,711.0
477.0,711.0
606.0,711.0
711.0,940.0
711.0,997.0
341.0,712.0
506.0,712.0
712.0,815.0
712.0,830.0
712.0,864.0
712.0,968.0
469.0,713.0
540.0,713.0
713.0,742.0
713.0,876.0
713.0,929.0
713.0,937.0
354.0,714.0
714.0,807.0
714.0,832.0
714.0,858.0
714.0,896.0
357.0,715.0
392.0,715.0
575.0,715.0
584.0,715.0
625.0,715.0
715.0,754.0
715.0,910.0
715.0,918.0
715.0,966.0
90.0,716.0
135.0,716.0
272.0,716.0
283.0,716.0
360.0,716.0
716.0,766.0
716.0,778.0
716.0,805.0
716.0,807.0
716.0,820.0
716.0,896.0
552.0,717.0
717.0,932.0
388.0,718.0
718.0,784.0
42.0,719.0
84.0,719.0
719.0,889.0
273.0,720.0
501.0,720.0
720.0,897.0
300.0,721.0
411.0,721.0
721.0,831.0
721.0,914.0
721.0,935.0
721.0,991.0
600.0,722.0
677.0,722.0
679.0,722.0
693.0,722.0
722.0,723.0
722.0,866.0
722.0,867.0
722.0,869.0
722.0,976.0
0.0,723.0
179.0,724.0
380.0,724.0
442.0,724.0
634.0,724.0
637.0,724.0
675.0,724.0
724.0,814.0
92.0,725.0
160.0,725.0
725.0,796.0
69.0,726.0
76.0,726.0
89.0,726.0
239.0,726.0
700.0,726.0
726.0,768.0
726.0,771.0
726.0,868.0
727.0,845.0
727.0,877.0
90.0,728.0
110.0,728.0
214.0,728.0
679.0,728.0
709.0,728.0
724.0,728.0
728.0,762.0
158.0,729.0
281.0,729.0
729.0,732.0
729.0,907.0
155.0,730.0
445.0,730.0
730.0,831.0
730.0,977.0
147.0,731.0
731.0,764.0
731.0,838.0
731.0,940.0
53.0,732.0
244.0,732.0
246.0,732.0
312.0,732.0
335.0,732.0
587.0,732.0
675.0,732.0
732.0,832.0
732.0,971.0
732.0,977.0
137.0,733.0
233.0,733.0
730.0,733.0
733.0,751.0
733.0,766.0
733.0,786.0
733.0,790.0
733.0,915.0
379.0,734.0
581.0,734.0
734.0,821.0
734.0,937.0
64.0,735.0
707.0,735.0
735.0,812.0
735.0,876.0
735.0,896.0
735.0,955.0
678.0,736.0
736.0,978.0
737.0,740.0
737.0,848.0
737.0,888.0
737.0,942.0
318.0,738.0
568.0,738.0
678.0,738.0
738.0,740.0
738.0,744.0
738.0,799.0
738.0,899.0
738.0,941.0
705.0,739.0
739.0,878.0
739.0,898.0
739.0,923.0
739.0,957.0
739.0,964.0
130.0,740.0
303.0,740.0
602.0,740.0
704.0,740.0
740.0,748.0
740.0,808.0
740.0,809.0
740.0,892.0
740.0,915.0
740.0,941.0
740.0,968.0
252.0,741.0
681.0,741.0
737.0,741.0
741.0,798.0
742.0,774.0
742.0,817.0
742.0,924.0
104.0,743.0
330.0,744.0
744.0,820.0
744.0,880.0
744.0,914.0
744.0,989.0
149.0,745.0
543.0,745.0
687.0,745.0
712.0,745.0
745.0,750.0
412.0,746.0
505.0,746.0
746.0,864.0
746.0,987.0
439.0,747.0
747.0,892.0
748.0,791.0
748.0,873.0
748.0,936.0
748.0,993.0
748.0,994.0
161.0,749.0
749.0,849.0
185.0,750.0
378.0,750.0
629.0,750.0
750.0,792.0
750.0,911.0
750.0,914.0
318.0,751.0
560.0,751.0
695.0,751.0
726.0,751.0
727.0,751.0
751.0,770.0
751.0,917.0
751.0,940.0
42.0,752.0
91.0,752.0
221.0,752.0
752.0,798.0
752.0,850.0
752.0,979.0
139.0,753.0
494.0,753.0
561.0,753.0
590.0,753.0
753.0,754.0
753.0,895.0
753.0,960.0
753.0,976.0
40.0,754.0
754.0,968.0
373.0,755.0
455.0,755.0
610.0,755.0
629.0,755.0
678.0,755.0
716.0,755.0
755.0,819.0
756.0,863.0
724.0,757.0
752.0,757.0
757.0,857.0
757.0,902.0
757.0,915.0
757.0,923.0
757.0,984.0
757.0,987.0
297.0,758.0
452.0,758.0
700.0,758.0
710.0,758.0
758.0,877.0
758.0,991.0
17.0,759.0
721.0,759.0
759.0,779.0
759.0,913.0
755.0,760.0
760.0,837.0
760.0,888.0
760.0,932.0
760.0,946.0
377.0,761.0
694.0,761.0
761.0,851.0
761.0,859.0
761.0,883.0
761.0,907.0
761.0,911.0
348.0,762.0
607.0,762.0
613.0,762.0
762.0,782.0
762.0,838.0
762.0,997.0
89.0,763.0
463.0,763.0
665.0,763.0
763.0,788.0
763.0,806.0
763.0,855.0
763.0,930.0
347.0,764.0
423.0,765.0
765.0,887.0
61.0,766.0
244.0,766.0
580.0,766.0
726.0,766.0
744.0,766.0
766.0,873.0
766.0,994.0
766.0,995.0
766.0,997.0
281.0,767.0
618.0,767.0
732.0,767.0
767.0,830.0
767.0,955.0
768.0,868.0
768.0,971.0
21.0,769.0
322.0,769.0
596.0,769.0
726.0,769.0
727.0,769.0
769.0,869.0
769.0,966.0
769.0,990.0
8.0,770.0
213.0,770.0
710.0,770.0
740.0,770.0
770.0,821.0
770.0,837.0
770.0,953.0
770.0,962.0
113.0,771.0
131.0,771.0
732.0,771.0
771.0,854.0
771.0,871.0
759.0,772.0
772.0,927.0
2.0,773.0
677.0,773.0
773.0,908.0
286.0,774.0
456.0,774.0
470.0,774.0
775.0,825.0
775.0,867.0
775.0,932.0
348.0,776.0
360.0,776.0
726.0,776.0
776.0,784.0
776.0,924.0
776.0,985.0
411.0,777.0
712.0,777.0
755.0,777.0
777.0,778.0
777.0,784.0
777.0,853.0
777.0,857.0
777.0,885.0
777.0,905.0
415.0,778.0
584.0,778.0
778.0,857.0
778.0,886.0
778.0,934.0
778.0,938.0
692.0,779.0
757.0,779.0
773.0,779.0
779.0,810.0
301.0,780.0
336.0,780.0
359.0,780.0
474.0,780.0
538.0,780.0
752.0,780.0
780.0,822.0
780.0,916.0
780.0,945.0
388.0,781.0
781.0,825.0
127.0,782.0
706.0,782.0
498.0,783.0
729.0,783.0
783.0,973.0
783.0,977.0
9.0,784.0
476.0,784.0
625.0,784.0
633.0,784.0
635.0,784.0
784.0,836.0
691.0,785.0
785.0,799.0
785.0,846.0
785.0,971.0
505.0,786.0
749.0,786.0
784.0,786.0
524.0,787.0
762.0,787.0
787.0,788.0
337.0,788.0
656.0,788.0
772.0,788.0
788.0,959.0
788.0,999.0
732.0,789.0
789.0,811.0
789.0,838.0
789.0,919.0
789.0,949.0
789.0,965.0
789.0,985.0
139.0,790.0
790.0,963.0
557.0,791.0
749.0,791.0
12.0,792.0
225.0,792.0
450.0,792.0
792.0,835.0
241.0,793.0
361.0,793.0
628.0,793.0
765.0,793.0
793.0,825.0
793.0,944.0
19.0,794.0
324.0,794.0
691.0,794.0
794.0,967.0
196.0,795.0
393.0,795.0
673.0,795.0
787.0,795.0
795.0,847.0
795.0,856.0
795.0,872.0
795.0,954.0
248.0,796.0
381.0,796.0
463.0,797.0
241.0,798.0
798.0,915.0
798.0,996.0
376.0,799.0
709.0,799.0
791.0,799.0
799.0,804.0
316.0,800.0
703.0,800.0
797.0,800.0
800.0,904.0
800.0,991.0
110.0,801.0
299.0,801.0
329.0,801.0
406.0,801.0
581.0,801.0
650.0,801.0
705.0,801.0
801.0,849.0
801.0,940.0
789.0,802.0
802.0,807.0
802.0,962.0
89.0,803.0
723.0,803.0
803.0,839.0
803.0,917.0
295.0,804.0
519.0,804.0
727.0,804.0
804.0,832.0
804.0,949.0
665.0,805.0
704.0,805.0
805.0,976.0
805.0,984.0
31.0,806.0
248.0,806.0
518.0,806.0
783.0,806.0
806.0,814.0
806.0,861.0
806.0,879.0
806.0,880.0
806.0,940.0
806.0,969.0
15.0,807.0
156.0,807.0
223.0,807.0
238.0,807.0
321.0,807.0
666.0,807.0
743.0,807.0
807.0,857.0
807.0,957.0
742.0,808.0
808.0,986.0
543.0,809.0
809.0,819.0
558.0,810.0
671.0,810.0
751.0,810.0
171.0,811.0
508.0,811.0
782.0,811.0
811.0,846.0
811.0,877.0
199.0,812.0
275.0,812.0
519.0,812.0
812.0,949.0
29.0,813.0
713.0,813.0
800.0,813.0
804.0,813.0
813.0,921.0
5.0,814.0
163.0,814.0
715.0,814.0
767.0,814.0
814.0,868.0
814.0,907.0
0.0,815.0
365.0,816.0
677.0,816.0
753.0,816.0
284.0,817.0
326.0,817.0
725.0,817.0
754.0,817.0
817.0,890.0
817.0,906.0
817.0,947.0
298.0,818.0
441.0,818.0
579.0,818.0
796.0,818.0
818.0,871.0
818.0,973.0
819.0,975.0
689.0,820.0
820.0,830.0
820.0,893.0
820.0,961.0
820.0,988.0
269.0,821.0
821.0,846.0
116.0,822.0
218.0,822.0
258.0,822.0
641.0,822.0
778.0,822.0
822.0,857.0
706.0,823.0
814.0,823.0
823.0,913.0
284.0,824.0
390.0,824.0
766.0,824.0
824.0,854.0
824.0,897.0
456.0,825.0
722.0,825.0
817.0,825.0
411.0,826.0
676.0,826.0
738.0,826.0
741.0,826.0
748.0,826.0
750.0,826.0
795.0,826.0
826.0,906.0
18.0,827.0
681.0,827.0
734.0,827.0
827.0,828.0
827.0,933.0
827.0,995.0
663.0,828.0
707.0,828.0
793.0,828.0
828.0,956.0
828.0,991.0
241.0,829.0
829.0,950.0
829.0,956.0
293.0,830.0
312.0,830.0
688.0,830.0
710.0,830.0
830.0,943.0
810.0,831.0
831.0,981.0
126.0,832.0
485.0,832.0
557.0,832.0
756.0,832.0
832.0,921.0
321.0,833.0
745.0,833.0
833.0,947.0
833.0,958.0
69.0,834.0
535.0,834.0
708.0,834.0
749.0,834.0
785.0,834.0
24.0,835.0
349.0,835.0
516.0,835.0
739.0,835.0
808.0,835.0
824.0,835.0
835.0,965.0
835.0,975.0
33.0,836.0
91.0,836.0
127.0,836.0
308.0,836.0
547.0,836.0
836.0,895.0
599.0,837.0
686.0,837.0
725.0,837.0
802.0,837.0
837.0,843.0
837.0,880.0
837.0,968.0
655.0,838.0
327.0,839.0
408.0,839.0
793.0,839.0
832.0,839.0
86.0,840.0
132.0,840.0
538.0,840.0
679.0,840.0
728.0,840.0
840.0,867.0
840.0,976.0
758.0,841.0
841.0,843.0
268.0,842.0
469.0,842.0
500.0,842.0
605.0,842.0
670.0,842.0
191.0,843.0
210.0,843.0
564.0,843.0
675.0,843.0
843.0,970.0
843.0,974.0
53.0,844.0
269.0,844.0
602.0,844.0
657.0,844.0
746.0,844.0
757.0,844.0
842.0,844.0
166.0,845.0
367.0,845.0
808.0,845.0
839.0,845.0
845.0,992.0
6.0,846.0
151.0,846.0
226.0,846.0
680.0,846.0
846.0,936.0
846.0,939.0
681.0,847.0
710.0,847.0
847.0,925.0
96.0,848.0
621.0,848.0
691.0,848.0
695.0,848.0
833.0,848.0
848.0,973.0
280.0,849.0
753.0,849.0
222.0,850.0
433.0,850.0
463.0,850.0
722.0,850.0
742.0,850.0
784.0,851.0
851.0,865.0
851.0,966.0
851.0,993.0
441.0,852.0
700.0,852.0
852.0,871.0
852.0,916.0
852.0,924.0
10.0,853.0
762.0,853.0
778.0,853.0
853.0,957.0
282.0,854.0
770.0,854.0
818.0,854.0
503.0,855.0
723.0,855.0
771.0,855.0
855.0,897.0
756.0,856.0
802.0,856.0
856.0,865.0
856.0,945.0
525.0,857.0
740.0,857.0
806.0,857.0
815.0,857.0
847.0,857.0
857.0,919.0
857.0,933.0
857.0,943.0
857.0,992.0
343.0,858.0
682.0,858.0
135.0,859.0
377.0,859.0
509.0,859.0
616.0,859.0
859.0,892.0
55.0,860.0
444.0,860.0
559.0,860.0
789.0,860.0
795.0,860.0
822.0,860.0
860.0,900.0
860.0,990.0
673.0,861.0
777.0,861.0
3.0,862.0
862.0,996.0
863.0,992.0
64.0,864.0
197.0,864.0
677.0,864.0
687.0,864.0
828.0,864.0
358.0,865.0
684.0,865.0
783.0,865.0
794.0,865.0
865.0,949.0
327.0,866.0
445.0,866.0
782.0,866.0
333.0,867.0
459.0,867.0
674.0,867.0
793.0,867.0
574.0,868.0
581.0,868.0
754.0,868.0
261.0,869.0
705.0,869.0
724.0,869.0
863.0,869.0
869.0,887.0
58.0,870.0
156.0,870.0
415.0,870.0
435.0,870.0
870.0,928.0
269.0,871.0
731.0,871.0
789.0,871.0
818.0,871.0
871.0,895.0
871.0,974.0
871.0,985.0
517.0,872.0
718.0,872.0
754.0,872.0
823.0,872.0
831.0,872.0
872.0,945.0
872.0,954.0
80.0,873.0
436.0,873.0
781.0,873.0
788.0,873.0
843.0,873.0
873.0,910.0
267.0,874.0
376.0,874.0
537.0,874.0
874.0,929.0
874.0,967.0
26.0,875.0
74.0,875.0
213.0,875.0
534.0,875.0
638.0,875.0
875.0,946.0
875.0,949.0
687.0,876.0
876.0,894.0
876.0,936.0
876.0,967.0
340.0,877.0
389.0,877.0
670.0,877.0
695.0,877.0
710.0,877.0
827.0,877.0
877.0,935.0
877.0,948.0
388.0,878.0
775.0,878.0
827.0,878.0
875.0,878.0
672.0,879.0
791.0,879.0
879.0,892.0
879.0,933.0
365.0,880.0
733.0,880.0
800.0,880.0
827.0,880.0
836.0,880.0
856.0,880.0
873.0,880.0
880.0,983.0
353.0,881.0
676.0,881.0
724.0,881.0
200.0,882.0
214.0,882.0
800.0,882.0
882.0,897.0
792.0,883.0
129.0,884.0
474.0,884.0
498.0,884.0
563.0,884.0
582.0,884.0
691.0,884.0
702.0,884.0
713.0,884.0
726.0,884.0
798.0,884.0
166.0,885.0
685.0,885.0
699.0,885.0
712.0,885.0
785.0,885.0
885.0,902.0
885.0,903.0
885.0,942.0
139.0,886.0
285.0,886.0
391.0,886.0
671.0,886.0
800.0,887.0
880.0,887.0
134.0,888.0
777.0,888.0
827.0,888.0
867.0,888.0
888.0,943.0
685.0,889.0
696.0,889.0
89.0,890.0
171.0,890.0
177.0,890.0
315.0,890.0
608.0,890.0
706.0,890.0
722.0,890.0
865.0,890.0
890.0,926.0
890.0,962.0
96.0,891.0
672.0,891.0
724.0,891.0
779.0,891.0
834.0,891.0
884.0,891.0
891.0,921.0
891.0,943.0
187.0,892.0
686.0,892.0
730.0,892.0
789.0,892.0
94.0,893.0
384.0,893.0
685.0,893.0
797.0,893.0
858.0,893.0
77.0,894.0
269.0,894.0
326.0,894.0
725.0,894.0
894.0,925.0
706.0,895.0
723.0,895.0
752.0,895.0
834.0,895.0
843.0,895.0
895.0,958.0
677.0,896.0
896.0,952.0
896.0,987.0
23.0,897.0
143.0,897.0
296.0,897.0
710.0,897.0
831.0,897.0
272.0,898.0
421.0,898.0
491.0,898.0
753.0,898.0
72.0,899.0
707.0,899.0
899.0,953.0
6.0,900.0
602.0,900.0
606.0,900.0
685.0,900.0
819.0,900.0
878.0,900.0
900.0,928.0
7.0,901.0
198.0,901.0
717.0,901.0
883.0,901.0
901.0,957.0
725.0,902.0
729.0,902.0
752.0,902.0
775.0,902.0
81.0,903.0
537.0,903.0
578.0,903.0
729.0,903.0
756.0,903.0
815.0,903.0
87.0,904.0
680.0,904.0
815.0,904.0
885.0,904.0
197.0,905.0
527.0,905.0
682.0,905.0
905.0,991.0
829.0,906.0
201.0,907.0
629.0,907.0
772.0,907.0
774.0,907.0
841.0,907.0
869.0,907.0
907.0,954.0
908.0,946.0
166.0,909.0
705.0,909.0
805.0,909.0
878.0,909.0
909.0,936.0
909.0,979.0
909.0,980.0
326.0,910.0
527.0,910.0
691.0,910.0
910.0,922.0
910.0,981.0
666.0,911.0
738.0,911.0
802.0,911.0
859.0,911.0
886.0,911.0
73.0,912.0
585.0,912.0
683.0,912.0
729.0,912.0
766.0,912.0
851.0,912.0
860.0,912.0
889.0,912.0
912.0,936.0
912.0,953.0
49.0,913.0
308.0,913.0
770.0,913.0
817.0,913.0
913.0,949.0
913.0,985.0
240.0,914.0
538.0,914.0
899.0,914.0
914.0,967.0
914.0,981.0
740.0,915.0
782.0,915.0
915.0,921.0
693.0,916.0
753.0,916.0
900.0,916.0
916.0,956.0
179.0,917.0
386.0,917.0
444.0,917.0
680.0,917.0
692.0,917.0
333.0,918.0
856.0,918.0
2.0,919.0
48.0,919.0
255.0,919.0
727.0,919.0
786.0,919.0
872.0,919.0
919.0,948.0
627.0,920.0
332.0,921.0
279.0,922.0
709.0,922.0
800.0,922.0
806.0,922.0
888.0,922.0
893.0,922.0
922.0,940.0
433.0,923.0
509.0,923.0
865.0,923.0
882.0,923.0
222.0,924.0
378.0,924.0
385.0,924.0
766.0,924.0
834.0,924.0
914.0,924.0
483.0,925.0
527.0,925.0
925.0,926.0
583.0,926.0
635.0,926.0
926.0,988.0
22.0,927.0
745.0,927.0
927.0,949.0
45.0,928.0
62.0,928.0
522.0,928.0
549.0,928.0
928.0,929.0
52.0,929.0
155.0,929.0
313.0,929.0
396.0,929.0
687.0,929.0
15.0,930.0
682.0,930.0
914.0,930.0
327.0,931.0
729.0,931.0
840.0,931.0
133.0,932.0
453.0,932.0
589.0,932.0
644.0,932.0
685.0,932.0
876.0,932.0
932.0,973.0
149.0,933.0
352.0,933.0
575.0,933.0
694.0,933.0
821.0,933.0
845.0,933.0
201.0,934.0
456.0,934.0
576.0,934.0
684.0,934.0
724.0,934.0
774.0,934.0
805.0,934.0
176.0,935.0
397.0,935.0
732.0,935.0
910.0,935.0
934.0,935.0
935.0,944.0
935.0,993.0
204.0,936.0
374.0,936.0
579.0,936.0
842.0,936.0
859.0,936.0
860.0,936.0
907.0,936.0
929.0,936.0
114.0,937.0
153.0,937.0
180.0,937.0
206.0,937.0
217.0,937.0
748.0,937.0
777.0,937.0
796.0,937.0
826.0,937.0
862.0,937.0
933.0,937.0
278.0,938.0
454.0,938.0
683.0,938.0
774.0,938.0
906.0,938.0
669.0,939.0
674.0,939.0
679.0,939.0
711.0,939.0
745.0,939.0
919.0,939.0
156.0,940.0
719.0,940.0
782.0,940.0
872.0,940.0
911.0,940.0
278.0,941.0
483.0,941.0
508.0,941.0
578.0,941.0
666.0,941.0
846.0,941.0
847.0,941.0
6.0,942.0
637.0,942.0
806.0,942.0
817.0,942.0
871.0,942.0
876.0,943.0
877.0,944.0
908.0,944.0
343.0,945.0
360.0,945.0
693.0,945.0
91.0,946.0
425.0,946.0
696.0,946.0
759.0,946.0
773.0,946.0
937.0,946.0
10.0,947.0
717.0,947.0
740.0,947.0
920.0,947.0
262.0,948.0
788.0,948.0
813.0,948.0
817.0,948.0
948.0,998.0
61.0,949.0
445.0,949.0
479.0,949.0
660.0,949.0
688.0,949.0
769.0,949.0
785.0,949.0
818.0,949.0
841.0,949.0
78.0,950.0
106.0,950.0
285.0,950.0
683.0,950.0
738.0,950.0
763.0,950.0
950.0,953.0
159.0,951.0
802.0,951.0
940.0,952.0
952.0,989.0
77.0,953.0
149.0,953.0
332.0,953.0
608.0,953.0
732.0,953.0
780.0,953.0
947.0,953.0
953.0,977.0
600.0,954.0
343.0,955.0
719.0,955.0
756.0,955.0
816.0,955.0
918.0,955.0
6.0,956.0
669.0,956.0
721.0,956.0
812.0,956.0
885.0,956.0
235.0,957.0
350.0,957.0
402.0,957.0
744.0,957.0
792.0,957.0
820.0,957.0
837.0,957.0
918.0,957.0
927.0,957.0
41.0,958.0
466.0,958.0
700.0,958.0
735.0,958.0
776.0,958.0
884.0,958.0
161.0,959.0
208.0,959.0
747.0,959.0
788.0,959.0
933.0,959.0
26.0,960.0
808.0,960.0
832.0,960.0
833.0,960.0
891.0,960.0
938.0,960.0
943.0,960.0
945.0,960.0
417.0,961.0
669.0,961.0
811.0,961.0
23.0,962.0
123.0,962.0
223.0,962.0
572.0,962.0
851.0,962.0
883.0,962.0
962.0,966.0
22.0,963.0
445.0,963.0
563.0,963.0
782.0,963.0
92.0,964.0
693.0,964.0
763.0,964.0
940.0,964.0
962.0,964.0
964.0,995.0
84.0,965.0
230.0,965.0
354.0,965.0
644.0,965.0
773.0,965.0
707.0,966.0
938.0,966.0
952.0,966.0
215.0,967.0
224.0,967.0
679.0,967.0
698.0,967.0
767.0,967.0
951.0,967.0
31.0,968.0
527.0,968.0
792.0,968.0
874.0,968.0
887.0,968.0
920.0,968.0
956.0,968.0
132.0,969.0
175.0,969.0
466.0,969.0
744.0,969.0
796.0,969.0
806.0,969.0
969.0,995.0
969.0,996.0
247.0,970.0
862.0,970.0
672.0,971.0
716.0,971.0
746.0,971.0
750.0,971.0
875.0,971.0
918.0,971.0
53.0,972.0
292.0,972.0
425.0,972.0
683.0,972.0
685.0,972.0
848.0,972.0
898.0,972.0
127.0,973.0
761.0,973.0
914.0,973.0
929.0,973.0
854.0,974.0
867.0,974.0
939.0,974.0
214.0,975.0
702.0,975.0
707.0,975.0
752.0,975.0
841.0,975.0
946.0,975.0
948.0,975.0
953.0,975.0
539.0,976.0
599.0,976.0
686.0,976.0
692.0,976.0
771.0,976.0
825.0,976.0
160.0,977.0
256.0,977.0
448.0,977.0
613.0,977.0
707.0,977.0
733.0,977.0
744.0,977.0
762.0,977.0
789.0,977.0
856.0,977.0
913.0,977.0
942.0,977.0
360.0,978.0
442.0,978.0
940.0,978.0
278.0,979.0
398.0,979.0
688.0,979.0
733.0,979.0
754.0,979.0
794.0,979.0
829.0,979.0
917.0,979.0
791.0,980.0
107.0,981.0
682.0,981.0
690.0,981.0
701.0,981.0
709.0,981.0
785.0,981.0
957.0,981.0
981.0,987.0
478.0,982.0
504.0,982.0
744.0,982.0
887.0,982.0
982.0,989.0
119.0,983.0
697.0,983.0
742.0,983.0
806.0,983.0
926.0,983.0
939.0,983.0
960.0,983.0
679.0,984.0
713.0,984.0
750.0,984.0
759.0,984.0
816.0,984.0
886.0,984.0
549.0,985.0
710.0,985.0
720.0,985.0
726.0,985.0
743.0,985.0
794.0,985.0
824.0,985.0
965.0,985.0
21.0,986.0
826.0,986.0
21.0,987.0
136.0,987.0
433.0,987.0
687.0,987.0
773.0,987.0
837.0,987.0
900.0,987.0
684.0,988.0
941.0,988.0
212.0,989.0
843.0,989.0
8.0,990.0
374.0,990.0
908.0,990.0
418.0,991.0
456.0,991.0
477.0,991.0
542.0,991.0
852.0,991.0
900.0,991.0
912.0,991.0
32.0,992.0
699.0,992.0
718.0,992.0
771.0,992.0
781.0,992.0
870.0,992.0
901.0,992.0
939.0,992.0
992.0,993.0
50.0,993.0
8.0,994.0
285.0,994.0
296.0,994.0
866.0,994.0
967.0,994.0
394.0,995.0
725.0,995.0
764.0,995.0
773.0,995.0
981.0,995.0
366.0,996.0
400.0,996.0
750.0,996.0
784.0,996.0
822.0,996.0
873.0,996.0
966.0,996.0
169.0,997.0
807.0,997.0
925.0,997.0
940.0,997.0
958.0,997.0
304.0,998.0
723.0,998.0
763.0,998.0
779.0,998.0
522.0,999.0
836.0,999.0
914.0,999.0
