i,j
594.0,0.0
656.0,0.0
877.0,0.0
158.0,1.0
164.0,1.0
199.0,1.0
224.0,1.0
491.0,1.0
696.0,1.0
865.0,1.0
27.0,2.0
171.0,2.0
216.0,2.0
263.0,2.0
976.0,2.0
48.0,3.0
98.0,3.0
212.0,4.0
578.0,4.0
944.0,4.0
948.0,4.0
60.0,5.0
290.0,5.0
293.0,5.0
744.0,5.0
916.0,5.0
48.0,6.0
88.0,6.0
107.0,6.0
135.0,6.0
631.0,6.0
247.0,7.0
266.0,7.0
398.0,7.0
754.0,7.0
9.0,8.0
20.0,8.0
148.0,8.0
707.0,8.0
999.0,8.0
99.0,9.0
105.0,9.0
135.0,9.0
331.0,9.0
456.0,9.0
568.0,9.0
849.0,9.0
603.0,10.0
40.0,11.0
217.0,11.0
235.0,11.0
304.0,11.0
586.0,11.0
701.0,11.0
788.0,11.0
889.0,11.0
927.0,11.0
178.0,12.0
279.0,12.0
330.0,12.0
444.0,12.0
13.0,12.0
47.0,13.0
56.0,14.0
105.0,14.0
369.0,14.0
390.0,14.0
827.0,14.0
45.0,15.0
200.0,15.0
310.0,15.0
326.0,15.0
785.0,15.0
101.0,16.0
194.0,16.0
210.0,16.0
251.0,16.0
264.0,16.0
282.0,16.0
323.0,16.0
850.0,16.0
880.0,16.0
17.0,10.0
57.0,17.0
103.0,17.0
241.0,17.0
267.0,17.0
272.0,17.0
52.0,18.0
201.0,18.0
224.0,18.0
323.0,18.0
356.0,18.0
365.0,18.0
19.0,10.0
34.0,19.0
100.0,19.0
159.0,19.0
171.0,19.0
280.0,19.0
326.0,19.0
434.0,19.0
27.0,20.0
74.0,20.0
110.0,20.0
166.0,20.0
266.0,20.0
191.0,21.0
233.0,21.0
301.0,21.0
321.0,21.0
727.0,21.0
777.0,21.0
832.0,21.0
919.0,21.0
22.0,18.0
211.0,22.0
276.0,22.0
510.0,22.0
600.0,22.0
611.0,22.0
923.0,22.0
931.0,22.0
177.0,23.0
280.0,23.0
308.0,23.0
24.0,14.0
124.0,24.0
177.0,24.0
339.0,24.0
464.0,24.0
595.0,24.0
58.0,25.0
71.0,25.0
96.0,25.0
124.0,25.0
159.0,25.0
196.0,25.0
722.0,25.0
124.0,26.0
154.0,26.0
44.0,27.0
49.0,27.0
86.0,27.0
165.0,27.0
199.0,27.0
215.0,27.0
627.0,27.0
872.0,27.0
90.0,28.0
245.0,28.0
285.0,28.0
405.0,28.0
686.0,28.0
744.0,28.0
195.0,29.0
670.0,29.0
831.0,29.0
144.0,30.0
204.0,30.0
310.0,30.0
523.0,30.0
587.0,30.0
121.0,31.0
240.0,31.0
494.0,31.0
523.0,31.0
431.0,32.0
216.0,33.0
538.0,33.0
108.0,34.0
123.0,34.0
361.0,34.0
954.0,34.0
104.0,35.0
600.0,35.0
107.0,36.0
218.0,36.0
253.0,36.0
38.0,37.0
88.0,37.0
68.0,38.0
240.0,38.0
271.0,38.0
272.0,38.0
39.0,11.0
182.0,39.0
287.0,39.0
57.0,40.0
65.0,40.0
289.0,40.0
618.0,40.0
41.0,7.0
74.0,41.0
79.0,41.0
199.0,41.0
500.0,41.0
896.0,41.0
945.0,41.0
203.0,42.0
288.0,42.0
339.0,42.0
419.0,42.0
43.0,0.0
44.0,35.0
168.0,44.0
204.0,44.0
347.0,44.0
45.0,39.0
45.0,43.0
64.0,45.0
86.0,45.0
153.0,45.0
305.0,45.0
324.0,45.0
708.0,45.0
869.0,45.0
293.0,46.0
309.0,46.0
321.0,46.0
648.0,46.0
756.0,46.0
877.0,46.0
946.0,46.0
995.0,46.0
47.0,22.0
65.0,47.0
87.0,47.0
108.0,47.0
253.0,47.0
269.0,47.0
66.0,48.0
295.0,48.0
313.0,48.0
405.0,48.0
956.0,48.0
49.0,19.0
480.0,49.0
491.0,49.0
785.0,49.0
853.0,49.0
50.0,7.0
114.0,50.0
213.0,50.0
280.0,50.0
381.0,50.0
446.0,50.0
863.0,50.0
912.0,50.0
104.0,51.0
107.0,51.0
148.0,51.0
786.0,51.0
987.0,51.0
196.0,52.0
245.0,52.0
354.0,52.0
616.0,52.0
845.0,52.0
53.0,41.0
103.0,53.0
110.0,53.0
114.0,53.0
182.0,53.0
198.0,53.0
265.0,53.0
275.0,53.0
589.0,53.0
914.0,53.0
121.0,54.0
127.0,54.0
194.0,54.0
272.0,54.0
427.0,54.0
906.0,54.0
994.0,54.0
997.0,54.0
55.0,36.0
122.0,55.0
150.0,55.0
218.0,55.0
230.0,55.0
56.0,12.0
87.0,56.0
99.0,56.0
130.0,56.0
190.0,56.0
219.0,56.0
413.0,56.0
230.0,57.0
356.0,57.0
685.0,57.0
123.0,58.0
805.0,58.0
59.0,31.0
532.0,59.0
707.0,59.0
888.0,59.0
60.0,7.0
246.0,60.0
323.0,60.0
804.0,60.0
61.0,50.0
65.0,61.0
308.0,61.0
437.0,61.0
772.0,61.0
825.0,61.0
998.0,61.0
62.0,38.0
83.0,62.0
202.0,62.0
227.0,62.0
269.0,62.0
396.0,62.0
868.0,62.0
63.0,23.0
63.0,40.0
161.0,63.0
220.0,63.0
332.0,63.0
649.0,63.0
998.0,63.0
64.0,59.0
284.0,64.0
907.0,64.0
65.0,37.0
93.0,65.0
150.0,65.0
201.0,65.0
884.0,65.0
175.0,66.0
191.0,66.0
480.0,66.0
585.0,66.0
67.0,17.0
67.0,36.0
186.0,67.0
234.0,67.0
463.0,67.0
801.0,67.0
995.0,67.0
68.0,20.0
68.0,27.0
116.0,68.0
232.0,68.0
271.0,68.0
808.0,68.0
818.0,68.0
861.0,68.0
69.0,55.0
88.0,69.0
135.0,69.0
819.0,69.0
111.0,70.0
125.0,70.0
157.0,70.0
314.0,70.0
404.0,70.0
506.0,70.0
727.0,70.0
875.0,70.0
960.0,70.0
114.0,71.0
162.0,71.0
277.0,71.0
364.0,71.0
387.0,71.0
600.0,71.0
72.0,33.0
214.0,72.0
384.0,72.0
90.0,73.0
153.0,73.0
243.0,73.0
455.0,73.0
541.0,73.0
864.0,73.0
74.0,21.0
114.0,74.0
138.0,74.0
160.0,74.0
229.0,74.0
325.0,74.0
464.0,74.0
147.0,75.0
693.0,75.0
76.0,28.0
76.0,52.0
126.0,76.0
310.0,76.0
737.0,76.0
858.0,76.0
977.0,76.0
77.0,44.0
77.0,64.0
77.0,68.0
591.0,77.0
78.0,11.0
78.0,33.0
78.0,74.0
149.0,78.0
245.0,79.0
914.0,79.0
80.0,30.0
232.0,80.0
271.0,80.0
299.0,80.0
101.0,81.0
152.0,81.0
209.0,81.0
242.0,81.0
289.0,81.0
305.0,81.0
405.0,81.0
652.0,81.0
905.0,81.0
82.0,55.0
271.0,82.0
562.0,82.0
83.0,28.0
123.0,83.0
187.0,83.0
326.0,83.0
331.0,83.0
831.0,83.0
315.0,84.0
355.0,84.0
85.0,43.0
85.0,56.0
263.0,85.0
453.0,85.0
86.0,38.0
86.0,67.0
86.0,82.0
152.0,86.0
212.0,86.0
223.0,86.0
317.0,86.0
644.0,86.0
87.0,53.0
146.0,87.0
224.0,87.0
226.0,87.0
322.0,87.0
449.0,87.0
528.0,87.0
889.0,87.0
88.0,56.0
115.0,88.0
148.0,88.0
583.0,88.0
935.0,88.0
89.0,26.0
134.0,89.0
618.0,89.0
165.0,90.0
245.0,90.0
905.0,90.0
91.0,45.0
267.0,91.0
281.0,91.0
375.0,91.0
511.0,91.0
605.0,91.0
882.0,91.0
181.0,92.0
372.0,92.0
519.0,92.0
693.0,92.0
710.0,92.0
892.0,92.0
416.0,93.0
544.0,93.0
962.0,93.0
137.0,94.0
263.0,94.0
670.0,94.0
973.0,94.0
456.0,95.0
504.0,95.0
96.0,30.0
96.0,92.0
103.0,96.0
157.0,96.0
161.0,96.0
946.0,96.0
178.0,97.0
252.0,97.0
267.0,97.0
563.0,97.0
258.0,98.0
303.0,98.0
716.0,98.0
150.0,99.0
285.0,99.0
100.0,36.0
131.0,100.0
221.0,100.0
310.0,100.0
487.0,100.0
101.0,42.0
331.0,101.0
475.0,101.0
602.0,101.0
132.0,102.0
171.0,102.0
335.0,102.0
488.0,102.0
103.0,0.0
103.0,78.0
104.0,69.0
105.0,104.0
109.0,104.0
131.0,104.0
170.0,104.0
171.0,104.0
242.0,104.0
245.0,104.0
256.0,104.0
423.0,104.0
545.0,104.0
848.0,104.0
105.0,34.0
311.0,105.0
838.0,105.0
938.0,105.0
106.0,83.0
213.0,106.0
750.0,106.0
107.0,73.0
107.0,87.0
266.0,107.0
282.0,107.0
330.0,107.0
564.0,107.0
705.0,107.0
801.0,107.0
851.0,107.0
194.0,108.0
249.0,108.0
306.0,108.0
321.0,108.0
601.0,108.0
109.0,81.0
110.0,109.0
251.0,109.0
280.0,109.0
823.0,109.0
110.0,80.0
110.0,82.0
151.0,110.0
187.0,110.0
277.0,110.0
510.0,110.0
111.0,21.0
111.0,63.0
112.0,111.0
329.0,111.0
332.0,111.0
187.0,112.0
254.0,112.0
404.0,112.0
554.0,112.0
113.0,1.0
113.0,100.0
123.0,113.0
471.0,113.0
671.0,113.0
862.0,113.0
222.0,114.0
240.0,114.0
115.0,24.0
115.0,29.0
115.0,59.0
115.0,104.0
115.0,110.0
150.0,115.0
287.0,115.0
293.0,115.0
673.0,115.0
755.0,115.0
912.0,115.0
116.0,16.0
116.0,40.0
116.0,82.0
116.0,89.0
179.0,116.0
247.0,116.0
889.0,116.0
315.0,117.0
395.0,117.0
405.0,117.0
418.0,117.0
118.0,23.0
173.0,118.0
200.0,118.0
319.0,118.0
958.0,118.0
119.0,0.0
132.0,120.0
193.0,120.0
641.0,120.0
121.0,106.0
183.0,121.0
458.0,121.0
927.0,121.0
158.0,122.0
261.0,122.0
596.0,122.0
835.0,122.0
936.0,122.0
124.0,123.0
174.0,123.0
378.0,123.0
918.0,123.0
124.0,21.0
124.0,52.0
299.0,124.0
460.0,124.0
504.0,124.0
125.0,121.0
319.0,125.0
340.0,125.0
664.0,125.0
929.0,125.0
946.0,125.0
258.0,126.0
892.0,126.0
963.0,126.0
127.0,2.0
158.0,127.0
183.0,127.0
241.0,127.0
251.0,127.0
306.0,127.0
308.0,127.0
329.0,127.0
560.0,127.0
128.0,125.0
211.0,128.0
297.0,128.0
792.0,128.0
842.0,128.0
129.0,6.0
220.0,129.0
130.0,41.0
234.0,130.0
392.0,130.0
843.0,130.0
131.0,12.0
131.0,120.0
229.0,131.0
238.0,131.0
767.0,131.0
216.0,132.0
408.0,132.0
838.0,132.0
313.0,133.0
586.0,133.0
599.0,133.0
695.0,133.0
134.0,80.0
134.0,95.0
160.0,134.0
177.0,134.0
728.0,134.0
940.0,134.0
135.0,6.0
135.0,106.0
213.0,135.0
261.0,135.0
282.0,135.0
300.0,135.0
565.0,135.0
582.0,135.0
136.0,48.0
136.0,53.0
136.0,74.0
136.0,125.0
137.0,136.0
264.0,136.0
354.0,136.0
137.0,31.0
137.0,35.0
137.0,79.0
200.0,137.0
231.0,137.0
138.0,78.0
138.0,103.0
491.0,138.0
711.0,138.0
139.0,38.0
170.0,139.0
432.0,139.0
508.0,139.0
731.0,139.0
140.0,22.0
140.0,87.0
236.0,140.0
267.0,140.0
582.0,140.0
141.0,132.0
763.0,141.0
142.0,15.0
142.0,115.0
256.0,142.0
271.0,142.0
143.0,43.0
143.0,90.0
143.0,131.0
233.0,143.0
288.0,143.0
329.0,143.0
800.0,143.0
144.0,41.0
232.0,144.0
311.0,144.0
321.0,144.0
591.0,144.0
664.0,145.0
990.0,145.0
236.0,146.0
391.0,146.0
411.0,146.0
659.0,146.0
892.0,146.0
147.0,32.0
147.0,129.0
515.0,147.0
710.0,147.0
148.0,144.0
880.0,148.0
149.0,128.0
149.0,139.0
196.0,149.0
237.0,149.0
244.0,149.0
260.0,149.0
309.0,149.0
150.0,5.0
150.0,17.0
190.0,150.0
204.0,150.0
231.0,150.0
290.0,150.0
315.0,150.0
300.0,151.0
489.0,151.0
174.0,152.0
228.0,152.0
233.0,152.0
236.0,152.0
275.0,152.0
302.0,152.0
412.0,152.0
999.0,152.0
153.0,47.0
191.0,153.0
808.0,153.0
154.0,53.0
214.0,154.0
257.0,154.0
269.0,154.0
710.0,154.0
820.0,154.0
155.0,25.0
155.0,47.0
301.0,155.0
640.0,155.0
156.0,41.0
156.0,50.0
266.0,156.0
555.0,156.0
811.0,156.0
954.0,156.0
157.0,62.0
267.0,157.0
675.0,157.0
971.0,157.0
207.0,158.0
251.0,158.0
736.0,158.0
159.0,5.0
159.0,85.0
170.0,159.0
292.0,159.0
401.0,159.0
457.0,159.0
801.0,159.0
825.0,159.0
160.0,13.0
160.0,24.0
160.0,45.0
160.0,63.0
251.0,160.0
740.0,160.0
161.0,46.0
390.0,161.0
463.0,161.0
162.0,20.0
162.0,82.0
197.0,162.0
434.0,162.0
506.0,162.0
839.0,162.0
977.0,162.0
502.0,163.0
840.0,163.0
164.0,59.0
315.0,164.0
415.0,164.0
758.0,164.0
165.0,13.0
165.0,105.0
292.0,165.0
166.0,8.0
166.0,30.0
166.0,54.0
196.0,166.0
268.0,166.0
283.0,166.0
285.0,166.0
287.0,166.0
300.0,166.0
301.0,166.0
883.0,166.0
167.0,36.0
257.0,167.0
319.0,167.0
168.0,45.0
168.0,73.0
168.0,127.0
177.0,168.0
218.0,168.0
249.0,168.0
663.0,168.0
916.0,168.0
169.0,117.0
169.0,137.0
212.0,169.0
243.0,169.0
246.0,169.0
291.0,169.0
308.0,169.0
564.0,169.0
675.0,169.0
170.0,30.0
170.0,75.0
179.0,170.0
206.0,170.0
254.0,170.0
270.0,170.0
952.0,170.0
192.0,171.0
264.0,171.0
187.0,172.0
195.0,172.0
217.0,172.0
222.0,172.0
234.0,172.0
252.0,172.0
330.0,172.0
353.0,172.0
553.0,172.0
706.0,172.0
187.0,173.0
555.0,173.0
768.0,173.0
780.0,173.0
884.0,173.0
174.0,89.0
406.0,174.0
807.0,174.0
175.0,53.0
175.0,150.0
278.0,175.0
176.0,31.0
176.0,74.0
177.0,176.0
246.0,176.0
561.0,176.0
792.0,176.0
949.0,176.0
999.0,176.0
177.0,176.0
186.0,177.0
242.0,177.0
268.0,177.0
365.0,177.0
896.0,177.0
178.0,0.0
179.0,11.0
179.0,27.0
179.0,60.0
179.0,97.0
237.0,179.0
249.0,179.0
180.0,168.0
225.0,180.0
182.0,181.0
196.0,181.0
223.0,181.0
338.0,181.0
398.0,181.0
596.0,182.0
183.0,96.0
324.0,183.0
785.0,183.0
184.0,83.0
184.0,163.0
184.0,168.0
299.0,184.0
478.0,184.0
585.0,184.0
587.0,184.0
709.0,184.0
185.0,65.0
663.0,185.0
186.0,95.0
198.0,186.0
224.0,186.0
298.0,186.0
346.0,186.0
187.0,75.0
187.0,140.0
288.0,187.0
577.0,187.0
188.0,14.0
188.0,20.0
322.0,188.0
384.0,188.0
533.0,188.0
550.0,188.0
598.0,188.0
724.0,188.0
189.0,10.0
199.0,189.0
240.0,189.0
190.0,67.0
190.0,187.0
282.0,190.0
879.0,190.0
191.0,12.0
191.0,57.0
191.0,60.0
191.0,130.0
403.0,191.0
192.0,87.0
192.0,139.0
192.0,149.0
215.0,192.0
193.0,1.0
196.0,193.0
945.0,193.0
194.0,132.0
292.0,194.0
380.0,194.0
451.0,194.0
626.0,194.0
195.0,44.0
262.0,195.0
526.0,195.0
590.0,195.0
196.0,24.0
196.0,99.0
196.0,173.0
322.0,196.0
540.0,196.0
799.0,196.0
973.0,196.0
197.0,0.0
197.0,162.0
251.0,197.0
443.0,197.0
505.0,197.0
555.0,197.0
576.0,197.0
605.0,197.0
680.0,197.0
198.0,47.0
228.0,198.0
266.0,198.0
313.0,198.0
428.0,198.0
436.0,198.0
616.0,198.0
199.0,52.0
199.0,66.0
199.0,85.0
199.0,149.0
220.0,199.0
227.0,199.0
239.0,199.0
245.0,199.0
294.0,199.0
984.0,199.0
200.0,10.0
200.0,106.0
200.0,110.0
200.0,127.0
318.0,200.0
320.0,200.0
434.0,200.0
619.0,200.0
679.0,200.0
201.0,60.0
201.0,162.0
201.0,175.0
321.0,201.0
488.0,201.0
737.0,201.0
768.0,201.0
202.0,153.0
271.0,202.0
203.0,51.0
313.0,203.0
986.0,203.0
520.0,204.0
645.0,204.0
849.0,204.0
205.0,115.0
205.0,141.0
205.0,142.0
205.0,168.0
205.0,171.0
650.0,205.0
722.0,205.0
808.0,205.0
972.0,205.0
206.0,158.0
206.0,179.0
670.0,206.0
207.0,197.0
207.0,205.0
727.0,207.0
208.0,136.0
208.0,207.0
364.0,208.0
463.0,208.0
644.0,208.0
209.0,103.0
209.0,140.0
224.0,209.0
357.0,209.0
210.0,71.0
235.0,210.0
356.0,210.0
399.0,210.0
511.0,210.0
254.0,211.0
212.0,89.0
212.0,105.0
212.0,185.0
246.0,212.0
281.0,212.0
293.0,212.0
371.0,212.0
401.0,212.0
426.0,212.0
213.0,88.0
255.0,213.0
289.0,213.0
885.0,213.0
214.0,109.0
214.0,134.0
214.0,193.0
262.0,214.0
215.0,55.0
216.0,215.0
250.0,215.0
331.0,215.0
417.0,215.0
727.0,215.0
797.0,215.0
645.0,216.0
669.0,216.0
709.0,216.0
217.0,53.0
217.0,128.0
217.0,168.0
218.0,120.0
447.0,218.0
485.0,218.0
550.0,218.0
652.0,218.0
833.0,218.0
219.0,42.0
241.0,219.0
249.0,219.0
284.0,219.0
309.0,219.0
428.0,219.0
572.0,219.0
970.0,219.0
220.0,208.0
237.0,220.0
344.0,220.0
433.0,220.0
556.0,220.0
221.0,215.0
221.0,216.0
256.0,221.0
222.0,96.0
259.0,222.0
292.0,222.0
328.0,222.0
391.0,222.0
759.0,222.0
223.0,11.0
223.0,104.0
223.0,156.0
611.0,223.0
629.0,223.0
224.0,33.0
224.0,42.0
224.0,79.0
224.0,191.0
224.0,211.0
254.0,224.0
270.0,224.0
326.0,224.0
225.0,4.0
225.0,11.0
225.0,123.0
225.0,132.0
225.0,184.0
324.0,225.0
937.0,225.0
226.0,41.0
226.0,63.0
226.0,175.0
226.0,186.0
226.0,220.0
413.0,226.0
227.0,61.0
227.0,96.0
227.0,144.0
227.0,157.0
227.0,218.0
237.0,227.0
278.0,227.0
664.0,227.0
228.0,153.0
354.0,228.0
650.0,228.0
229.0,64.0
229.0,135.0
229.0,158.0
229.0,221.0
365.0,229.0
316.0,230.0
397.0,230.0
231.0,86.0
231.0,177.0
231.0,185.0
244.0,231.0
315.0,231.0
980.0,231.0
718.0,232.0
758.0,232.0
233.0,38.0
233.0,91.0
233.0,103.0
233.0,121.0
234.0,17.0
234.0,34.0
234.0,81.0
234.0,178.0
284.0,234.0
338.0,234.0
829.0,234.0
300.0,235.0
585.0,235.0
699.0,235.0
942.0,235.0
236.0,122.0
260.0,236.0
336.0,236.0
872.0,236.0
237.0,151.0
237.0,206.0
787.0,237.0
999.0,237.0
238.0,2.0
238.0,98.0
238.0,221.0
238.0,228.0
329.0,238.0
239.0,63.0
324.0,239.0
783.0,239.0
925.0,239.0
945.0,239.0
977.0,239.0
240.0,166.0
549.0,240.0
632.0,240.0
967.0,240.0
241.0,63.0
264.0,241.0
284.0,241.0
438.0,241.0
242.0,83.0
242.0,118.0
242.0,173.0
242.0,175.0
242.0,207.0
242.0,226.0
862.0,242.0
247.0,243.0
315.0,243.0
940.0,243.0
244.0,27.0
244.0,108.0
244.0,167.0
284.0,244.0
368.0,244.0
498.0,244.0
859.0,244.0
245.0,85.0
319.0,245.0
720.0,245.0
246.0,64.0
246.0,70.0
246.0,114.0
299.0,246.0
247.0,96.0
247.0,128.0
247.0,146.0
247.0,182.0
247.0,188.0
247.0,194.0
412.0,247.0
446.0,247.0
629.0,247.0
848.0,247.0
248.0,28.0
248.0,35.0
248.0,92.0
248.0,170.0
750.0,248.0
249.0,19.0
249.0,51.0
286.0,249.0
250.0,89.0
250.0,201.0
647.0,250.0
970.0,250.0
251.0,5.0
251.0,81.0
251.0,210.0
251.0,212.0
251.0,223.0
440.0,251.0
541.0,251.0
862.0,251.0
252.0,119.0
252.0,152.0
252.0,191.0
468.0,252.0
574.0,252.0
310.0,253.0
488.0,253.0
254.0,0.0
254.0,30.0
254.0,136.0
273.0,254.0
299.0,254.0
314.0,254.0
255.0,132.0
255.0,216.0
255.0,254.0
271.0,255.0
439.0,255.0
827.0,255.0
256.0,0.0
257.0,33.0
257.0,104.0
308.0,257.0
831.0,257.0
258.0,21.0
258.0,256.0
376.0,258.0
970.0,258.0
259.0,189.0
259.0,193.0
260.0,77.0
260.0,154.0
311.0,260.0
330.0,260.0
554.0,260.0
261.0,78.0
261.0,117.0
280.0,261.0
302.0,261.0
827.0,261.0
947.0,261.0
957.0,261.0
262.0,130.0
436.0,262.0
263.0,85.0
263.0,145.0
263.0,161.0
521.0,263.0
969.0,263.0
264.0,31.0
264.0,122.0
308.0,264.0
317.0,264.0
322.0,264.0
729.0,264.0
849.0,264.0
265.0,220.0
265.0,252.0
297.0,265.0
378.0,265.0
771.0,265.0
811.0,265.0
998.0,265.0
266.0,109.0
266.0,147.0
266.0,148.0
281.0,266.0
290.0,266.0
743.0,266.0
787.0,266.0
267.0,87.0
267.0,257.0
979.0,267.0
268.0,134.0
268.0,195.0
327.0,268.0
758.0,268.0
766.0,268.0
269.0,66.0
269.0,133.0
269.0,246.0
729.0,269.0
270.0,43.0
434.0,270.0
596.0,270.0
740.0,270.0
271.0,32.0
271.0,136.0
271.0,160.0
271.0,259.0
326.0,271.0
598.0,271.0
822.0,271.0
881.0,271.0
895.0,271.0
272.0,9.0
272.0,56.0
272.0,94.0
272.0,100.0
272.0,229.0
406.0,272.0
273.0,12.0
273.0,77.0
274.0,273.0
323.0,273.0
328.0,273.0
407.0,273.0
486.0,273.0
487.0,273.0
653.0,273.0
654.0,273.0
953.0,273.0
274.0,72.0
274.0,220.0
285.0,274.0
412.0,274.0
977.0,274.0
275.0,90.0
275.0,260.0
275.0,261.0
275.0,265.0
325.0,275.0
769.0,275.0
276.0,25.0
276.0,54.0
276.0,171.0
276.0,184.0
492.0,276.0
277.0,38.0
277.0,247.0
316.0,277.0
437.0,277.0
891.0,277.0
926.0,277.0
278.0,123.0
278.0,194.0
278.0,250.0
937.0,278.0
279.0,44.0
309.0,279.0
387.0,279.0
825.0,279.0
280.0,28.0
280.0,53.0
280.0,91.0
280.0,103.0
281.0,16.0
281.0,55.0
281.0,74.0
281.0,200.0
349.0,281.0
406.0,281.0
694.0,281.0
877.0,281.0
282.0,130.0
282.0,148.0
282.0,173.0
758.0,282.0
786.0,282.0
283.0,12.0
283.0,87.0
283.0,107.0
283.0,214.0
283.0,266.0
298.0,283.0
307.0,283.0
706.0,283.0
284.0,86.0
284.0,126.0
305.0,284.0
799.0,284.0
869.0,284.0
285.0,87.0
285.0,183.0
285.0,200.0
285.0,209.0
312.0,285.0
332.0,285.0
473.0,285.0
556.0,285.0
716.0,285.0
286.0,117.0
286.0,284.0
364.0,286.0
389.0,286.0
875.0,286.0
287.0,3.0
287.0,53.0
287.0,138.0
287.0,199.0
287.0,275.0
296.0,287.0
359.0,287.0
396.0,287.0
859.0,287.0
288.0,60.0
601.0,288.0
289.0,151.0
289.0,199.0
329.0,289.0
335.0,289.0
486.0,289.0
514.0,289.0
886.0,289.0
290.0,14.0
290.0,65.0
290.0,77.0
290.0,212.0
328.0,290.0
291.0,0.0
291.0,72.0
291.0,111.0
291.0,265.0
292.0,97.0
292.0,271.0
408.0,292.0
474.0,292.0
621.0,292.0
638.0,292.0
668.0,292.0
293.0,107.0
293.0,272.0
293.0,283.0
313.0,293.0
658.0,293.0
294.0,5.0
294.0,156.0
294.0,185.0
357.0,294.0
981.0,294.0
295.0,79.0
295.0,113.0
295.0,145.0
296.0,59.0
296.0,86.0
296.0,266.0
453.0,296.0
480.0,296.0
567.0,296.0
297.0,106.0
297.0,207.0
297.0,208.0
297.0,236.0
978.0,297.0
298.0,16.0
298.0,57.0
298.0,179.0
298.0,255.0
328.0,298.0
299.0,143.0
300.0,271.0
316.0,300.0
325.0,300.0
458.0,300.0
473.0,300.0
790.0,300.0
301.0,11.0
301.0,77.0
301.0,292.0
302.0,52.0
302.0,116.0
302.0,239.0
318.0,302.0
541.0,302.0
303.0,196.0
303.0,209.0
303.0,218.0
303.0,259.0
330.0,303.0
304.0,51.0
578.0,304.0
901.0,304.0
305.0,5.0
305.0,46.0
305.0,105.0
776.0,305.0
306.0,108.0
306.0,186.0
306.0,206.0
306.0,218.0
306.0,272.0
921.0,306.0
307.0,19.0
307.0,299.0
308.0,307.0
508.0,307.0
846.0,307.0
308.0,109.0
308.0,223.0
756.0,308.0
885.0,308.0
309.0,192.0
309.0,213.0
430.0,309.0
310.0,67.0
310.0,188.0
923.0,310.0
311.0,1.0
311.0,157.0
311.0,215.0
311.0,249.0
311.0,267.0
720.0,311.0
995.0,311.0
312.0,46.0
312.0,52.0
312.0,144.0
312.0,310.0
316.0,312.0
927.0,312.0
313.0,30.0
313.0,191.0
313.0,291.0
883.0,313.0
977.0,313.0
314.0,9.0
314.0,70.0
314.0,102.0
314.0,150.0
314.0,256.0
422.0,314.0
484.0,314.0
696.0,314.0
773.0,314.0
809.0,314.0
866.0,314.0
315.0,310.0
500.0,315.0
639.0,315.0
316.0,0.0
317.0,232.0
317.0,258.0
329.0,317.0
318.0,67.0
318.0,78.0
318.0,85.0
318.0,115.0
318.0,145.0
318.0,163.0
318.0,166.0
318.0,247.0
318.0,274.0
319.0,318.0
321.0,318.0
722.0,318.0
319.0,17.0
319.0,66.0
319.0,223.0
319.0,254.0
322.0,319.0
330.0,319.0
508.0,319.0
609.0,319.0
320.0,20.0
320.0,216.0
321.0,252.0
321.0,312.0
518.0,321.0
973.0,321.0
322.0,197.0
409.0,322.0
834.0,322.0
323.0,34.0
323.0,69.0
323.0,158.0
323.0,205.0
323.0,270.0
323.0,298.0
487.0,323.0
594.0,323.0
636.0,323.0
324.0,56.0
324.0,65.0
324.0,119.0
497.0,324.0
325.0,176.0
325.0,217.0
325.0,303.0
879.0,325.0
326.0,7.0
326.0,94.0
326.0,127.0
326.0,319.0
534.0,326.0
327.0,24.0
327.0,30.0
327.0,169.0
442.0,327.0
508.0,327.0
553.0,327.0
328.0,176.0
328.0,284.0
458.0,328.0
473.0,328.0
329.0,31.0
329.0,283.0
947.0,329.0
330.0,27.0
330.0,140.0
330.0,221.0
330.0,232.0
330.0,255.0
482.0,330.0
331.0,21.0
331.0,79.0
331.0,188.0
331.0,238.0
331.0,310.0
331.0,314.0
587.0,331.0
624.0,331.0
332.0,59.0
332.0,109.0
332.0,298.0
754.0,332.0
333.0,261.0
388.0,333.0
466.0,333.0
767.0,333.0
813.0,333.0
964.0,333.0
446.0,334.0
568.0,334.0
983.0,334.0
335.0,306.0
513.0,335.0
593.0,335.0
641.0,335.0
772.0,335.0
796.0,335.0
926.0,335.0
353.0,336.0
432.0,336.0
441.0,336.0
624.0,336.0
885.0,336.0
379.0,337.0
459.0,337.0
528.0,337.0
569.0,337.0
609.0,337.0
623.0,337.0
366.0,338.0
339.0,24.0
339.0,200.0
371.0,339.0
576.0,339.0
660.0,339.0
693.0,339.0
340.0,265.0
340.0,277.0
389.0,340.0
392.0,340.0
457.0,340.0
729.0,340.0
747.0,340.0
666.0,341.0
859.0,341.0
950.0,341.0
342.0,122.0
343.0,265.0
343.0,287.0
369.0,343.0
705.0,343.0
921.0,343.0
344.0,248.0
476.0,344.0
530.0,344.0
531.0,344.0
482.0,345.0
693.0,345.0
428.0,346.0
484.0,346.0
591.0,346.0
548.0,347.0
552.0,347.0
562.0,347.0
348.0,42.0
348.0,153.0
360.0,348.0
491.0,348.0
521.0,348.0
636.0,348.0
885.0,348.0
387.0,349.0
418.0,349.0
533.0,349.0
583.0,349.0
612.0,349.0
648.0,349.0
876.0,349.0
918.0,349.0
350.0,284.0
462.0,350.0
481.0,350.0
496.0,350.0
543.0,350.0
592.0,350.0
633.0,350.0
351.0,13.0
415.0,351.0
423.0,351.0
546.0,351.0
633.0,351.0
410.0,352.0
788.0,352.0
353.0,11.0
961.0,353.0
354.0,216.0
515.0,354.0
555.0,354.0
648.0,354.0
355.0,237.0
492.0,355.0
501.0,355.0
965.0,355.0
356.0,208.0
356.0,252.0
576.0,356.0
629.0,356.0
861.0,356.0
357.0,151.0
357.0,236.0
363.0,357.0
647.0,357.0
648.0,357.0
358.0,21.0
358.0,208.0
358.0,316.0
358.0,334.0
518.0,358.0
990.0,358.0
359.0,338.0
659.0,359.0
729.0,359.0
382.0,360.0
558.0,360.0
579.0,360.0
602.0,360.0
659.0,360.0
971.0,360.0
361.0,245.0
550.0,361.0
587.0,361.0
709.0,361.0
817.0,361.0
362.0,101.0
362.0,105.0
362.0,356.0
448.0,362.0
578.0,362.0
590.0,362.0
370.0,363.0
417.0,363.0
364.0,222.0
452.0,364.0
508.0,364.0
787.0,364.0
365.0,188.0
385.0,365.0
779.0,365.0
790.0,365.0
932.0,365.0
998.0,365.0
366.0,48.0
366.0,90.0
366.0,288.0
619.0,366.0
367.0,29.0
367.0,337.0
367.0,358.0
556.0,367.0
563.0,367.0
368.0,145.0
368.0,158.0
570.0,368.0
714.0,368.0
369.0,218.0
369.0,311.0
394.0,369.0
417.0,369.0
528.0,369.0
662.0,369.0
723.0,369.0
817.0,369.0
834.0,369.0
370.0,86.0
382.0,370.0
446.0,370.0
577.0,370.0
700.0,370.0
724.0,370.0
927.0,370.0
371.0,73.0
371.0,102.0
433.0,371.0
556.0,371.0
571.0,371.0
582.0,371.0
653.0,371.0
827.0,371.0
944.0,371.0
372.0,144.0
372.0,276.0
372.0,300.0
372.0,344.0
387.0,372.0
539.0,372.0
581.0,372.0
408.0,373.0
374.0,200.0
441.0,374.0
635.0,374.0
719.0,374.0
820.0,374.0
460.0,375.0
478.0,375.0
547.0,375.0
614.0,375.0
624.0,375.0
676.0,375.0
389.0,376.0
390.0,376.0
748.0,376.0
377.0,24.0
403.0,377.0
462.0,377.0
523.0,377.0
539.0,377.0
487.0,378.0
506.0,378.0
550.0,378.0
379.0,234.0
379.0,345.0
390.0,379.0
562.0,379.0
591.0,379.0
643.0,379.0
697.0,379.0
399.0,380.0
429.0,380.0
526.0,380.0
553.0,380.0
603.0,380.0
657.0,380.0
828.0,380.0
446.0,381.0
382.0,122.0
382.0,338.0
414.0,382.0
494.0,382.0
528.0,382.0
648.0,382.0
383.0,222.0
494.0,383.0
588.0,383.0
662.0,383.0
444.0,384.0
467.0,384.0
548.0,384.0
570.0,384.0
623.0,384.0
647.0,384.0
389.0,385.0
390.0,385.0
562.0,385.0
762.0,385.0
386.0,258.0
386.0,333.0
429.0,386.0
515.0,386.0
785.0,386.0
959.0,386.0
387.0,36.0
387.0,165.0
387.0,334.0
471.0,387.0
625.0,387.0
950.0,387.0
388.0,159.0
623.0,388.0
928.0,388.0
389.0,165.0
389.0,340.0
390.0,389.0
652.0,389.0
390.0,347.0
736.0,390.0
391.0,164.0
414.0,391.0
426.0,391.0
542.0,391.0
573.0,391.0
621.0,391.0
392.0,39.0
408.0,392.0
425.0,392.0
441.0,392.0
458.0,392.0
573.0,392.0
599.0,392.0
720.0,392.0
506.0,393.0
622.0,393.0
394.0,342.0
394.0,345.0
394.0,362.0
394.0,372.0
438.0,394.0
973.0,394.0
978.0,394.0
395.0,277.0
395.0,382.0
540.0,395.0
914.0,395.0
396.0,150.0
396.0,376.0
396.0,379.0
591.0,396.0
397.0,272.0
397.0,363.0
744.0,397.0
398.0,354.0
398.0,385.0
508.0,398.0
553.0,398.0
531.0,399.0
569.0,399.0
727.0,399.0
837.0,399.0
888.0,399.0
400.0,234.0
400.0,399.0
796.0,400.0
814.0,400.0
401.0,23.0
401.0,102.0
401.0,358.0
498.0,401.0
722.0,401.0
444.0,402.0
602.0,402.0
719.0,402.0
403.0,395.0
624.0,403.0
644.0,403.0
660.0,403.0
966.0,403.0
404.0,292.0
404.0,378.0
405.0,39.0
405.0,100.0
405.0,126.0
405.0,383.0
454.0,405.0
590.0,405.0
599.0,405.0
885.0,405.0
406.0,176.0
406.0,293.0
406.0,386.0
517.0,406.0
407.0,125.0
434.0,407.0
729.0,407.0
883.0,407.0
979.0,407.0
412.0,408.0
593.0,408.0
642.0,408.0
646.0,408.0
818.0,408.0
847.0,408.0
414.0,409.0
494.0,409.0
665.0,409.0
410.0,291.0
410.0,320.0
410.0,336.0
410.0,345.0
535.0,410.0
612.0,410.0
887.0,410.0
411.0,337.0
411.0,373.0
411.0,394.0
411.0,409.0
490.0,411.0
412.0,96.0
412.0,99.0
954.0,412.0
470.0,413.0
658.0,413.0
761.0,413.0
414.0,203.0
414.0,351.0
415.0,414.0
585.0,414.0
415.0,374.0
415.0,414.0
513.0,415.0
516.0,415.0
555.0,415.0
573.0,415.0
952.0,415.0
416.0,216.0
460.0,416.0
497.0,416.0
596.0,416.0
905.0,417.0
418.0,211.0
418.0,267.0
418.0,349.0
604.0,418.0
654.0,418.0
419.0,343.0
419.0,379.0
656.0,419.0
661.0,419.0
561.0,420.0
618.0,420.0
651.0,420.0
947.0,420.0
421.0,271.0
421.0,330.0
421.0,385.0
421.0,416.0
555.0,421.0
605.0,421.0
422.0,53.0
422.0,307.0
593.0,422.0
611.0,422.0
654.0,422.0
881.0,422.0
884.0,422.0
449.0,423.0
529.0,423.0
643.0,423.0
424.0,59.0
878.0,424.0
425.0,22.0
425.0,342.0
425.0,415.0
571.0,425.0
633.0,425.0
637.0,425.0
426.0,31.0
426.0,411.0
526.0,426.0
565.0,426.0
427.0,17.0
427.0,112.0
427.0,290.0
582.0,427.0
591.0,427.0
951.0,427.0
428.0,387.0
468.0,428.0
472.0,428.0
569.0,428.0
635.0,428.0
532.0,429.0
642.0,429.0
672.0,429.0
430.0,190.0
430.0,333.0
430.0,357.0
452.0,430.0
640.0,430.0
699.0,430.0
801.0,430.0
431.0,52.0
431.0,285.0
431.0,401.0
676.0,431.0
432.0,336.0
432.0,391.0
435.0,432.0
567.0,432.0
574.0,432.0
739.0,432.0
909.0,432.0
497.0,433.0
546.0,433.0
857.0,433.0
434.0,263.0
434.0,372.0
883.0,434.0
489.0,435.0
499.0,435.0
537.0,435.0
632.0,435.0
645.0,435.0
979.0,435.0
436.0,76.0
436.0,190.0
436.0,246.0
436.0,359.0
436.0,396.0
436.0,426.0
508.0,436.0
511.0,436.0
587.0,436.0
588.0,436.0
594.0,436.0
717.0,436.0
437.0,65.0
437.0,366.0
437.0,374.0
437.0,406.0
464.0,437.0
834.0,437.0
907.0,437.0
438.0,378.0
567.0,438.0
656.0,438.0
859.0,438.0
909.0,438.0
439.0,395.0
439.0,427.0
441.0,439.0
455.0,439.0
464.0,439.0
573.0,439.0
655.0,439.0
459.0,440.0
506.0,440.0
521.0,440.0
626.0,440.0
441.0,93.0
441.0,438.0
600.0,441.0
442.0,86.0
616.0,442.0
649.0,442.0
443.0,0.0
444.0,34.0
444.0,252.0
444.0,393.0
475.0,444.0
492.0,444.0
529.0,444.0
727.0,444.0
985.0,444.0
445.0,1.0
449.0,445.0
559.0,445.0
560.0,445.0
720.0,445.0
446.0,355.0
446.0,362.0
446.0,380.0
661.0,446.0
447.0,378.0
460.0,447.0
492.0,447.0
629.0,447.0
858.0,447.0
448.0,409.0
509.0,448.0
643.0,448.0
449.0,14.0
497.0,449.0
544.0,449.0
584.0,449.0
639.0,449.0
643.0,449.0
516.0,450.0
536.0,450.0
583.0,450.0
792.0,450.0
904.0,450.0
451.0,235.0
451.0,363.0
517.0,451.0
523.0,451.0
542.0,451.0
722.0,451.0
452.0,152.0
452.0,416.0
956.0,452.0
453.0,111.0
453.0,180.0
453.0,250.0
453.0,339.0
453.0,372.0
453.0,434.0
453.0,438.0
506.0,453.0
532.0,453.0
539.0,453.0
551.0,453.0
554.0,453.0
454.0,285.0
454.0,381.0
455.0,212.0
455.0,250.0
455.0,412.0
455.0,424.0
455.0,435.0
470.0,455.0
479.0,455.0
984.0,455.0
456.0,267.0
630.0,456.0
700.0,456.0
960.0,456.0
457.0,195.0
457.0,320.0
457.0,447.0
497.0,457.0
647.0,457.0
679.0,457.0
458.0,34.0
458.0,188.0
458.0,263.0
458.0,371.0
458.0,434.0
496.0,458.0
530.0,458.0
641.0,458.0
841.0,458.0
459.0,281.0
539.0,459.0
626.0,459.0
630.0,459.0
460.0,407.0
460.0,426.0
564.0,460.0
637.0,460.0
659.0,460.0
461.0,71.0
461.0,137.0
576.0,461.0
593.0,461.0
763.0,461.0
782.0,461.0
895.0,461.0
953.0,461.0
462.0,384.0
462.0,393.0
462.0,446.0
739.0,462.0
904.0,462.0
936.0,462.0
463.0,433.0
553.0,463.0
611.0,463.0
480.0,464.0
504.0,464.0
513.0,464.0
910.0,464.0
465.0,355.0
465.0,386.0
491.0,465.0
540.0,465.0
547.0,465.0
613.0,465.0
624.0,465.0
466.0,250.0
466.0,300.0
540.0,466.0
624.0,466.0
467.0,393.0
467.0,446.0
484.0,467.0
618.0,467.0
635.0,467.0
653.0,467.0
706.0,467.0
731.0,467.0
468.0,389.0
468.0,432.0
485.0,468.0
532.0,468.0
997.0,468.0
469.0,391.0
469.0,419.0
533.0,469.0
801.0,469.0
470.0,89.0
470.0,433.0
503.0,470.0
524.0,470.0
593.0,470.0
648.0,470.0
758.0,470.0
886.0,470.0
471.0,127.0
471.0,438.0
533.0,471.0
535.0,471.0
545.0,471.0
472.0,385.0
472.0,463.0
481.0,472.0
577.0,472.0
866.0,472.0
569.0,473.0
682.0,473.0
930.0,473.0
474.0,124.0
503.0,474.0
648.0,474.0
475.0,245.0
475.0,456.0
542.0,476.0
477.0,74.0
477.0,99.0
477.0,431.0
477.0,458.0
499.0,477.0
497.0,478.0
499.0,478.0
654.0,478.0
564.0,479.0
594.0,479.0
711.0,479.0
723.0,479.0
867.0,479.0
480.0,339.0
480.0,385.0
480.0,472.0
504.0,480.0
674.0,480.0
752.0,480.0
827.0,480.0
481.0,2.0
495.0,481.0
625.0,481.0
884.0,481.0
906.0,481.0
917.0,481.0
482.0,45.0
482.0,168.0
482.0,275.0
482.0,382.0
482.0,418.0
482.0,441.0
482.0,450.0
676.0,482.0
871.0,482.0
483.0,332.0
483.0,379.0
483.0,444.0
487.0,483.0
492.0,483.0
523.0,483.0
556.0,483.0
597.0,484.0
671.0,484.0
888.0,484.0
944.0,484.0
485.0,45.0
485.0,243.0
485.0,376.0
485.0,391.0
485.0,465.0
636.0,485.0
684.0,485.0
768.0,485.0
803.0,485.0
486.0,287.0
524.0,486.0
625.0,486.0
733.0,486.0
487.0,331.0
487.0,471.0
537.0,487.0
545.0,487.0
610.0,487.0
768.0,487.0
488.0,87.0
488.0,364.0
488.0,410.0
488.0,438.0
767.0,488.0
636.0,489.0
490.0,61.0
490.0,329.0
490.0,486.0
553.0,490.0
676.0,490.0
491.0,475.0
491.0,488.0
493.0,491.0
535.0,491.0
553.0,491.0
641.0,491.0
803.0,491.0
492.0,61.0
492.0,303.0
492.0,390.0
526.0,492.0
540.0,492.0
656.0,492.0
871.0,492.0
493.0,405.0
582.0,493.0
887.0,493.0
494.0,353.0
495.0,141.0
495.0,468.0
537.0,495.0
562.0,495.0
615.0,495.0
496.0,82.0
496.0,361.0
496.0,439.0
496.0,474.0
554.0,496.0
863.0,496.0
497.0,179.0
497.0,340.0
497.0,354.0
497.0,376.0
521.0,497.0
571.0,497.0
573.0,497.0
576.0,497.0
594.0,497.0
599.0,497.0
498.0,297.0
498.0,398.0
498.0,460.0
531.0,498.0
604.0,498.0
499.0,209.0
499.0,475.0
502.0,499.0
608.0,499.0
763.0,499.0
803.0,499.0
990.0,499.0
500.0,142.0
500.0,389.0
500.0,469.0
500.0,486.0
500.0,492.0
541.0,500.0
598.0,500.0
730.0,500.0
852.0,500.0
501.0,77.0
501.0,291.0
501.0,338.0
501.0,424.0
501.0,490.0
538.0,501.0
627.0,501.0
733.0,501.0
502.0,34.0
502.0,66.0
502.0,333.0
821.0,502.0
503.0,29.0
503.0,414.0
503.0,464.0
644.0,503.0
646.0,503.0
831.0,503.0
504.0,153.0
663.0,504.0
505.0,489.0
506.0,505.0
581.0,505.0
585.0,505.0
506.0,400.0
506.0,482.0
549.0,506.0
560.0,506.0
595.0,506.0
787.0,506.0
507.0,491.0
682.0,507.0
508.0,125.0
508.0,220.0
508.0,226.0
508.0,358.0
544.0,508.0
627.0,508.0
637.0,508.0
509.0,390.0
569.0,509.0
510.0,272.0
516.0,510.0
622.0,510.0
832.0,510.0
511.0,239.0
511.0,407.0
511.0,453.0
511.0,496.0
543.0,511.0
573.0,511.0
894.0,511.0
512.0,346.0
512.0,375.0
512.0,380.0
512.0,499.0
663.0,512.0
782.0,512.0
513.0,379.0
513.0,423.0
513.0,440.0
517.0,513.0
614.0,513.0
956.0,513.0
939.0,514.0
515.0,51.0
515.0,497.0
552.0,515.0
556.0,515.0
753.0,515.0
970.0,515.0
516.0,430.0
516.0,442.0
544.0,516.0
618.0,516.0
620.0,516.0
517.0,29.0
517.0,454.0
517.0,492.0
517.0,497.0
526.0,517.0
591.0,517.0
518.0,30.0
518.0,389.0
530.0,518.0
591.0,518.0
602.0,518.0
519.0,336.0
585.0,519.0
587.0,519.0
619.0,519.0
520.0,161.0
520.0,311.0
520.0,428.0
520.0,466.0
520.0,475.0
629.0,520.0
638.0,520.0
755.0,520.0
521.0,29.0
521.0,79.0
521.0,124.0
521.0,346.0
521.0,387.0
589.0,521.0
690.0,521.0
839.0,521.0
840.0,521.0
850.0,521.0
909.0,521.0
936.0,521.0
522.0,7.0
522.0,46.0
522.0,151.0
522.0,433.0
522.0,441.0
522.0,486.0
522.0,489.0
522.0,504.0
777.0,522.0
523.0,363.0
523.0,381.0
523.0,382.0
523.0,399.0
523.0,450.0
524.0,267.0
524.0,300.0
524.0,374.0
524.0,508.0
637.0,524.0
525.0,23.0
525.0,412.0
884.0,525.0
951.0,525.0
526.0,482.0
527.0,51.0
527.0,83.0
527.0,180.0
527.0,477.0
527.0,514.0
528.0,375.0
583.0,528.0
584.0,528.0
587.0,528.0
529.0,408.0
529.0,417.0
529.0,440.0
529.0,446.0
642.0,529.0
702.0,529.0
530.0,380.0
530.0,420.0
530.0,461.0
632.0,530.0
727.0,530.0
972.0,530.0
531.0,429.0
531.0,501.0
542.0,531.0
664.0,531.0
532.0,262.0
532.0,280.0
532.0,388.0
532.0,389.0
642.0,532.0
879.0,532.0
898.0,532.0
907.0,532.0
974.0,532.0
533.0,327.0
554.0,533.0
983.0,533.0
534.0,333.0
534.0,433.0
534.0,512.0
534.0,516.0
664.0,534.0
535.0,257.0
535.0,353.0
535.0,461.0
535.0,522.0
628.0,535.0
834.0,535.0
836.0,535.0
844.0,535.0
536.0,392.0
536.0,423.0
642.0,536.0
550.0,537.0
879.0,537.0
970.0,537.0
538.0,321.0
538.0,365.0
538.0,388.0
538.0,517.0
538.0,523.0
628.0,538.0
539.0,391.0
540.0,153.0
540.0,259.0
540.0,404.0
540.0,463.0
541.0,540.0
594.0,540.0
658.0,540.0
541.0,519.0
633.0,541.0
542.0,69.0
542.0,168.0
542.0,467.0
666.0,542.0
877.0,542.0
592.0,543.0
718.0,543.0
881.0,543.0
544.0,151.0
544.0,244.0
544.0,443.0
544.0,454.0
544.0,540.0
548.0,544.0
545.0,28.0
545.0,184.0
545.0,527.0
603.0,545.0
720.0,545.0
546.0,410.0
577.0,546.0
808.0,546.0
547.0,249.0
547.0,426.0
561.0,547.0
577.0,547.0
583.0,547.0
548.0,492.0
580.0,548.0
692.0,548.0
549.0,148.0
549.0,203.0
549.0,491.0
618.0,549.0
625.0,549.0
550.0,295.0
550.0,353.0
550.0,454.0
921.0,550.0
958.0,550.0
551.0,239.0
551.0,474.0
620.0,551.0
957.0,551.0
552.0,379.0
552.0,385.0
552.0,402.0
552.0,445.0
552.0,465.0
553.0,319.0
553.0,320.0
553.0,329.0
553.0,362.0
664.0,553.0
983.0,553.0
559.0,554.0
746.0,554.0
777.0,554.0
845.0,554.0
914.0,554.0
555.0,101.0
555.0,461.0
556.0,30.0
556.0,64.0
590.0,556.0
777.0,556.0
557.0,22.0
557.0,114.0
557.0,121.0
557.0,414.0
557.0,435.0
557.0,477.0
941.0,557.0
558.0,458.0
971.0,558.0
559.0,22.0
559.0,345.0
559.0,408.0
559.0,435.0
559.0,530.0
560.0,375.0
560.0,385.0
560.0,525.0
591.0,560.0
561.0,341.0
561.0,362.0
881.0,561.0
562.0,368.0
562.0,424.0
562.0,482.0
562.0,540.0
708.0,562.0
563.0,55.0
563.0,214.0
563.0,297.0
563.0,321.0
563.0,450.0
563.0,514.0
595.0,563.0
865.0,563.0
564.0,351.0
564.0,377.0
564.0,528.0
564.0,558.0
647.0,564.0
905.0,564.0
565.0,373.0
565.0,412.0
574.0,565.0
648.0,565.0
566.0,3.0
566.0,341.0
566.0,545.0
567.0,198.0
567.0,336.0
567.0,400.0
567.0,435.0
602.0,567.0
658.0,567.0
778.0,567.0
568.0,322.0
568.0,364.0
568.0,437.0
599.0,568.0
651.0,568.0
778.0,568.0
965.0,568.0
569.0,343.0
569.0,386.0
569.0,464.0
607.0,569.0
621.0,569.0
570.0,421.0
570.0,515.0
571.0,157.0
571.0,356.0
571.0,394.0
604.0,571.0
663.0,571.0
853.0,571.0
953.0,571.0
572.0,79.0
572.0,222.0
572.0,453.0
572.0,545.0
641.0,572.0
913.0,572.0
573.0,58.0
573.0,470.0
573.0,500.0
839.0,573.0
911.0,573.0
574.0,331.0
574.0,342.0
574.0,358.0
574.0,517.0
658.0,574.0
575.0,241.0
575.0,421.0
575.0,496.0
575.0,558.0
576.0,226.0
576.0,462.0
684.0,576.0
897.0,576.0
577.0,256.0
577.0,308.0
577.0,371.0
577.0,411.0
577.0,413.0
616.0,577.0
661.0,577.0
578.0,241.0
578.0,431.0
579.0,425.0
579.0,539.0
580.0,344.0
648.0,580.0
902.0,580.0
581.0,276.0
581.0,550.0
581.0,579.0
582.0,456.0
769.0,582.0
583.0,33.0
583.0,502.0
583.0,521.0
583.0,574.0
593.0,583.0
604.0,583.0
651.0,583.0
584.0,51.0
584.0,357.0
584.0,359.0
584.0,457.0
584.0,492.0
584.0,520.0
584.0,532.0
585.0,516.0
586.0,164.0
586.0,352.0
651.0,586.0
587.0,203.0
588.0,26.0
588.0,217.0
588.0,395.0
588.0,416.0
619.0,588.0
681.0,588.0
589.0,17.0
589.0,136.0
589.0,466.0
589.0,494.0
589.0,537.0
589.0,576.0
590.0,383.0
632.0,590.0
591.0,132.0
591.0,236.0
608.0,591.0
592.0,447.0
592.0,457.0
592.0,462.0
592.0,555.0
592.0,570.0
831.0,592.0
593.0,485.0
593.0,488.0
655.0,593.0
594.0,356.0
705.0,594.0
595.0,118.0
595.0,260.0
595.0,393.0
595.0,560.0
690.0,595.0
730.0,595.0
596.0,377.0
596.0,422.0
597.0,405.0
597.0,526.0
767.0,597.0
961.0,597.0
598.0,10.0
598.0,345.0
598.0,428.0
598.0,541.0
635.0,598.0
781.0,598.0
599.0,475.0
599.0,597.0
606.0,599.0
955.0,599.0
600.0,9.0
600.0,384.0
600.0,402.0
600.0,458.0
600.0,477.0
622.0,600.0
715.0,600.0
987.0,600.0
601.0,433.0
633.0,601.0
639.0,601.0
690.0,601.0
602.0,91.0
602.0,172.0
634.0,602.0
655.0,602.0
688.0,602.0
603.0,127.0
603.0,240.0
603.0,303.0
603.0,487.0
603.0,572.0
628.0,603.0
798.0,603.0
869.0,603.0
924.0,603.0
604.0,361.0
604.0,362.0
604.0,448.0
604.0,464.0
604.0,469.0
604.0,480.0
605.0,355.0
605.0,415.0
605.0,480.0
853.0,605.0
905.0,605.0
606.0,351.0
606.0,393.0
606.0,492.0
606.0,588.0
611.0,606.0
622.0,606.0
607.0,434.0
607.0,592.0
771.0,607.0
608.0,396.0
608.0,433.0
608.0,451.0
609.0,302.0
609.0,396.0
609.0,413.0
609.0,480.0
610.0,253.0
610.0,360.0
610.0,445.0
658.0,610.0
879.0,610.0
611.0,122.0
611.0,150.0
611.0,180.0
623.0,611.0
612.0,344.0
612.0,437.0
612.0,451.0
612.0,606.0
637.0,612.0
644.0,612.0
745.0,612.0
613.0,435.0
646.0,613.0
649.0,613.0
661.0,613.0
614.0,396.0
623.0,614.0
615.0,427.0
615.0,436.0
615.0,460.0
615.0,508.0
638.0,615.0
735.0,615.0
772.0,615.0
616.0,200.0
616.0,395.0
616.0,587.0
617.0,104.0
617.0,410.0
617.0,525.0
617.0,608.0
660.0,617.0
857.0,617.0
618.0,38.0
618.0,56.0
618.0,138.0
618.0,264.0
618.0,498.0
618.0,596.0
634.0,618.0
639.0,618.0
619.0,410.0
619.0,444.0
619.0,455.0
619.0,495.0
677.0,619.0
738.0,619.0
620.0,348.0
620.0,409.0
620.0,590.0
621.0,36.0
621.0,366.0
621.0,416.0
622.0,352.0
622.0,389.0
622.0,483.0
622.0,518.0
622.0,581.0
663.0,622.0
768.0,622.0
623.0,68.0
623.0,290.0
623.0,406.0
623.0,547.0
623.0,587.0
659.0,623.0
624.0,343.0
624.0,442.0
624.0,449.0
624.0,474.0
624.0,612.0
624.0,623.0
835.0,624.0
625.0,47.0
625.0,477.0
625.0,517.0
625.0,600.0
980.0,625.0
626.0,27.0
626.0,572.0
627.0,216.0
627.0,350.0
627.0,445.0
627.0,515.0
628.0,627.0
638.0,627.0
646.0,627.0
628.0,83.0
628.0,366.0
628.0,443.0
628.0,494.0
775.0,628.0
629.0,109.0
629.0,205.0
629.0,398.0
629.0,490.0
629.0,495.0
629.0,562.0
860.0,629.0
630.0,379.0
630.0,406.0
630.0,451.0
630.0,479.0
630.0,579.0
630.0,592.0
664.0,630.0
966.0,630.0
631.0,382.0
631.0,455.0
632.0,525.0
927.0,632.0
633.0,380.0
633.0,423.0
645.0,633.0
634.0,288.0
634.0,549.0
634.0,550.0
635.0,318.0
635.0,345.0
635.0,401.0
635.0,468.0
647.0,635.0
832.0,635.0
636.0,133.0
636.0,141.0
636.0,495.0
636.0,522.0
636.0,591.0
636.0,602.0
636.0,611.0
636.0,624.0
645.0,636.0
637.0,201.0
645.0,638.0
651.0,638.0
742.0,638.0
844.0,638.0
876.0,638.0
925.0,638.0
639.0,526.0
639.0,538.0
975.0,639.0
640.0,71.0
640.0,169.0
640.0,454.0
640.0,476.0
641.0,154.0
641.0,433.0
690.0,641.0
642.0,356.0
642.0,386.0
642.0,401.0
642.0,614.0
648.0,642.0
975.0,642.0
643.0,278.0
643.0,337.0
643.0,345.0
643.0,518.0
643.0,544.0
643.0,573.0
643.0,583.0
643.0,618.0
643.0,639.0
644.0,489.0
644.0,583.0
645.0,32.0
645.0,436.0
645.0,466.0
645.0,489.0
645.0,498.0
645.0,517.0
645.0,521.0
645.0,619.0
846.0,645.0
646.0,348.0
646.0,349.0
646.0,426.0
646.0,558.0
662.0,646.0
647.0,367.0
647.0,524.0
667.0,647.0
820.0,647.0
648.0,16.0
648.0,122.0
648.0,338.0
648.0,340.0
648.0,364.0
648.0,534.0
649.0,166.0
649.0,422.0
649.0,429.0
703.0,649.0
868.0,649.0
650.0,349.0
650.0,421.0
650.0,422.0
650.0,440.0
650.0,557.0
672.0,650.0
749.0,650.0
651.0,17.0
651.0,447.0
651.0,503.0
651.0,522.0
651.0,554.0
842.0,651.0
652.0,17.0
652.0,613.0
653.0,306.0
653.0,459.0
653.0,555.0
653.0,591.0
851.0,653.0
654.0,585.0
655.0,182.0
655.0,513.0
715.0,655.0
966.0,655.0
656.0,97.0
656.0,450.0
656.0,483.0
656.0,498.0
694.0,656.0
657.0,96.0
657.0,423.0
657.0,610.0
658.0,461.0
658.0,475.0
658.0,478.0
985.0,658.0
659.0,358.0
659.0,450.0
659.0,595.0
659.0,596.0
660.0,659.0
840.0,660.0
661.0,565.0
662.0,439.0
662.0,538.0
753.0,662.0
663.0,457.0
663.0,524.0
663.0,538.0
663.0,542.0
663.0,629.0
663.0,645.0
663.0,662.0
836.0,663.0
664.0,27.0
664.0,506.0
664.0,661.0
667.0,664.0
770.0,664.0
801.0,664.0
871.0,664.0
943.0,664.0
974.0,664.0
665.0,248.0
665.0,415.0
665.0,564.0
665.0,588.0
816.0,665.0
666.0,556.0
666.0,634.0
731.0,666.0
922.0,666.0
967.0,666.0
667.0,57.0
667.0,111.0
667.0,406.0
667.0,641.0
689.0,667.0
729.0,667.0
861.0,667.0
668.0,486.0
668.0,666.0
757.0,668.0
805.0,668.0
899.0,668.0
948.0,668.0
669.0,430.0
749.0,669.0
762.0,669.0
818.0,669.0
938.0,669.0
670.0,97.0
670.0,428.0
855.0,670.0
671.0,65.0
847.0,671.0
892.0,671.0
902.0,671.0
672.0,134.0
672.0,444.0
672.0,557.0
925.0,672.0
927.0,672.0
977.0,672.0
673.0,2.0
673.0,475.0
673.0,587.0
838.0,673.0
931.0,673.0
674.0,264.0
674.0,405.0
868.0,674.0
941.0,674.0
675.0,274.0
818.0,675.0
827.0,675.0
927.0,675.0
676.0,433.0
676.0,515.0
726.0,676.0
741.0,676.0
751.0,676.0
850.0,676.0
958.0,676.0
976.0,676.0
933.0,677.0
678.0,91.0
678.0,388.0
678.0,476.0
793.0,678.0
901.0,678.0
921.0,678.0
679.0,45.0
679.0,67.0
707.0,679.0
713.0,679.0
787.0,679.0
926.0,679.0
932.0,679.0
997.0,679.0
680.0,505.0
731.0,680.0
762.0,680.0
943.0,680.0
946.0,680.0
681.0,81.0
681.0,162.0
681.0,195.0
681.0,275.0
681.0,480.0
761.0,681.0
997.0,681.0
682.0,396.0
682.0,470.0
684.0,682.0
719.0,682.0
775.0,682.0
829.0,682.0
879.0,682.0
903.0,682.0
944.0,682.0
950.0,682.0
683.0,69.0
736.0,683.0
842.0,683.0
685.0,684.0
701.0,684.0
854.0,684.0
685.0,328.0
768.0,685.0
851.0,685.0
866.0,685.0
875.0,685.0
885.0,685.0
686.0,340.0
845.0,686.0
944.0,686.0
965.0,686.0
687.0,45.0
687.0,447.0
727.0,687.0
736.0,687.0
840.0,687.0
883.0,687.0
908.0,687.0
688.0,163.0
953.0,688.0
999.0,688.0
689.0,233.0
689.0,386.0
689.0,420.0
721.0,689.0
753.0,689.0
836.0,689.0
690.0,250.0
690.0,433.0
690.0,629.0
748.0,690.0
753.0,690.0
691.0,132.0
691.0,590.0
711.0,691.0
751.0,691.0
692.0,155.0
692.0,530.0
692.0,531.0
829.0,692.0
896.0,692.0
693.0,169.0
693.0,439.0
853.0,693.0
694.0,596.0
819.0,694.0
957.0,694.0
974.0,694.0
695.0,280.0
826.0,695.0
867.0,695.0
967.0,695.0
994.0,695.0
696.0,218.0
696.0,249.0
696.0,667.0
750.0,696.0
873.0,696.0
982.0,696.0
983.0,696.0
697.0,411.0
805.0,697.0
875.0,697.0
698.0,209.0
729.0,698.0
699.0,116.0
699.0,183.0
699.0,443.0
728.0,699.0
746.0,699.0
765.0,699.0
700.0,232.0
700.0,446.0
700.0,548.0
700.0,699.0
869.0,700.0
885.0,700.0
917.0,700.0
701.0,688.0
724.0,701.0
913.0,701.0
702.0,551.0
702.0,693.0
702.0,698.0
718.0,702.0
770.0,702.0
946.0,702.0
966.0,702.0
703.0,68.0
703.0,323.0
703.0,683.0
922.0,703.0
704.0,88.0
704.0,157.0
704.0,188.0
704.0,629.0
704.0,671.0
909.0,704.0
705.0,113.0
705.0,191.0
705.0,511.0
705.0,601.0
997.0,705.0
706.0,83.0
712.0,706.0
783.0,706.0
972.0,706.0
980.0,706.0
707.0,512.0
707.0,587.0
906.0,707.0
912.0,707.0
944.0,707.0
971.0,707.0
708.0,64.0
708.0,359.0
708.0,443.0
708.0,603.0
708.0,691.0
812.0,708.0
814.0,708.0
831.0,708.0
709.0,245.0
709.0,247.0
709.0,460.0
709.0,622.0
765.0,709.0
871.0,709.0
940.0,709.0
978.0,709.0
718.0,710.0
779.0,710.0
866.0,710.0
882.0,710.0
911.0,710.0
938.0,710.0
711.0,7.0
711.0,128.0
754.0,711.0
821.0,711.0
838.0,711.0
851.0,711.0
906.0,711.0
975.0,711.0
990.0,711.0
712.0,50.0
712.0,198.0
712.0,200.0
712.0,429.0
712.0,439.0
785.0,712.0
805.0,712.0
838.0,712.0
900.0,712.0
969.0,712.0
713.0,60.0
713.0,670.0
714.0,175.0
714.0,220.0
714.0,622.0
714.0,652.0
721.0,714.0
770.0,714.0
781.0,714.0
782.0,714.0
715.0,112.0
715.0,558.0
794.0,715.0
832.0,715.0
857.0,715.0
961.0,715.0
991.0,715.0
716.0,357.0
716.0,525.0
716.0,700.0
779.0,716.0
930.0,716.0
717.0,642.0
756.0,717.0
814.0,717.0
819.0,717.0
868.0,717.0
915.0,717.0
929.0,717.0
718.0,295.0
718.0,312.0
718.0,340.0
718.0,394.0
718.0,557.0
747.0,718.0
776.0,718.0
782.0,718.0
868.0,718.0
913.0,718.0
719.0,90.0
746.0,719.0
795.0,719.0
859.0,719.0
884.0,719.0
945.0,719.0
973.0,719.0
720.0,548.0
980.0,720.0
721.0,20.0
721.0,134.0
721.0,185.0
721.0,450.0
781.0,721.0
793.0,721.0
962.0,721.0
965.0,721.0
994.0,721.0
722.0,125.0
722.0,185.0
952.0,722.0
723.0,7.0
777.0,723.0
724.0,128.0
724.0,549.0
724.0,625.0
921.0,724.0
965.0,724.0
725.0,400.0
725.0,624.0
726.0,725.0
883.0,725.0
933.0,725.0
726.0,85.0
726.0,486.0
726.0,508.0
726.0,650.0
944.0,726.0
957.0,726.0
727.0,635.0
727.0,692.0
869.0,727.0
891.0,727.0
728.0,89.0
728.0,256.0
728.0,686.0
730.0,728.0
751.0,728.0
729.0,256.0
729.0,283.0
729.0,377.0
729.0,473.0
769.0,729.0
786.0,729.0
922.0,729.0
730.0,405.0
863.0,730.0
912.0,730.0
931.0,730.0
731.0,53.0
731.0,634.0
776.0,731.0
924.0,731.0
732.0,22.0
892.0,732.0
937.0,732.0
946.0,732.0
964.0,732.0
986.0,732.0
989.0,732.0
733.0,76.0
733.0,103.0
733.0,480.0
733.0,666.0
733.0,688.0
733.0,695.0
782.0,733.0
804.0,733.0
904.0,733.0
734.0,51.0
734.0,319.0
734.0,569.0
791.0,734.0
735.0,150.0
735.0,287.0
818.0,735.0
890.0,735.0
736.0,671.0
736.0,705.0
945.0,736.0
881.0,737.0
946.0,737.0
738.0,463.0
738.0,637.0
738.0,709.0
868.0,738.0
739.0,710.0
839.0,739.0
948.0,739.0
977.0,739.0
740.0,469.0
905.0,740.0
983.0,740.0
741.0,232.0
741.0,280.0
741.0,554.0
741.0,740.0
808.0,741.0
990.0,741.0
780.0,742.0
743.0,322.0
743.0,480.0
756.0,743.0
766.0,743.0
772.0,743.0
855.0,743.0
919.0,743.0
744.0,411.0
744.0,522.0
754.0,744.0
807.0,744.0
825.0,744.0
867.0,744.0
962.0,744.0
977.0,744.0
745.0,668.0
765.0,745.0
793.0,745.0
863.0,745.0
916.0,745.0
966.0,745.0
999.0,745.0
746.0,718.0
748.0,746.0
857.0,746.0
747.0,192.0
747.0,590.0
748.0,141.0
748.0,507.0
748.0,573.0
748.0,680.0
770.0,748.0
982.0,748.0
990.0,748.0
749.0,120.0
749.0,282.0
749.0,563.0
749.0,678.0
750.0,433.0
750.0,460.0
750.0,690.0
918.0,750.0
751.0,508.0
751.0,745.0
819.0,751.0
954.0,751.0
752.0,30.0
802.0,752.0
849.0,752.0
871.0,752.0
753.0,392.0
753.0,611.0
753.0,663.0
757.0,753.0
754.0,136.0
754.0,660.0
802.0,754.0
833.0,754.0
953.0,754.0
755.0,171.0
755.0,402.0
755.0,673.0
755.0,738.0
859.0,755.0
756.0,214.0
756.0,500.0
756.0,749.0
789.0,756.0
794.0,756.0
847.0,756.0
936.0,756.0
757.0,426.0
757.0,444.0
757.0,450.0
859.0,757.0
991.0,757.0
758.0,404.0
758.0,423.0
758.0,683.0
758.0,687.0
771.0,758.0
975.0,758.0
759.0,667.0
759.0,746.0
849.0,759.0
883.0,759.0
958.0,759.0
760.0,116.0
760.0,307.0
760.0,308.0
760.0,509.0
760.0,618.0
844.0,760.0
921.0,760.0
761.0,186.0
761.0,256.0
761.0,391.0
859.0,761.0
762.0,110.0
762.0,112.0
762.0,324.0
762.0,694.0
762.0,702.0
762.0,756.0
867.0,762.0
964.0,762.0
763.0,36.0
763.0,334.0
763.0,671.0
763.0,695.0
820.0,763.0
866.0,763.0
908.0,763.0
925.0,763.0
764.0,646.0
825.0,764.0
765.0,719.0
833.0,765.0
989.0,765.0
766.0,150.0
766.0,152.0
766.0,756.0
766.0,762.0
985.0,766.0
767.0,9.0
767.0,179.0
767.0,307.0
767.0,375.0
767.0,484.0
814.0,767.0
868.0,767.0
768.0,279.0
768.0,406.0
768.0,672.0
768.0,676.0
768.0,703.0
768.0,712.0
769.0,177.0
769.0,761.0
866.0,769.0
928.0,769.0
770.0,720.0
783.0,770.0
868.0,770.0
880.0,770.0
946.0,770.0
771.0,174.0
771.0,768.0
869.0,771.0
933.0,771.0
772.0,745.0
772.0,762.0
851.0,772.0
856.0,772.0
935.0,772.0
773.0,151.0
773.0,349.0
773.0,646.0
773.0,708.0
818.0,773.0
836.0,773.0
872.0,773.0
774.0,343.0
774.0,694.0
907.0,774.0
775.0,315.0
775.0,691.0
775.0,718.0
877.0,775.0
776.0,250.0
776.0,347.0
776.0,412.0
776.0,695.0
865.0,776.0
777.0,337.0
777.0,483.0
903.0,777.0
957.0,777.0
971.0,777.0
778.0,473.0
778.0,490.0
778.0,586.0
778.0,762.0
786.0,778.0
872.0,778.0
945.0,778.0
779.0,282.0
779.0,407.0
779.0,589.0
779.0,670.0
779.0,738.0
996.0,779.0
780.0,194.0
780.0,222.0
780.0,271.0
780.0,479.0
780.0,492.0
780.0,505.0
780.0,510.0
836.0,780.0
781.0,412.0
781.0,629.0
785.0,781.0
834.0,781.0
883.0,781.0
969.0,781.0
993.0,781.0
782.0,181.0
782.0,718.0
822.0,782.0
875.0,782.0
783.0,116.0
783.0,655.0
783.0,758.0
789.0,783.0
922.0,783.0
784.0,89.0
784.0,155.0
784.0,261.0
784.0,462.0
784.0,520.0
802.0,784.0
872.0,784.0
875.0,784.0
785.0,40.0
785.0,62.0
785.0,269.0
785.0,757.0
944.0,785.0
786.0,358.0
786.0,406.0
786.0,464.0
786.0,571.0
786.0,600.0
786.0,712.0
786.0,746.0
822.0,786.0
920.0,786.0
787.0,138.0
787.0,479.0
787.0,745.0
788.0,607.0
918.0,788.0
965.0,788.0
979.0,788.0
789.0,689.0
950.0,789.0
954.0,789.0
978.0,789.0
790.0,79.0
790.0,213.0
817.0,790.0
922.0,790.0
791.0,632.0
791.0,761.0
810.0,791.0
792.0,141.0
792.0,259.0
792.0,691.0
792.0,777.0
817.0,792.0
793.0,408.0
793.0,692.0
793.0,740.0
830.0,793.0
858.0,793.0
867.0,793.0
881.0,793.0
959.0,793.0
794.0,362.0
794.0,793.0
795.0,190.0
795.0,610.0
795.0,622.0
795.0,659.0
817.0,795.0
872.0,795.0
911.0,795.0
796.0,681.0
796.0,724.0
869.0,796.0
944.0,796.0
797.0,487.0
797.0,669.0
855.0,797.0
798.0,642.0
799.0,769.0
859.0,799.0
929.0,799.0
800.0,551.0
800.0,621.0
800.0,744.0
800.0,752.0
837.0,800.0
962.0,800.0
801.0,105.0
801.0,349.0
801.0,517.0
801.0,640.0
801.0,686.0
801.0,780.0
833.0,801.0
899.0,801.0
948.0,801.0
802.0,797.0
804.0,802.0
855.0,802.0
803.0,134.0
803.0,244.0
803.0,489.0
803.0,736.0
803.0,784.0
803.0,790.0
868.0,803.0
917.0,803.0
997.0,803.0
804.0,220.0
804.0,361.0
804.0,526.0
804.0,726.0
804.0,788.0
822.0,804.0
845.0,804.0
805.0,606.0
805.0,700.0
805.0,702.0
825.0,805.0
881.0,805.0
806.0,90.0
806.0,228.0
806.0,787.0
820.0,806.0
838.0,806.0
990.0,806.0
807.0,717.0
807.0,766.0
807.0,784.0
808.0,256.0
808.0,412.0
809.0,384.0
941.0,809.0
810.0,105.0
810.0,244.0
810.0,674.0
810.0,779.0
836.0,810.0
908.0,810.0
975.0,810.0
811.0,124.0
811.0,141.0
811.0,240.0
869.0,811.0
812.0,237.0
812.0,247.0
812.0,379.0
812.0,682.0
812.0,714.0
812.0,724.0
813.0,237.0
813.0,528.0
813.0,643.0
813.0,699.0
821.0,813.0
882.0,813.0
978.0,813.0
814.0,24.0
814.0,462.0
814.0,528.0
814.0,726.0
814.0,749.0
814.0,775.0
885.0,814.0
934.0,814.0
962.0,814.0
815.0,119.0
815.0,149.0
815.0,370.0
815.0,779.0
836.0,815.0
883.0,815.0
887.0,815.0
931.0,815.0
816.0,172.0
816.0,714.0
961.0,816.0
817.0,619.0
817.0,683.0
817.0,701.0
906.0,817.0
978.0,817.0
818.0,105.0
818.0,130.0
818.0,159.0
818.0,447.0
818.0,453.0
818.0,491.0
818.0,668.0
819.0,587.0
938.0,819.0
820.0,319.0
820.0,625.0
820.0,688.0
874.0,820.0
821.0,130.0
821.0,458.0
821.0,662.0
821.0,696.0
821.0,788.0
822.0,0.0
823.0,12.0
823.0,125.0
823.0,324.0
823.0,550.0
824.0,73.0
824.0,769.0
909.0,824.0
825.0,7.0
825.0,23.0
825.0,668.0
826.0,6.0
826.0,199.0
826.0,422.0
826.0,800.0
972.0,826.0
827.0,96.0
827.0,750.0
827.0,755.0
835.0,827.0
923.0,827.0
925.0,827.0
956.0,827.0
828.0,163.0
828.0,434.0
828.0,790.0
852.0,828.0
874.0,828.0
911.0,828.0
972.0,828.0
998.0,828.0
829.0,238.0
829.0,391.0
829.0,429.0
829.0,670.0
829.0,761.0
829.0,788.0
933.0,829.0
830.0,676.0
830.0,717.0
830.0,812.0
938.0,830.0
831.0,480.0
831.0,487.0
831.0,555.0
831.0,729.0
985.0,831.0
832.0,438.0
833.0,31.0
833.0,191.0
833.0,284.0
833.0,797.0
833.0,801.0
897.0,833.0
952.0,833.0
834.0,326.0
834.0,589.0
834.0,771.0
834.0,827.0
881.0,834.0
934.0,834.0
948.0,834.0
835.0,50.0
835.0,172.0
835.0,429.0
835.0,746.0
835.0,770.0
835.0,803.0
835.0,829.0
862.0,835.0
836.0,244.0
836.0,496.0
879.0,836.0
993.0,836.0
837.0,359.0
837.0,513.0
837.0,550.0
837.0,685.0
837.0,720.0
837.0,745.0
881.0,837.0
885.0,837.0
907.0,837.0
838.0,13.0
838.0,156.0
838.0,497.0
838.0,698.0
838.0,759.0
838.0,828.0
949.0,838.0
839.0,196.0
839.0,416.0
839.0,775.0
839.0,786.0
839.0,812.0
839.0,819.0
855.0,839.0
888.0,839.0
896.0,839.0
922.0,839.0
840.0,6.0
840.0,61.0
840.0,644.0
840.0,756.0
880.0,840.0
841.0,416.0
841.0,456.0
841.0,465.0
953.0,841.0
842.0,157.0
842.0,769.0
842.0,800.0
915.0,842.0
843.0,498.0
843.0,671.0
843.0,822.0
844.0,159.0
844.0,185.0
844.0,457.0
844.0,528.0
844.0,737.0
844.0,755.0
990.0,844.0
845.0,44.0
845.0,547.0
845.0,548.0
845.0,687.0
845.0,696.0
845.0,753.0
845.0,801.0
845.0,812.0
872.0,845.0
876.0,845.0
846.0,358.0
846.0,818.0
852.0,846.0
912.0,846.0
982.0,846.0
847.0,322.0
847.0,389.0
847.0,454.0
847.0,532.0
848.0,36.0
848.0,794.0
848.0,798.0
848.0,825.0
848.0,833.0
873.0,848.0
896.0,848.0
969.0,848.0
849.0,264.0
849.0,512.0
849.0,684.0
877.0,849.0
850.0,515.0
850.0,677.0
850.0,686.0
850.0,750.0
851.0,392.0
851.0,459.0
851.0,687.0
851.0,749.0
916.0,851.0
852.0,85.0
852.0,462.0
852.0,685.0
852.0,729.0
852.0,755.0
852.0,757.0
852.0,770.0
852.0,789.0
852.0,791.0
852.0,797.0
877.0,852.0
954.0,852.0
853.0,357.0
853.0,420.0
853.0,587.0
853.0,695.0
853.0,715.0
854.0,457.0
854.0,798.0
855.0,296.0
855.0,666.0
855.0,741.0
874.0,855.0
856.0,475.0
856.0,548.0
856.0,553.0
856.0,703.0
857.0,10.0
857.0,555.0
857.0,682.0
857.0,822.0
972.0,857.0
858.0,534.0
890.0,858.0
931.0,858.0
859.0,359.0
859.0,795.0
859.0,844.0
860.0,145.0
860.0,434.0
860.0,450.0
935.0,860.0
861.0,630.0
861.0,658.0
861.0,698.0
861.0,775.0
861.0,777.0
898.0,861.0
935.0,861.0
951.0,861.0
862.0,1.0
862.0,684.0
862.0,722.0
862.0,794.0
872.0,862.0
986.0,862.0
863.0,364.0
863.0,433.0
864.0,863.0
908.0,863.0
864.0,139.0
864.0,689.0
864.0,694.0
864.0,697.0
864.0,708.0
865.0,165.0
865.0,466.0
865.0,568.0
865.0,572.0
865.0,847.0
877.0,865.0
866.0,148.0
871.0,866.0
962.0,866.0
965.0,866.0
867.0,286.0
867.0,565.0
867.0,747.0
900.0,867.0
904.0,867.0
868.0,17.0
868.0,102.0
868.0,722.0
868.0,756.0
941.0,868.0
869.0,289.0
869.0,794.0
869.0,819.0
869.0,864.0
893.0,869.0
870.0,666.0
870.0,819.0
926.0,870.0
944.0,870.0
973.0,870.0
871.0,243.0
871.0,287.0
871.0,315.0
871.0,798.0
919.0,871.0
872.0,131.0
872.0,530.0
872.0,737.0
872.0,738.0
872.0,843.0
963.0,872.0
873.0,787.0
873.0,819.0
874.0,67.0
874.0,472.0
874.0,484.0
874.0,727.0
874.0,792.0
972.0,874.0
875.0,55.0
875.0,364.0
875.0,427.0
875.0,668.0
875.0,825.0
876.0,292.0
876.0,520.0
876.0,668.0
883.0,876.0
972.0,876.0
877.0,323.0
877.0,347.0
877.0,428.0
877.0,669.0
877.0,687.0
937.0,877.0
963.0,877.0
878.0,73.0
878.0,276.0
878.0,619.0
878.0,819.0
883.0,879.0
880.0,747.0
880.0,824.0
963.0,880.0
881.0,100.0
881.0,680.0
882.0,571.0
882.0,820.0
882.0,851.0
883.0,756.0
883.0,810.0
884.0,78.0
885.0,383.0
885.0,555.0
885.0,678.0
886.0,459.0
886.0,575.0
886.0,651.0
886.0,855.0
887.0,886.0
980.0,886.0
887.0,409.0
887.0,738.0
887.0,786.0
890.0,887.0
959.0,887.0
888.0,13.0
888.0,225.0
888.0,814.0
888.0,822.0
889.0,24.0
889.0,496.0
889.0,791.0
914.0,889.0
890.0,244.0
890.0,413.0
902.0,890.0
980.0,890.0
891.0,181.0
891.0,213.0
891.0,666.0
891.0,888.0
956.0,891.0
980.0,891.0
892.0,105.0
892.0,207.0
892.0,351.0
892.0,774.0
892.0,783.0
892.0,835.0
893.0,670.0
893.0,848.0
893.0,849.0
936.0,893.0
938.0,893.0
972.0,893.0
894.0,441.0
894.0,548.0
894.0,614.0
895.0,315.0
895.0,610.0
895.0,707.0
895.0,787.0
895.0,808.0
895.0,854.0
895.0,864.0
896.0,208.0
896.0,688.0
896.0,697.0
896.0,707.0
896.0,774.0
896.0,790.0
896.0,857.0
927.0,896.0
987.0,896.0
897.0,704.0
897.0,856.0
897.0,883.0
947.0,897.0
987.0,897.0
898.0,5.0
898.0,543.0
898.0,547.0
898.0,708.0
898.0,788.0
898.0,803.0
898.0,851.0
898.0,890.0
899.0,322.0
899.0,671.0
899.0,767.0
899.0,784.0
899.0,819.0
899.0,895.0
934.0,899.0
900.0,784.0
900.0,785.0
900.0,823.0
900.0,830.0
900.0,867.0
913.0,900.0
935.0,900.0
901.0,866.0
902.0,0.0
903.0,690.0
903.0,878.0
904.0,783.0
904.0,828.0
998.0,904.0
905.0,253.0
932.0,905.0
906.0,679.0
906.0,687.0
906.0,786.0
980.0,906.0
907.0,658.0
908.0,164.0
908.0,465.0
908.0,676.0
908.0,682.0
908.0,707.0
908.0,767.0
908.0,850.0
909.0,687.0
909.0,698.0
909.0,736.0
909.0,908.0
910.0,654.0
922.0,910.0
986.0,910.0
911.0,287.0
911.0,664.0
911.0,683.0
911.0,703.0
947.0,911.0
912.0,271.0
912.0,326.0
912.0,657.0
912.0,682.0
912.0,748.0
912.0,766.0
912.0,825.0
912.0,884.0
991.0,912.0
913.0,561.0
913.0,688.0
913.0,864.0
934.0,913.0
914.0,312.0
914.0,330.0
914.0,837.0
914.0,866.0
915.0,61.0
915.0,114.0
915.0,125.0
915.0,451.0
915.0,720.0
915.0,887.0
916.0,137.0
916.0,328.0
916.0,729.0
916.0,771.0
986.0,916.0
917.0,640.0
917.0,858.0
917.0,894.0
981.0,917.0
918.0,592.0
918.0,711.0
918.0,725.0
918.0,859.0
918.0,913.0
919.0,50.0
919.0,560.0
919.0,779.0
919.0,812.0
919.0,869.0
919.0,870.0
919.0,902.0
920.0,398.0
920.0,740.0
920.0,822.0
920.0,831.0
920.0,906.0
969.0,920.0
921.0,30.0
921.0,694.0
921.0,721.0
921.0,834.0
921.0,837.0
921.0,891.0
921.0,910.0
929.0,921.0
922.0,17.0
922.0,278.0
922.0,294.0
922.0,487.0
922.0,631.0
922.0,685.0
922.0,710.0
922.0,785.0
995.0,922.0
923.0,550.0
923.0,682.0
923.0,720.0
923.0,722.0
923.0,902.0
924.0,510.0
924.0,850.0
989.0,924.0
925.0,563.0
965.0,925.0
926.0,156.0
926.0,625.0
926.0,726.0
926.0,758.0
930.0,926.0
971.0,926.0
927.0,155.0
927.0,674.0
927.0,676.0
927.0,871.0
942.0,927.0
952.0,927.0
928.0,882.0
928.0,907.0
928.0,912.0
928.0,926.0
929.0,62.0
929.0,147.0
929.0,180.0
929.0,476.0
929.0,910.0
930.0,929.0
959.0,929.0
969.0,929.0
992.0,929.0
997.0,929.0
930.0,195.0
930.0,475.0
930.0,688.0
931.0,41.0
932.0,341.0
932.0,675.0
932.0,707.0
932.0,716.0
932.0,841.0
932.0,888.0
932.0,899.0
933.0,932.0
933.0,44.0
933.0,464.0
933.0,675.0
933.0,765.0
934.0,86.0
934.0,300.0
934.0,784.0
934.0,816.0
934.0,824.0
993.0,934.0
935.0,827.0
935.0,895.0
936.0,119.0
936.0,768.0
936.0,841.0
936.0,888.0
936.0,899.0
986.0,936.0
937.0,588.0
937.0,692.0
937.0,850.0
938.0,146.0
938.0,565.0
938.0,586.0
938.0,644.0
938.0,705.0
938.0,822.0
938.0,897.0
951.0,938.0
989.0,938.0
939.0,250.0
939.0,699.0
939.0,770.0
939.0,848.0
967.0,939.0
971.0,939.0
989.0,939.0
940.0,566.0
940.0,678.0
940.0,817.0
941.0,465.0
941.0,470.0
941.0,682.0
941.0,694.0
941.0,732.0
941.0,750.0
941.0,938.0
975.0,941.0
942.0,87.0
942.0,510.0
942.0,746.0
942.0,803.0
942.0,920.0
943.0,942.0
975.0,942.0
943.0,700.0
943.0,785.0
944.0,748.0
944.0,769.0
945.0,57.0
945.0,151.0
945.0,684.0
945.0,742.0
946.0,700.0
946.0,808.0
946.0,855.0
946.0,909.0
946.0,922.0
947.0,85.0
947.0,105.0
947.0,671.0
947.0,721.0
947.0,755.0
947.0,811.0
947.0,860.0
947.0,863.0
948.0,180.0
948.0,233.0
948.0,300.0
948.0,632.0
948.0,736.0
948.0,748.0
948.0,754.0
948.0,887.0
976.0,948.0
949.0,79.0
949.0,753.0
949.0,771.0
949.0,836.0
949.0,905.0
950.0,79.0
950.0,167.0
950.0,644.0
950.0,842.0
965.0,950.0
951.0,249.0
951.0,331.0
951.0,682.0
951.0,723.0
982.0,951.0
952.0,9.0
952.0,135.0
952.0,283.0
952.0,300.0
952.0,736.0
952.0,838.0
952.0,902.0
953.0,46.0
953.0,120.0
953.0,177.0
953.0,212.0
953.0,671.0
979.0,953.0
954.0,0.0
955.0,129.0
955.0,381.0
955.0,675.0
955.0,696.0
955.0,730.0
955.0,846.0
976.0,955.0
956.0,758.0
956.0,775.0
957.0,682.0
957.0,756.0
957.0,825.0
957.0,837.0
958.0,410.0
958.0,725.0
958.0,841.0
959.0,303.0
959.0,796.0
959.0,817.0
959.0,858.0
960.0,148.0
960.0,526.0
960.0,633.0
960.0,844.0
960.0,953.0
961.0,836.0
961.0,879.0
980.0,961.0
962.0,7.0
962.0,83.0
962.0,153.0
962.0,697.0
962.0,861.0
962.0,899.0
962.0,914.0
974.0,962.0
976.0,962.0
963.0,547.0
963.0,654.0
963.0,684.0
963.0,721.0
963.0,872.0
963.0,883.0
963.0,898.0
982.0,963.0
964.0,444.0
964.0,675.0
964.0,767.0
966.0,964.0
972.0,964.0
965.0,132.0
965.0,257.0
965.0,333.0
965.0,469.0
965.0,746.0
965.0,803.0
965.0,814.0
965.0,825.0
965.0,855.0
965.0,906.0
965.0,936.0
966.0,374.0
966.0,708.0
967.0,63.0
967.0,120.0
967.0,284.0
967.0,760.0
967.0,814.0
967.0,883.0
985.0,967.0
968.0,462.0
968.0,730.0
968.0,924.0
990.0,968.0
969.0,252.0
969.0,432.0
969.0,670.0
969.0,723.0
969.0,740.0
969.0,770.0
969.0,824.0
969.0,840.0
969.0,874.0
970.0,169.0
970.0,270.0
970.0,517.0
970.0,544.0
970.0,560.0
970.0,690.0
970.0,745.0
970.0,757.0
970.0,928.0
970.0,933.0
984.0,970.0
971.0,381.0
971.0,685.0
971.0,830.0
971.0,847.0
971.0,927.0
971.0,958.0
972.0,513.0
972.0,827.0
972.0,930.0
973.0,599.0
973.0,762.0
973.0,816.0
973.0,833.0
973.0,908.0
973.0,927.0
973.0,963.0
992.0,973.0
974.0,550.0
975.0,164.0
975.0,759.0
975.0,789.0
976.0,592.0
976.0,772.0
976.0,846.0
976.0,909.0
977.0,420.0
977.0,662.0
977.0,710.0
977.0,795.0
977.0,842.0
977.0,936.0
978.0,977.0
978.0,644.0
978.0,807.0
978.0,825.0
978.0,849.0
978.0,851.0
978.0,875.0
979.0,280.0
979.0,754.0
979.0,796.0
979.0,798.0
980.0,167.0
980.0,206.0
980.0,745.0
980.0,941.0
980.0,943.0
981.0,726.0
981.0,761.0
981.0,789.0
981.0,844.0
982.0,27.0
982.0,123.0
982.0,709.0
983.0,832.0
983.0,835.0
983.0,859.0
986.0,983.0
984.0,114.0
984.0,234.0
984.0,356.0
984.0,407.0
984.0,702.0
984.0,907.0
985.0,802.0
986.0,670.0
986.0,742.0
986.0,812.0
987.0,272.0
987.0,522.0
987.0,748.0
987.0,765.0
988.0,273.0
988.0,684.0
988.0,754.0
988.0,807.0
988.0,897.0
988.0,928.0
989.0,36.0
989.0,713.0
989.0,720.0
990.0,989.0
990.0,206.0
990.0,252.0
991.0,71.0
991.0,145.0
991.0,748.0
991.0,754.0
991.0,922.0
992.0,263.0
992.0,312.0
992.0,664.0
992.0,759.0
992.0,800.0
992.0,884.0
992.0,949.0
992.0,971.0
993.0,91.0
993.0,199.0
993.0,718.0
993.0,771.0
993.0,840.0
993.0,976.0
994.0,131.0
994.0,372.0
994.0,477.0
994.0,515.0
994.0,730.0
994.0,782.0
994.0,896.0
994.0,955.0
994.0,982.0
994.0,990.0
995.0,191.0
995.0,640.0
995.0,696.0
995.0,737.0
995.0,994.0
996.0,490.0
996.0,708.0
996.0,829.0
996.0,837.0
996.0,849.0
996.0,964.0
997.0,445.0
997.0,702.0
997.0,962.0
997.0,982.0
998.0,138.0
998.0,226.0
998.0,578.0
998.0,679.0
998.0,806.0
998.0,876.0
999.0,26.0
999.0,93.0
999.0,191.0
999.0,596.0
999.0,676.0
999.0,725.0
999.0,755.0
0.0,594.0
0.0,656.0
0.0,877.0
1.0,158.0
1.0,164.0
1.0,199.0
1.0,224.0
1.0,491.0
1.0,696.0
1.0,865.0
2.0,27.0
2.0,171.0
2.0,216.0
2.0,263.0
2.0,976.0
3.0,48.0
3.0,98.0
4.0,212.0
4.0,578.0
4.0,944.0
4.0,948.0
5.0,60.0
5.0,290.0
5.0,293.0
5.0,744.0
5.0,916.0
6.0,48.0
6.0,88.0
6.0,107.0
6.0,135.0
6.0,631.0
7.0,247.0
7.0,266.0
7.0,398.0
7.0,754.0
8.0,9.0
8.0,20.0
8.0,148.0
8.0,707.0
8.0,999.0
9.0,99.0
9.0,105.0
9.0,135.0
9.0,331.0
9.0,456.0
9.0,568.0
9.0,849.0
10.0,603.0
11.0,40.0
11.0,217.0
11.0,235.0
11.0,304.0
11.0,586.0
11.0,701.0
11.0,788.0
11.0,889.0
11.0,927.0
12.0,178.0
12.0,279.0
12.0,330.0
12.0,444.0
12.0,13.0
13.0,47.0
14.0,56.0
14.0,105.0
14.0,369.0
14.0,390.0
14.0,827.0
15.0,45.0
15.0,200.0
15.0,310.0
15.0,326.0
15.0,785.0
16.0,101.0
16.0,194.0
16.0,210.0
16.0,251.0
16.0,264.0
16.0,282.0
16.0,323.0
16.0,850.0
16.0,880.0
10.0,17.0
17.0,57.0
17.0,103.0
17.0,241.0
17.0,267.0
17.0,272.0
18.0,52.0
18.0,201.0
18.0,224.0
18.0,323.0
18.0,356.0
18.0,365.0
10.0,19.0
19.0,34.0
19.0,100.0
19.0,159.0
19.0,171.0
19.0,280.0
19.0,326.0
19.0,434.0
20.0,27.0
20.0,74.0
20.0,110.0
20.0,166.0
20.0,266.0
21.0,191.0
21.0,233.0
21.0,301.0
21.0,321.0
21.0,727.0
21.0,777.0
21.0,832.0
21.0,919.0
18.0,22.0
22.0,211.0
22.0,276.0
22.0,510.0
22.0,600.0
22.0,611.0
22.0,923.0
22.0,931.0
23.0,177.0
23.0,280.0
23.0,308.0
14.0,24.0
24.0,124.0
24.0,177.0
24.0,339.0
24.0,464.0
24.0,595.0
25.0,58.0
25.0,71.0
25.0,96.0
25.0,124.0
25.0,159.0
25.0,196.0
25.0,722.0
26.0,124.0
26.0,154.0
27.0,44.0
27.0,49.0
27.0,86.0
27.0,165.0
27.0,199.0
27.0,215.0
27.0,627.0
27.0,872.0
28.0,90.0
28.0,245.0
28.0,285.0
28.0,405.0
28.0,686.0
28.0,744.0
29.0,195.0
29.0,670.0
29.0,831.0
30.0,144.0
30.0,204.0
30.0,310.0
30.0,523.0
30.0,587.0
31.0,121.0
31.0,240.0
31.0,494.0
31.0,523.0
32.0,431.0
33.0,216.0
33.0,538.0
34.0,108.0
34.0,123.0
34.0,361.0
34.0,954.0
35.0,104.0
35.0,600.0
36.0,107.0
36.0,218.0
36.0,253.0
37.0,38.0
37.0,88.0
38.0,68.0
38.0,240.0
38.0,271.0
38.0,272.0
11.0,39.0
39.0,182.0
39.0,287.0
40.0,57.0
40.0,65.0
40.0,289.0
40.0,618.0
7.0,41.0
41.0,74.0
41.0,79.0
41.0,199.0
41.0,500.0
41.0,896.0
41.0,945.0
42.0,203.0
42.0,288.0
42.0,339.0
42.0,419.0
0.0,43.0
35.0,44.0
44.0,168.0
44.0,204.0
44.0,347.0
39.0,45.0
43.0,45.0
45.0,64.0
45.0,86.0
45.0,153.0
45.0,305.0
45.0,324.0
45.0,708.0
45.0,869.0
46.0,293.0
46.0,309.0
46.0,321.0
46.0,648.0
46.0,756.0
46.0,877.0
46.0,946.0
46.0,995.0
22.0,47.0
47.0,65.0
47.0,87.0
47.0,108.0
47.0,253.0
47.0,269.0
48.0,66.0
48.0,295.0
48.0,313.0
48.0,405.0
48.0,956.0
19.0,49.0
49.0,480.0
49.0,491.0
49.0,785.0
49.0,853.0
7.0,50.0
50.0,114.0
50.0,213.0
50.0,280.0
50.0,381.0
50.0,446.0
50.0,863.0
50.0,912.0
51.0,104.0
51.0,107.0
51.0,148.0
51.0,786.0
51.0,987.0
52.0,196.0
52.0,245.0
52.0,354.0
52.0,616.0
52.0,845.0
41.0,53.0
53.0,103.0
53.0,110.0
53.0,114.0
53.0,182.0
53.0,198.0
53.0,265.0
53.0,275.0
53.0,589.0
53.0,914.0
54.0,121.0
54.0,127.0
54.0,194.0
54.0,272.0
54.0,427.0
54.0,906.0
54.0,994.0
54.0,997.0
36.0,55.0
55.0,122.0
55.0,150.0
55.0,218.0
55.0,230.0
12.0,56.0
56.0,87.0
56.0,99.0
56.0,130.0
56.0,190.0
56.0,219.0
56.0,413.0
57.0,230.0
57.0,356.0
57.0,685.0
58.0,123.0
58.0,805.0
31.0,59.0
59.0,532.0
59.0,707.0
59.0,888.0
7.0,60.0
60.0,246.0
60.0,323.0
60.0,804.0
50.0,61.0
61.0,65.0
61.0,308.0
61.0,437.0
61.0,772.0
61.0,825.0
61.0,998.0
38.0,62.0
62.0,83.0
62.0,202.0
62.0,227.0
62.0,269.0
62.0,396.0
62.0,868.0
23.0,63.0
40.0,63.0
63.0,161.0
63.0,220.0
63.0,332.0
63.0,649.0
63.0,998.0
59.0,64.0
64.0,284.0
64.0,907.0
37.0,65.0
65.0,93.0
65.0,150.0
65.0,201.0
65.0,884.0
66.0,175.0
66.0,191.0
66.0,480.0
66.0,585.0
17.0,67.0
36.0,67.0
67.0,186.0
67.0,234.0
67.0,463.0
67.0,801.0
67.0,995.0
20.0,68.0
27.0,68.0
68.0,116.0
68.0,232.0
68.0,271.0
68.0,808.0
68.0,818.0
68.0,861.0
55.0,69.0
69.0,88.0
69.0,135.0
69.0,819.0
70.0,111.0
70.0,125.0
70.0,157.0
70.0,314.0
70.0,404.0
70.0,506.0
70.0,727.0
70.0,875.0
70.0,960.0
71.0,114.0
71.0,162.0
71.0,277.0
71.0,364.0
71.0,387.0
71.0,600.0
33.0,72.0
72.0,214.0
72.0,384.0
73.0,90.0
73.0,153.0
73.0,243.0
73.0,455.0
73.0,541.0
73.0,864.0
21.0,74.0
74.0,114.0
74.0,138.0
74.0,160.0
74.0,229.0
74.0,325.0
74.0,464.0
75.0,147.0
75.0,693.0
28.0,76.0
52.0,76.0
76.0,126.0
76.0,310.0
76.0,737.0
76.0,858.0
76.0,977.0
44.0,77.0
64.0,77.0
68.0,77.0
77.0,591.0
11.0,78.0
33.0,78.0
74.0,78.0
78.0,149.0
79.0,245.0
79.0,914.0
30.0,80.0
80.0,232.0
80.0,271.0
80.0,299.0
81.0,101.0
81.0,152.0
81.0,209.0
81.0,242.0
81.0,289.0
81.0,305.0
81.0,405.0
81.0,652.0
81.0,905.0
55.0,82.0
82.0,271.0
82.0,562.0
28.0,83.0
83.0,123.0
83.0,187.0
83.0,326.0
83.0,331.0
83.0,831.0
84.0,315.0
84.0,355.0
43.0,85.0
56.0,85.0
85.0,263.0
85.0,453.0
38.0,86.0
67.0,86.0
82.0,86.0
86.0,152.0
86.0,212.0
86.0,223.0
86.0,317.0
86.0,644.0
53.0,87.0
87.0,146.0
87.0,224.0
87.0,226.0
87.0,322.0
87.0,449.0
87.0,528.0
87.0,889.0
56.0,88.0
88.0,115.0
88.0,148.0
88.0,583.0
88.0,935.0
26.0,89.0
89.0,134.0
89.0,618.0
90.0,165.0
90.0,245.0
90.0,905.0
45.0,91.0
91.0,267.0
91.0,281.0
91.0,375.0
91.0,511.0
91.0,605.0
91.0,882.0
92.0,181.0
92.0,372.0
92.0,519.0
92.0,693.0
92.0,710.0
92.0,892.0
93.0,416.0
93.0,544.0
93.0,962.0
94.0,137.0
94.0,263.0
94.0,670.0
94.0,973.0
95.0,456.0
95.0,504.0
30.0,96.0
92.0,96.0
96.0,103.0
96.0,157.0
96.0,161.0
96.0,946.0
97.0,178.0
97.0,252.0
97.0,267.0
97.0,563.0
98.0,258.0
98.0,303.0
98.0,716.0
99.0,150.0
99.0,285.0
36.0,100.0
100.0,131.0
100.0,221.0
100.0,310.0
100.0,487.0
42.0,101.0
101.0,331.0
101.0,475.0
101.0,602.0
102.0,132.0
102.0,171.0
102.0,335.0
102.0,488.0
0.0,103.0
78.0,103.0
69.0,104.0
104.0,105.0
104.0,109.0
104.0,131.0
104.0,170.0
104.0,171.0
104.0,242.0
104.0,245.0
104.0,256.0
104.0,423.0
104.0,545.0
104.0,848.0
34.0,105.0
105.0,311.0
105.0,838.0
105.0,938.0
83.0,106.0
106.0,213.0
106.0,750.0
73.0,107.0
87.0,107.0
107.0,266.0
107.0,282.0
107.0,330.0
107.0,564.0
107.0,705.0
107.0,801.0
107.0,851.0
108.0,194.0
108.0,249.0
108.0,306.0
108.0,321.0
108.0,601.0
81.0,109.0
109.0,110.0
109.0,251.0
109.0,280.0
109.0,823.0
80.0,110.0
82.0,110.0
110.0,151.0
110.0,187.0
110.0,277.0
110.0,510.0
21.0,111.0
63.0,111.0
111.0,112.0
111.0,329.0
111.0,332.0
112.0,187.0
112.0,254.0
112.0,404.0
112.0,554.0
1.0,113.0
100.0,113.0
113.0,123.0
113.0,471.0
113.0,671.0
113.0,862.0
114.0,222.0
114.0,240.0
24.0,115.0
29.0,115.0
59.0,115.0
104.0,115.0
110.0,115.0
115.0,150.0
115.0,287.0
115.0,293.0
115.0,673.0
115.0,755.0
115.0,912.0
16.0,116.0
40.0,116.0
82.0,116.0
89.0,116.0
116.0,179.0
116.0,247.0
116.0,889.0
117.0,315.0
117.0,395.0
117.0,405.0
117.0,418.0
23.0,118.0
118.0,173.0
118.0,200.0
118.0,319.0
118.0,958.0
0.0,119.0
120.0,132.0
120.0,193.0
120.0,641.0
106.0,121.0
121.0,183.0
121.0,458.0
121.0,927.0
122.0,158.0
122.0,261.0
122.0,596.0
122.0,835.0
122.0,936.0
123.0,124.0
123.0,174.0
123.0,378.0
123.0,918.0
21.0,124.0
52.0,124.0
124.0,299.0
124.0,460.0
124.0,504.0
121.0,125.0
125.0,319.0
125.0,340.0
125.0,664.0
125.0,929.0
125.0,946.0
126.0,258.0
126.0,892.0
126.0,963.0
2.0,127.0
127.0,158.0
127.0,183.0
127.0,241.0
127.0,251.0
127.0,306.0
127.0,308.0
127.0,329.0
127.0,560.0
125.0,128.0
128.0,211.0
128.0,297.0
128.0,792.0
128.0,842.0
6.0,129.0
129.0,220.0
41.0,130.0
130.0,234.0
130.0,392.0
130.0,843.0
12.0,131.0
120.0,131.0
131.0,229.0
131.0,238.0
131.0,767.0
132.0,216.0
132.0,408.0
132.0,838.0
133.0,313.0
133.0,586.0
133.0,599.0
133.0,695.0
80.0,134.0
95.0,134.0
134.0,160.0
134.0,177.0
134.0,728.0
134.0,940.0
6.0,135.0
106.0,135.0
135.0,213.0
135.0,261.0
135.0,282.0
135.0,300.0
135.0,565.0
135.0,582.0
48.0,136.0
53.0,136.0
74.0,136.0
125.0,136.0
136.0,137.0
136.0,264.0
136.0,354.0
31.0,137.0
35.0,137.0
79.0,137.0
137.0,200.0
137.0,231.0
78.0,138.0
103.0,138.0
138.0,491.0
138.0,711.0
38.0,139.0
139.0,170.0
139.0,432.0
139.0,508.0
139.0,731.0
22.0,140.0
87.0,140.0
140.0,236.0
140.0,267.0
140.0,582.0
132.0,141.0
141.0,763.0
15.0,142.0
115.0,142.0
142.0,256.0
142.0,271.0
43.0,143.0
90.0,143.0
131.0,143.0
143.0,233.0
143.0,288.0
143.0,329.0
143.0,800.0
41.0,144.0
144.0,232.0
144.0,311.0
144.0,321.0
144.0,591.0
145.0,664.0
145.0,990.0
146.0,236.0
146.0,391.0
146.0,411.0
146.0,659.0
146.0,892.0
32.0,147.0
129.0,147.0
147.0,515.0
147.0,710.0
144.0,148.0
148.0,880.0
128.0,149.0
139.0,149.0
149.0,196.0
149.0,237.0
149.0,244.0
149.0,260.0
149.0,309.0
5.0,150.0
17.0,150.0
150.0,190.0
150.0,204.0
150.0,231.0
150.0,290.0
150.0,315.0
151.0,300.0
151.0,489.0
152.0,174.0
152.0,228.0
152.0,233.0
152.0,236.0
152.0,275.0
152.0,302.0
152.0,412.0
152.0,999.0
47.0,153.0
153.0,191.0
153.0,808.0
53.0,154.0
154.0,214.0
154.0,257.0
154.0,269.0
154.0,710.0
154.0,820.0
25.0,155.0
47.0,155.0
155.0,301.0
155.0,640.0
41.0,156.0
50.0,156.0
156.0,266.0
156.0,555.0
156.0,811.0
156.0,954.0
62.0,157.0
157.0,267.0
157.0,675.0
157.0,971.0
158.0,207.0
158.0,251.0
158.0,736.0
5.0,159.0
85.0,159.0
159.0,170.0
159.0,292.0
159.0,401.0
159.0,457.0
159.0,801.0
159.0,825.0
13.0,160.0
24.0,160.0
45.0,160.0
63.0,160.0
160.0,251.0
160.0,740.0
46.0,161.0
161.0,390.0
161.0,463.0
20.0,162.0
82.0,162.0
162.0,197.0
162.0,434.0
162.0,506.0
162.0,839.0
162.0,977.0
163.0,502.0
163.0,840.0
59.0,164.0
164.0,315.0
164.0,415.0
164.0,758.0
13.0,165.0
105.0,165.0
165.0,292.0
8.0,166.0
30.0,166.0
54.0,166.0
166.0,196.0
166.0,268.0
166.0,283.0
166.0,285.0
166.0,287.0
166.0,300.0
166.0,301.0
166.0,883.0
36.0,167.0
167.0,257.0
167.0,319.0
45.0,168.0
73.0,168.0
127.0,168.0
168.0,177.0
168.0,218.0
168.0,249.0
168.0,663.0
168.0,916.0
117.0,169.0
137.0,169.0
169.0,212.0
169.0,243.0
169.0,246.0
169.0,291.0
169.0,308.0
169.0,564.0
169.0,675.0
30.0,170.0
75.0,170.0
170.0,179.0
170.0,206.0
170.0,254.0
170.0,270.0
170.0,952.0
171.0,192.0
171.0,264.0
172.0,187.0
172.0,195.0
172.0,217.0
172.0,222.0
172.0,234.0
172.0,252.0
172.0,330.0
172.0,353.0
172.0,553.0
172.0,706.0
173.0,187.0
173.0,555.0
173.0,768.0
173.0,780.0
173.0,884.0
89.0,174.0
174.0,406.0
174.0,807.0
53.0,175.0
150.0,175.0
175.0,278.0
31.0,176.0
74.0,176.0
176.0,177.0
176.0,246.0
176.0,561.0
176.0,792.0
176.0,949.0
176.0,999.0
176.0,177.0
177.0,186.0
177.0,242.0
177.0,268.0
177.0,365.0
177.0,896.0
0.0,178.0
11.0,179.0
27.0,179.0
60.0,179.0
97.0,179.0
179.0,237.0
179.0,249.0
168.0,180.0
180.0,225.0
181.0,182.0
181.0,196.0
181.0,223.0
181.0,338.0
181.0,398.0
182.0,596.0
96.0,183.0
183.0,324.0
183.0,785.0
83.0,184.0
163.0,184.0
168.0,184.0
184.0,299.0
184.0,478.0
184.0,585.0
184.0,587.0
184.0,709.0
65.0,185.0
185.0,663.0
95.0,186.0
186.0,198.0
186.0,224.0
186.0,298.0
186.0,346.0
75.0,187.0
140.0,187.0
187.0,288.0
187.0,577.0
14.0,188.0
20.0,188.0
188.0,322.0
188.0,384.0
188.0,533.0
188.0,550.0
188.0,598.0
188.0,724.0
10.0,189.0
189.0,199.0
189.0,240.0
67.0,190.0
187.0,190.0
190.0,282.0
190.0,879.0
12.0,191.0
57.0,191.0
60.0,191.0
130.0,191.0
191.0,403.0
87.0,192.0
139.0,192.0
149.0,192.0
192.0,215.0
1.0,193.0
193.0,196.0
193.0,945.0
132.0,194.0
194.0,292.0
194.0,380.0
194.0,451.0
194.0,626.0
44.0,195.0
195.0,262.0
195.0,526.0
195.0,590.0
24.0,196.0
99.0,196.0
173.0,196.0
196.0,322.0
196.0,540.0
196.0,799.0
196.0,973.0
0.0,197.0
162.0,197.0
197.0,251.0
197.0,443.0
197.0,505.0
197.0,555.0
197.0,576.0
197.0,605.0
197.0,680.0
47.0,198.0
198.0,228.0
198.0,266.0
198.0,313.0
198.0,428.0
198.0,436.0
198.0,616.0
52.0,199.0
66.0,199.0
85.0,199.0
149.0,199.0
199.0,220.0
199.0,227.0
199.0,239.0
199.0,245.0
199.0,294.0
199.0,984.0
10.0,200.0
106.0,200.0
110.0,200.0
127.0,200.0
200.0,318.0
200.0,320.0
200.0,434.0
200.0,619.0
200.0,679.0
60.0,201.0
162.0,201.0
175.0,201.0
201.0,321.0
201.0,488.0
201.0,737.0
201.0,768.0
153.0,202.0
202.0,271.0
51.0,203.0
203.0,313.0
203.0,986.0
204.0,520.0
204.0,645.0
204.0,849.0
115.0,205.0
141.0,205.0
142.0,205.0
168.0,205.0
171.0,205.0
205.0,650.0
205.0,722.0
205.0,808.0
205.0,972.0
158.0,206.0
179.0,206.0
206.0,670.0
197.0,207.0
205.0,207.0
207.0,727.0
136.0,208.0
207.0,208.0
208.0,364.0
208.0,463.0
208.0,644.0
103.0,209.0
140.0,209.0
209.0,224.0
209.0,357.0
71.0,210.0
210.0,235.0
210.0,356.0
210.0,399.0
210.0,511.0
211.0,254.0
89.0,212.0
105.0,212.0
185.0,212.0
212.0,246.0
212.0,281.0
212.0,293.0
212.0,371.0
212.0,401.0
212.0,426.0
88.0,213.0
213.0,255.0
213.0,289.0
213.0,885.0
109.0,214.0
134.0,214.0
193.0,214.0
214.0,262.0
55.0,215.0
215.0,216.0
215.0,250.0
215.0,331.0
215.0,417.0
215.0,727.0
215.0,797.0
216.0,645.0
216.0,669.0
216.0,709.0
53.0,217.0
128.0,217.0
168.0,217.0
120.0,218.0
218.0,447.0
218.0,485.0
218.0,550.0
218.0,652.0
218.0,833.0
42.0,219.0
219.0,241.0
219.0,249.0
219.0,284.0
219.0,309.0
219.0,428.0
219.0,572.0
219.0,970.0
208.0,220.0
220.0,237.0
220.0,344.0
220.0,433.0
220.0,556.0
215.0,221.0
216.0,221.0
221.0,256.0
96.0,222.0
222.0,259.0
222.0,292.0
222.0,328.0
222.0,391.0
222.0,759.0
11.0,223.0
104.0,223.0
156.0,223.0
223.0,611.0
223.0,629.0
33.0,224.0
42.0,224.0
79.0,224.0
191.0,224.0
211.0,224.0
224.0,254.0
224.0,270.0
224.0,326.0
4.0,225.0
11.0,225.0
123.0,225.0
132.0,225.0
184.0,225.0
225.0,324.0
225.0,937.0
41.0,226.0
63.0,226.0
175.0,226.0
186.0,226.0
220.0,226.0
226.0,413.0
61.0,227.0
96.0,227.0
144.0,227.0
157.0,227.0
218.0,227.0
227.0,237.0
227.0,278.0
227.0,664.0
153.0,228.0
228.0,354.0
228.0,650.0
64.0,229.0
135.0,229.0
158.0,229.0
221.0,229.0
229.0,365.0
230.0,316.0
230.0,397.0
86.0,231.0
177.0,231.0
185.0,231.0
231.0,244.0
231.0,315.0
231.0,980.0
232.0,718.0
232.0,758.0
38.0,233.0
91.0,233.0
103.0,233.0
121.0,233.0
17.0,234.0
34.0,234.0
81.0,234.0
178.0,234.0
234.0,284.0
234.0,338.0
234.0,829.0
235.0,300.0
235.0,585.0
235.0,699.0
235.0,942.0
122.0,236.0
236.0,260.0
236.0,336.0
236.0,872.0
151.0,237.0
206.0,237.0
237.0,787.0
237.0,999.0
2.0,238.0
98.0,238.0
221.0,238.0
228.0,238.0
238.0,329.0
63.0,239.0
239.0,324.0
239.0,783.0
239.0,925.0
239.0,945.0
239.0,977.0
166.0,240.0
240.0,549.0
240.0,632.0
240.0,967.0
63.0,241.0
241.0,264.0
241.0,284.0
241.0,438.0
83.0,242.0
118.0,242.0
173.0,242.0
175.0,242.0
207.0,242.0
226.0,242.0
242.0,862.0
243.0,247.0
243.0,315.0
243.0,940.0
27.0,244.0
108.0,244.0
167.0,244.0
244.0,284.0
244.0,368.0
244.0,498.0
244.0,859.0
85.0,245.0
245.0,319.0
245.0,720.0
64.0,246.0
70.0,246.0
114.0,246.0
246.0,299.0
96.0,247.0
128.0,247.0
146.0,247.0
182.0,247.0
188.0,247.0
194.0,247.0
247.0,412.0
247.0,446.0
247.0,629.0
247.0,848.0
28.0,248.0
35.0,248.0
92.0,248.0
170.0,248.0
248.0,750.0
19.0,249.0
51.0,249.0
249.0,286.0
89.0,250.0
201.0,250.0
250.0,647.0
250.0,970.0
5.0,251.0
81.0,251.0
210.0,251.0
212.0,251.0
223.0,251.0
251.0,440.0
251.0,541.0
251.0,862.0
119.0,252.0
152.0,252.0
191.0,252.0
252.0,468.0
252.0,574.0
253.0,310.0
253.0,488.0
0.0,254.0
30.0,254.0
136.0,254.0
254.0,273.0
254.0,299.0
254.0,314.0
132.0,255.0
216.0,255.0
254.0,255.0
255.0,271.0
255.0,439.0
255.0,827.0
0.0,256.0
33.0,257.0
104.0,257.0
257.0,308.0
257.0,831.0
21.0,258.0
256.0,258.0
258.0,376.0
258.0,970.0
189.0,259.0
193.0,259.0
77.0,260.0
154.0,260.0
260.0,311.0
260.0,330.0
260.0,554.0
78.0,261.0
117.0,261.0
261.0,280.0
261.0,302.0
261.0,827.0
261.0,947.0
261.0,957.0
130.0,262.0
262.0,436.0
85.0,263.0
145.0,263.0
161.0,263.0
263.0,521.0
263.0,969.0
31.0,264.0
122.0,264.0
264.0,308.0
264.0,317.0
264.0,322.0
264.0,729.0
264.0,849.0
220.0,265.0
252.0,265.0
265.0,297.0
265.0,378.0
265.0,771.0
265.0,811.0
265.0,998.0
109.0,266.0
147.0,266.0
148.0,266.0
266.0,281.0
266.0,290.0
266.0,743.0
266.0,787.0
87.0,267.0
257.0,267.0
267.0,979.0
134.0,268.0
195.0,268.0
268.0,327.0
268.0,758.0
268.0,766.0
66.0,269.0
133.0,269.0
246.0,269.0
269.0,729.0
43.0,270.0
270.0,434.0
270.0,596.0
270.0,740.0
32.0,271.0
136.0,271.0
160.0,271.0
259.0,271.0
271.0,326.0
271.0,598.0
271.0,822.0
271.0,881.0
271.0,895.0
9.0,272.0
56.0,272.0
94.0,272.0
100.0,272.0
229.0,272.0
272.0,406.0
12.0,273.0
77.0,273.0
273.0,274.0
273.0,323.0
273.0,328.0
273.0,407.0
273.0,486.0
273.0,487.0
273.0,653.0
273.0,654.0
273.0,953.0
72.0,274.0
220.0,274.0
274.0,285.0
274.0,412.0
274.0,977.0
90.0,275.0
260.0,275.0
261.0,275.0
265.0,275.0
275.0,325.0
275.0,769.0
25.0,276.0
54.0,276.0
171.0,276.0
184.0,276.0
276.0,492.0
38.0,277.0
247.0,277.0
277.0,316.0
277.0,437.0
277.0,891.0
277.0,926.0
123.0,278.0
194.0,278.0
250.0,278.0
278.0,937.0
44.0,279.0
279.0,309.0
279.0,387.0
279.0,825.0
28.0,280.0
53.0,280.0
91.0,280.0
103.0,280.0
16.0,281.0
55.0,281.0
74.0,281.0
200.0,281.0
281.0,349.0
281.0,406.0
281.0,694.0
281.0,877.0
130.0,282.0
148.0,282.0
173.0,282.0
282.0,758.0
282.0,786.0
12.0,283.0
87.0,283.0
107.0,283.0
214.0,283.0
266.0,283.0
283.0,298.0
283.0,307.0
283.0,706.0
86.0,284.0
126.0,284.0
284.0,305.0
284.0,799.0
284.0,869.0
87.0,285.0
183.0,285.0
200.0,285.0
209.0,285.0
285.0,312.0
285.0,332.0
285.0,473.0
285.0,556.0
285.0,716.0
117.0,286.0
284.0,286.0
286.0,364.0
286.0,389.0
286.0,875.0
3.0,287.0
53.0,287.0
138.0,287.0
199.0,287.0
275.0,287.0
287.0,296.0
287.0,359.0
287.0,396.0
287.0,859.0
60.0,288.0
288.0,601.0
151.0,289.0
199.0,289.0
289.0,329.0
289.0,335.0
289.0,486.0
289.0,514.0
289.0,886.0
14.0,290.0
65.0,290.0
77.0,290.0
212.0,290.0
290.0,328.0
0.0,291.0
72.0,291.0
111.0,291.0
265.0,291.0
97.0,292.0
271.0,292.0
292.0,408.0
292.0,474.0
292.0,621.0
292.0,638.0
292.0,668.0
107.0,293.0
272.0,293.0
283.0,293.0
293.0,313.0
293.0,658.0
5.0,294.0
156.0,294.0
185.0,294.0
294.0,357.0
294.0,981.0
79.0,295.0
113.0,295.0
145.0,295.0
59.0,296.0
86.0,296.0
266.0,296.0
296.0,453.0
296.0,480.0
296.0,567.0
106.0,297.0
207.0,297.0
208.0,297.0
236.0,297.0
297.0,978.0
16.0,298.0
57.0,298.0
179.0,298.0
255.0,298.0
298.0,328.0
143.0,299.0
271.0,300.0
300.0,316.0
300.0,325.0
300.0,458.0
300.0,473.0
300.0,790.0
11.0,301.0
77.0,301.0
292.0,301.0
52.0,302.0
116.0,302.0
239.0,302.0
302.0,318.0
302.0,541.0
196.0,303.0
209.0,303.0
218.0,303.0
259.0,303.0
303.0,330.0
51.0,304.0
304.0,578.0
304.0,901.0
5.0,305.0
46.0,305.0
105.0,305.0
305.0,776.0
108.0,306.0
186.0,306.0
206.0,306.0
218.0,306.0
272.0,306.0
306.0,921.0
19.0,307.0
299.0,307.0
307.0,308.0
307.0,508.0
307.0,846.0
109.0,308.0
223.0,308.0
308.0,756.0
308.0,885.0
192.0,309.0
213.0,309.0
309.0,430.0
67.0,310.0
188.0,310.0
310.0,923.0
1.0,311.0
157.0,311.0
215.0,311.0
249.0,311.0
267.0,311.0
311.0,720.0
311.0,995.0
46.0,312.0
52.0,312.0
144.0,312.0
310.0,312.0
312.0,316.0
312.0,927.0
30.0,313.0
191.0,313.0
291.0,313.0
313.0,883.0
313.0,977.0
9.0,314.0
70.0,314.0
102.0,314.0
150.0,314.0
256.0,314.0
314.0,422.0
314.0,484.0
314.0,696.0
314.0,773.0
314.0,809.0
314.0,866.0
310.0,315.0
315.0,500.0
315.0,639.0
0.0,316.0
232.0,317.0
258.0,317.0
317.0,329.0
67.0,318.0
78.0,318.0
85.0,318.0
115.0,318.0
145.0,318.0
163.0,318.0
166.0,318.0
247.0,318.0
274.0,318.0
318.0,319.0
318.0,321.0
318.0,722.0
17.0,319.0
66.0,319.0
223.0,319.0
254.0,319.0
319.0,322.0
319.0,330.0
319.0,508.0
319.0,609.0
20.0,320.0
216.0,320.0
252.0,321.0
312.0,321.0
321.0,518.0
321.0,973.0
197.0,322.0
322.0,409.0
322.0,834.0
34.0,323.0
69.0,323.0
158.0,323.0
205.0,323.0
270.0,323.0
298.0,323.0
323.0,487.0
323.0,594.0
323.0,636.0
56.0,324.0
65.0,324.0
119.0,324.0
324.0,497.0
176.0,325.0
217.0,325.0
303.0,325.0
325.0,879.0
7.0,326.0
94.0,326.0
127.0,326.0
319.0,326.0
326.0,534.0
24.0,327.0
30.0,327.0
169.0,327.0
327.0,442.0
327.0,508.0
327.0,553.0
176.0,328.0
284.0,328.0
328.0,458.0
328.0,473.0
31.0,329.0
283.0,329.0
329.0,947.0
27.0,330.0
140.0,330.0
221.0,330.0
232.0,330.0
255.0,330.0
330.0,482.0
21.0,331.0
79.0,331.0
188.0,331.0
238.0,331.0
310.0,331.0
314.0,331.0
331.0,587.0
331.0,624.0
59.0,332.0
109.0,332.0
298.0,332.0
332.0,754.0
261.0,333.0
333.0,388.0
333.0,466.0
333.0,767.0
333.0,813.0
333.0,964.0
334.0,446.0
334.0,568.0
334.0,983.0
306.0,335.0
335.0,513.0
335.0,593.0
335.0,641.0
335.0,772.0
335.0,796.0
335.0,926.0
336.0,353.0
336.0,432.0
336.0,441.0
336.0,624.0
336.0,885.0
337.0,379.0
337.0,459.0
337.0,528.0
337.0,569.0
337.0,609.0
337.0,623.0
338.0,366.0
24.0,339.0
200.0,339.0
339.0,371.0
339.0,576.0
339.0,660.0
339.0,693.0
265.0,340.0
277.0,340.0
340.0,389.0
340.0,392.0
340.0,457.0
340.0,729.0
340.0,747.0
341.0,666.0
341.0,859.0
341.0,950.0
122.0,342.0
265.0,343.0
287.0,343.0
343.0,369.0
343.0,705.0
343.0,921.0
248.0,344.0
344.0,476.0
344.0,530.0
344.0,531.0
345.0,482.0
345.0,693.0
346.0,428.0
346.0,484.0
346.0,591.0
347.0,548.0
347.0,552.0
347.0,562.0
42.0,348.0
153.0,348.0
348.0,360.0
348.0,491.0
348.0,521.0
348.0,636.0
348.0,885.0
349.0,387.0
349.0,418.0
349.0,533.0
349.0,583.0
349.0,612.0
349.0,648.0
349.0,876.0
349.0,918.0
284.0,350.0
350.0,462.0
350.0,481.0
350.0,496.0
350.0,543.0
350.0,592.0
350.0,633.0
13.0,351.0
351.0,415.0
351.0,423.0
351.0,546.0
351.0,633.0
352.0,410.0
352.0,788.0
11.0,353.0
353.0,961.0
216.0,354.0
354.0,515.0
354.0,555.0
354.0,648.0
237.0,355.0
355.0,492.0
355.0,501.0
355.0,965.0
208.0,356.0
252.0,356.0
356.0,576.0
356.0,629.0
356.0,861.0
151.0,357.0
236.0,357.0
357.0,363.0
357.0,647.0
357.0,648.0
21.0,358.0
208.0,358.0
316.0,358.0
334.0,358.0
358.0,518.0
358.0,990.0
338.0,359.0
359.0,659.0
359.0,729.0
360.0,382.0
360.0,558.0
360.0,579.0
360.0,602.0
360.0,659.0
360.0,971.0
245.0,361.0
361.0,550.0
361.0,587.0
361.0,709.0
361.0,817.0
101.0,362.0
105.0,362.0
356.0,362.0
362.0,448.0
362.0,578.0
362.0,590.0
363.0,370.0
363.0,417.0
222.0,364.0
364.0,452.0
364.0,508.0
364.0,787.0
188.0,365.0
365.0,385.0
365.0,779.0
365.0,790.0
365.0,932.0
365.0,998.0
48.0,366.0
90.0,366.0
288.0,366.0
366.0,619.0
29.0,367.0
337.0,367.0
358.0,367.0
367.0,556.0
367.0,563.0
145.0,368.0
158.0,368.0
368.0,570.0
368.0,714.0
218.0,369.0
311.0,369.0
369.0,394.0
369.0,417.0
369.0,528.0
369.0,662.0
369.0,723.0
369.0,817.0
369.0,834.0
86.0,370.0
370.0,382.0
370.0,446.0
370.0,577.0
370.0,700.0
370.0,724.0
370.0,927.0
73.0,371.0
102.0,371.0
371.0,433.0
371.0,556.0
371.0,571.0
371.0,582.0
371.0,653.0
371.0,827.0
371.0,944.0
144.0,372.0
276.0,372.0
300.0,372.0
344.0,372.0
372.0,387.0
372.0,539.0
372.0,581.0
373.0,408.0
200.0,374.0
374.0,441.0
374.0,635.0
374.0,719.0
374.0,820.0
375.0,460.0
375.0,478.0
375.0,547.0
375.0,614.0
375.0,624.0
375.0,676.0
376.0,389.0
376.0,390.0
376.0,748.0
24.0,377.0
377.0,403.0
377.0,462.0
377.0,523.0
377.0,539.0
378.0,487.0
378.0,506.0
378.0,550.0
234.0,379.0
345.0,379.0
379.0,390.0
379.0,562.0
379.0,591.0
379.0,643.0
379.0,697.0
380.0,399.0
380.0,429.0
380.0,526.0
380.0,553.0
380.0,603.0
380.0,657.0
380.0,828.0
381.0,446.0
122.0,382.0
338.0,382.0
382.0,414.0
382.0,494.0
382.0,528.0
382.0,648.0
222.0,383.0
383.0,494.0
383.0,588.0
383.0,662.0
384.0,444.0
384.0,467.0
384.0,548.0
384.0,570.0
384.0,623.0
384.0,647.0
385.0,389.0
385.0,390.0
385.0,562.0
385.0,762.0
258.0,386.0
333.0,386.0
386.0,429.0
386.0,515.0
386.0,785.0
386.0,959.0
36.0,387.0
165.0,387.0
334.0,387.0
387.0,471.0
387.0,625.0
387.0,950.0
159.0,388.0
388.0,623.0
388.0,928.0
165.0,389.0
340.0,389.0
389.0,390.0
389.0,652.0
347.0,390.0
390.0,736.0
164.0,391.0
391.0,414.0
391.0,426.0
391.0,542.0
391.0,573.0
391.0,621.0
39.0,392.0
392.0,408.0
392.0,425.0
392.0,441.0
392.0,458.0
392.0,573.0
392.0,599.0
392.0,720.0
393.0,506.0
393.0,622.0
342.0,394.0
345.0,394.0
362.0,394.0
372.0,394.0
394.0,438.0
394.0,973.0
394.0,978.0
277.0,395.0
382.0,395.0
395.0,540.0
395.0,914.0
150.0,396.0
376.0,396.0
379.0,396.0
396.0,591.0
272.0,397.0
363.0,397.0
397.0,744.0
354.0,398.0
385.0,398.0
398.0,508.0
398.0,553.0
399.0,531.0
399.0,569.0
399.0,727.0
399.0,837.0
399.0,888.0
234.0,400.0
399.0,400.0
400.0,796.0
400.0,814.0
23.0,401.0
102.0,401.0
358.0,401.0
401.0,498.0
401.0,722.0
402.0,444.0
402.0,602.0
402.0,719.0
395.0,403.0
403.0,624.0
403.0,644.0
403.0,660.0
403.0,966.0
292.0,404.0
378.0,404.0
39.0,405.0
100.0,405.0
126.0,405.0
383.0,405.0
405.0,454.0
405.0,590.0
405.0,599.0
405.0,885.0
176.0,406.0
293.0,406.0
386.0,406.0
406.0,517.0
125.0,407.0
407.0,434.0
407.0,729.0
407.0,883.0
407.0,979.0
408.0,412.0
408.0,593.0
408.0,642.0
408.0,646.0
408.0,818.0
408.0,847.0
409.0,414.0
409.0,494.0
409.0,665.0
291.0,410.0
320.0,410.0
336.0,410.0
345.0,410.0
410.0,535.0
410.0,612.0
410.0,887.0
337.0,411.0
373.0,411.0
394.0,411.0
409.0,411.0
411.0,490.0
96.0,412.0
99.0,412.0
412.0,954.0
413.0,470.0
413.0,658.0
413.0,761.0
203.0,414.0
351.0,414.0
414.0,415.0
414.0,585.0
374.0,415.0
414.0,415.0
415.0,513.0
415.0,516.0
415.0,555.0
415.0,573.0
415.0,952.0
216.0,416.0
416.0,460.0
416.0,497.0
416.0,596.0
417.0,905.0
211.0,418.0
267.0,418.0
349.0,418.0
418.0,604.0
418.0,654.0
343.0,419.0
379.0,419.0
419.0,656.0
419.0,661.0
420.0,561.0
420.0,618.0
420.0,651.0
420.0,947.0
271.0,421.0
330.0,421.0
385.0,421.0
416.0,421.0
421.0,555.0
421.0,605.0
53.0,422.0
307.0,422.0
422.0,593.0
422.0,611.0
422.0,654.0
422.0,881.0
422.0,884.0
423.0,449.0
423.0,529.0
423.0,643.0
59.0,424.0
424.0,878.0
22.0,425.0
342.0,425.0
415.0,425.0
425.0,571.0
425.0,633.0
425.0,637.0
31.0,426.0
411.0,426.0
426.0,526.0
426.0,565.0
17.0,427.0
112.0,427.0
290.0,427.0
427.0,582.0
427.0,591.0
427.0,951.0
387.0,428.0
428.0,468.0
428.0,472.0
428.0,569.0
428.0,635.0
429.0,532.0
429.0,642.0
429.0,672.0
190.0,430.0
333.0,430.0
357.0,430.0
430.0,452.0
430.0,640.0
430.0,699.0
430.0,801.0
52.0,431.0
285.0,431.0
401.0,431.0
431.0,676.0
336.0,432.0
391.0,432.0
432.0,435.0
432.0,567.0
432.0,574.0
432.0,739.0
432.0,909.0
433.0,497.0
433.0,546.0
433.0,857.0
263.0,434.0
372.0,434.0
434.0,883.0
435.0,489.0
435.0,499.0
435.0,537.0
435.0,632.0
435.0,645.0
435.0,979.0
76.0,436.0
190.0,436.0
246.0,436.0
359.0,436.0
396.0,436.0
426.0,436.0
436.0,508.0
436.0,511.0
436.0,587.0
436.0,588.0
436.0,594.0
436.0,717.0
65.0,437.0
366.0,437.0
374.0,437.0
406.0,437.0
437.0,464.0
437.0,834.0
437.0,907.0
378.0,438.0
438.0,567.0
438.0,656.0
438.0,859.0
438.0,909.0
395.0,439.0
427.0,439.0
439.0,441.0
439.0,455.0
439.0,464.0
439.0,573.0
439.0,655.0
440.0,459.0
440.0,506.0
440.0,521.0
440.0,626.0
93.0,441.0
438.0,441.0
441.0,600.0
86.0,442.0
442.0,616.0
442.0,649.0
0.0,443.0
34.0,444.0
252.0,444.0
393.0,444.0
444.0,475.0
444.0,492.0
444.0,529.0
444.0,727.0
444.0,985.0
1.0,445.0
445.0,449.0
445.0,559.0
445.0,560.0
445.0,720.0
355.0,446.0
362.0,446.0
380.0,446.0
446.0,661.0
378.0,447.0
447.0,460.0
447.0,492.0
447.0,629.0
447.0,858.0
409.0,448.0
448.0,509.0
448.0,643.0
14.0,449.0
449.0,497.0
449.0,544.0
449.0,584.0
449.0,639.0
449.0,643.0
450.0,516.0
450.0,536.0
450.0,583.0
450.0,792.0
450.0,904.0
235.0,451.0
363.0,451.0
451.0,517.0
451.0,523.0
451.0,542.0
451.0,722.0
152.0,452.0
416.0,452.0
452.0,956.0
111.0,453.0
180.0,453.0
250.0,453.0
339.0,453.0
372.0,453.0
434.0,453.0
438.0,453.0
453.0,506.0
453.0,532.0
453.0,539.0
453.0,551.0
453.0,554.0
285.0,454.0
381.0,454.0
212.0,455.0
250.0,455.0
412.0,455.0
424.0,455.0
435.0,455.0
455.0,470.0
455.0,479.0
455.0,984.0
267.0,456.0
456.0,630.0
456.0,700.0
456.0,960.0
195.0,457.0
320.0,457.0
447.0,457.0
457.0,497.0
457.0,647.0
457.0,679.0
34.0,458.0
188.0,458.0
263.0,458.0
371.0,458.0
434.0,458.0
458.0,496.0
458.0,530.0
458.0,641.0
458.0,841.0
281.0,459.0
459.0,539.0
459.0,626.0
459.0,630.0
407.0,460.0
426.0,460.0
460.0,564.0
460.0,637.0
460.0,659.0
71.0,461.0
137.0,461.0
461.0,576.0
461.0,593.0
461.0,763.0
461.0,782.0
461.0,895.0
461.0,953.0
384.0,462.0
393.0,462.0
446.0,462.0
462.0,739.0
462.0,904.0
462.0,936.0
433.0,463.0
463.0,553.0
463.0,611.0
464.0,480.0
464.0,504.0
464.0,513.0
464.0,910.0
355.0,465.0
386.0,465.0
465.0,491.0
465.0,540.0
465.0,547.0
465.0,613.0
465.0,624.0
250.0,466.0
300.0,466.0
466.0,540.0
466.0,624.0
393.0,467.0
446.0,467.0
467.0,484.0
467.0,618.0
467.0,635.0
467.0,653.0
467.0,706.0
467.0,731.0
389.0,468.0
432.0,468.0
468.0,485.0
468.0,532.0
468.0,997.0
391.0,469.0
419.0,469.0
469.0,533.0
469.0,801.0
89.0,470.0
433.0,470.0
470.0,503.0
470.0,524.0
470.0,593.0
470.0,648.0
470.0,758.0
470.0,886.0
127.0,471.0
438.0,471.0
471.0,533.0
471.0,535.0
471.0,545.0
385.0,472.0
463.0,472.0
472.0,481.0
472.0,577.0
472.0,866.0
473.0,569.0
473.0,682.0
473.0,930.0
124.0,474.0
474.0,503.0
474.0,648.0
245.0,475.0
456.0,475.0
476.0,542.0
74.0,477.0
99.0,477.0
431.0,477.0
458.0,477.0
477.0,499.0
478.0,497.0
478.0,499.0
478.0,654.0
479.0,564.0
479.0,594.0
479.0,711.0
479.0,723.0
479.0,867.0
339.0,480.0
385.0,480.0
472.0,480.0
480.0,504.0
480.0,674.0
480.0,752.0
480.0,827.0
2.0,481.0
481.0,495.0
481.0,625.0
481.0,884.0
481.0,906.0
481.0,917.0
45.0,482.0
168.0,482.0
275.0,482.0
382.0,482.0
418.0,482.0
441.0,482.0
450.0,482.0
482.0,676.0
482.0,871.0
332.0,483.0
379.0,483.0
444.0,483.0
483.0,487.0
483.0,492.0
483.0,523.0
483.0,556.0
484.0,597.0
484.0,671.0
484.0,888.0
484.0,944.0
45.0,485.0
243.0,485.0
376.0,485.0
391.0,485.0
465.0,485.0
485.0,636.0
485.0,684.0
485.0,768.0
485.0,803.0
287.0,486.0
486.0,524.0
486.0,625.0
486.0,733.0
331.0,487.0
471.0,487.0
487.0,537.0
487.0,545.0
487.0,610.0
487.0,768.0
87.0,488.0
364.0,488.0
410.0,488.0
438.0,488.0
488.0,767.0
489.0,636.0
61.0,490.0
329.0,490.0
486.0,490.0
490.0,553.0
490.0,676.0
475.0,491.0
488.0,491.0
491.0,493.0
491.0,535.0
491.0,553.0
491.0,641.0
491.0,803.0
61.0,492.0
303.0,492.0
390.0,492.0
492.0,526.0
492.0,540.0
492.0,656.0
492.0,871.0
405.0,493.0
493.0,582.0
493.0,887.0
353.0,494.0
141.0,495.0
468.0,495.0
495.0,537.0
495.0,562.0
495.0,615.0
82.0,496.0
361.0,496.0
439.0,496.0
474.0,496.0
496.0,554.0
496.0,863.0
179.0,497.0
340.0,497.0
354.0,497.0
376.0,497.0
497.0,521.0
497.0,571.0
497.0,573.0
497.0,576.0
497.0,594.0
497.0,599.0
297.0,498.0
398.0,498.0
460.0,498.0
498.0,531.0
498.0,604.0
209.0,499.0
475.0,499.0
499.0,502.0
499.0,608.0
499.0,763.0
499.0,803.0
499.0,990.0
142.0,500.0
389.0,500.0
469.0,500.0
486.0,500.0
492.0,500.0
500.0,541.0
500.0,598.0
500.0,730.0
500.0,852.0
77.0,501.0
291.0,501.0
338.0,501.0
424.0,501.0
490.0,501.0
501.0,538.0
501.0,627.0
501.0,733.0
34.0,502.0
66.0,502.0
333.0,502.0
502.0,821.0
29.0,503.0
414.0,503.0
464.0,503.0
503.0,644.0
503.0,646.0
503.0,831.0
153.0,504.0
504.0,663.0
489.0,505.0
505.0,506.0
505.0,581.0
505.0,585.0
400.0,506.0
482.0,506.0
506.0,549.0
506.0,560.0
506.0,595.0
506.0,787.0
491.0,507.0
507.0,682.0
125.0,508.0
220.0,508.0
226.0,508.0
358.0,508.0
508.0,544.0
508.0,627.0
508.0,637.0
390.0,509.0
509.0,569.0
272.0,510.0
510.0,516.0
510.0,622.0
510.0,832.0
239.0,511.0
407.0,511.0
453.0,511.0
496.0,511.0
511.0,543.0
511.0,573.0
511.0,894.0
346.0,512.0
375.0,512.0
380.0,512.0
499.0,512.0
512.0,663.0
512.0,782.0
379.0,513.0
423.0,513.0
440.0,513.0
513.0,517.0
513.0,614.0
513.0,956.0
514.0,939.0
51.0,515.0
497.0,515.0
515.0,552.0
515.0,556.0
515.0,753.0
515.0,970.0
430.0,516.0
442.0,516.0
516.0,544.0
516.0,618.0
516.0,620.0
29.0,517.0
454.0,517.0
492.0,517.0
497.0,517.0
517.0,526.0
517.0,591.0
30.0,518.0
389.0,518.0
518.0,530.0
518.0,591.0
518.0,602.0
336.0,519.0
519.0,585.0
519.0,587.0
519.0,619.0
161.0,520.0
311.0,520.0
428.0,520.0
466.0,520.0
475.0,520.0
520.0,629.0
520.0,638.0
520.0,755.0
29.0,521.0
79.0,521.0
124.0,521.0
346.0,521.0
387.0,521.0
521.0,589.0
521.0,690.0
521.0,839.0
521.0,840.0
521.0,850.0
521.0,909.0
521.0,936.0
7.0,522.0
46.0,522.0
151.0,522.0
433.0,522.0
441.0,522.0
486.0,522.0
489.0,522.0
504.0,522.0
522.0,777.0
363.0,523.0
381.0,523.0
382.0,523.0
399.0,523.0
450.0,523.0
267.0,524.0
300.0,524.0
374.0,524.0
508.0,524.0
524.0,637.0
23.0,525.0
412.0,525.0
525.0,884.0
525.0,951.0
482.0,526.0
51.0,527.0
83.0,527.0
180.0,527.0
477.0,527.0
514.0,527.0
375.0,528.0
528.0,583.0
528.0,584.0
528.0,587.0
408.0,529.0
417.0,529.0
440.0,529.0
446.0,529.0
529.0,642.0
529.0,702.0
380.0,530.0
420.0,530.0
461.0,530.0
530.0,632.0
530.0,727.0
530.0,972.0
429.0,531.0
501.0,531.0
531.0,542.0
531.0,664.0
262.0,532.0
280.0,532.0
388.0,532.0
389.0,532.0
532.0,642.0
532.0,879.0
532.0,898.0
532.0,907.0
532.0,974.0
327.0,533.0
533.0,554.0
533.0,983.0
333.0,534.0
433.0,534.0
512.0,534.0
516.0,534.0
534.0,664.0
257.0,535.0
353.0,535.0
461.0,535.0
522.0,535.0
535.0,628.0
535.0,834.0
535.0,836.0
535.0,844.0
392.0,536.0
423.0,536.0
536.0,642.0
537.0,550.0
537.0,879.0
537.0,970.0
321.0,538.0
365.0,538.0
388.0,538.0
517.0,538.0
523.0,538.0
538.0,628.0
391.0,539.0
153.0,540.0
259.0,540.0
404.0,540.0
463.0,540.0
540.0,541.0
540.0,594.0
540.0,658.0
519.0,541.0
541.0,633.0
69.0,542.0
168.0,542.0
467.0,542.0
542.0,666.0
542.0,877.0
543.0,592.0
543.0,718.0
543.0,881.0
151.0,544.0
244.0,544.0
443.0,544.0
454.0,544.0
540.0,544.0
544.0,548.0
28.0,545.0
184.0,545.0
527.0,545.0
545.0,603.0
545.0,720.0
410.0,546.0
546.0,577.0
546.0,808.0
249.0,547.0
426.0,547.0
547.0,561.0
547.0,577.0
547.0,583.0
492.0,548.0
548.0,580.0
548.0,692.0
148.0,549.0
203.0,549.0
491.0,549.0
549.0,618.0
549.0,625.0
295.0,550.0
353.0,550.0
454.0,550.0
550.0,921.0
550.0,958.0
239.0,551.0
474.0,551.0
551.0,620.0
551.0,957.0
379.0,552.0
385.0,552.0
402.0,552.0
445.0,552.0
465.0,552.0
319.0,553.0
320.0,553.0
329.0,553.0
362.0,553.0
553.0,664.0
553.0,983.0
554.0,559.0
554.0,746.0
554.0,777.0
554.0,845.0
554.0,914.0
101.0,555.0
461.0,555.0
30.0,556.0
64.0,556.0
556.0,590.0
556.0,777.0
22.0,557.0
114.0,557.0
121.0,557.0
414.0,557.0
435.0,557.0
477.0,557.0
557.0,941.0
458.0,558.0
558.0,971.0
22.0,559.0
345.0,559.0
408.0,559.0
435.0,559.0
530.0,559.0
375.0,560.0
385.0,560.0
525.0,560.0
560.0,591.0
341.0,561.0
362.0,561.0
561.0,881.0
368.0,562.0
424.0,562.0
482.0,562.0
540.0,562.0
562.0,708.0
55.0,563.0
214.0,563.0
297.0,563.0
321.0,563.0
450.0,563.0
514.0,563.0
563.0,595.0
563.0,865.0
351.0,564.0
377.0,564.0
528.0,564.0
558.0,564.0
564.0,647.0
564.0,905.0
373.0,565.0
412.0,565.0
565.0,574.0
565.0,648.0
3.0,566.0
341.0,566.0
545.0,566.0
198.0,567.0
336.0,567.0
400.0,567.0
435.0,567.0
567.0,602.0
567.0,658.0
567.0,778.0
322.0,568.0
364.0,568.0
437.0,568.0
568.0,599.0
568.0,651.0
568.0,778.0
568.0,965.0
343.0,569.0
386.0,569.0
464.0,569.0
569.0,607.0
569.0,621.0
421.0,570.0
515.0,570.0
157.0,571.0
356.0,571.0
394.0,571.0
571.0,604.0
571.0,663.0
571.0,853.0
571.0,953.0
79.0,572.0
222.0,572.0
453.0,572.0
545.0,572.0
572.0,641.0
572.0,913.0
58.0,573.0
470.0,573.0
500.0,573.0
573.0,839.0
573.0,911.0
331.0,574.0
342.0,574.0
358.0,574.0
517.0,574.0
574.0,658.0
241.0,575.0
421.0,575.0
496.0,575.0
558.0,575.0
226.0,576.0
462.0,576.0
576.0,684.0
576.0,897.0
256.0,577.0
308.0,577.0
371.0,577.0
411.0,577.0
413.0,577.0
577.0,616.0
577.0,661.0
241.0,578.0
431.0,578.0
425.0,579.0
539.0,579.0
344.0,580.0
580.0,648.0
580.0,902.0
276.0,581.0
550.0,581.0
579.0,581.0
456.0,582.0
582.0,769.0
33.0,583.0
502.0,583.0
521.0,583.0
574.0,583.0
583.0,593.0
583.0,604.0
583.0,651.0
51.0,584.0
357.0,584.0
359.0,584.0
457.0,584.0
492.0,584.0
520.0,584.0
532.0,584.0
516.0,585.0
164.0,586.0
352.0,586.0
586.0,651.0
203.0,587.0
26.0,588.0
217.0,588.0
395.0,588.0
416.0,588.0
588.0,619.0
588.0,681.0
17.0,589.0
136.0,589.0
466.0,589.0
494.0,589.0
537.0,589.0
576.0,589.0
383.0,590.0
590.0,632.0
132.0,591.0
236.0,591.0
591.0,608.0
447.0,592.0
457.0,592.0
462.0,592.0
555.0,592.0
570.0,592.0
592.0,831.0
485.0,593.0
488.0,593.0
593.0,655.0
356.0,594.0
594.0,705.0
118.0,595.0
260.0,595.0
393.0,595.0
560.0,595.0
595.0,690.0
595.0,730.0
377.0,596.0
422.0,596.0
405.0,597.0
526.0,597.0
597.0,767.0
597.0,961.0
10.0,598.0
345.0,598.0
428.0,598.0
541.0,598.0
598.0,635.0
598.0,781.0
475.0,599.0
597.0,599.0
599.0,606.0
599.0,955.0
9.0,600.0
384.0,600.0
402.0,600.0
458.0,600.0
477.0,600.0
600.0,622.0
600.0,715.0
600.0,987.0
433.0,601.0
601.0,633.0
601.0,639.0
601.0,690.0
91.0,602.0
172.0,602.0
602.0,634.0
602.0,655.0
602.0,688.0
127.0,603.0
240.0,603.0
303.0,603.0
487.0,603.0
572.0,603.0
603.0,628.0
603.0,798.0
603.0,869.0
603.0,924.0
361.0,604.0
362.0,604.0
448.0,604.0
464.0,604.0
469.0,604.0
480.0,604.0
355.0,605.0
415.0,605.0
480.0,605.0
605.0,853.0
605.0,905.0
351.0,606.0
393.0,606.0
492.0,606.0
588.0,606.0
606.0,611.0
606.0,622.0
434.0,607.0
592.0,607.0
607.0,771.0
396.0,608.0
433.0,608.0
451.0,608.0
302.0,609.0
396.0,609.0
413.0,609.0
480.0,609.0
253.0,610.0
360.0,610.0
445.0,610.0
610.0,658.0
610.0,879.0
122.0,611.0
150.0,611.0
180.0,611.0
611.0,623.0
344.0,612.0
437.0,612.0
451.0,612.0
606.0,612.0
612.0,637.0
612.0,644.0
612.0,745.0
435.0,613.0
613.0,646.0
613.0,649.0
613.0,661.0
396.0,614.0
614.0,623.0
427.0,615.0
436.0,615.0
460.0,615.0
508.0,615.0
615.0,638.0
615.0,735.0
615.0,772.0
200.0,616.0
395.0,616.0
587.0,616.0
104.0,617.0
410.0,617.0
525.0,617.0
608.0,617.0
617.0,660.0
617.0,857.0
38.0,618.0
56.0,618.0
138.0,618.0
264.0,618.0
498.0,618.0
596.0,618.0
618.0,634.0
618.0,639.0
410.0,619.0
444.0,619.0
455.0,619.0
495.0,619.0
619.0,677.0
619.0,738.0
348.0,620.0
409.0,620.0
590.0,620.0
36.0,621.0
366.0,621.0
416.0,621.0
352.0,622.0
389.0,622.0
483.0,622.0
518.0,622.0
581.0,622.0
622.0,663.0
622.0,768.0
68.0,623.0
290.0,623.0
406.0,623.0
547.0,623.0
587.0,623.0
623.0,659.0
343.0,624.0
442.0,624.0
449.0,624.0
474.0,624.0
612.0,624.0
623.0,624.0
624.0,835.0
47.0,625.0
477.0,625.0
517.0,625.0
600.0,625.0
625.0,980.0
27.0,626.0
572.0,626.0
216.0,627.0
350.0,627.0
445.0,627.0
515.0,627.0
627.0,628.0
627.0,638.0
627.0,646.0
83.0,628.0
366.0,628.0
443.0,628.0
494.0,628.0
628.0,775.0
109.0,629.0
205.0,629.0
398.0,629.0
490.0,629.0
495.0,629.0
562.0,629.0
629.0,860.0
379.0,630.0
406.0,630.0
451.0,630.0
479.0,630.0
579.0,630.0
592.0,630.0
630.0,664.0
630.0,966.0
382.0,631.0
455.0,631.0
525.0,632.0
632.0,927.0
380.0,633.0
423.0,633.0
633.0,645.0
288.0,634.0
549.0,634.0
550.0,634.0
318.0,635.0
345.0,635.0
401.0,635.0
468.0,635.0
635.0,647.0
635.0,832.0
133.0,636.0
141.0,636.0
495.0,636.0
522.0,636.0
591.0,636.0
602.0,636.0
611.0,636.0
624.0,636.0
636.0,645.0
201.0,637.0
638.0,645.0
638.0,651.0
638.0,742.0
638.0,844.0
638.0,876.0
638.0,925.0
526.0,639.0
538.0,639.0
639.0,975.0
71.0,640.0
169.0,640.0
454.0,640.0
476.0,640.0
154.0,641.0
433.0,641.0
641.0,690.0
356.0,642.0
386.0,642.0
401.0,642.0
614.0,642.0
642.0,648.0
642.0,975.0
278.0,643.0
337.0,643.0
345.0,643.0
518.0,643.0
544.0,643.0
573.0,643.0
583.0,643.0
618.0,643.0
639.0,643.0
489.0,644.0
583.0,644.0
32.0,645.0
436.0,645.0
466.0,645.0
489.0,645.0
498.0,645.0
517.0,645.0
521.0,645.0
619.0,645.0
645.0,846.0
348.0,646.0
349.0,646.0
426.0,646.0
558.0,646.0
646.0,662.0
367.0,647.0
524.0,647.0
647.0,667.0
647.0,820.0
16.0,648.0
122.0,648.0
338.0,648.0
340.0,648.0
364.0,648.0
534.0,648.0
166.0,649.0
422.0,649.0
429.0,649.0
649.0,703.0
649.0,868.0
349.0,650.0
421.0,650.0
422.0,650.0
440.0,650.0
557.0,650.0
650.0,672.0
650.0,749.0
17.0,651.0
447.0,651.0
503.0,651.0
522.0,651.0
554.0,651.0
651.0,842.0
17.0,652.0
613.0,652.0
306.0,653.0
459.0,653.0
555.0,653.0
591.0,653.0
653.0,851.0
585.0,654.0
182.0,655.0
513.0,655.0
655.0,715.0
655.0,966.0
97.0,656.0
450.0,656.0
483.0,656.0
498.0,656.0
656.0,694.0
96.0,657.0
423.0,657.0
610.0,657.0
461.0,658.0
475.0,658.0
478.0,658.0
658.0,985.0
358.0,659.0
450.0,659.0
595.0,659.0
596.0,659.0
659.0,660.0
660.0,840.0
565.0,661.0
439.0,662.0
538.0,662.0
662.0,753.0
457.0,663.0
524.0,663.0
538.0,663.0
542.0,663.0
629.0,663.0
645.0,663.0
662.0,663.0
663.0,836.0
27.0,664.0
506.0,664.0
661.0,664.0
664.0,667.0
664.0,770.0
664.0,801.0
664.0,871.0
664.0,943.0
664.0,974.0
248.0,665.0
415.0,665.0
564.0,665.0
588.0,665.0
665.0,816.0
556.0,666.0
634.0,666.0
666.0,731.0
666.0,922.0
666.0,967.0
57.0,667.0
111.0,667.0
406.0,667.0
641.0,667.0
667.0,689.0
667.0,729.0
667.0,861.0
486.0,668.0
666.0,668.0
668.0,757.0
668.0,805.0
668.0,899.0
668.0,948.0
430.0,669.0
669.0,749.0
669.0,762.0
669.0,818.0
669.0,938.0
97.0,670.0
428.0,670.0
670.0,855.0
65.0,671.0
671.0,847.0
671.0,892.0
671.0,902.0
134.0,672.0
444.0,672.0
557.0,672.0
672.0,925.0
672.0,927.0
672.0,977.0
2.0,673.0
475.0,673.0
587.0,673.0
673.0,838.0
673.0,931.0
264.0,674.0
405.0,674.0
674.0,868.0
674.0,941.0
274.0,675.0
675.0,818.0
675.0,827.0
675.0,927.0
433.0,676.0
515.0,676.0
676.0,726.0
676.0,741.0
676.0,751.0
676.0,850.0
676.0,958.0
676.0,976.0
677.0,933.0
91.0,678.0
388.0,678.0
476.0,678.0
678.0,793.0
678.0,901.0
678.0,921.0
45.0,679.0
67.0,679.0
679.0,707.0
679.0,713.0
679.0,787.0
679.0,926.0
679.0,932.0
679.0,997.0
505.0,680.0
680.0,731.0
680.0,762.0
680.0,943.0
680.0,946.0
81.0,681.0
162.0,681.0
195.0,681.0
275.0,681.0
480.0,681.0
681.0,761.0
681.0,997.0
396.0,682.0
470.0,682.0
682.0,684.0
682.0,719.0
682.0,775.0
682.0,829.0
682.0,879.0
682.0,903.0
682.0,944.0
682.0,950.0
69.0,683.0
683.0,736.0
683.0,842.0
684.0,685.0
684.0,701.0
684.0,854.0
328.0,685.0
685.0,768.0
685.0,851.0
685.0,866.0
685.0,875.0
685.0,885.0
340.0,686.0
686.0,845.0
686.0,944.0
686.0,965.0
45.0,687.0
447.0,687.0
687.0,727.0
687.0,736.0
687.0,840.0
687.0,883.0
687.0,908.0
163.0,688.0
688.0,953.0
688.0,999.0
233.0,689.0
386.0,689.0
420.0,689.0
689.0,721.0
689.0,753.0
689.0,836.0
250.0,690.0
433.0,690.0
629.0,690.0
690.0,748.0
690.0,753.0
132.0,691.0
590.0,691.0
691.0,711.0
691.0,751.0
155.0,692.0
530.0,692.0
531.0,692.0
692.0,829.0
692.0,896.0
169.0,693.0
439.0,693.0
693.0,853.0
596.0,694.0
694.0,819.0
694.0,957.0
694.0,974.0
280.0,695.0
695.0,826.0
695.0,867.0
695.0,967.0
695.0,994.0
218.0,696.0
249.0,696.0
667.0,696.0
696.0,750.0
696.0,873.0
696.0,982.0
696.0,983.0
411.0,697.0
697.0,805.0
697.0,875.0
209.0,698.0
698.0,729.0
116.0,699.0
183.0,699.0
443.0,699.0
699.0,728.0
699.0,746.0
699.0,765.0
232.0,700.0
446.0,700.0
548.0,700.0
699.0,700.0
700.0,869.0
700.0,885.0
700.0,917.0
688.0,701.0
701.0,724.0
701.0,913.0
551.0,702.0
693.0,702.0
698.0,702.0
702.0,718.0
702.0,770.0
702.0,946.0
702.0,966.0
68.0,703.0
323.0,703.0
683.0,703.0
703.0,922.0
88.0,704.0
157.0,704.0
188.0,704.0
629.0,704.0
671.0,704.0
704.0,909.0
113.0,705.0
191.0,705.0
511.0,705.0
601.0,705.0
705.0,997.0
83.0,706.0
706.0,712.0
706.0,783.0
706.0,972.0
706.0,980.0
512.0,707.0
587.0,707.0
707.0,906.0
707.0,912.0
707.0,944.0
707.0,971.0
64.0,708.0
359.0,708.0
443.0,708.0
603.0,708.0
691.0,708.0
708.0,812.0
708.0,814.0
708.0,831.0
245.0,709.0
247.0,709.0
460.0,709.0
622.0,709.0
709.0,765.0
709.0,871.0
709.0,940.0
709.0,978.0
710.0,718.0
710.0,779.0
710.0,866.0
710.0,882.0
710.0,911.0
710.0,938.0
7.0,711.0
128.0,711.0
711.0,754.0
711.0,821.0
711.0,838.0
711.0,851.0
711.0,906.0
711.0,975.0
711.0,990.0
50.0,712.0
198.0,712.0
200.0,712.0
429.0,712.0
439.0,712.0
712.0,785.0
712.0,805.0
712.0,838.0
712.0,900.0
712.0,969.0
60.0,713.0
670.0,713.0
175.0,714.0
220.0,714.0
622.0,714.0
652.0,714.0
714.0,721.0
714.0,770.0
714.0,781.0
714.0,782.0
112.0,715.0
558.0,715.0
715.0,794.0
715.0,832.0
715.0,857.0
715.0,961.0
715.0,991.0
357.0,716.0
525.0,716.0
700.0,716.0
716.0,779.0
716.0,930.0
642.0,717.0
717.0,756.0
717.0,814.0
717.0,819.0
717.0,868.0
717.0,915.0
717.0,929.0
295.0,718.0
312.0,718.0
340.0,718.0
394.0,718.0
557.0,718.0
718.0,747.0
718.0,776.0
718.0,782.0
718.0,868.0
718.0,913.0
90.0,719.0
719.0,746.0
719.0,795.0
719.0,859.0
719.0,884.0
719.0,945.0
719.0,973.0
548.0,720.0
720.0,980.0
20.0,721.0
134.0,721.0
185.0,721.0
450.0,721.0
721.0,781.0
721.0,793.0
721.0,962.0
721.0,965.0
721.0,994.0
125.0,722.0
185.0,722.0
722.0,952.0
7.0,723.0
723.0,777.0
128.0,724.0
549.0,724.0
625.0,724.0
724.0,921.0
724.0,965.0
400.0,725.0
624.0,725.0
725.0,726.0
725.0,883.0
725.0,933.0
85.0,726.0
486.0,726.0
508.0,726.0
650.0,726.0
726.0,944.0
726.0,957.0
635.0,727.0
692.0,727.0
727.0,869.0
727.0,891.0
89.0,728.0
256.0,728.0
686.0,728.0
728.0,730.0
728.0,751.0
256.0,729.0
283.0,729.0
377.0,729.0
473.0,729.0
729.0,769.0
729.0,786.0
729.0,922.0
405.0,730.0
730.0,863.0
730.0,912.0
730.0,931.0
53.0,731.0
634.0,731.0
731.0,776.0
731.0,924.0
22.0,732.0
732.0,892.0
732.0,937.0
732.0,946.0
732.0,964.0
732.0,986.0
732.0,989.0
76.0,733.0
103.0,733.0
480.0,733.0
666.0,733.0
688.0,733.0
695.0,733.0
733.0,782.0
733.0,804.0
733.0,904.0
51.0,734.0
319.0,734.0
569.0,734.0
734.0,791.0
150.0,735.0
287.0,735.0
735.0,818.0
735.0,890.0
671.0,736.0
705.0,736.0
736.0,945.0
737.0,881.0
737.0,946.0
463.0,738.0
637.0,738.0
709.0,738.0
738.0,868.0
710.0,739.0
739.0,839.0
739.0,948.0
739.0,977.0
469.0,740.0
740.0,905.0
740.0,983.0
232.0,741.0
280.0,741.0
554.0,741.0
740.0,741.0
741.0,808.0
741.0,990.0
742.0,780.0
322.0,743.0
480.0,743.0
743.0,756.0
743.0,766.0
743.0,772.0
743.0,855.0
743.0,919.0
411.0,744.0
522.0,744.0
744.0,754.0
744.0,807.0
744.0,825.0
744.0,867.0
744.0,962.0
744.0,977.0
668.0,745.0
745.0,765.0
745.0,793.0
745.0,863.0
745.0,916.0
745.0,966.0
745.0,999.0
718.0,746.0
746.0,748.0
746.0,857.0
192.0,747.0
590.0,747.0
141.0,748.0
507.0,748.0
573.0,748.0
680.0,748.0
748.0,770.0
748.0,982.0
748.0,990.0
120.0,749.0
282.0,749.0
563.0,749.0
678.0,749.0
433.0,750.0
460.0,750.0
690.0,750.0
750.0,918.0
508.0,751.0
745.0,751.0
751.0,819.0
751.0,954.0
30.0,752.0
752.0,802.0
752.0,849.0
752.0,871.0
392.0,753.0
611.0,753.0
663.0,753.0
753.0,757.0
136.0,754.0
660.0,754.0
754.0,802.0
754.0,833.0
754.0,953.0
171.0,755.0
402.0,755.0
673.0,755.0
738.0,755.0
755.0,859.0
214.0,756.0
500.0,756.0
749.0,756.0
756.0,789.0
756.0,794.0
756.0,847.0
756.0,936.0
426.0,757.0
444.0,757.0
450.0,757.0
757.0,859.0
757.0,991.0
404.0,758.0
423.0,758.0
683.0,758.0
687.0,758.0
758.0,771.0
758.0,975.0
667.0,759.0
746.0,759.0
759.0,849.0
759.0,883.0
759.0,958.0
116.0,760.0
307.0,760.0
308.0,760.0
509.0,760.0
618.0,760.0
760.0,844.0
760.0,921.0
186.0,761.0
256.0,761.0
391.0,761.0
761.0,859.0
110.0,762.0
112.0,762.0
324.0,762.0
694.0,762.0
702.0,762.0
756.0,762.0
762.0,867.0
762.0,964.0
36.0,763.0
334.0,763.0
671.0,763.0
695.0,763.0
763.0,820.0
763.0,866.0
763.0,908.0
763.0,925.0
646.0,764.0
764.0,825.0
719.0,765.0
765.0,833.0
765.0,989.0
150.0,766.0
152.0,766.0
756.0,766.0
762.0,766.0
766.0,985.0
9.0,767.0
179.0,767.0
307.0,767.0
375.0,767.0
484.0,767.0
767.0,814.0
767.0,868.0
279.0,768.0
406.0,768.0
672.0,768.0
676.0,768.0
703.0,768.0
712.0,768.0
177.0,769.0
761.0,769.0
769.0,866.0
769.0,928.0
720.0,770.0
770.0,783.0
770.0,868.0
770.0,880.0
770.0,946.0
174.0,771.0
768.0,771.0
771.0,869.0
771.0,933.0
745.0,772.0
762.0,772.0
772.0,851.0
772.0,856.0
772.0,935.0
151.0,773.0
349.0,773.0
646.0,773.0
708.0,773.0
773.0,818.0
773.0,836.0
773.0,872.0
343.0,774.0
694.0,774.0
774.0,907.0
315.0,775.0
691.0,775.0
718.0,775.0
775.0,877.0
250.0,776.0
347.0,776.0
412.0,776.0
695.0,776.0
776.0,865.0
337.0,777.0
483.0,777.0
777.0,903.0
777.0,957.0
777.0,971.0
473.0,778.0
490.0,778.0
586.0,778.0
762.0,778.0
778.0,786.0
778.0,872.0
778.0,945.0
282.0,779.0
407.0,779.0
589.0,779.0
670.0,779.0
738.0,779.0
779.0,996.0
194.0,780.0
222.0,780.0
271.0,780.0
479.0,780.0
492.0,780.0
505.0,780.0
510.0,780.0
780.0,836.0
412.0,781.0
629.0,781.0
781.0,785.0
781.0,834.0
781.0,883.0
781.0,969.0
781.0,993.0
181.0,782.0
718.0,782.0
782.0,822.0
782.0,875.0
116.0,783.0
655.0,783.0
758.0,783.0
783.0,789.0
783.0,922.0
89.0,784.0
155.0,784.0
261.0,784.0
462.0,784.0
520.0,784.0
784.0,802.0
784.0,872.0
784.0,875.0
40.0,785.0
62.0,785.0
269.0,785.0
757.0,785.0
785.0,944.0
358.0,786.0
406.0,786.0
464.0,786.0
571.0,786.0
600.0,786.0
712.0,786.0
746.0,786.0
786.0,822.0
786.0,920.0
138.0,787.0
479.0,787.0
745.0,787.0
607.0,788.0
788.0,918.0
788.0,965.0
788.0,979.0
689.0,789.0
789.0,950.0
789.0,954.0
789.0,978.0
79.0,790.0
213.0,790.0
790.0,817.0
790.0,922.0
632.0,791.0
761.0,791.0
791.0,810.0
141.0,792.0
259.0,792.0
691.0,792.0
777.0,792.0
792.0,817.0
408.0,793.0
692.0,793.0
740.0,793.0
793.0,830.0
793.0,858.0
793.0,867.0
793.0,881.0
793.0,959.0
362.0,794.0
793.0,794.0
190.0,795.0
610.0,795.0
622.0,795.0
659.0,795.0
795.0,817.0
795.0,872.0
795.0,911.0
681.0,796.0
724.0,796.0
796.0,869.0
796.0,944.0
487.0,797.0
669.0,797.0
797.0,855.0
642.0,798.0
769.0,799.0
799.0,859.0
799.0,929.0
551.0,800.0
621.0,800.0
744.0,800.0
752.0,800.0
800.0,837.0
800.0,962.0
105.0,801.0
349.0,801.0
517.0,801.0
640.0,801.0
686.0,801.0
780.0,801.0
801.0,833.0
801.0,899.0
801.0,948.0
797.0,802.0
802.0,804.0
802.0,855.0
134.0,803.0
244.0,803.0
489.0,803.0
736.0,803.0
784.0,803.0
790.0,803.0
803.0,868.0
803.0,917.0
803.0,997.0
220.0,804.0
361.0,804.0
526.0,804.0
726.0,804.0
788.0,804.0
804.0,822.0
804.0,845.0
606.0,805.0
700.0,805.0
702.0,805.0
805.0,825.0
805.0,881.0
90.0,806.0
228.0,806.0
787.0,806.0
806.0,820.0
806.0,838.0
806.0,990.0
717.0,807.0
766.0,807.0
784.0,807.0
256.0,808.0
412.0,808.0
384.0,809.0
809.0,941.0
105.0,810.0
244.0,810.0
674.0,810.0
779.0,810.0
810.0,836.0
810.0,908.0
810.0,975.0
124.0,811.0
141.0,811.0
240.0,811.0
811.0,869.0
237.0,812.0
247.0,812.0
379.0,812.0
682.0,812.0
714.0,812.0
724.0,812.0
237.0,813.0
528.0,813.0
643.0,813.0
699.0,813.0
813.0,821.0
813.0,882.0
813.0,978.0
24.0,814.0
462.0,814.0
528.0,814.0
726.0,814.0
749.0,814.0
775.0,814.0
814.0,885.0
814.0,934.0
814.0,962.0
119.0,815.0
149.0,815.0
370.0,815.0
779.0,815.0
815.0,836.0
815.0,883.0
815.0,887.0
815.0,931.0
172.0,816.0
714.0,816.0
816.0,961.0
619.0,817.0
683.0,817.0
701.0,817.0
817.0,906.0
817.0,978.0
105.0,818.0
130.0,818.0
159.0,818.0
447.0,818.0
453.0,818.0
491.0,818.0
668.0,818.0
587.0,819.0
819.0,938.0
319.0,820.0
625.0,820.0
688.0,820.0
820.0,874.0
130.0,821.0
458.0,821.0
662.0,821.0
696.0,821.0
788.0,821.0
0.0,822.0
12.0,823.0
125.0,823.0
324.0,823.0
550.0,823.0
73.0,824.0
769.0,824.0
824.0,909.0
7.0,825.0
23.0,825.0
668.0,825.0
6.0,826.0
199.0,826.0
422.0,826.0
800.0,826.0
826.0,972.0
96.0,827.0
750.0,827.0
755.0,827.0
827.0,835.0
827.0,923.0
827.0,925.0
827.0,956.0
163.0,828.0
434.0,828.0
790.0,828.0
828.0,852.0
828.0,874.0
828.0,911.0
828.0,972.0
828.0,998.0
238.0,829.0
391.0,829.0
429.0,829.0
670.0,829.0
761.0,829.0
788.0,829.0
829.0,933.0
676.0,830.0
717.0,830.0
812.0,830.0
830.0,938.0
480.0,831.0
487.0,831.0
555.0,831.0
729.0,831.0
831.0,985.0
438.0,832.0
31.0,833.0
191.0,833.0
284.0,833.0
797.0,833.0
801.0,833.0
833.0,897.0
833.0,952.0
326.0,834.0
589.0,834.0
771.0,834.0
827.0,834.0
834.0,881.0
834.0,934.0
834.0,948.0
50.0,835.0
172.0,835.0
429.0,835.0
746.0,835.0
770.0,835.0
803.0,835.0
829.0,835.0
835.0,862.0
244.0,836.0
496.0,836.0
836.0,879.0
836.0,993.0
359.0,837.0
513.0,837.0
550.0,837.0
685.0,837.0
720.0,837.0
745.0,837.0
837.0,881.0
837.0,885.0
837.0,907.0
13.0,838.0
156.0,838.0
497.0,838.0
698.0,838.0
759.0,838.0
828.0,838.0
838.0,949.0
196.0,839.0
416.0,839.0
775.0,839.0
786.0,839.0
812.0,839.0
819.0,839.0
839.0,855.0
839.0,888.0
839.0,896.0
839.0,922.0
6.0,840.0
61.0,840.0
644.0,840.0
756.0,840.0
840.0,880.0
416.0,841.0
456.0,841.0
465.0,841.0
841.0,953.0
157.0,842.0
769.0,842.0
800.0,842.0
842.0,915.0
498.0,843.0
671.0,843.0
822.0,843.0
159.0,844.0
185.0,844.0
457.0,844.0
528.0,844.0
737.0,844.0
755.0,844.0
844.0,990.0
44.0,845.0
547.0,845.0
548.0,845.0
687.0,845.0
696.0,845.0
753.0,845.0
801.0,845.0
812.0,845.0
845.0,872.0
845.0,876.0
358.0,846.0
818.0,846.0
846.0,852.0
846.0,912.0
846.0,982.0
322.0,847.0
389.0,847.0
454.0,847.0
532.0,847.0
36.0,848.0
794.0,848.0
798.0,848.0
825.0,848.0
833.0,848.0
848.0,873.0
848.0,896.0
848.0,969.0
264.0,849.0
512.0,849.0
684.0,849.0
849.0,877.0
515.0,850.0
677.0,850.0
686.0,850.0
750.0,850.0
392.0,851.0
459.0,851.0
687.0,851.0
749.0,851.0
851.0,916.0
85.0,852.0
462.0,852.0
685.0,852.0
729.0,852.0
755.0,852.0
757.0,852.0
770.0,852.0
789.0,852.0
791.0,852.0
797.0,852.0
852.0,877.0
852.0,954.0
357.0,853.0
420.0,853.0
587.0,853.0
695.0,853.0
715.0,853.0
457.0,854.0
798.0,854.0
296.0,855.0
666.0,855.0
741.0,855.0
855.0,874.0
475.0,856.0
548.0,856.0
553.0,856.0
703.0,856.0
10.0,857.0
555.0,857.0
682.0,857.0
822.0,857.0
857.0,972.0
534.0,858.0
858.0,890.0
858.0,931.0
359.0,859.0
795.0,859.0
844.0,859.0
145.0,860.0
434.0,860.0
450.0,860.0
860.0,935.0
630.0,861.0
658.0,861.0
698.0,861.0
775.0,861.0
777.0,861.0
861.0,898.0
861.0,935.0
861.0,951.0
1.0,862.0
684.0,862.0
722.0,862.0
794.0,862.0
862.0,872.0
862.0,986.0
364.0,863.0
433.0,863.0
863.0,864.0
863.0,908.0
139.0,864.0
689.0,864.0
694.0,864.0
697.0,864.0
708.0,864.0
165.0,865.0
466.0,865.0
568.0,865.0
572.0,865.0
847.0,865.0
865.0,877.0
148.0,866.0
866.0,871.0
866.0,962.0
866.0,965.0
286.0,867.0
565.0,867.0
747.0,867.0
867.0,900.0
867.0,904.0
17.0,868.0
102.0,868.0
722.0,868.0
756.0,868.0
868.0,941.0
289.0,869.0
794.0,869.0
819.0,869.0
864.0,869.0
869.0,893.0
666.0,870.0
819.0,870.0
870.0,926.0
870.0,944.0
870.0,973.0
243.0,871.0
287.0,871.0
315.0,871.0
798.0,871.0
871.0,919.0
131.0,872.0
530.0,872.0
737.0,872.0
738.0,872.0
843.0,872.0
872.0,963.0
787.0,873.0
819.0,873.0
67.0,874.0
472.0,874.0
484.0,874.0
727.0,874.0
792.0,874.0
874.0,972.0
55.0,875.0
364.0,875.0
427.0,875.0
668.0,875.0
825.0,875.0
292.0,876.0
520.0,876.0
668.0,876.0
876.0,883.0
876.0,972.0
323.0,877.0
347.0,877.0
428.0,877.0
669.0,877.0
687.0,877.0
877.0,937.0
877.0,963.0
73.0,878.0
276.0,878.0
619.0,878.0
819.0,878.0
879.0,883.0
747.0,880.0
824.0,880.0
880.0,963.0
100.0,881.0
680.0,881.0
571.0,882.0
820.0,882.0
851.0,882.0
756.0,883.0
810.0,883.0
78.0,884.0
383.0,885.0
555.0,885.0
678.0,885.0
459.0,886.0
575.0,886.0
651.0,886.0
855.0,886.0
886.0,887.0
886.0,980.0
409.0,887.0
738.0,887.0
786.0,887.0
887.0,890.0
887.0,959.0
13.0,888.0
225.0,888.0
814.0,888.0
822.0,888.0
24.0,889.0
496.0,889.0
791.0,889.0
889.0,914.0
244.0,890.0
413.0,890.0
890.0,902.0
890.0,980.0
181.0,891.0
213.0,891.0
666.0,891.0
888.0,891.0
891.0,956.0
891.0,980.0
105.0,892.0
207.0,892.0
351.0,892.0
774.0,892.0
783.0,892.0
835.0,892.0
670.0,893.0
848.0,893.0
849.0,893.0
893.0,936.0
893.0,938.0
893.0,972.0
441.0,894.0
548.0,894.0
614.0,894.0
315.0,895.0
610.0,895.0
707.0,895.0
787.0,895.0
808.0,895.0
854.0,895.0
864.0,895.0
208.0,896.0
688.0,896.0
697.0,896.0
707.0,896.0
774.0,896.0
790.0,896.0
857.0,896.0
896.0,927.0
896.0,987.0
704.0,897.0
856.0,897.0
883.0,897.0
897.0,947.0
897.0,987.0
5.0,898.0
543.0,898.0
547.0,898.0
708.0,898.0
788.0,898.0
803.0,898.0
851.0,898.0
890.0,898.0
322.0,899.0
671.0,899.0
767.0,899.0
784.0,899.0
819.0,899.0
895.0,899.0
899.0,934.0
784.0,900.0
785.0,900.0
823.0,900.0
830.0,900.0
867.0,900.0
900.0,913.0
900.0,935.0
866.0,901.0
0.0,902.0
690.0,903.0
878.0,903.0
783.0,904.0
828.0,904.0
904.0,998.0
253.0,905.0
905.0,932.0
679.0,906.0
687.0,906.0
786.0,906.0
906.0,980.0
658.0,907.0
164.0,908.0
465.0,908.0
676.0,908.0
682.0,908.0
707.0,908.0
767.0,908.0
850.0,908.0
687.0,909.0
698.0,909.0
736.0,909.0
908.0,909.0
654.0,910.0
910.0,922.0
910.0,986.0
287.0,911.0
664.0,911.0
683.0,911.0
703.0,911.0
911.0,947.0
271.0,912.0
326.0,912.0
657.0,912.0
682.0,912.0
748.0,912.0
766.0,912.0
825.0,912.0
884.0,912.0
912.0,991.0
561.0,913.0
688.0,913.0
864.0,913.0
913.0,934.0
312.0,914.0
330.0,914.0
837.0,914.0
866.0,914.0
61.0,915.0
114.0,915.0
125.0,915.0
451.0,915.0
720.0,915.0
887.0,915.0
137.0,916.0
328.0,916.0
729.0,916.0
771.0,916.0
916.0,986.0
640.0,917.0
858.0,917.0
894.0,917.0
917.0,981.0
592.0,918.0
711.0,918.0
725.0,918.0
859.0,918.0
913.0,918.0
50.0,919.0
560.0,919.0
779.0,919.0
812.0,919.0
869.0,919.0
870.0,919.0
902.0,919.0
398.0,920.0
740.0,920.0
822.0,920.0
831.0,920.0
906.0,920.0
920.0,969.0
30.0,921.0
694.0,921.0
721.0,921.0
834.0,921.0
837.0,921.0
891.0,921.0
910.0,921.0
921.0,929.0
17.0,922.0
278.0,922.0
294.0,922.0
487.0,922.0
631.0,922.0
685.0,922.0
710.0,922.0
785.0,922.0
922.0,995.0
550.0,923.0
682.0,923.0
720.0,923.0
722.0,923.0
902.0,923.0
510.0,924.0
850.0,924.0
924.0,989.0
563.0,925.0
925.0,965.0
156.0,926.0
625.0,926.0
726.0,926.0
758.0,926.0
926.0,930.0
926.0,971.0
155.0,927.0
674.0,927.0
676.0,927.0
871.0,927.0
927.0,942.0
927.0,952.0
882.0,928.0
907.0,928.0
912.0,928.0
926.0,928.0
62.0,929.0
147.0,929.0
180.0,929.0
476.0,929.0
910.0,929.0
929.0,930.0
929.0,959.0
929.0,969.0
929.0,992.0
929.0,997.0
195.0,930.0
475.0,930.0
688.0,930.0
41.0,931.0
341.0,932.0
675.0,932.0
707.0,932.0
716.0,932.0
841.0,932.0
888.0,932.0
899.0,932.0
932.0,933.0
44.0,933.0
464.0,933.0
675.0,933.0
765.0,933.0
86.0,934.0
300.0,934.0
784.0,934.0
816.0,934.0
824.0,934.0
934.0,993.0
827.0,935.0
895.0,935.0
119.0,936.0
768.0,936.0
841.0,936.0
888.0,936.0
899.0,936.0
936.0,986.0
588.0,937.0
692.0,937.0
850.0,937.0
146.0,938.0
565.0,938.0
586.0,938.0
644.0,938.0
705.0,938.0
822.0,938.0
897.0,938.0
938.0,951.0
938.0,989.0
250.0,939.0
699.0,939.0
770.0,939.0
848.0,939.0
939.0,967.0
939.0,971.0
939.0,989.0
566.0,940.0
678.0,940.0
817.0,940.0
465.0,941.0
470.0,941.0
682.0,941.0
694.0,941.0
732.0,941.0
750.0,941.0
938.0,941.0
941.0,975.0
87.0,942.0
510.0,942.0
746.0,942.0
803.0,942.0
920.0,942.0
942.0,943.0
942.0,975.0
700.0,943.0
785.0,943.0
748.0,944.0
769.0,944.0
57.0,945.0
151.0,945.0
684.0,945.0
742.0,945.0
700.0,946.0
808.0,946.0
855.0,946.0
909.0,946.0
922.0,946.0
85.0,947.0
105.0,947.0
671.0,947.0
721.0,947.0
755.0,947.0
811.0,947.0
860.0,947.0
863.0,947.0
180.0,948.0
233.0,948.0
300.0,948.0
632.0,948.0
736.0,948.0
748.0,948.0
754.0,948.0
887.0,948.0
948.0,976.0
79.0,949.0
753.0,949.0
771.0,949.0
836.0,949.0
905.0,949.0
79.0,950.0
167.0,950.0
644.0,950.0
842.0,950.0
950.0,965.0
249.0,951.0
331.0,951.0
682.0,951.0
723.0,951.0
951.0,982.0
9.0,952.0
135.0,952.0
283.0,952.0
300.0,952.0
736.0,952.0
838.0,952.0
902.0,952.0
46.0,953.0
120.0,953.0
177.0,953.0
212.0,953.0
671.0,953.0
953.0,979.0
0.0,954.0
129.0,955.0
381.0,955.0
675.0,955.0
696.0,955.0
730.0,955.0
846.0,955.0
955.0,976.0
758.0,956.0
775.0,956.0
682.0,957.0
756.0,957.0
825.0,957.0
837.0,957.0
410.0,958.0
725.0,958.0
841.0,958.0
303.0,959.0
796.0,959.0
817.0,959.0
858.0,959.0
148.0,960.0
526.0,960.0
633.0,960.0
844.0,960.0
953.0,960.0
836.0,961.0
879.0,961.0
961.0,980.0
7.0,962.0
83.0,962.0
153.0,962.0
697.0,962.0
861.0,962.0
899.0,962.0
914.0,962.0
962.0,974.0
962.0,976.0
547.0,963.0
654.0,963.0
684.0,963.0
721.0,963.0
872.0,963.0
883.0,963.0
898.0,963.0
963.0,982.0
444.0,964.0
675.0,964.0
767.0,964.0
964.0,966.0
964.0,972.0
132.0,965.0
257.0,965.0
333.0,965.0
469.0,965.0
746.0,965.0
803.0,965.0
814.0,965.0
825.0,965.0
855.0,965.0
906.0,965.0
936.0,965.0
374.0,966.0
708.0,966.0
63.0,967.0
120.0,967.0
284.0,967.0
760.0,967.0
814.0,967.0
883.0,967.0
967.0,985.0
462.0,968.0
730.0,968.0
924.0,968.0
968.0,990.0
252.0,969.0
432.0,969.0
670.0,969.0
723.0,969.0
740.0,969.0
770.0,969.0
824.0,969.0
840.0,969.0
874.0,969.0
169.0,970.0
270.0,970.0
517.0,970.0
544.0,970.0
560.0,970.0
690.0,970.0
745.0,970.0
757.0,970.0
928.0,970.0
933.0,970.0
970.0,984.0
381.0,971.0
685.0,971.0
830.0,971.0
847.0,971.0
927.0,971.0
958.0,971.0
513.0,972.0
827.0,972.0
930.0,972.0
599.0,973.0
762.0,973.0
816.0,973.0
833.0,973.0
908.0,973.0
927.0,973.0
963.0,973.0
973.0,992.0
550.0,974.0
164.0,975.0
759.0,975.0
789.0,975.0
592.0,976.0
772.0,976.0
846.0,976.0
909.0,976.0
420.0,977.0
662.0,977.0
710.0,977.0
795.0,977.0
842.0,977.0
936.0,977.0
977.0,978.0
644.0,978.0
807.0,978.0
825.0,978.0
849.0,978.0
851.0,978.0
875.0,978.0
280.0,979.0
754.0,979.0
796.0,979.0
798.0,979.0
167.0,980.0
206.0,980.0
745.0,980.0
941.0,980.0
943.0,980.0
726.0,981.0
761.0,981.0
789.0,981.0
844.0,981.0
27.0,982.0
123.0,982.0
709.0,982.0
832.0,983.0
835.0,983.0
859.0,983.0
983.0,986.0
114.0,984.0
234.0,984.0
356.0,984.0
407.0,984.0
702.0,984.0
907.0,984.0
802.0,985.0
670.0,986.0
742.0,986.0
812.0,986.0
272.0,987.0
522.0,987.0
748.0,987.0
765.0,987.0
273.0,988.0
684.0,988.0
754.0,988.0
807.0,988.0
897.0,988.0
928.0,988.0
36.0,989.0
713.0,989.0
720.0,989.0
989.0,990.0
206.0,990.0
252.0,990.0
71.0,991.0
145.0,991.0
748.0,991.0
754.0,991.0
922.0,991.0
263.0,992.0
312.0,992.0
664.0,992.0
759.0,992.0
800.0,992.0
884.0,992.0
949.0,992.0
971.0,992.0
91.0,993.0
199.0,993.0
718.0,993.0
771.0,993.0
840.0,993.0
976.0,993.0
131.0,994.0
372.0,994.0
477.0,994.0
515.0,994.0
730.0,994.0
782.0,994.0
896.0,994.0
955.0,994.0
982.0,994.0
990.0,994.0
191.0,995.0
640.0,995.0
696.0,995.0
737.0,995.0
994.0,995.0
490.0,996.0
708.0,996.0
829.0,996.0
837.0,996.0
849.0,996.0
964.0,996.0
445.0,997.0
702.0,997.0
962.0,997.0
982.0,997.0
138.0,998.0
226.0,998.0
578.0,998.0
679.0,998.0
806.0,998.0
876.0,998.0
26.0,999.0
93.0,999.0
191.0,999.0
596.0,999.0
676.0,999.0
725.0,999.0
755.0,999.0
