i,j
487.0,0.0
880.0,0.0
102.0,1.0
144.0,1.0
184.0,1.0
218.0,1.0
231.0,1.0
576.0,1.0
898.0,1.0
987.0,1.0
225.0,2.0
261.0,2.0
358.0,2.0
519.0,2.0
574.0,2.0
58.0,3.0
189.0,3.0
192.0,3.0
633.0,3.0
650.0,3.0
834.0,3.0
249.0,4.0
233.0,5.0
698.0,5.0
738.0,5.0
396.0,6.0
422.0,6.0
596.0,6.0
626.0,6.0
53.0,7.0
748.0,7.0
811.0,7.0
856.0,7.0
9.0,8.0
124.0,8.0
192.0,8.0
241.0,8.0
355.0,8.0
545.0,8.0
782.0,8.0
950.0,8.0
983.0,8.0
9.0,8.0
37.0,9.0
136.0,9.0
169.0,9.0
221.0,9.0
382.0,9.0
681.0,9.0
797.0,9.0
26.0,10.0
37.0,10.0
765.0,10.0
11.0,0.0
44.0,11.0
140.0,11.0
265.0,11.0
270.0,11.0
502.0,11.0
102.0,12.0
110.0,12.0
253.0,12.0
257.0,12.0
379.0,12.0
19.0,13.0
28.0,13.0
147.0,13.0
179.0,13.0
210.0,13.0
225.0,13.0
283.0,13.0
325.0,13.0
449.0,13.0
639.0,13.0
14.0,2.0
226.0,14.0
249.0,14.0
352.0,14.0
649.0,14.0
966.0,14.0
115.0,15.0
161.0,15.0
859.0,15.0
131.0,16.0
134.0,16.0
237.0,16.0
342.0,16.0
434.0,16.0
848.0,16.0
984.0,16.0
65.0,17.0
237.0,17.0
319.0,17.0
329.0,17.0
847.0,17.0
984.0,17.0
21.0,18.0
132.0,18.0
255.0,18.0
286.0,18.0
583.0,18.0
669.0,18.0
46.0,19.0
172.0,19.0
261.0,19.0
286.0,19.0
834.0,19.0
973.0,19.0
252.0,20.0
79.0,21.0
197.0,21.0
591.0,21.0
22.0,1.0
206.0,22.0
314.0,22.0
648.0,22.0
869.0,22.0
23.0,3.0
68.0,23.0
77.0,23.0
101.0,23.0
218.0,23.0
389.0,23.0
824.0,23.0
24.0,3.0
116.0,24.0
129.0,24.0
624.0,24.0
25.0,20.0
176.0,25.0
177.0,25.0
390.0,25.0
585.0,25.0
82.0,26.0
147.0,26.0
155.0,26.0
199.0,26.0
927.0,26.0
93.0,27.0
126.0,27.0
256.0,27.0
310.0,27.0
458.0,28.0
131.0,29.0
145.0,29.0
193.0,29.0
257.0,29.0
374.0,29.0
524.0,29.0
578.0,29.0
585.0,29.0
636.0,29.0
30.0,10.0
30.0,25.0
127.0,30.0
175.0,30.0
257.0,30.0
320.0,30.0
355.0,30.0
634.0,30.0
729.0,30.0
927.0,30.0
48.0,31.0
72.0,31.0
470.0,31.0
98.0,32.0
155.0,32.0
248.0,32.0
318.0,32.0
358.0,32.0
366.0,32.0
984.0,32.0
115.0,33.0
164.0,33.0
170.0,33.0
285.0,33.0
575.0,33.0
577.0,33.0
686.0,33.0
53.0,34.0
109.0,34.0
187.0,34.0
284.0,34.0
411.0,34.0
828.0,34.0
35.0,10.0
86.0,35.0
104.0,35.0
232.0,35.0
516.0,35.0
168.0,36.0
197.0,36.0
245.0,36.0
425.0,36.0
640.0,36.0
770.0,36.0
37.0,21.0
53.0,37.0
119.0,37.0
140.0,37.0
290.0,37.0
450.0,37.0
892.0,37.0
818.0,38.0
39.0,17.0
76.0,39.0
108.0,39.0
180.0,39.0
416.0,39.0
738.0,39.0
51.0,40.0
69.0,40.0
114.0,40.0
180.0,40.0
350.0,40.0
368.0,40.0
534.0,40.0
981.0,40.0
991.0,40.0
41.0,0.0
72.0,41.0
146.0,41.0
185.0,41.0
760.0,41.0
42.0,16.0
87.0,42.0
142.0,42.0
149.0,42.0
367.0,42.0
735.0,42.0
43.0,21.0
46.0,43.0
255.0,43.0
298.0,43.0
324.0,43.0
450.0,43.0
164.0,44.0
286.0,44.0
58.0,45.0
133.0,45.0
268.0,45.0
270.0,45.0
748.0,45.0
46.0,6.0
127.0,46.0
217.0,46.0
921.0,46.0
47.0,33.0
95.0,47.0
174.0,47.0
181.0,47.0
290.0,47.0
325.0,47.0
760.0,47.0
843.0,47.0
824.0,48.0
49.0,0.0
49.0,15.0
98.0,49.0
315.0,49.0
655.0,49.0
886.0,49.0
970.0,49.0
985.0,49.0
125.0,50.0
283.0,50.0
317.0,50.0
606.0,50.0
613.0,50.0
754.0,50.0
949.0,50.0
75.0,51.0
89.0,51.0
256.0,51.0
821.0,51.0
991.0,51.0
111.0,52.0
147.0,52.0
189.0,52.0
293.0,52.0
71.0,53.0
86.0,53.0
285.0,53.0
609.0,53.0
855.0,53.0
117.0,54.0
199.0,54.0
781.0,54.0
62.0,55.0
279.0,55.0
291.0,55.0
794.0,55.0
898.0,55.0
93.0,56.0
156.0,56.0
178.0,56.0
412.0,56.0
598.0,56.0
669.0,56.0
57.0,45.0
84.0,57.0
109.0,57.0
154.0,57.0
194.0,57.0
493.0,57.0
669.0,57.0
91.0,58.0
125.0,58.0
234.0,58.0
267.0,58.0
401.0,58.0
66.0,59.0
890.0,59.0
939.0,59.0
100.0,60.0
120.0,60.0
139.0,60.0
311.0,60.0
345.0,60.0
552.0,60.0
637.0,60.0
831.0,60.0
930.0,60.0
61.0,13.0
92.0,61.0
111.0,61.0
112.0,61.0
122.0,61.0
181.0,61.0
206.0,61.0
209.0,61.0
302.0,61.0
631.0,61.0
775.0,61.0
894.0,61.0
958.0,61.0
62.0,33.0
327.0,62.0
63.0,10.0
73.0,63.0
137.0,63.0
277.0,63.0
437.0,63.0
609.0,63.0
963.0,63.0
64.0,9.0
489.0,64.0
779.0,64.0
114.0,65.0
175.0,65.0
331.0,65.0
510.0,65.0
586.0,65.0
868.0,65.0
910.0,65.0
104.0,66.0
138.0,66.0
169.0,66.0
187.0,66.0
242.0,66.0
389.0,66.0
446.0,66.0
572.0,66.0
655.0,66.0
67.0,12.0
508.0,67.0
74.0,68.0
80.0,68.0
148.0,68.0
278.0,68.0
314.0,68.0
447.0,68.0
73.0,69.0
120.0,69.0
138.0,69.0
301.0,69.0
328.0,69.0
474.0,69.0
557.0,69.0
118.0,70.0
193.0,70.0
237.0,70.0
284.0,70.0
302.0,70.0
323.0,70.0
71.0,48.0
161.0,71.0
259.0,71.0
301.0,71.0
123.0,72.0
264.0,72.0
269.0,72.0
814.0,72.0
903.0,72.0
979.0,72.0
306.0,73.0
399.0,73.0
723.0,73.0
986.0,73.0
74.0,15.0
74.0,62.0
359.0,74.0
406.0,74.0
75.0,72.0
242.0,75.0
245.0,75.0
249.0,75.0
867.0,75.0
979.0,75.0
684.0,76.0
77.0,31.0
77.0,35.0
266.0,77.0
887.0,77.0
78.0,76.0
97.0,78.0
203.0,78.0
423.0,78.0
779.0,78.0
887.0,78.0
915.0,78.0
212.0,79.0
233.0,79.0
325.0,79.0
906.0,79.0
80.0,54.0
551.0,80.0
567.0,80.0
654.0,80.0
81.0,60.0
158.0,81.0
189.0,81.0
259.0,81.0
374.0,81.0
433.0,81.0
550.0,81.0
866.0,81.0
105.0,82.0
107.0,82.0
468.0,82.0
616.0,82.0
688.0,82.0
118.0,83.0
338.0,83.0
84.0,83.0
139.0,84.0
184.0,84.0
253.0,84.0
445.0,84.0
626.0,84.0
834.0,84.0
872.0,84.0
999.0,84.0
85.0,32.0
85.0,36.0
85.0,69.0
223.0,85.0
617.0,85.0
633.0,85.0
86.0,46.0
86.0,72.0
191.0,86.0
494.0,86.0
731.0,86.0
93.0,87.0
670.0,87.0
932.0,87.0
984.0,87.0
124.0,88.0
146.0,88.0
161.0,88.0
375.0,88.0
556.0,88.0
823.0,88.0
917.0,88.0
958.0,88.0
278.0,89.0
305.0,89.0
595.0,89.0
761.0,89.0
902.0,89.0
955.0,89.0
428.0,90.0
468.0,90.0
727.0,90.0
91.0,20.0
91.0,28.0
91.0,89.0
316.0,91.0
782.0,91.0
228.0,92.0
93.0,71.0
93.0,83.0
246.0,93.0
267.0,93.0
325.0,93.0
338.0,93.0
453.0,93.0
94.0,81.0
94.0,86.0
107.0,94.0
181.0,94.0
241.0,94.0
334.0,94.0
391.0,94.0
551.0,94.0
866.0,95.0
125.0,96.0
239.0,96.0
244.0,96.0
574.0,96.0
742.0,96.0
763.0,96.0
97.0,1.0
264.0,97.0
98.0,60.0
109.0,98.0
266.0,98.0
308.0,98.0
477.0,98.0
932.0,98.0
103.0,99.0
231.0,99.0
328.0,99.0
728.0,99.0
882.0,100.0
156.0,101.0
769.0,101.0
102.0,65.0
293.0,102.0
713.0,102.0
104.0,103.0
245.0,103.0
324.0,103.0
540.0,103.0
854.0,104.0
926.0,104.0
105.0,11.0
105.0,17.0
210.0,105.0
543.0,105.0
106.0,21.0
106.0,52.0
153.0,106.0
107.0,52.0
498.0,107.0
108.0,0.0
291.0,109.0
377.0,109.0
110.0,39.0
110.0,90.0
250.0,110.0
267.0,110.0
414.0,110.0
505.0,110.0
605.0,110.0
774.0,110.0
815.0,110.0
111.0,15.0
111.0,109.0
112.0,111.0
195.0,111.0
221.0,111.0
142.0,112.0
164.0,112.0
221.0,112.0
259.0,112.0
277.0,112.0
350.0,112.0
908.0,112.0
113.0,65.0
113.0,78.0
126.0,113.0
217.0,113.0
279.0,113.0
436.0,113.0
490.0,113.0
832.0,113.0
917.0,113.0
163.0,114.0
197.0,114.0
315.0,114.0
385.0,114.0
412.0,114.0
847.0,114.0
862.0,114.0
122.0,115.0
157.0,115.0
214.0,115.0
310.0,115.0
400.0,115.0
835.0,115.0
117.0,116.0
133.0,116.0
154.0,116.0
577.0,116.0
203.0,117.0
221.0,117.0
733.0,117.0
118.0,15.0
200.0,118.0
230.0,118.0
250.0,118.0
306.0,118.0
919.0,118.0
157.0,119.0
259.0,119.0
399.0,119.0
120.0,94.0
191.0,120.0
349.0,120.0
421.0,120.0
444.0,120.0
929.0,120.0
171.0,121.0
181.0,121.0
246.0,121.0
713.0,121.0
752.0,121.0
339.0,122.0
377.0,122.0
409.0,122.0
151.0,123.0
188.0,123.0
327.0,123.0
959.0,123.0
124.0,23.0
124.0,122.0
206.0,124.0
672.0,124.0
242.0,125.0
331.0,125.0
453.0,125.0
126.0,31.0
163.0,126.0
228.0,126.0
655.0,126.0
933.0,126.0
127.0,25.0
130.0,127.0
231.0,127.0
234.0,127.0
374.0,127.0
431.0,127.0
871.0,127.0
959.0,127.0
997.0,127.0
128.0,76.0
128.0,91.0
128.0,97.0
128.0,105.0
142.0,128.0
182.0,128.0
259.0,128.0
270.0,128.0
144.0,129.0
201.0,129.0
350.0,129.0
478.0,129.0
817.0,129.0
130.0,22.0
130.0,44.0
130.0,78.0
130.0,114.0
204.0,130.0
212.0,130.0
319.0,130.0
416.0,130.0
131.0,78.0
131.0,123.0
315.0,131.0
349.0,131.0
343.0,132.0
834.0,132.0
133.0,34.0
133.0,75.0
133.0,80.0
133.0,121.0
151.0,133.0
193.0,133.0
310.0,133.0
462.0,133.0
134.0,49.0
134.0,119.0
150.0,134.0
169.0,134.0
314.0,134.0
135.0,113.0
188.0,135.0
266.0,135.0
329.0,135.0
720.0,135.0
988.0,135.0
999.0,135.0
136.0,134.0
137.0,136.0
176.0,136.0
329.0,136.0
590.0,136.0
718.0,136.0
209.0,137.0
265.0,137.0
195.0,138.0
224.0,138.0
331.0,138.0
364.0,138.0
367.0,138.0
458.0,138.0
564.0,138.0
139.0,64.0
139.0,92.0
139.0,108.0
245.0,139.0
304.0,139.0
359.0,139.0
401.0,139.0
624.0,139.0
676.0,139.0
742.0,139.0
752.0,139.0
140.0,118.0
175.0,140.0
389.0,140.0
407.0,140.0
957.0,140.0
141.0,2.0
386.0,141.0
565.0,141.0
999.0,141.0
142.0,129.0
148.0,142.0
287.0,142.0
522.0,142.0
722.0,142.0
143.0,91.0
275.0,143.0
293.0,143.0
656.0,143.0
980.0,143.0
144.0,2.0
144.0,39.0
265.0,144.0
278.0,144.0
320.0,144.0
145.0,52.0
145.0,85.0
145.0,144.0
146.0,145.0
168.0,145.0
565.0,145.0
604.0,145.0
871.0,145.0
146.0,93.0
577.0,146.0
896.0,146.0
965.0,146.0
147.0,118.0
158.0,147.0
168.0,147.0
237.0,147.0
370.0,147.0
376.0,147.0
445.0,147.0
148.0,5.0
283.0,148.0
866.0,148.0
173.0,149.0
222.0,149.0
284.0,149.0
331.0,149.0
927.0,149.0
150.0,96.0
150.0,115.0
182.0,150.0
243.0,150.0
906.0,150.0
955.0,150.0
151.0,31.0
151.0,113.0
151.0,118.0
152.0,9.0
152.0,100.0
152.0,112.0
222.0,152.0
285.0,152.0
410.0,152.0
153.0,98.0
213.0,153.0
236.0,153.0
332.0,153.0
549.0,153.0
925.0,154.0
155.0,7.0
155.0,39.0
155.0,82.0
730.0,155.0
750.0,155.0
951.0,155.0
156.0,99.0
201.0,156.0
206.0,156.0
478.0,156.0
667.0,156.0
769.0,156.0
928.0,156.0
216.0,157.0
227.0,157.0
675.0,157.0
158.0,34.0
158.0,154.0
189.0,158.0
206.0,158.0
710.0,158.0
957.0,158.0
175.0,159.0
388.0,159.0
939.0,159.0
953.0,159.0
160.0,0.0
160.0,9.0
160.0,32.0
218.0,160.0
246.0,160.0
161.0,41.0
161.0,104.0
161.0,123.0
321.0,161.0
836.0,161.0
162.0,19.0
162.0,48.0
162.0,160.0
331.0,162.0
574.0,162.0
964.0,162.0
977.0,162.0
260.0,163.0
275.0,163.0
392.0,163.0
761.0,163.0
778.0,163.0
164.0,70.0
164.0,121.0
196.0,164.0
253.0,164.0
525.0,164.0
590.0,164.0
690.0,164.0
968.0,164.0
238.0,165.0
408.0,165.0
166.0,90.0
166.0,94.0
236.0,166.0
167.0,61.0
167.0,86.0
259.0,167.0
386.0,167.0
168.0,5.0
168.0,89.0
271.0,168.0
169.0,36.0
234.0,169.0
276.0,169.0
297.0,169.0
719.0,169.0
170.0,57.0
171.0,164.0
244.0,171.0
691.0,171.0
172.0,132.0
172.0,157.0
200.0,172.0
928.0,172.0
173.0,50.0
173.0,56.0
173.0,124.0
173.0,135.0
270.0,173.0
298.0,173.0
334.0,173.0
647.0,173.0
697.0,173.0
713.0,173.0
827.0,173.0
833.0,173.0
738.0,174.0
982.0,174.0
175.0,30.0
175.0,60.0
175.0,74.0
175.0,163.0
189.0,175.0
433.0,175.0
176.0,31.0
176.0,86.0
236.0,176.0
313.0,176.0
476.0,176.0
759.0,176.0
177.0,17.0
274.0,177.0
865.0,177.0
250.0,178.0
318.0,178.0
371.0,178.0
558.0,178.0
691.0,178.0
927.0,178.0
946.0,178.0
962.0,178.0
179.0,3.0
179.0,28.0
179.0,30.0
179.0,173.0
759.0,179.0
180.0,12.0
180.0,126.0
195.0,180.0
299.0,180.0
321.0,180.0
965.0,180.0
999.0,180.0
181.0,26.0
181.0,141.0
222.0,181.0
727.0,181.0
186.0,182.0
949.0,182.0
183.0,87.0
183.0,119.0
295.0,183.0
415.0,183.0
827.0,183.0
858.0,183.0
184.0,56.0
184.0,67.0
221.0,184.0
224.0,184.0
284.0,184.0
538.0,184.0
185.0,126.0
185.0,165.0
185.0,184.0
284.0,185.0
352.0,185.0
511.0,185.0
871.0,185.0
359.0,186.0
715.0,186.0
187.0,32.0
187.0,81.0
254.0,187.0
705.0,187.0
188.0,18.0
188.0,147.0
188.0,169.0
205.0,188.0
285.0,188.0
189.0,2.0
189.0,39.0
244.0,189.0
377.0,189.0
190.0,127.0
190.0,163.0
190.0,187.0
519.0,190.0
191.0,17.0
191.0,93.0
191.0,126.0
212.0,191.0
273.0,191.0
316.0,191.0
318.0,191.0
842.0,191.0
192.0,99.0
245.0,192.0
277.0,192.0
193.0,97.0
193.0,171.0
323.0,193.0
346.0,193.0
606.0,193.0
753.0,193.0
872.0,193.0
194.0,182.0
214.0,194.0
332.0,194.0
413.0,194.0
556.0,194.0
195.0,107.0
200.0,195.0
223.0,195.0
262.0,195.0
320.0,195.0
970.0,195.0
207.0,196.0
375.0,196.0
751.0,196.0
923.0,196.0
197.0,116.0
276.0,197.0
302.0,197.0
198.0,173.0
214.0,198.0
273.0,198.0
296.0,198.0
302.0,198.0
454.0,198.0
916.0,198.0
239.0,199.0
313.0,199.0
867.0,199.0
200.0,151.0
200.0,171.0
328.0,200.0
648.0,200.0
201.0,59.0
201.0,130.0
234.0,201.0
327.0,201.0
500.0,201.0
664.0,201.0
202.0,54.0
202.0,67.0
202.0,75.0
202.0,79.0
202.0,100.0
202.0,198.0
217.0,202.0
260.0,202.0
322.0,202.0
489.0,202.0
762.0,202.0
203.0,88.0
203.0,184.0
666.0,203.0
761.0,203.0
204.0,109.0
204.0,115.0
230.0,204.0
649.0,204.0
677.0,204.0
205.0,157.0
205.0,203.0
259.0,205.0
415.0,205.0
514.0,205.0
206.0,56.0
206.0,104.0
206.0,150.0
249.0,206.0
336.0,206.0
504.0,206.0
728.0,206.0
207.0,59.0
207.0,115.0
207.0,205.0
679.0,207.0
208.0,159.0
234.0,208.0
786.0,208.0
884.0,208.0
222.0,209.0
316.0,209.0
894.0,209.0
264.0,210.0
831.0,210.0
892.0,210.0
234.0,211.0
265.0,211.0
292.0,211.0
212.0,0.0
251.0,213.0
252.0,213.0
363.0,213.0
374.0,213.0
514.0,213.0
214.0,50.0
214.0,64.0
214.0,96.0
331.0,214.0
887.0,214.0
903.0,214.0
215.0,37.0
215.0,194.0
215.0,205.0
240.0,215.0
248.0,215.0
837.0,215.0
216.0,26.0
705.0,216.0
715.0,216.0
217.0,56.0
217.0,156.0
217.0,192.0
253.0,217.0
218.0,23.0
218.0,193.0
265.0,218.0
354.0,218.0
429.0,218.0
668.0,218.0
219.0,22.0
219.0,45.0
219.0,57.0
219.0,76.0
251.0,219.0
294.0,219.0
524.0,219.0
746.0,219.0
831.0,219.0
220.0,15.0
220.0,59.0
220.0,157.0
220.0,184.0
220.0,205.0
220.0,210.0
427.0,220.0
221.0,62.0
221.0,181.0
221.0,194.0
305.0,221.0
383.0,221.0
452.0,221.0
536.0,221.0
811.0,221.0
952.0,221.0
957.0,221.0
222.0,50.0
222.0,173.0
222.0,185.0
225.0,222.0
294.0,222.0
311.0,222.0
322.0,222.0
429.0,222.0
439.0,222.0
855.0,222.0
223.0,100.0
223.0,115.0
223.0,122.0
223.0,158.0
223.0,182.0
224.0,71.0
224.0,133.0
263.0,224.0
283.0,224.0
324.0,224.0
732.0,224.0
225.0,1.0
225.0,45.0
225.0,82.0
225.0,129.0
225.0,169.0
246.0,225.0
871.0,225.0
226.0,16.0
226.0,144.0
266.0,226.0
271.0,226.0
314.0,226.0
594.0,226.0
227.0,118.0
227.0,184.0
227.0,208.0
228.0,227.0
234.0,227.0
765.0,227.0
228.0,14.0
228.0,170.0
246.0,228.0
254.0,228.0
304.0,228.0
735.0,228.0
861.0,228.0
992.0,228.0
229.0,227.0
441.0,229.0
493.0,229.0
536.0,229.0
651.0,229.0
250.0,230.0
412.0,230.0
231.0,217.0
295.0,231.0
952.0,231.0
232.0,5.0
232.0,118.0
232.0,203.0
232.0,209.0
241.0,232.0
524.0,232.0
534.0,232.0
565.0,232.0
710.0,232.0
233.0,156.0
233.0,177.0
233.0,191.0
386.0,233.0
234.0,43.0
234.0,141.0
234.0,230.0
820.0,234.0
826.0,234.0
235.0,43.0
235.0,191.0
437.0,235.0
603.0,235.0
616.0,235.0
670.0,235.0
236.0,0.0
236.0,66.0
236.0,185.0
236.0,233.0
531.0,236.0
788.0,236.0
261.0,237.0
391.0,237.0
238.0,52.0
238.0,82.0
238.0,141.0
245.0,238.0
380.0,238.0
496.0,238.0
907.0,238.0
239.0,170.0
267.0,239.0
471.0,239.0
983.0,239.0
240.0,9.0
240.0,36.0
240.0,40.0
240.0,120.0
461.0,240.0
885.0,240.0
241.0,97.0
354.0,241.0
892.0,241.0
898.0,241.0
242.0,25.0
242.0,66.0
242.0,103.0
242.0,188.0
242.0,241.0
380.0,242.0
382.0,242.0
243.0,19.0
243.0,23.0
243.0,144.0
243.0,227.0
243.0,242.0
274.0,243.0
244.0,34.0
244.0,150.0
244.0,184.0
244.0,200.0
452.0,244.0
999.0,244.0
245.0,4.0
245.0,106.0
245.0,200.0
302.0,245.0
532.0,245.0
770.0,245.0
246.0,121.0
313.0,246.0
849.0,246.0
910.0,246.0
247.0,128.0
247.0,141.0
247.0,196.0
247.0,244.0
264.0,247.0
302.0,247.0
248.0,1.0
248.0,63.0
248.0,216.0
940.0,248.0
249.0,177.0
249.0,204.0
292.0,249.0
421.0,249.0
966.0,249.0
250.0,27.0
250.0,50.0
250.0,90.0
250.0,137.0
325.0,250.0
810.0,250.0
846.0,250.0
251.0,194.0
745.0,251.0
787.0,251.0
252.0,41.0
253.0,38.0
253.0,79.0
253.0,85.0
253.0,86.0
517.0,253.0
641.0,253.0
322.0,254.0
486.0,254.0
255.0,206.0
255.0,208.0
286.0,255.0
328.0,255.0
963.0,255.0
256.0,26.0
256.0,69.0
256.0,80.0
256.0,91.0
256.0,252.0
362.0,256.0
257.0,19.0
318.0,257.0
685.0,257.0
783.0,257.0
801.0,257.0
922.0,257.0
258.0,10.0
258.0,97.0
258.0,143.0
258.0,164.0
258.0,220.0
307.0,258.0
327.0,258.0
330.0,258.0
652.0,258.0
259.0,79.0
259.0,111.0
259.0,128.0
259.0,254.0
305.0,259.0
547.0,259.0
711.0,259.0
949.0,259.0
260.0,133.0
260.0,158.0
260.0,188.0
260.0,207.0
278.0,260.0
411.0,260.0
554.0,260.0
992.0,260.0
261.0,29.0
261.0,199.0
262.0,0.0
263.0,101.0
263.0,248.0
271.0,263.0
753.0,263.0
264.0,104.0
264.0,119.0
431.0,264.0
663.0,264.0
951.0,264.0
265.0,11.0
265.0,57.0
265.0,227.0
275.0,265.0
758.0,265.0
266.0,56.0
266.0,60.0
439.0,266.0
267.0,134.0
432.0,267.0
268.0,36.0
268.0,74.0
268.0,187.0
268.0,191.0
325.0,268.0
269.0,22.0
269.0,61.0
269.0,130.0
269.0,227.0
898.0,269.0
270.0,151.0
270.0,210.0
287.0,270.0
402.0,270.0
600.0,270.0
271.0,3.0
271.0,50.0
271.0,107.0
271.0,176.0
271.0,254.0
620.0,271.0
272.0,43.0
272.0,92.0
272.0,245.0
301.0,272.0
630.0,272.0
273.0,56.0
273.0,87.0
273.0,119.0
273.0,130.0
273.0,188.0
273.0,189.0
273.0,196.0
273.0,220.0
421.0,273.0
541.0,273.0
274.0,121.0
274.0,179.0
278.0,274.0
381.0,274.0
395.0,274.0
707.0,274.0
789.0,274.0
275.0,246.0
276.0,190.0
684.0,276.0
277.0,60.0
277.0,85.0
277.0,99.0
683.0,277.0
989.0,277.0
278.0,91.0
278.0,228.0
321.0,278.0
399.0,278.0
694.0,278.0
827.0,278.0
279.0,34.0
279.0,135.0
279.0,155.0
279.0,230.0
279.0,252.0
628.0,279.0
280.0,65.0
281.0,43.0
690.0,281.0
282.0,15.0
282.0,34.0
282.0,155.0
282.0,196.0
282.0,226.0
320.0,282.0
557.0,282.0
618.0,282.0
283.0,193.0
283.0,219.0
283.0,253.0
636.0,283.0
284.0,9.0
284.0,14.0
284.0,93.0
284.0,127.0
284.0,267.0
476.0,284.0
285.0,3.0
285.0,120.0
285.0,258.0
518.0,285.0
628.0,285.0
286.0,40.0
286.0,202.0
286.0,242.0
286.0,251.0
667.0,286.0
734.0,286.0
287.0,0.0
288.0,7.0
288.0,152.0
294.0,288.0
302.0,288.0
548.0,288.0
289.0,0.0
289.0,187.0
289.0,212.0
309.0,289.0
952.0,289.0
290.0,117.0
290.0,121.0
290.0,126.0
326.0,290.0
331.0,290.0
337.0,290.0
560.0,290.0
798.0,290.0
831.0,290.0
946.0,290.0
291.0,56.0
291.0,121.0
291.0,188.0
291.0,248.0
292.0,96.0
292.0,222.0
398.0,292.0
293.0,93.0
521.0,293.0
294.0,71.0
294.0,99.0
294.0,114.0
294.0,168.0
652.0,294.0
295.0,203.0
435.0,295.0
727.0,295.0
801.0,295.0
296.0,40.0
296.0,172.0
296.0,231.0
296.0,245.0
893.0,296.0
908.0,296.0
317.0,297.0
324.0,297.0
565.0,297.0
604.0,297.0
643.0,297.0
298.0,154.0
298.0,172.0
298.0,183.0
298.0,193.0
298.0,242.0
407.0,298.0
697.0,298.0
299.0,61.0
299.0,119.0
299.0,177.0
300.0,105.0
399.0,300.0
427.0,300.0
955.0,300.0
301.0,6.0
301.0,28.0
301.0,79.0
513.0,301.0
607.0,301.0
921.0,301.0
302.0,79.0
302.0,101.0
302.0,169.0
307.0,302.0
579.0,302.0
723.0,302.0
823.0,302.0
894.0,302.0
303.0,110.0
303.0,299.0
304.0,28.0
304.0,33.0
304.0,111.0
304.0,134.0
304.0,222.0
318.0,304.0
305.0,100.0
305.0,105.0
305.0,209.0
305.0,303.0
328.0,305.0
471.0,305.0
649.0,305.0
709.0,305.0
774.0,305.0
878.0,305.0
306.0,16.0
306.0,62.0
306.0,69.0
306.0,197.0
722.0,306.0
307.0,110.0
307.0,114.0
307.0,257.0
307.0,283.0
415.0,307.0
536.0,307.0
308.0,300.0
419.0,308.0
711.0,308.0
309.0,178.0
323.0,309.0
532.0,309.0
601.0,309.0
310.0,50.0
310.0,106.0
310.0,115.0
311.0,310.0
889.0,310.0
311.0,106.0
311.0,141.0
311.0,146.0
484.0,311.0
746.0,311.0
813.0,311.0
997.0,311.0
312.0,159.0
312.0,287.0
637.0,312.0
313.0,31.0
313.0,53.0
313.0,91.0
313.0,175.0
313.0,234.0
313.0,289.0
870.0,313.0
314.0,40.0
314.0,264.0
315.0,45.0
315.0,181.0
315.0,267.0
781.0,315.0
316.0,10.0
316.0,240.0
316.0,258.0
883.0,316.0
920.0,316.0
317.0,26.0
317.0,73.0
370.0,317.0
549.0,317.0
728.0,317.0
318.0,1.0
318.0,5.0
318.0,173.0
318.0,178.0
318.0,196.0
318.0,236.0
319.0,318.0
866.0,318.0
319.0,26.0
319.0,105.0
319.0,130.0
319.0,197.0
319.0,298.0
579.0,319.0
663.0,319.0
683.0,319.0
853.0,319.0
320.0,118.0
320.0,154.0
642.0,320.0
321.0,28.0
321.0,86.0
321.0,103.0
321.0,118.0
321.0,134.0
321.0,155.0
321.0,167.0
324.0,321.0
427.0,321.0
450.0,321.0
472.0,321.0
739.0,321.0
322.0,10.0
322.0,38.0
322.0,145.0
322.0,292.0
372.0,322.0
389.0,322.0
701.0,322.0
323.0,28.0
323.0,143.0
323.0,295.0
324.0,26.0
324.0,144.0
324.0,146.0
324.0,261.0
542.0,324.0
876.0,325.0
326.0,146.0
326.0,191.0
327.0,33.0
596.0,327.0
703.0,327.0
832.0,327.0
851.0,327.0
328.0,122.0
402.0,328.0
502.0,328.0
329.0,29.0
329.0,120.0
329.0,300.0
485.0,329.0
596.0,329.0
330.0,52.0
330.0,65.0
330.0,71.0
330.0,167.0
330.0,324.0
416.0,330.0
954.0,330.0
331.0,303.0
461.0,331.0
628.0,331.0
332.0,44.0
332.0,283.0
505.0,332.0
631.0,332.0
781.0,332.0
958.0,332.0
619.0,333.0
642.0,333.0
664.0,333.0
693.0,333.0
599.0,334.0
429.0,335.0
462.0,335.0
642.0,335.0
669.0,335.0
697.0,335.0
787.0,335.0
336.0,134.0
402.0,336.0
688.0,336.0
755.0,336.0
337.0,312.0
669.0,337.0
338.0,68.0
359.0,338.0
442.0,338.0
511.0,338.0
557.0,338.0
568.0,338.0
586.0,338.0
654.0,338.0
668.0,338.0
339.0,205.0
405.0,339.0
432.0,339.0
452.0,339.0
479.0,339.0
504.0,339.0
537.0,339.0
654.0,339.0
415.0,340.0
466.0,340.0
526.0,340.0
527.0,340.0
763.0,340.0
341.0,32.0
341.0,263.0
346.0,341.0
399.0,341.0
504.0,341.0
587.0,341.0
625.0,341.0
342.0,28.0
373.0,342.0
463.0,342.0
639.0,342.0
343.0,24.0
343.0,169.0
343.0,340.0
480.0,343.0
558.0,343.0
576.0,343.0
610.0,343.0
344.0,140.0
367.0,344.0
756.0,344.0
831.0,344.0
924.0,344.0
640.0,345.0
664.0,345.0
893.0,345.0
346.0,86.0
348.0,346.0
392.0,346.0
429.0,346.0
451.0,346.0
466.0,346.0
572.0,346.0
590.0,346.0
606.0,346.0
683.0,346.0
373.0,347.0
533.0,347.0
656.0,347.0
660.0,347.0
481.0,348.0
559.0,348.0
525.0,349.0
583.0,349.0
665.0,349.0
763.0,349.0
350.0,177.0
490.0,350.0
522.0,350.0
461.0,351.0
497.0,351.0
564.0,351.0
581.0,351.0
639.0,351.0
662.0,351.0
925.0,351.0
475.0,352.0
477.0,352.0
532.0,352.0
590.0,352.0
603.0,352.0
353.0,14.0
353.0,86.0
353.0,240.0
353.0,344.0
353.0,347.0
428.0,353.0
608.0,353.0
763.0,353.0
354.0,153.0
354.0,351.0
398.0,354.0
450.0,354.0
460.0,354.0
526.0,354.0
390.0,355.0
591.0,355.0
597.0,355.0
607.0,355.0
662.0,355.0
839.0,355.0
356.0,3.0
356.0,44.0
356.0,336.0
526.0,356.0
652.0,356.0
767.0,356.0
845.0,356.0
542.0,357.0
575.0,357.0
791.0,357.0
358.0,295.0
358.0,350.0
462.0,358.0
359.0,174.0
386.0,359.0
395.0,359.0
401.0,359.0
466.0,359.0
538.0,359.0
543.0,359.0
565.0,359.0
677.0,359.0
360.0,20.0
360.0,96.0
360.0,218.0
360.0,277.0
360.0,341.0
360.0,345.0
402.0,360.0
418.0,360.0
452.0,360.0
573.0,360.0
635.0,360.0
661.0,360.0
487.0,361.0
500.0,361.0
562.0,361.0
759.0,361.0
362.0,121.0
362.0,139.0
362.0,172.0
365.0,362.0
380.0,362.0
414.0,362.0
433.0,362.0
524.0,362.0
630.0,362.0
363.0,0.0
374.0,364.0
397.0,364.0
470.0,364.0
480.0,364.0
931.0,364.0
422.0,365.0
640.0,365.0
852.0,365.0
366.0,196.0
389.0,366.0
490.0,366.0
643.0,366.0
927.0,366.0
367.0,131.0
374.0,367.0
409.0,367.0
431.0,367.0
526.0,367.0
567.0,367.0
576.0,367.0
761.0,367.0
968.0,367.0
578.0,368.0
483.0,369.0
551.0,369.0
556.0,369.0
632.0,369.0
370.0,160.0
370.0,289.0
424.0,370.0
490.0,370.0
569.0,370.0
801.0,370.0
371.0,220.0
505.0,371.0
562.0,371.0
710.0,371.0
791.0,371.0
372.0,363.0
669.0,372.0
965.0,372.0
998.0,372.0
373.0,150.0
373.0,189.0
401.0,373.0
971.0,373.0
408.0,374.0
412.0,374.0
454.0,374.0
647.0,374.0
815.0,374.0
850.0,374.0
958.0,374.0
986.0,374.0
375.0,144.0
375.0,363.0
380.0,375.0
411.0,375.0
415.0,375.0
475.0,375.0
497.0,375.0
545.0,375.0
568.0,375.0
608.0,375.0
757.0,375.0
376.0,350.0
492.0,376.0
510.0,376.0
693.0,376.0
424.0,377.0
619.0,377.0
378.0,368.0
494.0,378.0
633.0,378.0
829.0,378.0
992.0,378.0
379.0,209.0
412.0,379.0
566.0,379.0
542.0,380.0
596.0,380.0
903.0,380.0
977.0,380.0
381.0,360.0
464.0,381.0
537.0,381.0
382.0,92.0
427.0,382.0
466.0,382.0
467.0,382.0
473.0,382.0
524.0,382.0
536.0,382.0
699.0,382.0
383.0,347.0
426.0,383.0
446.0,383.0
476.0,383.0
580.0,383.0
643.0,383.0
811.0,383.0
898.0,383.0
384.0,128.0
591.0,384.0
605.0,384.0
614.0,384.0
945.0,384.0
997.0,384.0
385.0,151.0
385.0,313.0
507.0,385.0
386.0,55.0
386.0,71.0
480.0,386.0
515.0,386.0
520.0,386.0
549.0,386.0
757.0,386.0
856.0,386.0
418.0,387.0
443.0,387.0
469.0,387.0
530.0,387.0
534.0,387.0
835.0,387.0
895.0,387.0
963.0,387.0
388.0,145.0
388.0,176.0
423.0,388.0
458.0,388.0
444.0,389.0
539.0,389.0
542.0,389.0
942.0,389.0
390.0,25.0
543.0,390.0
605.0,390.0
515.0,391.0
589.0,391.0
755.0,391.0
791.0,391.0
792.0,391.0
800.0,391.0
477.0,392.0
528.0,392.0
393.0,146.0
393.0,282.0
409.0,393.0
620.0,393.0
394.0,351.0
623.0,394.0
976.0,394.0
395.0,137.0
395.0,276.0
395.0,343.0
468.0,395.0
505.0,395.0
846.0,395.0
891.0,395.0
396.0,253.0
396.0,335.0
396.0,349.0
482.0,396.0
547.0,396.0
606.0,396.0
626.0,396.0
628.0,396.0
412.0,397.0
590.0,397.0
600.0,397.0
398.0,87.0
398.0,111.0
540.0,398.0
633.0,398.0
533.0,399.0
557.0,399.0
656.0,399.0
657.0,399.0
673.0,399.0
950.0,399.0
400.0,89.0
489.0,400.0
600.0,400.0
608.0,400.0
401.0,86.0
626.0,401.0
881.0,401.0
479.0,402.0
735.0,402.0
773.0,402.0
777.0,402.0
818.0,402.0
915.0,402.0
403.0,341.0
668.0,403.0
404.0,323.0
404.0,396.0
425.0,404.0
517.0,404.0
596.0,404.0
405.0,92.0
405.0,347.0
405.0,404.0
468.0,405.0
556.0,405.0
406.0,209.0
406.0,342.0
632.0,406.0
407.0,123.0
463.0,407.0
873.0,407.0
408.0,384.0
552.0,408.0
855.0,408.0
960.0,408.0
409.0,222.0
409.0,393.0
508.0,409.0
540.0,409.0
546.0,409.0
581.0,409.0
585.0,409.0
597.0,409.0
632.0,409.0
649.0,409.0
660.0,409.0
410.0,96.0
450.0,410.0
476.0,410.0
549.0,410.0
590.0,410.0
603.0,410.0
606.0,410.0
750.0,410.0
411.0,383.0
411.0,400.0
484.0,411.0
551.0,411.0
567.0,411.0
592.0,411.0
784.0,411.0
412.0,177.0
412.0,400.0
804.0,412.0
959.0,412.0
413.0,365.0
413.0,381.0
478.0,413.0
525.0,413.0
414.0,265.0
495.0,414.0
415.0,108.0
415.0,167.0
415.0,272.0
415.0,278.0
415.0,412.0
451.0,415.0
462.0,415.0
571.0,415.0
581.0,415.0
603.0,415.0
665.0,415.0
416.0,14.0
497.0,416.0
966.0,416.0
417.0,364.0
417.0,393.0
766.0,417.0
418.0,224.0
418.0,366.0
422.0,418.0
454.0,418.0
519.0,418.0
596.0,418.0
701.0,418.0
537.0,419.0
629.0,419.0
445.0,420.0
421.0,82.0
445.0,421.0
891.0,421.0
969.0,421.0
422.0,364.0
448.0,422.0
461.0,422.0
423.0,179.0
423.0,421.0
506.0,423.0
510.0,423.0
639.0,423.0
424.0,51.0
731.0,424.0
798.0,424.0
913.0,424.0
425.0,398.0
443.0,425.0
490.0,425.0
860.0,425.0
426.0,287.0
579.0,426.0
580.0,426.0
641.0,426.0
826.0,426.0
427.0,250.0
437.0,427.0
448.0,427.0
533.0,427.0
428.0,254.0
428.0,363.0
429.0,4.0
429.0,373.0
429.0,374.0
429.0,426.0
464.0,429.0
505.0,429.0
616.0,429.0
931.0,429.0
430.0,28.0
430.0,293.0
430.0,326.0
461.0,430.0
755.0,430.0
431.0,53.0
431.0,240.0
431.0,254.0
532.0,431.0
725.0,431.0
432.0,366.0
432.0,408.0
453.0,432.0
516.0,432.0
592.0,432.0
747.0,432.0
821.0,432.0
433.0,103.0
433.0,203.0
433.0,404.0
434.0,117.0
492.0,434.0
596.0,434.0
701.0,434.0
435.0,247.0
435.0,352.0
605.0,435.0
614.0,435.0
660.0,435.0
690.0,435.0
436.0,338.0
436.0,363.0
436.0,365.0
606.0,436.0
628.0,436.0
943.0,436.0
437.0,30.0
626.0,437.0
646.0,437.0
923.0,437.0
438.0,183.0
470.0,438.0
578.0,439.0
440.0,345.0
440.0,407.0
480.0,440.0
508.0,440.0
578.0,440.0
599.0,440.0
643.0,440.0
441.0,144.0
441.0,194.0
441.0,247.0
441.0,436.0
623.0,441.0
760.0,441.0
457.0,442.0
534.0,442.0
539.0,442.0
542.0,442.0
579.0,442.0
580.0,442.0
640.0,442.0
443.0,26.0
443.0,37.0
557.0,443.0
632.0,443.0
663.0,443.0
444.0,287.0
444.0,414.0
566.0,444.0
627.0,444.0
683.0,444.0
787.0,444.0
445.0,177.0
445.0,422.0
511.0,445.0
552.0,445.0
611.0,445.0
650.0,445.0
947.0,445.0
446.0,315.0
446.0,373.0
446.0,391.0
552.0,446.0
581.0,446.0
916.0,446.0
447.0,12.0
447.0,134.0
447.0,164.0
447.0,255.0
448.0,363.0
448.0,364.0
448.0,386.0
448.0,390.0
485.0,448.0
720.0,448.0
759.0,448.0
449.0,299.0
449.0,403.0
465.0,449.0
495.0,449.0
513.0,449.0
450.0,304.0
631.0,450.0
834.0,450.0
873.0,450.0
923.0,450.0
959.0,450.0
451.0,323.0
451.0,390.0
451.0,433.0
470.0,451.0
559.0,451.0
568.0,451.0
452.0,77.0
452.0,440.0
455.0,452.0
596.0,452.0
453.0,391.0
490.0,454.0
531.0,454.0
581.0,454.0
641.0,454.0
687.0,454.0
455.0,331.0
455.0,356.0
455.0,409.0
605.0,455.0
650.0,455.0
709.0,455.0
809.0,455.0
456.0,11.0
456.0,104.0
456.0,158.0
456.0,329.0
456.0,391.0
456.0,427.0
511.0,456.0
527.0,456.0
545.0,456.0
546.0,456.0
577.0,456.0
610.0,456.0
457.0,123.0
457.0,369.0
457.0,410.0
502.0,457.0
740.0,457.0
994.0,457.0
458.0,452.0
519.0,458.0
544.0,458.0
581.0,458.0
787.0,458.0
459.0,253.0
459.0,292.0
476.0,459.0
480.0,459.0
500.0,459.0
711.0,459.0
861.0,459.0
555.0,460.0
634.0,460.0
706.0,460.0
461.0,373.0
584.0,461.0
908.0,461.0
462.0,276.0
462.0,354.0
510.0,462.0
513.0,462.0
463.0,176.0
463.0,366.0
463.0,408.0
471.0,463.0
573.0,463.0
578.0,463.0
601.0,463.0
652.0,463.0
696.0,463.0
567.0,464.0
827.0,464.0
465.0,255.0
465.0,386.0
465.0,403.0
465.0,438.0
465.0,451.0
486.0,465.0
777.0,465.0
798.0,465.0
466.0,72.0
466.0,81.0
466.0,398.0
517.0,466.0
822.0,466.0
893.0,466.0
467.0,1.0
467.0,432.0
467.0,439.0
467.0,443.0
517.0,467.0
591.0,467.0
654.0,467.0
837.0,467.0
547.0,468.0
576.0,468.0
592.0,468.0
838.0,468.0
469.0,464.0
472.0,469.0
478.0,469.0
511.0,469.0
656.0,469.0
874.0,469.0
886.0,469.0
977.0,469.0
470.0,14.0
537.0,470.0
644.0,470.0
471.0,313.0
471.0,365.0
642.0,471.0
472.0,63.0
472.0,64.0
472.0,252.0
472.0,379.0
472.0,407.0
956.0,472.0
473.0,367.0
473.0,441.0
588.0,473.0
728.0,473.0
474.0,387.0
805.0,474.0
475.0,400.0
475.0,401.0
497.0,475.0
517.0,475.0
617.0,475.0
723.0,475.0
809.0,475.0
940.0,475.0
476.0,88.0
476.0,363.0
476.0,436.0
479.0,476.0
687.0,476.0
500.0,477.0
587.0,477.0
595.0,477.0
615.0,477.0
478.0,429.0
773.0,478.0
479.0,211.0
479.0,412.0
615.0,479.0
835.0,479.0
936.0,479.0
523.0,480.0
632.0,480.0
481.0,408.0
514.0,481.0
717.0,481.0
482.0,74.0
482.0,475.0
507.0,482.0
636.0,482.0
758.0,482.0
799.0,482.0
483.0,121.0
483.0,125.0
483.0,387.0
483.0,430.0
555.0,483.0
588.0,483.0
484.0,26.0
484.0,158.0
484.0,419.0
485.0,189.0
485.0,245.0
485.0,284.0
485.0,368.0
485.0,465.0
522.0,485.0
804.0,485.0
486.0,32.0
486.0,417.0
486.0,421.0
486.0,468.0
504.0,486.0
634.0,486.0
511.0,487.0
634.0,487.0
488.0,433.0
488.0,484.0
595.0,488.0
608.0,489.0
610.0,489.0
632.0,489.0
490.0,86.0
490.0,114.0
490.0,425.0
689.0,490.0
802.0,490.0
491.0,435.0
491.0,481.0
554.0,491.0
622.0,491.0
492.0,385.0
629.0,492.0
734.0,492.0
921.0,492.0
493.0,90.0
493.0,160.0
493.0,404.0
638.0,493.0
662.0,493.0
783.0,493.0
931.0,493.0
494.0,60.0
494.0,89.0
494.0,363.0
494.0,386.0
494.0,474.0
617.0,495.0
496.0,250.0
496.0,350.0
496.0,353.0
496.0,438.0
496.0,442.0
496.0,471.0
593.0,496.0
644.0,496.0
719.0,496.0
809.0,496.0
497.0,102.0
497.0,313.0
497.0,369.0
497.0,407.0
497.0,468.0
528.0,497.0
586.0,497.0
614.0,497.0
686.0,497.0
498.0,339.0
498.0,429.0
498.0,485.0
633.0,498.0
736.0,498.0
762.0,498.0
832.0,498.0
499.0,466.0
590.0,499.0
743.0,499.0
946.0,499.0
500.0,417.0
580.0,500.0
612.0,500.0
651.0,500.0
501.0,203.0
501.0,435.0
501.0,491.0
502.0,23.0
502.0,292.0
502.0,362.0
502.0,459.0
502.0,472.0
515.0,502.0
543.0,502.0
557.0,502.0
563.0,502.0
619.0,502.0
885.0,502.0
503.0,143.0
503.0,157.0
503.0,339.0
503.0,369.0
503.0,385.0
503.0,411.0
503.0,495.0
644.0,503.0
662.0,503.0
899.0,503.0
572.0,504.0
803.0,504.0
505.0,210.0
505.0,356.0
505.0,473.0
615.0,505.0
835.0,505.0
506.0,3.0
506.0,289.0
523.0,506.0
612.0,506.0
692.0,506.0
767.0,506.0
507.0,79.0
507.0,392.0
507.0,503.0
538.0,507.0
508.0,210.0
508.0,491.0
591.0,508.0
594.0,508.0
640.0,508.0
509.0,254.0
613.0,509.0
633.0,509.0
510.0,372.0
734.0,510.0
834.0,510.0
511.0,48.0
511.0,400.0
511.0,431.0
511.0,490.0
535.0,511.0
512.0,341.0
512.0,462.0
512.0,477.0
694.0,512.0
793.0,512.0
513.0,408.0
513.0,414.0
513.0,416.0
513.0,465.0
658.0,513.0
846.0,513.0
514.0,304.0
514.0,424.0
514.0,489.0
831.0,514.0
515.0,295.0
596.0,515.0
743.0,515.0
852.0,515.0
516.0,385.0
516.0,432.0
516.0,435.0
516.0,468.0
549.0,516.0
639.0,516.0
656.0,516.0
517.0,72.0
517.0,390.0
517.0,440.0
517.0,515.0
952.0,517.0
518.0,461.0
518.0,501.0
519.0,518.0
603.0,518.0
625.0,518.0
629.0,518.0
819.0,518.0
519.0,227.0
519.0,368.0
519.0,449.0
519.0,457.0
995.0,519.0
520.0,372.0
520.0,402.0
520.0,405.0
520.0,443.0
694.0,520.0
521.0,33.0
602.0,521.0
773.0,521.0
522.0,417.0
522.0,421.0
522.0,464.0
522.0,491.0
532.0,522.0
630.0,522.0
641.0,522.0
674.0,522.0
523.0,427.0
620.0,523.0
902.0,523.0
524.0,391.0
549.0,524.0
584.0,524.0
525.0,179.0
525.0,352.0
525.0,486.0
604.0,525.0
526.0,77.0
526.0,162.0
526.0,225.0
526.0,343.0
526.0,365.0
526.0,422.0
526.0,475.0
555.0,526.0
562.0,526.0
593.0,526.0
527.0,440.0
772.0,527.0
945.0,527.0
528.0,163.0
528.0,476.0
529.0,493.0
532.0,529.0
530.0,64.0
530.0,431.0
531.0,204.0
531.0,483.0
546.0,531.0
720.0,531.0
532.0,326.0
532.0,347.0
532.0,348.0
557.0,532.0
584.0,532.0
657.0,532.0
870.0,532.0
533.0,98.0
533.0,251.0
533.0,339.0
533.0,409.0
568.0,533.0
951.0,533.0
534.0,419.0
542.0,534.0
606.0,534.0
769.0,534.0
833.0,534.0
535.0,446.0
535.0,501.0
543.0,535.0
552.0,535.0
559.0,535.0
628.0,535.0
635.0,535.0
662.0,535.0
894.0,535.0
909.0,535.0
536.0,49.0
536.0,121.0
536.0,270.0
536.0,389.0
536.0,528.0
550.0,536.0
626.0,536.0
537.0,204.0
537.0,361.0
537.0,486.0
537.0,507.0
537.0,513.0
537.0,536.0
538.0,232.0
538.0,484.0
538.0,521.0
541.0,538.0
601.0,538.0
648.0,538.0
655.0,538.0
633.0,539.0
540.0,353.0
595.0,540.0
652.0,540.0
705.0,540.0
711.0,540.0
794.0,540.0
938.0,540.0
541.0,365.0
541.0,487.0
541.0,516.0
557.0,541.0
542.0,337.0
542.0,352.0
582.0,542.0
543.0,125.0
543.0,425.0
543.0,526.0
543.0,527.0
550.0,543.0
544.0,31.0
544.0,393.0
544.0,400.0
544.0,470.0
544.0,484.0
551.0,544.0
555.0,544.0
619.0,544.0
638.0,544.0
686.0,544.0
927.0,544.0
545.0,264.0
545.0,388.0
546.0,257.0
546.0,300.0
546.0,340.0
546.0,465.0
546.0,495.0
891.0,546.0
547.0,344.0
547.0,467.0
547.0,470.0
639.0,547.0
548.0,182.0
548.0,353.0
548.0,521.0
548.0,534.0
597.0,548.0
782.0,548.0
549.0,114.0
549.0,122.0
549.0,249.0
550.0,472.0
550.0,511.0
561.0,550.0
649.0,550.0
551.0,83.0
551.0,348.0
551.0,496.0
551.0,500.0
552.0,233.0
894.0,552.0
553.0,122.0
553.0,221.0
553.0,360.0
553.0,389.0
553.0,431.0
553.0,524.0
553.0,528.0
644.0,553.0
554.0,49.0
554.0,385.0
554.0,499.0
651.0,554.0
774.0,554.0
874.0,554.0
555.0,517.0
967.0,555.0
556.0,102.0
583.0,556.0
804.0,556.0
557.0,246.0
557.0,353.0
557.0,367.0
557.0,414.0
557.0,459.0
557.0,553.0
564.0,557.0
631.0,557.0
655.0,557.0
558.0,432.0
558.0,494.0
558.0,520.0
607.0,558.0
664.0,558.0
559.0,406.0
559.0,474.0
649.0,559.0
560.0,366.0
560.0,371.0
560.0,533.0
561.0,42.0
561.0,174.0
561.0,240.0
561.0,461.0
605.0,561.0
631.0,561.0
821.0,561.0
562.0,333.0
562.0,382.0
562.0,479.0
563.0,378.0
563.0,388.0
563.0,550.0
784.0,563.0
656.0,564.0
833.0,564.0
565.0,45.0
565.0,188.0
565.0,447.0
620.0,565.0
566.0,95.0
566.0,136.0
566.0,352.0
566.0,436.0
950.0,566.0
567.0,380.0
567.0,419.0
567.0,503.0
567.0,504.0
567.0,538.0
589.0,567.0
568.0,74.0
568.0,281.0
568.0,339.0
568.0,436.0
568.0,449.0
669.0,568.0
970.0,568.0
569.0,53.0
569.0,411.0
627.0,569.0
802.0,569.0
939.0,569.0
570.0,7.0
570.0,350.0
570.0,536.0
570.0,559.0
577.0,570.0
658.0,570.0
571.0,148.0
571.0,247.0
571.0,341.0
571.0,430.0
571.0,457.0
571.0,540.0
572.0,68.0
572.0,94.0
572.0,353.0
572.0,463.0
572.0,508.0
572.0,554.0
572.0,555.0
745.0,572.0
803.0,572.0
860.0,572.0
573.0,179.0
573.0,367.0
573.0,397.0
628.0,573.0
715.0,573.0
853.0,573.0
574.0,13.0
574.0,143.0
574.0,148.0
574.0,402.0
574.0,433.0
574.0,455.0
574.0,515.0
579.0,574.0
575.0,271.0
575.0,428.0
575.0,525.0
575.0,543.0
802.0,575.0
576.0,336.0
576.0,532.0
750.0,576.0
908.0,576.0
577.0,234.0
577.0,358.0
594.0,577.0
626.0,577.0
634.0,577.0
732.0,577.0
578.0,278.0
578.0,284.0
578.0,404.0
615.0,578.0
979.0,578.0
579.0,368.0
579.0,469.0
598.0,579.0
741.0,579.0
906.0,579.0
997.0,579.0
580.0,421.0
580.0,449.0
580.0,458.0
580.0,530.0
581.0,79.0
581.0,429.0
581.0,566.0
591.0,582.0
583.0,25.0
583.0,389.0
583.0,500.0
583.0,520.0
583.0,542.0
583.0,565.0
583.0,577.0
905.0,583.0
616.0,584.0
816.0,584.0
585.0,423.0
585.0,555.0
586.0,394.0
586.0,422.0
586.0,463.0
932.0,586.0
587.0,360.0
587.0,415.0
587.0,472.0
832.0,587.0
588.0,392.0
588.0,457.0
588.0,536.0
645.0,588.0
589.0,357.0
660.0,589.0
725.0,589.0
590.0,292.0
590.0,565.0
891.0,590.0
958.0,590.0
591.0,48.0
591.0,135.0
591.0,452.0
591.0,475.0
591.0,488.0
591.0,587.0
608.0,591.0
617.0,591.0
592.0,102.0
592.0,187.0
592.0,310.0
592.0,379.0
592.0,457.0
592.0,464.0
592.0,484.0
592.0,528.0
592.0,573.0
635.0,592.0
966.0,592.0
998.0,592.0
593.0,372.0
593.0,438.0
593.0,484.0
593.0,575.0
594.0,46.0
594.0,382.0
594.0,574.0
619.0,594.0
719.0,594.0
595.0,37.0
595.0,46.0
595.0,333.0
595.0,369.0
785.0,595.0
823.0,595.0
922.0,595.0
596.0,392.0
596.0,423.0
596.0,424.0
596.0,436.0
596.0,480.0
597.0,190.0
597.0,262.0
597.0,334.0
597.0,358.0
597.0,460.0
597.0,551.0
926.0,597.0
598.0,540.0
845.0,598.0
599.0,75.0
599.0,372.0
599.0,387.0
599.0,396.0
599.0,398.0
599.0,436.0
599.0,460.0
599.0,547.0
599.0,566.0
630.0,599.0
600.0,260.0
600.0,451.0
600.0,512.0
601.0,39.0
601.0,368.0
601.0,391.0
601.0,424.0
601.0,487.0
601.0,488.0
917.0,601.0
602.0,212.0
602.0,425.0
602.0,455.0
602.0,478.0
614.0,602.0
685.0,602.0
746.0,602.0
603.0,521.0
603.0,547.0
894.0,603.0
604.0,382.0
604.0,480.0
604.0,564.0
604.0,567.0
604.0,589.0
644.0,604.0
805.0,604.0
605.0,262.0
605.0,477.0
605.0,592.0
605.0,594.0
618.0,605.0
816.0,605.0
871.0,605.0
606.0,448.0
606.0,555.0
961.0,606.0
607.0,101.0
607.0,405.0
607.0,415.0
607.0,444.0
607.0,582.0
662.0,607.0
608.0,371.0
608.0,473.0
640.0,608.0
650.0,608.0
859.0,608.0
609.0,3.0
609.0,450.0
609.0,517.0
609.0,525.0
609.0,569.0
622.0,609.0
897.0,609.0
610.0,552.0
645.0,610.0
611.0,96.0
611.0,399.0
611.0,578.0
612.0,566.0
654.0,612.0
816.0,612.0
613.0,112.0
613.0,249.0
613.0,418.0
613.0,450.0
696.0,613.0
614.0,0.0
615.0,406.0
615.0,492.0
616.0,228.0
616.0,345.0
616.0,539.0
616.0,541.0
617.0,232.0
617.0,344.0
617.0,372.0
617.0,497.0
617.0,511.0
696.0,617.0
618.0,385.0
618.0,477.0
619.0,284.0
619.0,371.0
619.0,433.0
619.0,507.0
619.0,535.0
663.0,619.0
620.0,226.0
620.0,347.0
620.0,540.0
620.0,585.0
724.0,620.0
860.0,620.0
621.0,103.0
621.0,366.0
621.0,480.0
621.0,485.0
668.0,621.0
880.0,621.0
694.0,622.0
863.0,622.0
623.0,326.0
623.0,339.0
623.0,357.0
623.0,409.0
623.0,542.0
949.0,623.0
624.0,252.0
624.0,346.0
624.0,527.0
653.0,624.0
625.0,389.0
625.0,488.0
625.0,544.0
625.0,554.0
625.0,597.0
626.0,0.0
626.0,338.0
626.0,342.0
626.0,445.0
626.0,464.0
626.0,618.0
627.0,563.0
627.0,616.0
628.0,334.0
628.0,358.0
628.0,517.0
628.0,607.0
693.0,628.0
901.0,628.0
939.0,628.0
629.0,383.0
629.0,503.0
629.0,511.0
891.0,629.0
630.0,419.0
632.0,630.0
939.0,630.0
631.0,569.0
631.0,625.0
653.0,631.0
656.0,631.0
715.0,631.0
827.0,631.0
861.0,631.0
863.0,631.0
920.0,631.0
632.0,197.0
632.0,401.0
632.0,507.0
632.0,556.0
632.0,597.0
632.0,612.0
982.0,632.0
633.0,389.0
633.0,391.0
633.0,445.0
633.0,455.0
633.0,619.0
811.0,633.0
634.0,288.0
634.0,601.0
635.0,348.0
635.0,377.0
635.0,466.0
635.0,467.0
635.0,469.0
635.0,531.0
635.0,614.0
646.0,635.0
636.0,119.0
636.0,389.0
636.0,534.0
637.0,336.0
637.0,354.0
637.0,369.0
637.0,391.0
637.0,420.0
637.0,623.0
739.0,637.0
638.0,346.0
638.0,618.0
810.0,638.0
639.0,496.0
639.0,633.0
640.0,441.0
640.0,476.0
640.0,495.0
641.0,149.0
641.0,439.0
641.0,447.0
641.0,472.0
642.0,15.0
642.0,216.0
642.0,401.0
642.0,548.0
643.0,356.0
643.0,469.0
643.0,571.0
643.0,576.0
650.0,643.0
644.0,59.0
644.0,270.0
645.0,2.0
645.0,17.0
645.0,385.0
645.0,441.0
645.0,509.0
672.0,645.0
956.0,645.0
646.0,281.0
646.0,357.0
646.0,578.0
646.0,624.0
646.0,629.0
906.0,646.0
647.0,226.0
647.0,311.0
647.0,406.0
647.0,523.0
647.0,623.0
654.0,647.0
648.0,448.0
648.0,507.0
648.0,518.0
648.0,590.0
649.0,41.0
649.0,273.0
649.0,518.0
657.0,649.0
882.0,649.0
650.0,393.0
650.0,585.0
650.0,597.0
887.0,650.0
651.0,393.0
777.0,651.0
931.0,651.0
652.0,307.0
652.0,347.0
652.0,361.0
652.0,601.0
652.0,603.0
652.0,646.0
653.0,405.0
653.0,435.0
653.0,443.0
653.0,468.0
654.0,302.0
654.0,329.0
654.0,360.0
654.0,385.0
654.0,631.0
655.0,433.0
655.0,461.0
655.0,506.0
655.0,543.0
656.0,266.0
656.0,428.0
656.0,441.0
656.0,546.0
664.0,656.0
657.0,64.0
657.0,434.0
657.0,621.0
658.0,340.0
658.0,358.0
658.0,524.0
658.0,625.0
658.0,648.0
659.0,658.0
987.0,658.0
659.0,343.0
659.0,347.0
659.0,355.0
659.0,368.0
659.0,584.0
659.0,613.0
660.0,223.0
660.0,537.0
730.0,660.0
793.0,660.0
661.0,77.0
661.0,249.0
661.0,289.0
661.0,374.0
661.0,631.0
662.0,280.0
662.0,373.0
662.0,536.0
662.0,615.0
663.0,91.0
663.0,320.0
663.0,350.0
663.0,560.0
663.0,566.0
663.0,606.0
810.0,663.0
664.0,335.0
664.0,392.0
664.0,397.0
664.0,492.0
757.0,664.0
665.0,512.0
665.0,525.0
722.0,666.0
863.0,666.0
667.0,589.0
667.0,654.0
723.0,667.0
729.0,667.0
766.0,667.0
780.0,667.0
859.0,667.0
927.0,667.0
668.0,274.0
693.0,668.0
744.0,668.0
887.0,668.0
904.0,668.0
669.0,239.0
788.0,669.0
670.0,447.0
670.0,664.0
851.0,670.0
916.0,670.0
963.0,670.0
987.0,670.0
795.0,671.0
853.0,671.0
896.0,671.0
672.0,551.0
828.0,672.0
909.0,672.0
673.0,598.0
673.0,672.0
716.0,673.0
789.0,673.0
794.0,673.0
674.0,74.0
674.0,201.0
674.0,445.0
675.0,674.0
686.0,674.0
744.0,674.0
833.0,674.0
997.0,674.0
675.0,77.0
675.0,333.0
676.0,61.0
676.0,456.0
676.0,465.0
696.0,676.0
984.0,676.0
816.0,677.0
909.0,677.0
678.0,321.0
678.0,598.0
821.0,678.0
830.0,678.0
868.0,678.0
905.0,678.0
924.0,678.0
947.0,678.0
679.0,214.0
679.0,602.0
851.0,679.0
937.0,679.0
680.0,343.0
680.0,554.0
749.0,680.0
750.0,680.0
822.0,680.0
681.0,113.0
681.0,428.0
761.0,681.0
833.0,681.0
837.0,681.0
925.0,681.0
682.0,174.0
682.0,543.0
776.0,682.0
790.0,682.0
982.0,682.0
683.0,381.0
792.0,683.0
796.0,683.0
684.0,484.0
755.0,684.0
756.0,684.0
832.0,684.0
841.0,684.0
947.0,684.0
971.0,684.0
988.0,684.0
685.0,125.0
685.0,216.0
817.0,685.0
921.0,685.0
686.0,444.0
686.0,460.0
748.0,686.0
750.0,686.0
775.0,686.0
841.0,686.0
858.0,686.0
913.0,686.0
929.0,686.0
946.0,686.0
693.0,687.0
744.0,687.0
776.0,687.0
838.0,687.0
688.0,467.0
689.0,133.0
689.0,137.0
689.0,453.0
704.0,690.0
713.0,690.0
735.0,690.0
857.0,690.0
948.0,690.0
691.0,248.0
691.0,354.0
691.0,598.0
733.0,691.0
757.0,691.0
776.0,691.0
865.0,691.0
927.0,691.0
692.0,88.0
692.0,146.0
693.0,692.0
764.0,692.0
693.0,550.0
693.0,575.0
905.0,693.0
694.0,483.0
895.0,694.0
695.0,83.0
695.0,447.0
791.0,695.0
696.0,126.0
696.0,461.0
707.0,696.0
762.0,696.0
840.0,696.0
697.0,501.0
741.0,697.0
800.0,697.0
698.0,290.0
698.0,351.0
698.0,530.0
698.0,668.0
698.0,692.0
712.0,698.0
699.0,0.0
700.0,407.0
771.0,700.0
796.0,700.0
907.0,700.0
949.0,700.0
979.0,700.0
701.0,139.0
701.0,205.0
701.0,577.0
898.0,701.0
966.0,701.0
989.0,701.0
702.0,66.0
702.0,126.0
877.0,702.0
898.0,702.0
935.0,702.0
703.0,231.0
703.0,303.0
703.0,320.0
703.0,614.0
797.0,703.0
937.0,703.0
704.0,535.0
705.0,64.0
705.0,128.0
716.0,705.0
714.0,706.0
726.0,706.0
728.0,706.0
867.0,706.0
707.0,398.0
707.0,685.0
707.0,693.0
725.0,707.0
744.0,707.0
763.0,707.0
877.0,707.0
918.0,707.0
708.0,455.0
777.0,708.0
899.0,708.0
709.0,642.0
778.0,709.0
915.0,709.0
970.0,709.0
710.0,143.0
710.0,314.0
710.0,370.0
710.0,550.0
728.0,710.0
987.0,710.0
995.0,710.0
711.0,259.0
711.0,388.0
798.0,711.0
799.0,711.0
831.0,711.0
855.0,711.0
880.0,711.0
917.0,711.0
972.0,711.0
712.0,171.0
712.0,180.0
712.0,261.0
712.0,507.0
712.0,592.0
973.0,712.0
979.0,712.0
713.0,471.0
713.0,704.0
713.0,711.0
813.0,713.0
858.0,713.0
892.0,713.0
894.0,713.0
905.0,713.0
979.0,713.0
714.0,150.0
714.0,462.0
726.0,714.0
763.0,714.0
790.0,714.0
810.0,714.0
911.0,714.0
962.0,715.0
716.0,432.0
716.0,674.0
735.0,716.0
779.0,716.0
837.0,716.0
717.0,265.0
717.0,342.0
717.0,675.0
796.0,717.0
864.0,717.0
718.0,12.0
718.0,686.0
828.0,718.0
926.0,718.0
719.0,133.0
845.0,719.0
881.0,719.0
995.0,719.0
720.0,435.0
781.0,720.0
721.0,61.0
721.0,148.0
721.0,190.0
721.0,667.0
758.0,721.0
772.0,721.0
836.0,721.0
915.0,721.0
919.0,721.0
722.0,566.0
810.0,722.0
853.0,722.0
863.0,722.0
723.0,676.0
973.0,723.0
724.0,267.0
724.0,390.0
724.0,441.0
724.0,483.0
832.0,724.0
999.0,724.0
725.0,82.0
725.0,164.0
725.0,701.0
849.0,725.0
899.0,725.0
954.0,725.0
805.0,726.0
914.0,726.0
727.0,144.0
727.0,194.0
727.0,555.0
731.0,727.0
919.0,727.0
990.0,727.0
728.0,249.0
728.0,669.0
728.0,685.0
797.0,728.0
929.0,728.0
992.0,728.0
729.0,399.0
729.0,592.0
729.0,665.0
764.0,729.0
797.0,729.0
877.0,729.0
879.0,729.0
730.0,137.0
730.0,341.0
730.0,531.0
730.0,551.0
730.0,713.0
807.0,730.0
731.0,195.0
810.0,731.0
840.0,731.0
877.0,731.0
732.0,731.0
782.0,732.0
798.0,732.0
733.0,55.0
733.0,676.0
736.0,733.0
851.0,733.0
861.0,733.0
976.0,733.0
734.0,226.0
734.0,376.0
803.0,734.0
851.0,734.0
926.0,734.0
735.0,426.0
798.0,735.0
808.0,735.0
851.0,735.0
934.0,735.0
937.0,735.0
966.0,735.0
979.0,735.0
736.0,31.0
736.0,556.0
736.0,685.0
736.0,705.0
736.0,709.0
768.0,736.0
859.0,736.0
993.0,736.0
737.0,115.0
737.0,188.0
765.0,737.0
766.0,737.0
767.0,737.0
790.0,737.0
848.0,737.0
849.0,737.0
862.0,737.0
909.0,737.0
926.0,737.0
738.0,34.0
738.0,140.0
738.0,220.0
738.0,683.0
738.0,735.0
795.0,738.0
983.0,738.0
739.0,539.0
739.0,684.0
750.0,739.0
769.0,739.0
804.0,739.0
811.0,739.0
891.0,739.0
946.0,739.0
740.0,89.0
740.0,283.0
740.0,504.0
741.0,202.0
741.0,664.0
952.0,741.0
742.0,252.0
742.0,472.0
742.0,680.0
742.0,741.0
776.0,742.0
937.0,742.0
743.0,158.0
743.0,213.0
743.0,380.0
743.0,497.0
743.0,589.0
743.0,695.0
872.0,743.0
911.0,743.0
930.0,743.0
931.0,743.0
995.0,743.0
744.0,25.0
744.0,67.0
744.0,73.0
744.0,241.0
744.0,253.0
779.0,745.0
983.0,745.0
987.0,745.0
746.0,338.0
746.0,428.0
976.0,746.0
747.0,423.0
747.0,555.0
747.0,576.0
747.0,685.0
785.0,747.0
815.0,747.0
831.0,747.0
748.0,145.0
748.0,486.0
748.0,496.0
748.0,570.0
836.0,748.0
884.0,748.0
909.0,748.0
986.0,748.0
749.0,501.0
749.0,602.0
749.0,704.0
749.0,718.0
749.0,734.0
859.0,749.0
750.0,400.0
750.0,599.0
750.0,731.0
769.0,750.0
793.0,750.0
751.0,56.0
751.0,250.0
751.0,605.0
751.0,660.0
751.0,747.0
829.0,751.0
917.0,751.0
944.0,751.0
752.0,129.0
752.0,223.0
752.0,545.0
752.0,639.0
752.0,675.0
786.0,752.0
804.0,752.0
911.0,752.0
753.0,447.0
858.0,753.0
863.0,753.0
895.0,753.0
754.0,600.0
754.0,628.0
754.0,750.0
905.0,754.0
921.0,754.0
755.0,699.0
755.0,736.0
764.0,755.0
756.0,682.0
922.0,756.0
938.0,756.0
757.0,236.0
757.0,685.0
757.0,710.0
758.0,339.0
758.0,367.0
758.0,734.0
860.0,758.0
996.0,758.0
759.0,194.0
759.0,718.0
831.0,759.0
939.0,759.0
760.0,161.0
760.0,483.0
760.0,725.0
990.0,760.0
796.0,761.0
762.0,728.0
796.0,762.0
763.0,290.0
763.0,739.0
765.0,763.0
907.0,763.0
764.0,287.0
764.0,413.0
764.0,596.0
764.0,680.0
764.0,685.0
764.0,719.0
770.0,764.0
809.0,764.0
765.0,138.0
765.0,211.0
765.0,359.0
773.0,765.0
816.0,765.0
886.0,765.0
789.0,766.0
791.0,766.0
767.0,471.0
767.0,522.0
767.0,681.0
978.0,767.0
768.0,168.0
768.0,599.0
768.0,744.0
781.0,768.0
987.0,768.0
776.0,769.0
853.0,769.0
896.0,769.0
974.0,769.0
770.0,284.0
770.0,578.0
770.0,685.0
770.0,742.0
879.0,770.0
942.0,770.0
963.0,770.0
771.0,126.0
771.0,603.0
809.0,771.0
772.0,450.0
772.0,677.0
794.0,772.0
810.0,772.0
894.0,772.0
917.0,772.0
988.0,772.0
773.0,486.0
773.0,686.0
917.0,773.0
774.0,386.0
774.0,494.0
774.0,644.0
774.0,683.0
803.0,774.0
934.0,774.0
942.0,774.0
775.0,239.0
775.0,259.0
775.0,312.0
775.0,577.0
939.0,775.0
776.0,171.0
776.0,199.0
776.0,483.0
776.0,713.0
860.0,776.0
960.0,776.0
965.0,776.0
777.0,455.0
824.0,777.0
897.0,777.0
778.0,559.0
882.0,778.0
779.0,107.0
779.0,297.0
779.0,460.0
779.0,703.0
779.0,768.0
958.0,779.0
780.0,777.0
938.0,780.0
951.0,780.0
998.0,780.0
781.0,356.0
781.0,706.0
781.0,730.0
781.0,757.0
973.0,781.0
782.0,634.0
796.0,782.0
929.0,782.0
783.0,582.0
783.0,722.0
836.0,783.0
838.0,783.0
879.0,783.0
958.0,783.0
784.0,486.0
921.0,784.0
987.0,784.0
785.0,248.0
785.0,688.0
785.0,708.0
885.0,785.0
913.0,785.0
786.0,730.0
924.0,786.0
787.0,118.0
787.0,181.0
787.0,462.0
787.0,558.0
787.0,722.0
787.0,732.0
903.0,787.0
923.0,787.0
788.0,641.0
788.0,753.0
812.0,788.0
870.0,788.0
789.0,441.0
789.0,491.0
789.0,566.0
789.0,702.0
807.0,789.0
855.0,789.0
790.0,362.0
790.0,412.0
790.0,571.0
790.0,677.0
790.0,715.0
790.0,730.0
790.0,747.0
824.0,790.0
846.0,790.0
911.0,790.0
791.0,407.0
791.0,479.0
811.0,791.0
792.0,701.0
850.0,792.0
793.0,391.0
793.0,735.0
793.0,750.0
793.0,789.0
794.0,46.0
794.0,394.0
794.0,399.0
794.0,520.0
794.0,689.0
918.0,794.0
951.0,794.0
795.0,174.0
795.0,336.0
795.0,650.0
795.0,651.0
940.0,795.0
796.0,94.0
796.0,169.0
847.0,796.0
907.0,796.0
797.0,191.0
797.0,424.0
797.0,502.0
844.0,797.0
857.0,797.0
889.0,797.0
992.0,797.0
798.0,342.0
798.0,475.0
798.0,713.0
798.0,720.0
798.0,731.0
816.0,798.0
933.0,798.0
799.0,28.0
799.0,239.0
799.0,564.0
799.0,739.0
897.0,799.0
955.0,799.0
800.0,248.0
800.0,731.0
987.0,800.0
801.0,182.0
801.0,216.0
801.0,694.0
803.0,801.0
802.0,123.0
802.0,570.0
808.0,802.0
883.0,802.0
803.0,115.0
803.0,797.0
889.0,803.0
997.0,803.0
804.0,162.0
804.0,207.0
855.0,804.0
861.0,804.0
937.0,804.0
805.0,92.0
805.0,648.0
882.0,805.0
806.0,430.0
806.0,607.0
806.0,752.0
888.0,806.0
897.0,806.0
958.0,806.0
807.0,724.0
807.0,745.0
995.0,807.0
808.0,277.0
808.0,326.0
808.0,580.0
808.0,688.0
808.0,713.0
809.0,122.0
827.0,809.0
840.0,809.0
985.0,809.0
810.0,23.0
810.0,575.0
810.0,725.0
810.0,767.0
949.0,810.0
986.0,810.0
811.0,134.0
811.0,180.0
811.0,701.0
966.0,811.0
812.0,1.0
812.0,271.0
812.0,653.0
812.0,699.0
847.0,812.0
975.0,812.0
988.0,812.0
813.0,292.0
813.0,411.0
813.0,811.0
814.0,737.0
815.0,175.0
815.0,679.0
940.0,815.0
951.0,815.0
952.0,815.0
816.0,160.0
816.0,595.0
973.0,816.0
817.0,52.0
817.0,172.0
817.0,236.0
856.0,817.0
937.0,817.0
991.0,817.0
818.0,772.0
818.0,791.0
851.0,818.0
873.0,818.0
819.0,549.0
832.0,819.0
871.0,819.0
914.0,819.0
820.0,537.0
820.0,794.0
820.0,799.0
820.0,800.0
821.0,275.0
821.0,293.0
821.0,502.0
821.0,704.0
821.0,730.0
856.0,821.0
913.0,821.0
822.0,519.0
822.0,759.0
822.0,772.0
881.0,822.0
916.0,822.0
834.0,823.0
853.0,823.0
929.0,823.0
947.0,823.0
955.0,823.0
824.0,436.0
824.0,477.0
824.0,693.0
824.0,773.0
825.0,16.0
825.0,786.0
826.0,554.0
826.0,635.0
826.0,818.0
981.0,826.0
983.0,826.0
827.0,489.0
827.0,669.0
827.0,715.0
967.0,827.0
828.0,21.0
828.0,677.0
828.0,686.0
988.0,828.0
829.0,155.0
829.0,279.0
829.0,574.0
829.0,603.0
878.0,829.0
830.0,773.0
854.0,830.0
932.0,830.0
978.0,830.0
997.0,830.0
831.0,83.0
831.0,761.0
831.0,801.0
879.0,831.0
938.0,831.0
832.0,319.0
987.0,832.0
833.0,76.0
834.0,216.0
843.0,834.0
875.0,834.0
912.0,834.0
965.0,834.0
835.0,551.0
835.0,662.0
835.0,770.0
835.0,773.0
893.0,835.0
969.0,835.0
989.0,835.0
836.0,753.0
836.0,792.0
864.0,836.0
971.0,836.0
837.0,250.0
837.0,734.0
854.0,837.0
942.0,837.0
838.0,307.0
838.0,822.0
992.0,838.0
839.0,154.0
839.0,518.0
839.0,691.0
877.0,839.0
840.0,72.0
840.0,765.0
840.0,803.0
865.0,840.0
886.0,840.0
963.0,840.0
841.0,121.0
841.0,752.0
874.0,841.0
842.0,229.0
866.0,842.0
843.0,180.0
843.0,329.0
843.0,692.0
843.0,781.0
881.0,843.0
903.0,843.0
929.0,843.0
934.0,843.0
844.0,442.0
844.0,707.0
844.0,764.0
844.0,770.0
848.0,844.0
910.0,844.0
845.0,754.0
845.0,763.0
906.0,845.0
912.0,845.0
921.0,845.0
846.0,258.0
846.0,706.0
854.0,846.0
847.0,77.0
847.0,97.0
847.0,104.0
847.0,259.0
847.0,707.0
847.0,718.0
847.0,744.0
847.0,828.0
887.0,847.0
848.0,263.0
848.0,353.0
848.0,397.0
848.0,531.0
848.0,679.0
848.0,776.0
851.0,848.0
880.0,848.0
885.0,848.0
849.0,389.0
849.0,399.0
849.0,843.0
850.0,208.0
850.0,239.0
850.0,318.0
850.0,695.0
850.0,705.0
850.0,814.0
850.0,818.0
908.0,850.0
920.0,850.0
926.0,850.0
969.0,850.0
977.0,850.0
987.0,850.0
989.0,850.0
851.0,372.0
851.0,783.0
948.0,851.0
852.0,192.0
852.0,243.0
852.0,412.0
852.0,609.0
852.0,730.0
852.0,740.0
878.0,852.0
906.0,852.0
911.0,852.0
951.0,852.0
960.0,852.0
853.0,259.0
853.0,293.0
945.0,853.0
854.0,566.0
888.0,854.0
925.0,854.0
969.0,854.0
855.0,234.0
855.0,455.0
855.0,506.0
855.0,554.0
855.0,742.0
855.0,783.0
855.0,789.0
855.0,818.0
979.0,855.0
856.0,31.0
856.0,519.0
856.0,583.0
856.0,770.0
856.0,824.0
955.0,856.0
857.0,717.0
947.0,857.0
858.0,311.0
858.0,798.0
858.0,856.0
953.0,858.0
859.0,758.0
859.0,782.0
915.0,859.0
860.0,137.0
860.0,424.0
860.0,718.0
860.0,750.0
860.0,822.0
997.0,860.0
861.0,435.0
861.0,502.0
861.0,742.0
868.0,861.0
946.0,861.0
960.0,861.0
862.0,676.0
862.0,723.0
862.0,780.0
921.0,862.0
863.0,204.0
863.0,590.0
863.0,828.0
915.0,863.0
971.0,863.0
864.0,692.0
865.0,370.0
865.0,447.0
865.0,686.0
865.0,754.0
865.0,834.0
871.0,865.0
971.0,865.0
866.0,296.0
866.0,753.0
926.0,866.0
867.0,108.0
867.0,227.0
867.0,313.0
867.0,320.0
867.0,454.0
968.0,867.0
868.0,73.0
868.0,443.0
868.0,630.0
868.0,694.0
868.0,702.0
877.0,868.0
986.0,868.0
869.0,789.0
943.0,869.0
870.0,185.0
871.0,0.0
872.0,475.0
872.0,670.0
872.0,675.0
872.0,684.0
980.0,872.0
873.0,340.0
873.0,458.0
874.0,61.0
874.0,127.0
983.0,874.0
875.0,183.0
875.0,576.0
875.0,698.0
893.0,875.0
898.0,875.0
932.0,875.0
947.0,875.0
876.0,129.0
876.0,682.0
876.0,752.0
876.0,793.0
876.0,824.0
974.0,876.0
877.0,364.0
877.0,520.0
877.0,834.0
877.0,839.0
933.0,877.0
934.0,877.0
955.0,877.0
878.0,75.0
878.0,721.0
878.0,752.0
878.0,836.0
879.0,132.0
879.0,160.0
879.0,258.0
879.0,447.0
879.0,715.0
879.0,776.0
879.0,814.0
879.0,824.0
889.0,879.0
898.0,879.0
948.0,879.0
880.0,50.0
880.0,84.0
880.0,702.0
880.0,840.0
880.0,850.0
951.0,880.0
881.0,664.0
881.0,838.0
890.0,881.0
909.0,881.0
928.0,881.0
932.0,881.0
882.0,632.0
882.0,721.0
882.0,738.0
882.0,827.0
883.0,510.0
883.0,761.0
901.0,883.0
884.0,71.0
884.0,668.0
884.0,816.0
884.0,822.0
897.0,884.0
932.0,884.0
885.0,266.0
885.0,328.0
885.0,698.0
885.0,752.0
885.0,868.0
885.0,876.0
915.0,885.0
971.0,885.0
973.0,885.0
886.0,595.0
886.0,712.0
886.0,718.0
886.0,815.0
926.0,886.0
940.0,886.0
946.0,886.0
887.0,180.0
887.0,384.0
887.0,878.0
888.0,201.0
888.0,415.0
888.0,418.0
888.0,670.0
888.0,762.0
888.0,804.0
888.0,808.0
888.0,832.0
906.0,888.0
889.0,8.0
889.0,593.0
889.0,776.0
889.0,888.0
980.0,889.0
992.0,889.0
890.0,377.0
890.0,672.0
890.0,772.0
890.0,797.0
891.0,745.0
891.0,772.0
891.0,775.0
891.0,855.0
891.0,866.0
892.0,20.0
892.0,44.0
892.0,246.0
892.0,868.0
893.0,46.0
893.0,67.0
893.0,667.0
893.0,669.0
893.0,883.0
984.0,893.0
894.0,72.0
894.0,104.0
894.0,129.0
894.0,719.0
895.0,392.0
895.0,546.0
895.0,716.0
895.0,821.0
895.0,860.0
896.0,433.0
896.0,704.0
896.0,852.0
896.0,854.0
896.0,855.0
913.0,896.0
897.0,44.0
897.0,333.0
897.0,606.0
897.0,713.0
897.0,735.0
898.0,574.0
898.0,744.0
899.0,34.0
899.0,170.0
899.0,211.0
933.0,899.0
900.0,48.0
900.0,675.0
900.0,699.0
900.0,723.0
900.0,850.0
970.0,900.0
901.0,608.0
901.0,633.0
901.0,720.0
901.0,875.0
910.0,901.0
997.0,901.0
902.0,242.0
902.0,360.0
902.0,775.0
902.0,814.0
903.0,51.0
903.0,638.0
903.0,668.0
903.0,733.0
903.0,746.0
904.0,73.0
904.0,176.0
936.0,904.0
905.0,182.0
905.0,584.0
905.0,770.0
905.0,844.0
905.0,891.0
906.0,8.0
906.0,73.0
906.0,671.0
907.0,743.0
907.0,789.0
907.0,864.0
907.0,879.0
907.0,884.0
908.0,131.0
908.0,284.0
908.0,531.0
908.0,625.0
908.0,672.0
908.0,898.0
909.0,98.0
909.0,443.0
909.0,843.0
910.0,130.0
910.0,529.0
910.0,775.0
910.0,864.0
911.0,155.0
911.0,671.0
911.0,900.0
936.0,911.0
980.0,911.0
912.0,124.0
912.0,261.0
912.0,430.0
913.0,161.0
914.0,712.0
914.0,801.0
914.0,802.0
914.0,895.0
915.0,356.0
915.0,676.0
916.0,192.0
916.0,817.0
920.0,916.0
997.0,916.0
917.0,393.0
917.0,570.0
917.0,747.0
917.0,749.0
917.0,794.0
918.0,107.0
918.0,219.0
918.0,669.0
918.0,850.0
918.0,861.0
918.0,890.0
918.0,900.0
928.0,918.0
961.0,918.0
967.0,918.0
919.0,146.0
919.0,176.0
919.0,747.0
919.0,762.0
920.0,364.0
920.0,669.0
920.0,716.0
920.0,810.0
984.0,920.0
922.0,921.0
930.0,921.0
931.0,921.0
977.0,921.0
922.0,377.0
922.0,609.0
922.0,753.0
923.0,338.0
923.0,738.0
923.0,771.0
923.0,773.0
923.0,816.0
924.0,299.0
924.0,669.0
924.0,796.0
973.0,924.0
981.0,924.0
925.0,697.0
925.0,722.0
925.0,833.0
925.0,849.0
951.0,925.0
957.0,925.0
926.0,406.0
971.0,926.0
927.0,218.0
927.0,458.0
927.0,464.0
927.0,686.0
927.0,780.0
927.0,884.0
964.0,927.0
928.0,667.0
928.0,805.0
928.0,846.0
952.0,928.0
966.0,928.0
929.0,685.0
929.0,713.0
929.0,741.0
929.0,804.0
929.0,902.0
930.0,593.0
930.0,681.0
930.0,687.0
930.0,723.0
930.0,735.0
934.0,930.0
986.0,930.0
931.0,351.0
931.0,558.0
931.0,607.0
931.0,617.0
931.0,776.0
931.0,843.0
932.0,489.0
932.0,519.0
932.0,901.0
964.0,932.0
933.0,18.0
933.0,25.0
933.0,44.0
933.0,60.0
933.0,882.0
934.0,274.0
934.0,718.0
935.0,61.0
935.0,666.0
935.0,698.0
935.0,708.0
935.0,808.0
935.0,848.0
936.0,447.0
936.0,757.0
936.0,827.0
936.0,902.0
936.0,915.0
936.0,925.0
937.0,287.0
937.0,573.0
938.0,937.0
938.0,690.0
938.0,820.0
938.0,858.0
938.0,911.0
979.0,938.0
939.0,75.0
939.0,844.0
939.0,905.0
939.0,936.0
959.0,939.0
940.0,19.0
940.0,24.0
940.0,350.0
941.0,311.0
941.0,454.0
941.0,712.0
941.0,738.0
941.0,743.0
941.0,860.0
941.0,871.0
942.0,149.0
942.0,451.0
942.0,677.0
942.0,850.0
942.0,867.0
942.0,881.0
942.0,896.0
943.0,15.0
943.0,267.0
943.0,577.0
943.0,760.0
986.0,943.0
944.0,174.0
944.0,372.0
944.0,682.0
944.0,720.0
944.0,722.0
944.0,891.0
945.0,138.0
945.0,310.0
945.0,368.0
945.0,755.0
974.0,945.0
946.0,555.0
946.0,594.0
946.0,694.0
946.0,717.0
946.0,743.0
946.0,844.0
946.0,942.0
967.0,946.0
986.0,946.0
947.0,577.0
947.0,719.0
947.0,756.0
947.0,785.0
947.0,809.0
947.0,885.0
979.0,947.0
948.0,714.0
948.0,870.0
948.0,896.0
948.0,941.0
949.0,145.0
949.0,265.0
949.0,784.0
968.0,949.0
950.0,640.0
950.0,682.0
950.0,901.0
951.0,470.0
951.0,753.0
951.0,760.0
951.0,827.0
951.0,914.0
951.0,917.0
952.0,115.0
952.0,166.0
952.0,435.0
952.0,460.0
952.0,668.0
952.0,883.0
979.0,952.0
953.0,18.0
953.0,241.0
953.0,827.0
953.0,853.0
953.0,894.0
954.0,523.0
954.0,831.0
954.0,880.0
955.0,109.0
955.0,216.0
955.0,297.0
955.0,312.0
955.0,716.0
955.0,749.0
955.0,803.0
968.0,955.0
994.0,955.0
956.0,35.0
956.0,287.0
956.0,580.0
956.0,688.0
969.0,956.0
957.0,412.0
957.0,616.0
957.0,723.0
957.0,801.0
957.0,812.0
957.0,882.0
977.0,957.0
958.0,491.0
958.0,629.0
958.0,819.0
959.0,56.0
959.0,271.0
959.0,560.0
959.0,703.0
959.0,735.0
959.0,869.0
960.0,5.0
960.0,341.0
960.0,770.0
960.0,775.0
961.0,33.0
961.0,296.0
961.0,662.0
961.0,734.0
961.0,809.0
961.0,816.0
961.0,818.0
961.0,826.0
961.0,899.0
961.0,937.0
970.0,961.0
962.0,148.0
962.0,163.0
962.0,749.0
962.0,859.0
962.0,925.0
983.0,962.0
963.0,672.0
992.0,963.0
964.0,426.0
964.0,721.0
964.0,752.0
964.0,868.0
964.0,950.0
965.0,745.0
965.0,862.0
965.0,881.0
966.0,303.0
966.0,814.0
966.0,830.0
966.0,958.0
967.0,67.0
967.0,309.0
967.0,369.0
967.0,537.0
967.0,751.0
967.0,901.0
968.0,737.0
968.0,888.0
969.0,968.0
969.0,599.0
969.0,793.0
970.0,253.0
970.0,288.0
970.0,559.0
970.0,561.0
970.0,605.0
970.0,652.0
970.0,748.0
970.0,755.0
970.0,776.0
970.0,801.0
971.0,714.0
998.0,971.0
972.0,196.0
972.0,223.0
972.0,765.0
972.0,804.0
972.0,858.0
973.0,388.0
973.0,698.0
974.0,170.0
974.0,367.0
974.0,530.0
974.0,933.0
975.0,320.0
975.0,515.0
975.0,674.0
975.0,744.0
975.0,936.0
975.0,944.0
975.0,945.0
987.0,975.0
976.0,317.0
976.0,523.0
976.0,785.0
976.0,945.0
977.0,18.0
977.0,567.0
977.0,799.0
977.0,876.0
978.0,370.0
978.0,835.0
978.0,931.0
979.0,14.0
979.0,149.0
979.0,411.0
979.0,606.0
979.0,720.0
979.0,802.0
979.0,822.0
979.0,937.0
996.0,979.0
980.0,5.0
980.0,57.0
980.0,691.0
980.0,890.0
980.0,908.0
981.0,80.0
981.0,110.0
981.0,266.0
981.0,556.0
981.0,594.0
981.0,700.0
981.0,918.0
982.0,376.0
982.0,386.0
982.0,657.0
982.0,664.0
982.0,749.0
982.0,758.0
982.0,819.0
982.0,854.0
982.0,901.0
990.0,982.0
983.0,748.0
983.0,808.0
983.0,899.0
983.0,972.0
984.0,600.0
984.0,810.0
984.0,815.0
984.0,932.0
984.0,956.0
985.0,134.0
985.0,690.0
985.0,843.0
985.0,847.0
985.0,929.0
986.0,76.0
986.0,375.0
986.0,472.0
986.0,711.0
986.0,950.0
987.0,199.0
987.0,234.0
987.0,666.0
987.0,780.0
987.0,845.0
987.0,944.0
988.0,864.0
988.0,890.0
988.0,982.0
994.0,988.0
989.0,325.0
989.0,679.0
989.0,726.0
989.0,772.0
989.0,909.0
989.0,979.0
990.0,56.0
990.0,615.0
990.0,771.0
990.0,837.0
990.0,859.0
990.0,917.0
990.0,966.0
991.0,52.0
991.0,346.0
991.0,352.0
991.0,673.0
991.0,685.0
991.0,706.0
992.0,289.0
992.0,483.0
992.0,841.0
992.0,875.0
992.0,930.0
992.0,941.0
993.0,398.0
993.0,704.0
993.0,888.0
994.0,319.0
994.0,517.0
994.0,880.0
994.0,916.0
994.0,931.0
994.0,980.0
994.0,984.0
995.0,196.0
995.0,280.0
995.0,683.0
995.0,921.0
995.0,957.0
996.0,19.0
996.0,109.0
996.0,438.0
996.0,684.0
996.0,758.0
996.0,819.0
996.0,835.0
996.0,925.0
996.0,947.0
996.0,985.0
997.0,138.0
997.0,235.0
997.0,684.0
997.0,843.0
998.0,609.0
998.0,764.0
998.0,845.0
998.0,891.0
999.0,49.0
999.0,204.0
0.0,487.0
0.0,880.0
1.0,102.0
1.0,144.0
1.0,184.0
1.0,218.0
1.0,231.0
1.0,576.0
1.0,898.0
1.0,987.0
2.0,225.0
2.0,261.0
2.0,358.0
2.0,519.0
2.0,574.0
3.0,58.0
3.0,189.0
3.0,192.0
3.0,633.0
3.0,650.0
3.0,834.0
4.0,249.0
5.0,233.0
5.0,698.0
5.0,738.0
6.0,396.0
6.0,422.0
6.0,596.0
6.0,626.0
7.0,53.0
7.0,748.0
7.0,811.0
7.0,856.0
8.0,9.0
8.0,124.0
8.0,192.0
8.0,241.0
8.0,355.0
8.0,545.0
8.0,782.0
8.0,950.0
8.0,983.0
8.0,9.0
9.0,37.0
9.0,136.0
9.0,169.0
9.0,221.0
9.0,382.0
9.0,681.0
9.0,797.0
10.0,26.0
10.0,37.0
10.0,765.0
0.0,11.0
11.0,44.0
11.0,140.0
11.0,265.0
11.0,270.0
11.0,502.0
12.0,102.0
12.0,110.0
12.0,253.0
12.0,257.0
12.0,379.0
13.0,19.0
13.0,28.0
13.0,147.0
13.0,179.0
13.0,210.0
13.0,225.0
13.0,283.0
13.0,325.0
13.0,449.0
13.0,639.0
2.0,14.0
14.0,226.0
14.0,249.0
14.0,352.0
14.0,649.0
14.0,966.0
15.0,115.0
15.0,161.0
15.0,859.0
16.0,131.0
16.0,134.0
16.0,237.0
16.0,342.0
16.0,434.0
16.0,848.0
16.0,984.0
17.0,65.0
17.0,237.0
17.0,319.0
17.0,329.0
17.0,847.0
17.0,984.0
18.0,21.0
18.0,132.0
18.0,255.0
18.0,286.0
18.0,583.0
18.0,669.0
19.0,46.0
19.0,172.0
19.0,261.0
19.0,286.0
19.0,834.0
19.0,973.0
20.0,252.0
21.0,79.0
21.0,197.0
21.0,591.0
1.0,22.0
22.0,206.0
22.0,314.0
22.0,648.0
22.0,869.0
3.0,23.0
23.0,68.0
23.0,77.0
23.0,101.0
23.0,218.0
23.0,389.0
23.0,824.0
3.0,24.0
24.0,116.0
24.0,129.0
24.0,624.0
20.0,25.0
25.0,176.0
25.0,177.0
25.0,390.0
25.0,585.0
26.0,82.0
26.0,147.0
26.0,155.0
26.0,199.0
26.0,927.0
27.0,93.0
27.0,126.0
27.0,256.0
27.0,310.0
28.0,458.0
29.0,131.0
29.0,145.0
29.0,193.0
29.0,257.0
29.0,374.0
29.0,524.0
29.0,578.0
29.0,585.0
29.0,636.0
10.0,30.0
25.0,30.0
30.0,127.0
30.0,175.0
30.0,257.0
30.0,320.0
30.0,355.0
30.0,634.0
30.0,729.0
30.0,927.0
31.0,48.0
31.0,72.0
31.0,470.0
32.0,98.0
32.0,155.0
32.0,248.0
32.0,318.0
32.0,358.0
32.0,366.0
32.0,984.0
33.0,115.0
33.0,164.0
33.0,170.0
33.0,285.0
33.0,575.0
33.0,577.0
33.0,686.0
34.0,53.0
34.0,109.0
34.0,187.0
34.0,284.0
34.0,411.0
34.0,828.0
10.0,35.0
35.0,86.0
35.0,104.0
35.0,232.0
35.0,516.0
36.0,168.0
36.0,197.0
36.0,245.0
36.0,425.0
36.0,640.0
36.0,770.0
21.0,37.0
37.0,53.0
37.0,119.0
37.0,140.0
37.0,290.0
37.0,450.0
37.0,892.0
38.0,818.0
17.0,39.0
39.0,76.0
39.0,108.0
39.0,180.0
39.0,416.0
39.0,738.0
40.0,51.0
40.0,69.0
40.0,114.0
40.0,180.0
40.0,350.0
40.0,368.0
40.0,534.0
40.0,981.0
40.0,991.0
0.0,41.0
41.0,72.0
41.0,146.0
41.0,185.0
41.0,760.0
16.0,42.0
42.0,87.0
42.0,142.0
42.0,149.0
42.0,367.0
42.0,735.0
21.0,43.0
43.0,46.0
43.0,255.0
43.0,298.0
43.0,324.0
43.0,450.0
44.0,164.0
44.0,286.0
45.0,58.0
45.0,133.0
45.0,268.0
45.0,270.0
45.0,748.0
6.0,46.0
46.0,127.0
46.0,217.0
46.0,921.0
33.0,47.0
47.0,95.0
47.0,174.0
47.0,181.0
47.0,290.0
47.0,325.0
47.0,760.0
47.0,843.0
48.0,824.0
0.0,49.0
15.0,49.0
49.0,98.0
49.0,315.0
49.0,655.0
49.0,886.0
49.0,970.0
49.0,985.0
50.0,125.0
50.0,283.0
50.0,317.0
50.0,606.0
50.0,613.0
50.0,754.0
50.0,949.0
51.0,75.0
51.0,89.0
51.0,256.0
51.0,821.0
51.0,991.0
52.0,111.0
52.0,147.0
52.0,189.0
52.0,293.0
53.0,71.0
53.0,86.0
53.0,285.0
53.0,609.0
53.0,855.0
54.0,117.0
54.0,199.0
54.0,781.0
55.0,62.0
55.0,279.0
55.0,291.0
55.0,794.0
55.0,898.0
56.0,93.0
56.0,156.0
56.0,178.0
56.0,412.0
56.0,598.0
56.0,669.0
45.0,57.0
57.0,84.0
57.0,109.0
57.0,154.0
57.0,194.0
57.0,493.0
57.0,669.0
58.0,91.0
58.0,125.0
58.0,234.0
58.0,267.0
58.0,401.0
59.0,66.0
59.0,890.0
59.0,939.0
60.0,100.0
60.0,120.0
60.0,139.0
60.0,311.0
60.0,345.0
60.0,552.0
60.0,637.0
60.0,831.0
60.0,930.0
13.0,61.0
61.0,92.0
61.0,111.0
61.0,112.0
61.0,122.0
61.0,181.0
61.0,206.0
61.0,209.0
61.0,302.0
61.0,631.0
61.0,775.0
61.0,894.0
61.0,958.0
33.0,62.0
62.0,327.0
10.0,63.0
63.0,73.0
63.0,137.0
63.0,277.0
63.0,437.0
63.0,609.0
63.0,963.0
9.0,64.0
64.0,489.0
64.0,779.0
65.0,114.0
65.0,175.0
65.0,331.0
65.0,510.0
65.0,586.0
65.0,868.0
65.0,910.0
66.0,104.0
66.0,138.0
66.0,169.0
66.0,187.0
66.0,242.0
66.0,389.0
66.0,446.0
66.0,572.0
66.0,655.0
12.0,67.0
67.0,508.0
68.0,74.0
68.0,80.0
68.0,148.0
68.0,278.0
68.0,314.0
68.0,447.0
69.0,73.0
69.0,120.0
69.0,138.0
69.0,301.0
69.0,328.0
69.0,474.0
69.0,557.0
70.0,118.0
70.0,193.0
70.0,237.0
70.0,284.0
70.0,302.0
70.0,323.0
48.0,71.0
71.0,161.0
71.0,259.0
71.0,301.0
72.0,123.0
72.0,264.0
72.0,269.0
72.0,814.0
72.0,903.0
72.0,979.0
73.0,306.0
73.0,399.0
73.0,723.0
73.0,986.0
15.0,74.0
62.0,74.0
74.0,359.0
74.0,406.0
72.0,75.0
75.0,242.0
75.0,245.0
75.0,249.0
75.0,867.0
75.0,979.0
76.0,684.0
31.0,77.0
35.0,77.0
77.0,266.0
77.0,887.0
76.0,78.0
78.0,97.0
78.0,203.0
78.0,423.0
78.0,779.0
78.0,887.0
78.0,915.0
79.0,212.0
79.0,233.0
79.0,325.0
79.0,906.0
54.0,80.0
80.0,551.0
80.0,567.0
80.0,654.0
60.0,81.0
81.0,158.0
81.0,189.0
81.0,259.0
81.0,374.0
81.0,433.0
81.0,550.0
81.0,866.0
82.0,105.0
82.0,107.0
82.0,468.0
82.0,616.0
82.0,688.0
83.0,118.0
83.0,338.0
83.0,84.0
84.0,139.0
84.0,184.0
84.0,253.0
84.0,445.0
84.0,626.0
84.0,834.0
84.0,872.0
84.0,999.0
32.0,85.0
36.0,85.0
69.0,85.0
85.0,223.0
85.0,617.0
85.0,633.0
46.0,86.0
72.0,86.0
86.0,191.0
86.0,494.0
86.0,731.0
87.0,93.0
87.0,670.0
87.0,932.0
87.0,984.0
88.0,124.0
88.0,146.0
88.0,161.0
88.0,375.0
88.0,556.0
88.0,823.0
88.0,917.0
88.0,958.0
89.0,278.0
89.0,305.0
89.0,595.0
89.0,761.0
89.0,902.0
89.0,955.0
90.0,428.0
90.0,468.0
90.0,727.0
20.0,91.0
28.0,91.0
89.0,91.0
91.0,316.0
91.0,782.0
92.0,228.0
71.0,93.0
83.0,93.0
93.0,246.0
93.0,267.0
93.0,325.0
93.0,338.0
93.0,453.0
81.0,94.0
86.0,94.0
94.0,107.0
94.0,181.0
94.0,241.0
94.0,334.0
94.0,391.0
94.0,551.0
95.0,866.0
96.0,125.0
96.0,239.0
96.0,244.0
96.0,574.0
96.0,742.0
96.0,763.0
1.0,97.0
97.0,264.0
60.0,98.0
98.0,109.0
98.0,266.0
98.0,308.0
98.0,477.0
98.0,932.0
99.0,103.0
99.0,231.0
99.0,328.0
99.0,728.0
100.0,882.0
101.0,156.0
101.0,769.0
65.0,102.0
102.0,293.0
102.0,713.0
103.0,104.0
103.0,245.0
103.0,324.0
103.0,540.0
104.0,854.0
104.0,926.0
11.0,105.0
17.0,105.0
105.0,210.0
105.0,543.0
21.0,106.0
52.0,106.0
106.0,153.0
52.0,107.0
107.0,498.0
0.0,108.0
109.0,291.0
109.0,377.0
39.0,110.0
90.0,110.0
110.0,250.0
110.0,267.0
110.0,414.0
110.0,505.0
110.0,605.0
110.0,774.0
110.0,815.0
15.0,111.0
109.0,111.0
111.0,112.0
111.0,195.0
111.0,221.0
112.0,142.0
112.0,164.0
112.0,221.0
112.0,259.0
112.0,277.0
112.0,350.0
112.0,908.0
65.0,113.0
78.0,113.0
113.0,126.0
113.0,217.0
113.0,279.0
113.0,436.0
113.0,490.0
113.0,832.0
113.0,917.0
114.0,163.0
114.0,197.0
114.0,315.0
114.0,385.0
114.0,412.0
114.0,847.0
114.0,862.0
115.0,122.0
115.0,157.0
115.0,214.0
115.0,310.0
115.0,400.0
115.0,835.0
116.0,117.0
116.0,133.0
116.0,154.0
116.0,577.0
117.0,203.0
117.0,221.0
117.0,733.0
15.0,118.0
118.0,200.0
118.0,230.0
118.0,250.0
118.0,306.0
118.0,919.0
119.0,157.0
119.0,259.0
119.0,399.0
94.0,120.0
120.0,191.0
120.0,349.0
120.0,421.0
120.0,444.0
120.0,929.0
121.0,171.0
121.0,181.0
121.0,246.0
121.0,713.0
121.0,752.0
122.0,339.0
122.0,377.0
122.0,409.0
123.0,151.0
123.0,188.0
123.0,327.0
123.0,959.0
23.0,124.0
122.0,124.0
124.0,206.0
124.0,672.0
125.0,242.0
125.0,331.0
125.0,453.0
31.0,126.0
126.0,163.0
126.0,228.0
126.0,655.0
126.0,933.0
25.0,127.0
127.0,130.0
127.0,231.0
127.0,234.0
127.0,374.0
127.0,431.0
127.0,871.0
127.0,959.0
127.0,997.0
76.0,128.0
91.0,128.0
97.0,128.0
105.0,128.0
128.0,142.0
128.0,182.0
128.0,259.0
128.0,270.0
129.0,144.0
129.0,201.0
129.0,350.0
129.0,478.0
129.0,817.0
22.0,130.0
44.0,130.0
78.0,130.0
114.0,130.0
130.0,204.0
130.0,212.0
130.0,319.0
130.0,416.0
78.0,131.0
123.0,131.0
131.0,315.0
131.0,349.0
132.0,343.0
132.0,834.0
34.0,133.0
75.0,133.0
80.0,133.0
121.0,133.0
133.0,151.0
133.0,193.0
133.0,310.0
133.0,462.0
49.0,134.0
119.0,134.0
134.0,150.0
134.0,169.0
134.0,314.0
113.0,135.0
135.0,188.0
135.0,266.0
135.0,329.0
135.0,720.0
135.0,988.0
135.0,999.0
134.0,136.0
136.0,137.0
136.0,176.0
136.0,329.0
136.0,590.0
136.0,718.0
137.0,209.0
137.0,265.0
138.0,195.0
138.0,224.0
138.0,331.0
138.0,364.0
138.0,367.0
138.0,458.0
138.0,564.0
64.0,139.0
92.0,139.0
108.0,139.0
139.0,245.0
139.0,304.0
139.0,359.0
139.0,401.0
139.0,624.0
139.0,676.0
139.0,742.0
139.0,752.0
118.0,140.0
140.0,175.0
140.0,389.0
140.0,407.0
140.0,957.0
2.0,141.0
141.0,386.0
141.0,565.0
141.0,999.0
129.0,142.0
142.0,148.0
142.0,287.0
142.0,522.0
142.0,722.0
91.0,143.0
143.0,275.0
143.0,293.0
143.0,656.0
143.0,980.0
2.0,144.0
39.0,144.0
144.0,265.0
144.0,278.0
144.0,320.0
52.0,145.0
85.0,145.0
144.0,145.0
145.0,146.0
145.0,168.0
145.0,565.0
145.0,604.0
145.0,871.0
93.0,146.0
146.0,577.0
146.0,896.0
146.0,965.0
118.0,147.0
147.0,158.0
147.0,168.0
147.0,237.0
147.0,370.0
147.0,376.0
147.0,445.0
5.0,148.0
148.0,283.0
148.0,866.0
149.0,173.0
149.0,222.0
149.0,284.0
149.0,331.0
149.0,927.0
96.0,150.0
115.0,150.0
150.0,182.0
150.0,243.0
150.0,906.0
150.0,955.0
31.0,151.0
113.0,151.0
118.0,151.0
9.0,152.0
100.0,152.0
112.0,152.0
152.0,222.0
152.0,285.0
152.0,410.0
98.0,153.0
153.0,213.0
153.0,236.0
153.0,332.0
153.0,549.0
154.0,925.0
7.0,155.0
39.0,155.0
82.0,155.0
155.0,730.0
155.0,750.0
155.0,951.0
99.0,156.0
156.0,201.0
156.0,206.0
156.0,478.0
156.0,667.0
156.0,769.0
156.0,928.0
157.0,216.0
157.0,227.0
157.0,675.0
34.0,158.0
154.0,158.0
158.0,189.0
158.0,206.0
158.0,710.0
158.0,957.0
159.0,175.0
159.0,388.0
159.0,939.0
159.0,953.0
0.0,160.0
9.0,160.0
32.0,160.0
160.0,218.0
160.0,246.0
41.0,161.0
104.0,161.0
123.0,161.0
161.0,321.0
161.0,836.0
19.0,162.0
48.0,162.0
160.0,162.0
162.0,331.0
162.0,574.0
162.0,964.0
162.0,977.0
163.0,260.0
163.0,275.0
163.0,392.0
163.0,761.0
163.0,778.0
70.0,164.0
121.0,164.0
164.0,196.0
164.0,253.0
164.0,525.0
164.0,590.0
164.0,690.0
164.0,968.0
165.0,238.0
165.0,408.0
90.0,166.0
94.0,166.0
166.0,236.0
61.0,167.0
86.0,167.0
167.0,259.0
167.0,386.0
5.0,168.0
89.0,168.0
168.0,271.0
36.0,169.0
169.0,234.0
169.0,276.0
169.0,297.0
169.0,719.0
57.0,170.0
164.0,171.0
171.0,244.0
171.0,691.0
132.0,172.0
157.0,172.0
172.0,200.0
172.0,928.0
50.0,173.0
56.0,173.0
124.0,173.0
135.0,173.0
173.0,270.0
173.0,298.0
173.0,334.0
173.0,647.0
173.0,697.0
173.0,713.0
173.0,827.0
173.0,833.0
174.0,738.0
174.0,982.0
30.0,175.0
60.0,175.0
74.0,175.0
163.0,175.0
175.0,189.0
175.0,433.0
31.0,176.0
86.0,176.0
176.0,236.0
176.0,313.0
176.0,476.0
176.0,759.0
17.0,177.0
177.0,274.0
177.0,865.0
178.0,250.0
178.0,318.0
178.0,371.0
178.0,558.0
178.0,691.0
178.0,927.0
178.0,946.0
178.0,962.0
3.0,179.0
28.0,179.0
30.0,179.0
173.0,179.0
179.0,759.0
12.0,180.0
126.0,180.0
180.0,195.0
180.0,299.0
180.0,321.0
180.0,965.0
180.0,999.0
26.0,181.0
141.0,181.0
181.0,222.0
181.0,727.0
182.0,186.0
182.0,949.0
87.0,183.0
119.0,183.0
183.0,295.0
183.0,415.0
183.0,827.0
183.0,858.0
56.0,184.0
67.0,184.0
184.0,221.0
184.0,224.0
184.0,284.0
184.0,538.0
126.0,185.0
165.0,185.0
184.0,185.0
185.0,284.0
185.0,352.0
185.0,511.0
185.0,871.0
186.0,359.0
186.0,715.0
32.0,187.0
81.0,187.0
187.0,254.0
187.0,705.0
18.0,188.0
147.0,188.0
169.0,188.0
188.0,205.0
188.0,285.0
2.0,189.0
39.0,189.0
189.0,244.0
189.0,377.0
127.0,190.0
163.0,190.0
187.0,190.0
190.0,519.0
17.0,191.0
93.0,191.0
126.0,191.0
191.0,212.0
191.0,273.0
191.0,316.0
191.0,318.0
191.0,842.0
99.0,192.0
192.0,245.0
192.0,277.0
97.0,193.0
171.0,193.0
193.0,323.0
193.0,346.0
193.0,606.0
193.0,753.0
193.0,872.0
182.0,194.0
194.0,214.0
194.0,332.0
194.0,413.0
194.0,556.0
107.0,195.0
195.0,200.0
195.0,223.0
195.0,262.0
195.0,320.0
195.0,970.0
196.0,207.0
196.0,375.0
196.0,751.0
196.0,923.0
116.0,197.0
197.0,276.0
197.0,302.0
173.0,198.0
198.0,214.0
198.0,273.0
198.0,296.0
198.0,302.0
198.0,454.0
198.0,916.0
199.0,239.0
199.0,313.0
199.0,867.0
151.0,200.0
171.0,200.0
200.0,328.0
200.0,648.0
59.0,201.0
130.0,201.0
201.0,234.0
201.0,327.0
201.0,500.0
201.0,664.0
54.0,202.0
67.0,202.0
75.0,202.0
79.0,202.0
100.0,202.0
198.0,202.0
202.0,217.0
202.0,260.0
202.0,322.0
202.0,489.0
202.0,762.0
88.0,203.0
184.0,203.0
203.0,666.0
203.0,761.0
109.0,204.0
115.0,204.0
204.0,230.0
204.0,649.0
204.0,677.0
157.0,205.0
203.0,205.0
205.0,259.0
205.0,415.0
205.0,514.0
56.0,206.0
104.0,206.0
150.0,206.0
206.0,249.0
206.0,336.0
206.0,504.0
206.0,728.0
59.0,207.0
115.0,207.0
205.0,207.0
207.0,679.0
159.0,208.0
208.0,234.0
208.0,786.0
208.0,884.0
209.0,222.0
209.0,316.0
209.0,894.0
210.0,264.0
210.0,831.0
210.0,892.0
211.0,234.0
211.0,265.0
211.0,292.0
0.0,212.0
213.0,251.0
213.0,252.0
213.0,363.0
213.0,374.0
213.0,514.0
50.0,214.0
64.0,214.0
96.0,214.0
214.0,331.0
214.0,887.0
214.0,903.0
37.0,215.0
194.0,215.0
205.0,215.0
215.0,240.0
215.0,248.0
215.0,837.0
26.0,216.0
216.0,705.0
216.0,715.0
56.0,217.0
156.0,217.0
192.0,217.0
217.0,253.0
23.0,218.0
193.0,218.0
218.0,265.0
218.0,354.0
218.0,429.0
218.0,668.0
22.0,219.0
45.0,219.0
57.0,219.0
76.0,219.0
219.0,251.0
219.0,294.0
219.0,524.0
219.0,746.0
219.0,831.0
15.0,220.0
59.0,220.0
157.0,220.0
184.0,220.0
205.0,220.0
210.0,220.0
220.0,427.0
62.0,221.0
181.0,221.0
194.0,221.0
221.0,305.0
221.0,383.0
221.0,452.0
221.0,536.0
221.0,811.0
221.0,952.0
221.0,957.0
50.0,222.0
173.0,222.0
185.0,222.0
222.0,225.0
222.0,294.0
222.0,311.0
222.0,322.0
222.0,429.0
222.0,439.0
222.0,855.0
100.0,223.0
115.0,223.0
122.0,223.0
158.0,223.0
182.0,223.0
71.0,224.0
133.0,224.0
224.0,263.0
224.0,283.0
224.0,324.0
224.0,732.0
1.0,225.0
45.0,225.0
82.0,225.0
129.0,225.0
169.0,225.0
225.0,246.0
225.0,871.0
16.0,226.0
144.0,226.0
226.0,266.0
226.0,271.0
226.0,314.0
226.0,594.0
118.0,227.0
184.0,227.0
208.0,227.0
227.0,228.0
227.0,234.0
227.0,765.0
14.0,228.0
170.0,228.0
228.0,246.0
228.0,254.0
228.0,304.0
228.0,735.0
228.0,861.0
228.0,992.0
227.0,229.0
229.0,441.0
229.0,493.0
229.0,536.0
229.0,651.0
230.0,250.0
230.0,412.0
217.0,231.0
231.0,295.0
231.0,952.0
5.0,232.0
118.0,232.0
203.0,232.0
209.0,232.0
232.0,241.0
232.0,524.0
232.0,534.0
232.0,565.0
232.0,710.0
156.0,233.0
177.0,233.0
191.0,233.0
233.0,386.0
43.0,234.0
141.0,234.0
230.0,234.0
234.0,820.0
234.0,826.0
43.0,235.0
191.0,235.0
235.0,437.0
235.0,603.0
235.0,616.0
235.0,670.0
0.0,236.0
66.0,236.0
185.0,236.0
233.0,236.0
236.0,531.0
236.0,788.0
237.0,261.0
237.0,391.0
52.0,238.0
82.0,238.0
141.0,238.0
238.0,245.0
238.0,380.0
238.0,496.0
238.0,907.0
170.0,239.0
239.0,267.0
239.0,471.0
239.0,983.0
9.0,240.0
36.0,240.0
40.0,240.0
120.0,240.0
240.0,461.0
240.0,885.0
97.0,241.0
241.0,354.0
241.0,892.0
241.0,898.0
25.0,242.0
66.0,242.0
103.0,242.0
188.0,242.0
241.0,242.0
242.0,380.0
242.0,382.0
19.0,243.0
23.0,243.0
144.0,243.0
227.0,243.0
242.0,243.0
243.0,274.0
34.0,244.0
150.0,244.0
184.0,244.0
200.0,244.0
244.0,452.0
244.0,999.0
4.0,245.0
106.0,245.0
200.0,245.0
245.0,302.0
245.0,532.0
245.0,770.0
121.0,246.0
246.0,313.0
246.0,849.0
246.0,910.0
128.0,247.0
141.0,247.0
196.0,247.0
244.0,247.0
247.0,264.0
247.0,302.0
1.0,248.0
63.0,248.0
216.0,248.0
248.0,940.0
177.0,249.0
204.0,249.0
249.0,292.0
249.0,421.0
249.0,966.0
27.0,250.0
50.0,250.0
90.0,250.0
137.0,250.0
250.0,325.0
250.0,810.0
250.0,846.0
194.0,251.0
251.0,745.0
251.0,787.0
41.0,252.0
38.0,253.0
79.0,253.0
85.0,253.0
86.0,253.0
253.0,517.0
253.0,641.0
254.0,322.0
254.0,486.0
206.0,255.0
208.0,255.0
255.0,286.0
255.0,328.0
255.0,963.0
26.0,256.0
69.0,256.0
80.0,256.0
91.0,256.0
252.0,256.0
256.0,362.0
19.0,257.0
257.0,318.0
257.0,685.0
257.0,783.0
257.0,801.0
257.0,922.0
10.0,258.0
97.0,258.0
143.0,258.0
164.0,258.0
220.0,258.0
258.0,307.0
258.0,327.0
258.0,330.0
258.0,652.0
79.0,259.0
111.0,259.0
128.0,259.0
254.0,259.0
259.0,305.0
259.0,547.0
259.0,711.0
259.0,949.0
133.0,260.0
158.0,260.0
188.0,260.0
207.0,260.0
260.0,278.0
260.0,411.0
260.0,554.0
260.0,992.0
29.0,261.0
199.0,261.0
0.0,262.0
101.0,263.0
248.0,263.0
263.0,271.0
263.0,753.0
104.0,264.0
119.0,264.0
264.0,431.0
264.0,663.0
264.0,951.0
11.0,265.0
57.0,265.0
227.0,265.0
265.0,275.0
265.0,758.0
56.0,266.0
60.0,266.0
266.0,439.0
134.0,267.0
267.0,432.0
36.0,268.0
74.0,268.0
187.0,268.0
191.0,268.0
268.0,325.0
22.0,269.0
61.0,269.0
130.0,269.0
227.0,269.0
269.0,898.0
151.0,270.0
210.0,270.0
270.0,287.0
270.0,402.0
270.0,600.0
3.0,271.0
50.0,271.0
107.0,271.0
176.0,271.0
254.0,271.0
271.0,620.0
43.0,272.0
92.0,272.0
245.0,272.0
272.0,301.0
272.0,630.0
56.0,273.0
87.0,273.0
119.0,273.0
130.0,273.0
188.0,273.0
189.0,273.0
196.0,273.0
220.0,273.0
273.0,421.0
273.0,541.0
121.0,274.0
179.0,274.0
274.0,278.0
274.0,381.0
274.0,395.0
274.0,707.0
274.0,789.0
246.0,275.0
190.0,276.0
276.0,684.0
60.0,277.0
85.0,277.0
99.0,277.0
277.0,683.0
277.0,989.0
91.0,278.0
228.0,278.0
278.0,321.0
278.0,399.0
278.0,694.0
278.0,827.0
34.0,279.0
135.0,279.0
155.0,279.0
230.0,279.0
252.0,279.0
279.0,628.0
65.0,280.0
43.0,281.0
281.0,690.0
15.0,282.0
34.0,282.0
155.0,282.0
196.0,282.0
226.0,282.0
282.0,320.0
282.0,557.0
282.0,618.0
193.0,283.0
219.0,283.0
253.0,283.0
283.0,636.0
9.0,284.0
14.0,284.0
93.0,284.0
127.0,284.0
267.0,284.0
284.0,476.0
3.0,285.0
120.0,285.0
258.0,285.0
285.0,518.0
285.0,628.0
40.0,286.0
202.0,286.0
242.0,286.0
251.0,286.0
286.0,667.0
286.0,734.0
0.0,287.0
7.0,288.0
152.0,288.0
288.0,294.0
288.0,302.0
288.0,548.0
0.0,289.0
187.0,289.0
212.0,289.0
289.0,309.0
289.0,952.0
117.0,290.0
121.0,290.0
126.0,290.0
290.0,326.0
290.0,331.0
290.0,337.0
290.0,560.0
290.0,798.0
290.0,831.0
290.0,946.0
56.0,291.0
121.0,291.0
188.0,291.0
248.0,291.0
96.0,292.0
222.0,292.0
292.0,398.0
93.0,293.0
293.0,521.0
71.0,294.0
99.0,294.0
114.0,294.0
168.0,294.0
294.0,652.0
203.0,295.0
295.0,435.0
295.0,727.0
295.0,801.0
40.0,296.0
172.0,296.0
231.0,296.0
245.0,296.0
296.0,893.0
296.0,908.0
297.0,317.0
297.0,324.0
297.0,565.0
297.0,604.0
297.0,643.0
154.0,298.0
172.0,298.0
183.0,298.0
193.0,298.0
242.0,298.0
298.0,407.0
298.0,697.0
61.0,299.0
119.0,299.0
177.0,299.0
105.0,300.0
300.0,399.0
300.0,427.0
300.0,955.0
6.0,301.0
28.0,301.0
79.0,301.0
301.0,513.0
301.0,607.0
301.0,921.0
79.0,302.0
101.0,302.0
169.0,302.0
302.0,307.0
302.0,579.0
302.0,723.0
302.0,823.0
302.0,894.0
110.0,303.0
299.0,303.0
28.0,304.0
33.0,304.0
111.0,304.0
134.0,304.0
222.0,304.0
304.0,318.0
100.0,305.0
105.0,305.0
209.0,305.0
303.0,305.0
305.0,328.0
305.0,471.0
305.0,649.0
305.0,709.0
305.0,774.0
305.0,878.0
16.0,306.0
62.0,306.0
69.0,306.0
197.0,306.0
306.0,722.0
110.0,307.0
114.0,307.0
257.0,307.0
283.0,307.0
307.0,415.0
307.0,536.0
300.0,308.0
308.0,419.0
308.0,711.0
178.0,309.0
309.0,323.0
309.0,532.0
309.0,601.0
50.0,310.0
106.0,310.0
115.0,310.0
310.0,311.0
310.0,889.0
106.0,311.0
141.0,311.0
146.0,311.0
311.0,484.0
311.0,746.0
311.0,813.0
311.0,997.0
159.0,312.0
287.0,312.0
312.0,637.0
31.0,313.0
53.0,313.0
91.0,313.0
175.0,313.0
234.0,313.0
289.0,313.0
313.0,870.0
40.0,314.0
264.0,314.0
45.0,315.0
181.0,315.0
267.0,315.0
315.0,781.0
10.0,316.0
240.0,316.0
258.0,316.0
316.0,883.0
316.0,920.0
26.0,317.0
73.0,317.0
317.0,370.0
317.0,549.0
317.0,728.0
1.0,318.0
5.0,318.0
173.0,318.0
178.0,318.0
196.0,318.0
236.0,318.0
318.0,319.0
318.0,866.0
26.0,319.0
105.0,319.0
130.0,319.0
197.0,319.0
298.0,319.0
319.0,579.0
319.0,663.0
319.0,683.0
319.0,853.0
118.0,320.0
154.0,320.0
320.0,642.0
28.0,321.0
86.0,321.0
103.0,321.0
118.0,321.0
134.0,321.0
155.0,321.0
167.0,321.0
321.0,324.0
321.0,427.0
321.0,450.0
321.0,472.0
321.0,739.0
10.0,322.0
38.0,322.0
145.0,322.0
292.0,322.0
322.0,372.0
322.0,389.0
322.0,701.0
28.0,323.0
143.0,323.0
295.0,323.0
26.0,324.0
144.0,324.0
146.0,324.0
261.0,324.0
324.0,542.0
325.0,876.0
146.0,326.0
191.0,326.0
33.0,327.0
327.0,596.0
327.0,703.0
327.0,832.0
327.0,851.0
122.0,328.0
328.0,402.0
328.0,502.0
29.0,329.0
120.0,329.0
300.0,329.0
329.0,485.0
329.0,596.0
52.0,330.0
65.0,330.0
71.0,330.0
167.0,330.0
324.0,330.0
330.0,416.0
330.0,954.0
303.0,331.0
331.0,461.0
331.0,628.0
44.0,332.0
283.0,332.0
332.0,505.0
332.0,631.0
332.0,781.0
332.0,958.0
333.0,619.0
333.0,642.0
333.0,664.0
333.0,693.0
334.0,599.0
335.0,429.0
335.0,462.0
335.0,642.0
335.0,669.0
335.0,697.0
335.0,787.0
134.0,336.0
336.0,402.0
336.0,688.0
336.0,755.0
312.0,337.0
337.0,669.0
68.0,338.0
338.0,359.0
338.0,442.0
338.0,511.0
338.0,557.0
338.0,568.0
338.0,586.0
338.0,654.0
338.0,668.0
205.0,339.0
339.0,405.0
339.0,432.0
339.0,452.0
339.0,479.0
339.0,504.0
339.0,537.0
339.0,654.0
340.0,415.0
340.0,466.0
340.0,526.0
340.0,527.0
340.0,763.0
32.0,341.0
263.0,341.0
341.0,346.0
341.0,399.0
341.0,504.0
341.0,587.0
341.0,625.0
28.0,342.0
342.0,373.0
342.0,463.0
342.0,639.0
24.0,343.0
169.0,343.0
340.0,343.0
343.0,480.0
343.0,558.0
343.0,576.0
343.0,610.0
140.0,344.0
344.0,367.0
344.0,756.0
344.0,831.0
344.0,924.0
345.0,640.0
345.0,664.0
345.0,893.0
86.0,346.0
346.0,348.0
346.0,392.0
346.0,429.0
346.0,451.0
346.0,466.0
346.0,572.0
346.0,590.0
346.0,606.0
346.0,683.0
347.0,373.0
347.0,533.0
347.0,656.0
347.0,660.0
348.0,481.0
348.0,559.0
349.0,525.0
349.0,583.0
349.0,665.0
349.0,763.0
177.0,350.0
350.0,490.0
350.0,522.0
351.0,461.0
351.0,497.0
351.0,564.0
351.0,581.0
351.0,639.0
351.0,662.0
351.0,925.0
352.0,475.0
352.0,477.0
352.0,532.0
352.0,590.0
352.0,603.0
14.0,353.0
86.0,353.0
240.0,353.0
344.0,353.0
347.0,353.0
353.0,428.0
353.0,608.0
353.0,763.0
153.0,354.0
351.0,354.0
354.0,398.0
354.0,450.0
354.0,460.0
354.0,526.0
355.0,390.0
355.0,591.0
355.0,597.0
355.0,607.0
355.0,662.0
355.0,839.0
3.0,356.0
44.0,356.0
336.0,356.0
356.0,526.0
356.0,652.0
356.0,767.0
356.0,845.0
357.0,542.0
357.0,575.0
357.0,791.0
295.0,358.0
350.0,358.0
358.0,462.0
174.0,359.0
359.0,386.0
359.0,395.0
359.0,401.0
359.0,466.0
359.0,538.0
359.0,543.0
359.0,565.0
359.0,677.0
20.0,360.0
96.0,360.0
218.0,360.0
277.0,360.0
341.0,360.0
345.0,360.0
360.0,402.0
360.0,418.0
360.0,452.0
360.0,573.0
360.0,635.0
360.0,661.0
361.0,487.0
361.0,500.0
361.0,562.0
361.0,759.0
121.0,362.0
139.0,362.0
172.0,362.0
362.0,365.0
362.0,380.0
362.0,414.0
362.0,433.0
362.0,524.0
362.0,630.0
0.0,363.0
364.0,374.0
364.0,397.0
364.0,470.0
364.0,480.0
364.0,931.0
365.0,422.0
365.0,640.0
365.0,852.0
196.0,366.0
366.0,389.0
366.0,490.0
366.0,643.0
366.0,927.0
131.0,367.0
367.0,374.0
367.0,409.0
367.0,431.0
367.0,526.0
367.0,567.0
367.0,576.0
367.0,761.0
367.0,968.0
368.0,578.0
369.0,483.0
369.0,551.0
369.0,556.0
369.0,632.0
160.0,370.0
289.0,370.0
370.0,424.0
370.0,490.0
370.0,569.0
370.0,801.0
220.0,371.0
371.0,505.0
371.0,562.0
371.0,710.0
371.0,791.0
363.0,372.0
372.0,669.0
372.0,965.0
372.0,998.0
150.0,373.0
189.0,373.0
373.0,401.0
373.0,971.0
374.0,408.0
374.0,412.0
374.0,454.0
374.0,647.0
374.0,815.0
374.0,850.0
374.0,958.0
374.0,986.0
144.0,375.0
363.0,375.0
375.0,380.0
375.0,411.0
375.0,415.0
375.0,475.0
375.0,497.0
375.0,545.0
375.0,568.0
375.0,608.0
375.0,757.0
350.0,376.0
376.0,492.0
376.0,510.0
376.0,693.0
377.0,424.0
377.0,619.0
368.0,378.0
378.0,494.0
378.0,633.0
378.0,829.0
378.0,992.0
209.0,379.0
379.0,412.0
379.0,566.0
380.0,542.0
380.0,596.0
380.0,903.0
380.0,977.0
360.0,381.0
381.0,464.0
381.0,537.0
92.0,382.0
382.0,427.0
382.0,466.0
382.0,467.0
382.0,473.0
382.0,524.0
382.0,536.0
382.0,699.0
347.0,383.0
383.0,426.0
383.0,446.0
383.0,476.0
383.0,580.0
383.0,643.0
383.0,811.0
383.0,898.0
128.0,384.0
384.0,591.0
384.0,605.0
384.0,614.0
384.0,945.0
384.0,997.0
151.0,385.0
313.0,385.0
385.0,507.0
55.0,386.0
71.0,386.0
386.0,480.0
386.0,515.0
386.0,520.0
386.0,549.0
386.0,757.0
386.0,856.0
387.0,418.0
387.0,443.0
387.0,469.0
387.0,530.0
387.0,534.0
387.0,835.0
387.0,895.0
387.0,963.0
145.0,388.0
176.0,388.0
388.0,423.0
388.0,458.0
389.0,444.0
389.0,539.0
389.0,542.0
389.0,942.0
25.0,390.0
390.0,543.0
390.0,605.0
391.0,515.0
391.0,589.0
391.0,755.0
391.0,791.0
391.0,792.0
391.0,800.0
392.0,477.0
392.0,528.0
146.0,393.0
282.0,393.0
393.0,409.0
393.0,620.0
351.0,394.0
394.0,623.0
394.0,976.0
137.0,395.0
276.0,395.0
343.0,395.0
395.0,468.0
395.0,505.0
395.0,846.0
395.0,891.0
253.0,396.0
335.0,396.0
349.0,396.0
396.0,482.0
396.0,547.0
396.0,606.0
396.0,626.0
396.0,628.0
397.0,412.0
397.0,590.0
397.0,600.0
87.0,398.0
111.0,398.0
398.0,540.0
398.0,633.0
399.0,533.0
399.0,557.0
399.0,656.0
399.0,657.0
399.0,673.0
399.0,950.0
89.0,400.0
400.0,489.0
400.0,600.0
400.0,608.0
86.0,401.0
401.0,626.0
401.0,881.0
402.0,479.0
402.0,735.0
402.0,773.0
402.0,777.0
402.0,818.0
402.0,915.0
341.0,403.0
403.0,668.0
323.0,404.0
396.0,404.0
404.0,425.0
404.0,517.0
404.0,596.0
92.0,405.0
347.0,405.0
404.0,405.0
405.0,468.0
405.0,556.0
209.0,406.0
342.0,406.0
406.0,632.0
123.0,407.0
407.0,463.0
407.0,873.0
384.0,408.0
408.0,552.0
408.0,855.0
408.0,960.0
222.0,409.0
393.0,409.0
409.0,508.0
409.0,540.0
409.0,546.0
409.0,581.0
409.0,585.0
409.0,597.0
409.0,632.0
409.0,649.0
409.0,660.0
96.0,410.0
410.0,450.0
410.0,476.0
410.0,549.0
410.0,590.0
410.0,603.0
410.0,606.0
410.0,750.0
383.0,411.0
400.0,411.0
411.0,484.0
411.0,551.0
411.0,567.0
411.0,592.0
411.0,784.0
177.0,412.0
400.0,412.0
412.0,804.0
412.0,959.0
365.0,413.0
381.0,413.0
413.0,478.0
413.0,525.0
265.0,414.0
414.0,495.0
108.0,415.0
167.0,415.0
272.0,415.0
278.0,415.0
412.0,415.0
415.0,451.0
415.0,462.0
415.0,571.0
415.0,581.0
415.0,603.0
415.0,665.0
14.0,416.0
416.0,497.0
416.0,966.0
364.0,417.0
393.0,417.0
417.0,766.0
224.0,418.0
366.0,418.0
418.0,422.0
418.0,454.0
418.0,519.0
418.0,596.0
418.0,701.0
419.0,537.0
419.0,629.0
420.0,445.0
82.0,421.0
421.0,445.0
421.0,891.0
421.0,969.0
364.0,422.0
422.0,448.0
422.0,461.0
179.0,423.0
421.0,423.0
423.0,506.0
423.0,510.0
423.0,639.0
51.0,424.0
424.0,731.0
424.0,798.0
424.0,913.0
398.0,425.0
425.0,443.0
425.0,490.0
425.0,860.0
287.0,426.0
426.0,579.0
426.0,580.0
426.0,641.0
426.0,826.0
250.0,427.0
427.0,437.0
427.0,448.0
427.0,533.0
254.0,428.0
363.0,428.0
4.0,429.0
373.0,429.0
374.0,429.0
426.0,429.0
429.0,464.0
429.0,505.0
429.0,616.0
429.0,931.0
28.0,430.0
293.0,430.0
326.0,430.0
430.0,461.0
430.0,755.0
53.0,431.0
240.0,431.0
254.0,431.0
431.0,532.0
431.0,725.0
366.0,432.0
408.0,432.0
432.0,453.0
432.0,516.0
432.0,592.0
432.0,747.0
432.0,821.0
103.0,433.0
203.0,433.0
404.0,433.0
117.0,434.0
434.0,492.0
434.0,596.0
434.0,701.0
247.0,435.0
352.0,435.0
435.0,605.0
435.0,614.0
435.0,660.0
435.0,690.0
338.0,436.0
363.0,436.0
365.0,436.0
436.0,606.0
436.0,628.0
436.0,943.0
30.0,437.0
437.0,626.0
437.0,646.0
437.0,923.0
183.0,438.0
438.0,470.0
439.0,578.0
345.0,440.0
407.0,440.0
440.0,480.0
440.0,508.0
440.0,578.0
440.0,599.0
440.0,643.0
144.0,441.0
194.0,441.0
247.0,441.0
436.0,441.0
441.0,623.0
441.0,760.0
442.0,457.0
442.0,534.0
442.0,539.0
442.0,542.0
442.0,579.0
442.0,580.0
442.0,640.0
26.0,443.0
37.0,443.0
443.0,557.0
443.0,632.0
443.0,663.0
287.0,444.0
414.0,444.0
444.0,566.0
444.0,627.0
444.0,683.0
444.0,787.0
177.0,445.0
422.0,445.0
445.0,511.0
445.0,552.0
445.0,611.0
445.0,650.0
445.0,947.0
315.0,446.0
373.0,446.0
391.0,446.0
446.0,552.0
446.0,581.0
446.0,916.0
12.0,447.0
134.0,447.0
164.0,447.0
255.0,447.0
363.0,448.0
364.0,448.0
386.0,448.0
390.0,448.0
448.0,485.0
448.0,720.0
448.0,759.0
299.0,449.0
403.0,449.0
449.0,465.0
449.0,495.0
449.0,513.0
304.0,450.0
450.0,631.0
450.0,834.0
450.0,873.0
450.0,923.0
450.0,959.0
323.0,451.0
390.0,451.0
433.0,451.0
451.0,470.0
451.0,559.0
451.0,568.0
77.0,452.0
440.0,452.0
452.0,455.0
452.0,596.0
391.0,453.0
454.0,490.0
454.0,531.0
454.0,581.0
454.0,641.0
454.0,687.0
331.0,455.0
356.0,455.0
409.0,455.0
455.0,605.0
455.0,650.0
455.0,709.0
455.0,809.0
11.0,456.0
104.0,456.0
158.0,456.0
329.0,456.0
391.0,456.0
427.0,456.0
456.0,511.0
456.0,527.0
456.0,545.0
456.0,546.0
456.0,577.0
456.0,610.0
123.0,457.0
369.0,457.0
410.0,457.0
457.0,502.0
457.0,740.0
457.0,994.0
452.0,458.0
458.0,519.0
458.0,544.0
458.0,581.0
458.0,787.0
253.0,459.0
292.0,459.0
459.0,476.0
459.0,480.0
459.0,500.0
459.0,711.0
459.0,861.0
460.0,555.0
460.0,634.0
460.0,706.0
373.0,461.0
461.0,584.0
461.0,908.0
276.0,462.0
354.0,462.0
462.0,510.0
462.0,513.0
176.0,463.0
366.0,463.0
408.0,463.0
463.0,471.0
463.0,573.0
463.0,578.0
463.0,601.0
463.0,652.0
463.0,696.0
464.0,567.0
464.0,827.0
255.0,465.0
386.0,465.0
403.0,465.0
438.0,465.0
451.0,465.0
465.0,486.0
465.0,777.0
465.0,798.0
72.0,466.0
81.0,466.0
398.0,466.0
466.0,517.0
466.0,822.0
466.0,893.0
1.0,467.0
432.0,467.0
439.0,467.0
443.0,467.0
467.0,517.0
467.0,591.0
467.0,654.0
467.0,837.0
468.0,547.0
468.0,576.0
468.0,592.0
468.0,838.0
464.0,469.0
469.0,472.0
469.0,478.0
469.0,511.0
469.0,656.0
469.0,874.0
469.0,886.0
469.0,977.0
14.0,470.0
470.0,537.0
470.0,644.0
313.0,471.0
365.0,471.0
471.0,642.0
63.0,472.0
64.0,472.0
252.0,472.0
379.0,472.0
407.0,472.0
472.0,956.0
367.0,473.0
441.0,473.0
473.0,588.0
473.0,728.0
387.0,474.0
474.0,805.0
400.0,475.0
401.0,475.0
475.0,497.0
475.0,517.0
475.0,617.0
475.0,723.0
475.0,809.0
475.0,940.0
88.0,476.0
363.0,476.0
436.0,476.0
476.0,479.0
476.0,687.0
477.0,500.0
477.0,587.0
477.0,595.0
477.0,615.0
429.0,478.0
478.0,773.0
211.0,479.0
412.0,479.0
479.0,615.0
479.0,835.0
479.0,936.0
480.0,523.0
480.0,632.0
408.0,481.0
481.0,514.0
481.0,717.0
74.0,482.0
475.0,482.0
482.0,507.0
482.0,636.0
482.0,758.0
482.0,799.0
121.0,483.0
125.0,483.0
387.0,483.0
430.0,483.0
483.0,555.0
483.0,588.0
26.0,484.0
158.0,484.0
419.0,484.0
189.0,485.0
245.0,485.0
284.0,485.0
368.0,485.0
465.0,485.0
485.0,522.0
485.0,804.0
32.0,486.0
417.0,486.0
421.0,486.0
468.0,486.0
486.0,504.0
486.0,634.0
487.0,511.0
487.0,634.0
433.0,488.0
484.0,488.0
488.0,595.0
489.0,608.0
489.0,610.0
489.0,632.0
86.0,490.0
114.0,490.0
425.0,490.0
490.0,689.0
490.0,802.0
435.0,491.0
481.0,491.0
491.0,554.0
491.0,622.0
385.0,492.0
492.0,629.0
492.0,734.0
492.0,921.0
90.0,493.0
160.0,493.0
404.0,493.0
493.0,638.0
493.0,662.0
493.0,783.0
493.0,931.0
60.0,494.0
89.0,494.0
363.0,494.0
386.0,494.0
474.0,494.0
495.0,617.0
250.0,496.0
350.0,496.0
353.0,496.0
438.0,496.0
442.0,496.0
471.0,496.0
496.0,593.0
496.0,644.0
496.0,719.0
496.0,809.0
102.0,497.0
313.0,497.0
369.0,497.0
407.0,497.0
468.0,497.0
497.0,528.0
497.0,586.0
497.0,614.0
497.0,686.0
339.0,498.0
429.0,498.0
485.0,498.0
498.0,633.0
498.0,736.0
498.0,762.0
498.0,832.0
466.0,499.0
499.0,590.0
499.0,743.0
499.0,946.0
417.0,500.0
500.0,580.0
500.0,612.0
500.0,651.0
203.0,501.0
435.0,501.0
491.0,501.0
23.0,502.0
292.0,502.0
362.0,502.0
459.0,502.0
472.0,502.0
502.0,515.0
502.0,543.0
502.0,557.0
502.0,563.0
502.0,619.0
502.0,885.0
143.0,503.0
157.0,503.0
339.0,503.0
369.0,503.0
385.0,503.0
411.0,503.0
495.0,503.0
503.0,644.0
503.0,662.0
503.0,899.0
504.0,572.0
504.0,803.0
210.0,505.0
356.0,505.0
473.0,505.0
505.0,615.0
505.0,835.0
3.0,506.0
289.0,506.0
506.0,523.0
506.0,612.0
506.0,692.0
506.0,767.0
79.0,507.0
392.0,507.0
503.0,507.0
507.0,538.0
210.0,508.0
491.0,508.0
508.0,591.0
508.0,594.0
508.0,640.0
254.0,509.0
509.0,613.0
509.0,633.0
372.0,510.0
510.0,734.0
510.0,834.0
48.0,511.0
400.0,511.0
431.0,511.0
490.0,511.0
511.0,535.0
341.0,512.0
462.0,512.0
477.0,512.0
512.0,694.0
512.0,793.0
408.0,513.0
414.0,513.0
416.0,513.0
465.0,513.0
513.0,658.0
513.0,846.0
304.0,514.0
424.0,514.0
489.0,514.0
514.0,831.0
295.0,515.0
515.0,596.0
515.0,743.0
515.0,852.0
385.0,516.0
432.0,516.0
435.0,516.0
468.0,516.0
516.0,549.0
516.0,639.0
516.0,656.0
72.0,517.0
390.0,517.0
440.0,517.0
515.0,517.0
517.0,952.0
461.0,518.0
501.0,518.0
518.0,519.0
518.0,603.0
518.0,625.0
518.0,629.0
518.0,819.0
227.0,519.0
368.0,519.0
449.0,519.0
457.0,519.0
519.0,995.0
372.0,520.0
402.0,520.0
405.0,520.0
443.0,520.0
520.0,694.0
33.0,521.0
521.0,602.0
521.0,773.0
417.0,522.0
421.0,522.0
464.0,522.0
491.0,522.0
522.0,532.0
522.0,630.0
522.0,641.0
522.0,674.0
427.0,523.0
523.0,620.0
523.0,902.0
391.0,524.0
524.0,549.0
524.0,584.0
179.0,525.0
352.0,525.0
486.0,525.0
525.0,604.0
77.0,526.0
162.0,526.0
225.0,526.0
343.0,526.0
365.0,526.0
422.0,526.0
475.0,526.0
526.0,555.0
526.0,562.0
526.0,593.0
440.0,527.0
527.0,772.0
527.0,945.0
163.0,528.0
476.0,528.0
493.0,529.0
529.0,532.0
64.0,530.0
431.0,530.0
204.0,531.0
483.0,531.0
531.0,546.0
531.0,720.0
326.0,532.0
347.0,532.0
348.0,532.0
532.0,557.0
532.0,584.0
532.0,657.0
532.0,870.0
98.0,533.0
251.0,533.0
339.0,533.0
409.0,533.0
533.0,568.0
533.0,951.0
419.0,534.0
534.0,542.0
534.0,606.0
534.0,769.0
534.0,833.0
446.0,535.0
501.0,535.0
535.0,543.0
535.0,552.0
535.0,559.0
535.0,628.0
535.0,635.0
535.0,662.0
535.0,894.0
535.0,909.0
49.0,536.0
121.0,536.0
270.0,536.0
389.0,536.0
528.0,536.0
536.0,550.0
536.0,626.0
204.0,537.0
361.0,537.0
486.0,537.0
507.0,537.0
513.0,537.0
536.0,537.0
232.0,538.0
484.0,538.0
521.0,538.0
538.0,541.0
538.0,601.0
538.0,648.0
538.0,655.0
539.0,633.0
353.0,540.0
540.0,595.0
540.0,652.0
540.0,705.0
540.0,711.0
540.0,794.0
540.0,938.0
365.0,541.0
487.0,541.0
516.0,541.0
541.0,557.0
337.0,542.0
352.0,542.0
542.0,582.0
125.0,543.0
425.0,543.0
526.0,543.0
527.0,543.0
543.0,550.0
31.0,544.0
393.0,544.0
400.0,544.0
470.0,544.0
484.0,544.0
544.0,551.0
544.0,555.0
544.0,619.0
544.0,638.0
544.0,686.0
544.0,927.0
264.0,545.0
388.0,545.0
257.0,546.0
300.0,546.0
340.0,546.0
465.0,546.0
495.0,546.0
546.0,891.0
344.0,547.0
467.0,547.0
470.0,547.0
547.0,639.0
182.0,548.0
353.0,548.0
521.0,548.0
534.0,548.0
548.0,597.0
548.0,782.0
114.0,549.0
122.0,549.0
249.0,549.0
472.0,550.0
511.0,550.0
550.0,561.0
550.0,649.0
83.0,551.0
348.0,551.0
496.0,551.0
500.0,551.0
233.0,552.0
552.0,894.0
122.0,553.0
221.0,553.0
360.0,553.0
389.0,553.0
431.0,553.0
524.0,553.0
528.0,553.0
553.0,644.0
49.0,554.0
385.0,554.0
499.0,554.0
554.0,651.0
554.0,774.0
554.0,874.0
517.0,555.0
555.0,967.0
102.0,556.0
556.0,583.0
556.0,804.0
246.0,557.0
353.0,557.0
367.0,557.0
414.0,557.0
459.0,557.0
553.0,557.0
557.0,564.0
557.0,631.0
557.0,655.0
432.0,558.0
494.0,558.0
520.0,558.0
558.0,607.0
558.0,664.0
406.0,559.0
474.0,559.0
559.0,649.0
366.0,560.0
371.0,560.0
533.0,560.0
42.0,561.0
174.0,561.0
240.0,561.0
461.0,561.0
561.0,605.0
561.0,631.0
561.0,821.0
333.0,562.0
382.0,562.0
479.0,562.0
378.0,563.0
388.0,563.0
550.0,563.0
563.0,784.0
564.0,656.0
564.0,833.0
45.0,565.0
188.0,565.0
447.0,565.0
565.0,620.0
95.0,566.0
136.0,566.0
352.0,566.0
436.0,566.0
566.0,950.0
380.0,567.0
419.0,567.0
503.0,567.0
504.0,567.0
538.0,567.0
567.0,589.0
74.0,568.0
281.0,568.0
339.0,568.0
436.0,568.0
449.0,568.0
568.0,669.0
568.0,970.0
53.0,569.0
411.0,569.0
569.0,627.0
569.0,802.0
569.0,939.0
7.0,570.0
350.0,570.0
536.0,570.0
559.0,570.0
570.0,577.0
570.0,658.0
148.0,571.0
247.0,571.0
341.0,571.0
430.0,571.0
457.0,571.0
540.0,571.0
68.0,572.0
94.0,572.0
353.0,572.0
463.0,572.0
508.0,572.0
554.0,572.0
555.0,572.0
572.0,745.0
572.0,803.0
572.0,860.0
179.0,573.0
367.0,573.0
397.0,573.0
573.0,628.0
573.0,715.0
573.0,853.0
13.0,574.0
143.0,574.0
148.0,574.0
402.0,574.0
433.0,574.0
455.0,574.0
515.0,574.0
574.0,579.0
271.0,575.0
428.0,575.0
525.0,575.0
543.0,575.0
575.0,802.0
336.0,576.0
532.0,576.0
576.0,750.0
576.0,908.0
234.0,577.0
358.0,577.0
577.0,594.0
577.0,626.0
577.0,634.0
577.0,732.0
278.0,578.0
284.0,578.0
404.0,578.0
578.0,615.0
578.0,979.0
368.0,579.0
469.0,579.0
579.0,598.0
579.0,741.0
579.0,906.0
579.0,997.0
421.0,580.0
449.0,580.0
458.0,580.0
530.0,580.0
79.0,581.0
429.0,581.0
566.0,581.0
582.0,591.0
25.0,583.0
389.0,583.0
500.0,583.0
520.0,583.0
542.0,583.0
565.0,583.0
577.0,583.0
583.0,905.0
584.0,616.0
584.0,816.0
423.0,585.0
555.0,585.0
394.0,586.0
422.0,586.0
463.0,586.0
586.0,932.0
360.0,587.0
415.0,587.0
472.0,587.0
587.0,832.0
392.0,588.0
457.0,588.0
536.0,588.0
588.0,645.0
357.0,589.0
589.0,660.0
589.0,725.0
292.0,590.0
565.0,590.0
590.0,891.0
590.0,958.0
48.0,591.0
135.0,591.0
452.0,591.0
475.0,591.0
488.0,591.0
587.0,591.0
591.0,608.0
591.0,617.0
102.0,592.0
187.0,592.0
310.0,592.0
379.0,592.0
457.0,592.0
464.0,592.0
484.0,592.0
528.0,592.0
573.0,592.0
592.0,635.0
592.0,966.0
592.0,998.0
372.0,593.0
438.0,593.0
484.0,593.0
575.0,593.0
46.0,594.0
382.0,594.0
574.0,594.0
594.0,619.0
594.0,719.0
37.0,595.0
46.0,595.0
333.0,595.0
369.0,595.0
595.0,785.0
595.0,823.0
595.0,922.0
392.0,596.0
423.0,596.0
424.0,596.0
436.0,596.0
480.0,596.0
190.0,597.0
262.0,597.0
334.0,597.0
358.0,597.0
460.0,597.0
551.0,597.0
597.0,926.0
540.0,598.0
598.0,845.0
75.0,599.0
372.0,599.0
387.0,599.0
396.0,599.0
398.0,599.0
436.0,599.0
460.0,599.0
547.0,599.0
566.0,599.0
599.0,630.0
260.0,600.0
451.0,600.0
512.0,600.0
39.0,601.0
368.0,601.0
391.0,601.0
424.0,601.0
487.0,601.0
488.0,601.0
601.0,917.0
212.0,602.0
425.0,602.0
455.0,602.0
478.0,602.0
602.0,614.0
602.0,685.0
602.0,746.0
521.0,603.0
547.0,603.0
603.0,894.0
382.0,604.0
480.0,604.0
564.0,604.0
567.0,604.0
589.0,604.0
604.0,644.0
604.0,805.0
262.0,605.0
477.0,605.0
592.0,605.0
594.0,605.0
605.0,618.0
605.0,816.0
605.0,871.0
448.0,606.0
555.0,606.0
606.0,961.0
101.0,607.0
405.0,607.0
415.0,607.0
444.0,607.0
582.0,607.0
607.0,662.0
371.0,608.0
473.0,608.0
608.0,640.0
608.0,650.0
608.0,859.0
3.0,609.0
450.0,609.0
517.0,609.0
525.0,609.0
569.0,609.0
609.0,622.0
609.0,897.0
552.0,610.0
610.0,645.0
96.0,611.0
399.0,611.0
578.0,611.0
566.0,612.0
612.0,654.0
612.0,816.0
112.0,613.0
249.0,613.0
418.0,613.0
450.0,613.0
613.0,696.0
0.0,614.0
406.0,615.0
492.0,615.0
228.0,616.0
345.0,616.0
539.0,616.0
541.0,616.0
232.0,617.0
344.0,617.0
372.0,617.0
497.0,617.0
511.0,617.0
617.0,696.0
385.0,618.0
477.0,618.0
284.0,619.0
371.0,619.0
433.0,619.0
507.0,619.0
535.0,619.0
619.0,663.0
226.0,620.0
347.0,620.0
540.0,620.0
585.0,620.0
620.0,724.0
620.0,860.0
103.0,621.0
366.0,621.0
480.0,621.0
485.0,621.0
621.0,668.0
621.0,880.0
622.0,694.0
622.0,863.0
326.0,623.0
339.0,623.0
357.0,623.0
409.0,623.0
542.0,623.0
623.0,949.0
252.0,624.0
346.0,624.0
527.0,624.0
624.0,653.0
389.0,625.0
488.0,625.0
544.0,625.0
554.0,625.0
597.0,625.0
0.0,626.0
338.0,626.0
342.0,626.0
445.0,626.0
464.0,626.0
618.0,626.0
563.0,627.0
616.0,627.0
334.0,628.0
358.0,628.0
517.0,628.0
607.0,628.0
628.0,693.0
628.0,901.0
628.0,939.0
383.0,629.0
503.0,629.0
511.0,629.0
629.0,891.0
419.0,630.0
630.0,632.0
630.0,939.0
569.0,631.0
625.0,631.0
631.0,653.0
631.0,656.0
631.0,715.0
631.0,827.0
631.0,861.0
631.0,863.0
631.0,920.0
197.0,632.0
401.0,632.0
507.0,632.0
556.0,632.0
597.0,632.0
612.0,632.0
632.0,982.0
389.0,633.0
391.0,633.0
445.0,633.0
455.0,633.0
619.0,633.0
633.0,811.0
288.0,634.0
601.0,634.0
348.0,635.0
377.0,635.0
466.0,635.0
467.0,635.0
469.0,635.0
531.0,635.0
614.0,635.0
635.0,646.0
119.0,636.0
389.0,636.0
534.0,636.0
336.0,637.0
354.0,637.0
369.0,637.0
391.0,637.0
420.0,637.0
623.0,637.0
637.0,739.0
346.0,638.0
618.0,638.0
638.0,810.0
496.0,639.0
633.0,639.0
441.0,640.0
476.0,640.0
495.0,640.0
149.0,641.0
439.0,641.0
447.0,641.0
472.0,641.0
15.0,642.0
216.0,642.0
401.0,642.0
548.0,642.0
356.0,643.0
469.0,643.0
571.0,643.0
576.0,643.0
643.0,650.0
59.0,644.0
270.0,644.0
2.0,645.0
17.0,645.0
385.0,645.0
441.0,645.0
509.0,645.0
645.0,672.0
645.0,956.0
281.0,646.0
357.0,646.0
578.0,646.0
624.0,646.0
629.0,646.0
646.0,906.0
226.0,647.0
311.0,647.0
406.0,647.0
523.0,647.0
623.0,647.0
647.0,654.0
448.0,648.0
507.0,648.0
518.0,648.0
590.0,648.0
41.0,649.0
273.0,649.0
518.0,649.0
649.0,657.0
649.0,882.0
393.0,650.0
585.0,650.0
597.0,650.0
650.0,887.0
393.0,651.0
651.0,777.0
651.0,931.0
307.0,652.0
347.0,652.0
361.0,652.0
601.0,652.0
603.0,652.0
646.0,652.0
405.0,653.0
435.0,653.0
443.0,653.0
468.0,653.0
302.0,654.0
329.0,654.0
360.0,654.0
385.0,654.0
631.0,654.0
433.0,655.0
461.0,655.0
506.0,655.0
543.0,655.0
266.0,656.0
428.0,656.0
441.0,656.0
546.0,656.0
656.0,664.0
64.0,657.0
434.0,657.0
621.0,657.0
340.0,658.0
358.0,658.0
524.0,658.0
625.0,658.0
648.0,658.0
658.0,659.0
658.0,987.0
343.0,659.0
347.0,659.0
355.0,659.0
368.0,659.0
584.0,659.0
613.0,659.0
223.0,660.0
537.0,660.0
660.0,730.0
660.0,793.0
77.0,661.0
249.0,661.0
289.0,661.0
374.0,661.0
631.0,661.0
280.0,662.0
373.0,662.0
536.0,662.0
615.0,662.0
91.0,663.0
320.0,663.0
350.0,663.0
560.0,663.0
566.0,663.0
606.0,663.0
663.0,810.0
335.0,664.0
392.0,664.0
397.0,664.0
492.0,664.0
664.0,757.0
512.0,665.0
525.0,665.0
666.0,722.0
666.0,863.0
589.0,667.0
654.0,667.0
667.0,723.0
667.0,729.0
667.0,766.0
667.0,780.0
667.0,859.0
667.0,927.0
274.0,668.0
668.0,693.0
668.0,744.0
668.0,887.0
668.0,904.0
239.0,669.0
669.0,788.0
447.0,670.0
664.0,670.0
670.0,851.0
670.0,916.0
670.0,963.0
670.0,987.0
671.0,795.0
671.0,853.0
671.0,896.0
551.0,672.0
672.0,828.0
672.0,909.0
598.0,673.0
672.0,673.0
673.0,716.0
673.0,789.0
673.0,794.0
74.0,674.0
201.0,674.0
445.0,674.0
674.0,675.0
674.0,686.0
674.0,744.0
674.0,833.0
674.0,997.0
77.0,675.0
333.0,675.0
61.0,676.0
456.0,676.0
465.0,676.0
676.0,696.0
676.0,984.0
677.0,816.0
677.0,909.0
321.0,678.0
598.0,678.0
678.0,821.0
678.0,830.0
678.0,868.0
678.0,905.0
678.0,924.0
678.0,947.0
214.0,679.0
602.0,679.0
679.0,851.0
679.0,937.0
343.0,680.0
554.0,680.0
680.0,749.0
680.0,750.0
680.0,822.0
113.0,681.0
428.0,681.0
681.0,761.0
681.0,833.0
681.0,837.0
681.0,925.0
174.0,682.0
543.0,682.0
682.0,776.0
682.0,790.0
682.0,982.0
381.0,683.0
683.0,792.0
683.0,796.0
484.0,684.0
684.0,755.0
684.0,756.0
684.0,832.0
684.0,841.0
684.0,947.0
684.0,971.0
684.0,988.0
125.0,685.0
216.0,685.0
685.0,817.0
685.0,921.0
444.0,686.0
460.0,686.0
686.0,748.0
686.0,750.0
686.0,775.0
686.0,841.0
686.0,858.0
686.0,913.0
686.0,929.0
686.0,946.0
687.0,693.0
687.0,744.0
687.0,776.0
687.0,838.0
467.0,688.0
133.0,689.0
137.0,689.0
453.0,689.0
690.0,704.0
690.0,713.0
690.0,735.0
690.0,857.0
690.0,948.0
248.0,691.0
354.0,691.0
598.0,691.0
691.0,733.0
691.0,757.0
691.0,776.0
691.0,865.0
691.0,927.0
88.0,692.0
146.0,692.0
692.0,693.0
692.0,764.0
550.0,693.0
575.0,693.0
693.0,905.0
483.0,694.0
694.0,895.0
83.0,695.0
447.0,695.0
695.0,791.0
126.0,696.0
461.0,696.0
696.0,707.0
696.0,762.0
696.0,840.0
501.0,697.0
697.0,741.0
697.0,800.0
290.0,698.0
351.0,698.0
530.0,698.0
668.0,698.0
692.0,698.0
698.0,712.0
0.0,699.0
407.0,700.0
700.0,771.0
700.0,796.0
700.0,907.0
700.0,949.0
700.0,979.0
139.0,701.0
205.0,701.0
577.0,701.0
701.0,898.0
701.0,966.0
701.0,989.0
66.0,702.0
126.0,702.0
702.0,877.0
702.0,898.0
702.0,935.0
231.0,703.0
303.0,703.0
320.0,703.0
614.0,703.0
703.0,797.0
703.0,937.0
535.0,704.0
64.0,705.0
128.0,705.0
705.0,716.0
706.0,714.0
706.0,726.0
706.0,728.0
706.0,867.0
398.0,707.0
685.0,707.0
693.0,707.0
707.0,725.0
707.0,744.0
707.0,763.0
707.0,877.0
707.0,918.0
455.0,708.0
708.0,777.0
708.0,899.0
642.0,709.0
709.0,778.0
709.0,915.0
709.0,970.0
143.0,710.0
314.0,710.0
370.0,710.0
550.0,710.0
710.0,728.0
710.0,987.0
710.0,995.0
259.0,711.0
388.0,711.0
711.0,798.0
711.0,799.0
711.0,831.0
711.0,855.0
711.0,880.0
711.0,917.0
711.0,972.0
171.0,712.0
180.0,712.0
261.0,712.0
507.0,712.0
592.0,712.0
712.0,973.0
712.0,979.0
471.0,713.0
704.0,713.0
711.0,713.0
713.0,813.0
713.0,858.0
713.0,892.0
713.0,894.0
713.0,905.0
713.0,979.0
150.0,714.0
462.0,714.0
714.0,726.0
714.0,763.0
714.0,790.0
714.0,810.0
714.0,911.0
715.0,962.0
432.0,716.0
674.0,716.0
716.0,735.0
716.0,779.0
716.0,837.0
265.0,717.0
342.0,717.0
675.0,717.0
717.0,796.0
717.0,864.0
12.0,718.0
686.0,718.0
718.0,828.0
718.0,926.0
133.0,719.0
719.0,845.0
719.0,881.0
719.0,995.0
435.0,720.0
720.0,781.0
61.0,721.0
148.0,721.0
190.0,721.0
667.0,721.0
721.0,758.0
721.0,772.0
721.0,836.0
721.0,915.0
721.0,919.0
566.0,722.0
722.0,810.0
722.0,853.0
722.0,863.0
676.0,723.0
723.0,973.0
267.0,724.0
390.0,724.0
441.0,724.0
483.0,724.0
724.0,832.0
724.0,999.0
82.0,725.0
164.0,725.0
701.0,725.0
725.0,849.0
725.0,899.0
725.0,954.0
726.0,805.0
726.0,914.0
144.0,727.0
194.0,727.0
555.0,727.0
727.0,731.0
727.0,919.0
727.0,990.0
249.0,728.0
669.0,728.0
685.0,728.0
728.0,797.0
728.0,929.0
728.0,992.0
399.0,729.0
592.0,729.0
665.0,729.0
729.0,764.0
729.0,797.0
729.0,877.0
729.0,879.0
137.0,730.0
341.0,730.0
531.0,730.0
551.0,730.0
713.0,730.0
730.0,807.0
195.0,731.0
731.0,810.0
731.0,840.0
731.0,877.0
731.0,732.0
732.0,782.0
732.0,798.0
55.0,733.0
676.0,733.0
733.0,736.0
733.0,851.0
733.0,861.0
733.0,976.0
226.0,734.0
376.0,734.0
734.0,803.0
734.0,851.0
734.0,926.0
426.0,735.0
735.0,798.0
735.0,808.0
735.0,851.0
735.0,934.0
735.0,937.0
735.0,966.0
735.0,979.0
31.0,736.0
556.0,736.0
685.0,736.0
705.0,736.0
709.0,736.0
736.0,768.0
736.0,859.0
736.0,993.0
115.0,737.0
188.0,737.0
737.0,765.0
737.0,766.0
737.0,767.0
737.0,790.0
737.0,848.0
737.0,849.0
737.0,862.0
737.0,909.0
737.0,926.0
34.0,738.0
140.0,738.0
220.0,738.0
683.0,738.0
735.0,738.0
738.0,795.0
738.0,983.0
539.0,739.0
684.0,739.0
739.0,750.0
739.0,769.0
739.0,804.0
739.0,811.0
739.0,891.0
739.0,946.0
89.0,740.0
283.0,740.0
504.0,740.0
202.0,741.0
664.0,741.0
741.0,952.0
252.0,742.0
472.0,742.0
680.0,742.0
741.0,742.0
742.0,776.0
742.0,937.0
158.0,743.0
213.0,743.0
380.0,743.0
497.0,743.0
589.0,743.0
695.0,743.0
743.0,872.0
743.0,911.0
743.0,930.0
743.0,931.0
743.0,995.0
25.0,744.0
67.0,744.0
73.0,744.0
241.0,744.0
253.0,744.0
745.0,779.0
745.0,983.0
745.0,987.0
338.0,746.0
428.0,746.0
746.0,976.0
423.0,747.0
555.0,747.0
576.0,747.0
685.0,747.0
747.0,785.0
747.0,815.0
747.0,831.0
145.0,748.0
486.0,748.0
496.0,748.0
570.0,748.0
748.0,836.0
748.0,884.0
748.0,909.0
748.0,986.0
501.0,749.0
602.0,749.0
704.0,749.0
718.0,749.0
734.0,749.0
749.0,859.0
400.0,750.0
599.0,750.0
731.0,750.0
750.0,769.0
750.0,793.0
56.0,751.0
250.0,751.0
605.0,751.0
660.0,751.0
747.0,751.0
751.0,829.0
751.0,917.0
751.0,944.0
129.0,752.0
223.0,752.0
545.0,752.0
639.0,752.0
675.0,752.0
752.0,786.0
752.0,804.0
752.0,911.0
447.0,753.0
753.0,858.0
753.0,863.0
753.0,895.0
600.0,754.0
628.0,754.0
750.0,754.0
754.0,905.0
754.0,921.0
699.0,755.0
736.0,755.0
755.0,764.0
682.0,756.0
756.0,922.0
756.0,938.0
236.0,757.0
685.0,757.0
710.0,757.0
339.0,758.0
367.0,758.0
734.0,758.0
758.0,860.0
758.0,996.0
194.0,759.0
718.0,759.0
759.0,831.0
759.0,939.0
161.0,760.0
483.0,760.0
725.0,760.0
760.0,990.0
761.0,796.0
728.0,762.0
762.0,796.0
290.0,763.0
739.0,763.0
763.0,765.0
763.0,907.0
287.0,764.0
413.0,764.0
596.0,764.0
680.0,764.0
685.0,764.0
719.0,764.0
764.0,770.0
764.0,809.0
138.0,765.0
211.0,765.0
359.0,765.0
765.0,773.0
765.0,816.0
765.0,886.0
766.0,789.0
766.0,791.0
471.0,767.0
522.0,767.0
681.0,767.0
767.0,978.0
168.0,768.0
599.0,768.0
744.0,768.0
768.0,781.0
768.0,987.0
769.0,776.0
769.0,853.0
769.0,896.0
769.0,974.0
284.0,770.0
578.0,770.0
685.0,770.0
742.0,770.0
770.0,879.0
770.0,942.0
770.0,963.0
126.0,771.0
603.0,771.0
771.0,809.0
450.0,772.0
677.0,772.0
772.0,794.0
772.0,810.0
772.0,894.0
772.0,917.0
772.0,988.0
486.0,773.0
686.0,773.0
773.0,917.0
386.0,774.0
494.0,774.0
644.0,774.0
683.0,774.0
774.0,803.0
774.0,934.0
774.0,942.0
239.0,775.0
259.0,775.0
312.0,775.0
577.0,775.0
775.0,939.0
171.0,776.0
199.0,776.0
483.0,776.0
713.0,776.0
776.0,860.0
776.0,960.0
776.0,965.0
455.0,777.0
777.0,824.0
777.0,897.0
559.0,778.0
778.0,882.0
107.0,779.0
297.0,779.0
460.0,779.0
703.0,779.0
768.0,779.0
779.0,958.0
777.0,780.0
780.0,938.0
780.0,951.0
780.0,998.0
356.0,781.0
706.0,781.0
730.0,781.0
757.0,781.0
781.0,973.0
634.0,782.0
782.0,796.0
782.0,929.0
582.0,783.0
722.0,783.0
783.0,836.0
783.0,838.0
783.0,879.0
783.0,958.0
486.0,784.0
784.0,921.0
784.0,987.0
248.0,785.0
688.0,785.0
708.0,785.0
785.0,885.0
785.0,913.0
730.0,786.0
786.0,924.0
118.0,787.0
181.0,787.0
462.0,787.0
558.0,787.0
722.0,787.0
732.0,787.0
787.0,903.0
787.0,923.0
641.0,788.0
753.0,788.0
788.0,812.0
788.0,870.0
441.0,789.0
491.0,789.0
566.0,789.0
702.0,789.0
789.0,807.0
789.0,855.0
362.0,790.0
412.0,790.0
571.0,790.0
677.0,790.0
715.0,790.0
730.0,790.0
747.0,790.0
790.0,824.0
790.0,846.0
790.0,911.0
407.0,791.0
479.0,791.0
791.0,811.0
701.0,792.0
792.0,850.0
391.0,793.0
735.0,793.0
750.0,793.0
789.0,793.0
46.0,794.0
394.0,794.0
399.0,794.0
520.0,794.0
689.0,794.0
794.0,918.0
794.0,951.0
174.0,795.0
336.0,795.0
650.0,795.0
651.0,795.0
795.0,940.0
94.0,796.0
169.0,796.0
796.0,847.0
796.0,907.0
191.0,797.0
424.0,797.0
502.0,797.0
797.0,844.0
797.0,857.0
797.0,889.0
797.0,992.0
342.0,798.0
475.0,798.0
713.0,798.0
720.0,798.0
731.0,798.0
798.0,816.0
798.0,933.0
28.0,799.0
239.0,799.0
564.0,799.0
739.0,799.0
799.0,897.0
799.0,955.0
248.0,800.0
731.0,800.0
800.0,987.0
182.0,801.0
216.0,801.0
694.0,801.0
801.0,803.0
123.0,802.0
570.0,802.0
802.0,808.0
802.0,883.0
115.0,803.0
797.0,803.0
803.0,889.0
803.0,997.0
162.0,804.0
207.0,804.0
804.0,855.0
804.0,861.0
804.0,937.0
92.0,805.0
648.0,805.0
805.0,882.0
430.0,806.0
607.0,806.0
752.0,806.0
806.0,888.0
806.0,897.0
806.0,958.0
724.0,807.0
745.0,807.0
807.0,995.0
277.0,808.0
326.0,808.0
580.0,808.0
688.0,808.0
713.0,808.0
122.0,809.0
809.0,827.0
809.0,840.0
809.0,985.0
23.0,810.0
575.0,810.0
725.0,810.0
767.0,810.0
810.0,949.0
810.0,986.0
134.0,811.0
180.0,811.0
701.0,811.0
811.0,966.0
1.0,812.0
271.0,812.0
653.0,812.0
699.0,812.0
812.0,847.0
812.0,975.0
812.0,988.0
292.0,813.0
411.0,813.0
811.0,813.0
737.0,814.0
175.0,815.0
679.0,815.0
815.0,940.0
815.0,951.0
815.0,952.0
160.0,816.0
595.0,816.0
816.0,973.0
52.0,817.0
172.0,817.0
236.0,817.0
817.0,856.0
817.0,937.0
817.0,991.0
772.0,818.0
791.0,818.0
818.0,851.0
818.0,873.0
549.0,819.0
819.0,832.0
819.0,871.0
819.0,914.0
537.0,820.0
794.0,820.0
799.0,820.0
800.0,820.0
275.0,821.0
293.0,821.0
502.0,821.0
704.0,821.0
730.0,821.0
821.0,856.0
821.0,913.0
519.0,822.0
759.0,822.0
772.0,822.0
822.0,881.0
822.0,916.0
823.0,834.0
823.0,853.0
823.0,929.0
823.0,947.0
823.0,955.0
436.0,824.0
477.0,824.0
693.0,824.0
773.0,824.0
16.0,825.0
786.0,825.0
554.0,826.0
635.0,826.0
818.0,826.0
826.0,981.0
826.0,983.0
489.0,827.0
669.0,827.0
715.0,827.0
827.0,967.0
21.0,828.0
677.0,828.0
686.0,828.0
828.0,988.0
155.0,829.0
279.0,829.0
574.0,829.0
603.0,829.0
829.0,878.0
773.0,830.0
830.0,854.0
830.0,932.0
830.0,978.0
830.0,997.0
83.0,831.0
761.0,831.0
801.0,831.0
831.0,879.0
831.0,938.0
319.0,832.0
832.0,987.0
76.0,833.0
216.0,834.0
834.0,843.0
834.0,875.0
834.0,912.0
834.0,965.0
551.0,835.0
662.0,835.0
770.0,835.0
773.0,835.0
835.0,893.0
835.0,969.0
835.0,989.0
753.0,836.0
792.0,836.0
836.0,864.0
836.0,971.0
250.0,837.0
734.0,837.0
837.0,854.0
837.0,942.0
307.0,838.0
822.0,838.0
838.0,992.0
154.0,839.0
518.0,839.0
691.0,839.0
839.0,877.0
72.0,840.0
765.0,840.0
803.0,840.0
840.0,865.0
840.0,886.0
840.0,963.0
121.0,841.0
752.0,841.0
841.0,874.0
229.0,842.0
842.0,866.0
180.0,843.0
329.0,843.0
692.0,843.0
781.0,843.0
843.0,881.0
843.0,903.0
843.0,929.0
843.0,934.0
442.0,844.0
707.0,844.0
764.0,844.0
770.0,844.0
844.0,848.0
844.0,910.0
754.0,845.0
763.0,845.0
845.0,906.0
845.0,912.0
845.0,921.0
258.0,846.0
706.0,846.0
846.0,854.0
77.0,847.0
97.0,847.0
104.0,847.0
259.0,847.0
707.0,847.0
718.0,847.0
744.0,847.0
828.0,847.0
847.0,887.0
263.0,848.0
353.0,848.0
397.0,848.0
531.0,848.0
679.0,848.0
776.0,848.0
848.0,851.0
848.0,880.0
848.0,885.0
389.0,849.0
399.0,849.0
843.0,849.0
208.0,850.0
239.0,850.0
318.0,850.0
695.0,850.0
705.0,850.0
814.0,850.0
818.0,850.0
850.0,908.0
850.0,920.0
850.0,926.0
850.0,969.0
850.0,977.0
850.0,987.0
850.0,989.0
372.0,851.0
783.0,851.0
851.0,948.0
192.0,852.0
243.0,852.0
412.0,852.0
609.0,852.0
730.0,852.0
740.0,852.0
852.0,878.0
852.0,906.0
852.0,911.0
852.0,951.0
852.0,960.0
259.0,853.0
293.0,853.0
853.0,945.0
566.0,854.0
854.0,888.0
854.0,925.0
854.0,969.0
234.0,855.0
455.0,855.0
506.0,855.0
554.0,855.0
742.0,855.0
783.0,855.0
789.0,855.0
818.0,855.0
855.0,979.0
31.0,856.0
519.0,856.0
583.0,856.0
770.0,856.0
824.0,856.0
856.0,955.0
717.0,857.0
857.0,947.0
311.0,858.0
798.0,858.0
856.0,858.0
858.0,953.0
758.0,859.0
782.0,859.0
859.0,915.0
137.0,860.0
424.0,860.0
718.0,860.0
750.0,860.0
822.0,860.0
860.0,997.0
435.0,861.0
502.0,861.0
742.0,861.0
861.0,868.0
861.0,946.0
861.0,960.0
676.0,862.0
723.0,862.0
780.0,862.0
862.0,921.0
204.0,863.0
590.0,863.0
828.0,863.0
863.0,915.0
863.0,971.0
692.0,864.0
370.0,865.0
447.0,865.0
686.0,865.0
754.0,865.0
834.0,865.0
865.0,871.0
865.0,971.0
296.0,866.0
753.0,866.0
866.0,926.0
108.0,867.0
227.0,867.0
313.0,867.0
320.0,867.0
454.0,867.0
867.0,968.0
73.0,868.0
443.0,868.0
630.0,868.0
694.0,868.0
702.0,868.0
868.0,877.0
868.0,986.0
789.0,869.0
869.0,943.0
185.0,870.0
0.0,871.0
475.0,872.0
670.0,872.0
675.0,872.0
684.0,872.0
872.0,980.0
340.0,873.0
458.0,873.0
61.0,874.0
127.0,874.0
874.0,983.0
183.0,875.0
576.0,875.0
698.0,875.0
875.0,893.0
875.0,898.0
875.0,932.0
875.0,947.0
129.0,876.0
682.0,876.0
752.0,876.0
793.0,876.0
824.0,876.0
876.0,974.0
364.0,877.0
520.0,877.0
834.0,877.0
839.0,877.0
877.0,933.0
877.0,934.0
877.0,955.0
75.0,878.0
721.0,878.0
752.0,878.0
836.0,878.0
132.0,879.0
160.0,879.0
258.0,879.0
447.0,879.0
715.0,879.0
776.0,879.0
814.0,879.0
824.0,879.0
879.0,889.0
879.0,898.0
879.0,948.0
50.0,880.0
84.0,880.0
702.0,880.0
840.0,880.0
850.0,880.0
880.0,951.0
664.0,881.0
838.0,881.0
881.0,890.0
881.0,909.0
881.0,928.0
881.0,932.0
632.0,882.0
721.0,882.0
738.0,882.0
827.0,882.0
510.0,883.0
761.0,883.0
883.0,901.0
71.0,884.0
668.0,884.0
816.0,884.0
822.0,884.0
884.0,897.0
884.0,932.0
266.0,885.0
328.0,885.0
698.0,885.0
752.0,885.0
868.0,885.0
876.0,885.0
885.0,915.0
885.0,971.0
885.0,973.0
595.0,886.0
712.0,886.0
718.0,886.0
815.0,886.0
886.0,926.0
886.0,940.0
886.0,946.0
180.0,887.0
384.0,887.0
878.0,887.0
201.0,888.0
415.0,888.0
418.0,888.0
670.0,888.0
762.0,888.0
804.0,888.0
808.0,888.0
832.0,888.0
888.0,906.0
8.0,889.0
593.0,889.0
776.0,889.0
888.0,889.0
889.0,980.0
889.0,992.0
377.0,890.0
672.0,890.0
772.0,890.0
797.0,890.0
745.0,891.0
772.0,891.0
775.0,891.0
855.0,891.0
866.0,891.0
20.0,892.0
44.0,892.0
246.0,892.0
868.0,892.0
46.0,893.0
67.0,893.0
667.0,893.0
669.0,893.0
883.0,893.0
893.0,984.0
72.0,894.0
104.0,894.0
129.0,894.0
719.0,894.0
392.0,895.0
546.0,895.0
716.0,895.0
821.0,895.0
860.0,895.0
433.0,896.0
704.0,896.0
852.0,896.0
854.0,896.0
855.0,896.0
896.0,913.0
44.0,897.0
333.0,897.0
606.0,897.0
713.0,897.0
735.0,897.0
574.0,898.0
744.0,898.0
34.0,899.0
170.0,899.0
211.0,899.0
899.0,933.0
48.0,900.0
675.0,900.0
699.0,900.0
723.0,900.0
850.0,900.0
900.0,970.0
608.0,901.0
633.0,901.0
720.0,901.0
875.0,901.0
901.0,910.0
901.0,997.0
242.0,902.0
360.0,902.0
775.0,902.0
814.0,902.0
51.0,903.0
638.0,903.0
668.0,903.0
733.0,903.0
746.0,903.0
73.0,904.0
176.0,904.0
904.0,936.0
182.0,905.0
584.0,905.0
770.0,905.0
844.0,905.0
891.0,905.0
8.0,906.0
73.0,906.0
671.0,906.0
743.0,907.0
789.0,907.0
864.0,907.0
879.0,907.0
884.0,907.0
131.0,908.0
284.0,908.0
531.0,908.0
625.0,908.0
672.0,908.0
898.0,908.0
98.0,909.0
443.0,909.0
843.0,909.0
130.0,910.0
529.0,910.0
775.0,910.0
864.0,910.0
155.0,911.0
671.0,911.0
900.0,911.0
911.0,936.0
911.0,980.0
124.0,912.0
261.0,912.0
430.0,912.0
161.0,913.0
712.0,914.0
801.0,914.0
802.0,914.0
895.0,914.0
356.0,915.0
676.0,915.0
192.0,916.0
817.0,916.0
916.0,920.0
916.0,997.0
393.0,917.0
570.0,917.0
747.0,917.0
749.0,917.0
794.0,917.0
107.0,918.0
219.0,918.0
669.0,918.0
850.0,918.0
861.0,918.0
890.0,918.0
900.0,918.0
918.0,928.0
918.0,961.0
918.0,967.0
146.0,919.0
176.0,919.0
747.0,919.0
762.0,919.0
364.0,920.0
669.0,920.0
716.0,920.0
810.0,920.0
920.0,984.0
921.0,922.0
921.0,930.0
921.0,931.0
921.0,977.0
377.0,922.0
609.0,922.0
753.0,922.0
338.0,923.0
738.0,923.0
771.0,923.0
773.0,923.0
816.0,923.0
299.0,924.0
669.0,924.0
796.0,924.0
924.0,973.0
924.0,981.0
697.0,925.0
722.0,925.0
833.0,925.0
849.0,925.0
925.0,951.0
925.0,957.0
406.0,926.0
926.0,971.0
218.0,927.0
458.0,927.0
464.0,927.0
686.0,927.0
780.0,927.0
884.0,927.0
927.0,964.0
667.0,928.0
805.0,928.0
846.0,928.0
928.0,952.0
928.0,966.0
685.0,929.0
713.0,929.0
741.0,929.0
804.0,929.0
902.0,929.0
593.0,930.0
681.0,930.0
687.0,930.0
723.0,930.0
735.0,930.0
930.0,934.0
930.0,986.0
351.0,931.0
558.0,931.0
607.0,931.0
617.0,931.0
776.0,931.0
843.0,931.0
489.0,932.0
519.0,932.0
901.0,932.0
932.0,964.0
18.0,933.0
25.0,933.0
44.0,933.0
60.0,933.0
882.0,933.0
274.0,934.0
718.0,934.0
61.0,935.0
666.0,935.0
698.0,935.0
708.0,935.0
808.0,935.0
848.0,935.0
447.0,936.0
757.0,936.0
827.0,936.0
902.0,936.0
915.0,936.0
925.0,936.0
287.0,937.0
573.0,937.0
937.0,938.0
690.0,938.0
820.0,938.0
858.0,938.0
911.0,938.0
938.0,979.0
75.0,939.0
844.0,939.0
905.0,939.0
936.0,939.0
939.0,959.0
19.0,940.0
24.0,940.0
350.0,940.0
311.0,941.0
454.0,941.0
712.0,941.0
738.0,941.0
743.0,941.0
860.0,941.0
871.0,941.0
149.0,942.0
451.0,942.0
677.0,942.0
850.0,942.0
867.0,942.0
881.0,942.0
896.0,942.0
15.0,943.0
267.0,943.0
577.0,943.0
760.0,943.0
943.0,986.0
174.0,944.0
372.0,944.0
682.0,944.0
720.0,944.0
722.0,944.0
891.0,944.0
138.0,945.0
310.0,945.0
368.0,945.0
755.0,945.0
945.0,974.0
555.0,946.0
594.0,946.0
694.0,946.0
717.0,946.0
743.0,946.0
844.0,946.0
942.0,946.0
946.0,967.0
946.0,986.0
577.0,947.0
719.0,947.0
756.0,947.0
785.0,947.0
809.0,947.0
885.0,947.0
947.0,979.0
714.0,948.0
870.0,948.0
896.0,948.0
941.0,948.0
145.0,949.0
265.0,949.0
784.0,949.0
949.0,968.0
640.0,950.0
682.0,950.0
901.0,950.0
470.0,951.0
753.0,951.0
760.0,951.0
827.0,951.0
914.0,951.0
917.0,951.0
115.0,952.0
166.0,952.0
435.0,952.0
460.0,952.0
668.0,952.0
883.0,952.0
952.0,979.0
18.0,953.0
241.0,953.0
827.0,953.0
853.0,953.0
894.0,953.0
523.0,954.0
831.0,954.0
880.0,954.0
109.0,955.0
216.0,955.0
297.0,955.0
312.0,955.0
716.0,955.0
749.0,955.0
803.0,955.0
955.0,968.0
955.0,994.0
35.0,956.0
287.0,956.0
580.0,956.0
688.0,956.0
956.0,969.0
412.0,957.0
616.0,957.0
723.0,957.0
801.0,957.0
812.0,957.0
882.0,957.0
957.0,977.0
491.0,958.0
629.0,958.0
819.0,958.0
56.0,959.0
271.0,959.0
560.0,959.0
703.0,959.0
735.0,959.0
869.0,959.0
5.0,960.0
341.0,960.0
770.0,960.0
775.0,960.0
33.0,961.0
296.0,961.0
662.0,961.0
734.0,961.0
809.0,961.0
816.0,961.0
818.0,961.0
826.0,961.0
899.0,961.0
937.0,961.0
961.0,970.0
148.0,962.0
163.0,962.0
749.0,962.0
859.0,962.0
925.0,962.0
962.0,983.0
672.0,963.0
963.0,992.0
426.0,964.0
721.0,964.0
752.0,964.0
868.0,964.0
950.0,964.0
745.0,965.0
862.0,965.0
881.0,965.0
303.0,966.0
814.0,966.0
830.0,966.0
958.0,966.0
67.0,967.0
309.0,967.0
369.0,967.0
537.0,967.0
751.0,967.0
901.0,967.0
737.0,968.0
888.0,968.0
968.0,969.0
599.0,969.0
793.0,969.0
253.0,970.0
288.0,970.0
559.0,970.0
561.0,970.0
605.0,970.0
652.0,970.0
748.0,970.0
755.0,970.0
776.0,970.0
801.0,970.0
714.0,971.0
971.0,998.0
196.0,972.0
223.0,972.0
765.0,972.0
804.0,972.0
858.0,972.0
388.0,973.0
698.0,973.0
170.0,974.0
367.0,974.0
530.0,974.0
933.0,974.0
320.0,975.0
515.0,975.0
674.0,975.0
744.0,975.0
936.0,975.0
944.0,975.0
945.0,975.0
975.0,987.0
317.0,976.0
523.0,976.0
785.0,976.0
945.0,976.0
18.0,977.0
567.0,977.0
799.0,977.0
876.0,977.0
370.0,978.0
835.0,978.0
931.0,978.0
14.0,979.0
149.0,979.0
411.0,979.0
606.0,979.0
720.0,979.0
802.0,979.0
822.0,979.0
937.0,979.0
979.0,996.0
5.0,980.0
57.0,980.0
691.0,980.0
890.0,980.0
908.0,980.0
80.0,981.0
110.0,981.0
266.0,981.0
556.0,981.0
594.0,981.0
700.0,981.0
918.0,981.0
376.0,982.0
386.0,982.0
657.0,982.0
664.0,982.0
749.0,982.0
758.0,982.0
819.0,982.0
854.0,982.0
901.0,982.0
982.0,990.0
748.0,983.0
808.0,983.0
899.0,983.0
972.0,983.0
600.0,984.0
810.0,984.0
815.0,984.0
932.0,984.0
956.0,984.0
134.0,985.0
690.0,985.0
843.0,985.0
847.0,985.0
929.0,985.0
76.0,986.0
375.0,986.0
472.0,986.0
711.0,986.0
950.0,986.0
199.0,987.0
234.0,987.0
666.0,987.0
780.0,987.0
845.0,987.0
944.0,987.0
864.0,988.0
890.0,988.0
982.0,988.0
988.0,994.0
325.0,989.0
679.0,989.0
726.0,989.0
772.0,989.0
909.0,989.0
979.0,989.0
56.0,990.0
615.0,990.0
771.0,990.0
837.0,990.0
859.0,990.0
917.0,990.0
966.0,990.0
52.0,991.0
346.0,991.0
352.0,991.0
673.0,991.0
685.0,991.0
706.0,991.0
289.0,992.0
483.0,992.0
841.0,992.0
875.0,992.0
930.0,992.0
941.0,992.0
398.0,993.0
704.0,993.0
888.0,993.0
319.0,994.0
517.0,994.0
880.0,994.0
916.0,994.0
931.0,994.0
980.0,994.0
984.0,994.0
196.0,995.0
280.0,995.0
683.0,995.0
921.0,995.0
957.0,995.0
19.0,996.0
109.0,996.0
438.0,996.0
684.0,996.0
758.0,996.0
819.0,996.0
835.0,996.0
925.0,996.0
947.0,996.0
985.0,996.0
138.0,997.0
235.0,997.0
684.0,997.0
843.0,997.0
609.0,998.0
764.0,998.0
845.0,998.0
891.0,998.0
49.0,999.0
204.0,999.0
