i,j
23.0,0.0
173.0,0.0
232.0,0.0
332.0,0.0
390.0,0.0
599.0,0.0
673.0,0.0
768.0,0.0
863.0,0.0
983.0,0.0
1.0,0.0
166.0,2.0
254.0,2.0
280.0,2.0
283.0,2.0
290.0,2.0
328.0,2.0
70.0,3.0
85.0,3.0
104.0,3.0
238.0,3.0
314.0,3.0
581.0,3.0
836.0,3.0
134.0,4.0
240.0,4.0
246.0,4.0
360.0,4.0
10.0,5.0
188.0,5.0
212.0,5.0
891.0,5.0
94.0,6.0
169.0,6.0
622.0,6.0
643.0,7.0
738.0,7.0
25.0,8.0
329.0,8.0
418.0,8.0
635.0,8.0
991.0,8.0
19.0,9.0
282.0,9.0
312.0,9.0
348.0,9.0
503.0,9.0
628.0,9.0
898.0,9.0
12.0,10.0
146.0,10.0
328.0,10.0
774.0,10.0
899.0,10.0
999.0,10.0
73.0,11.0
155.0,11.0
27.0,12.0
79.0,12.0
88.0,12.0
113.0,12.0
292.0,12.0
474.0,12.0
853.0,12.0
573.0,13.0
796.0,13.0
857.0,13.0
219.0,14.0
740.0,14.0
43.0,15.0
130.0,15.0
243.0,15.0
332.0,15.0
445.0,15.0
451.0,15.0
16.0,10.0
33.0,16.0
705.0,16.0
472.0,17.0
18.0,13.0
101.0,18.0
140.0,18.0
843.0,18.0
931.0,18.0
35.0,19.0
70.0,19.0
101.0,19.0
112.0,19.0
185.0,19.0
320.0,19.0
568.0,19.0
819.0,19.0
906.0,19.0
188.0,20.0
349.0,20.0
373.0,20.0
383.0,20.0
472.0,20.0
834.0,20.0
103.0,21.0
143.0,21.0
184.0,21.0
292.0,21.0
325.0,21.0
952.0,21.0
88.0,22.0
119.0,22.0
215.0,22.0
65.0,23.0
167.0,23.0
182.0,23.0
204.0,23.0
370.0,23.0
419.0,23.0
130.0,24.0
147.0,24.0
220.0,24.0
308.0,24.0
391.0,24.0
823.0,24.0
913.0,24.0
143.0,25.0
181.0,25.0
526.0,25.0
890.0,25.0
61.0,26.0
93.0,26.0
149.0,26.0
211.0,26.0
254.0,26.0
539.0,26.0
99.0,27.0
264.0,27.0
39.0,28.0
142.0,28.0
203.0,28.0
264.0,28.0
286.0,28.0
313.0,28.0
419.0,28.0
745.0,28.0
285.0,29.0
319.0,29.0
671.0,29.0
126.0,30.0
214.0,30.0
234.0,30.0
253.0,30.0
833.0,30.0
873.0,31.0
927.0,31.0
965.0,31.0
44.0,32.0
169.0,32.0
240.0,32.0
308.0,32.0
329.0,32.0
547.0,32.0
926.0,32.0
928.0,32.0
932.0,32.0
33.0,17.0
33.0,20.0
39.0,33.0
149.0,33.0
182.0,33.0
357.0,33.0
439.0,33.0
526.0,33.0
696.0,33.0
243.0,34.0
260.0,34.0
544.0,34.0
949.0,34.0
120.0,35.0
202.0,35.0
210.0,35.0
212.0,35.0
232.0,35.0
292.0,35.0
572.0,35.0
702.0,35.0
774.0,35.0
36.0,15.0
117.0,36.0
208.0,36.0
214.0,36.0
471.0,36.0
562.0,36.0
37.0,34.0
40.0,37.0
84.0,37.0
721.0,37.0
742.0,37.0
100.0,38.0
138.0,38.0
230.0,38.0
277.0,38.0
301.0,38.0
345.0,38.0
103.0,39.0
190.0,39.0
68.0,40.0
165.0,40.0
239.0,40.0
597.0,40.0
41.0,10.0
150.0,41.0
840.0,41.0
933.0,41.0
42.0,10.0
137.0,42.0
124.0,43.0
240.0,43.0
784.0,43.0
960.0,43.0
44.0,17.0
65.0,44.0
244.0,44.0
385.0,44.0
538.0,44.0
104.0,45.0
242.0,46.0
296.0,46.0
329.0,46.0
341.0,46.0
266.0,47.0
327.0,47.0
450.0,47.0
947.0,47.0
970.0,47.0
48.0,31.0
93.0,48.0
325.0,48.0
879.0,48.0
105.0,49.0
190.0,49.0
222.0,49.0
295.0,49.0
77.0,50.0
779.0,50.0
51.0,12.0
51.0,43.0
814.0,51.0
835.0,51.0
910.0,51.0
52.0,18.0
54.0,52.0
300.0,52.0
311.0,52.0
346.0,52.0
533.0,52.0
788.0,52.0
822.0,52.0
53.0,3.0
53.0,11.0
53.0,33.0
233.0,53.0
323.0,53.0
926.0,53.0
54.0,2.0
54.0,51.0
212.0,54.0
495.0,54.0
696.0,54.0
821.0,54.0
900.0,54.0
100.0,55.0
167.0,55.0
323.0,55.0
557.0,55.0
877.0,55.0
127.0,56.0
213.0,56.0
224.0,56.0
231.0,56.0
396.0,56.0
558.0,56.0
657.0,56.0
136.0,57.0
173.0,57.0
214.0,57.0
235.0,57.0
285.0,57.0
534.0,57.0
58.0,41.0
73.0,58.0
263.0,58.0
998.0,58.0
301.0,59.0
529.0,59.0
186.0,60.0
231.0,60.0
423.0,60.0
65.0,61.0
67.0,61.0
308.0,61.0
332.0,61.0
67.0,62.0
332.0,62.0
544.0,62.0
427.0,63.0
467.0,63.0
64.0,62.0
167.0,64.0
219.0,64.0
232.0,64.0
296.0,64.0
317.0,64.0
393.0,64.0
65.0,22.0
86.0,65.0
810.0,65.0
66.0,7.0
66.0,37.0
178.0,66.0
406.0,66.0
722.0,66.0
170.0,67.0
179.0,67.0
208.0,67.0
68.0,43.0
86.0,68.0
94.0,68.0
289.0,68.0
786.0,68.0
134.0,69.0
202.0,69.0
815.0,69.0
129.0,70.0
412.0,70.0
71.0,67.0
320.0,71.0
766.0,71.0
820.0,71.0
983.0,71.0
984.0,71.0
209.0,72.0
568.0,72.0
74.0,73.0
259.0,73.0
326.0,73.0
734.0,73.0
74.0,7.0
74.0,58.0
159.0,75.0
178.0,75.0
310.0,75.0
99.0,76.0
110.0,76.0
269.0,76.0
536.0,76.0
903.0,76.0
77.0,18.0
289.0,77.0
561.0,77.0
580.0,77.0
172.0,78.0
331.0,78.0
795.0,78.0
79.0,26.0
151.0,79.0
256.0,79.0
270.0,79.0
272.0,79.0
261.0,80.0
279.0,80.0
316.0,80.0
546.0,80.0
631.0,80.0
739.0,80.0
98.0,81.0
118.0,81.0
148.0,81.0
187.0,81.0
200.0,81.0
218.0,81.0
227.0,81.0
276.0,81.0
301.0,81.0
93.0,82.0
225.0,82.0
321.0,82.0
487.0,82.0
965.0,82.0
157.0,83.0
262.0,83.0
330.0,83.0
994.0,83.0
84.0,0.0
85.0,42.0
540.0,85.0
727.0,85.0
928.0,85.0
86.0,0.0
86.0,77.0
87.0,86.0
100.0,86.0
191.0,86.0
202.0,86.0
455.0,86.0
491.0,86.0
957.0,86.0
225.0,87.0
312.0,87.0
320.0,87.0
650.0,87.0
738.0,87.0
88.0,16.0
665.0,88.0
89.0,28.0
317.0,89.0
395.0,89.0
403.0,89.0
324.0,90.0
427.0,90.0
799.0,90.0
848.0,90.0
191.0,91.0
213.0,91.0
261.0,91.0
321.0,91.0
92.0,13.0
92.0,42.0
108.0,92.0
260.0,92.0
501.0,92.0
848.0,92.0
93.0,10.0
115.0,93.0
177.0,93.0
265.0,93.0
324.0,93.0
343.0,93.0
652.0,93.0
183.0,94.0
269.0,94.0
284.0,94.0
319.0,94.0
451.0,94.0
545.0,94.0
907.0,94.0
987.0,94.0
103.0,95.0
176.0,95.0
544.0,95.0
626.0,95.0
953.0,95.0
96.0,45.0
96.0,75.0
300.0,96.0
533.0,96.0
664.0,96.0
898.0,96.0
966.0,96.0
97.0,88.0
194.0,97.0
266.0,97.0
516.0,97.0
619.0,97.0
114.0,98.0
225.0,98.0
307.0,98.0
814.0,98.0
99.0,29.0
99.0,83.0
176.0,99.0
198.0,99.0
217.0,99.0
692.0,99.0
100.0,15.0
104.0,100.0
139.0,100.0
155.0,100.0
158.0,100.0
186.0,100.0
188.0,100.0
226.0,100.0
673.0,100.0
101.0,27.0
101.0,49.0
232.0,101.0
907.0,101.0
199.0,102.0
202.0,102.0
233.0,102.0
329.0,102.0
103.0,77.0
130.0,103.0
203.0,103.0
206.0,103.0
331.0,103.0
743.0,103.0
779.0,103.0
991.0,103.0
104.0,1.0
104.0,3.0
154.0,104.0
600.0,104.0
105.0,0.0
105.0,24.0
105.0,28.0
105.0,72.0
105.0,73.0
239.0,105.0
123.0,106.0
231.0,106.0
292.0,106.0
316.0,106.0
107.0,4.0
107.0,100.0
248.0,107.0
251.0,107.0
358.0,107.0
448.0,107.0
453.0,107.0
662.0,107.0
108.0,6.0
108.0,72.0
220.0,108.0
224.0,108.0
231.0,108.0
240.0,108.0
330.0,108.0
109.0,7.0
208.0,109.0
215.0,109.0
255.0,109.0
257.0,109.0
281.0,109.0
316.0,109.0
513.0,109.0
664.0,109.0
110.0,24.0
169.0,110.0
183.0,110.0
216.0,110.0
227.0,110.0
764.0,110.0
111.0,33.0
111.0,36.0
111.0,89.0
139.0,111.0
211.0,111.0
280.0,111.0
610.0,111.0
911.0,111.0
255.0,112.0
258.0,112.0
299.0,112.0
508.0,112.0
658.0,112.0
282.0,113.0
566.0,113.0
635.0,113.0
155.0,114.0
173.0,114.0
273.0,114.0
284.0,114.0
778.0,114.0
843.0,114.0
115.0,98.0
121.0,115.0
279.0,115.0
317.0,115.0
116.0,114.0
140.0,116.0
197.0,116.0
228.0,116.0
261.0,116.0
502.0,116.0
947.0,116.0
117.0,1.0
117.0,13.0
117.0,40.0
271.0,117.0
915.0,117.0
118.0,71.0
118.0,91.0
158.0,118.0
252.0,118.0
308.0,118.0
181.0,119.0
228.0,119.0
507.0,119.0
777.0,119.0
927.0,119.0
120.0,27.0
120.0,75.0
120.0,79.0
209.0,120.0
243.0,120.0
300.0,120.0
302.0,120.0
356.0,120.0
530.0,120.0
618.0,120.0
720.0,120.0
121.0,43.0
121.0,47.0
253.0,121.0
283.0,121.0
324.0,121.0
583.0,121.0
694.0,121.0
802.0,121.0
122.0,14.0
122.0,42.0
165.0,122.0
176.0,122.0
186.0,122.0
277.0,122.0
289.0,122.0
331.0,122.0
481.0,122.0
194.0,123.0
209.0,123.0
278.0,123.0
417.0,123.0
514.0,123.0
623.0,123.0
804.0,124.0
956.0,124.0
125.0,40.0
125.0,73.0
125.0,107.0
324.0,125.0
484.0,125.0
599.0,125.0
603.0,125.0
638.0,125.0
126.0,36.0
126.0,98.0
126.0,115.0
155.0,126.0
215.0,126.0
284.0,126.0
441.0,126.0
560.0,127.0
128.0,20.0
128.0,121.0
263.0,128.0
778.0,128.0
129.0,9.0
129.0,31.0
129.0,77.0
191.0,129.0
207.0,129.0
406.0,129.0
990.0,129.0
130.0,101.0
130.0,120.0
220.0,130.0
131.0,28.0
131.0,48.0
131.0,81.0
207.0,131.0
779.0,131.0
460.0,132.0
650.0,132.0
133.0,81.0
228.0,133.0
305.0,133.0
640.0,133.0
682.0,133.0
767.0,133.0
134.0,8.0
134.0,68.0
151.0,134.0
186.0,134.0
224.0,134.0
281.0,134.0
311.0,134.0
420.0,134.0
135.0,13.0
135.0,32.0
135.0,73.0
841.0,135.0
201.0,136.0
242.0,136.0
259.0,136.0
137.0,115.0
174.0,137.0
331.0,137.0
972.0,137.0
138.0,18.0
138.0,95.0
251.0,138.0
393.0,138.0
448.0,138.0
139.0,5.0
251.0,139.0
591.0,139.0
733.0,139.0
854.0,139.0
899.0,139.0
309.0,140.0
508.0,140.0
557.0,140.0
393.0,141.0
733.0,141.0
142.0,28.0
142.0,131.0
308.0,142.0
452.0,142.0
494.0,142.0
710.0,142.0
974.0,142.0
143.0,41.0
143.0,76.0
143.0,131.0
261.0,143.0
769.0,143.0
875.0,143.0
995.0,143.0
144.0,42.0
144.0,101.0
191.0,144.0
933.0,144.0
145.0,14.0
145.0,20.0
145.0,22.0
145.0,41.0
145.0,73.0
145.0,122.0
280.0,145.0
449.0,145.0
708.0,145.0
187.0,146.0
202.0,146.0
270.0,146.0
416.0,146.0
424.0,146.0
508.0,146.0
613.0,146.0
784.0,146.0
964.0,146.0
147.0,119.0
220.0,147.0
242.0,147.0
302.0,147.0
311.0,147.0
491.0,147.0
544.0,147.0
566.0,147.0
148.0,56.0
157.0,148.0
260.0,148.0
149.0,19.0
149.0,94.0
149.0,120.0
156.0,149.0
243.0,149.0
150.0,66.0
150.0,108.0
150.0,122.0
289.0,150.0
389.0,150.0
444.0,150.0
851.0,150.0
959.0,150.0
151.0,73.0
293.0,151.0
419.0,151.0
152.0,142.0
572.0,153.0
866.0,153.0
154.0,77.0
905.0,154.0
975.0,154.0
298.0,155.0
801.0,155.0
925.0,155.0
156.0,71.0
156.0,72.0
156.0,132.0
156.0,140.0
236.0,156.0
609.0,156.0
610.0,156.0
157.0,128.0
157.0,148.0
210.0,157.0
284.0,157.0
329.0,157.0
738.0,157.0
158.0,105.0
158.0,136.0
657.0,158.0
159.0,43.0
294.0,159.0
160.0,5.0
160.0,14.0
160.0,35.0
160.0,37.0
160.0,152.0
211.0,160.0
234.0,160.0
320.0,160.0
358.0,160.0
653.0,160.0
743.0,160.0
161.0,21.0
161.0,47.0
161.0,106.0
221.0,161.0
317.0,161.0
162.0,150.0
209.0,162.0
281.0,162.0
910.0,162.0
916.0,162.0
902.0,163.0
164.0,161.0
176.0,164.0
208.0,164.0
549.0,164.0
982.0,164.0
200.0,165.0
277.0,165.0
319.0,165.0
166.0,49.0
166.0,158.0
268.0,166.0
308.0,166.0
570.0,166.0
726.0,166.0
167.0,78.0
167.0,132.0
180.0,167.0
183.0,167.0
210.0,167.0
494.0,167.0
168.0,49.0
215.0,168.0
473.0,168.0
493.0,168.0
651.0,168.0
266.0,169.0
625.0,169.0
813.0,169.0
882.0,169.0
170.0,0.0
170.0,115.0
170.0,160.0
219.0,170.0
301.0,170.0
943.0,170.0
963.0,170.0
171.0,9.0
171.0,117.0
171.0,158.0
245.0,171.0
356.0,171.0
172.0,125.0
177.0,172.0
297.0,172.0
308.0,172.0
662.0,172.0
889.0,172.0
173.0,47.0
173.0,68.0
173.0,75.0
173.0,128.0
173.0,147.0
294.0,173.0
824.0,173.0
174.0,23.0
174.0,52.0
174.0,77.0
174.0,96.0
174.0,123.0
194.0,174.0
960.0,174.0
175.0,86.0
176.0,39.0
176.0,55.0
176.0,60.0
209.0,176.0
243.0,176.0
253.0,176.0
287.0,176.0
302.0,176.0
449.0,176.0
565.0,176.0
538.0,177.0
671.0,177.0
970.0,177.0
178.0,6.0
178.0,159.0
232.0,178.0
405.0,178.0
750.0,178.0
806.0,178.0
179.0,14.0
179.0,19.0
179.0,33.0
936.0,179.0
180.0,83.0
180.0,111.0
180.0,127.0
180.0,156.0
197.0,180.0
240.0,180.0
788.0,180.0
181.0,95.0
791.0,181.0
325.0,182.0
791.0,182.0
792.0,182.0
250.0,183.0
254.0,183.0
405.0,183.0
759.0,183.0
864.0,183.0
184.0,72.0
250.0,184.0
185.0,127.0
221.0,185.0
224.0,185.0
229.0,185.0
335.0,185.0
407.0,185.0
608.0,185.0
826.0,185.0
186.0,20.0
186.0,157.0
257.0,186.0
709.0,186.0
187.0,45.0
187.0,74.0
222.0,187.0
188.0,39.0
188.0,62.0
188.0,130.0
188.0,144.0
200.0,188.0
256.0,188.0
458.0,188.0
212.0,189.0
223.0,189.0
424.0,189.0
789.0,189.0
190.0,24.0
190.0,57.0
190.0,148.0
221.0,190.0
710.0,190.0
191.0,4.0
191.0,98.0
192.0,96.0
192.0,184.0
263.0,192.0
434.0,192.0
193.0,163.0
193.0,175.0
334.0,193.0
581.0,193.0
958.0,193.0
194.0,36.0
194.0,177.0
201.0,194.0
279.0,194.0
383.0,194.0
512.0,194.0
868.0,194.0
993.0,194.0
195.0,33.0
195.0,134.0
195.0,144.0
667.0,195.0
834.0,195.0
196.0,190.0
197.0,18.0
197.0,55.0
278.0,197.0
453.0,197.0
571.0,197.0
198.0,148.0
239.0,198.0
254.0,198.0
344.0,198.0
770.0,198.0
263.0,199.0
410.0,199.0
918.0,199.0
200.0,22.0
200.0,40.0
200.0,163.0
215.0,200.0
580.0,200.0
201.0,0.0
202.0,113.0
202.0,141.0
205.0,202.0
827.0,202.0
951.0,202.0
203.0,129.0
203.0,158.0
753.0,203.0
227.0,204.0
304.0,204.0
394.0,204.0
536.0,204.0
205.0,10.0
205.0,138.0
205.0,151.0
205.0,161.0
205.0,165.0
271.0,205.0
305.0,205.0
690.0,205.0
839.0,205.0
918.0,205.0
206.0,35.0
206.0,37.0
206.0,159.0
226.0,206.0
332.0,206.0
825.0,206.0
207.0,101.0
207.0,132.0
407.0,207.0
423.0,207.0
458.0,207.0
556.0,207.0
585.0,207.0
746.0,207.0
868.0,207.0
986.0,207.0
682.0,208.0
209.0,84.0
209.0,101.0
209.0,127.0
226.0,209.0
364.0,209.0
758.0,209.0
930.0,209.0
955.0,209.0
210.0,62.0
210.0,98.0
210.0,155.0
210.0,188.0
291.0,210.0
430.0,210.0
730.0,210.0
825.0,210.0
876.0,210.0
211.0,56.0
211.0,82.0
211.0,210.0
224.0,211.0
931.0,211.0
212.0,112.0
212.0,141.0
235.0,212.0
271.0,212.0
311.0,212.0
213.0,11.0
213.0,81.0
213.0,163.0
213.0,206.0
244.0,213.0
675.0,213.0
214.0,153.0
214.0,157.0
269.0,214.0
215.0,13.0
215.0,175.0
215.0,191.0
437.0,215.0
517.0,215.0
687.0,215.0
216.0,11.0
216.0,82.0
236.0,216.0
285.0,216.0
414.0,216.0
217.0,112.0
270.0,217.0
982.0,217.0
218.0,181.0
772.0,218.0
944.0,218.0
219.0,171.0
264.0,219.0
300.0,219.0
312.0,219.0
368.0,219.0
599.0,219.0
961.0,219.0
220.0,52.0
220.0,102.0
325.0,220.0
221.0,95.0
221.0,99.0
221.0,135.0
221.0,190.0
221.0,198.0
221.0,202.0
221.0,212.0
909.0,221.0
926.0,221.0
222.0,44.0
222.0,140.0
274.0,222.0
308.0,222.0
434.0,222.0
999.0,222.0
223.0,69.0
223.0,95.0
223.0,203.0
224.0,17.0
232.0,224.0
678.0,224.0
830.0,224.0
876.0,224.0
225.0,97.0
226.0,20.0
226.0,37.0
226.0,116.0
226.0,132.0
226.0,156.0
261.0,226.0
826.0,226.0
227.0,38.0
227.0,42.0
227.0,90.0
320.0,227.0
443.0,227.0
735.0,227.0
782.0,227.0
236.0,228.0
312.0,228.0
423.0,228.0
480.0,228.0
768.0,228.0
275.0,229.0
379.0,229.0
443.0,229.0
546.0,229.0
708.0,229.0
926.0,229.0
230.0,97.0
230.0,154.0
230.0,186.0
312.0,230.0
231.0,146.0
284.0,231.0
717.0,231.0
232.0,45.0
232.0,100.0
309.0,232.0
470.0,232.0
233.0,48.0
233.0,180.0
455.0,233.0
678.0,233.0
957.0,233.0
234.0,21.0
257.0,234.0
235.0,122.0
235.0,169.0
610.0,235.0
796.0,235.0
236.0,35.0
236.0,96.0
236.0,118.0
236.0,182.0
261.0,236.0
553.0,236.0
959.0,236.0
237.0,176.0
237.0,179.0
244.0,237.0
432.0,237.0
238.0,51.0
238.0,113.0
238.0,174.0
239.0,2.0
258.0,239.0
277.0,239.0
240.0,71.0
240.0,158.0
240.0,173.0
259.0,240.0
352.0,240.0
913.0,240.0
241.0,57.0
241.0,167.0
265.0,241.0
504.0,241.0
242.0,73.0
242.0,80.0
242.0,98.0
250.0,242.0
254.0,242.0
306.0,242.0
434.0,242.0
897.0,242.0
243.0,46.0
243.0,123.0
243.0,227.0
412.0,243.0
618.0,243.0
244.0,5.0
244.0,12.0
244.0,150.0
244.0,219.0
272.0,244.0
286.0,244.0
348.0,244.0
860.0,244.0
945.0,244.0
250.0,245.0
368.0,245.0
629.0,245.0
685.0,245.0
246.0,1.0
246.0,191.0
329.0,246.0
525.0,246.0
766.0,246.0
247.0,56.0
247.0,77.0
247.0,219.0
247.0,245.0
437.0,247.0
448.0,247.0
248.0,231.0
324.0,248.0
551.0,248.0
249.0,23.0
249.0,70.0
249.0,204.0
249.0,237.0
249.0,238.0
250.0,249.0
275.0,249.0
697.0,249.0
250.0,121.0
250.0,240.0
304.0,250.0
318.0,250.0
884.0,250.0
251.0,92.0
251.0,103.0
251.0,170.0
251.0,202.0
558.0,251.0
252.0,130.0
252.0,219.0
285.0,252.0
513.0,252.0
887.0,252.0
253.0,214.0
253.0,235.0
253.0,243.0
271.0,253.0
284.0,253.0
594.0,253.0
254.0,50.0
254.0,103.0
327.0,254.0
255.0,37.0
255.0,153.0
255.0,247.0
366.0,255.0
596.0,255.0
934.0,255.0
256.0,41.0
256.0,77.0
256.0,100.0
256.0,115.0
256.0,237.0
256.0,250.0
263.0,256.0
782.0,256.0
257.0,80.0
257.0,132.0
456.0,257.0
947.0,257.0
258.0,55.0
258.0,115.0
258.0,163.0
258.0,184.0
258.0,245.0
821.0,258.0
259.0,137.0
259.0,152.0
259.0,221.0
271.0,259.0
529.0,259.0
260.0,155.0
260.0,239.0
282.0,260.0
261.0,129.0
261.0,138.0
261.0,139.0
261.0,189.0
331.0,261.0
547.0,261.0
723.0,261.0
262.0,46.0
262.0,73.0
262.0,151.0
262.0,229.0
262.0,242.0
329.0,262.0
594.0,262.0
595.0,262.0
263.0,43.0
263.0,78.0
263.0,175.0
329.0,263.0
902.0,263.0
264.0,45.0
264.0,159.0
264.0,175.0
313.0,264.0
463.0,264.0
934.0,264.0
967.0,264.0
265.0,31.0
265.0,154.0
265.0,216.0
265.0,222.0
607.0,265.0
753.0,265.0
776.0,265.0
884.0,265.0
266.0,43.0
266.0,57.0
266.0,193.0
891.0,266.0
970.0,266.0
267.0,54.0
279.0,267.0
349.0,267.0
268.0,60.0
268.0,165.0
269.0,81.0
269.0,131.0
269.0,193.0
575.0,269.0
971.0,269.0
270.0,185.0
270.0,244.0
965.0,270.0
271.0,41.0
271.0,51.0
271.0,112.0
468.0,271.0
891.0,271.0
272.0,25.0
272.0,248.0
700.0,272.0
273.0,197.0
273.0,251.0
325.0,273.0
419.0,273.0
903.0,273.0
274.0,2.0
274.0,33.0
274.0,225.0
424.0,274.0
807.0,274.0
851.0,274.0
275.0,12.0
275.0,14.0
275.0,61.0
275.0,111.0
275.0,170.0
275.0,191.0
750.0,275.0
789.0,275.0
276.0,38.0
276.0,60.0
276.0,75.0
281.0,276.0
343.0,276.0
374.0,276.0
427.0,276.0
777.0,276.0
277.0,64.0
303.0,277.0
322.0,277.0
672.0,277.0
999.0,277.0
278.0,72.0
278.0,158.0
278.0,169.0
278.0,259.0
457.0,278.0
324.0,279.0
728.0,279.0
774.0,279.0
280.0,97.0
280.0,165.0
280.0,203.0
280.0,266.0
289.0,280.0
548.0,280.0
634.0,280.0
973.0,280.0
281.0,15.0
281.0,38.0
281.0,132.0
281.0,231.0
884.0,281.0
930.0,281.0
282.0,73.0
282.0,113.0
282.0,164.0
282.0,239.0
282.0,250.0
282.0,253.0
282.0,256.0
462.0,282.0
650.0,282.0
283.0,56.0
283.0,72.0
283.0,102.0
283.0,176.0
283.0,189.0
581.0,283.0
927.0,283.0
509.0,284.0
582.0,284.0
285.0,14.0
285.0,209.0
285.0,239.0
285.0,240.0
294.0,285.0
286.0,26.0
286.0,86.0
286.0,177.0
286.0,182.0
286.0,199.0
669.0,286.0
287.0,148.0
287.0,219.0
287.0,237.0
298.0,287.0
480.0,287.0
551.0,287.0
672.0,287.0
685.0,287.0
288.0,33.0
288.0,260.0
588.0,288.0
839.0,288.0
388.0,289.0
480.0,289.0
994.0,289.0
290.0,14.0
290.0,33.0
290.0,256.0
311.0,290.0
291.0,30.0
291.0,107.0
313.0,291.0
820.0,291.0
292.0,3.0
292.0,199.0
292.0,200.0
293.0,256.0
491.0,293.0
800.0,293.0
864.0,293.0
294.0,72.0
294.0,206.0
312.0,294.0
461.0,294.0
875.0,294.0
295.0,14.0
295.0,51.0
295.0,77.0
295.0,181.0
295.0,213.0
295.0,273.0
491.0,295.0
530.0,295.0
784.0,295.0
903.0,295.0
296.0,21.0
296.0,33.0
296.0,74.0
296.0,91.0
296.0,163.0
305.0,296.0
679.0,296.0
718.0,296.0
388.0,297.0
846.0,297.0
298.0,84.0
298.0,123.0
298.0,132.0
298.0,135.0
298.0,152.0
298.0,185.0
298.0,201.0
322.0,298.0
463.0,298.0
645.0,298.0
737.0,298.0
823.0,298.0
988.0,298.0
299.0,95.0
299.0,272.0
339.0,299.0
300.0,132.0
300.0,181.0
300.0,237.0
301.0,58.0
301.0,66.0
301.0,90.0
301.0,131.0
636.0,301.0
834.0,301.0
960.0,301.0
302.0,268.0
317.0,302.0
303.0,19.0
303.0,45.0
303.0,108.0
303.0,227.0
303.0,229.0
319.0,303.0
592.0,303.0
304.0,113.0
304.0,202.0
926.0,304.0
801.0,305.0
969.0,305.0
306.0,48.0
306.0,53.0
306.0,71.0
306.0,90.0
306.0,151.0
306.0,173.0
306.0,186.0
306.0,249.0
388.0,306.0
527.0,306.0
599.0,306.0
678.0,306.0
307.0,46.0
307.0,257.0
331.0,307.0
793.0,307.0
963.0,307.0
308.0,39.0
308.0,41.0
308.0,152.0
308.0,206.0
436.0,309.0
916.0,309.0
310.0,61.0
310.0,190.0
310.0,224.0
316.0,310.0
917.0,310.0
311.0,36.0
311.0,167.0
311.0,178.0
311.0,207.0
493.0,311.0
582.0,311.0
643.0,311.0
753.0,311.0
312.0,22.0
339.0,312.0
555.0,312.0
641.0,312.0
313.0,22.0
313.0,35.0
313.0,97.0
313.0,111.0
313.0,246.0
313.0,300.0
313.0,306.0
358.0,313.0
314.0,22.0
314.0,136.0
314.0,220.0
314.0,239.0
314.0,266.0
458.0,314.0
478.0,314.0
315.0,77.0
315.0,123.0
315.0,146.0
315.0,165.0
315.0,196.0
654.0,315.0
749.0,315.0
772.0,315.0
316.0,43.0
316.0,106.0
317.0,193.0
317.0,205.0
317.0,212.0
317.0,262.0
326.0,317.0
318.0,73.0
318.0,143.0
390.0,319.0
862.0,319.0
320.0,147.0
320.0,156.0
320.0,246.0
320.0,250.0
320.0,311.0
430.0,320.0
602.0,320.0
963.0,320.0
321.0,142.0
321.0,204.0
391.0,321.0
394.0,321.0
448.0,321.0
322.0,84.0
325.0,322.0
329.0,322.0
358.0,322.0
496.0,322.0
323.0,1.0
323.0,14.0
323.0,86.0
323.0,149.0
323.0,236.0
323.0,307.0
459.0,323.0
495.0,323.0
324.0,2.0
324.0,13.0
324.0,44.0
324.0,69.0
324.0,94.0
324.0,142.0
324.0,178.0
324.0,263.0
664.0,324.0
325.0,72.0
325.0,156.0
325.0,179.0
325.0,196.0
456.0,325.0
326.0,20.0
326.0,247.0
594.0,326.0
610.0,326.0
672.0,326.0
836.0,326.0
327.0,21.0
327.0,117.0
534.0,327.0
328.0,178.0
328.0,285.0
328.0,286.0
580.0,328.0
682.0,328.0
329.0,153.0
329.0,250.0
990.0,329.0
330.0,223.0
584.0,330.0
603.0,330.0
331.0,44.0
331.0,211.0
371.0,331.0
645.0,331.0
332.0,167.0
332.0,254.0
929.0,332.0
501.0,333.0
541.0,333.0
849.0,333.0
334.0,36.0
407.0,334.0
574.0,334.0
576.0,334.0
578.0,334.0
386.0,335.0
485.0,335.0
522.0,335.0
576.0,335.0
595.0,335.0
906.0,335.0
336.0,131.0
353.0,336.0
369.0,336.0
493.0,336.0
876.0,336.0
997.0,336.0
349.0,337.0
374.0,337.0
623.0,337.0
867.0,337.0
904.0,337.0
338.0,221.0
650.0,338.0
665.0,338.0
339.0,299.0
397.0,339.0
519.0,339.0
853.0,339.0
340.0,339.0
440.0,340.0
558.0,340.0
649.0,340.0
810.0,340.0
902.0,340.0
341.0,222.0
444.0,341.0
481.0,341.0
486.0,341.0
582.0,341.0
646.0,341.0
703.0,341.0
390.0,342.0
425.0,342.0
497.0,342.0
512.0,342.0
593.0,342.0
601.0,342.0
343.0,287.0
347.0,343.0
386.0,343.0
436.0,343.0
504.0,343.0
534.0,343.0
591.0,343.0
344.0,239.0
347.0,344.0
446.0,344.0
571.0,344.0
601.0,344.0
854.0,344.0
926.0,344.0
403.0,345.0
438.0,345.0
450.0,345.0
479.0,345.0
902.0,345.0
362.0,346.0
580.0,346.0
347.0,213.0
347.0,297.0
404.0,347.0
450.0,347.0
548.0,347.0
550.0,347.0
614.0,347.0
759.0,347.0
910.0,347.0
348.0,128.0
348.0,346.0
390.0,348.0
400.0,348.0
425.0,348.0
474.0,348.0
518.0,348.0
523.0,348.0
863.0,348.0
944.0,348.0
349.0,338.0
513.0,349.0
542.0,349.0
981.0,349.0
350.0,287.0
350.0,326.0
546.0,350.0
637.0,350.0
891.0,350.0
892.0,350.0
998.0,350.0
352.0,351.0
469.0,351.0
352.0,81.0
541.0,352.0
828.0,352.0
353.0,122.0
500.0,353.0
631.0,353.0
644.0,353.0
658.0,353.0
693.0,353.0
769.0,353.0
354.0,319.0
492.0,354.0
550.0,354.0
355.0,47.0
355.0,128.0
372.0,355.0
483.0,355.0
687.0,355.0
874.0,355.0
543.0,356.0
596.0,356.0
357.0,100.0
433.0,357.0
477.0,357.0
534.0,357.0
996.0,357.0
358.0,0.0
359.0,122.0
359.0,343.0
428.0,359.0
826.0,359.0
890.0,359.0
392.0,360.0
430.0,360.0
450.0,360.0
532.0,360.0
647.0,360.0
740.0,360.0
998.0,360.0
361.0,281.0
383.0,361.0
432.0,361.0
446.0,361.0
597.0,361.0
779.0,361.0
362.0,168.0
362.0,264.0
409.0,362.0
447.0,362.0
554.0,362.0
639.0,362.0
382.0,363.0
444.0,363.0
558.0,363.0
657.0,363.0
364.0,308.0
530.0,364.0
586.0,364.0
614.0,364.0
987.0,364.0
365.0,151.0
365.0,355.0
421.0,365.0
438.0,365.0
656.0,365.0
661.0,365.0
764.0,365.0
366.0,361.0
425.0,366.0
429.0,366.0
593.0,366.0
917.0,366.0
965.0,366.0
367.0,360.0
494.0,367.0
549.0,367.0
897.0,367.0
385.0,368.0
388.0,368.0
429.0,368.0
562.0,368.0
576.0,368.0
600.0,368.0
655.0,368.0
784.0,368.0
805.0,368.0
930.0,368.0
369.0,343.0
369.0,352.0
742.0,369.0
370.0,7.0
370.0,71.0
372.0,370.0
447.0,370.0
504.0,370.0
614.0,370.0
460.0,371.0
372.0,242.0
372.0,342.0
427.0,372.0
769.0,372.0
373.0,94.0
404.0,373.0
440.0,373.0
499.0,373.0
536.0,373.0
429.0,374.0
633.0,374.0
375.0,327.0
375.0,361.0
376.0,375.0
411.0,375.0
468.0,375.0
502.0,375.0
608.0,375.0
699.0,375.0
997.0,375.0
505.0,376.0
964.0,376.0
457.0,377.0
482.0,377.0
520.0,377.0
554.0,377.0
378.0,377.0
509.0,378.0
977.0,378.0
458.0,379.0
522.0,379.0
380.0,87.0
380.0,113.0
603.0,380.0
431.0,381.0
596.0,381.0
597.0,381.0
812.0,381.0
477.0,382.0
842.0,382.0
383.0,332.0
383.0,373.0
384.0,383.0
449.0,383.0
452.0,383.0
567.0,383.0
636.0,383.0
453.0,384.0
484.0,384.0
697.0,384.0
820.0,384.0
863.0,384.0
959.0,384.0
385.0,157.0
386.0,385.0
473.0,385.0
542.0,385.0
660.0,385.0
875.0,385.0
386.0,363.0
542.0,386.0
672.0,386.0
790.0,386.0
387.0,332.0
387.0,375.0
784.0,387.0
897.0,387.0
455.0,388.0
556.0,388.0
595.0,388.0
389.0,259.0
516.0,389.0
933.0,389.0
390.0,36.0
390.0,71.0
390.0,341.0
390.0,365.0
566.0,390.0
899.0,390.0
932.0,390.0
391.0,327.0
661.0,391.0
685.0,391.0
392.0,230.0
513.0,392.0
632.0,392.0
909.0,392.0
413.0,393.0
458.0,393.0
619.0,393.0
915.0,393.0
975.0,393.0
394.0,257.0
394.0,340.0
519.0,394.0
660.0,394.0
785.0,394.0
921.0,394.0
395.0,216.0
395.0,337.0
395.0,340.0
395.0,355.0
432.0,395.0
483.0,395.0
547.0,395.0
572.0,395.0
396.0,215.0
396.0,352.0
396.0,374.0
396.0,379.0
397.0,396.0
399.0,396.0
472.0,396.0
658.0,396.0
681.0,396.0
743.0,396.0
397.0,263.0
397.0,347.0
431.0,397.0
530.0,397.0
637.0,397.0
982.0,397.0
398.0,358.0
466.0,398.0
610.0,398.0
665.0,398.0
694.0,398.0
502.0,399.0
400.0,198.0
400.0,255.0
400.0,330.0
403.0,400.0
458.0,400.0
489.0,400.0
532.0,400.0
570.0,400.0
584.0,400.0
733.0,400.0
401.0,90.0
401.0,388.0
463.0,401.0
551.0,401.0
631.0,401.0
651.0,401.0
402.0,349.0
402.0,371.0
402.0,396.0
475.0,402.0
554.0,402.0
705.0,402.0
848.0,402.0
403.0,262.0
403.0,308.0
403.0,386.0
404.0,403.0
472.0,403.0
561.0,403.0
658.0,403.0
991.0,403.0
997.0,403.0
405.0,404.0
546.0,404.0
622.0,404.0
405.0,246.0
405.0,402.0
549.0,405.0
581.0,405.0
406.0,397.0
500.0,406.0
729.0,406.0
407.0,370.0
407.0,374.0
496.0,407.0
537.0,407.0
408.0,12.0
408.0,283.0
775.0,408.0
617.0,409.0
410.0,275.0
410.0,288.0
912.0,410.0
411.0,156.0
411.0,405.0
457.0,411.0
628.0,411.0
635.0,411.0
776.0,411.0
574.0,412.0
674.0,412.0
413.0,43.0
413.0,128.0
413.0,237.0
593.0,413.0
601.0,413.0
611.0,413.0
751.0,413.0
414.0,376.0
414.0,409.0
463.0,414.0
567.0,414.0
415.0,12.0
415.0,22.0
415.0,200.0
415.0,366.0
415.0,371.0
662.0,415.0
416.0,126.0
482.0,416.0
592.0,416.0
598.0,416.0
611.0,416.0
619.0,416.0
567.0,417.0
626.0,417.0
631.0,417.0
593.0,418.0
419.0,52.0
419.0,226.0
419.0,321.0
457.0,419.0
687.0,419.0
420.0,122.0
420.0,354.0
663.0,420.0
944.0,420.0
421.0,215.0
457.0,421.0
648.0,421.0
899.0,421.0
946.0,421.0
968.0,421.0
422.0,317.0
433.0,422.0
455.0,422.0
610.0,422.0
423.0,30.0
423.0,343.0
423.0,365.0
476.0,423.0
565.0,423.0
424.0,411.0
653.0,424.0
767.0,424.0
452.0,425.0
790.0,425.0
426.0,359.0
529.0,426.0
532.0,426.0
562.0,426.0
427.0,364.0
427.0,392.0
516.0,427.0
517.0,427.0
617.0,427.0
882.0,427.0
428.0,139.0
486.0,428.0
630.0,428.0
542.0,429.0
748.0,429.0
811.0,429.0
430.0,236.0
430.0,253.0
430.0,281.0
430.0,344.0
430.0,429.0
460.0,430.0
492.0,430.0
598.0,430.0
599.0,430.0
657.0,430.0
999.0,430.0
431.0,39.0
431.0,346.0
447.0,431.0
477.0,431.0
432.0,360.0
518.0,432.0
596.0,432.0
632.0,432.0
771.0,432.0
971.0,432.0
433.0,314.0
433.0,347.0
559.0,433.0
434.0,211.0
541.0,434.0
561.0,434.0
579.0,434.0
435.0,336.0
435.0,400.0
462.0,435.0
498.0,435.0
578.0,435.0
602.0,435.0
436.0,326.0
900.0,436.0
936.0,436.0
957.0,436.0
437.0,271.0
437.0,370.0
437.0,387.0
438.0,389.0
455.0,438.0
471.0,438.0
482.0,438.0
556.0,438.0
596.0,438.0
642.0,438.0
611.0,439.0
751.0,439.0
963.0,439.0
440.0,64.0
440.0,425.0
440.0,438.0
441.0,125.0
441.0,337.0
441.0,424.0
441.0,426.0
567.0,441.0
622.0,441.0
442.0,333.0
442.0,335.0
442.0,399.0
442.0,409.0
479.0,442.0
922.0,442.0
998.0,442.0
443.0,285.0
443.0,385.0
443.0,434.0
444.0,234.0
444.0,359.0
444.0,403.0
585.0,444.0
797.0,444.0
445.0,129.0
606.0,445.0
642.0,445.0
658.0,445.0
907.0,445.0
446.0,40.0
446.0,366.0
467.0,446.0
587.0,446.0
647.0,446.0
447.0,139.0
542.0,447.0
562.0,447.0
807.0,447.0
448.0,5.0
448.0,152.0
448.0,234.0
476.0,448.0
598.0,448.0
923.0,448.0
942.0,448.0
449.0,213.0
556.0,449.0
619.0,449.0
631.0,449.0
451.0,450.0
452.0,451.0
456.0,451.0
452.0,304.0
452.0,356.0
452.0,359.0
751.0,452.0
829.0,452.0
453.0,76.0
453.0,193.0
453.0,396.0
458.0,453.0
610.0,453.0
454.0,18.0
512.0,454.0
885.0,454.0
455.0,432.0
692.0,455.0
456.0,431.0
481.0,456.0
581.0,456.0
583.0,456.0
645.0,456.0
932.0,456.0
964.0,456.0
457.0,163.0
457.0,352.0
457.0,410.0
479.0,457.0
693.0,457.0
458.0,320.0
458.0,452.0
637.0,458.0
650.0,458.0
719.0,458.0
459.0,338.0
459.0,344.0
521.0,459.0
559.0,459.0
460.0,50.0
460.0,52.0
460.0,172.0
460.0,407.0
489.0,460.0
584.0,460.0
618.0,460.0
651.0,460.0
754.0,460.0
461.0,153.0
461.0,459.0
466.0,461.0
603.0,461.0
630.0,461.0
462.0,15.0
462.0,343.0
462.0,357.0
462.0,369.0
462.0,440.0
653.0,462.0
845.0,462.0
970.0,462.0
463.0,14.0
463.0,199.0
463.0,335.0
463.0,410.0
487.0,463.0
838.0,463.0
843.0,463.0
464.0,127.0
464.0,193.0
464.0,373.0
538.0,464.0
547.0,464.0
554.0,464.0
643.0,464.0
660.0,464.0
964.0,464.0
465.0,338.0
465.0,450.0
496.0,465.0
698.0,465.0
789.0,465.0
466.0,445.0
473.0,466.0
474.0,466.0
482.0,466.0
498.0,466.0
567.0,466.0
571.0,466.0
576.0,466.0
700.0,466.0
467.0,390.0
467.0,418.0
630.0,467.0
650.0,467.0
716.0,467.0
468.0,179.0
468.0,406.0
476.0,468.0
486.0,468.0
608.0,468.0
896.0,468.0
469.0,177.0
469.0,412.0
581.0,469.0
584.0,469.0
658.0,469.0
694.0,469.0
470.0,42.0
470.0,401.0
559.0,470.0
635.0,470.0
471.0,114.0
471.0,438.0
638.0,471.0
472.0,363.0
472.0,403.0
472.0,466.0
488.0,472.0
745.0,472.0
770.0,472.0
877.0,472.0
473.0,338.0
673.0,473.0
474.0,120.0
474.0,257.0
474.0,372.0
474.0,435.0
599.0,474.0
685.0,474.0
873.0,474.0
475.0,386.0
562.0,475.0
592.0,475.0
705.0,475.0
930.0,475.0
982.0,475.0
476.0,334.0
588.0,476.0
596.0,476.0
664.0,476.0
477.0,304.0
519.0,477.0
478.0,448.0
478.0,464.0
478.0,476.0
497.0,478.0
731.0,478.0
931.0,478.0
479.0,427.0
480.0,320.0
481.0,480.0
487.0,480.0
506.0,480.0
543.0,480.0
631.0,480.0
688.0,480.0
481.0,385.0
481.0,444.0
481.0,448.0
481.0,471.0
557.0,481.0
570.0,481.0
601.0,481.0
629.0,481.0
810.0,481.0
831.0,481.0
535.0,482.0
483.0,38.0
483.0,59.0
483.0,343.0
483.0,346.0
483.0,405.0
531.0,483.0
645.0,483.0
804.0,483.0
484.0,162.0
484.0,335.0
484.0,370.0
532.0,484.0
601.0,484.0
639.0,484.0
495.0,485.0
603.0,485.0
876.0,485.0
486.0,342.0
486.0,392.0
486.0,460.0
522.0,486.0
569.0,486.0
655.0,486.0
939.0,486.0
487.0,240.0
487.0,429.0
542.0,487.0
934.0,487.0
491.0,488.0
665.0,488.0
489.0,101.0
489.0,144.0
489.0,307.0
489.0,386.0
489.0,400.0
489.0,463.0
529.0,489.0
548.0,489.0
641.0,489.0
490.0,178.0
490.0,179.0
490.0,408.0
562.0,490.0
565.0,490.0
596.0,490.0
639.0,490.0
491.0,58.0
491.0,365.0
491.0,424.0
491.0,475.0
491.0,488.0
512.0,491.0
662.0,491.0
566.0,492.0
645.0,492.0
493.0,31.0
493.0,444.0
560.0,493.0
898.0,493.0
494.0,198.0
494.0,367.0
494.0,391.0
494.0,450.0
567.0,494.0
596.0,494.0
803.0,494.0
495.0,193.0
495.0,375.0
495.0,478.0
896.0,495.0
897.0,495.0
496.0,378.0
496.0,401.0
514.0,496.0
497.0,422.0
972.0,497.0
498.0,84.0
498.0,195.0
498.0,335.0
498.0,419.0
498.0,429.0
594.0,498.0
657.0,498.0
499.0,270.0
499.0,343.0
499.0,487.0
503.0,499.0
589.0,499.0
601.0,499.0
645.0,499.0
500.0,225.0
500.0,273.0
500.0,341.0
500.0,393.0
631.0,500.0
791.0,500.0
926.0,500.0
501.0,265.0
800.0,501.0
828.0,501.0
502.0,424.0
502.0,447.0
502.0,484.0
549.0,502.0
503.0,76.0
503.0,224.0
503.0,348.0
503.0,490.0
537.0,503.0
538.0,503.0
591.0,503.0
637.0,503.0
641.0,503.0
852.0,503.0
874.0,503.0
504.0,159.0
532.0,504.0
806.0,504.0
505.0,417.0
569.0,505.0
506.0,6.0
506.0,244.0
506.0,368.0
506.0,407.0
506.0,494.0
540.0,506.0
507.0,0.0
508.0,425.0
541.0,508.0
963.0,508.0
594.0,509.0
602.0,509.0
621.0,509.0
510.0,133.0
611.0,510.0
775.0,510.0
821.0,510.0
511.0,356.0
511.0,500.0
614.0,511.0
653.0,511.0
803.0,511.0
879.0,511.0
665.0,512.0
745.0,512.0
823.0,512.0
513.0,406.0
513.0,441.0
513.0,468.0
516.0,513.0
644.0,513.0
514.0,366.0
514.0,399.0
514.0,503.0
559.0,514.0
829.0,514.0
515.0,205.0
515.0,506.0
577.0,515.0
627.0,515.0
644.0,515.0
516.0,59.0
516.0,344.0
516.0,412.0
523.0,516.0
517.0,141.0
517.0,346.0
517.0,430.0
517.0,512.0
708.0,517.0
627.0,518.0
648.0,518.0
519.0,117.0
519.0,309.0
519.0,436.0
520.0,52.0
520.0,61.0
520.0,349.0
520.0,382.0
520.0,425.0
520.0,447.0
533.0,520.0
649.0,520.0
893.0,520.0
521.0,398.0
521.0,448.0
546.0,521.0
753.0,521.0
522.0,335.0
522.0,379.0
534.0,522.0
657.0,523.0
717.0,523.0
919.0,523.0
964.0,523.0
977.0,523.0
524.0,428.0
524.0,523.0
985.0,524.0
525.0,421.0
525.0,422.0
525.0,461.0
525.0,510.0
525.0,514.0
545.0,525.0
563.0,525.0
757.0,525.0
913.0,525.0
557.0,526.0
982.0,526.0
527.0,294.0
527.0,376.0
528.0,271.0
528.0,393.0
528.0,487.0
529.0,9.0
529.0,298.0
529.0,522.0
813.0,529.0
530.0,343.0
530.0,363.0
530.0,499.0
530.0,509.0
779.0,530.0
531.0,152.0
531.0,338.0
565.0,531.0
639.0,531.0
696.0,531.0
532.0,70.0
532.0,311.0
532.0,453.0
623.0,532.0
650.0,532.0
792.0,532.0
952.0,532.0
533.0,368.0
533.0,432.0
568.0,533.0
581.0,533.0
661.0,533.0
534.0,328.0
534.0,362.0
534.0,390.0
534.0,428.0
534.0,437.0
534.0,498.0
535.0,352.0
535.0,529.0
563.0,535.0
643.0,535.0
903.0,535.0
997.0,535.0
536.0,517.0
536.0,532.0
749.0,536.0
829.0,536.0
538.0,537.0
538.0,235.0
538.0,253.0
538.0,414.0
538.0,519.0
802.0,538.0
975.0,538.0
539.0,33.0
539.0,127.0
539.0,534.0
657.0,539.0
940.0,539.0
990.0,539.0
540.0,409.0
540.0,430.0
540.0,482.0
648.0,540.0
804.0,540.0
918.0,540.0
541.0,87.0
541.0,444.0
541.0,474.0
556.0,541.0
542.0,449.0
542.0,486.0
613.0,542.0
657.0,542.0
543.0,131.0
543.0,165.0
707.0,543.0
843.0,543.0
544.0,406.0
544.0,520.0
955.0,544.0
545.0,270.0
639.0,545.0
691.0,545.0
889.0,545.0
546.0,38.0
546.0,398.0
546.0,452.0
546.0,506.0
546.0,516.0
645.0,546.0
674.0,546.0
884.0,546.0
547.0,67.0
547.0,107.0
547.0,300.0
547.0,336.0
547.0,384.0
547.0,520.0
547.0,523.0
588.0,547.0
599.0,547.0
606.0,547.0
630.0,547.0
658.0,547.0
849.0,547.0
548.0,63.0
548.0,88.0
548.0,337.0
572.0,548.0
605.0,548.0
872.0,548.0
677.0,549.0
999.0,549.0
550.0,355.0
550.0,436.0
550.0,475.0
607.0,550.0
551.0,255.0
711.0,551.0
552.0,446.0
552.0,507.0
578.0,552.0
553.0,41.0
553.0,52.0
553.0,166.0
553.0,418.0
553.0,490.0
553.0,532.0
621.0,553.0
859.0,553.0
554.0,531.0
623.0,554.0
555.0,246.0
555.0,275.0
555.0,322.0
555.0,412.0
555.0,424.0
555.0,479.0
718.0,555.0
945.0,555.0
625.0,556.0
630.0,556.0
557.0,210.0
557.0,437.0
569.0,557.0
558.0,440.0
558.0,480.0
558.0,514.0
592.0,558.0
659.0,558.0
913.0,558.0
559.0,39.0
559.0,205.0
559.0,405.0
617.0,559.0
560.0,46.0
560.0,92.0
560.0,436.0
580.0,560.0
561.0,369.0
561.0,488.0
561.0,492.0
561.0,526.0
883.0,561.0
562.0,92.0
562.0,359.0
562.0,371.0
562.0,411.0
562.0,454.0
562.0,478.0
592.0,562.0
563.0,378.0
563.0,488.0
616.0,563.0
564.0,11.0
564.0,346.0
565.0,74.0
565.0,464.0
565.0,560.0
573.0,565.0
604.0,565.0
626.0,565.0
631.0,565.0
632.0,565.0
582.0,566.0
733.0,566.0
905.0,566.0
567.0,348.0
567.0,546.0
569.0,567.0
624.0,567.0
568.0,21.0
568.0,92.0
568.0,153.0
568.0,164.0
568.0,408.0
568.0,422.0
585.0,568.0
650.0,568.0
699.0,568.0
569.0,203.0
569.0,225.0
569.0,377.0
569.0,378.0
569.0,425.0
569.0,459.0
569.0,566.0
579.0,569.0
617.0,569.0
990.0,569.0
570.0,461.0
795.0,570.0
571.0,83.0
571.0,397.0
571.0,419.0
582.0,571.0
644.0,571.0
572.0,379.0
572.0,413.0
644.0,572.0
845.0,572.0
968.0,572.0
573.0,119.0
573.0,376.0
607.0,573.0
574.0,320.0
574.0,389.0
574.0,484.0
574.0,520.0
874.0,574.0
990.0,574.0
575.0,159.0
575.0,427.0
576.0,132.0
576.0,272.0
576.0,569.0
577.0,108.0
577.0,493.0
580.0,577.0
826.0,577.0
578.0,10.0
578.0,25.0
578.0,354.0
578.0,476.0
578.0,497.0
578.0,500.0
594.0,578.0
579.0,491.0
631.0,579.0
658.0,579.0
783.0,579.0
580.0,398.0
580.0,425.0
581.0,580.0
599.0,580.0
887.0,580.0
581.0,426.0
581.0,520.0
581.0,578.0
589.0,581.0
816.0,581.0
838.0,581.0
582.0,15.0
587.0,582.0
596.0,582.0
986.0,582.0
583.0,347.0
583.0,462.0
583.0,544.0
584.0,307.0
584.0,519.0
584.0,538.0
654.0,584.0
585.0,366.0
585.0,377.0
585.0,413.0
585.0,444.0
585.0,577.0
723.0,585.0
752.0,585.0
586.0,482.0
586.0,507.0
844.0,586.0
587.0,69.0
587.0,278.0
587.0,455.0
587.0,520.0
587.0,562.0
603.0,587.0
655.0,587.0
730.0,587.0
588.0,344.0
588.0,368.0
588.0,535.0
589.0,88.0
589.0,385.0
589.0,400.0
612.0,589.0
647.0,589.0
846.0,589.0
777.0,590.0
591.0,555.0
612.0,591.0
654.0,591.0
592.0,525.0
594.0,592.0
707.0,592.0
593.0,359.0
669.0,593.0
594.0,101.0
594.0,168.0
594.0,366.0
594.0,368.0
594.0,387.0
594.0,509.0
594.0,563.0
647.0,594.0
808.0,594.0
862.0,594.0
595.0,178.0
595.0,458.0
608.0,595.0
913.0,595.0
596.0,507.0
596.0,511.0
596.0,553.0
623.0,596.0
701.0,596.0
888.0,596.0
597.0,248.0
597.0,396.0
597.0,425.0
728.0,597.0
747.0,597.0
891.0,597.0
598.0,93.0
598.0,435.0
598.0,579.0
649.0,598.0
599.0,68.0
599.0,437.0
599.0,471.0
664.0,599.0
600.0,479.0
600.0,499.0
638.0,600.0
601.0,182.0
601.0,216.0
601.0,554.0
701.0,601.0
762.0,601.0
813.0,601.0
602.0,254.0
602.0,381.0
602.0,471.0
661.0,602.0
603.0,448.0
656.0,603.0
604.0,329.0
604.0,405.0
604.0,450.0
604.0,502.0
929.0,604.0
605.0,145.0
605.0,321.0
605.0,416.0
605.0,530.0
642.0,605.0
606.0,65.0
606.0,281.0
606.0,458.0
606.0,566.0
830.0,606.0
945.0,606.0
965.0,606.0
607.0,199.0
607.0,453.0
607.0,458.0
607.0,507.0
607.0,585.0
705.0,607.0
948.0,607.0
608.0,143.0
608.0,259.0
608.0,362.0
608.0,484.0
608.0,498.0
608.0,533.0
870.0,608.0
609.0,441.0
765.0,609.0
610.0,277.0
610.0,334.0
610.0,553.0
788.0,610.0
611.0,135.0
611.0,144.0
612.0,196.0
612.0,437.0
612.0,486.0
612.0,491.0
612.0,567.0
612.0,605.0
894.0,612.0
613.0,50.0
613.0,342.0
613.0,487.0
613.0,505.0
613.0,521.0
932.0,613.0
614.0,378.0
614.0,426.0
614.0,466.0
851.0,614.0
615.0,38.0
615.0,339.0
615.0,517.0
615.0,525.0
635.0,615.0
616.0,284.0
616.0,359.0
616.0,448.0
624.0,616.0
823.0,616.0
617.0,375.0
617.0,388.0
617.0,598.0
627.0,617.0
618.0,248.0
618.0,373.0
618.0,435.0
618.0,578.0
618.0,596.0
637.0,618.0
866.0,618.0
619.0,527.0
625.0,619.0
648.0,619.0
674.0,619.0
680.0,619.0
836.0,619.0
620.0,262.0
620.0,441.0
633.0,620.0
794.0,620.0
621.0,241.0
621.0,268.0
621.0,606.0
622.0,152.0
622.0,346.0
622.0,488.0
622.0,597.0
633.0,622.0
623.0,148.0
623.0,194.0
623.0,385.0
623.0,411.0
663.0,623.0
624.0,356.0
624.0,376.0
624.0,428.0
624.0,464.0
645.0,624.0
748.0,624.0
625.0,31.0
625.0,373.0
625.0,428.0
639.0,625.0
644.0,625.0
626.0,433.0
626.0,507.0
664.0,626.0
773.0,626.0
627.0,69.0
627.0,218.0
627.0,296.0
627.0,333.0
627.0,345.0
627.0,350.0
627.0,501.0
628.0,316.0
628.0,324.0
628.0,328.0
628.0,371.0
795.0,628.0
629.0,201.0
629.0,443.0
951.0,629.0
630.0,79.0
630.0,416.0
631.0,34.0
631.0,441.0
631.0,545.0
708.0,631.0
943.0,631.0
632.0,50.0
632.0,375.0
632.0,425.0
632.0,454.0
632.0,582.0
694.0,632.0
633.0,290.0
633.0,357.0
633.0,360.0
633.0,467.0
633.0,619.0
646.0,633.0
798.0,633.0
961.0,633.0
634.0,48.0
634.0,409.0
634.0,431.0
634.0,435.0
634.0,524.0
636.0,634.0
902.0,634.0
635.0,92.0
635.0,185.0
635.0,588.0
845.0,635.0
924.0,635.0
636.0,160.0
636.0,382.0
636.0,606.0
732.0,636.0
757.0,636.0
637.0,397.0
637.0,512.0
637.0,582.0
899.0,637.0
638.0,207.0
638.0,258.0
638.0,351.0
638.0,391.0
652.0,638.0
809.0,638.0
639.0,7.0
639.0,192.0
639.0,350.0
639.0,472.0
640.0,251.0
640.0,385.0
640.0,423.0
640.0,601.0
971.0,640.0
641.0,435.0
641.0,572.0
641.0,591.0
641.0,611.0
642.0,641.0
663.0,641.0
756.0,641.0
814.0,641.0
832.0,641.0
642.0,126.0
642.0,267.0
642.0,309.0
642.0,377.0
642.0,504.0
642.0,606.0
796.0,642.0
643.0,74.0
643.0,160.0
643.0,374.0
643.0,442.0
868.0,643.0
644.0,499.0
644.0,516.0
645.0,10.0
645.0,199.0
645.0,231.0
645.0,561.0
645.0,580.0
646.0,199.0
646.0,481.0
646.0,586.0
654.0,646.0
661.0,646.0
754.0,646.0
647.0,340.0
647.0,370.0
647.0,395.0
647.0,515.0
647.0,593.0
647.0,595.0
972.0,647.0
648.0,18.0
648.0,343.0
648.0,395.0
648.0,475.0
648.0,485.0
648.0,581.0
648.0,641.0
825.0,648.0
649.0,344.0
649.0,440.0
649.0,530.0
649.0,547.0
695.0,649.0
650.0,288.0
650.0,348.0
650.0,462.0
650.0,524.0
656.0,650.0
987.0,650.0
651.0,78.0
651.0,378.0
651.0,380.0
651.0,501.0
762.0,651.0
983.0,651.0
652.0,139.0
652.0,410.0
652.0,526.0
696.0,652.0
653.0,405.0
653.0,567.0
653.0,579.0
654.0,361.0
654.0,381.0
654.0,418.0
654.0,424.0
654.0,608.0
654.0,613.0
654.0,651.0
661.0,654.0
772.0,654.0
937.0,654.0
655.0,419.0
655.0,433.0
655.0,526.0
656.0,335.0
656.0,361.0
656.0,520.0
656.0,646.0
876.0,656.0
657.0,132.0
657.0,213.0
839.0,657.0
658.0,29.0
658.0,205.0
658.0,420.0
658.0,596.0
659.0,206.0
659.0,364.0
659.0,579.0
660.0,79.0
660.0,201.0
660.0,641.0
660.0,648.0
811.0,660.0
972.0,660.0
999.0,660.0
661.0,231.0
661.0,361.0
661.0,473.0
661.0,500.0
661.0,527.0
661.0,559.0
661.0,607.0
671.0,661.0
662.0,467.0
662.0,590.0
662.0,599.0
983.0,662.0
663.0,324.0
663.0,550.0
663.0,558.0
732.0,663.0
664.0,379.0
664.0,460.0
664.0,471.0
664.0,496.0
664.0,557.0
664.0,614.0
665.0,488.0
665.0,563.0
665.0,589.0
665.0,596.0
665.0,606.0
706.0,665.0
666.0,40.0
666.0,650.0
710.0,666.0
777.0,666.0
785.0,666.0
828.0,666.0
667.0,6.0
752.0,667.0
668.0,21.0
668.0,366.0
714.0,668.0
736.0,668.0
835.0,668.0
907.0,668.0
669.0,336.0
669.0,403.0
669.0,550.0
733.0,669.0
670.0,51.0
670.0,380.0
670.0,667.0
872.0,670.0
896.0,670.0
940.0,670.0
943.0,670.0
671.0,25.0
705.0,671.0
779.0,671.0
785.0,671.0
885.0,671.0
910.0,671.0
672.0,379.0
672.0,572.0
672.0,669.0
779.0,672.0
811.0,672.0
673.0,327.0
673.0,473.0
764.0,673.0
924.0,673.0
928.0,673.0
958.0,673.0
996.0,673.0
674.0,106.0
674.0,617.0
686.0,674.0
769.0,674.0
874.0,674.0
915.0,674.0
982.0,674.0
675.0,342.0
675.0,673.0
994.0,675.0
676.0,231.0
676.0,318.0
676.0,418.0
772.0,676.0
814.0,676.0
854.0,676.0
857.0,676.0
881.0,676.0
913.0,676.0
677.0,150.0
738.0,677.0
782.0,677.0
796.0,677.0
949.0,677.0
964.0,677.0
678.0,413.0
713.0,678.0
921.0,678.0
985.0,678.0
679.0,11.0
704.0,679.0
776.0,679.0
896.0,679.0
935.0,679.0
995.0,679.0
680.0,274.0
680.0,494.0
724.0,680.0
785.0,680.0
840.0,680.0
933.0,680.0
972.0,680.0
895.0,681.0
682.0,139.0
682.0,159.0
682.0,193.0
682.0,268.0
824.0,682.0
900.0,682.0
683.0,138.0
713.0,683.0
793.0,683.0
819.0,683.0
947.0,683.0
957.0,683.0
684.0,337.0
684.0,645.0
684.0,666.0
703.0,684.0
712.0,684.0
818.0,684.0
923.0,684.0
980.0,684.0
685.0,83.0
685.0,162.0
701.0,685.0
686.0,206.0
686.0,627.0
686.0,666.0
783.0,686.0
835.0,686.0
895.0,686.0
919.0,686.0
957.0,686.0
964.0,686.0
687.0,262.0
687.0,284.0
714.0,687.0
929.0,687.0
994.0,687.0
688.0,35.0
688.0,342.0
688.0,561.0
765.0,688.0
797.0,688.0
882.0,688.0
689.0,340.0
689.0,459.0
696.0,689.0
805.0,689.0
876.0,689.0
879.0,690.0
691.0,188.0
691.0,251.0
691.0,547.0
691.0,616.0
692.0,406.0
708.0,692.0
777.0,692.0
797.0,692.0
693.0,550.0
693.0,584.0
721.0,693.0
824.0,693.0
836.0,693.0
860.0,693.0
866.0,693.0
959.0,693.0
694.0,269.0
991.0,694.0
695.0,9.0
695.0,156.0
695.0,408.0
695.0,685.0
889.0,695.0
912.0,695.0
925.0,695.0
980.0,695.0
696.0,196.0
696.0,585.0
821.0,696.0
864.0,696.0
912.0,696.0
969.0,696.0
704.0,697.0
764.0,697.0
940.0,697.0
952.0,697.0
698.0,407.0
698.0,461.0
828.0,698.0
847.0,698.0
892.0,698.0
894.0,698.0
699.0,70.0
699.0,553.0
700.0,485.0
833.0,700.0
858.0,700.0
866.0,700.0
985.0,700.0
701.0,252.0
701.0,416.0
763.0,701.0
702.0,52.0
702.0,61.0
702.0,164.0
702.0,460.0
702.0,543.0
702.0,556.0
845.0,702.0
944.0,702.0
977.0,702.0
703.0,17.0
750.0,703.0
864.0,703.0
704.0,244.0
704.0,260.0
809.0,704.0
705.0,69.0
710.0,705.0
913.0,705.0
923.0,705.0
955.0,705.0
706.0,10.0
706.0,145.0
706.0,594.0
707.0,91.0
707.0,229.0
828.0,707.0
901.0,707.0
907.0,707.0
918.0,707.0
943.0,707.0
951.0,707.0
708.0,631.0
708.0,661.0
782.0,708.0
894.0,708.0
709.0,636.0
709.0,697.0
758.0,709.0
779.0,709.0
875.0,709.0
894.0,709.0
710.0,0.0
711.0,702.0
722.0,711.0
739.0,711.0
744.0,711.0
837.0,711.0
930.0,711.0
981.0,711.0
712.0,117.0
712.0,374.0
742.0,712.0
758.0,712.0
886.0,712.0
713.0,437.0
730.0,713.0
767.0,713.0
862.0,713.0
890.0,713.0
911.0,713.0
714.0,49.0
714.0,310.0
829.0,714.0
838.0,714.0
913.0,714.0
715.0,29.0
715.0,480.0
715.0,614.0
860.0,715.0
891.0,715.0
951.0,715.0
716.0,378.0
716.0,684.0
716.0,692.0
802.0,716.0
902.0,716.0
937.0,716.0
939.0,716.0
977.0,716.0
717.0,29.0
717.0,438.0
717.0,697.0
870.0,717.0
896.0,717.0
946.0,717.0
974.0,717.0
718.0,428.0
718.0,551.0
718.0,671.0
744.0,718.0
752.0,718.0
804.0,718.0
815.0,718.0
906.0,718.0
957.0,718.0
971.0,718.0
719.0,361.0
781.0,719.0
817.0,719.0
945.0,719.0
720.0,9.0
720.0,65.0
720.0,337.0
773.0,720.0
857.0,720.0
993.0,720.0
721.0,98.0
721.0,497.0
851.0,721.0
893.0,721.0
939.0,721.0
942.0,721.0
957.0,721.0
959.0,721.0
722.0,63.0
722.0,599.0
723.0,122.0
723.0,701.0
738.0,723.0
911.0,723.0
724.0,196.0
724.0,303.0
749.0,724.0
832.0,724.0
947.0,724.0
998.0,724.0
725.0,170.0
725.0,641.0
725.0,707.0
817.0,725.0
957.0,725.0
726.0,180.0
726.0,475.0
726.0,725.0
973.0,726.0
985.0,726.0
727.0,500.0
806.0,728.0
858.0,728.0
878.0,728.0
908.0,728.0
991.0,728.0
803.0,729.0
862.0,729.0
730.0,9.0
730.0,161.0
807.0,730.0
731.0,515.0
731.0,550.0
731.0,623.0
731.0,717.0
896.0,731.0
935.0,731.0
732.0,273.0
732.0,359.0
732.0,494.0
732.0,670.0
732.0,689.0
957.0,732.0
980.0,732.0
733.0,394.0
733.0,453.0
733.0,598.0
733.0,652.0
733.0,685.0
733.0,712.0
767.0,733.0
855.0,733.0
856.0,733.0
734.0,174.0
734.0,380.0
734.0,692.0
863.0,734.0
911.0,734.0
941.0,734.0
977.0,734.0
735.0,136.0
735.0,703.0
823.0,735.0
922.0,735.0
972.0,735.0
736.0,71.0
736.0,168.0
736.0,676.0
804.0,736.0
869.0,736.0
882.0,736.0
927.0,736.0
737.0,158.0
737.0,228.0
737.0,248.0
751.0,737.0
779.0,737.0
738.0,3.0
874.0,738.0
979.0,738.0
739.0,43.0
739.0,442.0
739.0,604.0
756.0,739.0
790.0,739.0
855.0,739.0
916.0,739.0
944.0,739.0
740.0,72.0
740.0,414.0
740.0,691.0
865.0,740.0
881.0,740.0
741.0,16.0
741.0,50.0
741.0,226.0
741.0,685.0
741.0,687.0
741.0,735.0
799.0,741.0
839.0,741.0
890.0,741.0
894.0,741.0
742.0,250.0
742.0,643.0
743.0,194.0
743.0,287.0
769.0,743.0
744.0,663.0
805.0,744.0
816.0,744.0
832.0,744.0
879.0,744.0
964.0,744.0
745.0,163.0
745.0,630.0
745.0,638.0
745.0,675.0
745.0,685.0
767.0,745.0
841.0,745.0
746.0,108.0
746.0,685.0
746.0,716.0
855.0,746.0
986.0,746.0
808.0,747.0
943.0,747.0
748.0,114.0
748.0,496.0
748.0,675.0
748.0,745.0
776.0,748.0
846.0,748.0
980.0,748.0
749.0,295.0
749.0,432.0
749.0,503.0
749.0,673.0
937.0,749.0
942.0,749.0
750.0,97.0
750.0,714.0
752.0,750.0
754.0,750.0
933.0,750.0
855.0,751.0
752.0,448.0
752.0,500.0
752.0,512.0
752.0,592.0
815.0,752.0
922.0,752.0
943.0,752.0
953.0,752.0
753.0,295.0
753.0,303.0
757.0,753.0
780.0,753.0
957.0,753.0
754.0,308.0
754.0,352.0
754.0,431.0
754.0,517.0
754.0,697.0
754.0,747.0
754.0,752.0
828.0,754.0
755.0,6.0
755.0,299.0
755.0,356.0
755.0,440.0
755.0,734.0
892.0,755.0
756.0,444.0
756.0,529.0
805.0,756.0
810.0,756.0
906.0,756.0
757.0,52.0
757.0,710.0
893.0,757.0
963.0,757.0
758.0,320.0
828.0,758.0
759.0,316.0
759.0,484.0
759.0,612.0
913.0,759.0
760.0,272.0
801.0,760.0
840.0,760.0
862.0,760.0
929.0,760.0
761.0,332.0
761.0,657.0
848.0,761.0
919.0,761.0
965.0,761.0
812.0,762.0
839.0,762.0
841.0,762.0
905.0,762.0
855.0,763.0
764.0,398.0
764.0,431.0
770.0,764.0
830.0,764.0
923.0,764.0
765.0,126.0
765.0,496.0
809.0,765.0
766.0,337.0
766.0,595.0
766.0,742.0
843.0,766.0
856.0,766.0
905.0,766.0
918.0,766.0
767.0,518.0
867.0,767.0
928.0,767.0
768.0,179.0
768.0,485.0
768.0,695.0
938.0,768.0
769.0,567.0
769.0,578.0
863.0,769.0
866.0,769.0
878.0,769.0
770.0,142.0
770.0,654.0
770.0,750.0
789.0,770.0
771.0,116.0
771.0,130.0
771.0,531.0
771.0,670.0
771.0,696.0
856.0,771.0
772.0,34.0
772.0,436.0
772.0,517.0
772.0,714.0
781.0,772.0
799.0,772.0
805.0,772.0
813.0,772.0
976.0,772.0
773.0,466.0
773.0,704.0
773.0,738.0
779.0,773.0
805.0,773.0
920.0,773.0
774.0,202.0
774.0,514.0
774.0,708.0
814.0,774.0
817.0,774.0
827.0,774.0
886.0,774.0
901.0,774.0
775.0,157.0
775.0,225.0
775.0,270.0
775.0,479.0
775.0,497.0
775.0,577.0
775.0,761.0
959.0,775.0
966.0,775.0
972.0,775.0
994.0,775.0
776.0,6.0
844.0,776.0
887.0,776.0
896.0,776.0
931.0,776.0
777.0,507.0
780.0,777.0
866.0,777.0
929.0,777.0
778.0,322.0
778.0,402.0
882.0,778.0
982.0,778.0
779.0,628.0
779.0,705.0
807.0,779.0
823.0,779.0
808.0,780.0
831.0,780.0
781.0,158.0
781.0,501.0
781.0,693.0
816.0,781.0
895.0,781.0
900.0,781.0
908.0,781.0
943.0,781.0
782.0,15.0
782.0,185.0
782.0,267.0
782.0,688.0
794.0,782.0
817.0,782.0
884.0,782.0
942.0,782.0
953.0,782.0
783.0,266.0
783.0,468.0
783.0,565.0
783.0,652.0
783.0,756.0
859.0,783.0
784.0,634.0
784.0,697.0
784.0,705.0
853.0,784.0
972.0,784.0
785.0,449.0
785.0,756.0
786.0,785.0
786.0,129.0
786.0,275.0
786.0,615.0
786.0,656.0
786.0,685.0
852.0,786.0
879.0,786.0
787.0,230.0
787.0,432.0
806.0,787.0
885.0,787.0
975.0,787.0
986.0,787.0
788.0,99.0
788.0,287.0
788.0,362.0
841.0,788.0
948.0,788.0
789.0,6.0
789.0,747.0
985.0,789.0
790.0,718.0
997.0,790.0
791.0,170.0
791.0,333.0
791.0,450.0
791.0,758.0
837.0,791.0
873.0,791.0
948.0,791.0
990.0,791.0
792.0,78.0
792.0,112.0
792.0,210.0
792.0,612.0
792.0,686.0
792.0,713.0
792.0,748.0
893.0,792.0
793.0,711.0
921.0,793.0
985.0,793.0
794.0,495.0
794.0,726.0
812.0,794.0
795.0,481.0
795.0,497.0
795.0,632.0
800.0,795.0
871.0,795.0
874.0,795.0
898.0,795.0
927.0,795.0
974.0,795.0
796.0,343.0
796.0,771.0
967.0,796.0
978.0,796.0
797.0,179.0
797.0,712.0
915.0,797.0
979.0,797.0
798.0,198.0
798.0,423.0
798.0,448.0
798.0,728.0
798.0,736.0
798.0,750.0
908.0,798.0
966.0,798.0
799.0,696.0
864.0,799.0
800.0,178.0
800.0,183.0
800.0,717.0
801.0,156.0
801.0,311.0
801.0,479.0
801.0,724.0
802.0,109.0
802.0,241.0
802.0,336.0
802.0,366.0
803.0,802.0
835.0,802.0
803.0,527.0
803.0,797.0
816.0,803.0
804.0,123.0
804.0,485.0
804.0,803.0
805.0,232.0
805.0,359.0
805.0,625.0
805.0,665.0
805.0,743.0
849.0,805.0
964.0,805.0
806.0,188.0
806.0,270.0
806.0,464.0
806.0,709.0
806.0,738.0
807.0,806.0
942.0,806.0
807.0,492.0
872.0,807.0
808.0,112.0
932.0,808.0
822.0,809.0
842.0,809.0
857.0,809.0
860.0,809.0
810.0,331.0
810.0,392.0
810.0,717.0
895.0,810.0
928.0,810.0
811.0,441.0
811.0,565.0
811.0,645.0
811.0,668.0
811.0,671.0
811.0,799.0
812.0,163.0
812.0,343.0
812.0,694.0
812.0,701.0
812.0,752.0
812.0,787.0
849.0,812.0
813.0,18.0
813.0,354.0
941.0,813.0
981.0,813.0
814.0,666.0
814.0,684.0
814.0,705.0
814.0,743.0
814.0,789.0
998.0,814.0
815.0,530.0
815.0,654.0
815.0,801.0
872.0,815.0
902.0,815.0
816.0,194.0
816.0,668.0
965.0,816.0
817.0,196.0
817.0,340.0
817.0,558.0
817.0,673.0
830.0,817.0
870.0,817.0
980.0,817.0
993.0,817.0
818.0,23.0
818.0,55.0
818.0,266.0
818.0,442.0
818.0,687.0
818.0,795.0
818.0,816.0
846.0,818.0
895.0,818.0
963.0,818.0
819.0,322.0
819.0,681.0
819.0,809.0
827.0,819.0
820.0,168.0
820.0,367.0
820.0,489.0
820.0,697.0
875.0,820.0
968.0,820.0
821.0,419.0
821.0,708.0
821.0,781.0
961.0,821.0
822.0,328.0
947.0,822.0
823.0,69.0
823.0,246.0
823.0,543.0
823.0,593.0
823.0,774.0
823.0,818.0
824.0,429.0
824.0,673.0
824.0,700.0
824.0,809.0
824.0,819.0
859.0,824.0
890.0,824.0
914.0,824.0
951.0,824.0
998.0,824.0
825.0,423.0
825.0,586.0
825.0,608.0
825.0,812.0
918.0,825.0
990.0,825.0
826.0,264.0
826.0,817.0
896.0,826.0
827.0,191.0
827.0,678.0
894.0,827.0
907.0,827.0
947.0,827.0
948.0,827.0
828.0,719.0
828.0,780.0
828.0,792.0
829.0,615.0
829.0,661.0
829.0,770.0
907.0,829.0
937.0,829.0
963.0,829.0
830.0,231.0
830.0,585.0
830.0,780.0
841.0,830.0
890.0,830.0
831.0,0.0
832.0,687.0
901.0,832.0
833.0,264.0
833.0,428.0
833.0,439.0
833.0,442.0
913.0,833.0
834.0,20.0
834.0,328.0
834.0,521.0
834.0,701.0
856.0,834.0
835.0,494.0
835.0,541.0
835.0,718.0
835.0,721.0
844.0,835.0
885.0,835.0
976.0,835.0
836.0,54.0
836.0,719.0
836.0,805.0
888.0,836.0
906.0,836.0
837.0,390.0
837.0,579.0
837.0,763.0
845.0,837.0
911.0,837.0
838.0,436.0
838.0,600.0
838.0,624.0
838.0,800.0
842.0,838.0
895.0,838.0
904.0,838.0
839.0,700.0
839.0,724.0
896.0,839.0
840.0,148.0
840.0,318.0
840.0,613.0
840.0,769.0
861.0,840.0
923.0,840.0
841.0,729.0
841.0,772.0
841.0,834.0
929.0,841.0
945.0,841.0
946.0,841.0
842.0,170.0
842.0,674.0
908.0,842.0
913.0,842.0
843.0,144.0
843.0,241.0
843.0,258.0
843.0,724.0
843.0,746.0
843.0,833.0
844.0,391.0
844.0,408.0
844.0,729.0
941.0,844.0
845.0,432.0
845.0,468.0
845.0,724.0
845.0,828.0
846.0,845.0
922.0,845.0
846.0,675.0
846.0,728.0
880.0,846.0
893.0,846.0
847.0,535.0
847.0,554.0
938.0,847.0
848.0,699.0
903.0,848.0
963.0,848.0
849.0,284.0
849.0,546.0
913.0,849.0
850.0,40.0
850.0,166.0
850.0,483.0
850.0,678.0
886.0,850.0
922.0,850.0
943.0,850.0
851.0,516.0
851.0,726.0
851.0,764.0
851.0,788.0
852.0,703.0
852.0,723.0
902.0,852.0
924.0,852.0
853.0,152.0
853.0,700.0
853.0,791.0
880.0,853.0
854.0,403.0
854.0,538.0
854.0,840.0
946.0,854.0
855.0,374.0
855.0,684.0
855.0,687.0
855.0,714.0
856.0,4.0
856.0,532.0
856.0,620.0
856.0,658.0
856.0,810.0
856.0,836.0
879.0,856.0
977.0,856.0
857.0,155.0
857.0,294.0
857.0,669.0
857.0,768.0
857.0,824.0
881.0,857.0
858.0,205.0
858.0,445.0
858.0,555.0
858.0,782.0
944.0,858.0
949.0,858.0
859.0,187.0
859.0,618.0
859.0,676.0
859.0,692.0
860.0,859.0
931.0,859.0
989.0,859.0
860.0,671.0
860.0,779.0
860.0,785.0
860.0,822.0
860.0,848.0
915.0,860.0
996.0,860.0
861.0,18.0
861.0,686.0
861.0,745.0
861.0,813.0
889.0,861.0
931.0,861.0
862.0,74.0
862.0,90.0
862.0,497.0
862.0,721.0
863.0,202.0
863.0,365.0
863.0,464.0
863.0,819.0
863.0,843.0
958.0,863.0
864.0,205.0
864.0,245.0
864.0,699.0
864.0,736.0
865.0,211.0
865.0,379.0
865.0,691.0
865.0,800.0
865.0,853.0
940.0,865.0
965.0,865.0
983.0,865.0
866.0,43.0
866.0,161.0
866.0,196.0
866.0,814.0
867.0,23.0
867.0,129.0
867.0,297.0
867.0,753.0
867.0,836.0
897.0,867.0
937.0,867.0
990.0,867.0
868.0,127.0
868.0,166.0
868.0,681.0
869.0,380.0
869.0,672.0
869.0,734.0
869.0,743.0
869.0,766.0
869.0,851.0
870.0,56.0
870.0,544.0
870.0,679.0
886.0,870.0
871.0,107.0
871.0,164.0
871.0,685.0
959.0,871.0
872.0,349.0
872.0,681.0
872.0,839.0
872.0,848.0
895.0,872.0
899.0,872.0
941.0,872.0
873.0,329.0
873.0,645.0
873.0,674.0
873.0,765.0
873.0,796.0
873.0,839.0
873.0,848.0
874.0,67.0
874.0,452.0
874.0,464.0
874.0,707.0
959.0,874.0
875.0,199.0
875.0,718.0
875.0,729.0
875.0,730.0
875.0,734.0
889.0,875.0
935.0,875.0
957.0,875.0
876.0,228.0
876.0,371.0
876.0,744.0
876.0,788.0
876.0,870.0
975.0,876.0
877.0,455.0
877.0,478.0
877.0,659.0
877.0,734.0
877.0,855.0
877.0,858.0
878.0,752.0
944.0,878.0
993.0,878.0
879.0,329.0
879.0,693.0
879.0,846.0
880.0,41.0
880.0,691.0
880.0,700.0
880.0,818.0
881.0,823.0
881.0,856.0
881.0,862.0
985.0,881.0
882.0,765.0
882.0,792.0
882.0,822.0
882.0,858.0
908.0,882.0
930.0,882.0
982.0,882.0
914.0,883.0
984.0,883.0
884.0,659.0
884.0,731.0
884.0,738.0
884.0,829.0
885.0,189.0
885.0,447.0
885.0,477.0
885.0,695.0
892.0,885.0
886.0,61.0
886.0,67.0
886.0,469.0
886.0,481.0
886.0,712.0
886.0,722.0
886.0,790.0
886.0,806.0
966.0,886.0
887.0,116.0
887.0,637.0
888.0,142.0
888.0,432.0
888.0,695.0
888.0,864.0
889.0,805.0
890.0,739.0
927.0,890.0
891.0,716.0
891.0,754.0
891.0,779.0
891.0,784.0
891.0,831.0
892.0,396.0
892.0,721.0
892.0,765.0
892.0,815.0
892.0,847.0
915.0,892.0
893.0,260.0
893.0,289.0
893.0,674.0
893.0,729.0
893.0,733.0
893.0,812.0
933.0,893.0
894.0,747.0
894.0,763.0
894.0,787.0
895.0,71.0
895.0,540.0
895.0,601.0
895.0,719.0
895.0,814.0
908.0,895.0
896.0,144.0
896.0,284.0
896.0,406.0
896.0,415.0
896.0,544.0
896.0,756.0
896.0,803.0
925.0,896.0
956.0,896.0
976.0,896.0
897.0,346.0
897.0,726.0
897.0,857.0
951.0,897.0
990.0,897.0
898.0,720.0
898.0,800.0
899.0,674.0
899.0,752.0
899.0,881.0
908.0,899.0
965.0,899.0
900.0,586.0
900.0,799.0
900.0,812.0
900.0,835.0
900.0,858.0
927.0,900.0
901.0,423.0
901.0,669.0
901.0,701.0
901.0,793.0
901.0,841.0
901.0,880.0
931.0,901.0
980.0,901.0
902.0,89.0
902.0,390.0
902.0,677.0
902.0,704.0
902.0,748.0
903.0,277.0
903.0,689.0
903.0,743.0
903.0,752.0
903.0,768.0
903.0,783.0
903.0,831.0
932.0,903.0
904.0,95.0
904.0,630.0
904.0,839.0
904.0,903.0
905.0,209.0
905.0,232.0
905.0,273.0
905.0,492.0
905.0,592.0
905.0,678.0
917.0,905.0
997.0,905.0
906.0,245.0
906.0,279.0
907.0,167.0
907.0,881.0
922.0,907.0
930.0,907.0
908.0,281.0
908.0,703.0
908.0,766.0
909.0,27.0
909.0,573.0
909.0,689.0
909.0,716.0
992.0,909.0
993.0,909.0
910.0,391.0
910.0,399.0
910.0,719.0
910.0,898.0
957.0,910.0
911.0,375.0
911.0,774.0
911.0,778.0
975.0,911.0
912.0,378.0
912.0,439.0
912.0,511.0
912.0,592.0
912.0,759.0
912.0,830.0
912.0,836.0
950.0,912.0
913.0,528.0
913.0,668.0
913.0,825.0
913.0,846.0
913.0,878.0
913.0,887.0
914.0,220.0
914.0,372.0
914.0,561.0
914.0,645.0
914.0,655.0
914.0,793.0
914.0,795.0
914.0,812.0
935.0,914.0
915.0,499.0
915.0,509.0
915.0,761.0
915.0,836.0
946.0,915.0
962.0,915.0
916.0,738.0
916.0,872.0
916.0,887.0
948.0,916.0
968.0,916.0
917.0,747.0
917.0,816.0
918.0,441.0
918.0,808.0
919.0,688.0
919.0,786.0
919.0,915.0
920.0,459.0
920.0,557.0
920.0,723.0
920.0,749.0
920.0,794.0
920.0,830.0
920.0,854.0
965.0,920.0
921.0,10.0
921.0,584.0
921.0,777.0
921.0,782.0
921.0,864.0
922.0,763.0
936.0,922.0
923.0,389.0
923.0,778.0
924.0,417.0
924.0,763.0
924.0,864.0
925.0,47.0
925.0,734.0
925.0,793.0
925.0,920.0
969.0,925.0
926.0,556.0
926.0,811.0
943.0,926.0
950.0,926.0
927.0,722.0
927.0,725.0
927.0,801.0
928.0,216.0
965.0,928.0
994.0,928.0
929.0,203.0
929.0,526.0
972.0,929.0
930.0,268.0
930.0,519.0
930.0,734.0
996.0,930.0
931.0,252.0
931.0,539.0
931.0,685.0
931.0,728.0
931.0,734.0
931.0,763.0
947.0,931.0
993.0,931.0
932.0,66.0
932.0,494.0
932.0,569.0
932.0,708.0
932.0,745.0
932.0,789.0
933.0,579.0
933.0,629.0
933.0,902.0
934.0,686.0
934.0,702.0
934.0,769.0
962.0,934.0
935.0,55.0
935.0,157.0
935.0,385.0
935.0,438.0
935.0,670.0
935.0,768.0
935.0,793.0
935.0,922.0
936.0,119.0
936.0,306.0
936.0,672.0
936.0,673.0
936.0,717.0
936.0,750.0
936.0,853.0
936.0,889.0
936.0,919.0
995.0,936.0
937.0,296.0
937.0,649.0
937.0,725.0
937.0,766.0
970.0,937.0
938.0,383.0
938.0,501.0
938.0,733.0
938.0,738.0
938.0,852.0
962.0,938.0
939.0,105.0
939.0,454.0
939.0,835.0
939.0,879.0
940.0,682.0
940.0,836.0
940.0,927.0
976.0,940.0
941.0,51.0
941.0,188.0
941.0,240.0
941.0,383.0
941.0,577.0
942.0,283.0
942.0,692.0
942.0,703.0
942.0,855.0
943.0,671.0
943.0,679.0
943.0,803.0
981.0,943.0
944.0,346.0
944.0,445.0
944.0,751.0
977.0,944.0
986.0,944.0
945.0,669.0
945.0,701.0
945.0,860.0
945.0,887.0
949.0,945.0
946.0,108.0
946.0,168.0
946.0,836.0
946.0,850.0
946.0,882.0
946.0,888.0
946.0,927.0
974.0,946.0
947.0,640.0
947.0,886.0
948.0,137.0
948.0,263.0
948.0,389.0
948.0,840.0
949.0,257.0
949.0,736.0
949.0,808.0
950.0,169.0
950.0,438.0
950.0,800.0
950.0,889.0
950.0,948.0
954.0,950.0
955.0,950.0
951.0,106.0
951.0,685.0
951.0,896.0
952.0,567.0
952.0,723.0
952.0,946.0
953.0,166.0
953.0,207.0
953.0,741.0
953.0,822.0
953.0,833.0
954.0,451.0
954.0,641.0
954.0,678.0
954.0,759.0
954.0,850.0
954.0,942.0
955.0,240.0
955.0,540.0
955.0,837.0
955.0,865.0
955.0,914.0
971.0,955.0
956.0,0.0
957.0,101.0
957.0,194.0
957.0,351.0
957.0,385.0
957.0,511.0
957.0,725.0
957.0,766.0
957.0,890.0
957.0,901.0
957.0,921.0
958.0,210.0
958.0,310.0
958.0,481.0
958.0,527.0
958.0,532.0
959.0,736.0
959.0,759.0
959.0,783.0
959.0,824.0
959.0,835.0
959.0,879.0
959.0,938.0
960.0,119.0
960.0,180.0
960.0,901.0
961.0,276.0
961.0,520.0
961.0,537.0
961.0,577.0
961.0,618.0
961.0,682.0
961.0,740.0
961.0,791.0
961.0,881.0
961.0,904.0
961.0,935.0
982.0,961.0
962.0,58.0
962.0,110.0
962.0,158.0
962.0,201.0
962.0,332.0
962.0,746.0
962.0,761.0
962.0,863.0
962.0,870.0
963.0,545.0
963.0,854.0
963.0,885.0
964.0,963.0
964.0,823.0
964.0,839.0
964.0,876.0
965.0,175.0
965.0,788.0
965.0,903.0
966.0,331.0
966.0,694.0
966.0,711.0
966.0,787.0
966.0,806.0
966.0,818.0
967.0,600.0
967.0,883.0
967.0,910.0
967.0,915.0
968.0,120.0
968.0,180.0
968.0,578.0
968.0,693.0
968.0,780.0
969.0,158.0
969.0,850.0
970.0,689.0
970.0,872.0
970.0,905.0
971.0,836.0
971.0,967.0
972.0,46.0
972.0,254.0
972.0,274.0
972.0,702.0
972.0,764.0
975.0,972.0
973.0,349.0
973.0,450.0
973.0,641.0
973.0,909.0
973.0,934.0
973.0,945.0
974.0,776.0
974.0,818.0
974.0,928.0
975.0,51.0
975.0,790.0
975.0,814.0
975.0,916.0
976.0,244.0
976.0,627.0
976.0,664.0
976.0,730.0
977.0,57.0
977.0,131.0
977.0,739.0
977.0,819.0
977.0,883.0
978.0,166.0
978.0,731.0
978.0,784.0
978.0,818.0
979.0,442.0
979.0,757.0
979.0,883.0
979.0,927.0
979.0,964.0
980.0,72.0
980.0,425.0
980.0,936.0
984.0,980.0
981.0,41.0
981.0,837.0
981.0,905.0
982.0,41.0
982.0,644.0
982.0,760.0
982.0,932.0
982.0,940.0
983.0,641.0
983.0,822.0
983.0,837.0
983.0,839.0
984.0,316.0
984.0,672.0
984.0,843.0
984.0,856.0
984.0,927.0
985.0,17.0
985.0,257.0
985.0,380.0
985.0,708.0
985.0,843.0
985.0,863.0
985.0,954.0
987.0,985.0
986.0,449.0
986.0,502.0
986.0,703.0
986.0,716.0
986.0,720.0
986.0,728.0
987.0,67.0
987.0,206.0
987.0,538.0
987.0,796.0
987.0,849.0
987.0,860.0
987.0,891.0
987.0,922.0
988.0,217.0
988.0,428.0
988.0,507.0
988.0,840.0
988.0,976.0
988.0,980.0
989.0,546.0
989.0,767.0
989.0,875.0
990.0,136.0
990.0,221.0
990.0,767.0
990.0,796.0
990.0,852.0
990.0,966.0
991.0,317.0
991.0,368.0
991.0,560.0
991.0,684.0
991.0,703.0
991.0,920.0
991.0,942.0
991.0,948.0
997.0,991.0
992.0,277.0
992.0,743.0
992.0,754.0
992.0,789.0
992.0,837.0
993.0,194.0
993.0,480.0
993.0,705.0
993.0,738.0
993.0,740.0
993.0,803.0
993.0,818.0
993.0,879.0
993.0,970.0
993.0,990.0
994.0,206.0
994.0,346.0
994.0,626.0
994.0,807.0
995.0,228.0
995.0,371.0
995.0,711.0
995.0,796.0
995.0,880.0
995.0,985.0
996.0,106.0
996.0,414.0
996.0,654.0
997.0,63.0
997.0,125.0
997.0,488.0
997.0,608.0
997.0,703.0
997.0,727.0
997.0,812.0
997.0,893.0
997.0,996.0
998.0,417.0
998.0,668.0
998.0,689.0
999.0,120.0
999.0,380.0
999.0,768.0
0.0,23.0
0.0,173.0
0.0,232.0
0.0,332.0
0.0,390.0
0.0,599.0
0.0,673.0
0.0,768.0
0.0,863.0
0.0,983.0
0.0,1.0
2.0,166.0
2.0,254.0
2.0,280.0
2.0,283.0
2.0,290.0
2.0,328.0
3.0,70.0
3.0,85.0
3.0,104.0
3.0,238.0
3.0,314.0
3.0,581.0
3.0,836.0
4.0,134.0
4.0,240.0
4.0,246.0
4.0,360.0
5.0,10.0
5.0,188.0
5.0,212.0
5.0,891.0
6.0,94.0
6.0,169.0
6.0,622.0
7.0,643.0
7.0,738.0
8.0,25.0
8.0,329.0
8.0,418.0
8.0,635.0
8.0,991.0
9.0,19.0
9.0,282.0
9.0,312.0
9.0,348.0
9.0,503.0
9.0,628.0
9.0,898.0
10.0,12.0
10.0,146.0
10.0,328.0
10.0,774.0
10.0,899.0
10.0,999.0
11.0,73.0
11.0,155.0
12.0,27.0
12.0,79.0
12.0,88.0
12.0,113.0
12.0,292.0
12.0,474.0
12.0,853.0
13.0,573.0
13.0,796.0
13.0,857.0
14.0,219.0
14.0,740.0
15.0,43.0
15.0,130.0
15.0,243.0
15.0,332.0
15.0,445.0
15.0,451.0
10.0,16.0
16.0,33.0
16.0,705.0
17.0,472.0
13.0,18.0
18.0,101.0
18.0,140.0
18.0,843.0
18.0,931.0
19.0,35.0
19.0,70.0
19.0,101.0
19.0,112.0
19.0,185.0
19.0,320.0
19.0,568.0
19.0,819.0
19.0,906.0
20.0,188.0
20.0,349.0
20.0,373.0
20.0,383.0
20.0,472.0
20.0,834.0
21.0,103.0
21.0,143.0
21.0,184.0
21.0,292.0
21.0,325.0
21.0,952.0
22.0,88.0
22.0,119.0
22.0,215.0
23.0,65.0
23.0,167.0
23.0,182.0
23.0,204.0
23.0,370.0
23.0,419.0
24.0,130.0
24.0,147.0
24.0,220.0
24.0,308.0
24.0,391.0
24.0,823.0
24.0,913.0
25.0,143.0
25.0,181.0
25.0,526.0
25.0,890.0
26.0,61.0
26.0,93.0
26.0,149.0
26.0,211.0
26.0,254.0
26.0,539.0
27.0,99.0
27.0,264.0
28.0,39.0
28.0,142.0
28.0,203.0
28.0,264.0
28.0,286.0
28.0,313.0
28.0,419.0
28.0,745.0
29.0,285.0
29.0,319.0
29.0,671.0
30.0,126.0
30.0,214.0
30.0,234.0
30.0,253.0
30.0,833.0
31.0,873.0
31.0,927.0
31.0,965.0
32.0,44.0
32.0,169.0
32.0,240.0
32.0,308.0
32.0,329.0
32.0,547.0
32.0,926.0
32.0,928.0
32.0,932.0
17.0,33.0
20.0,33.0
33.0,39.0
33.0,149.0
33.0,182.0
33.0,357.0
33.0,439.0
33.0,526.0
33.0,696.0
34.0,243.0
34.0,260.0
34.0,544.0
34.0,949.0
35.0,120.0
35.0,202.0
35.0,210.0
35.0,212.0
35.0,232.0
35.0,292.0
35.0,572.0
35.0,702.0
35.0,774.0
15.0,36.0
36.0,117.0
36.0,208.0
36.0,214.0
36.0,471.0
36.0,562.0
34.0,37.0
37.0,40.0
37.0,84.0
37.0,721.0
37.0,742.0
38.0,100.0
38.0,138.0
38.0,230.0
38.0,277.0
38.0,301.0
38.0,345.0
39.0,103.0
39.0,190.0
40.0,68.0
40.0,165.0
40.0,239.0
40.0,597.0
10.0,41.0
41.0,150.0
41.0,840.0
41.0,933.0
10.0,42.0
42.0,137.0
43.0,124.0
43.0,240.0
43.0,784.0
43.0,960.0
17.0,44.0
44.0,65.0
44.0,244.0
44.0,385.0
44.0,538.0
45.0,104.0
46.0,242.0
46.0,296.0
46.0,329.0
46.0,341.0
47.0,266.0
47.0,327.0
47.0,450.0
47.0,947.0
47.0,970.0
31.0,48.0
48.0,93.0
48.0,325.0
48.0,879.0
49.0,105.0
49.0,190.0
49.0,222.0
49.0,295.0
50.0,77.0
50.0,779.0
12.0,51.0
43.0,51.0
51.0,814.0
51.0,835.0
51.0,910.0
18.0,52.0
52.0,54.0
52.0,300.0
52.0,311.0
52.0,346.0
52.0,533.0
52.0,788.0
52.0,822.0
3.0,53.0
11.0,53.0
33.0,53.0
53.0,233.0
53.0,323.0
53.0,926.0
2.0,54.0
51.0,54.0
54.0,212.0
54.0,495.0
54.0,696.0
54.0,821.0
54.0,900.0
55.0,100.0
55.0,167.0
55.0,323.0
55.0,557.0
55.0,877.0
56.0,127.0
56.0,213.0
56.0,224.0
56.0,231.0
56.0,396.0
56.0,558.0
56.0,657.0
57.0,136.0
57.0,173.0
57.0,214.0
57.0,235.0
57.0,285.0
57.0,534.0
41.0,58.0
58.0,73.0
58.0,263.0
58.0,998.0
59.0,301.0
59.0,529.0
60.0,186.0
60.0,231.0
60.0,423.0
61.0,65.0
61.0,67.0
61.0,308.0
61.0,332.0
62.0,67.0
62.0,332.0
62.0,544.0
63.0,427.0
63.0,467.0
62.0,64.0
64.0,167.0
64.0,219.0
64.0,232.0
64.0,296.0
64.0,317.0
64.0,393.0
22.0,65.0
65.0,86.0
65.0,810.0
7.0,66.0
37.0,66.0
66.0,178.0
66.0,406.0
66.0,722.0
67.0,170.0
67.0,179.0
67.0,208.0
43.0,68.0
68.0,86.0
68.0,94.0
68.0,289.0
68.0,786.0
69.0,134.0
69.0,202.0
69.0,815.0
70.0,129.0
70.0,412.0
67.0,71.0
71.0,320.0
71.0,766.0
71.0,820.0
71.0,983.0
71.0,984.0
72.0,209.0
72.0,568.0
73.0,74.0
73.0,259.0
73.0,326.0
73.0,734.0
7.0,74.0
58.0,74.0
75.0,159.0
75.0,178.0
75.0,310.0
76.0,99.0
76.0,110.0
76.0,269.0
76.0,536.0
76.0,903.0
18.0,77.0
77.0,289.0
77.0,561.0
77.0,580.0
78.0,172.0
78.0,331.0
78.0,795.0
26.0,79.0
79.0,151.0
79.0,256.0
79.0,270.0
79.0,272.0
80.0,261.0
80.0,279.0
80.0,316.0
80.0,546.0
80.0,631.0
80.0,739.0
81.0,98.0
81.0,118.0
81.0,148.0
81.0,187.0
81.0,200.0
81.0,218.0
81.0,227.0
81.0,276.0
81.0,301.0
82.0,93.0
82.0,225.0
82.0,321.0
82.0,487.0
82.0,965.0
83.0,157.0
83.0,262.0
83.0,330.0
83.0,994.0
0.0,84.0
42.0,85.0
85.0,540.0
85.0,727.0
85.0,928.0
0.0,86.0
77.0,86.0
86.0,87.0
86.0,100.0
86.0,191.0
86.0,202.0
86.0,455.0
86.0,491.0
86.0,957.0
87.0,225.0
87.0,312.0
87.0,320.0
87.0,650.0
87.0,738.0
16.0,88.0
88.0,665.0
28.0,89.0
89.0,317.0
89.0,395.0
89.0,403.0
90.0,324.0
90.0,427.0
90.0,799.0
90.0,848.0
91.0,191.0
91.0,213.0
91.0,261.0
91.0,321.0
13.0,92.0
42.0,92.0
92.0,108.0
92.0,260.0
92.0,501.0
92.0,848.0
10.0,93.0
93.0,115.0
93.0,177.0
93.0,265.0
93.0,324.0
93.0,343.0
93.0,652.0
94.0,183.0
94.0,269.0
94.0,284.0
94.0,319.0
94.0,451.0
94.0,545.0
94.0,907.0
94.0,987.0
95.0,103.0
95.0,176.0
95.0,544.0
95.0,626.0
95.0,953.0
45.0,96.0
75.0,96.0
96.0,300.0
96.0,533.0
96.0,664.0
96.0,898.0
96.0,966.0
88.0,97.0
97.0,194.0
97.0,266.0
97.0,516.0
97.0,619.0
98.0,114.0
98.0,225.0
98.0,307.0
98.0,814.0
29.0,99.0
83.0,99.0
99.0,176.0
99.0,198.0
99.0,217.0
99.0,692.0
15.0,100.0
100.0,104.0
100.0,139.0
100.0,155.0
100.0,158.0
100.0,186.0
100.0,188.0
100.0,226.0
100.0,673.0
27.0,101.0
49.0,101.0
101.0,232.0
101.0,907.0
102.0,199.0
102.0,202.0
102.0,233.0
102.0,329.0
77.0,103.0
103.0,130.0
103.0,203.0
103.0,206.0
103.0,331.0
103.0,743.0
103.0,779.0
103.0,991.0
1.0,104.0
3.0,104.0
104.0,154.0
104.0,600.0
0.0,105.0
24.0,105.0
28.0,105.0
72.0,105.0
73.0,105.0
105.0,239.0
106.0,123.0
106.0,231.0
106.0,292.0
106.0,316.0
4.0,107.0
100.0,107.0
107.0,248.0
107.0,251.0
107.0,358.0
107.0,448.0
107.0,453.0
107.0,662.0
6.0,108.0
72.0,108.0
108.0,220.0
108.0,224.0
108.0,231.0
108.0,240.0
108.0,330.0
7.0,109.0
109.0,208.0
109.0,215.0
109.0,255.0
109.0,257.0
109.0,281.0
109.0,316.0
109.0,513.0
109.0,664.0
24.0,110.0
110.0,169.0
110.0,183.0
110.0,216.0
110.0,227.0
110.0,764.0
33.0,111.0
36.0,111.0
89.0,111.0
111.0,139.0
111.0,211.0
111.0,280.0
111.0,610.0
111.0,911.0
112.0,255.0
112.0,258.0
112.0,299.0
112.0,508.0
112.0,658.0
113.0,282.0
113.0,566.0
113.0,635.0
114.0,155.0
114.0,173.0
114.0,273.0
114.0,284.0
114.0,778.0
114.0,843.0
98.0,115.0
115.0,121.0
115.0,279.0
115.0,317.0
114.0,116.0
116.0,140.0
116.0,197.0
116.0,228.0
116.0,261.0
116.0,502.0
116.0,947.0
1.0,117.0
13.0,117.0
40.0,117.0
117.0,271.0
117.0,915.0
71.0,118.0
91.0,118.0
118.0,158.0
118.0,252.0
118.0,308.0
119.0,181.0
119.0,228.0
119.0,507.0
119.0,777.0
119.0,927.0
27.0,120.0
75.0,120.0
79.0,120.0
120.0,209.0
120.0,243.0
120.0,300.0
120.0,302.0
120.0,356.0
120.0,530.0
120.0,618.0
120.0,720.0
43.0,121.0
47.0,121.0
121.0,253.0
121.0,283.0
121.0,324.0
121.0,583.0
121.0,694.0
121.0,802.0
14.0,122.0
42.0,122.0
122.0,165.0
122.0,176.0
122.0,186.0
122.0,277.0
122.0,289.0
122.0,331.0
122.0,481.0
123.0,194.0
123.0,209.0
123.0,278.0
123.0,417.0
123.0,514.0
123.0,623.0
124.0,804.0
124.0,956.0
40.0,125.0
73.0,125.0
107.0,125.0
125.0,324.0
125.0,484.0
125.0,599.0
125.0,603.0
125.0,638.0
36.0,126.0
98.0,126.0
115.0,126.0
126.0,155.0
126.0,215.0
126.0,284.0
126.0,441.0
127.0,560.0
20.0,128.0
121.0,128.0
128.0,263.0
128.0,778.0
9.0,129.0
31.0,129.0
77.0,129.0
129.0,191.0
129.0,207.0
129.0,406.0
129.0,990.0
101.0,130.0
120.0,130.0
130.0,220.0
28.0,131.0
48.0,131.0
81.0,131.0
131.0,207.0
131.0,779.0
132.0,460.0
132.0,650.0
81.0,133.0
133.0,228.0
133.0,305.0
133.0,640.0
133.0,682.0
133.0,767.0
8.0,134.0
68.0,134.0
134.0,151.0
134.0,186.0
134.0,224.0
134.0,281.0
134.0,311.0
134.0,420.0
13.0,135.0
32.0,135.0
73.0,135.0
135.0,841.0
136.0,201.0
136.0,242.0
136.0,259.0
115.0,137.0
137.0,174.0
137.0,331.0
137.0,972.0
18.0,138.0
95.0,138.0
138.0,251.0
138.0,393.0
138.0,448.0
5.0,139.0
139.0,251.0
139.0,591.0
139.0,733.0
139.0,854.0
139.0,899.0
140.0,309.0
140.0,508.0
140.0,557.0
141.0,393.0
141.0,733.0
28.0,142.0
131.0,142.0
142.0,308.0
142.0,452.0
142.0,494.0
142.0,710.0
142.0,974.0
41.0,143.0
76.0,143.0
131.0,143.0
143.0,261.0
143.0,769.0
143.0,875.0
143.0,995.0
42.0,144.0
101.0,144.0
144.0,191.0
144.0,933.0
14.0,145.0
20.0,145.0
22.0,145.0
41.0,145.0
73.0,145.0
122.0,145.0
145.0,280.0
145.0,449.0
145.0,708.0
146.0,187.0
146.0,202.0
146.0,270.0
146.0,416.0
146.0,424.0
146.0,508.0
146.0,613.0
146.0,784.0
146.0,964.0
119.0,147.0
147.0,220.0
147.0,242.0
147.0,302.0
147.0,311.0
147.0,491.0
147.0,544.0
147.0,566.0
56.0,148.0
148.0,157.0
148.0,260.0
19.0,149.0
94.0,149.0
120.0,149.0
149.0,156.0
149.0,243.0
66.0,150.0
108.0,150.0
122.0,150.0
150.0,289.0
150.0,389.0
150.0,444.0
150.0,851.0
150.0,959.0
73.0,151.0
151.0,293.0
151.0,419.0
142.0,152.0
153.0,572.0
153.0,866.0
77.0,154.0
154.0,905.0
154.0,975.0
155.0,298.0
155.0,801.0
155.0,925.0
71.0,156.0
72.0,156.0
132.0,156.0
140.0,156.0
156.0,236.0
156.0,609.0
156.0,610.0
128.0,157.0
148.0,157.0
157.0,210.0
157.0,284.0
157.0,329.0
157.0,738.0
105.0,158.0
136.0,158.0
158.0,657.0
43.0,159.0
159.0,294.0
5.0,160.0
14.0,160.0
35.0,160.0
37.0,160.0
152.0,160.0
160.0,211.0
160.0,234.0
160.0,320.0
160.0,358.0
160.0,653.0
160.0,743.0
21.0,161.0
47.0,161.0
106.0,161.0
161.0,221.0
161.0,317.0
150.0,162.0
162.0,209.0
162.0,281.0
162.0,910.0
162.0,916.0
163.0,902.0
161.0,164.0
164.0,176.0
164.0,208.0
164.0,549.0
164.0,982.0
165.0,200.0
165.0,277.0
165.0,319.0
49.0,166.0
158.0,166.0
166.0,268.0
166.0,308.0
166.0,570.0
166.0,726.0
78.0,167.0
132.0,167.0
167.0,180.0
167.0,183.0
167.0,210.0
167.0,494.0
49.0,168.0
168.0,215.0
168.0,473.0
168.0,493.0
168.0,651.0
169.0,266.0
169.0,625.0
169.0,813.0
169.0,882.0
0.0,170.0
115.0,170.0
160.0,170.0
170.0,219.0
170.0,301.0
170.0,943.0
170.0,963.0
9.0,171.0
117.0,171.0
158.0,171.0
171.0,245.0
171.0,356.0
125.0,172.0
172.0,177.0
172.0,297.0
172.0,308.0
172.0,662.0
172.0,889.0
47.0,173.0
68.0,173.0
75.0,173.0
128.0,173.0
147.0,173.0
173.0,294.0
173.0,824.0
23.0,174.0
52.0,174.0
77.0,174.0
96.0,174.0
123.0,174.0
174.0,194.0
174.0,960.0
86.0,175.0
39.0,176.0
55.0,176.0
60.0,176.0
176.0,209.0
176.0,243.0
176.0,253.0
176.0,287.0
176.0,302.0
176.0,449.0
176.0,565.0
177.0,538.0
177.0,671.0
177.0,970.0
6.0,178.0
159.0,178.0
178.0,232.0
178.0,405.0
178.0,750.0
178.0,806.0
14.0,179.0
19.0,179.0
33.0,179.0
179.0,936.0
83.0,180.0
111.0,180.0
127.0,180.0
156.0,180.0
180.0,197.0
180.0,240.0
180.0,788.0
95.0,181.0
181.0,791.0
182.0,325.0
182.0,791.0
182.0,792.0
183.0,250.0
183.0,254.0
183.0,405.0
183.0,759.0
183.0,864.0
72.0,184.0
184.0,250.0
127.0,185.0
185.0,221.0
185.0,224.0
185.0,229.0
185.0,335.0
185.0,407.0
185.0,608.0
185.0,826.0
20.0,186.0
157.0,186.0
186.0,257.0
186.0,709.0
45.0,187.0
74.0,187.0
187.0,222.0
39.0,188.0
62.0,188.0
130.0,188.0
144.0,188.0
188.0,200.0
188.0,256.0
188.0,458.0
189.0,212.0
189.0,223.0
189.0,424.0
189.0,789.0
24.0,190.0
57.0,190.0
148.0,190.0
190.0,221.0
190.0,710.0
4.0,191.0
98.0,191.0
96.0,192.0
184.0,192.0
192.0,263.0
192.0,434.0
163.0,193.0
175.0,193.0
193.0,334.0
193.0,581.0
193.0,958.0
36.0,194.0
177.0,194.0
194.0,201.0
194.0,279.0
194.0,383.0
194.0,512.0
194.0,868.0
194.0,993.0
33.0,195.0
134.0,195.0
144.0,195.0
195.0,667.0
195.0,834.0
190.0,196.0
18.0,197.0
55.0,197.0
197.0,278.0
197.0,453.0
197.0,571.0
148.0,198.0
198.0,239.0
198.0,254.0
198.0,344.0
198.0,770.0
199.0,263.0
199.0,410.0
199.0,918.0
22.0,200.0
40.0,200.0
163.0,200.0
200.0,215.0
200.0,580.0
0.0,201.0
113.0,202.0
141.0,202.0
202.0,205.0
202.0,827.0
202.0,951.0
129.0,203.0
158.0,203.0
203.0,753.0
204.0,227.0
204.0,304.0
204.0,394.0
204.0,536.0
10.0,205.0
138.0,205.0
151.0,205.0
161.0,205.0
165.0,205.0
205.0,271.0
205.0,305.0
205.0,690.0
205.0,839.0
205.0,918.0
35.0,206.0
37.0,206.0
159.0,206.0
206.0,226.0
206.0,332.0
206.0,825.0
101.0,207.0
132.0,207.0
207.0,407.0
207.0,423.0
207.0,458.0
207.0,556.0
207.0,585.0
207.0,746.0
207.0,868.0
207.0,986.0
208.0,682.0
84.0,209.0
101.0,209.0
127.0,209.0
209.0,226.0
209.0,364.0
209.0,758.0
209.0,930.0
209.0,955.0
62.0,210.0
98.0,210.0
155.0,210.0
188.0,210.0
210.0,291.0
210.0,430.0
210.0,730.0
210.0,825.0
210.0,876.0
56.0,211.0
82.0,211.0
210.0,211.0
211.0,224.0
211.0,931.0
112.0,212.0
141.0,212.0
212.0,235.0
212.0,271.0
212.0,311.0
11.0,213.0
81.0,213.0
163.0,213.0
206.0,213.0
213.0,244.0
213.0,675.0
153.0,214.0
157.0,214.0
214.0,269.0
13.0,215.0
175.0,215.0
191.0,215.0
215.0,437.0
215.0,517.0
215.0,687.0
11.0,216.0
82.0,216.0
216.0,236.0
216.0,285.0
216.0,414.0
112.0,217.0
217.0,270.0
217.0,982.0
181.0,218.0
218.0,772.0
218.0,944.0
171.0,219.0
219.0,264.0
219.0,300.0
219.0,312.0
219.0,368.0
219.0,599.0
219.0,961.0
52.0,220.0
102.0,220.0
220.0,325.0
95.0,221.0
99.0,221.0
135.0,221.0
190.0,221.0
198.0,221.0
202.0,221.0
212.0,221.0
221.0,909.0
221.0,926.0
44.0,222.0
140.0,222.0
222.0,274.0
222.0,308.0
222.0,434.0
222.0,999.0
69.0,223.0
95.0,223.0
203.0,223.0
17.0,224.0
224.0,232.0
224.0,678.0
224.0,830.0
224.0,876.0
97.0,225.0
20.0,226.0
37.0,226.0
116.0,226.0
132.0,226.0
156.0,226.0
226.0,261.0
226.0,826.0
38.0,227.0
42.0,227.0
90.0,227.0
227.0,320.0
227.0,443.0
227.0,735.0
227.0,782.0
228.0,236.0
228.0,312.0
228.0,423.0
228.0,480.0
228.0,768.0
229.0,275.0
229.0,379.0
229.0,443.0
229.0,546.0
229.0,708.0
229.0,926.0
97.0,230.0
154.0,230.0
186.0,230.0
230.0,312.0
146.0,231.0
231.0,284.0
231.0,717.0
45.0,232.0
100.0,232.0
232.0,309.0
232.0,470.0
48.0,233.0
180.0,233.0
233.0,455.0
233.0,678.0
233.0,957.0
21.0,234.0
234.0,257.0
122.0,235.0
169.0,235.0
235.0,610.0
235.0,796.0
35.0,236.0
96.0,236.0
118.0,236.0
182.0,236.0
236.0,261.0
236.0,553.0
236.0,959.0
176.0,237.0
179.0,237.0
237.0,244.0
237.0,432.0
51.0,238.0
113.0,238.0
174.0,238.0
2.0,239.0
239.0,258.0
239.0,277.0
71.0,240.0
158.0,240.0
173.0,240.0
240.0,259.0
240.0,352.0
240.0,913.0
57.0,241.0
167.0,241.0
241.0,265.0
241.0,504.0
73.0,242.0
80.0,242.0
98.0,242.0
242.0,250.0
242.0,254.0
242.0,306.0
242.0,434.0
242.0,897.0
46.0,243.0
123.0,243.0
227.0,243.0
243.0,412.0
243.0,618.0
5.0,244.0
12.0,244.0
150.0,244.0
219.0,244.0
244.0,272.0
244.0,286.0
244.0,348.0
244.0,860.0
244.0,945.0
245.0,250.0
245.0,368.0
245.0,629.0
245.0,685.0
1.0,246.0
191.0,246.0
246.0,329.0
246.0,525.0
246.0,766.0
56.0,247.0
77.0,247.0
219.0,247.0
245.0,247.0
247.0,437.0
247.0,448.0
231.0,248.0
248.0,324.0
248.0,551.0
23.0,249.0
70.0,249.0
204.0,249.0
237.0,249.0
238.0,249.0
249.0,250.0
249.0,275.0
249.0,697.0
121.0,250.0
240.0,250.0
250.0,304.0
250.0,318.0
250.0,884.0
92.0,251.0
103.0,251.0
170.0,251.0
202.0,251.0
251.0,558.0
130.0,252.0
219.0,252.0
252.0,285.0
252.0,513.0
252.0,887.0
214.0,253.0
235.0,253.0
243.0,253.0
253.0,271.0
253.0,284.0
253.0,594.0
50.0,254.0
103.0,254.0
254.0,327.0
37.0,255.0
153.0,255.0
247.0,255.0
255.0,366.0
255.0,596.0
255.0,934.0
41.0,256.0
77.0,256.0
100.0,256.0
115.0,256.0
237.0,256.0
250.0,256.0
256.0,263.0
256.0,782.0
80.0,257.0
132.0,257.0
257.0,456.0
257.0,947.0
55.0,258.0
115.0,258.0
163.0,258.0
184.0,258.0
245.0,258.0
258.0,821.0
137.0,259.0
152.0,259.0
221.0,259.0
259.0,271.0
259.0,529.0
155.0,260.0
239.0,260.0
260.0,282.0
129.0,261.0
138.0,261.0
139.0,261.0
189.0,261.0
261.0,331.0
261.0,547.0
261.0,723.0
46.0,262.0
73.0,262.0
151.0,262.0
229.0,262.0
242.0,262.0
262.0,329.0
262.0,594.0
262.0,595.0
43.0,263.0
78.0,263.0
175.0,263.0
263.0,329.0
263.0,902.0
45.0,264.0
159.0,264.0
175.0,264.0
264.0,313.0
264.0,463.0
264.0,934.0
264.0,967.0
31.0,265.0
154.0,265.0
216.0,265.0
222.0,265.0
265.0,607.0
265.0,753.0
265.0,776.0
265.0,884.0
43.0,266.0
57.0,266.0
193.0,266.0
266.0,891.0
266.0,970.0
54.0,267.0
267.0,279.0
267.0,349.0
60.0,268.0
165.0,268.0
81.0,269.0
131.0,269.0
193.0,269.0
269.0,575.0
269.0,971.0
185.0,270.0
244.0,270.0
270.0,965.0
41.0,271.0
51.0,271.0
112.0,271.0
271.0,468.0
271.0,891.0
25.0,272.0
248.0,272.0
272.0,700.0
197.0,273.0
251.0,273.0
273.0,325.0
273.0,419.0
273.0,903.0
2.0,274.0
33.0,274.0
225.0,274.0
274.0,424.0
274.0,807.0
274.0,851.0
12.0,275.0
14.0,275.0
61.0,275.0
111.0,275.0
170.0,275.0
191.0,275.0
275.0,750.0
275.0,789.0
38.0,276.0
60.0,276.0
75.0,276.0
276.0,281.0
276.0,343.0
276.0,374.0
276.0,427.0
276.0,777.0
64.0,277.0
277.0,303.0
277.0,322.0
277.0,672.0
277.0,999.0
72.0,278.0
158.0,278.0
169.0,278.0
259.0,278.0
278.0,457.0
279.0,324.0
279.0,728.0
279.0,774.0
97.0,280.0
165.0,280.0
203.0,280.0
266.0,280.0
280.0,289.0
280.0,548.0
280.0,634.0
280.0,973.0
15.0,281.0
38.0,281.0
132.0,281.0
231.0,281.0
281.0,884.0
281.0,930.0
73.0,282.0
113.0,282.0
164.0,282.0
239.0,282.0
250.0,282.0
253.0,282.0
256.0,282.0
282.0,462.0
282.0,650.0
56.0,283.0
72.0,283.0
102.0,283.0
176.0,283.0
189.0,283.0
283.0,581.0
283.0,927.0
284.0,509.0
284.0,582.0
14.0,285.0
209.0,285.0
239.0,285.0
240.0,285.0
285.0,294.0
26.0,286.0
86.0,286.0
177.0,286.0
182.0,286.0
199.0,286.0
286.0,669.0
148.0,287.0
219.0,287.0
237.0,287.0
287.0,298.0
287.0,480.0
287.0,551.0
287.0,672.0
287.0,685.0
33.0,288.0
260.0,288.0
288.0,588.0
288.0,839.0
289.0,388.0
289.0,480.0
289.0,994.0
14.0,290.0
33.0,290.0
256.0,290.0
290.0,311.0
30.0,291.0
107.0,291.0
291.0,313.0
291.0,820.0
3.0,292.0
199.0,292.0
200.0,292.0
256.0,293.0
293.0,491.0
293.0,800.0
293.0,864.0
72.0,294.0
206.0,294.0
294.0,312.0
294.0,461.0
294.0,875.0
14.0,295.0
51.0,295.0
77.0,295.0
181.0,295.0
213.0,295.0
273.0,295.0
295.0,491.0
295.0,530.0
295.0,784.0
295.0,903.0
21.0,296.0
33.0,296.0
74.0,296.0
91.0,296.0
163.0,296.0
296.0,305.0
296.0,679.0
296.0,718.0
297.0,388.0
297.0,846.0
84.0,298.0
123.0,298.0
132.0,298.0
135.0,298.0
152.0,298.0
185.0,298.0
201.0,298.0
298.0,322.0
298.0,463.0
298.0,645.0
298.0,737.0
298.0,823.0
298.0,988.0
95.0,299.0
272.0,299.0
299.0,339.0
132.0,300.0
181.0,300.0
237.0,300.0
58.0,301.0
66.0,301.0
90.0,301.0
131.0,301.0
301.0,636.0
301.0,834.0
301.0,960.0
268.0,302.0
302.0,317.0
19.0,303.0
45.0,303.0
108.0,303.0
227.0,303.0
229.0,303.0
303.0,319.0
303.0,592.0
113.0,304.0
202.0,304.0
304.0,926.0
305.0,801.0
305.0,969.0
48.0,306.0
53.0,306.0
71.0,306.0
90.0,306.0
151.0,306.0
173.0,306.0
186.0,306.0
249.0,306.0
306.0,388.0
306.0,527.0
306.0,599.0
306.0,678.0
46.0,307.0
257.0,307.0
307.0,331.0
307.0,793.0
307.0,963.0
39.0,308.0
41.0,308.0
152.0,308.0
206.0,308.0
309.0,436.0
309.0,916.0
61.0,310.0
190.0,310.0
224.0,310.0
310.0,316.0
310.0,917.0
36.0,311.0
167.0,311.0
178.0,311.0
207.0,311.0
311.0,493.0
311.0,582.0
311.0,643.0
311.0,753.0
22.0,312.0
312.0,339.0
312.0,555.0
312.0,641.0
22.0,313.0
35.0,313.0
97.0,313.0
111.0,313.0
246.0,313.0
300.0,313.0
306.0,313.0
313.0,358.0
22.0,314.0
136.0,314.0
220.0,314.0
239.0,314.0
266.0,314.0
314.0,458.0
314.0,478.0
77.0,315.0
123.0,315.0
146.0,315.0
165.0,315.0
196.0,315.0
315.0,654.0
315.0,749.0
315.0,772.0
43.0,316.0
106.0,316.0
193.0,317.0
205.0,317.0
212.0,317.0
262.0,317.0
317.0,326.0
73.0,318.0
143.0,318.0
319.0,390.0
319.0,862.0
147.0,320.0
156.0,320.0
246.0,320.0
250.0,320.0
311.0,320.0
320.0,430.0
320.0,602.0
320.0,963.0
142.0,321.0
204.0,321.0
321.0,391.0
321.0,394.0
321.0,448.0
84.0,322.0
322.0,325.0
322.0,329.0
322.0,358.0
322.0,496.0
1.0,323.0
14.0,323.0
86.0,323.0
149.0,323.0
236.0,323.0
307.0,323.0
323.0,459.0
323.0,495.0
2.0,324.0
13.0,324.0
44.0,324.0
69.0,324.0
94.0,324.0
142.0,324.0
178.0,324.0
263.0,324.0
324.0,664.0
72.0,325.0
156.0,325.0
179.0,325.0
196.0,325.0
325.0,456.0
20.0,326.0
247.0,326.0
326.0,594.0
326.0,610.0
326.0,672.0
326.0,836.0
21.0,327.0
117.0,327.0
327.0,534.0
178.0,328.0
285.0,328.0
286.0,328.0
328.0,580.0
328.0,682.0
153.0,329.0
250.0,329.0
329.0,990.0
223.0,330.0
330.0,584.0
330.0,603.0
44.0,331.0
211.0,331.0
331.0,371.0
331.0,645.0
167.0,332.0
254.0,332.0
332.0,929.0
333.0,501.0
333.0,541.0
333.0,849.0
36.0,334.0
334.0,407.0
334.0,574.0
334.0,576.0
334.0,578.0
335.0,386.0
335.0,485.0
335.0,522.0
335.0,576.0
335.0,595.0
335.0,906.0
131.0,336.0
336.0,353.0
336.0,369.0
336.0,493.0
336.0,876.0
336.0,997.0
337.0,349.0
337.0,374.0
337.0,623.0
337.0,867.0
337.0,904.0
221.0,338.0
338.0,650.0
338.0,665.0
299.0,339.0
339.0,397.0
339.0,519.0
339.0,853.0
339.0,340.0
340.0,440.0
340.0,558.0
340.0,649.0
340.0,810.0
340.0,902.0
222.0,341.0
341.0,444.0
341.0,481.0
341.0,486.0
341.0,582.0
341.0,646.0
341.0,703.0
342.0,390.0
342.0,425.0
342.0,497.0
342.0,512.0
342.0,593.0
342.0,601.0
287.0,343.0
343.0,347.0
343.0,386.0
343.0,436.0
343.0,504.0
343.0,534.0
343.0,591.0
239.0,344.0
344.0,347.0
344.0,446.0
344.0,571.0
344.0,601.0
344.0,854.0
344.0,926.0
345.0,403.0
345.0,438.0
345.0,450.0
345.0,479.0
345.0,902.0
346.0,362.0
346.0,580.0
213.0,347.0
297.0,347.0
347.0,404.0
347.0,450.0
347.0,548.0
347.0,550.0
347.0,614.0
347.0,759.0
347.0,910.0
128.0,348.0
346.0,348.0
348.0,390.0
348.0,400.0
348.0,425.0
348.0,474.0
348.0,518.0
348.0,523.0
348.0,863.0
348.0,944.0
338.0,349.0
349.0,513.0
349.0,542.0
349.0,981.0
287.0,350.0
326.0,350.0
350.0,546.0
350.0,637.0
350.0,891.0
350.0,892.0
350.0,998.0
351.0,352.0
351.0,469.0
81.0,352.0
352.0,541.0
352.0,828.0
122.0,353.0
353.0,500.0
353.0,631.0
353.0,644.0
353.0,658.0
353.0,693.0
353.0,769.0
319.0,354.0
354.0,492.0
354.0,550.0
47.0,355.0
128.0,355.0
355.0,372.0
355.0,483.0
355.0,687.0
355.0,874.0
356.0,543.0
356.0,596.0
100.0,357.0
357.0,433.0
357.0,477.0
357.0,534.0
357.0,996.0
0.0,358.0
122.0,359.0
343.0,359.0
359.0,428.0
359.0,826.0
359.0,890.0
360.0,392.0
360.0,430.0
360.0,450.0
360.0,532.0
360.0,647.0
360.0,740.0
360.0,998.0
281.0,361.0
361.0,383.0
361.0,432.0
361.0,446.0
361.0,597.0
361.0,779.0
168.0,362.0
264.0,362.0
362.0,409.0
362.0,447.0
362.0,554.0
362.0,639.0
363.0,382.0
363.0,444.0
363.0,558.0
363.0,657.0
308.0,364.0
364.0,530.0
364.0,586.0
364.0,614.0
364.0,987.0
151.0,365.0
355.0,365.0
365.0,421.0
365.0,438.0
365.0,656.0
365.0,661.0
365.0,764.0
361.0,366.0
366.0,425.0
366.0,429.0
366.0,593.0
366.0,917.0
366.0,965.0
360.0,367.0
367.0,494.0
367.0,549.0
367.0,897.0
368.0,385.0
368.0,388.0
368.0,429.0
368.0,562.0
368.0,576.0
368.0,600.0
368.0,655.0
368.0,784.0
368.0,805.0
368.0,930.0
343.0,369.0
352.0,369.0
369.0,742.0
7.0,370.0
71.0,370.0
370.0,372.0
370.0,447.0
370.0,504.0
370.0,614.0
371.0,460.0
242.0,372.0
342.0,372.0
372.0,427.0
372.0,769.0
94.0,373.0
373.0,404.0
373.0,440.0
373.0,499.0
373.0,536.0
374.0,429.0
374.0,633.0
327.0,375.0
361.0,375.0
375.0,376.0
375.0,411.0
375.0,468.0
375.0,502.0
375.0,608.0
375.0,699.0
375.0,997.0
376.0,505.0
376.0,964.0
377.0,457.0
377.0,482.0
377.0,520.0
377.0,554.0
377.0,378.0
378.0,509.0
378.0,977.0
379.0,458.0
379.0,522.0
87.0,380.0
113.0,380.0
380.0,603.0
381.0,431.0
381.0,596.0
381.0,597.0
381.0,812.0
382.0,477.0
382.0,842.0
332.0,383.0
373.0,383.0
383.0,384.0
383.0,449.0
383.0,452.0
383.0,567.0
383.0,636.0
384.0,453.0
384.0,484.0
384.0,697.0
384.0,820.0
384.0,863.0
384.0,959.0
157.0,385.0
385.0,386.0
385.0,473.0
385.0,542.0
385.0,660.0
385.0,875.0
363.0,386.0
386.0,542.0
386.0,672.0
386.0,790.0
332.0,387.0
375.0,387.0
387.0,784.0
387.0,897.0
388.0,455.0
388.0,556.0
388.0,595.0
259.0,389.0
389.0,516.0
389.0,933.0
36.0,390.0
71.0,390.0
341.0,390.0
365.0,390.0
390.0,566.0
390.0,899.0
390.0,932.0
327.0,391.0
391.0,661.0
391.0,685.0
230.0,392.0
392.0,513.0
392.0,632.0
392.0,909.0
393.0,413.0
393.0,458.0
393.0,619.0
393.0,915.0
393.0,975.0
257.0,394.0
340.0,394.0
394.0,519.0
394.0,660.0
394.0,785.0
394.0,921.0
216.0,395.0
337.0,395.0
340.0,395.0
355.0,395.0
395.0,432.0
395.0,483.0
395.0,547.0
395.0,572.0
215.0,396.0
352.0,396.0
374.0,396.0
379.0,396.0
396.0,397.0
396.0,399.0
396.0,472.0
396.0,658.0
396.0,681.0
396.0,743.0
263.0,397.0
347.0,397.0
397.0,431.0
397.0,530.0
397.0,637.0
397.0,982.0
358.0,398.0
398.0,466.0
398.0,610.0
398.0,665.0
398.0,694.0
399.0,502.0
198.0,400.0
255.0,400.0
330.0,400.0
400.0,403.0
400.0,458.0
400.0,489.0
400.0,532.0
400.0,570.0
400.0,584.0
400.0,733.0
90.0,401.0
388.0,401.0
401.0,463.0
401.0,551.0
401.0,631.0
401.0,651.0
349.0,402.0
371.0,402.0
396.0,402.0
402.0,475.0
402.0,554.0
402.0,705.0
402.0,848.0
262.0,403.0
308.0,403.0
386.0,403.0
403.0,404.0
403.0,472.0
403.0,561.0
403.0,658.0
403.0,991.0
403.0,997.0
404.0,405.0
404.0,546.0
404.0,622.0
246.0,405.0
402.0,405.0
405.0,549.0
405.0,581.0
397.0,406.0
406.0,500.0
406.0,729.0
370.0,407.0
374.0,407.0
407.0,496.0
407.0,537.0
12.0,408.0
283.0,408.0
408.0,775.0
409.0,617.0
275.0,410.0
288.0,410.0
410.0,912.0
156.0,411.0
405.0,411.0
411.0,457.0
411.0,628.0
411.0,635.0
411.0,776.0
412.0,574.0
412.0,674.0
43.0,413.0
128.0,413.0
237.0,413.0
413.0,593.0
413.0,601.0
413.0,611.0
413.0,751.0
376.0,414.0
409.0,414.0
414.0,463.0
414.0,567.0
12.0,415.0
22.0,415.0
200.0,415.0
366.0,415.0
371.0,415.0
415.0,662.0
126.0,416.0
416.0,482.0
416.0,592.0
416.0,598.0
416.0,611.0
416.0,619.0
417.0,567.0
417.0,626.0
417.0,631.0
418.0,593.0
52.0,419.0
226.0,419.0
321.0,419.0
419.0,457.0
419.0,687.0
122.0,420.0
354.0,420.0
420.0,663.0
420.0,944.0
215.0,421.0
421.0,457.0
421.0,648.0
421.0,899.0
421.0,946.0
421.0,968.0
317.0,422.0
422.0,433.0
422.0,455.0
422.0,610.0
30.0,423.0
343.0,423.0
365.0,423.0
423.0,476.0
423.0,565.0
411.0,424.0
424.0,653.0
424.0,767.0
425.0,452.0
425.0,790.0
359.0,426.0
426.0,529.0
426.0,532.0
426.0,562.0
364.0,427.0
392.0,427.0
427.0,516.0
427.0,517.0
427.0,617.0
427.0,882.0
139.0,428.0
428.0,486.0
428.0,630.0
429.0,542.0
429.0,748.0
429.0,811.0
236.0,430.0
253.0,430.0
281.0,430.0
344.0,430.0
429.0,430.0
430.0,460.0
430.0,492.0
430.0,598.0
430.0,599.0
430.0,657.0
430.0,999.0
39.0,431.0
346.0,431.0
431.0,447.0
431.0,477.0
360.0,432.0
432.0,518.0
432.0,596.0
432.0,632.0
432.0,771.0
432.0,971.0
314.0,433.0
347.0,433.0
433.0,559.0
211.0,434.0
434.0,541.0
434.0,561.0
434.0,579.0
336.0,435.0
400.0,435.0
435.0,462.0
435.0,498.0
435.0,578.0
435.0,602.0
326.0,436.0
436.0,900.0
436.0,936.0
436.0,957.0
271.0,437.0
370.0,437.0
387.0,437.0
389.0,438.0
438.0,455.0
438.0,471.0
438.0,482.0
438.0,556.0
438.0,596.0
438.0,642.0
439.0,611.0
439.0,751.0
439.0,963.0
64.0,440.0
425.0,440.0
438.0,440.0
125.0,441.0
337.0,441.0
424.0,441.0
426.0,441.0
441.0,567.0
441.0,622.0
333.0,442.0
335.0,442.0
399.0,442.0
409.0,442.0
442.0,479.0
442.0,922.0
442.0,998.0
285.0,443.0
385.0,443.0
434.0,443.0
234.0,444.0
359.0,444.0
403.0,444.0
444.0,585.0
444.0,797.0
129.0,445.0
445.0,606.0
445.0,642.0
445.0,658.0
445.0,907.0
40.0,446.0
366.0,446.0
446.0,467.0
446.0,587.0
446.0,647.0
139.0,447.0
447.0,542.0
447.0,562.0
447.0,807.0
5.0,448.0
152.0,448.0
234.0,448.0
448.0,476.0
448.0,598.0
448.0,923.0
448.0,942.0
213.0,449.0
449.0,556.0
449.0,619.0
449.0,631.0
450.0,451.0
451.0,452.0
451.0,456.0
304.0,452.0
356.0,452.0
359.0,452.0
452.0,751.0
452.0,829.0
76.0,453.0
193.0,453.0
396.0,453.0
453.0,458.0
453.0,610.0
18.0,454.0
454.0,512.0
454.0,885.0
432.0,455.0
455.0,692.0
431.0,456.0
456.0,481.0
456.0,581.0
456.0,583.0
456.0,645.0
456.0,932.0
456.0,964.0
163.0,457.0
352.0,457.0
410.0,457.0
457.0,479.0
457.0,693.0
320.0,458.0
452.0,458.0
458.0,637.0
458.0,650.0
458.0,719.0
338.0,459.0
344.0,459.0
459.0,521.0
459.0,559.0
50.0,460.0
52.0,460.0
172.0,460.0
407.0,460.0
460.0,489.0
460.0,584.0
460.0,618.0
460.0,651.0
460.0,754.0
153.0,461.0
459.0,461.0
461.0,466.0
461.0,603.0
461.0,630.0
15.0,462.0
343.0,462.0
357.0,462.0
369.0,462.0
440.0,462.0
462.0,653.0
462.0,845.0
462.0,970.0
14.0,463.0
199.0,463.0
335.0,463.0
410.0,463.0
463.0,487.0
463.0,838.0
463.0,843.0
127.0,464.0
193.0,464.0
373.0,464.0
464.0,538.0
464.0,547.0
464.0,554.0
464.0,643.0
464.0,660.0
464.0,964.0
338.0,465.0
450.0,465.0
465.0,496.0
465.0,698.0
465.0,789.0
445.0,466.0
466.0,473.0
466.0,474.0
466.0,482.0
466.0,498.0
466.0,567.0
466.0,571.0
466.0,576.0
466.0,700.0
390.0,467.0
418.0,467.0
467.0,630.0
467.0,650.0
467.0,716.0
179.0,468.0
406.0,468.0
468.0,476.0
468.0,486.0
468.0,608.0
468.0,896.0
177.0,469.0
412.0,469.0
469.0,581.0
469.0,584.0
469.0,658.0
469.0,694.0
42.0,470.0
401.0,470.0
470.0,559.0
470.0,635.0
114.0,471.0
438.0,471.0
471.0,638.0
363.0,472.0
403.0,472.0
466.0,472.0
472.0,488.0
472.0,745.0
472.0,770.0
472.0,877.0
338.0,473.0
473.0,673.0
120.0,474.0
257.0,474.0
372.0,474.0
435.0,474.0
474.0,599.0
474.0,685.0
474.0,873.0
386.0,475.0
475.0,562.0
475.0,592.0
475.0,705.0
475.0,930.0
475.0,982.0
334.0,476.0
476.0,588.0
476.0,596.0
476.0,664.0
304.0,477.0
477.0,519.0
448.0,478.0
464.0,478.0
476.0,478.0
478.0,497.0
478.0,731.0
478.0,931.0
427.0,479.0
320.0,480.0
480.0,481.0
480.0,487.0
480.0,506.0
480.0,543.0
480.0,631.0
480.0,688.0
385.0,481.0
444.0,481.0
448.0,481.0
471.0,481.0
481.0,557.0
481.0,570.0
481.0,601.0
481.0,629.0
481.0,810.0
481.0,831.0
482.0,535.0
38.0,483.0
59.0,483.0
343.0,483.0
346.0,483.0
405.0,483.0
483.0,531.0
483.0,645.0
483.0,804.0
162.0,484.0
335.0,484.0
370.0,484.0
484.0,532.0
484.0,601.0
484.0,639.0
485.0,495.0
485.0,603.0
485.0,876.0
342.0,486.0
392.0,486.0
460.0,486.0
486.0,522.0
486.0,569.0
486.0,655.0
486.0,939.0
240.0,487.0
429.0,487.0
487.0,542.0
487.0,934.0
488.0,491.0
488.0,665.0
101.0,489.0
144.0,489.0
307.0,489.0
386.0,489.0
400.0,489.0
463.0,489.0
489.0,529.0
489.0,548.0
489.0,641.0
178.0,490.0
179.0,490.0
408.0,490.0
490.0,562.0
490.0,565.0
490.0,596.0
490.0,639.0
58.0,491.0
365.0,491.0
424.0,491.0
475.0,491.0
488.0,491.0
491.0,512.0
491.0,662.0
492.0,566.0
492.0,645.0
31.0,493.0
444.0,493.0
493.0,560.0
493.0,898.0
198.0,494.0
367.0,494.0
391.0,494.0
450.0,494.0
494.0,567.0
494.0,596.0
494.0,803.0
193.0,495.0
375.0,495.0
478.0,495.0
495.0,896.0
495.0,897.0
378.0,496.0
401.0,496.0
496.0,514.0
422.0,497.0
497.0,972.0
84.0,498.0
195.0,498.0
335.0,498.0
419.0,498.0
429.0,498.0
498.0,594.0
498.0,657.0
270.0,499.0
343.0,499.0
487.0,499.0
499.0,503.0
499.0,589.0
499.0,601.0
499.0,645.0
225.0,500.0
273.0,500.0
341.0,500.0
393.0,500.0
500.0,631.0
500.0,791.0
500.0,926.0
265.0,501.0
501.0,800.0
501.0,828.0
424.0,502.0
447.0,502.0
484.0,502.0
502.0,549.0
76.0,503.0
224.0,503.0
348.0,503.0
490.0,503.0
503.0,537.0
503.0,538.0
503.0,591.0
503.0,637.0
503.0,641.0
503.0,852.0
503.0,874.0
159.0,504.0
504.0,532.0
504.0,806.0
417.0,505.0
505.0,569.0
6.0,506.0
244.0,506.0
368.0,506.0
407.0,506.0
494.0,506.0
506.0,540.0
0.0,507.0
425.0,508.0
508.0,541.0
508.0,963.0
509.0,594.0
509.0,602.0
509.0,621.0
133.0,510.0
510.0,611.0
510.0,775.0
510.0,821.0
356.0,511.0
500.0,511.0
511.0,614.0
511.0,653.0
511.0,803.0
511.0,879.0
512.0,665.0
512.0,745.0
512.0,823.0
406.0,513.0
441.0,513.0
468.0,513.0
513.0,516.0
513.0,644.0
366.0,514.0
399.0,514.0
503.0,514.0
514.0,559.0
514.0,829.0
205.0,515.0
506.0,515.0
515.0,577.0
515.0,627.0
515.0,644.0
59.0,516.0
344.0,516.0
412.0,516.0
516.0,523.0
141.0,517.0
346.0,517.0
430.0,517.0
512.0,517.0
517.0,708.0
518.0,627.0
518.0,648.0
117.0,519.0
309.0,519.0
436.0,519.0
52.0,520.0
61.0,520.0
349.0,520.0
382.0,520.0
425.0,520.0
447.0,520.0
520.0,533.0
520.0,649.0
520.0,893.0
398.0,521.0
448.0,521.0
521.0,546.0
521.0,753.0
335.0,522.0
379.0,522.0
522.0,534.0
523.0,657.0
523.0,717.0
523.0,919.0
523.0,964.0
523.0,977.0
428.0,524.0
523.0,524.0
524.0,985.0
421.0,525.0
422.0,525.0
461.0,525.0
510.0,525.0
514.0,525.0
525.0,545.0
525.0,563.0
525.0,757.0
525.0,913.0
526.0,557.0
526.0,982.0
294.0,527.0
376.0,527.0
271.0,528.0
393.0,528.0
487.0,528.0
9.0,529.0
298.0,529.0
522.0,529.0
529.0,813.0
343.0,530.0
363.0,530.0
499.0,530.0
509.0,530.0
530.0,779.0
152.0,531.0
338.0,531.0
531.0,565.0
531.0,639.0
531.0,696.0
70.0,532.0
311.0,532.0
453.0,532.0
532.0,623.0
532.0,650.0
532.0,792.0
532.0,952.0
368.0,533.0
432.0,533.0
533.0,568.0
533.0,581.0
533.0,661.0
328.0,534.0
362.0,534.0
390.0,534.0
428.0,534.0
437.0,534.0
498.0,534.0
352.0,535.0
529.0,535.0
535.0,563.0
535.0,643.0
535.0,903.0
535.0,997.0
517.0,536.0
532.0,536.0
536.0,749.0
536.0,829.0
537.0,538.0
235.0,538.0
253.0,538.0
414.0,538.0
519.0,538.0
538.0,802.0
538.0,975.0
33.0,539.0
127.0,539.0
534.0,539.0
539.0,657.0
539.0,940.0
539.0,990.0
409.0,540.0
430.0,540.0
482.0,540.0
540.0,648.0
540.0,804.0
540.0,918.0
87.0,541.0
444.0,541.0
474.0,541.0
541.0,556.0
449.0,542.0
486.0,542.0
542.0,613.0
542.0,657.0
131.0,543.0
165.0,543.0
543.0,707.0
543.0,843.0
406.0,544.0
520.0,544.0
544.0,955.0
270.0,545.0
545.0,639.0
545.0,691.0
545.0,889.0
38.0,546.0
398.0,546.0
452.0,546.0
506.0,546.0
516.0,546.0
546.0,645.0
546.0,674.0
546.0,884.0
67.0,547.0
107.0,547.0
300.0,547.0
336.0,547.0
384.0,547.0
520.0,547.0
523.0,547.0
547.0,588.0
547.0,599.0
547.0,606.0
547.0,630.0
547.0,658.0
547.0,849.0
63.0,548.0
88.0,548.0
337.0,548.0
548.0,572.0
548.0,605.0
548.0,872.0
549.0,677.0
549.0,999.0
355.0,550.0
436.0,550.0
475.0,550.0
550.0,607.0
255.0,551.0
551.0,711.0
446.0,552.0
507.0,552.0
552.0,578.0
41.0,553.0
52.0,553.0
166.0,553.0
418.0,553.0
490.0,553.0
532.0,553.0
553.0,621.0
553.0,859.0
531.0,554.0
554.0,623.0
246.0,555.0
275.0,555.0
322.0,555.0
412.0,555.0
424.0,555.0
479.0,555.0
555.0,718.0
555.0,945.0
556.0,625.0
556.0,630.0
210.0,557.0
437.0,557.0
557.0,569.0
440.0,558.0
480.0,558.0
514.0,558.0
558.0,592.0
558.0,659.0
558.0,913.0
39.0,559.0
205.0,559.0
405.0,559.0
559.0,617.0
46.0,560.0
92.0,560.0
436.0,560.0
560.0,580.0
369.0,561.0
488.0,561.0
492.0,561.0
526.0,561.0
561.0,883.0
92.0,562.0
359.0,562.0
371.0,562.0
411.0,562.0
454.0,562.0
478.0,562.0
562.0,592.0
378.0,563.0
488.0,563.0
563.0,616.0
11.0,564.0
346.0,564.0
74.0,565.0
464.0,565.0
560.0,565.0
565.0,573.0
565.0,604.0
565.0,626.0
565.0,631.0
565.0,632.0
566.0,582.0
566.0,733.0
566.0,905.0
348.0,567.0
546.0,567.0
567.0,569.0
567.0,624.0
21.0,568.0
92.0,568.0
153.0,568.0
164.0,568.0
408.0,568.0
422.0,568.0
568.0,585.0
568.0,650.0
568.0,699.0
203.0,569.0
225.0,569.0
377.0,569.0
378.0,569.0
425.0,569.0
459.0,569.0
566.0,569.0
569.0,579.0
569.0,617.0
569.0,990.0
461.0,570.0
570.0,795.0
83.0,571.0
397.0,571.0
419.0,571.0
571.0,582.0
571.0,644.0
379.0,572.0
413.0,572.0
572.0,644.0
572.0,845.0
572.0,968.0
119.0,573.0
376.0,573.0
573.0,607.0
320.0,574.0
389.0,574.0
484.0,574.0
520.0,574.0
574.0,874.0
574.0,990.0
159.0,575.0
427.0,575.0
132.0,576.0
272.0,576.0
569.0,576.0
108.0,577.0
493.0,577.0
577.0,580.0
577.0,826.0
10.0,578.0
25.0,578.0
354.0,578.0
476.0,578.0
497.0,578.0
500.0,578.0
578.0,594.0
491.0,579.0
579.0,631.0
579.0,658.0
579.0,783.0
398.0,580.0
425.0,580.0
580.0,581.0
580.0,599.0
580.0,887.0
426.0,581.0
520.0,581.0
578.0,581.0
581.0,589.0
581.0,816.0
581.0,838.0
15.0,582.0
582.0,587.0
582.0,596.0
582.0,986.0
347.0,583.0
462.0,583.0
544.0,583.0
307.0,584.0
519.0,584.0
538.0,584.0
584.0,654.0
366.0,585.0
377.0,585.0
413.0,585.0
444.0,585.0
577.0,585.0
585.0,723.0
585.0,752.0
482.0,586.0
507.0,586.0
586.0,844.0
69.0,587.0
278.0,587.0
455.0,587.0
520.0,587.0
562.0,587.0
587.0,603.0
587.0,655.0
587.0,730.0
344.0,588.0
368.0,588.0
535.0,588.0
88.0,589.0
385.0,589.0
400.0,589.0
589.0,612.0
589.0,647.0
589.0,846.0
590.0,777.0
555.0,591.0
591.0,612.0
591.0,654.0
525.0,592.0
592.0,594.0
592.0,707.0
359.0,593.0
593.0,669.0
101.0,594.0
168.0,594.0
366.0,594.0
368.0,594.0
387.0,594.0
509.0,594.0
563.0,594.0
594.0,647.0
594.0,808.0
594.0,862.0
178.0,595.0
458.0,595.0
595.0,608.0
595.0,913.0
507.0,596.0
511.0,596.0
553.0,596.0
596.0,623.0
596.0,701.0
596.0,888.0
248.0,597.0
396.0,597.0
425.0,597.0
597.0,728.0
597.0,747.0
597.0,891.0
93.0,598.0
435.0,598.0
579.0,598.0
598.0,649.0
68.0,599.0
437.0,599.0
471.0,599.0
599.0,664.0
479.0,600.0
499.0,600.0
600.0,638.0
182.0,601.0
216.0,601.0
554.0,601.0
601.0,701.0
601.0,762.0
601.0,813.0
254.0,602.0
381.0,602.0
471.0,602.0
602.0,661.0
448.0,603.0
603.0,656.0
329.0,604.0
405.0,604.0
450.0,604.0
502.0,604.0
604.0,929.0
145.0,605.0
321.0,605.0
416.0,605.0
530.0,605.0
605.0,642.0
65.0,606.0
281.0,606.0
458.0,606.0
566.0,606.0
606.0,830.0
606.0,945.0
606.0,965.0
199.0,607.0
453.0,607.0
458.0,607.0
507.0,607.0
585.0,607.0
607.0,705.0
607.0,948.0
143.0,608.0
259.0,608.0
362.0,608.0
484.0,608.0
498.0,608.0
533.0,608.0
608.0,870.0
441.0,609.0
609.0,765.0
277.0,610.0
334.0,610.0
553.0,610.0
610.0,788.0
135.0,611.0
144.0,611.0
196.0,612.0
437.0,612.0
486.0,612.0
491.0,612.0
567.0,612.0
605.0,612.0
612.0,894.0
50.0,613.0
342.0,613.0
487.0,613.0
505.0,613.0
521.0,613.0
613.0,932.0
378.0,614.0
426.0,614.0
466.0,614.0
614.0,851.0
38.0,615.0
339.0,615.0
517.0,615.0
525.0,615.0
615.0,635.0
284.0,616.0
359.0,616.0
448.0,616.0
616.0,624.0
616.0,823.0
375.0,617.0
388.0,617.0
598.0,617.0
617.0,627.0
248.0,618.0
373.0,618.0
435.0,618.0
578.0,618.0
596.0,618.0
618.0,637.0
618.0,866.0
527.0,619.0
619.0,625.0
619.0,648.0
619.0,674.0
619.0,680.0
619.0,836.0
262.0,620.0
441.0,620.0
620.0,633.0
620.0,794.0
241.0,621.0
268.0,621.0
606.0,621.0
152.0,622.0
346.0,622.0
488.0,622.0
597.0,622.0
622.0,633.0
148.0,623.0
194.0,623.0
385.0,623.0
411.0,623.0
623.0,663.0
356.0,624.0
376.0,624.0
428.0,624.0
464.0,624.0
624.0,645.0
624.0,748.0
31.0,625.0
373.0,625.0
428.0,625.0
625.0,639.0
625.0,644.0
433.0,626.0
507.0,626.0
626.0,664.0
626.0,773.0
69.0,627.0
218.0,627.0
296.0,627.0
333.0,627.0
345.0,627.0
350.0,627.0
501.0,627.0
316.0,628.0
324.0,628.0
328.0,628.0
371.0,628.0
628.0,795.0
201.0,629.0
443.0,629.0
629.0,951.0
79.0,630.0
416.0,630.0
34.0,631.0
441.0,631.0
545.0,631.0
631.0,708.0
631.0,943.0
50.0,632.0
375.0,632.0
425.0,632.0
454.0,632.0
582.0,632.0
632.0,694.0
290.0,633.0
357.0,633.0
360.0,633.0
467.0,633.0
619.0,633.0
633.0,646.0
633.0,798.0
633.0,961.0
48.0,634.0
409.0,634.0
431.0,634.0
435.0,634.0
524.0,634.0
634.0,636.0
634.0,902.0
92.0,635.0
185.0,635.0
588.0,635.0
635.0,845.0
635.0,924.0
160.0,636.0
382.0,636.0
606.0,636.0
636.0,732.0
636.0,757.0
397.0,637.0
512.0,637.0
582.0,637.0
637.0,899.0
207.0,638.0
258.0,638.0
351.0,638.0
391.0,638.0
638.0,652.0
638.0,809.0
7.0,639.0
192.0,639.0
350.0,639.0
472.0,639.0
251.0,640.0
385.0,640.0
423.0,640.0
601.0,640.0
640.0,971.0
435.0,641.0
572.0,641.0
591.0,641.0
611.0,641.0
641.0,642.0
641.0,663.0
641.0,756.0
641.0,814.0
641.0,832.0
126.0,642.0
267.0,642.0
309.0,642.0
377.0,642.0
504.0,642.0
606.0,642.0
642.0,796.0
74.0,643.0
160.0,643.0
374.0,643.0
442.0,643.0
643.0,868.0
499.0,644.0
516.0,644.0
10.0,645.0
199.0,645.0
231.0,645.0
561.0,645.0
580.0,645.0
199.0,646.0
481.0,646.0
586.0,646.0
646.0,654.0
646.0,661.0
646.0,754.0
340.0,647.0
370.0,647.0
395.0,647.0
515.0,647.0
593.0,647.0
595.0,647.0
647.0,972.0
18.0,648.0
343.0,648.0
395.0,648.0
475.0,648.0
485.0,648.0
581.0,648.0
641.0,648.0
648.0,825.0
344.0,649.0
440.0,649.0
530.0,649.0
547.0,649.0
649.0,695.0
288.0,650.0
348.0,650.0
462.0,650.0
524.0,650.0
650.0,656.0
650.0,987.0
78.0,651.0
378.0,651.0
380.0,651.0
501.0,651.0
651.0,762.0
651.0,983.0
139.0,652.0
410.0,652.0
526.0,652.0
652.0,696.0
405.0,653.0
567.0,653.0
579.0,653.0
361.0,654.0
381.0,654.0
418.0,654.0
424.0,654.0
608.0,654.0
613.0,654.0
651.0,654.0
654.0,661.0
654.0,772.0
654.0,937.0
419.0,655.0
433.0,655.0
526.0,655.0
335.0,656.0
361.0,656.0
520.0,656.0
646.0,656.0
656.0,876.0
132.0,657.0
213.0,657.0
657.0,839.0
29.0,658.0
205.0,658.0
420.0,658.0
596.0,658.0
206.0,659.0
364.0,659.0
579.0,659.0
79.0,660.0
201.0,660.0
641.0,660.0
648.0,660.0
660.0,811.0
660.0,972.0
660.0,999.0
231.0,661.0
361.0,661.0
473.0,661.0
500.0,661.0
527.0,661.0
559.0,661.0
607.0,661.0
661.0,671.0
467.0,662.0
590.0,662.0
599.0,662.0
662.0,983.0
324.0,663.0
550.0,663.0
558.0,663.0
663.0,732.0
379.0,664.0
460.0,664.0
471.0,664.0
496.0,664.0
557.0,664.0
614.0,664.0
488.0,665.0
563.0,665.0
589.0,665.0
596.0,665.0
606.0,665.0
665.0,706.0
40.0,666.0
650.0,666.0
666.0,710.0
666.0,777.0
666.0,785.0
666.0,828.0
6.0,667.0
667.0,752.0
21.0,668.0
366.0,668.0
668.0,714.0
668.0,736.0
668.0,835.0
668.0,907.0
336.0,669.0
403.0,669.0
550.0,669.0
669.0,733.0
51.0,670.0
380.0,670.0
667.0,670.0
670.0,872.0
670.0,896.0
670.0,940.0
670.0,943.0
25.0,671.0
671.0,705.0
671.0,779.0
671.0,785.0
671.0,885.0
671.0,910.0
379.0,672.0
572.0,672.0
669.0,672.0
672.0,779.0
672.0,811.0
327.0,673.0
473.0,673.0
673.0,764.0
673.0,924.0
673.0,928.0
673.0,958.0
673.0,996.0
106.0,674.0
617.0,674.0
674.0,686.0
674.0,769.0
674.0,874.0
674.0,915.0
674.0,982.0
342.0,675.0
673.0,675.0
675.0,994.0
231.0,676.0
318.0,676.0
418.0,676.0
676.0,772.0
676.0,814.0
676.0,854.0
676.0,857.0
676.0,881.0
676.0,913.0
150.0,677.0
677.0,738.0
677.0,782.0
677.0,796.0
677.0,949.0
677.0,964.0
413.0,678.0
678.0,713.0
678.0,921.0
678.0,985.0
11.0,679.0
679.0,704.0
679.0,776.0
679.0,896.0
679.0,935.0
679.0,995.0
274.0,680.0
494.0,680.0
680.0,724.0
680.0,785.0
680.0,840.0
680.0,933.0
680.0,972.0
681.0,895.0
139.0,682.0
159.0,682.0
193.0,682.0
268.0,682.0
682.0,824.0
682.0,900.0
138.0,683.0
683.0,713.0
683.0,793.0
683.0,819.0
683.0,947.0
683.0,957.0
337.0,684.0
645.0,684.0
666.0,684.0
684.0,703.0
684.0,712.0
684.0,818.0
684.0,923.0
684.0,980.0
83.0,685.0
162.0,685.0
685.0,701.0
206.0,686.0
627.0,686.0
666.0,686.0
686.0,783.0
686.0,835.0
686.0,895.0
686.0,919.0
686.0,957.0
686.0,964.0
262.0,687.0
284.0,687.0
687.0,714.0
687.0,929.0
687.0,994.0
35.0,688.0
342.0,688.0
561.0,688.0
688.0,765.0
688.0,797.0
688.0,882.0
340.0,689.0
459.0,689.0
689.0,696.0
689.0,805.0
689.0,876.0
690.0,879.0
188.0,691.0
251.0,691.0
547.0,691.0
616.0,691.0
406.0,692.0
692.0,708.0
692.0,777.0
692.0,797.0
550.0,693.0
584.0,693.0
693.0,721.0
693.0,824.0
693.0,836.0
693.0,860.0
693.0,866.0
693.0,959.0
269.0,694.0
694.0,991.0
9.0,695.0
156.0,695.0
408.0,695.0
685.0,695.0
695.0,889.0
695.0,912.0
695.0,925.0
695.0,980.0
196.0,696.0
585.0,696.0
696.0,821.0
696.0,864.0
696.0,912.0
696.0,969.0
697.0,704.0
697.0,764.0
697.0,940.0
697.0,952.0
407.0,698.0
461.0,698.0
698.0,828.0
698.0,847.0
698.0,892.0
698.0,894.0
70.0,699.0
553.0,699.0
485.0,700.0
700.0,833.0
700.0,858.0
700.0,866.0
700.0,985.0
252.0,701.0
416.0,701.0
701.0,763.0
52.0,702.0
61.0,702.0
164.0,702.0
460.0,702.0
543.0,702.0
556.0,702.0
702.0,845.0
702.0,944.0
702.0,977.0
17.0,703.0
703.0,750.0
703.0,864.0
244.0,704.0
260.0,704.0
704.0,809.0
69.0,705.0
705.0,710.0
705.0,913.0
705.0,923.0
705.0,955.0
10.0,706.0
145.0,706.0
594.0,706.0
91.0,707.0
229.0,707.0
707.0,828.0
707.0,901.0
707.0,907.0
707.0,918.0
707.0,943.0
707.0,951.0
631.0,708.0
661.0,708.0
708.0,782.0
708.0,894.0
636.0,709.0
697.0,709.0
709.0,758.0
709.0,779.0
709.0,875.0
709.0,894.0
0.0,710.0
702.0,711.0
711.0,722.0
711.0,739.0
711.0,744.0
711.0,837.0
711.0,930.0
711.0,981.0
117.0,712.0
374.0,712.0
712.0,742.0
712.0,758.0
712.0,886.0
437.0,713.0
713.0,730.0
713.0,767.0
713.0,862.0
713.0,890.0
713.0,911.0
49.0,714.0
310.0,714.0
714.0,829.0
714.0,838.0
714.0,913.0
29.0,715.0
480.0,715.0
614.0,715.0
715.0,860.0
715.0,891.0
715.0,951.0
378.0,716.0
684.0,716.0
692.0,716.0
716.0,802.0
716.0,902.0
716.0,937.0
716.0,939.0
716.0,977.0
29.0,717.0
438.0,717.0
697.0,717.0
717.0,870.0
717.0,896.0
717.0,946.0
717.0,974.0
428.0,718.0
551.0,718.0
671.0,718.0
718.0,744.0
718.0,752.0
718.0,804.0
718.0,815.0
718.0,906.0
718.0,957.0
718.0,971.0
361.0,719.0
719.0,781.0
719.0,817.0
719.0,945.0
9.0,720.0
65.0,720.0
337.0,720.0
720.0,773.0
720.0,857.0
720.0,993.0
98.0,721.0
497.0,721.0
721.0,851.0
721.0,893.0
721.0,939.0
721.0,942.0
721.0,957.0
721.0,959.0
63.0,722.0
599.0,722.0
122.0,723.0
701.0,723.0
723.0,738.0
723.0,911.0
196.0,724.0
303.0,724.0
724.0,749.0
724.0,832.0
724.0,947.0
724.0,998.0
170.0,725.0
641.0,725.0
707.0,725.0
725.0,817.0
725.0,957.0
180.0,726.0
475.0,726.0
725.0,726.0
726.0,973.0
726.0,985.0
500.0,727.0
728.0,806.0
728.0,858.0
728.0,878.0
728.0,908.0
728.0,991.0
729.0,803.0
729.0,862.0
9.0,730.0
161.0,730.0
730.0,807.0
515.0,731.0
550.0,731.0
623.0,731.0
717.0,731.0
731.0,896.0
731.0,935.0
273.0,732.0
359.0,732.0
494.0,732.0
670.0,732.0
689.0,732.0
732.0,957.0
732.0,980.0
394.0,733.0
453.0,733.0
598.0,733.0
652.0,733.0
685.0,733.0
712.0,733.0
733.0,767.0
733.0,855.0
733.0,856.0
174.0,734.0
380.0,734.0
692.0,734.0
734.0,863.0
734.0,911.0
734.0,941.0
734.0,977.0
136.0,735.0
703.0,735.0
735.0,823.0
735.0,922.0
735.0,972.0
71.0,736.0
168.0,736.0
676.0,736.0
736.0,804.0
736.0,869.0
736.0,882.0
736.0,927.0
158.0,737.0
228.0,737.0
248.0,737.0
737.0,751.0
737.0,779.0
3.0,738.0
738.0,874.0
738.0,979.0
43.0,739.0
442.0,739.0
604.0,739.0
739.0,756.0
739.0,790.0
739.0,855.0
739.0,916.0
739.0,944.0
72.0,740.0
414.0,740.0
691.0,740.0
740.0,865.0
740.0,881.0
16.0,741.0
50.0,741.0
226.0,741.0
685.0,741.0
687.0,741.0
735.0,741.0
741.0,799.0
741.0,839.0
741.0,890.0
741.0,894.0
250.0,742.0
643.0,742.0
194.0,743.0
287.0,743.0
743.0,769.0
663.0,744.0
744.0,805.0
744.0,816.0
744.0,832.0
744.0,879.0
744.0,964.0
163.0,745.0
630.0,745.0
638.0,745.0
675.0,745.0
685.0,745.0
745.0,767.0
745.0,841.0
108.0,746.0
685.0,746.0
716.0,746.0
746.0,855.0
746.0,986.0
747.0,808.0
747.0,943.0
114.0,748.0
496.0,748.0
675.0,748.0
745.0,748.0
748.0,776.0
748.0,846.0
748.0,980.0
295.0,749.0
432.0,749.0
503.0,749.0
673.0,749.0
749.0,937.0
749.0,942.0
97.0,750.0
714.0,750.0
750.0,752.0
750.0,754.0
750.0,933.0
751.0,855.0
448.0,752.0
500.0,752.0
512.0,752.0
592.0,752.0
752.0,815.0
752.0,922.0
752.0,943.0
752.0,953.0
295.0,753.0
303.0,753.0
753.0,757.0
753.0,780.0
753.0,957.0
308.0,754.0
352.0,754.0
431.0,754.0
517.0,754.0
697.0,754.0
747.0,754.0
752.0,754.0
754.0,828.0
6.0,755.0
299.0,755.0
356.0,755.0
440.0,755.0
734.0,755.0
755.0,892.0
444.0,756.0
529.0,756.0
756.0,805.0
756.0,810.0
756.0,906.0
52.0,757.0
710.0,757.0
757.0,893.0
757.0,963.0
320.0,758.0
758.0,828.0
316.0,759.0
484.0,759.0
612.0,759.0
759.0,913.0
272.0,760.0
760.0,801.0
760.0,840.0
760.0,862.0
760.0,929.0
332.0,761.0
657.0,761.0
761.0,848.0
761.0,919.0
761.0,965.0
762.0,812.0
762.0,839.0
762.0,841.0
762.0,905.0
763.0,855.0
398.0,764.0
431.0,764.0
764.0,770.0
764.0,830.0
764.0,923.0
126.0,765.0
496.0,765.0
765.0,809.0
337.0,766.0
595.0,766.0
742.0,766.0
766.0,843.0
766.0,856.0
766.0,905.0
766.0,918.0
518.0,767.0
767.0,867.0
767.0,928.0
179.0,768.0
485.0,768.0
695.0,768.0
768.0,938.0
567.0,769.0
578.0,769.0
769.0,863.0
769.0,866.0
769.0,878.0
142.0,770.0
654.0,770.0
750.0,770.0
770.0,789.0
116.0,771.0
130.0,771.0
531.0,771.0
670.0,771.0
696.0,771.0
771.0,856.0
34.0,772.0
436.0,772.0
517.0,772.0
714.0,772.0
772.0,781.0
772.0,799.0
772.0,805.0
772.0,813.0
772.0,976.0
466.0,773.0
704.0,773.0
738.0,773.0
773.0,779.0
773.0,805.0
773.0,920.0
202.0,774.0
514.0,774.0
708.0,774.0
774.0,814.0
774.0,817.0
774.0,827.0
774.0,886.0
774.0,901.0
157.0,775.0
225.0,775.0
270.0,775.0
479.0,775.0
497.0,775.0
577.0,775.0
761.0,775.0
775.0,959.0
775.0,966.0
775.0,972.0
775.0,994.0
6.0,776.0
776.0,844.0
776.0,887.0
776.0,896.0
776.0,931.0
507.0,777.0
777.0,780.0
777.0,866.0
777.0,929.0
322.0,778.0
402.0,778.0
778.0,882.0
778.0,982.0
628.0,779.0
705.0,779.0
779.0,807.0
779.0,823.0
780.0,808.0
780.0,831.0
158.0,781.0
501.0,781.0
693.0,781.0
781.0,816.0
781.0,895.0
781.0,900.0
781.0,908.0
781.0,943.0
15.0,782.0
185.0,782.0
267.0,782.0
688.0,782.0
782.0,794.0
782.0,817.0
782.0,884.0
782.0,942.0
782.0,953.0
266.0,783.0
468.0,783.0
565.0,783.0
652.0,783.0
756.0,783.0
783.0,859.0
634.0,784.0
697.0,784.0
705.0,784.0
784.0,853.0
784.0,972.0
449.0,785.0
756.0,785.0
785.0,786.0
129.0,786.0
275.0,786.0
615.0,786.0
656.0,786.0
685.0,786.0
786.0,852.0
786.0,879.0
230.0,787.0
432.0,787.0
787.0,806.0
787.0,885.0
787.0,975.0
787.0,986.0
99.0,788.0
287.0,788.0
362.0,788.0
788.0,841.0
788.0,948.0
6.0,789.0
747.0,789.0
789.0,985.0
718.0,790.0
790.0,997.0
170.0,791.0
333.0,791.0
450.0,791.0
758.0,791.0
791.0,837.0
791.0,873.0
791.0,948.0
791.0,990.0
78.0,792.0
112.0,792.0
210.0,792.0
612.0,792.0
686.0,792.0
713.0,792.0
748.0,792.0
792.0,893.0
711.0,793.0
793.0,921.0
793.0,985.0
495.0,794.0
726.0,794.0
794.0,812.0
481.0,795.0
497.0,795.0
632.0,795.0
795.0,800.0
795.0,871.0
795.0,874.0
795.0,898.0
795.0,927.0
795.0,974.0
343.0,796.0
771.0,796.0
796.0,967.0
796.0,978.0
179.0,797.0
712.0,797.0
797.0,915.0
797.0,979.0
198.0,798.0
423.0,798.0
448.0,798.0
728.0,798.0
736.0,798.0
750.0,798.0
798.0,908.0
798.0,966.0
696.0,799.0
799.0,864.0
178.0,800.0
183.0,800.0
717.0,800.0
156.0,801.0
311.0,801.0
479.0,801.0
724.0,801.0
109.0,802.0
241.0,802.0
336.0,802.0
366.0,802.0
802.0,803.0
802.0,835.0
527.0,803.0
797.0,803.0
803.0,816.0
123.0,804.0
485.0,804.0
803.0,804.0
232.0,805.0
359.0,805.0
625.0,805.0
665.0,805.0
743.0,805.0
805.0,849.0
805.0,964.0
188.0,806.0
270.0,806.0
464.0,806.0
709.0,806.0
738.0,806.0
806.0,807.0
806.0,942.0
492.0,807.0
807.0,872.0
112.0,808.0
808.0,932.0
809.0,822.0
809.0,842.0
809.0,857.0
809.0,860.0
331.0,810.0
392.0,810.0
717.0,810.0
810.0,895.0
810.0,928.0
441.0,811.0
565.0,811.0
645.0,811.0
668.0,811.0
671.0,811.0
799.0,811.0
163.0,812.0
343.0,812.0
694.0,812.0
701.0,812.0
752.0,812.0
787.0,812.0
812.0,849.0
18.0,813.0
354.0,813.0
813.0,941.0
813.0,981.0
666.0,814.0
684.0,814.0
705.0,814.0
743.0,814.0
789.0,814.0
814.0,998.0
530.0,815.0
654.0,815.0
801.0,815.0
815.0,872.0
815.0,902.0
194.0,816.0
668.0,816.0
816.0,965.0
196.0,817.0
340.0,817.0
558.0,817.0
673.0,817.0
817.0,830.0
817.0,870.0
817.0,980.0
817.0,993.0
23.0,818.0
55.0,818.0
266.0,818.0
442.0,818.0
687.0,818.0
795.0,818.0
816.0,818.0
818.0,846.0
818.0,895.0
818.0,963.0
322.0,819.0
681.0,819.0
809.0,819.0
819.0,827.0
168.0,820.0
367.0,820.0
489.0,820.0
697.0,820.0
820.0,875.0
820.0,968.0
419.0,821.0
708.0,821.0
781.0,821.0
821.0,961.0
328.0,822.0
822.0,947.0
69.0,823.0
246.0,823.0
543.0,823.0
593.0,823.0
774.0,823.0
818.0,823.0
429.0,824.0
673.0,824.0
700.0,824.0
809.0,824.0
819.0,824.0
824.0,859.0
824.0,890.0
824.0,914.0
824.0,951.0
824.0,998.0
423.0,825.0
586.0,825.0
608.0,825.0
812.0,825.0
825.0,918.0
825.0,990.0
264.0,826.0
817.0,826.0
826.0,896.0
191.0,827.0
678.0,827.0
827.0,894.0
827.0,907.0
827.0,947.0
827.0,948.0
719.0,828.0
780.0,828.0
792.0,828.0
615.0,829.0
661.0,829.0
770.0,829.0
829.0,907.0
829.0,937.0
829.0,963.0
231.0,830.0
585.0,830.0
780.0,830.0
830.0,841.0
830.0,890.0
0.0,831.0
687.0,832.0
832.0,901.0
264.0,833.0
428.0,833.0
439.0,833.0
442.0,833.0
833.0,913.0
20.0,834.0
328.0,834.0
521.0,834.0
701.0,834.0
834.0,856.0
494.0,835.0
541.0,835.0
718.0,835.0
721.0,835.0
835.0,844.0
835.0,885.0
835.0,976.0
54.0,836.0
719.0,836.0
805.0,836.0
836.0,888.0
836.0,906.0
390.0,837.0
579.0,837.0
763.0,837.0
837.0,845.0
837.0,911.0
436.0,838.0
600.0,838.0
624.0,838.0
800.0,838.0
838.0,842.0
838.0,895.0
838.0,904.0
700.0,839.0
724.0,839.0
839.0,896.0
148.0,840.0
318.0,840.0
613.0,840.0
769.0,840.0
840.0,861.0
840.0,923.0
729.0,841.0
772.0,841.0
834.0,841.0
841.0,929.0
841.0,945.0
841.0,946.0
170.0,842.0
674.0,842.0
842.0,908.0
842.0,913.0
144.0,843.0
241.0,843.0
258.0,843.0
724.0,843.0
746.0,843.0
833.0,843.0
391.0,844.0
408.0,844.0
729.0,844.0
844.0,941.0
432.0,845.0
468.0,845.0
724.0,845.0
828.0,845.0
845.0,846.0
845.0,922.0
675.0,846.0
728.0,846.0
846.0,880.0
846.0,893.0
535.0,847.0
554.0,847.0
847.0,938.0
699.0,848.0
848.0,903.0
848.0,963.0
284.0,849.0
546.0,849.0
849.0,913.0
40.0,850.0
166.0,850.0
483.0,850.0
678.0,850.0
850.0,886.0
850.0,922.0
850.0,943.0
516.0,851.0
726.0,851.0
764.0,851.0
788.0,851.0
703.0,852.0
723.0,852.0
852.0,902.0
852.0,924.0
152.0,853.0
700.0,853.0
791.0,853.0
853.0,880.0
403.0,854.0
538.0,854.0
840.0,854.0
854.0,946.0
374.0,855.0
684.0,855.0
687.0,855.0
714.0,855.0
4.0,856.0
532.0,856.0
620.0,856.0
658.0,856.0
810.0,856.0
836.0,856.0
856.0,879.0
856.0,977.0
155.0,857.0
294.0,857.0
669.0,857.0
768.0,857.0
824.0,857.0
857.0,881.0
205.0,858.0
445.0,858.0
555.0,858.0
782.0,858.0
858.0,944.0
858.0,949.0
187.0,859.0
618.0,859.0
676.0,859.0
692.0,859.0
859.0,860.0
859.0,931.0
859.0,989.0
671.0,860.0
779.0,860.0
785.0,860.0
822.0,860.0
848.0,860.0
860.0,915.0
860.0,996.0
18.0,861.0
686.0,861.0
745.0,861.0
813.0,861.0
861.0,889.0
861.0,931.0
74.0,862.0
90.0,862.0
497.0,862.0
721.0,862.0
202.0,863.0
365.0,863.0
464.0,863.0
819.0,863.0
843.0,863.0
863.0,958.0
205.0,864.0
245.0,864.0
699.0,864.0
736.0,864.0
211.0,865.0
379.0,865.0
691.0,865.0
800.0,865.0
853.0,865.0
865.0,940.0
865.0,965.0
865.0,983.0
43.0,866.0
161.0,866.0
196.0,866.0
814.0,866.0
23.0,867.0
129.0,867.0
297.0,867.0
753.0,867.0
836.0,867.0
867.0,897.0
867.0,937.0
867.0,990.0
127.0,868.0
166.0,868.0
681.0,868.0
380.0,869.0
672.0,869.0
734.0,869.0
743.0,869.0
766.0,869.0
851.0,869.0
56.0,870.0
544.0,870.0
679.0,870.0
870.0,886.0
107.0,871.0
164.0,871.0
685.0,871.0
871.0,959.0
349.0,872.0
681.0,872.0
839.0,872.0
848.0,872.0
872.0,895.0
872.0,899.0
872.0,941.0
329.0,873.0
645.0,873.0
674.0,873.0
765.0,873.0
796.0,873.0
839.0,873.0
848.0,873.0
67.0,874.0
452.0,874.0
464.0,874.0
707.0,874.0
874.0,959.0
199.0,875.0
718.0,875.0
729.0,875.0
730.0,875.0
734.0,875.0
875.0,889.0
875.0,935.0
875.0,957.0
228.0,876.0
371.0,876.0
744.0,876.0
788.0,876.0
870.0,876.0
876.0,975.0
455.0,877.0
478.0,877.0
659.0,877.0
734.0,877.0
855.0,877.0
858.0,877.0
752.0,878.0
878.0,944.0
878.0,993.0
329.0,879.0
693.0,879.0
846.0,879.0
41.0,880.0
691.0,880.0
700.0,880.0
818.0,880.0
823.0,881.0
856.0,881.0
862.0,881.0
881.0,985.0
765.0,882.0
792.0,882.0
822.0,882.0
858.0,882.0
882.0,908.0
882.0,930.0
882.0,982.0
883.0,914.0
883.0,984.0
659.0,884.0
731.0,884.0
738.0,884.0
829.0,884.0
189.0,885.0
447.0,885.0
477.0,885.0
695.0,885.0
885.0,892.0
61.0,886.0
67.0,886.0
469.0,886.0
481.0,886.0
712.0,886.0
722.0,886.0
790.0,886.0
806.0,886.0
886.0,966.0
116.0,887.0
637.0,887.0
142.0,888.0
432.0,888.0
695.0,888.0
864.0,888.0
805.0,889.0
739.0,890.0
890.0,927.0
716.0,891.0
754.0,891.0
779.0,891.0
784.0,891.0
831.0,891.0
396.0,892.0
721.0,892.0
765.0,892.0
815.0,892.0
847.0,892.0
892.0,915.0
260.0,893.0
289.0,893.0
674.0,893.0
729.0,893.0
733.0,893.0
812.0,893.0
893.0,933.0
747.0,894.0
763.0,894.0
787.0,894.0
71.0,895.0
540.0,895.0
601.0,895.0
719.0,895.0
814.0,895.0
895.0,908.0
144.0,896.0
284.0,896.0
406.0,896.0
415.0,896.0
544.0,896.0
756.0,896.0
803.0,896.0
896.0,925.0
896.0,956.0
896.0,976.0
346.0,897.0
726.0,897.0
857.0,897.0
897.0,951.0
897.0,990.0
720.0,898.0
800.0,898.0
674.0,899.0
752.0,899.0
881.0,899.0
899.0,908.0
899.0,965.0
586.0,900.0
799.0,900.0
812.0,900.0
835.0,900.0
858.0,900.0
900.0,927.0
423.0,901.0
669.0,901.0
701.0,901.0
793.0,901.0
841.0,901.0
880.0,901.0
901.0,931.0
901.0,980.0
89.0,902.0
390.0,902.0
677.0,902.0
704.0,902.0
748.0,902.0
277.0,903.0
689.0,903.0
743.0,903.0
752.0,903.0
768.0,903.0
783.0,903.0
831.0,903.0
903.0,932.0
95.0,904.0
630.0,904.0
839.0,904.0
903.0,904.0
209.0,905.0
232.0,905.0
273.0,905.0
492.0,905.0
592.0,905.0
678.0,905.0
905.0,917.0
905.0,997.0
245.0,906.0
279.0,906.0
167.0,907.0
881.0,907.0
907.0,922.0
907.0,930.0
281.0,908.0
703.0,908.0
766.0,908.0
27.0,909.0
573.0,909.0
689.0,909.0
716.0,909.0
909.0,992.0
909.0,993.0
391.0,910.0
399.0,910.0
719.0,910.0
898.0,910.0
910.0,957.0
375.0,911.0
774.0,911.0
778.0,911.0
911.0,975.0
378.0,912.0
439.0,912.0
511.0,912.0
592.0,912.0
759.0,912.0
830.0,912.0
836.0,912.0
912.0,950.0
528.0,913.0
668.0,913.0
825.0,913.0
846.0,913.0
878.0,913.0
887.0,913.0
220.0,914.0
372.0,914.0
561.0,914.0
645.0,914.0
655.0,914.0
793.0,914.0
795.0,914.0
812.0,914.0
914.0,935.0
499.0,915.0
509.0,915.0
761.0,915.0
836.0,915.0
915.0,946.0
915.0,962.0
738.0,916.0
872.0,916.0
887.0,916.0
916.0,948.0
916.0,968.0
747.0,917.0
816.0,917.0
441.0,918.0
808.0,918.0
688.0,919.0
786.0,919.0
915.0,919.0
459.0,920.0
557.0,920.0
723.0,920.0
749.0,920.0
794.0,920.0
830.0,920.0
854.0,920.0
920.0,965.0
10.0,921.0
584.0,921.0
777.0,921.0
782.0,921.0
864.0,921.0
763.0,922.0
922.0,936.0
389.0,923.0
778.0,923.0
417.0,924.0
763.0,924.0
864.0,924.0
47.0,925.0
734.0,925.0
793.0,925.0
920.0,925.0
925.0,969.0
556.0,926.0
811.0,926.0
926.0,943.0
926.0,950.0
722.0,927.0
725.0,927.0
801.0,927.0
216.0,928.0
928.0,965.0
928.0,994.0
203.0,929.0
526.0,929.0
929.0,972.0
268.0,930.0
519.0,930.0
734.0,930.0
930.0,996.0
252.0,931.0
539.0,931.0
685.0,931.0
728.0,931.0
734.0,931.0
763.0,931.0
931.0,947.0
931.0,993.0
66.0,932.0
494.0,932.0
569.0,932.0
708.0,932.0
745.0,932.0
789.0,932.0
579.0,933.0
629.0,933.0
902.0,933.0
686.0,934.0
702.0,934.0
769.0,934.0
934.0,962.0
55.0,935.0
157.0,935.0
385.0,935.0
438.0,935.0
670.0,935.0
768.0,935.0
793.0,935.0
922.0,935.0
119.0,936.0
306.0,936.0
672.0,936.0
673.0,936.0
717.0,936.0
750.0,936.0
853.0,936.0
889.0,936.0
919.0,936.0
936.0,995.0
296.0,937.0
649.0,937.0
725.0,937.0
766.0,937.0
937.0,970.0
383.0,938.0
501.0,938.0
733.0,938.0
738.0,938.0
852.0,938.0
938.0,962.0
105.0,939.0
454.0,939.0
835.0,939.0
879.0,939.0
682.0,940.0
836.0,940.0
927.0,940.0
940.0,976.0
51.0,941.0
188.0,941.0
240.0,941.0
383.0,941.0
577.0,941.0
283.0,942.0
692.0,942.0
703.0,942.0
855.0,942.0
671.0,943.0
679.0,943.0
803.0,943.0
943.0,981.0
346.0,944.0
445.0,944.0
751.0,944.0
944.0,977.0
944.0,986.0
669.0,945.0
701.0,945.0
860.0,945.0
887.0,945.0
945.0,949.0
108.0,946.0
168.0,946.0
836.0,946.0
850.0,946.0
882.0,946.0
888.0,946.0
927.0,946.0
946.0,974.0
640.0,947.0
886.0,947.0
137.0,948.0
263.0,948.0
389.0,948.0
840.0,948.0
257.0,949.0
736.0,949.0
808.0,949.0
169.0,950.0
438.0,950.0
800.0,950.0
889.0,950.0
948.0,950.0
950.0,954.0
950.0,955.0
106.0,951.0
685.0,951.0
896.0,951.0
567.0,952.0
723.0,952.0
946.0,952.0
166.0,953.0
207.0,953.0
741.0,953.0
822.0,953.0
833.0,953.0
451.0,954.0
641.0,954.0
678.0,954.0
759.0,954.0
850.0,954.0
942.0,954.0
240.0,955.0
540.0,955.0
837.0,955.0
865.0,955.0
914.0,955.0
955.0,971.0
0.0,956.0
101.0,957.0
194.0,957.0
351.0,957.0
385.0,957.0
511.0,957.0
725.0,957.0
766.0,957.0
890.0,957.0
901.0,957.0
921.0,957.0
210.0,958.0
310.0,958.0
481.0,958.0
527.0,958.0
532.0,958.0
736.0,959.0
759.0,959.0
783.0,959.0
824.0,959.0
835.0,959.0
879.0,959.0
938.0,959.0
119.0,960.0
180.0,960.0
901.0,960.0
276.0,961.0
520.0,961.0
537.0,961.0
577.0,961.0
618.0,961.0
682.0,961.0
740.0,961.0
791.0,961.0
881.0,961.0
904.0,961.0
935.0,961.0
961.0,982.0
58.0,962.0
110.0,962.0
158.0,962.0
201.0,962.0
332.0,962.0
746.0,962.0
761.0,962.0
863.0,962.0
870.0,962.0
545.0,963.0
854.0,963.0
885.0,963.0
963.0,964.0
823.0,964.0
839.0,964.0
876.0,964.0
175.0,965.0
788.0,965.0
903.0,965.0
331.0,966.0
694.0,966.0
711.0,966.0
787.0,966.0
806.0,966.0
818.0,966.0
600.0,967.0
883.0,967.0
910.0,967.0
915.0,967.0
120.0,968.0
180.0,968.0
578.0,968.0
693.0,968.0
780.0,968.0
158.0,969.0
850.0,969.0
689.0,970.0
872.0,970.0
905.0,970.0
836.0,971.0
967.0,971.0
46.0,972.0
254.0,972.0
274.0,972.0
702.0,972.0
764.0,972.0
972.0,975.0
349.0,973.0
450.0,973.0
641.0,973.0
909.0,973.0
934.0,973.0
945.0,973.0
776.0,974.0
818.0,974.0
928.0,974.0
51.0,975.0
790.0,975.0
814.0,975.0
916.0,975.0
244.0,976.0
627.0,976.0
664.0,976.0
730.0,976.0
57.0,977.0
131.0,977.0
739.0,977.0
819.0,977.0
883.0,977.0
166.0,978.0
731.0,978.0
784.0,978.0
818.0,978.0
442.0,979.0
757.0,979.0
883.0,979.0
927.0,979.0
964.0,979.0
72.0,980.0
425.0,980.0
936.0,980.0
980.0,984.0
41.0,981.0
837.0,981.0
905.0,981.0
41.0,982.0
644.0,982.0
760.0,982.0
932.0,982.0
940.0,982.0
641.0,983.0
822.0,983.0
837.0,983.0
839.0,983.0
316.0,984.0
672.0,984.0
843.0,984.0
856.0,984.0
927.0,984.0
17.0,985.0
257.0,985.0
380.0,985.0
708.0,985.0
843.0,985.0
863.0,985.0
954.0,985.0
985.0,987.0
449.0,986.0
502.0,986.0
703.0,986.0
716.0,986.0
720.0,986.0
728.0,986.0
67.0,987.0
206.0,987.0
538.0,987.0
796.0,987.0
849.0,987.0
860.0,987.0
891.0,987.0
922.0,987.0
217.0,988.0
428.0,988.0
507.0,988.0
840.0,988.0
976.0,988.0
980.0,988.0
546.0,989.0
767.0,989.0
875.0,989.0
136.0,990.0
221.0,990.0
767.0,990.0
796.0,990.0
852.0,990.0
966.0,990.0
317.0,991.0
368.0,991.0
560.0,991.0
684.0,991.0
703.0,991.0
920.0,991.0
942.0,991.0
948.0,991.0
991.0,997.0
277.0,992.0
743.0,992.0
754.0,992.0
789.0,992.0
837.0,992.0
194.0,993.0
480.0,993.0
705.0,993.0
738.0,993.0
740.0,993.0
803.0,993.0
818.0,993.0
879.0,993.0
970.0,993.0
990.0,993.0
206.0,994.0
346.0,994.0
626.0,994.0
807.0,994.0
228.0,995.0
371.0,995.0
711.0,995.0
796.0,995.0
880.0,995.0
985.0,995.0
106.0,996.0
414.0,996.0
654.0,996.0
63.0,997.0
125.0,997.0
488.0,997.0
608.0,997.0
703.0,997.0
727.0,997.0
812.0,997.0
893.0,997.0
996.0,997.0
417.0,998.0
668.0,998.0
689.0,998.0
120.0,999.0
380.0,999.0
768.0,999.0
