i,j
0.0,4.0
0.0,518.0
0.0,812.0
0.0,1020.0
0.0,428.0
0.0,682.0
0.0,921.0
0.0,191.0
0.0,787.0
0.0,492.0
0.0,744.0
0.0,155.0
1.0,647.0
1.0,102.0
1.0,954.0
1.0,100.0
1.0,506.0
1.0,942.0
1.0,121.0
1.0,452.0
1.0,216.0
1.0,62.0
1.0,593.0
1.0,1033.0
2.0,465.0
2.0,761.0
2.0,379.0
2.0,450.0
2.0,940.0
2.0,788.0
2.0,741.0
2.0,589.0
2.0,729.0
2.0,937.0
2.0,702.0
2.0,511.0
3.0,40.0
3.0,169.0
3.0,797.0
3.0,641.0
3.0,320.0
3.0,892.0
3.0,842.0
3.0,487.0
3.0,285.0
3.0,604.0
3.0,188.0
3.0,948.0
4.0,369.0
4.0,846.0
4.0,22.0
4.0,1006.0
4.0,668.0
4.0,856.0
4.0,648.0
4.0,805.0
4.0,687.0
4.0,433.0
4.0,149.0
4.0,108.0
5.0,45.0
5.0,844.0
5.0,476.0
5.0,364.0
5.0,871.0
5.0,950.0
5.0,315.0
5.0,823.0
5.0,404.0
5.0,345.0
5.0,85.0
5.0,713.0
6.0,652.0
6.0,19.0
6.0,987.0
6.0,59.0
6.0,572.0
6.0,887.0
6.0,137.0
6.0,189.0
6.0,866.0
6.0,725.0
6.0,397.0
6.0,127.0
7.0,638.0
7.0,465.0
7.0,135.0
7.0,772.0
7.0,353.0
7.0,873.0
7.0,188.0
7.0,234.0
7.0,777.0
7.0,794.0
7.0,621.0
7.0,589.0
8.0,38.0
8.0,505.0
8.0,500.0
8.0,322.0
8.0,481.0
8.0,882.0
8.0,166.0
8.0,85.0
8.0,622.0
8.0,199.0
8.0,347.0
8.0,521.0
9.0,288.0
9.0,167.0
9.0,718.0
9.0,329.0
9.0,87.0
9.0,1020.0
9.0,560.0
9.0,461.0
9.0,642.0
9.0,368.0
9.0,523.0
9.0,227.0
10.0,637.0
10.0,398.0
10.0,468.0
10.0,798.0
10.0,351.0
10.0,185.0
10.0,601.0
10.0,735.0
10.0,693.0
10.0,65.0
10.0,754.0
10.0,145.0
11.0,488.0
11.0,55.0
11.0,719.0
11.0,794.0
11.0,649.0
11.0,238.0
11.0,580.0
11.0,702.0
11.0,270.0
11.0,856.0
11.0,323.0
11.0,943.0
12.0,533.0
12.0,324.0
12.0,179.0
12.0,138.0
12.0,1027.0
12.0,243.0
12.0,563.0
12.0,219.0
12.0,749.0
12.0,883.0
12.0,970.0
12.0,538.0
13.0,7.0
13.0,83.0
13.0,810.0
13.0,962.0
13.0,897.0
13.0,634.0
13.0,528.0
13.0,741.0
13.0,720.0
13.0,136.0
13.0,246.0
13.0,833.0
14.0,1014.0
14.0,635.0
14.0,1025.0
14.0,717.0
14.0,600.0
14.0,186.0
14.0,730.0
14.0,457.0
14.0,674.0
14.0,30.0
14.0,506.0
14.0,302.0
15.0,1035.0
15.0,151.0
15.0,339.0
15.0,130.0
15.0,959.0
15.0,691.0
15.0,178.0
15.0,217.0
15.0,1012.0
15.0,945.0
15.0,732.0
15.0,228.0
16.0,510.0
16.0,54.0
16.0,212.0
16.0,183.0
16.0,385.0
16.0,646.0
16.0,890.0
16.0,934.0
16.0,526.0
16.0,929.0
16.0,831.0
16.0,126.0
17.0,1014.0
17.0,490.0
17.0,258.0
17.0,821.0
17.0,1023.0
17.0,121.0
17.0,605.0
17.0,542.0
17.0,946.0
17.0,531.0
17.0,571.0
17.0,499.0
18.0,118.0
18.0,396.0
18.0,824.0
18.0,920.0
18.0,333.0
18.0,260.0
18.0,891.0
18.0,965.0
18.0,806.0
18.0,546.0
18.0,422.0
18.0,295.0
19.0,681.0
19.0,405.0
19.0,652.0
19.0,310.0
19.0,987.0
19.0,588.0
19.0,914.0
19.0,180.0
19.0,583.0
19.0,385.0
19.0,715.0
19.0,596.0
20.0,252.0
20.0,76.0
20.0,577.0
20.0,659.0
20.0,559.0
20.0,78.0
20.0,165.0
20.0,710.0
20.0,341.0
20.0,1024.0
20.0,988.0
20.0,258.0
21.0,885.0
21.0,382.0
21.0,725.0
21.0,405.0
21.0,899.0
21.0,679.0
21.0,596.0
21.0,641.0
21.0,409.0
21.0,473.0
21.0,128.0
21.0,613.0
22.0,204.0
22.0,994.0
22.0,810.0
22.0,621.0
22.0,737.0
22.0,976.0
22.0,455.0
22.0,900.0
22.0,267.0
22.0,952.0
22.0,960.0
22.0,1017.0
23.0,863.0
23.0,1031.0
23.0,56.0
23.0,592.0
23.0,755.0
23.0,1006.0
23.0,565.0
23.0,466.0
23.0,357.0
23.0,599.0
23.0,126.0
23.0,550.0
24.0,655.0
24.0,259.0
24.0,903.0
24.0,865.0
24.0,571.0
24.0,550.0
24.0,299.0
24.0,690.0
24.0,533.0
24.0,933.0
24.0,930.0
24.0,887.0
25.0,672.0
25.0,636.0
25.0,102.0
25.0,498.0
25.0,395.0
25.0,239.0
25.0,863.0
25.0,578.0
25.0,111.0
25.0,584.0
25.0,527.0
25.0,515.0
26.0,40.0
26.0,899.0
26.0,771.0
26.0,21.0
26.0,727.0
26.0,595.0
26.0,726.0
26.0,147.0
26.0,348.0
26.0,520.0
26.0,17.0
26.0,409.0
27.0,1014.0
27.0,491.0
27.0,81.0
27.0,269.0
27.0,168.0
27.0,961.0
27.0,94.0
27.0,581.0
27.0,25.0
27.0,102.0
27.0,710.0
27.0,226.0
28.0,604.0
28.0,680.0
28.0,179.0
28.0,814.0
28.0,282.0
28.0,595.0
28.0,267.0
28.0,839.0
28.0,628.0
28.0,469.0
28.0,152.0
28.0,125.0
29.0,59.0
29.0,749.0
29.0,942.0
29.0,534.0
29.0,449.0
29.0,718.0
29.0,431.0
29.0,930.0
29.0,493.0
29.0,586.0
29.0,971.0
29.0,149.0
30.0,530.0
30.0,684.0
30.0,463.0
30.0,584.0
30.0,556.0
30.0,91.0
30.0,744.0
30.0,845.0
30.0,471.0
30.0,167.0
30.0,907.0
30.0,837.0
31.0,15.0
31.0,586.0
31.0,966.0
31.0,790.0
31.0,728.0
31.0,504.0
31.0,456.0
31.0,169.0
31.0,630.0
31.0,121.0
31.0,593.0
31.0,132.0
32.0,746.0
32.0,9.0
32.0,4.0
32.0,820.0
32.0,781.0
32.0,507.0
32.0,98.0
32.0,591.0
32.0,368.0
32.0,938.0
32.0,415.0
32.0,652.0
33.0,222.0
33.0,748.0
33.0,327.0
33.0,636.0
33.0,897.0
33.0,557.0
33.0,974.0
33.0,674.0
33.0,979.0
33.0,931.0
33.0,245.0
33.0,333.0
34.0,44.0
34.0,744.0
34.0,366.0
34.0,111.0
34.0,905.0
34.0,392.0
34.0,504.0
34.0,442.0
34.0,840.0
34.0,555.0
34.0,665.0
34.0,134.0
35.0,154.0
35.0,548.0
35.0,367.0
35.0,300.0
35.0,1017.0
35.0,702.0
35.0,540.0
35.0,260.0
35.0,33.0
35.0,731.0
35.0,631.0
35.0,308.0
36.0,355.0
36.0,357.0
36.0,304.0
36.0,346.0
36.0,714.0
36.0,220.0
36.0,256.0
36.0,646.0
36.0,98.0
36.0,908.0
36.0,181.0
36.0,501.0
37.0,447.0
37.0,908.0
37.0,634.0
37.0,673.0
37.0,875.0
37.0,590.0
37.0,435.0
37.0,1001.0
37.0,816.0
37.0,876.0
37.0,151.0
37.0,825.0
38.0,738.0
38.0,706.0
38.0,674.0
38.0,622.0
38.0,292.0
38.0,700.0
38.0,191.0
38.0,522.0
38.0,887.0
38.0,216.0
38.0,517.0
38.0,710.0
39.0,272.0
39.0,761.0
39.0,951.0
39.0,780.0
39.0,661.0
39.0,519.0
39.0,289.0
39.0,833.0
39.0,98.0
39.0,339.0
39.0,84.0
39.0,135.0
40.0,839.0
40.0,646.0
40.0,955.0
40.0,152.0
40.0,144.0
40.0,640.0
40.0,67.0
40.0,127.0
40.0,289.0
40.0,43.0
40.0,973.0
40.0,752.0
41.0,629.0
41.0,510.0
41.0,630.0
41.0,383.0
41.0,862.0
41.0,108.0
41.0,562.0
41.0,611.0
41.0,341.0
41.0,89.0
41.0,342.0
41.0,975.0
42.0,298.0
42.0,517.0
42.0,556.0
42.0,934.0
42.0,745.0
42.0,756.0
42.0,538.0
42.0,597.0
42.0,56.0
42.0,198.0
42.0,941.0
42.0,522.0
43.0,309.0
43.0,375.0
43.0,794.0
43.0,1034.0
43.0,576.0
43.0,92.0
43.0,843.0
43.0,654.0
43.0,86.0
43.0,305.0
43.0,814.0
43.0,774.0
44.0,574.0
44.0,517.0
44.0,733.0
44.0,115.0
44.0,721.0
44.0,730.0
44.0,266.0
44.0,501.0
44.0,788.0
44.0,912.0
44.0,514.0
44.0,176.0
45.0,486.0
45.0,977.0
45.0,811.0
45.0,99.0
45.0,859.0
45.0,485.0
45.0,655.0
45.0,452.0
45.0,432.0
45.0,967.0
45.0,8.0
45.0,647.0
46.0,840.0
46.0,219.0
46.0,851.0
46.0,492.0
46.0,584.0
46.0,429.0
46.0,376.0
46.0,602.0
46.0,925.0
46.0,36.0
46.0,547.0
46.0,301.0
47.0,119.0
47.0,575.0
47.0,1007.0
47.0,692.0
47.0,884.0
47.0,738.0
47.0,244.0
47.0,222.0
47.0,695.0
47.0,1019.0
47.0,515.0
47.0,434.0
48.0,878.0
48.0,902.0
48.0,759.0
48.0,1029.0
48.0,321.0
48.0,283.0
48.0,455.0
48.0,101.0
48.0,180.0
48.0,837.0
48.0,348.0
48.0,365.0
49.0,454.0
49.0,1024.0
49.0,915.0
49.0,787.0
49.0,873.0
49.0,46.0
49.0,124.0
49.0,112.0
49.0,133.0
49.0,517.0
49.0,738.0
49.0,472.0
50.0,208.0
50.0,674.0
50.0,290.0
50.0,742.0
50.0,862.0
50.0,738.0
50.0,202.0
50.0,748.0
50.0,690.0
50.0,504.0
50.0,729.0
50.0,678.0
51.0,921.0
51.0,577.0
51.0,493.0
51.0,339.0
51.0,678.0
51.0,333.0
51.0,111.0
51.0,73.0
51.0,721.0
51.0,608.0
51.0,895.0
51.0,635.0
52.0,30.0
52.0,34.0
52.0,472.0
52.0,14.0
52.0,334.0
52.0,909.0
52.0,873.0
52.0,251.0
52.0,105.0
52.0,666.0
52.0,764.0
52.0,547.0
53.0,255.0
53.0,100.0
53.0,766.0
53.0,63.0
53.0,907.0
53.0,632.0
53.0,446.0
53.0,1021.0
53.0,784.0
53.0,424.0
53.0,835.0
53.0,44.0
54.0,558.0
54.0,356.0
54.0,48.0
54.0,630.0
54.0,860.0
54.0,725.0
54.0,208.0
54.0,899.0
54.0,365.0
54.0,121.0
54.0,944.0
54.0,504.0
55.0,874.0
55.0,274.0
55.0,563.0
55.0,1031.0
55.0,973.0
55.0,310.0
55.0,336.0
55.0,167.0
55.0,499.0
55.0,301.0
55.0,594.0
55.0,130.0
56.0,890.0
56.0,137.0
56.0,169.0
56.0,756.0
56.0,168.0
56.0,139.0
56.0,491.0
56.0,989.0
56.0,662.0
56.0,558.0
56.0,98.0
56.0,38.0
57.0,138.0
57.0,921.0
57.0,533.0
57.0,307.0
57.0,655.0
57.0,917.0
57.0,329.0
57.0,216.0
57.0,486.0
57.0,400.0
57.0,790.0
57.0,494.0
58.0,5.0
58.0,227.0
58.0,845.0
58.0,225.0
58.0,627.0
58.0,104.0
58.0,583.0
58.0,509.0
58.0,307.0
58.0,811.0
58.0,701.0
58.0,647.0
59.0,374.0
59.0,893.0
59.0,718.0
59.0,107.0
59.0,795.0
59.0,752.0
59.0,328.0
59.0,490.0
59.0,640.0
59.0,388.0
59.0,258.0
59.0,989.0
60.0,894.0
60.0,376.0
60.0,557.0
60.0,682.0
60.0,777.0
60.0,502.0
60.0,577.0
60.0,76.0
60.0,450.0
60.0,546.0
60.0,651.0
60.0,1028.0
61.0,648.0
61.0,287.0
61.0,299.0
61.0,737.0
61.0,571.0
61.0,931.0
61.0,235.0
61.0,777.0
61.0,30.0
61.0,786.0
61.0,991.0
61.0,80.0
62.0,1002.0
62.0,999.0
62.0,647.0
62.0,351.0
62.0,461.0
62.0,259.0
62.0,852.0
62.0,964.0
62.0,441.0
62.0,93.0
62.0,798.0
62.0,930.0
63.0,264.0
63.0,993.0
63.0,512.0
63.0,601.0
63.0,920.0
63.0,218.0
63.0,870.0
63.0,784.0
63.0,639.0
63.0,354.0
63.0,31.0
63.0,72.0
64.0,799.0
64.0,885.0
64.0,488.0
64.0,515.0
64.0,745.0
64.0,212.0
64.0,776.0
64.0,645.0
64.0,591.0
64.0,619.0
64.0,649.0
64.0,358.0
65.0,334.0
65.0,143.0
65.0,892.0
65.0,239.0
65.0,609.0
65.0,204.0
65.0,259.0
65.0,705.0
65.0,97.0
65.0,1006.0
65.0,856.0
65.0,163.0
66.0,307.0
66.0,556.0
66.0,163.0
66.0,748.0
66.0,29.0
66.0,658.0
66.0,890.0
66.0,749.0
66.0,684.0
66.0,95.0
66.0,877.0
66.0,360.0
67.0,130.0
67.0,692.0
67.0,648.0
67.0,900.0
67.0,157.0
67.0,905.0
67.0,279.0
67.0,950.0
67.0,4.0
67.0,196.0
67.0,642.0
67.0,307.0
68.0,342.0
68.0,469.0
68.0,444.0
68.0,571.0
68.0,460.0
68.0,564.0
68.0,79.0
68.0,805.0
68.0,595.0
68.0,970.0
68.0,710.0
68.0,869.0
69.0,736.0
69.0,961.0
69.0,566.0
69.0,258.0
69.0,207.0
69.0,212.0
69.0,380.0
69.0,525.0
69.0,401.0
69.0,970.0
69.0,981.0
69.0,493.0
70.0,117.0
70.0,919.0
70.0,640.0
70.0,607.0
70.0,243.0
70.0,290.0
70.0,15.0
70.0,733.0
70.0,962.0
70.0,483.0
70.0,931.0
70.0,481.0
71.0,973.0
71.0,192.0
71.0,798.0
71.0,267.0
71.0,152.0
71.0,892.0
71.0,500.0
71.0,423.0
71.0,116.0
71.0,958.0
71.0,475.0
71.0,970.0
72.0,513.0
72.0,34.0
72.0,471.0
72.0,492.0
72.0,118.0
72.0,909.0
72.0,525.0
72.0,657.0
72.0,743.0
72.0,557.0
72.0,932.0
72.0,141.0
73.0,552.0
73.0,566.0
73.0,994.0
73.0,539.0
73.0,231.0
73.0,292.0
73.0,1027.0
73.0,829.0
73.0,1001.0
73.0,1009.0
73.0,459.0
73.0,932.0
74.0,60.0
74.0,759.0
74.0,733.0
74.0,212.0
74.0,994.0
74.0,524.0
74.0,183.0
74.0,268.0
74.0,638.0
74.0,965.0
74.0,435.0
74.0,265.0
75.0,130.0
75.0,1019.0
75.0,926.0
75.0,636.0
75.0,538.0
75.0,996.0
75.0,1031.0
75.0,514.0
75.0,222.0
75.0,539.0
75.0,571.0
75.0,224.0
76.0,901.0
76.0,1006.0
76.0,508.0
76.0,666.0
76.0,1017.0
76.0,754.0
76.0,733.0
76.0,268.0
76.0,176.0
76.0,288.0
76.0,51.0
76.0,273.0
77.0,56.0
77.0,590.0
77.0,268.0
77.0,952.0
77.0,546.0
77.0,761.0
77.0,804.0
77.0,178.0
77.0,149.0
77.0,340.0
77.0,849.0
77.0,391.0
78.0,187.0
78.0,956.0
78.0,736.0
78.0,524.0
78.0,1025.0
78.0,1031.0
78.0,1029.0
78.0,994.0
78.0,115.0
78.0,343.0
78.0,659.0
78.0,729.0
79.0,102.0
79.0,407.0
79.0,603.0
79.0,491.0
79.0,691.0
79.0,756.0
79.0,773.0
79.0,286.0
79.0,759.0
79.0,1000.0
79.0,614.0
79.0,549.0
80.0,470.0
80.0,250.0
80.0,193.0
80.0,268.0
80.0,881.0
80.0,1027.0
80.0,126.0
80.0,494.0
80.0,630.0
80.0,395.0
80.0,586.0
80.0,59.0
81.0,928.0
81.0,944.0
81.0,1025.0
81.0,383.0
81.0,266.0
81.0,974.0
81.0,102.0
81.0,952.0
81.0,96.0
81.0,265.0
81.0,294.0
81.0,98.0
82.0,779.0
82.0,241.0
82.0,978.0
82.0,227.0
82.0,494.0
82.0,188.0
82.0,592.0
82.0,787.0
82.0,275.0
82.0,478.0
82.0,1006.0
82.0,719.0
83.0,759.0
83.0,668.0
83.0,61.0
83.0,154.0
83.0,473.0
83.0,854.0
83.0,130.0
83.0,501.0
83.0,683.0
83.0,815.0
83.0,466.0
83.0,592.0
84.0,897.0
84.0,729.0
84.0,206.0
84.0,929.0
84.0,702.0
84.0,631.0
84.0,36.0
84.0,13.0
84.0,810.0
84.0,621.0
84.0,39.0
84.0,731.0
85.0,678.0
85.0,243.0
85.0,5.0
85.0,993.0
85.0,57.0
85.0,255.0
85.0,1028.0
85.0,521.0
85.0,485.0
85.0,602.0
85.0,45.0
85.0,347.0
86.0,358.0
86.0,617.0
86.0,406.0
86.0,305.0
86.0,350.0
86.0,885.0
86.0,646.0
86.0,660.0
86.0,477.0
86.0,320.0
86.0,720.0
86.0,43.0
87.0,449.0
87.0,157.0
87.0,734.0
87.0,50.0
87.0,269.0
87.0,807.0
87.0,485.0
87.0,765.0
87.0,166.0
87.0,969.0
87.0,612.0
87.0,501.0
88.0,872.0
88.0,185.0
88.0,109.0
88.0,62.0
88.0,904.0
88.0,240.0
88.0,637.0
88.0,709.0
88.0,871.0
88.0,918.0
88.0,767.0
88.0,58.0
89.0,409.0
89.0,372.0
89.0,129.0
89.0,804.0
89.0,669.0
89.0,716.0
89.0,699.0
89.0,679.0
89.0,150.0
89.0,756.0
89.0,190.0
89.0,781.0
90.0,425.0
90.0,943.0
90.0,19.0
90.0,210.0
90.0,135.0
90.0,122.0
90.0,994.0
90.0,819.0
90.0,448.0
90.0,897.0
90.0,151.0
90.0,989.0
91.0,656.0
91.0,518.0
91.0,628.0
91.0,62.0
91.0,120.0
91.0,862.0
91.0,494.0
91.0,313.0
91.0,571.0
91.0,637.0
91.0,383.0
91.0,332.0
92.0,841.0
92.0,814.0
92.0,726.0
92.0,433.0
92.0,604.0
92.0,768.0
92.0,680.0
92.0,567.0
92.0,654.0
92.0,708.0
92.0,314.0
92.0,771.0
93.0,104.0
93.0,293.0
93.0,186.0
93.0,82.0
93.0,693.0
93.0,882.0
93.0,404.0
93.0,347.0
93.0,988.0
93.0,554.0
93.0,823.0
93.0,859.0
94.0,695.0
94.0,905.0
94.0,226.0
94.0,912.0
94.0,928.0
94.0,222.0
94.0,30.0
94.0,895.0
94.0,395.0
94.0,205.0
94.0,820.0
94.0,704.0
95.0,411.0
95.0,874.0
95.0,232.0
95.0,364.0
95.0,791.0
95.0,199.0
95.0,415.0
95.0,579.0
95.0,38.0
95.0,835.0
95.0,161.0
95.0,19.0
96.0,430.0
96.0,483.0
96.0,932.0
96.0,359.0
96.0,570.0
96.0,861.0
96.0,308.0
96.0,525.0
96.0,1005.0
96.0,531.0
96.0,272.0
96.0,756.0
97.0,309.0
97.0,338.0
97.0,793.0
97.0,439.0
97.0,663.0
97.0,354.0
97.0,368.0
97.0,836.0
97.0,132.0
97.0,974.0
97.0,626.0
97.0,767.0
98.0,523.0
98.0,227.0
98.0,571.0
98.0,389.0
98.0,157.0
98.0,913.0
98.0,384.0
98.0,15.0
98.0,658.0
98.0,507.0
98.0,536.0
98.0,318.0
99.0,713.0
99.0,506.0
99.0,823.0
99.0,766.0
99.0,1033.0
99.0,312.0
99.0,505.0
99.0,45.0
99.0,5.0
99.0,1027.0
99.0,255.0
99.0,655.0
100.0,485.0
100.0,58.0
100.0,345.0
100.0,157.0
100.0,386.0
100.0,109.0
100.0,1021.0
100.0,871.0
100.0,722.0
100.0,870.0
100.0,5.0
100.0,581.0
101.0,139.0
101.0,462.0
101.0,941.0
101.0,197.0
101.0,360.0
101.0,844.0
101.0,342.0
101.0,760.0
101.0,230.0
101.0,1003.0
101.0,97.0
101.0,790.0
102.0,554.0
102.0,991.0
102.0,79.0
102.0,357.0
102.0,154.0
102.0,499.0
102.0,660.0
102.0,221.0
102.0,620.0
102.0,108.0
102.0,652.0
102.0,130.0
103.0,412.0
103.0,777.0
103.0,996.0
103.0,219.0
103.0,119.0
103.0,1025.0
103.0,464.0
103.0,994.0
103.0,377.0
103.0,852.0
103.0,334.0
103.0,851.0
104.0,5.0
104.0,927.0
104.0,559.0
104.0,353.0
104.0,50.0
104.0,60.0
104.0,977.0
104.0,312.0
104.0,1010.0
104.0,851.0
104.0,694.0
104.0,131.0
105.0,124.0
105.0,787.0
105.0,376.0
105.0,571.0
105.0,171.0
105.0,875.0
105.0,546.0
105.0,339.0
105.0,175.0
105.0,292.0
105.0,873.0
105.0,581.0
106.0,510.0
106.0,86.0
106.0,775.0
106.0,299.0
106.0,43.0
106.0,562.0
106.0,444.0
106.0,533.0
106.0,350.0
106.0,59.0
106.0,468.0
106.0,21.0
107.0,172.0
107.0,781.0
107.0,857.0
107.0,12.0
107.0,1027.0
107.0,1008.0
107.0,749.0
107.0,1006.0
107.0,845.0
107.0,407.0
107.0,307.0
107.0,182.0
108.0,192.0
108.0,831.0
108.0,824.0
108.0,914.0
108.0,183.0
108.0,3.0
108.0,196.0
108.0,857.0
108.0,445.0
108.0,89.0
108.0,412.0
108.0,281.0
109.0,680.0
109.0,57.0
109.0,872.0
109.0,903.0
109.0,518.0
109.0,767.0
109.0,394.0
109.0,798.0
109.0,129.0
109.0,941.0
109.0,1014.0
109.0,481.0
110.0,143.0
110.0,292.0
110.0,119.0
110.0,299.0
110.0,579.0
110.0,859.0
110.0,308.0
110.0,424.0
110.0,637.0
110.0,65.0
110.0,988.0
110.0,154.0
111.0,958.0
111.0,1009.0
111.0,576.0
111.0,761.0
111.0,642.0
111.0,969.0
111.0,131.0
111.0,84.0
111.0,103.0
111.0,87.0
111.0,166.0
111.0,900.0
112.0,787.0
112.0,440.0
112.0,765.0
112.0,739.0
112.0,42.0
112.0,284.0
112.0,25.0
112.0,791.0
112.0,22.0
112.0,47.0
112.0,368.0
112.0,807.0
113.0,664.0
113.0,53.0
113.0,760.0
113.0,299.0
113.0,923.0
113.0,630.0
113.0,690.0
113.0,509.0
113.0,576.0
113.0,397.0
113.0,332.0
113.0,971.0
114.0,306.0
114.0,139.0
114.0,899.0
114.0,21.0
114.0,768.0
114.0,26.0
114.0,771.0
114.0,16.0
114.0,6.0
114.0,757.0
114.0,726.0
114.0,628.0
115.0,164.0
115.0,357.0
115.0,319.0
115.0,513.0
115.0,574.0
115.0,1015.0
115.0,335.0
115.0,256.0
115.0,642.0
115.0,406.0
115.0,609.0
115.0,171.0
116.0,935.0
116.0,536.0
116.0,900.0
116.0,645.0
116.0,583.0
116.0,947.0
116.0,373.0
116.0,79.0
116.0,837.0
116.0,1030.0
116.0,723.0
116.0,1019.0
117.0,304.0
117.0,938.0
117.0,125.0
117.0,885.0
117.0,151.0
117.0,213.0
117.0,193.0
117.0,828.0
117.0,860.0
117.0,3.0
117.0,991.0
117.0,163.0
118.0,502.0
118.0,920.0
118.0,625.0
118.0,525.0
118.0,35.0
118.0,806.0
118.0,1001.0
118.0,964.0
118.0,983.0
118.0,223.0
118.0,951.0
118.0,265.0
119.0,228.0
119.0,470.0
119.0,706.0
119.0,313.0
119.0,789.0
119.0,966.0
119.0,180.0
119.0,773.0
119.0,254.0
119.0,707.0
119.0,446.0
119.0,956.0
120.0,699.0
120.0,768.0
120.0,413.0
120.0,596.0
120.0,859.0
120.0,798.0
120.0,654.0
120.0,190.0
120.0,240.0
120.0,382.0
120.0,769.0
120.0,428.0
121.0,862.0
121.0,97.0
121.0,693.0
121.0,556.0
121.0,104.0
121.0,717.0
121.0,90.0
121.0,954.0
121.0,225.0
121.0,1023.0
121.0,543.0
121.0,119.0
122.0,894.0
122.0,986.0
122.0,943.0
122.0,508.0
122.0,681.0
122.0,757.0
122.0,960.0
122.0,478.0
122.0,874.0
122.0,493.0
122.0,746.0
122.0,317.0
123.0,414.0
123.0,288.0
123.0,629.0
123.0,844.0
123.0,438.0
123.0,648.0
123.0,739.0
123.0,273.0
123.0,879.0
123.0,835.0
123.0,24.0
123.0,1030.0
124.0,57.0
124.0,1018.0
124.0,704.0
124.0,46.0
124.0,864.0
124.0,229.0
124.0,703.0
124.0,52.0
124.0,909.0
124.0,801.0
124.0,545.0
124.0,4.0
125.0,958.0
125.0,976.0
125.0,668.0
125.0,281.0
125.0,119.0
125.0,850.0
125.0,966.0
125.0,902.0
125.0,243.0
125.0,975.0
125.0,584.0
125.0,515.0
126.0,746.0
126.0,839.0
126.0,670.0
126.0,188.0
126.0,401.0
126.0,181.0
126.0,105.0
126.0,381.0
126.0,421.0
126.0,83.0
126.0,995.0
126.0,952.0
127.0,408.0
127.0,254.0
127.0,835.0
127.0,575.0
127.0,32.0
127.0,815.0
127.0,276.0
127.0,973.0
127.0,658.0
127.0,603.0
127.0,442.0
127.0,370.0
128.0,421.0
128.0,1026.0
128.0,979.0
128.0,491.0
128.0,799.0
128.0,543.0
128.0,142.0
128.0,357.0
128.0,955.0
128.0,880.0
128.0,117.0
128.0,40.0
129.0,110.0
129.0,161.0
129.0,904.0
129.0,42.0
129.0,98.0
129.0,1002.0
129.0,917.0
129.0,394.0
129.0,717.0
129.0,433.0
129.0,328.0
129.0,850.0
130.0,111.0
130.0,925.0
130.0,524.0
130.0,79.0
130.0,380.0
130.0,718.0
130.0,12.0
130.0,599.0
130.0,711.0
130.0,374.0
130.0,744.0
130.0,1006.0
131.0,834.0
131.0,45.0
131.0,78.0
131.0,282.0
131.0,371.0
131.0,490.0
131.0,558.0
131.0,527.0
131.0,955.0
131.0,538.0
131.0,1012.0
131.0,397.0
132.0,182.0
132.0,395.0
132.0,100.0
132.0,791.0
132.0,872.0
132.0,119.0
132.0,941.0
132.0,423.0
132.0,380.0
132.0,113.0
132.0,239.0
132.0,209.0
133.0,647.0
133.0,339.0
133.0,901.0
133.0,547.0
133.0,195.0
133.0,274.0
133.0,677.0
133.0,982.0
133.0,322.0
133.0,587.0
133.0,351.0
133.0,728.0
134.0,916.0
134.0,818.0
134.0,882.0
134.0,118.0
134.0,376.0
134.0,915.0
134.0,671.0
134.0,551.0
134.0,529.0
134.0,392.0
134.0,195.0
134.0,838.0
135.0,942.0
135.0,881.0
135.0,269.0
135.0,434.0
135.0,532.0
135.0,614.0
135.0,381.0
135.0,580.0
135.0,300.0
135.0,794.0
135.0,402.0
135.0,780.0
136.0,143.0
136.0,507.0
136.0,935.0
136.0,222.0
136.0,288.0
136.0,98.0
136.0,383.0
136.0,353.0
136.0,523.0
136.0,691.0
136.0,670.0
136.0,359.0
137.0,769.0
137.0,939.0
137.0,852.0
137.0,239.0
137.0,395.0
137.0,110.0
137.0,934.0
137.0,196.0
137.0,341.0
137.0,865.0
137.0,796.0
137.0,217.0
138.0,577.0
138.0,672.0
138.0,424.0
138.0,915.0
138.0,20.0
138.0,780.0
138.0,883.0
138.0,371.0
138.0,636.0
138.0,149.0
138.0,594.0
138.0,167.0
139.0,248.0
139.0,662.0
139.0,137.0
139.0,800.0
139.0,318.0
139.0,467.0
139.0,313.0
139.0,17.0
139.0,375.0
139.0,924.0
139.0,748.0
139.0,182.0
140.0,67.0
140.0,603.0
140.0,540.0
140.0,829.0
140.0,870.0
140.0,242.0
140.0,490.0
140.0,700.0
140.0,199.0
140.0,149.0
140.0,456.0
140.0,722.0
141.0,657.0
141.0,289.0
141.0,758.0
141.0,416.0
141.0,295.0
141.0,87.0
141.0,327.0
141.0,891.0
141.0,977.0
141.0,1018.0
141.0,600.0
141.0,472.0
142.0,173.0
142.0,672.0
142.0,764.0
142.0,506.0
142.0,144.0
142.0,409.0
142.0,415.0
142.0,388.0
142.0,117.0
142.0,448.0
142.0,621.0
142.0,169.0
143.0,327.0
143.0,209.0
143.0,539.0
143.0,979.0
143.0,781.0
143.0,867.0
143.0,69.0
143.0,254.0
143.0,971.0
143.0,459.0
143.0,554.0
143.0,179.0
144.0,128.0
144.0,433.0
144.0,641.0
144.0,520.0
144.0,872.0
144.0,843.0
144.0,380.0
144.0,120.0
144.0,617.0
144.0,350.0
144.0,250.0
144.0,667.0
145.0,709.0
145.0,240.0
145.0,689.0
145.0,878.0
145.0,30.0
145.0,439.0
145.0,628.0
145.0,872.0
145.0,699.0
145.0,451.0
145.0,802.0
145.0,668.0
146.0,220.0
146.0,20.0
146.0,786.0
146.0,152.0
146.0,1030.0
146.0,711.0
146.0,266.0
146.0,19.0
146.0,769.0
146.0,1019.0
146.0,211.0
146.0,1014.0
147.0,114.0
147.0,768.0
147.0,814.0
147.0,80.0
147.0,534.0
147.0,786.0
147.0,850.0
147.0,654.0
147.0,564.0
147.0,679.0
147.0,92.0
147.0,433.0
148.0,528.0
148.0,824.0
148.0,379.0
148.0,69.0
148.0,963.0
148.0,810.0
148.0,976.0
148.0,393.0
148.0,213.0
148.0,444.0
148.0,874.0
148.0,827.0
149.0,992.0
149.0,29.0
149.0,701.0
149.0,753.0
149.0,491.0
149.0,877.0
149.0,574.0
149.0,668.0
149.0,894.0
149.0,824.0
149.0,181.0
149.0,997.0
150.0,844.0
150.0,210.0
150.0,975.0
150.0,663.0
150.0,781.0
150.0,176.0
150.0,339.0
150.0,87.0
150.0,130.0
150.0,759.0
150.0,335.0
150.0,434.0
151.0,91.0
151.0,989.0
151.0,4.0
151.0,957.0
151.0,212.0
151.0,226.0
151.0,746.0
151.0,889.0
151.0,724.0
151.0,662.0
151.0,283.0
151.0,19.0
152.0,361.0
152.0,798.0
152.0,850.0
152.0,40.0
152.0,144.0
152.0,814.0
152.0,615.0
152.0,114.0
152.0,892.0
152.0,327.0
152.0,358.0
152.0,827.0
153.0,59.0
153.0,129.0
153.0,637.0
153.0,596.0
153.0,630.0
153.0,640.0
153.0,598.0
153.0,762.0
153.0,835.0
153.0,451.0
153.0,595.0
153.0,958.0
154.0,318.0
154.0,494.0
154.0,330.0
154.0,119.0
154.0,856.0
154.0,504.0
154.0,123.0
154.0,395.0
154.0,659.0
154.0,224.0
154.0,912.0
154.0,357.0
155.0,352.0
155.0,473.0
155.0,815.0
155.0,187.0
155.0,479.0
155.0,494.0
155.0,733.0
155.0,790.0
155.0,652.0
155.0,1027.0
155.0,564.0
155.0,466.0
156.0,23.0
156.0,174.0
156.0,434.0
156.0,866.0
156.0,970.0
156.0,360.0
156.0,66.0
156.0,405.0
156.0,359.0
156.0,258.0
156.0,482.0
156.0,881.0
157.0,276.0
157.0,493.0
157.0,363.0
157.0,479.0
157.0,959.0
157.0,206.0
157.0,599.0
157.0,504.0
157.0,846.0
157.0,66.0
157.0,115.0
157.0,55.0
158.0,546.0
158.0,978.0
158.0,829.0
158.0,744.0
158.0,905.0
158.0,1010.0
158.0,561.0
158.0,517.0
158.0,793.0
158.0,500.0
158.0,835.0
158.0,115.0
159.0,241.0
159.0,895.0
159.0,699.0
159.0,928.0
159.0,686.0
159.0,407.0
159.0,652.0
159.0,286.0
159.0,684.0
159.0,847.0
159.0,718.0
159.0,994.0
160.0,126.0
160.0,36.0
160.0,524.0
160.0,1027.0
160.0,723.0
160.0,421.0
160.0,270.0
160.0,953.0
160.0,782.0
160.0,956.0
160.0,287.0
160.0,248.0
161.0,192.0
161.0,163.0
161.0,458.0
161.0,328.0
161.0,518.0
161.0,1023.0
161.0,97.0
161.0,30.0
161.0,259.0
161.0,109.0
161.0,538.0
161.0,10.0
162.0,972.0
162.0,452.0
162.0,364.0
162.0,400.0
162.0,822.0
162.0,859.0
162.0,110.0
162.0,361.0
162.0,441.0
162.0,58.0
162.0,479.0
162.0,63.0
163.0,844.0
163.0,67.0
163.0,624.0
163.0,445.0
163.0,540.0
163.0,913.0
163.0,682.0
163.0,61.0
163.0,210.0
163.0,477.0
163.0,1008.0
163.0,203.0
164.0,241.0
164.0,210.0
164.0,705.0
164.0,481.0
164.0,655.0
164.0,1023.0
164.0,955.0
164.0,204.0
164.0,137.0
164.0,95.0
164.0,561.0
164.0,424.0
165.0,682.0
165.0,158.0
165.0,522.0
165.0,905.0
165.0,657.0
165.0,948.0
165.0,977.0
165.0,489.0
165.0,70.0
165.0,1017.0
165.0,242.0
165.0,268.0
166.0,698.0
166.0,950.0
166.0,258.0
166.0,738.0
166.0,952.0
166.0,352.0
166.0,198.0
166.0,486.0
166.0,755.0
166.0,371.0
166.0,809.0
166.0,516.0
167.0,1013.0
167.0,612.0
167.0,176.0
167.0,196.0
167.0,83.0
167.0,921.0
167.0,808.0
167.0,111.0
167.0,884.0
167.0,961.0
167.0,889.0
167.0,973.0
168.0,332.0
168.0,290.0
168.0,1008.0
168.0,642.0
168.0,367.0
168.0,809.0
168.0,946.0
168.0,705.0
168.0,507.0
168.0,607.0
168.0,149.0
168.0,565.0
169.0,607.0
169.0,718.0
169.0,933.0
169.0,973.0
169.0,475.0
169.0,843.0
169.0,752.0
169.0,1000.0
169.0,956.0
169.0,373.0
169.0,981.0
169.0,156.0
170.0,530.0
170.0,830.0
170.0,625.0
170.0,393.0
170.0,217.0
170.0,931.0
170.0,608.0
170.0,117.0
170.0,261.0
170.0,176.0
170.0,889.0
170.0,719.0
171.0,721.0
171.0,269.0
171.0,1028.0
171.0,557.0
171.0,688.0
171.0,568.0
171.0,658.0
171.0,391.0
171.0,590.0
171.0,141.0
171.0,74.0
171.0,864.0
172.0,824.0
172.0,96.0
172.0,922.0
172.0,245.0
172.0,534.0
172.0,319.0
172.0,598.0
172.0,250.0
172.0,346.0
172.0,163.0
172.0,489.0
172.0,674.0
173.0,799.0
173.0,531.0
173.0,362.0
173.0,297.0
173.0,89.0
173.0,1023.0
173.0,591.0
173.0,936.0
173.0,707.0
173.0,409.0
173.0,207.0
173.0,510.0
174.0,16.0
174.0,142.0
174.0,592.0
174.0,962.0
174.0,711.0
174.0,670.0
174.0,488.0
174.0,574.0
174.0,234.0
174.0,890.0
174.0,388.0
174.0,974.0
175.0,563.0
175.0,753.0
175.0,234.0
175.0,1017.0
175.0,359.0
175.0,549.0
175.0,224.0
175.0,46.0
175.0,499.0
175.0,36.0
175.0,96.0
175.0,464.0
176.0,706.0
176.0,327.0
176.0,380.0
176.0,973.0
176.0,157.0
176.0,749.0
176.0,944.0
176.0,217.0
176.0,159.0
176.0,491.0
176.0,412.0
176.0,913.0
177.0,232.0
177.0,611.0
177.0,209.0
177.0,769.0
177.0,1002.0
177.0,91.0
177.0,230.0
177.0,293.0
177.0,117.0
177.0,413.0
177.0,763.0
177.0,92.0
178.0,841.0
178.0,682.0
178.0,175.0
178.0,900.0
178.0,582.0
178.0,729.0
178.0,336.0
178.0,182.0
178.0,1009.0
178.0,747.0
178.0,825.0
178.0,847.0
179.0,401.0
179.0,954.0
179.0,902.0
179.0,799.0
179.0,640.0
179.0,624.0
179.0,721.0
179.0,41.0
179.0,296.0
179.0,499.0
179.0,926.0
179.0,254.0
180.0,421.0
180.0,782.0
180.0,758.0
180.0,947.0
180.0,543.0
180.0,406.0
180.0,725.0
180.0,372.0
180.0,900.0
180.0,919.0
180.0,659.0
180.0,599.0
181.0,176.0
181.0,848.0
181.0,866.0
181.0,711.0
181.0,566.0
181.0,279.0
181.0,959.0
181.0,360.0
181.0,196.0
181.0,598.0
181.0,98.0
181.0,61.0
182.0,934.0
182.0,966.0
182.0,662.0
182.0,290.0
182.0,188.0
182.0,415.0
182.0,846.0
182.0,973.0
182.0,645.0
182.0,964.0
182.0,15.0
182.0,143.0
183.0,148.0
183.0,256.0
183.0,341.0
183.0,135.0
183.0,566.0
183.0,686.0
183.0,696.0
183.0,455.0
183.0,959.0
183.0,825.0
183.0,103.0
183.0,168.0
184.0,448.0
184.0,979.0
184.0,562.0
184.0,86.0
184.0,986.0
184.0,435.0
184.0,716.0
184.0,125.0
184.0,613.0
184.0,814.0
184.0,857.0
184.0,1022.0
185.0,293.0
185.0,5.0
185.0,386.0
185.0,913.0
185.0,1008.0
185.0,639.0
185.0,767.0
185.0,1025.0
185.0,663.0
185.0,517.0
185.0,389.0
185.0,158.0
186.0,568.0
186.0,46.0
186.0,851.0
186.0,14.0
186.0,969.0
186.0,210.0
186.0,635.0
186.0,751.0
186.0,551.0
186.0,713.0
186.0,671.0
186.0,764.0
187.0,778.0
187.0,41.0
187.0,414.0
187.0,718.0
187.0,583.0
187.0,423.0
187.0,623.0
187.0,232.0
187.0,1003.0
187.0,208.0
187.0,651.0
187.0,411.0
188.0,245.0
188.0,738.0
188.0,684.0
188.0,1031.0
188.0,746.0
188.0,291.0
188.0,790.0
188.0,323.0
188.0,170.0
188.0,388.0
188.0,426.0
188.0,711.0
189.0,913.0
189.0,374.0
189.0,102.0
189.0,925.0
189.0,662.0
189.0,903.0
189.0,549.0
189.0,934.0
189.0,250.0
189.0,707.0
189.0,438.0
189.0,531.0
190.0,147.0
190.0,369.0
190.0,161.0
190.0,319.0
190.0,128.0
190.0,382.0
190.0,941.0
190.0,182.0
190.0,724.0
190.0,92.0
190.0,119.0
190.0,679.0
191.0,442.0
191.0,76.0
191.0,118.0
191.0,696.0
191.0,959.0
191.0,764.0
191.0,364.0
191.0,73.0
191.0,55.0
191.0,625.0
191.0,554.0
191.0,352.0
192.0,655.0
192.0,440.0
192.0,180.0
192.0,717.0
192.0,981.0
192.0,771.0
192.0,169.0
192.0,314.0
192.0,786.0
192.0,28.0
192.0,508.0
192.0,726.0
193.0,749.0
193.0,531.0
193.0,710.0
193.0,12.0
193.0,524.0
193.0,290.0
193.0,913.0
193.0,614.0
193.0,821.0
193.0,504.0
193.0,973.0
193.0,815.0
194.0,74.0
194.0,483.0
194.0,816.0
194.0,410.0
194.0,729.0
194.0,156.0
194.0,566.0
194.0,525.0
194.0,141.0
194.0,435.0
194.0,1013.0
194.0,733.0
195.0,257.0
195.0,312.0
195.0,495.0
195.0,671.0
195.0,600.0
195.0,229.0
195.0,529.0
195.0,471.0
195.0,404.0
195.0,223.0
195.0,905.0
195.0,851.0
196.0,154.0
196.0,276.0
196.0,607.0
196.0,598.0
196.0,1017.0
196.0,599.0
196.0,837.0
196.0,273.0
196.0,989.0
196.0,164.0
196.0,1020.0
196.0,733.0
197.0,488.0
197.0,798.0
197.0,992.0
197.0,626.0
197.0,685.0
197.0,468.0
197.0,616.0
197.0,878.0
197.0,607.0
197.0,467.0
197.0,390.0
197.0,946.0
198.0,1014.0
198.0,687.0
198.0,691.0
198.0,380.0
198.0,879.0
198.0,438.0
198.0,864.0
198.0,923.0
198.0,773.0
198.0,420.0
198.0,127.0
198.0,220.0
199.0,950.0
199.0,418.0
199.0,185.0
199.0,347.0
199.0,972.0
199.0,337.0
199.0,685.0
199.0,823.0
199.0,105.0
199.0,479.0
199.0,602.0
199.0,159.0
200.0,328.0
200.0,121.0
200.0,309.0
200.0,531.0
200.0,368.0
200.0,398.0
200.0,966.0
200.0,230.0
200.0,10.0
200.0,763.0
200.0,917.0
200.0,632.0
201.0,815.0
201.0,842.0
201.0,727.0
201.0,980.0
201.0,976.0
201.0,987.0
201.0,417.0
201.0,799.0
201.0,444.0
201.0,348.0
201.0,716.0
201.0,468.0
202.0,94.0
202.0,227.0
202.0,149.0
202.0,324.0
202.0,721.0
202.0,337.0
202.0,731.0
202.0,18.0
202.0,391.0
202.0,124.0
202.0,136.0
202.0,377.0
203.0,146.0
203.0,1029.0
203.0,711.0
203.0,241.0
203.0,734.0
203.0,907.0
203.0,620.0
203.0,765.0
203.0,755.0
203.0,533.0
203.0,942.0
203.0,837.0
204.0,32.0
204.0,760.0
204.0,278.0
204.0,328.0
204.0,161.0
204.0,712.0
204.0,515.0
204.0,130.0
204.0,878.0
204.0,228.0
204.0,136.0
204.0,383.0
205.0,997.0
205.0,974.0
205.0,279.0
205.0,208.0
205.0,994.0
205.0,275.0
205.0,575.0
205.0,191.0
205.0,900.0
205.0,756.0
205.0,546.0
205.0,256.0
206.0,736.0
206.0,830.0
206.0,115.0
206.0,1007.0
206.0,576.0
206.0,245.0
206.0,69.0
206.0,361.0
206.0,290.0
206.0,482.0
206.0,14.0
206.0,546.0
207.0,401.0
207.0,222.0
207.0,893.0
207.0,719.0
207.0,246.0
207.0,270.0
207.0,477.0
207.0,425.0
207.0,775.0
207.0,515.0
207.0,902.0
207.0,973.0
208.0,296.0
208.0,522.0
208.0,211.0
208.0,497.0
208.0,765.0
208.0,111.0
208.0,335.0
208.0,217.0
208.0,912.0
208.0,27.0
208.0,944.0
208.0,556.0
209.0,431.0
209.0,604.0
209.0,197.0
209.0,518.0
209.0,161.0
209.0,709.0
209.0,439.0
209.0,681.0
209.0,177.0
209.0,624.0
209.0,567.0
209.0,735.0
210.0,790.0
210.0,867.0
210.0,948.0
210.0,975.0
210.0,967.0
210.0,15.0
210.0,491.0
210.0,380.0
210.0,813.0
210.0,828.0
210.0,695.0
210.0,102.0
211.0,95.0
211.0,599.0
211.0,42.0
211.0,759.0
211.0,25.0
211.0,777.0
211.0,765.0
211.0,111.0
211.0,778.0
211.0,556.0
211.0,231.0
211.0,539.0
212.0,598.0
212.0,6.0
212.0,323.0
212.0,20.0
212.0,279.0
212.0,803.0
212.0,694.0
212.0,1004.0
212.0,971.0
212.0,857.0
212.0,182.0
212.0,724.0
213.0,82.0
213.0,291.0
213.0,388.0
213.0,342.0
213.0,412.0
213.0,313.0
213.0,848.0
213.0,810.0
213.0,752.0
213.0,844.0
213.0,668.0
213.0,186.0
214.0,331.0
214.0,844.0
214.0,304.0
214.0,622.0
214.0,964.0
214.0,539.0
214.0,87.0
214.0,368.0
214.0,430.0
214.0,629.0
214.0,684.0
214.0,198.0
215.0,326.0
215.0,646.0
215.0,29.0
215.0,998.0
215.0,169.0
215.0,866.0
215.0,445.0
215.0,188.0
215.0,752.0
215.0,442.0
215.0,534.0
215.0,574.0
216.0,309.0
216.0,739.0
216.0,624.0
216.0,327.0
216.0,527.0
216.0,625.0
216.0,452.0
216.0,104.0
216.0,158.0
216.0,907.0
216.0,31.0
216.0,140.0
217.0,326.0
217.0,438.0
217.0,856.0
217.0,931.0
217.0,966.0
217.0,879.0
217.0,944.0
217.0,970.0
217.0,554.0
217.0,804.0
217.0,361.0
217.0,852.0
218.0,931.0
218.0,645.0
218.0,265.0
218.0,985.0
218.0,934.0
218.0,473.0
218.0,431.0
218.0,212.0
218.0,656.0
218.0,359.0
218.0,126.0
218.0,631.0
219.0,837.0
219.0,945.0
219.0,734.0
219.0,916.0
219.0,376.0
219.0,838.0
219.0,670.0
219.0,642.0
219.0,299.0
219.0,807.0
219.0,517.0
219.0,498.0
220.0,933.0
220.0,1006.0
220.0,552.0
220.0,991.0
220.0,686.0
220.0,742.0
220.0,565.0
220.0,581.0
220.0,397.0
220.0,573.0
220.0,863.0
220.0,890.0
221.0,421.0
221.0,299.0
221.0,330.0
221.0,1020.0
221.0,805.0
221.0,912.0
221.0,254.0
221.0,504.0
221.0,707.0
221.0,942.0
221.0,846.0
221.0,296.0
222.0,393.0
222.0,420.0
222.0,905.0
222.0,746.0
222.0,764.0
222.0,81.0
222.0,360.0
222.0,901.0
222.0,39.0
222.0,928.0
222.0,674.0
222.0,1031.0
223.0,1013.0
223.0,82.0
223.0,202.0
223.0,840.0
223.0,578.0
223.0,72.0
223.0,191.0
223.0,414.0
223.0,584.0
223.0,634.0
223.0,243.0
223.0,851.0
224.0,684.0
224.0,651.0
224.0,914.0
224.0,353.0
224.0,920.0
224.0,4.0
224.0,889.0
224.0,949.0
224.0,47.0
224.0,753.0
224.0,992.0
224.0,1024.0
225.0,873.0
225.0,199.0
225.0,705.0
225.0,823.0
225.0,516.0
225.0,950.0
225.0,57.0
225.0,968.0
225.0,927.0
225.0,766.0
225.0,5.0
225.0,909.0
226.0,1016.0
226.0,23.0
226.0,540.0
226.0,531.0
226.0,107.0
226.0,684.0
226.0,82.0
226.0,683.0
226.0,151.0
226.0,788.0
226.0,32.0
226.0,288.0
227.0,792.0
227.0,476.0
227.0,547.0
227.0,767.0
227.0,633.0
227.0,1008.0
227.0,339.0
227.0,503.0
227.0,310.0
227.0,851.0
227.0,950.0
227.0,407.0
228.0,762.0
228.0,991.0
228.0,989.0
228.0,430.0
228.0,408.0
228.0,926.0
228.0,131.0
228.0,313.0
228.0,149.0
228.0,803.0
228.0,990.0
228.0,597.0
229.0,349.0
229.0,578.0
229.0,429.0
229.0,364.0
229.0,505.0
229.0,292.0
229.0,851.0
229.0,996.0
229.0,865.0
229.0,512.0
229.0,600.0
229.0,1028.0
230.0,518.0
230.0,878.0
230.0,413.0
230.0,855.0
230.0,709.0
230.0,388.0
230.0,524.0
230.0,595.0
230.0,887.0
230.0,970.0
230.0,961.0
230.0,129.0
231.0,695.0
231.0,686.0
231.0,359.0
231.0,395.0
231.0,692.0
231.0,157.0
231.0,263.0
231.0,473.0
231.0,522.0
231.0,154.0
231.0,261.0
231.0,805.0
232.0,389.0
232.0,176.0
232.0,466.0
232.0,500.0
232.0,835.0
232.0,387.0
232.0,763.0
232.0,719.0
232.0,6.0
232.0,862.0
232.0,978.0
232.0,351.0
233.0,191.0
233.0,677.0
233.0,895.0
233.0,494.0
233.0,700.0
233.0,829.0
233.0,49.0
233.0,404.0
233.0,1025.0
233.0,341.0
233.0,435.0
233.0,110.0
234.0,759.0
234.0,11.0
234.0,535.0
234.0,662.0
234.0,263.0
234.0,819.0
234.0,381.0
234.0,112.0
234.0,401.0
234.0,995.0
234.0,268.0
234.0,531.0
235.0,374.0
235.0,721.0
235.0,455.0
235.0,239.0
235.0,499.0
235.0,313.0
235.0,80.0
235.0,945.0
235.0,115.0
235.0,624.0
235.0,1006.0
235.0,463.0
236.0,940.0
236.0,938.0
236.0,460.0
236.0,419.0
236.0,318.0
236.0,535.0
236.0,220.0
236.0,606.0
236.0,355.0
236.0,399.0
236.0,788.0
236.0,444.0
237.0,17.0
237.0,394.0
237.0,798.0
237.0,345.0
237.0,179.0
237.0,890.0
237.0,461.0
237.0,338.0
237.0,629.0
237.0,88.0
237.0,663.0
237.0,918.0
238.0,536.0
238.0,619.0
238.0,523.0
238.0,559.0
238.0,90.0
238.0,937.0
238.0,11.0
238.0,266.0
238.0,854.0
238.0,443.0
238.0,1032.0
238.0,826.0
239.0,820.0
239.0,308.0
239.0,139.0
239.0,140.0
239.0,637.0
239.0,119.0
239.0,276.0
239.0,939.0
239.0,605.0
239.0,75.0
239.0,718.0
239.0,193.0
240.0,675.0
240.0,129.0
240.0,709.0
240.0,145.0
240.0,230.0
240.0,316.0
240.0,763.0
240.0,760.0
240.0,531.0
240.0,966.0
240.0,352.0
240.0,595.0
241.0,1018.0
241.0,187.0
241.0,779.0
241.0,683.0
241.0,547.0
241.0,1012.0
241.0,150.0
241.0,934.0
241.0,651.0
241.0,637.0
241.0,852.0
241.0,123.0
242.0,900.0
242.0,0.0
242.0,308.0
242.0,155.0
242.0,427.0
242.0,705.0
242.0,494.0
242.0,556.0
242.0,102.0
242.0,838.0
242.0,75.0
242.0,438.0
243.0,795.0
243.0,546.0
243.0,127.0
243.0,67.0
243.0,308.0
243.0,690.0
243.0,561.0
243.0,903.0
243.0,235.0
243.0,65.0
243.0,42.0
243.0,372.0
244.0,805.0
244.0,554.0
244.0,795.0
244.0,430.0
244.0,532.0
244.0,767.0
244.0,252.0
244.0,210.0
244.0,820.0
244.0,164.0
244.0,216.0
244.0,356.0
245.0,578.0
245.0,15.0
245.0,907.0
245.0,167.0
245.0,563.0
245.0,664.0
245.0,570.0
245.0,861.0
245.0,231.0
245.0,983.0
245.0,136.0
245.0,317.0
246.0,2.0
246.0,1018.0
246.0,340.0
246.0,70.0
246.0,260.0
246.0,36.0
246.0,952.0
246.0,402.0
246.0,772.0
246.0,817.0
246.0,758.0
246.0,98.0
247.0,7.0
247.0,175.0
247.0,480.0
247.0,794.0
247.0,443.0
247.0,519.0
247.0,741.0
247.0,508.0
247.0,399.0
247.0,13.0
247.0,536.0
247.0,775.0
248.0,494.0
248.0,460.0
248.0,728.0
248.0,499.0
248.0,934.0
248.0,947.0
248.0,942.0
248.0,867.0
248.0,895.0
248.0,500.0
248.0,239.0
248.0,680.0
249.0,871.0
249.0,763.0
249.0,593.0
249.0,10.0
249.0,941.0
249.0,101.0
249.0,62.0
249.0,200.0
249.0,476.0
249.0,509.0
249.0,452.0
249.0,338.0
250.0,276.0
250.0,960.0
250.0,543.0
250.0,372.0
250.0,205.0
250.0,625.0
250.0,746.0
250.0,308.0
250.0,367.0
250.0,897.0
250.0,483.0
250.0,428.0
251.0,69.0
251.0,590.0
251.0,84.0
251.0,346.0
251.0,883.0
251.0,41.0
251.0,661.0
251.0,522.0
251.0,383.0
251.0,555.0
251.0,897.0
251.0,55.0
252.0,170.0
252.0,196.0
252.0,707.0
252.0,243.0
252.0,916.0
252.0,925.0
252.0,629.0
252.0,695.0
252.0,715.0
252.0,211.0
252.0,950.0
252.0,176.0
253.0,880.0
253.0,828.0
253.0,500.0
253.0,466.0
253.0,239.0
253.0,473.0
253.0,614.0
253.0,567.0
253.0,217.0
253.0,669.0
253.0,332.0
253.0,1023.0
254.0,336.0
254.0,307.0
254.0,319.0
254.0,805.0
254.0,948.0
254.0,464.0
254.0,504.0
254.0,4.0
254.0,221.0
254.0,697.0
254.0,883.0
254.0,749.0
255.0,121.0
255.0,784.0
255.0,318.0
255.0,698.0
255.0,639.0
255.0,647.0
255.0,823.0
255.0,400.0
255.0,882.0
255.0,162.0
255.0,356.0
255.0,756.0
256.0,76.0
256.0,18.0
256.0,84.0
256.0,438.0
256.0,224.0
256.0,169.0
256.0,756.0
256.0,711.0
256.0,74.0
256.0,391.0
256.0,881.0
256.0,634.0
257.0,901.0
257.0,250.0
257.0,861.0
257.0,0.0
257.0,977.0
257.0,845.0
257.0,785.0
257.0,597.0
257.0,392.0
257.0,623.0
257.0,906.0
257.0,512.0
258.0,69.0
258.0,3.0
258.0,630.0
258.0,948.0
258.0,668.0
258.0,80.0
258.0,378.0
258.0,648.0
258.0,574.0
258.0,372.0
258.0,899.0
258.0,684.0
259.0,863.0
259.0,650.0
259.0,705.0
259.0,198.0
259.0,620.0
259.0,738.0
259.0,374.0
259.0,648.0
259.0,733.0
259.0,542.0
259.0,432.0
259.0,394.0
260.0,191.0
260.0,46.0
260.0,76.0
260.0,39.0
260.0,340.0
260.0,294.0
260.0,178.0
260.0,886.0
260.0,194.0
260.0,453.0
260.0,1001.0
260.0,721.0
261.0,642.0
261.0,965.0
261.0,491.0
261.0,401.0
261.0,624.0
261.0,1014.0
261.0,966.0
261.0,890.0
261.0,449.0
261.0,830.0
261.0,990.0
261.0,332.0
262.0,21.0
262.0,358.0
262.0,843.0
262.0,717.0
262.0,510.0
262.0,720.0
262.0,762.0
262.0,184.0
262.0,581.0
262.0,403.0
262.0,43.0
262.0,469.0
263.0,234.0
263.0,827.0
263.0,943.0
263.0,953.0
263.0,1032.0
263.0,285.0
263.0,296.0
263.0,238.0
263.0,355.0
263.0,875.0
263.0,611.0
263.0,384.0
264.0,822.0
264.0,94.0
264.0,927.0
264.0,719.0
264.0,696.0
264.0,462.0
264.0,20.0
264.0,185.0
264.0,252.0
264.0,640.0
264.0,95.0
264.0,318.0
265.0,932.0
265.0,525.0
265.0,583.0
265.0,560.0
265.0,908.0
265.0,849.0
265.0,183.0
265.0,36.0
265.0,226.0
265.0,74.0
265.0,848.0
265.0,327.0
266.0,9.0
266.0,512.0
266.0,323.0
266.0,226.0
266.0,127.0
266.0,749.0
266.0,546.0
266.0,221.0
266.0,238.0
266.0,71.0
266.0,368.0
266.0,55.0
267.0,863.0
267.0,861.0
267.0,625.0
267.0,445.0
267.0,359.0
267.0,168.0
267.0,284.0
267.0,373.0
267.0,1004.0
267.0,450.0
267.0,591.0
267.0,897.0
268.0,434.0
268.0,289.0
268.0,36.0
268.0,772.0
268.0,711.0
268.0,965.0
268.0,483.0
268.0,193.0
268.0,897.0
268.0,867.0
268.0,212.0
268.0,256.0
269.0,230.0
269.0,302.0
269.0,359.0
269.0,824.0
269.0,979.0
269.0,691.0
269.0,605.0
269.0,470.0
269.0,715.0
269.0,1019.0
269.0,932.0
269.0,512.0
270.0,123.0
270.0,947.0
270.0,32.0
270.0,804.0
270.0,726.0
270.0,136.0
270.0,149.0
270.0,510.0
270.0,358.0
270.0,116.0
270.0,899.0
270.0,752.0
271.0,758.0
271.0,700.0
271.0,873.0
271.0,391.0
271.0,171.0
271.0,257.0
271.0,906.0
271.0,344.0
271.0,222.0
271.0,136.0
271.0,755.0
271.0,35.0
272.0,447.0
272.0,532.0
272.0,402.0
272.0,986.0
272.0,39.0
272.0,590.0
272.0,18.0
272.0,251.0
272.0,734.0
272.0,714.0
272.0,13.0
272.0,317.0
273.0,502.0
273.0,681.0
273.0,659.0
273.0,948.0
273.0,353.0
273.0,55.0
273.0,500.0
273.0,717.0
273.0,731.0
273.0,47.0
273.0,401.0
273.0,935.0
274.0,485.0
274.0,627.0
274.0,835.0
274.0,793.0
274.0,374.0
274.0,838.0
274.0,176.0
274.0,446.0
274.0,400.0
274.0,770.0
274.0,67.0
274.0,211.0
275.0,1030.0
275.0,44.0
275.0,356.0
275.0,525.0
275.0,719.0
275.0,989.0
275.0,273.0
275.0,489.0
275.0,254.0
275.0,366.0
275.0,402.0
275.0,610.0
276.0,6.0
276.0,652.0
276.0,772.0
276.0,524.0
276.0,228.0
276.0,374.0
276.0,592.0
276.0,583.0
276.0,175.0
276.0,672.0
276.0,890.0
276.0,668.0
277.0,20.0
277.0,838.0
277.0,982.0
277.0,505.0
277.0,912.0
277.0,47.0
277.0,758.0
277.0,657.0
277.0,133.0
277.0,703.0
277.0,371.0
277.0,457.0
278.0,727.0
278.0,161.0
278.0,722.0
278.0,209.0
278.0,949.0
278.0,1021.0
278.0,760.0
278.0,394.0
278.0,966.0
278.0,632.0
278.0,351.0
278.0,939.0
279.0,747.0
279.0,107.0
279.0,977.0
279.0,834.0
279.0,629.0
279.0,743.0
279.0,313.0
279.0,266.0
279.0,9.0
279.0,563.0
279.0,69.0
279.0,971.0
280.0,170.0
280.0,538.0
280.0,206.0
280.0,194.0
280.0,861.0
280.0,570.0
280.0,416.0
280.0,732.0
280.0,912.0
280.0,284.0
280.0,244.0
280.0,171.0
281.0,16.0
281.0,746.0
281.0,307.0
281.0,924.0
281.0,975.0
281.0,955.0
281.0,745.0
281.0,911.0
281.0,487.0
281.0,893.0
281.0,215.0
281.0,618.0
282.0,438.0
282.0,388.0
282.0,156.0
282.0,375.0
282.0,114.0
282.0,352.0
282.0,855.0
282.0,934.0
282.0,40.0
282.0,405.0
282.0,493.0
282.0,954.0
283.0,208.0
283.0,22.0
283.0,242.0
283.0,1014.0
283.0,828.0
283.0,642.0
283.0,914.0
283.0,599.0
283.0,352.0
283.0,961.0
283.0,107.0
283.0,690.0
284.0,865.0
284.0,257.0
284.0,446.0
284.0,136.0
284.0,982.0
284.0,734.0
284.0,599.0
284.0,856.0
284.0,492.0
284.0,227.0
284.0,840.0
284.0,429.0
285.0,117.0
285.0,465.0
285.0,752.0
285.0,720.0
285.0,1011.0
285.0,649.0
285.0,234.0
285.0,826.0
285.0,379.0
285.0,419.0
285.0,545.0
285.0,794.0
286.0,423.0
286.0,512.0
286.0,29.0
286.0,830.0
286.0,250.0
286.0,56.0
286.0,157.0
286.0,913.0
286.0,91.0
286.0,130.0
286.0,218.0
286.0,228.0
287.0,242.0
287.0,658.0
287.0,431.0
287.0,395.0
287.0,130.0
287.0,884.0
287.0,176.0
287.0,685.0
287.0,214.0
287.0,832.0
287.0,637.0
287.0,299.0
288.0,79.0
288.0,563.0
288.0,276.0
288.0,863.0
288.0,75.0
288.0,553.0
288.0,836.0
288.0,1004.0
288.0,986.0
288.0,683.0
288.0,973.0
288.0,881.0
289.0,344.0
289.0,922.0
289.0,376.0
289.0,731.0
289.0,536.0
289.0,621.0
289.0,952.0
289.0,997.0
289.0,794.0
289.0,901.0
289.0,578.0
289.0,77.0
290.0,179.0
290.0,948.0
290.0,242.0
290.0,65.0
290.0,407.0
290.0,856.0
290.0,165.0
290.0,383.0
290.0,1014.0
290.0,349.0
290.0,777.0
290.0,182.0
291.0,250.0
291.0,975.0
291.0,960.0
291.0,417.0
291.0,1006.0
291.0,608.0
291.0,268.0
291.0,395.0
291.0,991.0
291.0,723.0
291.0,665.0
291.0,687.0
292.0,581.0
292.0,146.0
292.0,832.0
292.0,1018.0
292.0,761.0
292.0,706.0
292.0,283.0
292.0,424.0
292.0,1035.0
292.0,946.0
292.0,470.0
292.0,552.0
293.0,722.0
293.0,185.0
293.0,1.0
293.0,784.0
293.0,162.0
293.0,5.0
293.0,1033.0
293.0,430.0
293.0,87.0
293.0,53.0
293.0,675.0
293.0,766.0
294.0,434.0
294.0,674.0
294.0,602.0
294.0,265.0
294.0,824.0
294.0,300.0
294.0,14.0
294.0,344.0
294.0,541.0
294.0,489.0
294.0,298.0
294.0,353.0
295.0,371.0
295.0,489.0
295.0,812.0
295.0,472.0
295.0,901.0
295.0,183.0
295.0,730.0
295.0,511.0
295.0,887.0
295.0,393.0
295.0,631.0
295.0,340.0
296.0,736.0
296.0,408.0
296.0,603.0
296.0,707.0
296.0,597.0
296.0,44.0
296.0,970.0
296.0,631.0
296.0,466.0
296.0,667.0
296.0,543.0
296.0,867.0
297.0,776.0
297.0,586.0
297.0,120.0
297.0,843.0
297.0,304.0
297.0,487.0
297.0,716.0
297.0,737.0
297.0,350.0
297.0,804.0
297.0,334.0
297.0,3.0
298.0,756.0
298.0,847.0
298.0,611.0
298.0,715.0
298.0,900.0
298.0,755.0
298.0,307.0
298.0,334.0
298.0,1012.0
298.0,574.0
298.0,964.0
298.0,706.0
299.0,778.0
299.0,434.0
299.0,868.0
299.0,545.0
299.0,791.0
299.0,624.0
299.0,242.0
299.0,143.0
299.0,629.0
299.0,287.0
299.0,942.0
299.0,308.0
300.0,876.0
300.0,323.0
300.0,886.0
300.0,482.0
300.0,582.0
300.0,344.0
300.0,1018.0
300.0,275.0
300.0,310.0
300.0,191.0
300.0,127.0
300.0,873.0
301.0,412.0
301.0,753.0
301.0,643.0
301.0,963.0
301.0,687.0
301.0,511.0
301.0,554.0
301.0,125.0
301.0,994.0
301.0,846.0
301.0,560.0
301.0,79.0
302.0,749.0
302.0,987.0
302.0,186.0
302.0,34.0
302.0,386.0
302.0,141.0
302.0,344.0
302.0,779.0
302.0,112.0
302.0,219.0
302.0,984.0
302.0,915.0
303.0,13.0
303.0,569.0
303.0,2.0
303.0,589.0
303.0,858.0
303.0,962.0
303.0,381.0
303.0,532.0
303.0,246.0
303.0,90.0
303.0,536.0
303.0,940.0
304.0,189.0
304.0,533.0
304.0,563.0
304.0,164.0
304.0,890.0
304.0,494.0
304.0,853.0
304.0,530.0
304.0,407.0
304.0,664.0
304.0,132.0
304.0,675.0
305.0,297.0
305.0,358.0
305.0,843.0
305.0,61.0
305.0,285.0
305.0,106.0
305.0,585.0
305.0,362.0
305.0,350.0
305.0,425.0
305.0,804.0
305.0,669.0
306.0,571.0
306.0,409.0
306.0,325.0
306.0,28.0
306.0,176.0
306.0,699.0
306.0,101.0
306.0,588.0
306.0,218.0
306.0,726.0
306.0,40.0
306.0,190.0
307.0,563.0
307.0,744.0
307.0,78.0
307.0,70.0
307.0,526.0
307.0,431.0
307.0,292.0
307.0,748.0
307.0,245.0
307.0,969.0
307.0,1031.0
307.0,933.0
308.0,78.0
308.0,884.0
308.0,442.0
308.0,996.0
308.0,687.0
308.0,283.0
308.0,1011.0
308.0,924.0
308.0,1008.0
308.0,59.0
308.0,939.0
308.0,424.0
309.0,110.0
309.0,966.0
309.0,739.0
309.0,903.0
309.0,907.0
309.0,140.0
309.0,912.0
309.0,581.0
309.0,456.0
309.0,795.0
309.0,387.0
309.0,918.0
310.0,335.0
310.0,94.0
310.0,1029.0
310.0,764.0
310.0,820.0
310.0,81.0
310.0,933.0
310.0,75.0
310.0,599.0
310.0,76.0
310.0,839.0
310.0,687.0
311.0,892.0
311.0,899.0
311.0,928.0
311.0,427.0
311.0,510.0
311.0,142.0
311.0,43.0
311.0,756.0
311.0,362.0
311.0,406.0
311.0,826.0
311.0,156.0
312.0,457.0
312.0,1010.0
312.0,552.0
312.0,72.0
312.0,277.0
312.0,460.0
312.0,495.0
312.0,978.0
312.0,713.0
312.0,774.0
312.0,376.0
312.0,472.0
313.0,1016.0
313.0,973.0
313.0,170.0
313.0,254.0
313.0,719.0
313.0,475.0
313.0,665.0
313.0,1027.0
313.0,668.0
313.0,296.0
313.0,310.0
313.0,490.0
314.0,872.0
314.0,654.0
314.0,101.0
314.0,413.0
314.0,177.0
314.0,934.0
314.0,912.0
314.0,278.0
314.0,161.0
314.0,437.0
314.0,1021.0
314.0,785.0
315.0,53.0
315.0,88.0
315.0,38.0
315.0,85.0
315.0,349.0
315.0,177.0
315.0,214.0
315.0,331.0
315.0,763.0
315.0,25.0
315.0,386.0
315.0,139.0
316.0,230.0
316.0,129.0
316.0,709.0
316.0,221.0
316.0,17.0
316.0,161.0
316.0,514.0
316.0,462.0
316.0,941.0
316.0,832.0
316.0,451.0
316.0,424.0
317.0,348.0
317.0,563.0
317.0,224.0
317.0,415.0
317.0,269.0
317.0,991.0
317.0,642.0
317.0,543.0
317.0,759.0
317.0,959.0
317.0,323.0
317.0,552.0
318.0,1023.0
318.0,887.0
318.0,512.0
318.0,504.0
318.0,1008.0
318.0,846.0
318.0,545.0
318.0,652.0
318.0,926.0
318.0,1029.0
318.0,181.0
318.0,640.0
319.0,414.0
319.0,883.0
319.0,80.0
319.0,527.0
319.0,575.0
319.0,361.0
319.0,33.0
319.0,608.0
319.0,404.0
319.0,78.0
319.0,0.0
319.0,83.0
320.0,48.0
320.0,409.0
320.0,987.0
320.0,676.0
320.0,860.0
320.0,566.0
320.0,348.0
320.0,774.0
320.0,652.0
320.0,117.0
320.0,488.0
320.0,30.0
321.0,616.0
321.0,147.0
321.0,320.0
321.0,469.0
321.0,142.0
321.0,332.0
321.0,644.0
321.0,341.0
321.0,317.0
321.0,375.0
321.0,676.0
321.0,922.0
322.0,411.0
322.0,337.0
322.0,136.0
322.0,102.0
322.0,492.0
322.0,283.0
322.0,637.0
322.0,424.0
322.0,1013.0
322.0,823.0
322.0,864.0
322.0,566.0
323.0,634.0
323.0,938.0
323.0,949.0
323.0,275.0
323.0,908.0
323.0,434.0
323.0,598.0
323.0,178.0
323.0,692.0
323.0,928.0
323.0,542.0
323.0,741.0
324.0,901.0
324.0,454.0
324.0,637.0
324.0,622.0
324.0,886.0
324.0,906.0
324.0,335.0
324.0,453.0
324.0,1029.0
324.0,582.0
324.0,118.0
324.0,347.0
325.0,798.0
325.0,701.0
325.0,769.0
325.0,685.0
325.0,114.0
325.0,221.0
325.0,109.0
325.0,43.0
325.0,892.0
325.0,200.0
325.0,771.0
325.0,628.0
326.0,583.0
326.0,573.0
326.0,769.0
326.0,356.0
326.0,603.0
326.0,934.0
326.0,254.0
326.0,374.0
326.0,79.0
326.0,460.0
326.0,32.0
326.0,976.0
327.0,994.0
327.0,175.0
327.0,228.0
327.0,243.0
327.0,620.0
327.0,479.0
327.0,317.0
327.0,598.0
327.0,852.0
327.0,417.0
327.0,117.0
327.0,790.0
328.0,989.0
328.0,615.0
328.0,754.0
328.0,179.0
328.0,389.0
328.0,648.0
328.0,15.0
328.0,856.0
328.0,912.0
328.0,180.0
328.0,342.0
328.0,330.0
329.0,770.0
329.0,25.0
329.0,921.0
329.0,395.0
329.0,896.0
329.0,655.0
329.0,423.0
329.0,112.0
329.0,346.0
329.0,383.0
329.0,547.0
329.0,35.0
330.0,828.0
330.0,603.0
330.0,102.0
330.0,561.0
330.0,900.0
330.0,853.0
330.0,979.0
330.0,445.0
330.0,652.0
330.0,304.0
330.0,941.0
330.0,651.0
331.0,230.0
331.0,1019.0
331.0,831.0
331.0,648.0
331.0,283.0
331.0,830.0
331.0,276.0
331.0,374.0
331.0,428.0
331.0,193.0
331.0,87.0
331.0,1029.0
332.0,565.0
332.0,25.0
332.0,624.0
332.0,404.0
332.0,959.0
332.0,552.0
332.0,931.0
332.0,0.0
332.0,887.0
332.0,553.0
332.0,805.0
332.0,659.0
333.0,72.0
333.0,416.0
333.0,1028.0
333.0,544.0
333.0,172.0
333.0,631.0
333.0,908.0
333.0,442.0
333.0,751.0
333.0,706.0
333.0,335.0
333.0,223.0
334.0,219.0
334.0,269.0
334.0,482.0
334.0,473.0
334.0,584.0
334.0,586.0
334.0,136.0
334.0,211.0
334.0,969.0
334.0,736.0
334.0,157.0
334.0,769.0
335.0,1003.0
335.0,250.0
335.0,189.0
335.0,921.0
335.0,970.0
335.0,795.0
335.0,852.0
335.0,25.0
335.0,556.0
335.0,516.0
335.0,760.0
335.0,840.0
336.0,583.0
336.0,545.0
336.0,1027.0
336.0,964.0
336.0,69.0
336.0,174.0
336.0,847.0
336.0,217.0
336.0,481.0
336.0,318.0
336.0,707.0
336.0,712.0
337.0,677.0
337.0,698.0
337.0,525.0
337.0,222.0
337.0,743.0
337.0,115.0
337.0,612.0
337.0,206.0
337.0,233.0
337.0,208.0
337.0,577.0
337.0,1031.0
338.0,356.0
338.0,822.0
338.0,999.0
338.0,675.0
338.0,798.0
338.0,386.0
338.0,596.0
338.0,904.0
338.0,182.0
338.0,249.0
338.0,1021.0
338.0,516.0
339.0,386.0
339.0,991.0
339.0,241.0
339.0,799.0
339.0,313.0
339.0,584.0
339.0,277.0
339.0,1009.0
339.0,428.0
339.0,79.0
339.0,1008.0
339.0,684.0
340.0,12.0
340.0,36.0
340.0,825.0
340.0,300.0
340.0,194.0
340.0,393.0
340.0,1028.0
340.0,35.0
340.0,683.0
340.0,524.0
340.0,673.0
340.0,780.0
341.0,973.0
341.0,722.0
341.0,438.0
341.0,411.0
341.0,130.0
341.0,31.0
341.0,394.0
341.0,637.0
341.0,922.0
341.0,241.0
341.0,540.0
341.0,1031.0
342.0,567.0
342.0,304.0
342.0,27.0
342.0,38.0
342.0,923.0
342.0,867.0
342.0,850.0
342.0,226.0
342.0,664.0
342.0,78.0
342.0,512.0
342.0,652.0
343.0,724.0
343.0,29.0
343.0,381.0
343.0,722.0
343.0,148.0
343.0,1016.0
343.0,799.0
343.0,90.0
343.0,881.0
343.0,543.0
343.0,550.0
343.0,624.0
344.0,636.0
344.0,633.0
344.0,919.0
344.0,661.0
344.0,496.0
344.0,393.0
344.0,353.0
344.0,1001.0
344.0,294.0
344.0,846.0
344.0,764.0
344.0,960.0
345.0,347.0
345.0,5.0
345.0,1021.0
345.0,823.0
345.0,99.0
345.0,446.0
345.0,400.0
345.0,73.0
345.0,968.0
345.0,53.0
345.0,927.0
345.0,140.0
346.0,991.0
346.0,962.0
346.0,77.0
346.0,702.0
346.0,661.0
346.0,525.0
346.0,247.0
346.0,881.0
346.0,650.0
346.0,582.0
346.0,427.0
346.0,1007.0
347.0,185.0
347.0,784.0
347.0,822.0
347.0,871.0
347.0,474.0
347.0,237.0
347.0,647.0
347.0,278.0
347.0,225.0
347.0,452.0
347.0,8.0
347.0,164.0
348.0,306.0
348.0,798.0
348.0,595.0
348.0,325.0
348.0,899.0
348.0,617.0
348.0,321.0
348.0,669.0
348.0,174.0
348.0,654.0
348.0,768.0
348.0,488.0
349.0,791.0
349.0,484.0
349.0,801.0
349.0,835.0
349.0,204.0
349.0,331.0
349.0,468.0
349.0,715.0
349.0,877.0
349.0,680.0
349.0,269.0
349.0,458.0
350.0,1022.0
350.0,953.0
350.0,641.0
350.0,29.0
350.0,64.0
350.0,618.0
350.0,192.0
350.0,201.0
350.0,962.0
350.0,487.0
350.0,771.0
350.0,957.0
351.0,241.0
351.0,572.0
351.0,539.0
351.0,394.0
351.0,284.0
351.0,579.0
351.0,137.0
351.0,411.0
351.0,164.0
351.0,161.0
351.0,140.0
351.0,795.0
352.0,597.0
352.0,586.0
352.0,176.0
352.0,438.0
352.0,414.0
352.0,283.0
352.0,499.0
352.0,193.0
352.0,668.0
352.0,264.0
352.0,659.0
352.0,341.0
353.0,670.0
353.0,122.0
353.0,37.0
353.0,372.0
353.0,327.0
353.0,1013.0
353.0,94.0
353.0,638.0
353.0,557.0
353.0,116.0
353.0,1027.0
353.0,442.0
354.0,360.0
354.0,549.0
354.0,467.0
354.0,693.0
354.0,449.0
354.0,140.0
354.0,663.0
354.0,965.0
354.0,85.0
354.0,418.0
354.0,639.0
354.0,110.0
355.0,344.0
355.0,820.0
355.0,465.0
355.0,1005.0
355.0,381.0
355.0,897.0
355.0,480.0
355.0,234.0
355.0,55.0
355.0,645.0
355.0,963.0
355.0,667.0
356.0,578.0
356.0,651.0
356.0,1013.0
356.0,950.0
356.0,631.0
356.0,492.0
356.0,577.0
356.0,314.0
356.0,840.0
356.0,78.0
356.0,335.0
356.0,916.0
357.0,756.0
357.0,791.0
357.0,942.0
357.0,1030.0
357.0,837.0
357.0,824.0
357.0,330.0
357.0,563.0
357.0,291.0
357.0,304.0
357.0,75.0
357.0,411.0
358.0,319.0
358.0,43.0
358.0,142.0
358.0,320.0
358.0,448.0
358.0,290.0
358.0,425.0
358.0,270.0
358.0,526.0
358.0,180.0
358.0,797.0
358.0,6.0
359.0,625.0
359.0,226.0
359.0,745.0
359.0,257.0
359.0,598.0
359.0,952.0
359.0,291.0
359.0,188.0
359.0,787.0
359.0,998.0
359.0,491.0
359.0,269.0
360.0,27.0
360.0,157.0
360.0,690.0
360.0,837.0
360.0,900.0
360.0,866.0
360.0,945.0
360.0,736.0
360.0,339.0
360.0,47.0
360.0,829.0
360.0,1008.0
361.0,188.0
361.0,774.0
361.0,623.0
361.0,336.0
361.0,334.0
361.0,166.0
361.0,756.0
361.0,160.0
361.0,668.0
361.0,835.0
361.0,658.0
361.0,163.0
362.0,27.0
362.0,173.0
362.0,477.0
362.0,953.0
362.0,510.0
362.0,468.0
362.0,854.0
362.0,956.0
362.0,181.0
362.0,201.0
362.0,448.0
362.0,350.0
363.0,1030.0
363.0,1009.0
363.0,20.0
363.0,250.0
363.0,15.0
363.0,759.0
363.0,231.0
363.0,61.0
363.0,940.0
363.0,319.0
363.0,420.0
363.0,167.0
364.0,166.0
364.0,418.0
364.0,140.0
364.0,104.0
364.0,690.0
364.0,870.0
364.0,315.0
364.0,301.0
364.0,83.0
364.0,795.0
364.0,970.0
364.0,396.0
365.0,738.0
365.0,614.0
365.0,841.0
365.0,809.0
365.0,306.0
365.0,689.0
365.0,40.0
365.0,626.0
365.0,786.0
365.0,166.0
365.0,204.0
365.0,68.0
366.0,787.0
366.0,171.0
366.0,435.0
366.0,496.0
366.0,400.0
366.0,9.0
366.0,711.0
366.0,793.0
366.0,873.0
366.0,910.0
366.0,756.0
366.0,1018.0
367.0,319.0
367.0,686.0
367.0,339.0
367.0,27.0
367.0,770.0
367.0,492.0
367.0,332.0
367.0,329.0
367.0,592.0
367.0,87.0
367.0,971.0
367.0,696.0
368.0,107.0
368.0,732.0
368.0,243.0
368.0,680.0
368.0,961.0
368.0,1008.0
368.0,597.0
368.0,1009.0
368.0,56.0
368.0,310.0
368.0,115.0
368.0,1027.0
369.0,929.0
369.0,1029.0
369.0,427.0
369.0,560.0
369.0,695.0
369.0,962.0
369.0,103.0
369.0,687.0
369.0,922.0
369.0,331.0
369.0,41.0
369.0,231.0
370.0,991.0
370.0,336.0
370.0,785.0
370.0,612.0
370.0,856.0
370.0,890.0
370.0,788.0
370.0,615.0
370.0,979.0
370.0,852.0
370.0,620.0
370.0,137.0
371.0,900.0
371.0,705.0
371.0,397.0
371.0,772.0
371.0,662.0
371.0,695.0
371.0,504.0
371.0,377.0
371.0,657.0
371.0,600.0
371.0,950.0
371.0,1010.0
372.0,150.0
372.0,932.0
372.0,975.0
372.0,204.0
372.0,558.0
372.0,554.0
372.0,662.0
372.0,620.0
372.0,684.0
372.0,522.0
372.0,370.0
372.0,79.0
373.0,420.0
373.0,978.0
373.0,638.0
373.0,646.0
373.0,764.0
373.0,541.0
373.0,156.0
373.0,1032.0
373.0,257.0
373.0,183.0
373.0,979.0
373.0,61.0
374.0,832.0
374.0,370.0
374.0,863.0
374.0,428.0
374.0,877.0
374.0,117.0
374.0,724.0
374.0,504.0
374.0,482.0
374.0,298.0
374.0,890.0
374.0,395.0
375.0,676.0
375.0,28.0
375.0,850.0
375.0,628.0
375.0,606.0
375.0,720.0
375.0,669.0
375.0,413.0
375.0,459.0
375.0,83.0
375.0,614.0
375.0,417.0
376.0,610.0
376.0,471.0
376.0,557.0
376.0,544.0
376.0,14.0
376.0,882.0
376.0,202.0
376.0,635.0
376.0,891.0
376.0,807.0
376.0,229.0
376.0,559.0
377.0,430.0
377.0,502.0
377.0,82.0
377.0,103.0
377.0,711.0
377.0,697.0
377.0,245.0
377.0,905.0
377.0,901.0
377.0,738.0
377.0,1035.0
377.0,677.0
378.0,82.0
378.0,744.0
378.0,241.0
378.0,701.0
378.0,590.0
378.0,844.0
378.0,1009.0
378.0,743.0
378.0,483.0
378.0,56.0
378.0,563.0
378.0,363.0
379.0,373.0
379.0,310.0
379.0,234.0
379.0,759.0
379.0,674.0
379.0,301.0
379.0,649.0
379.0,940.0
379.0,926.0
379.0,238.0
379.0,683.0
379.0,537.0
380.0,533.0
380.0,123.0
380.0,185.0
380.0,860.0
380.0,756.0
380.0,166.0
380.0,414.0
380.0,154.0
380.0,629.0
380.0,946.0
380.0,253.0
380.0,553.0
381.0,263.0
381.0,188.0
381.0,355.0
381.0,893.0
381.0,831.0
381.0,238.0
381.0,619.0
381.0,320.0
381.0,373.0
381.0,854.0
381.0,483.0
381.0,819.0
382.0,403.0
382.0,774.0
382.0,490.0
382.0,147.0
382.0,125.0
382.0,144.0
382.0,26.0
382.0,226.0
382.0,628.0
382.0,975.0
382.0,630.0
382.0,905.0
383.0,609.0
383.0,516.0
383.0,570.0
383.0,507.0
383.0,894.0
383.0,175.0
383.0,246.0
383.0,77.0
383.0,598.0
383.0,672.0
383.0,283.0
383.0,231.0
384.0,66.0
384.0,256.0
384.0,877.0
384.0,182.0
384.0,385.0
384.0,87.0
384.0,416.0
384.0,119.0
384.0,179.0
384.0,9.0
384.0,90.0
384.0,847.0
385.0,827.0
385.0,893.0
385.0,434.0
385.0,857.0
385.0,591.0
385.0,990.0
385.0,306.0
385.0,648.0
385.0,987.0
385.0,781.0
385.0,270.0
385.0,107.0
386.0,587.0
386.0,927.0
386.0,627.0
386.0,734.0
386.0,870.0
386.0,485.0
386.0,793.0
386.0,452.0
386.0,389.0
386.0,245.0
386.0,917.0
386.0,131.0
387.0,244.0
387.0,754.0
387.0,597.0
387.0,837.0
387.0,61.0
387.0,691.0
387.0,1011.0
387.0,217.0
387.0,123.0
387.0,1004.0
387.0,395.0
387.0,140.0
388.0,493.0
388.0,92.0
388.0,125.0
388.0,385.0
388.0,953.0
388.0,299.0
388.0,681.0
388.0,707.0
388.0,348.0
388.0,75.0
388.0,564.0
388.0,958.0
389.0,934.0
389.0,239.0
389.0,731.0
389.0,820.0
389.0,159.0
389.0,407.0
389.0,48.0
389.0,329.0
389.0,440.0
389.0,89.0
389.0,887.0
389.0,948.0
390.0,125.0
390.0,802.0
390.0,626.0
390.0,153.0
390.0,576.0
390.0,899.0
390.0,762.0
390.0,413.0
390.0,520.0
390.0,841.0
390.0,727.0
390.0,451.0
391.0,582.0
391.0,577.0
391.0,300.0
391.0,372.0
391.0,165.0
391.0,453.0
391.0,610.0
391.0,688.0
391.0,965.0
391.0,181.0
391.0,172.0
391.0,865.0
392.0,356.0
392.0,14.0
392.0,787.0
392.0,284.0
392.0,134.0
392.0,657.0
392.0,111.0
392.0,529.0
392.0,631.0
392.0,495.0
392.0,671.0
392.0,672.0
393.0,96.0
393.0,268.0
393.0,334.0
393.0,416.0
393.0,194.0
393.0,84.0
393.0,555.0
393.0,1030.0
393.0,346.0
393.0,824.0
393.0,183.0
393.0,35.0
394.0,278.0
394.0,948.0
394.0,596.0
394.0,424.0
394.0,699.0
394.0,518.0
394.0,10.0
394.0,109.0
394.0,461.0
394.0,29.0
394.0,726.0
394.0,65.0
395.0,313.0
395.0,605.0
395.0,167.0
395.0,912.0
395.0,955.0
395.0,854.0
395.0,853.0
395.0,790.0
395.0,652.0
395.0,304.0
395.0,945.0
395.0,584.0
396.0,678.0
396.0,905.0
396.0,130.0
396.0,696.0
396.0,377.0
396.0,959.0
396.0,312.0
396.0,984.0
396.0,801.0
396.0,521.0
396.0,578.0
396.0,229.0
397.0,188.0
397.0,912.0
397.0,652.0
397.0,287.0
397.0,878.0
397.0,1004.0
397.0,843.0
397.0,440.0
397.0,660.0
397.0,123.0
397.0,54.0
397.0,205.0
398.0,469.0
398.0,157.0
398.0,189.0
398.0,88.0
398.0,763.0
398.0,567.0
398.0,490.0
398.0,804.0
398.0,809.0
398.0,728.0
398.0,461.0
398.0,474.0
399.0,508.0
399.0,824.0
399.0,532.0
399.0,589.0
399.0,32.0
399.0,402.0
399.0,775.0
399.0,536.0
399.0,419.0
399.0,511.0
399.0,450.0
399.0,448.0
400.0,424.0
400.0,627.0
400.0,809.0
400.0,168.0
400.0,45.0
400.0,446.0
400.0,99.0
400.0,274.0
400.0,986.0
400.0,133.0
400.0,865.0
400.0,972.0
401.0,953.0
401.0,824.0
401.0,311.0
401.0,840.0
401.0,298.0
401.0,285.0
401.0,32.0
401.0,646.0
401.0,142.0
401.0,992.0
401.0,421.0
401.0,853.0
402.0,875.0
402.0,504.0
402.0,747.0
402.0,1005.0
402.0,1008.0
402.0,761.0
402.0,733.0
402.0,207.0
402.0,13.0
402.0,136.0
402.0,528.0
402.0,393.0
403.0,348.0
403.0,588.0
403.0,814.0
403.0,427.0
403.0,526.0
403.0,1015.0
403.0,987.0
403.0,641.0
403.0,716.0
403.0,258.0
403.0,401.0
403.0,626.0
404.0,837.0
404.0,339.0
404.0,865.0
404.0,719.0
404.0,950.0
404.0,765.0
404.0,395.0
404.0,627.0
404.0,698.0
404.0,0.0
404.0,498.0
404.0,883.0
405.0,1008.0
405.0,899.0
405.0,828.0
405.0,468.0
405.0,980.0
405.0,385.0
405.0,745.0
405.0,342.0
405.0,153.0
405.0,235.0
405.0,726.0
405.0,735.0
406.0,43.0
406.0,716.0
406.0,263.0
406.0,450.0
406.0,831.0
406.0,142.0
406.0,804.0
406.0,311.0
406.0,388.0
406.0,937.0
406.0,68.0
406.0,297.0
407.0,979.0
407.0,777.0
407.0,215.0
407.0,959.0
407.0,662.0
407.0,545.0
407.0,583.0
407.0,332.0
407.0,131.0
407.0,884.0
407.0,937.0
407.0,464.0
408.0,9.0
408.0,368.0
408.0,235.0
408.0,1013.0
408.0,384.0
408.0,754.0
408.0,36.0
408.0,974.0
408.0,695.0
408.0,436.0
408.0,960.0
408.0,615.0
409.0,421.0
409.0,149.0
409.0,745.0
409.0,424.0
409.0,16.0
409.0,320.0
409.0,3.0
409.0,645.0
409.0,786.0
409.0,68.0
409.0,936.0
409.0,669.0
410.0,160.0
410.0,206.0
410.0,323.0
410.0,447.0
410.0,222.0
410.0,379.0
410.0,332.0
410.0,98.0
410.0,695.0
410.0,251.0
410.0,1016.0
410.0,55.0
411.0,584.0
411.0,189.0
411.0,372.0
411.0,809.0
411.0,59.0
411.0,87.0
411.0,112.0
411.0,770.0
411.0,57.0
411.0,442.0
411.0,1029.0
411.0,597.0
412.0,395.0
412.0,990.0
412.0,573.0
412.0,165.0
412.0,775.0
412.0,484.0
412.0,959.0
412.0,438.0
412.0,498.0
412.0,589.0
412.0,415.0
412.0,592.0
413.0,241.0
413.0,168.0
413.0,809.0
413.0,1000.0
413.0,328.0
413.0,749.0
413.0,451.0
413.0,500.0
413.0,147.0
413.0,1026.0
413.0,10.0
413.0,458.0
414.0,964.0
414.0,754.0
414.0,298.0
414.0,958.0
414.0,1008.0
414.0,900.0
414.0,632.0
414.0,581.0
414.0,869.0
414.0,712.0
414.0,973.0
414.0,395.0
415.0,9.0
415.0,54.0
415.0,81.0
415.0,466.0
415.0,116.0
415.0,388.0
415.0,60.0
415.0,660.0
415.0,563.0
415.0,182.0
415.0,631.0
415.0,1004.0
416.0,280.0
416.0,651.0
416.0,224.0
416.0,275.0
416.0,533.0
416.0,1013.0
416.0,72.0
416.0,607.0
416.0,1020.0
416.0,207.0
416.0,701.0
416.0,949.0
417.0,596.0
417.0,981.0
417.0,552.0
417.0,979.0
417.0,32.0
417.0,334.0
417.0,536.0
417.0,288.0
417.0,571.0
417.0,1003.0
417.0,3.0
417.0,125.0
418.0,244.0
418.0,677.0
418.0,808.0
418.0,378.0
418.0,1003.0
418.0,485.0
418.0,277.0
418.0,133.0
418.0,671.0
418.0,655.0
418.0,719.0
418.0,931.0
419.0,2.0
419.0,797.0
419.0,11.0
419.0,936.0
419.0,562.0
419.0,487.0
419.0,611.0
419.0,385.0
419.0,960.0
419.0,236.0
419.0,953.0
419.0,943.0
420.0,115.0
420.0,819.0
420.0,149.0
420.0,181.0
420.0,994.0
420.0,894.0
420.0,866.0
420.0,273.0
420.0,560.0
420.0,559.0
420.0,540.0
420.0,156.0
421.0,123.0
421.0,107.0
421.0,303.0
421.0,564.0
421.0,869.0
421.0,591.0
421.0,207.0
421.0,535.0
421.0,75.0
421.0,857.0
421.0,544.0
421.0,10.0
422.0,324.0
422.0,934.0
422.0,898.0
422.0,502.0
422.0,223.0
422.0,594.0
422.0,707.0
422.0,60.0
422.0,610.0
422.0,275.0
422.0,454.0
422.0,544.0
423.0,907.0
423.0,79.0
423.0,313.0
423.0,902.0
423.0,25.0
423.0,214.0
423.0,61.0
423.0,708.0
423.0,23.0
423.0,491.0
423.0,187.0
423.0,414.0
424.0,581.0
424.0,449.0
424.0,808.0
424.0,309.0
424.0,318.0
424.0,386.0
424.0,85.0
424.0,637.0
424.0,790.0
424.0,101.0
424.0,927.0
424.0,57.0
425.0,207.0
425.0,926.0
425.0,624.0
425.0,985.0
425.0,658.0
425.0,403.0
425.0,827.0
425.0,61.0
425.0,122.0
425.0,641.0
425.0,936.0
425.0,311.0
426.0,859.0
426.0,227.0
426.0,364.0
426.0,627.0
426.0,539.0
426.0,45.0
426.0,602.0
426.0,183.0
426.0,199.0
426.0,765.0
426.0,575.0
426.0,224.0
427.0,32.0
427.0,662.0
427.0,566.0
427.0,370.0
427.0,955.0
427.0,954.0
427.0,83.0
427.0,501.0
427.0,66.0
427.0,436.0
427.0,765.0
427.0,193.0
428.0,597.0
428.0,522.0
428.0,925.0
428.0,844.0
428.0,1029.0
428.0,792.0
428.0,165.0
428.0,502.0
428.0,691.0
428.0,954.0
428.0,191.0
428.0,436.0
429.0,924.0
429.0,637.0
429.0,1031.0
429.0,58.0
429.0,853.0
429.0,838.0
429.0,505.0
429.0,353.0
429.0,322.0
429.0,743.0
429.0,694.0
429.0,235.0
430.0,530.0
430.0,809.0
430.0,652.0
430.0,607.0
430.0,788.0
430.0,565.0
430.0,515.0
430.0,740.0
430.0,512.0
430.0,969.0
430.0,215.0
430.0,332.0
431.0,964.0
431.0,877.0
431.0,107.0
431.0,203.0
431.0,566.0
431.0,218.0
431.0,190.0
431.0,845.0
431.0,0.0
431.0,408.0
431.0,23.0
431.0,755.0
432.0,954.0
432.0,972.0
432.0,5.0
432.0,199.0
432.0,927.0
432.0,438.0
432.0,100.0
432.0,274.0
432.0,916.0
432.0,627.0
432.0,347.0
432.0,764.0
433.0,68.0
433.0,71.0
433.0,451.0
433.0,382.0
433.0,630.0
433.0,375.0
433.0,306.0
433.0,276.0
433.0,827.0
433.0,189.0
433.0,235.0
433.0,1004.0
434.0,874.0
434.0,136.0
434.0,359.0
434.0,733.0
434.0,489.0
434.0,507.0
434.0,919.0
434.0,618.0
434.0,420.0
434.0,881.0
434.0,103.0
434.0,416.0
435.0,590.0
435.0,260.0
435.0,994.0
435.0,300.0
435.0,55.0
435.0,714.0
435.0,807.0
435.0,383.0
435.0,636.0
435.0,188.0
435.0,163.0
435.0,289.0
436.0,359.0
436.0,363.0
436.0,931.0
436.0,1020.0
436.0,374.0
436.0,430.0
436.0,607.0
436.0,243.0
436.0,522.0
436.0,127.0
436.0,149.0
436.0,956.0
437.0,266.0
437.0,689.0
437.0,239.0
437.0,798.0
437.0,991.0
437.0,405.0
437.0,762.0
437.0,197.0
437.0,676.0
437.0,847.0
437.0,878.0
437.0,809.0
438.0,942.0
438.0,41.0
438.0,820.0
438.0,597.0
438.0,706.0
438.0,1029.0
438.0,877.0
438.0,737.0
438.0,987.0
438.0,513.0
438.0,163.0
438.0,1004.0
439.0,48.0
439.0,314.0
439.0,467.0
439.0,595.0
439.0,629.0
439.0,237.0
439.0,32.0
439.0,31.0
439.0,946.0
439.0,424.0
439.0,774.0
439.0,193.0
440.0,764.0
440.0,89.0
440.0,755.0
440.0,215.0
440.0,708.0
440.0,135.0
440.0,667.0
440.0,370.0
440.0,191.0
440.0,830.0
440.0,565.0
440.0,12.0
441.0,166.0
441.0,789.0
441.0,309.0
441.0,230.0
441.0,571.0
441.0,572.0
441.0,315.0
441.0,859.0
441.0,100.0
441.0,386.0
441.0,58.0
441.0,675.0
442.0,374.0
442.0,50.0
442.0,586.0
442.0,41.0
442.0,286.0
442.0,189.0
442.0,479.0
442.0,408.0
442.0,697.0
442.0,1030.0
442.0,777.0
442.0,733.0
443.0,84.0
443.0,673.0
443.0,36.0
443.0,897.0
443.0,845.0
443.0,741.0
443.0,535.0
443.0,511.0
443.0,810.0
443.0,1010.0
443.0,478.0
443.0,2.0
444.0,373.0
444.0,936.0
444.0,297.0
444.0,470.0
444.0,270.0
444.0,148.0
444.0,528.0
444.0,775.0
444.0,842.0
444.0,358.0
444.0,646.0
444.0,234.0
445.0,473.0
445.0,415.0
445.0,434.0
445.0,363.0
445.0,226.0
445.0,959.0
445.0,436.0
445.0,535.0
445.0,531.0
445.0,388.0
445.0,373.0
445.0,172.0
446.0,524.0
446.0,481.0
446.0,698.0
446.0,852.0
446.0,307.0
446.0,608.0
446.0,659.0
446.0,93.0
446.0,629.0
446.0,315.0
446.0,887.0
446.0,474.0
447.0,761.0
447.0,730.0
447.0,84.0
447.0,383.0
447.0,303.0
447.0,702.0
447.0,353.0
447.0,858.0
447.0,22.0
447.0,251.0
447.0,746.0
447.0,183.0
448.0,321.0
448.0,325.0
448.0,305.0
448.0,488.0
448.0,320.0
448.0,297.0
448.0,880.0
448.0,362.0
448.0,720.0
448.0,406.0
448.0,126.0
448.0,843.0
449.0,495.0
449.0,853.0
449.0,309.0
449.0,970.0
449.0,352.0
449.0,110.0
449.0,1008.0
449.0,592.0
449.0,629.0
449.0,809.0
449.0,878.0
449.0,996.0
450.0,401.0
450.0,224.0
450.0,258.0
450.0,827.0
450.0,479.0
450.0,641.0
450.0,90.0
450.0,956.0
450.0,236.0
450.0,1022.0
450.0,6.0
450.0,169.0
451.0,106.0
451.0,287.0
451.0,852.0
451.0,978.0
451.0,628.0
451.0,65.0
451.0,461.0
451.0,709.0
451.0,230.0
451.0,92.0
451.0,413.0
451.0,365.0
452.0,767.0
452.0,653.0
452.0,400.0
452.0,492.0
452.0,53.0
452.0,62.0
452.0,474.0
452.0,187.0
452.0,579.0
452.0,387.0
452.0,504.0
452.0,977.0
453.0,168.0
453.0,929.0
453.0,60.0
453.0,18.0
453.0,633.0
453.0,223.0
453.0,454.0
453.0,271.0
453.0,260.0
453.0,792.0
453.0,812.0
453.0,83.0
454.0,300.0
454.0,492.0
454.0,1010.0
454.0,72.0
454.0,280.0
454.0,901.0
454.0,552.0
454.0,1017.0
454.0,391.0
454.0,696.0
454.0,294.0
454.0,910.0
455.0,410.0
455.0,268.0
455.0,877.0
455.0,631.0
455.0,848.0
455.0,98.0
455.0,96.0
455.0,755.0
455.0,335.0
455.0,724.0
455.0,710.0
455.0,369.0
456.0,918.0
456.0,486.0
456.0,278.0
456.0,722.0
456.0,110.0
456.0,462.0
456.0,334.0
456.0,624.0
456.0,42.0
456.0,458.0
456.0,364.0
456.0,63.0
457.0,898.0
457.0,202.0
457.0,674.0
457.0,792.0
457.0,302.0
457.0,891.0
457.0,72.0
457.0,118.0
457.0,498.0
457.0,34.0
457.0,1018.0
457.0,472.0
458.0,62.0
458.0,387.0
458.0,596.0
458.0,239.0
458.0,240.0
458.0,325.0
458.0,513.0
458.0,934.0
458.0,129.0
458.0,628.0
458.0,313.0
458.0,939.0
459.0,676.0
459.0,262.0
459.0,814.0
459.0,1000.0
459.0,114.0
459.0,468.0
459.0,515.0
459.0,607.0
459.0,197.0
459.0,888.0
459.0,588.0
459.0,348.0
460.0,729.0
460.0,427.0
460.0,618.0
460.0,660.0
460.0,974.0
460.0,947.0
460.0,932.0
460.0,89.0
460.0,494.0
460.0,762.0
460.0,174.0
460.0,1019.0
461.0,767.0
461.0,351.0
461.0,1002.0
461.0,878.0
461.0,137.0
461.0,966.0
461.0,581.0
461.0,242.0
461.0,469.0
461.0,446.0
461.0,31.0
461.0,200.0
462.0,637.0
462.0,629.0
462.0,279.0
462.0,710.0
462.0,856.0
462.0,642.0
462.0,954.0
462.0,161.0
462.0,476.0
462.0,883.0
462.0,680.0
462.0,117.0
463.0,279.0
463.0,687.0
463.0,102.0
463.0,603.0
463.0,361.0
463.0,1019.0
463.0,742.0
463.0,264.0
463.0,956.0
463.0,684.0
463.0,913.0
463.0,736.0
464.0,466.0
464.0,830.0
464.0,1005.0
464.0,996.0
464.0,74.0
464.0,563.0
464.0,181.0
464.0,897.0
464.0,928.0
464.0,135.0
464.0,532.0
464.0,929.0
465.0,222.0
465.0,734.0
465.0,833.0
465.0,819.0
465.0,258.0
465.0,511.0
465.0,82.0
465.0,702.0
465.0,355.0
465.0,480.0
465.0,963.0
465.0,665.0
466.0,463.0
466.0,501.0
466.0,662.0
466.0,298.0
466.0,22.0
466.0,862.0
466.0,687.0
466.0,714.0
466.0,504.0
466.0,560.0
466.0,718.0
466.0,67.0
467.0,1019.0
467.0,735.0
467.0,89.0
467.0,878.0
467.0,316.0
467.0,762.0
467.0,572.0
467.0,198.0
467.0,208.0
467.0,999.0
467.0,95.0
467.0,681.0
468.0,281.0
468.0,562.0
468.0,190.0
468.0,152.0
468.0,980.0
468.0,510.0
468.0,350.0
468.0,774.0
468.0,86.0
468.0,40.0
468.0,881.0
468.0,676.0
469.0,828.0
469.0,888.0
469.0,500.0
469.0,452.0
469.0,155.0
469.0,658.0
469.0,771.0
469.0,862.0
469.0,121.0
469.0,484.0
469.0,24.0
469.0,554.0
470.0,944.0
470.0,368.0
470.0,215.0
470.0,415.0
470.0,113.0
470.0,536.0
470.0,721.0
470.0,684.0
470.0,44.0
470.0,928.0
470.0,70.0
470.0,667.0
471.0,982.0
471.0,1024.0
471.0,677.0
471.0,337.0
471.0,426.0
471.0,45.0
471.0,157.0
471.0,124.0
471.0,864.0
471.0,703.0
471.0,140.0
471.0,643.0
472.0,12.0
472.0,452.0
472.0,792.0
472.0,377.0
472.0,171.0
472.0,927.0
472.0,105.0
472.0,565.0
472.0,310.0
472.0,243.0
472.0,728.0
472.0,695.0
473.0,236.0
473.0,431.0
473.0,370.0
473.0,330.0
473.0,887.0
473.0,553.0
473.0,427.0
473.0,218.0
473.0,372.0
473.0,652.0
473.0,149.0
473.0,749.0
474.0,347.0
474.0,968.0
474.0,917.0
474.0,784.0
474.0,9.0
474.0,587.0
474.0,835.0
474.0,866.0
474.0,88.0
474.0,882.0
474.0,498.0
474.0,439.0
475.0,169.0
475.0,991.0
475.0,853.0
475.0,954.0
475.0,182.0
475.0,484.0
475.0,175.0
475.0,26.0
475.0,994.0
475.0,283.0
475.0,712.0
475.0,989.0
476.0,864.0
476.0,224.0
476.0,823.0
476.0,822.0
476.0,505.0
476.0,413.0
476.0,472.0
476.0,45.0
476.0,158.0
476.0,738.0
476.0,603.0
476.0,600.0
477.0,826.0
477.0,460.0
477.0,676.0
477.0,1029.0
477.0,190.0
477.0,711.0
477.0,745.0
477.0,716.0
477.0,874.0
477.0,912.0
477.0,270.0
477.0,975.0
478.0,839.0
478.0,645.0
478.0,445.0
478.0,148.0
478.0,750.0
478.0,116.0
478.0,82.0
478.0,962.0
478.0,656.0
478.0,270.0
478.0,684.0
478.0,729.0
479.0,310.0
479.0,883.0
479.0,736.0
479.0,231.0
479.0,491.0
479.0,86.0
479.0,1008.0
479.0,330.0
479.0,756.0
479.0,553.0
479.0,159.0
479.0,829.0
480.0,148.0
480.0,381.0
480.0,963.0
480.0,355.0
480.0,465.0
480.0,270.0
480.0,122.0
480.0,619.0
480.0,971.0
480.0,750.0
480.0,443.0
480.0,645.0
481.0,975.0
481.0,887.0
481.0,863.0
481.0,326.0
481.0,981.0
481.0,738.0
481.0,539.0
481.0,708.0
481.0,829.0
481.0,549.0
481.0,668.0
481.0,501.0
482.0,949.0
482.0,692.0
482.0,466.0
482.0,665.0
482.0,496.0
482.0,541.0
482.0,301.0
482.0,239.0
482.0,1027.0
482.0,232.0
482.0,743.0
482.0,608.0
483.0,81.0
483.0,434.0
483.0,812.0
483.0,997.0
483.0,666.0
483.0,169.0
483.0,103.0
483.0,530.0
483.0,271.0
483.0,533.0
483.0,168.0
483.0,383.0
484.0,490.0
484.0,68.0
484.0,907.0
484.0,414.0
484.0,853.0
484.0,964.0
484.0,59.0
484.0,184.0
484.0,546.0
484.0,368.0
484.0,626.0
484.0,349.0
485.0,476.0
485.0,639.0
485.0,818.0
485.0,85.0
485.0,104.0
485.0,158.0
485.0,121.0
485.0,722.0
485.0,506.0
485.0,593.0
485.0,891.0
485.0,133.0
486.0,795.0
486.0,878.0
486.0,921.0
486.0,756.0
486.0,167.0
486.0,497.0
486.0,809.0
486.0,721.0
486.0,131.0
486.0,284.0
486.0,852.0
486.0,211.0
487.0,358.0
487.0,263.0
487.0,826.0
487.0,1022.0
487.0,477.0
487.0,507.0
487.0,362.0
487.0,96.0
487.0,953.0
487.0,207.0
487.0,887.0
487.0,831.0
488.0,350.0
488.0,381.0
488.0,487.0
488.0,720.0
488.0,358.0
488.0,775.0
488.0,142.0
488.0,406.0
488.0,814.0
488.0,425.0
488.0,1032.0
488.0,800.0
489.0,906.0
489.0,910.0
489.0,901.0
489.0,525.0
489.0,544.0
489.0,547.0
489.0,935.0
489.0,172.0
489.0,700.0
489.0,428.0
489.0,697.0
489.0,507.0
490.0,274.0
490.0,961.0
490.0,678.0
490.0,430.0
490.0,614.0
490.0,725.0
490.0,916.0
490.0,892.0
490.0,120.0
490.0,760.0
490.0,765.0
490.0,113.0
491.0,336.0
491.0,1017.0
491.0,608.0
491.0,890.0
491.0,431.0
491.0,815.0
491.0,856.0
491.0,283.0
491.0,931.0
491.0,1007.0
491.0,91.0
491.0,432.0
492.0,1025.0
492.0,133.0
492.0,625.0
492.0,993.0
492.0,361.0
492.0,25.0
492.0,87.0
492.0,199.0
492.0,692.0
492.0,574.0
492.0,778.0
492.0,996.0
493.0,746.0
493.0,1023.0
493.0,204.0
493.0,890.0
493.0,55.0
493.0,848.0
493.0,212.0
493.0,231.0
493.0,723.0
493.0,878.0
493.0,215.0
493.0,420.0
494.0,863.0
494.0,357.0
494.0,728.0
494.0,723.0
494.0,706.0
494.0,335.0
494.0,522.0
494.0,955.0
494.0,479.0
494.0,835.0
494.0,276.0
494.0,427.0
495.0,105.0
495.0,851.0
495.0,118.0
495.0,1008.0
495.0,124.0
495.0,227.0
495.0,186.0
495.0,356.0
495.0,671.0
495.0,653.0
495.0,498.0
495.0,223.0
496.0,599.0
496.0,430.0
496.0,502.0
496.0,673.0
496.0,688.0
496.0,658.0
496.0,76.0
496.0,15.0
496.0,434.0
496.0,331.0
496.0,600.0
496.0,576.0
497.0,308.0
497.0,111.0
497.0,430.0
497.0,557.0
497.0,539.0
497.0,764.0
497.0,373.0
497.0,572.0
497.0,75.0
497.0,656.0
497.0,749.0
497.0,575.0
498.0,322.0
498.0,968.0
498.0,584.0
498.0,597.0
498.0,865.0
498.0,602.0
498.0,273.0
498.0,271.0
498.0,244.0
498.0,158.0
498.0,50.0
498.0,101.0
499.0,567.0
499.0,71.0
499.0,884.0
499.0,370.0
499.0,220.0
499.0,877.0
499.0,417.0
499.0,341.0
499.0,576.0
499.0,869.0
499.0,564.0
499.0,217.0
500.0,161.0
500.0,71.0
500.0,374.0
500.0,809.0
500.0,632.0
500.0,332.0
500.0,888.0
500.0,139.0
500.0,413.0
500.0,4.0
500.0,976.0
500.0,259.0
501.0,629.0
501.0,586.0
501.0,668.0
501.0,182.0
501.0,815.0
501.0,830.0
501.0,154.0
501.0,361.0
501.0,524.0
501.0,159.0
501.0,705.0
501.0,545.0
502.0,219.0
502.0,434.0
502.0,391.0
502.0,835.0
502.0,442.0
502.0,812.0
502.0,175.0
502.0,111.0
502.0,303.0
502.0,852.0
502.0,873.0
502.0,570.0
503.0,427.0
503.0,690.0
503.0,418.0
503.0,738.0
503.0,363.0
503.0,527.0
503.0,696.0
503.0,840.0
503.0,102.0
503.0,517.0
503.0,165.0
503.0,808.0
504.0,414.0
504.0,640.0
504.0,736.0
504.0,874.0
504.0,857.0
504.0,1008.0
504.0,753.0
504.0,583.0
504.0,30.0
504.0,4.0
504.0,389.0
504.0,923.0
505.0,46.0
505.0,703.0
505.0,779.0
505.0,186.0
505.0,547.0
505.0,651.0
505.0,713.0
505.0,418.0
505.0,916.0
505.0,525.0
505.0,674.0
505.0,714.0
506.0,432.0
506.0,225.0
506.0,199.0
506.0,836.0
506.0,811.0
506.0,278.0
506.0,498.0
506.0,988.0
506.0,694.0
506.0,38.0
506.0,5.0
506.0,392.0
507.0,599.0
507.0,370.0
507.0,702.0
507.0,866.0
507.0,172.0
507.0,289.0
507.0,759.0
507.0,383.0
507.0,962.0
507.0,50.0
507.0,317.0
507.0,335.0
508.0,444.0
508.0,77.0
508.0,645.0
508.0,215.0
508.0,609.0
508.0,656.0
508.0,735.0
508.0,499.0
508.0,16.0
508.0,794.0
508.0,695.0
508.0,956.0
509.0,398.0
509.0,691.0
509.0,347.0
509.0,542.0
509.0,354.0
509.0,364.0
509.0,816.0
509.0,872.0
509.0,196.0
509.0,351.0
509.0,259.0
509.0,162.0
510.0,125.0
510.0,128.0
510.0,108.0
510.0,588.0
510.0,748.0
510.0,469.0
510.0,507.0
510.0,534.0
510.0,412.0
510.0,790.0
510.0,297.0
510.0,192.0
511.0,638.0
511.0,90.0
511.0,318.0
511.0,201.0
511.0,940.0
511.0,369.0
511.0,183.0
511.0,660.0
511.0,384.0
511.0,897.0
511.0,410.0
511.0,937.0
512.0,553.0
512.0,176.0
512.0,241.0
512.0,1012.0
512.0,945.0
512.0,119.0
512.0,719.0
512.0,607.0
512.0,964.0
512.0,868.0
512.0,54.0
512.0,266.0
513.0,204.0
513.0,208.0
513.0,313.0
513.0,815.0
513.0,938.0
513.0,512.0
513.0,396.0
513.0,44.0
513.0,286.0
513.0,111.0
513.0,531.0
513.0,151.0
514.0,973.0
514.0,883.0
514.0,1012.0
514.0,187.0
514.0,24.0
514.0,313.0
514.0,781.0
514.0,1030.0
514.0,104.0
514.0,504.0
514.0,44.0
514.0,242.0
515.0,583.0
515.0,706.0
515.0,464.0
515.0,554.0
515.0,351.0
515.0,158.0
515.0,667.0
515.0,327.0
515.0,29.0
515.0,155.0
515.0,80.0
515.0,150.0
516.0,696.0
516.0,4.0
516.0,407.0
516.0,1008.0
516.0,996.0
516.0,549.0
516.0,558.0
516.0,371.0
516.0,252.0
516.0,973.0
516.0,395.0
516.0,454.0
517.0,927.0
517.0,187.0
517.0,1007.0
517.0,832.0
517.0,456.0
517.0,307.0
517.0,315.0
517.0,509.0
517.0,803.0
517.0,556.0
517.0,345.0
517.0,54.0
518.0,995.0
518.0,336.0
518.0,605.0
518.0,209.0
518.0,113.0
518.0,561.0
518.0,918.0
518.0,241.0
518.0,254.0
518.0,1027.0
518.0,601.0
518.0,871.0
519.0,183.0
519.0,983.0
519.0,431.0
519.0,379.0
519.0,673.0
519.0,37.0
519.0,416.0
519.0,478.0
519.0,963.0
519.0,875.0
519.0,287.0
519.0,555.0
520.0,306.0
520.0,413.0
520.0,459.0
520.0,855.0
520.0,147.0
520.0,617.0
520.0,644.0
520.0,163.0
520.0,534.0
520.0,125.0
520.0,144.0
520.0,484.0
521.0,647.0
521.0,1027.0
521.0,882.0
521.0,418.0
521.0,890.0
521.0,345.0
521.0,255.0
521.0,199.0
521.0,49.0
521.0,452.0
521.0,506.0
521.0,982.0
522.0,691.0
522.0,856.0
522.0,524.0
522.0,609.0
522.0,369.0
522.0,874.0
522.0,331.0
522.0,996.0
522.0,436.0
522.0,304.0
522.0,672.0
522.0,866.0
523.0,804.0
523.0,224.0
523.0,415.0
523.0,724.0
523.0,181.0
523.0,16.0
523.0,928.0
523.0,381.0
523.0,866.0
523.0,205.0
523.0,967.0
523.0,275.0
524.0,427.0
524.0,889.0
524.0,19.0
524.0,75.0
524.0,363.0
524.0,248.0
524.0,187.0
524.0,353.0
524.0,942.0
524.0,9.0
524.0,837.0
524.0,967.0
525.0,287.0
525.0,227.0
525.0,503.0
525.0,44.0
525.0,366.0
525.0,497.0
525.0,334.0
525.0,257.0
525.0,748.0
525.0,577.0
525.0,427.0
525.0,916.0
526.0,97.0
526.0,89.0
526.0,938.0
526.0,263.0
526.0,36.0
526.0,305.0
526.0,421.0
526.0,236.0
526.0,362.0
526.0,957.0
526.0,367.0
526.0,420.0
527.0,278.0
527.0,648.0
527.0,896.0
527.0,179.0
527.0,749.0
527.0,414.0
527.0,988.0
527.0,836.0
527.0,221.0
527.0,692.0
527.0,509.0
527.0,104.0
528.0,270.0
528.0,759.0
528.0,591.0
528.0,373.0
528.0,385.0
528.0,995.0
528.0,942.0
528.0,69.0
528.0,540.0
528.0,819.0
528.0,534.0
528.0,962.0
529.0,597.0
529.0,1010.0
529.0,779.0
529.0,505.0
529.0,548.0
529.0,721.0
529.0,476.0
529.0,703.0
529.0,302.0
529.0,677.0
529.0,386.0
529.0,134.0
530.0,1031.0
530.0,289.0
530.0,559.0
530.0,168.0
530.0,840.0
530.0,203.0
530.0,358.0
530.0,4.0
530.0,516.0
530.0,970.0
530.0,232.0
530.0,512.0
531.0,895.0
531.0,756.0
531.0,765.0
531.0,168.0
531.0,155.0
531.0,331.0
531.0,149.0
531.0,1016.0
531.0,910.0
531.0,522.0
531.0,860.0
531.0,78.0
532.0,501.0
532.0,875.0
532.0,420.0
532.0,13.0
532.0,824.0
532.0,2.0
532.0,820.0
532.0,972.0
532.0,590.0
532.0,816.0
532.0,84.0
532.0,589.0
533.0,114.0
533.0,292.0
533.0,729.0
533.0,753.0
533.0,996.0
533.0,363.0
533.0,522.0
533.0,353.0
533.0,235.0
533.0,243.0
533.0,55.0
533.0,463.0
534.0,612.0
534.0,434.0
534.0,139.0
534.0,89.0
534.0,821.0
534.0,91.0
534.0,125.0
534.0,877.0
534.0,24.0
534.0,416.0
534.0,320.0
534.0,727.0
535.0,285.0
535.0,750.0
535.0,962.0
535.0,631.0
535.0,648.0
535.0,355.0
535.0,940.0
535.0,127.0
535.0,215.0
535.0,876.0
535.0,875.0
535.0,1032.0
536.0,866.0
536.0,172.0
536.0,960.0
536.0,184.0
536.0,761.0
536.0,839.0
536.0,479.0
536.0,266.0
536.0,286.0
536.0,788.0
536.0,378.0
536.0,151.0
537.0,543.0
537.0,415.0
537.0,96.0
537.0,370.0
537.0,127.0
537.0,795.0
537.0,363.0
537.0,479.0
537.0,47.0
537.0,847.0
537.0,175.0
537.0,12.0
538.0,473.0
538.0,954.0
538.0,498.0
538.0,553.0
538.0,198.0
538.0,879.0
538.0,550.0
538.0,642.0
538.0,543.0
538.0,228.0
538.0,514.0
538.0,276.0
539.0,905.0
539.0,370.0
539.0,1014.0
539.0,834.0
539.0,695.0
539.0,770.0
539.0,489.0
539.0,923.0
539.0,228.0
539.0,629.0
539.0,586.0
539.0,996.0
540.0,214.0
540.0,1027.0
540.0,360.0
540.0,395.0
540.0,440.0
540.0,889.0
540.0,912.0
540.0,718.0
540.0,342.0
540.0,907.0
540.0,964.0
540.0,326.0
541.0,683.0
541.0,442.0
541.0,32.0
541.0,76.0
541.0,949.0
541.0,339.0
541.0,808.0
541.0,954.0
541.0,329.0
541.0,503.0
541.0,68.0
541.0,638.0
542.0,424.0
542.0,140.0
542.0,1003.0
542.0,121.0
542.0,655.0
542.0,87.0
542.0,605.0
542.0,483.0
542.0,233.0
542.0,557.0
542.0,319.0
542.0,552.0
543.0,205.0
543.0,4.0
543.0,29.0
543.0,285.0
543.0,900.0
543.0,291.0
543.0,169.0
543.0,206.0
543.0,407.0
543.0,753.0
543.0,283.0
543.0,23.0
544.0,817.0
544.0,333.0
544.0,457.0
544.0,1017.0
544.0,983.0
544.0,568.0
544.0,873.0
544.0,812.0
544.0,496.0
544.0,312.0
544.0,501.0
544.0,428.0
545.0,981.0
545.0,912.0
545.0,867.0
545.0,253.0
545.0,204.0
545.0,119.0
545.0,501.0
545.0,926.0
545.0,790.0
545.0,80.0
545.0,991.0
545.0,102.0
546.0,395.0
546.0,577.0
546.0,513.0
546.0,795.0
546.0,683.0
546.0,516.0
546.0,436.0
546.0,284.0
546.0,507.0
546.0,682.0
546.0,779.0
546.0,706.0
547.0,568.0
547.0,274.0
547.0,416.0
547.0,890.0
547.0,498.0
547.0,242.0
547.0,367.0
547.0,838.0
547.0,1011.0
547.0,698.0
547.0,137.0
547.0,738.0
548.0,688.0
548.0,289.0
548.0,455.0
548.0,271.0
548.0,610.0
548.0,191.0
548.0,544.0
548.0,598.0
548.0,631.0
548.0,1028.0
548.0,678.0
548.0,231.0
549.0,107.0
549.0,678.0
549.0,361.0
549.0,881.0
549.0,415.0
549.0,967.0
549.0,241.0
549.0,1012.0
549.0,960.0
549.0,404.0
549.0,612.0
549.0,722.0
550.0,425.0
550.0,420.0
550.0,298.0
550.0,154.0
550.0,884.0
550.0,1020.0
550.0,830.0
550.0,9.0
550.0,334.0
550.0,668.0
550.0,926.0
550.0,533.0
551.0,898.0
551.0,364.0
551.0,653.0
551.0,52.0
551.0,392.0
551.0,552.0
551.0,124.0
551.0,165.0
551.0,502.0
551.0,633.0
551.0,736.0
551.0,175.0
552.0,1008.0
552.0,467.0
552.0,705.0
552.0,863.0
552.0,414.0
552.0,103.0
552.0,196.0
552.0,210.0
552.0,566.0
552.0,542.0
552.0,660.0
552.0,287.0
553.0,245.0
553.0,925.0
553.0,746.0
553.0,866.0
553.0,946.0
553.0,15.0
553.0,756.0
553.0,283.0
553.0,0.0
553.0,370.0
553.0,261.0
553.0,308.0
554.0,208.0
554.0,565.0
554.0,948.0
554.0,923.0
554.0,542.0
554.0,494.0
554.0,157.0
554.0,517.0
554.0,47.0
554.0,235.0
554.0,1009.0
554.0,681.0
555.0,260.0
555.0,483.0
555.0,118.0
555.0,251.0
555.0,940.0
555.0,1018.0
555.0,340.0
555.0,319.0
555.0,516.0
555.0,698.0
555.0,383.0
555.0,300.0
556.0,948.0
556.0,17.0
556.0,509.0
556.0,629.0
556.0,438.0
556.0,844.0
556.0,170.0
556.0,189.0
556.0,430.0
556.0,165.0
556.0,360.0
556.0,667.0
557.0,52.0
557.0,55.0
557.0,683.0
557.0,138.0
557.0,1017.0
557.0,544.0
557.0,742.0
557.0,81.0
557.0,612.0
557.0,105.0
557.0,277.0
557.0,701.0
558.0,102.0
558.0,479.0
558.0,71.0
558.0,615.0
558.0,146.0
558.0,687.0
558.0,933.0
558.0,216.0
558.0,370.0
558.0,261.0
558.0,79.0
558.0,281.0
559.0,648.0
559.0,835.0
559.0,959.0
559.0,729.0
559.0,363.0
559.0,618.0
559.0,66.0
559.0,539.0
559.0,662.0
559.0,992.0
559.0,491.0
559.0,631.0
560.0,453.0
560.0,861.0
560.0,191.0
560.0,1013.0
560.0,682.0
560.0,557.0
560.0,280.0
560.0,544.0
560.0,357.0
560.0,503.0
560.0,353.0
560.0,483.0
561.0,966.0
561.0,941.0
561.0,955.0
561.0,790.0
561.0,747.0
561.0,649.0
561.0,414.0
561.0,474.0
561.0,821.0
561.0,319.0
561.0,209.0
561.0,93.0
562.0,463.0
562.0,120.0
562.0,894.0
562.0,48.0
562.0,860.0
562.0,54.0
562.0,854.0
562.0,947.0
562.0,2.0
562.0,192.0
562.0,512.0
562.0,350.0
563.0,9.0
563.0,370.0
563.0,464.0
563.0,866.0
563.0,981.0
563.0,102.0
563.0,921.0
563.0,958.0
563.0,831.0
563.0,557.0
563.0,754.0
563.0,706.0
564.0,862.0
564.0,778.0
564.0,6.0
564.0,774.0
564.0,87.0
564.0,978.0
564.0,974.0
564.0,947.0
564.0,604.0
564.0,1002.0
564.0,867.0
564.0,586.0
565.0,754.0
565.0,705.0
565.0,745.0
565.0,537.0
565.0,960.0
565.0,481.0
565.0,620.0
565.0,228.0
565.0,781.0
565.0,1016.0
565.0,408.0
565.0,672.0
566.0,556.0
566.0,9.0
566.0,683.0
566.0,290.0
566.0,411.0
566.0,743.0
566.0,440.0
566.0,881.0
566.0,687.0
566.0,736.0
566.0,973.0
566.0,777.0
567.0,884.0
567.0,930.0
567.0,239.0
567.0,500.0
567.0,63.0
567.0,954.0
567.0,575.0
567.0,504.0
567.0,162.0
567.0,601.0
567.0,805.0
567.0,161.0
568.0,377.0
568.0,502.0
568.0,873.0
568.0,195.0
568.0,124.0
568.0,678.0
568.0,909.0
568.0,533.0
568.0,52.0
568.0,694.0
568.0,442.0
568.0,277.0
569.0,381.0
569.0,998.0
569.0,23.0
569.0,487.0
569.0,668.0
569.0,590.0
569.0,619.0
569.0,156.0
569.0,833.0
569.0,535.0
569.0,589.0
569.0,858.0
570.0,765.0
570.0,102.0
570.0,414.0
570.0,764.0
570.0,176.0
570.0,334.0
570.0,183.0
570.0,642.0
570.0,531.0
570.0,430.0
570.0,949.0
570.0,605.0
571.0,72.0
571.0,648.0
571.0,281.0
571.0,307.0
571.0,821.0
571.0,573.0
571.0,718.0
571.0,815.0
571.0,924.0
571.0,706.0
571.0,581.0
571.0,867.0
572.0,517.0
572.0,605.0
572.0,778.0
572.0,431.0
572.0,141.0
572.0,154.0
572.0,112.0
572.0,462.0
572.0,581.0
572.0,904.0
572.0,354.0
572.0,663.0
573.0,370.0
573.0,254.0
573.0,68.0
573.0,6.0
573.0,890.0
573.0,149.0
573.0,19.0
573.0,828.0
573.0,281.0
573.0,425.0
573.0,976.0
573.0,620.0
574.0,683.0
574.0,102.0
574.0,863.0
574.0,781.0
574.0,667.0
574.0,407.0
574.0,911.0
574.0,706.0
574.0,23.0
574.0,612.0
574.0,746.0
574.0,737.0
575.0,219.0
575.0,691.0
575.0,213.0
575.0,1009.0
575.0,361.0
575.0,83.0
575.0,556.0
575.0,1016.0
575.0,334.0
575.0,131.0
575.0,304.0
575.0,427.0
576.0,382.0
576.0,903.0
576.0,184.0
576.0,461.0
576.0,270.0
576.0,481.0
576.0,699.0
576.0,534.0
576.0,606.0
576.0,41.0
576.0,147.0
576.0,328.0
577.0,307.0
577.0,793.0
577.0,740.0
577.0,332.0
577.0,736.0
577.0,1027.0
577.0,749.0
577.0,429.0
577.0,509.0
577.0,969.0
577.0,81.0
577.0,913.0
578.0,655.0
578.0,612.0
578.0,557.0
578.0,711.0
578.0,35.0
578.0,846.0
578.0,540.0
578.0,696.0
578.0,972.0
578.0,416.0
578.0,103.0
578.0,764.0
579.0,137.0
579.0,155.0
579.0,100.0
579.0,955.0
579.0,587.0
579.0,368.0
579.0,249.0
579.0,939.0
579.0,1003.0
579.0,154.0
579.0,395.0
579.0,414.0
580.0,373.0
580.0,480.0
580.0,121.0
580.0,535.0
580.0,151.0
580.0,752.0
580.0,774.0
580.0,412.0
580.0,475.0
580.0,724.0
580.0,478.0
580.0,729.0
581.0,242.0
581.0,138.0
581.0,742.0
581.0,636.0
581.0,130.0
581.0,609.0
581.0,996.0
581.0,574.0
581.0,770.0
581.0,1017.0
581.0,436.0
581.0,803.0
582.0,344.0
582.0,531.0
582.0,0.0
582.0,118.0
582.0,548.0
582.0,295.0
582.0,39.0
582.0,205.0
582.0,391.0
582.0,194.0
582.0,623.0
582.0,13.0
583.0,756.0
583.0,336.0
583.0,430.0
583.0,189.0
583.0,65.0
583.0,320.0
583.0,577.0
583.0,849.0
583.0,895.0
583.0,493.0
583.0,153.0
583.0,657.0
584.0,89.0
584.0,543.0
584.0,884.0
584.0,1009.0
584.0,505.0
584.0,959.0
584.0,486.0
584.0,672.0
584.0,652.0
584.0,538.0
584.0,655.0
584.0,765.0
585.0,350.0
585.0,21.0
585.0,750.0
585.0,64.0
585.0,831.0
585.0,484.0
585.0,697.0
585.0,54.0
585.0,488.0
585.0,914.0
585.0,995.0
585.0,114.0
586.0,283.0
586.0,830.0
586.0,139.0
586.0,652.0
586.0,890.0
586.0,208.0
586.0,887.0
586.0,41.0
586.0,470.0
586.0,599.0
586.0,27.0
586.0,926.0
587.0,954.0
587.0,259.0
587.0,293.0
587.0,162.0
587.0,871.0
587.0,199.0
587.0,463.0
587.0,712.0
587.0,693.0
587.0,467.0
587.0,424.0
587.0,446.0
588.0,564.0
588.0,762.0
588.0,1034.0
588.0,114.0
588.0,144.0
588.0,726.0
588.0,433.0
588.0,325.0
588.0,650.0
588.0,17.0
588.0,306.0
588.0,685.0
589.0,2.0
589.0,303.0
589.0,569.0
589.0,519.0
589.0,965.0
589.0,213.0
589.0,443.0
589.0,447.0
589.0,399.0
589.0,772.0
589.0,4.0
589.0,116.0
590.0,447.0
590.0,594.0
590.0,559.0
590.0,245.0
590.0,580.0
590.0,215.0
590.0,224.0
590.0,246.0
590.0,761.0
590.0,949.0
590.0,482.0
590.0,295.0
591.0,998.0
591.0,719.0
591.0,842.0
591.0,270.0
591.0,749.0
591.0,889.0
591.0,752.0
591.0,285.0
591.0,621.0
591.0,148.0
591.0,553.0
591.0,989.0
592.0,936.0
592.0,1027.0
592.0,270.0
592.0,555.0
592.0,556.0
592.0,942.0
592.0,143.0
592.0,220.0
592.0,781.0
592.0,970.0
592.0,228.0
592.0,440.0
593.0,572.0
593.0,767.0
593.0,872.0
593.0,1021.0
593.0,868.0
593.0,140.0
593.0,390.0
593.0,796.0
593.0,458.0
593.0,481.0
593.0,10.0
593.0,452.0
594.0,990.0
594.0,307.0
594.0,47.0
594.0,501.0
594.0,746.0
594.0,369.0
594.0,250.0
594.0,482.0
594.0,420.0
594.0,975.0
594.0,370.0
594.0,231.0
595.0,210.0
595.0,914.0
595.0,669.0
595.0,461.0
595.0,763.0
595.0,726.0
595.0,1034.0
595.0,616.0
595.0,11.0
595.0,321.0
595.0,768.0
595.0,918.0
596.0,30.0
596.0,19.0
596.0,0.0
596.0,879.0
596.0,993.0
596.0,723.0
596.0,813.0
596.0,955.0
596.0,328.0
596.0,15.0
596.0,546.0
596.0,620.0
597.0,233.0
597.0,512.0
597.0,961.0
597.0,221.0
597.0,189.0
597.0,682.0
597.0,948.0
597.0,47.0
597.0,845.0
597.0,440.0
597.0,537.0
597.0,925.0
598.0,608.0
598.0,670.0
598.0,533.0
598.0,96.0
598.0,990.0
598.0,994.0
598.0,821.0
598.0,977.0
598.0,894.0
598.0,956.0
598.0,13.0
598.0,578.0
599.0,690.0
599.0,431.0
599.0,803.0
599.0,592.0
599.0,853.0
599.0,252.0
599.0,748.0
599.0,1014.0
599.0,170.0
599.0,82.0
599.0,1007.0
599.0,495.0
600.0,792.0
600.0,14.0
600.0,906.0
600.0,990.0
600.0,525.0
600.0,807.0
600.0,703.0
600.0,1028.0
600.0,34.0
600.0,700.0
600.0,901.0
600.0,376.0
601.0,823.0
601.0,456.0
601.0,41.0
601.0,56.0
601.0,316.0
601.0,605.0
601.0,888.0
601.0,65.0
601.0,868.0
601.0,697.0
601.0,10.0
601.0,200.0
602.0,335.0
602.0,104.0
602.0,506.0
602.0,195.0
602.0,485.0
602.0,677.0
602.0,199.0
602.0,264.0
602.0,99.0
602.0,823.0
602.0,882.0
602.0,225.0
603.0,878.0
603.0,200.0
603.0,469.0
603.0,1019.0
603.0,283.0
603.0,954.0
603.0,66.0
603.0,655.0
603.0,405.0
603.0,815.0
603.0,637.0
603.0,672.0
604.0,924.0
604.0,9.0
604.0,564.0
604.0,92.0
604.0,754.0
604.0,220.0
604.0,685.0
604.0,899.0
604.0,660.0
604.0,388.0
604.0,325.0
604.0,26.0
605.0,787.0
605.0,707.0
605.0,121.0
605.0,538.0
605.0,252.0
605.0,581.0
605.0,163.0
605.0,296.0
605.0,640.0
605.0,198.0
605.0,790.0
605.0,664.0
606.0,433.0
606.0,1015.0
606.0,26.0
606.0,375.0
606.0,626.0
606.0,617.0
606.0,534.0
606.0,321.0
606.0,616.0
606.0,888.0
606.0,365.0
606.0,841.0
607.0,464.0
607.0,515.0
607.0,718.0
607.0,795.0
607.0,609.0
607.0,592.0
607.0,367.0
607.0,308.0
607.0,292.0
607.0,844.0
607.0,369.0
607.0,877.0
608.0,206.0
608.0,554.0
608.0,845.0
608.0,357.0
608.0,674.0
608.0,380.0
608.0,996.0
608.0,331.0
608.0,752.0
608.0,176.0
608.0,242.0
608.0,496.0
609.0,470.0
609.0,946.0
609.0,552.0
609.0,887.0
609.0,395.0
609.0,169.0
609.0,892.0
609.0,299.0
609.0,296.0
609.0,781.0
609.0,774.0
609.0,1012.0
610.0,747.0
610.0,920.0
610.0,76.0
610.0,820.0
610.0,87.0
610.0,886.0
610.0,275.0
610.0,697.0
610.0,734.0
610.0,684.0
610.0,70.0
610.0,1013.0
611.0,921.0
611.0,445.0
611.0,258.0
611.0,860.0
611.0,871.0
611.0,1017.0
611.0,1020.0
611.0,117.0
611.0,468.0
611.0,156.0
611.0,388.0
611.0,1030.0
612.0,423.0
612.0,608.0
612.0,710.0
612.0,900.0
612.0,361.0
612.0,781.0
612.0,307.0
612.0,111.0
612.0,584.0
612.0,1012.0
612.0,67.0
612.0,889.0
613.0,444.0
613.0,975.0
613.0,797.0
613.0,290.0
613.0,535.0
613.0,362.0
613.0,477.0
613.0,854.0
613.0,819.0
613.0,358.0
613.0,475.0
613.0,1015.0
614.0,879.0
614.0,612.0
614.0,923.0
614.0,694.0
614.0,356.0
614.0,131.0
614.0,958.0
614.0,65.0
614.0,469.0
614.0,397.0
614.0,248.0
614.0,253.0
615.0,48.0
615.0,712.0
615.0,923.0
615.0,645.0
615.0,735.0
615.0,427.0
615.0,606.0
615.0,903.0
615.0,786.0
615.0,1034.0
615.0,508.0
615.0,534.0
616.0,458.0
616.0,841.0
616.0,604.0
616.0,423.0
616.0,679.0
616.0,132.0
616.0,850.0
616.0,197.0
616.0,92.0
616.0,121.0
616.0,892.0
616.0,459.0
617.0,676.0
617.0,938.0
617.0,459.0
617.0,885.0
617.0,679.0
617.0,43.0
617.0,942.0
617.0,239.0
617.0,669.0
617.0,899.0
617.0,1034.0
617.0,308.0
618.0,473.0
618.0,987.0
618.0,244.0
618.0,912.0
618.0,228.0
618.0,944.0
618.0,175.0
618.0,511.0
618.0,646.0
618.0,738.0
618.0,70.0
618.0,632.0
619.0,2.0
619.0,773.0
619.0,220.0
619.0,971.0
619.0,508.0
619.0,355.0
619.0,238.0
619.0,419.0
619.0,487.0
619.0,373.0
619.0,559.0
619.0,843.0
620.0,652.0
620.0,157.0
620.0,198.0
620.0,592.0
620.0,217.0
620.0,203.0
620.0,241.0
620.0,383.0
620.0,126.0
620.0,809.0
620.0,491.0
620.0,926.0
621.0,7.0
621.0,302.0
621.0,618.0
621.0,295.0
621.0,148.0
621.0,963.0
621.0,780.0
621.0,952.0
621.0,937.0
621.0,444.0
621.0,673.0
621.0,355.0
622.0,376.0
622.0,600.0
622.0,429.0
622.0,423.0
622.0,889.0
622.0,818.0
622.0,778.0
622.0,1012.0
622.0,838.0
622.0,918.0
622.0,52.0
622.0,308.0
623.0,2.0
623.0,1028.0
623.0,245.0
623.0,650.0
623.0,710.0
623.0,257.0
623.0,392.0
623.0,873.0
623.0,921.0
623.0,103.0
623.0,560.0
623.0,806.0
624.0,629.0
624.0,479.0
624.0,522.0
624.0,869.0
624.0,357.0
624.0,509.0
624.0,777.0
624.0,216.0
624.0,552.0
624.0,907.0
624.0,150.0
624.0,374.0
625.0,976.0
625.0,659.0
625.0,1030.0
625.0,241.0
625.0,363.0
625.0,799.0
625.0,829.0
625.0,642.0
625.0,78.0
625.0,462.0
625.0,581.0
625.0,559.0
626.0,606.0
626.0,850.0
626.0,92.0
626.0,382.0
626.0,26.0
626.0,727.0
626.0,768.0
626.0,604.0
626.0,40.0
626.0,892.0
626.0,685.0
626.0,841.0
627.0,549.0
627.0,400.0
627.0,99.0
627.0,1033.0
627.0,784.0
627.0,177.0
627.0,146.0
627.0,185.0
627.0,882.0
627.0,85.0
627.0,293.0
627.0,485.0
628.0,19.0
628.0,504.0
628.0,892.0
628.0,467.0
628.0,632.0
628.0,120.0
628.0,967.0
628.0,878.0
628.0,1011.0
628.0,491.0
628.0,348.0
628.0,370.0
629.0,264.0
629.0,742.0
629.0,871.0
629.0,999.0
629.0,835.0
629.0,407.0
629.0,1031.0
629.0,922.0
629.0,500.0
629.0,119.0
629.0,380.0
629.0,176.0
630.0,888.0
630.0,1023.0
630.0,588.0
630.0,468.0
630.0,595.0
630.0,48.0
630.0,101.0
630.0,152.0
630.0,683.0
630.0,850.0
630.0,274.0
630.0,318.0
631.0,261.0
631.0,393.0
631.0,507.0
631.0,523.0
631.0,674.0
631.0,747.0
631.0,1004.0
631.0,1009.0
631.0,353.0
631.0,594.0
631.0,273.0
631.0,219.0
632.0,17.0
632.0,993.0
632.0,616.0
632.0,398.0
632.0,862.0
632.0,926.0
632.0,941.0
632.0,350.0
632.0,128.0
632.0,121.0
632.0,313.0
632.0,888.0
633.0,1029.0
633.0,901.0
633.0,927.0
633.0,81.0
633.0,783.0
633.0,411.0
633.0,453.0
633.0,118.0
633.0,454.0
633.0,734.0
633.0,623.0
633.0,492.0
634.0,908.0
634.0,734.0
634.0,761.0
634.0,258.0
634.0,275.0
634.0,772.0
634.0,457.0
634.0,442.0
634.0,369.0
634.0,280.0
634.0,831.0
634.0,817.0
635.0,186.0
635.0,875.0
635.0,453.0
635.0,891.0
635.0,376.0
635.0,489.0
635.0,671.0
635.0,657.0
635.0,501.0
635.0,295.0
635.0,337.0
635.0,333.0
636.0,245.0
636.0,592.0
636.0,257.0
636.0,442.0
636.0,602.0
636.0,301.0
636.0,96.0
636.0,706.0
636.0,370.0
636.0,861.0
636.0,932.0
636.0,383.0
637.0,474.0
637.0,1012.0
637.0,318.0
637.0,547.0
637.0,446.0
637.0,200.0
637.0,662.0
637.0,501.0
637.0,426.0
637.0,264.0
637.0,748.0
637.0,349.0
638.0,894.0
638.0,464.0
638.0,157.0
638.0,952.0
638.0,555.0
638.0,279.0
638.0,636.0
638.0,886.0
638.0,946.0
638.0,182.0
638.0,608.0
638.0,570.0
639.0,494.0
639.0,1008.0
639.0,293.0
639.0,862.0
639.0,347.0
639.0,481.0
639.0,351.0
639.0,47.0
639.0,506.0
639.0,927.0
639.0,462.0
639.0,50.0
640.0,571.0
640.0,434.0
640.0,563.0
640.0,306.0
640.0,143.0
640.0,15.0
640.0,656.0
640.0,236.0
640.0,976.0
640.0,214.0
640.0,1020.0
640.0,773.0
641.0,534.0
641.0,842.0
641.0,221.0
641.0,839.0
641.0,89.0
641.0,716.0
641.0,160.0
641.0,490.0
641.0,298.0
641.0,768.0
641.0,850.0
641.0,786.0
642.0,369.0
642.0,1004.0
642.0,254.0
642.0,717.0
642.0,332.0
642.0,553.0
642.0,598.0
642.0,198.0
642.0,1003.0
642.0,203.0
642.0,938.0
642.0,541.0
643.0,502.0
643.0,765.0
643.0,807.0
643.0,638.0
643.0,910.0
643.0,623.0
643.0,806.0
643.0,280.0
643.0,171.0
643.0,356.0
643.0,657.0
643.0,20.0
644.0,215.0
644.0,321.0
644.0,161.0
644.0,328.0
644.0,139.0
644.0,606.0
644.0,433.0
644.0,341.0
644.0,654.0
644.0,190.0
644.0,484.0
644.0,768.0
645.0,126.0
645.0,962.0
645.0,238.0
645.0,116.0
645.0,973.0
645.0,64.0
645.0,994.0
645.0,136.0
645.0,854.0
645.0,608.0
645.0,512.0
645.0,450.0
646.0,258.0
646.0,1020.0
646.0,218.0
646.0,528.0
646.0,381.0
646.0,55.0
646.0,697.0
646.0,996.0
646.0,922.0
646.0,926.0
646.0,385.0
646.0,831.0
647.0,345.0
647.0,416.0
647.0,728.0
647.0,225.0
647.0,85.0
647.0,386.0
647.0,8.0
647.0,993.0
647.0,452.0
647.0,330.0
647.0,639.0
647.0,822.0
648.0,12.0
648.0,163.0
648.0,304.0
648.0,830.0
648.0,380.0
648.0,749.0
648.0,71.0
648.0,874.0
648.0,427.0
648.0,591.0
648.0,540.0
648.0,781.0
649.0,385.0
649.0,286.0
649.0,931.0
649.0,962.0
649.0,940.0
649.0,936.0
649.0,268.0
649.0,207.0
649.0,911.0
649.0,480.0
649.0,826.0
649.0,460.0
650.0,246.0
650.0,951.0
650.0,858.0
650.0,73.0
650.0,519.0
650.0,590.0
650.0,625.0
650.0,272.0
650.0,1001.0
650.0,36.0
650.0,479.0
650.0,777.0
651.0,436.0
651.0,313.0
651.0,310.0
651.0,1035.0
651.0,915.0
651.0,9.0
651.0,861.0
651.0,319.0
651.0,597.0
651.0,830.0
651.0,931.0
651.0,1007.0
652.0,543.0
652.0,868.0
652.0,887.0
652.0,603.0
652.0,542.0
652.0,292.0
652.0,438.0
652.0,926.0
652.0,183.0
652.0,699.0
652.0,453.0
652.0,596.0
653.0,1007.0
653.0,134.0
653.0,495.0
653.0,14.0
653.0,8.0
653.0,600.0
653.0,186.0
653.0,155.0
653.0,227.0
653.0,932.0
653.0,46.0
653.0,513.0
654.0,1002.0
654.0,382.0
654.0,615.0
654.0,390.0
654.0,644.0
654.0,169.0
654.0,606.0
654.0,957.0
654.0,120.0
654.0,604.0
654.0,841.0
654.0,768.0
655.0,332.0
655.0,777.0
655.0,30.0
655.0,922.0
655.0,1003.0
655.0,27.0
655.0,50.0
655.0,235.0
655.0,740.0
655.0,837.0
655.0,769.0
655.0,803.0
656.0,423.0
656.0,893.0
656.0,419.0
656.0,994.0
656.0,664.0
656.0,511.0
656.0,750.0
656.0,384.0
656.0,90.0
656.0,545.0
656.0,746.0
656.0,80.0
657.0,698.0
657.0,721.0
657.0,407.0
657.0,462.0
657.0,577.0
657.0,643.0
657.0,217.0
657.0,950.0
657.0,454.0
657.0,1007.0
657.0,503.0
657.0,640.0
658.0,323.0
658.0,149.0
658.0,729.0
658.0,292.0
658.0,830.0
658.0,181.0
658.0,468.0
658.0,522.0
658.0,111.0
658.0,194.0
658.0,205.0
658.0,66.0
659.0,994.0
659.0,290.0
659.0,115.0
659.0,66.0
659.0,330.0
659.0,284.0
659.0,657.0
659.0,95.0
659.0,370.0
659.0,258.0
659.0,494.0
659.0,959.0
660.0,323.0
660.0,1022.0
660.0,942.0
660.0,142.0
660.0,799.0
660.0,603.0
660.0,167.0
660.0,877.0
660.0,25.0
660.0,628.0
660.0,535.0
660.0,700.0
661.0,7.0
661.0,301.0
661.0,833.0
661.0,1001.0
661.0,135.0
661.0,734.0
661.0,636.0
661.0,355.0
661.0,650.0
661.0,1004.0
661.0,780.0
661.0,428.0
662.0,748.0
662.0,473.0
662.0,913.0
662.0,749.0
662.0,666.0
662.0,55.0
662.0,805.0
662.0,691.0
662.0,334.0
662.0,167.0
662.0,283.0
662.0,310.0
663.0,413.0
663.0,446.0
663.0,1021.0
663.0,742.0
663.0,386.0
663.0,467.0
663.0,907.0
663.0,972.0
663.0,793.0
663.0,394.0
663.0,103.0
663.0,107.0
664.0,712.0
664.0,865.0
664.0,799.0
664.0,327.0
664.0,28.0
664.0,837.0
664.0,342.0
664.0,513.0
664.0,989.0
664.0,444.0
664.0,48.0
664.0,352.0
665.0,56.0
665.0,979.0
665.0,313.0
665.0,540.0
665.0,19.0
665.0,136.0
665.0,874.0
665.0,1031.0
665.0,991.0
665.0,163.0
665.0,554.0
665.0,565.0
666.0,634.0
666.0,674.0
666.0,533.0
666.0,280.0
666.0,730.0
666.0,1024.0
666.0,353.0
666.0,503.0
666.0,772.0
666.0,897.0
666.0,994.0
666.0,33.0
667.0,98.0
667.0,868.0
667.0,925.0
667.0,837.0
667.0,111.0
667.0,874.0
667.0,243.0
667.0,156.0
667.0,91.0
667.0,361.0
667.0,1029.0
667.0,370.0
668.0,954.0
668.0,949.0
668.0,835.0
668.0,531.0
668.0,552.0
668.0,1009.0
668.0,658.0
668.0,770.0
668.0,24.0
668.0,12.0
668.0,791.0
668.0,395.0
669.0,375.0
669.0,405.0
669.0,768.0
669.0,1034.0
669.0,615.0
669.0,75.0
669.0,173.0
669.0,880.0
669.0,144.0
669.0,114.0
669.0,987.0
669.0,169.0
670.0,265.0
670.0,772.0
670.0,95.0
670.0,788.0
670.0,750.0
670.0,524.0
670.0,574.0
670.0,427.0
670.0,528.0
670.0,994.0
670.0,183.0
670.0,581.0
671.0,805.0
671.0,694.0
671.0,471.0
671.0,73.0
671.0,988.0
671.0,46.0
671.0,547.0
671.0,909.0
671.0,8.0
671.0,185.0
671.0,638.0
671.0,1010.0
672.0,874.0
672.0,115.0
672.0,309.0
672.0,130.0
672.0,543.0
672.0,922.0
672.0,479.0
672.0,1014.0
672.0,291.0
672.0,395.0
672.0,954.0
672.0,13.0
673.0,590.0
673.0,825.0
673.0,303.0
673.0,638.0
673.0,833.0
673.0,482.0
673.0,983.0
673.0,473.0
673.0,36.0
673.0,780.0
673.0,634.0
673.0,13.0
674.0,747.0
674.0,1027.0
674.0,257.0
674.0,191.0
674.0,925.0
674.0,194.0
674.0,912.0
674.0,428.0
674.0,997.0
674.0,489.0
674.0,552.0
674.0,666.0
675.0,97.0
675.0,338.0
675.0,632.0
675.0,164.0
675.0,999.0
675.0,832.0
675.0,88.0
675.0,763.0
675.0,461.0
675.0,316.0
675.0,110.0
675.0,993.0
676.0,716.0
676.0,201.0
676.0,92.0
676.0,413.0
676.0,543.0
676.0,320.0
676.0,375.0
676.0,40.0
676.0,262.0
676.0,147.0
676.0,153.0
676.0,528.0
677.0,959.0
677.0,529.0
677.0,624.0
677.0,793.0
677.0,46.0
677.0,549.0
677.0,482.0
677.0,587.0
677.0,396.0
677.0,104.0
677.0,657.0
677.0,360.0
678.0,697.0
678.0,53.0
678.0,837.0
678.0,671.0
678.0,597.0
678.0,121.0
678.0,546.0
678.0,552.0
678.0,721.0
678.0,1035.0
678.0,216.0
678.0,277.0
679.0,147.0
679.0,3.0
679.0,827.0
679.0,282.0
679.0,626.0
679.0,644.0
679.0,152.0
679.0,375.0
679.0,1002.0
679.0,957.0
679.0,946.0
679.0,404.0
680.0,449.0
680.0,389.0
680.0,762.0
680.0,269.0
680.0,168.0
680.0,499.0
680.0,564.0
680.0,65.0
680.0,902.0
680.0,462.0
680.0,326.0
680.0,380.0
681.0,363.0
681.0,1011.0
681.0,1004.0
681.0,655.0
681.0,933.0
681.0,976.0
681.0,740.0
681.0,774.0
681.0,176.0
681.0,117.0
681.0,835.0
681.0,866.0
682.0,651.0
682.0,242.0
682.0,920.0
682.0,775.0
682.0,83.0
682.0,544.0
682.0,280.0
682.0,430.0
682.0,464.0
682.0,861.0
682.0,764.0
682.0,127.0
683.0,218.0
683.0,330.0
683.0,836.0
683.0,948.0
683.0,711.0
683.0,269.0
683.0,749.0
683.0,922.0
683.0,1008.0
683.0,329.0
683.0,235.0
683.0,217.0
684.0,971.0
684.0,874.0
684.0,777.0
684.0,846.0
684.0,896.0
684.0,574.0
684.0,931.0
684.0,80.0
684.0,946.0
684.0,744.0
684.0,215.0
684.0,206.0
685.0,338.0
685.0,54.0
685.0,132.0
685.0,841.0
685.0,850.0
685.0,884.0
685.0,313.0
685.0,26.0
685.0,390.0
685.0,669.0
685.0,796.0
685.0,114.0
686.0,905.0
686.0,973.0
686.0,507.0
686.0,765.0
686.0,730.0
686.0,560.0
686.0,495.0
686.0,1030.0
686.0,75.0
686.0,483.0
686.0,808.0
686.0,744.0
687.0,442.0
687.0,954.0
687.0,866.0
687.0,127.0
687.0,847.0
687.0,143.0
687.0,944.0
687.0,666.0
687.0,75.0
687.0,993.0
687.0,1007.0
687.0,168.0
688.0,96.0
688.0,965.0
688.0,489.0
688.0,33.0
688.0,886.0
688.0,55.0
688.0,167.0
688.0,60.0
688.0,300.0
688.0,376.0
688.0,178.0
688.0,393.0
689.0,161.0
689.0,490.0
689.0,259.0
689.0,314.0
689.0,209.0
689.0,930.0
689.0,903.0
689.0,117.0
689.0,461.0
689.0,798.0
689.0,316.0
689.0,709.0
690.0,165.0
690.0,678.0
690.0,78.0
690.0,1019.0
690.0,691.0
690.0,572.0
690.0,420.0
690.0,820.0
690.0,117.0
690.0,992.0
690.0,408.0
690.0,378.0
691.0,494.0
691.0,326.0
691.0,210.0
691.0,467.0
691.0,159.0
691.0,660.0
691.0,32.0
691.0,368.0
691.0,690.0
691.0,779.0
691.0,336.0
691.0,923.0
692.0,371.0
692.0,779.0
692.0,686.0
692.0,309.0
692.0,24.0
692.0,991.0
692.0,578.0
692.0,672.0
692.0,20.0
692.0,643.0
692.0,231.0
692.0,187.0
693.0,767.0
693.0,593.0
693.0,441.0
693.0,663.0
693.0,210.0
693.0,561.0
693.0,907.0
693.0,647.0
693.0,485.0
693.0,264.0
693.0,337.0
693.0,354.0
694.0,492.0
694.0,452.0
694.0,950.0
694.0,233.0
694.0,859.0
694.0,310.0
694.0,655.0
694.0,968.0
694.0,158.0
694.0,793.0
694.0,418.0
694.0,216.0
695.0,42.0
695.0,658.0
695.0,634.0
695.0,162.0
695.0,533.0
695.0,608.0
695.0,137.0
695.0,747.0
695.0,168.0
695.0,717.0
695.0,795.0
695.0,102.0
696.0,1016.0
696.0,549.0
696.0,191.0
696.0,738.0
696.0,959.0
696.0,919.0
696.0,295.0
696.0,102.0
696.0,212.0
696.0,633.0
696.0,1028.0
696.0,268.0
697.0,432.0
697.0,847.0
697.0,746.0
697.0,273.0
697.0,815.0
697.0,683.0
697.0,196.0
697.0,812.0
697.0,79.0
697.0,1030.0
697.0,744.0
697.0,187.0
698.0,479.0
698.0,185.0
698.0,104.0
698.0,959.0
698.0,692.0
698.0,657.0
698.0,728.0
698.0,863.0
698.0,330.0
698.0,984.0
698.0,482.0
698.0,744.0
699.0,717.0
699.0,476.0
699.0,611.0
699.0,740.0
699.0,258.0
699.0,862.0
699.0,484.0
699.0,329.0
699.0,821.0
699.0,1004.0
699.0,1019.0
699.0,992.0
700.0,584.0
700.0,497.0
700.0,133.0
700.0,168.0
700.0,931.0
700.0,521.0
700.0,713.0
700.0,789.0
700.0,991.0
700.0,547.0
700.0,1025.0
700.0,623.0
701.0,103.0
701.0,304.0
701.0,743.0
701.0,787.0
701.0,844.0
701.0,592.0
701.0,653.0
701.0,960.0
701.0,991.0
701.0,648.0
701.0,292.0
701.0,907.0
702.0,522.0
702.0,650.0
702.0,908.0
702.0,7.0
702.0,246.0
702.0,188.0
702.0,303.0
702.0,268.0
702.0,974.0
702.0,833.0
702.0,447.0
702.0,183.0
703.0,547.0
703.0,46.0
703.0,671.0
703.0,505.0
703.0,34.0
703.0,141.0
703.0,894.0
703.0,418.0
703.0,93.0
703.0,186.0
703.0,909.0
703.0,801.0
704.0,229.0
704.0,486.0
704.0,505.0
704.0,73.0
704.0,495.0
704.0,703.0
704.0,498.0
704.0,127.0
704.0,653.0
704.0,698.0
704.0,356.0
704.0,476.0
705.0,12.0
705.0,970.0
705.0,922.0
705.0,803.0
705.0,615.0
705.0,241.0
705.0,298.0
705.0,352.0
705.0,363.0
705.0,423.0
705.0,611.0
705.0,913.0
706.0,970.0
706.0,235.0
706.0,462.0
706.0,903.0
706.0,190.0
706.0,464.0
706.0,276.0
706.0,607.0
706.0,163.0
706.0,668.0
706.0,902.0
706.0,102.0
707.0,1008.0
707.0,712.0
707.0,907.0
707.0,865.0
707.0,860.0
707.0,715.0
707.0,620.0
707.0,368.0
707.0,746.0
707.0,853.0
707.0,493.0
707.0,151.0
708.0,681.0
708.0,763.0
708.0,870.0
708.0,117.0
708.0,586.0
708.0,119.0
708.0,756.0
708.0,712.0
708.0,150.0
708.0,672.0
708.0,219.0
708.0,558.0
709.0,214.0
709.0,871.0
709.0,1014.0
709.0,28.0
709.0,689.0
709.0,230.0
709.0,129.0
709.0,408.0
709.0,240.0
709.0,145.0
709.0,572.0
709.0,225.0
710.0,339.0
710.0,15.0
710.0,296.0
710.0,168.0
710.0,862.0
710.0,889.0
710.0,298.0
710.0,597.0
710.0,427.0
710.0,575.0
710.0,313.0
710.0,78.0
711.0,715.0
711.0,545.0
711.0,242.0
711.0,36.0
711.0,279.0
711.0,151.0
711.0,660.0
711.0,327.0
711.0,867.0
711.0,911.0
711.0,42.0
711.0,592.0
712.0,6.0
712.0,597.0
712.0,330.0
712.0,280.0
712.0,287.0
712.0,921.0
712.0,558.0
712.0,930.0
712.0,405.0
712.0,795.0
712.0,887.0
712.0,853.0
713.0,779.0
713.0,678.0
713.0,280.0
713.0,467.0
713.0,946.0
713.0,700.0
713.0,657.0
713.0,787.0
713.0,853.0
713.0,1001.0
713.0,356.0
713.0,743.0
714.0,189.0
714.0,483.0
714.0,928.0
714.0,952.0
714.0,416.0
714.0,83.0
714.0,688.0
714.0,560.0
714.0,1018.0
714.0,496.0
714.0,765.0
714.0,849.0
715.0,946.0
715.0,253.0
715.0,923.0
715.0,769.0
715.0,672.0
715.0,805.0
715.0,809.0
715.0,380.0
715.0,945.0
715.0,458.0
715.0,958.0
715.0,790.0
716.0,431.0
716.0,942.0
716.0,782.0
716.0,880.0
716.0,328.0
716.0,320.0
716.0,899.0
716.0,415.0
716.0,1034.0
716.0,460.0
716.0,459.0
716.0,676.0
717.0,869.0
717.0,863.0
717.0,867.0
717.0,71.0
717.0,304.0
717.0,798.0
717.0,48.0
717.0,328.0
717.0,989.0
717.0,320.0
717.0,615.0
717.0,760.0
718.0,711.0
718.0,205.0
718.0,668.0
718.0,563.0
718.0,612.0
718.0,81.0
718.0,744.0
718.0,419.0
718.0,75.0
718.0,640.0
718.0,221.0
718.0,540.0
719.0,640.0
719.0,933.0
719.0,55.0
719.0,243.0
719.0,612.0
719.0,665.0
719.0,107.0
719.0,684.0
719.0,870.0
719.0,286.0
719.0,583.0
719.0,867.0
720.0,448.0
720.0,207.0
720.0,936.0
720.0,350.0
720.0,488.0
720.0,320.0
720.0,221.0
720.0,757.0
720.0,1022.0
720.0,885.0
720.0,86.0
720.0,776.0
721.0,396.0
721.0,544.0
721.0,245.0
721.0,731.0
721.0,846.0
721.0,244.0
721.0,130.0
721.0,356.0
721.0,874.0
721.0,624.0
721.0,119.0
721.0,158.0
722.0,639.0
722.0,539.0
722.0,927.0
722.0,446.0
722.0,62.0
722.0,707.0
722.0,232.0
722.0,387.0
722.0,836.0
722.0,386.0
722.0,87.0
722.0,805.0
723.0,624.0
723.0,591.0
723.0,478.0
723.0,893.0
723.0,357.0
723.0,620.0
723.0,523.0
723.0,589.0
723.0,381.0
723.0,775.0
723.0,592.0
723.0,827.0
724.0,975.0
724.0,156.0
724.0,618.0
724.0,511.0
724.0,523.0
724.0,756.0
724.0,691.0
724.0,160.0
724.0,228.0
724.0,68.0
724.0,540.0
724.0,475.0
725.0,215.0
725.0,359.0
725.0,1027.0
725.0,357.0
725.0,724.0
725.0,71.0
725.0,749.0
725.0,479.0
725.0,947.0
725.0,473.0
725.0,691.0
725.0,676.0
726.0,695.0
726.0,397.0
726.0,59.0
726.0,574.0
726.0,799.0
726.0,617.0
726.0,114.0
726.0,244.0
726.0,976.0
726.0,28.0
726.0,1019.0
726.0,477.0
727.0,153.0
727.0,856.0
727.0,680.0
727.0,113.0
727.0,282.0
727.0,907.0
727.0,771.0
727.0,177.0
727.0,139.0
727.0,1002.0
727.0,413.0
727.0,180.0
728.0,430.0
728.0,32.0
728.0,977.0
728.0,378.0
728.0,545.0
728.0,449.0
728.0,439.0
728.0,486.0
728.0,629.0
728.0,110.0
728.0,248.0
728.0,862.0
729.0,990.0
729.0,826.0
729.0,969.0
729.0,82.0
729.0,402.0
729.0,938.0
729.0,884.0
729.0,738.0
729.0,973.0
729.0,73.0
729.0,313.0
729.0,981.0
730.0,29.0
730.0,571.0
730.0,548.0
730.0,1017.0
730.0,817.0
730.0,16.0
730.0,560.0
730.0,734.0
730.0,1013.0
730.0,246.0
730.0,853.0
730.0,643.0
731.0,64.0
731.0,151.0
731.0,130.0
731.0,83.0
731.0,718.0
731.0,168.0
731.0,362.0
731.0,503.0
731.0,856.0
731.0,877.0
731.0,256.0
731.0,425.0
732.0,856.0
732.0,0.0
732.0,1030.0
732.0,795.0
732.0,959.0
732.0,565.0
732.0,566.0
732.0,189.0
732.0,894.0
732.0,327.0
732.0,642.0
732.0,1008.0
733.0,965.0
733.0,357.0
733.0,951.0
733.0,634.0
733.0,74.0
733.0,1016.0
733.0,820.0
733.0,1007.0
733.0,273.0
733.0,845.0
733.0,970.0
733.0,9.0
734.0,807.0
734.0,701.0
734.0,599.0
734.0,719.0
734.0,371.0
734.0,70.0
734.0,219.0
734.0,809.0
734.0,527.0
734.0,890.0
734.0,221.0
734.0,138.0
735.0,120.0
735.0,253.0
735.0,240.0
735.0,71.0
735.0,632.0
735.0,342.0
735.0,628.0
735.0,1019.0
735.0,616.0
735.0,433.0
735.0,349.0
735.0,65.0
736.0,51.0
736.0,948.0
736.0,1009.0
736.0,1004.0
736.0,61.0
736.0,156.0
736.0,334.0
736.0,415.0
736.0,47.0
736.0,889.0
736.0,629.0
736.0,44.0
737.0,597.0
737.0,660.0
737.0,466.0
737.0,363.0
737.0,475.0
737.0,897.0
737.0,931.0
737.0,180.0
737.0,892.0
737.0,534.0
737.0,711.0
737.0,926.0
738.0,608.0
738.0,404.0
738.0,103.0
738.0,428.0
738.0,119.0
738.0,319.0
738.0,51.0
738.0,748.0
738.0,516.0
738.0,514.0
738.0,449.0
738.0,584.0
739.0,76.0
739.0,199.0
739.0,539.0
739.0,25.0
739.0,404.0
739.0,269.0
739.0,700.0
739.0,546.0
739.0,652.0
739.0,140.0
739.0,20.0
739.0,879.0
740.0,126.0
740.0,895.0
740.0,835.0
740.0,706.0
740.0,558.0
740.0,607.0
740.0,288.0
740.0,187.0
740.0,10.0
740.0,770.0
740.0,933.0
740.0,662.0
741.0,772.0
741.0,33.0
741.0,825.0
741.0,39.0
741.0,780.0
741.0,246.0
741.0,353.0
741.0,592.0
741.0,686.0
741.0,191.0
741.0,236.0
741.0,661.0
742.0,889.0
742.0,309.0
742.0,495.0
742.0,996.0
742.0,216.0
742.0,991.0
742.0,319.0
742.0,308.0
742.0,249.0
742.0,925.0
742.0,998.0
742.0,154.0
743.0,657.0
743.0,861.0
743.0,219.0
743.0,610.0
743.0,701.0
743.0,288.0
743.0,498.0
743.0,329.0
743.0,846.0
743.0,558.0
743.0,939.0
743.0,633.0
744.0,217.0
744.0,51.0
744.0,513.0
744.0,356.0
744.0,214.0
744.0,642.0
744.0,950.0
744.0,78.0
744.0,25.0
744.0,835.0
744.0,959.0
744.0,599.0
745.0,343.0
745.0,128.0
745.0,911.0
745.0,862.0
745.0,69.0
745.0,346.0
745.0,412.0
745.0,646.0
745.0,218.0
745.0,914.0
745.0,574.0
745.0,267.0
746.0,278.0
746.0,245.0
746.0,335.0
746.0,450.0
746.0,188.0
746.0,581.0
746.0,612.0
746.0,889.0
746.0,61.0
746.0,863.0
746.0,440.0
746.0,768.0
747.0,138.0
747.0,633.0
747.0,473.0
747.0,482.0
747.0,76.0
747.0,696.0
747.0,220.0
747.0,266.0
747.0,565.0
747.0,431.0
747.0,571.0
747.0,575.0
748.0,51.0
748.0,512.0
748.0,989.0
748.0,566.0
748.0,856.0
748.0,462.0
748.0,463.0
748.0,887.0
748.0,630.0
748.0,724.0
748.0,573.0
748.0,754.0
749.0,130.0
749.0,1025.0
749.0,357.0
749.0,56.0
749.0,877.0
749.0,996.0
749.0,648.0
749.0,992.0
749.0,235.0
749.0,678.0
749.0,895.0
749.0,989.0
750.0,528.0
750.0,545.0
750.0,775.0
750.0,263.0
750.0,799.0
750.0,160.0
750.0,406.0
750.0,956.0
750.0,611.0
750.0,389.0
750.0,42.0
750.0,757.0
751.0,454.0
751.0,568.0
751.0,495.0
751.0,544.0
751.0,898.0
751.0,279.0
751.0,635.0
751.0,428.0
751.0,178.0
751.0,915.0
751.0,547.0
751.0,0.0
752.0,574.0
752.0,534.0
752.0,723.0
752.0,236.0
752.0,439.0
752.0,607.0
752.0,70.0
752.0,465.0
752.0,276.0
752.0,908.0
752.0,36.0
752.0,6.0
753.0,522.0
753.0,127.0
753.0,598.0
753.0,862.0
753.0,541.0
753.0,98.0
753.0,1030.0
753.0,554.0
753.0,942.0
753.0,895.0
753.0,111.0
753.0,718.0
754.0,584.0
754.0,176.0
754.0,499.0
754.0,815.0
754.0,1016.0
754.0,459.0
754.0,423.0
754.0,446.0
754.0,948.0
754.0,640.0
754.0,845.0
754.0,1014.0
755.0,243.0
755.0,609.0
755.0,512.0
755.0,574.0
755.0,304.0
755.0,176.0
755.0,636.0
755.0,787.0
755.0,231.0
755.0,543.0
755.0,839.0
755.0,283.0
756.0,713.0
756.0,341.0
756.0,695.0
756.0,228.0
756.0,349.0
756.0,1020.0
756.0,78.0
756.0,214.0
756.0,607.0
756.0,196.0
756.0,1035.0
756.0,360.0
757.0,523.0
757.0,285.0
757.0,180.0
757.0,258.0
757.0,591.0
757.0,690.0
757.0,560.0
757.0,375.0
757.0,328.0
757.0,273.0
757.0,947.0
757.0,412.0
758.0,631.0
758.0,22.0
758.0,194.0
758.0,534.0
758.0,622.0
758.0,594.0
758.0,780.0
758.0,794.0
758.0,557.0
758.0,483.0
758.0,858.0
758.0,655.0
759.0,384.0
759.0,172.0
759.0,553.0
759.0,296.0
759.0,1024.0
759.0,769.0
759.0,635.0
759.0,267.0
759.0,682.0
759.0,115.0
759.0,313.0
759.0,571.0
760.0,778.0
760.0,832.0
760.0,91.0
760.0,585.0
760.0,594.0
760.0,483.0
760.0,491.0
760.0,48.0
760.0,1011.0
760.0,408.0
760.0,220.0
760.0,932.0
761.0,532.0
761.0,222.0
761.0,816.0
761.0,346.0
761.0,268.0
761.0,752.0
761.0,292.0
761.0,631.0
761.0,858.0
761.0,39.0
761.0,985.0
761.0,920.0
762.0,144.0
762.0,605.0
762.0,365.0
762.0,362.0
762.0,614.0
762.0,727.0
762.0,735.0
762.0,78.0
762.0,243.0
762.0,451.0
762.0,802.0
762.0,321.0
763.0,467.0
763.0,252.0
763.0,458.0
763.0,728.0
763.0,190.0
763.0,413.0
763.0,439.0
763.0,507.0
763.0,930.0
763.0,872.0
763.0,945.0
763.0,239.0
764.0,552.0
764.0,840.0
764.0,301.0
764.0,625.0
764.0,919.0
764.0,507.0
764.0,1009.0
764.0,1007.0
764.0,127.0
764.0,672.0
764.0,220.0
764.0,434.0
765.0,577.0
765.0,301.0
765.0,290.0
765.0,1000.0
765.0,581.0
765.0,770.0
765.0,538.0
765.0,198.0
765.0,629.0
765.0,486.0
765.0,939.0
765.0,1014.0
766.0,85.0
766.0,506.0
766.0,45.0
766.0,822.0
766.0,1021.0
766.0,762.0
766.0,441.0
766.0,400.0
766.0,882.0
766.0,823.0
766.0,587.0
766.0,993.0
767.0,867.0
767.0,252.0
767.0,95.0
767.0,871.0
767.0,1025.0
767.0,158.0
767.0,812.0
767.0,354.0
767.0,542.0
767.0,923.0
767.0,733.0
767.0,38.0
768.0,338.0
768.0,349.0
768.0,365.0
768.0,190.0
768.0,282.0
768.0,361.0
768.0,604.0
768.0,114.0
768.0,176.0
768.0,626.0
768.0,617.0
768.0,644.0
769.0,958.0
769.0,715.0
769.0,414.0
769.0,434.0
769.0,553.0
769.0,254.0
769.0,651.0
769.0,842.0
769.0,934.0
769.0,809.0
769.0,654.0
769.0,307.0
770.0,155.0
770.0,821.0
770.0,959.0
770.0,157.0
770.0,961.0
770.0,691.0
770.0,655.0
770.0,743.0
770.0,133.0
770.0,947.0
770.0,637.0
770.0,25.0
771.0,1015.0
771.0,554.0
771.0,21.0
771.0,520.0
771.0,152.0
771.0,120.0
771.0,680.0
771.0,298.0
771.0,306.0
771.0,147.0
771.0,617.0
771.0,626.0
772.0,848.0
772.0,36.0
772.0,35.0
772.0,336.0
772.0,648.0
772.0,51.0
772.0,960.0
772.0,256.0
772.0,1008.0
772.0,435.0
772.0,39.0
772.0,714.0
773.0,254.0
773.0,57.0
773.0,724.0
773.0,4.0
773.0,779.0
773.0,298.0
773.0,106.0
773.0,66.0
773.0,84.0
773.0,794.0
773.0,791.0
773.0,317.0
774.0,43.0
774.0,22.0
774.0,725.0
774.0,813.0
774.0,204.0
774.0,54.0
774.0,1004.0
774.0,781.0
774.0,800.0
774.0,385.0
774.0,854.0
774.0,681.0
775.0,373.0
775.0,235.0
775.0,755.0
775.0,355.0
775.0,421.0
775.0,234.0
775.0,611.0
775.0,794.0
775.0,723.0
775.0,70.0
775.0,938.0
775.0,480.0
776.0,720.0
776.0,173.0
776.0,484.0
776.0,585.0
776.0,911.0
776.0,843.0
776.0,362.0
776.0,957.0
776.0,716.0
776.0,831.0
776.0,669.0
776.0,209.0
777.0,445.0
777.0,1004.0
777.0,27.0
777.0,470.0
777.0,531.0
777.0,954.0
777.0,466.0
777.0,884.0
777.0,794.0
777.0,900.0
777.0,326.0
777.0,848.0
778.0,738.0
778.0,185.0
778.0,370.0
778.0,984.0
778.0,230.0
778.0,121.0
778.0,259.0
778.0,639.0
778.0,1008.0
778.0,440.0
778.0,655.0
778.0,669.0
779.0,509.0
779.0,578.0
779.0,482.0
779.0,422.0
779.0,104.0
779.0,208.0
779.0,227.0
779.0,524.0
779.0,158.0
779.0,575.0
779.0,73.0
779.0,970.0
780.0,650.0
780.0,103.0
780.0,310.0
780.0,7.0
780.0,37.0
780.0,1030.0
780.0,858.0
780.0,344.0
780.0,876.0
780.0,825.0
780.0,340.0
780.0,577.0
781.0,24.0
781.0,412.0
781.0,719.0
781.0,132.0
781.0,925.0
781.0,954.0
781.0,756.0
781.0,597.0
781.0,427.0
781.0,1027.0
781.0,711.0
781.0,900.0
782.0,448.0
782.0,417.0
782.0,611.0
782.0,826.0
782.0,515.0
782.0,409.0
782.0,142.0
782.0,108.0
782.0,750.0
782.0,774.0
782.0,957.0
782.0,425.0
783.0,891.0
783.0,807.0
783.0,548.0
783.0,813.0
783.0,1018.0
783.0,547.0
783.0,333.0
783.0,730.0
783.0,779.0
783.0,73.0
783.0,544.0
783.0,555.0
784.0,208.0
784.0,693.0
784.0,58.0
784.0,436.0
784.0,57.0
784.0,452.0
784.0,474.0
784.0,663.0
784.0,657.0
784.0,766.0
784.0,509.0
784.0,836.0
785.0,634.0
785.0,498.0
785.0,682.0
785.0,874.0
785.0,1006.0
785.0,370.0
785.0,731.0
785.0,366.0
785.0,416.0
785.0,747.0
785.0,792.0
785.0,985.0
786.0,192.0
786.0,1034.0
786.0,852.0
786.0,980.0
786.0,445.0
786.0,944.0
786.0,814.0
786.0,775.0
786.0,238.0
786.0,342.0
786.0,144.0
786.0,545.0
787.0,549.0
787.0,618.0
787.0,836.0
787.0,411.0
787.0,939.0
787.0,651.0
787.0,565.0
787.0,1024.0
787.0,894.0
787.0,189.0
787.0,299.0
787.0,157.0
788.0,531.0
788.0,952.0
788.0,995.0
788.0,285.0
788.0,450.0
788.0,407.0
788.0,775.0
788.0,304.0
788.0,23.0
788.0,1031.0
788.0,962.0
788.0,188.0
789.0,657.0
789.0,277.0
789.0,49.0
789.0,818.0
789.0,525.0
789.0,138.0
789.0,72.0
789.0,1025.0
789.0,581.0
789.0,516.0
789.0,747.0
789.0,312.0
790.0,368.0
790.0,110.0
790.0,571.0
790.0,1023.0
790.0,865.0
790.0,204.0
790.0,430.0
790.0,221.0
790.0,723.0
790.0,150.0
790.0,182.0
790.0,296.0
791.0,214.0
791.0,662.0
791.0,75.0
791.0,351.0
791.0,637.0
791.0,208.0
791.0,708.0
791.0,950.0
791.0,24.0
791.0,740.0
791.0,450.0
791.0,334.0
792.0,1003.0
792.0,643.0
792.0,873.0
792.0,255.0
792.0,551.0
792.0,836.0
792.0,657.0
792.0,984.0
792.0,1012.0
792.0,779.0
792.0,219.0
792.0,34.0
793.0,801.0
793.0,485.0
793.0,871.0
793.0,1009.0
793.0,400.0
793.0,466.0
793.0,834.0
793.0,91.0
793.0,446.0
793.0,164.0
793.0,5.0
793.0,404.0
794.0,126.0
794.0,788.0
794.0,897.0
794.0,555.0
794.0,268.0
794.0,623.0
794.0,463.0
794.0,581.0
794.0,960.0
794.0,290.0
794.0,875.0
794.0,962.0
795.0,753.0
795.0,75.0
795.0,79.0
795.0,165.0
795.0,874.0
795.0,253.0
795.0,583.0
795.0,659.0
795.0,625.0
795.0,286.0
795.0,682.0
795.0,345.0
796.0,368.0
796.0,88.0
796.0,467.0
796.0,809.0
796.0,398.0
796.0,859.0
796.0,163.0
796.0,939.0
796.0,132.0
796.0,184.0
796.0,675.0
796.0,209.0
797.0,669.0
797.0,455.0
797.0,201.0
797.0,448.0
797.0,373.0
797.0,782.0
797.0,510.0
797.0,875.0
797.0,843.0
797.0,724.0
797.0,786.0
797.0,108.0
798.0,595.0
798.0,349.0
798.0,802.0
798.0,164.0
798.0,572.0
798.0,584.0
798.0,769.0
798.0,320.0
798.0,237.0
798.0,328.0
798.0,628.0
798.0,433.0
799.0,543.0
799.0,172.0
799.0,37.0
799.0,706.0
799.0,573.0
799.0,879.0
799.0,981.0
799.0,867.0
799.0,218.0
799.0,450.0
799.0,299.0
799.0,554.0
800.0,201.0
800.0,759.0
800.0,679.0
800.0,488.0
800.0,444.0
800.0,771.0
800.0,151.0
800.0,188.0
800.0,142.0
800.0,726.0
800.0,957.0
800.0,192.0
801.0,372.0
801.0,284.0
801.0,756.0
801.0,216.0
801.0,163.0
801.0,834.0
801.0,504.0
801.0,587.0
801.0,24.0
801.0,352.0
801.0,423.0
801.0,993.0
802.0,239.0
802.0,1015.0
802.0,850.0
802.0,437.0
802.0,48.0
802.0,101.0
802.0,89.0
802.0,872.0
802.0,390.0
802.0,798.0
802.0,109.0
802.0,65.0
803.0,565.0
803.0,808.0
803.0,0.0
803.0,624.0
803.0,738.0
803.0,658.0
803.0,115.0
803.0,524.0
803.0,265.0
803.0,623.0
803.0,473.0
803.0,859.0
804.0,970.0
804.0,228.0
804.0,6.0
804.0,403.0
804.0,953.0
804.0,534.0
804.0,564.0
804.0,510.0
804.0,725.0
804.0,174.0
804.0,153.0
804.0,884.0
805.0,889.0
805.0,815.0
805.0,69.0
805.0,167.0
805.0,428.0
805.0,290.0
805.0,860.0
805.0,531.0
805.0,609.0
805.0,971.0
805.0,662.0
805.0,334.0
806.0,983.0
806.0,623.0
806.0,847.0
806.0,324.0
806.0,838.0
806.0,738.0
806.0,1018.0
806.0,751.0
806.0,590.0
806.0,953.0
806.0,194.0
806.0,502.0
807.0,471.0
807.0,167.0
807.0,710.0
807.0,1012.0
807.0,991.0
807.0,277.0
807.0,491.0
807.0,72.0
807.0,772.0
807.0,886.0
807.0,12.0
807.0,682.0
808.0,1007.0
808.0,33.0
808.0,428.0
808.0,261.0
808.0,674.0
808.0,1029.0
808.0,736.0
808.0,949.0
808.0,396.0
808.0,1027.0
808.0,861.0
808.0,233.0
809.0,329.0
809.0,629.0
809.0,993.0
809.0,414.0
809.0,681.0
809.0,387.0
809.0,1029.0
809.0,763.0
809.0,542.0
809.0,967.0
809.0,95.0
809.0,699.0
810.0,369.0
810.0,247.0
810.0,569.0
810.0,752.0
810.0,596.0
810.0,142.0
810.0,875.0
810.0,592.0
810.0,2.0
810.0,963.0
810.0,220.0
810.0,467.0
811.0,347.0
811.0,158.0
811.0,197.0
811.0,859.0
811.0,542.0
811.0,639.0
811.0,485.0
811.0,345.0
811.0,506.0
811.0,822.0
811.0,1033.0
811.0,779.0
812.0,965.0
812.0,942.0
812.0,271.0
812.0,522.0
812.0,551.0
812.0,165.0
812.0,289.0
812.0,300.0
812.0,525.0
812.0,636.0
812.0,730.0
812.0,178.0
813.0,624.0
813.0,896.0
813.0,449.0
813.0,622.0
813.0,877.0
813.0,596.0
813.0,888.0
813.0,350.0
813.0,800.0
813.0,41.0
813.0,107.0
813.0,1000.0
814.0,348.0
814.0,611.0
814.0,26.0
814.0,328.0
814.0,197.0
814.0,154.0
814.0,19.0
814.0,468.0
814.0,28.0
814.0,40.0
814.0,786.0
814.0,201.0
815.0,19.0
815.0,284.0
815.0,701.0
815.0,931.0
815.0,662.0
815.0,374.0
815.0,166.0
815.0,20.0
815.0,636.0
815.0,1029.0
815.0,107.0
815.0,852.0
816.0,881.0
816.0,849.0
816.0,256.0
816.0,806.0
816.0,848.0
816.0,483.0
816.0,393.0
816.0,268.0
816.0,434.0
816.0,788.0
816.0,935.0
816.0,96.0
817.0,302.0
817.0,130.0
817.0,638.0
817.0,148.0
817.0,33.0
817.0,77.0
817.0,205.0
817.0,983.0
817.0,764.0
817.0,265.0
817.0,730.0
817.0,434.0
818.0,989.0
818.0,20.0
818.0,600.0
818.0,46.0
818.0,395.0
818.0,553.0
818.0,376.0
818.0,339.0
818.0,698.0
818.0,34.0
818.0,472.0
818.0,141.0
819.0,444.0
819.0,215.0
819.0,535.0
819.0,911.0
819.0,399.0
819.0,585.0
819.0,459.0
819.0,856.0
819.0,70.0
819.0,998.0
819.0,854.0
819.0,160.0
820.0,889.0
820.0,546.0
820.0,330.0
820.0,931.0
820.0,1007.0
820.0,115.0
820.0,1029.0
820.0,908.0
820.0,450.0
820.0,631.0
820.0,765.0
820.0,522.0
821.0,641.0
821.0,132.0
821.0,941.0
821.0,163.0
821.0,629.0
821.0,542.0
821.0,267.0
821.0,349.0
821.0,91.0
821.0,497.0
821.0,318.0
821.0,552.0
822.0,110.0
822.0,870.0
822.0,602.0
822.0,549.0
822.0,579.0
822.0,97.0
822.0,100.0
822.0,293.0
822.0,5.0
822.0,58.0
822.0,1033.0
822.0,347.0
823.0,473.0
823.0,622.0
823.0,917.0
823.0,972.0
823.0,225.0
823.0,579.0
823.0,801.0
823.0,158.0
823.0,9.0
823.0,162.0
823.0,587.0
823.0,766.0
824.0,720.0
824.0,985.0
824.0,657.0
824.0,444.0
824.0,799.0
824.0,794.0
824.0,268.0
824.0,74.0
824.0,920.0
824.0,659.0
824.0,478.0
824.0,82.0
825.0,105.0
825.0,33.0
825.0,908.0
825.0,410.0
825.0,135.0
825.0,482.0
825.0,519.0
825.0,965.0
825.0,820.0
825.0,160.0
825.0,648.0
825.0,198.0
826.0,463.0
826.0,837.0
826.0,142.0
826.0,893.0
826.0,419.0
826.0,40.0
826.0,207.0
826.0,250.0
826.0,304.0
826.0,987.0
826.0,989.0
826.0,528.0
827.0,990.0
827.0,998.0
827.0,911.0
827.0,873.0
827.0,857.0
827.0,843.0
827.0,272.0
827.0,956.0
827.0,580.0
827.0,724.0
827.0,226.0
827.0,940.0
828.0,512.0
828.0,1022.0
828.0,572.0
828.0,839.0
828.0,220.0
828.0,176.0
828.0,349.0
828.0,269.0
828.0,662.0
828.0,699.0
828.0,1020.0
828.0,29.0
829.0,322.0
829.0,737.0
829.0,512.0
829.0,336.0
829.0,765.0
829.0,38.0
829.0,354.0
829.0,587.0
829.0,517.0
829.0,300.0
829.0,767.0
829.0,284.0
830.0,907.0
830.0,931.0
830.0,310.0
830.0,756.0
830.0,1008.0
830.0,846.0
830.0,874.0
830.0,974.0
830.0,66.0
830.0,481.0
830.0,624.0
830.0,773.0
831.0,880.0
831.0,903.0
831.0,116.0
831.0,207.0
831.0,90.0
831.0,218.0
831.0,174.0
831.0,56.0
831.0,923.0
831.0,305.0
831.0,148.0
831.0,775.0
832.0,1008.0
832.0,575.0
832.0,715.0
832.0,509.0
832.0,244.0
832.0,975.0
832.0,296.0
832.0,4.0
832.0,924.0
832.0,342.0
832.0,545.0
832.0,959.0
833.0,2.0
833.0,246.0
833.0,309.0
833.0,711.0
833.0,247.0
833.0,183.0
833.0,940.0
833.0,181.0
833.0,401.0
833.0,7.0
833.0,589.0
833.0,645.0
834.0,698.0
834.0,705.0
834.0,1000.0
834.0,864.0
834.0,522.0
834.0,330.0
834.0,987.0
834.0,972.0
834.0,932.0
834.0,809.0
834.0,648.0
834.0,400.0
835.0,524.0
835.0,739.0
835.0,805.0
835.0,158.0
835.0,481.0
835.0,330.0
835.0,210.0
835.0,164.0
835.0,862.0
835.0,167.0
835.0,208.0
835.0,972.0
836.0,494.0
836.0,707.0
836.0,778.0
836.0,87.0
836.0,587.0
836.0,185.0
836.0,97.0
836.0,345.0
836.0,109.0
836.0,895.0
836.0,853.0
836.0,50.0
837.0,707.0
837.0,286.0
837.0,87.0
837.0,668.0
837.0,431.0
837.0,586.0
837.0,126.0
837.0,958.0
837.0,748.0
837.0,279.0
837.0,992.0
837.0,884.0
838.0,744.0
838.0,867.0
838.0,539.0
838.0,655.0
838.0,75.0
838.0,307.0
838.0,787.0
838.0,44.0
838.0,208.0
838.0,34.0
838.0,191.0
838.0,0.0
839.0,976.0
839.0,126.0
839.0,980.0
839.0,679.0
839.0,755.0
839.0,992.0
839.0,799.0
839.0,107.0
839.0,117.0
839.0,327.0
839.0,640.0
839.0,24.0
840.0,196.0
840.0,834.0
840.0,581.0
840.0,356.0
840.0,612.0
840.0,779.0
840.0,367.0
840.0,300.0
840.0,219.0
840.0,1018.0
840.0,861.0
840.0,46.0
841.0,899.0
841.0,365.0
841.0,342.0
841.0,520.0
841.0,415.0
841.0,349.0
841.0,676.0
841.0,89.0
841.0,26.0
841.0,459.0
841.0,604.0
841.0,382.0
842.0,1020.0
842.0,981.0
842.0,602.0
842.0,718.0
842.0,715.0
842.0,64.0
842.0,197.0
842.0,749.0
842.0,672.0
842.0,237.0
842.0,179.0
842.0,287.0
843.0,936.0
843.0,343.0
843.0,325.0
843.0,776.0
843.0,879.0
843.0,475.0
843.0,488.0
843.0,994.0
843.0,305.0
843.0,585.0
843.0,207.0
843.0,470.0
844.0,862.0
844.0,1027.0
844.0,424.0
844.0,307.0
844.0,462.0
844.0,659.0
844.0,883.0
844.0,512.0
844.0,221.0
844.0,706.0
844.0,900.0
844.0,291.0
845.0,736.0
845.0,420.0
845.0,835.0
845.0,228.0
845.0,168.0
845.0,970.0
845.0,119.0
845.0,787.0
845.0,1008.0
845.0,1000.0
845.0,55.0
845.0,410.0
846.0,378.0
846.0,353.0
846.0,869.0
846.0,319.0
846.0,1009.0
846.0,450.0
846.0,442.0
846.0,553.0
846.0,608.0
846.0,254.0
846.0,149.0
846.0,659.0
847.0,559.0
847.0,1019.0
847.0,69.0
847.0,408.0
847.0,350.0
847.0,867.0
847.0,938.0
847.0,175.0
847.0,658.0
847.0,607.0
847.0,744.0
847.0,1006.0
848.0,787.0
848.0,36.0
848.0,455.0
848.0,772.0
848.0,443.0
848.0,119.0
848.0,420.0
848.0,670.0
848.0,545.0
848.0,224.0
848.0,273.0
848.0,83.0
849.0,77.0
849.0,631.0
849.0,260.0
849.0,265.0
849.0,548.0
849.0,254.0
849.0,194.0
849.0,60.0
849.0,547.0
849.0,295.0
849.0,825.0
849.0,650.0
850.0,177.0
850.0,813.0
850.0,509.0
850.0,786.0
850.0,799.0
850.0,349.0
850.0,462.0
850.0,41.0
850.0,320.0
850.0,433.0
850.0,424.0
850.0,601.0
851.0,906.0
851.0,51.0
851.0,703.0
851.0,392.0
851.0,124.0
851.0,9.0
851.0,653.0
851.0,426.0
851.0,1018.0
851.0,195.0
851.0,46.0
851.0,170.0
852.0,167.0
852.0,862.0
852.0,955.0
852.0,793.0
852.0,581.0
852.0,678.0
852.0,542.0
852.0,434.0
852.0,500.0
852.0,527.0
852.0,815.0
852.0,427.0
853.0,790.0
853.0,695.0
853.0,607.0
853.0,232.0
853.0,736.0
853.0,102.0
853.0,847.0
853.0,830.0
853.0,834.0
853.0,815.0
853.0,163.0
853.0,299.0
854.0,788.0
854.0,116.0
854.0,419.0
854.0,559.0
854.0,750.0
854.0,583.0
854.0,11.0
854.0,493.0
854.0,598.0
854.0,981.0
854.0,998.0
854.0,291.0
855.0,113.0
855.0,161.0
855.0,389.0
855.0,518.0
855.0,230.0
855.0,101.0
855.0,1002.0
855.0,708.0
855.0,872.0
855.0,771.0
855.0,896.0
855.0,139.0
856.0,79.0
856.0,540.0
856.0,381.0
856.0,482.0
856.0,501.0
856.0,107.0
856.0,706.0
856.0,586.0
856.0,840.0
856.0,427.0
856.0,668.0
856.0,715.0
857.0,421.0
857.0,128.0
857.0,98.0
857.0,715.0
857.0,562.0
857.0,645.0
857.0,795.0
857.0,189.0
857.0,258.0
857.0,757.0
857.0,168.0
857.0,96.0
858.0,453.0
858.0,544.0
858.0,171.0
858.0,600.0
858.0,849.0
858.0,590.0
858.0,985.0
858.0,825.0
858.0,666.0
858.0,951.0
858.0,897.0
858.0,222.0
859.0,112.0
859.0,572.0
859.0,345.0
859.0,601.0
859.0,293.0
859.0,1.0
859.0,801.0
859.0,452.0
859.0,62.0
859.0,203.0
859.0,456.0
859.0,100.0
860.0,842.0
860.0,19.0
860.0,198.0
860.0,210.0
860.0,559.0
860.0,991.0
860.0,691.0
860.0,773.0
860.0,407.0
860.0,596.0
860.0,667.0
860.0,545.0
861.0,598.0
861.0,541.0
861.0,393.0
861.0,621.0
861.0,44.0
861.0,636.0
861.0,623.0
861.0,563.0
861.0,9.0
861.0,701.0
861.0,714.0
861.0,721.0
862.0,835.0
862.0,490.0
862.0,1027.0
862.0,117.0
862.0,361.0
862.0,809.0
862.0,228.0
862.0,179.0
862.0,622.0
862.0,330.0
862.0,308.0
862.0,853.0
863.0,640.0
863.0,571.0
863.0,442.0
863.0,296.0
863.0,210.0
863.0,352.0
863.0,38.0
863.0,204.0
863.0,334.0
863.0,907.0
863.0,408.0
863.0,438.0
864.0,949.0
864.0,46.0
864.0,231.0
864.0,79.0
864.0,274.0
864.0,383.0
864.0,789.0
864.0,129.0
864.0,481.0
864.0,34.0
864.0,38.0
864.0,682.0
865.0,42.0
865.0,736.0
865.0,51.0
865.0,252.0
865.0,1011.0
865.0,462.0
865.0,749.0
865.0,216.0
865.0,57.0
865.0,705.0
865.0,744.0
865.0,220.0
866.0,326.0
866.0,844.0
866.0,206.0
866.0,463.0
866.0,903.0
866.0,560.0
866.0,970.0
866.0,55.0
866.0,563.0
866.0,334.0
866.0,266.0
866.0,856.0
867.0,460.0
867.0,159.0
867.0,991.0
867.0,803.0
867.0,296.0
867.0,32.0
867.0,760.0
867.0,828.0
867.0,1031.0
867.0,866.0
867.0,362.0
867.0,652.0
868.0,329.0
868.0,248.0
868.0,725.0
868.0,961.0
868.0,755.0
868.0,567.0
868.0,479.0
868.0,637.0
868.0,352.0
868.0,710.0
868.0,1014.0
868.0,892.0
869.0,477.0
869.0,150.0
869.0,169.0
869.0,571.0
869.0,760.0
869.0,193.0
869.0,976.0
869.0,989.0
869.0,413.0
869.0,159.0
869.0,681.0
869.0,979.0
870.0,200.0
870.0,63.0
870.0,872.0
870.0,672.0
870.0,452.0
870.0,1.0
870.0,474.0
870.0,485.0
870.0,347.0
870.0,789.0
870.0,784.0
870.0,918.0
871.0,53.0
871.0,456.0
871.0,89.0
871.0,806.0
871.0,722.0
871.0,579.0
871.0,801.0
871.0,869.0
871.0,870.0
871.0,1023.0
871.0,559.0
871.0,158.0
872.0,712.0
872.0,763.0
872.0,878.0
872.0,372.0
872.0,10.0
872.0,208.0
872.0,244.0
872.0,200.0
872.0,354.0
872.0,616.0
872.0,145.0
872.0,394.0
873.0,171.0
873.0,1001.0
873.0,906.0
873.0,502.0
873.0,876.0
873.0,493.0
873.0,889.0
873.0,544.0
873.0,167.0
873.0,785.0
873.0,370.0
873.0,327.0
874.0,732.0
874.0,42.0
874.0,574.0
874.0,609.0
874.0,877.0
874.0,973.0
874.0,926.0
874.0,815.0
874.0,535.0
874.0,747.0
874.0,221.0
874.0,804.0
875.0,758.0
875.0,755.0
875.0,194.0
875.0,288.0
875.0,938.0
875.0,515.0
875.0,749.0
875.0,483.0
875.0,806.0
875.0,589.0
875.0,729.0
875.0,256.0
876.0,785.0
876.0,272.0
876.0,519.0
876.0,98.0
876.0,310.0
876.0,650.0
876.0,569.0
876.0,935.0
876.0,666.0
876.0,940.0
876.0,366.0
876.0,271.0
877.0,531.0
877.0,662.0
877.0,650.0
877.0,143.0
877.0,226.0
877.0,473.0
877.0,860.0
877.0,235.0
877.0,466.0
877.0,925.0
877.0,665.0
877.0,574.0
878.0,630.0
878.0,611.0
878.0,711.0
878.0,735.0
878.0,413.0
878.0,147.0
878.0,490.0
878.0,242.0
878.0,632.0
878.0,638.0
878.0,48.0
878.0,129.0
879.0,733.0
879.0,809.0
879.0,497.0
879.0,290.0
879.0,330.0
879.0,387.0
879.0,994.0
879.0,79.0
879.0,955.0
879.0,622.0
879.0,137.0
879.0,672.0
880.0,863.0
880.0,89.0
880.0,365.0
880.0,17.0
880.0,153.0
880.0,769.0
880.0,408.0
880.0,955.0
880.0,860.0
880.0,869.0
880.0,38.0
880.0,56.0
881.0,305.0
881.0,670.0
881.0,929.0
881.0,389.0
881.0,1012.0
881.0,205.0
881.0,207.0
881.0,340.0
881.0,890.0
881.0,343.0
881.0,288.0
881.0,519.0
882.0,927.0
882.0,877.0
882.0,1033.0
882.0,441.0
882.0,913.0
882.0,521.0
882.0,527.0
882.0,568.0
882.0,452.0
882.0,978.0
882.0,472.0
882.0,622.0
883.0,513.0
883.0,696.0
883.0,159.0
883.0,1008.0
883.0,874.0
883.0,608.0
883.0,945.0
883.0,407.0
883.0,565.0
883.0,243.0
883.0,267.0
883.0,736.0
884.0,574.0
884.0,867.0
884.0,1016.0
884.0,491.0
884.0,718.0
884.0,198.0
884.0,222.0
884.0,143.0
884.0,421.0
884.0,431.0
884.0,820.0
884.0,948.0
885.0,350.0
885.0,613.0
885.0,782.0
885.0,180.0
885.0,305.0
885.0,716.0
885.0,448.0
885.0,406.0
885.0,1034.0
885.0,571.0
885.0,843.0
885.0,306.0
886.0,638.0
886.0,295.0
886.0,340.0
886.0,570.0
886.0,498.0
886.0,883.0
886.0,275.0
886.0,489.0
886.0,300.0
886.0,265.0
886.0,891.0
886.0,271.0
887.0,1019.0
887.0,193.0
887.0,361.0
887.0,667.0
887.0,184.0
887.0,889.0
887.0,30.0
887.0,23.0
887.0,923.0
887.0,1035.0
887.0,307.0
887.0,603.0
888.0,484.0
888.0,490.0
888.0,640.0
888.0,872.0
888.0,1015.0
888.0,828.0
888.0,954.0
888.0,87.0
888.0,438.0
888.0,146.0
888.0,934.0
888.0,365.0
889.0,874.0
889.0,877.0
889.0,290.0
889.0,569.0
889.0,383.0
889.0,66.0
889.0,13.0
889.0,258.0
889.0,730.0
889.0,759.0
889.0,96.0
889.0,344.0
890.0,707.0
890.0,130.0
890.0,374.0
890.0,326.0
890.0,844.0
890.0,334.0
890.0,357.0
890.0,361.0
890.0,304.0
890.0,687.0
890.0,643.0
890.0,78.0
891.0,653.0
891.0,915.0
891.0,453.0
891.0,541.0
891.0,312.0
891.0,898.0
891.0,809.0
891.0,950.0
891.0,969.0
891.0,223.0
891.0,600.0
891.0,1001.0
892.0,614.0
892.0,184.0
892.0,664.0
892.0,53.0
892.0,828.0
892.0,996.0
892.0,1034.0
892.0,586.0
892.0,136.0
892.0,452.0
892.0,43.0
892.0,980.0
893.0,146.0
893.0,266.0
893.0,373.0
893.0,122.0
893.0,723.0
893.0,1005.0
893.0,90.0
893.0,116.0
893.0,568.0
893.0,151.0
893.0,20.0
893.0,414.0
894.0,515.0
894.0,436.0
894.0,684.0
894.0,189.0
894.0,463.0
894.0,374.0
894.0,276.0
894.0,4.0
894.0,996.0
894.0,907.0
894.0,932.0
894.0,1029.0
895.0,54.0
895.0,127.0
895.0,700.0
895.0,540.0
895.0,66.0
895.0,539.0
895.0,411.0
895.0,805.0
895.0,991.0
895.0,360.0
895.0,711.0
895.0,921.0
896.0,1019.0
896.0,953.0
896.0,329.0
896.0,681.0
896.0,563.0
896.0,500.0
896.0,660.0
896.0,398.0
896.0,820.0
896.0,107.0
896.0,607.0
896.0,699.0
897.0,741.0
897.0,692.0
897.0,412.0
897.0,781.0
897.0,363.0
897.0,160.0
897.0,213.0
897.0,181.0
897.0,295.0
897.0,136.0
897.0,1017.0
897.0,436.0
898.0,18.0
898.0,915.0
898.0,734.0
898.0,1018.0
898.0,479.0
898.0,906.0
898.0,785.0
898.0,544.0
898.0,524.0
898.0,783.0
898.0,34.0
898.0,355.0
899.0,403.0
899.0,321.0
899.0,757.0
899.0,89.0
899.0,68.0
899.0,179.0
899.0,737.0
899.0,484.0
899.0,620.0
899.0,132.0
899.0,1004.0
899.0,459.0
900.0,287.0
900.0,558.0
900.0,0.0
900.0,187.0
900.0,662.0
900.0,130.0
900.0,748.0
900.0,504.0
900.0,291.0
900.0,170.0
900.0,543.0
900.0,218.0
901.0,34.0
901.0,1018.0
901.0,391.0
901.0,590.0
901.0,544.0
901.0,824.0
901.0,714.0
901.0,171.0
901.0,302.0
901.0,736.0
901.0,60.0
901.0,791.0
902.0,61.0
902.0,208.0
902.0,221.0
902.0,418.0
902.0,1010.0
902.0,283.0
902.0,754.0
902.0,318.0
902.0,705.0
902.0,690.0
902.0,1027.0
902.0,298.0
903.0,182.0
903.0,986.0
903.0,912.0
903.0,278.0
903.0,712.0
903.0,142.0
903.0,368.0
903.0,59.0
903.0,102.0
903.0,1008.0
903.0,29.0
903.0,713.0
904.0,987.0
904.0,461.0
904.0,177.0
904.0,88.0
904.0,200.0
904.0,811.0
904.0,760.0
904.0,1026.0
904.0,982.0
904.0,293.0
904.0,804.0
904.0,63.0
905.0,12.0
905.0,916.0
905.0,393.0
905.0,308.0
905.0,233.0
905.0,193.0
905.0,466.0
905.0,435.0
905.0,319.0
905.0,252.0
905.0,383.0
905.0,829.0
906.0,910.0
906.0,565.0
906.0,674.0
906.0,455.0
906.0,457.0
906.0,813.0
906.0,514.0
906.0,202.0
906.0,300.0
906.0,366.0
906.0,894.0
906.0,920.0
907.0,584.0
907.0,335.0
907.0,473.0
907.0,558.0
907.0,862.0
907.0,44.0
907.0,609.0
907.0,530.0
907.0,140.0
907.0,217.0
907.0,718.0
907.0,56.0
908.0,22.0
908.0,772.0
908.0,674.0
908.0,831.0
908.0,1001.0
908.0,176.0
908.0,32.0
908.0,1014.0
908.0,430.0
908.0,519.0
908.0,777.0
908.0,511.0
909.0,377.0
909.0,372.0
909.0,1024.0
909.0,873.0
909.0,694.0
909.0,143.0
909.0,908.0
909.0,807.0
909.0,386.0
909.0,838.0
909.0,366.0
909.0,495.0
910.0,202.0
910.0,438.0
910.0,920.0
910.0,275.0
910.0,183.0
910.0,807.0
910.0,494.0
910.0,60.0
910.0,785.0
910.0,887.0
910.0,380.0
910.0,541.0
911.0,775.0
911.0,580.0
911.0,213.0
911.0,971.0
911.0,598.0
911.0,13.0
911.0,355.0
911.0,810.0
911.0,928.0
911.0,207.0
911.0,881.0
911.0,496.0
912.0,89.0
912.0,942.0
912.0,431.0
912.0,258.0
912.0,214.0
912.0,687.0
912.0,527.0
912.0,30.0
912.0,552.0
912.0,609.0
912.0,78.0
912.0,318.0
913.0,504.0
913.0,279.0
913.0,560.0
913.0,718.0
913.0,1006.0
913.0,157.0
913.0,914.0
913.0,497.0
913.0,146.0
913.0,155.0
913.0,744.0
913.0,592.0
914.0,810.0
914.0,412.0
914.0,908.0
914.0,258.0
914.0,281.0
914.0,510.0
914.0,1022.0
914.0,59.0
914.0,847.0
914.0,857.0
914.0,212.0
914.0,421.0
915.0,808.0
915.0,864.0
915.0,983.0
915.0,529.0
915.0,851.0
915.0,195.0
915.0,265.0
915.0,312.0
915.0,96.0
915.0,0.0
915.0,81.0
915.0,18.0
916.0,938.0
916.0,428.0
916.0,378.0
916.0,130.0
916.0,953.0
916.0,1008.0
916.0,921.0
916.0,705.0
916.0,594.0
916.0,30.0
916.0,787.0
916.0,462.0
917.0,791.0
917.0,264.0
917.0,446.0
917.0,527.0
917.0,509.0
917.0,870.0
917.0,602.0
917.0,485.0
917.0,345.0
917.0,452.0
917.0,221.0
917.0,918.0
918.0,663.0
918.0,237.0
918.0,576.0
918.0,278.0
918.0,862.0
918.0,640.0
918.0,587.0
918.0,999.0
918.0,101.0
918.0,19.0
918.0,441.0
918.0,88.0
919.0,985.0
919.0,690.0
919.0,286.0
919.0,151.0
919.0,168.0
919.0,268.0
919.0,744.0
919.0,970.0
919.0,149.0
919.0,172.0
919.0,582.0
919.0,319.0
920.0,502.0
920.0,416.0
920.0,233.0
920.0,241.0
920.0,743.0
920.0,175.0
920.0,44.0
920.0,507.0
920.0,1013.0
920.0,749.0
920.0,697.0
920.0,834.0
921.0,346.0
921.0,1031.0
921.0,525.0
921.0,367.0
921.0,111.0
921.0,849.0
921.0,705.0
921.0,363.0
921.0,787.0
921.0,71.0
921.0,73.0
921.0,835.0
922.0,504.0
922.0,157.0
922.0,513.0
922.0,553.0
922.0,990.0
922.0,1014.0
922.0,733.0
922.0,483.0
922.0,270.0
922.0,682.0
922.0,913.0
922.0,719.0
923.0,753.0
923.0,119.0
923.0,29.0
923.0,261.0
923.0,1010.0
923.0,511.0
923.0,283.0
923.0,339.0
923.0,220.0
923.0,380.0
923.0,89.0
923.0,30.0
924.0,821.0
924.0,745.0
924.0,785.0
924.0,79.0
924.0,261.0
924.0,479.0
924.0,813.0
924.0,740.0
924.0,857.0
924.0,1019.0
924.0,923.0
924.0,1017.0
925.0,12.0
925.0,773.0
925.0,896.0
925.0,353.0
925.0,430.0
925.0,974.0
925.0,427.0
925.0,130.0
925.0,539.0
925.0,928.0
925.0,78.0
925.0,684.0
926.0,83.0
926.0,1019.0
926.0,777.0
926.0,850.0
926.0,466.0
926.0,880.0
926.0,276.0
926.0,546.0
926.0,380.0
926.0,475.0
926.0,512.0
926.0,431.0
927.0,547.0
927.0,922.0
927.0,1002.0
927.0,252.0
927.0,693.0
927.0,865.0
927.0,395.0
927.0,141.0
927.0,1010.0
927.0,648.0
927.0,517.0
927.0,158.0
928.0,288.0
928.0,880.0
928.0,159.0
928.0,965.0
928.0,531.0
928.0,866.0
928.0,455.0
928.0,188.0
928.0,888.0
928.0,670.0
928.0,948.0
928.0,897.0
929.0,172.0
929.0,547.0
929.0,23.0
929.0,511.0
929.0,686.0
929.0,621.0
929.0,684.0
929.0,327.0
929.0,126.0
929.0,224.0
929.0,956.0
929.0,890.0
930.0,868.0
930.0,71.0
930.0,855.0
930.0,693.0
930.0,413.0
930.0,667.0
930.0,518.0
930.0,542.0
930.0,601.0
930.0,821.0
930.0,680.0
930.0,715.0
931.0,361.0
931.0,718.0
931.0,595.0
931.0,258.0
931.0,912.0
931.0,925.0
931.0,736.0
931.0,111.0
931.0,127.0
931.0,146.0
931.0,746.0
931.0,483.0
932.0,438.0
932.0,502.0
932.0,522.0
932.0,1016.0
932.0,332.0
932.0,107.0
932.0,445.0
932.0,318.0
932.0,700.0
932.0,599.0
932.0,431.0
932.0,474.0
933.0,533.0
933.0,607.0
933.0,665.0
933.0,331.0
933.0,584.0
933.0,581.0
933.0,795.0
933.0,1004.0
933.0,284.0
933.0,612.0
933.0,586.0
933.0,15.0
934.0,78.0
934.0,352.0
934.0,903.0
934.0,987.0
934.0,342.0
934.0,294.0
934.0,763.0
934.0,276.0
934.0,601.0
934.0,327.0
934.0,61.0
934.0,961.0
935.0,780.0
935.0,111.0
935.0,1035.0
935.0,897.0
935.0,902.0
935.0,33.0
935.0,949.0
935.0,256.0
935.0,590.0
935.0,455.0
935.0,323.0
935.0,178.0
936.0,142.0
936.0,726.0
936.0,207.0
936.0,720.0
936.0,236.0
936.0,585.0
936.0,1022.0
936.0,212.0
936.0,444.0
936.0,831.0
936.0,23.0
936.0,716.0
937.0,379.0
937.0,810.0
937.0,598.0
937.0,939.0
937.0,845.0
937.0,942.0
937.0,990.0
937.0,7.0
937.0,494.0
937.0,817.0
937.0,960.0
937.0,1016.0
938.0,149.0
938.0,206.0
938.0,845.0
938.0,974.0
938.0,83.0
938.0,33.0
938.0,670.0
938.0,32.0
938.0,1031.0
938.0,912.0
938.0,361.0
938.0,794.0
939.0,538.0
939.0,763.0
939.0,834.0
939.0,351.0
939.0,57.0
939.0,821.0
939.0,146.0
939.0,706.0
939.0,329.0
939.0,65.0
939.0,728.0
939.0,778.0
940.0,465.0
940.0,74.0
940.0,752.0
940.0,723.0
940.0,875.0
940.0,453.0
940.0,621.0
940.0,962.0
940.0,828.0
940.0,780.0
940.0,496.0
940.0,526.0
941.0,296.0
941.0,939.0
941.0,615.0
941.0,452.0
941.0,110.0
941.0,769.0
941.0,904.0
941.0,680.0
941.0,467.0
941.0,713.0
941.0,866.0
941.0,821.0
942.0,417.0
942.0,524.0
942.0,56.0
942.0,662.0
942.0,50.0
942.0,837.0
942.0,539.0
942.0,15.0
942.0,220.0
942.0,411.0
942.0,368.0
942.0,167.0
943.0,750.0
943.0,682.0
943.0,893.0
943.0,419.0
943.0,569.0
943.0,305.0
943.0,892.0
943.0,962.0
943.0,256.0
943.0,488.0
943.0,64.0
943.0,90.0
944.0,56.0
944.0,599.0
944.0,76.0
944.0,732.0
944.0,430.0
944.0,157.0
944.0,196.0
944.0,378.0
944.0,662.0
944.0,865.0
944.0,72.0
944.0,570.0
945.0,938.0
945.0,193.0
945.0,331.0
945.0,537.0
945.0,491.0
945.0,821.0
945.0,494.0
945.0,157.0
945.0,154.0
945.0,189.0
945.0,782.0
945.0,707.0
946.0,956.0
946.0,1016.0
946.0,440.0
946.0,361.0
946.0,389.0
946.0,131.0
946.0,269.0
946.0,143.0
946.0,857.0
946.0,479.0
946.0,712.0
946.0,586.0
947.0,924.0
947.0,980.0
947.0,26.0
947.0,759.0
947.0,518.0
947.0,728.0
947.0,484.0
947.0,979.0
947.0,71.0
947.0,417.0
947.0,407.0
947.0,54.0
948.0,803.0
948.0,773.0
948.0,283.0
948.0,269.0
948.0,182.0
948.0,332.0
948.0,32.0
948.0,933.0
948.0,313.0
948.0,380.0
948.0,170.0
948.0,942.0
949.0,313.0
949.0,49.0
949.0,910.0
949.0,123.0
949.0,730.0
949.0,696.0
949.0,844.0
949.0,546.0
949.0,220.0
949.0,170.0
949.0,625.0
949.0,743.0
950.0,357.0
950.0,538.0
950.0,921.0
950.0,887.0
950.0,224.0
950.0,954.0
950.0,436.0
950.0,916.0
950.0,6.0
950.0,586.0
950.0,154.0
950.0,335.0
951.0,849.0
951.0,730.0
951.0,594.0
951.0,858.0
951.0,247.0
951.0,758.0
951.0,346.0
951.0,453.0
951.0,990.0
951.0,908.0
951.0,301.0
951.0,702.0
952.0,584.0
952.0,638.0
952.0,76.0
952.0,323.0
952.0,1018.0
952.0,580.0
952.0,222.0
952.0,1024.0
952.0,250.0
952.0,317.0
952.0,12.0
952.0,825.0
953.0,359.0
953.0,536.0
953.0,174.0
953.0,748.0
953.0,477.0
953.0,112.0
953.0,417.0
953.0,16.0
953.0,874.0
953.0,931.0
953.0,977.0
953.0,475.0
954.0,335.0
954.0,1020.0
954.0,651.0
954.0,84.0
954.0,900.0
954.0,874.0
954.0,499.0
954.0,566.0
954.0,608.0
954.0,217.0
954.0,486.0
954.0,1016.0
955.0,299.0
955.0,316.0
955.0,212.0
955.0,67.0
955.0,6.0
955.0,179.0
955.0,198.0
955.0,649.0
955.0,500.0
955.0,484.0
955.0,934.0
955.0,830.0
956.0,940.0
956.0,117.0
956.0,6.0
956.0,154.0
956.0,445.0
956.0,788.0
956.0,311.0
956.0,169.0
956.0,32.0
956.0,210.0
956.0,611.0
956.0,945.0
957.0,242.0
957.0,149.0
957.0,143.0
957.0,526.0
957.0,188.0
957.0,468.0
957.0,305.0
957.0,488.0
957.0,425.0
957.0,520.0
957.0,406.0
957.0,843.0
958.0,161.0
958.0,114.0
958.0,253.0
958.0,490.0
958.0,947.0
958.0,640.0
958.0,903.0
958.0,193.0
958.0,996.0
958.0,143.0
958.0,350.0
958.0,226.0
959.0,366.0
959.0,756.0
959.0,504.0
959.0,584.0
959.0,261.0
959.0,191.0
959.0,155.0
959.0,931.0
959.0,168.0
959.0,414.0
959.0,244.0
959.0,22.0
960.0,84.0
960.0,952.0
960.0,732.0
960.0,931.0
960.0,729.0
960.0,135.0
960.0,992.0
960.0,70.0
960.0,440.0
960.0,515.0
960.0,226.0
960.0,620.0
961.0,290.0
961.0,360.0
961.0,552.0
961.0,852.0
961.0,927.0
961.0,821.0
961.0,913.0
961.0,1009.0
961.0,127.0
961.0,91.0
961.0,68.0
961.0,436.0
962.0,974.0
962.0,184.0
962.0,381.0
962.0,69.0
962.0,90.0
962.0,157.0
962.0,938.0
962.0,508.0
962.0,745.0
962.0,180.0
962.0,998.0
962.0,853.0
963.0,702.0
963.0,621.0
963.0,90.0
963.0,285.0
963.0,160.0
963.0,74.0
963.0,729.0
963.0,943.0
963.0,565.0
963.0,981.0
963.0,940.0
963.0,45.0
964.0,557.0
964.0,756.0
964.0,612.0
964.0,796.0
964.0,291.0
964.0,29.0
964.0,790.0
964.0,584.0
964.0,449.0
964.0,895.0
964.0,159.0
964.0,554.0
965.0,554.0
965.0,412.0
965.0,894.0
965.0,747.0
965.0,303.0
965.0,818.0
965.0,896.0
965.0,369.0
965.0,901.0
965.0,138.0
965.0,816.0
965.0,220.0
966.0,352.0
966.0,71.0
966.0,321.0
966.0,691.0
966.0,972.0
966.0,65.0
966.0,978.0
966.0,161.0
966.0,371.0
966.0,1010.0
966.0,500.0
966.0,836.0
967.0,655.0
967.0,9.0
967.0,61.0
967.0,454.0
967.0,803.0
967.0,863.0
967.0,4.0
967.0,1027.0
967.0,944.0
967.0,368.0
967.0,105.0
967.0,624.0
968.0,446.0
968.0,400.0
968.0,85.0
968.0,663.0
968.0,62.0
968.0,498.0
968.0,53.0
968.0,101.0
968.0,46.0
968.0,452.0
968.0,988.0
968.0,894.0
969.0,4.0
969.0,67.0
969.0,331.0
969.0,322.0
969.0,187.0
969.0,838.0
969.0,883.0
969.0,967.0
969.0,442.0
969.0,507.0
969.0,686.0
969.0,501.0
970.0,298.0
970.0,176.0
970.0,614.0
970.0,667.0
970.0,664.0
970.0,195.0
970.0,559.0
970.0,56.0
970.0,1004.0
970.0,756.0
970.0,374.0
970.0,640.0
971.0,828.0
971.0,514.0
971.0,623.0
971.0,1019.0
971.0,686.0
971.0,114.0
971.0,167.0
971.0,554.0
971.0,523.0
971.0,534.0
971.0,384.0
971.0,267.0
972.0,216.0
972.0,830.0
972.0,164.0
972.0,713.0
972.0,153.0
972.0,162.0
972.0,852.0
972.0,165.0
972.0,853.0
972.0,486.0
972.0,672.0
972.0,219.0
973.0,443.0
973.0,746.0
973.0,732.0
973.0,1019.0
973.0,773.0
973.0,573.0
973.0,827.0
973.0,736.0
973.0,513.0
973.0,425.0
973.0,749.0
973.0,710.0
974.0,75.0
974.0,598.0
974.0,98.0
974.0,929.0
974.0,149.0
974.0,855.0
974.0,906.0
974.0,156.0
974.0,224.0
974.0,552.0
974.0,228.0
974.0,440.0
975.0,903.0
975.0,308.0
975.0,389.0
975.0,372.0
975.0,176.0
975.0,931.0
975.0,108.0
975.0,586.0
975.0,143.0
975.0,781.0
975.0,1006.0
975.0,574.0
976.0,632.0
976.0,530.0
976.0,72.0
976.0,553.0
976.0,967.0
976.0,484.0
976.0,863.0
976.0,605.0
976.0,607.0
976.0,9.0
976.0,923.0
976.0,168.0
977.0,884.0
977.0,544.0
977.0,578.0
977.0,150.0
977.0,214.0
977.0,808.0
977.0,151.0
977.0,103.0
977.0,671.0
977.0,623.0
977.0,765.0
977.0,1025.0
978.0,578.0
978.0,276.0
978.0,824.0
978.0,608.0
978.0,430.0
978.0,1020.0
978.0,309.0
978.0,486.0
978.0,538.0
978.0,166.0
978.0,584.0
978.0,146.0
979.0,415.0
979.0,934.0
979.0,724.0
979.0,895.0
979.0,760.0
979.0,921.0
979.0,175.0
979.0,445.0
979.0,558.0
979.0,573.0
979.0,828.0
979.0,522.0
980.0,113.0
980.0,19.0
980.0,349.0
980.0,43.0
980.0,269.0
980.0,238.0
980.0,750.0
980.0,150.0
980.0,382.0
980.0,813.0
980.0,41.0
980.0,534.0
981.0,619.0
981.0,528.0
981.0,874.0
981.0,154.0
981.0,475.0
981.0,847.0
981.0,979.0
981.0,580.0
981.0,757.0
981.0,288.0
981.0,553.0
981.0,204.0
982.0,277.0
982.0,801.0
982.0,657.0
982.0,229.0
982.0,505.0
982.0,1025.0
982.0,103.0
982.0,133.0
982.0,60.0
982.0,948.0
982.0,622.0
982.0,163.0
983.0,261.0
983.0,590.0
983.0,295.0
983.0,881.0
983.0,582.0
983.0,913.0
983.0,633.0
983.0,257.0
983.0,453.0
983.0,391.0
983.0,751.0
983.0,175.0
984.0,551.0
984.0,678.0
984.0,466.0
984.0,131.0
984.0,227.0
984.0,807.0
984.0,909.0
984.0,738.0
984.0,783.0
984.0,816.0
984.0,46.0
984.0,600.0
985.0,221.0
985.0,108.0
985.0,383.0
985.0,115.0
985.0,483.0
985.0,272.0
985.0,96.0
985.0,821.0
985.0,731.0
985.0,1024.0
985.0,359.0
985.0,222.0
986.0,499.0
986.0,749.0
986.0,711.0
986.0,852.0
986.0,215.0
986.0,607.0
986.0,723.0
986.0,519.0
986.0,907.0
986.0,303.0
986.0,563.0
986.0,384.0
987.0,584.0
987.0,484.0
987.0,980.0
987.0,571.0
987.0,292.0
987.0,994.0
987.0,415.0
987.0,781.0
987.0,1020.0
987.0,469.0
987.0,981.0
987.0,725.0
988.0,345.0
988.0,593.0
988.0,966.0
988.0,840.0
988.0,185.0
988.0,329.0
988.0,791.0
988.0,462.0
988.0,930.0
988.0,871.0
988.0,456.0
988.0,1021.0
989.0,673.0
989.0,206.0
989.0,807.0
989.0,684.0
989.0,383.0
989.0,515.0
989.0,149.0
989.0,44.0
989.0,1016.0
989.0,808.0
989.0,894.0
989.0,484.0
990.0,908.0
990.0,363.0
990.0,985.0
990.0,621.0
990.0,175.0
990.0,724.0
990.0,1017.0
990.0,497.0
990.0,445.0
990.0,128.0
990.0,928.0
990.0,126.0
991.0,830.0
991.0,146.0
991.0,217.0
991.0,749.0
991.0,773.0
991.0,944.0
991.0,309.0
991.0,856.0
991.0,665.0
991.0,301.0
991.0,865.0
991.0,157.0
992.0,775.0
992.0,926.0
992.0,817.0
992.0,83.0
992.0,254.0
992.0,662.0
992.0,266.0
992.0,620.0
992.0,1035.0
992.0,522.0
992.0,218.0
992.0,748.0
993.0,561.0
993.0,834.0
993.0,345.0
993.0,946.0
993.0,133.0
993.0,338.0
993.0,481.0
993.0,699.0
993.0,553.0
993.0,441.0
993.0,309.0
993.0,502.0
994.0,283.0
994.0,360.0
994.0,361.0
994.0,964.0
994.0,846.0
994.0,479.0
994.0,9.0
994.0,301.0
994.0,368.0
994.0,1008.0
994.0,764.0
994.0,560.0
995.0,487.0
995.0,346.0
995.0,885.0
995.0,887.0
995.0,534.0
995.0,819.0
995.0,304.0
995.0,239.0
995.0,173.0
995.0,15.0
995.0,963.0
995.0,536.0
996.0,894.0
996.0,67.0
996.0,705.0
996.0,722.0
996.0,15.0
996.0,565.0
996.0,242.0
996.0,0.0
996.0,923.0
996.0,55.0
996.0,552.0
996.0,20.0
997.0,118.0
997.0,729.0
997.0,905.0
997.0,323.0
997.0,881.0
997.0,658.0
997.0,81.0
997.0,965.0
997.0,743.0
997.0,265.0
997.0,194.0
997.0,76.0
998.0,80.0
998.0,263.0
998.0,174.0
998.0,83.0
998.0,207.0
998.0,508.0
998.0,421.0
998.0,526.0
998.0,236.0
998.0,962.0
998.0,385.0
998.0,425.0
999.0,811.0
999.0,389.0
999.0,140.0
999.0,287.0
999.0,637.0
999.0,162.0
999.0,675.0
999.0,554.0
999.0,406.0
999.0,145.0
999.0,209.0
999.0,1.0
1000.0,656.0
1000.0,888.0
1000.0,31.0
1000.0,1020.0
1000.0,326.0
1000.0,895.0
1000.0,463.0
1000.0,724.0
1000.0,640.0
1000.0,907.0
1000.0,126.0
1000.0,835.0
1001.0,33.0
1001.0,366.0
1001.0,60.0
1001.0,2.0
1001.0,1030.0
1001.0,816.0
1001.0,849.0
1001.0,574.0
1001.0,496.0
1001.0,36.0
1001.0,666.0
1001.0,294.0
1002.0,735.0
1002.0,309.0
1002.0,394.0
1002.0,664.0
1002.0,601.0
1002.0,364.0
1002.0,966.0
1002.0,278.0
1002.0,423.0
1002.0,17.0
1002.0,518.0
1002.0,154.0
1003.0,577.0
1003.0,42.0
1003.0,732.0
1003.0,292.0
1003.0,166.0
1003.0,553.0
1003.0,12.0
1003.0,175.0
1003.0,913.0
1003.0,729.0
1003.0,918.0
1003.0,570.0
1004.0,427.0
1004.0,976.0
1004.0,231.0
1004.0,345.0
1004.0,139.0
1004.0,706.0
1004.0,581.0
1004.0,978.0
1004.0,662.0
1004.0,466.0
1004.0,330.0
1004.0,438.0
1005.0,940.0
1005.0,860.0
1005.0,985.0
1005.0,84.0
1005.0,983.0
1005.0,511.0
1005.0,213.0
1005.0,1027.0
1005.0,477.0
1005.0,399.0
1005.0,893.0
1005.0,523.0
1006.0,797.0
1006.0,894.0
1006.0,987.0
1006.0,718.0
1006.0,463.0
1006.0,777.0
1006.0,343.0
1006.0,1007.0
1006.0,949.0
1006.0,781.0
1006.0,146.0
1006.0,69.0
1007.0,932.0
1007.0,163.0
1007.0,1016.0
1007.0,371.0
1007.0,66.0
1007.0,655.0
1007.0,73.0
1007.0,605.0
1007.0,166.0
1007.0,292.0
1007.0,442.0
1007.0,554.0
1008.0,578.0
1008.0,309.0
1008.0,283.0
1008.0,479.0
1008.0,220.0
1008.0,969.0
1008.0,541.0
1008.0,996.0
1008.0,431.0
1008.0,103.0
1008.0,760.0
1008.0,363.0
1009.0,163.0
1009.0,724.0
1009.0,942.0
1009.0,662.0
1009.0,4.0
1009.0,47.0
1009.0,946.0
1009.0,736.0
1009.0,334.0
1009.0,746.0
1009.0,323.0
1009.0,543.0
1010.0,977.0
1010.0,308.0
1010.0,916.0
1010.0,738.0
1010.0,713.0
1010.0,498.0
1010.0,678.0
1010.0,566.0
1010.0,648.0
1010.0,315.0
1010.0,49.0
1010.0,744.0
1011.0,17.0
1011.0,712.0
1011.0,668.0
1011.0,538.0
1011.0,461.0
1011.0,209.0
1011.0,637.0
1011.0,603.0
1011.0,834.0
1011.0,338.0
1011.0,423.0
1011.0,972.0
1012.0,731.0
1012.0,968.0
1012.0,932.0
1012.0,25.0
1012.0,226.0
1012.0,357.0
1012.0,837.0
1012.0,83.0
1012.0,1027.0
1012.0,545.0
1012.0,808.0
1012.0,221.0
1013.0,165.0
1013.0,244.0
1013.0,533.0
1013.0,922.0
1013.0,156.0
1013.0,224.0
1013.0,391.0
1013.0,573.0
1013.0,828.0
1013.0,1018.0
1013.0,817.0
1013.0,53.0
1014.0,740.0
1014.0,853.0
1014.0,69.0
1014.0,556.0
1014.0,603.0
1014.0,913.0
1014.0,76.0
1014.0,15.0
1014.0,228.0
1014.0,146.0
1014.0,659.0
1014.0,748.0
1015.0,665.0
1015.0,306.0
1015.0,321.0
1015.0,40.0
1015.0,66.0
1015.0,197.0
1015.0,437.0
1015.0,1034.0
1015.0,857.0
1015.0,247.0
1015.0,139.0
1015.0,30.0
1016.0,66.0
1016.0,640.0
1016.0,691.0
1016.0,938.0
1016.0,815.0
1016.0,925.0
1016.0,30.0
1016.0,417.0
1016.0,989.0
1016.0,494.0
1016.0,313.0
1016.0,924.0
1017.0,913.0
1017.0,136.0
1017.0,353.0
1017.0,733.0
1017.0,156.0
1017.0,723.0
1017.0,570.0
1017.0,436.0
1017.0,525.0
1017.0,377.0
1017.0,721.0
1017.0,747.0
1018.0,711.0
1018.0,906.0
1018.0,171.0
1018.0,209.0
1018.0,692.0
1018.0,1028.0
1018.0,886.0
1018.0,1010.0
1018.0,472.0
1018.0,66.0
1018.0,734.0
1018.0,118.0
1019.0,170.0
1019.0,1008.0
1019.0,281.0
1019.0,217.0
1019.0,951.0
1019.0,884.0
1019.0,524.0
1019.0,436.0
1019.0,972.0
1019.0,760.0
1019.0,805.0
1019.0,707.0
1020.0,934.0
1020.0,735.0
1020.0,9.0
1020.0,875.0
1020.0,923.0
1020.0,415.0
1020.0,154.0
1020.0,571.0
1020.0,554.0
1020.0,6.0
1020.0,149.0
1020.0,206.0
1021.0,394.0
1021.0,872.0
1021.0,364.0
1021.0,100.0
1021.0,93.0
1021.0,474.0
1021.0,973.0
1021.0,939.0
1021.0,871.0
1021.0,870.0
1021.0,161.0
1021.0,624.0
1022.0,987.0
1022.0,723.0
1022.0,782.0
1022.0,86.0
1022.0,448.0
1022.0,644.0
1022.0,613.0
1022.0,282.0
1022.0,488.0
1022.0,480.0
1022.0,827.0
1022.0,281.0
1023.0,440.0
1023.0,200.0
1023.0,235.0
1023.0,868.0
1023.0,228.0
1023.0,307.0
1023.0,1015.0
1023.0,297.0
1023.0,73.0
1023.0,351.0
1023.0,208.0
1023.0,67.0
1024.0,965.0
1024.0,1030.0
1024.0,787.0
1024.0,690.0
1024.0,545.0
1024.0,152.0
1024.0,76.0
1024.0,96.0
1024.0,138.0
1024.0,219.0
1024.0,642.0
1024.0,612.0
1025.0,284.0
1025.0,38.0
1025.0,947.0
1025.0,423.0
1025.0,865.0
1025.0,514.0
1025.0,208.0
1025.0,1024.0
1025.0,1027.0
1025.0,993.0
1025.0,903.0
1025.0,539.0
1026.0,293.0
1026.0,161.0
1026.0,380.0
1026.0,680.0
1026.0,240.0
1026.0,956.0
1026.0,868.0
1026.0,365.0
1026.0,437.0
1026.0,65.0
1026.0,727.0
1026.0,114.0
1027.0,837.0
1027.0,973.0
1027.0,1009.0
1027.0,22.0
1027.0,574.0
1027.0,795.0
1027.0,334.0
1027.0,609.0
1027.0,890.0
1027.0,440.0
1027.0,707.0
1027.0,42.0
1028.0,840.0
1028.0,736.0
1028.0,834.0
1028.0,327.0
1028.0,920.0
1028.0,22.0
1028.0,356.0
1028.0,734.0
1028.0,512.0
1028.0,377.0
1028.0,603.0
1028.0,643.0
1029.0,269.0
1029.0,360.0
1029.0,668.0
1029.0,299.0
1029.0,954.0
1029.0,217.0
1029.0,87.0
1029.0,691.0
1029.0,754.0
1029.0,105.0
1029.0,56.0
1029.0,307.0
1030.0,662.0
1030.0,921.0
1030.0,838.0
1030.0,319.0
1030.0,80.0
1030.0,115.0
1030.0,137.0
1030.0,655.0
1030.0,372.0
1030.0,70.0
1030.0,740.0
1030.0,472.0
1031.0,652.0
1031.0,533.0
1031.0,690.0
1031.0,553.0
1031.0,949.0
1031.0,102.0
1031.0,914.0
1031.0,332.0
1031.0,371.0
1031.0,590.0
1031.0,1035.0
1031.0,556.0
1032.0,64.0
1032.0,646.0
1032.0,526.0
1032.0,928.0
1032.0,480.0
1032.0,854.0
1032.0,419.0
1032.0,263.0
1032.0,963.0
1032.0,937.0
1032.0,827.0
1032.0,213.0
1033.0,62.0
1033.0,199.0
1033.0,822.0
1033.0,784.0
1033.0,934.0
1033.0,225.0
1033.0,100.0
1033.0,945.0
1033.0,904.0
1033.0,1025.0
1033.0,521.0
1033.0,485.0
1034.0,799.0
1034.0,328.0
1034.0,405.0
1034.0,644.0
1034.0,788.0
1034.0,473.0
1034.0,169.0
1034.0,439.0
1034.0,768.0
1034.0,795.0
1034.0,843.0
1034.0,425.0
1035.0,860.0
1035.0,353.0
1035.0,954.0
1035.0,756.0
1035.0,523.0
1035.0,286.0
1035.0,508.0
1035.0,332.0
1035.0,738.0
1035.0,1031.0
1035.0,482.0
1035.0,266.0
4.0,0.0
518.0,0.0
812.0,0.0
1020.0,0.0
428.0,0.0
682.0,0.0
921.0,0.0
191.0,0.0
787.0,0.0
492.0,0.0
744.0,0.0
155.0,0.0
647.0,1.0
102.0,1.0
954.0,1.0
100.0,1.0
506.0,1.0
942.0,1.0
121.0,1.0
452.0,1.0
216.0,1.0
62.0,1.0
593.0,1.0
1033.0,1.0
465.0,2.0
761.0,2.0
379.0,2.0
450.0,2.0
940.0,2.0
788.0,2.0
741.0,2.0
589.0,2.0
729.0,2.0
937.0,2.0
702.0,2.0
511.0,2.0
40.0,3.0
169.0,3.0
797.0,3.0
641.0,3.0
320.0,3.0
892.0,3.0
842.0,3.0
487.0,3.0
285.0,3.0
604.0,3.0
188.0,3.0
948.0,3.0
369.0,4.0
846.0,4.0
22.0,4.0
1006.0,4.0
668.0,4.0
856.0,4.0
648.0,4.0
805.0,4.0
687.0,4.0
433.0,4.0
149.0,4.0
108.0,4.0
45.0,5.0
844.0,5.0
476.0,5.0
364.0,5.0
871.0,5.0
950.0,5.0
315.0,5.0
823.0,5.0
404.0,5.0
345.0,5.0
85.0,5.0
713.0,5.0
652.0,6.0
19.0,6.0
987.0,6.0
59.0,6.0
572.0,6.0
887.0,6.0
137.0,6.0
189.0,6.0
866.0,6.0
725.0,6.0
397.0,6.0
127.0,6.0
638.0,7.0
465.0,7.0
135.0,7.0
772.0,7.0
353.0,7.0
873.0,7.0
188.0,7.0
234.0,7.0
777.0,7.0
794.0,7.0
621.0,7.0
589.0,7.0
38.0,8.0
505.0,8.0
500.0,8.0
322.0,8.0
481.0,8.0
882.0,8.0
166.0,8.0
85.0,8.0
622.0,8.0
199.0,8.0
347.0,8.0
521.0,8.0
288.0,9.0
167.0,9.0
718.0,9.0
329.0,9.0
87.0,9.0
1020.0,9.0
560.0,9.0
461.0,9.0
642.0,9.0
368.0,9.0
523.0,9.0
227.0,9.0
637.0,10.0
398.0,10.0
468.0,10.0
798.0,10.0
351.0,10.0
185.0,10.0
601.0,10.0
735.0,10.0
693.0,10.0
65.0,10.0
754.0,10.0
145.0,10.0
488.0,11.0
55.0,11.0
719.0,11.0
794.0,11.0
649.0,11.0
238.0,11.0
580.0,11.0
702.0,11.0
270.0,11.0
856.0,11.0
323.0,11.0
943.0,11.0
533.0,12.0
324.0,12.0
179.0,12.0
138.0,12.0
1027.0,12.0
243.0,12.0
563.0,12.0
219.0,12.0
749.0,12.0
883.0,12.0
970.0,12.0
538.0,12.0
7.0,13.0
83.0,13.0
810.0,13.0
962.0,13.0
897.0,13.0
634.0,13.0
528.0,13.0
741.0,13.0
720.0,13.0
136.0,13.0
246.0,13.0
833.0,13.0
1014.0,14.0
635.0,14.0
1025.0,14.0
717.0,14.0
600.0,14.0
186.0,14.0
730.0,14.0
457.0,14.0
674.0,14.0
30.0,14.0
506.0,14.0
302.0,14.0
1035.0,15.0
151.0,15.0
339.0,15.0
130.0,15.0
959.0,15.0
691.0,15.0
178.0,15.0
217.0,15.0
1012.0,15.0
945.0,15.0
732.0,15.0
228.0,15.0
510.0,16.0
54.0,16.0
212.0,16.0
183.0,16.0
385.0,16.0
646.0,16.0
890.0,16.0
934.0,16.0
526.0,16.0
929.0,16.0
831.0,16.0
126.0,16.0
1014.0,17.0
490.0,17.0
258.0,17.0
821.0,17.0
1023.0,17.0
121.0,17.0
605.0,17.0
542.0,17.0
946.0,17.0
531.0,17.0
571.0,17.0
499.0,17.0
118.0,18.0
396.0,18.0
824.0,18.0
920.0,18.0
333.0,18.0
260.0,18.0
891.0,18.0
965.0,18.0
806.0,18.0
546.0,18.0
422.0,18.0
295.0,18.0
681.0,19.0
405.0,19.0
652.0,19.0
310.0,19.0
987.0,19.0
588.0,19.0
914.0,19.0
180.0,19.0
583.0,19.0
385.0,19.0
715.0,19.0
596.0,19.0
252.0,20.0
76.0,20.0
577.0,20.0
659.0,20.0
559.0,20.0
78.0,20.0
165.0,20.0
710.0,20.0
341.0,20.0
1024.0,20.0
988.0,20.0
258.0,20.0
885.0,21.0
382.0,21.0
725.0,21.0
405.0,21.0
899.0,21.0
679.0,21.0
596.0,21.0
641.0,21.0
409.0,21.0
473.0,21.0
128.0,21.0
613.0,21.0
204.0,22.0
994.0,22.0
810.0,22.0
621.0,22.0
737.0,22.0
976.0,22.0
455.0,22.0
900.0,22.0
267.0,22.0
952.0,22.0
960.0,22.0
1017.0,22.0
863.0,23.0
1031.0,23.0
56.0,23.0
592.0,23.0
755.0,23.0
1006.0,23.0
565.0,23.0
466.0,23.0
357.0,23.0
599.0,23.0
126.0,23.0
550.0,23.0
655.0,24.0
259.0,24.0
903.0,24.0
865.0,24.0
571.0,24.0
550.0,24.0
299.0,24.0
690.0,24.0
533.0,24.0
933.0,24.0
930.0,24.0
887.0,24.0
672.0,25.0
636.0,25.0
102.0,25.0
498.0,25.0
395.0,25.0
239.0,25.0
863.0,25.0
578.0,25.0
111.0,25.0
584.0,25.0
527.0,25.0
515.0,25.0
40.0,26.0
899.0,26.0
771.0,26.0
21.0,26.0
727.0,26.0
595.0,26.0
726.0,26.0
147.0,26.0
348.0,26.0
520.0,26.0
17.0,26.0
409.0,26.0
1014.0,27.0
491.0,27.0
81.0,27.0
269.0,27.0
168.0,27.0
961.0,27.0
94.0,27.0
581.0,27.0
25.0,27.0
102.0,27.0
710.0,27.0
226.0,27.0
604.0,28.0
680.0,28.0
179.0,28.0
814.0,28.0
282.0,28.0
595.0,28.0
267.0,28.0
839.0,28.0
628.0,28.0
469.0,28.0
152.0,28.0
125.0,28.0
59.0,29.0
749.0,29.0
942.0,29.0
534.0,29.0
449.0,29.0
718.0,29.0
431.0,29.0
930.0,29.0
493.0,29.0
586.0,29.0
971.0,29.0
149.0,29.0
530.0,30.0
684.0,30.0
463.0,30.0
584.0,30.0
556.0,30.0
91.0,30.0
744.0,30.0
845.0,30.0
471.0,30.0
167.0,30.0
907.0,30.0
837.0,30.0
15.0,31.0
586.0,31.0
966.0,31.0
790.0,31.0
728.0,31.0
504.0,31.0
456.0,31.0
169.0,31.0
630.0,31.0
121.0,31.0
593.0,31.0
132.0,31.0
746.0,32.0
9.0,32.0
4.0,32.0
820.0,32.0
781.0,32.0
507.0,32.0
98.0,32.0
591.0,32.0
368.0,32.0
938.0,32.0
415.0,32.0
652.0,32.0
222.0,33.0
748.0,33.0
327.0,33.0
636.0,33.0
897.0,33.0
557.0,33.0
974.0,33.0
674.0,33.0
979.0,33.0
931.0,33.0
245.0,33.0
333.0,33.0
44.0,34.0
744.0,34.0
366.0,34.0
111.0,34.0
905.0,34.0
392.0,34.0
504.0,34.0
442.0,34.0
840.0,34.0
555.0,34.0
665.0,34.0
134.0,34.0
154.0,35.0
548.0,35.0
367.0,35.0
300.0,35.0
1017.0,35.0
702.0,35.0
540.0,35.0
260.0,35.0
33.0,35.0
731.0,35.0
631.0,35.0
308.0,35.0
355.0,36.0
357.0,36.0
304.0,36.0
346.0,36.0
714.0,36.0
220.0,36.0
256.0,36.0
646.0,36.0
98.0,36.0
908.0,36.0
181.0,36.0
501.0,36.0
447.0,37.0
908.0,37.0
634.0,37.0
673.0,37.0
875.0,37.0
590.0,37.0
435.0,37.0
1001.0,37.0
816.0,37.0
876.0,37.0
151.0,37.0
825.0,37.0
738.0,38.0
706.0,38.0
674.0,38.0
622.0,38.0
292.0,38.0
700.0,38.0
191.0,38.0
522.0,38.0
887.0,38.0
216.0,38.0
517.0,38.0
710.0,38.0
272.0,39.0
761.0,39.0
951.0,39.0
780.0,39.0
661.0,39.0
519.0,39.0
289.0,39.0
833.0,39.0
98.0,39.0
339.0,39.0
84.0,39.0
135.0,39.0
839.0,40.0
646.0,40.0
955.0,40.0
152.0,40.0
144.0,40.0
640.0,40.0
67.0,40.0
127.0,40.0
289.0,40.0
43.0,40.0
973.0,40.0
752.0,40.0
629.0,41.0
510.0,41.0
630.0,41.0
383.0,41.0
862.0,41.0
108.0,41.0
562.0,41.0
611.0,41.0
341.0,41.0
89.0,41.0
342.0,41.0
975.0,41.0
298.0,42.0
517.0,42.0
556.0,42.0
934.0,42.0
745.0,42.0
756.0,42.0
538.0,42.0
597.0,42.0
56.0,42.0
198.0,42.0
941.0,42.0
522.0,42.0
309.0,43.0
375.0,43.0
794.0,43.0
1034.0,43.0
576.0,43.0
92.0,43.0
843.0,43.0
654.0,43.0
86.0,43.0
305.0,43.0
814.0,43.0
774.0,43.0
574.0,44.0
517.0,44.0
733.0,44.0
115.0,44.0
721.0,44.0
730.0,44.0
266.0,44.0
501.0,44.0
788.0,44.0
912.0,44.0
514.0,44.0
176.0,44.0
486.0,45.0
977.0,45.0
811.0,45.0
99.0,45.0
859.0,45.0
485.0,45.0
655.0,45.0
452.0,45.0
432.0,45.0
967.0,45.0
8.0,45.0
647.0,45.0
840.0,46.0
219.0,46.0
851.0,46.0
492.0,46.0
584.0,46.0
429.0,46.0
376.0,46.0
602.0,46.0
925.0,46.0
36.0,46.0
547.0,46.0
301.0,46.0
119.0,47.0
575.0,47.0
1007.0,47.0
692.0,47.0
884.0,47.0
738.0,47.0
244.0,47.0
222.0,47.0
695.0,47.0
1019.0,47.0
515.0,47.0
434.0,47.0
878.0,48.0
902.0,48.0
759.0,48.0
1029.0,48.0
321.0,48.0
283.0,48.0
455.0,48.0
101.0,48.0
180.0,48.0
837.0,48.0
348.0,48.0
365.0,48.0
454.0,49.0
1024.0,49.0
915.0,49.0
787.0,49.0
873.0,49.0
46.0,49.0
124.0,49.0
112.0,49.0
133.0,49.0
517.0,49.0
738.0,49.0
472.0,49.0
208.0,50.0
674.0,50.0
290.0,50.0
742.0,50.0
862.0,50.0
738.0,50.0
202.0,50.0
748.0,50.0
690.0,50.0
504.0,50.0
729.0,50.0
678.0,50.0
921.0,51.0
577.0,51.0
493.0,51.0
339.0,51.0
678.0,51.0
333.0,51.0
111.0,51.0
73.0,51.0
721.0,51.0
608.0,51.0
895.0,51.0
635.0,51.0
30.0,52.0
34.0,52.0
472.0,52.0
14.0,52.0
334.0,52.0
909.0,52.0
873.0,52.0
251.0,52.0
105.0,52.0
666.0,52.0
764.0,52.0
547.0,52.0
255.0,53.0
100.0,53.0
766.0,53.0
63.0,53.0
907.0,53.0
632.0,53.0
446.0,53.0
1021.0,53.0
784.0,53.0
424.0,53.0
835.0,53.0
44.0,53.0
558.0,54.0
356.0,54.0
48.0,54.0
630.0,54.0
860.0,54.0
725.0,54.0
208.0,54.0
899.0,54.0
365.0,54.0
121.0,54.0
944.0,54.0
504.0,54.0
874.0,55.0
274.0,55.0
563.0,55.0
1031.0,55.0
973.0,55.0
310.0,55.0
336.0,55.0
167.0,55.0
499.0,55.0
301.0,55.0
594.0,55.0
130.0,55.0
890.0,56.0
137.0,56.0
169.0,56.0
756.0,56.0
168.0,56.0
139.0,56.0
491.0,56.0
989.0,56.0
662.0,56.0
558.0,56.0
98.0,56.0
38.0,56.0
138.0,57.0
921.0,57.0
533.0,57.0
307.0,57.0
655.0,57.0
917.0,57.0
329.0,57.0
216.0,57.0
486.0,57.0
400.0,57.0
790.0,57.0
494.0,57.0
5.0,58.0
227.0,58.0
845.0,58.0
225.0,58.0
627.0,58.0
104.0,58.0
583.0,58.0
509.0,58.0
307.0,58.0
811.0,58.0
701.0,58.0
647.0,58.0
374.0,59.0
893.0,59.0
718.0,59.0
107.0,59.0
795.0,59.0
752.0,59.0
328.0,59.0
490.0,59.0
640.0,59.0
388.0,59.0
258.0,59.0
989.0,59.0
894.0,60.0
376.0,60.0
557.0,60.0
682.0,60.0
777.0,60.0
502.0,60.0
577.0,60.0
76.0,60.0
450.0,60.0
546.0,60.0
651.0,60.0
1028.0,60.0
648.0,61.0
287.0,61.0
299.0,61.0
737.0,61.0
571.0,61.0
931.0,61.0
235.0,61.0
777.0,61.0
30.0,61.0
786.0,61.0
991.0,61.0
80.0,61.0
1002.0,62.0
999.0,62.0
647.0,62.0
351.0,62.0
461.0,62.0
259.0,62.0
852.0,62.0
964.0,62.0
441.0,62.0
93.0,62.0
798.0,62.0
930.0,62.0
264.0,63.0
993.0,63.0
512.0,63.0
601.0,63.0
920.0,63.0
218.0,63.0
870.0,63.0
784.0,63.0
639.0,63.0
354.0,63.0
31.0,63.0
72.0,63.0
799.0,64.0
885.0,64.0
488.0,64.0
515.0,64.0
745.0,64.0
212.0,64.0
776.0,64.0
645.0,64.0
591.0,64.0
619.0,64.0
649.0,64.0
358.0,64.0
334.0,65.0
143.0,65.0
892.0,65.0
239.0,65.0
609.0,65.0
204.0,65.0
259.0,65.0
705.0,65.0
97.0,65.0
1006.0,65.0
856.0,65.0
163.0,65.0
307.0,66.0
556.0,66.0
163.0,66.0
748.0,66.0
29.0,66.0
658.0,66.0
890.0,66.0
749.0,66.0
684.0,66.0
95.0,66.0
877.0,66.0
360.0,66.0
130.0,67.0
692.0,67.0
648.0,67.0
900.0,67.0
157.0,67.0
905.0,67.0
279.0,67.0
950.0,67.0
4.0,67.0
196.0,67.0
642.0,67.0
307.0,67.0
342.0,68.0
469.0,68.0
444.0,68.0
571.0,68.0
460.0,68.0
564.0,68.0
79.0,68.0
805.0,68.0
595.0,68.0
970.0,68.0
710.0,68.0
869.0,68.0
736.0,69.0
961.0,69.0
566.0,69.0
258.0,69.0
207.0,69.0
212.0,69.0
380.0,69.0
525.0,69.0
401.0,69.0
970.0,69.0
981.0,69.0
493.0,69.0
117.0,70.0
919.0,70.0
640.0,70.0
607.0,70.0
243.0,70.0
290.0,70.0
15.0,70.0
733.0,70.0
962.0,70.0
483.0,70.0
931.0,70.0
481.0,70.0
973.0,71.0
192.0,71.0
798.0,71.0
267.0,71.0
152.0,71.0
892.0,71.0
500.0,71.0
423.0,71.0
116.0,71.0
958.0,71.0
475.0,71.0
970.0,71.0
513.0,72.0
34.0,72.0
471.0,72.0
492.0,72.0
118.0,72.0
909.0,72.0
525.0,72.0
657.0,72.0
743.0,72.0
557.0,72.0
932.0,72.0
141.0,72.0
552.0,73.0
566.0,73.0
994.0,73.0
539.0,73.0
231.0,73.0
292.0,73.0
1027.0,73.0
829.0,73.0
1001.0,73.0
1009.0,73.0
459.0,73.0
932.0,73.0
60.0,74.0
759.0,74.0
733.0,74.0
212.0,74.0
994.0,74.0
524.0,74.0
183.0,74.0
268.0,74.0
638.0,74.0
965.0,74.0
435.0,74.0
265.0,74.0
130.0,75.0
1019.0,75.0
926.0,75.0
636.0,75.0
538.0,75.0
996.0,75.0
1031.0,75.0
514.0,75.0
222.0,75.0
539.0,75.0
571.0,75.0
224.0,75.0
901.0,76.0
1006.0,76.0
508.0,76.0
666.0,76.0
1017.0,76.0
754.0,76.0
733.0,76.0
268.0,76.0
176.0,76.0
288.0,76.0
51.0,76.0
273.0,76.0
56.0,77.0
590.0,77.0
268.0,77.0
952.0,77.0
546.0,77.0
761.0,77.0
804.0,77.0
178.0,77.0
149.0,77.0
340.0,77.0
849.0,77.0
391.0,77.0
187.0,78.0
956.0,78.0
736.0,78.0
524.0,78.0
1025.0,78.0
1031.0,78.0
1029.0,78.0
994.0,78.0
115.0,78.0
343.0,78.0
659.0,78.0
729.0,78.0
102.0,79.0
407.0,79.0
603.0,79.0
491.0,79.0
691.0,79.0
756.0,79.0
773.0,79.0
286.0,79.0
759.0,79.0
1000.0,79.0
614.0,79.0
549.0,79.0
470.0,80.0
250.0,80.0
193.0,80.0
268.0,80.0
881.0,80.0
1027.0,80.0
126.0,80.0
494.0,80.0
630.0,80.0
395.0,80.0
586.0,80.0
59.0,80.0
928.0,81.0
944.0,81.0
1025.0,81.0
383.0,81.0
266.0,81.0
974.0,81.0
102.0,81.0
952.0,81.0
96.0,81.0
265.0,81.0
294.0,81.0
98.0,81.0
779.0,82.0
241.0,82.0
978.0,82.0
227.0,82.0
494.0,82.0
188.0,82.0
592.0,82.0
787.0,82.0
275.0,82.0
478.0,82.0
1006.0,82.0
719.0,82.0
759.0,83.0
668.0,83.0
61.0,83.0
154.0,83.0
473.0,83.0
854.0,83.0
130.0,83.0
501.0,83.0
683.0,83.0
815.0,83.0
466.0,83.0
592.0,83.0
897.0,84.0
729.0,84.0
206.0,84.0
929.0,84.0
702.0,84.0
631.0,84.0
36.0,84.0
13.0,84.0
810.0,84.0
621.0,84.0
39.0,84.0
731.0,84.0
678.0,85.0
243.0,85.0
5.0,85.0
993.0,85.0
57.0,85.0
255.0,85.0
1028.0,85.0
521.0,85.0
485.0,85.0
602.0,85.0
45.0,85.0
347.0,85.0
358.0,86.0
617.0,86.0
406.0,86.0
305.0,86.0
350.0,86.0
885.0,86.0
646.0,86.0
660.0,86.0
477.0,86.0
320.0,86.0
720.0,86.0
43.0,86.0
449.0,87.0
157.0,87.0
734.0,87.0
50.0,87.0
269.0,87.0
807.0,87.0
485.0,87.0
765.0,87.0
166.0,87.0
969.0,87.0
612.0,87.0
501.0,87.0
872.0,88.0
185.0,88.0
109.0,88.0
62.0,88.0
904.0,88.0
240.0,88.0
637.0,88.0
709.0,88.0
871.0,88.0
918.0,88.0
767.0,88.0
58.0,88.0
409.0,89.0
372.0,89.0
129.0,89.0
804.0,89.0
669.0,89.0
716.0,89.0
699.0,89.0
679.0,89.0
150.0,89.0
756.0,89.0
190.0,89.0
781.0,89.0
425.0,90.0
943.0,90.0
19.0,90.0
210.0,90.0
135.0,90.0
122.0,90.0
994.0,90.0
819.0,90.0
448.0,90.0
897.0,90.0
151.0,90.0
989.0,90.0
656.0,91.0
518.0,91.0
628.0,91.0
62.0,91.0
120.0,91.0
862.0,91.0
494.0,91.0
313.0,91.0
571.0,91.0
637.0,91.0
383.0,91.0
332.0,91.0
841.0,92.0
814.0,92.0
726.0,92.0
433.0,92.0
604.0,92.0
768.0,92.0
680.0,92.0
567.0,92.0
654.0,92.0
708.0,92.0
314.0,92.0
771.0,92.0
104.0,93.0
293.0,93.0
186.0,93.0
82.0,93.0
693.0,93.0
882.0,93.0
404.0,93.0
347.0,93.0
988.0,93.0
554.0,93.0
823.0,93.0
859.0,93.0
695.0,94.0
905.0,94.0
226.0,94.0
912.0,94.0
928.0,94.0
222.0,94.0
30.0,94.0
895.0,94.0
395.0,94.0
205.0,94.0
820.0,94.0
704.0,94.0
411.0,95.0
874.0,95.0
232.0,95.0
364.0,95.0
791.0,95.0
199.0,95.0
415.0,95.0
579.0,95.0
38.0,95.0
835.0,95.0
161.0,95.0
19.0,95.0
430.0,96.0
483.0,96.0
932.0,96.0
359.0,96.0
570.0,96.0
861.0,96.0
308.0,96.0
525.0,96.0
1005.0,96.0
531.0,96.0
272.0,96.0
756.0,96.0
309.0,97.0
338.0,97.0
793.0,97.0
439.0,97.0
663.0,97.0
354.0,97.0
368.0,97.0
836.0,97.0
132.0,97.0
974.0,97.0
626.0,97.0
767.0,97.0
523.0,98.0
227.0,98.0
571.0,98.0
389.0,98.0
157.0,98.0
913.0,98.0
384.0,98.0
15.0,98.0
658.0,98.0
507.0,98.0
536.0,98.0
318.0,98.0
713.0,99.0
506.0,99.0
823.0,99.0
766.0,99.0
1033.0,99.0
312.0,99.0
505.0,99.0
45.0,99.0
5.0,99.0
1027.0,99.0
255.0,99.0
655.0,99.0
485.0,100.0
58.0,100.0
345.0,100.0
157.0,100.0
386.0,100.0
109.0,100.0
1021.0,100.0
871.0,100.0
722.0,100.0
870.0,100.0
5.0,100.0
581.0,100.0
139.0,101.0
462.0,101.0
941.0,101.0
197.0,101.0
360.0,101.0
844.0,101.0
342.0,101.0
760.0,101.0
230.0,101.0
1003.0,101.0
97.0,101.0
790.0,101.0
554.0,102.0
991.0,102.0
79.0,102.0
357.0,102.0
154.0,102.0
499.0,102.0
660.0,102.0
221.0,102.0
620.0,102.0
108.0,102.0
652.0,102.0
130.0,102.0
412.0,103.0
777.0,103.0
996.0,103.0
219.0,103.0
119.0,103.0
1025.0,103.0
464.0,103.0
994.0,103.0
377.0,103.0
852.0,103.0
334.0,103.0
851.0,103.0
5.0,104.0
927.0,104.0
559.0,104.0
353.0,104.0
50.0,104.0
60.0,104.0
977.0,104.0
312.0,104.0
1010.0,104.0
851.0,104.0
694.0,104.0
131.0,104.0
124.0,105.0
787.0,105.0
376.0,105.0
571.0,105.0
171.0,105.0
875.0,105.0
546.0,105.0
339.0,105.0
175.0,105.0
292.0,105.0
873.0,105.0
581.0,105.0
510.0,106.0
86.0,106.0
775.0,106.0
299.0,106.0
43.0,106.0
562.0,106.0
444.0,106.0
533.0,106.0
350.0,106.0
59.0,106.0
468.0,106.0
21.0,106.0
172.0,107.0
781.0,107.0
857.0,107.0
12.0,107.0
1027.0,107.0
1008.0,107.0
749.0,107.0
1006.0,107.0
845.0,107.0
407.0,107.0
307.0,107.0
182.0,107.0
192.0,108.0
831.0,108.0
824.0,108.0
914.0,108.0
183.0,108.0
3.0,108.0
196.0,108.0
857.0,108.0
445.0,108.0
89.0,108.0
412.0,108.0
281.0,108.0
680.0,109.0
57.0,109.0
872.0,109.0
903.0,109.0
518.0,109.0
767.0,109.0
394.0,109.0
798.0,109.0
129.0,109.0
941.0,109.0
1014.0,109.0
481.0,109.0
143.0,110.0
292.0,110.0
119.0,110.0
299.0,110.0
579.0,110.0
859.0,110.0
308.0,110.0
424.0,110.0
637.0,110.0
65.0,110.0
988.0,110.0
154.0,110.0
958.0,111.0
1009.0,111.0
576.0,111.0
761.0,111.0
642.0,111.0
969.0,111.0
131.0,111.0
84.0,111.0
103.0,111.0
87.0,111.0
166.0,111.0
900.0,111.0
787.0,112.0
440.0,112.0
765.0,112.0
739.0,112.0
42.0,112.0
284.0,112.0
25.0,112.0
791.0,112.0
22.0,112.0
47.0,112.0
368.0,112.0
807.0,112.0
664.0,113.0
53.0,113.0
760.0,113.0
299.0,113.0
923.0,113.0
630.0,113.0
690.0,113.0
509.0,113.0
576.0,113.0
397.0,113.0
332.0,113.0
971.0,113.0
306.0,114.0
139.0,114.0
899.0,114.0
21.0,114.0
768.0,114.0
26.0,114.0
771.0,114.0
16.0,114.0
6.0,114.0
757.0,114.0
726.0,114.0
628.0,114.0
164.0,115.0
357.0,115.0
319.0,115.0
513.0,115.0
574.0,115.0
1015.0,115.0
335.0,115.0
256.0,115.0
642.0,115.0
406.0,115.0
609.0,115.0
171.0,115.0
935.0,116.0
536.0,116.0
900.0,116.0
645.0,116.0
583.0,116.0
947.0,116.0
373.0,116.0
79.0,116.0
837.0,116.0
1030.0,116.0
723.0,116.0
1019.0,116.0
304.0,117.0
938.0,117.0
125.0,117.0
885.0,117.0
151.0,117.0
213.0,117.0
193.0,117.0
828.0,117.0
860.0,117.0
3.0,117.0
991.0,117.0
163.0,117.0
502.0,118.0
920.0,118.0
625.0,118.0
525.0,118.0
35.0,118.0
806.0,118.0
1001.0,118.0
964.0,118.0
983.0,118.0
223.0,118.0
951.0,118.0
265.0,118.0
228.0,119.0
470.0,119.0
706.0,119.0
313.0,119.0
789.0,119.0
966.0,119.0
180.0,119.0
773.0,119.0
254.0,119.0
707.0,119.0
446.0,119.0
956.0,119.0
699.0,120.0
768.0,120.0
413.0,120.0
596.0,120.0
859.0,120.0
798.0,120.0
654.0,120.0
190.0,120.0
240.0,120.0
382.0,120.0
769.0,120.0
428.0,120.0
862.0,121.0
97.0,121.0
693.0,121.0
556.0,121.0
104.0,121.0
717.0,121.0
90.0,121.0
954.0,121.0
225.0,121.0
1023.0,121.0
543.0,121.0
119.0,121.0
894.0,122.0
986.0,122.0
943.0,122.0
508.0,122.0
681.0,122.0
757.0,122.0
960.0,122.0
478.0,122.0
874.0,122.0
493.0,122.0
746.0,122.0
317.0,122.0
414.0,123.0
288.0,123.0
629.0,123.0
844.0,123.0
438.0,123.0
648.0,123.0
739.0,123.0
273.0,123.0
879.0,123.0
835.0,123.0
24.0,123.0
1030.0,123.0
57.0,124.0
1018.0,124.0
704.0,124.0
46.0,124.0
864.0,124.0
229.0,124.0
703.0,124.0
52.0,124.0
909.0,124.0
801.0,124.0
545.0,124.0
4.0,124.0
958.0,125.0
976.0,125.0
668.0,125.0
281.0,125.0
119.0,125.0
850.0,125.0
966.0,125.0
902.0,125.0
243.0,125.0
975.0,125.0
584.0,125.0
515.0,125.0
746.0,126.0
839.0,126.0
670.0,126.0
188.0,126.0
401.0,126.0
181.0,126.0
105.0,126.0
381.0,126.0
421.0,126.0
83.0,126.0
995.0,126.0
952.0,126.0
408.0,127.0
254.0,127.0
835.0,127.0
575.0,127.0
32.0,127.0
815.0,127.0
276.0,127.0
973.0,127.0
658.0,127.0
603.0,127.0
442.0,127.0
370.0,127.0
421.0,128.0
1026.0,128.0
979.0,128.0
491.0,128.0
799.0,128.0
543.0,128.0
142.0,128.0
357.0,128.0
955.0,128.0
880.0,128.0
117.0,128.0
40.0,128.0
110.0,129.0
161.0,129.0
904.0,129.0
42.0,129.0
98.0,129.0
1002.0,129.0
917.0,129.0
394.0,129.0
717.0,129.0
433.0,129.0
328.0,129.0
850.0,129.0
111.0,130.0
925.0,130.0
524.0,130.0
79.0,130.0
380.0,130.0
718.0,130.0
12.0,130.0
599.0,130.0
711.0,130.0
374.0,130.0
744.0,130.0
1006.0,130.0
834.0,131.0
45.0,131.0
78.0,131.0
282.0,131.0
371.0,131.0
490.0,131.0
558.0,131.0
527.0,131.0
955.0,131.0
538.0,131.0
1012.0,131.0
397.0,131.0
182.0,132.0
395.0,132.0
100.0,132.0
791.0,132.0
872.0,132.0
119.0,132.0
941.0,132.0
423.0,132.0
380.0,132.0
113.0,132.0
239.0,132.0
209.0,132.0
647.0,133.0
339.0,133.0
901.0,133.0
547.0,133.0
195.0,133.0
274.0,133.0
677.0,133.0
982.0,133.0
322.0,133.0
587.0,133.0
351.0,133.0
728.0,133.0
916.0,134.0
818.0,134.0
882.0,134.0
118.0,134.0
376.0,134.0
915.0,134.0
671.0,134.0
551.0,134.0
529.0,134.0
392.0,134.0
195.0,134.0
838.0,134.0
942.0,135.0
881.0,135.0
269.0,135.0
434.0,135.0
532.0,135.0
614.0,135.0
381.0,135.0
580.0,135.0
300.0,135.0
794.0,135.0
402.0,135.0
780.0,135.0
143.0,136.0
507.0,136.0
935.0,136.0
222.0,136.0
288.0,136.0
98.0,136.0
383.0,136.0
353.0,136.0
523.0,136.0
691.0,136.0
670.0,136.0
359.0,136.0
769.0,137.0
939.0,137.0
852.0,137.0
239.0,137.0
395.0,137.0
110.0,137.0
934.0,137.0
196.0,137.0
341.0,137.0
865.0,137.0
796.0,137.0
217.0,137.0
577.0,138.0
672.0,138.0
424.0,138.0
915.0,138.0
20.0,138.0
780.0,138.0
883.0,138.0
371.0,138.0
636.0,138.0
149.0,138.0
594.0,138.0
167.0,138.0
248.0,139.0
662.0,139.0
137.0,139.0
800.0,139.0
318.0,139.0
467.0,139.0
313.0,139.0
17.0,139.0
375.0,139.0
924.0,139.0
748.0,139.0
182.0,139.0
67.0,140.0
603.0,140.0
540.0,140.0
829.0,140.0
870.0,140.0
242.0,140.0
490.0,140.0
700.0,140.0
199.0,140.0
149.0,140.0
456.0,140.0
722.0,140.0
657.0,141.0
289.0,141.0
758.0,141.0
416.0,141.0
295.0,141.0
87.0,141.0
327.0,141.0
891.0,141.0
977.0,141.0
1018.0,141.0
600.0,141.0
472.0,141.0
173.0,142.0
672.0,142.0
764.0,142.0
506.0,142.0
144.0,142.0
409.0,142.0
415.0,142.0
388.0,142.0
117.0,142.0
448.0,142.0
621.0,142.0
169.0,142.0
327.0,143.0
209.0,143.0
539.0,143.0
979.0,143.0
781.0,143.0
867.0,143.0
69.0,143.0
254.0,143.0
971.0,143.0
459.0,143.0
554.0,143.0
179.0,143.0
128.0,144.0
433.0,144.0
641.0,144.0
520.0,144.0
872.0,144.0
843.0,144.0
380.0,144.0
120.0,144.0
617.0,144.0
350.0,144.0
250.0,144.0
667.0,144.0
709.0,145.0
240.0,145.0
689.0,145.0
878.0,145.0
30.0,145.0
439.0,145.0
628.0,145.0
872.0,145.0
699.0,145.0
451.0,145.0
802.0,145.0
668.0,145.0
220.0,146.0
20.0,146.0
786.0,146.0
152.0,146.0
1030.0,146.0
711.0,146.0
266.0,146.0
19.0,146.0
769.0,146.0
1019.0,146.0
211.0,146.0
1014.0,146.0
114.0,147.0
768.0,147.0
814.0,147.0
80.0,147.0
534.0,147.0
786.0,147.0
850.0,147.0
654.0,147.0
564.0,147.0
679.0,147.0
92.0,147.0
433.0,147.0
528.0,148.0
824.0,148.0
379.0,148.0
69.0,148.0
963.0,148.0
810.0,148.0
976.0,148.0
393.0,148.0
213.0,148.0
444.0,148.0
874.0,148.0
827.0,148.0
992.0,149.0
29.0,149.0
701.0,149.0
753.0,149.0
491.0,149.0
877.0,149.0
574.0,149.0
668.0,149.0
894.0,149.0
824.0,149.0
181.0,149.0
997.0,149.0
844.0,150.0
210.0,150.0
975.0,150.0
663.0,150.0
781.0,150.0
176.0,150.0
339.0,150.0
87.0,150.0
130.0,150.0
759.0,150.0
335.0,150.0
434.0,150.0
91.0,151.0
989.0,151.0
4.0,151.0
957.0,151.0
212.0,151.0
226.0,151.0
746.0,151.0
889.0,151.0
724.0,151.0
662.0,151.0
283.0,151.0
19.0,151.0
361.0,152.0
798.0,152.0
850.0,152.0
40.0,152.0
144.0,152.0
814.0,152.0
615.0,152.0
114.0,152.0
892.0,152.0
327.0,152.0
358.0,152.0
827.0,152.0
59.0,153.0
129.0,153.0
637.0,153.0
596.0,153.0
630.0,153.0
640.0,153.0
598.0,153.0
762.0,153.0
835.0,153.0
451.0,153.0
595.0,153.0
958.0,153.0
318.0,154.0
494.0,154.0
330.0,154.0
119.0,154.0
856.0,154.0
504.0,154.0
123.0,154.0
395.0,154.0
659.0,154.0
224.0,154.0
912.0,154.0
357.0,154.0
352.0,155.0
473.0,155.0
815.0,155.0
187.0,155.0
479.0,155.0
494.0,155.0
733.0,155.0
790.0,155.0
652.0,155.0
1027.0,155.0
564.0,155.0
466.0,155.0
23.0,156.0
174.0,156.0
434.0,156.0
866.0,156.0
970.0,156.0
360.0,156.0
66.0,156.0
405.0,156.0
359.0,156.0
258.0,156.0
482.0,156.0
881.0,156.0
276.0,157.0
493.0,157.0
363.0,157.0
479.0,157.0
959.0,157.0
206.0,157.0
599.0,157.0
504.0,157.0
846.0,157.0
66.0,157.0
115.0,157.0
55.0,157.0
546.0,158.0
978.0,158.0
829.0,158.0
744.0,158.0
905.0,158.0
1010.0,158.0
561.0,158.0
517.0,158.0
793.0,158.0
500.0,158.0
835.0,158.0
115.0,158.0
241.0,159.0
895.0,159.0
699.0,159.0
928.0,159.0
686.0,159.0
407.0,159.0
652.0,159.0
286.0,159.0
684.0,159.0
847.0,159.0
718.0,159.0
994.0,159.0
126.0,160.0
36.0,160.0
524.0,160.0
1027.0,160.0
723.0,160.0
421.0,160.0
270.0,160.0
953.0,160.0
782.0,160.0
956.0,160.0
287.0,160.0
248.0,160.0
192.0,161.0
163.0,161.0
458.0,161.0
328.0,161.0
518.0,161.0
1023.0,161.0
97.0,161.0
30.0,161.0
259.0,161.0
109.0,161.0
538.0,161.0
10.0,161.0
972.0,162.0
452.0,162.0
364.0,162.0
400.0,162.0
822.0,162.0
859.0,162.0
110.0,162.0
361.0,162.0
441.0,162.0
58.0,162.0
479.0,162.0
63.0,162.0
844.0,163.0
67.0,163.0
624.0,163.0
445.0,163.0
540.0,163.0
913.0,163.0
682.0,163.0
61.0,163.0
210.0,163.0
477.0,163.0
1008.0,163.0
203.0,163.0
241.0,164.0
210.0,164.0
705.0,164.0
481.0,164.0
655.0,164.0
1023.0,164.0
955.0,164.0
204.0,164.0
137.0,164.0
95.0,164.0
561.0,164.0
424.0,164.0
682.0,165.0
158.0,165.0
522.0,165.0
905.0,165.0
657.0,165.0
948.0,165.0
977.0,165.0
489.0,165.0
70.0,165.0
1017.0,165.0
242.0,165.0
268.0,165.0
698.0,166.0
950.0,166.0
258.0,166.0
738.0,166.0
952.0,166.0
352.0,166.0
198.0,166.0
486.0,166.0
755.0,166.0
371.0,166.0
809.0,166.0
516.0,166.0
1013.0,167.0
612.0,167.0
176.0,167.0
196.0,167.0
83.0,167.0
921.0,167.0
808.0,167.0
111.0,167.0
884.0,167.0
961.0,167.0
889.0,167.0
973.0,167.0
332.0,168.0
290.0,168.0
1008.0,168.0
642.0,168.0
367.0,168.0
809.0,168.0
946.0,168.0
705.0,168.0
507.0,168.0
607.0,168.0
149.0,168.0
565.0,168.0
607.0,169.0
718.0,169.0
933.0,169.0
973.0,169.0
475.0,169.0
843.0,169.0
752.0,169.0
1000.0,169.0
956.0,169.0
373.0,169.0
981.0,169.0
156.0,169.0
530.0,170.0
830.0,170.0
625.0,170.0
393.0,170.0
217.0,170.0
931.0,170.0
608.0,170.0
117.0,170.0
261.0,170.0
176.0,170.0
889.0,170.0
719.0,170.0
721.0,171.0
269.0,171.0
1028.0,171.0
557.0,171.0
688.0,171.0
568.0,171.0
658.0,171.0
391.0,171.0
590.0,171.0
141.0,171.0
74.0,171.0
864.0,171.0
824.0,172.0
96.0,172.0
922.0,172.0
245.0,172.0
534.0,172.0
319.0,172.0
598.0,172.0
250.0,172.0
346.0,172.0
163.0,172.0
489.0,172.0
674.0,172.0
799.0,173.0
531.0,173.0
362.0,173.0
297.0,173.0
89.0,173.0
1023.0,173.0
591.0,173.0
936.0,173.0
707.0,173.0
409.0,173.0
207.0,173.0
510.0,173.0
16.0,174.0
142.0,174.0
592.0,174.0
962.0,174.0
711.0,174.0
670.0,174.0
488.0,174.0
574.0,174.0
234.0,174.0
890.0,174.0
388.0,174.0
974.0,174.0
563.0,175.0
753.0,175.0
234.0,175.0
1017.0,175.0
359.0,175.0
549.0,175.0
224.0,175.0
46.0,175.0
499.0,175.0
36.0,175.0
96.0,175.0
464.0,175.0
706.0,176.0
327.0,176.0
380.0,176.0
973.0,176.0
157.0,176.0
749.0,176.0
944.0,176.0
217.0,176.0
159.0,176.0
491.0,176.0
412.0,176.0
913.0,176.0
232.0,177.0
611.0,177.0
209.0,177.0
769.0,177.0
1002.0,177.0
91.0,177.0
230.0,177.0
293.0,177.0
117.0,177.0
413.0,177.0
763.0,177.0
92.0,177.0
841.0,178.0
682.0,178.0
175.0,178.0
900.0,178.0
582.0,178.0
729.0,178.0
336.0,178.0
182.0,178.0
1009.0,178.0
747.0,178.0
825.0,178.0
847.0,178.0
401.0,179.0
954.0,179.0
902.0,179.0
799.0,179.0
640.0,179.0
624.0,179.0
721.0,179.0
41.0,179.0
296.0,179.0
499.0,179.0
926.0,179.0
254.0,179.0
421.0,180.0
782.0,180.0
758.0,180.0
947.0,180.0
543.0,180.0
406.0,180.0
725.0,180.0
372.0,180.0
900.0,180.0
919.0,180.0
659.0,180.0
599.0,180.0
176.0,181.0
848.0,181.0
866.0,181.0
711.0,181.0
566.0,181.0
279.0,181.0
959.0,181.0
360.0,181.0
196.0,181.0
598.0,181.0
98.0,181.0
61.0,181.0
934.0,182.0
966.0,182.0
662.0,182.0
290.0,182.0
188.0,182.0
415.0,182.0
846.0,182.0
973.0,182.0
645.0,182.0
964.0,182.0
15.0,182.0
143.0,182.0
148.0,183.0
256.0,183.0
341.0,183.0
135.0,183.0
566.0,183.0
686.0,183.0
696.0,183.0
455.0,183.0
959.0,183.0
825.0,183.0
103.0,183.0
168.0,183.0
448.0,184.0
979.0,184.0
562.0,184.0
86.0,184.0
986.0,184.0
435.0,184.0
716.0,184.0
125.0,184.0
613.0,184.0
814.0,184.0
857.0,184.0
1022.0,184.0
293.0,185.0
5.0,185.0
386.0,185.0
913.0,185.0
1008.0,185.0
639.0,185.0
767.0,185.0
1025.0,185.0
663.0,185.0
517.0,185.0
389.0,185.0
158.0,185.0
568.0,186.0
46.0,186.0
851.0,186.0
14.0,186.0
969.0,186.0
210.0,186.0
635.0,186.0
751.0,186.0
551.0,186.0
713.0,186.0
671.0,186.0
764.0,186.0
778.0,187.0
41.0,187.0
414.0,187.0
718.0,187.0
583.0,187.0
423.0,187.0
623.0,187.0
232.0,187.0
1003.0,187.0
208.0,187.0
651.0,187.0
411.0,187.0
245.0,188.0
738.0,188.0
684.0,188.0
1031.0,188.0
746.0,188.0
291.0,188.0
790.0,188.0
323.0,188.0
170.0,188.0
388.0,188.0
426.0,188.0
711.0,188.0
913.0,189.0
374.0,189.0
102.0,189.0
925.0,189.0
662.0,189.0
903.0,189.0
549.0,189.0
934.0,189.0
250.0,189.0
707.0,189.0
438.0,189.0
531.0,189.0
147.0,190.0
369.0,190.0
161.0,190.0
319.0,190.0
128.0,190.0
382.0,190.0
941.0,190.0
182.0,190.0
724.0,190.0
92.0,190.0
119.0,190.0
679.0,190.0
442.0,191.0
76.0,191.0
118.0,191.0
696.0,191.0
959.0,191.0
764.0,191.0
364.0,191.0
73.0,191.0
55.0,191.0
625.0,191.0
554.0,191.0
352.0,191.0
655.0,192.0
440.0,192.0
180.0,192.0
717.0,192.0
981.0,192.0
771.0,192.0
169.0,192.0
314.0,192.0
786.0,192.0
28.0,192.0
508.0,192.0
726.0,192.0
749.0,193.0
531.0,193.0
710.0,193.0
12.0,193.0
524.0,193.0
290.0,193.0
913.0,193.0
614.0,193.0
821.0,193.0
504.0,193.0
973.0,193.0
815.0,193.0
74.0,194.0
483.0,194.0
816.0,194.0
410.0,194.0
729.0,194.0
156.0,194.0
566.0,194.0
525.0,194.0
141.0,194.0
435.0,194.0
1013.0,194.0
733.0,194.0
257.0,195.0
312.0,195.0
495.0,195.0
671.0,195.0
600.0,195.0
229.0,195.0
529.0,195.0
471.0,195.0
404.0,195.0
223.0,195.0
905.0,195.0
851.0,195.0
154.0,196.0
276.0,196.0
607.0,196.0
598.0,196.0
1017.0,196.0
599.0,196.0
837.0,196.0
273.0,196.0
989.0,196.0
164.0,196.0
1020.0,196.0
733.0,196.0
488.0,197.0
798.0,197.0
992.0,197.0
626.0,197.0
685.0,197.0
468.0,197.0
616.0,197.0
878.0,197.0
607.0,197.0
467.0,197.0
390.0,197.0
946.0,197.0
1014.0,198.0
687.0,198.0
691.0,198.0
380.0,198.0
879.0,198.0
438.0,198.0
864.0,198.0
923.0,198.0
773.0,198.0
420.0,198.0
127.0,198.0
220.0,198.0
950.0,199.0
418.0,199.0
185.0,199.0
347.0,199.0
972.0,199.0
337.0,199.0
685.0,199.0
823.0,199.0
105.0,199.0
479.0,199.0
602.0,199.0
159.0,199.0
328.0,200.0
121.0,200.0
309.0,200.0
531.0,200.0
368.0,200.0
398.0,200.0
966.0,200.0
230.0,200.0
10.0,200.0
763.0,200.0
917.0,200.0
632.0,200.0
815.0,201.0
842.0,201.0
727.0,201.0
980.0,201.0
976.0,201.0
987.0,201.0
417.0,201.0
799.0,201.0
444.0,201.0
348.0,201.0
716.0,201.0
468.0,201.0
94.0,202.0
227.0,202.0
149.0,202.0
324.0,202.0
721.0,202.0
337.0,202.0
731.0,202.0
18.0,202.0
391.0,202.0
124.0,202.0
136.0,202.0
377.0,202.0
146.0,203.0
1029.0,203.0
711.0,203.0
241.0,203.0
734.0,203.0
907.0,203.0
620.0,203.0
765.0,203.0
755.0,203.0
533.0,203.0
942.0,203.0
837.0,203.0
32.0,204.0
760.0,204.0
278.0,204.0
328.0,204.0
161.0,204.0
712.0,204.0
515.0,204.0
130.0,204.0
878.0,204.0
228.0,204.0
136.0,204.0
383.0,204.0
997.0,205.0
974.0,205.0
279.0,205.0
208.0,205.0
994.0,205.0
275.0,205.0
575.0,205.0
191.0,205.0
900.0,205.0
756.0,205.0
546.0,205.0
256.0,205.0
736.0,206.0
830.0,206.0
115.0,206.0
1007.0,206.0
576.0,206.0
245.0,206.0
69.0,206.0
361.0,206.0
290.0,206.0
482.0,206.0
14.0,206.0
546.0,206.0
401.0,207.0
222.0,207.0
893.0,207.0
719.0,207.0
246.0,207.0
270.0,207.0
477.0,207.0
425.0,207.0
775.0,207.0
515.0,207.0
902.0,207.0
973.0,207.0
296.0,208.0
522.0,208.0
211.0,208.0
497.0,208.0
765.0,208.0
111.0,208.0
335.0,208.0
217.0,208.0
912.0,208.0
27.0,208.0
944.0,208.0
556.0,208.0
431.0,209.0
604.0,209.0
197.0,209.0
518.0,209.0
161.0,209.0
709.0,209.0
439.0,209.0
681.0,209.0
177.0,209.0
624.0,209.0
567.0,209.0
735.0,209.0
790.0,210.0
867.0,210.0
948.0,210.0
975.0,210.0
967.0,210.0
15.0,210.0
491.0,210.0
380.0,210.0
813.0,210.0
828.0,210.0
695.0,210.0
102.0,210.0
95.0,211.0
599.0,211.0
42.0,211.0
759.0,211.0
25.0,211.0
777.0,211.0
765.0,211.0
111.0,211.0
778.0,211.0
556.0,211.0
231.0,211.0
539.0,211.0
598.0,212.0
6.0,212.0
323.0,212.0
20.0,212.0
279.0,212.0
803.0,212.0
694.0,212.0
1004.0,212.0
971.0,212.0
857.0,212.0
182.0,212.0
724.0,212.0
82.0,213.0
291.0,213.0
388.0,213.0
342.0,213.0
412.0,213.0
313.0,213.0
848.0,213.0
810.0,213.0
752.0,213.0
844.0,213.0
668.0,213.0
186.0,213.0
331.0,214.0
844.0,214.0
304.0,214.0
622.0,214.0
964.0,214.0
539.0,214.0
87.0,214.0
368.0,214.0
430.0,214.0
629.0,214.0
684.0,214.0
198.0,214.0
326.0,215.0
646.0,215.0
29.0,215.0
998.0,215.0
169.0,215.0
866.0,215.0
445.0,215.0
188.0,215.0
752.0,215.0
442.0,215.0
534.0,215.0
574.0,215.0
309.0,216.0
739.0,216.0
624.0,216.0
327.0,216.0
527.0,216.0
625.0,216.0
452.0,216.0
104.0,216.0
158.0,216.0
907.0,216.0
31.0,216.0
140.0,216.0
326.0,217.0
438.0,217.0
856.0,217.0
931.0,217.0
966.0,217.0
879.0,217.0
944.0,217.0
970.0,217.0
554.0,217.0
804.0,217.0
361.0,217.0
852.0,217.0
931.0,218.0
645.0,218.0
265.0,218.0
985.0,218.0
934.0,218.0
473.0,218.0
431.0,218.0
212.0,218.0
656.0,218.0
359.0,218.0
126.0,218.0
631.0,218.0
837.0,219.0
945.0,219.0
734.0,219.0
916.0,219.0
376.0,219.0
838.0,219.0
670.0,219.0
642.0,219.0
299.0,219.0
807.0,219.0
517.0,219.0
498.0,219.0
933.0,220.0
1006.0,220.0
552.0,220.0
991.0,220.0
686.0,220.0
742.0,220.0
565.0,220.0
581.0,220.0
397.0,220.0
573.0,220.0
863.0,220.0
890.0,220.0
421.0,221.0
299.0,221.0
330.0,221.0
1020.0,221.0
805.0,221.0
912.0,221.0
254.0,221.0
504.0,221.0
707.0,221.0
942.0,221.0
846.0,221.0
296.0,221.0
393.0,222.0
420.0,222.0
905.0,222.0
746.0,222.0
764.0,222.0
81.0,222.0
360.0,222.0
901.0,222.0
39.0,222.0
928.0,222.0
674.0,222.0
1031.0,222.0
1013.0,223.0
82.0,223.0
202.0,223.0
840.0,223.0
578.0,223.0
72.0,223.0
191.0,223.0
414.0,223.0
584.0,223.0
634.0,223.0
243.0,223.0
851.0,223.0
684.0,224.0
651.0,224.0
914.0,224.0
353.0,224.0
920.0,224.0
4.0,224.0
889.0,224.0
949.0,224.0
47.0,224.0
753.0,224.0
992.0,224.0
1024.0,224.0
873.0,225.0
199.0,225.0
705.0,225.0
823.0,225.0
516.0,225.0
950.0,225.0
57.0,225.0
968.0,225.0
927.0,225.0
766.0,225.0
5.0,225.0
909.0,225.0
1016.0,226.0
23.0,226.0
540.0,226.0
531.0,226.0
107.0,226.0
684.0,226.0
82.0,226.0
683.0,226.0
151.0,226.0
788.0,226.0
32.0,226.0
288.0,226.0
792.0,227.0
476.0,227.0
547.0,227.0
767.0,227.0
633.0,227.0
1008.0,227.0
339.0,227.0
503.0,227.0
310.0,227.0
851.0,227.0
950.0,227.0
407.0,227.0
762.0,228.0
991.0,228.0
989.0,228.0
430.0,228.0
408.0,228.0
926.0,228.0
131.0,228.0
313.0,228.0
149.0,228.0
803.0,228.0
990.0,228.0
597.0,228.0
349.0,229.0
578.0,229.0
429.0,229.0
364.0,229.0
505.0,229.0
292.0,229.0
851.0,229.0
996.0,229.0
865.0,229.0
512.0,229.0
600.0,229.0
1028.0,229.0
518.0,230.0
878.0,230.0
413.0,230.0
855.0,230.0
709.0,230.0
388.0,230.0
524.0,230.0
595.0,230.0
887.0,230.0
970.0,230.0
961.0,230.0
129.0,230.0
695.0,231.0
686.0,231.0
359.0,231.0
395.0,231.0
692.0,231.0
157.0,231.0
263.0,231.0
473.0,231.0
522.0,231.0
154.0,231.0
261.0,231.0
805.0,231.0
389.0,232.0
176.0,232.0
466.0,232.0
500.0,232.0
835.0,232.0
387.0,232.0
763.0,232.0
719.0,232.0
6.0,232.0
862.0,232.0
978.0,232.0
351.0,232.0
191.0,233.0
677.0,233.0
895.0,233.0
494.0,233.0
700.0,233.0
829.0,233.0
49.0,233.0
404.0,233.0
1025.0,233.0
341.0,233.0
435.0,233.0
110.0,233.0
759.0,234.0
11.0,234.0
535.0,234.0
662.0,234.0
263.0,234.0
819.0,234.0
381.0,234.0
112.0,234.0
401.0,234.0
995.0,234.0
268.0,234.0
531.0,234.0
374.0,235.0
721.0,235.0
455.0,235.0
239.0,235.0
499.0,235.0
313.0,235.0
80.0,235.0
945.0,235.0
115.0,235.0
624.0,235.0
1006.0,235.0
463.0,235.0
940.0,236.0
938.0,236.0
460.0,236.0
419.0,236.0
318.0,236.0
535.0,236.0
220.0,236.0
606.0,236.0
355.0,236.0
399.0,236.0
788.0,236.0
444.0,236.0
17.0,237.0
394.0,237.0
798.0,237.0
345.0,237.0
179.0,237.0
890.0,237.0
461.0,237.0
338.0,237.0
629.0,237.0
88.0,237.0
663.0,237.0
918.0,237.0
536.0,238.0
619.0,238.0
523.0,238.0
559.0,238.0
90.0,238.0
937.0,238.0
11.0,238.0
266.0,238.0
854.0,238.0
443.0,238.0
1032.0,238.0
826.0,238.0
820.0,239.0
308.0,239.0
139.0,239.0
140.0,239.0
637.0,239.0
119.0,239.0
276.0,239.0
939.0,239.0
605.0,239.0
75.0,239.0
718.0,239.0
193.0,239.0
675.0,240.0
129.0,240.0
709.0,240.0
145.0,240.0
230.0,240.0
316.0,240.0
763.0,240.0
760.0,240.0
531.0,240.0
966.0,240.0
352.0,240.0
595.0,240.0
1018.0,241.0
187.0,241.0
779.0,241.0
683.0,241.0
547.0,241.0
1012.0,241.0
150.0,241.0
934.0,241.0
651.0,241.0
637.0,241.0
852.0,241.0
123.0,241.0
900.0,242.0
0.0,242.0
308.0,242.0
155.0,242.0
427.0,242.0
705.0,242.0
494.0,242.0
556.0,242.0
102.0,242.0
838.0,242.0
75.0,242.0
438.0,242.0
795.0,243.0
546.0,243.0
127.0,243.0
67.0,243.0
308.0,243.0
690.0,243.0
561.0,243.0
903.0,243.0
235.0,243.0
65.0,243.0
42.0,243.0
372.0,243.0
805.0,244.0
554.0,244.0
795.0,244.0
430.0,244.0
532.0,244.0
767.0,244.0
252.0,244.0
210.0,244.0
820.0,244.0
164.0,244.0
216.0,244.0
356.0,244.0
578.0,245.0
15.0,245.0
907.0,245.0
167.0,245.0
563.0,245.0
664.0,245.0
570.0,245.0
861.0,245.0
231.0,245.0
983.0,245.0
136.0,245.0
317.0,245.0
2.0,246.0
1018.0,246.0
340.0,246.0
70.0,246.0
260.0,246.0
36.0,246.0
952.0,246.0
402.0,246.0
772.0,246.0
817.0,246.0
758.0,246.0
98.0,246.0
7.0,247.0
175.0,247.0
480.0,247.0
794.0,247.0
443.0,247.0
519.0,247.0
741.0,247.0
508.0,247.0
399.0,247.0
13.0,247.0
536.0,247.0
775.0,247.0
494.0,248.0
460.0,248.0
728.0,248.0
499.0,248.0
934.0,248.0
947.0,248.0
942.0,248.0
867.0,248.0
895.0,248.0
500.0,248.0
239.0,248.0
680.0,248.0
871.0,249.0
763.0,249.0
593.0,249.0
10.0,249.0
941.0,249.0
101.0,249.0
62.0,249.0
200.0,249.0
476.0,249.0
509.0,249.0
452.0,249.0
338.0,249.0
276.0,250.0
960.0,250.0
543.0,250.0
372.0,250.0
205.0,250.0
625.0,250.0
746.0,250.0
308.0,250.0
367.0,250.0
897.0,250.0
483.0,250.0
428.0,250.0
69.0,251.0
590.0,251.0
84.0,251.0
346.0,251.0
883.0,251.0
41.0,251.0
661.0,251.0
522.0,251.0
383.0,251.0
555.0,251.0
897.0,251.0
55.0,251.0
170.0,252.0
196.0,252.0
707.0,252.0
243.0,252.0
916.0,252.0
925.0,252.0
629.0,252.0
695.0,252.0
715.0,252.0
211.0,252.0
950.0,252.0
176.0,252.0
880.0,253.0
828.0,253.0
500.0,253.0
466.0,253.0
239.0,253.0
473.0,253.0
614.0,253.0
567.0,253.0
217.0,253.0
669.0,253.0
332.0,253.0
1023.0,253.0
336.0,254.0
307.0,254.0
319.0,254.0
805.0,254.0
948.0,254.0
464.0,254.0
504.0,254.0
4.0,254.0
221.0,254.0
697.0,254.0
883.0,254.0
749.0,254.0
121.0,255.0
784.0,255.0
318.0,255.0
698.0,255.0
639.0,255.0
647.0,255.0
823.0,255.0
400.0,255.0
882.0,255.0
162.0,255.0
356.0,255.0
756.0,255.0
76.0,256.0
18.0,256.0
84.0,256.0
438.0,256.0
224.0,256.0
169.0,256.0
756.0,256.0
711.0,256.0
74.0,256.0
391.0,256.0
881.0,256.0
634.0,256.0
901.0,257.0
250.0,257.0
861.0,257.0
0.0,257.0
977.0,257.0
845.0,257.0
785.0,257.0
597.0,257.0
392.0,257.0
623.0,257.0
906.0,257.0
512.0,257.0
69.0,258.0
3.0,258.0
630.0,258.0
948.0,258.0
668.0,258.0
80.0,258.0
378.0,258.0
648.0,258.0
574.0,258.0
372.0,258.0
899.0,258.0
684.0,258.0
863.0,259.0
650.0,259.0
705.0,259.0
198.0,259.0
620.0,259.0
738.0,259.0
374.0,259.0
648.0,259.0
733.0,259.0
542.0,259.0
432.0,259.0
394.0,259.0
191.0,260.0
46.0,260.0
76.0,260.0
39.0,260.0
340.0,260.0
294.0,260.0
178.0,260.0
886.0,260.0
194.0,260.0
453.0,260.0
1001.0,260.0
721.0,260.0
642.0,261.0
965.0,261.0
491.0,261.0
401.0,261.0
624.0,261.0
1014.0,261.0
966.0,261.0
890.0,261.0
449.0,261.0
830.0,261.0
990.0,261.0
332.0,261.0
21.0,262.0
358.0,262.0
843.0,262.0
717.0,262.0
510.0,262.0
720.0,262.0
762.0,262.0
184.0,262.0
581.0,262.0
403.0,262.0
43.0,262.0
469.0,262.0
234.0,263.0
827.0,263.0
943.0,263.0
953.0,263.0
1032.0,263.0
285.0,263.0
296.0,263.0
238.0,263.0
355.0,263.0
875.0,263.0
611.0,263.0
384.0,263.0
822.0,264.0
94.0,264.0
927.0,264.0
719.0,264.0
696.0,264.0
462.0,264.0
20.0,264.0
185.0,264.0
252.0,264.0
640.0,264.0
95.0,264.0
318.0,264.0
932.0,265.0
525.0,265.0
583.0,265.0
560.0,265.0
908.0,265.0
849.0,265.0
183.0,265.0
36.0,265.0
226.0,265.0
74.0,265.0
848.0,265.0
327.0,265.0
9.0,266.0
512.0,266.0
323.0,266.0
226.0,266.0
127.0,266.0
749.0,266.0
546.0,266.0
221.0,266.0
238.0,266.0
71.0,266.0
368.0,266.0
55.0,266.0
863.0,267.0
861.0,267.0
625.0,267.0
445.0,267.0
359.0,267.0
168.0,267.0
284.0,267.0
373.0,267.0
1004.0,267.0
450.0,267.0
591.0,267.0
897.0,267.0
434.0,268.0
289.0,268.0
36.0,268.0
772.0,268.0
711.0,268.0
965.0,268.0
483.0,268.0
193.0,268.0
897.0,268.0
867.0,268.0
212.0,268.0
256.0,268.0
230.0,269.0
302.0,269.0
359.0,269.0
824.0,269.0
979.0,269.0
691.0,269.0
605.0,269.0
470.0,269.0
715.0,269.0
1019.0,269.0
932.0,269.0
512.0,269.0
123.0,270.0
947.0,270.0
32.0,270.0
804.0,270.0
726.0,270.0
136.0,270.0
149.0,270.0
510.0,270.0
358.0,270.0
116.0,270.0
899.0,270.0
752.0,270.0
758.0,271.0
700.0,271.0
873.0,271.0
391.0,271.0
171.0,271.0
257.0,271.0
906.0,271.0
344.0,271.0
222.0,271.0
136.0,271.0
755.0,271.0
35.0,271.0
447.0,272.0
532.0,272.0
402.0,272.0
986.0,272.0
39.0,272.0
590.0,272.0
18.0,272.0
251.0,272.0
734.0,272.0
714.0,272.0
13.0,272.0
317.0,272.0
502.0,273.0
681.0,273.0
659.0,273.0
948.0,273.0
353.0,273.0
55.0,273.0
500.0,273.0
717.0,273.0
731.0,273.0
47.0,273.0
401.0,273.0
935.0,273.0
485.0,274.0
627.0,274.0
835.0,274.0
793.0,274.0
374.0,274.0
838.0,274.0
176.0,274.0
446.0,274.0
400.0,274.0
770.0,274.0
67.0,274.0
211.0,274.0
1030.0,275.0
44.0,275.0
356.0,275.0
525.0,275.0
719.0,275.0
989.0,275.0
273.0,275.0
489.0,275.0
254.0,275.0
366.0,275.0
402.0,275.0
610.0,275.0
6.0,276.0
652.0,276.0
772.0,276.0
524.0,276.0
228.0,276.0
374.0,276.0
592.0,276.0
583.0,276.0
175.0,276.0
672.0,276.0
890.0,276.0
668.0,276.0
20.0,277.0
838.0,277.0
982.0,277.0
505.0,277.0
912.0,277.0
47.0,277.0
758.0,277.0
657.0,277.0
133.0,277.0
703.0,277.0
371.0,277.0
457.0,277.0
727.0,278.0
161.0,278.0
722.0,278.0
209.0,278.0
949.0,278.0
1021.0,278.0
760.0,278.0
394.0,278.0
966.0,278.0
632.0,278.0
351.0,278.0
939.0,278.0
747.0,279.0
107.0,279.0
977.0,279.0
834.0,279.0
629.0,279.0
743.0,279.0
313.0,279.0
266.0,279.0
9.0,279.0
563.0,279.0
69.0,279.0
971.0,279.0
170.0,280.0
538.0,280.0
206.0,280.0
194.0,280.0
861.0,280.0
570.0,280.0
416.0,280.0
732.0,280.0
912.0,280.0
284.0,280.0
244.0,280.0
171.0,280.0
16.0,281.0
746.0,281.0
307.0,281.0
924.0,281.0
975.0,281.0
955.0,281.0
745.0,281.0
911.0,281.0
487.0,281.0
893.0,281.0
215.0,281.0
618.0,281.0
438.0,282.0
388.0,282.0
156.0,282.0
375.0,282.0
114.0,282.0
352.0,282.0
855.0,282.0
934.0,282.0
40.0,282.0
405.0,282.0
493.0,282.0
954.0,282.0
208.0,283.0
22.0,283.0
242.0,283.0
1014.0,283.0
828.0,283.0
642.0,283.0
914.0,283.0
599.0,283.0
352.0,283.0
961.0,283.0
107.0,283.0
690.0,283.0
865.0,284.0
257.0,284.0
446.0,284.0
136.0,284.0
982.0,284.0
734.0,284.0
599.0,284.0
856.0,284.0
492.0,284.0
227.0,284.0
840.0,284.0
429.0,284.0
117.0,285.0
465.0,285.0
752.0,285.0
720.0,285.0
1011.0,285.0
649.0,285.0
234.0,285.0
826.0,285.0
379.0,285.0
419.0,285.0
545.0,285.0
794.0,285.0
423.0,286.0
512.0,286.0
29.0,286.0
830.0,286.0
250.0,286.0
56.0,286.0
157.0,286.0
913.0,286.0
91.0,286.0
130.0,286.0
218.0,286.0
228.0,286.0
242.0,287.0
658.0,287.0
431.0,287.0
395.0,287.0
130.0,287.0
884.0,287.0
176.0,287.0
685.0,287.0
214.0,287.0
832.0,287.0
637.0,287.0
299.0,287.0
79.0,288.0
563.0,288.0
276.0,288.0
863.0,288.0
75.0,288.0
553.0,288.0
836.0,288.0
1004.0,288.0
986.0,288.0
683.0,288.0
973.0,288.0
881.0,288.0
344.0,289.0
922.0,289.0
376.0,289.0
731.0,289.0
536.0,289.0
621.0,289.0
952.0,289.0
997.0,289.0
794.0,289.0
901.0,289.0
578.0,289.0
77.0,289.0
179.0,290.0
948.0,290.0
242.0,290.0
65.0,290.0
407.0,290.0
856.0,290.0
165.0,290.0
383.0,290.0
1014.0,290.0
349.0,290.0
777.0,290.0
182.0,290.0
250.0,291.0
975.0,291.0
960.0,291.0
417.0,291.0
1006.0,291.0
608.0,291.0
268.0,291.0
395.0,291.0
991.0,291.0
723.0,291.0
665.0,291.0
687.0,291.0
581.0,292.0
146.0,292.0
832.0,292.0
1018.0,292.0
761.0,292.0
706.0,292.0
283.0,292.0
424.0,292.0
1035.0,292.0
946.0,292.0
470.0,292.0
552.0,292.0
722.0,293.0
185.0,293.0
1.0,293.0
784.0,293.0
162.0,293.0
5.0,293.0
1033.0,293.0
430.0,293.0
87.0,293.0
53.0,293.0
675.0,293.0
766.0,293.0
434.0,294.0
674.0,294.0
602.0,294.0
265.0,294.0
824.0,294.0
300.0,294.0
14.0,294.0
344.0,294.0
541.0,294.0
489.0,294.0
298.0,294.0
353.0,294.0
371.0,295.0
489.0,295.0
812.0,295.0
472.0,295.0
901.0,295.0
183.0,295.0
730.0,295.0
511.0,295.0
887.0,295.0
393.0,295.0
631.0,295.0
340.0,295.0
736.0,296.0
408.0,296.0
603.0,296.0
707.0,296.0
597.0,296.0
44.0,296.0
970.0,296.0
631.0,296.0
466.0,296.0
667.0,296.0
543.0,296.0
867.0,296.0
776.0,297.0
586.0,297.0
120.0,297.0
843.0,297.0
304.0,297.0
487.0,297.0
716.0,297.0
737.0,297.0
350.0,297.0
804.0,297.0
334.0,297.0
3.0,297.0
756.0,298.0
847.0,298.0
611.0,298.0
715.0,298.0
900.0,298.0
755.0,298.0
307.0,298.0
334.0,298.0
1012.0,298.0
574.0,298.0
964.0,298.0
706.0,298.0
778.0,299.0
434.0,299.0
868.0,299.0
545.0,299.0
791.0,299.0
624.0,299.0
242.0,299.0
143.0,299.0
629.0,299.0
287.0,299.0
942.0,299.0
308.0,299.0
876.0,300.0
323.0,300.0
886.0,300.0
482.0,300.0
582.0,300.0
344.0,300.0
1018.0,300.0
275.0,300.0
310.0,300.0
191.0,300.0
127.0,300.0
873.0,300.0
412.0,301.0
753.0,301.0
643.0,301.0
963.0,301.0
687.0,301.0
511.0,301.0
554.0,301.0
125.0,301.0
994.0,301.0
846.0,301.0
560.0,301.0
79.0,301.0
749.0,302.0
987.0,302.0
186.0,302.0
34.0,302.0
386.0,302.0
141.0,302.0
344.0,302.0
779.0,302.0
112.0,302.0
219.0,302.0
984.0,302.0
915.0,302.0
13.0,303.0
569.0,303.0
2.0,303.0
589.0,303.0
858.0,303.0
962.0,303.0
381.0,303.0
532.0,303.0
246.0,303.0
90.0,303.0
536.0,303.0
940.0,303.0
189.0,304.0
533.0,304.0
563.0,304.0
164.0,304.0
890.0,304.0
494.0,304.0
853.0,304.0
530.0,304.0
407.0,304.0
664.0,304.0
132.0,304.0
675.0,304.0
297.0,305.0
358.0,305.0
843.0,305.0
61.0,305.0
285.0,305.0
106.0,305.0
585.0,305.0
362.0,305.0
350.0,305.0
425.0,305.0
804.0,305.0
669.0,305.0
571.0,306.0
409.0,306.0
325.0,306.0
28.0,306.0
176.0,306.0
699.0,306.0
101.0,306.0
588.0,306.0
218.0,306.0
726.0,306.0
40.0,306.0
190.0,306.0
563.0,307.0
744.0,307.0
78.0,307.0
70.0,307.0
526.0,307.0
431.0,307.0
292.0,307.0
748.0,307.0
245.0,307.0
969.0,307.0
1031.0,307.0
933.0,307.0
78.0,308.0
884.0,308.0
442.0,308.0
996.0,308.0
687.0,308.0
283.0,308.0
1011.0,308.0
924.0,308.0
1008.0,308.0
59.0,308.0
939.0,308.0
424.0,308.0
110.0,309.0
966.0,309.0
739.0,309.0
903.0,309.0
907.0,309.0
140.0,309.0
912.0,309.0
581.0,309.0
456.0,309.0
795.0,309.0
387.0,309.0
918.0,309.0
335.0,310.0
94.0,310.0
1029.0,310.0
764.0,310.0
820.0,310.0
81.0,310.0
933.0,310.0
75.0,310.0
599.0,310.0
76.0,310.0
839.0,310.0
687.0,310.0
892.0,311.0
899.0,311.0
928.0,311.0
427.0,311.0
510.0,311.0
142.0,311.0
43.0,311.0
756.0,311.0
362.0,311.0
406.0,311.0
826.0,311.0
156.0,311.0
457.0,312.0
1010.0,312.0
552.0,312.0
72.0,312.0
277.0,312.0
460.0,312.0
495.0,312.0
978.0,312.0
713.0,312.0
774.0,312.0
376.0,312.0
472.0,312.0
1016.0,313.0
973.0,313.0
170.0,313.0
254.0,313.0
719.0,313.0
475.0,313.0
665.0,313.0
1027.0,313.0
668.0,313.0
296.0,313.0
310.0,313.0
490.0,313.0
872.0,314.0
654.0,314.0
101.0,314.0
413.0,314.0
177.0,314.0
934.0,314.0
912.0,314.0
278.0,314.0
161.0,314.0
437.0,314.0
1021.0,314.0
785.0,314.0
53.0,315.0
88.0,315.0
38.0,315.0
85.0,315.0
349.0,315.0
177.0,315.0
214.0,315.0
331.0,315.0
763.0,315.0
25.0,315.0
386.0,315.0
139.0,315.0
230.0,316.0
129.0,316.0
709.0,316.0
221.0,316.0
17.0,316.0
161.0,316.0
514.0,316.0
462.0,316.0
941.0,316.0
832.0,316.0
451.0,316.0
424.0,316.0
348.0,317.0
563.0,317.0
224.0,317.0
415.0,317.0
269.0,317.0
991.0,317.0
642.0,317.0
543.0,317.0
759.0,317.0
959.0,317.0
323.0,317.0
552.0,317.0
1023.0,318.0
887.0,318.0
512.0,318.0
504.0,318.0
1008.0,318.0
846.0,318.0
545.0,318.0
652.0,318.0
926.0,318.0
1029.0,318.0
181.0,318.0
640.0,318.0
414.0,319.0
883.0,319.0
80.0,319.0
527.0,319.0
575.0,319.0
361.0,319.0
33.0,319.0
608.0,319.0
404.0,319.0
78.0,319.0
0.0,319.0
83.0,319.0
48.0,320.0
409.0,320.0
987.0,320.0
676.0,320.0
860.0,320.0
566.0,320.0
348.0,320.0
774.0,320.0
652.0,320.0
117.0,320.0
488.0,320.0
30.0,320.0
616.0,321.0
147.0,321.0
320.0,321.0
469.0,321.0
142.0,321.0
332.0,321.0
644.0,321.0
341.0,321.0
317.0,321.0
375.0,321.0
676.0,321.0
922.0,321.0
411.0,322.0
337.0,322.0
136.0,322.0
102.0,322.0
492.0,322.0
283.0,322.0
637.0,322.0
424.0,322.0
1013.0,322.0
823.0,322.0
864.0,322.0
566.0,322.0
634.0,323.0
938.0,323.0
949.0,323.0
275.0,323.0
908.0,323.0
434.0,323.0
598.0,323.0
178.0,323.0
692.0,323.0
928.0,323.0
542.0,323.0
741.0,323.0
901.0,324.0
454.0,324.0
637.0,324.0
622.0,324.0
886.0,324.0
906.0,324.0
335.0,324.0
453.0,324.0
1029.0,324.0
582.0,324.0
118.0,324.0
347.0,324.0
798.0,325.0
701.0,325.0
769.0,325.0
685.0,325.0
114.0,325.0
221.0,325.0
109.0,325.0
43.0,325.0
892.0,325.0
200.0,325.0
771.0,325.0
628.0,325.0
583.0,326.0
573.0,326.0
769.0,326.0
356.0,326.0
603.0,326.0
934.0,326.0
254.0,326.0
374.0,326.0
79.0,326.0
460.0,326.0
32.0,326.0
976.0,326.0
994.0,327.0
175.0,327.0
228.0,327.0
243.0,327.0
620.0,327.0
479.0,327.0
317.0,327.0
598.0,327.0
852.0,327.0
417.0,327.0
117.0,327.0
790.0,327.0
989.0,328.0
615.0,328.0
754.0,328.0
179.0,328.0
389.0,328.0
648.0,328.0
15.0,328.0
856.0,328.0
912.0,328.0
180.0,328.0
342.0,328.0
330.0,328.0
770.0,329.0
25.0,329.0
921.0,329.0
395.0,329.0
896.0,329.0
655.0,329.0
423.0,329.0
112.0,329.0
346.0,329.0
383.0,329.0
547.0,329.0
35.0,329.0
828.0,330.0
603.0,330.0
102.0,330.0
561.0,330.0
900.0,330.0
853.0,330.0
979.0,330.0
445.0,330.0
652.0,330.0
304.0,330.0
941.0,330.0
651.0,330.0
230.0,331.0
1019.0,331.0
831.0,331.0
648.0,331.0
283.0,331.0
830.0,331.0
276.0,331.0
374.0,331.0
428.0,331.0
193.0,331.0
87.0,331.0
1029.0,331.0
565.0,332.0
25.0,332.0
624.0,332.0
404.0,332.0
959.0,332.0
552.0,332.0
931.0,332.0
0.0,332.0
887.0,332.0
553.0,332.0
805.0,332.0
659.0,332.0
72.0,333.0
416.0,333.0
1028.0,333.0
544.0,333.0
172.0,333.0
631.0,333.0
908.0,333.0
442.0,333.0
751.0,333.0
706.0,333.0
335.0,333.0
223.0,333.0
219.0,334.0
269.0,334.0
482.0,334.0
473.0,334.0
584.0,334.0
586.0,334.0
136.0,334.0
211.0,334.0
969.0,334.0
736.0,334.0
157.0,334.0
769.0,334.0
1003.0,335.0
250.0,335.0
189.0,335.0
921.0,335.0
970.0,335.0
795.0,335.0
852.0,335.0
25.0,335.0
556.0,335.0
516.0,335.0
760.0,335.0
840.0,335.0
583.0,336.0
545.0,336.0
1027.0,336.0
964.0,336.0
69.0,336.0
174.0,336.0
847.0,336.0
217.0,336.0
481.0,336.0
318.0,336.0
707.0,336.0
712.0,336.0
677.0,337.0
698.0,337.0
525.0,337.0
222.0,337.0
743.0,337.0
115.0,337.0
612.0,337.0
206.0,337.0
233.0,337.0
208.0,337.0
577.0,337.0
1031.0,337.0
356.0,338.0
822.0,338.0
999.0,338.0
675.0,338.0
798.0,338.0
386.0,338.0
596.0,338.0
904.0,338.0
182.0,338.0
249.0,338.0
1021.0,338.0
516.0,338.0
386.0,339.0
991.0,339.0
241.0,339.0
799.0,339.0
313.0,339.0
584.0,339.0
277.0,339.0
1009.0,339.0
428.0,339.0
79.0,339.0
1008.0,339.0
684.0,339.0
12.0,340.0
36.0,340.0
825.0,340.0
300.0,340.0
194.0,340.0
393.0,340.0
1028.0,340.0
35.0,340.0
683.0,340.0
524.0,340.0
673.0,340.0
780.0,340.0
973.0,341.0
722.0,341.0
438.0,341.0
411.0,341.0
130.0,341.0
31.0,341.0
394.0,341.0
637.0,341.0
922.0,341.0
241.0,341.0
540.0,341.0
1031.0,341.0
567.0,342.0
304.0,342.0
27.0,342.0
38.0,342.0
923.0,342.0
867.0,342.0
850.0,342.0
226.0,342.0
664.0,342.0
78.0,342.0
512.0,342.0
652.0,342.0
724.0,343.0
29.0,343.0
381.0,343.0
722.0,343.0
148.0,343.0
1016.0,343.0
799.0,343.0
90.0,343.0
881.0,343.0
543.0,343.0
550.0,343.0
624.0,343.0
636.0,344.0
633.0,344.0
919.0,344.0
661.0,344.0
496.0,344.0
393.0,344.0
353.0,344.0
1001.0,344.0
294.0,344.0
846.0,344.0
764.0,344.0
960.0,344.0
347.0,345.0
5.0,345.0
1021.0,345.0
823.0,345.0
99.0,345.0
446.0,345.0
400.0,345.0
73.0,345.0
968.0,345.0
53.0,345.0
927.0,345.0
140.0,345.0
991.0,346.0
962.0,346.0
77.0,346.0
702.0,346.0
661.0,346.0
525.0,346.0
247.0,346.0
881.0,346.0
650.0,346.0
582.0,346.0
427.0,346.0
1007.0,346.0
185.0,347.0
784.0,347.0
822.0,347.0
871.0,347.0
474.0,347.0
237.0,347.0
647.0,347.0
278.0,347.0
225.0,347.0
452.0,347.0
8.0,347.0
164.0,347.0
306.0,348.0
798.0,348.0
595.0,348.0
325.0,348.0
899.0,348.0
617.0,348.0
321.0,348.0
669.0,348.0
174.0,348.0
654.0,348.0
768.0,348.0
488.0,348.0
791.0,349.0
484.0,349.0
801.0,349.0
835.0,349.0
204.0,349.0
331.0,349.0
468.0,349.0
715.0,349.0
877.0,349.0
680.0,349.0
269.0,349.0
458.0,349.0
1022.0,350.0
953.0,350.0
641.0,350.0
29.0,350.0
64.0,350.0
618.0,350.0
192.0,350.0
201.0,350.0
962.0,350.0
487.0,350.0
771.0,350.0
957.0,350.0
241.0,351.0
572.0,351.0
539.0,351.0
394.0,351.0
284.0,351.0
579.0,351.0
137.0,351.0
411.0,351.0
164.0,351.0
161.0,351.0
140.0,351.0
795.0,351.0
597.0,352.0
586.0,352.0
176.0,352.0
438.0,352.0
414.0,352.0
283.0,352.0
499.0,352.0
193.0,352.0
668.0,352.0
264.0,352.0
659.0,352.0
341.0,352.0
670.0,353.0
122.0,353.0
37.0,353.0
372.0,353.0
327.0,353.0
1013.0,353.0
94.0,353.0
638.0,353.0
557.0,353.0
116.0,353.0
1027.0,353.0
442.0,353.0
360.0,354.0
549.0,354.0
467.0,354.0
693.0,354.0
449.0,354.0
140.0,354.0
663.0,354.0
965.0,354.0
85.0,354.0
418.0,354.0
639.0,354.0
110.0,354.0
344.0,355.0
820.0,355.0
465.0,355.0
1005.0,355.0
381.0,355.0
897.0,355.0
480.0,355.0
234.0,355.0
55.0,355.0
645.0,355.0
963.0,355.0
667.0,355.0
578.0,356.0
651.0,356.0
1013.0,356.0
950.0,356.0
631.0,356.0
492.0,356.0
577.0,356.0
314.0,356.0
840.0,356.0
78.0,356.0
335.0,356.0
916.0,356.0
756.0,357.0
791.0,357.0
942.0,357.0
1030.0,357.0
837.0,357.0
824.0,357.0
330.0,357.0
563.0,357.0
291.0,357.0
304.0,357.0
75.0,357.0
411.0,357.0
319.0,358.0
43.0,358.0
142.0,358.0
320.0,358.0
448.0,358.0
290.0,358.0
425.0,358.0
270.0,358.0
526.0,358.0
180.0,358.0
797.0,358.0
6.0,358.0
625.0,359.0
226.0,359.0
745.0,359.0
257.0,359.0
598.0,359.0
952.0,359.0
291.0,359.0
188.0,359.0
787.0,359.0
998.0,359.0
491.0,359.0
269.0,359.0
27.0,360.0
157.0,360.0
690.0,360.0
837.0,360.0
900.0,360.0
866.0,360.0
945.0,360.0
736.0,360.0
339.0,360.0
47.0,360.0
829.0,360.0
1008.0,360.0
188.0,361.0
774.0,361.0
623.0,361.0
336.0,361.0
334.0,361.0
166.0,361.0
756.0,361.0
160.0,361.0
668.0,361.0
835.0,361.0
658.0,361.0
163.0,361.0
27.0,362.0
173.0,362.0
477.0,362.0
953.0,362.0
510.0,362.0
468.0,362.0
854.0,362.0
956.0,362.0
181.0,362.0
201.0,362.0
448.0,362.0
350.0,362.0
1030.0,363.0
1009.0,363.0
20.0,363.0
250.0,363.0
15.0,363.0
759.0,363.0
231.0,363.0
61.0,363.0
940.0,363.0
319.0,363.0
420.0,363.0
167.0,363.0
166.0,364.0
418.0,364.0
140.0,364.0
104.0,364.0
690.0,364.0
870.0,364.0
315.0,364.0
301.0,364.0
83.0,364.0
795.0,364.0
970.0,364.0
396.0,364.0
738.0,365.0
614.0,365.0
841.0,365.0
809.0,365.0
306.0,365.0
689.0,365.0
40.0,365.0
626.0,365.0
786.0,365.0
166.0,365.0
204.0,365.0
68.0,365.0
787.0,366.0
171.0,366.0
435.0,366.0
496.0,366.0
400.0,366.0
9.0,366.0
711.0,366.0
793.0,366.0
873.0,366.0
910.0,366.0
756.0,366.0
1018.0,366.0
319.0,367.0
686.0,367.0
339.0,367.0
27.0,367.0
770.0,367.0
492.0,367.0
332.0,367.0
329.0,367.0
592.0,367.0
87.0,367.0
971.0,367.0
696.0,367.0
107.0,368.0
732.0,368.0
243.0,368.0
680.0,368.0
961.0,368.0
1008.0,368.0
597.0,368.0
1009.0,368.0
56.0,368.0
310.0,368.0
115.0,368.0
1027.0,368.0
929.0,369.0
1029.0,369.0
427.0,369.0
560.0,369.0
695.0,369.0
962.0,369.0
103.0,369.0
687.0,369.0
922.0,369.0
331.0,369.0
41.0,369.0
231.0,369.0
991.0,370.0
336.0,370.0
785.0,370.0
612.0,370.0
856.0,370.0
890.0,370.0
788.0,370.0
615.0,370.0
979.0,370.0
852.0,370.0
620.0,370.0
137.0,370.0
900.0,371.0
705.0,371.0
397.0,371.0
772.0,371.0
662.0,371.0
695.0,371.0
504.0,371.0
377.0,371.0
657.0,371.0
600.0,371.0
950.0,371.0
1010.0,371.0
150.0,372.0
932.0,372.0
975.0,372.0
204.0,372.0
558.0,372.0
554.0,372.0
662.0,372.0
620.0,372.0
684.0,372.0
522.0,372.0
370.0,372.0
79.0,372.0
420.0,373.0
978.0,373.0
638.0,373.0
646.0,373.0
764.0,373.0
541.0,373.0
156.0,373.0
1032.0,373.0
257.0,373.0
183.0,373.0
979.0,373.0
61.0,373.0
832.0,374.0
370.0,374.0
863.0,374.0
428.0,374.0
877.0,374.0
117.0,374.0
724.0,374.0
504.0,374.0
482.0,374.0
298.0,374.0
890.0,374.0
395.0,374.0
676.0,375.0
28.0,375.0
850.0,375.0
628.0,375.0
606.0,375.0
720.0,375.0
669.0,375.0
413.0,375.0
459.0,375.0
83.0,375.0
614.0,375.0
417.0,375.0
610.0,376.0
471.0,376.0
557.0,376.0
544.0,376.0
14.0,376.0
882.0,376.0
202.0,376.0
635.0,376.0
891.0,376.0
807.0,376.0
229.0,376.0
559.0,376.0
430.0,377.0
502.0,377.0
82.0,377.0
103.0,377.0
711.0,377.0
697.0,377.0
245.0,377.0
905.0,377.0
901.0,377.0
738.0,377.0
1035.0,377.0
677.0,377.0
82.0,378.0
744.0,378.0
241.0,378.0
701.0,378.0
590.0,378.0
844.0,378.0
1009.0,378.0
743.0,378.0
483.0,378.0
56.0,378.0
563.0,378.0
363.0,378.0
373.0,379.0
310.0,379.0
234.0,379.0
759.0,379.0
674.0,379.0
301.0,379.0
649.0,379.0
940.0,379.0
926.0,379.0
238.0,379.0
683.0,379.0
537.0,379.0
533.0,380.0
123.0,380.0
185.0,380.0
860.0,380.0
756.0,380.0
166.0,380.0
414.0,380.0
154.0,380.0
629.0,380.0
946.0,380.0
253.0,380.0
553.0,380.0
263.0,381.0
188.0,381.0
355.0,381.0
893.0,381.0
831.0,381.0
238.0,381.0
619.0,381.0
320.0,381.0
373.0,381.0
854.0,381.0
483.0,381.0
819.0,381.0
403.0,382.0
774.0,382.0
490.0,382.0
147.0,382.0
125.0,382.0
144.0,382.0
26.0,382.0
226.0,382.0
628.0,382.0
975.0,382.0
630.0,382.0
905.0,382.0
609.0,383.0
516.0,383.0
570.0,383.0
507.0,383.0
894.0,383.0
175.0,383.0
246.0,383.0
77.0,383.0
598.0,383.0
672.0,383.0
283.0,383.0
231.0,383.0
66.0,384.0
256.0,384.0
877.0,384.0
182.0,384.0
385.0,384.0
87.0,384.0
416.0,384.0
119.0,384.0
179.0,384.0
9.0,384.0
90.0,384.0
847.0,384.0
827.0,385.0
893.0,385.0
434.0,385.0
857.0,385.0
591.0,385.0
990.0,385.0
306.0,385.0
648.0,385.0
987.0,385.0
781.0,385.0
270.0,385.0
107.0,385.0
587.0,386.0
927.0,386.0
627.0,386.0
734.0,386.0
870.0,386.0
485.0,386.0
793.0,386.0
452.0,386.0
389.0,386.0
245.0,386.0
917.0,386.0
131.0,386.0
244.0,387.0
754.0,387.0
597.0,387.0
837.0,387.0
61.0,387.0
691.0,387.0
1011.0,387.0
217.0,387.0
123.0,387.0
1004.0,387.0
395.0,387.0
140.0,387.0
493.0,388.0
92.0,388.0
125.0,388.0
385.0,388.0
953.0,388.0
299.0,388.0
681.0,388.0
707.0,388.0
348.0,388.0
75.0,388.0
564.0,388.0
958.0,388.0
934.0,389.0
239.0,389.0
731.0,389.0
820.0,389.0
159.0,389.0
407.0,389.0
48.0,389.0
329.0,389.0
440.0,389.0
89.0,389.0
887.0,389.0
948.0,389.0
125.0,390.0
802.0,390.0
626.0,390.0
153.0,390.0
576.0,390.0
899.0,390.0
762.0,390.0
413.0,390.0
520.0,390.0
841.0,390.0
727.0,390.0
451.0,390.0
582.0,391.0
577.0,391.0
300.0,391.0
372.0,391.0
165.0,391.0
453.0,391.0
610.0,391.0
688.0,391.0
965.0,391.0
181.0,391.0
172.0,391.0
865.0,391.0
356.0,392.0
14.0,392.0
787.0,392.0
284.0,392.0
134.0,392.0
657.0,392.0
111.0,392.0
529.0,392.0
631.0,392.0
495.0,392.0
671.0,392.0
672.0,392.0
96.0,393.0
268.0,393.0
334.0,393.0
416.0,393.0
194.0,393.0
84.0,393.0
555.0,393.0
1030.0,393.0
346.0,393.0
824.0,393.0
183.0,393.0
35.0,393.0
278.0,394.0
948.0,394.0
596.0,394.0
424.0,394.0
699.0,394.0
518.0,394.0
10.0,394.0
109.0,394.0
461.0,394.0
29.0,394.0
726.0,394.0
65.0,394.0
313.0,395.0
605.0,395.0
167.0,395.0
912.0,395.0
955.0,395.0
854.0,395.0
853.0,395.0
790.0,395.0
652.0,395.0
304.0,395.0
945.0,395.0
584.0,395.0
678.0,396.0
905.0,396.0
130.0,396.0
696.0,396.0
377.0,396.0
959.0,396.0
312.0,396.0
984.0,396.0
801.0,396.0
521.0,396.0
578.0,396.0
229.0,396.0
188.0,397.0
912.0,397.0
652.0,397.0
287.0,397.0
878.0,397.0
1004.0,397.0
843.0,397.0
440.0,397.0
660.0,397.0
123.0,397.0
54.0,397.0
205.0,397.0
469.0,398.0
157.0,398.0
189.0,398.0
88.0,398.0
763.0,398.0
567.0,398.0
490.0,398.0
804.0,398.0
809.0,398.0
728.0,398.0
461.0,398.0
474.0,398.0
508.0,399.0
824.0,399.0
532.0,399.0
589.0,399.0
32.0,399.0
402.0,399.0
775.0,399.0
536.0,399.0
419.0,399.0
511.0,399.0
450.0,399.0
448.0,399.0
424.0,400.0
627.0,400.0
809.0,400.0
168.0,400.0
45.0,400.0
446.0,400.0
99.0,400.0
274.0,400.0
986.0,400.0
133.0,400.0
865.0,400.0
972.0,400.0
953.0,401.0
824.0,401.0
311.0,401.0
840.0,401.0
298.0,401.0
285.0,401.0
32.0,401.0
646.0,401.0
142.0,401.0
992.0,401.0
421.0,401.0
853.0,401.0
875.0,402.0
504.0,402.0
747.0,402.0
1005.0,402.0
1008.0,402.0
761.0,402.0
733.0,402.0
207.0,402.0
13.0,402.0
136.0,402.0
528.0,402.0
393.0,402.0
348.0,403.0
588.0,403.0
814.0,403.0
427.0,403.0
526.0,403.0
1015.0,403.0
987.0,403.0
641.0,403.0
716.0,403.0
258.0,403.0
401.0,403.0
626.0,403.0
837.0,404.0
339.0,404.0
865.0,404.0
719.0,404.0
950.0,404.0
765.0,404.0
395.0,404.0
627.0,404.0
698.0,404.0
0.0,404.0
498.0,404.0
883.0,404.0
1008.0,405.0
899.0,405.0
828.0,405.0
468.0,405.0
980.0,405.0
385.0,405.0
745.0,405.0
342.0,405.0
153.0,405.0
235.0,405.0
726.0,405.0
735.0,405.0
43.0,406.0
716.0,406.0
263.0,406.0
450.0,406.0
831.0,406.0
142.0,406.0
804.0,406.0
311.0,406.0
388.0,406.0
937.0,406.0
68.0,406.0
297.0,406.0
979.0,407.0
777.0,407.0
215.0,407.0
959.0,407.0
662.0,407.0
545.0,407.0
583.0,407.0
332.0,407.0
131.0,407.0
884.0,407.0
937.0,407.0
464.0,407.0
9.0,408.0
368.0,408.0
235.0,408.0
1013.0,408.0
384.0,408.0
754.0,408.0
36.0,408.0
974.0,408.0
695.0,408.0
436.0,408.0
960.0,408.0
615.0,408.0
421.0,409.0
149.0,409.0
745.0,409.0
424.0,409.0
16.0,409.0
320.0,409.0
3.0,409.0
645.0,409.0
786.0,409.0
68.0,409.0
936.0,409.0
669.0,409.0
160.0,410.0
206.0,410.0
323.0,410.0
447.0,410.0
222.0,410.0
379.0,410.0
332.0,410.0
98.0,410.0
695.0,410.0
251.0,410.0
1016.0,410.0
55.0,410.0
584.0,411.0
189.0,411.0
372.0,411.0
809.0,411.0
59.0,411.0
87.0,411.0
112.0,411.0
770.0,411.0
57.0,411.0
442.0,411.0
1029.0,411.0
597.0,411.0
395.0,412.0
990.0,412.0
573.0,412.0
165.0,412.0
775.0,412.0
484.0,412.0
959.0,412.0
438.0,412.0
498.0,412.0
589.0,412.0
415.0,412.0
592.0,412.0
241.0,413.0
168.0,413.0
809.0,413.0
1000.0,413.0
328.0,413.0
749.0,413.0
451.0,413.0
500.0,413.0
147.0,413.0
1026.0,413.0
10.0,413.0
458.0,413.0
964.0,414.0
754.0,414.0
298.0,414.0
958.0,414.0
1008.0,414.0
900.0,414.0
632.0,414.0
581.0,414.0
869.0,414.0
712.0,414.0
973.0,414.0
395.0,414.0
9.0,415.0
54.0,415.0
81.0,415.0
466.0,415.0
116.0,415.0
388.0,415.0
60.0,415.0
660.0,415.0
563.0,415.0
182.0,415.0
631.0,415.0
1004.0,415.0
280.0,416.0
651.0,416.0
224.0,416.0
275.0,416.0
533.0,416.0
1013.0,416.0
72.0,416.0
607.0,416.0
1020.0,416.0
207.0,416.0
701.0,416.0
949.0,416.0
596.0,417.0
981.0,417.0
552.0,417.0
979.0,417.0
32.0,417.0
334.0,417.0
536.0,417.0
288.0,417.0
571.0,417.0
1003.0,417.0
3.0,417.0
125.0,417.0
244.0,418.0
677.0,418.0
808.0,418.0
378.0,418.0
1003.0,418.0
485.0,418.0
277.0,418.0
133.0,418.0
671.0,418.0
655.0,418.0
719.0,418.0
931.0,418.0
2.0,419.0
797.0,419.0
11.0,419.0
936.0,419.0
562.0,419.0
487.0,419.0
611.0,419.0
385.0,419.0
960.0,419.0
236.0,419.0
953.0,419.0
943.0,419.0
115.0,420.0
819.0,420.0
149.0,420.0
181.0,420.0
994.0,420.0
894.0,420.0
866.0,420.0
273.0,420.0
560.0,420.0
559.0,420.0
540.0,420.0
156.0,420.0
123.0,421.0
107.0,421.0
303.0,421.0
564.0,421.0
869.0,421.0
591.0,421.0
207.0,421.0
535.0,421.0
75.0,421.0
857.0,421.0
544.0,421.0
10.0,421.0
324.0,422.0
934.0,422.0
898.0,422.0
502.0,422.0
223.0,422.0
594.0,422.0
707.0,422.0
60.0,422.0
610.0,422.0
275.0,422.0
454.0,422.0
544.0,422.0
907.0,423.0
79.0,423.0
313.0,423.0
902.0,423.0
25.0,423.0
214.0,423.0
61.0,423.0
708.0,423.0
23.0,423.0
491.0,423.0
187.0,423.0
414.0,423.0
581.0,424.0
449.0,424.0
808.0,424.0
309.0,424.0
318.0,424.0
386.0,424.0
85.0,424.0
637.0,424.0
790.0,424.0
101.0,424.0
927.0,424.0
57.0,424.0
207.0,425.0
926.0,425.0
624.0,425.0
985.0,425.0
658.0,425.0
403.0,425.0
827.0,425.0
61.0,425.0
122.0,425.0
641.0,425.0
936.0,425.0
311.0,425.0
859.0,426.0
227.0,426.0
364.0,426.0
627.0,426.0
539.0,426.0
45.0,426.0
602.0,426.0
183.0,426.0
199.0,426.0
765.0,426.0
575.0,426.0
224.0,426.0
32.0,427.0
662.0,427.0
566.0,427.0
370.0,427.0
955.0,427.0
954.0,427.0
83.0,427.0
501.0,427.0
66.0,427.0
436.0,427.0
765.0,427.0
193.0,427.0
597.0,428.0
522.0,428.0
925.0,428.0
844.0,428.0
1029.0,428.0
792.0,428.0
165.0,428.0
502.0,428.0
691.0,428.0
954.0,428.0
191.0,428.0
436.0,428.0
924.0,429.0
637.0,429.0
1031.0,429.0
58.0,429.0
853.0,429.0
838.0,429.0
505.0,429.0
353.0,429.0
322.0,429.0
743.0,429.0
694.0,429.0
235.0,429.0
530.0,430.0
809.0,430.0
652.0,430.0
607.0,430.0
788.0,430.0
565.0,430.0
515.0,430.0
740.0,430.0
512.0,430.0
969.0,430.0
215.0,430.0
332.0,430.0
964.0,431.0
877.0,431.0
107.0,431.0
203.0,431.0
566.0,431.0
218.0,431.0
190.0,431.0
845.0,431.0
0.0,431.0
408.0,431.0
23.0,431.0
755.0,431.0
954.0,432.0
972.0,432.0
5.0,432.0
199.0,432.0
927.0,432.0
438.0,432.0
100.0,432.0
274.0,432.0
916.0,432.0
627.0,432.0
347.0,432.0
764.0,432.0
68.0,433.0
71.0,433.0
451.0,433.0
382.0,433.0
630.0,433.0
375.0,433.0
306.0,433.0
276.0,433.0
827.0,433.0
189.0,433.0
235.0,433.0
1004.0,433.0
874.0,434.0
136.0,434.0
359.0,434.0
733.0,434.0
489.0,434.0
507.0,434.0
919.0,434.0
618.0,434.0
420.0,434.0
881.0,434.0
103.0,434.0
416.0,434.0
590.0,435.0
260.0,435.0
994.0,435.0
300.0,435.0
55.0,435.0
714.0,435.0
807.0,435.0
383.0,435.0
636.0,435.0
188.0,435.0
163.0,435.0
289.0,435.0
359.0,436.0
363.0,436.0
931.0,436.0
1020.0,436.0
374.0,436.0
430.0,436.0
607.0,436.0
243.0,436.0
522.0,436.0
127.0,436.0
149.0,436.0
956.0,436.0
266.0,437.0
689.0,437.0
239.0,437.0
798.0,437.0
991.0,437.0
405.0,437.0
762.0,437.0
197.0,437.0
676.0,437.0
847.0,437.0
878.0,437.0
809.0,437.0
942.0,438.0
41.0,438.0
820.0,438.0
597.0,438.0
706.0,438.0
1029.0,438.0
877.0,438.0
737.0,438.0
987.0,438.0
513.0,438.0
163.0,438.0
1004.0,438.0
48.0,439.0
314.0,439.0
467.0,439.0
595.0,439.0
629.0,439.0
237.0,439.0
32.0,439.0
31.0,439.0
946.0,439.0
424.0,439.0
774.0,439.0
193.0,439.0
764.0,440.0
89.0,440.0
755.0,440.0
215.0,440.0
708.0,440.0
135.0,440.0
667.0,440.0
370.0,440.0
191.0,440.0
830.0,440.0
565.0,440.0
12.0,440.0
166.0,441.0
789.0,441.0
309.0,441.0
230.0,441.0
571.0,441.0
572.0,441.0
315.0,441.0
859.0,441.0
100.0,441.0
386.0,441.0
58.0,441.0
675.0,441.0
374.0,442.0
50.0,442.0
586.0,442.0
41.0,442.0
286.0,442.0
189.0,442.0
479.0,442.0
408.0,442.0
697.0,442.0
1030.0,442.0
777.0,442.0
733.0,442.0
84.0,443.0
673.0,443.0
36.0,443.0
897.0,443.0
845.0,443.0
741.0,443.0
535.0,443.0
511.0,443.0
810.0,443.0
1010.0,443.0
478.0,443.0
2.0,443.0
373.0,444.0
936.0,444.0
297.0,444.0
470.0,444.0
270.0,444.0
148.0,444.0
528.0,444.0
775.0,444.0
842.0,444.0
358.0,444.0
646.0,444.0
234.0,444.0
473.0,445.0
415.0,445.0
434.0,445.0
363.0,445.0
226.0,445.0
959.0,445.0
436.0,445.0
535.0,445.0
531.0,445.0
388.0,445.0
373.0,445.0
172.0,445.0
524.0,446.0
481.0,446.0
698.0,446.0
852.0,446.0
307.0,446.0
608.0,446.0
659.0,446.0
93.0,446.0
629.0,446.0
315.0,446.0
887.0,446.0
474.0,446.0
761.0,447.0
730.0,447.0
84.0,447.0
383.0,447.0
303.0,447.0
702.0,447.0
353.0,447.0
858.0,447.0
22.0,447.0
251.0,447.0
746.0,447.0
183.0,447.0
321.0,448.0
325.0,448.0
305.0,448.0
488.0,448.0
320.0,448.0
297.0,448.0
880.0,448.0
362.0,448.0
720.0,448.0
406.0,448.0
126.0,448.0
843.0,448.0
495.0,449.0
853.0,449.0
309.0,449.0
970.0,449.0
352.0,449.0
110.0,449.0
1008.0,449.0
592.0,449.0
629.0,449.0
809.0,449.0
878.0,449.0
996.0,449.0
401.0,450.0
224.0,450.0
258.0,450.0
827.0,450.0
479.0,450.0
641.0,450.0
90.0,450.0
956.0,450.0
236.0,450.0
1022.0,450.0
6.0,450.0
169.0,450.0
106.0,451.0
287.0,451.0
852.0,451.0
978.0,451.0
628.0,451.0
65.0,451.0
461.0,451.0
709.0,451.0
230.0,451.0
92.0,451.0
413.0,451.0
365.0,451.0
767.0,452.0
653.0,452.0
400.0,452.0
492.0,452.0
53.0,452.0
62.0,452.0
474.0,452.0
187.0,452.0
579.0,452.0
387.0,452.0
504.0,452.0
977.0,452.0
168.0,453.0
929.0,453.0
60.0,453.0
18.0,453.0
633.0,453.0
223.0,453.0
454.0,453.0
271.0,453.0
260.0,453.0
792.0,453.0
812.0,453.0
83.0,453.0
300.0,454.0
492.0,454.0
1010.0,454.0
72.0,454.0
280.0,454.0
901.0,454.0
552.0,454.0
1017.0,454.0
391.0,454.0
696.0,454.0
294.0,454.0
910.0,454.0
410.0,455.0
268.0,455.0
877.0,455.0
631.0,455.0
848.0,455.0
98.0,455.0
96.0,455.0
755.0,455.0
335.0,455.0
724.0,455.0
710.0,455.0
369.0,455.0
918.0,456.0
486.0,456.0
278.0,456.0
722.0,456.0
110.0,456.0
462.0,456.0
334.0,456.0
624.0,456.0
42.0,456.0
458.0,456.0
364.0,456.0
63.0,456.0
898.0,457.0
202.0,457.0
674.0,457.0
792.0,457.0
302.0,457.0
891.0,457.0
72.0,457.0
118.0,457.0
498.0,457.0
34.0,457.0
1018.0,457.0
472.0,457.0
62.0,458.0
387.0,458.0
596.0,458.0
239.0,458.0
240.0,458.0
325.0,458.0
513.0,458.0
934.0,458.0
129.0,458.0
628.0,458.0
313.0,458.0
939.0,458.0
676.0,459.0
262.0,459.0
814.0,459.0
1000.0,459.0
114.0,459.0
468.0,459.0
515.0,459.0
607.0,459.0
197.0,459.0
888.0,459.0
588.0,459.0
348.0,459.0
729.0,460.0
427.0,460.0
618.0,460.0
660.0,460.0
974.0,460.0
947.0,460.0
932.0,460.0
89.0,460.0
494.0,460.0
762.0,460.0
174.0,460.0
1019.0,460.0
767.0,461.0
351.0,461.0
1002.0,461.0
878.0,461.0
137.0,461.0
966.0,461.0
581.0,461.0
242.0,461.0
469.0,461.0
446.0,461.0
31.0,461.0
200.0,461.0
637.0,462.0
629.0,462.0
279.0,462.0
710.0,462.0
856.0,462.0
642.0,462.0
954.0,462.0
161.0,462.0
476.0,462.0
883.0,462.0
680.0,462.0
117.0,462.0
279.0,463.0
687.0,463.0
102.0,463.0
603.0,463.0
361.0,463.0
1019.0,463.0
742.0,463.0
264.0,463.0
956.0,463.0
684.0,463.0
913.0,463.0
736.0,463.0
466.0,464.0
830.0,464.0
1005.0,464.0
996.0,464.0
74.0,464.0
563.0,464.0
181.0,464.0
897.0,464.0
928.0,464.0
135.0,464.0
532.0,464.0
929.0,464.0
222.0,465.0
734.0,465.0
833.0,465.0
819.0,465.0
258.0,465.0
511.0,465.0
82.0,465.0
702.0,465.0
355.0,465.0
480.0,465.0
963.0,465.0
665.0,465.0
463.0,466.0
501.0,466.0
662.0,466.0
298.0,466.0
22.0,466.0
862.0,466.0
687.0,466.0
714.0,466.0
504.0,466.0
560.0,466.0
718.0,466.0
67.0,466.0
1019.0,467.0
735.0,467.0
89.0,467.0
878.0,467.0
316.0,467.0
762.0,467.0
572.0,467.0
198.0,467.0
208.0,467.0
999.0,467.0
95.0,467.0
681.0,467.0
281.0,468.0
562.0,468.0
190.0,468.0
152.0,468.0
980.0,468.0
510.0,468.0
350.0,468.0
774.0,468.0
86.0,468.0
40.0,468.0
881.0,468.0
676.0,468.0
828.0,469.0
888.0,469.0
500.0,469.0
452.0,469.0
155.0,469.0
658.0,469.0
771.0,469.0
862.0,469.0
121.0,469.0
484.0,469.0
24.0,469.0
554.0,469.0
944.0,470.0
368.0,470.0
215.0,470.0
415.0,470.0
113.0,470.0
536.0,470.0
721.0,470.0
684.0,470.0
44.0,470.0
928.0,470.0
70.0,470.0
667.0,470.0
982.0,471.0
1024.0,471.0
677.0,471.0
337.0,471.0
426.0,471.0
45.0,471.0
157.0,471.0
124.0,471.0
864.0,471.0
703.0,471.0
140.0,471.0
643.0,471.0
12.0,472.0
452.0,472.0
792.0,472.0
377.0,472.0
171.0,472.0
927.0,472.0
105.0,472.0
565.0,472.0
310.0,472.0
243.0,472.0
728.0,472.0
695.0,472.0
236.0,473.0
431.0,473.0
370.0,473.0
330.0,473.0
887.0,473.0
553.0,473.0
427.0,473.0
218.0,473.0
372.0,473.0
652.0,473.0
149.0,473.0
749.0,473.0
347.0,474.0
968.0,474.0
917.0,474.0
784.0,474.0
9.0,474.0
587.0,474.0
835.0,474.0
866.0,474.0
88.0,474.0
882.0,474.0
498.0,474.0
439.0,474.0
169.0,475.0
991.0,475.0
853.0,475.0
954.0,475.0
182.0,475.0
484.0,475.0
175.0,475.0
26.0,475.0
994.0,475.0
283.0,475.0
712.0,475.0
989.0,475.0
864.0,476.0
224.0,476.0
823.0,476.0
822.0,476.0
505.0,476.0
413.0,476.0
472.0,476.0
45.0,476.0
158.0,476.0
738.0,476.0
603.0,476.0
600.0,476.0
826.0,477.0
460.0,477.0
676.0,477.0
1029.0,477.0
190.0,477.0
711.0,477.0
745.0,477.0
716.0,477.0
874.0,477.0
912.0,477.0
270.0,477.0
975.0,477.0
839.0,478.0
645.0,478.0
445.0,478.0
148.0,478.0
750.0,478.0
116.0,478.0
82.0,478.0
962.0,478.0
656.0,478.0
270.0,478.0
684.0,478.0
729.0,478.0
310.0,479.0
883.0,479.0
736.0,479.0
231.0,479.0
491.0,479.0
86.0,479.0
1008.0,479.0
330.0,479.0
756.0,479.0
553.0,479.0
159.0,479.0
829.0,479.0
148.0,480.0
381.0,480.0
963.0,480.0
355.0,480.0
465.0,480.0
270.0,480.0
122.0,480.0
619.0,480.0
971.0,480.0
750.0,480.0
443.0,480.0
645.0,480.0
975.0,481.0
887.0,481.0
863.0,481.0
326.0,481.0
981.0,481.0
738.0,481.0
539.0,481.0
708.0,481.0
829.0,481.0
549.0,481.0
668.0,481.0
501.0,481.0
949.0,482.0
692.0,482.0
466.0,482.0
665.0,482.0
496.0,482.0
541.0,482.0
301.0,482.0
239.0,482.0
1027.0,482.0
232.0,482.0
743.0,482.0
608.0,482.0
81.0,483.0
434.0,483.0
812.0,483.0
997.0,483.0
666.0,483.0
169.0,483.0
103.0,483.0
530.0,483.0
271.0,483.0
533.0,483.0
168.0,483.0
383.0,483.0
490.0,484.0
68.0,484.0
907.0,484.0
414.0,484.0
853.0,484.0
964.0,484.0
59.0,484.0
184.0,484.0
546.0,484.0
368.0,484.0
626.0,484.0
349.0,484.0
476.0,485.0
639.0,485.0
818.0,485.0
85.0,485.0
104.0,485.0
158.0,485.0
121.0,485.0
722.0,485.0
506.0,485.0
593.0,485.0
891.0,485.0
133.0,485.0
795.0,486.0
878.0,486.0
921.0,486.0
756.0,486.0
167.0,486.0
497.0,486.0
809.0,486.0
721.0,486.0
131.0,486.0
284.0,486.0
852.0,486.0
211.0,486.0
358.0,487.0
263.0,487.0
826.0,487.0
1022.0,487.0
477.0,487.0
507.0,487.0
362.0,487.0
96.0,487.0
953.0,487.0
207.0,487.0
887.0,487.0
831.0,487.0
350.0,488.0
381.0,488.0
487.0,488.0
720.0,488.0
358.0,488.0
775.0,488.0
142.0,488.0
406.0,488.0
814.0,488.0
425.0,488.0
1032.0,488.0
800.0,488.0
906.0,489.0
910.0,489.0
901.0,489.0
525.0,489.0
544.0,489.0
547.0,489.0
935.0,489.0
172.0,489.0
700.0,489.0
428.0,489.0
697.0,489.0
507.0,489.0
274.0,490.0
961.0,490.0
678.0,490.0
430.0,490.0
614.0,490.0
725.0,490.0
916.0,490.0
892.0,490.0
120.0,490.0
760.0,490.0
765.0,490.0
113.0,490.0
336.0,491.0
1017.0,491.0
608.0,491.0
890.0,491.0
431.0,491.0
815.0,491.0
856.0,491.0
283.0,491.0
931.0,491.0
1007.0,491.0
91.0,491.0
432.0,491.0
1025.0,492.0
133.0,492.0
625.0,492.0
993.0,492.0
361.0,492.0
25.0,492.0
87.0,492.0
199.0,492.0
692.0,492.0
574.0,492.0
778.0,492.0
996.0,492.0
746.0,493.0
1023.0,493.0
204.0,493.0
890.0,493.0
55.0,493.0
848.0,493.0
212.0,493.0
231.0,493.0
723.0,493.0
878.0,493.0
215.0,493.0
420.0,493.0
863.0,494.0
357.0,494.0
728.0,494.0
723.0,494.0
706.0,494.0
335.0,494.0
522.0,494.0
955.0,494.0
479.0,494.0
835.0,494.0
276.0,494.0
427.0,494.0
105.0,495.0
851.0,495.0
118.0,495.0
1008.0,495.0
124.0,495.0
227.0,495.0
186.0,495.0
356.0,495.0
671.0,495.0
653.0,495.0
498.0,495.0
223.0,495.0
599.0,496.0
430.0,496.0
502.0,496.0
673.0,496.0
688.0,496.0
658.0,496.0
76.0,496.0
15.0,496.0
434.0,496.0
331.0,496.0
600.0,496.0
576.0,496.0
308.0,497.0
111.0,497.0
430.0,497.0
557.0,497.0
539.0,497.0
764.0,497.0
373.0,497.0
572.0,497.0
75.0,497.0
656.0,497.0
749.0,497.0
575.0,497.0
322.0,498.0
968.0,498.0
584.0,498.0
597.0,498.0
865.0,498.0
602.0,498.0
273.0,498.0
271.0,498.0
244.0,498.0
158.0,498.0
50.0,498.0
101.0,498.0
567.0,499.0
71.0,499.0
884.0,499.0
370.0,499.0
220.0,499.0
877.0,499.0
417.0,499.0
341.0,499.0
576.0,499.0
869.0,499.0
564.0,499.0
217.0,499.0
161.0,500.0
71.0,500.0
374.0,500.0
809.0,500.0
632.0,500.0
332.0,500.0
888.0,500.0
139.0,500.0
413.0,500.0
4.0,500.0
976.0,500.0
259.0,500.0
629.0,501.0
586.0,501.0
668.0,501.0
182.0,501.0
815.0,501.0
830.0,501.0
154.0,501.0
361.0,501.0
524.0,501.0
159.0,501.0
705.0,501.0
545.0,501.0
219.0,502.0
434.0,502.0
391.0,502.0
835.0,502.0
442.0,502.0
812.0,502.0
175.0,502.0
111.0,502.0
303.0,502.0
852.0,502.0
873.0,502.0
570.0,502.0
427.0,503.0
690.0,503.0
418.0,503.0
738.0,503.0
363.0,503.0
527.0,503.0
696.0,503.0
840.0,503.0
102.0,503.0
517.0,503.0
165.0,503.0
808.0,503.0
414.0,504.0
640.0,504.0
736.0,504.0
874.0,504.0
857.0,504.0
1008.0,504.0
753.0,504.0
583.0,504.0
30.0,504.0
4.0,504.0
389.0,504.0
923.0,504.0
46.0,505.0
703.0,505.0
779.0,505.0
186.0,505.0
547.0,505.0
651.0,505.0
713.0,505.0
418.0,505.0
916.0,505.0
525.0,505.0
674.0,505.0
714.0,505.0
432.0,506.0
225.0,506.0
199.0,506.0
836.0,506.0
811.0,506.0
278.0,506.0
498.0,506.0
988.0,506.0
694.0,506.0
38.0,506.0
5.0,506.0
392.0,506.0
599.0,507.0
370.0,507.0
702.0,507.0
866.0,507.0
172.0,507.0
289.0,507.0
759.0,507.0
383.0,507.0
962.0,507.0
50.0,507.0
317.0,507.0
335.0,507.0
444.0,508.0
77.0,508.0
645.0,508.0
215.0,508.0
609.0,508.0
656.0,508.0
735.0,508.0
499.0,508.0
16.0,508.0
794.0,508.0
695.0,508.0
956.0,508.0
398.0,509.0
691.0,509.0
347.0,509.0
542.0,509.0
354.0,509.0
364.0,509.0
816.0,509.0
872.0,509.0
196.0,509.0
351.0,509.0
259.0,509.0
162.0,509.0
125.0,510.0
128.0,510.0
108.0,510.0
588.0,510.0
748.0,510.0
469.0,510.0
507.0,510.0
534.0,510.0
412.0,510.0
790.0,510.0
297.0,510.0
192.0,510.0
638.0,511.0
90.0,511.0
318.0,511.0
201.0,511.0
940.0,511.0
369.0,511.0
183.0,511.0
660.0,511.0
384.0,511.0
897.0,511.0
410.0,511.0
937.0,511.0
553.0,512.0
176.0,512.0
241.0,512.0
1012.0,512.0
945.0,512.0
119.0,512.0
719.0,512.0
607.0,512.0
964.0,512.0
868.0,512.0
54.0,512.0
266.0,512.0
204.0,513.0
208.0,513.0
313.0,513.0
815.0,513.0
938.0,513.0
512.0,513.0
396.0,513.0
44.0,513.0
286.0,513.0
111.0,513.0
531.0,513.0
151.0,513.0
973.0,514.0
883.0,514.0
1012.0,514.0
187.0,514.0
24.0,514.0
313.0,514.0
781.0,514.0
1030.0,514.0
104.0,514.0
504.0,514.0
44.0,514.0
242.0,514.0
583.0,515.0
706.0,515.0
464.0,515.0
554.0,515.0
351.0,515.0
158.0,515.0
667.0,515.0
327.0,515.0
29.0,515.0
155.0,515.0
80.0,515.0
150.0,515.0
696.0,516.0
4.0,516.0
407.0,516.0
1008.0,516.0
996.0,516.0
549.0,516.0
558.0,516.0
371.0,516.0
252.0,516.0
973.0,516.0
395.0,516.0
454.0,516.0
927.0,517.0
187.0,517.0
1007.0,517.0
832.0,517.0
456.0,517.0
307.0,517.0
315.0,517.0
509.0,517.0
803.0,517.0
556.0,517.0
345.0,517.0
54.0,517.0
995.0,518.0
336.0,518.0
605.0,518.0
209.0,518.0
113.0,518.0
561.0,518.0
918.0,518.0
241.0,518.0
254.0,518.0
1027.0,518.0
601.0,518.0
871.0,518.0
183.0,519.0
983.0,519.0
431.0,519.0
379.0,519.0
673.0,519.0
37.0,519.0
416.0,519.0
478.0,519.0
963.0,519.0
875.0,519.0
287.0,519.0
555.0,519.0
306.0,520.0
413.0,520.0
459.0,520.0
855.0,520.0
147.0,520.0
617.0,520.0
644.0,520.0
163.0,520.0
534.0,520.0
125.0,520.0
144.0,520.0
484.0,520.0
647.0,521.0
1027.0,521.0
882.0,521.0
418.0,521.0
890.0,521.0
345.0,521.0
255.0,521.0
199.0,521.0
49.0,521.0
452.0,521.0
506.0,521.0
982.0,521.0
691.0,522.0
856.0,522.0
524.0,522.0
609.0,522.0
369.0,522.0
874.0,522.0
331.0,522.0
996.0,522.0
436.0,522.0
304.0,522.0
672.0,522.0
866.0,522.0
804.0,523.0
224.0,523.0
415.0,523.0
724.0,523.0
181.0,523.0
16.0,523.0
928.0,523.0
381.0,523.0
866.0,523.0
205.0,523.0
967.0,523.0
275.0,523.0
427.0,524.0
889.0,524.0
19.0,524.0
75.0,524.0
363.0,524.0
248.0,524.0
187.0,524.0
353.0,524.0
942.0,524.0
9.0,524.0
837.0,524.0
967.0,524.0
287.0,525.0
227.0,525.0
503.0,525.0
44.0,525.0
366.0,525.0
497.0,525.0
334.0,525.0
257.0,525.0
748.0,525.0
577.0,525.0
427.0,525.0
916.0,525.0
97.0,526.0
89.0,526.0
938.0,526.0
263.0,526.0
36.0,526.0
305.0,526.0
421.0,526.0
236.0,526.0
362.0,526.0
957.0,526.0
367.0,526.0
420.0,526.0
278.0,527.0
648.0,527.0
896.0,527.0
179.0,527.0
749.0,527.0
414.0,527.0
988.0,527.0
836.0,527.0
221.0,527.0
692.0,527.0
509.0,527.0
104.0,527.0
270.0,528.0
759.0,528.0
591.0,528.0
373.0,528.0
385.0,528.0
995.0,528.0
942.0,528.0
69.0,528.0
540.0,528.0
819.0,528.0
534.0,528.0
962.0,528.0
597.0,529.0
1010.0,529.0
779.0,529.0
505.0,529.0
548.0,529.0
721.0,529.0
476.0,529.0
703.0,529.0
302.0,529.0
677.0,529.0
386.0,529.0
134.0,529.0
1031.0,530.0
289.0,530.0
559.0,530.0
168.0,530.0
840.0,530.0
203.0,530.0
358.0,530.0
4.0,530.0
516.0,530.0
970.0,530.0
232.0,530.0
512.0,530.0
895.0,531.0
756.0,531.0
765.0,531.0
168.0,531.0
155.0,531.0
331.0,531.0
149.0,531.0
1016.0,531.0
910.0,531.0
522.0,531.0
860.0,531.0
78.0,531.0
501.0,532.0
875.0,532.0
420.0,532.0
13.0,532.0
824.0,532.0
2.0,532.0
820.0,532.0
972.0,532.0
590.0,532.0
816.0,532.0
84.0,532.0
589.0,532.0
114.0,533.0
292.0,533.0
729.0,533.0
753.0,533.0
996.0,533.0
363.0,533.0
522.0,533.0
353.0,533.0
235.0,533.0
243.0,533.0
55.0,533.0
463.0,533.0
612.0,534.0
434.0,534.0
139.0,534.0
89.0,534.0
821.0,534.0
91.0,534.0
125.0,534.0
877.0,534.0
24.0,534.0
416.0,534.0
320.0,534.0
727.0,534.0
285.0,535.0
750.0,535.0
962.0,535.0
631.0,535.0
648.0,535.0
355.0,535.0
940.0,535.0
127.0,535.0
215.0,535.0
876.0,535.0
875.0,535.0
1032.0,535.0
866.0,536.0
172.0,536.0
960.0,536.0
184.0,536.0
761.0,536.0
839.0,536.0
479.0,536.0
266.0,536.0
286.0,536.0
788.0,536.0
378.0,536.0
151.0,536.0
543.0,537.0
415.0,537.0
96.0,537.0
370.0,537.0
127.0,537.0
795.0,537.0
363.0,537.0
479.0,537.0
47.0,537.0
847.0,537.0
175.0,537.0
12.0,537.0
473.0,538.0
954.0,538.0
498.0,538.0
553.0,538.0
198.0,538.0
879.0,538.0
550.0,538.0
642.0,538.0
543.0,538.0
228.0,538.0
514.0,538.0
276.0,538.0
905.0,539.0
370.0,539.0
1014.0,539.0
834.0,539.0
695.0,539.0
770.0,539.0
489.0,539.0
923.0,539.0
228.0,539.0
629.0,539.0
586.0,539.0
996.0,539.0
214.0,540.0
1027.0,540.0
360.0,540.0
395.0,540.0
440.0,540.0
889.0,540.0
912.0,540.0
718.0,540.0
342.0,540.0
907.0,540.0
964.0,540.0
326.0,540.0
683.0,541.0
442.0,541.0
32.0,541.0
76.0,541.0
949.0,541.0
339.0,541.0
808.0,541.0
954.0,541.0
329.0,541.0
503.0,541.0
68.0,541.0
638.0,541.0
424.0,542.0
140.0,542.0
1003.0,542.0
121.0,542.0
655.0,542.0
87.0,542.0
605.0,542.0
483.0,542.0
233.0,542.0
557.0,542.0
319.0,542.0
552.0,542.0
205.0,543.0
4.0,543.0
29.0,543.0
285.0,543.0
900.0,543.0
291.0,543.0
169.0,543.0
206.0,543.0
407.0,543.0
753.0,543.0
283.0,543.0
23.0,543.0
817.0,544.0
333.0,544.0
457.0,544.0
1017.0,544.0
983.0,544.0
568.0,544.0
873.0,544.0
812.0,544.0
496.0,544.0
312.0,544.0
501.0,544.0
428.0,544.0
981.0,545.0
912.0,545.0
867.0,545.0
253.0,545.0
204.0,545.0
119.0,545.0
501.0,545.0
926.0,545.0
790.0,545.0
80.0,545.0
991.0,545.0
102.0,545.0
395.0,546.0
577.0,546.0
513.0,546.0
795.0,546.0
683.0,546.0
516.0,546.0
436.0,546.0
284.0,546.0
507.0,546.0
682.0,546.0
779.0,546.0
706.0,546.0
568.0,547.0
274.0,547.0
416.0,547.0
890.0,547.0
498.0,547.0
242.0,547.0
367.0,547.0
838.0,547.0
1011.0,547.0
698.0,547.0
137.0,547.0
738.0,547.0
688.0,548.0
289.0,548.0
455.0,548.0
271.0,548.0
610.0,548.0
191.0,548.0
544.0,548.0
598.0,548.0
631.0,548.0
1028.0,548.0
678.0,548.0
231.0,548.0
107.0,549.0
678.0,549.0
361.0,549.0
881.0,549.0
415.0,549.0
967.0,549.0
241.0,549.0
1012.0,549.0
960.0,549.0
404.0,549.0
612.0,549.0
722.0,549.0
425.0,550.0
420.0,550.0
298.0,550.0
154.0,550.0
884.0,550.0
1020.0,550.0
830.0,550.0
9.0,550.0
334.0,550.0
668.0,550.0
926.0,550.0
533.0,550.0
898.0,551.0
364.0,551.0
653.0,551.0
52.0,551.0
392.0,551.0
552.0,551.0
124.0,551.0
165.0,551.0
502.0,551.0
633.0,551.0
736.0,551.0
175.0,551.0
1008.0,552.0
467.0,552.0
705.0,552.0
863.0,552.0
414.0,552.0
103.0,552.0
196.0,552.0
210.0,552.0
566.0,552.0
542.0,552.0
660.0,552.0
287.0,552.0
245.0,553.0
925.0,553.0
746.0,553.0
866.0,553.0
946.0,553.0
15.0,553.0
756.0,553.0
283.0,553.0
0.0,553.0
370.0,553.0
261.0,553.0
308.0,553.0
208.0,554.0
565.0,554.0
948.0,554.0
923.0,554.0
542.0,554.0
494.0,554.0
157.0,554.0
517.0,554.0
47.0,554.0
235.0,554.0
1009.0,554.0
681.0,554.0
260.0,555.0
483.0,555.0
118.0,555.0
251.0,555.0
940.0,555.0
1018.0,555.0
340.0,555.0
319.0,555.0
516.0,555.0
698.0,555.0
383.0,555.0
300.0,555.0
948.0,556.0
17.0,556.0
509.0,556.0
629.0,556.0
438.0,556.0
844.0,556.0
170.0,556.0
189.0,556.0
430.0,556.0
165.0,556.0
360.0,556.0
667.0,556.0
52.0,557.0
55.0,557.0
683.0,557.0
138.0,557.0
1017.0,557.0
544.0,557.0
742.0,557.0
81.0,557.0
612.0,557.0
105.0,557.0
277.0,557.0
701.0,557.0
102.0,558.0
479.0,558.0
71.0,558.0
615.0,558.0
146.0,558.0
687.0,558.0
933.0,558.0
216.0,558.0
370.0,558.0
261.0,558.0
79.0,558.0
281.0,558.0
648.0,559.0
835.0,559.0
959.0,559.0
729.0,559.0
363.0,559.0
618.0,559.0
66.0,559.0
539.0,559.0
662.0,559.0
992.0,559.0
491.0,559.0
631.0,559.0
453.0,560.0
861.0,560.0
191.0,560.0
1013.0,560.0
682.0,560.0
557.0,560.0
280.0,560.0
544.0,560.0
357.0,560.0
503.0,560.0
353.0,560.0
483.0,560.0
966.0,561.0
941.0,561.0
955.0,561.0
790.0,561.0
747.0,561.0
649.0,561.0
414.0,561.0
474.0,561.0
821.0,561.0
319.0,561.0
209.0,561.0
93.0,561.0
463.0,562.0
120.0,562.0
894.0,562.0
48.0,562.0
860.0,562.0
54.0,562.0
854.0,562.0
947.0,562.0
2.0,562.0
192.0,562.0
512.0,562.0
350.0,562.0
9.0,563.0
370.0,563.0
464.0,563.0
866.0,563.0
981.0,563.0
102.0,563.0
921.0,563.0
958.0,563.0
831.0,563.0
557.0,563.0
754.0,563.0
706.0,563.0
862.0,564.0
778.0,564.0
6.0,564.0
774.0,564.0
87.0,564.0
978.0,564.0
974.0,564.0
947.0,564.0
604.0,564.0
1002.0,564.0
867.0,564.0
586.0,564.0
754.0,565.0
705.0,565.0
745.0,565.0
537.0,565.0
960.0,565.0
481.0,565.0
620.0,565.0
228.0,565.0
781.0,565.0
1016.0,565.0
408.0,565.0
672.0,565.0
556.0,566.0
9.0,566.0
683.0,566.0
290.0,566.0
411.0,566.0
743.0,566.0
440.0,566.0
881.0,566.0
687.0,566.0
736.0,566.0
973.0,566.0
777.0,566.0
884.0,567.0
930.0,567.0
239.0,567.0
500.0,567.0
63.0,567.0
954.0,567.0
575.0,567.0
504.0,567.0
162.0,567.0
601.0,567.0
805.0,567.0
161.0,567.0
377.0,568.0
502.0,568.0
873.0,568.0
195.0,568.0
124.0,568.0
678.0,568.0
909.0,568.0
533.0,568.0
52.0,568.0
694.0,568.0
442.0,568.0
277.0,568.0
381.0,569.0
998.0,569.0
23.0,569.0
487.0,569.0
668.0,569.0
590.0,569.0
619.0,569.0
156.0,569.0
833.0,569.0
535.0,569.0
589.0,569.0
858.0,569.0
765.0,570.0
102.0,570.0
414.0,570.0
764.0,570.0
176.0,570.0
334.0,570.0
183.0,570.0
642.0,570.0
531.0,570.0
430.0,570.0
949.0,570.0
605.0,570.0
72.0,571.0
648.0,571.0
281.0,571.0
307.0,571.0
821.0,571.0
573.0,571.0
718.0,571.0
815.0,571.0
924.0,571.0
706.0,571.0
581.0,571.0
867.0,571.0
517.0,572.0
605.0,572.0
778.0,572.0
431.0,572.0
141.0,572.0
154.0,572.0
112.0,572.0
462.0,572.0
581.0,572.0
904.0,572.0
354.0,572.0
663.0,572.0
370.0,573.0
254.0,573.0
68.0,573.0
6.0,573.0
890.0,573.0
149.0,573.0
19.0,573.0
828.0,573.0
281.0,573.0
425.0,573.0
976.0,573.0
620.0,573.0
683.0,574.0
102.0,574.0
863.0,574.0
781.0,574.0
667.0,574.0
407.0,574.0
911.0,574.0
706.0,574.0
23.0,574.0
612.0,574.0
746.0,574.0
737.0,574.0
219.0,575.0
691.0,575.0
213.0,575.0
1009.0,575.0
361.0,575.0
83.0,575.0
556.0,575.0
1016.0,575.0
334.0,575.0
131.0,575.0
304.0,575.0
427.0,575.0
382.0,576.0
903.0,576.0
184.0,576.0
461.0,576.0
270.0,576.0
481.0,576.0
699.0,576.0
534.0,576.0
606.0,576.0
41.0,576.0
147.0,576.0
328.0,576.0
307.0,577.0
793.0,577.0
740.0,577.0
332.0,577.0
736.0,577.0
1027.0,577.0
749.0,577.0
429.0,577.0
509.0,577.0
969.0,577.0
81.0,577.0
913.0,577.0
655.0,578.0
612.0,578.0
557.0,578.0
711.0,578.0
35.0,578.0
846.0,578.0
540.0,578.0
696.0,578.0
972.0,578.0
416.0,578.0
103.0,578.0
764.0,578.0
137.0,579.0
155.0,579.0
100.0,579.0
955.0,579.0
587.0,579.0
368.0,579.0
249.0,579.0
939.0,579.0
1003.0,579.0
154.0,579.0
395.0,579.0
414.0,579.0
373.0,580.0
480.0,580.0
121.0,580.0
535.0,580.0
151.0,580.0
752.0,580.0
774.0,580.0
412.0,580.0
475.0,580.0
724.0,580.0
478.0,580.0
729.0,580.0
242.0,581.0
138.0,581.0
742.0,581.0
636.0,581.0
130.0,581.0
609.0,581.0
996.0,581.0
574.0,581.0
770.0,581.0
1017.0,581.0
436.0,581.0
803.0,581.0
344.0,582.0
531.0,582.0
0.0,582.0
118.0,582.0
548.0,582.0
295.0,582.0
39.0,582.0
205.0,582.0
391.0,582.0
194.0,582.0
623.0,582.0
13.0,582.0
756.0,583.0
336.0,583.0
430.0,583.0
189.0,583.0
65.0,583.0
320.0,583.0
577.0,583.0
849.0,583.0
895.0,583.0
493.0,583.0
153.0,583.0
657.0,583.0
89.0,584.0
543.0,584.0
884.0,584.0
1009.0,584.0
505.0,584.0
959.0,584.0
486.0,584.0
672.0,584.0
652.0,584.0
538.0,584.0
655.0,584.0
765.0,584.0
350.0,585.0
21.0,585.0
750.0,585.0
64.0,585.0
831.0,585.0
484.0,585.0
697.0,585.0
54.0,585.0
488.0,585.0
914.0,585.0
995.0,585.0
114.0,585.0
283.0,586.0
830.0,586.0
139.0,586.0
652.0,586.0
890.0,586.0
208.0,586.0
887.0,586.0
41.0,586.0
470.0,586.0
599.0,586.0
27.0,586.0
926.0,586.0
954.0,587.0
259.0,587.0
293.0,587.0
162.0,587.0
871.0,587.0
199.0,587.0
463.0,587.0
712.0,587.0
693.0,587.0
467.0,587.0
424.0,587.0
446.0,587.0
564.0,588.0
762.0,588.0
1034.0,588.0
114.0,588.0
144.0,588.0
726.0,588.0
433.0,588.0
325.0,588.0
650.0,588.0
17.0,588.0
306.0,588.0
685.0,588.0
2.0,589.0
303.0,589.0
569.0,589.0
519.0,589.0
965.0,589.0
213.0,589.0
443.0,589.0
447.0,589.0
399.0,589.0
772.0,589.0
4.0,589.0
116.0,589.0
447.0,590.0
594.0,590.0
559.0,590.0
245.0,590.0
580.0,590.0
215.0,590.0
224.0,590.0
246.0,590.0
761.0,590.0
949.0,590.0
482.0,590.0
295.0,590.0
998.0,591.0
719.0,591.0
842.0,591.0
270.0,591.0
749.0,591.0
889.0,591.0
752.0,591.0
285.0,591.0
621.0,591.0
148.0,591.0
553.0,591.0
989.0,591.0
936.0,592.0
1027.0,592.0
270.0,592.0
555.0,592.0
556.0,592.0
942.0,592.0
143.0,592.0
220.0,592.0
781.0,592.0
970.0,592.0
228.0,592.0
440.0,592.0
572.0,593.0
767.0,593.0
872.0,593.0
1021.0,593.0
868.0,593.0
140.0,593.0
390.0,593.0
796.0,593.0
458.0,593.0
481.0,593.0
10.0,593.0
452.0,593.0
990.0,594.0
307.0,594.0
47.0,594.0
501.0,594.0
746.0,594.0
369.0,594.0
250.0,594.0
482.0,594.0
420.0,594.0
975.0,594.0
370.0,594.0
231.0,594.0
210.0,595.0
914.0,595.0
669.0,595.0
461.0,595.0
763.0,595.0
726.0,595.0
1034.0,595.0
616.0,595.0
11.0,595.0
321.0,595.0
768.0,595.0
918.0,595.0
30.0,596.0
19.0,596.0
0.0,596.0
879.0,596.0
993.0,596.0
723.0,596.0
813.0,596.0
955.0,596.0
328.0,596.0
15.0,596.0
546.0,596.0
620.0,596.0
233.0,597.0
512.0,597.0
961.0,597.0
221.0,597.0
189.0,597.0
682.0,597.0
948.0,597.0
47.0,597.0
845.0,597.0
440.0,597.0
537.0,597.0
925.0,597.0
608.0,598.0
670.0,598.0
533.0,598.0
96.0,598.0
990.0,598.0
994.0,598.0
821.0,598.0
977.0,598.0
894.0,598.0
956.0,598.0
13.0,598.0
578.0,598.0
690.0,599.0
431.0,599.0
803.0,599.0
592.0,599.0
853.0,599.0
252.0,599.0
748.0,599.0
1014.0,599.0
170.0,599.0
82.0,599.0
1007.0,599.0
495.0,599.0
792.0,600.0
14.0,600.0
906.0,600.0
990.0,600.0
525.0,600.0
807.0,600.0
703.0,600.0
1028.0,600.0
34.0,600.0
700.0,600.0
901.0,600.0
376.0,600.0
823.0,601.0
456.0,601.0
41.0,601.0
56.0,601.0
316.0,601.0
605.0,601.0
888.0,601.0
65.0,601.0
868.0,601.0
697.0,601.0
10.0,601.0
200.0,601.0
335.0,602.0
104.0,602.0
506.0,602.0
195.0,602.0
485.0,602.0
677.0,602.0
199.0,602.0
264.0,602.0
99.0,602.0
823.0,602.0
882.0,602.0
225.0,602.0
878.0,603.0
200.0,603.0
469.0,603.0
1019.0,603.0
283.0,603.0
954.0,603.0
66.0,603.0
655.0,603.0
405.0,603.0
815.0,603.0
637.0,603.0
672.0,603.0
924.0,604.0
9.0,604.0
564.0,604.0
92.0,604.0
754.0,604.0
220.0,604.0
685.0,604.0
899.0,604.0
660.0,604.0
388.0,604.0
325.0,604.0
26.0,604.0
787.0,605.0
707.0,605.0
121.0,605.0
538.0,605.0
252.0,605.0
581.0,605.0
163.0,605.0
296.0,605.0
640.0,605.0
198.0,605.0
790.0,605.0
664.0,605.0
433.0,606.0
1015.0,606.0
26.0,606.0
375.0,606.0
626.0,606.0
617.0,606.0
534.0,606.0
321.0,606.0
616.0,606.0
888.0,606.0
365.0,606.0
841.0,606.0
464.0,607.0
515.0,607.0
718.0,607.0
795.0,607.0
609.0,607.0
592.0,607.0
367.0,607.0
308.0,607.0
292.0,607.0
844.0,607.0
369.0,607.0
877.0,607.0
206.0,608.0
554.0,608.0
845.0,608.0
357.0,608.0
674.0,608.0
380.0,608.0
996.0,608.0
331.0,608.0
752.0,608.0
176.0,608.0
242.0,608.0
496.0,608.0
470.0,609.0
946.0,609.0
552.0,609.0
887.0,609.0
395.0,609.0
169.0,609.0
892.0,609.0
299.0,609.0
296.0,609.0
781.0,609.0
774.0,609.0
1012.0,609.0
747.0,610.0
920.0,610.0
76.0,610.0
820.0,610.0
87.0,610.0
886.0,610.0
275.0,610.0
697.0,610.0
734.0,610.0
684.0,610.0
70.0,610.0
1013.0,610.0
921.0,611.0
445.0,611.0
258.0,611.0
860.0,611.0
871.0,611.0
1017.0,611.0
1020.0,611.0
117.0,611.0
468.0,611.0
156.0,611.0
388.0,611.0
1030.0,611.0
423.0,612.0
608.0,612.0
710.0,612.0
900.0,612.0
361.0,612.0
781.0,612.0
307.0,612.0
111.0,612.0
584.0,612.0
1012.0,612.0
67.0,612.0
889.0,612.0
444.0,613.0
975.0,613.0
797.0,613.0
290.0,613.0
535.0,613.0
362.0,613.0
477.0,613.0
854.0,613.0
819.0,613.0
358.0,613.0
475.0,613.0
1015.0,613.0
879.0,614.0
612.0,614.0
923.0,614.0
694.0,614.0
356.0,614.0
131.0,614.0
958.0,614.0
65.0,614.0
469.0,614.0
397.0,614.0
248.0,614.0
253.0,614.0
48.0,615.0
712.0,615.0
923.0,615.0
645.0,615.0
735.0,615.0
427.0,615.0
606.0,615.0
903.0,615.0
786.0,615.0
1034.0,615.0
508.0,615.0
534.0,615.0
458.0,616.0
841.0,616.0
604.0,616.0
423.0,616.0
679.0,616.0
132.0,616.0
850.0,616.0
197.0,616.0
92.0,616.0
121.0,616.0
892.0,616.0
459.0,616.0
676.0,617.0
938.0,617.0
459.0,617.0
885.0,617.0
679.0,617.0
43.0,617.0
942.0,617.0
239.0,617.0
669.0,617.0
899.0,617.0
1034.0,617.0
308.0,617.0
473.0,618.0
987.0,618.0
244.0,618.0
912.0,618.0
228.0,618.0
944.0,618.0
175.0,618.0
511.0,618.0
646.0,618.0
738.0,618.0
70.0,618.0
632.0,618.0
2.0,619.0
773.0,619.0
220.0,619.0
971.0,619.0
508.0,619.0
355.0,619.0
238.0,619.0
419.0,619.0
487.0,619.0
373.0,619.0
559.0,619.0
843.0,619.0
652.0,620.0
157.0,620.0
198.0,620.0
592.0,620.0
217.0,620.0
203.0,620.0
241.0,620.0
383.0,620.0
126.0,620.0
809.0,620.0
491.0,620.0
926.0,620.0
7.0,621.0
302.0,621.0
618.0,621.0
295.0,621.0
148.0,621.0
963.0,621.0
780.0,621.0
952.0,621.0
937.0,621.0
444.0,621.0
673.0,621.0
355.0,621.0
376.0,622.0
600.0,622.0
429.0,622.0
423.0,622.0
889.0,622.0
818.0,622.0
778.0,622.0
1012.0,622.0
838.0,622.0
918.0,622.0
52.0,622.0
308.0,622.0
2.0,623.0
1028.0,623.0
245.0,623.0
650.0,623.0
710.0,623.0
257.0,623.0
392.0,623.0
873.0,623.0
921.0,623.0
103.0,623.0
560.0,623.0
806.0,623.0
629.0,624.0
479.0,624.0
522.0,624.0
869.0,624.0
357.0,624.0
509.0,624.0
777.0,624.0
216.0,624.0
552.0,624.0
907.0,624.0
150.0,624.0
374.0,624.0
976.0,625.0
659.0,625.0
1030.0,625.0
241.0,625.0
363.0,625.0
799.0,625.0
829.0,625.0
642.0,625.0
78.0,625.0
462.0,625.0
581.0,625.0
559.0,625.0
606.0,626.0
850.0,626.0
92.0,626.0
382.0,626.0
26.0,626.0
727.0,626.0
768.0,626.0
604.0,626.0
40.0,626.0
892.0,626.0
685.0,626.0
841.0,626.0
549.0,627.0
400.0,627.0
99.0,627.0
1033.0,627.0
784.0,627.0
177.0,627.0
146.0,627.0
185.0,627.0
882.0,627.0
85.0,627.0
293.0,627.0
485.0,627.0
19.0,628.0
504.0,628.0
892.0,628.0
467.0,628.0
632.0,628.0
120.0,628.0
967.0,628.0
878.0,628.0
1011.0,628.0
491.0,628.0
348.0,628.0
370.0,628.0
264.0,629.0
742.0,629.0
871.0,629.0
999.0,629.0
835.0,629.0
407.0,629.0
1031.0,629.0
922.0,629.0
500.0,629.0
119.0,629.0
380.0,629.0
176.0,629.0
888.0,630.0
1023.0,630.0
588.0,630.0
468.0,630.0
595.0,630.0
48.0,630.0
101.0,630.0
152.0,630.0
683.0,630.0
850.0,630.0
274.0,630.0
318.0,630.0
261.0,631.0
393.0,631.0
507.0,631.0
523.0,631.0
674.0,631.0
747.0,631.0
1004.0,631.0
1009.0,631.0
353.0,631.0
594.0,631.0
273.0,631.0
219.0,631.0
17.0,632.0
993.0,632.0
616.0,632.0
398.0,632.0
862.0,632.0
926.0,632.0
941.0,632.0
350.0,632.0
128.0,632.0
121.0,632.0
313.0,632.0
888.0,632.0
1029.0,633.0
901.0,633.0
927.0,633.0
81.0,633.0
783.0,633.0
411.0,633.0
453.0,633.0
118.0,633.0
454.0,633.0
734.0,633.0
623.0,633.0
492.0,633.0
908.0,634.0
734.0,634.0
761.0,634.0
258.0,634.0
275.0,634.0
772.0,634.0
457.0,634.0
442.0,634.0
369.0,634.0
280.0,634.0
831.0,634.0
817.0,634.0
186.0,635.0
875.0,635.0
453.0,635.0
891.0,635.0
376.0,635.0
489.0,635.0
671.0,635.0
657.0,635.0
501.0,635.0
295.0,635.0
337.0,635.0
333.0,635.0
245.0,636.0
592.0,636.0
257.0,636.0
442.0,636.0
602.0,636.0
301.0,636.0
96.0,636.0
706.0,636.0
370.0,636.0
861.0,636.0
932.0,636.0
383.0,636.0
474.0,637.0
1012.0,637.0
318.0,637.0
547.0,637.0
446.0,637.0
200.0,637.0
662.0,637.0
501.0,637.0
426.0,637.0
264.0,637.0
748.0,637.0
349.0,637.0
894.0,638.0
464.0,638.0
157.0,638.0
952.0,638.0
555.0,638.0
279.0,638.0
636.0,638.0
886.0,638.0
946.0,638.0
182.0,638.0
608.0,638.0
570.0,638.0
494.0,639.0
1008.0,639.0
293.0,639.0
862.0,639.0
347.0,639.0
481.0,639.0
351.0,639.0
47.0,639.0
506.0,639.0
927.0,639.0
462.0,639.0
50.0,639.0
571.0,640.0
434.0,640.0
563.0,640.0
306.0,640.0
143.0,640.0
15.0,640.0
656.0,640.0
236.0,640.0
976.0,640.0
214.0,640.0
1020.0,640.0
773.0,640.0
534.0,641.0
842.0,641.0
221.0,641.0
839.0,641.0
89.0,641.0
716.0,641.0
160.0,641.0
490.0,641.0
298.0,641.0
768.0,641.0
850.0,641.0
786.0,641.0
369.0,642.0
1004.0,642.0
254.0,642.0
717.0,642.0
332.0,642.0
553.0,642.0
598.0,642.0
198.0,642.0
1003.0,642.0
203.0,642.0
938.0,642.0
541.0,642.0
502.0,643.0
765.0,643.0
807.0,643.0
638.0,643.0
910.0,643.0
623.0,643.0
806.0,643.0
280.0,643.0
171.0,643.0
356.0,643.0
657.0,643.0
20.0,643.0
215.0,644.0
321.0,644.0
161.0,644.0
328.0,644.0
139.0,644.0
606.0,644.0
433.0,644.0
341.0,644.0
654.0,644.0
190.0,644.0
484.0,644.0
768.0,644.0
126.0,645.0
962.0,645.0
238.0,645.0
116.0,645.0
973.0,645.0
64.0,645.0
994.0,645.0
136.0,645.0
854.0,645.0
608.0,645.0
512.0,645.0
450.0,645.0
258.0,646.0
1020.0,646.0
218.0,646.0
528.0,646.0
381.0,646.0
55.0,646.0
697.0,646.0
996.0,646.0
922.0,646.0
926.0,646.0
385.0,646.0
831.0,646.0
345.0,647.0
416.0,647.0
728.0,647.0
225.0,647.0
85.0,647.0
386.0,647.0
8.0,647.0
993.0,647.0
452.0,647.0
330.0,647.0
639.0,647.0
822.0,647.0
12.0,648.0
163.0,648.0
304.0,648.0
830.0,648.0
380.0,648.0
749.0,648.0
71.0,648.0
874.0,648.0
427.0,648.0
591.0,648.0
540.0,648.0
781.0,648.0
385.0,649.0
286.0,649.0
931.0,649.0
962.0,649.0
940.0,649.0
936.0,649.0
268.0,649.0
207.0,649.0
911.0,649.0
480.0,649.0
826.0,649.0
460.0,649.0
246.0,650.0
951.0,650.0
858.0,650.0
73.0,650.0
519.0,650.0
590.0,650.0
625.0,650.0
272.0,650.0
1001.0,650.0
36.0,650.0
479.0,650.0
777.0,650.0
436.0,651.0
313.0,651.0
310.0,651.0
1035.0,651.0
915.0,651.0
9.0,651.0
861.0,651.0
319.0,651.0
597.0,651.0
830.0,651.0
931.0,651.0
1007.0,651.0
543.0,652.0
868.0,652.0
887.0,652.0
603.0,652.0
542.0,652.0
292.0,652.0
438.0,652.0
926.0,652.0
183.0,652.0
699.0,652.0
453.0,652.0
596.0,652.0
1007.0,653.0
134.0,653.0
495.0,653.0
14.0,653.0
8.0,653.0
600.0,653.0
186.0,653.0
155.0,653.0
227.0,653.0
932.0,653.0
46.0,653.0
513.0,653.0
1002.0,654.0
382.0,654.0
615.0,654.0
390.0,654.0
644.0,654.0
169.0,654.0
606.0,654.0
957.0,654.0
120.0,654.0
604.0,654.0
841.0,654.0
768.0,654.0
332.0,655.0
777.0,655.0
30.0,655.0
922.0,655.0
1003.0,655.0
27.0,655.0
50.0,655.0
235.0,655.0
740.0,655.0
837.0,655.0
769.0,655.0
803.0,655.0
423.0,656.0
893.0,656.0
419.0,656.0
994.0,656.0
664.0,656.0
511.0,656.0
750.0,656.0
384.0,656.0
90.0,656.0
545.0,656.0
746.0,656.0
80.0,656.0
698.0,657.0
721.0,657.0
407.0,657.0
462.0,657.0
577.0,657.0
643.0,657.0
217.0,657.0
950.0,657.0
454.0,657.0
1007.0,657.0
503.0,657.0
640.0,657.0
323.0,658.0
149.0,658.0
729.0,658.0
292.0,658.0
830.0,658.0
181.0,658.0
468.0,658.0
522.0,658.0
111.0,658.0
194.0,658.0
205.0,658.0
66.0,658.0
994.0,659.0
290.0,659.0
115.0,659.0
66.0,659.0
330.0,659.0
284.0,659.0
657.0,659.0
95.0,659.0
370.0,659.0
258.0,659.0
494.0,659.0
959.0,659.0
323.0,660.0
1022.0,660.0
942.0,660.0
142.0,660.0
799.0,660.0
603.0,660.0
167.0,660.0
877.0,660.0
25.0,660.0
628.0,660.0
535.0,660.0
700.0,660.0
7.0,661.0
301.0,661.0
833.0,661.0
1001.0,661.0
135.0,661.0
734.0,661.0
636.0,661.0
355.0,661.0
650.0,661.0
1004.0,661.0
780.0,661.0
428.0,661.0
748.0,662.0
473.0,662.0
913.0,662.0
749.0,662.0
666.0,662.0
55.0,662.0
805.0,662.0
691.0,662.0
334.0,662.0
167.0,662.0
283.0,662.0
310.0,662.0
413.0,663.0
446.0,663.0
1021.0,663.0
742.0,663.0
386.0,663.0
467.0,663.0
907.0,663.0
972.0,663.0
793.0,663.0
394.0,663.0
103.0,663.0
107.0,663.0
712.0,664.0
865.0,664.0
799.0,664.0
327.0,664.0
28.0,664.0
837.0,664.0
342.0,664.0
513.0,664.0
989.0,664.0
444.0,664.0
48.0,664.0
352.0,664.0
56.0,665.0
979.0,665.0
313.0,665.0
540.0,665.0
19.0,665.0
136.0,665.0
874.0,665.0
1031.0,665.0
991.0,665.0
163.0,665.0
554.0,665.0
565.0,665.0
634.0,666.0
674.0,666.0
533.0,666.0
280.0,666.0
730.0,666.0
1024.0,666.0
353.0,666.0
503.0,666.0
772.0,666.0
897.0,666.0
994.0,666.0
33.0,666.0
98.0,667.0
868.0,667.0
925.0,667.0
837.0,667.0
111.0,667.0
874.0,667.0
243.0,667.0
156.0,667.0
91.0,667.0
361.0,667.0
1029.0,667.0
370.0,667.0
954.0,668.0
949.0,668.0
835.0,668.0
531.0,668.0
552.0,668.0
1009.0,668.0
658.0,668.0
770.0,668.0
24.0,668.0
12.0,668.0
791.0,668.0
395.0,668.0
375.0,669.0
405.0,669.0
768.0,669.0
1034.0,669.0
615.0,669.0
75.0,669.0
173.0,669.0
880.0,669.0
144.0,669.0
114.0,669.0
987.0,669.0
169.0,669.0
265.0,670.0
772.0,670.0
95.0,670.0
788.0,670.0
750.0,670.0
524.0,670.0
574.0,670.0
427.0,670.0
528.0,670.0
994.0,670.0
183.0,670.0
581.0,670.0
805.0,671.0
694.0,671.0
471.0,671.0
73.0,671.0
988.0,671.0
46.0,671.0
547.0,671.0
909.0,671.0
8.0,671.0
185.0,671.0
638.0,671.0
1010.0,671.0
874.0,672.0
115.0,672.0
309.0,672.0
130.0,672.0
543.0,672.0
922.0,672.0
479.0,672.0
1014.0,672.0
291.0,672.0
395.0,672.0
954.0,672.0
13.0,672.0
590.0,673.0
825.0,673.0
303.0,673.0
638.0,673.0
833.0,673.0
482.0,673.0
983.0,673.0
473.0,673.0
36.0,673.0
780.0,673.0
634.0,673.0
13.0,673.0
747.0,674.0
1027.0,674.0
257.0,674.0
191.0,674.0
925.0,674.0
194.0,674.0
912.0,674.0
428.0,674.0
997.0,674.0
489.0,674.0
552.0,674.0
666.0,674.0
97.0,675.0
338.0,675.0
632.0,675.0
164.0,675.0
999.0,675.0
832.0,675.0
88.0,675.0
763.0,675.0
461.0,675.0
316.0,675.0
110.0,675.0
993.0,675.0
716.0,676.0
201.0,676.0
92.0,676.0
413.0,676.0
543.0,676.0
320.0,676.0
375.0,676.0
40.0,676.0
262.0,676.0
147.0,676.0
153.0,676.0
528.0,676.0
959.0,677.0
529.0,677.0
624.0,677.0
793.0,677.0
46.0,677.0
549.0,677.0
482.0,677.0
587.0,677.0
396.0,677.0
104.0,677.0
657.0,677.0
360.0,677.0
697.0,678.0
53.0,678.0
837.0,678.0
671.0,678.0
597.0,678.0
121.0,678.0
546.0,678.0
552.0,678.0
721.0,678.0
1035.0,678.0
216.0,678.0
277.0,678.0
147.0,679.0
3.0,679.0
827.0,679.0
282.0,679.0
626.0,679.0
644.0,679.0
152.0,679.0
375.0,679.0
1002.0,679.0
957.0,679.0
946.0,679.0
404.0,679.0
449.0,680.0
389.0,680.0
762.0,680.0
269.0,680.0
168.0,680.0
499.0,680.0
564.0,680.0
65.0,680.0
902.0,680.0
462.0,680.0
326.0,680.0
380.0,680.0
363.0,681.0
1011.0,681.0
1004.0,681.0
655.0,681.0
933.0,681.0
976.0,681.0
740.0,681.0
774.0,681.0
176.0,681.0
117.0,681.0
835.0,681.0
866.0,681.0
651.0,682.0
242.0,682.0
920.0,682.0
775.0,682.0
83.0,682.0
544.0,682.0
280.0,682.0
430.0,682.0
464.0,682.0
861.0,682.0
764.0,682.0
127.0,682.0
218.0,683.0
330.0,683.0
836.0,683.0
948.0,683.0
711.0,683.0
269.0,683.0
749.0,683.0
922.0,683.0
1008.0,683.0
329.0,683.0
235.0,683.0
217.0,683.0
971.0,684.0
874.0,684.0
777.0,684.0
846.0,684.0
896.0,684.0
574.0,684.0
931.0,684.0
80.0,684.0
946.0,684.0
744.0,684.0
215.0,684.0
206.0,684.0
338.0,685.0
54.0,685.0
132.0,685.0
841.0,685.0
850.0,685.0
884.0,685.0
313.0,685.0
26.0,685.0
390.0,685.0
669.0,685.0
796.0,685.0
114.0,685.0
905.0,686.0
973.0,686.0
507.0,686.0
765.0,686.0
730.0,686.0
560.0,686.0
495.0,686.0
1030.0,686.0
75.0,686.0
483.0,686.0
808.0,686.0
744.0,686.0
442.0,687.0
954.0,687.0
866.0,687.0
127.0,687.0
847.0,687.0
143.0,687.0
944.0,687.0
666.0,687.0
75.0,687.0
993.0,687.0
1007.0,687.0
168.0,687.0
96.0,688.0
965.0,688.0
489.0,688.0
33.0,688.0
886.0,688.0
55.0,688.0
167.0,688.0
60.0,688.0
300.0,688.0
376.0,688.0
178.0,688.0
393.0,688.0
161.0,689.0
490.0,689.0
259.0,689.0
314.0,689.0
209.0,689.0
930.0,689.0
903.0,689.0
117.0,689.0
461.0,689.0
798.0,689.0
316.0,689.0
709.0,689.0
165.0,690.0
678.0,690.0
78.0,690.0
1019.0,690.0
691.0,690.0
572.0,690.0
420.0,690.0
820.0,690.0
117.0,690.0
992.0,690.0
408.0,690.0
378.0,690.0
494.0,691.0
326.0,691.0
210.0,691.0
467.0,691.0
159.0,691.0
660.0,691.0
32.0,691.0
368.0,691.0
690.0,691.0
779.0,691.0
336.0,691.0
923.0,691.0
371.0,692.0
779.0,692.0
686.0,692.0
309.0,692.0
24.0,692.0
991.0,692.0
578.0,692.0
672.0,692.0
20.0,692.0
643.0,692.0
231.0,692.0
187.0,692.0
767.0,693.0
593.0,693.0
441.0,693.0
663.0,693.0
210.0,693.0
561.0,693.0
907.0,693.0
647.0,693.0
485.0,693.0
264.0,693.0
337.0,693.0
354.0,693.0
492.0,694.0
452.0,694.0
950.0,694.0
233.0,694.0
859.0,694.0
310.0,694.0
655.0,694.0
968.0,694.0
158.0,694.0
793.0,694.0
418.0,694.0
216.0,694.0
42.0,695.0
658.0,695.0
634.0,695.0
162.0,695.0
533.0,695.0
608.0,695.0
137.0,695.0
747.0,695.0
168.0,695.0
717.0,695.0
795.0,695.0
102.0,695.0
1016.0,696.0
549.0,696.0
191.0,696.0
738.0,696.0
959.0,696.0
919.0,696.0
295.0,696.0
102.0,696.0
212.0,696.0
633.0,696.0
1028.0,696.0
268.0,696.0
432.0,697.0
847.0,697.0
746.0,697.0
273.0,697.0
815.0,697.0
683.0,697.0
196.0,697.0
812.0,697.0
79.0,697.0
1030.0,697.0
744.0,697.0
187.0,697.0
479.0,698.0
185.0,698.0
104.0,698.0
959.0,698.0
692.0,698.0
657.0,698.0
728.0,698.0
863.0,698.0
330.0,698.0
984.0,698.0
482.0,698.0
744.0,698.0
717.0,699.0
476.0,699.0
611.0,699.0
740.0,699.0
258.0,699.0
862.0,699.0
484.0,699.0
329.0,699.0
821.0,699.0
1004.0,699.0
1019.0,699.0
992.0,699.0
584.0,700.0
497.0,700.0
133.0,700.0
168.0,700.0
931.0,700.0
521.0,700.0
713.0,700.0
789.0,700.0
991.0,700.0
547.0,700.0
1025.0,700.0
623.0,700.0
103.0,701.0
304.0,701.0
743.0,701.0
787.0,701.0
844.0,701.0
592.0,701.0
653.0,701.0
960.0,701.0
991.0,701.0
648.0,701.0
292.0,701.0
907.0,701.0
522.0,702.0
650.0,702.0
908.0,702.0
7.0,702.0
246.0,702.0
188.0,702.0
303.0,702.0
268.0,702.0
974.0,702.0
833.0,702.0
447.0,702.0
183.0,702.0
547.0,703.0
46.0,703.0
671.0,703.0
505.0,703.0
34.0,703.0
141.0,703.0
894.0,703.0
418.0,703.0
93.0,703.0
186.0,703.0
909.0,703.0
801.0,703.0
229.0,704.0
486.0,704.0
505.0,704.0
73.0,704.0
495.0,704.0
703.0,704.0
498.0,704.0
127.0,704.0
653.0,704.0
698.0,704.0
356.0,704.0
476.0,704.0
12.0,705.0
970.0,705.0
922.0,705.0
803.0,705.0
615.0,705.0
241.0,705.0
298.0,705.0
352.0,705.0
363.0,705.0
423.0,705.0
611.0,705.0
913.0,705.0
970.0,706.0
235.0,706.0
462.0,706.0
903.0,706.0
190.0,706.0
464.0,706.0
276.0,706.0
607.0,706.0
163.0,706.0
668.0,706.0
902.0,706.0
102.0,706.0
1008.0,707.0
712.0,707.0
907.0,707.0
865.0,707.0
860.0,707.0
715.0,707.0
620.0,707.0
368.0,707.0
746.0,707.0
853.0,707.0
493.0,707.0
151.0,707.0
681.0,708.0
763.0,708.0
870.0,708.0
117.0,708.0
586.0,708.0
119.0,708.0
756.0,708.0
712.0,708.0
150.0,708.0
672.0,708.0
219.0,708.0
558.0,708.0
214.0,709.0
871.0,709.0
1014.0,709.0
28.0,709.0
689.0,709.0
230.0,709.0
129.0,709.0
408.0,709.0
240.0,709.0
145.0,709.0
572.0,709.0
225.0,709.0
339.0,710.0
15.0,710.0
296.0,710.0
168.0,710.0
862.0,710.0
889.0,710.0
298.0,710.0
597.0,710.0
427.0,710.0
575.0,710.0
313.0,710.0
78.0,710.0
715.0,711.0
545.0,711.0
242.0,711.0
36.0,711.0
279.0,711.0
151.0,711.0
660.0,711.0
327.0,711.0
867.0,711.0
911.0,711.0
42.0,711.0
592.0,711.0
6.0,712.0
597.0,712.0
330.0,712.0
280.0,712.0
287.0,712.0
921.0,712.0
558.0,712.0
930.0,712.0
405.0,712.0
795.0,712.0
887.0,712.0
853.0,712.0
779.0,713.0
678.0,713.0
280.0,713.0
467.0,713.0
946.0,713.0
700.0,713.0
657.0,713.0
787.0,713.0
853.0,713.0
1001.0,713.0
356.0,713.0
743.0,713.0
189.0,714.0
483.0,714.0
928.0,714.0
952.0,714.0
416.0,714.0
83.0,714.0
688.0,714.0
560.0,714.0
1018.0,714.0
496.0,714.0
765.0,714.0
849.0,714.0
946.0,715.0
253.0,715.0
923.0,715.0
769.0,715.0
672.0,715.0
805.0,715.0
809.0,715.0
380.0,715.0
945.0,715.0
458.0,715.0
958.0,715.0
790.0,715.0
431.0,716.0
942.0,716.0
782.0,716.0
880.0,716.0
328.0,716.0
320.0,716.0
899.0,716.0
415.0,716.0
1034.0,716.0
460.0,716.0
459.0,716.0
676.0,716.0
869.0,717.0
863.0,717.0
867.0,717.0
71.0,717.0
304.0,717.0
798.0,717.0
48.0,717.0
328.0,717.0
989.0,717.0
320.0,717.0
615.0,717.0
760.0,717.0
711.0,718.0
205.0,718.0
668.0,718.0
563.0,718.0
612.0,718.0
81.0,718.0
744.0,718.0
419.0,718.0
75.0,718.0
640.0,718.0
221.0,718.0
540.0,718.0
640.0,719.0
933.0,719.0
55.0,719.0
243.0,719.0
612.0,719.0
665.0,719.0
107.0,719.0
684.0,719.0
870.0,719.0
286.0,719.0
583.0,719.0
867.0,719.0
448.0,720.0
207.0,720.0
936.0,720.0
350.0,720.0
488.0,720.0
320.0,720.0
221.0,720.0
757.0,720.0
1022.0,720.0
885.0,720.0
86.0,720.0
776.0,720.0
396.0,721.0
544.0,721.0
245.0,721.0
731.0,721.0
846.0,721.0
244.0,721.0
130.0,721.0
356.0,721.0
874.0,721.0
624.0,721.0
119.0,721.0
158.0,721.0
639.0,722.0
539.0,722.0
927.0,722.0
446.0,722.0
62.0,722.0
707.0,722.0
232.0,722.0
387.0,722.0
836.0,722.0
386.0,722.0
87.0,722.0
805.0,722.0
624.0,723.0
591.0,723.0
478.0,723.0
893.0,723.0
357.0,723.0
620.0,723.0
523.0,723.0
589.0,723.0
381.0,723.0
775.0,723.0
592.0,723.0
827.0,723.0
975.0,724.0
156.0,724.0
618.0,724.0
511.0,724.0
523.0,724.0
756.0,724.0
691.0,724.0
160.0,724.0
228.0,724.0
68.0,724.0
540.0,724.0
475.0,724.0
215.0,725.0
359.0,725.0
1027.0,725.0
357.0,725.0
724.0,725.0
71.0,725.0
749.0,725.0
479.0,725.0
947.0,725.0
473.0,725.0
691.0,725.0
676.0,725.0
695.0,726.0
397.0,726.0
59.0,726.0
574.0,726.0
799.0,726.0
617.0,726.0
114.0,726.0
244.0,726.0
976.0,726.0
28.0,726.0
1019.0,726.0
477.0,726.0
153.0,727.0
856.0,727.0
680.0,727.0
113.0,727.0
282.0,727.0
907.0,727.0
771.0,727.0
177.0,727.0
139.0,727.0
1002.0,727.0
413.0,727.0
180.0,727.0
430.0,728.0
32.0,728.0
977.0,728.0
378.0,728.0
545.0,728.0
449.0,728.0
439.0,728.0
486.0,728.0
629.0,728.0
110.0,728.0
248.0,728.0
862.0,728.0
990.0,729.0
826.0,729.0
969.0,729.0
82.0,729.0
402.0,729.0
938.0,729.0
884.0,729.0
738.0,729.0
973.0,729.0
73.0,729.0
313.0,729.0
981.0,729.0
29.0,730.0
571.0,730.0
548.0,730.0
1017.0,730.0
817.0,730.0
16.0,730.0
560.0,730.0
734.0,730.0
1013.0,730.0
246.0,730.0
853.0,730.0
643.0,730.0
64.0,731.0
151.0,731.0
130.0,731.0
83.0,731.0
718.0,731.0
168.0,731.0
362.0,731.0
503.0,731.0
856.0,731.0
877.0,731.0
256.0,731.0
425.0,731.0
856.0,732.0
0.0,732.0
1030.0,732.0
795.0,732.0
959.0,732.0
565.0,732.0
566.0,732.0
189.0,732.0
894.0,732.0
327.0,732.0
642.0,732.0
1008.0,732.0
965.0,733.0
357.0,733.0
951.0,733.0
634.0,733.0
74.0,733.0
1016.0,733.0
820.0,733.0
1007.0,733.0
273.0,733.0
845.0,733.0
970.0,733.0
9.0,733.0
807.0,734.0
701.0,734.0
599.0,734.0
719.0,734.0
371.0,734.0
70.0,734.0
219.0,734.0
809.0,734.0
527.0,734.0
890.0,734.0
221.0,734.0
138.0,734.0
120.0,735.0
253.0,735.0
240.0,735.0
71.0,735.0
632.0,735.0
342.0,735.0
628.0,735.0
1019.0,735.0
616.0,735.0
433.0,735.0
349.0,735.0
65.0,735.0
51.0,736.0
948.0,736.0
1009.0,736.0
1004.0,736.0
61.0,736.0
156.0,736.0
334.0,736.0
415.0,736.0
47.0,736.0
889.0,736.0
629.0,736.0
44.0,736.0
597.0,737.0
660.0,737.0
466.0,737.0
363.0,737.0
475.0,737.0
897.0,737.0
931.0,737.0
180.0,737.0
892.0,737.0
534.0,737.0
711.0,737.0
926.0,737.0
608.0,738.0
404.0,738.0
103.0,738.0
428.0,738.0
119.0,738.0
319.0,738.0
51.0,738.0
748.0,738.0
516.0,738.0
514.0,738.0
449.0,738.0
584.0,738.0
76.0,739.0
199.0,739.0
539.0,739.0
25.0,739.0
404.0,739.0
269.0,739.0
700.0,739.0
546.0,739.0
652.0,739.0
140.0,739.0
20.0,739.0
879.0,739.0
126.0,740.0
895.0,740.0
835.0,740.0
706.0,740.0
558.0,740.0
607.0,740.0
288.0,740.0
187.0,740.0
10.0,740.0
770.0,740.0
933.0,740.0
662.0,740.0
772.0,741.0
33.0,741.0
825.0,741.0
39.0,741.0
780.0,741.0
246.0,741.0
353.0,741.0
592.0,741.0
686.0,741.0
191.0,741.0
236.0,741.0
661.0,741.0
889.0,742.0
309.0,742.0
495.0,742.0
996.0,742.0
216.0,742.0
991.0,742.0
319.0,742.0
308.0,742.0
249.0,742.0
925.0,742.0
998.0,742.0
154.0,742.0
657.0,743.0
861.0,743.0
219.0,743.0
610.0,743.0
701.0,743.0
288.0,743.0
498.0,743.0
329.0,743.0
846.0,743.0
558.0,743.0
939.0,743.0
633.0,743.0
217.0,744.0
51.0,744.0
513.0,744.0
356.0,744.0
214.0,744.0
642.0,744.0
950.0,744.0
78.0,744.0
25.0,744.0
835.0,744.0
959.0,744.0
599.0,744.0
343.0,745.0
128.0,745.0
911.0,745.0
862.0,745.0
69.0,745.0
346.0,745.0
412.0,745.0
646.0,745.0
218.0,745.0
914.0,745.0
574.0,745.0
267.0,745.0
278.0,746.0
245.0,746.0
335.0,746.0
450.0,746.0
188.0,746.0
581.0,746.0
612.0,746.0
889.0,746.0
61.0,746.0
863.0,746.0
440.0,746.0
768.0,746.0
138.0,747.0
633.0,747.0
473.0,747.0
482.0,747.0
76.0,747.0
696.0,747.0
220.0,747.0
266.0,747.0
565.0,747.0
431.0,747.0
571.0,747.0
575.0,747.0
51.0,748.0
512.0,748.0
989.0,748.0
566.0,748.0
856.0,748.0
462.0,748.0
463.0,748.0
887.0,748.0
630.0,748.0
724.0,748.0
573.0,748.0
754.0,748.0
130.0,749.0
1025.0,749.0
357.0,749.0
56.0,749.0
877.0,749.0
996.0,749.0
648.0,749.0
992.0,749.0
235.0,749.0
678.0,749.0
895.0,749.0
989.0,749.0
528.0,750.0
545.0,750.0
775.0,750.0
263.0,750.0
799.0,750.0
160.0,750.0
406.0,750.0
956.0,750.0
611.0,750.0
389.0,750.0
42.0,750.0
757.0,750.0
454.0,751.0
568.0,751.0
495.0,751.0
544.0,751.0
898.0,751.0
279.0,751.0
635.0,751.0
428.0,751.0
178.0,751.0
915.0,751.0
547.0,751.0
0.0,751.0
574.0,752.0
534.0,752.0
723.0,752.0
236.0,752.0
439.0,752.0
607.0,752.0
70.0,752.0
465.0,752.0
276.0,752.0
908.0,752.0
36.0,752.0
6.0,752.0
522.0,753.0
127.0,753.0
598.0,753.0
862.0,753.0
541.0,753.0
98.0,753.0
1030.0,753.0
554.0,753.0
942.0,753.0
895.0,753.0
111.0,753.0
718.0,753.0
584.0,754.0
176.0,754.0
499.0,754.0
815.0,754.0
1016.0,754.0
459.0,754.0
423.0,754.0
446.0,754.0
948.0,754.0
640.0,754.0
845.0,754.0
1014.0,754.0
243.0,755.0
609.0,755.0
512.0,755.0
574.0,755.0
304.0,755.0
176.0,755.0
636.0,755.0
787.0,755.0
231.0,755.0
543.0,755.0
839.0,755.0
283.0,755.0
713.0,756.0
341.0,756.0
695.0,756.0
228.0,756.0
349.0,756.0
1020.0,756.0
78.0,756.0
214.0,756.0
607.0,756.0
196.0,756.0
1035.0,756.0
360.0,756.0
523.0,757.0
285.0,757.0
180.0,757.0
258.0,757.0
591.0,757.0
690.0,757.0
560.0,757.0
375.0,757.0
328.0,757.0
273.0,757.0
947.0,757.0
412.0,757.0
631.0,758.0
22.0,758.0
194.0,758.0
534.0,758.0
622.0,758.0
594.0,758.0
780.0,758.0
794.0,758.0
557.0,758.0
483.0,758.0
858.0,758.0
655.0,758.0
384.0,759.0
172.0,759.0
553.0,759.0
296.0,759.0
1024.0,759.0
769.0,759.0
635.0,759.0
267.0,759.0
682.0,759.0
115.0,759.0
313.0,759.0
571.0,759.0
778.0,760.0
832.0,760.0
91.0,760.0
585.0,760.0
594.0,760.0
483.0,760.0
491.0,760.0
48.0,760.0
1011.0,760.0
408.0,760.0
220.0,760.0
932.0,760.0
532.0,761.0
222.0,761.0
816.0,761.0
346.0,761.0
268.0,761.0
752.0,761.0
292.0,761.0
631.0,761.0
858.0,761.0
39.0,761.0
985.0,761.0
920.0,761.0
144.0,762.0
605.0,762.0
365.0,762.0
362.0,762.0
614.0,762.0
727.0,762.0
735.0,762.0
78.0,762.0
243.0,762.0
451.0,762.0
802.0,762.0
321.0,762.0
467.0,763.0
252.0,763.0
458.0,763.0
728.0,763.0
190.0,763.0
413.0,763.0
439.0,763.0
507.0,763.0
930.0,763.0
872.0,763.0
945.0,763.0
239.0,763.0
552.0,764.0
840.0,764.0
301.0,764.0
625.0,764.0
919.0,764.0
507.0,764.0
1009.0,764.0
1007.0,764.0
127.0,764.0
672.0,764.0
220.0,764.0
434.0,764.0
577.0,765.0
301.0,765.0
290.0,765.0
1000.0,765.0
581.0,765.0
770.0,765.0
538.0,765.0
198.0,765.0
629.0,765.0
486.0,765.0
939.0,765.0
1014.0,765.0
85.0,766.0
506.0,766.0
45.0,766.0
822.0,766.0
1021.0,766.0
762.0,766.0
441.0,766.0
400.0,766.0
882.0,766.0
823.0,766.0
587.0,766.0
993.0,766.0
867.0,767.0
252.0,767.0
95.0,767.0
871.0,767.0
1025.0,767.0
158.0,767.0
812.0,767.0
354.0,767.0
542.0,767.0
923.0,767.0
733.0,767.0
38.0,767.0
338.0,768.0
349.0,768.0
365.0,768.0
190.0,768.0
282.0,768.0
361.0,768.0
604.0,768.0
114.0,768.0
176.0,768.0
626.0,768.0
617.0,768.0
644.0,768.0
958.0,769.0
715.0,769.0
414.0,769.0
434.0,769.0
553.0,769.0
254.0,769.0
651.0,769.0
842.0,769.0
934.0,769.0
809.0,769.0
654.0,769.0
307.0,769.0
155.0,770.0
821.0,770.0
959.0,770.0
157.0,770.0
961.0,770.0
691.0,770.0
655.0,770.0
743.0,770.0
133.0,770.0
947.0,770.0
637.0,770.0
25.0,770.0
1015.0,771.0
554.0,771.0
21.0,771.0
520.0,771.0
152.0,771.0
120.0,771.0
680.0,771.0
298.0,771.0
306.0,771.0
147.0,771.0
617.0,771.0
626.0,771.0
848.0,772.0
36.0,772.0
35.0,772.0
336.0,772.0
648.0,772.0
51.0,772.0
960.0,772.0
256.0,772.0
1008.0,772.0
435.0,772.0
39.0,772.0
714.0,772.0
254.0,773.0
57.0,773.0
724.0,773.0
4.0,773.0
779.0,773.0
298.0,773.0
106.0,773.0
66.0,773.0
84.0,773.0
794.0,773.0
791.0,773.0
317.0,773.0
43.0,774.0
22.0,774.0
725.0,774.0
813.0,774.0
204.0,774.0
54.0,774.0
1004.0,774.0
781.0,774.0
800.0,774.0
385.0,774.0
854.0,774.0
681.0,774.0
373.0,775.0
235.0,775.0
755.0,775.0
355.0,775.0
421.0,775.0
234.0,775.0
611.0,775.0
794.0,775.0
723.0,775.0
70.0,775.0
938.0,775.0
480.0,775.0
720.0,776.0
173.0,776.0
484.0,776.0
585.0,776.0
911.0,776.0
843.0,776.0
362.0,776.0
957.0,776.0
716.0,776.0
831.0,776.0
669.0,776.0
209.0,776.0
445.0,777.0
1004.0,777.0
27.0,777.0
470.0,777.0
531.0,777.0
954.0,777.0
466.0,777.0
884.0,777.0
794.0,777.0
900.0,777.0
326.0,777.0
848.0,777.0
738.0,778.0
185.0,778.0
370.0,778.0
984.0,778.0
230.0,778.0
121.0,778.0
259.0,778.0
639.0,778.0
1008.0,778.0
440.0,778.0
655.0,778.0
669.0,778.0
509.0,779.0
578.0,779.0
482.0,779.0
422.0,779.0
104.0,779.0
208.0,779.0
227.0,779.0
524.0,779.0
158.0,779.0
575.0,779.0
73.0,779.0
970.0,779.0
650.0,780.0
103.0,780.0
310.0,780.0
7.0,780.0
37.0,780.0
1030.0,780.0
858.0,780.0
344.0,780.0
876.0,780.0
825.0,780.0
340.0,780.0
577.0,780.0
24.0,781.0
412.0,781.0
719.0,781.0
132.0,781.0
925.0,781.0
954.0,781.0
756.0,781.0
597.0,781.0
427.0,781.0
1027.0,781.0
711.0,781.0
900.0,781.0
448.0,782.0
417.0,782.0
611.0,782.0
826.0,782.0
515.0,782.0
409.0,782.0
142.0,782.0
108.0,782.0
750.0,782.0
774.0,782.0
957.0,782.0
425.0,782.0
891.0,783.0
807.0,783.0
548.0,783.0
813.0,783.0
1018.0,783.0
547.0,783.0
333.0,783.0
730.0,783.0
779.0,783.0
73.0,783.0
544.0,783.0
555.0,783.0
208.0,784.0
693.0,784.0
58.0,784.0
436.0,784.0
57.0,784.0
452.0,784.0
474.0,784.0
663.0,784.0
657.0,784.0
766.0,784.0
509.0,784.0
836.0,784.0
634.0,785.0
498.0,785.0
682.0,785.0
874.0,785.0
1006.0,785.0
370.0,785.0
731.0,785.0
366.0,785.0
416.0,785.0
747.0,785.0
792.0,785.0
985.0,785.0
192.0,786.0
1034.0,786.0
852.0,786.0
980.0,786.0
445.0,786.0
944.0,786.0
814.0,786.0
775.0,786.0
238.0,786.0
342.0,786.0
144.0,786.0
545.0,786.0
549.0,787.0
618.0,787.0
836.0,787.0
411.0,787.0
939.0,787.0
651.0,787.0
565.0,787.0
1024.0,787.0
894.0,787.0
189.0,787.0
299.0,787.0
157.0,787.0
531.0,788.0
952.0,788.0
995.0,788.0
285.0,788.0
450.0,788.0
407.0,788.0
775.0,788.0
304.0,788.0
23.0,788.0
1031.0,788.0
962.0,788.0
188.0,788.0
657.0,789.0
277.0,789.0
49.0,789.0
818.0,789.0
525.0,789.0
138.0,789.0
72.0,789.0
1025.0,789.0
581.0,789.0
516.0,789.0
747.0,789.0
312.0,789.0
368.0,790.0
110.0,790.0
571.0,790.0
1023.0,790.0
865.0,790.0
204.0,790.0
430.0,790.0
221.0,790.0
723.0,790.0
150.0,790.0
182.0,790.0
296.0,790.0
214.0,791.0
662.0,791.0
75.0,791.0
351.0,791.0
637.0,791.0
208.0,791.0
708.0,791.0
950.0,791.0
24.0,791.0
740.0,791.0
450.0,791.0
334.0,791.0
1003.0,792.0
643.0,792.0
873.0,792.0
255.0,792.0
551.0,792.0
836.0,792.0
657.0,792.0
984.0,792.0
1012.0,792.0
779.0,792.0
219.0,792.0
34.0,792.0
801.0,793.0
485.0,793.0
871.0,793.0
1009.0,793.0
400.0,793.0
466.0,793.0
834.0,793.0
91.0,793.0
446.0,793.0
164.0,793.0
5.0,793.0
404.0,793.0
126.0,794.0
788.0,794.0
897.0,794.0
555.0,794.0
268.0,794.0
623.0,794.0
463.0,794.0
581.0,794.0
960.0,794.0
290.0,794.0
875.0,794.0
962.0,794.0
753.0,795.0
75.0,795.0
79.0,795.0
165.0,795.0
874.0,795.0
253.0,795.0
583.0,795.0
659.0,795.0
625.0,795.0
286.0,795.0
682.0,795.0
345.0,795.0
368.0,796.0
88.0,796.0
467.0,796.0
809.0,796.0
398.0,796.0
859.0,796.0
163.0,796.0
939.0,796.0
132.0,796.0
184.0,796.0
675.0,796.0
209.0,796.0
669.0,797.0
455.0,797.0
201.0,797.0
448.0,797.0
373.0,797.0
782.0,797.0
510.0,797.0
875.0,797.0
843.0,797.0
724.0,797.0
786.0,797.0
108.0,797.0
595.0,798.0
349.0,798.0
802.0,798.0
164.0,798.0
572.0,798.0
584.0,798.0
769.0,798.0
320.0,798.0
237.0,798.0
328.0,798.0
628.0,798.0
433.0,798.0
543.0,799.0
172.0,799.0
37.0,799.0
706.0,799.0
573.0,799.0
879.0,799.0
981.0,799.0
867.0,799.0
218.0,799.0
450.0,799.0
299.0,799.0
554.0,799.0
201.0,800.0
759.0,800.0
679.0,800.0
488.0,800.0
444.0,800.0
771.0,800.0
151.0,800.0
188.0,800.0
142.0,800.0
726.0,800.0
957.0,800.0
192.0,800.0
372.0,801.0
284.0,801.0
756.0,801.0
216.0,801.0
163.0,801.0
834.0,801.0
504.0,801.0
587.0,801.0
24.0,801.0
352.0,801.0
423.0,801.0
993.0,801.0
239.0,802.0
1015.0,802.0
850.0,802.0
437.0,802.0
48.0,802.0
101.0,802.0
89.0,802.0
872.0,802.0
390.0,802.0
798.0,802.0
109.0,802.0
65.0,802.0
565.0,803.0
808.0,803.0
0.0,803.0
624.0,803.0
738.0,803.0
658.0,803.0
115.0,803.0
524.0,803.0
265.0,803.0
623.0,803.0
473.0,803.0
859.0,803.0
970.0,804.0
228.0,804.0
6.0,804.0
403.0,804.0
953.0,804.0
534.0,804.0
564.0,804.0
510.0,804.0
725.0,804.0
174.0,804.0
153.0,804.0
884.0,804.0
889.0,805.0
815.0,805.0
69.0,805.0
167.0,805.0
428.0,805.0
290.0,805.0
860.0,805.0
531.0,805.0
609.0,805.0
971.0,805.0
662.0,805.0
334.0,805.0
983.0,806.0
623.0,806.0
847.0,806.0
324.0,806.0
838.0,806.0
738.0,806.0
1018.0,806.0
751.0,806.0
590.0,806.0
953.0,806.0
194.0,806.0
502.0,806.0
471.0,807.0
167.0,807.0
710.0,807.0
1012.0,807.0
991.0,807.0
277.0,807.0
491.0,807.0
72.0,807.0
772.0,807.0
886.0,807.0
12.0,807.0
682.0,807.0
1007.0,808.0
33.0,808.0
428.0,808.0
261.0,808.0
674.0,808.0
1029.0,808.0
736.0,808.0
949.0,808.0
396.0,808.0
1027.0,808.0
861.0,808.0
233.0,808.0
329.0,809.0
629.0,809.0
993.0,809.0
414.0,809.0
681.0,809.0
387.0,809.0
1029.0,809.0
763.0,809.0
542.0,809.0
967.0,809.0
95.0,809.0
699.0,809.0
369.0,810.0
247.0,810.0
569.0,810.0
752.0,810.0
596.0,810.0
142.0,810.0
875.0,810.0
592.0,810.0
2.0,810.0
963.0,810.0
220.0,810.0
467.0,810.0
347.0,811.0
158.0,811.0
197.0,811.0
859.0,811.0
542.0,811.0
639.0,811.0
485.0,811.0
345.0,811.0
506.0,811.0
822.0,811.0
1033.0,811.0
779.0,811.0
965.0,812.0
942.0,812.0
271.0,812.0
522.0,812.0
551.0,812.0
165.0,812.0
289.0,812.0
300.0,812.0
525.0,812.0
636.0,812.0
730.0,812.0
178.0,812.0
624.0,813.0
896.0,813.0
449.0,813.0
622.0,813.0
877.0,813.0
596.0,813.0
888.0,813.0
350.0,813.0
800.0,813.0
41.0,813.0
107.0,813.0
1000.0,813.0
348.0,814.0
611.0,814.0
26.0,814.0
328.0,814.0
197.0,814.0
154.0,814.0
19.0,814.0
468.0,814.0
28.0,814.0
40.0,814.0
786.0,814.0
201.0,814.0
19.0,815.0
284.0,815.0
701.0,815.0
931.0,815.0
662.0,815.0
374.0,815.0
166.0,815.0
20.0,815.0
636.0,815.0
1029.0,815.0
107.0,815.0
852.0,815.0
881.0,816.0
849.0,816.0
256.0,816.0
806.0,816.0
848.0,816.0
483.0,816.0
393.0,816.0
268.0,816.0
434.0,816.0
788.0,816.0
935.0,816.0
96.0,816.0
302.0,817.0
130.0,817.0
638.0,817.0
148.0,817.0
33.0,817.0
77.0,817.0
205.0,817.0
983.0,817.0
764.0,817.0
265.0,817.0
730.0,817.0
434.0,817.0
989.0,818.0
20.0,818.0
600.0,818.0
46.0,818.0
395.0,818.0
553.0,818.0
376.0,818.0
339.0,818.0
698.0,818.0
34.0,818.0
472.0,818.0
141.0,818.0
444.0,819.0
215.0,819.0
535.0,819.0
911.0,819.0
399.0,819.0
585.0,819.0
459.0,819.0
856.0,819.0
70.0,819.0
998.0,819.0
854.0,819.0
160.0,819.0
889.0,820.0
546.0,820.0
330.0,820.0
931.0,820.0
1007.0,820.0
115.0,820.0
1029.0,820.0
908.0,820.0
450.0,820.0
631.0,820.0
765.0,820.0
522.0,820.0
641.0,821.0
132.0,821.0
941.0,821.0
163.0,821.0
629.0,821.0
542.0,821.0
267.0,821.0
349.0,821.0
91.0,821.0
497.0,821.0
318.0,821.0
552.0,821.0
110.0,822.0
870.0,822.0
602.0,822.0
549.0,822.0
579.0,822.0
97.0,822.0
100.0,822.0
293.0,822.0
5.0,822.0
58.0,822.0
1033.0,822.0
347.0,822.0
473.0,823.0
622.0,823.0
917.0,823.0
972.0,823.0
225.0,823.0
579.0,823.0
801.0,823.0
158.0,823.0
9.0,823.0
162.0,823.0
587.0,823.0
766.0,823.0
720.0,824.0
985.0,824.0
657.0,824.0
444.0,824.0
799.0,824.0
794.0,824.0
268.0,824.0
74.0,824.0
920.0,824.0
659.0,824.0
478.0,824.0
82.0,824.0
105.0,825.0
33.0,825.0
908.0,825.0
410.0,825.0
135.0,825.0
482.0,825.0
519.0,825.0
965.0,825.0
820.0,825.0
160.0,825.0
648.0,825.0
198.0,825.0
463.0,826.0
837.0,826.0
142.0,826.0
893.0,826.0
419.0,826.0
40.0,826.0
207.0,826.0
250.0,826.0
304.0,826.0
987.0,826.0
989.0,826.0
528.0,826.0
990.0,827.0
998.0,827.0
911.0,827.0
873.0,827.0
857.0,827.0
843.0,827.0
272.0,827.0
956.0,827.0
580.0,827.0
724.0,827.0
226.0,827.0
940.0,827.0
512.0,828.0
1022.0,828.0
572.0,828.0
839.0,828.0
220.0,828.0
176.0,828.0
349.0,828.0
269.0,828.0
662.0,828.0
699.0,828.0
1020.0,828.0
29.0,828.0
322.0,829.0
737.0,829.0
512.0,829.0
336.0,829.0
765.0,829.0
38.0,829.0
354.0,829.0
587.0,829.0
517.0,829.0
300.0,829.0
767.0,829.0
284.0,829.0
907.0,830.0
931.0,830.0
310.0,830.0
756.0,830.0
1008.0,830.0
846.0,830.0
874.0,830.0
974.0,830.0
66.0,830.0
481.0,830.0
624.0,830.0
773.0,830.0
880.0,831.0
903.0,831.0
116.0,831.0
207.0,831.0
90.0,831.0
218.0,831.0
174.0,831.0
56.0,831.0
923.0,831.0
305.0,831.0
148.0,831.0
775.0,831.0
1008.0,832.0
575.0,832.0
715.0,832.0
509.0,832.0
244.0,832.0
975.0,832.0
296.0,832.0
4.0,832.0
924.0,832.0
342.0,832.0
545.0,832.0
959.0,832.0
2.0,833.0
246.0,833.0
309.0,833.0
711.0,833.0
247.0,833.0
183.0,833.0
940.0,833.0
181.0,833.0
401.0,833.0
7.0,833.0
589.0,833.0
645.0,833.0
698.0,834.0
705.0,834.0
1000.0,834.0
864.0,834.0
522.0,834.0
330.0,834.0
987.0,834.0
972.0,834.0
932.0,834.0
809.0,834.0
648.0,834.0
400.0,834.0
524.0,835.0
739.0,835.0
805.0,835.0
158.0,835.0
481.0,835.0
330.0,835.0
210.0,835.0
164.0,835.0
862.0,835.0
167.0,835.0
208.0,835.0
972.0,835.0
494.0,836.0
707.0,836.0
778.0,836.0
87.0,836.0
587.0,836.0
185.0,836.0
97.0,836.0
345.0,836.0
109.0,836.0
895.0,836.0
853.0,836.0
50.0,836.0
707.0,837.0
286.0,837.0
87.0,837.0
668.0,837.0
431.0,837.0
586.0,837.0
126.0,837.0
958.0,837.0
748.0,837.0
279.0,837.0
992.0,837.0
884.0,837.0
744.0,838.0
867.0,838.0
539.0,838.0
655.0,838.0
75.0,838.0
307.0,838.0
787.0,838.0
44.0,838.0
208.0,838.0
34.0,838.0
191.0,838.0
0.0,838.0
976.0,839.0
126.0,839.0
980.0,839.0
679.0,839.0
755.0,839.0
992.0,839.0
799.0,839.0
107.0,839.0
117.0,839.0
327.0,839.0
640.0,839.0
24.0,839.0
196.0,840.0
834.0,840.0
581.0,840.0
356.0,840.0
612.0,840.0
779.0,840.0
367.0,840.0
300.0,840.0
219.0,840.0
1018.0,840.0
861.0,840.0
46.0,840.0
899.0,841.0
365.0,841.0
342.0,841.0
520.0,841.0
415.0,841.0
349.0,841.0
676.0,841.0
89.0,841.0
26.0,841.0
459.0,841.0
604.0,841.0
382.0,841.0
1020.0,842.0
981.0,842.0
602.0,842.0
718.0,842.0
715.0,842.0
64.0,842.0
197.0,842.0
749.0,842.0
672.0,842.0
237.0,842.0
179.0,842.0
287.0,842.0
936.0,843.0
343.0,843.0
325.0,843.0
776.0,843.0
879.0,843.0
475.0,843.0
488.0,843.0
994.0,843.0
305.0,843.0
585.0,843.0
207.0,843.0
470.0,843.0
862.0,844.0
1027.0,844.0
424.0,844.0
307.0,844.0
462.0,844.0
659.0,844.0
883.0,844.0
512.0,844.0
221.0,844.0
706.0,844.0
900.0,844.0
291.0,844.0
736.0,845.0
420.0,845.0
835.0,845.0
228.0,845.0
168.0,845.0
970.0,845.0
119.0,845.0
787.0,845.0
1008.0,845.0
1000.0,845.0
55.0,845.0
410.0,845.0
378.0,846.0
353.0,846.0
869.0,846.0
319.0,846.0
1009.0,846.0
450.0,846.0
442.0,846.0
553.0,846.0
608.0,846.0
254.0,846.0
149.0,846.0
659.0,846.0
559.0,847.0
1019.0,847.0
69.0,847.0
408.0,847.0
350.0,847.0
867.0,847.0
938.0,847.0
175.0,847.0
658.0,847.0
607.0,847.0
744.0,847.0
1006.0,847.0
787.0,848.0
36.0,848.0
455.0,848.0
772.0,848.0
443.0,848.0
119.0,848.0
420.0,848.0
670.0,848.0
545.0,848.0
224.0,848.0
273.0,848.0
83.0,848.0
77.0,849.0
631.0,849.0
260.0,849.0
265.0,849.0
548.0,849.0
254.0,849.0
194.0,849.0
60.0,849.0
547.0,849.0
295.0,849.0
825.0,849.0
650.0,849.0
177.0,850.0
813.0,850.0
509.0,850.0
786.0,850.0
799.0,850.0
349.0,850.0
462.0,850.0
41.0,850.0
320.0,850.0
433.0,850.0
424.0,850.0
601.0,850.0
906.0,851.0
51.0,851.0
703.0,851.0
392.0,851.0
124.0,851.0
9.0,851.0
653.0,851.0
426.0,851.0
1018.0,851.0
195.0,851.0
46.0,851.0
170.0,851.0
167.0,852.0
862.0,852.0
955.0,852.0
793.0,852.0
581.0,852.0
678.0,852.0
542.0,852.0
434.0,852.0
500.0,852.0
527.0,852.0
815.0,852.0
427.0,852.0
790.0,853.0
695.0,853.0
607.0,853.0
232.0,853.0
736.0,853.0
102.0,853.0
847.0,853.0
830.0,853.0
834.0,853.0
815.0,853.0
163.0,853.0
299.0,853.0
788.0,854.0
116.0,854.0
419.0,854.0
559.0,854.0
750.0,854.0
583.0,854.0
11.0,854.0
493.0,854.0
598.0,854.0
981.0,854.0
998.0,854.0
291.0,854.0
113.0,855.0
161.0,855.0
389.0,855.0
518.0,855.0
230.0,855.0
101.0,855.0
1002.0,855.0
708.0,855.0
872.0,855.0
771.0,855.0
896.0,855.0
139.0,855.0
79.0,856.0
540.0,856.0
381.0,856.0
482.0,856.0
501.0,856.0
107.0,856.0
706.0,856.0
586.0,856.0
840.0,856.0
427.0,856.0
668.0,856.0
715.0,856.0
421.0,857.0
128.0,857.0
98.0,857.0
715.0,857.0
562.0,857.0
645.0,857.0
795.0,857.0
189.0,857.0
258.0,857.0
757.0,857.0
168.0,857.0
96.0,857.0
453.0,858.0
544.0,858.0
171.0,858.0
600.0,858.0
849.0,858.0
590.0,858.0
985.0,858.0
825.0,858.0
666.0,858.0
951.0,858.0
897.0,858.0
222.0,858.0
112.0,859.0
572.0,859.0
345.0,859.0
601.0,859.0
293.0,859.0
1.0,859.0
801.0,859.0
452.0,859.0
62.0,859.0
203.0,859.0
456.0,859.0
100.0,859.0
842.0,860.0
19.0,860.0
198.0,860.0
210.0,860.0
559.0,860.0
991.0,860.0
691.0,860.0
773.0,860.0
407.0,860.0
596.0,860.0
667.0,860.0
545.0,860.0
598.0,861.0
541.0,861.0
393.0,861.0
621.0,861.0
44.0,861.0
636.0,861.0
623.0,861.0
563.0,861.0
9.0,861.0
701.0,861.0
714.0,861.0
721.0,861.0
835.0,862.0
490.0,862.0
1027.0,862.0
117.0,862.0
361.0,862.0
809.0,862.0
228.0,862.0
179.0,862.0
622.0,862.0
330.0,862.0
308.0,862.0
853.0,862.0
640.0,863.0
571.0,863.0
442.0,863.0
296.0,863.0
210.0,863.0
352.0,863.0
38.0,863.0
204.0,863.0
334.0,863.0
907.0,863.0
408.0,863.0
438.0,863.0
949.0,864.0
46.0,864.0
231.0,864.0
79.0,864.0
274.0,864.0
383.0,864.0
789.0,864.0
129.0,864.0
481.0,864.0
34.0,864.0
38.0,864.0
682.0,864.0
42.0,865.0
736.0,865.0
51.0,865.0
252.0,865.0
1011.0,865.0
462.0,865.0
749.0,865.0
216.0,865.0
57.0,865.0
705.0,865.0
744.0,865.0
220.0,865.0
326.0,866.0
844.0,866.0
206.0,866.0
463.0,866.0
903.0,866.0
560.0,866.0
970.0,866.0
55.0,866.0
563.0,866.0
334.0,866.0
266.0,866.0
856.0,866.0
460.0,867.0
159.0,867.0
991.0,867.0
803.0,867.0
296.0,867.0
32.0,867.0
760.0,867.0
828.0,867.0
1031.0,867.0
866.0,867.0
362.0,867.0
652.0,867.0
329.0,868.0
248.0,868.0
725.0,868.0
961.0,868.0
755.0,868.0
567.0,868.0
479.0,868.0
637.0,868.0
352.0,868.0
710.0,868.0
1014.0,868.0
892.0,868.0
477.0,869.0
150.0,869.0
169.0,869.0
571.0,869.0
760.0,869.0
193.0,869.0
976.0,869.0
989.0,869.0
413.0,869.0
159.0,869.0
681.0,869.0
979.0,869.0
200.0,870.0
63.0,870.0
872.0,870.0
672.0,870.0
452.0,870.0
1.0,870.0
474.0,870.0
485.0,870.0
347.0,870.0
789.0,870.0
784.0,870.0
918.0,870.0
53.0,871.0
456.0,871.0
89.0,871.0
806.0,871.0
722.0,871.0
579.0,871.0
801.0,871.0
869.0,871.0
870.0,871.0
1023.0,871.0
559.0,871.0
158.0,871.0
712.0,872.0
763.0,872.0
878.0,872.0
372.0,872.0
10.0,872.0
208.0,872.0
244.0,872.0
200.0,872.0
354.0,872.0
616.0,872.0
145.0,872.0
394.0,872.0
171.0,873.0
1001.0,873.0
906.0,873.0
502.0,873.0
876.0,873.0
493.0,873.0
889.0,873.0
544.0,873.0
167.0,873.0
785.0,873.0
370.0,873.0
327.0,873.0
732.0,874.0
42.0,874.0
574.0,874.0
609.0,874.0
877.0,874.0
973.0,874.0
926.0,874.0
815.0,874.0
535.0,874.0
747.0,874.0
221.0,874.0
804.0,874.0
758.0,875.0
755.0,875.0
194.0,875.0
288.0,875.0
938.0,875.0
515.0,875.0
749.0,875.0
483.0,875.0
806.0,875.0
589.0,875.0
729.0,875.0
256.0,875.0
785.0,876.0
272.0,876.0
519.0,876.0
98.0,876.0
310.0,876.0
650.0,876.0
569.0,876.0
935.0,876.0
666.0,876.0
940.0,876.0
366.0,876.0
271.0,876.0
531.0,877.0
662.0,877.0
650.0,877.0
143.0,877.0
226.0,877.0
473.0,877.0
860.0,877.0
235.0,877.0
466.0,877.0
925.0,877.0
665.0,877.0
574.0,877.0
630.0,878.0
611.0,878.0
711.0,878.0
735.0,878.0
413.0,878.0
147.0,878.0
490.0,878.0
242.0,878.0
632.0,878.0
638.0,878.0
48.0,878.0
129.0,878.0
733.0,879.0
809.0,879.0
497.0,879.0
290.0,879.0
330.0,879.0
387.0,879.0
994.0,879.0
79.0,879.0
955.0,879.0
622.0,879.0
137.0,879.0
672.0,879.0
863.0,880.0
89.0,880.0
365.0,880.0
17.0,880.0
153.0,880.0
769.0,880.0
408.0,880.0
955.0,880.0
860.0,880.0
869.0,880.0
38.0,880.0
56.0,880.0
305.0,881.0
670.0,881.0
929.0,881.0
389.0,881.0
1012.0,881.0
205.0,881.0
207.0,881.0
340.0,881.0
890.0,881.0
343.0,881.0
288.0,881.0
519.0,881.0
927.0,882.0
877.0,882.0
1033.0,882.0
441.0,882.0
913.0,882.0
521.0,882.0
527.0,882.0
568.0,882.0
452.0,882.0
978.0,882.0
472.0,882.0
622.0,882.0
513.0,883.0
696.0,883.0
159.0,883.0
1008.0,883.0
874.0,883.0
608.0,883.0
945.0,883.0
407.0,883.0
565.0,883.0
243.0,883.0
267.0,883.0
736.0,883.0
574.0,884.0
867.0,884.0
1016.0,884.0
491.0,884.0
718.0,884.0
198.0,884.0
222.0,884.0
143.0,884.0
421.0,884.0
431.0,884.0
820.0,884.0
948.0,884.0
350.0,885.0
613.0,885.0
782.0,885.0
180.0,885.0
305.0,885.0
716.0,885.0
448.0,885.0
406.0,885.0
1034.0,885.0
571.0,885.0
843.0,885.0
306.0,885.0
638.0,886.0
295.0,886.0
340.0,886.0
570.0,886.0
498.0,886.0
883.0,886.0
275.0,886.0
489.0,886.0
300.0,886.0
265.0,886.0
891.0,886.0
271.0,886.0
1019.0,887.0
193.0,887.0
361.0,887.0
667.0,887.0
184.0,887.0
889.0,887.0
30.0,887.0
23.0,887.0
923.0,887.0
1035.0,887.0
307.0,887.0
603.0,887.0
484.0,888.0
490.0,888.0
640.0,888.0
872.0,888.0
1015.0,888.0
828.0,888.0
954.0,888.0
87.0,888.0
438.0,888.0
146.0,888.0
934.0,888.0
365.0,888.0
874.0,889.0
877.0,889.0
290.0,889.0
569.0,889.0
383.0,889.0
66.0,889.0
13.0,889.0
258.0,889.0
730.0,889.0
759.0,889.0
96.0,889.0
344.0,889.0
707.0,890.0
130.0,890.0
374.0,890.0
326.0,890.0
844.0,890.0
334.0,890.0
357.0,890.0
361.0,890.0
304.0,890.0
687.0,890.0
643.0,890.0
78.0,890.0
653.0,891.0
915.0,891.0
453.0,891.0
541.0,891.0
312.0,891.0
898.0,891.0
809.0,891.0
950.0,891.0
969.0,891.0
223.0,891.0
600.0,891.0
1001.0,891.0
614.0,892.0
184.0,892.0
664.0,892.0
53.0,892.0
828.0,892.0
996.0,892.0
1034.0,892.0
586.0,892.0
136.0,892.0
452.0,892.0
43.0,892.0
980.0,892.0
146.0,893.0
266.0,893.0
373.0,893.0
122.0,893.0
723.0,893.0
1005.0,893.0
90.0,893.0
116.0,893.0
568.0,893.0
151.0,893.0
20.0,893.0
414.0,893.0
515.0,894.0
436.0,894.0
684.0,894.0
189.0,894.0
463.0,894.0
374.0,894.0
276.0,894.0
4.0,894.0
996.0,894.0
907.0,894.0
932.0,894.0
1029.0,894.0
54.0,895.0
127.0,895.0
700.0,895.0
540.0,895.0
66.0,895.0
539.0,895.0
411.0,895.0
805.0,895.0
991.0,895.0
360.0,895.0
711.0,895.0
921.0,895.0
1019.0,896.0
953.0,896.0
329.0,896.0
681.0,896.0
563.0,896.0
500.0,896.0
660.0,896.0
398.0,896.0
820.0,896.0
107.0,896.0
607.0,896.0
699.0,896.0
741.0,897.0
692.0,897.0
412.0,897.0
781.0,897.0
363.0,897.0
160.0,897.0
213.0,897.0
181.0,897.0
295.0,897.0
136.0,897.0
1017.0,897.0
436.0,897.0
18.0,898.0
915.0,898.0
734.0,898.0
1018.0,898.0
479.0,898.0
906.0,898.0
785.0,898.0
544.0,898.0
524.0,898.0
783.0,898.0
34.0,898.0
355.0,898.0
403.0,899.0
321.0,899.0
757.0,899.0
89.0,899.0
68.0,899.0
179.0,899.0
737.0,899.0
484.0,899.0
620.0,899.0
132.0,899.0
1004.0,899.0
459.0,899.0
287.0,900.0
558.0,900.0
0.0,900.0
187.0,900.0
662.0,900.0
130.0,900.0
748.0,900.0
504.0,900.0
291.0,900.0
170.0,900.0
543.0,900.0
218.0,900.0
34.0,901.0
1018.0,901.0
391.0,901.0
590.0,901.0
544.0,901.0
824.0,901.0
714.0,901.0
171.0,901.0
302.0,901.0
736.0,901.0
60.0,901.0
791.0,901.0
61.0,902.0
208.0,902.0
221.0,902.0
418.0,902.0
1010.0,902.0
283.0,902.0
754.0,902.0
318.0,902.0
705.0,902.0
690.0,902.0
1027.0,902.0
298.0,902.0
182.0,903.0
986.0,903.0
912.0,903.0
278.0,903.0
712.0,903.0
142.0,903.0
368.0,903.0
59.0,903.0
102.0,903.0
1008.0,903.0
29.0,903.0
713.0,903.0
987.0,904.0
461.0,904.0
177.0,904.0
88.0,904.0
200.0,904.0
811.0,904.0
760.0,904.0
1026.0,904.0
982.0,904.0
293.0,904.0
804.0,904.0
63.0,904.0
12.0,905.0
916.0,905.0
393.0,905.0
308.0,905.0
233.0,905.0
193.0,905.0
466.0,905.0
435.0,905.0
319.0,905.0
252.0,905.0
383.0,905.0
829.0,905.0
910.0,906.0
565.0,906.0
674.0,906.0
455.0,906.0
457.0,906.0
813.0,906.0
514.0,906.0
202.0,906.0
300.0,906.0
366.0,906.0
894.0,906.0
920.0,906.0
584.0,907.0
335.0,907.0
473.0,907.0
558.0,907.0
862.0,907.0
44.0,907.0
609.0,907.0
530.0,907.0
140.0,907.0
217.0,907.0
718.0,907.0
56.0,907.0
22.0,908.0
772.0,908.0
674.0,908.0
831.0,908.0
1001.0,908.0
176.0,908.0
32.0,908.0
1014.0,908.0
430.0,908.0
519.0,908.0
777.0,908.0
511.0,908.0
377.0,909.0
372.0,909.0
1024.0,909.0
873.0,909.0
694.0,909.0
143.0,909.0
908.0,909.0
807.0,909.0
386.0,909.0
838.0,909.0
366.0,909.0
495.0,909.0
202.0,910.0
438.0,910.0
920.0,910.0
275.0,910.0
183.0,910.0
807.0,910.0
494.0,910.0
60.0,910.0
785.0,910.0
887.0,910.0
380.0,910.0
541.0,910.0
775.0,911.0
580.0,911.0
213.0,911.0
971.0,911.0
598.0,911.0
13.0,911.0
355.0,911.0
810.0,911.0
928.0,911.0
207.0,911.0
881.0,911.0
496.0,911.0
89.0,912.0
942.0,912.0
431.0,912.0
258.0,912.0
214.0,912.0
687.0,912.0
527.0,912.0
30.0,912.0
552.0,912.0
609.0,912.0
78.0,912.0
318.0,912.0
504.0,913.0
279.0,913.0
560.0,913.0
718.0,913.0
1006.0,913.0
157.0,913.0
914.0,913.0
497.0,913.0
146.0,913.0
155.0,913.0
744.0,913.0
592.0,913.0
810.0,914.0
412.0,914.0
908.0,914.0
258.0,914.0
281.0,914.0
510.0,914.0
1022.0,914.0
59.0,914.0
847.0,914.0
857.0,914.0
212.0,914.0
421.0,914.0
808.0,915.0
864.0,915.0
983.0,915.0
529.0,915.0
851.0,915.0
195.0,915.0
265.0,915.0
312.0,915.0
96.0,915.0
0.0,915.0
81.0,915.0
18.0,915.0
938.0,916.0
428.0,916.0
378.0,916.0
130.0,916.0
953.0,916.0
1008.0,916.0
921.0,916.0
705.0,916.0
594.0,916.0
30.0,916.0
787.0,916.0
462.0,916.0
791.0,917.0
264.0,917.0
446.0,917.0
527.0,917.0
509.0,917.0
870.0,917.0
602.0,917.0
485.0,917.0
345.0,917.0
452.0,917.0
221.0,917.0
918.0,917.0
663.0,918.0
237.0,918.0
576.0,918.0
278.0,918.0
862.0,918.0
640.0,918.0
587.0,918.0
999.0,918.0
101.0,918.0
19.0,918.0
441.0,918.0
88.0,918.0
985.0,919.0
690.0,919.0
286.0,919.0
151.0,919.0
168.0,919.0
268.0,919.0
744.0,919.0
970.0,919.0
149.0,919.0
172.0,919.0
582.0,919.0
319.0,919.0
502.0,920.0
416.0,920.0
233.0,920.0
241.0,920.0
743.0,920.0
175.0,920.0
44.0,920.0
507.0,920.0
1013.0,920.0
749.0,920.0
697.0,920.0
834.0,920.0
346.0,921.0
1031.0,921.0
525.0,921.0
367.0,921.0
111.0,921.0
849.0,921.0
705.0,921.0
363.0,921.0
787.0,921.0
71.0,921.0
73.0,921.0
835.0,921.0
504.0,922.0
157.0,922.0
513.0,922.0
553.0,922.0
990.0,922.0
1014.0,922.0
733.0,922.0
483.0,922.0
270.0,922.0
682.0,922.0
913.0,922.0
719.0,922.0
753.0,923.0
119.0,923.0
29.0,923.0
261.0,923.0
1010.0,923.0
511.0,923.0
283.0,923.0
339.0,923.0
220.0,923.0
380.0,923.0
89.0,923.0
30.0,923.0
821.0,924.0
745.0,924.0
785.0,924.0
79.0,924.0
261.0,924.0
479.0,924.0
813.0,924.0
740.0,924.0
857.0,924.0
1019.0,924.0
923.0,924.0
1017.0,924.0
12.0,925.0
773.0,925.0
896.0,925.0
353.0,925.0
430.0,925.0
974.0,925.0
427.0,925.0
130.0,925.0
539.0,925.0
928.0,925.0
78.0,925.0
684.0,925.0
83.0,926.0
1019.0,926.0
777.0,926.0
850.0,926.0
466.0,926.0
880.0,926.0
276.0,926.0
546.0,926.0
380.0,926.0
475.0,926.0
512.0,926.0
431.0,926.0
547.0,927.0
922.0,927.0
1002.0,927.0
252.0,927.0
693.0,927.0
865.0,927.0
395.0,927.0
141.0,927.0
1010.0,927.0
648.0,927.0
517.0,927.0
158.0,927.0
288.0,928.0
880.0,928.0
159.0,928.0
965.0,928.0
531.0,928.0
866.0,928.0
455.0,928.0
188.0,928.0
888.0,928.0
670.0,928.0
948.0,928.0
897.0,928.0
172.0,929.0
547.0,929.0
23.0,929.0
511.0,929.0
686.0,929.0
621.0,929.0
684.0,929.0
327.0,929.0
126.0,929.0
224.0,929.0
956.0,929.0
890.0,929.0
868.0,930.0
71.0,930.0
855.0,930.0
693.0,930.0
413.0,930.0
667.0,930.0
518.0,930.0
542.0,930.0
601.0,930.0
821.0,930.0
680.0,930.0
715.0,930.0
361.0,931.0
718.0,931.0
595.0,931.0
258.0,931.0
912.0,931.0
925.0,931.0
736.0,931.0
111.0,931.0
127.0,931.0
146.0,931.0
746.0,931.0
483.0,931.0
438.0,932.0
502.0,932.0
522.0,932.0
1016.0,932.0
332.0,932.0
107.0,932.0
445.0,932.0
318.0,932.0
700.0,932.0
599.0,932.0
431.0,932.0
474.0,932.0
533.0,933.0
607.0,933.0
665.0,933.0
331.0,933.0
584.0,933.0
581.0,933.0
795.0,933.0
1004.0,933.0
284.0,933.0
612.0,933.0
586.0,933.0
15.0,933.0
78.0,934.0
352.0,934.0
903.0,934.0
987.0,934.0
342.0,934.0
294.0,934.0
763.0,934.0
276.0,934.0
601.0,934.0
327.0,934.0
61.0,934.0
961.0,934.0
780.0,935.0
111.0,935.0
1035.0,935.0
897.0,935.0
902.0,935.0
33.0,935.0
949.0,935.0
256.0,935.0
590.0,935.0
455.0,935.0
323.0,935.0
178.0,935.0
142.0,936.0
726.0,936.0
207.0,936.0
720.0,936.0
236.0,936.0
585.0,936.0
1022.0,936.0
212.0,936.0
444.0,936.0
831.0,936.0
23.0,936.0
716.0,936.0
379.0,937.0
810.0,937.0
598.0,937.0
939.0,937.0
845.0,937.0
942.0,937.0
990.0,937.0
7.0,937.0
494.0,937.0
817.0,937.0
960.0,937.0
1016.0,937.0
149.0,938.0
206.0,938.0
845.0,938.0
974.0,938.0
83.0,938.0
33.0,938.0
670.0,938.0
32.0,938.0
1031.0,938.0
912.0,938.0
361.0,938.0
794.0,938.0
538.0,939.0
763.0,939.0
834.0,939.0
351.0,939.0
57.0,939.0
821.0,939.0
146.0,939.0
706.0,939.0
329.0,939.0
65.0,939.0
728.0,939.0
778.0,939.0
465.0,940.0
74.0,940.0
752.0,940.0
723.0,940.0
875.0,940.0
453.0,940.0
621.0,940.0
962.0,940.0
828.0,940.0
780.0,940.0
496.0,940.0
526.0,940.0
296.0,941.0
939.0,941.0
615.0,941.0
452.0,941.0
110.0,941.0
769.0,941.0
904.0,941.0
680.0,941.0
467.0,941.0
713.0,941.0
866.0,941.0
821.0,941.0
417.0,942.0
524.0,942.0
56.0,942.0
662.0,942.0
50.0,942.0
837.0,942.0
539.0,942.0
15.0,942.0
220.0,942.0
411.0,942.0
368.0,942.0
167.0,942.0
750.0,943.0
682.0,943.0
893.0,943.0
419.0,943.0
569.0,943.0
305.0,943.0
892.0,943.0
962.0,943.0
256.0,943.0
488.0,943.0
64.0,943.0
90.0,943.0
56.0,944.0
599.0,944.0
76.0,944.0
732.0,944.0
430.0,944.0
157.0,944.0
196.0,944.0
378.0,944.0
662.0,944.0
865.0,944.0
72.0,944.0
570.0,944.0
938.0,945.0
193.0,945.0
331.0,945.0
537.0,945.0
491.0,945.0
821.0,945.0
494.0,945.0
157.0,945.0
154.0,945.0
189.0,945.0
782.0,945.0
707.0,945.0
956.0,946.0
1016.0,946.0
440.0,946.0
361.0,946.0
389.0,946.0
131.0,946.0
269.0,946.0
143.0,946.0
857.0,946.0
479.0,946.0
712.0,946.0
586.0,946.0
924.0,947.0
980.0,947.0
26.0,947.0
759.0,947.0
518.0,947.0
728.0,947.0
484.0,947.0
979.0,947.0
71.0,947.0
417.0,947.0
407.0,947.0
54.0,947.0
803.0,948.0
773.0,948.0
283.0,948.0
269.0,948.0
182.0,948.0
332.0,948.0
32.0,948.0
933.0,948.0
313.0,948.0
380.0,948.0
170.0,948.0
942.0,948.0
313.0,949.0
49.0,949.0
910.0,949.0
123.0,949.0
730.0,949.0
696.0,949.0
844.0,949.0
546.0,949.0
220.0,949.0
170.0,949.0
625.0,949.0
743.0,949.0
357.0,950.0
538.0,950.0
921.0,950.0
887.0,950.0
224.0,950.0
954.0,950.0
436.0,950.0
916.0,950.0
6.0,950.0
586.0,950.0
154.0,950.0
335.0,950.0
849.0,951.0
730.0,951.0
594.0,951.0
858.0,951.0
247.0,951.0
758.0,951.0
346.0,951.0
453.0,951.0
990.0,951.0
908.0,951.0
301.0,951.0
702.0,951.0
584.0,952.0
638.0,952.0
76.0,952.0
323.0,952.0
1018.0,952.0
580.0,952.0
222.0,952.0
1024.0,952.0
250.0,952.0
317.0,952.0
12.0,952.0
825.0,952.0
359.0,953.0
536.0,953.0
174.0,953.0
748.0,953.0
477.0,953.0
112.0,953.0
417.0,953.0
16.0,953.0
874.0,953.0
931.0,953.0
977.0,953.0
475.0,953.0
335.0,954.0
1020.0,954.0
651.0,954.0
84.0,954.0
900.0,954.0
874.0,954.0
499.0,954.0
566.0,954.0
608.0,954.0
217.0,954.0
486.0,954.0
1016.0,954.0
299.0,955.0
316.0,955.0
212.0,955.0
67.0,955.0
6.0,955.0
179.0,955.0
198.0,955.0
649.0,955.0
500.0,955.0
484.0,955.0
934.0,955.0
830.0,955.0
940.0,956.0
117.0,956.0
6.0,956.0
154.0,956.0
445.0,956.0
788.0,956.0
311.0,956.0
169.0,956.0
32.0,956.0
210.0,956.0
611.0,956.0
945.0,956.0
242.0,957.0
149.0,957.0
143.0,957.0
526.0,957.0
188.0,957.0
468.0,957.0
305.0,957.0
488.0,957.0
425.0,957.0
520.0,957.0
406.0,957.0
843.0,957.0
161.0,958.0
114.0,958.0
253.0,958.0
490.0,958.0
947.0,958.0
640.0,958.0
903.0,958.0
193.0,958.0
996.0,958.0
143.0,958.0
350.0,958.0
226.0,958.0
366.0,959.0
756.0,959.0
504.0,959.0
584.0,959.0
261.0,959.0
191.0,959.0
155.0,959.0
931.0,959.0
168.0,959.0
414.0,959.0
244.0,959.0
22.0,959.0
84.0,960.0
952.0,960.0
732.0,960.0
931.0,960.0
729.0,960.0
135.0,960.0
992.0,960.0
70.0,960.0
440.0,960.0
515.0,960.0
226.0,960.0
620.0,960.0
290.0,961.0
360.0,961.0
552.0,961.0
852.0,961.0
927.0,961.0
821.0,961.0
913.0,961.0
1009.0,961.0
127.0,961.0
91.0,961.0
68.0,961.0
436.0,961.0
974.0,962.0
184.0,962.0
381.0,962.0
69.0,962.0
90.0,962.0
157.0,962.0
938.0,962.0
508.0,962.0
745.0,962.0
180.0,962.0
998.0,962.0
853.0,962.0
702.0,963.0
621.0,963.0
90.0,963.0
285.0,963.0
160.0,963.0
74.0,963.0
729.0,963.0
943.0,963.0
565.0,963.0
981.0,963.0
940.0,963.0
45.0,963.0
557.0,964.0
756.0,964.0
612.0,964.0
796.0,964.0
291.0,964.0
29.0,964.0
790.0,964.0
584.0,964.0
449.0,964.0
895.0,964.0
159.0,964.0
554.0,964.0
554.0,965.0
412.0,965.0
894.0,965.0
747.0,965.0
303.0,965.0
818.0,965.0
896.0,965.0
369.0,965.0
901.0,965.0
138.0,965.0
816.0,965.0
220.0,965.0
352.0,966.0
71.0,966.0
321.0,966.0
691.0,966.0
972.0,966.0
65.0,966.0
978.0,966.0
161.0,966.0
371.0,966.0
1010.0,966.0
500.0,966.0
836.0,966.0
655.0,967.0
9.0,967.0
61.0,967.0
454.0,967.0
803.0,967.0
863.0,967.0
4.0,967.0
1027.0,967.0
944.0,967.0
368.0,967.0
105.0,967.0
624.0,967.0
446.0,968.0
400.0,968.0
85.0,968.0
663.0,968.0
62.0,968.0
498.0,968.0
53.0,968.0
101.0,968.0
46.0,968.0
452.0,968.0
988.0,968.0
894.0,968.0
4.0,969.0
67.0,969.0
331.0,969.0
322.0,969.0
187.0,969.0
838.0,969.0
883.0,969.0
967.0,969.0
442.0,969.0
507.0,969.0
686.0,969.0
501.0,969.0
298.0,970.0
176.0,970.0
614.0,970.0
667.0,970.0
664.0,970.0
195.0,970.0
559.0,970.0
56.0,970.0
1004.0,970.0
756.0,970.0
374.0,970.0
640.0,970.0
828.0,971.0
514.0,971.0
623.0,971.0
1019.0,971.0
686.0,971.0
114.0,971.0
167.0,971.0
554.0,971.0
523.0,971.0
534.0,971.0
384.0,971.0
267.0,971.0
216.0,972.0
830.0,972.0
164.0,972.0
713.0,972.0
153.0,972.0
162.0,972.0
852.0,972.0
165.0,972.0
853.0,972.0
486.0,972.0
672.0,972.0
219.0,972.0
443.0,973.0
746.0,973.0
732.0,973.0
1019.0,973.0
773.0,973.0
573.0,973.0
827.0,973.0
736.0,973.0
513.0,973.0
425.0,973.0
749.0,973.0
710.0,973.0
75.0,974.0
598.0,974.0
98.0,974.0
929.0,974.0
149.0,974.0
855.0,974.0
906.0,974.0
156.0,974.0
224.0,974.0
552.0,974.0
228.0,974.0
440.0,974.0
903.0,975.0
308.0,975.0
389.0,975.0
372.0,975.0
176.0,975.0
931.0,975.0
108.0,975.0
586.0,975.0
143.0,975.0
781.0,975.0
1006.0,975.0
574.0,975.0
632.0,976.0
530.0,976.0
72.0,976.0
553.0,976.0
967.0,976.0
484.0,976.0
863.0,976.0
605.0,976.0
607.0,976.0
9.0,976.0
923.0,976.0
168.0,976.0
884.0,977.0
544.0,977.0
578.0,977.0
150.0,977.0
214.0,977.0
808.0,977.0
151.0,977.0
103.0,977.0
671.0,977.0
623.0,977.0
765.0,977.0
1025.0,977.0
578.0,978.0
276.0,978.0
824.0,978.0
608.0,978.0
430.0,978.0
1020.0,978.0
309.0,978.0
486.0,978.0
538.0,978.0
166.0,978.0
584.0,978.0
146.0,978.0
415.0,979.0
934.0,979.0
724.0,979.0
895.0,979.0
760.0,979.0
921.0,979.0
175.0,979.0
445.0,979.0
558.0,979.0
573.0,979.0
828.0,979.0
522.0,979.0
113.0,980.0
19.0,980.0
349.0,980.0
43.0,980.0
269.0,980.0
238.0,980.0
750.0,980.0
150.0,980.0
382.0,980.0
813.0,980.0
41.0,980.0
534.0,980.0
619.0,981.0
528.0,981.0
874.0,981.0
154.0,981.0
475.0,981.0
847.0,981.0
979.0,981.0
580.0,981.0
757.0,981.0
288.0,981.0
553.0,981.0
204.0,981.0
277.0,982.0
801.0,982.0
657.0,982.0
229.0,982.0
505.0,982.0
1025.0,982.0
103.0,982.0
133.0,982.0
60.0,982.0
948.0,982.0
622.0,982.0
163.0,982.0
261.0,983.0
590.0,983.0
295.0,983.0
881.0,983.0
582.0,983.0
913.0,983.0
633.0,983.0
257.0,983.0
453.0,983.0
391.0,983.0
751.0,983.0
175.0,983.0
551.0,984.0
678.0,984.0
466.0,984.0
131.0,984.0
227.0,984.0
807.0,984.0
909.0,984.0
738.0,984.0
783.0,984.0
816.0,984.0
46.0,984.0
600.0,984.0
221.0,985.0
108.0,985.0
383.0,985.0
115.0,985.0
483.0,985.0
272.0,985.0
96.0,985.0
821.0,985.0
731.0,985.0
1024.0,985.0
359.0,985.0
222.0,985.0
499.0,986.0
749.0,986.0
711.0,986.0
852.0,986.0
215.0,986.0
607.0,986.0
723.0,986.0
519.0,986.0
907.0,986.0
303.0,986.0
563.0,986.0
384.0,986.0
584.0,987.0
484.0,987.0
980.0,987.0
571.0,987.0
292.0,987.0
994.0,987.0
415.0,987.0
781.0,987.0
1020.0,987.0
469.0,987.0
981.0,987.0
725.0,987.0
345.0,988.0
593.0,988.0
966.0,988.0
840.0,988.0
185.0,988.0
329.0,988.0
791.0,988.0
462.0,988.0
930.0,988.0
871.0,988.0
456.0,988.0
1021.0,988.0
673.0,989.0
206.0,989.0
807.0,989.0
684.0,989.0
383.0,989.0
515.0,989.0
149.0,989.0
44.0,989.0
1016.0,989.0
808.0,989.0
894.0,989.0
484.0,989.0
908.0,990.0
363.0,990.0
985.0,990.0
621.0,990.0
175.0,990.0
724.0,990.0
1017.0,990.0
497.0,990.0
445.0,990.0
128.0,990.0
928.0,990.0
126.0,990.0
830.0,991.0
146.0,991.0
217.0,991.0
749.0,991.0
773.0,991.0
944.0,991.0
309.0,991.0
856.0,991.0
665.0,991.0
301.0,991.0
865.0,991.0
157.0,991.0
775.0,992.0
926.0,992.0
817.0,992.0
83.0,992.0
254.0,992.0
662.0,992.0
266.0,992.0
620.0,992.0
1035.0,992.0
522.0,992.0
218.0,992.0
748.0,992.0
561.0,993.0
834.0,993.0
345.0,993.0
946.0,993.0
133.0,993.0
338.0,993.0
481.0,993.0
699.0,993.0
553.0,993.0
441.0,993.0
309.0,993.0
502.0,993.0
283.0,994.0
360.0,994.0
361.0,994.0
964.0,994.0
846.0,994.0
479.0,994.0
9.0,994.0
301.0,994.0
368.0,994.0
1008.0,994.0
764.0,994.0
560.0,994.0
487.0,995.0
346.0,995.0
885.0,995.0
887.0,995.0
534.0,995.0
819.0,995.0
304.0,995.0
239.0,995.0
173.0,995.0
15.0,995.0
963.0,995.0
536.0,995.0
894.0,996.0
67.0,996.0
705.0,996.0
722.0,996.0
15.0,996.0
565.0,996.0
242.0,996.0
0.0,996.0
923.0,996.0
55.0,996.0
552.0,996.0
20.0,996.0
118.0,997.0
729.0,997.0
905.0,997.0
323.0,997.0
881.0,997.0
658.0,997.0
81.0,997.0
965.0,997.0
743.0,997.0
265.0,997.0
194.0,997.0
76.0,997.0
80.0,998.0
263.0,998.0
174.0,998.0
83.0,998.0
207.0,998.0
508.0,998.0
421.0,998.0
526.0,998.0
236.0,998.0
962.0,998.0
385.0,998.0
425.0,998.0
811.0,999.0
389.0,999.0
140.0,999.0
287.0,999.0
637.0,999.0
162.0,999.0
675.0,999.0
554.0,999.0
406.0,999.0
145.0,999.0
209.0,999.0
1.0,999.0
656.0,1000.0
888.0,1000.0
31.0,1000.0
1020.0,1000.0
326.0,1000.0
895.0,1000.0
463.0,1000.0
724.0,1000.0
640.0,1000.0
907.0,1000.0
126.0,1000.0
835.0,1000.0
33.0,1001.0
366.0,1001.0
60.0,1001.0
2.0,1001.0
1030.0,1001.0
816.0,1001.0
849.0,1001.0
574.0,1001.0
496.0,1001.0
36.0,1001.0
666.0,1001.0
294.0,1001.0
735.0,1002.0
309.0,1002.0
394.0,1002.0
664.0,1002.0
601.0,1002.0
364.0,1002.0
966.0,1002.0
278.0,1002.0
423.0,1002.0
17.0,1002.0
518.0,1002.0
154.0,1002.0
577.0,1003.0
42.0,1003.0
732.0,1003.0
292.0,1003.0
166.0,1003.0
553.0,1003.0
12.0,1003.0
175.0,1003.0
913.0,1003.0
729.0,1003.0
918.0,1003.0
570.0,1003.0
427.0,1004.0
976.0,1004.0
231.0,1004.0
345.0,1004.0
139.0,1004.0
706.0,1004.0
581.0,1004.0
978.0,1004.0
662.0,1004.0
466.0,1004.0
330.0,1004.0
438.0,1004.0
940.0,1005.0
860.0,1005.0
985.0,1005.0
84.0,1005.0
983.0,1005.0
511.0,1005.0
213.0,1005.0
1027.0,1005.0
477.0,1005.0
399.0,1005.0
893.0,1005.0
523.0,1005.0
797.0,1006.0
894.0,1006.0
987.0,1006.0
718.0,1006.0
463.0,1006.0
777.0,1006.0
343.0,1006.0
1007.0,1006.0
949.0,1006.0
781.0,1006.0
146.0,1006.0
69.0,1006.0
932.0,1007.0
163.0,1007.0
1016.0,1007.0
371.0,1007.0
66.0,1007.0
655.0,1007.0
73.0,1007.0
605.0,1007.0
166.0,1007.0
292.0,1007.0
442.0,1007.0
554.0,1007.0
578.0,1008.0
309.0,1008.0
283.0,1008.0
479.0,1008.0
220.0,1008.0
969.0,1008.0
541.0,1008.0
996.0,1008.0
431.0,1008.0
103.0,1008.0
760.0,1008.0
363.0,1008.0
163.0,1009.0
724.0,1009.0
942.0,1009.0
662.0,1009.0
4.0,1009.0
47.0,1009.0
946.0,1009.0
736.0,1009.0
334.0,1009.0
746.0,1009.0
323.0,1009.0
543.0,1009.0
977.0,1010.0
308.0,1010.0
916.0,1010.0
738.0,1010.0
713.0,1010.0
498.0,1010.0
678.0,1010.0
566.0,1010.0
648.0,1010.0
315.0,1010.0
49.0,1010.0
744.0,1010.0
17.0,1011.0
712.0,1011.0
668.0,1011.0
538.0,1011.0
461.0,1011.0
209.0,1011.0
637.0,1011.0
603.0,1011.0
834.0,1011.0
338.0,1011.0
423.0,1011.0
972.0,1011.0
731.0,1012.0
968.0,1012.0
932.0,1012.0
25.0,1012.0
226.0,1012.0
357.0,1012.0
837.0,1012.0
83.0,1012.0
1027.0,1012.0
545.0,1012.0
808.0,1012.0
221.0,1012.0
165.0,1013.0
244.0,1013.0
533.0,1013.0
922.0,1013.0
156.0,1013.0
224.0,1013.0
391.0,1013.0
573.0,1013.0
828.0,1013.0
1018.0,1013.0
817.0,1013.0
53.0,1013.0
740.0,1014.0
853.0,1014.0
69.0,1014.0
556.0,1014.0
603.0,1014.0
913.0,1014.0
76.0,1014.0
15.0,1014.0
228.0,1014.0
146.0,1014.0
659.0,1014.0
748.0,1014.0
665.0,1015.0
306.0,1015.0
321.0,1015.0
40.0,1015.0
66.0,1015.0
197.0,1015.0
437.0,1015.0
1034.0,1015.0
857.0,1015.0
247.0,1015.0
139.0,1015.0
30.0,1015.0
66.0,1016.0
640.0,1016.0
691.0,1016.0
938.0,1016.0
815.0,1016.0
925.0,1016.0
30.0,1016.0
417.0,1016.0
989.0,1016.0
494.0,1016.0
313.0,1016.0
924.0,1016.0
913.0,1017.0
136.0,1017.0
353.0,1017.0
733.0,1017.0
156.0,1017.0
723.0,1017.0
570.0,1017.0
436.0,1017.0
525.0,1017.0
377.0,1017.0
721.0,1017.0
747.0,1017.0
711.0,1018.0
906.0,1018.0
171.0,1018.0
209.0,1018.0
692.0,1018.0
1028.0,1018.0
886.0,1018.0
1010.0,1018.0
472.0,1018.0
66.0,1018.0
734.0,1018.0
118.0,1018.0
170.0,1019.0
1008.0,1019.0
281.0,1019.0
217.0,1019.0
951.0,1019.0
884.0,1019.0
524.0,1019.0
436.0,1019.0
972.0,1019.0
760.0,1019.0
805.0,1019.0
707.0,1019.0
934.0,1020.0
735.0,1020.0
9.0,1020.0
875.0,1020.0
923.0,1020.0
415.0,1020.0
154.0,1020.0
571.0,1020.0
554.0,1020.0
6.0,1020.0
149.0,1020.0
206.0,1020.0
394.0,1021.0
872.0,1021.0
364.0,1021.0
100.0,1021.0
93.0,1021.0
474.0,1021.0
973.0,1021.0
939.0,1021.0
871.0,1021.0
870.0,1021.0
161.0,1021.0
624.0,1021.0
987.0,1022.0
723.0,1022.0
782.0,1022.0
86.0,1022.0
448.0,1022.0
644.0,1022.0
613.0,1022.0
282.0,1022.0
488.0,1022.0
480.0,1022.0
827.0,1022.0
281.0,1022.0
440.0,1023.0
200.0,1023.0
235.0,1023.0
868.0,1023.0
228.0,1023.0
307.0,1023.0
1015.0,1023.0
297.0,1023.0
73.0,1023.0
351.0,1023.0
208.0,1023.0
67.0,1023.0
965.0,1024.0
1030.0,1024.0
787.0,1024.0
690.0,1024.0
545.0,1024.0
152.0,1024.0
76.0,1024.0
96.0,1024.0
138.0,1024.0
219.0,1024.0
642.0,1024.0
612.0,1024.0
284.0,1025.0
38.0,1025.0
947.0,1025.0
423.0,1025.0
865.0,1025.0
514.0,1025.0
208.0,1025.0
1024.0,1025.0
1027.0,1025.0
993.0,1025.0
903.0,1025.0
539.0,1025.0
293.0,1026.0
161.0,1026.0
380.0,1026.0
680.0,1026.0
240.0,1026.0
956.0,1026.0
868.0,1026.0
365.0,1026.0
437.0,1026.0
65.0,1026.0
727.0,1026.0
114.0,1026.0
837.0,1027.0
973.0,1027.0
1009.0,1027.0
22.0,1027.0
574.0,1027.0
795.0,1027.0
334.0,1027.0
609.0,1027.0
890.0,1027.0
440.0,1027.0
707.0,1027.0
42.0,1027.0
840.0,1028.0
736.0,1028.0
834.0,1028.0
327.0,1028.0
920.0,1028.0
22.0,1028.0
356.0,1028.0
734.0,1028.0
512.0,1028.0
377.0,1028.0
603.0,1028.0
643.0,1028.0
269.0,1029.0
360.0,1029.0
668.0,1029.0
299.0,1029.0
954.0,1029.0
217.0,1029.0
87.0,1029.0
691.0,1029.0
754.0,1029.0
105.0,1029.0
56.0,1029.0
307.0,1029.0
662.0,1030.0
921.0,1030.0
838.0,1030.0
319.0,1030.0
80.0,1030.0
115.0,1030.0
137.0,1030.0
655.0,1030.0
372.0,1030.0
70.0,1030.0
740.0,1030.0
472.0,1030.0
652.0,1031.0
533.0,1031.0
690.0,1031.0
553.0,1031.0
949.0,1031.0
102.0,1031.0
914.0,1031.0
332.0,1031.0
371.0,1031.0
590.0,1031.0
1035.0,1031.0
556.0,1031.0
64.0,1032.0
646.0,1032.0
526.0,1032.0
928.0,1032.0
480.0,1032.0
854.0,1032.0
419.0,1032.0
263.0,1032.0
963.0,1032.0
937.0,1032.0
827.0,1032.0
213.0,1032.0
62.0,1033.0
199.0,1033.0
822.0,1033.0
784.0,1033.0
934.0,1033.0
225.0,1033.0
100.0,1033.0
945.0,1033.0
904.0,1033.0
1025.0,1033.0
521.0,1033.0
485.0,1033.0
799.0,1034.0
328.0,1034.0
405.0,1034.0
644.0,1034.0
788.0,1034.0
473.0,1034.0
169.0,1034.0
439.0,1034.0
768.0,1034.0
795.0,1034.0
843.0,1034.0
425.0,1034.0
860.0,1035.0
353.0,1035.0
954.0,1035.0
756.0,1035.0
523.0,1035.0
286.0,1035.0
508.0,1035.0
332.0,1035.0
738.0,1035.0
1031.0,1035.0
482.0,1035.0
266.0,1035.0
