i,j
0.0,242.0
0.0,1011.0
0.0,514.0
0.0,224.0
0.0,1012.0
0.0,550.0
0.0,852.0
0.0,146.0
0.0,979.0
0.0,479.0
0.0,991.0
0.0,116.0
1.0,345.0
1.0,627.0
1.0,778.0
1.0,871.0
1.0,354.0
1.0,62.0
1.0,63.0
1.0,1033.0
1.0,162.0
1.0,123.0
1.0,823.0
1.0,611.0
2.0,741.0
2.0,122.0
2.0,402.0
2.0,535.0
2.0,410.0
2.0,794.0
2.0,989.0
2.0,591.0
2.0,7.0
2.0,589.0
2.0,247.0
2.0,702.0
3.0,754.0
3.0,1034.0
3.0,142.0
3.0,948.0
3.0,370.0
3.0,287.0
3.0,880.0
3.0,799.0
3.0,405.0
3.0,460.0
3.0,16.0
3.0,108.0
4.0,428.0
4.0,774.0
4.0,874.0
4.0,176.0
4.0,832.0
4.0,719.0
4.0,895.0
4.0,788.0
4.0,318.0
4.0,887.0
4.0,729.0
4.0,524.0
5.0,871.0
5.0,823.0
5.0,53.0
5.0,386.0
5.0,671.0
5.0,801.0
5.0,728.0
5.0,811.0
5.0,678.0
5.0,8.0
5.0,140.0
5.0,462.0
6.0,112.0
6.0,152.0
6.0,869.0
6.0,543.0
6.0,584.0
6.0,59.0
6.0,774.0
6.0,892.0
6.0,884.0
6.0,740.0
6.0,342.0
6.0,880.0
7.0,935.0
7.0,937.0
7.0,268.0
7.0,13.0
7.0,2.0
7.0,816.0
7.0,136.0
7.0,332.0
7.0,202.0
7.0,247.0
7.0,295.0
7.0,702.0
8.0,822.0
8.0,50.0
8.0,890.0
8.0,85.0
8.0,820.0
8.0,629.0
8.0,424.0
8.0,647.0
8.0,851.0
8.0,134.0
8.0,789.0
8.0,587.0
9.0,973.0
9.0,557.0
9.0,954.0
9.0,863.0
9.0,928.0
9.0,235.0
9.0,540.0
9.0,61.0
9.0,243.0
9.0,759.0
9.0,931.0
9.0,236.0
10.0,930.0
10.0,490.0
10.0,17.0
10.0,561.0
10.0,230.0
10.0,846.0
10.0,145.0
10.0,1026.0
10.0,437.0
10.0,790.0
10.0,177.0
10.0,92.0
11.0,737.0
11.0,491.0
11.0,163.0
11.0,723.0
11.0,943.0
11.0,135.0
11.0,311.0
11.0,2.0
11.0,1032.0
11.0,399.0
11.0,619.0
11.0,1024.0
12.0,599.0
12.0,905.0
12.0,874.0
12.0,900.0
12.0,879.0
12.0,834.0
12.0,235.0
12.0,578.0
12.0,496.0
12.0,501.0
12.0,296.0
12.0,805.0
13.0,256.0
13.0,179.0
13.0,764.0
13.0,383.0
13.0,519.0
13.0,952.0
13.0,535.0
13.0,148.0
13.0,560.0
13.0,442.0
13.0,35.0
13.0,908.0
14.0,20.0
14.0,141.0
14.0,721.0
14.0,851.0
14.0,910.0
14.0,333.0
14.0,836.0
14.0,521.0
14.0,46.0
14.0,551.0
14.0,915.0
14.0,376.0
15.0,607.0
15.0,996.0
15.0,370.0
15.0,203.0
15.0,497.0
15.0,357.0
15.0,974.0
15.0,894.0
15.0,581.0
15.0,530.0
15.0,279.0
15.0,511.0
16.0,401.0
16.0,731.0
16.0,591.0
16.0,430.0
16.0,862.0
16.0,142.0
16.0,69.0
16.0,857.0
16.0,640.0
16.0,523.0
16.0,152.0
16.0,507.0
17.0,624.0
17.0,598.0
17.0,111.0
17.0,261.0
17.0,145.0
17.0,397.0
17.0,121.0
17.0,760.0
17.0,209.0
17.0,56.0
17.0,675.0
17.0,464.0
18.0,256.0
18.0,202.0
18.0,300.0
18.0,489.0
18.0,783.0
18.0,714.0
18.0,295.0
18.0,1028.0
18.0,324.0
18.0,211.0
18.0,52.0
18.0,223.0
19.0,564.0
19.0,970.0
19.0,842.0
19.0,375.0
19.0,892.0
19.0,853.0
19.0,611.0
19.0,394.0
19.0,725.0
19.0,217.0
19.0,23.0
19.0,923.0
20.0,353.0
20.0,265.0
20.0,922.0
20.0,566.0
20.0,905.0
20.0,127.0
20.0,280.0
20.0,642.0
20.0,170.0
20.0,863.0
20.0,687.0
20.0,636.0
21.0,526.0
21.0,311.0
21.0,147.0
21.0,144.0
21.0,723.0
21.0,152.0
21.0,43.0
21.0,535.0
21.0,139.0
21.0,450.0
21.0,114.0
21.0,720.0
22.0,77.0
22.0,434.0
22.0,990.0
22.0,291.0
22.0,810.0
22.0,697.0
22.0,857.0
22.0,379.0
22.0,698.0
22.0,288.0
22.0,80.0
22.0,135.0
23.0,731.0
23.0,56.0
23.0,830.0
23.0,460.0
23.0,115.0
23.0,599.0
23.0,938.0
23.0,431.0
23.0,625.0
23.0,1020.0
23.0,735.0
23.0,620.0
24.0,211.0
24.0,206.0
24.0,72.0
24.0,996.0
24.0,907.0
24.0,743.0
24.0,648.0
24.0,1012.0
24.0,468.0
24.0,835.0
24.0,327.0
24.0,339.0
25.0,360.0
25.0,164.0
25.0,497.0
25.0,131.0
25.0,307.0
25.0,820.0
25.0,927.0
25.0,809.0
25.0,992.0
25.0,749.0
25.0,166.0
25.0,770.0
26.0,762.0
26.0,451.0
26.0,163.0
26.0,470.0
26.0,414.0
26.0,616.0
26.0,177.0
26.0,993.0
26.0,899.0
26.0,604.0
26.0,92.0
26.0,850.0
27.0,655.0
27.0,361.0
27.0,668.0
27.0,123.0
27.0,565.0
27.0,845.0
27.0,996.0
27.0,622.0
27.0,235.0
27.0,805.0
27.0,292.0
27.0,748.0
28.0,68.0
28.0,595.0
28.0,448.0
28.0,774.0
28.0,808.0
28.0,362.0
28.0,733.0
28.0,735.0
28.0,248.0
28.0,786.0
28.0,19.0
28.0,604.0
29.0,960.0
29.0,913.0
29.0,470.0
29.0,1009.0
29.0,220.0
29.0,384.0
29.0,1004.0
29.0,330.0
29.0,166.0
29.0,119.0
29.0,431.0
29.0,504.0
30.0,526.0
30.0,349.0
30.0,530.0
30.0,762.0
30.0,423.0
30.0,565.0
30.0,540.0
30.0,368.0
30.0,869.0
30.0,523.0
30.0,342.0
30.0,42.0
31.0,509.0
31.0,41.0
31.0,903.0
31.0,129.0
31.0,341.0
31.0,1020.0
31.0,225.0
31.0,614.0
31.0,955.0
31.0,798.0
31.0,715.0
31.0,137.0
32.0,61.0
32.0,149.0
32.0,581.0
32.0,811.0
32.0,773.0
32.0,946.0
32.0,658.0
32.0,1013.0
32.0,218.0
32.0,1016.0
32.0,765.0
32.0,1000.0
33.0,455.0
33.0,275.0
33.0,76.0
33.0,193.0
33.0,36.0
33.0,548.0
33.0,150.0
33.0,212.0
33.0,427.0
33.0,618.0
33.0,997.0
33.0,772.0
34.0,356.0
34.0,678.0
34.0,701.0
34.0,522.0
34.0,871.0
34.0,191.0
34.0,369.0
34.0,704.0
34.0,377.0
34.0,961.0
34.0,300.0
34.0,36.0
35.0,940.0
35.0,356.0
35.0,16.0
35.0,478.0
35.0,780.0
35.0,598.0
35.0,44.0
35.0,14.0
35.0,1028.0
35.0,806.0
35.0,886.0
35.0,4.0
36.0,331.0
36.0,156.0
36.0,256.0
36.0,428.0
36.0,408.0
36.0,929.0
36.0,560.0
36.0,831.0
36.0,268.0
36.0,661.0
36.0,23.0
36.0,464.0
37.0,761.0
37.0,692.0
37.0,661.0
37.0,353.0
37.0,488.0
37.0,78.0
37.0,402.0
37.0,135.0
37.0,951.0
37.0,875.0
37.0,272.0
37.0,849.0
38.0,992.0
38.0,191.0
38.0,928.0
38.0,337.0
38.0,743.0
38.0,668.0
38.0,489.0
38.0,104.0
38.0,498.0
38.0,1023.0
38.0,959.0
38.0,233.0
39.0,420.0
39.0,683.0
39.0,858.0
39.0,952.0
39.0,848.0
39.0,844.0
39.0,621.0
39.0,246.0
39.0,849.0
39.0,77.0
39.0,393.0
39.0,442.0
40.0,375.0
40.0,1034.0
40.0,630.0
40.0,114.0
40.0,352.0
40.0,403.0
40.0,676.0
40.0,800.0
40.0,248.0
40.0,980.0
40.0,468.0
40.0,892.0
41.0,992.0
41.0,505.0
41.0,68.0
41.0,353.0
41.0,715.0
41.0,430.0
41.0,177.0
41.0,964.0
41.0,1020.0
41.0,159.0
41.0,1009.0
41.0,146.0
42.0,368.0
42.0,252.0
42.0,662.0
42.0,244.0
42.0,620.0
42.0,253.0
42.0,552.0
42.0,629.0
42.0,514.0
42.0,131.0
42.0,284.0
42.0,397.0
43.0,180.0
43.0,348.0
43.0,695.0
43.0,92.0
43.0,375.0
43.0,726.0
43.0,320.0
43.0,350.0
43.0,745.0
43.0,774.0
43.0,716.0
43.0,468.0
44.0,883.0
44.0,735.0
44.0,256.0
44.0,719.0
44.0,151.0
44.0,82.0
44.0,15.0
44.0,396.0
44.0,651.0
44.0,205.0
44.0,191.0
44.0,154.0
45.0,978.0
45.0,509.0
45.0,811.0
45.0,164.0
45.0,568.0
45.0,418.0
45.0,105.0
45.0,426.0
45.0,647.0
45.0,927.0
45.0,822.0
45.0,351.0
46.0,901.0
46.0,471.0
46.0,14.0
46.0,915.0
46.0,150.0
46.0,704.0
46.0,331.0
46.0,367.0
46.0,195.0
46.0,792.0
46.0,422.0
46.0,703.0
47.0,427.0
47.0,491.0
47.0,438.0
47.0,1025.0
47.0,502.0
47.0,243.0
47.0,296.0
47.0,608.0
47.0,683.0
47.0,665.0
47.0,549.0
47.0,865.0
48.0,735.0
48.0,321.0
48.0,947.0
48.0,54.0
48.0,664.0
48.0,41.0
48.0,26.0
48.0,855.0
48.0,139.0
48.0,934.0
48.0,473.0
48.0,830.0
49.0,93.0
49.0,70.0
49.0,784.0
49.0,703.0
49.0,817.0
49.0,1010.0
49.0,432.0
49.0,521.0
49.0,793.0
49.0,506.0
49.0,1021.0
49.0,277.0
50.0,166.0
50.0,543.0
50.0,42.0
50.0,1016.0
50.0,353.0
50.0,698.0
50.0,538.0
50.0,950.0
50.0,324.0
50.0,803.0
50.0,258.0
50.0,318.0
51.0,283.0
51.0,492.0
51.0,835.0
51.0,662.0
51.0,374.0
51.0,993.0
51.0,0.0
51.0,20.0
51.0,992.0
51.0,216.0
51.0,383.0
51.0,949.0
52.0,789.0
52.0,568.0
52.0,638.0
52.0,610.0
52.0,898.0
52.0,792.0
52.0,891.0
52.0,14.0
52.0,103.0
52.0,643.0
52.0,454.0
52.0,1018.0
53.0,879.0
53.0,939.0
53.0,185.0
53.0,58.0
53.0,329.0
53.0,572.0
53.0,968.0
53.0,418.0
53.0,449.0
53.0,692.0
53.0,338.0
53.0,542.0
54.0,308.0
54.0,328.0
54.0,253.0
54.0,712.0
54.0,89.0
54.0,221.0
54.0,614.0
54.0,126.0
54.0,442.0
54.0,61.0
54.0,534.0
54.0,895.0
55.0,908.0
55.0,942.0
55.0,163.0
55.0,4.0
55.0,533.0
55.0,242.0
55.0,181.0
55.0,1008.0
55.0,360.0
55.0,541.0
55.0,1027.0
55.0,1017.0
56.0,352.0
56.0,319.0
56.0,938.0
56.0,668.0
56.0,226.0
56.0,41.0
56.0,466.0
56.0,695.0
56.0,680.0
56.0,837.0
56.0,954.0
56.0,533.0
57.0,318.0
57.0,852.0
57.0,838.0
57.0,210.0
57.0,274.0
57.0,690.0
57.0,481.0
57.0,449.0
57.0,834.0
57.0,820.0
57.0,123.0
57.0,969.0
58.0,347.0
58.0,386.0
58.0,978.0
58.0,24.0
58.0,46.0
58.0,917.0
58.0,467.0
58.0,1016.0
58.0,354.0
58.0,975.0
58.0,426.0
58.0,93.0
59.0,856.0
59.0,50.0
59.0,213.0
59.0,956.0
59.0,372.0
59.0,975.0
59.0,417.0
59.0,42.0
59.0,711.0
59.0,423.0
59.0,979.0
59.0,427.0
60.0,391.0
60.0,806.0
60.0,696.0
60.0,965.0
60.0,466.0
60.0,634.0
60.0,327.0
60.0,817.0
60.0,582.0
60.0,96.0
60.0,744.0
60.0,308.0
61.0,759.0
61.0,795.0
61.0,860.0
61.0,805.0
61.0,976.0
61.0,874.0
61.0,599.0
61.0,912.0
61.0,460.0
61.0,973.0
61.0,648.0
61.0,387.0
62.0,58.0
62.0,441.0
62.0,249.0
62.0,796.0
62.0,870.0
62.0,828.0
62.0,622.0
62.0,693.0
62.0,449.0
62.0,832.0
62.0,308.0
62.0,461.0
63.0,500.0
63.0,93.0
63.0,1011.0
63.0,1.0
63.0,446.0
63.0,859.0
63.0,62.0
63.0,942.0
63.0,88.0
63.0,209.0
63.0,766.0
63.0,593.0
64.0,676.0
64.0,256.0
64.0,348.0
64.0,526.0
64.0,362.0
64.0,995.0
64.0,936.0
64.0,263.0
64.0,487.0
64.0,606.0
64.0,957.0
64.0,750.0
65.0,717.0
65.0,832.0
65.0,813.0
65.0,139.0
65.0,565.0
65.0,113.0
65.0,500.0
65.0,715.0
65.0,583.0
65.0,3.0
65.0,923.0
65.0,389.0
66.0,9.0
66.0,686.0
66.0,276.0
66.0,661.0
66.0,749.0
66.0,719.0
66.0,163.0
66.0,143.0
66.0,975.0
66.0,533.0
66.0,235.0
66.0,956.0
67.0,1000.0
67.0,787.0
67.0,83.0
67.0,681.0
67.0,103.0
67.0,973.0
67.0,204.0
67.0,742.0
67.0,332.0
67.0,740.0
67.0,925.0
67.0,801.0
68.0,958.0
68.0,995.0
68.0,755.0
68.0,956.0
68.0,727.0
68.0,127.0
68.0,872.0
68.0,735.0
68.0,804.0
68.0,976.0
68.0,748.0
68.0,125.0
69.0,620.0
69.0,874.0
69.0,618.0
69.0,611.0
69.0,78.0
69.0,291.0
69.0,388.0
69.0,607.0
69.0,842.0
69.0,537.0
69.0,218.0
69.0,954.0
70.0,275.0
70.0,909.0
70.0,552.0
70.0,266.0
70.0,800.0
70.0,869.0
70.0,846.0
70.0,228.0
70.0,372.0
70.0,371.0
70.0,59.0
70.0,77.0
71.0,198.0
71.0,417.0
71.0,380.0
71.0,565.0
71.0,609.0
71.0,179.0
71.0,712.0
71.0,3.0
71.0,159.0
71.0,68.0
71.0,69.0
71.0,933.0
72.0,807.0
72.0,920.0
72.0,870.0
72.0,233.0
72.0,748.0
72.0,949.0
72.0,713.0
72.0,474.0
72.0,476.0
72.0,594.0
72.0,366.0
72.0,157.0
73.0,264.0
73.0,13.0
73.0,27.0
73.0,538.0
73.0,194.0
73.0,787.0
73.0,51.0
73.0,845.0
73.0,159.0
73.0,549.0
73.0,522.0
73.0,331.0
74.0,187.0
74.0,396.0
74.0,425.0
74.0,928.0
74.0,323.0
74.0,431.0
74.0,908.0
74.0,952.0
74.0,515.0
74.0,1035.0
74.0,428.0
74.0,1017.0
75.0,498.0
75.0,667.0
75.0,648.0
75.0,879.0
75.0,266.0
75.0,254.0
75.0,1009.0
75.0,427.0
75.0,279.0
75.0,80.0
75.0,335.0
75.0,1008.0
76.0,785.0
76.0,319.0
76.0,540.0
76.0,251.0
76.0,990.0
76.0,731.0
76.0,265.0
76.0,952.0
76.0,594.0
76.0,268.0
76.0,928.0
76.0,530.0
77.0,175.0
77.0,402.0
77.0,764.0
77.0,938.0
77.0,353.0
77.0,690.0
77.0,730.0
77.0,858.0
77.0,273.0
77.0,634.0
77.0,541.0
77.0,245.0
78.0,435.0
78.0,522.0
78.0,331.0
78.0,849.0
78.0,554.0
78.0,515.0
78.0,103.0
78.0,599.0
78.0,336.0
78.0,259.0
78.0,687.0
78.0,511.0
79.0,563.0
79.0,182.0
79.0,145.0
79.0,249.0
79.0,512.0
79.0,504.0
79.0,1008.0
79.0,895.0
79.0,912.0
79.0,652.0
79.0,923.0
79.0,538.0
80.0,304.0
80.0,1000.0
80.0,215.0
80.0,632.0
80.0,847.0
80.0,894.0
80.0,609.0
80.0,681.0
80.0,336.0
80.0,127.0
80.0,335.0
80.0,543.0
81.0,674.0
81.0,128.0
81.0,188.0
81.0,507.0
81.0,327.0
81.0,380.0
81.0,804.0
81.0,442.0
81.0,997.0
81.0,753.0
81.0,420.0
81.0,876.0
82.0,9.0
82.0,464.0
82.0,276.0
82.0,960.0
82.0,962.0
82.0,172.0
82.0,913.0
82.0,610.0
82.0,925.0
82.0,919.0
82.0,182.0
82.0,118.0
83.0,172.0
83.0,67.0
83.0,718.0
83.0,960.0
83.0,188.0
83.0,682.0
83.0,658.0
83.0,674.0
83.0,777.0
83.0,373.0
83.0,319.0
83.0,493.0
84.0,825.0
84.0,702.0
84.0,1032.0
84.0,929.0
84.0,556.0
84.0,824.0
84.0,897.0
84.0,695.0
84.0,107.0
84.0,60.0
84.0,729.0
84.0,138.0
85.0,766.0
85.0,8.0
85.0,49.0
85.0,506.0
85.0,485.0
85.0,993.0
85.0,801.0
85.0,541.0
85.0,5.0
85.0,882.0
85.0,45.0
85.0,851.0
86.0,716.0
86.0,117.0
86.0,1015.0
86.0,201.0
86.0,757.0
86.0,106.0
86.0,169.0
86.0,899.0
86.0,626.0
86.0,1034.0
86.0,773.0
86.0,979.0
87.0,954.0
87.0,290.0
87.0,117.0
87.0,188.0
87.0,107.0
87.0,997.0
87.0,284.0
87.0,905.0
87.0,298.0
87.0,878.0
87.0,961.0
87.0,103.0
88.0,639.0
88.0,904.0
88.0,796.0
88.0,400.0
88.0,100.0
88.0,709.0
88.0,338.0
88.0,717.0
88.0,462.0
88.0,469.0
88.0,999.0
88.0,110.0
89.0,970.0
89.0,591.0
89.0,615.0
89.0,718.0
89.0,370.0
89.0,1000.0
89.0,338.0
89.0,562.0
89.0,934.0
89.0,215.0
89.0,41.0
89.0,880.0
90.0,381.0
90.0,752.0
90.0,66.0
90.0,826.0
90.0,343.0
90.0,1027.0
90.0,243.0
90.0,169.0
90.0,160.0
90.0,656.0
90.0,776.0
90.0,175.0
91.0,411.0
91.0,78.0
91.0,79.0
91.0,412.0
91.0,500.0
91.0,531.0
91.0,308.0
91.0,633.0
91.0,837.0
91.0,962.0
91.0,543.0
91.0,329.0
92.0,515.0
92.0,431.0
92.0,683.0
92.0,798.0
92.0,802.0
92.0,209.0
92.0,888.0
92.0,617.0
92.0,101.0
92.0,841.0
92.0,1015.0
92.0,325.0
93.0,692.0
93.0,446.0
93.0,662.0
93.0,870.0
93.0,200.0
93.0,107.0
93.0,663.0
93.0,293.0
93.0,917.0
93.0,88.0
93.0,474.0
93.0,237.0
94.0,905.0
94.0,268.0
94.0,284.0
94.0,168.0
94.0,252.0
94.0,454.0
94.0,710.0
94.0,112.0
94.0,91.0
94.0,1019.0
94.0,428.0
94.0,151.0
95.0,586.0
95.0,550.0
95.0,738.0
95.0,874.0
95.0,815.0
95.0,1004.0
95.0,216.0
95.0,438.0
95.0,99.0
95.0,53.0
95.0,887.0
95.0,809.0
96.0,609.0
96.0,881.0
96.0,507.0
96.0,990.0
96.0,494.0
96.0,16.0
96.0,719.0
96.0,1027.0
96.0,538.0
96.0,392.0
96.0,337.0
96.0,635.0
97.0,966.0
97.0,335.0
97.0,601.0
97.0,939.0
97.0,80.0
97.0,200.0
97.0,461.0
97.0,517.0
97.0,561.0
97.0,572.0
97.0,1011.0
97.0,753.0
98.0,1031.0
98.0,212.0
98.0,181.0
98.0,226.0
98.0,126.0
98.0,1024.0
98.0,157.0
98.0,906.0
98.0,165.0
98.0,894.0
98.0,294.0
98.0,224.0
99.0,85.0
99.0,639.0
99.0,432.0
99.0,104.0
99.0,572.0
99.0,274.0
99.0,517.0
99.0,100.0
99.0,972.0
99.0,242.0
99.0,784.0
99.0,767.0
100.0,255.0
100.0,1.0
100.0,647.0
100.0,784.0
100.0,675.0
100.0,10.0
100.0,315.0
100.0,1011.0
100.0,917.0
100.0,94.0
100.0,293.0
100.0,112.0
101.0,62.0
101.0,640.0
101.0,449.0
101.0,903.0
101.0,307.0
101.0,301.0
101.0,586.0
101.0,888.0
101.0,680.0
101.0,878.0
101.0,1.0
101.0,967.0
102.0,907.0
102.0,1019.0
102.0,583.0
102.0,405.0
102.0,578.0
102.0,235.0
102.0,866.0
102.0,559.0
102.0,290.0
102.0,660.0
102.0,79.0
102.0,169.0
103.0,574.0
103.0,733.0
103.0,921.0
103.0,683.0
103.0,9.0
103.0,395.0
103.0,630.0
103.0,578.0
103.0,442.0
103.0,925.0
103.0,765.0
103.0,575.0
104.0,767.0
104.0,864.0
104.0,803.0
104.0,665.0
104.0,27.0
104.0,586.0
104.0,56.0
104.0,627.0
104.0,312.0
104.0,927.0
104.0,624.0
104.0,978.0
105.0,472.0
105.0,324.0
105.0,599.0
105.0,1017.0
105.0,820.0
105.0,743.0
105.0,323.0
105.0,982.0
105.0,696.0
105.0,195.0
105.0,193.0
105.0,489.0
106.0,305.0
106.0,3.0
106.0,826.0
106.0,43.0
106.0,403.0
106.0,64.0
106.0,488.0
106.0,297.0
106.0,892.0
106.0,262.0
106.0,125.0
106.0,173.0
107.0,719.0
107.0,691.0
107.0,553.0
107.0,361.0
107.0,946.0
107.0,531.0
107.0,701.0
107.0,243.0
107.0,486.0
107.0,667.0
107.0,269.0
107.0,665.0
108.0,510.0
108.0,958.0
108.0,142.0
108.0,221.0
108.0,207.0
108.0,1030.0
108.0,660.0
108.0,311.0
108.0,421.0
108.0,460.0
108.0,641.0
108.0,924.0
109.0,583.0
109.0,930.0
109.0,398.0
109.0,230.0
109.0,628.0
109.0,853.0
109.0,721.0
109.0,10.0
109.0,798.0
109.0,424.0
109.0,556.0
109.0,451.0
110.0,24.0
110.0,418.0
110.0,497.0
110.0,31.0
110.0,352.0
110.0,629.0
110.0,603.0
110.0,161.0
110.0,219.0
110.0,778.0
110.0,68.0
110.0,424.0
111.0,989.0
111.0,622.0
111.0,120.0
111.0,581.0
111.0,412.0
111.0,380.0
111.0,894.0
111.0,1030.0
111.0,755.0
111.0,570.0
111.0,732.0
111.0,853.0
112.0,140.0
112.0,234.0
112.0,85.0
112.0,906.0
112.0,34.0
112.0,933.0
112.0,182.0
112.0,642.0
112.0,318.0
112.0,98.0
112.0,335.0
112.0,366.0
113.0,153.0
113.0,892.0
113.0,884.0
113.0,879.0
113.0,48.0
113.0,888.0
113.0,203.0
113.0,125.0
113.0,65.0
113.0,139.0
113.0,601.0
113.0,941.0
114.0,109.0
114.0,617.0
114.0,771.0
114.0,437.0
114.0,595.0
114.0,342.0
114.0,190.0
114.0,348.0
114.0,120.0
114.0,980.0
114.0,26.0
114.0,1034.0
115.0,959.0
115.0,1008.0
115.0,540.0
115.0,501.0
115.0,304.0
115.0,481.0
115.0,1006.0
115.0,978.0
115.0,887.0
115.0,102.0
115.0,667.0
115.0,335.0
116.0,991.0
116.0,448.0
116.0,180.0
116.0,1029.0
116.0,388.0
116.0,645.0
116.0,971.0
116.0,369.0
116.0,511.0
116.0,83.0
116.0,142.0
116.0,919.0
117.0,143.0
117.0,203.0
117.0,596.0
117.0,179.0
117.0,95.0
117.0,89.0
117.0,691.0
117.0,169.0
117.0,349.0
117.0,687.0
117.0,460.0
117.0,537.0
118.0,81.0
118.0,623.0
118.0,806.0
118.0,59.0
118.0,76.0
118.0,183.0
118.0,891.0
118.0,194.0
118.0,18.0
118.0,986.0
118.0,686.0
118.0,983.0
119.0,749.0
119.0,291.0
119.0,1014.0
119.0,967.0
119.0,86.0
119.0,1027.0
119.0,463.0
119.0,718.0
119.0,970.0
119.0,869.0
119.0,571.0
119.0,317.0
120.0,630.0
120.0,26.0
120.0,576.0
120.0,321.0
120.0,606.0
120.0,654.0
120.0,618.0
120.0,567.0
120.0,114.0
120.0,879.0
120.0,190.0
120.0,40.0
121.0,950.0
121.0,309.0
121.0,57.0
121.0,537.0
121.0,665.0
121.0,31.0
121.0,902.0
121.0,883.0
121.0,605.0
121.0,101.0
121.0,490.0
121.0,163.0
122.0,9.0
122.0,82.0
122.0,515.0
122.0,286.0
122.0,480.0
122.0,560.0
122.0,207.0
122.0,826.0
122.0,32.0
122.0,955.0
122.0,656.0
122.0,116.0
123.0,530.0
123.0,553.0
123.0,43.0
123.0,216.0
123.0,961.0
123.0,1016.0
123.0,387.0
123.0,862.0
123.0,107.0
123.0,877.0
123.0,150.0
123.0,187.0
124.0,94.0
124.0,704.0
124.0,356.0
124.0,557.0
124.0,789.0
124.0,909.0
124.0,915.0
124.0,140.0
124.0,345.0
124.0,495.0
124.0,229.0
124.0,917.0
125.0,405.0
125.0,799.0
125.0,583.0
125.0,827.0
125.0,179.0
125.0,980.0
125.0,942.0
125.0,460.0
125.0,269.0
125.0,311.0
125.0,842.0
125.0,681.0
126.0,955.0
126.0,4.0
126.0,102.0
126.0,655.0
126.0,273.0
126.0,508.0
126.0,165.0
126.0,143.0
126.0,168.0
126.0,631.0
126.0,15.0
126.0,450.0
127.0,976.0
127.0,260.0
127.0,586.0
127.0,68.0
127.0,946.0
127.0,989.0
127.0,711.0
127.0,894.0
127.0,217.0
127.0,975.0
127.0,625.0
127.0,846.0
128.0,656.0
128.0,826.0
128.0,306.0
128.0,737.0
128.0,41.0
128.0,681.0
128.0,267.0
128.0,991.0
128.0,80.0
128.0,64.0
128.0,484.0
128.0,845.0
129.0,1026.0
129.0,54.0
129.0,872.0
129.0,328.0
129.0,717.0
129.0,314.0
129.0,68.0
129.0,987.0
129.0,225.0
129.0,240.0
129.0,405.0
129.0,439.0
130.0,922.0
130.0,580.0
130.0,736.0
130.0,748.0
130.0,570.0
130.0,815.0
130.0,394.0
130.0,154.0
130.0,691.0
130.0,672.0
130.0,695.0
130.0,372.0
131.0,155.0
131.0,161.0
131.0,722.0
131.0,166.0
131.0,41.0
131.0,583.0
131.0,860.0
131.0,117.0
131.0,319.0
131.0,138.0
131.0,299.0
131.0,332.0
132.0,912.0
132.0,21.0
132.0,716.0
132.0,420.0
132.0,564.0
132.0,30.0
132.0,283.0
132.0,372.0
132.0,760.0
132.0,685.0
132.0,896.0
132.0,664.0
133.0,264.0
133.0,916.0
133.0,476.0
133.0,927.0
133.0,713.0
133.0,694.0
133.0,426.0
133.0,793.0
133.0,506.0
133.0,352.0
133.0,58.0
133.0,277.0
134.0,759.0
134.0,529.0
134.0,8.0
134.0,677.0
134.0,840.0
134.0,789.0
134.0,653.0
134.0,229.0
134.0,376.0
134.0,392.0
134.0,1027.0
134.0,199.0
135.0,401.0
135.0,737.0
135.0,776.0
135.0,535.0
135.0,670.0
135.0,369.0
135.0,251.0
135.0,74.0
135.0,455.0
135.0,317.0
135.0,974.0
135.0,598.0
136.0,955.0
136.0,537.0
136.0,61.0
136.0,729.0
136.0,220.0
136.0,931.0
136.0,860.0
136.0,543.0
136.0,624.0
136.0,665.0
136.0,470.0
136.0,276.0
137.0,193.0
137.0,967.0
137.0,364.0
137.0,629.0
137.0,865.0
137.0,790.0
137.0,924.0
137.0,97.0
137.0,648.0
137.0,329.0
137.0,185.0
137.0,439.0
138.0,363.0
138.0,73.0
138.0,44.0
138.0,235.0
138.0,672.0
138.0,470.0
138.0,501.0
138.0,212.0
138.0,651.0
138.0,945.0
138.0,690.0
138.0,333.0
139.0,146.0
139.0,605.0
139.0,892.0
139.0,389.0
139.0,326.0
139.0,739.0
139.0,781.0
139.0,129.0
139.0,958.0
139.0,204.0
139.0,1008.0
139.0,372.0
140.0,414.0
140.0,103.0
140.0,91.0
140.0,364.0
140.0,801.0
140.0,742.0
140.0,871.0
140.0,50.0
140.0,905.0
140.0,112.0
140.0,82.0
140.0,609.0
141.0,582.0
141.0,38.0
141.0,610.0
141.0,635.0
141.0,171.0
141.0,229.0
141.0,404.0
141.0,312.0
141.0,388.0
141.0,738.0
141.0,897.0
141.0,959.0
142.0,496.0
142.0,192.0
142.0,562.0
142.0,640.0
142.0,358.0
142.0,880.0
142.0,40.0
142.0,854.0
142.0,656.0
142.0,320.0
142.0,991.0
142.0,39.0
143.0,942.0
143.0,668.0
143.0,210.0
143.0,554.0
143.0,206.0
143.0,291.0
143.0,545.0
143.0,370.0
143.0,863.0
143.0,516.0
143.0,25.0
143.0,767.0
144.0,282.0
144.0,526.0
144.0,1034.0
144.0,375.0
144.0,679.0
144.0,210.0
144.0,484.0
144.0,468.0
144.0,1002.0
144.0,615.0
144.0,297.0
144.0,184.0
145.0,930.0
145.0,872.0
145.0,426.0
145.0,918.0
145.0,1015.0
145.0,756.0
145.0,10.0
145.0,71.0
145.0,129.0
145.0,338.0
145.0,316.0
145.0,899.0
146.0,168.0
146.0,581.0
146.0,667.0
146.0,577.0
146.0,313.0
146.0,620.0
146.0,243.0
146.0,408.0
146.0,832.0
146.0,731.0
146.0,180.0
146.0,226.0
147.0,651.0
147.0,839.0
147.0,841.0
147.0,92.0
147.0,235.0
147.0,382.0
147.0,173.0
147.0,43.0
147.0,79.0
147.0,1016.0
147.0,681.0
147.0,929.0
148.0,846.0
148.0,957.0
148.0,22.0
148.0,985.0
148.0,355.0
148.0,90.0
148.0,559.0
148.0,857.0
148.0,723.0
148.0,160.0
148.0,960.0
148.0,963.0
149.0,139.0
149.0,759.0
149.0,732.0
149.0,84.0
149.0,440.0
149.0,581.0
149.0,1004.0
149.0,559.0
149.0,159.0
149.0,291.0
149.0,76.0
149.0,181.0
150.0,895.0
150.0,964.0
150.0,28.0
150.0,902.0
150.0,423.0
150.0,182.0
150.0,890.0
150.0,837.0
150.0,950.0
150.0,719.0
150.0,687.0
150.0,815.0
151.0,599.0
151.0,953.0
151.0,245.0
151.0,799.0
151.0,408.0
151.0,436.0
151.0,666.0
151.0,563.0
151.0,592.0
151.0,971.0
151.0,543.0
151.0,206.0
152.0,68.0
152.0,726.0
152.0,348.0
152.0,614.0
152.0,142.0
152.0,197.0
152.0,144.0
152.0,685.0
152.0,40.0
152.0,484.0
152.0,711.0
152.0,771.0
153.0,939.0
153.0,841.0
153.0,108.0
153.0,596.0
153.0,445.0
153.0,958.0
153.0,630.0
153.0,128.0
153.0,563.0
153.0,955.0
153.0,681.0
153.0,773.0
154.0,434.0
154.0,102.0
154.0,1006.0
154.0,212.0
154.0,343.0
154.0,530.0
154.0,1019.0
154.0,499.0
154.0,912.0
154.0,427.0
154.0,190.0
154.0,748.0
155.0,584.0
155.0,917.0
155.0,738.0
155.0,1016.0
155.0,132.0
155.0,874.0
155.0,942.0
155.0,979.0
155.0,440.0
155.0,852.0
155.0,729.0
155.0,950.0
156.0,658.0
156.0,276.0
156.0,649.0
156.0,1007.0
156.0,55.0
156.0,16.0
156.0,445.0
156.0,892.0
156.0,860.0
156.0,415.0
156.0,310.0
156.0,291.0
157.0,334.0
157.0,115.0
157.0,875.0
157.0,690.0
157.0,226.0
157.0,584.0
157.0,925.0
157.0,719.0
157.0,844.0
157.0,245.0
157.0,744.0
157.0,217.0
158.0,517.0
158.0,832.0
158.0,277.0
158.0,127.0
158.0,522.0
158.0,698.0
158.0,748.0
158.0,597.0
158.0,694.0
158.0,927.0
158.0,219.0
158.0,531.0
159.0,640.0
159.0,944.0
159.0,855.0
159.0,887.0
159.0,154.0
159.0,175.0
159.0,1009.0
159.0,695.0
159.0,1004.0
159.0,243.0
159.0,1031.0
159.0,856.0
160.0,78.0
160.0,373.0
160.0,508.0
160.0,384.0
160.0,16.0
160.0,854.0
160.0,401.0
160.0,381.0
160.0,181.0
160.0,535.0
160.0,831.0
160.0,788.0
161.0,462.0
161.0,567.0
161.0,441.0
161.0,699.0
161.0,101.0
161.0,449.0
161.0,689.0
161.0,164.0
161.0,461.0
161.0,415.0
161.0,903.0
161.0,418.0
162.0,506.0
162.0,269.0
162.0,400.0
162.0,315.0
162.0,950.0
162.0,165.0
162.0,823.0
162.0,722.0
162.0,185.0
162.0,255.0
162.0,543.0
162.0,793.0
163.0,228.0
163.0,463.0
163.0,540.0
163.0,879.0
163.0,353.0
163.0,524.0
163.0,959.0
163.0,610.0
163.0,583.0
163.0,803.0
163.0,189.0
163.0,668.0
164.0,87.0
164.0,423.0
164.0,778.0
164.0,103.0
164.0,441.0
164.0,25.0
164.0,605.0
164.0,336.0
164.0,162.0
164.0,539.0
164.0,930.0
164.0,486.0
165.0,377.0
165.0,169.0
165.0,844.0
165.0,692.0
165.0,738.0
165.0,334.0
165.0,651.0
165.0,779.0
165.0,1018.0
165.0,945.0
165.0,546.0
165.0,366.0
166.0,396.0
166.0,334.0
166.0,65.0
166.0,309.0
166.0,728.0
166.0,25.0
166.0,504.0
166.0,1003.0
166.0,194.0
166.0,479.0
166.0,415.0
166.0,168.0
167.0,226.0
167.0,414.0
167.0,184.0
167.0,662.0
167.0,929.0
167.0,678.0
167.0,427.0
167.0,504.0
167.0,319.0
167.0,243.0
167.0,328.0
167.0,361.0
168.0,787.0
168.0,883.0
168.0,479.0
168.0,540.0
168.0,808.0
168.0,420.0
168.0,542.0
168.0,1007.0
168.0,157.0
168.0,894.0
168.0,642.0
168.0,877.0
169.0,475.0
169.0,645.0
169.0,692.0
169.0,659.0
169.0,515.0
169.0,283.0
169.0,122.0
169.0,986.0
169.0,258.0
169.0,55.0
169.0,897.0
169.0,731.0
170.0,211.0
170.0,820.0
170.0,1019.0
170.0,884.0
170.0,565.0
170.0,944.0
170.0,187.0
170.0,385.0
170.0,323.0
170.0,900.0
170.0,694.0
170.0,98.0
171.0,426.0
171.0,992.0
171.0,235.0
171.0,34.0
171.0,1018.0
171.0,861.0
171.0,792.0
171.0,651.0
171.0,666.0
171.0,416.0
171.0,806.0
171.0,525.0
172.0,884.0
172.0,638.0
172.0,74.0
172.0,795.0
172.0,960.0
172.0,317.0
172.0,731.0
172.0,875.0
172.0,846.0
172.0,138.0
172.0,416.0
172.0,482.0
173.0,465.0
173.0,184.0
173.0,1022.0
173.0,444.0
173.0,621.0
173.0,215.0
173.0,713.0
173.0,122.0
173.0,106.0
173.0,281.0
173.0,956.0
173.0,799.0
174.0,258.0
174.0,299.0
174.0,545.0
174.0,125.0
174.0,613.0
174.0,7.0
174.0,621.0
174.0,775.0
174.0,683.0
174.0,108.0
174.0,958.0
174.0,464.0
175.0,825.0
175.0,575.0
175.0,745.0
175.0,620.0
175.0,695.0
175.0,178.0
175.0,997.0
175.0,115.0
175.0,359.0
175.0,257.0
175.0,273.0
175.0,231.0
176.0,599.0
176.0,290.0
176.0,662.0
176.0,308.0
176.0,571.0
176.0,512.0
176.0,431.0
176.0,659.0
176.0,370.0
176.0,781.0
176.0,363.0
176.0,942.0
177.0,689.0
177.0,101.0
177.0,614.0
177.0,145.0
177.0,109.0
177.0,316.0
177.0,765.0
177.0,872.0
177.0,644.0
177.0,221.0
177.0,1026.0
177.0,390.0
178.0,625.0
178.0,764.0
178.0,55.0
178.0,96.0
178.0,183.0
178.0,205.0
178.0,256.0
178.0,188.0
178.0,907.0
178.0,590.0
178.0,807.0
178.0,611.0
179.0,665.0
179.0,54.0
179.0,867.0
179.0,571.0
179.0,852.0
179.0,218.0
179.0,890.0
179.0,491.0
179.0,1002.0
179.0,68.0
179.0,919.0
179.0,299.0
180.0,539.0
180.0,795.0
180.0,774.0
180.0,128.0
180.0,613.0
180.0,534.0
180.0,662.0
180.0,89.0
180.0,3.0
180.0,23.0
180.0,157.0
180.0,804.0
181.0,169.0
181.0,794.0
181.0,15.0
181.0,75.0
181.0,1014.0
181.0,747.0
181.0,176.0
181.0,564.0
181.0,307.0
181.0,1031.0
181.0,415.0
181.0,594.0
182.0,917.0
182.0,545.0
182.0,743.0
182.0,216.0
182.0,895.0
182.0,687.0
182.0,588.0
182.0,143.0
182.0,790.0
182.0,497.0
182.0,30.0
182.0,832.0
183.0,913.0
183.0,96.0
183.0,554.0
183.0,245.0
183.0,920.0
183.0,258.0
183.0,20.0
183.0,825.0
183.0,686.0
183.0,98.0
183.0,391.0
183.0,543.0
184.0,89.0
184.0,311.0
184.0,967.0
184.0,190.0
184.0,995.0
184.0,448.0
184.0,405.0
184.0,987.0
184.0,1012.0
184.0,108.0
184.0,305.0
184.0,375.0
185.0,672.0
185.0,647.0
185.0,869.0
185.0,700.0
185.0,967.0
185.0,452.0
185.0,518.0
185.0,917.0
185.0,446.0
185.0,5.0
185.0,1.0
185.0,581.0
186.0,765.0
186.0,851.0
186.0,392.0
186.0,376.0
186.0,396.0
186.0,118.0
186.0,653.0
186.0,657.0
186.0,208.0
186.0,789.0
186.0,910.0
186.0,582.0
187.0,749.0
187.0,414.0
187.0,486.0
187.0,581.0
187.0,803.0
187.0,783.0
187.0,1021.0
187.0,916.0
187.0,193.0
187.0,584.0
187.0,961.0
187.0,698.0
188.0,884.0
188.0,938.0
188.0,515.0
188.0,269.0
188.0,50.0
188.0,682.0
188.0,66.0
188.0,625.0
188.0,642.0
188.0,161.0
188.0,599.0
188.0,773.0
189.0,967.0
189.0,605.0
189.0,79.0
189.0,130.0
189.0,524.0
189.0,287.0
189.0,1025.0
189.0,710.0
189.0,60.0
189.0,411.0
189.0,884.0
189.0,652.0
190.0,726.0
190.0,388.0
190.0,667.0
190.0,397.0
190.0,439.0
190.0,137.0
190.0,725.0
190.0,382.0
190.0,811.0
190.0,786.0
190.0,147.0
190.0,474.0
191.0,83.0
191.0,126.0
191.0,571.0
191.0,75.0
191.0,393.0
191.0,586.0
191.0,672.0
191.0,731.0
191.0,254.0
191.0,483.0
191.0,832.0
191.0,430.0
192.0,947.0
192.0,975.0
192.0,926.0
192.0,956.0
192.0,320.0
192.0,609.0
192.0,510.0
192.0,201.0
192.0,643.0
192.0,125.0
192.0,550.0
192.0,759.0
193.0,777.0
193.0,658.0
193.0,970.0
193.0,680.0
193.0,1019.0
193.0,515.0
193.0,308.0
193.0,1009.0
193.0,964.0
193.0,554.0
193.0,498.0
193.0,217.0
194.0,861.0
194.0,674.0
194.0,155.0
194.0,76.0
194.0,1028.0
194.0,642.0
194.0,610.0
194.0,557.0
194.0,550.0
194.0,688.0
194.0,224.0
194.0,344.0
195.0,783.0
195.0,517.0
195.0,1013.0
195.0,229.0
195.0,985.0
195.0,506.0
195.0,309.0
195.0,52.0
195.0,829.0
195.0,807.0
195.0,476.0
195.0,14.0
196.0,684.0
196.0,438.0
196.0,837.0
196.0,638.0
196.0,290.0
196.0,318.0
196.0,759.0
196.0,1035.0
196.0,395.0
196.0,955.0
196.0,1009.0
196.0,283.0
197.0,129.0
197.0,776.0
197.0,190.0
197.0,306.0
197.0,617.0
197.0,727.0
197.0,680.0
197.0,114.0
197.0,899.0
197.0,490.0
197.0,41.0
197.0,17.0
198.0,792.0
198.0,15.0
198.0,401.0
198.0,721.0
198.0,349.0
198.0,939.0
198.0,25.0
198.0,629.0
198.0,339.0
198.0,754.0
198.0,371.0
198.0,78.0
199.0,137.0
199.0,567.0
199.0,665.0
199.0,793.0
199.0,162.0
199.0,274.0
199.0,140.0
199.0,14.0
199.0,978.0
199.0,694.0
199.0,429.0
199.0,505.0
200.0,326.0
200.0,1029.0
200.0,10.0
200.0,601.0
200.0,113.0
200.0,763.0
200.0,762.0
200.0,786.0
200.0,1026.0
200.0,278.0
200.0,65.0
200.0,177.0
201.0,726.0
201.0,282.0
201.0,21.0
201.0,510.0
201.0,786.0
201.0,957.0
201.0,350.0
201.0,797.0
201.0,297.0
201.0,401.0
201.0,113.0
201.0,144.0
202.0,457.0
202.0,906.0
202.0,505.0
202.0,175.0
202.0,333.0
202.0,983.0
202.0,891.0
202.0,183.0
202.0,454.0
202.0,910.0
202.0,211.0
202.0,703.0
203.0,996.0
203.0,304.0
203.0,867.0
203.0,659.0
203.0,32.0
203.0,805.0
203.0,56.0
203.0,648.0
203.0,107.0
203.0,922.0
203.0,558.0
203.0,884.0
204.0,959.0
204.0,924.0
204.0,888.0
204.0,684.0
204.0,762.0
204.0,287.0
204.0,972.0
204.0,461.0
204.0,94.0
204.0,278.0
204.0,292.0
204.0,214.0
205.0,765.0
205.0,96.0
205.0,163.0
205.0,291.0
205.0,366.0
205.0,925.0
205.0,126.0
205.0,830.0
205.0,1001.0
205.0,87.0
205.0,787.0
205.0,988.0
206.0,261.0
206.0,427.0
206.0,191.0
206.0,182.0
206.0,830.0
206.0,150.0
206.0,887.0
206.0,790.0
206.0,531.0
206.0,374.0
206.0,265.0
206.0,662.0
207.0,757.0
207.0,799.0
207.0,874.0
207.0,755.0
207.0,559.0
207.0,285.0
207.0,466.0
207.0,819.0
207.0,591.0
207.0,826.0
207.0,116.0
207.0,656.0
208.0,648.0
208.0,395.0
208.0,777.0
208.0,705.0
208.0,66.0
208.0,416.0
208.0,909.0
208.0,9.0
208.0,823.0
208.0,791.0
208.0,366.0
208.0,928.0
209.0,930.0
209.0,1002.0
209.0,778.0
209.0,461.0
209.0,709.0
209.0,976.0
209.0,878.0
209.0,701.0
209.0,601.0
209.0,561.0
209.0,458.0
209.0,629.0
210.0,575.0
210.0,445.0
210.0,526.0
210.0,994.0
210.0,182.0
210.0,912.0
210.0,473.0
210.0,614.0
210.0,753.0
210.0,493.0
210.0,165.0
210.0,877.0
211.0,789.0
211.0,486.0
211.0,158.0
211.0,809.0
211.0,717.0
211.0,367.0
211.0,823.0
211.0,104.0
211.0,191.0
211.0,624.0
211.0,746.0
211.0,308.0
212.0,226.0
212.0,989.0
212.0,39.0
212.0,684.0
212.0,267.0
212.0,877.0
212.0,985.0
212.0,385.0
212.0,215.0
212.0,515.0
212.0,169.0
212.0,979.0
213.0,13.0
213.0,1005.0
213.0,77.0
213.0,702.0
213.0,873.0
213.0,281.0
213.0,541.0
213.0,33.0
213.0,2.0
213.0,825.0
213.0,455.0
213.0,373.0
214.0,436.0
214.0,922.0
214.0,162.0
214.0,991.0
214.0,769.0
214.0,973.0
214.0,603.0
214.0,777.0
214.0,326.0
214.0,143.0
214.0,540.0
214.0,737.0
215.0,845.0
215.0,646.0
215.0,503.0
215.0,302.0
215.0,212.0
215.0,318.0
215.0,16.0
215.0,228.0
215.0,842.0
215.0,976.0
215.0,914.0
215.0,869.0
216.0,967.0
216.0,334.0
216.0,1007.0
216.0,563.0
216.0,894.0
216.0,678.0
216.0,55.0
216.0,973.0
216.0,770.0
216.0,620.0
216.0,566.0
216.0,46.0
217.0,736.0
217.0,261.0
217.0,808.0
217.0,989.0
217.0,565.0
217.0,652.0
217.0,0.0
217.0,954.0
217.0,581.0
217.0,966.0
217.0,463.0
217.0,212.0
218.0,279.0
218.0,936.0
218.0,327.0
218.0,70.0
218.0,803.0
218.0,611.0
218.0,6.0
218.0,773.0
218.0,23.0
218.0,907.0
218.0,281.0
218.0,954.0
219.0,344.0
219.0,105.0
219.0,227.0
219.0,319.0
219.0,252.0
219.0,945.0
219.0,969.0
219.0,428.0
219.0,581.0
219.0,290.0
219.0,440.0
219.0,779.0
220.0,83.0
220.0,805.0
220.0,167.0
220.0,979.0
220.0,154.0
220.0,815.0
220.0,497.0
220.0,53.0
220.0,879.0
220.0,674.0
220.0,781.0
220.0,330.0
221.0,964.0
221.0,571.0
221.0,368.0
221.0,504.0
221.0,905.0
221.0,1019.0
221.0,710.0
221.0,331.0
221.0,850.0
221.0,867.0
221.0,326.0
221.0,712.0
222.0,785.0
222.0,77.0
222.0,584.0
222.0,393.0
222.0,502.0
222.0,875.0
222.0,876.0
222.0,60.0
222.0,674.0
222.0,15.0
222.0,748.0
222.0,374.0
223.0,105.0
223.0,141.0
223.0,806.0
223.0,751.0
223.0,714.0
223.0,584.0
223.0,536.0
223.0,625.0
223.0,472.0
223.0,322.0
223.0,983.0
223.0,302.0
224.0,516.0
224.0,150.0
224.0,273.0
224.0,944.0
224.0,625.0
224.0,168.0
224.0,176.0
224.0,672.0
224.0,701.0
224.0,524.0
224.0,154.0
224.0,962.0
225.0,12.0
225.0,539.0
225.0,293.0
225.0,345.0
225.0,99.0
225.0,51.0
225.0,707.0
225.0,767.0
225.0,1033.0
225.0,426.0
225.0,871.0
225.0,605.0
226.0,157.0
226.0,235.0
226.0,900.0
226.0,327.0
226.0,992.0
226.0,596.0
226.0,839.0
226.0,571.0
226.0,515.0
226.0,1006.0
226.0,154.0
226.0,334.0
227.0,356.0
227.0,454.0
227.0,516.0
227.0,315.0
227.0,612.0
227.0,853.0
227.0,577.0
227.0,984.0
227.0,429.0
227.0,697.0
227.0,756.0
227.0,219.0
228.0,119.0
228.0,165.0
228.0,675.0
228.0,790.0
228.0,24.0
228.0,111.0
228.0,1004.0
228.0,539.0
228.0,955.0
228.0,809.0
228.0,150.0
228.0,387.0
229.0,984.0
229.0,792.0
229.0,898.0
229.0,73.0
229.0,622.0
229.0,973.0
229.0,162.0
229.0,471.0
229.0,495.0
229.0,1019.0
229.0,851.0
229.0,171.0
230.0,386.0
230.0,930.0
230.0,850.0
230.0,382.0
230.0,132.0
230.0,154.0
230.0,109.0
230.0,615.0
230.0,316.0
230.0,31.0
230.0,129.0
230.0,814.0
231.0,55.0
231.0,894.0
231.0,643.0
231.0,360.0
231.0,318.0
231.0,552.0
231.0,565.0
231.0,744.0
231.0,30.0
231.0,609.0
231.0,581.0
231.0,618.0
232.0,339.0
232.0,948.0
232.0,1027.0
232.0,490.0
232.0,563.0
232.0,809.0
232.0,903.0
232.0,50.0
232.0,836.0
232.0,889.0
232.0,624.0
232.0,996.0
233.0,969.0
233.0,642.0
233.0,372.0
233.0,652.0
233.0,818.0
233.0,396.0
233.0,570.0
233.0,99.0
233.0,391.0
233.0,671.0
233.0,57.0
233.0,25.0
234.0,986.0
234.0,794.0
234.0,122.0
234.0,745.0
234.0,16.0
234.0,510.0
234.0,445.0
234.0,285.0
234.0,273.0
234.0,1008.0
234.0,733.0
234.0,508.0
235.0,370.0
235.0,648.0
235.0,592.0
235.0,615.0
235.0,684.0
235.0,938.0
235.0,32.0
235.0,56.0
235.0,319.0
235.0,36.0
235.0,123.0
235.0,607.0
236.0,881.0
236.0,890.0
236.0,943.0
236.0,550.0
236.0,753.0
236.0,580.0
236.0,122.0
236.0,1032.0
236.0,343.0
236.0,528.0
236.0,507.0
236.0,126.0
237.0,121.0
237.0,737.0
237.0,722.0
237.0,88.0
237.0,299.0
237.0,971.0
237.0,689.0
237.0,474.0
237.0,1011.0
237.0,567.0
237.0,930.0
237.0,796.0
238.0,528.0
238.0,425.0
238.0,465.0
238.0,172.0
238.0,598.0
238.0,943.0
238.0,444.0
238.0,384.0
238.0,122.0
238.0,482.0
238.0,619.0
238.0,986.0
239.0,835.0
239.0,583.0
239.0,924.0
239.0,394.0
239.0,840.0
239.0,132.0
239.0,813.0
239.0,514.0
239.0,695.0
239.0,381.0
239.0,339.0
239.0,486.0
240.0,727.0
240.0,709.0
240.0,624.0
240.0,832.0
240.0,763.0
240.0,200.0
240.0,567.0
240.0,872.0
240.0,1019.0
240.0,230.0
240.0,798.0
240.0,315.0
241.0,56.0
241.0,655.0
241.0,956.0
241.0,233.0
241.0,493.0
241.0,975.0
241.0,770.0
241.0,479.0
241.0,486.0
241.0,672.0
241.0,38.0
241.0,837.0
242.0,805.0
242.0,721.0
242.0,119.0
242.0,959.0
242.0,355.0
242.0,29.0
242.0,1003.0
242.0,734.0
242.0,708.0
242.0,494.0
242.0,217.0
242.0,574.0
243.0,479.0
243.0,925.0
243.0,464.0
243.0,608.0
243.0,597.0
243.0,537.0
243.0,889.0
243.0,331.0
243.0,1016.0
243.0,304.0
243.0,967.0
243.0,574.0
244.0,739.0
244.0,252.0
244.0,829.0
244.0,1007.0
244.0,214.0
244.0,216.0
244.0,360.0
244.0,599.0
244.0,133.0
244.0,103.0
244.0,42.0
244.0,732.0
245.0,556.0
245.0,812.0
245.0,227.0
245.0,541.0
245.0,686.0
245.0,758.0
245.0,599.0
245.0,356.0
245.0,112.0
245.0,874.0
245.0,795.0
245.0,71.0
246.0,1005.0
246.0,590.0
246.0,399.0
246.0,753.0
246.0,447.0
246.0,981.0
246.0,353.0
246.0,381.0
246.0,770.0
246.0,51.0
246.0,525.0
246.0,825.0
247.0,178.0
247.0,236.0
247.0,990.0
247.0,2.0
247.0,702.0
247.0,860.0
247.0,746.0
247.0,232.0
247.0,937.0
247.0,661.0
247.0,951.0
247.0,402.0
248.0,962.0
248.0,316.0
248.0,868.0
248.0,815.0
248.0,504.0
248.0,97.0
248.0,404.0
248.0,790.0
248.0,841.0
248.0,103.0
248.0,877.0
248.0,926.0
249.0,441.0
249.0,773.0
249.0,778.0
249.0,314.0
249.0,918.0
249.0,209.0
249.0,368.0
249.0,92.0
249.0,438.0
249.0,237.0
249.0,573.0
249.0,10.0
250.0,266.0
250.0,206.0
250.0,205.0
250.0,1008.0
250.0,932.0
250.0,581.0
250.0,773.0
250.0,534.0
250.0,816.0
250.0,368.0
250.0,330.0
250.0,637.0
251.0,908.0
251.0,825.0
251.0,761.0
251.0,268.0
251.0,948.0
251.0,313.0
251.0,848.0
251.0,110.0
251.0,272.0
251.0,772.0
251.0,13.0
251.0,650.0
252.0,612.0
252.0,309.0
252.0,361.0
252.0,426.0
252.0,446.0
252.0,696.0
252.0,1003.0
252.0,24.0
252.0,31.0
252.0,710.0
252.0,404.0
252.0,387.0
253.0,545.0
253.0,248.0
253.0,158.0
253.0,139.0
253.0,837.0
253.0,131.0
253.0,298.0
253.0,681.0
253.0,304.0
253.0,958.0
253.0,68.0
253.0,931.0
254.0,648.0
254.0,127.0
254.0,662.0
254.0,916.0
254.0,596.0
254.0,609.0
254.0,777.0
254.0,1017.0
254.0,210.0
254.0,69.0
254.0,866.0
254.0,805.0
255.0,653.0
255.0,8.0
255.0,304.0
255.0,45.0
255.0,651.0
255.0,15.0
255.0,166.0
255.0,474.0
255.0,742.0
255.0,982.0
255.0,53.0
255.0,882.0
256.0,410.0
256.0,1008.0
256.0,379.0
256.0,334.0
256.0,756.0
256.0,952.0
256.0,279.0
256.0,702.0
256.0,233.0
256.0,548.0
256.0,136.0
256.0,650.0
257.0,832.0
257.0,289.0
257.0,300.0
257.0,633.0
257.0,324.0
257.0,72.0
257.0,900.0
257.0,861.0
257.0,103.0
257.0,269.0
257.0,112.0
257.0,245.0
258.0,649.0
258.0,445.0
258.0,534.0
258.0,169.0
258.0,156.0
258.0,149.0
258.0,912.0
258.0,343.0
258.0,745.0
258.0,478.0
258.0,603.0
258.0,660.0
259.0,999.0
259.0,845.0
259.0,189.0
259.0,934.0
259.0,469.0
259.0,809.0
259.0,395.0
259.0,601.0
259.0,540.0
259.0,955.0
259.0,690.0
259.0,308.0
260.0,453.0
260.0,780.0
260.0,37.0
260.0,920.0
260.0,957.0
260.0,928.0
260.0,548.0
260.0,171.0
260.0,464.0
260.0,340.0
260.0,849.0
260.0,246.0
261.0,242.0
261.0,996.0
261.0,764.0
261.0,597.0
261.0,473.0
261.0,79.0
261.0,530.0
261.0,217.0
261.0,575.0
261.0,143.0
261.0,220.0
261.0,56.0
262.0,745.0
262.0,720.0
262.0,716.0
262.0,885.0
262.0,645.0
262.0,771.0
262.0,21.0
262.0,306.0
262.0,28.0
262.0,173.0
262.0,797.0
262.0,814.0
263.0,723.0
263.0,136.0
263.0,908.0
263.0,70.0
263.0,243.0
263.0,745.0
263.0,90.0
263.0,22.0
263.0,667.0
263.0,797.0
263.0,987.0
263.0,160.0
264.0,549.0
264.0,875.0
264.0,575.0
264.0,274.0
264.0,871.0
264.0,426.0
264.0,347.0
264.0,93.0
264.0,214.0
264.0,254.0
264.0,627.0
264.0,411.0
265.0,420.0
265.0,983.0
265.0,383.0
265.0,391.0
265.0,667.0
265.0,906.0
265.0,560.0
265.0,494.0
265.0,178.0
265.0,650.0
265.0,730.0
265.0,993.0
266.0,559.0
266.0,156.0
266.0,32.0
266.0,733.0
266.0,127.0
266.0,66.0
266.0,975.0
266.0,15.0
266.0,739.0
266.0,410.0
266.0,773.0
266.0,205.0
267.0,150.0
267.0,1027.0
267.0,56.0
267.0,428.0
267.0,928.0
267.0,339.0
267.0,156.0
267.0,508.0
267.0,962.0
267.0,137.0
267.0,69.0
267.0,892.0
268.0,758.0
268.0,772.0
268.0,948.0
268.0,286.0
268.0,0.0
268.0,507.0
268.0,32.0
268.0,175.0
268.0,598.0
268.0,533.0
268.0,275.0
268.0,299.0
269.0,194.0
269.0,513.0
269.0,523.0
269.0,155.0
269.0,310.0
269.0,902.0
269.0,445.0
269.0,991.0
269.0,683.0
269.0,357.0
269.0,746.0
269.0,292.0
270.0,645.0
270.0,763.0
270.0,285.0
270.0,974.0
270.0,173.0
270.0,234.0
270.0,750.0
270.0,373.0
270.0,560.0
270.0,656.0
270.0,146.0
270.0,20.0
271.0,548.0
271.0,330.0
271.0,300.0
271.0,812.0
271.0,925.0
271.0,194.0
271.0,416.0
271.0,753.0
271.0,849.0
271.0,976.0
271.0,294.0
271.0,18.0
272.0,224.0
272.0,667.0
272.0,532.0
272.0,810.0
272.0,519.0
272.0,858.0
272.0,84.0
272.0,269.0
272.0,39.0
272.0,289.0
272.0,666.0
272.0,848.0
273.0,353.0
273.0,928.0
273.0,552.0
273.0,205.0
273.0,357.0
273.0,548.0
273.0,310.0
273.0,55.0
273.0,496.0
273.0,631.0
273.0,33.0
273.0,34.0
274.0,100.0
274.0,426.0
274.0,611.0
274.0,865.0
274.0,42.0
274.0,837.0
274.0,770.0
274.0,779.0
274.0,335.0
274.0,264.0
274.0,904.0
274.0,354.0
275.0,623.0
275.0,1008.0
275.0,55.0
275.0,634.0
275.0,70.0
275.0,516.0
275.0,435.0
275.0,824.0
275.0,697.0
275.0,746.0
275.0,257.0
275.0,171.0
276.0,380.0
276.0,683.0
276.0,690.0
276.0,130.0
276.0,387.0
276.0,217.0
276.0,959.0
276.0,407.0
276.0,805.0
276.0,537.0
276.0,67.0
276.0,308.0
277.0,42.0
277.0,229.0
277.0,547.0
277.0,52.0
277.0,818.0
277.0,278.0
277.0,653.0
277.0,1035.0
277.0,46.0
277.0,15.0
277.0,966.0
277.0,227.0
278.0,989.0
278.0,110.0
278.0,572.0
278.0,835.0
278.0,972.0
278.0,67.0
278.0,274.0
278.0,513.0
278.0,349.0
278.0,374.0
278.0,770.0
278.0,347.0
279.0,822.0
279.0,571.0
279.0,540.0
279.0,1016.0
279.0,1006.0
279.0,625.0
279.0,534.0
279.0,242.0
279.0,682.0
279.0,906.0
279.0,470.0
279.0,1008.0
280.0,1031.0
280.0,770.0
280.0,428.0
280.0,501.0
280.0,840.0
280.0,949.0
280.0,623.0
280.0,901.0
280.0,176.0
280.0,119.0
280.0,778.0
280.0,969.0
281.0,724.0
281.0,580.0
281.0,401.0
281.0,107.0
281.0,508.0
281.0,737.0
281.0,475.0
281.0,690.0
281.0,445.0
281.0,79.0
281.0,874.0
281.0,958.0
282.0,114.0
282.0,867.0
282.0,40.0
282.0,998.0
282.0,306.0
282.0,152.0
282.0,1016.0
282.0,336.0
282.0,615.0
282.0,182.0
282.0,21.0
282.0,611.0
283.0,221.0
283.0,543.0
283.0,541.0
283.0,524.0
283.0,176.0
283.0,13.0
283.0,718.0
283.0,407.0
283.0,254.0
283.0,282.0
283.0,690.0
283.0,648.0
284.0,196.0
284.0,547.0
284.0,1008.0
284.0,233.0
284.0,407.0
284.0,546.0
284.0,227.0
284.0,1031.0
284.0,829.0
284.0,211.0
284.0,157.0
284.0,738.0
285.0,361.0
285.0,444.0
285.0,90.0
285.0,106.0
285.0,328.0
285.0,281.0
285.0,897.0
285.0,238.0
285.0,746.0
285.0,117.0
285.0,477.0
285.0,381.0
286.0,167.0
286.0,524.0
286.0,61.0
286.0,290.0
286.0,973.0
286.0,607.0
286.0,531.0
286.0,329.0
286.0,845.0
286.0,652.0
286.0,138.0
286.0,668.0
287.0,707.0
287.0,884.0
287.0,773.0
287.0,925.0
287.0,571.0
287.0,407.0
287.0,30.0
287.0,19.0
287.0,261.0
287.0,54.0
287.0,224.0
287.0,946.0
288.0,130.0
288.0,658.0
288.0,149.0
288.0,507.0
288.0,285.0
288.0,436.0
288.0,246.0
288.0,103.0
288.0,213.0
288.0,331.0
288.0,924.0
288.0,360.0
289.0,634.0
289.0,272.0
289.0,483.0
289.0,983.0
289.0,876.0
289.0,997.0
289.0,300.0
289.0,260.0
289.0,990.0
289.0,294.0
289.0,672.0
289.0,333.0
290.0,607.0
290.0,597.0
290.0,438.0
290.0,546.0
290.0,954.0
290.0,573.0
290.0,54.0
290.0,395.0
290.0,907.0
290.0,462.0
290.0,226.0
290.0,614.0
291.0,513.0
291.0,126.0
291.0,205.0
291.0,749.0
291.0,430.0
291.0,753.0
291.0,369.0
291.0,522.0
291.0,269.0
291.0,820.0
291.0,189.0
291.0,135.0
292.0,367.0
292.0,845.0
292.0,746.0
292.0,283.0
292.0,220.0
292.0,357.0
292.0,748.0
292.0,865.0
292.0,790.0
292.0,902.0
292.0,332.0
292.0,497.0
293.0,853.0
293.0,5.0
293.0,315.0
293.0,386.0
293.0,45.0
293.0,811.0
293.0,227.0
293.0,639.0
293.0,166.0
293.0,446.0
293.0,693.0
293.0,907.0
294.0,189.0
294.0,268.0
294.0,0.0
294.0,633.0
294.0,758.0
294.0,300.0
294.0,193.0
294.0,525.0
294.0,541.0
294.0,933.0
294.0,289.0
294.0,825.0
295.0,294.0
295.0,792.0
295.0,513.0
295.0,559.0
295.0,861.0
295.0,435.0
295.0,1001.0
295.0,337.0
295.0,171.0
295.0,280.0
295.0,52.0
295.0,289.0
296.0,942.0
296.0,999.0
296.0,1009.0
296.0,611.0
296.0,29.0
296.0,700.0
296.0,415.0
296.0,254.0
296.0,1012.0
296.0,1023.0
296.0,938.0
296.0,809.0
297.0,305.0
297.0,526.0
297.0,487.0
297.0,488.0
297.0,641.0
297.0,799.0
297.0,405.0
297.0,270.0
297.0,705.0
297.0,201.0
297.0,159.0
297.0,974.0
298.0,956.0
298.0,187.0
298.0,924.0
298.0,938.0
298.0,620.0
298.0,569.0
298.0,887.0
298.0,531.0
298.0,102.0
298.0,19.0
298.0,1020.0
298.0,50.0
299.0,397.0
299.0,423.0
299.0,691.0
299.0,198.0
299.0,945.0
299.0,974.0
299.0,809.0
299.0,630.0
299.0,204.0
299.0,400.0
299.0,681.0
299.0,573.0
300.0,919.0
300.0,952.0
300.0,123.0
300.0,1001.0
300.0,597.0
300.0,33.0
300.0,112.0
300.0,990.0
300.0,1024.0
300.0,701.0
300.0,103.0
300.0,36.0
301.0,29.0
301.0,363.0
301.0,436.0
301.0,185.0
301.0,947.0
301.0,925.0
301.0,271.0
301.0,917.0
301.0,971.0
301.0,369.0
301.0,143.0
301.0,226.0
302.0,671.0
302.0,46.0
302.0,792.0
302.0,542.0
302.0,312.0
302.0,818.0
302.0,229.0
302.0,915.0
302.0,310.0
302.0,696.0
302.0,105.0
302.0,657.0
303.0,998.0
303.0,402.0
303.0,937.0
303.0,928.0
303.0,758.0
303.0,794.0
303.0,2.0
303.0,90.0
303.0,346.0
303.0,420.0
303.0,511.0
303.0,971.0
304.0,176.0
304.0,191.0
304.0,226.0
304.0,746.0
304.0,286.0
304.0,545.0
304.0,501.0
304.0,531.0
304.0,276.0
304.0,705.0
304.0,367.0
304.0,331.0
305.0,358.0
305.0,108.0
305.0,669.0
305.0,510.0
305.0,106.0
305.0,285.0
305.0,885.0
305.0,297.0
305.0,136.0
305.0,665.0
305.0,86.0
305.0,1003.0
306.0,468.0
306.0,238.0
306.0,768.0
306.0,644.0
306.0,380.0
306.0,189.0
306.0,595.0
306.0,114.0
306.0,292.0
306.0,750.0
306.0,1022.0
306.0,814.0
307.0,695.0
307.0,845.0
307.0,440.0
307.0,475.0
307.0,554.0
307.0,592.0
307.0,299.0
307.0,163.0
307.0,217.0
307.0,1016.0
307.0,890.0
307.0,298.0
308.0,583.0
308.0,41.0
308.0,261.0
308.0,773.0
308.0,736.0
308.0,540.0
308.0,170.0
308.0,155.0
308.0,1019.0
308.0,491.0
308.0,608.0
308.0,151.0
309.0,462.0
309.0,913.0
309.0,718.0
309.0,800.0
309.0,121.0
309.0,407.0
309.0,449.0
309.0,939.0
309.0,1004.0
309.0,327.0
309.0,592.0
309.0,739.0
310.0,557.0
310.0,430.0
310.0,686.0
310.0,590.0
310.0,115.0
310.0,332.0
310.0,1030.0
310.0,953.0
310.0,1028.0
310.0,559.0
310.0,920.0
310.0,103.0
311.0,581.0
311.0,477.0
311.0,19.0
311.0,210.0
311.0,978.0
311.0,886.0
311.0,297.0
311.0,854.0
311.0,869.0
311.0,468.0
311.0,804.0
311.0,1020.0
312.0,600.0
312.0,898.0
312.0,808.0
312.0,710.0
312.0,186.0
312.0,622.0
312.0,778.0
312.0,994.0
312.0,624.0
312.0,695.0
312.0,105.0
312.0,901.0
313.0,665.0
313.0,856.0
313.0,874.0
313.0,410.0
313.0,182.0
313.0,287.0
313.0,491.0
313.0,565.0
313.0,707.0
313.0,537.0
313.0,331.0
313.0,327.0
314.0,132.0
314.0,798.0
314.0,65.0
314.0,728.0
314.0,918.0
314.0,734.0
314.0,626.0
314.0,999.0
314.0,350.0
314.0,699.0
314.0,632.0
314.0,675.0
315.0,627.0
315.0,865.0
315.0,162.0
315.0,485.0
315.0,823.0
315.0,51.0
315.0,188.0
315.0,58.0
315.0,232.0
315.0,1016.0
315.0,859.0
315.0,902.0
316.0,200.0
316.0,10.0
316.0,239.0
316.0,394.0
316.0,458.0
316.0,187.0
316.0,467.0
316.0,632.0
316.0,132.0
316.0,601.0
316.0,177.0
316.0,292.0
317.0,440.0
317.0,250.0
317.0,56.0
317.0,803.0
317.0,711.0
317.0,258.0
317.0,434.0
317.0,979.0
317.0,989.0
317.0,522.0
317.0,15.0
317.0,77.0
318.0,1000.0
318.0,349.0
318.0,556.0
318.0,706.0
318.0,19.0
318.0,299.0
318.0,79.0
318.0,235.0
318.0,258.0
318.0,298.0
318.0,20.0
318.0,290.0
319.0,475.0
319.0,368.0
319.0,522.0
319.0,545.0
319.0,1035.0
319.0,974.0
319.0,27.0
319.0,290.0
319.0,969.0
319.0,395.0
319.0,111.0
319.0,664.0
320.0,144.0
320.0,180.0
320.0,106.0
320.0,403.0
320.0,304.0
320.0,616.0
320.0,934.0
320.0,790.0
320.0,976.0
320.0,292.0
320.0,3.0
320.0,375.0
321.0,588.0
321.0,48.0
321.0,177.0
321.0,114.0
321.0,821.0
321.0,89.0
321.0,616.0
321.0,872.0
321.0,685.0
321.0,159.0
321.0,68.0
321.0,468.0
322.0,301.0
322.0,170.0
322.0,738.0
322.0,883.0
322.0,988.0
322.0,700.0
322.0,587.0
322.0,67.0
322.0,978.0
322.0,791.0
322.0,690.0
322.0,932.0
323.0,824.0
323.0,170.0
323.0,875.0
323.0,590.0
323.0,945.0
323.0,220.0
323.0,1005.0
323.0,98.0
323.0,559.0
323.0,47.0
323.0,731.0
323.0,973.0
324.0,1024.0
324.0,1006.0
324.0,808.0
324.0,570.0
324.0,996.0
324.0,489.0
324.0,295.0
324.0,789.0
324.0,739.0
324.0,18.0
324.0,280.0
324.0,610.0
325.0,762.0
325.0,877.0
325.0,841.0
325.0,203.0
325.0,628.0
325.0,727.0
325.0,595.0
325.0,918.0
325.0,669.0
325.0,802.0
325.0,616.0
325.0,159.0
326.0,552.0
326.0,769.0
326.0,732.0
326.0,1004.0
326.0,656.0
326.0,603.0
326.0,360.0
326.0,137.0
326.0,746.0
326.0,777.0
326.0,179.0
326.0,405.0
327.0,337.0
327.0,359.0
327.0,550.0
327.0,167.0
327.0,847.0
327.0,24.0
327.0,67.0
327.0,710.0
327.0,513.0
327.0,996.0
327.0,570.0
327.0,428.0
328.0,168.0
328.0,1021.0
328.0,617.0
328.0,162.0
328.0,564.0
328.0,790.0
328.0,204.0
328.0,139.0
328.0,680.0
328.0,452.0
328.0,1002.0
328.0,48.0
329.0,1009.0
329.0,411.0
329.0,719.0
329.0,1011.0
329.0,449.0
329.0,395.0
329.0,820.0
329.0,171.0
329.0,113.0
329.0,433.0
329.0,331.0
329.0,722.0
330.0,501.0
330.0,708.0
330.0,154.0
330.0,863.0
330.0,538.0
330.0,296.0
330.0,747.0
330.0,380.0
330.0,181.0
330.0,79.0
330.0,545.0
330.0,887.0
331.0,914.0
331.0,1019.0
331.0,107.0
331.0,9.0
331.0,837.0
331.0,970.0
331.0,809.0
331.0,189.0
331.0,514.0
331.0,279.0
331.0,83.0
331.0,790.0
332.0,954.0
332.0,191.0
332.0,189.0
332.0,111.0
332.0,779.0
332.0,777.0
332.0,30.0
332.0,982.0
332.0,430.0
332.0,744.0
332.0,524.0
332.0,497.0
333.0,925.0
333.0,711.0
333.0,391.0
333.0,302.0
333.0,633.0
333.0,920.0
333.0,70.0
333.0,544.0
333.0,453.0
333.0,657.0
333.0,122.0
333.0,783.0
334.0,907.0
334.0,942.0
334.0,637.0
334.0,640.0
334.0,687.0
334.0,945.0
334.0,838.0
334.0,290.0
334.0,250.0
334.0,440.0
334.0,1003.0
334.0,78.0
335.0,130.0
335.0,608.0
335.0,938.0
335.0,779.0
335.0,440.0
335.0,584.0
335.0,4.0
335.0,922.0
335.0,695.0
335.0,155.0
335.0,907.0
335.0,789.0
336.0,228.0
336.0,380.0
336.0,887.0
336.0,111.0
336.0,565.0
336.0,760.0
336.0,902.0
336.0,903.0
336.0,239.0
336.0,973.0
336.0,770.0
336.0,651.0
337.0,104.0
337.0,779.0
337.0,636.0
337.0,1011.0
337.0,950.0
337.0,14.0
337.0,840.0
337.0,1018.0
337.0,141.0
337.0,909.0
337.0,319.0
337.0,686.0
338.0,446.0
338.0,398.0
338.0,351.0
338.0,593.0
338.0,145.0
338.0,143.0
338.0,441.0
338.0,517.0
338.0,693.0
338.0,796.0
338.0,237.0
338.0,616.0
339.0,838.0
339.0,98.0
339.0,765.0
339.0,542.0
339.0,286.0
339.0,599.0
339.0,318.0
339.0,548.0
339.0,664.0
339.0,524.0
339.0,319.0
339.0,38.0
340.0,503.0
340.0,555.0
340.0,416.0
340.0,246.0
340.0,631.0
340.0,730.0
340.0,506.0
340.0,126.0
340.0,874.0
340.0,251.0
340.0,183.0
340.0,650.0
341.0,248.0
341.0,1027.0
341.0,216.0
341.0,712.0
341.0,855.0
341.0,944.0
341.0,179.0
341.0,903.0
341.0,211.0
341.0,430.0
341.0,554.0
341.0,664.0
342.0,131.0
342.0,923.0
342.0,878.0
342.0,760.0
342.0,892.0
342.0,341.0
342.0,155.0
342.0,179.0
342.0,545.0
342.0,553.0
342.0,512.0
342.0,27.0
343.0,552.0
343.0,774.0
343.0,733.0
343.0,61.0
343.0,415.0
343.0,881.0
343.0,207.0
343.0,116.0
343.0,1027.0
343.0,234.0
343.0,475.0
343.0,149.0
344.0,393.0
344.0,294.0
344.0,77.0
344.0,203.0
344.0,383.0
344.0,1013.0
344.0,730.0
344.0,464.0
344.0,268.0
344.0,544.0
344.0,111.0
344.0,901.0
345.0,315.0
345.0,258.0
345.0,1021.0
345.0,988.0
345.0,411.0
345.0,793.0
345.0,784.0
345.0,400.0
345.0,663.0
345.0,671.0
345.0,225.0
345.0,446.0
346.0,633.0
346.0,935.0
346.0,363.0
346.0,76.0
346.0,401.0
346.0,136.0
346.0,81.0
346.0,590.0
346.0,686.0
346.0,410.0
346.0,928.0
346.0,118.0
347.0,865.0
347.0,972.0
347.0,521.0
347.0,870.0
347.0,5.0
347.0,918.0
347.0,859.0
347.0,476.0
347.0,372.0
347.0,53.0
347.0,474.0
347.0,1.0
348.0,54.0
348.0,814.0
348.0,282.0
348.0,244.0
348.0,192.0
348.0,826.0
348.0,3.0
348.0,958.0
348.0,287.0
348.0,518.0
348.0,520.0
348.0,799.0
349.0,699.0
349.0,397.0
349.0,926.0
349.0,708.0
349.0,828.0
349.0,786.0
349.0,97.0
349.0,75.0
349.0,672.0
349.0,462.0
349.0,550.0
349.0,735.0
350.0,804.0
350.0,373.0
350.0,752.0
350.0,184.0
350.0,401.0
350.0,658.0
350.0,116.0
350.0,173.0
350.0,89.0
350.0,641.0
350.0,626.0
350.0,448.0
351.0,821.0
351.0,717.0
351.0,91.0
351.0,707.0
351.0,823.0
351.0,88.0
351.0,924.0
351.0,309.0
351.0,554.0
351.0,664.0
351.0,456.0
351.0,748.0
352.0,232.0
352.0,972.0
352.0,368.0
352.0,988.0
352.0,683.0
352.0,155.0
352.0,517.0
352.0,883.0
352.0,241.0
352.0,565.0
352.0,431.0
352.0,44.0
353.0,245.0
353.0,261.0
353.0,369.0
353.0,557.0
353.0,570.0
353.0,582.0
353.0,590.0
353.0,77.0
353.0,636.0
353.0,541.0
353.0,646.0
353.0,625.0
354.0,509.0
354.0,485.0
354.0,1033.0
354.0,429.0
354.0,104.0
354.0,404.0
354.0,259.0
354.0,139.0
354.0,517.0
354.0,208.0
354.0,414.0
354.0,944.0
355.0,672.0
355.0,480.0
355.0,723.0
355.0,621.0
355.0,346.0
355.0,580.0
355.0,788.0
355.0,816.0
355.0,881.0
355.0,963.0
355.0,361.0
355.0,224.0
356.0,514.0
356.0,55.0
356.0,657.0
356.0,105.0
356.0,673.0
356.0,655.0
356.0,165.0
356.0,945.0
356.0,169.0
356.0,792.0
356.0,384.0
356.0,622.0
357.0,565.0
357.0,66.0
357.0,948.0
357.0,887.0
357.0,261.0
357.0,620.0
357.0,697.0
357.0,552.0
357.0,414.0
357.0,154.0
357.0,945.0
357.0,652.0
358.0,108.0
358.0,616.0
358.0,197.0
358.0,468.0
358.0,797.0
358.0,173.0
358.0,843.0
358.0,430.0
358.0,726.0
358.0,665.0
358.0,262.0
358.0,226.0
359.0,755.0
359.0,231.0
359.0,942.0
359.0,552.0
359.0,74.0
359.0,61.0
359.0,64.0
359.0,759.0
359.0,343.0
359.0,748.0
359.0,226.0
359.0,269.0
360.0,552.0
360.0,969.0
360.0,877.0
360.0,79.0
360.0,436.0
360.0,775.0
360.0,112.0
360.0,608.0
360.0,1016.0
360.0,279.0
360.0,349.0
360.0,482.0
361.0,634.0
361.0,889.0
361.0,254.0
361.0,482.0
361.0,710.0
361.0,492.0
361.0,949.0
361.0,313.0
361.0,411.0
361.0,682.0
361.0,687.0
361.0,845.0
362.0,409.0
362.0,716.0
362.0,842.0
362.0,156.0
362.0,750.0
362.0,726.0
362.0,707.0
362.0,460.0
362.0,350.0
362.0,881.0
362.0,683.0
362.0,358.0
363.0,667.0
363.0,477.0
363.0,997.0
363.0,507.0
363.0,1012.0
363.0,1011.0
363.0,214.0
363.0,352.0
363.0,471.0
363.0,233.0
363.0,228.0
363.0,896.0
364.0,879.0
364.0,485.0
364.0,708.0
364.0,652.0
364.0,1025.0
364.0,204.0
364.0,217.0
364.0,570.0
364.0,167.0
364.0,132.0
364.0,386.0
364.0,400.0
365.0,147.0
365.0,230.0
365.0,433.0
365.0,248.0
365.0,403.0
365.0,606.0
365.0,316.0
365.0,28.0
365.0,520.0
365.0,814.0
365.0,903.0
365.0,768.0
366.0,633.0
366.0,575.0
366.0,141.0
366.0,502.0
366.0,323.0
366.0,612.0
366.0,662.0
366.0,883.0
366.0,582.0
366.0,1024.0
366.0,873.0
366.0,840.0
367.0,217.0
367.0,411.0
367.0,107.0
367.0,50.0
367.0,620.0
367.0,651.0
367.0,820.0
367.0,105.0
367.0,497.0
367.0,622.0
367.0,553.0
367.0,765.0
368.0,23.0
368.0,932.0
368.0,665.0
368.0,102.0
368.0,718.0
368.0,230.0
368.0,648.0
368.0,79.0
368.0,687.0
368.0,269.0
368.0,540.0
368.0,781.0
369.0,317.0
369.0,259.0
369.0,876.0
369.0,733.0
369.0,631.0
369.0,731.0
369.0,598.0
369.0,824.0
369.0,666.0
369.0,268.0
369.0,191.0
369.0,224.0
370.0,615.0
370.0,146.0
370.0,445.0
370.0,490.0
370.0,1009.0
370.0,374.0
370.0,707.0
370.0,196.0
370.0,304.0
370.0,299.0
370.0,80.0
370.0,423.0
371.0,404.0
371.0,1025.0
371.0,266.0
371.0,948.0
371.0,503.0
371.0,578.0
371.0,732.0
371.0,702.0
371.0,608.0
371.0,710.0
371.0,279.0
371.0,977.0
372.0,6.0
372.0,389.0
372.0,30.0
372.0,102.0
372.0,224.0
372.0,360.0
372.0,971.0
372.0,902.0
372.0,662.0
372.0,288.0
372.0,710.0
372.0,221.0
373.0,480.0
373.0,974.0
373.0,188.0
373.0,804.0
373.0,847.0
373.0,346.0
373.0,84.0
373.0,788.0
373.0,173.0
373.0,116.0
373.0,279.0
373.0,342.0
374.0,497.0
374.0,828.0
374.0,708.0
374.0,684.0
374.0,863.0
374.0,749.0
374.0,479.0
374.0,611.0
374.0,652.0
374.0,469.0
374.0,979.0
374.0,412.0
375.0,520.0
375.0,120.0
375.0,654.0
375.0,125.0
375.0,884.0
375.0,800.0
375.0,613.0
375.0,152.0
375.0,604.0
375.0,588.0
375.0,114.0
375.0,957.0
376.0,733.0
376.0,529.0
376.0,14.0
376.0,422.0
376.0,633.0
376.0,783.0
376.0,984.0
376.0,688.0
376.0,495.0
376.0,551.0
376.0,977.0
376.0,704.0
377.0,123.0
377.0,105.0
377.0,171.0
377.0,35.0
377.0,909.0
377.0,950.0
377.0,216.0
377.0,516.0
377.0,223.0
377.0,72.0
377.0,525.0
377.0,557.0
378.0,286.0
378.0,82.0
378.0,1024.0
378.0,78.0
378.0,449.0
378.0,273.0
378.0,268.0
378.0,479.0
378.0,954.0
378.0,167.0
378.0,933.0
378.0,513.0
379.0,962.0
379.0,569.0
379.0,213.0
379.0,402.0
379.0,618.0
379.0,900.0
379.0,464.0
379.0,625.0
379.0,122.0
379.0,731.0
379.0,340.0
379.0,236.0
380.0,479.0
380.0,767.0
380.0,512.0
380.0,575.0
380.0,313.0
380.0,266.0
380.0,709.0
380.0,304.0
380.0,387.0
380.0,715.0
380.0,341.0
380.0,1016.0
381.0,998.0
381.0,897.0
381.0,619.0
381.0,938.0
381.0,480.0
381.0,532.0
381.0,588.0
381.0,23.0
381.0,116.0
381.0,523.0
381.0,343.0
381.0,487.0
382.0,245.0
382.0,221.0
382.0,375.0
382.0,468.0
382.0,40.0
382.0,296.0
382.0,685.0
382.0,828.0
382.0,192.0
382.0,6.0
382.0,214.0
382.0,123.0
383.0,205.0
383.0,987.0
383.0,289.0
383.0,266.0
383.0,269.0
383.0,1008.0
383.0,1018.0
383.0,541.0
383.0,146.0
383.0,151.0
383.0,84.0
383.0,928.0
384.0,116.0
384.0,126.0
384.0,23.0
384.0,368.0
384.0,571.0
384.0,70.0
384.0,747.0
384.0,994.0
384.0,266.0
384.0,379.0
384.0,554.0
384.0,848.0
385.0,961.0
385.0,181.0
385.0,317.0
385.0,370.0
385.0,831.0
385.0,510.0
385.0,537.0
385.0,953.0
385.0,508.0
385.0,320.0
385.0,979.0
385.0,401.0
386.0,587.0
386.0,58.0
386.0,531.0
386.0,452.0
386.0,486.0
386.0,828.0
386.0,166.0
386.0,998.0
386.0,632.0
386.0,42.0
386.0,859.0
386.0,927.0
387.0,964.0
387.0,740.0
387.0,955.0
387.0,934.0
387.0,605.0
387.0,838.0
387.0,491.0
387.0,252.0
387.0,668.0
387.0,242.0
387.0,690.0
387.0,466.0
388.0,1011.0
388.0,706.0
388.0,221.0
388.0,834.0
388.0,987.0
388.0,1004.0
388.0,737.0
388.0,267.0
388.0,919.0
388.0,828.0
388.0,143.0
388.0,895.0
389.0,359.0
389.0,712.0
389.0,763.0
389.0,63.0
389.0,113.0
389.0,214.0
389.0,546.0
389.0,674.0
389.0,469.0
389.0,903.0
389.0,518.0
389.0,491.0
390.0,1011.0
390.0,771.0
390.0,752.0
390.0,654.0
390.0,685.0
390.0,802.0
390.0,282.0
390.0,334.0
390.0,762.0
390.0,325.0
390.0,484.0
390.0,437.0
391.0,590.0
391.0,906.0
391.0,260.0
391.0,519.0
391.0,582.0
391.0,983.0
391.0,295.0
391.0,435.0
391.0,333.0
391.0,377.0
391.0,631.0
391.0,300.0
392.0,278.0
392.0,566.0
392.0,492.0
392.0,600.0
392.0,915.0
392.0,1001.0
392.0,471.0
392.0,277.0
392.0,568.0
392.0,661.0
392.0,418.0
392.0,529.0
393.0,434.0
393.0,973.0
393.0,165.0
393.0,410.0
393.0,77.0
393.0,721.0
393.0,300.0
393.0,271.0
393.0,666.0
393.0,817.0
393.0,935.0
393.0,697.0
394.0,177.0
394.0,941.0
394.0,596.0
394.0,97.0
394.0,26.0
394.0,680.0
394.0,919.0
394.0,109.0
394.0,123.0
394.0,4.0
394.0,614.0
394.0,240.0
395.0,44.0
395.0,307.0
395.0,665.0
395.0,970.0
395.0,397.0
395.0,367.0
395.0,847.0
395.0,283.0
395.0,220.0
395.0,82.0
395.0,902.0
395.0,952.0
396.0,492.0
396.0,664.0
396.0,1018.0
396.0,840.0
396.0,392.0
396.0,568.0
396.0,901.0
396.0,137.0
396.0,104.0
396.0,49.0
396.0,659.0
396.0,140.0
397.0,712.0
397.0,777.0
397.0,308.0
397.0,719.0
397.0,868.0
397.0,407.0
397.0,295.0
397.0,252.0
397.0,802.0
397.0,492.0
397.0,42.0
397.0,179.0
398.0,763.0
398.0,131.0
398.0,652.0
398.0,999.0
398.0,499.0
398.0,176.0
398.0,802.0
398.0,145.0
398.0,859.0
398.0,209.0
398.0,904.0
398.0,338.0
399.0,541.0
399.0,854.0
399.0,819.0
399.0,149.0
399.0,213.0
399.0,440.0
399.0,381.0
399.0,919.0
399.0,741.0
399.0,222.0
399.0,285.0
399.0,465.0
400.0,1.0
400.0,993.0
400.0,140.0
400.0,778.0
400.0,441.0
400.0,1010.0
400.0,796.0
400.0,474.0
400.0,45.0
400.0,418.0
400.0,722.0
400.0,766.0
401.0,358.0
401.0,270.0
401.0,842.0
401.0,488.0
401.0,1019.0
401.0,66.0
401.0,826.0
401.0,450.0
401.0,384.0
401.0,591.0
401.0,618.0
401.0,953.0
402.0,908.0
402.0,90.0
402.0,971.0
402.0,761.0
402.0,638.0
402.0,825.0
402.0,175.0
402.0,848.0
402.0,886.0
402.0,346.0
402.0,913.0
402.0,559.0
403.0,152.0
403.0,405.0
403.0,617.0
403.0,769.0
403.0,564.0
403.0,468.0
403.0,320.0
403.0,717.0
403.0,980.0
403.0,147.0
403.0,958.0
403.0,297.0
404.0,57.0
404.0,245.0
404.0,140.0
404.0,104.0
404.0,91.0
404.0,713.0
404.0,916.0
404.0,158.0
404.0,1014.0
404.0,879.0
404.0,727.0
404.0,329.0
405.0,512.0
405.0,17.0
405.0,884.0
405.0,526.0
405.0,998.0
405.0,153.0
405.0,842.0
405.0,316.0
405.0,623.0
405.0,54.0
405.0,463.0
405.0,975.0
406.0,156.0
406.0,382.0
406.0,884.0
406.0,439.0
406.0,573.0
406.0,108.0
406.0,588.0
406.0,184.0
406.0,399.0
406.0,16.0
406.0,757.0
406.0,526.0
407.0,863.0
407.0,206.0
407.0,179.0
407.0,187.0
407.0,1014.0
407.0,149.0
407.0,157.0
407.0,9.0
407.0,700.0
407.0,667.0
407.0,78.0
407.0,518.0
408.0,1008.0
408.0,746.0
408.0,261.0
408.0,997.0
408.0,266.0
408.0,80.0
408.0,781.0
408.0,163.0
408.0,890.0
408.0,196.0
408.0,205.0
408.0,758.0
409.0,456.0
409.0,469.0
409.0,827.0
409.0,3.0
409.0,470.0
409.0,388.0
409.0,264.0
409.0,768.0
409.0,595.0
409.0,716.0
409.0,778.0
409.0,192.0
410.0,1005.0
410.0,960.0
410.0,827.0
410.0,181.0
410.0,558.0
410.0,824.0
410.0,344.0
410.0,826.0
410.0,179.0
410.0,642.0
410.0,749.0
410.0,385.0
411.0,319.0
411.0,831.0
411.0,178.0
411.0,956.0
411.0,463.0
411.0,206.0
411.0,944.0
411.0,481.0
411.0,233.0
411.0,386.0
411.0,356.0
411.0,165.0
412.0,860.0
412.0,946.0
412.0,795.0
412.0,372.0
412.0,460.0
412.0,473.0
412.0,78.0
412.0,343.0
412.0,213.0
412.0,381.0
412.0,450.0
412.0,747.0
413.0,888.0
413.0,896.0
413.0,579.0
413.0,349.0
413.0,735.0
413.0,467.0
413.0,500.0
413.0,1011.0
413.0,68.0
413.0,113.0
413.0,101.0
413.0,604.0
414.0,252.0
414.0,517.0
414.0,287.0
414.0,361.0
414.0,158.0
414.0,501.0
414.0,832.0
414.0,367.0
414.0,950.0
414.0,61.0
414.0,317.0
414.0,208.0
415.0,3.0
415.0,342.0
415.0,421.0
415.0,609.0
415.0,226.0
415.0,680.0
415.0,1007.0
415.0,847.0
415.0,992.0
415.0,979.0
415.0,943.0
415.0,445.0
416.0,807.0
416.0,623.0
416.0,157.0
416.0,817.0
416.0,592.0
416.0,369.0
416.0,20.0
416.0,997.0
416.0,974.0
416.0,485.0
416.0,130.0
416.0,990.0
417.0,869.0
417.0,934.0
417.0,746.0
417.0,54.0
417.0,795.0
417.0,48.0
417.0,32.0
417.0,717.0
417.0,862.0
417.0,287.0
417.0,9.0
417.0,745.0
418.0,547.0
418.0,700.0
418.0,19.0
418.0,339.0
418.0,228.0
418.0,371.0
418.0,598.0
418.0,429.0
418.0,682.0
418.0,735.0
418.0,97.0
418.0,522.0
419.0,911.0
419.0,875.0
419.0,775.0
419.0,788.0
419.0,827.0
419.0,234.0
419.0,1009.0
419.0,207.0
419.0,619.0
419.0,951.0
419.0,843.0
419.0,656.0
420.0,206.0
420.0,81.0
420.0,496.0
420.0,1030.0
420.0,430.0
420.0,805.0
420.0,753.0
420.0,224.0
420.0,402.0
420.0,331.0
420.0,662.0
420.0,609.0
421.0,172.0
421.0,291.0
421.0,174.0
421.0,475.0
421.0,401.0
421.0,21.0
421.0,948.0
421.0,591.0
421.0,956.0
421.0,238.0
421.0,745.0
421.0,523.0
422.0,819.0
422.0,807.0
422.0,222.0
422.0,920.0
422.0,492.0
422.0,657.0
422.0,416.0
422.0,76.0
422.0,751.0
422.0,599.0
422.0,35.0
422.0,783.0
423.0,188.0
423.0,718.0
423.0,333.0
423.0,879.0
423.0,25.0
423.0,462.0
423.0,497.0
423.0,1014.0
423.0,863.0
423.0,1025.0
423.0,123.0
423.0,1035.0
424.0,605.0
424.0,351.0
424.0,112.0
424.0,749.0
424.0,690.0
424.0,737.0
424.0,784.0
424.0,111.0
424.0,921.0
424.0,119.0
424.0,75.0
424.0,1029.0
425.0,148.0
425.0,358.0
425.0,985.0
425.0,528.0
425.0,311.0
425.0,406.0
425.0,646.0
425.0,976.0
425.0,612.0
425.0,774.0
425.0,320.0
425.0,828.0
426.0,506.0
426.0,233.0
426.0,693.0
426.0,185.0
426.0,999.0
426.0,199.0
426.0,110.0
426.0,449.0
426.0,99.0
426.0,1025.0
426.0,865.0
426.0,8.0
427.0,512.0
427.0,597.0
427.0,408.0
427.0,642.0
427.0,494.0
427.0,111.0
427.0,1019.0
427.0,79.0
427.0,845.0
427.0,438.0
427.0,307.0
427.0,213.0
428.0,845.0
428.0,983.0
428.0,34.0
428.0,577.0
428.0,222.0
428.0,107.0
428.0,944.0
428.0,242.0
428.0,479.0
428.0,54.0
428.0,696.0
428.0,674.0
429.0,396.0
429.0,834.0
429.0,871.0
429.0,329.0
429.0,743.0
429.0,1035.0
429.0,793.0
429.0,45.0
429.0,391.0
429.0,766.0
429.0,700.0
429.0,690.0
430.0,533.0
430.0,620.0
430.0,931.0
430.0,809.0
430.0,553.0
430.0,705.0
430.0,830.0
430.0,884.0
430.0,603.0
430.0,753.0
430.0,863.0
430.0,224.0
431.0,254.0
431.0,605.0
431.0,846.0
431.0,434.0
431.0,668.0
431.0,913.0
431.0,863.0
431.0,736.0
431.0,42.0
431.0,648.0
431.0,877.0
431.0,599.0
432.0,485.0
432.0,476.0
432.0,426.0
432.0,639.0
432.0,671.0
432.0,30.0
432.0,602.0
432.0,840.0
432.0,216.0
432.0,871.0
432.0,805.0
432.0,677.0
433.0,520.0
433.0,846.0
433.0,253.0
433.0,28.0
433.0,120.0
433.0,850.0
433.0,903.0
433.0,204.0
433.0,314.0
433.0,109.0
433.0,828.0
433.0,595.0
434.0,74.0
434.0,764.0
434.0,668.0
434.0,256.0
434.0,369.0
434.0,310.0
434.0,250.0
434.0,35.0
434.0,98.0
434.0,24.0
434.0,288.0
434.0,913.0
435.0,997.0
435.0,682.0
435.0,369.0
435.0,83.0
435.0,502.0
435.0,969.0
435.0,188.0
435.0,36.0
435.0,951.0
435.0,825.0
435.0,532.0
435.0,250.0
436.0,478.0
436.0,176.0
436.0,539.0
436.0,151.0
436.0,615.0
436.0,242.0
436.0,558.0
436.0,765.0
436.0,61.0
436.0,168.0
436.0,553.0
436.0,731.0
437.0,92.0
437.0,576.0
437.0,1026.0
437.0,153.0
437.0,527.0
437.0,654.0
437.0,17.0
437.0,210.0
437.0,732.0
437.0,59.0
437.0,676.0
437.0,614.0
438.0,479.0
438.0,667.0
438.0,307.0
438.0,531.0
438.0,946.0
438.0,530.0
438.0,971.0
438.0,210.0
438.0,896.0
438.0,374.0
438.0,620.0
438.0,395.0
439.0,715.0
439.0,839.0
439.0,1025.0
439.0,632.0
439.0,365.0
439.0,57.0
439.0,17.0
439.0,499.0
439.0,620.0
439.0,545.0
439.0,930.0
439.0,139.0
440.0,538.0
440.0,15.0
440.0,945.0
440.0,220.0
440.0,730.0
440.0,874.0
440.0,736.0
440.0,941.0
440.0,938.0
440.0,464.0
440.0,894.0
440.0,407.0
441.0,278.0
441.0,93.0
441.0,121.0
441.0,815.0
441.0,840.0
441.0,429.0
441.0,341.0
441.0,185.0
441.0,1.0
441.0,237.0
441.0,79.0
441.0,386.0
442.0,837.0
442.0,47.0
442.0,482.0
442.0,743.0
442.0,245.0
442.0,275.0
442.0,765.0
442.0,827.0
442.0,973.0
442.0,67.0
442.0,658.0
442.0,307.0
443.0,399.0
443.0,1032.0
443.0,833.0
443.0,355.0
443.0,13.0
443.0,741.0
443.0,638.0
443.0,569.0
443.0,589.0
443.0,7.0
443.0,402.0
443.0,761.0
444.0,343.0
444.0,192.0
444.0,606.0
444.0,478.0
444.0,574.0
444.0,4.0
444.0,226.0
444.0,285.0
444.0,236.0
444.0,148.0
444.0,776.0
444.0,854.0
445.0,475.0
445.0,962.0
445.0,1016.0
445.0,994.0
445.0,826.0
445.0,786.0
445.0,574.0
445.0,755.0
445.0,127.0
445.0,363.0
445.0,221.0
445.0,4.0
446.0,449.0
446.0,966.0
446.0,538.0
446.0,359.0
446.0,426.0
446.0,315.0
446.0,1021.0
446.0,101.0
446.0,793.0
446.0,597.0
446.0,113.0
446.0,225.0
447.0,555.0
447.0,443.0
447.0,272.0
447.0,788.0
447.0,192.0
447.0,178.0
447.0,661.0
447.0,943.0
447.0,772.0
447.0,77.0
447.0,194.0
447.0,7.0
448.0,919.0
448.0,285.0
448.0,470.0
448.0,1000.0
448.0,911.0
448.0,892.0
448.0,885.0
448.0,508.0
448.0,843.0
448.0,362.0
448.0,305.0
448.0,234.0
449.0,357.0
449.0,1014.0
449.0,596.0
449.0,655.0
449.0,395.0
449.0,239.0
449.0,781.0
449.0,221.0
449.0,462.0
449.0,166.0
449.0,838.0
449.0,765.0
450.0,174.0
450.0,718.0
450.0,971.0
450.0,646.0
450.0,893.0
450.0,493.0
450.0,510.0
450.0,867.0
450.0,618.0
450.0,775.0
450.0,143.0
450.0,774.0
451.0,398.0
451.0,314.0
451.0,200.0
451.0,249.0
451.0,685.0
451.0,605.0
451.0,26.0
451.0,151.0
451.0,417.0
451.0,681.0
451.0,1026.0
451.0,109.0
452.0,9.0
452.0,527.0
452.0,624.0
452.0,168.0
452.0,865.0
452.0,354.0
452.0,185.0
452.0,93.0
452.0,725.0
452.0,579.0
452.0,429.0
452.0,509.0
453.0,1001.0
453.0,612.0
453.0,625.0
453.0,312.0
453.0,525.0
453.0,295.0
453.0,751.0
453.0,300.0
453.0,734.0
453.0,67.0
453.0,636.0
453.0,489.0
454.0,482.0
454.0,344.0
454.0,881.0
454.0,557.0
454.0,178.0
454.0,440.0
454.0,271.0
454.0,692.0
454.0,369.0
454.0,806.0
454.0,324.0
454.0,337.0
455.0,674.0
455.0,683.0
455.0,897.0
455.0,788.0
455.0,384.0
455.0,994.0
455.0,370.0
455.0,359.0
455.0,369.0
455.0,494.0
455.0,1020.0
455.0,672.0
456.0,967.0
456.0,587.0
456.0,521.0
456.0,414.0
456.0,978.0
456.0,828.0
456.0,364.0
456.0,424.0
456.0,349.0
456.0,713.0
456.0,199.0
456.0,259.0
457.0,223.0
457.0,498.0
457.0,610.0
457.0,232.0
457.0,551.0
457.0,171.0
457.0,701.0
457.0,18.0
457.0,599.0
457.0,422.0
457.0,887.0
457.0,138.0
458.0,230.0
458.0,596.0
458.0,198.0
458.0,693.0
458.0,872.0
458.0,438.0
458.0,680.0
458.0,313.0
458.0,193.0
458.0,161.0
458.0,314.0
458.0,417.0
459.0,1015.0
459.0,152.0
459.0,562.0
459.0,209.0
459.0,128.0
459.0,813.0
459.0,800.0
459.0,89.0
459.0,348.0
459.0,584.0
459.0,360.0
459.0,108.0
460.0,573.0
460.0,626.0
460.0,764.0
460.0,304.0
460.0,716.0
460.0,328.0
460.0,61.0
460.0,510.0
460.0,586.0
460.0,958.0
460.0,545.0
460.0,132.0
461.0,1002.0
461.0,1035.0
461.0,1000.0
461.0,629.0
461.0,101.0
461.0,209.0
461.0,490.0
461.0,680.0
461.0,735.0
461.0,838.0
461.0,449.0
461.0,30.0
462.0,486.0
462.0,113.0
462.0,292.0
462.0,514.0
462.0,413.0
462.0,24.0
462.0,740.0
462.0,765.0
462.0,628.0
462.0,261.0
462.0,837.0
462.0,865.0
463.0,87.0
463.0,189.0
463.0,724.0
463.0,538.0
463.0,473.0
463.0,154.0
463.0,24.0
463.0,989.0
463.0,765.0
463.0,56.0
463.0,430.0
463.0,659.0
464.0,972.0
464.0,866.0
464.0,893.0
464.0,460.0
464.0,136.0
464.0,523.0
464.0,215.0
464.0,946.0
464.0,393.0
464.0,271.0
464.0,81.0
464.0,683.0
465.0,401.0
465.0,346.0
465.0,256.0
465.0,998.0
465.0,270.0
465.0,942.0
465.0,160.0
465.0,960.0
465.0,480.0
465.0,148.0
465.0,589.0
465.0,383.0
466.0,846.0
466.0,290.0
466.0,423.0
466.0,840.0
466.0,805.0
466.0,964.0
466.0,879.0
466.0,298.0
466.0,473.0
466.0,30.0
466.0,533.0
466.0,307.0
467.0,954.0
467.0,763.0
467.0,961.0
467.0,349.0
467.0,680.0
467.0,912.0
467.0,121.0
467.0,230.0
467.0,842.0
467.0,1011.0
467.0,927.0
467.0,101.0
468.0,786.0
468.0,1022.0
468.0,425.0
468.0,262.0
468.0,311.0
468.0,460.0
468.0,192.0
468.0,121.0
468.0,831.0
468.0,892.0
468.0,725.0
468.0,319.0
469.0,80.0
469.0,109.0
469.0,31.0
469.0,342.0
469.0,28.0
469.0,389.0
469.0,304.0
469.0,403.0
469.0,248.0
469.0,253.0
469.0,91.0
469.0,708.0
470.0,953.0
470.0,430.0
470.0,226.0
470.0,29.0
470.0,868.0
470.0,83.0
470.0,308.0
470.0,548.0
470.0,543.0
470.0,3.0
470.0,982.0
470.0,1000.0
471.0,476.0
471.0,495.0
471.0,851.0
471.0,865.0
471.0,653.0
471.0,277.0
471.0,195.0
471.0,472.0
471.0,789.0
471.0,972.0
471.0,354.0
471.0,521.0
472.0,578.0
472.0,436.0
472.0,72.0
472.0,554.0
472.0,339.0
472.0,809.0
472.0,525.0
472.0,789.0
472.0,95.0
472.0,514.0
472.0,925.0
472.0,547.0
473.0,44.0
473.0,921.0
473.0,799.0
473.0,620.0
473.0,157.0
473.0,847.0
473.0,813.0
473.0,612.0
473.0,491.0
473.0,111.0
473.0,182.0
473.0,384.0
474.0,918.0
474.0,608.0
474.0,315.0
474.0,441.0
474.0,99.0
474.0,1033.0
474.0,232.0
474.0,722.0
474.0,735.0
474.0,749.0
474.0,811.0
474.0,100.0
475.0,182.0
475.0,108.0
475.0,54.0
475.0,607.0
475.0,373.0
475.0,603.0
475.0,685.0
475.0,434.0
475.0,979.0
475.0,261.0
475.0,526.0
475.0,731.0
476.0,521.0
476.0,886.0
476.0,982.0
476.0,671.0
476.0,486.0
476.0,471.0
476.0,105.0
476.0,677.0
476.0,277.0
476.0,905.0
476.0,984.0
476.0,133.0
477.0,980.0
477.0,501.0
477.0,953.0
477.0,591.0
477.0,16.0
477.0,68.0
477.0,660.0
477.0,564.0
477.0,41.0
477.0,976.0
477.0,201.0
477.0,421.0
478.0,750.0
478.0,153.0
478.0,752.0
478.0,580.0
478.0,589.0
478.0,757.0
478.0,263.0
478.0,788.0
478.0,234.0
478.0,620.0
478.0,914.0
478.0,508.0
479.0,220.0
479.0,862.0
479.0,1019.0
479.0,290.0
479.0,584.0
479.0,834.0
479.0,838.0
479.0,463.0
479.0,189.0
479.0,757.0
479.0,172.0
479.0,931.0
480.0,996.0
480.0,854.0
480.0,723.0
480.0,645.0
480.0,963.0
480.0,794.0
480.0,215.0
480.0,752.0
480.0,893.0
480.0,285.0
480.0,804.0
480.0,924.0
481.0,662.0
481.0,791.0
481.0,698.0
481.0,522.0
481.0,705.0
481.0,203.0
481.0,241.0
481.0,715.0
481.0,658.0
481.0,597.0
481.0,710.0
481.0,456.0
482.0,993.0
482.0,308.0
482.0,949.0
482.0,945.0
482.0,659.0
482.0,743.0
482.0,279.0
482.0,175.0
482.0,483.0
482.0,710.0
482.0,368.0
482.0,56.0
483.0,265.0
483.0,52.0
483.0,154.0
483.0,848.0
483.0,1009.0
483.0,997.0
483.0,916.0
483.0,371.0
483.0,224.0
483.0,416.0
483.0,1005.0
483.0,205.0
484.0,41.0
484.0,29.0
484.0,734.0
484.0,855.0
484.0,978.0
484.0,865.0
484.0,955.0
484.0,326.0
484.0,706.0
484.0,616.0
484.0,576.0
484.0,323.0
485.0,456.0
485.0,329.0
485.0,586.0
485.0,309.0
485.0,717.0
485.0,264.0
485.0,345.0
485.0,42.0
485.0,549.0
485.0,639.0
485.0,663.0
485.0,400.0
486.0,605.0
486.0,374.0
486.0,481.0
486.0,542.0
486.0,224.0
486.0,42.0
486.0,928.0
486.0,244.0
486.0,249.0
486.0,424.0
486.0,187.0
486.0,728.0
487.0,943.0
487.0,305.0
487.0,619.0
487.0,323.0
487.0,160.0
487.0,215.0
487.0,11.0
487.0,826.0
487.0,963.0
487.0,947.0
487.0,372.0
487.0,881.0
488.0,947.0
488.0,750.0
488.0,359.0
488.0,569.0
488.0,810.0
488.0,980.0
488.0,106.0
488.0,40.0
488.0,957.0
488.0,415.0
488.0,943.0
488.0,303.0
489.0,610.0
489.0,383.0
489.0,901.0
489.0,886.0
489.0,183.0
489.0,429.0
489.0,785.0
489.0,457.0
489.0,806.0
489.0,714.0
489.0,687.0
489.0,845.0
490.0,248.0
490.0,978.0
490.0,1023.0
490.0,259.0
490.0,197.0
490.0,760.0
490.0,879.0
490.0,463.0
490.0,239.0
490.0,187.0
490.0,862.0
490.0,65.0
491.0,313.0
491.0,1004.0
491.0,718.0
491.0,1027.0
491.0,475.0
491.0,407.0
491.0,592.0
491.0,310.0
491.0,749.0
491.0,545.0
491.0,756.0
491.0,256.0
492.0,466.0
492.0,371.0
492.0,910.0
492.0,104.0
492.0,530.0
492.0,502.0
492.0,783.0
492.0,105.0
492.0,42.0
492.0,1000.0
492.0,792.0
492.0,554.0
493.0,331.0
493.0,701.0
493.0,852.0
493.0,226.0
493.0,463.0
493.0,732.0
493.0,574.0
493.0,188.0
493.0,1014.0
493.0,29.0
493.0,652.0
493.0,310.0
494.0,556.0
494.0,996.0
494.0,486.0
494.0,540.0
494.0,844.0
494.0,155.0
494.0,672.0
494.0,220.0
494.0,119.0
494.0,845.0
494.0,895.0
494.0,651.0
495.0,811.0
495.0,653.0
495.0,105.0
495.0,435.0
495.0,984.0
495.0,901.0
495.0,312.0
495.0,928.0
495.0,544.0
495.0,265.0
495.0,739.0
495.0,864.0
496.0,682.0
496.0,1017.0
496.0,308.0
496.0,662.0
496.0,76.0
496.0,961.0
496.0,652.0
496.0,346.0
496.0,997.0
496.0,36.0
496.0,323.0
496.0,167.0
497.0,512.0
497.0,624.0
497.0,20.0
497.0,486.0
497.0,514.0
497.0,583.0
497.0,637.0
497.0,542.0
497.0,856.0
497.0,15.0
497.0,322.0
497.0,939.0
498.0,126.0
498.0,1025.0
498.0,242.0
498.0,838.0
498.0,693.0
498.0,910.0
498.0,622.0
498.0,168.0
498.0,547.0
498.0,647.0
498.0,429.0
498.0,625.0
499.0,707.0
499.0,754.0
499.0,299.0
499.0,923.0
499.0,210.0
499.0,628.0
499.0,815.0
499.0,680.0
499.0,664.0
499.0,845.0
499.0,196.0
499.0,301.0
500.0,680.0
500.0,863.0
500.0,648.0
500.0,918.0
500.0,413.0
500.0,689.0
500.0,941.0
500.0,17.0
500.0,691.0
500.0,101.0
500.0,567.0
500.0,244.0
501.0,504.0
501.0,28.0
501.0,210.0
501.0,119.0
501.0,992.0
501.0,438.0
501.0,550.0
501.0,583.0
501.0,902.0
501.0,326.0
501.0,884.0
501.0,703.0
502.0,94.0
502.0,959.0
502.0,525.0
502.0,920.0
502.0,931.0
502.0,210.0
502.0,165.0
502.0,224.0
502.0,944.0
502.0,454.0
502.0,472.0
502.0,698.0
503.0,227.0
503.0,1031.0
503.0,1003.0
503.0,429.0
503.0,38.0
503.0,597.0
503.0,208.0
503.0,334.0
503.0,546.0
503.0,919.0
503.0,371.0
503.0,20.0
504.0,942.0
504.0,866.0
504.0,863.0
504.0,961.0
504.0,584.0
504.0,411.0
504.0,813.0
504.0,438.0
504.0,682.0
504.0,179.0
504.0,597.0
504.0,815.0
505.0,547.0
505.0,277.0
505.0,38.0
505.0,329.0
505.0,432.0
505.0,551.0
505.0,307.0
505.0,677.0
505.0,602.0
505.0,471.0
505.0,906.0
505.0,704.0
506.0,45.0
506.0,916.0
506.0,452.0
506.0,663.0
506.0,274.0
506.0,972.0
506.0,312.0
506.0,407.0
506.0,462.0
506.0,882.0
506.0,766.0
506.0,485.0
507.0,535.0
507.0,22.0
507.0,323.0
507.0,442.0
507.0,894.0
507.0,238.0
507.0,250.0
507.0,183.0
507.0,984.0
507.0,449.0
507.0,540.0
507.0,690.0
508.0,550.0
508.0,16.0
508.0,998.0
508.0,256.0
508.0,469.0
508.0,646.0
508.0,180.0
508.0,854.0
508.0,379.0
508.0,893.0
508.0,116.0
508.0,244.0
509.0,945.0
509.0,656.0
509.0,345.0
509.0,283.0
509.0,705.0
509.0,1009.0
509.0,678.0
509.0,760.0
509.0,904.0
509.0,859.0
509.0,170.0
509.0,896.0
510.0,1020.0
510.0,206.0
510.0,874.0
510.0,957.0
510.0,262.0
510.0,520.0
510.0,954.0
510.0,724.0
510.0,151.0
510.0,625.0
510.0,6.0
510.0,238.0
511.0,369.0
511.0,90.0
511.0,447.0
511.0,22.0
511.0,301.0
511.0,686.0
511.0,407.0
511.0,402.0
511.0,39.0
511.0,317.0
511.0,897.0
511.0,332.0
512.0,665.0
512.0,691.0
512.0,752.0
512.0,128.0
512.0,1019.0
512.0,1008.0
512.0,157.0
512.0,496.0
512.0,107.0
512.0,744.0
512.0,222.0
512.0,777.0
513.0,214.0
513.0,625.0
513.0,599.0
513.0,153.0
513.0,813.0
513.0,1019.0
513.0,890.0
513.0,427.0
513.0,211.0
513.0,953.0
513.0,781.0
513.0,803.0
514.0,586.0
514.0,32.0
514.0,837.0
514.0,721.0
514.0,168.0
514.0,155.0
514.0,322.0
514.0,698.0
514.0,884.0
514.0,874.0
514.0,778.0
514.0,862.0
515.0,895.0
515.0,533.0
515.0,869.0
515.0,550.0
515.0,380.0
515.0,524.0
515.0,154.0
515.0,981.0
515.0,187.0
515.0,491.0
515.0,620.0
515.0,878.0
516.0,243.0
516.0,81.0
516.0,920.0
516.0,969.0
516.0,622.0
516.0,692.0
516.0,220.0
516.0,342.0
516.0,705.0
516.0,972.0
516.0,770.0
516.0,371.0
517.0,492.0
517.0,211.0
517.0,506.0
517.0,34.0
517.0,853.0
517.0,334.0
517.0,276.0
517.0,224.0
517.0,25.0
517.0,742.0
517.0,801.0
517.0,404.0
518.0,461.0
518.0,522.0
518.0,313.0
518.0,563.0
518.0,630.0
518.0,874.0
518.0,97.0
518.0,239.0
518.0,189.0
518.0,732.0
518.0,835.0
518.0,966.0
519.0,826.0
519.0,940.0
519.0,251.0
519.0,635.0
519.0,953.0
519.0,732.0
519.0,13.0
519.0,555.0
519.0,525.0
519.0,1012.0
519.0,280.0
519.0,682.0
520.0,17.0
520.0,459.0
520.0,595.0
520.0,604.0
520.0,980.0
520.0,963.0
520.0,880.0
520.0,771.0
520.0,763.0
520.0,626.0
520.0,652.0
520.0,616.0
521.0,8.0
521.0,882.0
521.0,199.0
521.0,700.0
521.0,255.0
521.0,99.0
521.0,594.0
521.0,432.0
521.0,694.0
521.0,377.0
521.0,640.0
521.0,984.0
522.0,150.0
522.0,657.0
522.0,683.0
522.0,417.0
522.0,648.0
522.0,764.0
522.0,971.0
522.0,334.0
522.0,111.0
522.0,732.0
522.0,318.0
522.0,795.0
523.0,119.0
523.0,723.0
523.0,803.0
523.0,731.0
523.0,837.0
523.0,417.0
523.0,276.0
523.0,66.0
523.0,942.0
523.0,881.0
523.0,266.0
523.0,507.0
524.0,230.0
524.0,1004.0
524.0,12.0
524.0,57.0
524.0,1011.0
524.0,697.0
524.0,220.0
524.0,15.0
524.0,701.0
524.0,163.0
524.0,83.0
524.0,377.0
525.0,734.0
525.0,840.0
525.0,210.0
525.0,67.0
525.0,866.0
525.0,891.0
525.0,989.0
525.0,916.0
525.0,242.0
525.0,442.0
525.0,599.0
525.0,1010.0
526.0,936.0
526.0,412.0
526.0,425.0
526.0,285.0
526.0,16.0
526.0,510.0
526.0,839.0
526.0,311.0
526.0,797.0
526.0,660.0
526.0,734.0
526.0,857.0
527.0,354.0
527.0,738.0
527.0,360.0
527.0,97.0
527.0,345.0
527.0,200.0
527.0,278.0
527.0,492.0
527.0,486.0
527.0,942.0
527.0,912.0
527.0,916.0
528.0,831.0
528.0,146.0
528.0,998.0
528.0,777.0
528.0,646.0
528.0,788.0
528.0,893.0
528.0,745.0
528.0,64.0
528.0,173.0
528.0,90.0
528.0,943.0
529.0,49.0
529.0,748.0
529.0,1010.0
529.0,429.0
529.0,505.0
529.0,784.0
529.0,495.0
529.0,489.0
529.0,671.0
529.0,492.0
529.0,521.0
529.0,851.0
530.0,754.0
530.0,310.0
530.0,470.0
530.0,1008.0
530.0,556.0
530.0,0.0
530.0,893.0
530.0,155.0
530.0,959.0
530.0,466.0
530.0,498.0
530.0,976.0
531.0,104.0
531.0,374.0
531.0,874.0
531.0,512.0
531.0,176.0
531.0,870.0
531.0,81.0
531.0,187.0
531.0,283.0
531.0,427.0
531.0,1004.0
531.0,361.0
532.0,399.0
532.0,858.0
532.0,220.0
532.0,536.0
532.0,772.0
532.0,39.0
532.0,213.0
532.0,741.0
532.0,507.0
532.0,251.0
532.0,519.0
532.0,670.0
533.0,176.0
533.0,953.0
533.0,463.0
533.0,436.0
533.0,292.0
533.0,228.0
533.0,768.0
533.0,586.0
533.0,648.0
533.0,781.0
533.0,870.0
533.0,867.0
534.0,804.0
534.0,974.0
534.0,842.0
534.0,291.0
534.0,800.0
534.0,405.0
534.0,765.0
534.0,843.0
534.0,1014.0
534.0,210.0
534.0,239.0
534.0,359.0
535.0,381.0
535.0,963.0
535.0,212.0
535.0,910.0
535.0,114.0
535.0,122.0
535.0,359.0
535.0,210.0
535.0,154.0
535.0,480.0
535.0,465.0
535.0,84.0
536.0,7.0
536.0,224.0
536.0,355.0
536.0,702.0
536.0,511.0
536.0,646.0
536.0,450.0
536.0,543.0
536.0,61.0
536.0,265.0
536.0,555.0
536.0,733.0
537.0,922.0
537.0,142.0
537.0,1005.0
537.0,96.0
537.0,1023.0
537.0,127.0
537.0,0.0
537.0,877.0
537.0,473.0
537.0,708.0
537.0,515.0
537.0,368.0
538.0,378.0
538.0,989.0
538.0,1019.0
538.0,522.0
538.0,332.0
538.0,954.0
538.0,623.0
538.0,552.0
538.0,79.0
538.0,214.0
538.0,103.0
538.0,24.0
539.0,208.0
539.0,883.0
539.0,760.0
539.0,700.0
539.0,123.0
539.0,582.0
539.0,228.0
539.0,284.0
539.0,164.0
539.0,681.0
539.0,871.0
539.0,357.0
540.0,607.0
540.0,23.0
540.0,894.0
540.0,170.0
540.0,220.0
540.0,166.0
540.0,554.0
540.0,545.0
540.0,854.0
540.0,259.0
540.0,620.0
540.0,648.0
541.0,538.0
541.0,256.0
541.0,310.0
541.0,496.0
541.0,809.0
541.0,764.0
541.0,287.0
541.0,15.0
541.0,671.0
541.0,920.0
541.0,82.0
541.0,298.0
542.0,625.0
542.0,56.0
542.0,50.0
542.0,27.0
542.0,95.0
542.0,209.0
542.0,527.0
542.0,417.0
542.0,253.0
542.0,770.0
542.0,113.0
542.0,112.0
543.0,866.0
543.0,887.0
543.0,69.0
543.0,48.0
543.0,30.0
543.0,336.0
543.0,729.0
543.0,66.0
543.0,285.0
543.0,781.0
543.0,994.0
543.0,970.0
544.0,557.0
544.0,898.0
544.0,600.0
544.0,910.0
544.0,222.0
544.0,73.0
544.0,867.0
544.0,324.0
544.0,806.0
544.0,977.0
544.0,141.0
544.0,643.0
545.0,754.0
545.0,79.0
545.0,934.0
545.0,28.0
545.0,964.0
545.0,737.0
545.0,550.0
545.0,298.0
545.0,687.0
545.0,220.0
545.0,646.0
545.0,102.0
546.0,697.0
546.0,232.0
546.0,62.0
546.0,131.0
546.0,516.0
546.0,9.0
546.0,233.0
546.0,996.0
546.0,759.0
546.0,560.0
546.0,989.0
546.0,577.0
547.0,921.0
547.0,671.0
547.0,225.0
547.0,96.0
547.0,730.0
547.0,905.0
547.0,1010.0
547.0,1003.0
547.0,861.0
547.0,228.0
547.0,818.0
547.0,107.0
548.0,519.0
548.0,35.0
548.0,83.0
548.0,928.0
548.0,650.0
548.0,636.0
548.0,261.0
548.0,37.0
548.0,555.0
548.0,482.0
548.0,151.0
548.0,55.0
549.0,550.0
549.0,94.0
549.0,357.0
549.0,211.0
549.0,873.0
549.0,623.0
549.0,852.0
549.0,546.0
549.0,740.0
549.0,231.0
549.0,53.0
549.0,216.0
550.0,276.0
550.0,331.0
550.0,821.0
550.0,636.0
550.0,226.0
550.0,552.0
550.0,778.0
550.0,318.0
550.0,755.0
550.0,1000.0
550.0,481.0
550.0,370.0
551.0,812.0
551.0,891.0
551.0,312.0
551.0,344.0
551.0,229.0
551.0,570.0
551.0,34.0
551.0,165.0
551.0,277.0
551.0,529.0
551.0,886.0
551.0,73.0
552.0,273.0
552.0,373.0
552.0,740.0
552.0,912.0
552.0,852.0
552.0,463.0
552.0,571.0
552.0,112.0
552.0,550.0
552.0,583.0
552.0,756.0
552.0,296.0
553.0,167.0
553.0,56.0
553.0,187.0
553.0,1008.0
553.0,318.0
553.0,389.0
553.0,925.0
553.0,615.0
553.0,20.0
553.0,648.0
553.0,574.0
553.0,231.0
554.0,558.0
554.0,15.0
554.0,235.0
554.0,926.0
554.0,259.0
554.0,954.0
554.0,165.0
554.0,503.0
554.0,380.0
554.0,66.0
554.0,707.0
554.0,353.0
555.0,35.0
555.0,310.0
555.0,876.0
555.0,1012.0
555.0,438.0
555.0,33.0
555.0,849.0
555.0,111.0
555.0,194.0
555.0,376.0
555.0,758.0
555.0,475.0
556.0,283.0
556.0,945.0
556.0,924.0
556.0,664.0
556.0,386.0
556.0,155.0
556.0,895.0
556.0,1031.0
556.0,607.0
556.0,497.0
556.0,754.0
556.0,799.0
557.0,970.0
557.0,1031.0
557.0,171.0
557.0,696.0
557.0,261.0
557.0,82.0
557.0,14.0
557.0,179.0
557.0,568.0
557.0,744.0
557.0,507.0
557.0,683.0
558.0,863.0
558.0,252.0
558.0,550.0
558.0,844.0
558.0,710.0
558.0,661.0
558.0,241.0
558.0,380.0
558.0,973.0
558.0,276.0
558.0,991.0
558.0,258.0
559.0,953.0
559.0,994.0
559.0,127.0
559.0,494.0
559.0,430.0
559.0,486.0
559.0,16.0
559.0,450.0
559.0,384.0
559.0,55.0
559.0,331.0
559.0,642.0
560.0,650.0
560.0,681.0
560.0,454.0
560.0,296.0
560.0,674.0
560.0,738.0
560.0,926.0
560.0,245.0
560.0,622.0
560.0,578.0
560.0,286.0
560.0,167.0
561.0,252.0
561.0,146.0
561.0,748.0
561.0,97.0
561.0,798.0
561.0,452.0
561.0,1.0
561.0,100.0
561.0,314.0
561.0,150.0
561.0,462.0
561.0,137.0
562.0,326.0
562.0,797.0
562.0,468.0
562.0,776.0
562.0,518.0
562.0,510.0
562.0,108.0
562.0,128.0
562.0,975.0
562.0,341.0
562.0,1015.0
562.0,419.0
563.0,989.0
563.0,599.0
563.0,115.0
563.0,370.0
563.0,283.0
563.0,925.0
563.0,612.0
563.0,571.0
563.0,330.0
563.0,658.0
563.0,734.0
563.0,558.0
564.0,1008.0
564.0,880.0
564.0,6.0
564.0,842.0
564.0,259.0
564.0,459.0
564.0,54.0
564.0,1012.0
564.0,123.0
564.0,306.0
564.0,375.0
564.0,571.0
565.0,155.0
565.0,265.0
565.0,945.0
565.0,176.0
565.0,436.0
565.0,708.0
565.0,156.0
565.0,170.0
565.0,182.0
565.0,296.0
565.0,244.0
565.0,942.0
566.0,327.0
566.0,787.0
566.0,970.0
566.0,9.0
566.0,552.0
566.0,507.0
566.0,159.0
566.0,407.0
566.0,701.0
566.0,821.0
566.0,98.0
566.0,659.0
567.0,93.0
567.0,668.0
567.0,253.0
567.0,200.0
567.0,474.0
567.0,719.0
567.0,467.0
567.0,865.0
567.0,100.0
567.0,969.0
567.0,763.0
567.0,879.0
568.0,24.0
568.0,377.0
568.0,909.0
568.0,337.0
568.0,560.0
568.0,302.0
568.0,779.0
568.0,695.0
568.0,770.0
568.0,396.0
568.0,472.0
568.0,635.0
569.0,963.0
569.0,410.0
569.0,747.0
569.0,962.0
569.0,122.0
569.0,488.0
569.0,938.0
569.0,914.0
569.0,613.0
569.0,810.0
569.0,393.0
569.0,919.0
570.0,733.0
570.0,592.0
570.0,428.0
570.0,94.0
570.0,748.0
570.0,692.0
570.0,808.0
570.0,556.0
570.0,862.0
570.0,224.0
570.0,171.0
570.0,167.0
571.0,368.0
571.0,632.0
571.0,466.0
571.0,863.0
571.0,672.0
571.0,166.0
571.0,710.0
571.0,862.0
571.0,574.0
571.0,895.0
571.0,773.0
571.0,707.0
572.0,426.0
572.0,386.0
572.0,584.0
572.0,845.0
572.0,579.0
572.0,53.0
572.0,587.0
572.0,996.0
572.0,612.0
572.0,176.0
572.0,542.0
572.0,968.0
573.0,827.0
573.0,388.0
573.0,710.0
573.0,665.0
573.0,288.0
573.0,981.0
573.0,258.0
573.0,912.0
573.0,868.0
573.0,182.0
573.0,449.0
573.0,853.0
574.0,723.0
574.0,254.0
574.0,815.0
574.0,475.0
574.0,562.0
574.0,659.0
574.0,660.0
574.0,470.0
574.0,691.0
574.0,334.0
574.0,948.0
574.0,111.0
575.0,313.0
575.0,307.0
575.0,948.0
575.0,967.0
575.0,196.0
575.0,707.0
575.0,353.0
575.0,668.0
575.0,18.0
575.0,672.0
575.0,208.0
575.0,737.0
576.0,282.0
576.0,731.0
576.0,408.0
576.0,903.0
576.0,4.0
576.0,545.0
576.0,699.0
576.0,187.0
576.0,59.0
576.0,120.0
576.0,144.0
576.0,991.0
577.0,456.0
577.0,440.0
577.0,901.0
577.0,704.0
577.0,884.0
577.0,377.0
577.0,558.0
577.0,977.0
577.0,332.0
577.0,140.0
577.0,692.0
577.0,12.0
578.0,503.0
578.0,1029.0
578.0,219.0
578.0,24.0
578.0,73.0
578.0,233.0
578.0,643.0
578.0,687.0
578.0,94.0
578.0,492.0
578.0,171.0
578.0,950.0
579.0,766.0
579.0,540.0
579.0,680.0
579.0,954.0
579.0,966.0
579.0,821.0
579.0,167.0
579.0,79.0
579.0,968.0
579.0,209.0
579.0,706.0
579.0,101.0
580.0,775.0
580.0,64.0
580.0,250.0
580.0,962.0
580.0,41.0
580.0,148.0
580.0,480.0
580.0,343.0
580.0,612.0
580.0,745.0
580.0,805.0
580.0,11.0
581.0,844.0
581.0,470.0
581.0,330.0
581.0,612.0
581.0,789.0
581.0,1008.0
581.0,442.0
581.0,597.0
581.0,894.0
581.0,449.0
581.0,631.0
581.0,603.0
582.0,886.0
582.0,983.0
582.0,946.0
582.0,420.0
582.0,568.0
582.0,434.0
582.0,37.0
582.0,183.0
582.0,178.0
582.0,772.0
582.0,730.0
582.0,876.0
583.0,420.0
583.0,334.0
583.0,665.0
583.0,331.0
583.0,748.0
583.0,556.0
583.0,734.0
583.0,91.0
583.0,629.0
583.0,479.0
583.0,557.0
583.0,874.0
584.0,597.0
584.0,310.0
584.0,907.0
584.0,946.0
584.0,533.0
584.0,828.0
584.0,910.0
584.0,1012.0
584.0,504.0
584.0,429.0
584.0,196.0
584.0,460.0
585.0,843.0
585.0,11.0
585.0,488.0
585.0,448.0
585.0,562.0
585.0,926.0
585.0,3.0
585.0,117.0
585.0,373.0
585.0,753.0
585.0,64.0
585.0,362.0
586.0,838.0
586.0,863.0
586.0,329.0
586.0,681.0
586.0,655.0
586.0,571.0
586.0,841.0
586.0,1018.0
586.0,754.0
586.0,651.0
586.0,326.0
586.0,699.0
587.0,945.0
587.0,225.0
587.0,414.0
587.0,1003.0
587.0,694.0
587.0,429.0
587.0,878.0
587.0,219.0
587.0,769.0
587.0,345.0
587.0,689.0
587.0,583.0
588.0,604.0
588.0,632.0
588.0,92.0
588.0,1015.0
588.0,1034.0
588.0,43.0
588.0,626.0
588.0,26.0
588.0,878.0
588.0,615.0
588.0,417.0
588.0,190.0
589.0,650.0
589.0,937.0
589.0,1032.0
589.0,858.0
589.0,84.0
589.0,569.0
589.0,373.0
589.0,621.0
589.0,963.0
589.0,591.0
589.0,263.0
589.0,247.0
590.0,544.0
590.0,251.0
590.0,495.0
590.0,817.0
590.0,985.0
590.0,690.0
590.0,77.0
590.0,861.0
590.0,256.0
590.0,824.0
590.0,223.0
590.0,643.0
591.0,645.0
591.0,613.0
591.0,136.0
591.0,847.0
591.0,156.0
591.0,508.0
591.0,1000.0
591.0,877.0
591.0,499.0
591.0,116.0
591.0,242.0
591.0,370.0
592.0,914.0
592.0,217.0
592.0,695.0
592.0,445.0
592.0,996.0
592.0,378.0
592.0,158.0
592.0,50.0
592.0,163.0
592.0,724.0
592.0,66.0
592.0,559.0
593.0,121.0
593.0,456.0
593.0,62.0
593.0,539.0
593.0,639.0
593.0,587.0
593.0,498.0
593.0,474.0
593.0,386.0
593.0,88.0
593.0,441.0
593.0,162.0
594.0,929.0
594.0,719.0
594.0,300.0
594.0,708.0
594.0,723.0
594.0,967.0
594.0,546.0
594.0,463.0
594.0,922.0
594.0,81.0
594.0,986.0
594.0,9.0
595.0,348.0
595.0,92.0
595.0,190.0
595.0,604.0
595.0,628.0
595.0,878.0
595.0,588.0
595.0,889.0
595.0,153.0
595.0,1011.0
595.0,626.0
595.0,978.0
596.0,769.0
596.0,938.0
596.0,298.0
596.0,552.0
596.0,486.0
596.0,629.0
596.0,68.0
596.0,342.0
596.0,646.0
596.0,748.0
596.0,542.0
596.0,829.0
597.0,394.0
597.0,404.0
597.0,438.0
597.0,241.0
597.0,705.0
597.0,446.0
597.0,309.0
597.0,257.0
597.0,620.0
597.0,791.0
597.0,999.0
597.0,342.0
598.0,965.0
598.0,464.0
598.0,415.0
598.0,516.0
598.0,353.0
598.0,13.0
598.0,632.0
598.0,418.0
598.0,384.0
598.0,560.0
598.0,497.0
598.0,666.0
599.0,642.0
599.0,452.0
599.0,1025.0
599.0,357.0
599.0,710.0
599.0,393.0
599.0,793.0
599.0,701.0
599.0,462.0
599.0,905.0
599.0,815.0
599.0,933.0
600.0,60.0
600.0,1012.0
600.0,792.0
600.0,783.0
600.0,392.0
600.0,710.0
600.0,578.0
600.0,913.0
600.0,568.0
600.0,915.0
600.0,269.0
600.0,138.0
601.0,258.0
601.0,967.0
601.0,109.0
601.0,716.0
601.0,248.0
601.0,132.0
601.0,491.0
601.0,129.0
601.0,640.0
601.0,561.0
601.0,892.0
601.0,798.0
602.0,946.0
602.0,671.0
602.0,763.0
602.0,225.0
602.0,972.0
602.0,506.0
602.0,627.0
602.0,46.0
602.0,199.0
602.0,426.0
602.0,787.0
602.0,45.0
603.0,1012.0
603.0,372.0
603.0,504.0
603.0,648.0
603.0,690.0
603.0,176.0
603.0,973.0
603.0,304.0
603.0,24.0
603.0,361.0
603.0,130.0
603.0,667.0
604.0,71.0
604.0,180.0
604.0,626.0
604.0,417.0
604.0,754.0
604.0,28.0
604.0,1002.0
604.0,306.0
604.0,397.0
604.0,365.0
604.0,802.0
604.0,606.0
605.0,712.0
605.0,629.0
605.0,374.0
605.0,380.0
605.0,449.0
605.0,542.0
605.0,79.0
605.0,813.0
605.0,844.0
605.0,389.0
605.0,123.0
605.0,687.0
606.0,626.0
606.0,727.0
606.0,850.0
606.0,306.0
606.0,451.0
606.0,380.0
606.0,314.0
606.0,604.0
606.0,595.0
606.0,92.0
606.0,630.0
606.0,903.0
607.0,269.0
607.0,427.0
607.0,546.0
607.0,565.0
607.0,969.0
607.0,648.0
607.0,659.0
607.0,194.0
607.0,283.0
607.0,196.0
607.0,959.0
607.0,47.0
608.0,835.0
608.0,470.0
608.0,662.0
608.0,553.0
608.0,78.0
608.0,846.0
608.0,1009.0
608.0,584.0
608.0,967.0
608.0,169.0
608.0,9.0
608.0,803.0
609.0,605.0
609.0,777.0
609.0,408.0
609.0,583.0
609.0,318.0
609.0,310.0
609.0,889.0
609.0,431.0
609.0,719.0
609.0,781.0
609.0,844.0
609.0,745.0
610.0,300.0
610.0,335.0
610.0,369.0
610.0,307.0
610.0,496.0
610.0,990.0
610.0,808.0
610.0,51.0
610.0,920.0
610.0,886.0
610.0,683.0
610.0,1018.0
611.0,646.0
611.0,586.0
611.0,450.0
611.0,733.0
611.0,511.0
611.0,855.0
611.0,584.0
611.0,442.0
611.0,781.0
611.0,828.0
611.0,665.0
611.0,609.0
612.0,642.0
612.0,820.0
612.0,283.0
612.0,166.0
612.0,552.0
612.0,949.0
612.0,440.0
612.0,705.0
612.0,47.0
612.0,206.0
612.0,749.0
612.0,788.0
613.0,748.0
613.0,381.0
613.0,174.0
613.0,288.0
613.0,708.0
613.0,828.0
613.0,987.0
613.0,219.0
613.0,207.0
613.0,108.0
613.0,775.0
613.0,64.0
614.0,617.0
614.0,298.0
614.0,641.0
614.0,958.0
614.0,586.0
614.0,888.0
614.0,604.0
614.0,89.0
614.0,867.0
614.0,176.0
614.0,514.0
614.0,61.0
615.0,502.0
615.0,42.0
615.0,287.0
615.0,68.0
615.0,388.0
615.0,436.0
615.0,596.0
615.0,326.0
615.0,24.0
615.0,953.0
615.0,897.0
615.0,121.0
616.0,802.0
616.0,510.0
616.0,146.0
616.0,878.0
616.0,821.0
616.0,297.0
616.0,606.0
616.0,490.0
616.0,365.0
616.0,388.0
616.0,520.0
616.0,21.0
617.0,68.0
617.0,348.0
617.0,374.0
617.0,403.0
617.0,459.0
617.0,892.0
617.0,626.0
617.0,644.0
617.0,120.0
617.0,390.0
617.0,841.0
617.0,716.0
618.0,427.0
618.0,948.0
618.0,615.0
618.0,421.0
618.0,156.0
618.0,922.0
618.0,624.0
618.0,450.0
618.0,994.0
618.0,713.0
618.0,348.0
618.0,412.0
619.0,943.0
619.0,480.0
619.0,444.0
619.0,820.0
619.0,465.0
619.0,580.0
619.0,973.0
619.0,148.0
619.0,1032.0
619.0,156.0
619.0,385.0
619.0,135.0
620.0,233.0
620.0,611.0
620.0,543.0
620.0,368.0
620.0,607.0
620.0,417.0
620.0,554.0
620.0,565.0
620.0,23.0
620.0,553.0
620.0,645.0
620.0,583.0
621.0,256.0
621.0,410.0
621.0,251.0
621.0,107.0
621.0,70.0
621.0,945.0
621.0,388.0
621.0,893.0
621.0,165.0
621.0,515.0
621.0,875.0
621.0,379.0
622.0,322.0
622.0,574.0
622.0,895.0
622.0,1025.0
622.0,407.0
622.0,697.0
622.0,835.0
622.0,549.0
622.0,600.0
622.0,517.0
622.0,42.0
622.0,292.0
623.0,729.0
623.0,557.0
623.0,443.0
623.0,415.0
623.0,622.0
623.0,502.0
623.0,324.0
623.0,1010.0
623.0,906.0
623.0,967.0
623.0,228.0
623.0,191.0
624.0,718.0
624.0,341.0
624.0,524.0
624.0,538.0
624.0,243.0
624.0,629.0
624.0,57.0
624.0,883.0
624.0,304.0
624.0,283.0
624.0,840.0
624.0,609.0
625.0,563.0
625.0,672.0
625.0,905.0
625.0,773.0
625.0,760.0
625.0,434.0
625.0,944.0
625.0,750.0
625.0,193.0
625.0,228.0
625.0,724.0
625.0,30.0
626.0,797.0
626.0,841.0
626.0,669.0
626.0,727.0
626.0,768.0
626.0,409.0
626.0,305.0
626.0,258.0
626.0,843.0
626.0,947.0
626.0,685.0
626.0,596.0
627.0,485.0
627.0,506.0
627.0,476.0
627.0,916.0
627.0,486.0
627.0,648.0
627.0,531.0
627.0,703.0
627.0,371.0
627.0,387.0
627.0,972.0
627.0,329.0
628.0,325.0
628.0,1002.0
628.0,230.0
628.0,601.0
628.0,231.0
628.0,10.0
628.0,132.0
628.0,458.0
628.0,595.0
628.0,841.0
628.0,681.0
628.0,576.0
629.0,481.0
629.0,56.0
629.0,691.0
629.0,865.0
629.0,934.0
629.0,694.0
629.0,23.0
629.0,462.0
629.0,538.0
629.0,231.0
629.0,187.0
629.0,859.0
630.0,125.0
630.0,888.0
630.0,59.0
630.0,119.0
630.0,576.0
630.0,214.0
630.0,978.0
630.0,304.0
630.0,101.0
630.0,440.0
630.0,180.0
630.0,520.0
631.0,977.0
631.0,636.0
631.0,777.0
631.0,748.0
631.0,327.0
631.0,275.0
631.0,175.0
631.0,942.0
631.0,482.0
631.0,555.0
631.0,511.0
631.0,98.0
632.0,467.0
632.0,930.0
632.0,484.0
632.0,809.0
632.0,150.0
632.0,326.0
632.0,17.0
632.0,469.0
632.0,1016.0
632.0,132.0
632.0,486.0
632.0,394.0
633.0,582.0
633.0,772.0
633.0,454.0
633.0,818.0
633.0,453.0
633.0,392.0
633.0,751.0
633.0,861.0
633.0,245.0
633.0,651.0
633.0,1024.0
633.0,502.0
634.0,673.0
634.0,895.0
634.0,816.0
634.0,393.0
634.0,256.0
634.0,2.0
634.0,346.0
634.0,33.0
634.0,938.0
634.0,344.0
634.0,96.0
634.0,682.0
635.0,295.0
635.0,671.0
635.0,124.0
635.0,744.0
635.0,489.0
635.0,502.0
635.0,168.0
635.0,46.0
635.0,521.0
635.0,551.0
635.0,227.0
635.0,392.0
636.0,36.0
636.0,247.0
636.0,812.0
636.0,367.0
636.0,323.0
636.0,668.0
636.0,286.0
636.0,507.0
636.0,361.0
636.0,666.0
636.0,642.0
636.0,594.0
637.0,877.0
637.0,907.0
637.0,286.0
637.0,1014.0
637.0,431.0
637.0,440.0
637.0,161.0
637.0,941.0
637.0,17.0
637.0,884.0
637.0,988.0
637.0,629.0
638.0,598.0
638.0,979.0
638.0,98.0
638.0,523.0
638.0,1030.0
638.0,609.0
638.0,925.0
638.0,156.0
638.0,566.0
638.0,772.0
638.0,359.0
638.0,353.0
639.0,62.0
639.0,429.0
639.0,293.0
639.0,367.0
639.0,95.0
639.0,41.0
639.0,882.0
639.0,784.0
639.0,1.0
639.0,145.0
639.0,110.0
639.0,521.0
640.0,430.0
640.0,977.0
640.0,368.0
640.0,608.0
640.0,1008.0
640.0,1012.0
640.0,392.0
640.0,844.0
640.0,718.0
640.0,652.0
640.0,709.0
640.0,687.0
641.0,460.0
641.0,599.0
641.0,985.0
641.0,850.0
641.0,425.0
641.0,869.0
641.0,306.0
641.0,117.0
641.0,562.0
641.0,210.0
641.0,524.0
641.0,757.0
642.0,172.0
642.0,553.0
642.0,138.0
642.0,667.0
642.0,599.0
642.0,914.0
642.0,696.0
642.0,283.0
642.0,258.0
642.0,47.0
642.0,620.0
642.0,479.0
643.0,808.0
643.0,61.0
643.0,84.0
643.0,559.0
643.0,840.0
643.0,51.0
643.0,472.0
643.0,377.0
643.0,538.0
643.0,909.0
643.0,803.0
643.0,343.0
644.0,762.0
644.0,139.0
644.0,659.0
644.0,662.0
644.0,197.0
644.0,626.0
644.0,147.0
644.0,336.0
644.0,596.0
644.0,26.0
644.0,606.0
644.0,321.0
645.0,932.0
645.0,89.0
645.0,815.0
645.0,919.0
645.0,372.0
645.0,665.0
645.0,827.0
645.0,103.0
645.0,724.0
645.0,847.0
645.0,875.0
645.0,236.0
646.0,361.0
646.0,336.0
646.0,942.0
646.0,966.0
646.0,940.0
646.0,953.0
646.0,54.0
646.0,563.0
646.0,267.0
646.0,797.0
646.0,537.0
646.0,746.0
647.0,889.0
647.0,766.0
647.0,233.0
647.0,811.0
647.0,823.0
647.0,368.0
647.0,418.0
647.0,705.0
647.0,740.0
647.0,255.0
647.0,913.0
647.0,301.0
648.0,290.0
648.0,1031.0
648.0,620.0
648.0,87.0
648.0,369.0
648.0,189.0
648.0,609.0
648.0,291.0
648.0,919.0
648.0,431.0
648.0,15.0
648.0,95.0
649.0,508.0
649.0,573.0
649.0,425.0
649.0,276.0
649.0,323.0
649.0,169.0
649.0,234.0
649.0,906.0
649.0,826.0
649.0,151.0
649.0,381.0
649.0,415.0
650.0,858.0
650.0,169.0
650.0,294.0
650.0,254.0
650.0,34.0
650.0,351.0
650.0,251.0
650.0,385.0
650.0,594.0
650.0,848.0
650.0,673.0
650.0,36.0
651.0,600.0
651.0,55.0
651.0,323.0
651.0,479.0
651.0,335.0
651.0,916.0
651.0,530.0
651.0,692.0
651.0,519.0
651.0,969.0
651.0,1028.0
651.0,50.0
652.0,522.0
652.0,163.0
652.0,380.0
652.0,944.0
652.0,941.0
652.0,531.0
652.0,404.0
652.0,298.0
652.0,304.0
652.0,603.0
652.0,159.0
652.0,78.0
653.0,422.0
653.0,505.0
653.0,915.0
653.0,698.0
653.0,503.0
653.0,471.0
653.0,312.0
653.0,704.0
653.0,568.0
653.0,565.0
653.0,743.0
653.0,789.0
654.0,1015.0
654.0,771.0
654.0,520.0
654.0,48.0
654.0,365.0
654.0,790.0
654.0,606.0
654.0,147.0
654.0,1006.0
654.0,878.0
654.0,338.0
654.0,841.0
655.0,706.0
655.0,241.0
655.0,597.0
655.0,112.0
655.0,812.0
655.0,44.0
655.0,722.0
655.0,42.0
655.0,308.0
655.0,418.0
655.0,710.0
655.0,969.0
656.0,645.0
656.0,998.0
656.0,830.0
656.0,638.0
656.0,90.0
656.0,343.0
656.0,156.0
656.0,723.0
656.0,127.0
656.0,659.0
656.0,711.0
656.0,464.0
657.0,686.0
657.0,984.0
657.0,442.0
657.0,105.0
657.0,44.0
657.0,220.0
657.0,135.0
657.0,596.0
657.0,171.0
657.0,570.0
657.0,718.0
657.0,787.0
658.0,638.0
658.0,301.0
658.0,30.0
658.0,291.0
658.0,902.0
658.0,464.0
658.0,530.0
658.0,881.0
658.0,0.0
658.0,169.0
658.0,976.0
658.0,431.0
659.0,75.0
659.0,691.0
659.0,860.0
659.0,216.0
659.0,261.0
659.0,848.0
659.0,60.0
659.0,130.0
659.0,667.0
659.0,563.0
659.0,777.0
659.0,533.0
660.0,1035.0
660.0,947.0
660.0,846.0
660.0,3.0
660.0,181.0
660.0,108.0
660.0,125.0
660.0,478.0
660.0,54.0
660.0,184.0
660.0,69.0
660.0,665.0
661.0,532.0
661.0,373.0
661.0,911.0
661.0,817.0
661.0,436.0
661.0,35.0
661.0,191.0
661.0,402.0
661.0,483.0
661.0,33.0
661.0,589.0
661.0,519.0
662.0,756.0
662.0,304.0
662.0,546.0
662.0,927.0
662.0,964.0
662.0,945.0
662.0,552.0
662.0,760.0
662.0,539.0
662.0,269.0
662.0,374.0
662.0,231.0
663.0,354.0
663.0,572.0
663.0,784.0
663.0,111.0
663.0,278.0
663.0,386.0
663.0,778.0
663.0,968.0
663.0,24.0
663.0,264.0
663.0,529.0
663.0,62.0
664.0,179.0
664.0,976.0
664.0,896.0
664.0,182.0
664.0,216.0
664.0,1012.0
664.0,304.0
664.0,384.0
664.0,102.0
664.0,170.0
664.0,970.0
664.0,139.0
665.0,1019.0
665.0,191.0
665.0,718.0
665.0,889.0
665.0,839.0
665.0,51.0
665.0,991.0
665.0,624.0
665.0,869.0
665.0,70.0
665.0,355.0
665.0,378.0
666.0,330.0
666.0,925.0
666.0,931.0
666.0,1001.0
666.0,929.0
666.0,961.0
666.0,96.0
666.0,714.0
666.0,178.0
666.0,875.0
666.0,25.0
666.0,844.0
667.0,844.0
667.0,481.0
667.0,47.0
667.0,575.0
667.0,215.0
667.0,533.0
667.0,155.0
667.0,494.0
667.0,961.0
667.0,491.0
667.0,78.0
667.0,684.0
668.0,846.0
668.0,977.0
668.0,791.0
668.0,374.0
668.0,232.0
668.0,599.0
668.0,954.0
668.0,78.0
668.0,1000.0
668.0,55.0
668.0,438.0
668.0,501.0
669.0,309.0
669.0,26.0
669.0,885.0
669.0,681.0
669.0,249.0
669.0,197.0
669.0,782.0
669.0,564.0
669.0,654.0
669.0,588.0
669.0,349.0
669.0,375.0
670.0,136.0
670.0,1029.0
670.0,226.0
670.0,523.0
670.0,667.0
670.0,787.0
670.0,829.0
670.0,369.0
670.0,629.0
670.0,997.0
670.0,443.0
670.0,528.0
671.0,14.0
671.0,703.0
671.0,639.0
671.0,124.0
671.0,242.0
671.0,492.0
671.0,864.0
671.0,423.0
671.0,312.0
671.0,162.0
671.0,233.0
671.0,696.0
672.0,902.0
672.0,749.0
672.0,87.0
672.0,691.0
672.0,748.0
672.0,820.0
672.0,764.0
672.0,516.0
672.0,493.0
672.0,948.0
672.0,575.0
672.0,150.0
673.0,661.0
673.0,816.0
673.0,436.0
673.0,243.0
673.0,464.0
673.0,825.0
673.0,246.0
673.0,806.0
673.0,410.0
673.0,288.0
673.0,279.0
673.0,761.0
674.0,666.0
674.0,792.0
674.0,96.0
674.0,33.0
674.0,696.0
674.0,191.0
674.0,752.0
674.0,875.0
674.0,421.0
674.0,323.0
674.0,1027.0
674.0,454.0
675.0,978.0
675.0,110.0
675.0,345.0
675.0,1023.0
675.0,423.0
675.0,167.0
675.0,237.0
675.0,567.0
675.0,999.0
675.0,97.0
675.0,796.0
675.0,458.0
676.0,716.0
676.0,926.0
676.0,725.0
676.0,382.0
676.0,388.0
676.0,68.0
676.0,644.0
676.0,993.0
676.0,375.0
676.0,331.0
676.0,540.0
676.0,800.0
677.0,993.0
677.0,211.0
677.0,932.0
677.0,801.0
677.0,133.0
677.0,432.0
677.0,99.0
677.0,694.0
677.0,85.0
677.0,1033.0
677.0,770.0
677.0,396.0
678.0,420.0
678.0,575.0
678.0,770.0
678.0,546.0
678.0,560.0
678.0,277.0
678.0,461.0
678.0,913.0
678.0,112.0
678.0,354.0
678.0,38.0
678.0,700.0
679.0,388.0
679.0,144.0
679.0,899.0
679.0,92.0
679.0,843.0
679.0,800.0
679.0,21.0
679.0,350.0
679.0,907.0
679.0,510.0
679.0,957.0
679.0,305.0
680.0,699.0
680.0,958.0
680.0,878.0
680.0,121.0
680.0,161.0
680.0,887.0
680.0,372.0
680.0,856.0
680.0,628.0
680.0,912.0
680.0,500.0
680.0,469.0
681.0,540.0
681.0,182.0
681.0,926.0
681.0,559.0
681.0,1031.0
681.0,311.0
681.0,244.0
681.0,23.0
681.0,856.0
681.0,412.0
681.0,474.0
681.0,308.0
682.0,205.0
682.0,7.0
682.0,747.0
682.0,847.0
682.0,416.0
682.0,554.0
682.0,51.0
682.0,483.0
682.0,94.0
682.0,168.0
682.0,952.0
682.0,889.0
683.0,910.0
683.0,804.0
683.0,545.0
683.0,288.0
683.0,172.0
683.0,226.0
683.0,179.0
683.0,795.0
683.0,719.0
683.0,933.0
683.0,261.0
683.0,697.0
684.0,556.0
684.0,667.0
684.0,559.0
684.0,66.0
684.0,228.0
684.0,440.0
684.0,756.0
684.0,56.0
684.0,597.0
684.0,835.0
684.0,436.0
684.0,926.0
685.0,947.0
685.0,896.0
685.0,518.0
685.0,405.0
685.0,325.0
685.0,1011.0
685.0,757.0
685.0,197.0
685.0,459.0
685.0,92.0
685.0,890.0
685.0,314.0
686.0,366.0
686.0,584.0
686.0,55.0
686.0,666.0
686.0,696.0
686.0,812.0
686.0,1030.0
686.0,482.0
686.0,599.0
686.0,307.0
686.0,732.0
686.0,367.0
687.0,853.0
687.0,538.0
687.0,12.0
687.0,224.0
687.0,845.0
687.0,488.0
687.0,283.0
687.0,191.0
687.0,592.0
687.0,574.0
687.0,629.0
687.0,504.0
688.0,23.0
688.0,391.0
688.0,275.0
688.0,118.0
688.0,44.0
688.0,1007.0
688.0,479.0
688.0,759.0
688.0,560.0
688.0,393.0
688.0,686.0
688.0,414.0
689.0,198.0
689.0,145.0
689.0,763.0
689.0,605.0
689.0,316.0
689.0,437.0
689.0,62.0
689.0,230.0
689.0,615.0
689.0,727.0
689.0,567.0
689.0,240.0
690.0,232.0
690.0,921.0
690.0,950.0
690.0,527.0
690.0,581.0
690.0,56.0
690.0,954.0
690.0,835.0
690.0,440.0
690.0,779.0
690.0,87.0
690.0,295.0
691.0,187.0
691.0,4.0
691.0,372.0
691.0,856.0
691.0,1027.0
691.0,44.0
691.0,612.0
691.0,699.0
691.0,499.0
691.0,884.0
691.0,749.0
691.0,524.0
692.0,318.0
692.0,921.0
692.0,977.0
692.0,15.0
692.0,884.0
692.0,791.0
692.0,845.0
692.0,170.0
692.0,1029.0
692.0,665.0
692.0,82.0
692.0,75.0
693.0,53.0
693.0,452.0
693.0,441.0
693.0,315.0
693.0,950.0
693.0,897.0
693.0,856.0
693.0,446.0
693.0,728.0
693.0,100.0
693.0,58.0
693.0,784.0
694.0,639.0
694.0,45.0
694.0,454.0
694.0,809.0
694.0,164.0
694.0,754.0
694.0,739.0
694.0,509.0
694.0,319.0
694.0,1010.0
694.0,426.0
694.0,918.0
695.0,820.0
695.0,30.0
695.0,698.0
695.0,153.0
695.0,292.0
695.0,1019.0
695.0,662.0
695.0,834.0
695.0,372.0
695.0,524.0
695.0,1014.0
695.0,679.0
696.0,146.0
696.0,50.0
696.0,332.0
696.0,753.0
696.0,498.0
696.0,1017.0
696.0,94.0
696.0,256.0
696.0,901.0
696.0,652.0
696.0,785.0
696.0,525.0
697.0,396.0
697.0,905.0
697.0,609.0
697.0,795.0
697.0,665.0
697.0,82.0
697.0,760.0
697.0,96.0
697.0,785.0
697.0,922.0
697.0,541.0
697.0,874.0
698.0,398.0
698.0,1025.0
698.0,554.0
698.0,308.0
698.0,187.0
698.0,787.0
698.0,25.0
698.0,227.0
698.0,334.0
698.0,284.0
698.0,916.0
698.0,954.0
699.0,147.0
699.0,296.0
699.0,156.0
699.0,839.0
699.0,735.0
699.0,586.0
699.0,113.0
699.0,71.0
699.0,397.0
699.0,877.0
699.0,239.0
699.0,715.0
700.0,732.0
700.0,233.0
700.0,547.0
700.0,549.0
700.0,965.0
700.0,331.0
700.0,850.0
700.0,1010.0
700.0,721.0
700.0,280.0
700.0,622.0
700.0,1016.0
701.0,243.0
701.0,554.0
701.0,845.0
701.0,721.0
701.0,442.0
701.0,806.0
701.0,168.0
701.0,32.0
701.0,748.0
701.0,783.0
701.0,1019.0
701.0,916.0
702.0,816.0
702.0,634.0
702.0,421.0
702.0,215.0
702.0,263.0
702.0,226.0
702.0,522.0
702.0,824.0
702.0,661.0
702.0,508.0
702.0,181.0
702.0,846.0
703.0,93.0
703.0,255.0
703.0,541.0
703.0,392.0
703.0,920.0
703.0,864.0
703.0,85.0
703.0,984.0
703.0,743.0
703.0,475.0
703.0,46.0
703.0,704.0
704.0,255.0
704.0,506.0
704.0,283.0
704.0,280.0
704.0,317.0
704.0,138.0
704.0,600.0
704.0,229.0
704.0,505.0
704.0,333.0
704.0,751.0
704.0,521.0
705.0,170.0
705.0,961.0
705.0,803.0
705.0,339.0
705.0,581.0
705.0,547.0
705.0,364.0
705.0,1004.0
705.0,69.0
705.0,352.0
705.0,907.0
705.0,94.0
706.0,374.0
706.0,912.0
706.0,936.0
706.0,512.0
706.0,283.0
706.0,781.0
706.0,609.0
706.0,586.0
706.0,30.0
706.0,296.0
706.0,203.0
706.0,531.0
707.0,258.0
707.0,91.0
707.0,317.0
707.0,479.0
707.0,948.0
707.0,318.0
707.0,602.0
707.0,1019.0
707.0,877.0
707.0,749.0
707.0,586.0
707.0,715.0
708.0,361.0
708.0,504.0
708.0,192.0
708.0,423.0
708.0,291.0
708.0,334.0
708.0,884.0
708.0,150.0
708.0,572.0
708.0,946.0
708.0,299.0
708.0,243.0
709.0,10.0
709.0,474.0
709.0,509.0
709.0,461.0
709.0,41.0
709.0,872.0
709.0,240.0
709.0,490.0
709.0,554.0
709.0,79.0
709.0,109.0
709.0,314.0
710.0,1035.0
710.0,395.0
710.0,359.0
710.0,432.0
710.0,938.0
710.0,1018.0
710.0,629.0
710.0,512.0
710.0,296.0
710.0,866.0
710.0,469.0
710.0,907.0
711.0,640.0
711.0,738.0
711.0,887.0
711.0,190.0
711.0,684.0
711.0,667.0
711.0,733.0
711.0,686.0
711.0,117.0
711.0,586.0
711.0,414.0
711.0,924.0
712.0,163.0
712.0,682.0
712.0,928.0
712.0,681.0
712.0,499.0
712.0,380.0
712.0,318.0
712.0,961.0
712.0,895.0
712.0,873.0
712.0,379.0
712.0,896.0
713.0,894.0
713.0,898.0
713.0,912.0
713.0,232.0
713.0,612.0
713.0,674.0
713.0,984.0
713.0,9.0
713.0,1012.0
713.0,141.0
713.0,807.0
713.0,703.0
714.0,416.0
714.0,764.0
714.0,227.0
714.0,997.0
714.0,555.0
714.0,44.0
714.0,633.0
714.0,772.0
714.0,60.0
714.0,223.0
714.0,73.0
714.0,275.0
715.0,586.0
715.0,850.0
715.0,125.0
715.0,813.0
715.0,664.0
715.0,924.0
715.0,769.0
715.0,959.0
715.0,956.0
715.0,987.0
715.0,218.0
715.0,311.0
716.0,1027.0
716.0,611.0
716.0,843.0
716.0,899.0
716.0,114.0
716.0,84.0
716.0,562.0
716.0,717.0
716.0,28.0
716.0,86.0
716.0,880.0
716.0,1034.0
717.0,869.0
717.0,630.0
717.0,576.0
717.0,937.0
717.0,150.0
717.0,907.0
717.0,979.0
717.0,147.0
717.0,867.0
717.0,648.0
717.0,964.0
717.0,942.0
718.0,46.0
718.0,1009.0
718.0,979.0
718.0,976.0
718.0,420.0
718.0,942.0
718.0,920.0
718.0,924.0
718.0,59.0
718.0,996.0
718.0,283.0
718.0,978.0
719.0,1035.0
719.0,276.0
719.0,912.0
719.0,47.0
719.0,454.0
719.0,438.0
719.0,760.0
719.0,856.0
719.0,504.0
719.0,608.0
719.0,959.0
719.0,895.0
720.0,173.0
720.0,774.0
720.0,106.0
720.0,571.0
720.0,669.0
720.0,258.0
720.0,726.0
720.0,468.0
720.0,282.0
720.0,679.0
720.0,716.0
720.0,611.0
721.0,665.0
721.0,378.0
721.0,172.0
721.0,868.0
721.0,875.0
721.0,978.0
721.0,307.0
721.0,690.0
721.0,4.0
721.0,138.0
721.0,900.0
721.0,332.0
722.0,418.0
722.0,509.0
722.0,225.0
722.0,167.0
722.0,485.0
722.0,110.0
722.0,593.0
722.0,1027.0
722.0,513.0
722.0,517.0
722.0,396.0
722.0,185.0
723.0,911.0
723.0,395.0
723.0,854.0
723.0,74.0
723.0,656.0
723.0,515.0
723.0,646.0
723.0,897.0
723.0,465.0
723.0,213.0
723.0,41.0
723.0,759.0
724.0,934.0
724.0,887.0
724.0,432.0
724.0,415.0
724.0,830.0
724.0,895.0
724.0,156.0
724.0,958.0
724.0,23.0
724.0,759.0
724.0,729.0
724.0,430.0
725.0,744.0
725.0,964.0
725.0,923.0
725.0,298.0
725.0,235.0
725.0,508.0
725.0,863.0
725.0,562.0
725.0,642.0
725.0,1002.0
725.0,349.0
725.0,565.0
726.0,987.0
726.0,626.0
726.0,1015.0
726.0,405.0
726.0,43.0
726.0,192.0
726.0,132.0
726.0,880.0
726.0,717.0
726.0,641.0
726.0,737.0
726.0,1034.0
727.0,680.0
727.0,405.0
727.0,6.0
727.0,699.0
727.0,459.0
727.0,681.0
727.0,855.0
727.0,1024.0
727.0,604.0
727.0,626.0
727.0,1011.0
727.0,813.0
728.0,705.0
728.0,386.0
728.0,878.0
728.0,360.0
728.0,904.0
728.0,803.0
728.0,640.0
728.0,12.0
728.0,1010.0
728.0,17.0
728.0,895.0
728.0,232.0
729.0,875.0
729.0,440.0
729.0,172.0
729.0,188.0
729.0,985.0
729.0,227.0
729.0,69.0
729.0,384.0
729.0,824.0
729.0,745.0
729.0,478.0
729.0,83.0
730.0,265.0
730.0,908.0
730.0,634.0
730.0,582.0
730.0,60.0
730.0,300.0
730.0,538.0
730.0,774.0
730.0,170.0
730.0,929.0
730.0,344.0
730.0,275.0
731.0,1004.0
731.0,533.0
731.0,592.0
731.0,155.0
731.0,115.0
731.0,334.0
731.0,665.0
731.0,919.0
731.0,181.0
731.0,172.0
731.0,860.0
731.0,318.0
732.0,127.0
732.0,803.0
732.0,504.0
732.0,690.0
732.0,553.0
732.0,283.0
732.0,483.0
732.0,210.0
732.0,718.0
732.0,360.0
732.0,172.0
732.0,625.0
733.0,861.0
733.0,866.0
733.0,887.0
733.0,925.0
733.0,250.0
733.0,745.0
733.0,378.0
733.0,746.0
733.0,997.0
733.0,430.0
733.0,22.0
733.0,82.0
734.0,643.0
734.0,1013.0
734.0,155.0
734.0,149.0
734.0,300.0
734.0,779.0
734.0,544.0
734.0,356.0
734.0,131.0
734.0,59.0
734.0,211.0
734.0,651.0
735.0,773.0
735.0,388.0
735.0,576.0
735.0,469.0
735.0,211.0
735.0,628.0
735.0,308.0
735.0,964.0
735.0,497.0
735.0,217.0
735.0,567.0
735.0,680.0
736.0,87.0
736.0,431.0
736.0,932.0
736.0,890.0
736.0,696.0
736.0,242.0
736.0,901.0
736.0,700.0
736.0,994.0
736.0,565.0
736.0,367.0
736.0,78.0
737.0,895.0
737.0,287.0
737.0,362.0
737.0,224.0
737.0,336.0
737.0,23.0
737.0,942.0
737.0,258.0
737.0,866.0
737.0,425.0
737.0,971.0
737.0,979.0
738.0,357.0
738.0,51.0
738.0,110.0
738.0,913.0
738.0,125.0
738.0,916.0
738.0,30.0
738.0,335.0
738.0,553.0
738.0,959.0
738.0,777.0
738.0,577.0
739.0,903.0
739.0,933.0
739.0,648.0
739.0,426.0
739.0,594.0
739.0,112.0
739.0,216.0
739.0,407.0
739.0,424.0
739.0,235.0
739.0,51.0
739.0,150.0
740.0,597.0
740.0,542.0
740.0,575.0
740.0,288.0
740.0,30.0
740.0,565.0
740.0,733.0
740.0,706.0
740.0,149.0
740.0,208.0
740.0,705.0
740.0,778.0
741.0,673.0
741.0,502.0
741.0,519.0
741.0,271.0
741.0,638.0
741.0,536.0
741.0,618.0
741.0,997.0
741.0,23.0
741.0,661.0
741.0,702.0
741.0,780.0
742.0,705.0
742.0,830.0
742.0,339.0
742.0,622.0
742.0,244.0
742.0,542.0
742.0,707.0
742.0,133.0
742.0,698.0
742.0,522.0
742.0,865.0
742.0,87.0
743.0,568.0
743.0,356.0
743.0,950.0
743.0,111.0
743.0,682.0
743.0,671.0
743.0,692.0
743.0,877.0
743.0,74.0
743.0,159.0
743.0,191.0
743.0,231.0
744.0,973.0
744.0,609.0
744.0,706.0
744.0,974.0
744.0,917.0
744.0,1020.0
744.0,642.0
744.0,659.0
744.0,367.0
744.0,625.0
744.0,612.0
744.0,754.0
745.0,936.0
745.0,83.0
745.0,421.0
745.0,857.0
745.0,22.0
745.0,526.0
745.0,1022.0
745.0,179.0
745.0,6.0
745.0,656.0
745.0,267.0
745.0,1034.0
746.0,828.0
746.0,753.0
746.0,837.0
746.0,609.0
746.0,473.0
746.0,106.0
746.0,379.0
746.0,74.0
746.0,343.0
746.0,935.0
746.0,193.0
746.0,1035.0
747.0,705.0
747.0,549.0
747.0,269.0
747.0,825.0
747.0,755.0
747.0,82.0
747.0,570.0
747.0,442.0
747.0,635.0
747.0,997.0
747.0,214.0
747.0,541.0
748.0,67.0
748.0,584.0
748.0,327.0
748.0,341.0
748.0,395.0
748.0,994.0
748.0,824.0
748.0,397.0
748.0,926.0
748.0,304.0
748.0,112.0
748.0,755.0
749.0,549.0
749.0,944.0
749.0,279.0
749.0,298.0
749.0,932.0
749.0,257.0
749.0,439.0
749.0,329.0
749.0,473.0
749.0,926.0
749.0,170.0
749.0,813.0
750.0,936.0
750.0,957.0
750.0,443.0
750.0,465.0
750.0,819.0
750.0,343.0
750.0,911.0
750.0,794.0
750.0,378.0
750.0,143.0
750.0,800.0
750.0,373.0
751.0,141.0
751.0,653.0
751.0,742.0
751.0,223.0
751.0,49.0
751.0,331.0
751.0,730.0
751.0,271.0
751.0,391.0
751.0,289.0
751.0,20.0
751.0,643.0
752.0,285.0
752.0,753.0
752.0,962.0
752.0,491.0
752.0,824.0
752.0,353.0
752.0,234.0
752.0,363.0
752.0,466.0
752.0,625.0
752.0,981.0
752.0,383.0
753.0,648.0
753.0,479.0
753.0,217.0
753.0,883.0
753.0,594.0
753.0,292.0
753.0,489.0
753.0,994.0
753.0,764.0
753.0,637.0
753.0,574.0
753.0,747.0
754.0,839.0
754.0,504.0
754.0,769.0
754.0,705.0
754.0,795.0
754.0,276.0
754.0,1006.0
754.0,890.0
754.0,1020.0
754.0,640.0
754.0,61.0
754.0,331.0
755.0,66.0
755.0,175.0
755.0,196.0
755.0,421.0
755.0,852.0
755.0,154.0
755.0,1035.0
755.0,208.0
755.0,884.0
755.0,827.0
755.0,913.0
755.0,307.0
756.0,221.0
756.0,133.0
756.0,473.0
756.0,96.0
756.0,554.0
756.0,586.0
756.0,233.0
756.0,877.0
756.0,15.0
756.0,438.0
756.0,837.0
756.0,105.0
757.0,106.0
757.0,425.0
757.0,311.0
757.0,974.0
757.0,591.0
757.0,613.0
757.0,409.0
757.0,1022.0
757.0,156.0
757.0,526.0
757.0,6.0
757.0,537.0
758.0,464.0
758.0,236.0
758.0,651.0
758.0,76.0
758.0,231.0
758.0,650.0
758.0,308.0
758.0,1017.0
758.0,335.0
758.0,496.0
758.0,849.0
758.0,366.0
759.0,220.0
759.0,749.0
759.0,884.0
759.0,913.0
759.0,658.0
759.0,973.0
759.0,733.0
759.0,894.0
759.0,464.0
759.0,313.0
759.0,361.0
759.0,631.0
760.0,815.0
760.0,193.0
760.0,463.0
760.0,530.0
760.0,372.0
760.0,568.0
760.0,705.0
760.0,660.0
760.0,934.0
760.0,113.0
760.0,286.0
760.0,652.0
761.0,480.0
761.0,650.0
761.0,405.0
761.0,997.0
761.0,272.0
761.0,833.0
761.0,447.0
761.0,344.0
761.0,303.0
761.0,346.0
761.0,160.0
761.0,393.0
762.0,847.0
762.0,595.0
762.0,980.0
762.0,437.0
762.0,413.0
762.0,54.0
762.0,680.0
762.0,240.0
762.0,735.0
762.0,92.0
762.0,484.0
762.0,129.0
763.0,467.0
763.0,352.0
763.0,461.0
763.0,449.0
763.0,630.0
763.0,639.0
763.0,784.0
763.0,1026.0
763.0,628.0
763.0,930.0
763.0,717.0
763.0,237.0
764.0,292.0
764.0,323.0
764.0,428.0
764.0,922.0
764.0,286.0
764.0,496.0
764.0,326.0
764.0,501.0
764.0,66.0
764.0,667.0
764.0,592.0
764.0,273.0
765.0,214.0
765.0,599.0
765.0,198.0
765.0,967.0
765.0,608.0
765.0,158.0
765.0,829.0
765.0,497.0
765.0,597.0
765.0,242.0
765.0,852.0
765.0,634.0
766.0,882.0
766.0,549.0
766.0,503.0
766.0,199.0
766.0,887.0
766.0,927.0
766.0,162.0
766.0,274.0
766.0,1033.0
766.0,506.0
766.0,100.0
766.0,663.0
767.0,844.0
767.0,531.0
767.0,38.0
767.0,509.0
767.0,189.0
767.0,352.0
767.0,815.0
767.0,211.0
767.0,191.0
767.0,155.0
767.0,374.0
767.0,793.0
768.0,630.0
768.0,641.0
768.0,348.0
768.0,617.0
768.0,375.0
768.0,814.0
768.0,390.0
768.0,469.0
768.0,850.0
768.0,1015.0
768.0,190.0
768.0,197.0
769.0,113.0
769.0,713.0
769.0,117.0
769.0,790.0
769.0,847.0
769.0,534.0
769.0,147.0
769.0,809.0
769.0,395.0
769.0,556.0
769.0,628.0
769.0,397.0
770.0,946.0
770.0,387.0
770.0,1007.0
770.0,486.0
770.0,30.0
770.0,944.0
770.0,411.0
770.0,1008.0
770.0,568.0
770.0,945.0
770.0,862.0
770.0,140.0
771.0,131.0
771.0,147.0
771.0,270.0
771.0,918.0
771.0,197.0
771.0,459.0
771.0,1034.0
771.0,538.0
771.0,326.0
771.0,601.0
771.0,262.0
771.0,520.0
772.0,191.0
772.0,895.0
772.0,817.0
772.0,346.0
772.0,848.0
772.0,149.0
772.0,718.0
772.0,82.0
772.0,47.0
772.0,965.0
772.0,434.0
772.0,284.0
773.0,553.0
773.0,533.0
773.0,335.0
773.0,820.0
773.0,283.0
773.0,235.0
773.0,719.0
773.0,243.0
773.0,267.0
773.0,684.0
773.0,473.0
773.0,890.0
774.0,805.0
774.0,313.0
774.0,835.0
774.0,545.0
774.0,642.0
774.0,878.0
774.0,564.0
774.0,681.0
774.0,926.0
774.0,163.0
774.0,179.0
774.0,68.0
775.0,80.0
775.0,373.0
775.0,412.0
775.0,962.0
775.0,799.0
775.0,226.0
775.0,470.0
775.0,381.0
775.0,401.0
775.0,279.0
775.0,788.0
775.0,890.0
776.0,305.0
776.0,362.0
776.0,336.0
776.0,585.0
776.0,412.0
776.0,880.0
776.0,83.0
776.0,380.0
776.0,358.0
776.0,197.0
776.0,973.0
776.0,885.0
777.0,1029.0
777.0,571.0
777.0,407.0
777.0,6.0
777.0,795.0
777.0,151.0
777.0,665.0
777.0,687.0
777.0,711.0
777.0,115.0
777.0,66.0
777.0,1031.0
778.0,182.0
778.0,993.0
778.0,903.0
778.0,767.0
778.0,386.0
778.0,587.0
778.0,964.0
778.0,161.0
778.0,836.0
778.0,156.0
778.0,728.0
778.0,216.0
779.0,463.0
779.0,492.0
779.0,692.0
779.0,659.0
779.0,527.0
779.0,984.0
779.0,857.0
779.0,476.0
779.0,171.0
779.0,454.0
779.0,978.0
779.0,581.0
780.0,781.0
780.0,621.0
780.0,817.0
780.0,682.0
780.0,272.0
780.0,78.0
780.0,810.0
780.0,761.0
780.0,618.0
780.0,849.0
780.0,833.0
780.0,271.0
781.0,27.0
781.0,449.0
781.0,318.0
781.0,854.0
781.0,187.0
781.0,706.0
781.0,991.0
781.0,581.0
781.0,667.0
781.0,384.0
781.0,210.0
781.0,73.0
782.0,122.0
782.0,86.0
782.0,559.0
782.0,358.0
782.0,321.0
782.0,239.0
782.0,885.0
782.0,218.0
782.0,523.0
782.0,746.0
782.0,69.0
782.0,287.0
783.0,14.0
783.0,194.0
783.0,530.0
783.0,333.0
783.0,920.0
783.0,873.0
783.0,18.0
783.0,820.0
783.0,734.0
783.0,422.0
783.0,1017.0
783.0,736.0
784.0,347.0
784.0,871.0
784.0,345.0
784.0,97.0
784.0,689.0
784.0,993.0
784.0,593.0
784.0,972.0
784.0,968.0
784.0,140.0
784.0,917.0
784.0,88.0
785.0,493.0
785.0,301.0
785.0,472.0
785.0,139.0
785.0,578.0
785.0,696.0
785.0,27.0
785.0,196.0
785.0,778.0
785.0,736.0
785.0,138.0
785.0,96.0
786.0,513.0
786.0,258.0
786.0,477.0
786.0,125.0
786.0,180.0
786.0,562.0
786.0,156.0
786.0,726.0
786.0,530.0
786.0,144.0
786.0,405.0
786.0,365.0
787.0,902.0
787.0,622.0
787.0,655.0
787.0,20.0
787.0,977.0
787.0,1003.0
787.0,650.0
787.0,1017.0
787.0,170.0
787.0,442.0
787.0,503.0
787.0,291.0
788.0,479.0
788.0,566.0
788.0,737.0
788.0,670.0
788.0,558.0
788.0,686.0
788.0,218.0
788.0,580.0
788.0,665.0
788.0,986.0
788.0,573.0
788.0,943.0
789.0,818.0
789.0,12.0
789.0,111.0
789.0,713.0
789.0,909.0
789.0,969.0
789.0,366.0
789.0,337.0
789.0,642.0
789.0,551.0
789.0,705.0
789.0,1028.0
790.0,318.0
790.0,925.0
790.0,204.0
790.0,226.0
790.0,25.0
790.0,41.0
790.0,415.0
790.0,708.0
790.0,828.0
790.0,380.0
790.0,538.0
790.0,728.0
791.0,890.0
791.0,286.0
791.0,42.0
791.0,821.0
791.0,424.0
791.0,100.0
791.0,756.0
791.0,5.0
791.0,805.0
791.0,446.0
791.0,584.0
791.0,907.0
792.0,472.0
792.0,891.0
792.0,922.0
792.0,671.0
792.0,141.0
792.0,525.0
792.0,103.0
792.0,34.0
792.0,977.0
792.0,0.0
792.0,219.0
792.0,364.0
793.0,208.0
793.0,871.0
793.0,264.0
793.0,707.0
793.0,25.0
793.0,552.0
793.0,547.0
793.0,5.0
793.0,821.0
793.0,246.0
793.0,991.0
793.0,158.0
794.0,990.0
794.0,683.0
794.0,343.0
794.0,444.0
794.0,997.0
794.0,35.0
794.0,279.0
794.0,781.0
794.0,928.0
794.0,215.0
794.0,913.0
794.0,598.0
795.0,210.0
795.0,749.0
795.0,624.0
795.0,1014.0
795.0,344.0
795.0,51.0
795.0,573.0
795.0,1019.0
795.0,163.0
795.0,395.0
795.0,866.0
795.0,667.0
796.0,5.0
796.0,89.0
796.0,200.0
796.0,360.0
796.0,999.0
796.0,237.0
796.0,678.0
796.0,458.0
796.0,685.0
796.0,10.0
796.0,284.0
796.0,517.0
797.0,362.0
797.0,136.0
797.0,294.0
797.0,86.0
797.0,847.0
797.0,21.0
797.0,360.0
797.0,305.0
797.0,285.0
797.0,986.0
797.0,254.0
797.0,1005.0
798.0,615.0
798.0,512.0
798.0,1026.0
798.0,924.0
798.0,628.0
798.0,537.0
798.0,709.0
798.0,955.0
798.0,328.0
798.0,341.0
798.0,852.0
798.0,934.0
799.0,737.0
799.0,220.0
799.0,478.0
799.0,4.0
799.0,281.0
799.0,23.0
799.0,847.0
799.0,947.0
799.0,462.0
799.0,948.0
799.0,127.0
799.0,741.0
800.0,615.0
800.0,1015.0
800.0,855.0
800.0,899.0
800.0,21.0
800.0,976.0
800.0,303.0
800.0,379.0
800.0,182.0
800.0,382.0
800.0,1022.0
800.0,890.0
801.0,982.0
801.0,347.0
801.0,1010.0
801.0,404.0
801.0,396.0
801.0,793.0
801.0,252.0
801.0,57.0
801.0,653.0
801.0,164.0
801.0,367.0
801.0,815.0
802.0,934.0
802.0,394.0
802.0,253.0
802.0,27.0
802.0,615.0
802.0,101.0
802.0,48.0
802.0,468.0
802.0,658.0
802.0,330.0
802.0,999.0
802.0,1002.0
803.0,759.0
803.0,1035.0
803.0,322.0
803.0,513.0
803.0,944.0
803.0,538.0
803.0,970.0
803.0,737.0
803.0,575.0
803.0,491.0
803.0,903.0
803.0,834.0
804.0,269.0
804.0,24.0
804.0,477.0
804.0,508.0
804.0,23.0
804.0,267.0
804.0,362.0
804.0,127.0
804.0,510.0
804.0,684.0
804.0,470.0
804.0,976.0
805.0,945.0
805.0,971.0
805.0,546.0
805.0,967.0
805.0,754.0
805.0,248.0
805.0,684.0
805.0,844.0
805.0,1007.0
805.0,867.0
805.0,336.0
805.0,427.0
806.0,12.0
806.0,602.0
806.0,440.0
806.0,503.0
806.0,812.0
806.0,275.0
806.0,789.0
806.0,118.0
806.0,710.0
806.0,544.0
806.0,457.0
806.0,780.0
807.0,34.0
807.0,901.0
807.0,69.0
807.0,873.0
807.0,1028.0
807.0,933.0
807.0,559.0
807.0,697.0
807.0,633.0
807.0,674.0
807.0,547.0
807.0,337.0
808.0,846.0
808.0,454.0
808.0,946.0
808.0,331.0
808.0,482.0
808.0,891.0
808.0,967.0
808.0,231.0
808.0,275.0
808.0,734.0
808.0,920.0
808.0,984.0
809.0,865.0
809.0,961.0
809.0,341.0
809.0,987.0
809.0,509.0
809.0,0.0
809.0,187.0
809.0,805.0
809.0,796.0
809.0,629.0
809.0,208.0
809.0,787.0
810.0,649.0
810.0,420.0
810.0,702.0
810.0,346.0
810.0,363.0
810.0,355.0
810.0,711.0
810.0,941.0
810.0,965.0
810.0,465.0
810.0,947.0
810.0,741.0
811.0,198.0
811.0,581.0
811.0,8.0
811.0,100.0
811.0,426.0
811.0,140.0
811.0,1.0
811.0,698.0
811.0,474.0
811.0,315.0
811.0,162.0
811.0,481.0
812.0,977.0
812.0,758.0
812.0,905.0
812.0,231.0
812.0,18.0
812.0,337.0
812.0,381.0
812.0,322.0
812.0,718.0
812.0,787.0
812.0,861.0
812.0,33.0
813.0,827.0
813.0,996.0
813.0,475.0
813.0,1000.0
813.0,847.0
813.0,484.0
813.0,91.0
813.0,892.0
813.0,499.0
813.0,697.0
813.0,605.0
813.0,592.0
814.0,448.0
814.0,3.0
814.0,388.0
814.0,4.0
814.0,493.0
814.0,192.0
814.0,375.0
814.0,1015.0
814.0,724.0
814.0,596.0
814.0,564.0
814.0,320.0
815.0,198.0
815.0,867.0
815.0,913.0
815.0,172.0
815.0,835.0
815.0,220.0
815.0,24.0
815.0,821.0
815.0,687.0
815.0,191.0
815.0,890.0
815.0,161.0
816.0,960.0
816.0,751.0
816.0,39.0
816.0,300.0
816.0,661.0
816.0,687.0
816.0,519.0
816.0,780.0
816.0,548.0
816.0,7.0
816.0,76.0
816.0,35.0
817.0,633.0
817.0,875.0
817.0,711.0
817.0,295.0
817.0,519.0
817.0,729.0
817.0,983.0
817.0,402.0
817.0,592.0
817.0,541.0
817.0,183.0
817.0,250.0
818.0,322.0
818.0,38.0
818.0,112.0
818.0,623.0
818.0,220.0
818.0,807.0
818.0,549.0
818.0,283.0
818.0,710.0
818.0,873.0
818.0,698.0
818.0,471.0
819.0,526.0
819.0,455.0
819.0,613.0
819.0,992.0
819.0,646.0
819.0,160.0
819.0,854.0
819.0,181.0
819.0,372.0
819.0,752.0
819.0,1000.0
819.0,998.0
820.0,157.0
820.0,473.0
820.0,583.0
820.0,744.0
820.0,541.0
820.0,80.0
820.0,513.0
820.0,953.0
820.0,512.0
820.0,0.0
820.0,777.0
820.0,1019.0
821.0,326.0
821.0,321.0
821.0,884.0
821.0,1012.0
821.0,162.0
821.0,26.0
821.0,889.0
821.0,791.0
821.0,198.0
821.0,417.0
821.0,880.0
821.0,349.0
822.0,693.0
822.0,315.0
822.0,1021.0
822.0,400.0
822.0,766.0
822.0,587.0
822.0,115.0
822.0,823.0
822.0,426.0
822.0,386.0
822.0,8.0
822.0,784.0
823.0,371.0
823.0,88.0
823.0,678.0
823.0,216.0
823.0,261.0
823.0,822.0
823.0,811.0
823.0,498.0
823.0,927.0
823.0,1033.0
823.0,972.0
823.0,162.0
824.0,361.0
824.0,96.0
824.0,590.0
824.0,308.0
824.0,794.0
824.0,84.0
824.0,146.0
824.0,288.0
824.0,175.0
824.0,952.0
824.0,935.0
824.0,621.0
825.0,893.0
825.0,758.0
825.0,908.0
825.0,126.0
825.0,480.0
825.0,269.0
825.0,464.0
825.0,222.0
825.0,353.0
825.0,981.0
825.0,849.0
825.0,393.0
826.0,263.0
826.0,745.0
826.0,370.0
826.0,875.0
826.0,384.0
826.0,108.0
826.0,488.0
826.0,421.0
826.0,857.0
826.0,407.0
826.0,880.0
826.0,515.0
827.0,16.0
827.0,148.0
827.0,507.0
827.0,748.0
827.0,254.0
827.0,258.0
827.0,182.0
827.0,181.0
827.0,937.0
827.0,412.0
827.0,723.0
827.0,938.0
828.0,573.0
828.0,466.0
828.0,54.0
828.0,187.0
828.0,620.0
828.0,19.0
828.0,464.0
828.0,615.0
828.0,29.0
828.0,583.0
828.0,867.0
828.0,748.0
829.0,925.0
829.0,371.0
829.0,503.0
829.0,852.0
829.0,622.0
829.0,227.0
829.0,795.0
829.0,449.0
829.0,927.0
829.0,742.0
829.0,396.0
829.0,339.0
830.0,642.0
830.0,861.0
830.0,866.0
830.0,73.0
830.0,881.0
830.0,203.0
830.0,907.0
830.0,912.0
830.0,531.0
830.0,327.0
830.0,497.0
830.0,948.0
831.0,613.0
831.0,169.0
831.0,151.0
831.0,236.0
831.0,113.0
831.0,585.0
831.0,929.0
831.0,953.0
831.0,263.0
831.0,819.0
831.0,869.0
831.0,580.0
832.0,154.0
832.0,539.0
832.0,605.0
832.0,913.0
832.0,150.0
832.0,718.0
832.0,217.0
832.0,145.0
832.0,853.0
832.0,790.0
832.0,159.0
832.0,193.0
833.0,443.0
833.0,119.0
833.0,985.0
833.0,810.0
833.0,943.0
833.0,136.0
833.0,483.0
833.0,178.0
833.0,673.0
833.0,619.0
833.0,963.0
833.0,848.0
834.0,1015.0
834.0,418.0
834.0,1008.0
834.0,865.0
834.0,196.0
834.0,364.0
834.0,298.0
834.0,738.0
834.0,332.0
834.0,167.0
834.0,25.0
834.0,94.0
835.0,875.0
835.0,135.0
835.0,583.0
835.0,739.0
835.0,87.0
835.0,575.0
835.0,996.0
835.0,94.0
835.0,449.0
835.0,592.0
835.0,479.0
835.0,549.0
836.0,286.0
836.0,429.0
836.0,5.0
836.0,512.0
836.0,527.0
836.0,524.0
836.0,479.0
836.0,592.0
836.0,65.0
836.0,927.0
836.0,572.0
836.0,907.0
837.0,659.0
837.0,662.0
837.0,330.0
837.0,512.0
837.0,777.0
837.0,862.0
837.0,292.0
837.0,127.0
837.0,880.0
837.0,665.0
837.0,115.0
837.0,456.0
838.0,542.0
838.0,944.0
838.0,784.0
838.0,472.0
838.0,740.0
838.0,216.0
838.0,334.0
838.0,908.0
838.0,741.0
838.0,565.0
838.0,12.0
838.0,91.0
839.0,956.0
839.0,24.0
839.0,608.0
839.0,550.0
839.0,837.0
839.0,412.0
839.0,1006.0
839.0,119.0
839.0,652.0
839.0,721.0
839.0,583.0
839.0,128.0
840.0,698.0
840.0,643.0
840.0,624.0
840.0,678.0
840.0,36.0
840.0,578.0
840.0,378.0
840.0,714.0
840.0,217.0
840.0,658.0
840.0,323.0
840.0,245.0
841.0,884.0
841.0,220.0
841.0,966.0
841.0,394.0
841.0,400.0
841.0,604.0
841.0,92.0
841.0,48.0
841.0,735.0
841.0,632.0
841.0,606.0
841.0,26.0
842.0,961.0
842.0,89.0
842.0,128.0
842.0,246.0
842.0,415.0
842.0,198.0
842.0,804.0
842.0,179.0
842.0,427.0
842.0,405.0
842.0,149.0
842.0,301.0
843.0,526.0
843.0,724.0
843.0,106.0
843.0,234.0
843.0,448.0
843.0,148.0
843.0,750.0
843.0,995.0
843.0,720.0
843.0,591.0
843.0,281.0
843.0,613.0
844.0,933.0
844.0,182.0
844.0,583.0
844.0,157.0
844.0,655.0
844.0,538.0
844.0,196.0
844.0,19.0
844.0,1017.0
844.0,586.0
844.0,989.0
844.0,711.0
845.0,50.0
845.0,157.0
845.0,928.0
845.0,61.0
845.0,902.0
845.0,299.0
845.0,1023.0
845.0,203.0
845.0,946.0
845.0,887.0
845.0,749.0
845.0,279.0
846.0,119.0
846.0,512.0
846.0,877.0
846.0,9.0
846.0,47.0
846.0,276.0
846.0,530.0
846.0,938.0
846.0,279.0
846.0,970.0
846.0,581.0
846.0,66.0
847.0,583.0
847.0,949.0
847.0,895.0
847.0,80.0
847.0,107.0
847.0,19.0
847.0,921.0
847.0,745.0
847.0,707.0
847.0,890.0
847.0,372.0
847.0,869.0
848.0,172.0
848.0,772.0
848.0,357.0
848.0,881.0
848.0,480.0
848.0,817.0
848.0,191.0
848.0,410.0
848.0,344.0
848.0,443.0
848.0,74.0
848.0,861.0
849.0,1001.0
849.0,275.0
849.0,340.0
849.0,327.0
849.0,714.0
849.0,291.0
849.0,37.0
849.0,393.0
849.0,194.0
849.0,81.0
849.0,135.0
849.0,435.0
850.0,336.0
850.0,615.0
850.0,680.0
850.0,413.0
850.0,911.0
850.0,708.0
850.0,417.0
850.0,762.0
850.0,934.0
850.0,855.0
850.0,109.0
850.0,595.0
851.0,898.0
851.0,14.0
851.0,864.0
851.0,277.0
851.0,46.0
851.0,324.0
851.0,897.0
851.0,891.0
851.0,301.0
851.0,229.0
851.0,531.0
851.0,577.0
852.0,462.0
852.0,87.0
852.0,516.0
852.0,155.0
852.0,211.0
852.0,1025.0
852.0,441.0
852.0,264.0
852.0,540.0
852.0,166.0
852.0,231.0
852.0,946.0
853.0,608.0
853.0,866.0
853.0,667.0
853.0,571.0
853.0,874.0
853.0,20.0
853.0,746.0
853.0,208.0
853.0,196.0
853.0,948.0
853.0,455.0
853.0,163.0
854.0,464.0
854.0,528.0
854.0,148.0
854.0,975.0
854.0,656.0
854.0,687.0
854.0,986.0
854.0,660.0
854.0,684.0
854.0,285.0
854.0,313.0
854.0,242.0
855.0,137.0
855.0,159.0
855.0,456.0
855.0,628.0
855.0,328.0
855.0,93.0
855.0,179.0
855.0,895.0
855.0,349.0
855.0,217.0
855.0,939.0
855.0,685.0
856.0,933.0
856.0,718.0
856.0,706.0
856.0,869.0
856.0,498.0
856.0,974.0
856.0,958.0
856.0,216.0
856.0,475.0
856.0,372.0
856.0,777.0
856.0,210.0
857.0,405.0
857.0,1034.0
857.0,585.0
857.0,142.0
857.0,884.0
857.0,868.0
857.0,161.0
857.0,234.0
857.0,16.0
857.0,550.0
857.0,534.0
857.0,708.0
858.0,447.0
858.0,815.0
858.0,532.0
858.0,952.0
858.0,759.0
858.0,272.0
858.0,590.0
858.0,951.0
858.0,56.0
858.0,346.0
858.0,536.0
858.0,560.0
859.0,224.0
859.0,499.0
859.0,278.0
859.0,441.0
859.0,784.0
859.0,639.0
859.0,693.0
859.0,208.0
859.0,556.0
859.0,622.0
859.0,88.0
859.0,386.0
860.0,66.0
860.0,286.0
860.0,512.0
860.0,853.0
860.0,403.0
860.0,955.0
860.0,228.0
860.0,507.0
860.0,380.0
860.0,1035.0
860.0,718.0
860.0,359.0
861.0,610.0
861.0,919.0
861.0,692.0
861.0,516.0
861.0,699.0
861.0,954.0
861.0,887.0
861.0,537.0
861.0,261.0
861.0,70.0
861.0,73.0
861.0,730.0
862.0,514.0
862.0,723.0
862.0,874.0
862.0,159.0
862.0,637.0
862.0,6.0
862.0,232.0
862.0,309.0
862.0,844.0
862.0,357.0
862.0,834.0
862.0,994.0
863.0,571.0
863.0,659.0
863.0,942.0
863.0,91.0
863.0,438.0
863.0,652.0
863.0,287.0
863.0,923.0
863.0,308.0
863.0,557.0
863.0,896.0
863.0,342.0
864.0,671.0
864.0,840.0
864.0,479.0
864.0,984.0
864.0,1010.0
864.0,371.0
864.0,376.0
864.0,677.0
864.0,829.0
864.0,505.0
864.0,922.0
864.0,639.0
865.0,301.0
865.0,846.0
865.0,655.0
865.0,809.0
865.0,104.0
865.0,25.0
865.0,112.0
865.0,927.0
865.0,815.0
865.0,497.0
865.0,620.0
865.0,225.0
866.0,996.0
866.0,574.0
866.0,659.0
866.0,863.0
866.0,583.0
866.0,532.0
866.0,56.0
866.0,894.0
866.0,374.0
866.0,739.0
866.0,1007.0
866.0,1014.0
867.0,860.0
867.0,125.0
867.0,987.0
867.0,924.0
867.0,782.0
867.0,553.0
867.0,27.0
867.0,856.0
867.0,954.0
867.0,926.0
867.0,708.0
867.0,343.0
868.0,4.0
868.0,518.0
868.0,839.0
868.0,30.0
868.0,539.0
868.0,204.0
868.0,91.0
868.0,664.0
868.0,742.0
868.0,408.0
868.0,988.0
868.0,306.0
869.0,113.0
869.0,678.0
869.0,388.0
869.0,839.0
869.0,380.0
869.0,887.0
869.0,218.0
869.0,723.0
869.0,821.0
869.0,212.0
869.0,1023.0
869.0,668.0
870.0,509.0
870.0,449.0
870.0,62.0
870.0,918.0
870.0,42.0
870.0,956.0
870.0,587.0
870.0,63.0
870.0,440.0
870.0,917.0
870.0,208.0
870.0,95.0
871.0,870.0
871.0,179.0
871.0,469.0
871.0,707.0
871.0,1002.0
871.0,479.0
871.0,579.0
871.0,811.0
871.0,486.0
871.0,386.0
871.0,829.0
871.0,767.0
872.0,328.0
872.0,390.0
872.0,930.0
872.0,809.0
872.0,934.0
872.0,145.0
872.0,469.0
872.0,109.0
872.0,718.0
872.0,398.0
872.0,727.0
872.0,616.0
873.0,428.0
873.0,695.0
873.0,430.0
873.0,295.0
873.0,734.0
873.0,864.0
873.0,245.0
873.0,205.0
873.0,807.0
873.0,743.0
873.0,337.0
873.0,178.0
874.0,840.0
874.0,1029.0
874.0,331.0
874.0,215.0
874.0,235.0
874.0,218.0
874.0,83.0
874.0,123.0
874.0,231.0
874.0,537.0
874.0,9.0
874.0,608.0
875.0,824.0
875.0,523.0
875.0,832.0
875.0,731.0
875.0,659.0
875.0,206.0
875.0,772.0
875.0,940.0
875.0,883.0
875.0,795.0
875.0,921.0
875.0,746.0
876.0,37.0
876.0,772.0
876.0,780.0
876.0,761.0
876.0,688.0
876.0,555.0
876.0,625.0
876.0,650.0
876.0,557.0
876.0,323.0
876.0,16.0
876.0,983.0
877.0,914.0
877.0,668.0
877.0,967.0
877.0,380.0
877.0,217.0
877.0,132.0
877.0,383.0
877.0,1012.0
877.0,286.0
877.0,978.0
877.0,795.0
877.0,680.0
878.0,510.0
878.0,177.0
878.0,637.0
878.0,423.0
878.0,520.0
878.0,855.0
878.0,660.0
878.0,4.0
878.0,604.0
878.0,343.0
878.0,850.0
878.0,863.0
879.0,209.0
879.0,706.0
879.0,739.0
879.0,280.0
879.0,540.0
879.0,652.0
879.0,944.0
879.0,78.0
879.0,691.0
879.0,527.0
879.0,370.0
879.0,408.0
880.0,640.0
880.0,1009.0
880.0,699.0
880.0,760.0
880.0,415.0
880.0,944.0
880.0,192.0
880.0,132.0
880.0,490.0
880.0,160.0
880.0,725.0
880.0,899.0
881.0,940.0
881.0,450.0
881.0,837.0
881.0,317.0
881.0,81.0
881.0,819.0
881.0,960.0
881.0,359.0
881.0,753.0
881.0,82.0
881.0,756.0
881.0,442.0
882.0,85.0
882.0,73.0
882.0,229.0
882.0,199.0
882.0,756.0
882.0,766.0
882.0,162.0
882.0,164.0
882.0,647.0
882.0,387.0
882.0,909.0
882.0,549.0
883.0,61.0
883.0,608.0
883.0,411.0
883.0,770.0
883.0,334.0
883.0,242.0
883.0,206.0
883.0,651.0
883.0,687.0
883.0,479.0
883.0,198.0
883.0,504.0
884.0,731.0
884.0,1008.0
884.0,267.0
884.0,691.0
884.0,539.0
884.0,1000.0
884.0,182.0
884.0,530.0
884.0,384.0
884.0,683.0
884.0,107.0
884.0,142.0
885.0,21.0
885.0,1022.0
885.0,6.0
885.0,311.0
885.0,962.0
885.0,281.0
885.0,201.0
885.0,409.0
885.0,508.0
885.0,108.0
885.0,535.0
885.0,794.0
886.0,55.0
886.0,273.0
886.0,74.0
886.0,666.0
886.0,13.0
886.0,990.0
886.0,638.0
886.0,36.0
886.0,935.0
886.0,932.0
886.0,532.0
886.0,548.0
887.0,712.0
887.0,374.0
887.0,740.0
887.0,460.0
887.0,900.0
887.0,54.0
887.0,575.0
887.0,970.0
887.0,1004.0
887.0,563.0
887.0,707.0
887.0,624.0
888.0,91.0
888.0,1000.0
888.0,699.0
888.0,80.0
888.0,576.0
888.0,349.0
888.0,834.0
888.0,1011.0
888.0,763.0
888.0,17.0
888.0,828.0
888.0,887.0
889.0,658.0
889.0,923.0
889.0,127.0
889.0,83.0
889.0,360.0
889.0,933.0
889.0,479.0
889.0,860.0
889.0,218.0
889.0,507.0
889.0,612.0
889.0,130.0
890.0,241.0
890.0,736.0
890.0,718.0
890.0,554.0
890.0,243.0
890.0,558.0
890.0,926.0
890.0,190.0
890.0,837.0
890.0,235.0
890.0,217.0
890.0,56.0
891.0,457.0
891.0,377.0
891.0,195.0
891.0,749.0
891.0,188.0
891.0,186.0
891.0,14.0
891.0,73.0
891.0,356.0
891.0,703.0
891.0,1028.0
891.0,551.0
892.0,588.0
892.0,611.0
892.0,445.0
892.0,888.0
892.0,276.0
892.0,553.0
892.0,723.0
892.0,139.0
892.0,774.0
892.0,111.0
892.0,733.0
892.0,163.0
893.0,786.0
893.0,565.0
893.0,260.0
893.0,55.0
893.0,116.0
893.0,399.0
893.0,752.0
893.0,270.0
893.0,508.0
893.0,301.0
893.0,207.0
893.0,285.0
894.0,853.0
894.0,556.0
894.0,16.0
894.0,323.0
894.0,642.0
894.0,994.0
894.0,845.0
894.0,103.0
894.0,926.0
894.0,1020.0
894.0,553.0
894.0,620.0
895.0,907.0
895.0,279.0
895.0,232.0
895.0,154.0
895.0,516.0
895.0,187.0
895.0,95.0
895.0,378.0
895.0,440.0
895.0,609.0
895.0,586.0
895.0,884.0
896.0,462.0
896.0,283.0
896.0,591.0
896.0,971.0
896.0,421.0
896.0,313.0
896.0,571.0
896.0,660.0
896.0,815.0
896.0,585.0
896.0,27.0
896.0,95.0
897.0,22.0
897.0,881.0
897.0,911.0
897.0,877.0
897.0,208.0
897.0,69.0
897.0,937.0
897.0,383.0
897.0,33.0
897.0,744.0
897.0,459.0
897.0,749.0
898.0,52.0
898.0,422.0
898.0,789.0
898.0,651.0
898.0,337.0
898.0,141.0
898.0,668.0
898.0,155.0
898.0,1028.0
898.0,277.0
898.0,186.0
898.0,915.0
899.0,104.0
899.0,28.0
899.0,21.0
899.0,320.0
899.0,980.0
899.0,68.0
899.0,209.0
899.0,341.0
899.0,6.0
899.0,348.0
899.0,192.0
899.0,382.0
900.0,466.0
900.0,942.0
900.0,218.0
900.0,119.0
900.0,996.0
900.0,563.0
900.0,188.0
900.0,949.0
900.0,925.0
900.0,379.0
900.0,66.0
900.0,310.0
901.0,674.0
901.0,489.0
901.0,300.0
901.0,703.0
901.0,414.0
901.0,550.0
901.0,70.0
901.0,668.0
901.0,1018.0
901.0,838.0
901.0,291.0
901.0,697.0
902.0,538.0
902.0,924.0
902.0,30.0
902.0,552.0
902.0,956.0
902.0,276.0
902.0,691.0
902.0,1020.0
902.0,279.0
902.0,319.0
902.0,895.0
902.0,1023.0
903.0,19.0
903.0,421.0
903.0,113.0
903.0,327.0
903.0,210.0
903.0,690.0
903.0,331.0
903.0,342.0
903.0,550.0
903.0,71.0
903.0,102.0
903.0,1023.0
904.0,240.0
904.0,237.0
904.0,485.0
904.0,567.0
904.0,437.0
904.0,398.0
904.0,109.0
904.0,88.0
904.0,1026.0
904.0,709.0
904.0,859.0
904.0,855.0
905.0,605.0
905.0,996.0
905.0,568.0
905.0,254.0
905.0,119.0
905.0,69.0
905.0,969.0
905.0,916.0
905.0,566.0
905.0,542.0
905.0,667.0
905.0,87.0
906.0,83.0
906.0,566.0
906.0,257.0
906.0,1018.0
906.0,378.0
906.0,81.0
906.0,186.0
906.0,1024.0
906.0,608.0
906.0,326.0
906.0,1013.0
906.0,217.0
907.0,491.0
907.0,533.0
907.0,283.0
907.0,708.0
907.0,538.0
907.0,554.0
907.0,210.0
907.0,652.0
907.0,308.0
907.0,540.0
907.0,821.0
907.0,395.0
908.0,346.0
908.0,38.0
908.0,729.0
908.0,730.0
908.0,997.0
908.0,994.0
908.0,36.0
908.0,758.0
908.0,697.0
908.0,256.0
908.0,1017.0
908.0,825.0
909.0,974.0
909.0,753.0
909.0,693.0
909.0,1021.0
909.0,796.0
909.0,52.0
909.0,658.0
909.0,508.0
909.0,377.0
909.0,700.0
909.0,280.0
909.0,600.0
910.0,149.0
910.0,920.0
910.0,219.0
910.0,118.0
910.0,1018.0
910.0,633.0
910.0,300.0
910.0,482.0
910.0,233.0
910.0,560.0
910.0,557.0
910.0,275.0
911.0,788.0
911.0,465.0
911.0,379.0
911.0,992.0
911.0,619.0
911.0,267.0
911.0,480.0
911.0,323.0
911.0,303.0
911.0,473.0
911.0,857.0
911.0,750.0
912.0,163.0
912.0,423.0
912.0,298.0
912.0,869.0
912.0,279.0
912.0,513.0
912.0,919.0
912.0,875.0
912.0,167.0
912.0,494.0
912.0,970.0
912.0,603.0
913.0,978.0
913.0,686.0
913.0,0.0
913.0,648.0
913.0,647.0
913.0,210.0
913.0,479.0
913.0,942.0
913.0,1008.0
913.0,61.0
913.0,473.0
913.0,932.0
914.0,995.0
914.0,510.0
914.0,842.0
914.0,55.0
914.0,745.0
914.0,830.0
914.0,869.0
914.0,66.0
914.0,1004.0
914.0,37.0
914.0,981.0
914.0,155.0
915.0,376.0
915.0,909.0
915.0,686.0
915.0,792.0
915.0,910.0
915.0,96.0
915.0,277.0
915.0,81.0
915.0,392.0
915.0,133.0
915.0,377.0
915.0,789.0
916.0,429.0
916.0,948.0
916.0,1031.0
916.0,378.0
916.0,765.0
916.0,547.0
916.0,73.0
916.0,273.0
916.0,863.0
916.0,187.0
916.0,494.0
916.0,546.0
917.0,462.0
917.0,722.0
917.0,94.0
917.0,766.0
917.0,787.0
917.0,328.0
917.0,42.0
917.0,829.0
917.0,822.0
917.0,784.0
917.0,345.0
917.0,498.0
918.0,446.0
918.0,917.0
918.0,675.0
918.0,441.0
918.0,859.0
918.0,930.0
918.0,813.0
918.0,137.0
918.0,110.0
918.0,871.0
918.0,278.0
918.0,19.0
919.0,168.0
919.0,151.0
919.0,203.0
919.0,887.0
919.0,198.0
919.0,310.0
919.0,883.0
919.0,928.0
919.0,464.0
919.0,130.0
919.0,880.0
919.0,505.0
920.0,130.0
920.0,714.0
920.0,0.0
920.0,610.0
920.0,210.0
920.0,657.0
920.0,598.0
920.0,103.0
920.0,231.0
920.0,344.0
920.0,952.0
920.0,906.0
921.0,721.0
921.0,772.0
921.0,231.0
921.0,479.0
921.0,612.0
921.0,687.0
921.0,718.0
921.0,55.0
921.0,44.0
921.0,787.0
921.0,659.0
921.0,697.0
922.0,491.0
922.0,214.0
922.0,12.0
922.0,818.0
922.0,176.0
922.0,101.0
922.0,926.0
922.0,136.0
922.0,642.0
922.0,516.0
922.0,205.0
922.0,764.0
923.0,896.0
923.0,214.0
923.0,725.0
923.0,218.0
923.0,856.0
923.0,462.0
923.0,853.0
923.0,573.0
923.0,931.0
923.0,228.0
923.0,445.0
923.0,276.0
924.0,335.0
924.0,308.0
924.0,318.0
924.0,847.0
924.0,196.0
924.0,504.0
924.0,57.0
924.0,712.0
924.0,538.0
924.0,629.0
924.0,934.0
924.0,41.0
925.0,821.0
925.0,98.0
925.0,69.0
925.0,530.0
925.0,939.0
925.0,327.0
925.0,922.0
925.0,214.0
925.0,501.0
925.0,75.0
925.0,115.0
925.0,378.0
926.0,23.0
926.0,846.0
926.0,154.0
926.0,706.0
926.0,1004.0
926.0,756.0
926.0,594.0
926.0,83.0
926.0,370.0
926.0,261.0
926.0,335.0
926.0,664.0
927.0,667.0
927.0,370.0
927.0,542.0
927.0,426.0
927.0,274.0
927.0,438.0
927.0,206.0
927.0,24.0
927.0,503.0
927.0,539.0
927.0,228.0
927.0,431.0
928.0,251.0
928.0,291.0
928.0,935.0
928.0,659.0
928.0,346.0
928.0,482.0
928.0,702.0
928.0,146.0
928.0,9.0
928.0,267.0
928.0,541.0
928.0,718.0
929.0,483.0
929.0,507.0
929.0,233.0
929.0,215.0
929.0,772.0
929.0,80.0
929.0,208.0
929.0,876.0
929.0,511.0
929.0,69.0
929.0,379.0
929.0,373.0
930.0,798.0
930.0,762.0
930.0,47.0
930.0,240.0
930.0,632.0
930.0,486.0
930.0,964.0
930.0,689.0
930.0,338.0
930.0,239.0
930.0,999.0
930.0,316.0
931.0,846.0
931.0,117.0
931.0,357.0
931.0,637.0
931.0,681.0
931.0,1020.0
931.0,883.0
931.0,994.0
931.0,973.0
931.0,558.0
931.0,377.0
931.0,945.0
932.0,420.0
932.0,242.0
932.0,112.0
932.0,695.0
932.0,803.0
932.0,473.0
932.0,336.0
932.0,157.0
932.0,514.0
932.0,416.0
932.0,524.0
932.0,896.0
933.0,115.0
933.0,196.0
933.0,307.0
933.0,994.0
933.0,664.0
933.0,895.0
933.0,748.0
933.0,428.0
933.0,327.0
933.0,396.0
933.0,42.0
933.0,204.0
934.0,424.0
934.0,718.0
934.0,65.0
934.0,711.0
934.0,1000.0
934.0,290.0
934.0,368.0
934.0,269.0
934.0,637.0
934.0,832.0
934.0,123.0
934.0,380.0
935.0,590.0
935.0,817.0
935.0,399.0
935.0,268.0
935.0,858.0
935.0,876.0
935.0,886.0
935.0,64.0
935.0,682.0
935.0,260.0
935.0,250.0
935.0,74.0
936.0,263.0
936.0,998.0
936.0,266.0
936.0,313.0
936.0,362.0
936.0,305.0
936.0,508.0
936.0,29.0
936.0,995.0
936.0,285.0
936.0,957.0
936.0,641.0
937.0,478.0
937.0,511.0
937.0,454.0
937.0,84.0
937.0,346.0
937.0,772.0
937.0,118.0
937.0,22.0
937.0,37.0
937.0,1030.0
937.0,618.0
937.0,764.0
938.0,1022.0
938.0,824.0
938.0,981.0
938.0,1030.0
938.0,470.0
938.0,373.0
938.0,389.0
938.0,185.0
938.0,620.0
938.0,464.0
938.0,317.0
938.0,645.0
939.0,299.0
939.0,586.0
939.0,1012.0
939.0,547.0
939.0,518.0
939.0,31.0
939.0,210.0
939.0,942.0
939.0,672.0
939.0,112.0
939.0,16.0
939.0,1000.0
940.0,374.0
940.0,108.0
940.0,151.0
940.0,507.0
940.0,681.0
940.0,1005.0
940.0,212.0
940.0,323.0
940.0,963.0
940.0,291.0
940.0,775.0
940.0,373.0
941.0,966.0
941.0,707.0
941.0,239.0
941.0,605.0
941.0,628.0
941.0,121.0
941.0,1014.0
941.0,479.0
941.0,790.0
941.0,735.0
941.0,259.0
941.0,42.0
942.0,250.0
942.0,746.0
942.0,413.0
942.0,724.0
942.0,610.0
942.0,748.0
942.0,450.0
942.0,856.0
942.0,1035.0
942.0,32.0
942.0,288.0
942.0,931.0
943.0,646.0
943.0,419.0
943.0,11.0
943.0,382.0
943.0,234.0
943.0,285.0
943.0,688.0
943.0,108.0
943.0,931.0
943.0,528.0
943.0,320.0
943.0,331.0
944.0,1035.0
944.0,835.0
944.0,754.0
944.0,154.0
944.0,499.0
944.0,276.0
944.0,1016.0
944.0,925.0
944.0,540.0
944.0,196.0
944.0,232.0
944.0,954.0
945.0,44.0
945.0,203.0
945.0,319.0
945.0,637.0
945.0,412.0
945.0,845.0
945.0,78.0
945.0,196.0
945.0,283.0
945.0,332.0
945.0,1009.0
945.0,948.0
946.0,683.0
946.0,728.0
946.0,932.0
946.0,537.0
946.0,844.0
946.0,914.0
946.0,204.0
946.0,961.0
946.0,187.0
946.0,795.0
946.0,193.0
946.0,942.0
947.0,924.0
947.0,571.0
947.0,856.0
947.0,41.0
947.0,214.0
947.0,148.0
947.0,583.0
947.0,258.0
947.0,417.0
947.0,126.0
947.0,385.0
947.0,287.0
948.0,932.0
948.0,718.0
948.0,17.0
948.0,608.0
948.0,558.0
948.0,107.0
948.0,958.0
948.0,166.0
948.0,865.0
948.0,686.0
948.0,732.0
948.0,514.0
949.0,683.0
949.0,787.0
949.0,856.0
949.0,1030.0
949.0,333.0
949.0,12.0
949.0,367.0
949.0,216.0
949.0,243.0
949.0,861.0
949.0,183.0
949.0,322.0
950.0,556.0
950.0,821.0
950.0,356.0
950.0,95.0
950.0,9.0
950.0,672.0
950.0,701.0
950.0,362.0
950.0,157.0
950.0,948.0
950.0,994.0
950.0,466.0
951.0,761.0
951.0,935.0
951.0,107.0
951.0,340.0
951.0,983.0
951.0,907.0
951.0,777.0
951.0,443.0
951.0,532.0
951.0,323.0
951.0,589.0
951.0,302.0
952.0,323.0
952.0,33.0
952.0,301.0
952.0,764.0
952.0,816.0
952.0,22.0
952.0,55.0
952.0,636.0
952.0,746.0
952.0,455.0
952.0,565.0
952.0,466.0
953.0,83.0
953.0,112.0
953.0,921.0
953.0,925.0
953.0,660.0
953.0,401.0
953.0,151.0
953.0,285.0
953.0,122.0
953.0,380.0
953.0,263.0
953.0,212.0
954.0,357.0
954.0,519.0
954.0,890.0
954.0,764.0
954.0,119.0
954.0,608.0
954.0,922.0
954.0,412.0
954.0,739.0
954.0,458.0
954.0,524.0
954.0,169.0
955.0,372.0
955.0,728.0
955.0,769.0
955.0,204.0
955.0,658.0
955.0,888.0
955.0,292.0
955.0,954.0
955.0,974.0
955.0,1030.0
955.0,421.0
955.0,331.0
956.0,181.0
956.0,608.0
956.0,665.0
956.0,943.0
956.0,648.0
956.0,389.0
956.0,296.0
956.0,771.0
956.0,839.0
956.0,938.0
956.0,450.0
956.0,1023.0
957.0,370.0
957.0,775.0
957.0,800.0
957.0,362.0
957.0,314.0
957.0,1000.0
957.0,1015.0
957.0,534.0
957.0,148.0
957.0,262.0
957.0,737.0
957.0,375.0
958.0,813.0
958.0,193.0
958.0,182.0
958.0,841.0
958.0,188.0
958.0,228.0
958.0,342.0
958.0,153.0
958.0,954.0
958.0,562.0
958.0,934.0
958.0,540.0
959.0,884.0
959.0,670.0
959.0,1004.0
959.0,913.0
959.0,571.0
959.0,244.0
959.0,672.0
959.0,514.0
959.0,170.0
959.0,279.0
959.0,171.0
959.0,856.0
960.0,989.0
960.0,70.0
960.0,455.0
960.0,61.0
960.0,772.0
960.0,952.0
960.0,270.0
960.0,33.0
960.0,566.0
960.0,32.0
960.0,555.0
960.0,384.0
961.0,944.0
961.0,417.0
961.0,659.0
961.0,760.0
961.0,791.0
961.0,926.0
961.0,852.0
961.0,581.0
961.0,1020.0
961.0,513.0
961.0,449.0
961.0,545.0
962.0,115.0
962.0,2.0
962.0,752.0
962.0,326.0
962.0,174.0
962.0,953.0
962.0,775.0
962.0,412.0
962.0,96.0
962.0,511.0
962.0,80.0
962.0,409.0
963.0,81.0
963.0,956.0
963.0,108.0
963.0,207.0
963.0,645.0
963.0,7.0
963.0,733.0
963.0,794.0
963.0,569.0
963.0,580.0
963.0,962.0
963.0,510.0
964.0,955.0
964.0,941.0
964.0,524.0
964.0,648.0
964.0,336.0
964.0,431.0
964.0,550.0
964.0,352.0
964.0,867.0
964.0,869.0
964.0,813.0
964.0,620.0
965.0,718.0
965.0,332.0
965.0,825.0
965.0,560.0
965.0,684.0
965.0,696.0
965.0,859.0
965.0,32.0
965.0,581.0
965.0,758.0
965.0,747.0
965.0,116.0
966.0,361.0
966.0,137.0
966.0,791.0
966.0,706.0
966.0,840.0
966.0,121.0
966.0,318.0
966.0,491.0
966.0,573.0
966.0,1011.0
966.0,190.0
966.0,330.0
967.0,844.0
967.0,804.0
967.0,542.0
967.0,1004.0
967.0,360.0
967.0,558.0
967.0,228.0
967.0,756.0
967.0,913.0
967.0,749.0
967.0,594.0
967.0,30.0
968.0,561.0
968.0,474.0
968.0,185.0
968.0,162.0
968.0,917.0
968.0,1021.0
968.0,25.0
968.0,572.0
968.0,198.0
968.0,351.0
968.0,315.0
968.0,870.0
969.0,988.0
969.0,913.0
969.0,926.0
969.0,130.0
969.0,565.0
969.0,607.0
969.0,922.0
969.0,874.0
969.0,1006.0
969.0,103.0
969.0,909.0
969.0,691.0
970.0,1023.0
970.0,310.0
970.0,533.0
970.0,553.0
970.0,143.0
970.0,56.0
970.0,166.0
970.0,820.0
970.0,825.0
970.0,157.0
970.0,749.0
970.0,121.0
971.0,559.0
971.0,992.0
971.0,1031.0
971.0,746.0
971.0,1024.0
971.0,537.0
971.0,724.0
971.0,210.0
971.0,581.0
971.0,986.0
971.0,525.0
971.0,256.0
972.0,624.0
972.0,1017.0
972.0,411.0
972.0,1033.0
972.0,429.0
972.0,185.0
972.0,309.0
972.0,823.0
972.0,182.0
972.0,133.0
972.0,164.0
972.0,677.0
973.0,47.0
973.0,856.0
973.0,542.0
973.0,932.0
973.0,38.0
973.0,407.0
973.0,930.0
973.0,742.0
973.0,183.0
973.0,436.0
973.0,706.0
973.0,545.0
974.0,940.0
974.0,169.0
974.0,368.0
974.0,745.0
974.0,937.0
974.0,584.0
974.0,598.0
974.0,156.0
974.0,955.0
974.0,684.0
974.0,151.0
974.0,267.0
975.0,830.0
975.0,695.0
975.0,80.0
975.0,1019.0
975.0,958.0
975.0,717.0
975.0,127.0
975.0,980.0
975.0,484.0
975.0,480.0
975.0,523.0
975.0,269.0
976.0,652.0
976.0,1031.0
976.0,947.0
976.0,880.0
976.0,266.0
976.0,470.0
976.0,146.0
976.0,30.0
976.0,6.0
976.0,680.0
976.0,875.0
976.0,790.0
977.0,364.0
977.0,959.0
977.0,946.0
977.0,992.0
977.0,253.0
977.0,529.0
977.0,707.0
977.0,102.0
977.0,277.0
977.0,905.0
977.0,1025.0
977.0,861.0
978.0,329.0
978.0,637.0
978.0,500.0
978.0,220.0
978.0,698.0
978.0,155.0
978.0,214.0
978.0,539.0
978.0,695.0
978.0,573.0
978.0,996.0
978.0,710.0
979.0,254.0
979.0,564.0
979.0,938.0
979.0,372.0
979.0,335.0
979.0,978.0
979.0,463.0
979.0,228.0
979.0,562.0
979.0,411.0
979.0,942.0
979.0,76.0
980.0,423.0
980.0,388.0
980.0,989.0
980.0,433.0
980.0,321.0
980.0,71.0
980.0,900.0
980.0,89.0
980.0,902.0
980.0,581.0
980.0,899.0
980.0,637.0
981.0,353.0
981.0,343.0
981.0,267.0
981.0,781.0
981.0,174.0
981.0,986.0
981.0,445.0
981.0,23.0
981.0,646.0
981.0,1014.0
981.0,116.0
981.0,412.0
982.0,557.0
982.0,219.0
982.0,371.0
982.0,471.0
982.0,45.0
982.0,367.0
982.0,818.0
982.0,677.0
982.0,104.0
982.0,495.0
982.0,50.0
982.0,867.0
983.0,371.0
983.0,271.0
983.0,861.0
983.0,733.0
983.0,547.0
983.0,393.0
983.0,590.0
983.0,379.0
983.0,634.0
983.0,36.0
983.0,875.0
983.0,779.0
984.0,52.0
984.0,426.0
984.0,784.0
984.0,889.0
984.0,713.0
984.0,34.0
984.0,714.0
984.0,539.0
984.0,653.0
984.0,229.0
984.0,622.0
984.0,330.0
985.0,997.0
985.0,228.0
985.0,344.0
985.0,267.0
985.0,875.0
985.0,455.0
985.0,439.0
985.0,824.0
985.0,658.0
985.0,369.0
985.0,597.0
985.0,897.0
986.0,285.0
986.0,412.0
986.0,343.0
986.0,116.0
986.0,30.0
986.0,511.0
986.0,998.0
986.0,645.0
986.0,827.0
986.0,160.0
986.0,718.0
986.0,373.0
987.0,463.0
987.0,615.0
987.0,947.0
987.0,869.0
987.0,831.0
987.0,16.0
987.0,575.0
987.0,995.0
987.0,953.0
987.0,660.0
987.0,970.0
987.0,156.0
988.0,527.0
988.0,871.0
988.0,309.0
988.0,597.0
988.0,97.0
988.0,31.0
988.0,961.0
988.0,100.0
988.0,386.0
988.0,584.0
988.0,628.0
988.0,187.0
989.0,913.0
989.0,777.0
989.0,665.0
989.0,719.0
989.0,336.0
989.0,540.0
989.0,995.0
989.0,210.0
989.0,167.0
989.0,684.0
989.0,714.0
989.0,258.0
990.0,292.0
990.0,61.0
990.0,525.0
990.0,359.0
990.0,856.0
990.0,210.0
990.0,772.0
990.0,384.0
990.0,273.0
990.0,80.0
990.0,594.0
990.0,725.0
991.0,707.0
991.0,335.0
991.0,411.0
991.0,143.0
991.0,976.0
991.0,404.0
991.0,387.0
991.0,889.0
991.0,221.0
991.0,900.0
991.0,933.0
991.0,975.0
992.0,642.0
992.0,749.0
992.0,842.0
992.0,884.0
992.0,1019.0
992.0,80.0
992.0,855.0
992.0,655.0
992.0,868.0
992.0,708.0
992.0,307.0
992.0,660.0
993.0,578.0
993.0,742.0
993.0,647.0
993.0,283.0
993.0,690.0
993.0,446.0
993.0,587.0
993.0,208.0
993.0,639.0
993.0,538.0
993.0,364.0
993.0,42.0
994.0,498.0
994.0,955.0
994.0,944.0
994.0,592.0
994.0,353.0
994.0,231.0
994.0,1028.0
994.0,473.0
994.0,706.0
994.0,830.0
994.0,67.0
994.0,533.0
995.0,270.0
995.0,963.0
995.0,797.0
995.0,483.0
995.0,613.0
995.0,184.0
995.0,676.0
995.0,660.0
995.0,998.0
995.0,936.0
995.0,86.0
995.0,373.0
996.0,501.0
996.0,972.0
996.0,111.0
996.0,732.0
996.0,514.0
996.0,137.0
996.0,558.0
996.0,540.0
996.0,167.0
996.0,292.0
996.0,860.0
996.0,172.0
997.0,990.0
997.0,752.0
997.0,759.0
997.0,754.0
997.0,353.0
997.0,1006.0
997.0,81.0
997.0,507.0
997.0,140.0
997.0,683.0
997.0,949.0
997.0,363.0
998.0,810.0
998.0,959.0
998.0,957.0
998.0,368.0
998.0,337.0
998.0,911.0
998.0,831.0
998.0,908.0
998.0,169.0
998.0,827.0
998.0,564.0
998.0,646.0
999.0,930.0
999.0,918.0
999.0,660.0
999.0,939.0
999.0,390.0
999.0,237.0
999.0,474.0
999.0,927.0
999.0,1026.0
999.0,878.0
999.0,614.0
999.0,855.0
1000.0,581.0
1000.0,828.0
1000.0,226.0
1000.0,421.0
1000.0,330.0
1000.0,691.0
1000.0,556.0
1000.0,408.0
1000.0,98.0
1000.0,735.0
1000.0,611.0
1000.0,296.0
1001.0,381.0
1001.0,435.0
1001.0,546.0
1001.0,702.0
1001.0,730.0
1001.0,246.0
1001.0,650.0
1001.0,383.0
1001.0,250.0
1001.0,560.0
1001.0,36.0
1001.0,960.0
1002.0,439.0
1002.0,449.0
1002.0,707.0
1002.0,1027.0
1002.0,17.0
1002.0,54.0
1002.0,640.0
1002.0,754.0
1002.0,710.0
1002.0,941.0
1002.0,1026.0
1002.0,79.0
1003.0,970.0
1003.0,227.0
1003.0,80.0
1003.0,944.0
1003.0,266.0
1003.0,922.0
1003.0,166.0
1003.0,809.0
1003.0,692.0
1003.0,339.0
1003.0,456.0
1003.0,24.0
1004.0,123.0
1004.0,890.0
1004.0,668.0
1004.0,131.0
1004.0,1008.0
1004.0,341.0
1004.0,821.0
1004.0,307.0
1004.0,97.0
1004.0,292.0
1004.0,198.0
1004.0,947.0
1005.0,683.0
1005.0,37.0
1005.0,824.0
1005.0,118.0
1005.0,135.0
1005.0,897.0
1005.0,127.0
1005.0,883.0
1005.0,1017.0
1005.0,78.0
1005.0,684.0
1005.0,1008.0
1006.0,301.0
1006.0,537.0
1006.0,154.0
1006.0,524.0
1006.0,378.0
1006.0,902.0
1006.0,712.0
1006.0,354.0
1006.0,427.0
1006.0,973.0
1006.0,691.0
1006.0,531.0
1007.0,531.0
1007.0,803.0
1007.0,292.0
1007.0,865.0
1007.0,334.0
1007.0,787.0
1007.0,560.0
1007.0,718.0
1007.0,27.0
1007.0,378.0
1007.0,440.0
1007.0,861.0
1008.0,196.0
1008.0,900.0
1008.0,651.0
1008.0,925.0
1008.0,78.0
1008.0,655.0
1008.0,0.0
1008.0,56.0
1008.0,874.0
1008.0,214.0
1008.0,744.0
1008.0,174.0
1009.0,301.0
1009.0,541.0
1009.0,290.0
1009.0,307.0
1009.0,1004.0
1009.0,1007.0
1009.0,138.0
1009.0,715.0
1009.0,744.0
1009.0,692.0
1009.0,733.0
1009.0,65.0
1010.0,219.0
1010.0,577.0
1010.0,549.0
1010.0,953.0
1010.0,486.0
1010.0,768.0
1010.0,840.0
1010.0,700.0
1010.0,27.0
1010.0,404.0
1010.0,429.0
1010.0,73.0
1011.0,12.0
1011.0,287.0
1011.0,813.0
1011.0,931.0
1011.0,518.0
1011.0,829.0
1011.0,728.0
1011.0,176.0
1011.0,895.0
1011.0,112.0
1011.0,278.0
1011.0,210.0
1012.0,1009.0
1012.0,196.0
1012.0,242.0
1012.0,163.0
1012.0,414.0
1012.0,1008.0
1012.0,556.0
1012.0,294.0
1012.0,733.0
1012.0,241.0
1012.0,94.0
1012.0,154.0
1013.0,666.0
1013.0,696.0
1013.0,496.0
1013.0,965.0
1013.0,749.0
1013.0,655.0
1013.0,686.0
1013.0,785.0
1013.0,578.0
1013.0,213.0
1013.0,808.0
1013.0,183.0
1014.0,948.0
1014.0,254.0
1014.0,299.0
1014.0,504.0
1014.0,597.0
1014.0,101.0
1014.0,494.0
1014.0,330.0
1014.0,73.0
1014.0,879.0
1014.0,934.0
1014.0,707.0
1015.0,800.0
1015.0,68.0
1015.0,48.0
1015.0,54.0
1015.0,306.0
1015.0,152.0
1015.0,595.0
1015.0,409.0
1015.0,644.0
1015.0,669.0
1015.0,467.0
1015.0,745.0
1016.0,748.0
1016.0,310.0
1016.0,479.0
1016.0,1029.0
1016.0,23.0
1016.0,821.0
1016.0,732.0
1016.0,424.0
1016.0,494.0
1016.0,1025.0
1016.0,991.0
1016.0,136.0
1017.0,440.0
1017.0,203.0
1017.0,697.0
1017.0,557.0
1017.0,83.0
1017.0,861.0
1017.0,603.0
1017.0,636.0
1017.0,275.0
1017.0,631.0
1017.0,447.0
1017.0,1013.0
1018.0,894.0
1018.0,852.0
1018.0,792.0
1018.0,945.0
1018.0,531.0
1018.0,714.0
1018.0,416.0
1018.0,183.0
1018.0,557.0
1018.0,489.0
1018.0,295.0
1018.0,900.0
1019.0,334.0
1019.0,181.0
1019.0,512.0
1019.0,313.0
1019.0,1035.0
1019.0,540.0
1019.0,1030.0
1019.0,1009.0
1019.0,721.0
1019.0,732.0
1019.0,839.0
1019.0,845.0
1020.0,874.0
1020.0,196.0
1020.0,622.0
1020.0,159.0
1020.0,308.0
1020.0,867.0
1020.0,710.0
1020.0,389.0
1020.0,387.0
1020.0,887.0
1020.0,516.0
1020.0,878.0
1021.0,93.0
1021.0,552.0
1021.0,509.0
1021.0,988.0
1021.0,822.0
1021.0,859.0
1021.0,663.0
1021.0,204.0
1021.0,347.0
1021.0,354.0
1021.0,927.0
1021.0,400.0
1022.0,180.0
1022.0,487.0
1022.0,724.0
1022.0,537.0
1022.0,43.0
1022.0,716.0
1022.0,676.0
1022.0,437.0
1022.0,979.0
1022.0,468.0
1022.0,782.0
1022.0,448.0
1023.0,992.0
1023.0,187.0
1023.0,91.0
1023.0,444.0
1023.0,216.0
1023.0,611.0
1023.0,993.0
1023.0,715.0
1023.0,217.0
1023.0,26.0
1023.0,127.0
1023.0,182.0
1024.0,490.0
1024.0,795.0
1024.0,384.0
1024.0,1001.0
1024.0,577.0
1024.0,747.0
1024.0,643.0
1024.0,861.0
1024.0,1028.0
1024.0,944.0
1024.0,827.0
1024.0,72.0
1025.0,993.0
1025.0,657.0
1025.0,1003.0
1025.0,574.0
1025.0,233.0
1025.0,568.0
1025.0,545.0
1025.0,933.0
1025.0,739.0
1025.0,310.0
1025.0,312.0
1025.0,167.0
1026.0,616.0
1026.0,40.0
1026.0,145.0
1026.0,405.0
1026.0,437.0
1026.0,685.0
1026.0,382.0
1026.0,30.0
1026.0,249.0
1026.0,362.0
1026.0,628.0
1026.0,403.0
1027.0,360.0
1027.0,131.0
1027.0,583.0
1027.0,826.0
1027.0,748.0
1027.0,533.0
1027.0,176.0
1027.0,608.0
1027.0,545.0
1027.0,592.0
1027.0,413.0
1027.0,55.0
1028.0,198.0
1028.0,949.0
1028.0,779.0
1028.0,548.0
1028.0,742.0
1028.0,623.0
1028.0,1035.0
1028.0,366.0
1028.0,946.0
1028.0,944.0
1028.0,141.0
1028.0,245.0
1029.0,530.0
1029.0,711.0
1029.0,29.0
1029.0,55.0
1029.0,466.0
1029.0,289.0
1029.0,659.0
1029.0,383.0
1029.0,684.0
1029.0,820.0
1029.0,83.0
1029.0,737.0
1030.0,909.0
1030.0,111.0
1030.0,32.0
1030.0,378.0
1030.0,513.0
1030.0,573.0
1030.0,4.0
1030.0,73.0
1030.0,1016.0
1030.0,44.0
1030.0,387.0
1030.0,830.0
1031.0,945.0
1031.0,860.0
1031.0,896.0
1031.0,167.0
1031.0,226.0
1031.0,732.0
1031.0,836.0
1031.0,424.0
1031.0,421.0
1031.0,415.0
1031.0,887.0
1031.0,877.0
1032.0,611.0
1032.0,54.0
1032.0,419.0
1032.0,122.0
1032.0,353.0
1032.0,236.0
1032.0,281.0
1032.0,106.0
1032.0,76.0
1032.0,465.0
1032.0,381.0
1032.0,455.0
1033.0,993.0
1033.0,801.0
1033.0,293.0
1033.0,301.0
1033.0,739.0
1033.0,63.0
1033.0,663.0
1033.0,722.0
1033.0,133.0
1033.0,274.0
1033.0,859.0
1033.0,474.0
1034.0,269.0
1034.0,612.0
1034.0,403.0
1034.0,510.0
1034.0,795.0
1034.0,1000.0
1034.0,114.0
1034.0,654.0
1034.0,841.0
1034.0,106.0
1034.0,448.0
1034.0,800.0
1035.0,47.0
1035.0,339.0
1035.0,1027.0
1035.0,466.0
1035.0,407.0
1035.0,711.0
1035.0,732.0
1035.0,753.0
1035.0,890.0
1035.0,158.0
1035.0,874.0
1035.0,267.0
242.0,0.0
1011.0,0.0
514.0,0.0
224.0,0.0
1012.0,0.0
550.0,0.0
852.0,0.0
146.0,0.0
979.0,0.0
479.0,0.0
991.0,0.0
116.0,0.0
345.0,1.0
627.0,1.0
778.0,1.0
871.0,1.0
354.0,1.0
62.0,1.0
63.0,1.0
1033.0,1.0
162.0,1.0
123.0,1.0
823.0,1.0
611.0,1.0
741.0,2.0
122.0,2.0
402.0,2.0
535.0,2.0
410.0,2.0
794.0,2.0
989.0,2.0
591.0,2.0
7.0,2.0
589.0,2.0
247.0,2.0
702.0,2.0
754.0,3.0
1034.0,3.0
142.0,3.0
948.0,3.0
370.0,3.0
287.0,3.0
880.0,3.0
799.0,3.0
405.0,3.0
460.0,3.0
16.0,3.0
108.0,3.0
428.0,4.0
774.0,4.0
874.0,4.0
176.0,4.0
832.0,4.0
719.0,4.0
895.0,4.0
788.0,4.0
318.0,4.0
887.0,4.0
729.0,4.0
524.0,4.0
871.0,5.0
823.0,5.0
53.0,5.0
386.0,5.0
671.0,5.0
801.0,5.0
728.0,5.0
811.0,5.0
678.0,5.0
8.0,5.0
140.0,5.0
462.0,5.0
112.0,6.0
152.0,6.0
869.0,6.0
543.0,6.0
584.0,6.0
59.0,6.0
774.0,6.0
892.0,6.0
884.0,6.0
740.0,6.0
342.0,6.0
880.0,6.0
935.0,7.0
937.0,7.0
268.0,7.0
13.0,7.0
2.0,7.0
816.0,7.0
136.0,7.0
332.0,7.0
202.0,7.0
247.0,7.0
295.0,7.0
702.0,7.0
822.0,8.0
50.0,8.0
890.0,8.0
85.0,8.0
820.0,8.0
629.0,8.0
424.0,8.0
647.0,8.0
851.0,8.0
134.0,8.0
789.0,8.0
587.0,8.0
973.0,9.0
557.0,9.0
954.0,9.0
863.0,9.0
928.0,9.0
235.0,9.0
540.0,9.0
61.0,9.0
243.0,9.0
759.0,9.0
931.0,9.0
236.0,9.0
930.0,10.0
490.0,10.0
17.0,10.0
561.0,10.0
230.0,10.0
846.0,10.0
145.0,10.0
1026.0,10.0
437.0,10.0
790.0,10.0
177.0,10.0
92.0,10.0
737.0,11.0
491.0,11.0
163.0,11.0
723.0,11.0
943.0,11.0
135.0,11.0
311.0,11.0
2.0,11.0
1032.0,11.0
399.0,11.0
619.0,11.0
1024.0,11.0
599.0,12.0
905.0,12.0
874.0,12.0
900.0,12.0
879.0,12.0
834.0,12.0
235.0,12.0
578.0,12.0
496.0,12.0
501.0,12.0
296.0,12.0
805.0,12.0
256.0,13.0
179.0,13.0
764.0,13.0
383.0,13.0
519.0,13.0
952.0,13.0
535.0,13.0
148.0,13.0
560.0,13.0
442.0,13.0
35.0,13.0
908.0,13.0
20.0,14.0
141.0,14.0
721.0,14.0
851.0,14.0
910.0,14.0
333.0,14.0
836.0,14.0
521.0,14.0
46.0,14.0
551.0,14.0
915.0,14.0
376.0,14.0
607.0,15.0
996.0,15.0
370.0,15.0
203.0,15.0
497.0,15.0
357.0,15.0
974.0,15.0
894.0,15.0
581.0,15.0
530.0,15.0
279.0,15.0
511.0,15.0
401.0,16.0
731.0,16.0
591.0,16.0
430.0,16.0
862.0,16.0
142.0,16.0
69.0,16.0
857.0,16.0
640.0,16.0
523.0,16.0
152.0,16.0
507.0,16.0
624.0,17.0
598.0,17.0
111.0,17.0
261.0,17.0
145.0,17.0
397.0,17.0
121.0,17.0
760.0,17.0
209.0,17.0
56.0,17.0
675.0,17.0
464.0,17.0
256.0,18.0
202.0,18.0
300.0,18.0
489.0,18.0
783.0,18.0
714.0,18.0
295.0,18.0
1028.0,18.0
324.0,18.0
211.0,18.0
52.0,18.0
223.0,18.0
564.0,19.0
970.0,19.0
842.0,19.0
375.0,19.0
892.0,19.0
853.0,19.0
611.0,19.0
394.0,19.0
725.0,19.0
217.0,19.0
23.0,19.0
923.0,19.0
353.0,20.0
265.0,20.0
922.0,20.0
566.0,20.0
905.0,20.0
127.0,20.0
280.0,20.0
642.0,20.0
170.0,20.0
863.0,20.0
687.0,20.0
636.0,20.0
526.0,21.0
311.0,21.0
147.0,21.0
144.0,21.0
723.0,21.0
152.0,21.0
43.0,21.0
535.0,21.0
139.0,21.0
450.0,21.0
114.0,21.0
720.0,21.0
77.0,22.0
434.0,22.0
990.0,22.0
291.0,22.0
810.0,22.0
697.0,22.0
857.0,22.0
379.0,22.0
698.0,22.0
288.0,22.0
80.0,22.0
135.0,22.0
731.0,23.0
56.0,23.0
830.0,23.0
460.0,23.0
115.0,23.0
599.0,23.0
938.0,23.0
431.0,23.0
625.0,23.0
1020.0,23.0
735.0,23.0
620.0,23.0
211.0,24.0
206.0,24.0
72.0,24.0
996.0,24.0
907.0,24.0
743.0,24.0
648.0,24.0
1012.0,24.0
468.0,24.0
835.0,24.0
327.0,24.0
339.0,24.0
360.0,25.0
164.0,25.0
497.0,25.0
131.0,25.0
307.0,25.0
820.0,25.0
927.0,25.0
809.0,25.0
992.0,25.0
749.0,25.0
166.0,25.0
770.0,25.0
762.0,26.0
451.0,26.0
163.0,26.0
470.0,26.0
414.0,26.0
616.0,26.0
177.0,26.0
993.0,26.0
899.0,26.0
604.0,26.0
92.0,26.0
850.0,26.0
655.0,27.0
361.0,27.0
668.0,27.0
123.0,27.0
565.0,27.0
845.0,27.0
996.0,27.0
622.0,27.0
235.0,27.0
805.0,27.0
292.0,27.0
748.0,27.0
68.0,28.0
595.0,28.0
448.0,28.0
774.0,28.0
808.0,28.0
362.0,28.0
733.0,28.0
735.0,28.0
248.0,28.0
786.0,28.0
19.0,28.0
604.0,28.0
960.0,29.0
913.0,29.0
470.0,29.0
1009.0,29.0
220.0,29.0
384.0,29.0
1004.0,29.0
330.0,29.0
166.0,29.0
119.0,29.0
431.0,29.0
504.0,29.0
526.0,30.0
349.0,30.0
530.0,30.0
762.0,30.0
423.0,30.0
565.0,30.0
540.0,30.0
368.0,30.0
869.0,30.0
523.0,30.0
342.0,30.0
42.0,30.0
509.0,31.0
41.0,31.0
903.0,31.0
129.0,31.0
341.0,31.0
1020.0,31.0
225.0,31.0
614.0,31.0
955.0,31.0
798.0,31.0
715.0,31.0
137.0,31.0
61.0,32.0
149.0,32.0
581.0,32.0
811.0,32.0
773.0,32.0
946.0,32.0
658.0,32.0
1013.0,32.0
218.0,32.0
1016.0,32.0
765.0,32.0
1000.0,32.0
455.0,33.0
275.0,33.0
76.0,33.0
193.0,33.0
36.0,33.0
548.0,33.0
150.0,33.0
212.0,33.0
427.0,33.0
618.0,33.0
997.0,33.0
772.0,33.0
356.0,34.0
678.0,34.0
701.0,34.0
522.0,34.0
871.0,34.0
191.0,34.0
369.0,34.0
704.0,34.0
377.0,34.0
961.0,34.0
300.0,34.0
36.0,34.0
940.0,35.0
356.0,35.0
16.0,35.0
478.0,35.0
780.0,35.0
598.0,35.0
44.0,35.0
14.0,35.0
1028.0,35.0
806.0,35.0
886.0,35.0
4.0,35.0
331.0,36.0
156.0,36.0
256.0,36.0
428.0,36.0
408.0,36.0
929.0,36.0
560.0,36.0
831.0,36.0
268.0,36.0
661.0,36.0
23.0,36.0
464.0,36.0
761.0,37.0
692.0,37.0
661.0,37.0
353.0,37.0
488.0,37.0
78.0,37.0
402.0,37.0
135.0,37.0
951.0,37.0
875.0,37.0
272.0,37.0
849.0,37.0
992.0,38.0
191.0,38.0
928.0,38.0
337.0,38.0
743.0,38.0
668.0,38.0
489.0,38.0
104.0,38.0
498.0,38.0
1023.0,38.0
959.0,38.0
233.0,38.0
420.0,39.0
683.0,39.0
858.0,39.0
952.0,39.0
848.0,39.0
844.0,39.0
621.0,39.0
246.0,39.0
849.0,39.0
77.0,39.0
393.0,39.0
442.0,39.0
375.0,40.0
1034.0,40.0
630.0,40.0
114.0,40.0
352.0,40.0
403.0,40.0
676.0,40.0
800.0,40.0
248.0,40.0
980.0,40.0
468.0,40.0
892.0,40.0
992.0,41.0
505.0,41.0
68.0,41.0
353.0,41.0
715.0,41.0
430.0,41.0
177.0,41.0
964.0,41.0
1020.0,41.0
159.0,41.0
1009.0,41.0
146.0,41.0
368.0,42.0
252.0,42.0
662.0,42.0
244.0,42.0
620.0,42.0
253.0,42.0
552.0,42.0
629.0,42.0
514.0,42.0
131.0,42.0
284.0,42.0
397.0,42.0
180.0,43.0
348.0,43.0
695.0,43.0
92.0,43.0
375.0,43.0
726.0,43.0
320.0,43.0
350.0,43.0
745.0,43.0
774.0,43.0
716.0,43.0
468.0,43.0
883.0,44.0
735.0,44.0
256.0,44.0
719.0,44.0
151.0,44.0
82.0,44.0
15.0,44.0
396.0,44.0
651.0,44.0
205.0,44.0
191.0,44.0
154.0,44.0
978.0,45.0
509.0,45.0
811.0,45.0
164.0,45.0
568.0,45.0
418.0,45.0
105.0,45.0
426.0,45.0
647.0,45.0
927.0,45.0
822.0,45.0
351.0,45.0
901.0,46.0
471.0,46.0
14.0,46.0
915.0,46.0
150.0,46.0
704.0,46.0
331.0,46.0
367.0,46.0
195.0,46.0
792.0,46.0
422.0,46.0
703.0,46.0
427.0,47.0
491.0,47.0
438.0,47.0
1025.0,47.0
502.0,47.0
243.0,47.0
296.0,47.0
608.0,47.0
683.0,47.0
665.0,47.0
549.0,47.0
865.0,47.0
735.0,48.0
321.0,48.0
947.0,48.0
54.0,48.0
664.0,48.0
41.0,48.0
26.0,48.0
855.0,48.0
139.0,48.0
934.0,48.0
473.0,48.0
830.0,48.0
93.0,49.0
70.0,49.0
784.0,49.0
703.0,49.0
817.0,49.0
1010.0,49.0
432.0,49.0
521.0,49.0
793.0,49.0
506.0,49.0
1021.0,49.0
277.0,49.0
166.0,50.0
543.0,50.0
42.0,50.0
1016.0,50.0
353.0,50.0
698.0,50.0
538.0,50.0
950.0,50.0
324.0,50.0
803.0,50.0
258.0,50.0
318.0,50.0
283.0,51.0
492.0,51.0
835.0,51.0
662.0,51.0
374.0,51.0
993.0,51.0
0.0,51.0
20.0,51.0
992.0,51.0
216.0,51.0
383.0,51.0
949.0,51.0
789.0,52.0
568.0,52.0
638.0,52.0
610.0,52.0
898.0,52.0
792.0,52.0
891.0,52.0
14.0,52.0
103.0,52.0
643.0,52.0
454.0,52.0
1018.0,52.0
879.0,53.0
939.0,53.0
185.0,53.0
58.0,53.0
329.0,53.0
572.0,53.0
968.0,53.0
418.0,53.0
449.0,53.0
692.0,53.0
338.0,53.0
542.0,53.0
308.0,54.0
328.0,54.0
253.0,54.0
712.0,54.0
89.0,54.0
221.0,54.0
614.0,54.0
126.0,54.0
442.0,54.0
61.0,54.0
534.0,54.0
895.0,54.0
908.0,55.0
942.0,55.0
163.0,55.0
4.0,55.0
533.0,55.0
242.0,55.0
181.0,55.0
1008.0,55.0
360.0,55.0
541.0,55.0
1027.0,55.0
1017.0,55.0
352.0,56.0
319.0,56.0
938.0,56.0
668.0,56.0
226.0,56.0
41.0,56.0
466.0,56.0
695.0,56.0
680.0,56.0
837.0,56.0
954.0,56.0
533.0,56.0
318.0,57.0
852.0,57.0
838.0,57.0
210.0,57.0
274.0,57.0
690.0,57.0
481.0,57.0
449.0,57.0
834.0,57.0
820.0,57.0
123.0,57.0
969.0,57.0
347.0,58.0
386.0,58.0
978.0,58.0
24.0,58.0
46.0,58.0
917.0,58.0
467.0,58.0
1016.0,58.0
354.0,58.0
975.0,58.0
426.0,58.0
93.0,58.0
856.0,59.0
50.0,59.0
213.0,59.0
956.0,59.0
372.0,59.0
975.0,59.0
417.0,59.0
42.0,59.0
711.0,59.0
423.0,59.0
979.0,59.0
427.0,59.0
391.0,60.0
806.0,60.0
696.0,60.0
965.0,60.0
466.0,60.0
634.0,60.0
327.0,60.0
817.0,60.0
582.0,60.0
96.0,60.0
744.0,60.0
308.0,60.0
759.0,61.0
795.0,61.0
860.0,61.0
805.0,61.0
976.0,61.0
874.0,61.0
599.0,61.0
912.0,61.0
460.0,61.0
973.0,61.0
648.0,61.0
387.0,61.0
58.0,62.0
441.0,62.0
249.0,62.0
796.0,62.0
870.0,62.0
828.0,62.0
622.0,62.0
693.0,62.0
449.0,62.0
832.0,62.0
308.0,62.0
461.0,62.0
500.0,63.0
93.0,63.0
1011.0,63.0
1.0,63.0
446.0,63.0
859.0,63.0
62.0,63.0
942.0,63.0
88.0,63.0
209.0,63.0
766.0,63.0
593.0,63.0
676.0,64.0
256.0,64.0
348.0,64.0
526.0,64.0
362.0,64.0
995.0,64.0
936.0,64.0
263.0,64.0
487.0,64.0
606.0,64.0
957.0,64.0
750.0,64.0
717.0,65.0
832.0,65.0
813.0,65.0
139.0,65.0
565.0,65.0
113.0,65.0
500.0,65.0
715.0,65.0
583.0,65.0
3.0,65.0
923.0,65.0
389.0,65.0
9.0,66.0
686.0,66.0
276.0,66.0
661.0,66.0
749.0,66.0
719.0,66.0
163.0,66.0
143.0,66.0
975.0,66.0
533.0,66.0
235.0,66.0
956.0,66.0
1000.0,67.0
787.0,67.0
83.0,67.0
681.0,67.0
103.0,67.0
973.0,67.0
204.0,67.0
742.0,67.0
332.0,67.0
740.0,67.0
925.0,67.0
801.0,67.0
958.0,68.0
995.0,68.0
755.0,68.0
956.0,68.0
727.0,68.0
127.0,68.0
872.0,68.0
735.0,68.0
804.0,68.0
976.0,68.0
748.0,68.0
125.0,68.0
620.0,69.0
874.0,69.0
618.0,69.0
611.0,69.0
78.0,69.0
291.0,69.0
388.0,69.0
607.0,69.0
842.0,69.0
537.0,69.0
218.0,69.0
954.0,69.0
275.0,70.0
909.0,70.0
552.0,70.0
266.0,70.0
800.0,70.0
869.0,70.0
846.0,70.0
228.0,70.0
372.0,70.0
371.0,70.0
59.0,70.0
77.0,70.0
198.0,71.0
417.0,71.0
380.0,71.0
565.0,71.0
609.0,71.0
179.0,71.0
712.0,71.0
3.0,71.0
159.0,71.0
68.0,71.0
69.0,71.0
933.0,71.0
807.0,72.0
920.0,72.0
870.0,72.0
233.0,72.0
748.0,72.0
949.0,72.0
713.0,72.0
474.0,72.0
476.0,72.0
594.0,72.0
366.0,72.0
157.0,72.0
264.0,73.0
13.0,73.0
27.0,73.0
538.0,73.0
194.0,73.0
787.0,73.0
51.0,73.0
845.0,73.0
159.0,73.0
549.0,73.0
522.0,73.0
331.0,73.0
187.0,74.0
396.0,74.0
425.0,74.0
928.0,74.0
323.0,74.0
431.0,74.0
908.0,74.0
952.0,74.0
515.0,74.0
1035.0,74.0
428.0,74.0
1017.0,74.0
498.0,75.0
667.0,75.0
648.0,75.0
879.0,75.0
266.0,75.0
254.0,75.0
1009.0,75.0
427.0,75.0
279.0,75.0
80.0,75.0
335.0,75.0
1008.0,75.0
785.0,76.0
319.0,76.0
540.0,76.0
251.0,76.0
990.0,76.0
731.0,76.0
265.0,76.0
952.0,76.0
594.0,76.0
268.0,76.0
928.0,76.0
530.0,76.0
175.0,77.0
402.0,77.0
764.0,77.0
938.0,77.0
353.0,77.0
690.0,77.0
730.0,77.0
858.0,77.0
273.0,77.0
634.0,77.0
541.0,77.0
245.0,77.0
435.0,78.0
522.0,78.0
331.0,78.0
849.0,78.0
554.0,78.0
515.0,78.0
103.0,78.0
599.0,78.0
336.0,78.0
259.0,78.0
687.0,78.0
511.0,78.0
563.0,79.0
182.0,79.0
145.0,79.0
249.0,79.0
512.0,79.0
504.0,79.0
1008.0,79.0
895.0,79.0
912.0,79.0
652.0,79.0
923.0,79.0
538.0,79.0
304.0,80.0
1000.0,80.0
215.0,80.0
632.0,80.0
847.0,80.0
894.0,80.0
609.0,80.0
681.0,80.0
336.0,80.0
127.0,80.0
335.0,80.0
543.0,80.0
674.0,81.0
128.0,81.0
188.0,81.0
507.0,81.0
327.0,81.0
380.0,81.0
804.0,81.0
442.0,81.0
997.0,81.0
753.0,81.0
420.0,81.0
876.0,81.0
9.0,82.0
464.0,82.0
276.0,82.0
960.0,82.0
962.0,82.0
172.0,82.0
913.0,82.0
610.0,82.0
925.0,82.0
919.0,82.0
182.0,82.0
118.0,82.0
172.0,83.0
67.0,83.0
718.0,83.0
960.0,83.0
188.0,83.0
682.0,83.0
658.0,83.0
674.0,83.0
777.0,83.0
373.0,83.0
319.0,83.0
493.0,83.0
825.0,84.0
702.0,84.0
1032.0,84.0
929.0,84.0
556.0,84.0
824.0,84.0
897.0,84.0
695.0,84.0
107.0,84.0
60.0,84.0
729.0,84.0
138.0,84.0
766.0,85.0
8.0,85.0
49.0,85.0
506.0,85.0
485.0,85.0
993.0,85.0
801.0,85.0
541.0,85.0
5.0,85.0
882.0,85.0
45.0,85.0
851.0,85.0
716.0,86.0
117.0,86.0
1015.0,86.0
201.0,86.0
757.0,86.0
106.0,86.0
169.0,86.0
899.0,86.0
626.0,86.0
1034.0,86.0
773.0,86.0
979.0,86.0
954.0,87.0
290.0,87.0
117.0,87.0
188.0,87.0
107.0,87.0
997.0,87.0
284.0,87.0
905.0,87.0
298.0,87.0
878.0,87.0
961.0,87.0
103.0,87.0
639.0,88.0
904.0,88.0
796.0,88.0
400.0,88.0
100.0,88.0
709.0,88.0
338.0,88.0
717.0,88.0
462.0,88.0
469.0,88.0
999.0,88.0
110.0,88.0
970.0,89.0
591.0,89.0
615.0,89.0
718.0,89.0
370.0,89.0
1000.0,89.0
338.0,89.0
562.0,89.0
934.0,89.0
215.0,89.0
41.0,89.0
880.0,89.0
381.0,90.0
752.0,90.0
66.0,90.0
826.0,90.0
343.0,90.0
1027.0,90.0
243.0,90.0
169.0,90.0
160.0,90.0
656.0,90.0
776.0,90.0
175.0,90.0
411.0,91.0
78.0,91.0
79.0,91.0
412.0,91.0
500.0,91.0
531.0,91.0
308.0,91.0
633.0,91.0
837.0,91.0
962.0,91.0
543.0,91.0
329.0,91.0
515.0,92.0
431.0,92.0
683.0,92.0
798.0,92.0
802.0,92.0
209.0,92.0
888.0,92.0
617.0,92.0
101.0,92.0
841.0,92.0
1015.0,92.0
325.0,92.0
692.0,93.0
446.0,93.0
662.0,93.0
870.0,93.0
200.0,93.0
107.0,93.0
663.0,93.0
293.0,93.0
917.0,93.0
88.0,93.0
474.0,93.0
237.0,93.0
905.0,94.0
268.0,94.0
284.0,94.0
168.0,94.0
252.0,94.0
454.0,94.0
710.0,94.0
112.0,94.0
91.0,94.0
1019.0,94.0
428.0,94.0
151.0,94.0
586.0,95.0
550.0,95.0
738.0,95.0
874.0,95.0
815.0,95.0
1004.0,95.0
216.0,95.0
438.0,95.0
99.0,95.0
53.0,95.0
887.0,95.0
809.0,95.0
609.0,96.0
881.0,96.0
507.0,96.0
990.0,96.0
494.0,96.0
16.0,96.0
719.0,96.0
1027.0,96.0
538.0,96.0
392.0,96.0
337.0,96.0
635.0,96.0
966.0,97.0
335.0,97.0
601.0,97.0
939.0,97.0
80.0,97.0
200.0,97.0
461.0,97.0
517.0,97.0
561.0,97.0
572.0,97.0
1011.0,97.0
753.0,97.0
1031.0,98.0
212.0,98.0
181.0,98.0
226.0,98.0
126.0,98.0
1024.0,98.0
157.0,98.0
906.0,98.0
165.0,98.0
894.0,98.0
294.0,98.0
224.0,98.0
85.0,99.0
639.0,99.0
432.0,99.0
104.0,99.0
572.0,99.0
274.0,99.0
517.0,99.0
100.0,99.0
972.0,99.0
242.0,99.0
784.0,99.0
767.0,99.0
255.0,100.0
1.0,100.0
647.0,100.0
784.0,100.0
675.0,100.0
10.0,100.0
315.0,100.0
1011.0,100.0
917.0,100.0
94.0,100.0
293.0,100.0
112.0,100.0
62.0,101.0
640.0,101.0
449.0,101.0
903.0,101.0
307.0,101.0
301.0,101.0
586.0,101.0
888.0,101.0
680.0,101.0
878.0,101.0
1.0,101.0
967.0,101.0
907.0,102.0
1019.0,102.0
583.0,102.0
405.0,102.0
578.0,102.0
235.0,102.0
866.0,102.0
559.0,102.0
290.0,102.0
660.0,102.0
79.0,102.0
169.0,102.0
574.0,103.0
733.0,103.0
921.0,103.0
683.0,103.0
9.0,103.0
395.0,103.0
630.0,103.0
578.0,103.0
442.0,103.0
925.0,103.0
765.0,103.0
575.0,103.0
767.0,104.0
864.0,104.0
803.0,104.0
665.0,104.0
27.0,104.0
586.0,104.0
56.0,104.0
627.0,104.0
312.0,104.0
927.0,104.0
624.0,104.0
978.0,104.0
472.0,105.0
324.0,105.0
599.0,105.0
1017.0,105.0
820.0,105.0
743.0,105.0
323.0,105.0
982.0,105.0
696.0,105.0
195.0,105.0
193.0,105.0
489.0,105.0
305.0,106.0
3.0,106.0
826.0,106.0
43.0,106.0
403.0,106.0
64.0,106.0
488.0,106.0
297.0,106.0
892.0,106.0
262.0,106.0
125.0,106.0
173.0,106.0
719.0,107.0
691.0,107.0
553.0,107.0
361.0,107.0
946.0,107.0
531.0,107.0
701.0,107.0
243.0,107.0
486.0,107.0
667.0,107.0
269.0,107.0
665.0,107.0
510.0,108.0
958.0,108.0
142.0,108.0
221.0,108.0
207.0,108.0
1030.0,108.0
660.0,108.0
311.0,108.0
421.0,108.0
460.0,108.0
641.0,108.0
924.0,108.0
583.0,109.0
930.0,109.0
398.0,109.0
230.0,109.0
628.0,109.0
853.0,109.0
721.0,109.0
10.0,109.0
798.0,109.0
424.0,109.0
556.0,109.0
451.0,109.0
24.0,110.0
418.0,110.0
497.0,110.0
31.0,110.0
352.0,110.0
629.0,110.0
603.0,110.0
161.0,110.0
219.0,110.0
778.0,110.0
68.0,110.0
424.0,110.0
989.0,111.0
622.0,111.0
120.0,111.0
581.0,111.0
412.0,111.0
380.0,111.0
894.0,111.0
1030.0,111.0
755.0,111.0
570.0,111.0
732.0,111.0
853.0,111.0
140.0,112.0
234.0,112.0
85.0,112.0
906.0,112.0
34.0,112.0
933.0,112.0
182.0,112.0
642.0,112.0
318.0,112.0
98.0,112.0
335.0,112.0
366.0,112.0
153.0,113.0
892.0,113.0
884.0,113.0
879.0,113.0
48.0,113.0
888.0,113.0
203.0,113.0
125.0,113.0
65.0,113.0
139.0,113.0
601.0,113.0
941.0,113.0
109.0,114.0
617.0,114.0
771.0,114.0
437.0,114.0
595.0,114.0
342.0,114.0
190.0,114.0
348.0,114.0
120.0,114.0
980.0,114.0
26.0,114.0
1034.0,114.0
959.0,115.0
1008.0,115.0
540.0,115.0
501.0,115.0
304.0,115.0
481.0,115.0
1006.0,115.0
978.0,115.0
887.0,115.0
102.0,115.0
667.0,115.0
335.0,115.0
991.0,116.0
448.0,116.0
180.0,116.0
1029.0,116.0
388.0,116.0
645.0,116.0
971.0,116.0
369.0,116.0
511.0,116.0
83.0,116.0
142.0,116.0
919.0,116.0
143.0,117.0
203.0,117.0
596.0,117.0
179.0,117.0
95.0,117.0
89.0,117.0
691.0,117.0
169.0,117.0
349.0,117.0
687.0,117.0
460.0,117.0
537.0,117.0
81.0,118.0
623.0,118.0
806.0,118.0
59.0,118.0
76.0,118.0
183.0,118.0
891.0,118.0
194.0,118.0
18.0,118.0
986.0,118.0
686.0,118.0
983.0,118.0
749.0,119.0
291.0,119.0
1014.0,119.0
967.0,119.0
86.0,119.0
1027.0,119.0
463.0,119.0
718.0,119.0
970.0,119.0
869.0,119.0
571.0,119.0
317.0,119.0
630.0,120.0
26.0,120.0
576.0,120.0
321.0,120.0
606.0,120.0
654.0,120.0
618.0,120.0
567.0,120.0
114.0,120.0
879.0,120.0
190.0,120.0
40.0,120.0
950.0,121.0
309.0,121.0
57.0,121.0
537.0,121.0
665.0,121.0
31.0,121.0
902.0,121.0
883.0,121.0
605.0,121.0
101.0,121.0
490.0,121.0
163.0,121.0
9.0,122.0
82.0,122.0
515.0,122.0
286.0,122.0
480.0,122.0
560.0,122.0
207.0,122.0
826.0,122.0
32.0,122.0
955.0,122.0
656.0,122.0
116.0,122.0
530.0,123.0
553.0,123.0
43.0,123.0
216.0,123.0
961.0,123.0
1016.0,123.0
387.0,123.0
862.0,123.0
107.0,123.0
877.0,123.0
150.0,123.0
187.0,123.0
94.0,124.0
704.0,124.0
356.0,124.0
557.0,124.0
789.0,124.0
909.0,124.0
915.0,124.0
140.0,124.0
345.0,124.0
495.0,124.0
229.0,124.0
917.0,124.0
405.0,125.0
799.0,125.0
583.0,125.0
827.0,125.0
179.0,125.0
980.0,125.0
942.0,125.0
460.0,125.0
269.0,125.0
311.0,125.0
842.0,125.0
681.0,125.0
955.0,126.0
4.0,126.0
102.0,126.0
655.0,126.0
273.0,126.0
508.0,126.0
165.0,126.0
143.0,126.0
168.0,126.0
631.0,126.0
15.0,126.0
450.0,126.0
976.0,127.0
260.0,127.0
586.0,127.0
68.0,127.0
946.0,127.0
989.0,127.0
711.0,127.0
894.0,127.0
217.0,127.0
975.0,127.0
625.0,127.0
846.0,127.0
656.0,128.0
826.0,128.0
306.0,128.0
737.0,128.0
41.0,128.0
681.0,128.0
267.0,128.0
991.0,128.0
80.0,128.0
64.0,128.0
484.0,128.0
845.0,128.0
1026.0,129.0
54.0,129.0
872.0,129.0
328.0,129.0
717.0,129.0
314.0,129.0
68.0,129.0
987.0,129.0
225.0,129.0
240.0,129.0
405.0,129.0
439.0,129.0
922.0,130.0
580.0,130.0
736.0,130.0
748.0,130.0
570.0,130.0
815.0,130.0
394.0,130.0
154.0,130.0
691.0,130.0
672.0,130.0
695.0,130.0
372.0,130.0
155.0,131.0
161.0,131.0
722.0,131.0
166.0,131.0
41.0,131.0
583.0,131.0
860.0,131.0
117.0,131.0
319.0,131.0
138.0,131.0
299.0,131.0
332.0,131.0
912.0,132.0
21.0,132.0
716.0,132.0
420.0,132.0
564.0,132.0
30.0,132.0
283.0,132.0
372.0,132.0
760.0,132.0
685.0,132.0
896.0,132.0
664.0,132.0
264.0,133.0
916.0,133.0
476.0,133.0
927.0,133.0
713.0,133.0
694.0,133.0
426.0,133.0
793.0,133.0
506.0,133.0
352.0,133.0
58.0,133.0
277.0,133.0
759.0,134.0
529.0,134.0
8.0,134.0
677.0,134.0
840.0,134.0
789.0,134.0
653.0,134.0
229.0,134.0
376.0,134.0
392.0,134.0
1027.0,134.0
199.0,134.0
401.0,135.0
737.0,135.0
776.0,135.0
535.0,135.0
670.0,135.0
369.0,135.0
251.0,135.0
74.0,135.0
455.0,135.0
317.0,135.0
974.0,135.0
598.0,135.0
955.0,136.0
537.0,136.0
61.0,136.0
729.0,136.0
220.0,136.0
931.0,136.0
860.0,136.0
543.0,136.0
624.0,136.0
665.0,136.0
470.0,136.0
276.0,136.0
193.0,137.0
967.0,137.0
364.0,137.0
629.0,137.0
865.0,137.0
790.0,137.0
924.0,137.0
97.0,137.0
648.0,137.0
329.0,137.0
185.0,137.0
439.0,137.0
363.0,138.0
73.0,138.0
44.0,138.0
235.0,138.0
672.0,138.0
470.0,138.0
501.0,138.0
212.0,138.0
651.0,138.0
945.0,138.0
690.0,138.0
333.0,138.0
146.0,139.0
605.0,139.0
892.0,139.0
389.0,139.0
326.0,139.0
739.0,139.0
781.0,139.0
129.0,139.0
958.0,139.0
204.0,139.0
1008.0,139.0
372.0,139.0
414.0,140.0
103.0,140.0
91.0,140.0
364.0,140.0
801.0,140.0
742.0,140.0
871.0,140.0
50.0,140.0
905.0,140.0
112.0,140.0
82.0,140.0
609.0,140.0
582.0,141.0
38.0,141.0
610.0,141.0
635.0,141.0
171.0,141.0
229.0,141.0
404.0,141.0
312.0,141.0
388.0,141.0
738.0,141.0
897.0,141.0
959.0,141.0
496.0,142.0
192.0,142.0
562.0,142.0
640.0,142.0
358.0,142.0
880.0,142.0
40.0,142.0
854.0,142.0
656.0,142.0
320.0,142.0
991.0,142.0
39.0,142.0
942.0,143.0
668.0,143.0
210.0,143.0
554.0,143.0
206.0,143.0
291.0,143.0
545.0,143.0
370.0,143.0
863.0,143.0
516.0,143.0
25.0,143.0
767.0,143.0
282.0,144.0
526.0,144.0
1034.0,144.0
375.0,144.0
679.0,144.0
210.0,144.0
484.0,144.0
468.0,144.0
1002.0,144.0
615.0,144.0
297.0,144.0
184.0,144.0
930.0,145.0
872.0,145.0
426.0,145.0
918.0,145.0
1015.0,145.0
756.0,145.0
10.0,145.0
71.0,145.0
129.0,145.0
338.0,145.0
316.0,145.0
899.0,145.0
168.0,146.0
581.0,146.0
667.0,146.0
577.0,146.0
313.0,146.0
620.0,146.0
243.0,146.0
408.0,146.0
832.0,146.0
731.0,146.0
180.0,146.0
226.0,146.0
651.0,147.0
839.0,147.0
841.0,147.0
92.0,147.0
235.0,147.0
382.0,147.0
173.0,147.0
43.0,147.0
79.0,147.0
1016.0,147.0
681.0,147.0
929.0,147.0
846.0,148.0
957.0,148.0
22.0,148.0
985.0,148.0
355.0,148.0
90.0,148.0
559.0,148.0
857.0,148.0
723.0,148.0
160.0,148.0
960.0,148.0
963.0,148.0
139.0,149.0
759.0,149.0
732.0,149.0
84.0,149.0
440.0,149.0
581.0,149.0
1004.0,149.0
559.0,149.0
159.0,149.0
291.0,149.0
76.0,149.0
181.0,149.0
895.0,150.0
964.0,150.0
28.0,150.0
902.0,150.0
423.0,150.0
182.0,150.0
890.0,150.0
837.0,150.0
950.0,150.0
719.0,150.0
687.0,150.0
815.0,150.0
599.0,151.0
953.0,151.0
245.0,151.0
799.0,151.0
408.0,151.0
436.0,151.0
666.0,151.0
563.0,151.0
592.0,151.0
971.0,151.0
543.0,151.0
206.0,151.0
68.0,152.0
726.0,152.0
348.0,152.0
614.0,152.0
142.0,152.0
197.0,152.0
144.0,152.0
685.0,152.0
40.0,152.0
484.0,152.0
711.0,152.0
771.0,152.0
939.0,153.0
841.0,153.0
108.0,153.0
596.0,153.0
445.0,153.0
958.0,153.0
630.0,153.0
128.0,153.0
563.0,153.0
955.0,153.0
681.0,153.0
773.0,153.0
434.0,154.0
102.0,154.0
1006.0,154.0
212.0,154.0
343.0,154.0
530.0,154.0
1019.0,154.0
499.0,154.0
912.0,154.0
427.0,154.0
190.0,154.0
748.0,154.0
584.0,155.0
917.0,155.0
738.0,155.0
1016.0,155.0
132.0,155.0
874.0,155.0
942.0,155.0
979.0,155.0
440.0,155.0
852.0,155.0
729.0,155.0
950.0,155.0
658.0,156.0
276.0,156.0
649.0,156.0
1007.0,156.0
55.0,156.0
16.0,156.0
445.0,156.0
892.0,156.0
860.0,156.0
415.0,156.0
310.0,156.0
291.0,156.0
334.0,157.0
115.0,157.0
875.0,157.0
690.0,157.0
226.0,157.0
584.0,157.0
925.0,157.0
719.0,157.0
844.0,157.0
245.0,157.0
744.0,157.0
217.0,157.0
517.0,158.0
832.0,158.0
277.0,158.0
127.0,158.0
522.0,158.0
698.0,158.0
748.0,158.0
597.0,158.0
694.0,158.0
927.0,158.0
219.0,158.0
531.0,158.0
640.0,159.0
944.0,159.0
855.0,159.0
887.0,159.0
154.0,159.0
175.0,159.0
1009.0,159.0
695.0,159.0
1004.0,159.0
243.0,159.0
1031.0,159.0
856.0,159.0
78.0,160.0
373.0,160.0
508.0,160.0
384.0,160.0
16.0,160.0
854.0,160.0
401.0,160.0
381.0,160.0
181.0,160.0
535.0,160.0
831.0,160.0
788.0,160.0
462.0,161.0
567.0,161.0
441.0,161.0
699.0,161.0
101.0,161.0
449.0,161.0
689.0,161.0
164.0,161.0
461.0,161.0
415.0,161.0
903.0,161.0
418.0,161.0
506.0,162.0
269.0,162.0
400.0,162.0
315.0,162.0
950.0,162.0
165.0,162.0
823.0,162.0
722.0,162.0
185.0,162.0
255.0,162.0
543.0,162.0
793.0,162.0
228.0,163.0
463.0,163.0
540.0,163.0
879.0,163.0
353.0,163.0
524.0,163.0
959.0,163.0
610.0,163.0
583.0,163.0
803.0,163.0
189.0,163.0
668.0,163.0
87.0,164.0
423.0,164.0
778.0,164.0
103.0,164.0
441.0,164.0
25.0,164.0
605.0,164.0
336.0,164.0
162.0,164.0
539.0,164.0
930.0,164.0
486.0,164.0
377.0,165.0
169.0,165.0
844.0,165.0
692.0,165.0
738.0,165.0
334.0,165.0
651.0,165.0
779.0,165.0
1018.0,165.0
945.0,165.0
546.0,165.0
366.0,165.0
396.0,166.0
334.0,166.0
65.0,166.0
309.0,166.0
728.0,166.0
25.0,166.0
504.0,166.0
1003.0,166.0
194.0,166.0
479.0,166.0
415.0,166.0
168.0,166.0
226.0,167.0
414.0,167.0
184.0,167.0
662.0,167.0
929.0,167.0
678.0,167.0
427.0,167.0
504.0,167.0
319.0,167.0
243.0,167.0
328.0,167.0
361.0,167.0
787.0,168.0
883.0,168.0
479.0,168.0
540.0,168.0
808.0,168.0
420.0,168.0
542.0,168.0
1007.0,168.0
157.0,168.0
894.0,168.0
642.0,168.0
877.0,168.0
475.0,169.0
645.0,169.0
692.0,169.0
659.0,169.0
515.0,169.0
283.0,169.0
122.0,169.0
986.0,169.0
258.0,169.0
55.0,169.0
897.0,169.0
731.0,169.0
211.0,170.0
820.0,170.0
1019.0,170.0
884.0,170.0
565.0,170.0
944.0,170.0
187.0,170.0
385.0,170.0
323.0,170.0
900.0,170.0
694.0,170.0
98.0,170.0
426.0,171.0
992.0,171.0
235.0,171.0
34.0,171.0
1018.0,171.0
861.0,171.0
792.0,171.0
651.0,171.0
666.0,171.0
416.0,171.0
806.0,171.0
525.0,171.0
884.0,172.0
638.0,172.0
74.0,172.0
795.0,172.0
960.0,172.0
317.0,172.0
731.0,172.0
875.0,172.0
846.0,172.0
138.0,172.0
416.0,172.0
482.0,172.0
465.0,173.0
184.0,173.0
1022.0,173.0
444.0,173.0
621.0,173.0
215.0,173.0
713.0,173.0
122.0,173.0
106.0,173.0
281.0,173.0
956.0,173.0
799.0,173.0
258.0,174.0
299.0,174.0
545.0,174.0
125.0,174.0
613.0,174.0
7.0,174.0
621.0,174.0
775.0,174.0
683.0,174.0
108.0,174.0
958.0,174.0
464.0,174.0
825.0,175.0
575.0,175.0
745.0,175.0
620.0,175.0
695.0,175.0
178.0,175.0
997.0,175.0
115.0,175.0
359.0,175.0
257.0,175.0
273.0,175.0
231.0,175.0
599.0,176.0
290.0,176.0
662.0,176.0
308.0,176.0
571.0,176.0
512.0,176.0
431.0,176.0
659.0,176.0
370.0,176.0
781.0,176.0
363.0,176.0
942.0,176.0
689.0,177.0
101.0,177.0
614.0,177.0
145.0,177.0
109.0,177.0
316.0,177.0
765.0,177.0
872.0,177.0
644.0,177.0
221.0,177.0
1026.0,177.0
390.0,177.0
625.0,178.0
764.0,178.0
55.0,178.0
96.0,178.0
183.0,178.0
205.0,178.0
256.0,178.0
188.0,178.0
907.0,178.0
590.0,178.0
807.0,178.0
611.0,178.0
665.0,179.0
54.0,179.0
867.0,179.0
571.0,179.0
852.0,179.0
218.0,179.0
890.0,179.0
491.0,179.0
1002.0,179.0
68.0,179.0
919.0,179.0
299.0,179.0
539.0,180.0
795.0,180.0
774.0,180.0
128.0,180.0
613.0,180.0
534.0,180.0
662.0,180.0
89.0,180.0
3.0,180.0
23.0,180.0
157.0,180.0
804.0,180.0
169.0,181.0
794.0,181.0
15.0,181.0
75.0,181.0
1014.0,181.0
747.0,181.0
176.0,181.0
564.0,181.0
307.0,181.0
1031.0,181.0
415.0,181.0
594.0,181.0
917.0,182.0
545.0,182.0
743.0,182.0
216.0,182.0
895.0,182.0
687.0,182.0
588.0,182.0
143.0,182.0
790.0,182.0
497.0,182.0
30.0,182.0
832.0,182.0
913.0,183.0
96.0,183.0
554.0,183.0
245.0,183.0
920.0,183.0
258.0,183.0
20.0,183.0
825.0,183.0
686.0,183.0
98.0,183.0
391.0,183.0
543.0,183.0
89.0,184.0
311.0,184.0
967.0,184.0
190.0,184.0
995.0,184.0
448.0,184.0
405.0,184.0
987.0,184.0
1012.0,184.0
108.0,184.0
305.0,184.0
375.0,184.0
672.0,185.0
647.0,185.0
869.0,185.0
700.0,185.0
967.0,185.0
452.0,185.0
518.0,185.0
917.0,185.0
446.0,185.0
5.0,185.0
1.0,185.0
581.0,185.0
765.0,186.0
851.0,186.0
392.0,186.0
376.0,186.0
396.0,186.0
118.0,186.0
653.0,186.0
657.0,186.0
208.0,186.0
789.0,186.0
910.0,186.0
582.0,186.0
749.0,187.0
414.0,187.0
486.0,187.0
581.0,187.0
803.0,187.0
783.0,187.0
1021.0,187.0
916.0,187.0
193.0,187.0
584.0,187.0
961.0,187.0
698.0,187.0
884.0,188.0
938.0,188.0
515.0,188.0
269.0,188.0
50.0,188.0
682.0,188.0
66.0,188.0
625.0,188.0
642.0,188.0
161.0,188.0
599.0,188.0
773.0,188.0
967.0,189.0
605.0,189.0
79.0,189.0
130.0,189.0
524.0,189.0
287.0,189.0
1025.0,189.0
710.0,189.0
60.0,189.0
411.0,189.0
884.0,189.0
652.0,189.0
726.0,190.0
388.0,190.0
667.0,190.0
397.0,190.0
439.0,190.0
137.0,190.0
725.0,190.0
382.0,190.0
811.0,190.0
786.0,190.0
147.0,190.0
474.0,190.0
83.0,191.0
126.0,191.0
571.0,191.0
75.0,191.0
393.0,191.0
586.0,191.0
672.0,191.0
731.0,191.0
254.0,191.0
483.0,191.0
832.0,191.0
430.0,191.0
947.0,192.0
975.0,192.0
926.0,192.0
956.0,192.0
320.0,192.0
609.0,192.0
510.0,192.0
201.0,192.0
643.0,192.0
125.0,192.0
550.0,192.0
759.0,192.0
777.0,193.0
658.0,193.0
970.0,193.0
680.0,193.0
1019.0,193.0
515.0,193.0
308.0,193.0
1009.0,193.0
964.0,193.0
554.0,193.0
498.0,193.0
217.0,193.0
861.0,194.0
674.0,194.0
155.0,194.0
76.0,194.0
1028.0,194.0
642.0,194.0
610.0,194.0
557.0,194.0
550.0,194.0
688.0,194.0
224.0,194.0
344.0,194.0
783.0,195.0
517.0,195.0
1013.0,195.0
229.0,195.0
985.0,195.0
506.0,195.0
309.0,195.0
52.0,195.0
829.0,195.0
807.0,195.0
476.0,195.0
14.0,195.0
684.0,196.0
438.0,196.0
837.0,196.0
638.0,196.0
290.0,196.0
318.0,196.0
759.0,196.0
1035.0,196.0
395.0,196.0
955.0,196.0
1009.0,196.0
283.0,196.0
129.0,197.0
776.0,197.0
190.0,197.0
306.0,197.0
617.0,197.0
727.0,197.0
680.0,197.0
114.0,197.0
899.0,197.0
490.0,197.0
41.0,197.0
17.0,197.0
792.0,198.0
15.0,198.0
401.0,198.0
721.0,198.0
349.0,198.0
939.0,198.0
25.0,198.0
629.0,198.0
339.0,198.0
754.0,198.0
371.0,198.0
78.0,198.0
137.0,199.0
567.0,199.0
665.0,199.0
793.0,199.0
162.0,199.0
274.0,199.0
140.0,199.0
14.0,199.0
978.0,199.0
694.0,199.0
429.0,199.0
505.0,199.0
326.0,200.0
1029.0,200.0
10.0,200.0
601.0,200.0
113.0,200.0
763.0,200.0
762.0,200.0
786.0,200.0
1026.0,200.0
278.0,200.0
65.0,200.0
177.0,200.0
726.0,201.0
282.0,201.0
21.0,201.0
510.0,201.0
786.0,201.0
957.0,201.0
350.0,201.0
797.0,201.0
297.0,201.0
401.0,201.0
113.0,201.0
144.0,201.0
457.0,202.0
906.0,202.0
505.0,202.0
175.0,202.0
333.0,202.0
983.0,202.0
891.0,202.0
183.0,202.0
454.0,202.0
910.0,202.0
211.0,202.0
703.0,202.0
996.0,203.0
304.0,203.0
867.0,203.0
659.0,203.0
32.0,203.0
805.0,203.0
56.0,203.0
648.0,203.0
107.0,203.0
922.0,203.0
558.0,203.0
884.0,203.0
959.0,204.0
924.0,204.0
888.0,204.0
684.0,204.0
762.0,204.0
287.0,204.0
972.0,204.0
461.0,204.0
94.0,204.0
278.0,204.0
292.0,204.0
214.0,204.0
765.0,205.0
96.0,205.0
163.0,205.0
291.0,205.0
366.0,205.0
925.0,205.0
126.0,205.0
830.0,205.0
1001.0,205.0
87.0,205.0
787.0,205.0
988.0,205.0
261.0,206.0
427.0,206.0
191.0,206.0
182.0,206.0
830.0,206.0
150.0,206.0
887.0,206.0
790.0,206.0
531.0,206.0
374.0,206.0
265.0,206.0
662.0,206.0
757.0,207.0
799.0,207.0
874.0,207.0
755.0,207.0
559.0,207.0
285.0,207.0
466.0,207.0
819.0,207.0
591.0,207.0
826.0,207.0
116.0,207.0
656.0,207.0
648.0,208.0
395.0,208.0
777.0,208.0
705.0,208.0
66.0,208.0
416.0,208.0
909.0,208.0
9.0,208.0
823.0,208.0
791.0,208.0
366.0,208.0
928.0,208.0
930.0,209.0
1002.0,209.0
778.0,209.0
461.0,209.0
709.0,209.0
976.0,209.0
878.0,209.0
701.0,209.0
601.0,209.0
561.0,209.0
458.0,209.0
629.0,209.0
575.0,210.0
445.0,210.0
526.0,210.0
994.0,210.0
182.0,210.0
912.0,210.0
473.0,210.0
614.0,210.0
753.0,210.0
493.0,210.0
165.0,210.0
877.0,210.0
789.0,211.0
486.0,211.0
158.0,211.0
809.0,211.0
717.0,211.0
367.0,211.0
823.0,211.0
104.0,211.0
191.0,211.0
624.0,211.0
746.0,211.0
308.0,211.0
226.0,212.0
989.0,212.0
39.0,212.0
684.0,212.0
267.0,212.0
877.0,212.0
985.0,212.0
385.0,212.0
215.0,212.0
515.0,212.0
169.0,212.0
979.0,212.0
13.0,213.0
1005.0,213.0
77.0,213.0
702.0,213.0
873.0,213.0
281.0,213.0
541.0,213.0
33.0,213.0
2.0,213.0
825.0,213.0
455.0,213.0
373.0,213.0
436.0,214.0
922.0,214.0
162.0,214.0
991.0,214.0
769.0,214.0
973.0,214.0
603.0,214.0
777.0,214.0
326.0,214.0
143.0,214.0
540.0,214.0
737.0,214.0
845.0,215.0
646.0,215.0
503.0,215.0
302.0,215.0
212.0,215.0
318.0,215.0
16.0,215.0
228.0,215.0
842.0,215.0
976.0,215.0
914.0,215.0
869.0,215.0
967.0,216.0
334.0,216.0
1007.0,216.0
563.0,216.0
894.0,216.0
678.0,216.0
55.0,216.0
973.0,216.0
770.0,216.0
620.0,216.0
566.0,216.0
46.0,216.0
736.0,217.0
261.0,217.0
808.0,217.0
989.0,217.0
565.0,217.0
652.0,217.0
0.0,217.0
954.0,217.0
581.0,217.0
966.0,217.0
463.0,217.0
212.0,217.0
279.0,218.0
936.0,218.0
327.0,218.0
70.0,218.0
803.0,218.0
611.0,218.0
6.0,218.0
773.0,218.0
23.0,218.0
907.0,218.0
281.0,218.0
954.0,218.0
344.0,219.0
105.0,219.0
227.0,219.0
319.0,219.0
252.0,219.0
945.0,219.0
969.0,219.0
428.0,219.0
581.0,219.0
290.0,219.0
440.0,219.0
779.0,219.0
83.0,220.0
805.0,220.0
167.0,220.0
979.0,220.0
154.0,220.0
815.0,220.0
497.0,220.0
53.0,220.0
879.0,220.0
674.0,220.0
781.0,220.0
330.0,220.0
964.0,221.0
571.0,221.0
368.0,221.0
504.0,221.0
905.0,221.0
1019.0,221.0
710.0,221.0
331.0,221.0
850.0,221.0
867.0,221.0
326.0,221.0
712.0,221.0
785.0,222.0
77.0,222.0
584.0,222.0
393.0,222.0
502.0,222.0
875.0,222.0
876.0,222.0
60.0,222.0
674.0,222.0
15.0,222.0
748.0,222.0
374.0,222.0
105.0,223.0
141.0,223.0
806.0,223.0
751.0,223.0
714.0,223.0
584.0,223.0
536.0,223.0
625.0,223.0
472.0,223.0
322.0,223.0
983.0,223.0
302.0,223.0
516.0,224.0
150.0,224.0
273.0,224.0
944.0,224.0
625.0,224.0
168.0,224.0
176.0,224.0
672.0,224.0
701.0,224.0
524.0,224.0
154.0,224.0
962.0,224.0
12.0,225.0
539.0,225.0
293.0,225.0
345.0,225.0
99.0,225.0
51.0,225.0
707.0,225.0
767.0,225.0
1033.0,225.0
426.0,225.0
871.0,225.0
605.0,225.0
157.0,226.0
235.0,226.0
900.0,226.0
327.0,226.0
992.0,226.0
596.0,226.0
839.0,226.0
571.0,226.0
515.0,226.0
1006.0,226.0
154.0,226.0
334.0,226.0
356.0,227.0
454.0,227.0
516.0,227.0
315.0,227.0
612.0,227.0
853.0,227.0
577.0,227.0
984.0,227.0
429.0,227.0
697.0,227.0
756.0,227.0
219.0,227.0
119.0,228.0
165.0,228.0
675.0,228.0
790.0,228.0
24.0,228.0
111.0,228.0
1004.0,228.0
539.0,228.0
955.0,228.0
809.0,228.0
150.0,228.0
387.0,228.0
984.0,229.0
792.0,229.0
898.0,229.0
73.0,229.0
622.0,229.0
973.0,229.0
162.0,229.0
471.0,229.0
495.0,229.0
1019.0,229.0
851.0,229.0
171.0,229.0
386.0,230.0
930.0,230.0
850.0,230.0
382.0,230.0
132.0,230.0
154.0,230.0
109.0,230.0
615.0,230.0
316.0,230.0
31.0,230.0
129.0,230.0
814.0,230.0
55.0,231.0
894.0,231.0
643.0,231.0
360.0,231.0
318.0,231.0
552.0,231.0
565.0,231.0
744.0,231.0
30.0,231.0
609.0,231.0
581.0,231.0
618.0,231.0
339.0,232.0
948.0,232.0
1027.0,232.0
490.0,232.0
563.0,232.0
809.0,232.0
903.0,232.0
50.0,232.0
836.0,232.0
889.0,232.0
624.0,232.0
996.0,232.0
969.0,233.0
642.0,233.0
372.0,233.0
652.0,233.0
818.0,233.0
396.0,233.0
570.0,233.0
99.0,233.0
391.0,233.0
671.0,233.0
57.0,233.0
25.0,233.0
986.0,234.0
794.0,234.0
122.0,234.0
745.0,234.0
16.0,234.0
510.0,234.0
445.0,234.0
285.0,234.0
273.0,234.0
1008.0,234.0
733.0,234.0
508.0,234.0
370.0,235.0
648.0,235.0
592.0,235.0
615.0,235.0
684.0,235.0
938.0,235.0
32.0,235.0
56.0,235.0
319.0,235.0
36.0,235.0
123.0,235.0
607.0,235.0
881.0,236.0
890.0,236.0
943.0,236.0
550.0,236.0
753.0,236.0
580.0,236.0
122.0,236.0
1032.0,236.0
343.0,236.0
528.0,236.0
507.0,236.0
126.0,236.0
121.0,237.0
737.0,237.0
722.0,237.0
88.0,237.0
299.0,237.0
971.0,237.0
689.0,237.0
474.0,237.0
1011.0,237.0
567.0,237.0
930.0,237.0
796.0,237.0
528.0,238.0
425.0,238.0
465.0,238.0
172.0,238.0
598.0,238.0
943.0,238.0
444.0,238.0
384.0,238.0
122.0,238.0
482.0,238.0
619.0,238.0
986.0,238.0
835.0,239.0
583.0,239.0
924.0,239.0
394.0,239.0
840.0,239.0
132.0,239.0
813.0,239.0
514.0,239.0
695.0,239.0
381.0,239.0
339.0,239.0
486.0,239.0
727.0,240.0
709.0,240.0
624.0,240.0
832.0,240.0
763.0,240.0
200.0,240.0
567.0,240.0
872.0,240.0
1019.0,240.0
230.0,240.0
798.0,240.0
315.0,240.0
56.0,241.0
655.0,241.0
956.0,241.0
233.0,241.0
493.0,241.0
975.0,241.0
770.0,241.0
479.0,241.0
486.0,241.0
672.0,241.0
38.0,241.0
837.0,241.0
805.0,242.0
721.0,242.0
119.0,242.0
959.0,242.0
355.0,242.0
29.0,242.0
1003.0,242.0
734.0,242.0
708.0,242.0
494.0,242.0
217.0,242.0
574.0,242.0
479.0,243.0
925.0,243.0
464.0,243.0
608.0,243.0
597.0,243.0
537.0,243.0
889.0,243.0
331.0,243.0
1016.0,243.0
304.0,243.0
967.0,243.0
574.0,243.0
739.0,244.0
252.0,244.0
829.0,244.0
1007.0,244.0
214.0,244.0
216.0,244.0
360.0,244.0
599.0,244.0
133.0,244.0
103.0,244.0
42.0,244.0
732.0,244.0
556.0,245.0
812.0,245.0
227.0,245.0
541.0,245.0
686.0,245.0
758.0,245.0
599.0,245.0
356.0,245.0
112.0,245.0
874.0,245.0
795.0,245.0
71.0,245.0
1005.0,246.0
590.0,246.0
399.0,246.0
753.0,246.0
447.0,246.0
981.0,246.0
353.0,246.0
381.0,246.0
770.0,246.0
51.0,246.0
525.0,246.0
825.0,246.0
178.0,247.0
236.0,247.0
990.0,247.0
2.0,247.0
702.0,247.0
860.0,247.0
746.0,247.0
232.0,247.0
937.0,247.0
661.0,247.0
951.0,247.0
402.0,247.0
962.0,248.0
316.0,248.0
868.0,248.0
815.0,248.0
504.0,248.0
97.0,248.0
404.0,248.0
790.0,248.0
841.0,248.0
103.0,248.0
877.0,248.0
926.0,248.0
441.0,249.0
773.0,249.0
778.0,249.0
314.0,249.0
918.0,249.0
209.0,249.0
368.0,249.0
92.0,249.0
438.0,249.0
237.0,249.0
573.0,249.0
10.0,249.0
266.0,250.0
206.0,250.0
205.0,250.0
1008.0,250.0
932.0,250.0
581.0,250.0
773.0,250.0
534.0,250.0
816.0,250.0
368.0,250.0
330.0,250.0
637.0,250.0
908.0,251.0
825.0,251.0
761.0,251.0
268.0,251.0
948.0,251.0
313.0,251.0
848.0,251.0
110.0,251.0
272.0,251.0
772.0,251.0
13.0,251.0
650.0,251.0
612.0,252.0
309.0,252.0
361.0,252.0
426.0,252.0
446.0,252.0
696.0,252.0
1003.0,252.0
24.0,252.0
31.0,252.0
710.0,252.0
404.0,252.0
387.0,252.0
545.0,253.0
248.0,253.0
158.0,253.0
139.0,253.0
837.0,253.0
131.0,253.0
298.0,253.0
681.0,253.0
304.0,253.0
958.0,253.0
68.0,253.0
931.0,253.0
648.0,254.0
127.0,254.0
662.0,254.0
916.0,254.0
596.0,254.0
609.0,254.0
777.0,254.0
1017.0,254.0
210.0,254.0
69.0,254.0
866.0,254.0
805.0,254.0
653.0,255.0
8.0,255.0
304.0,255.0
45.0,255.0
651.0,255.0
15.0,255.0
166.0,255.0
474.0,255.0
742.0,255.0
982.0,255.0
53.0,255.0
882.0,255.0
410.0,256.0
1008.0,256.0
379.0,256.0
334.0,256.0
756.0,256.0
952.0,256.0
279.0,256.0
702.0,256.0
233.0,256.0
548.0,256.0
136.0,256.0
650.0,256.0
832.0,257.0
289.0,257.0
300.0,257.0
633.0,257.0
324.0,257.0
72.0,257.0
900.0,257.0
861.0,257.0
103.0,257.0
269.0,257.0
112.0,257.0
245.0,257.0
649.0,258.0
445.0,258.0
534.0,258.0
169.0,258.0
156.0,258.0
149.0,258.0
912.0,258.0
343.0,258.0
745.0,258.0
478.0,258.0
603.0,258.0
660.0,258.0
999.0,259.0
845.0,259.0
189.0,259.0
934.0,259.0
469.0,259.0
809.0,259.0
395.0,259.0
601.0,259.0
540.0,259.0
955.0,259.0
690.0,259.0
308.0,259.0
453.0,260.0
780.0,260.0
37.0,260.0
920.0,260.0
957.0,260.0
928.0,260.0
548.0,260.0
171.0,260.0
464.0,260.0
340.0,260.0
849.0,260.0
246.0,260.0
242.0,261.0
996.0,261.0
764.0,261.0
597.0,261.0
473.0,261.0
79.0,261.0
530.0,261.0
217.0,261.0
575.0,261.0
143.0,261.0
220.0,261.0
56.0,261.0
745.0,262.0
720.0,262.0
716.0,262.0
885.0,262.0
645.0,262.0
771.0,262.0
21.0,262.0
306.0,262.0
28.0,262.0
173.0,262.0
797.0,262.0
814.0,262.0
723.0,263.0
136.0,263.0
908.0,263.0
70.0,263.0
243.0,263.0
745.0,263.0
90.0,263.0
22.0,263.0
667.0,263.0
797.0,263.0
987.0,263.0
160.0,263.0
549.0,264.0
875.0,264.0
575.0,264.0
274.0,264.0
871.0,264.0
426.0,264.0
347.0,264.0
93.0,264.0
214.0,264.0
254.0,264.0
627.0,264.0
411.0,264.0
420.0,265.0
983.0,265.0
383.0,265.0
391.0,265.0
667.0,265.0
906.0,265.0
560.0,265.0
494.0,265.0
178.0,265.0
650.0,265.0
730.0,265.0
993.0,265.0
559.0,266.0
156.0,266.0
32.0,266.0
733.0,266.0
127.0,266.0
66.0,266.0
975.0,266.0
15.0,266.0
739.0,266.0
410.0,266.0
773.0,266.0
205.0,266.0
150.0,267.0
1027.0,267.0
56.0,267.0
428.0,267.0
928.0,267.0
339.0,267.0
156.0,267.0
508.0,267.0
962.0,267.0
137.0,267.0
69.0,267.0
892.0,267.0
758.0,268.0
772.0,268.0
948.0,268.0
286.0,268.0
0.0,268.0
507.0,268.0
32.0,268.0
175.0,268.0
598.0,268.0
533.0,268.0
275.0,268.0
299.0,268.0
194.0,269.0
513.0,269.0
523.0,269.0
155.0,269.0
310.0,269.0
902.0,269.0
445.0,269.0
991.0,269.0
683.0,269.0
357.0,269.0
746.0,269.0
292.0,269.0
645.0,270.0
763.0,270.0
285.0,270.0
974.0,270.0
173.0,270.0
234.0,270.0
750.0,270.0
373.0,270.0
560.0,270.0
656.0,270.0
146.0,270.0
20.0,270.0
548.0,271.0
330.0,271.0
300.0,271.0
812.0,271.0
925.0,271.0
194.0,271.0
416.0,271.0
753.0,271.0
849.0,271.0
976.0,271.0
294.0,271.0
18.0,271.0
224.0,272.0
667.0,272.0
532.0,272.0
810.0,272.0
519.0,272.0
858.0,272.0
84.0,272.0
269.0,272.0
39.0,272.0
289.0,272.0
666.0,272.0
848.0,272.0
353.0,273.0
928.0,273.0
552.0,273.0
205.0,273.0
357.0,273.0
548.0,273.0
310.0,273.0
55.0,273.0
496.0,273.0
631.0,273.0
33.0,273.0
34.0,273.0
100.0,274.0
426.0,274.0
611.0,274.0
865.0,274.0
42.0,274.0
837.0,274.0
770.0,274.0
779.0,274.0
335.0,274.0
264.0,274.0
904.0,274.0
354.0,274.0
623.0,275.0
1008.0,275.0
55.0,275.0
634.0,275.0
70.0,275.0
516.0,275.0
435.0,275.0
824.0,275.0
697.0,275.0
746.0,275.0
257.0,275.0
171.0,275.0
380.0,276.0
683.0,276.0
690.0,276.0
130.0,276.0
387.0,276.0
217.0,276.0
959.0,276.0
407.0,276.0
805.0,276.0
537.0,276.0
67.0,276.0
308.0,276.0
42.0,277.0
229.0,277.0
547.0,277.0
52.0,277.0
818.0,277.0
278.0,277.0
653.0,277.0
1035.0,277.0
46.0,277.0
15.0,277.0
966.0,277.0
227.0,277.0
989.0,278.0
110.0,278.0
572.0,278.0
835.0,278.0
972.0,278.0
67.0,278.0
274.0,278.0
513.0,278.0
349.0,278.0
374.0,278.0
770.0,278.0
347.0,278.0
822.0,279.0
571.0,279.0
540.0,279.0
1016.0,279.0
1006.0,279.0
625.0,279.0
534.0,279.0
242.0,279.0
682.0,279.0
906.0,279.0
470.0,279.0
1008.0,279.0
1031.0,280.0
770.0,280.0
428.0,280.0
501.0,280.0
840.0,280.0
949.0,280.0
623.0,280.0
901.0,280.0
176.0,280.0
119.0,280.0
778.0,280.0
969.0,280.0
724.0,281.0
580.0,281.0
401.0,281.0
107.0,281.0
508.0,281.0
737.0,281.0
475.0,281.0
690.0,281.0
445.0,281.0
79.0,281.0
874.0,281.0
958.0,281.0
114.0,282.0
867.0,282.0
40.0,282.0
998.0,282.0
306.0,282.0
152.0,282.0
1016.0,282.0
336.0,282.0
615.0,282.0
182.0,282.0
21.0,282.0
611.0,282.0
221.0,283.0
543.0,283.0
541.0,283.0
524.0,283.0
176.0,283.0
13.0,283.0
718.0,283.0
407.0,283.0
254.0,283.0
282.0,283.0
690.0,283.0
648.0,283.0
196.0,284.0
547.0,284.0
1008.0,284.0
233.0,284.0
407.0,284.0
546.0,284.0
227.0,284.0
1031.0,284.0
829.0,284.0
211.0,284.0
157.0,284.0
738.0,284.0
361.0,285.0
444.0,285.0
90.0,285.0
106.0,285.0
328.0,285.0
281.0,285.0
897.0,285.0
238.0,285.0
746.0,285.0
117.0,285.0
477.0,285.0
381.0,285.0
167.0,286.0
524.0,286.0
61.0,286.0
290.0,286.0
973.0,286.0
607.0,286.0
531.0,286.0
329.0,286.0
845.0,286.0
652.0,286.0
138.0,286.0
668.0,286.0
707.0,287.0
884.0,287.0
773.0,287.0
925.0,287.0
571.0,287.0
407.0,287.0
30.0,287.0
19.0,287.0
261.0,287.0
54.0,287.0
224.0,287.0
946.0,287.0
130.0,288.0
658.0,288.0
149.0,288.0
507.0,288.0
285.0,288.0
436.0,288.0
246.0,288.0
103.0,288.0
213.0,288.0
331.0,288.0
924.0,288.0
360.0,288.0
634.0,289.0
272.0,289.0
483.0,289.0
983.0,289.0
876.0,289.0
997.0,289.0
300.0,289.0
260.0,289.0
990.0,289.0
294.0,289.0
672.0,289.0
333.0,289.0
607.0,290.0
597.0,290.0
438.0,290.0
546.0,290.0
954.0,290.0
573.0,290.0
54.0,290.0
395.0,290.0
907.0,290.0
462.0,290.0
226.0,290.0
614.0,290.0
513.0,291.0
126.0,291.0
205.0,291.0
749.0,291.0
430.0,291.0
753.0,291.0
369.0,291.0
522.0,291.0
269.0,291.0
820.0,291.0
189.0,291.0
135.0,291.0
367.0,292.0
845.0,292.0
746.0,292.0
283.0,292.0
220.0,292.0
357.0,292.0
748.0,292.0
865.0,292.0
790.0,292.0
902.0,292.0
332.0,292.0
497.0,292.0
853.0,293.0
5.0,293.0
315.0,293.0
386.0,293.0
45.0,293.0
811.0,293.0
227.0,293.0
639.0,293.0
166.0,293.0
446.0,293.0
693.0,293.0
907.0,293.0
189.0,294.0
268.0,294.0
0.0,294.0
633.0,294.0
758.0,294.0
300.0,294.0
193.0,294.0
525.0,294.0
541.0,294.0
933.0,294.0
289.0,294.0
825.0,294.0
294.0,295.0
792.0,295.0
513.0,295.0
559.0,295.0
861.0,295.0
435.0,295.0
1001.0,295.0
337.0,295.0
171.0,295.0
280.0,295.0
52.0,295.0
289.0,295.0
942.0,296.0
999.0,296.0
1009.0,296.0
611.0,296.0
29.0,296.0
700.0,296.0
415.0,296.0
254.0,296.0
1012.0,296.0
1023.0,296.0
938.0,296.0
809.0,296.0
305.0,297.0
526.0,297.0
487.0,297.0
488.0,297.0
641.0,297.0
799.0,297.0
405.0,297.0
270.0,297.0
705.0,297.0
201.0,297.0
159.0,297.0
974.0,297.0
956.0,298.0
187.0,298.0
924.0,298.0
938.0,298.0
620.0,298.0
569.0,298.0
887.0,298.0
531.0,298.0
102.0,298.0
19.0,298.0
1020.0,298.0
50.0,298.0
397.0,299.0
423.0,299.0
691.0,299.0
198.0,299.0
945.0,299.0
974.0,299.0
809.0,299.0
630.0,299.0
204.0,299.0
400.0,299.0
681.0,299.0
573.0,299.0
919.0,300.0
952.0,300.0
123.0,300.0
1001.0,300.0
597.0,300.0
33.0,300.0
112.0,300.0
990.0,300.0
1024.0,300.0
701.0,300.0
103.0,300.0
36.0,300.0
29.0,301.0
363.0,301.0
436.0,301.0
185.0,301.0
947.0,301.0
925.0,301.0
271.0,301.0
917.0,301.0
971.0,301.0
369.0,301.0
143.0,301.0
226.0,301.0
671.0,302.0
46.0,302.0
792.0,302.0
542.0,302.0
312.0,302.0
818.0,302.0
229.0,302.0
915.0,302.0
310.0,302.0
696.0,302.0
105.0,302.0
657.0,302.0
998.0,303.0
402.0,303.0
937.0,303.0
928.0,303.0
758.0,303.0
794.0,303.0
2.0,303.0
90.0,303.0
346.0,303.0
420.0,303.0
511.0,303.0
971.0,303.0
176.0,304.0
191.0,304.0
226.0,304.0
746.0,304.0
286.0,304.0
545.0,304.0
501.0,304.0
531.0,304.0
276.0,304.0
705.0,304.0
367.0,304.0
331.0,304.0
358.0,305.0
108.0,305.0
669.0,305.0
510.0,305.0
106.0,305.0
285.0,305.0
885.0,305.0
297.0,305.0
136.0,305.0
665.0,305.0
86.0,305.0
1003.0,305.0
468.0,306.0
238.0,306.0
768.0,306.0
644.0,306.0
380.0,306.0
189.0,306.0
595.0,306.0
114.0,306.0
292.0,306.0
750.0,306.0
1022.0,306.0
814.0,306.0
695.0,307.0
845.0,307.0
440.0,307.0
475.0,307.0
554.0,307.0
592.0,307.0
299.0,307.0
163.0,307.0
217.0,307.0
1016.0,307.0
890.0,307.0
298.0,307.0
583.0,308.0
41.0,308.0
261.0,308.0
773.0,308.0
736.0,308.0
540.0,308.0
170.0,308.0
155.0,308.0
1019.0,308.0
491.0,308.0
608.0,308.0
151.0,308.0
462.0,309.0
913.0,309.0
718.0,309.0
800.0,309.0
121.0,309.0
407.0,309.0
449.0,309.0
939.0,309.0
1004.0,309.0
327.0,309.0
592.0,309.0
739.0,309.0
557.0,310.0
430.0,310.0
686.0,310.0
590.0,310.0
115.0,310.0
332.0,310.0
1030.0,310.0
953.0,310.0
1028.0,310.0
559.0,310.0
920.0,310.0
103.0,310.0
581.0,311.0
477.0,311.0
19.0,311.0
210.0,311.0
978.0,311.0
886.0,311.0
297.0,311.0
854.0,311.0
869.0,311.0
468.0,311.0
804.0,311.0
1020.0,311.0
600.0,312.0
898.0,312.0
808.0,312.0
710.0,312.0
186.0,312.0
622.0,312.0
778.0,312.0
994.0,312.0
624.0,312.0
695.0,312.0
105.0,312.0
901.0,312.0
665.0,313.0
856.0,313.0
874.0,313.0
410.0,313.0
182.0,313.0
287.0,313.0
491.0,313.0
565.0,313.0
707.0,313.0
537.0,313.0
331.0,313.0
327.0,313.0
132.0,314.0
798.0,314.0
65.0,314.0
728.0,314.0
918.0,314.0
734.0,314.0
626.0,314.0
999.0,314.0
350.0,314.0
699.0,314.0
632.0,314.0
675.0,314.0
627.0,315.0
865.0,315.0
162.0,315.0
485.0,315.0
823.0,315.0
51.0,315.0
188.0,315.0
58.0,315.0
232.0,315.0
1016.0,315.0
859.0,315.0
902.0,315.0
200.0,316.0
10.0,316.0
239.0,316.0
394.0,316.0
458.0,316.0
187.0,316.0
467.0,316.0
632.0,316.0
132.0,316.0
601.0,316.0
177.0,316.0
292.0,316.0
440.0,317.0
250.0,317.0
56.0,317.0
803.0,317.0
711.0,317.0
258.0,317.0
434.0,317.0
979.0,317.0
989.0,317.0
522.0,317.0
15.0,317.0
77.0,317.0
1000.0,318.0
349.0,318.0
556.0,318.0
706.0,318.0
19.0,318.0
299.0,318.0
79.0,318.0
235.0,318.0
258.0,318.0
298.0,318.0
20.0,318.0
290.0,318.0
475.0,319.0
368.0,319.0
522.0,319.0
545.0,319.0
1035.0,319.0
974.0,319.0
27.0,319.0
290.0,319.0
969.0,319.0
395.0,319.0
111.0,319.0
664.0,319.0
144.0,320.0
180.0,320.0
106.0,320.0
403.0,320.0
304.0,320.0
616.0,320.0
934.0,320.0
790.0,320.0
976.0,320.0
292.0,320.0
3.0,320.0
375.0,320.0
588.0,321.0
48.0,321.0
177.0,321.0
114.0,321.0
821.0,321.0
89.0,321.0
616.0,321.0
872.0,321.0
685.0,321.0
159.0,321.0
68.0,321.0
468.0,321.0
301.0,322.0
170.0,322.0
738.0,322.0
883.0,322.0
988.0,322.0
700.0,322.0
587.0,322.0
67.0,322.0
978.0,322.0
791.0,322.0
690.0,322.0
932.0,322.0
824.0,323.0
170.0,323.0
875.0,323.0
590.0,323.0
945.0,323.0
220.0,323.0
1005.0,323.0
98.0,323.0
559.0,323.0
47.0,323.0
731.0,323.0
973.0,323.0
1024.0,324.0
1006.0,324.0
808.0,324.0
570.0,324.0
996.0,324.0
489.0,324.0
295.0,324.0
789.0,324.0
739.0,324.0
18.0,324.0
280.0,324.0
610.0,324.0
762.0,325.0
877.0,325.0
841.0,325.0
203.0,325.0
628.0,325.0
727.0,325.0
595.0,325.0
918.0,325.0
669.0,325.0
802.0,325.0
616.0,325.0
159.0,325.0
552.0,326.0
769.0,326.0
732.0,326.0
1004.0,326.0
656.0,326.0
603.0,326.0
360.0,326.0
137.0,326.0
746.0,326.0
777.0,326.0
179.0,326.0
405.0,326.0
337.0,327.0
359.0,327.0
550.0,327.0
167.0,327.0
847.0,327.0
24.0,327.0
67.0,327.0
710.0,327.0
513.0,327.0
996.0,327.0
570.0,327.0
428.0,327.0
168.0,328.0
1021.0,328.0
617.0,328.0
162.0,328.0
564.0,328.0
790.0,328.0
204.0,328.0
139.0,328.0
680.0,328.0
452.0,328.0
1002.0,328.0
48.0,328.0
1009.0,329.0
411.0,329.0
719.0,329.0
1011.0,329.0
449.0,329.0
395.0,329.0
820.0,329.0
171.0,329.0
113.0,329.0
433.0,329.0
331.0,329.0
722.0,329.0
501.0,330.0
708.0,330.0
154.0,330.0
863.0,330.0
538.0,330.0
296.0,330.0
747.0,330.0
380.0,330.0
181.0,330.0
79.0,330.0
545.0,330.0
887.0,330.0
914.0,331.0
1019.0,331.0
107.0,331.0
9.0,331.0
837.0,331.0
970.0,331.0
809.0,331.0
189.0,331.0
514.0,331.0
279.0,331.0
83.0,331.0
790.0,331.0
954.0,332.0
191.0,332.0
189.0,332.0
111.0,332.0
779.0,332.0
777.0,332.0
30.0,332.0
982.0,332.0
430.0,332.0
744.0,332.0
524.0,332.0
497.0,332.0
925.0,333.0
711.0,333.0
391.0,333.0
302.0,333.0
633.0,333.0
920.0,333.0
70.0,333.0
544.0,333.0
453.0,333.0
657.0,333.0
122.0,333.0
783.0,333.0
907.0,334.0
942.0,334.0
637.0,334.0
640.0,334.0
687.0,334.0
945.0,334.0
838.0,334.0
290.0,334.0
250.0,334.0
440.0,334.0
1003.0,334.0
78.0,334.0
130.0,335.0
608.0,335.0
938.0,335.0
779.0,335.0
440.0,335.0
584.0,335.0
4.0,335.0
922.0,335.0
695.0,335.0
155.0,335.0
907.0,335.0
789.0,335.0
228.0,336.0
380.0,336.0
887.0,336.0
111.0,336.0
565.0,336.0
760.0,336.0
902.0,336.0
903.0,336.0
239.0,336.0
973.0,336.0
770.0,336.0
651.0,336.0
104.0,337.0
779.0,337.0
636.0,337.0
1011.0,337.0
950.0,337.0
14.0,337.0
840.0,337.0
1018.0,337.0
141.0,337.0
909.0,337.0
319.0,337.0
686.0,337.0
446.0,338.0
398.0,338.0
351.0,338.0
593.0,338.0
145.0,338.0
143.0,338.0
441.0,338.0
517.0,338.0
693.0,338.0
796.0,338.0
237.0,338.0
616.0,338.0
838.0,339.0
98.0,339.0
765.0,339.0
542.0,339.0
286.0,339.0
599.0,339.0
318.0,339.0
548.0,339.0
664.0,339.0
524.0,339.0
319.0,339.0
38.0,339.0
503.0,340.0
555.0,340.0
416.0,340.0
246.0,340.0
631.0,340.0
730.0,340.0
506.0,340.0
126.0,340.0
874.0,340.0
251.0,340.0
183.0,340.0
650.0,340.0
248.0,341.0
1027.0,341.0
216.0,341.0
712.0,341.0
855.0,341.0
944.0,341.0
179.0,341.0
903.0,341.0
211.0,341.0
430.0,341.0
554.0,341.0
664.0,341.0
131.0,342.0
923.0,342.0
878.0,342.0
760.0,342.0
892.0,342.0
341.0,342.0
155.0,342.0
179.0,342.0
545.0,342.0
553.0,342.0
512.0,342.0
27.0,342.0
552.0,343.0
774.0,343.0
733.0,343.0
61.0,343.0
415.0,343.0
881.0,343.0
207.0,343.0
116.0,343.0
1027.0,343.0
234.0,343.0
475.0,343.0
149.0,343.0
393.0,344.0
294.0,344.0
77.0,344.0
203.0,344.0
383.0,344.0
1013.0,344.0
730.0,344.0
464.0,344.0
268.0,344.0
544.0,344.0
111.0,344.0
901.0,344.0
315.0,345.0
258.0,345.0
1021.0,345.0
988.0,345.0
411.0,345.0
793.0,345.0
784.0,345.0
400.0,345.0
663.0,345.0
671.0,345.0
225.0,345.0
446.0,345.0
633.0,346.0
935.0,346.0
363.0,346.0
76.0,346.0
401.0,346.0
136.0,346.0
81.0,346.0
590.0,346.0
686.0,346.0
410.0,346.0
928.0,346.0
118.0,346.0
865.0,347.0
972.0,347.0
521.0,347.0
870.0,347.0
5.0,347.0
918.0,347.0
859.0,347.0
476.0,347.0
372.0,347.0
53.0,347.0
474.0,347.0
1.0,347.0
54.0,348.0
814.0,348.0
282.0,348.0
244.0,348.0
192.0,348.0
826.0,348.0
3.0,348.0
958.0,348.0
287.0,348.0
518.0,348.0
520.0,348.0
799.0,348.0
699.0,349.0
397.0,349.0
926.0,349.0
708.0,349.0
828.0,349.0
786.0,349.0
97.0,349.0
75.0,349.0
672.0,349.0
462.0,349.0
550.0,349.0
735.0,349.0
804.0,350.0
373.0,350.0
752.0,350.0
184.0,350.0
401.0,350.0
658.0,350.0
116.0,350.0
173.0,350.0
89.0,350.0
641.0,350.0
626.0,350.0
448.0,350.0
821.0,351.0
717.0,351.0
91.0,351.0
707.0,351.0
823.0,351.0
88.0,351.0
924.0,351.0
309.0,351.0
554.0,351.0
664.0,351.0
456.0,351.0
748.0,351.0
232.0,352.0
972.0,352.0
368.0,352.0
988.0,352.0
683.0,352.0
155.0,352.0
517.0,352.0
883.0,352.0
241.0,352.0
565.0,352.0
431.0,352.0
44.0,352.0
245.0,353.0
261.0,353.0
369.0,353.0
557.0,353.0
570.0,353.0
582.0,353.0
590.0,353.0
77.0,353.0
636.0,353.0
541.0,353.0
646.0,353.0
625.0,353.0
509.0,354.0
485.0,354.0
1033.0,354.0
429.0,354.0
104.0,354.0
404.0,354.0
259.0,354.0
139.0,354.0
517.0,354.0
208.0,354.0
414.0,354.0
944.0,354.0
672.0,355.0
480.0,355.0
723.0,355.0
621.0,355.0
346.0,355.0
580.0,355.0
788.0,355.0
816.0,355.0
881.0,355.0
963.0,355.0
361.0,355.0
224.0,355.0
514.0,356.0
55.0,356.0
657.0,356.0
105.0,356.0
673.0,356.0
655.0,356.0
165.0,356.0
945.0,356.0
169.0,356.0
792.0,356.0
384.0,356.0
622.0,356.0
565.0,357.0
66.0,357.0
948.0,357.0
887.0,357.0
261.0,357.0
620.0,357.0
697.0,357.0
552.0,357.0
414.0,357.0
154.0,357.0
945.0,357.0
652.0,357.0
108.0,358.0
616.0,358.0
197.0,358.0
468.0,358.0
797.0,358.0
173.0,358.0
843.0,358.0
430.0,358.0
726.0,358.0
665.0,358.0
262.0,358.0
226.0,358.0
755.0,359.0
231.0,359.0
942.0,359.0
552.0,359.0
74.0,359.0
61.0,359.0
64.0,359.0
759.0,359.0
343.0,359.0
748.0,359.0
226.0,359.0
269.0,359.0
552.0,360.0
969.0,360.0
877.0,360.0
79.0,360.0
436.0,360.0
775.0,360.0
112.0,360.0
608.0,360.0
1016.0,360.0
279.0,360.0
349.0,360.0
482.0,360.0
634.0,361.0
889.0,361.0
254.0,361.0
482.0,361.0
710.0,361.0
492.0,361.0
949.0,361.0
313.0,361.0
411.0,361.0
682.0,361.0
687.0,361.0
845.0,361.0
409.0,362.0
716.0,362.0
842.0,362.0
156.0,362.0
750.0,362.0
726.0,362.0
707.0,362.0
460.0,362.0
350.0,362.0
881.0,362.0
683.0,362.0
358.0,362.0
667.0,363.0
477.0,363.0
997.0,363.0
507.0,363.0
1012.0,363.0
1011.0,363.0
214.0,363.0
352.0,363.0
471.0,363.0
233.0,363.0
228.0,363.0
896.0,363.0
879.0,364.0
485.0,364.0
708.0,364.0
652.0,364.0
1025.0,364.0
204.0,364.0
217.0,364.0
570.0,364.0
167.0,364.0
132.0,364.0
386.0,364.0
400.0,364.0
147.0,365.0
230.0,365.0
433.0,365.0
248.0,365.0
403.0,365.0
606.0,365.0
316.0,365.0
28.0,365.0
520.0,365.0
814.0,365.0
903.0,365.0
768.0,365.0
633.0,366.0
575.0,366.0
141.0,366.0
502.0,366.0
323.0,366.0
612.0,366.0
662.0,366.0
883.0,366.0
582.0,366.0
1024.0,366.0
873.0,366.0
840.0,366.0
217.0,367.0
411.0,367.0
107.0,367.0
50.0,367.0
620.0,367.0
651.0,367.0
820.0,367.0
105.0,367.0
497.0,367.0
622.0,367.0
553.0,367.0
765.0,367.0
23.0,368.0
932.0,368.0
665.0,368.0
102.0,368.0
718.0,368.0
230.0,368.0
648.0,368.0
79.0,368.0
687.0,368.0
269.0,368.0
540.0,368.0
781.0,368.0
317.0,369.0
259.0,369.0
876.0,369.0
733.0,369.0
631.0,369.0
731.0,369.0
598.0,369.0
824.0,369.0
666.0,369.0
268.0,369.0
191.0,369.0
224.0,369.0
615.0,370.0
146.0,370.0
445.0,370.0
490.0,370.0
1009.0,370.0
374.0,370.0
707.0,370.0
196.0,370.0
304.0,370.0
299.0,370.0
80.0,370.0
423.0,370.0
404.0,371.0
1025.0,371.0
266.0,371.0
948.0,371.0
503.0,371.0
578.0,371.0
732.0,371.0
702.0,371.0
608.0,371.0
710.0,371.0
279.0,371.0
977.0,371.0
6.0,372.0
389.0,372.0
30.0,372.0
102.0,372.0
224.0,372.0
360.0,372.0
971.0,372.0
902.0,372.0
662.0,372.0
288.0,372.0
710.0,372.0
221.0,372.0
480.0,373.0
974.0,373.0
188.0,373.0
804.0,373.0
847.0,373.0
346.0,373.0
84.0,373.0
788.0,373.0
173.0,373.0
116.0,373.0
279.0,373.0
342.0,373.0
497.0,374.0
828.0,374.0
708.0,374.0
684.0,374.0
863.0,374.0
749.0,374.0
479.0,374.0
611.0,374.0
652.0,374.0
469.0,374.0
979.0,374.0
412.0,374.0
520.0,375.0
120.0,375.0
654.0,375.0
125.0,375.0
884.0,375.0
800.0,375.0
613.0,375.0
152.0,375.0
604.0,375.0
588.0,375.0
114.0,375.0
957.0,375.0
733.0,376.0
529.0,376.0
14.0,376.0
422.0,376.0
633.0,376.0
783.0,376.0
984.0,376.0
688.0,376.0
495.0,376.0
551.0,376.0
977.0,376.0
704.0,376.0
123.0,377.0
105.0,377.0
171.0,377.0
35.0,377.0
909.0,377.0
950.0,377.0
216.0,377.0
516.0,377.0
223.0,377.0
72.0,377.0
525.0,377.0
557.0,377.0
286.0,378.0
82.0,378.0
1024.0,378.0
78.0,378.0
449.0,378.0
273.0,378.0
268.0,378.0
479.0,378.0
954.0,378.0
167.0,378.0
933.0,378.0
513.0,378.0
962.0,379.0
569.0,379.0
213.0,379.0
402.0,379.0
618.0,379.0
900.0,379.0
464.0,379.0
625.0,379.0
122.0,379.0
731.0,379.0
340.0,379.0
236.0,379.0
479.0,380.0
767.0,380.0
512.0,380.0
575.0,380.0
313.0,380.0
266.0,380.0
709.0,380.0
304.0,380.0
387.0,380.0
715.0,380.0
341.0,380.0
1016.0,380.0
998.0,381.0
897.0,381.0
619.0,381.0
938.0,381.0
480.0,381.0
532.0,381.0
588.0,381.0
23.0,381.0
116.0,381.0
523.0,381.0
343.0,381.0
487.0,381.0
245.0,382.0
221.0,382.0
375.0,382.0
468.0,382.0
40.0,382.0
296.0,382.0
685.0,382.0
828.0,382.0
192.0,382.0
6.0,382.0
214.0,382.0
123.0,382.0
205.0,383.0
987.0,383.0
289.0,383.0
266.0,383.0
269.0,383.0
1008.0,383.0
1018.0,383.0
541.0,383.0
146.0,383.0
151.0,383.0
84.0,383.0
928.0,383.0
116.0,384.0
126.0,384.0
23.0,384.0
368.0,384.0
571.0,384.0
70.0,384.0
747.0,384.0
994.0,384.0
266.0,384.0
379.0,384.0
554.0,384.0
848.0,384.0
961.0,385.0
181.0,385.0
317.0,385.0
370.0,385.0
831.0,385.0
510.0,385.0
537.0,385.0
953.0,385.0
508.0,385.0
320.0,385.0
979.0,385.0
401.0,385.0
587.0,386.0
58.0,386.0
531.0,386.0
452.0,386.0
486.0,386.0
828.0,386.0
166.0,386.0
998.0,386.0
632.0,386.0
42.0,386.0
859.0,386.0
927.0,386.0
964.0,387.0
740.0,387.0
955.0,387.0
934.0,387.0
605.0,387.0
838.0,387.0
491.0,387.0
252.0,387.0
668.0,387.0
242.0,387.0
690.0,387.0
466.0,387.0
1011.0,388.0
706.0,388.0
221.0,388.0
834.0,388.0
987.0,388.0
1004.0,388.0
737.0,388.0
267.0,388.0
919.0,388.0
828.0,388.0
143.0,388.0
895.0,388.0
359.0,389.0
712.0,389.0
763.0,389.0
63.0,389.0
113.0,389.0
214.0,389.0
546.0,389.0
674.0,389.0
469.0,389.0
903.0,389.0
518.0,389.0
491.0,389.0
1011.0,390.0
771.0,390.0
752.0,390.0
654.0,390.0
685.0,390.0
802.0,390.0
282.0,390.0
334.0,390.0
762.0,390.0
325.0,390.0
484.0,390.0
437.0,390.0
590.0,391.0
906.0,391.0
260.0,391.0
519.0,391.0
582.0,391.0
983.0,391.0
295.0,391.0
435.0,391.0
333.0,391.0
377.0,391.0
631.0,391.0
300.0,391.0
278.0,392.0
566.0,392.0
492.0,392.0
600.0,392.0
915.0,392.0
1001.0,392.0
471.0,392.0
277.0,392.0
568.0,392.0
661.0,392.0
418.0,392.0
529.0,392.0
434.0,393.0
973.0,393.0
165.0,393.0
410.0,393.0
77.0,393.0
721.0,393.0
300.0,393.0
271.0,393.0
666.0,393.0
817.0,393.0
935.0,393.0
697.0,393.0
177.0,394.0
941.0,394.0
596.0,394.0
97.0,394.0
26.0,394.0
680.0,394.0
919.0,394.0
109.0,394.0
123.0,394.0
4.0,394.0
614.0,394.0
240.0,394.0
44.0,395.0
307.0,395.0
665.0,395.0
970.0,395.0
397.0,395.0
367.0,395.0
847.0,395.0
283.0,395.0
220.0,395.0
82.0,395.0
902.0,395.0
952.0,395.0
492.0,396.0
664.0,396.0
1018.0,396.0
840.0,396.0
392.0,396.0
568.0,396.0
901.0,396.0
137.0,396.0
104.0,396.0
49.0,396.0
659.0,396.0
140.0,396.0
712.0,397.0
777.0,397.0
308.0,397.0
719.0,397.0
868.0,397.0
407.0,397.0
295.0,397.0
252.0,397.0
802.0,397.0
492.0,397.0
42.0,397.0
179.0,397.0
763.0,398.0
131.0,398.0
652.0,398.0
999.0,398.0
499.0,398.0
176.0,398.0
802.0,398.0
145.0,398.0
859.0,398.0
209.0,398.0
904.0,398.0
338.0,398.0
541.0,399.0
854.0,399.0
819.0,399.0
149.0,399.0
213.0,399.0
440.0,399.0
381.0,399.0
919.0,399.0
741.0,399.0
222.0,399.0
285.0,399.0
465.0,399.0
1.0,400.0
993.0,400.0
140.0,400.0
778.0,400.0
441.0,400.0
1010.0,400.0
796.0,400.0
474.0,400.0
45.0,400.0
418.0,400.0
722.0,400.0
766.0,400.0
358.0,401.0
270.0,401.0
842.0,401.0
488.0,401.0
1019.0,401.0
66.0,401.0
826.0,401.0
450.0,401.0
384.0,401.0
591.0,401.0
618.0,401.0
953.0,401.0
908.0,402.0
90.0,402.0
971.0,402.0
761.0,402.0
638.0,402.0
825.0,402.0
175.0,402.0
848.0,402.0
886.0,402.0
346.0,402.0
913.0,402.0
559.0,402.0
152.0,403.0
405.0,403.0
617.0,403.0
769.0,403.0
564.0,403.0
468.0,403.0
320.0,403.0
717.0,403.0
980.0,403.0
147.0,403.0
958.0,403.0
297.0,403.0
57.0,404.0
245.0,404.0
140.0,404.0
104.0,404.0
91.0,404.0
713.0,404.0
916.0,404.0
158.0,404.0
1014.0,404.0
879.0,404.0
727.0,404.0
329.0,404.0
512.0,405.0
17.0,405.0
884.0,405.0
526.0,405.0
998.0,405.0
153.0,405.0
842.0,405.0
316.0,405.0
623.0,405.0
54.0,405.0
463.0,405.0
975.0,405.0
156.0,406.0
382.0,406.0
884.0,406.0
439.0,406.0
573.0,406.0
108.0,406.0
588.0,406.0
184.0,406.0
399.0,406.0
16.0,406.0
757.0,406.0
526.0,406.0
863.0,407.0
206.0,407.0
179.0,407.0
187.0,407.0
1014.0,407.0
149.0,407.0
157.0,407.0
9.0,407.0
700.0,407.0
667.0,407.0
78.0,407.0
518.0,407.0
1008.0,408.0
746.0,408.0
261.0,408.0
997.0,408.0
266.0,408.0
80.0,408.0
781.0,408.0
163.0,408.0
890.0,408.0
196.0,408.0
205.0,408.0
758.0,408.0
456.0,409.0
469.0,409.0
827.0,409.0
3.0,409.0
470.0,409.0
388.0,409.0
264.0,409.0
768.0,409.0
595.0,409.0
716.0,409.0
778.0,409.0
192.0,409.0
1005.0,410.0
960.0,410.0
827.0,410.0
181.0,410.0
558.0,410.0
824.0,410.0
344.0,410.0
826.0,410.0
179.0,410.0
642.0,410.0
749.0,410.0
385.0,410.0
319.0,411.0
831.0,411.0
178.0,411.0
956.0,411.0
463.0,411.0
206.0,411.0
944.0,411.0
481.0,411.0
233.0,411.0
386.0,411.0
356.0,411.0
165.0,411.0
860.0,412.0
946.0,412.0
795.0,412.0
372.0,412.0
460.0,412.0
473.0,412.0
78.0,412.0
343.0,412.0
213.0,412.0
381.0,412.0
450.0,412.0
747.0,412.0
888.0,413.0
896.0,413.0
579.0,413.0
349.0,413.0
735.0,413.0
467.0,413.0
500.0,413.0
1011.0,413.0
68.0,413.0
113.0,413.0
101.0,413.0
604.0,413.0
252.0,414.0
517.0,414.0
287.0,414.0
361.0,414.0
158.0,414.0
501.0,414.0
832.0,414.0
367.0,414.0
950.0,414.0
61.0,414.0
317.0,414.0
208.0,414.0
3.0,415.0
342.0,415.0
421.0,415.0
609.0,415.0
226.0,415.0
680.0,415.0
1007.0,415.0
847.0,415.0
992.0,415.0
979.0,415.0
943.0,415.0
445.0,415.0
807.0,416.0
623.0,416.0
157.0,416.0
817.0,416.0
592.0,416.0
369.0,416.0
20.0,416.0
997.0,416.0
974.0,416.0
485.0,416.0
130.0,416.0
990.0,416.0
869.0,417.0
934.0,417.0
746.0,417.0
54.0,417.0
795.0,417.0
48.0,417.0
32.0,417.0
717.0,417.0
862.0,417.0
287.0,417.0
9.0,417.0
745.0,417.0
547.0,418.0
700.0,418.0
19.0,418.0
339.0,418.0
228.0,418.0
371.0,418.0
598.0,418.0
429.0,418.0
682.0,418.0
735.0,418.0
97.0,418.0
522.0,418.0
911.0,419.0
875.0,419.0
775.0,419.0
788.0,419.0
827.0,419.0
234.0,419.0
1009.0,419.0
207.0,419.0
619.0,419.0
951.0,419.0
843.0,419.0
656.0,419.0
206.0,420.0
81.0,420.0
496.0,420.0
1030.0,420.0
430.0,420.0
805.0,420.0
753.0,420.0
224.0,420.0
402.0,420.0
331.0,420.0
662.0,420.0
609.0,420.0
172.0,421.0
291.0,421.0
174.0,421.0
475.0,421.0
401.0,421.0
21.0,421.0
948.0,421.0
591.0,421.0
956.0,421.0
238.0,421.0
745.0,421.0
523.0,421.0
819.0,422.0
807.0,422.0
222.0,422.0
920.0,422.0
492.0,422.0
657.0,422.0
416.0,422.0
76.0,422.0
751.0,422.0
599.0,422.0
35.0,422.0
783.0,422.0
188.0,423.0
718.0,423.0
333.0,423.0
879.0,423.0
25.0,423.0
462.0,423.0
497.0,423.0
1014.0,423.0
863.0,423.0
1025.0,423.0
123.0,423.0
1035.0,423.0
605.0,424.0
351.0,424.0
112.0,424.0
749.0,424.0
690.0,424.0
737.0,424.0
784.0,424.0
111.0,424.0
921.0,424.0
119.0,424.0
75.0,424.0
1029.0,424.0
148.0,425.0
358.0,425.0
985.0,425.0
528.0,425.0
311.0,425.0
406.0,425.0
646.0,425.0
976.0,425.0
612.0,425.0
774.0,425.0
320.0,425.0
828.0,425.0
506.0,426.0
233.0,426.0
693.0,426.0
185.0,426.0
999.0,426.0
199.0,426.0
110.0,426.0
449.0,426.0
99.0,426.0
1025.0,426.0
865.0,426.0
8.0,426.0
512.0,427.0
597.0,427.0
408.0,427.0
642.0,427.0
494.0,427.0
111.0,427.0
1019.0,427.0
79.0,427.0
845.0,427.0
438.0,427.0
307.0,427.0
213.0,427.0
845.0,428.0
983.0,428.0
34.0,428.0
577.0,428.0
222.0,428.0
107.0,428.0
944.0,428.0
242.0,428.0
479.0,428.0
54.0,428.0
696.0,428.0
674.0,428.0
396.0,429.0
834.0,429.0
871.0,429.0
329.0,429.0
743.0,429.0
1035.0,429.0
793.0,429.0
45.0,429.0
391.0,429.0
766.0,429.0
700.0,429.0
690.0,429.0
533.0,430.0
620.0,430.0
931.0,430.0
809.0,430.0
553.0,430.0
705.0,430.0
830.0,430.0
884.0,430.0
603.0,430.0
753.0,430.0
863.0,430.0
224.0,430.0
254.0,431.0
605.0,431.0
846.0,431.0
434.0,431.0
668.0,431.0
913.0,431.0
863.0,431.0
736.0,431.0
42.0,431.0
648.0,431.0
877.0,431.0
599.0,431.0
485.0,432.0
476.0,432.0
426.0,432.0
639.0,432.0
671.0,432.0
30.0,432.0
602.0,432.0
840.0,432.0
216.0,432.0
871.0,432.0
805.0,432.0
677.0,432.0
520.0,433.0
846.0,433.0
253.0,433.0
28.0,433.0
120.0,433.0
850.0,433.0
903.0,433.0
204.0,433.0
314.0,433.0
109.0,433.0
828.0,433.0
595.0,433.0
74.0,434.0
764.0,434.0
668.0,434.0
256.0,434.0
369.0,434.0
310.0,434.0
250.0,434.0
35.0,434.0
98.0,434.0
24.0,434.0
288.0,434.0
913.0,434.0
997.0,435.0
682.0,435.0
369.0,435.0
83.0,435.0
502.0,435.0
969.0,435.0
188.0,435.0
36.0,435.0
951.0,435.0
825.0,435.0
532.0,435.0
250.0,435.0
478.0,436.0
176.0,436.0
539.0,436.0
151.0,436.0
615.0,436.0
242.0,436.0
558.0,436.0
765.0,436.0
61.0,436.0
168.0,436.0
553.0,436.0
731.0,436.0
92.0,437.0
576.0,437.0
1026.0,437.0
153.0,437.0
527.0,437.0
654.0,437.0
17.0,437.0
210.0,437.0
732.0,437.0
59.0,437.0
676.0,437.0
614.0,437.0
479.0,438.0
667.0,438.0
307.0,438.0
531.0,438.0
946.0,438.0
530.0,438.0
971.0,438.0
210.0,438.0
896.0,438.0
374.0,438.0
620.0,438.0
395.0,438.0
715.0,439.0
839.0,439.0
1025.0,439.0
632.0,439.0
365.0,439.0
57.0,439.0
17.0,439.0
499.0,439.0
620.0,439.0
545.0,439.0
930.0,439.0
139.0,439.0
538.0,440.0
15.0,440.0
945.0,440.0
220.0,440.0
730.0,440.0
874.0,440.0
736.0,440.0
941.0,440.0
938.0,440.0
464.0,440.0
894.0,440.0
407.0,440.0
278.0,441.0
93.0,441.0
121.0,441.0
815.0,441.0
840.0,441.0
429.0,441.0
341.0,441.0
185.0,441.0
1.0,441.0
237.0,441.0
79.0,441.0
386.0,441.0
837.0,442.0
47.0,442.0
482.0,442.0
743.0,442.0
245.0,442.0
275.0,442.0
765.0,442.0
827.0,442.0
973.0,442.0
67.0,442.0
658.0,442.0
307.0,442.0
399.0,443.0
1032.0,443.0
833.0,443.0
355.0,443.0
13.0,443.0
741.0,443.0
638.0,443.0
569.0,443.0
589.0,443.0
7.0,443.0
402.0,443.0
761.0,443.0
343.0,444.0
192.0,444.0
606.0,444.0
478.0,444.0
574.0,444.0
4.0,444.0
226.0,444.0
285.0,444.0
236.0,444.0
148.0,444.0
776.0,444.0
854.0,444.0
475.0,445.0
962.0,445.0
1016.0,445.0
994.0,445.0
826.0,445.0
786.0,445.0
574.0,445.0
755.0,445.0
127.0,445.0
363.0,445.0
221.0,445.0
4.0,445.0
449.0,446.0
966.0,446.0
538.0,446.0
359.0,446.0
426.0,446.0
315.0,446.0
1021.0,446.0
101.0,446.0
793.0,446.0
597.0,446.0
113.0,446.0
225.0,446.0
555.0,447.0
443.0,447.0
272.0,447.0
788.0,447.0
192.0,447.0
178.0,447.0
661.0,447.0
943.0,447.0
772.0,447.0
77.0,447.0
194.0,447.0
7.0,447.0
919.0,448.0
285.0,448.0
470.0,448.0
1000.0,448.0
911.0,448.0
892.0,448.0
885.0,448.0
508.0,448.0
843.0,448.0
362.0,448.0
305.0,448.0
234.0,448.0
357.0,449.0
1014.0,449.0
596.0,449.0
655.0,449.0
395.0,449.0
239.0,449.0
781.0,449.0
221.0,449.0
462.0,449.0
166.0,449.0
838.0,449.0
765.0,449.0
174.0,450.0
718.0,450.0
971.0,450.0
646.0,450.0
893.0,450.0
493.0,450.0
510.0,450.0
867.0,450.0
618.0,450.0
775.0,450.0
143.0,450.0
774.0,450.0
398.0,451.0
314.0,451.0
200.0,451.0
249.0,451.0
685.0,451.0
605.0,451.0
26.0,451.0
151.0,451.0
417.0,451.0
681.0,451.0
1026.0,451.0
109.0,451.0
9.0,452.0
527.0,452.0
624.0,452.0
168.0,452.0
865.0,452.0
354.0,452.0
185.0,452.0
93.0,452.0
725.0,452.0
579.0,452.0
429.0,452.0
509.0,452.0
1001.0,453.0
612.0,453.0
625.0,453.0
312.0,453.0
525.0,453.0
295.0,453.0
751.0,453.0
300.0,453.0
734.0,453.0
67.0,453.0
636.0,453.0
489.0,453.0
482.0,454.0
344.0,454.0
881.0,454.0
557.0,454.0
178.0,454.0
440.0,454.0
271.0,454.0
692.0,454.0
369.0,454.0
806.0,454.0
324.0,454.0
337.0,454.0
674.0,455.0
683.0,455.0
897.0,455.0
788.0,455.0
384.0,455.0
994.0,455.0
370.0,455.0
359.0,455.0
369.0,455.0
494.0,455.0
1020.0,455.0
672.0,455.0
967.0,456.0
587.0,456.0
521.0,456.0
414.0,456.0
978.0,456.0
828.0,456.0
364.0,456.0
424.0,456.0
349.0,456.0
713.0,456.0
199.0,456.0
259.0,456.0
223.0,457.0
498.0,457.0
610.0,457.0
232.0,457.0
551.0,457.0
171.0,457.0
701.0,457.0
18.0,457.0
599.0,457.0
422.0,457.0
887.0,457.0
138.0,457.0
230.0,458.0
596.0,458.0
198.0,458.0
693.0,458.0
872.0,458.0
438.0,458.0
680.0,458.0
313.0,458.0
193.0,458.0
161.0,458.0
314.0,458.0
417.0,458.0
1015.0,459.0
152.0,459.0
562.0,459.0
209.0,459.0
128.0,459.0
813.0,459.0
800.0,459.0
89.0,459.0
348.0,459.0
584.0,459.0
360.0,459.0
108.0,459.0
573.0,460.0
626.0,460.0
764.0,460.0
304.0,460.0
716.0,460.0
328.0,460.0
61.0,460.0
510.0,460.0
586.0,460.0
958.0,460.0
545.0,460.0
132.0,460.0
1002.0,461.0
1035.0,461.0
1000.0,461.0
629.0,461.0
101.0,461.0
209.0,461.0
490.0,461.0
680.0,461.0
735.0,461.0
838.0,461.0
449.0,461.0
30.0,461.0
486.0,462.0
113.0,462.0
292.0,462.0
514.0,462.0
413.0,462.0
24.0,462.0
740.0,462.0
765.0,462.0
628.0,462.0
261.0,462.0
837.0,462.0
865.0,462.0
87.0,463.0
189.0,463.0
724.0,463.0
538.0,463.0
473.0,463.0
154.0,463.0
24.0,463.0
989.0,463.0
765.0,463.0
56.0,463.0
430.0,463.0
659.0,463.0
972.0,464.0
866.0,464.0
893.0,464.0
460.0,464.0
136.0,464.0
523.0,464.0
215.0,464.0
946.0,464.0
393.0,464.0
271.0,464.0
81.0,464.0
683.0,464.0
401.0,465.0
346.0,465.0
256.0,465.0
998.0,465.0
270.0,465.0
942.0,465.0
160.0,465.0
960.0,465.0
480.0,465.0
148.0,465.0
589.0,465.0
383.0,465.0
846.0,466.0
290.0,466.0
423.0,466.0
840.0,466.0
805.0,466.0
964.0,466.0
879.0,466.0
298.0,466.0
473.0,466.0
30.0,466.0
533.0,466.0
307.0,466.0
954.0,467.0
763.0,467.0
961.0,467.0
349.0,467.0
680.0,467.0
912.0,467.0
121.0,467.0
230.0,467.0
842.0,467.0
1011.0,467.0
927.0,467.0
101.0,467.0
786.0,468.0
1022.0,468.0
425.0,468.0
262.0,468.0
311.0,468.0
460.0,468.0
192.0,468.0
121.0,468.0
831.0,468.0
892.0,468.0
725.0,468.0
319.0,468.0
80.0,469.0
109.0,469.0
31.0,469.0
342.0,469.0
28.0,469.0
389.0,469.0
304.0,469.0
403.0,469.0
248.0,469.0
253.0,469.0
91.0,469.0
708.0,469.0
953.0,470.0
430.0,470.0
226.0,470.0
29.0,470.0
868.0,470.0
83.0,470.0
308.0,470.0
548.0,470.0
543.0,470.0
3.0,470.0
982.0,470.0
1000.0,470.0
476.0,471.0
495.0,471.0
851.0,471.0
865.0,471.0
653.0,471.0
277.0,471.0
195.0,471.0
472.0,471.0
789.0,471.0
972.0,471.0
354.0,471.0
521.0,471.0
578.0,472.0
436.0,472.0
72.0,472.0
554.0,472.0
339.0,472.0
809.0,472.0
525.0,472.0
789.0,472.0
95.0,472.0
514.0,472.0
925.0,472.0
547.0,472.0
44.0,473.0
921.0,473.0
799.0,473.0
620.0,473.0
157.0,473.0
847.0,473.0
813.0,473.0
612.0,473.0
491.0,473.0
111.0,473.0
182.0,473.0
384.0,473.0
918.0,474.0
608.0,474.0
315.0,474.0
441.0,474.0
99.0,474.0
1033.0,474.0
232.0,474.0
722.0,474.0
735.0,474.0
749.0,474.0
811.0,474.0
100.0,474.0
182.0,475.0
108.0,475.0
54.0,475.0
607.0,475.0
373.0,475.0
603.0,475.0
685.0,475.0
434.0,475.0
979.0,475.0
261.0,475.0
526.0,475.0
731.0,475.0
521.0,476.0
886.0,476.0
982.0,476.0
671.0,476.0
486.0,476.0
471.0,476.0
105.0,476.0
677.0,476.0
277.0,476.0
905.0,476.0
984.0,476.0
133.0,476.0
980.0,477.0
501.0,477.0
953.0,477.0
591.0,477.0
16.0,477.0
68.0,477.0
660.0,477.0
564.0,477.0
41.0,477.0
976.0,477.0
201.0,477.0
421.0,477.0
750.0,478.0
153.0,478.0
752.0,478.0
580.0,478.0
589.0,478.0
757.0,478.0
263.0,478.0
788.0,478.0
234.0,478.0
620.0,478.0
914.0,478.0
508.0,478.0
220.0,479.0
862.0,479.0
1019.0,479.0
290.0,479.0
584.0,479.0
834.0,479.0
838.0,479.0
463.0,479.0
189.0,479.0
757.0,479.0
172.0,479.0
931.0,479.0
996.0,480.0
854.0,480.0
723.0,480.0
645.0,480.0
963.0,480.0
794.0,480.0
215.0,480.0
752.0,480.0
893.0,480.0
285.0,480.0
804.0,480.0
924.0,480.0
662.0,481.0
791.0,481.0
698.0,481.0
522.0,481.0
705.0,481.0
203.0,481.0
241.0,481.0
715.0,481.0
658.0,481.0
597.0,481.0
710.0,481.0
456.0,481.0
993.0,482.0
308.0,482.0
949.0,482.0
945.0,482.0
659.0,482.0
743.0,482.0
279.0,482.0
175.0,482.0
483.0,482.0
710.0,482.0
368.0,482.0
56.0,482.0
265.0,483.0
52.0,483.0
154.0,483.0
848.0,483.0
1009.0,483.0
997.0,483.0
916.0,483.0
371.0,483.0
224.0,483.0
416.0,483.0
1005.0,483.0
205.0,483.0
41.0,484.0
29.0,484.0
734.0,484.0
855.0,484.0
978.0,484.0
865.0,484.0
955.0,484.0
326.0,484.0
706.0,484.0
616.0,484.0
576.0,484.0
323.0,484.0
456.0,485.0
329.0,485.0
586.0,485.0
309.0,485.0
717.0,485.0
264.0,485.0
345.0,485.0
42.0,485.0
549.0,485.0
639.0,485.0
663.0,485.0
400.0,485.0
605.0,486.0
374.0,486.0
481.0,486.0
542.0,486.0
224.0,486.0
42.0,486.0
928.0,486.0
244.0,486.0
249.0,486.0
424.0,486.0
187.0,486.0
728.0,486.0
943.0,487.0
305.0,487.0
619.0,487.0
323.0,487.0
160.0,487.0
215.0,487.0
11.0,487.0
826.0,487.0
963.0,487.0
947.0,487.0
372.0,487.0
881.0,487.0
947.0,488.0
750.0,488.0
359.0,488.0
569.0,488.0
810.0,488.0
980.0,488.0
106.0,488.0
40.0,488.0
957.0,488.0
415.0,488.0
943.0,488.0
303.0,488.0
610.0,489.0
383.0,489.0
901.0,489.0
886.0,489.0
183.0,489.0
429.0,489.0
785.0,489.0
457.0,489.0
806.0,489.0
714.0,489.0
687.0,489.0
845.0,489.0
248.0,490.0
978.0,490.0
1023.0,490.0
259.0,490.0
197.0,490.0
760.0,490.0
879.0,490.0
463.0,490.0
239.0,490.0
187.0,490.0
862.0,490.0
65.0,490.0
313.0,491.0
1004.0,491.0
718.0,491.0
1027.0,491.0
475.0,491.0
407.0,491.0
592.0,491.0
310.0,491.0
749.0,491.0
545.0,491.0
756.0,491.0
256.0,491.0
466.0,492.0
371.0,492.0
910.0,492.0
104.0,492.0
530.0,492.0
502.0,492.0
783.0,492.0
105.0,492.0
42.0,492.0
1000.0,492.0
792.0,492.0
554.0,492.0
331.0,493.0
701.0,493.0
852.0,493.0
226.0,493.0
463.0,493.0
732.0,493.0
574.0,493.0
188.0,493.0
1014.0,493.0
29.0,493.0
652.0,493.0
310.0,493.0
556.0,494.0
996.0,494.0
486.0,494.0
540.0,494.0
844.0,494.0
155.0,494.0
672.0,494.0
220.0,494.0
119.0,494.0
845.0,494.0
895.0,494.0
651.0,494.0
811.0,495.0
653.0,495.0
105.0,495.0
435.0,495.0
984.0,495.0
901.0,495.0
312.0,495.0
928.0,495.0
544.0,495.0
265.0,495.0
739.0,495.0
864.0,495.0
682.0,496.0
1017.0,496.0
308.0,496.0
662.0,496.0
76.0,496.0
961.0,496.0
652.0,496.0
346.0,496.0
997.0,496.0
36.0,496.0
323.0,496.0
167.0,496.0
512.0,497.0
624.0,497.0
20.0,497.0
486.0,497.0
514.0,497.0
583.0,497.0
637.0,497.0
542.0,497.0
856.0,497.0
15.0,497.0
322.0,497.0
939.0,497.0
126.0,498.0
1025.0,498.0
242.0,498.0
838.0,498.0
693.0,498.0
910.0,498.0
622.0,498.0
168.0,498.0
547.0,498.0
647.0,498.0
429.0,498.0
625.0,498.0
707.0,499.0
754.0,499.0
299.0,499.0
923.0,499.0
210.0,499.0
628.0,499.0
815.0,499.0
680.0,499.0
664.0,499.0
845.0,499.0
196.0,499.0
301.0,499.0
680.0,500.0
863.0,500.0
648.0,500.0
918.0,500.0
413.0,500.0
689.0,500.0
941.0,500.0
17.0,500.0
691.0,500.0
101.0,500.0
567.0,500.0
244.0,500.0
504.0,501.0
28.0,501.0
210.0,501.0
119.0,501.0
992.0,501.0
438.0,501.0
550.0,501.0
583.0,501.0
902.0,501.0
326.0,501.0
884.0,501.0
703.0,501.0
94.0,502.0
959.0,502.0
525.0,502.0
920.0,502.0
931.0,502.0
210.0,502.0
165.0,502.0
224.0,502.0
944.0,502.0
454.0,502.0
472.0,502.0
698.0,502.0
227.0,503.0
1031.0,503.0
1003.0,503.0
429.0,503.0
38.0,503.0
597.0,503.0
208.0,503.0
334.0,503.0
546.0,503.0
919.0,503.0
371.0,503.0
20.0,503.0
942.0,504.0
866.0,504.0
863.0,504.0
961.0,504.0
584.0,504.0
411.0,504.0
813.0,504.0
438.0,504.0
682.0,504.0
179.0,504.0
597.0,504.0
815.0,504.0
547.0,505.0
277.0,505.0
38.0,505.0
329.0,505.0
432.0,505.0
551.0,505.0
307.0,505.0
677.0,505.0
602.0,505.0
471.0,505.0
906.0,505.0
704.0,505.0
45.0,506.0
916.0,506.0
452.0,506.0
663.0,506.0
274.0,506.0
972.0,506.0
312.0,506.0
407.0,506.0
462.0,506.0
882.0,506.0
766.0,506.0
485.0,506.0
535.0,507.0
22.0,507.0
323.0,507.0
442.0,507.0
894.0,507.0
238.0,507.0
250.0,507.0
183.0,507.0
984.0,507.0
449.0,507.0
540.0,507.0
690.0,507.0
550.0,508.0
16.0,508.0
998.0,508.0
256.0,508.0
469.0,508.0
646.0,508.0
180.0,508.0
854.0,508.0
379.0,508.0
893.0,508.0
116.0,508.0
244.0,508.0
945.0,509.0
656.0,509.0
345.0,509.0
283.0,509.0
705.0,509.0
1009.0,509.0
678.0,509.0
760.0,509.0
904.0,509.0
859.0,509.0
170.0,509.0
896.0,509.0
1020.0,510.0
206.0,510.0
874.0,510.0
957.0,510.0
262.0,510.0
520.0,510.0
954.0,510.0
724.0,510.0
151.0,510.0
625.0,510.0
6.0,510.0
238.0,510.0
369.0,511.0
90.0,511.0
447.0,511.0
22.0,511.0
301.0,511.0
686.0,511.0
407.0,511.0
402.0,511.0
39.0,511.0
317.0,511.0
897.0,511.0
332.0,511.0
665.0,512.0
691.0,512.0
752.0,512.0
128.0,512.0
1019.0,512.0
1008.0,512.0
157.0,512.0
496.0,512.0
107.0,512.0
744.0,512.0
222.0,512.0
777.0,512.0
214.0,513.0
625.0,513.0
599.0,513.0
153.0,513.0
813.0,513.0
1019.0,513.0
890.0,513.0
427.0,513.0
211.0,513.0
953.0,513.0
781.0,513.0
803.0,513.0
586.0,514.0
32.0,514.0
837.0,514.0
721.0,514.0
168.0,514.0
155.0,514.0
322.0,514.0
698.0,514.0
884.0,514.0
874.0,514.0
778.0,514.0
862.0,514.0
895.0,515.0
533.0,515.0
869.0,515.0
550.0,515.0
380.0,515.0
524.0,515.0
154.0,515.0
981.0,515.0
187.0,515.0
491.0,515.0
620.0,515.0
878.0,515.0
243.0,516.0
81.0,516.0
920.0,516.0
969.0,516.0
622.0,516.0
692.0,516.0
220.0,516.0
342.0,516.0
705.0,516.0
972.0,516.0
770.0,516.0
371.0,516.0
492.0,517.0
211.0,517.0
506.0,517.0
34.0,517.0
853.0,517.0
334.0,517.0
276.0,517.0
224.0,517.0
25.0,517.0
742.0,517.0
801.0,517.0
404.0,517.0
461.0,518.0
522.0,518.0
313.0,518.0
563.0,518.0
630.0,518.0
874.0,518.0
97.0,518.0
239.0,518.0
189.0,518.0
732.0,518.0
835.0,518.0
966.0,518.0
826.0,519.0
940.0,519.0
251.0,519.0
635.0,519.0
953.0,519.0
732.0,519.0
13.0,519.0
555.0,519.0
525.0,519.0
1012.0,519.0
280.0,519.0
682.0,519.0
17.0,520.0
459.0,520.0
595.0,520.0
604.0,520.0
980.0,520.0
963.0,520.0
880.0,520.0
771.0,520.0
763.0,520.0
626.0,520.0
652.0,520.0
616.0,520.0
8.0,521.0
882.0,521.0
199.0,521.0
700.0,521.0
255.0,521.0
99.0,521.0
594.0,521.0
432.0,521.0
694.0,521.0
377.0,521.0
640.0,521.0
984.0,521.0
150.0,522.0
657.0,522.0
683.0,522.0
417.0,522.0
648.0,522.0
764.0,522.0
971.0,522.0
334.0,522.0
111.0,522.0
732.0,522.0
318.0,522.0
795.0,522.0
119.0,523.0
723.0,523.0
803.0,523.0
731.0,523.0
837.0,523.0
417.0,523.0
276.0,523.0
66.0,523.0
942.0,523.0
881.0,523.0
266.0,523.0
507.0,523.0
230.0,524.0
1004.0,524.0
12.0,524.0
57.0,524.0
1011.0,524.0
697.0,524.0
220.0,524.0
15.0,524.0
701.0,524.0
163.0,524.0
83.0,524.0
377.0,524.0
734.0,525.0
840.0,525.0
210.0,525.0
67.0,525.0
866.0,525.0
891.0,525.0
989.0,525.0
916.0,525.0
242.0,525.0
442.0,525.0
599.0,525.0
1010.0,525.0
936.0,526.0
412.0,526.0
425.0,526.0
285.0,526.0
16.0,526.0
510.0,526.0
839.0,526.0
311.0,526.0
797.0,526.0
660.0,526.0
734.0,526.0
857.0,526.0
354.0,527.0
738.0,527.0
360.0,527.0
97.0,527.0
345.0,527.0
200.0,527.0
278.0,527.0
492.0,527.0
486.0,527.0
942.0,527.0
912.0,527.0
916.0,527.0
831.0,528.0
146.0,528.0
998.0,528.0
777.0,528.0
646.0,528.0
788.0,528.0
893.0,528.0
745.0,528.0
64.0,528.0
173.0,528.0
90.0,528.0
943.0,528.0
49.0,529.0
748.0,529.0
1010.0,529.0
429.0,529.0
505.0,529.0
784.0,529.0
495.0,529.0
489.0,529.0
671.0,529.0
492.0,529.0
521.0,529.0
851.0,529.0
754.0,530.0
310.0,530.0
470.0,530.0
1008.0,530.0
556.0,530.0
0.0,530.0
893.0,530.0
155.0,530.0
959.0,530.0
466.0,530.0
498.0,530.0
976.0,530.0
104.0,531.0
374.0,531.0
874.0,531.0
512.0,531.0
176.0,531.0
870.0,531.0
81.0,531.0
187.0,531.0
283.0,531.0
427.0,531.0
1004.0,531.0
361.0,531.0
399.0,532.0
858.0,532.0
220.0,532.0
536.0,532.0
772.0,532.0
39.0,532.0
213.0,532.0
741.0,532.0
507.0,532.0
251.0,532.0
519.0,532.0
670.0,532.0
176.0,533.0
953.0,533.0
463.0,533.0
436.0,533.0
292.0,533.0
228.0,533.0
768.0,533.0
586.0,533.0
648.0,533.0
781.0,533.0
870.0,533.0
867.0,533.0
804.0,534.0
974.0,534.0
842.0,534.0
291.0,534.0
800.0,534.0
405.0,534.0
765.0,534.0
843.0,534.0
1014.0,534.0
210.0,534.0
239.0,534.0
359.0,534.0
381.0,535.0
963.0,535.0
212.0,535.0
910.0,535.0
114.0,535.0
122.0,535.0
359.0,535.0
210.0,535.0
154.0,535.0
480.0,535.0
465.0,535.0
84.0,535.0
7.0,536.0
224.0,536.0
355.0,536.0
702.0,536.0
511.0,536.0
646.0,536.0
450.0,536.0
543.0,536.0
61.0,536.0
265.0,536.0
555.0,536.0
733.0,536.0
922.0,537.0
142.0,537.0
1005.0,537.0
96.0,537.0
1023.0,537.0
127.0,537.0
0.0,537.0
877.0,537.0
473.0,537.0
708.0,537.0
515.0,537.0
368.0,537.0
378.0,538.0
989.0,538.0
1019.0,538.0
522.0,538.0
332.0,538.0
954.0,538.0
623.0,538.0
552.0,538.0
79.0,538.0
214.0,538.0
103.0,538.0
24.0,538.0
208.0,539.0
883.0,539.0
760.0,539.0
700.0,539.0
123.0,539.0
582.0,539.0
228.0,539.0
284.0,539.0
164.0,539.0
681.0,539.0
871.0,539.0
357.0,539.0
607.0,540.0
23.0,540.0
894.0,540.0
170.0,540.0
220.0,540.0
166.0,540.0
554.0,540.0
545.0,540.0
854.0,540.0
259.0,540.0
620.0,540.0
648.0,540.0
538.0,541.0
256.0,541.0
310.0,541.0
496.0,541.0
809.0,541.0
764.0,541.0
287.0,541.0
15.0,541.0
671.0,541.0
920.0,541.0
82.0,541.0
298.0,541.0
625.0,542.0
56.0,542.0
50.0,542.0
27.0,542.0
95.0,542.0
209.0,542.0
527.0,542.0
417.0,542.0
253.0,542.0
770.0,542.0
113.0,542.0
112.0,542.0
866.0,543.0
887.0,543.0
69.0,543.0
48.0,543.0
30.0,543.0
336.0,543.0
729.0,543.0
66.0,543.0
285.0,543.0
781.0,543.0
994.0,543.0
970.0,543.0
557.0,544.0
898.0,544.0
600.0,544.0
910.0,544.0
222.0,544.0
73.0,544.0
867.0,544.0
324.0,544.0
806.0,544.0
977.0,544.0
141.0,544.0
643.0,544.0
754.0,545.0
79.0,545.0
934.0,545.0
28.0,545.0
964.0,545.0
737.0,545.0
550.0,545.0
298.0,545.0
687.0,545.0
220.0,545.0
646.0,545.0
102.0,545.0
697.0,546.0
232.0,546.0
62.0,546.0
131.0,546.0
516.0,546.0
9.0,546.0
233.0,546.0
996.0,546.0
759.0,546.0
560.0,546.0
989.0,546.0
577.0,546.0
921.0,547.0
671.0,547.0
225.0,547.0
96.0,547.0
730.0,547.0
905.0,547.0
1010.0,547.0
1003.0,547.0
861.0,547.0
228.0,547.0
818.0,547.0
107.0,547.0
519.0,548.0
35.0,548.0
83.0,548.0
928.0,548.0
650.0,548.0
636.0,548.0
261.0,548.0
37.0,548.0
555.0,548.0
482.0,548.0
151.0,548.0
55.0,548.0
550.0,549.0
94.0,549.0
357.0,549.0
211.0,549.0
873.0,549.0
623.0,549.0
852.0,549.0
546.0,549.0
740.0,549.0
231.0,549.0
53.0,549.0
216.0,549.0
276.0,550.0
331.0,550.0
821.0,550.0
636.0,550.0
226.0,550.0
552.0,550.0
778.0,550.0
318.0,550.0
755.0,550.0
1000.0,550.0
481.0,550.0
370.0,550.0
812.0,551.0
891.0,551.0
312.0,551.0
344.0,551.0
229.0,551.0
570.0,551.0
34.0,551.0
165.0,551.0
277.0,551.0
529.0,551.0
886.0,551.0
73.0,551.0
273.0,552.0
373.0,552.0
740.0,552.0
912.0,552.0
852.0,552.0
463.0,552.0
571.0,552.0
112.0,552.0
550.0,552.0
583.0,552.0
756.0,552.0
296.0,552.0
167.0,553.0
56.0,553.0
187.0,553.0
1008.0,553.0
318.0,553.0
389.0,553.0
925.0,553.0
615.0,553.0
20.0,553.0
648.0,553.0
574.0,553.0
231.0,553.0
558.0,554.0
15.0,554.0
235.0,554.0
926.0,554.0
259.0,554.0
954.0,554.0
165.0,554.0
503.0,554.0
380.0,554.0
66.0,554.0
707.0,554.0
353.0,554.0
35.0,555.0
310.0,555.0
876.0,555.0
1012.0,555.0
438.0,555.0
33.0,555.0
849.0,555.0
111.0,555.0
194.0,555.0
376.0,555.0
758.0,555.0
475.0,555.0
283.0,556.0
945.0,556.0
924.0,556.0
664.0,556.0
386.0,556.0
155.0,556.0
895.0,556.0
1031.0,556.0
607.0,556.0
497.0,556.0
754.0,556.0
799.0,556.0
970.0,557.0
1031.0,557.0
171.0,557.0
696.0,557.0
261.0,557.0
82.0,557.0
14.0,557.0
179.0,557.0
568.0,557.0
744.0,557.0
507.0,557.0
683.0,557.0
863.0,558.0
252.0,558.0
550.0,558.0
844.0,558.0
710.0,558.0
661.0,558.0
241.0,558.0
380.0,558.0
973.0,558.0
276.0,558.0
991.0,558.0
258.0,558.0
953.0,559.0
994.0,559.0
127.0,559.0
494.0,559.0
430.0,559.0
486.0,559.0
16.0,559.0
450.0,559.0
384.0,559.0
55.0,559.0
331.0,559.0
642.0,559.0
650.0,560.0
681.0,560.0
454.0,560.0
296.0,560.0
674.0,560.0
738.0,560.0
926.0,560.0
245.0,560.0
622.0,560.0
578.0,560.0
286.0,560.0
167.0,560.0
252.0,561.0
146.0,561.0
748.0,561.0
97.0,561.0
798.0,561.0
452.0,561.0
1.0,561.0
100.0,561.0
314.0,561.0
150.0,561.0
462.0,561.0
137.0,561.0
326.0,562.0
797.0,562.0
468.0,562.0
776.0,562.0
518.0,562.0
510.0,562.0
108.0,562.0
128.0,562.0
975.0,562.0
341.0,562.0
1015.0,562.0
419.0,562.0
989.0,563.0
599.0,563.0
115.0,563.0
370.0,563.0
283.0,563.0
925.0,563.0
612.0,563.0
571.0,563.0
330.0,563.0
658.0,563.0
734.0,563.0
558.0,563.0
1008.0,564.0
880.0,564.0
6.0,564.0
842.0,564.0
259.0,564.0
459.0,564.0
54.0,564.0
1012.0,564.0
123.0,564.0
306.0,564.0
375.0,564.0
571.0,564.0
155.0,565.0
265.0,565.0
945.0,565.0
176.0,565.0
436.0,565.0
708.0,565.0
156.0,565.0
170.0,565.0
182.0,565.0
296.0,565.0
244.0,565.0
942.0,565.0
327.0,566.0
787.0,566.0
970.0,566.0
9.0,566.0
552.0,566.0
507.0,566.0
159.0,566.0
407.0,566.0
701.0,566.0
821.0,566.0
98.0,566.0
659.0,566.0
93.0,567.0
668.0,567.0
253.0,567.0
200.0,567.0
474.0,567.0
719.0,567.0
467.0,567.0
865.0,567.0
100.0,567.0
969.0,567.0
763.0,567.0
879.0,567.0
24.0,568.0
377.0,568.0
909.0,568.0
337.0,568.0
560.0,568.0
302.0,568.0
779.0,568.0
695.0,568.0
770.0,568.0
396.0,568.0
472.0,568.0
635.0,568.0
963.0,569.0
410.0,569.0
747.0,569.0
962.0,569.0
122.0,569.0
488.0,569.0
938.0,569.0
914.0,569.0
613.0,569.0
810.0,569.0
393.0,569.0
919.0,569.0
733.0,570.0
592.0,570.0
428.0,570.0
94.0,570.0
748.0,570.0
692.0,570.0
808.0,570.0
556.0,570.0
862.0,570.0
224.0,570.0
171.0,570.0
167.0,570.0
368.0,571.0
632.0,571.0
466.0,571.0
863.0,571.0
672.0,571.0
166.0,571.0
710.0,571.0
862.0,571.0
574.0,571.0
895.0,571.0
773.0,571.0
707.0,571.0
426.0,572.0
386.0,572.0
584.0,572.0
845.0,572.0
579.0,572.0
53.0,572.0
587.0,572.0
996.0,572.0
612.0,572.0
176.0,572.0
542.0,572.0
968.0,572.0
827.0,573.0
388.0,573.0
710.0,573.0
665.0,573.0
288.0,573.0
981.0,573.0
258.0,573.0
912.0,573.0
868.0,573.0
182.0,573.0
449.0,573.0
853.0,573.0
723.0,574.0
254.0,574.0
815.0,574.0
475.0,574.0
562.0,574.0
659.0,574.0
660.0,574.0
470.0,574.0
691.0,574.0
334.0,574.0
948.0,574.0
111.0,574.0
313.0,575.0
307.0,575.0
948.0,575.0
967.0,575.0
196.0,575.0
707.0,575.0
353.0,575.0
668.0,575.0
18.0,575.0
672.0,575.0
208.0,575.0
737.0,575.0
282.0,576.0
731.0,576.0
408.0,576.0
903.0,576.0
4.0,576.0
545.0,576.0
699.0,576.0
187.0,576.0
59.0,576.0
120.0,576.0
144.0,576.0
991.0,576.0
456.0,577.0
440.0,577.0
901.0,577.0
704.0,577.0
884.0,577.0
377.0,577.0
558.0,577.0
977.0,577.0
332.0,577.0
140.0,577.0
692.0,577.0
12.0,577.0
503.0,578.0
1029.0,578.0
219.0,578.0
24.0,578.0
73.0,578.0
233.0,578.0
643.0,578.0
687.0,578.0
94.0,578.0
492.0,578.0
171.0,578.0
950.0,578.0
766.0,579.0
540.0,579.0
680.0,579.0
954.0,579.0
966.0,579.0
821.0,579.0
167.0,579.0
79.0,579.0
968.0,579.0
209.0,579.0
706.0,579.0
101.0,579.0
775.0,580.0
64.0,580.0
250.0,580.0
962.0,580.0
41.0,580.0
148.0,580.0
480.0,580.0
343.0,580.0
612.0,580.0
745.0,580.0
805.0,580.0
11.0,580.0
844.0,581.0
470.0,581.0
330.0,581.0
612.0,581.0
789.0,581.0
1008.0,581.0
442.0,581.0
597.0,581.0
894.0,581.0
449.0,581.0
631.0,581.0
603.0,581.0
886.0,582.0
983.0,582.0
946.0,582.0
420.0,582.0
568.0,582.0
434.0,582.0
37.0,582.0
183.0,582.0
178.0,582.0
772.0,582.0
730.0,582.0
876.0,582.0
420.0,583.0
334.0,583.0
665.0,583.0
331.0,583.0
748.0,583.0
556.0,583.0
734.0,583.0
91.0,583.0
629.0,583.0
479.0,583.0
557.0,583.0
874.0,583.0
597.0,584.0
310.0,584.0
907.0,584.0
946.0,584.0
533.0,584.0
828.0,584.0
910.0,584.0
1012.0,584.0
504.0,584.0
429.0,584.0
196.0,584.0
460.0,584.0
843.0,585.0
11.0,585.0
488.0,585.0
448.0,585.0
562.0,585.0
926.0,585.0
3.0,585.0
117.0,585.0
373.0,585.0
753.0,585.0
64.0,585.0
362.0,585.0
838.0,586.0
863.0,586.0
329.0,586.0
681.0,586.0
655.0,586.0
571.0,586.0
841.0,586.0
1018.0,586.0
754.0,586.0
651.0,586.0
326.0,586.0
699.0,586.0
945.0,587.0
225.0,587.0
414.0,587.0
1003.0,587.0
694.0,587.0
429.0,587.0
878.0,587.0
219.0,587.0
769.0,587.0
345.0,587.0
689.0,587.0
583.0,587.0
604.0,588.0
632.0,588.0
92.0,588.0
1015.0,588.0
1034.0,588.0
43.0,588.0
626.0,588.0
26.0,588.0
878.0,588.0
615.0,588.0
417.0,588.0
190.0,588.0
650.0,589.0
937.0,589.0
1032.0,589.0
858.0,589.0
84.0,589.0
569.0,589.0
373.0,589.0
621.0,589.0
963.0,589.0
591.0,589.0
263.0,589.0
247.0,589.0
544.0,590.0
251.0,590.0
495.0,590.0
817.0,590.0
985.0,590.0
690.0,590.0
77.0,590.0
861.0,590.0
256.0,590.0
824.0,590.0
223.0,590.0
643.0,590.0
645.0,591.0
613.0,591.0
136.0,591.0
847.0,591.0
156.0,591.0
508.0,591.0
1000.0,591.0
877.0,591.0
499.0,591.0
116.0,591.0
242.0,591.0
370.0,591.0
914.0,592.0
217.0,592.0
695.0,592.0
445.0,592.0
996.0,592.0
378.0,592.0
158.0,592.0
50.0,592.0
163.0,592.0
724.0,592.0
66.0,592.0
559.0,592.0
121.0,593.0
456.0,593.0
62.0,593.0
539.0,593.0
639.0,593.0
587.0,593.0
498.0,593.0
474.0,593.0
386.0,593.0
88.0,593.0
441.0,593.0
162.0,593.0
929.0,594.0
719.0,594.0
300.0,594.0
708.0,594.0
723.0,594.0
967.0,594.0
546.0,594.0
463.0,594.0
922.0,594.0
81.0,594.0
986.0,594.0
9.0,594.0
348.0,595.0
92.0,595.0
190.0,595.0
604.0,595.0
628.0,595.0
878.0,595.0
588.0,595.0
889.0,595.0
153.0,595.0
1011.0,595.0
626.0,595.0
978.0,595.0
769.0,596.0
938.0,596.0
298.0,596.0
552.0,596.0
486.0,596.0
629.0,596.0
68.0,596.0
342.0,596.0
646.0,596.0
748.0,596.0
542.0,596.0
829.0,596.0
394.0,597.0
404.0,597.0
438.0,597.0
241.0,597.0
705.0,597.0
446.0,597.0
309.0,597.0
257.0,597.0
620.0,597.0
791.0,597.0
999.0,597.0
342.0,597.0
965.0,598.0
464.0,598.0
415.0,598.0
516.0,598.0
353.0,598.0
13.0,598.0
632.0,598.0
418.0,598.0
384.0,598.0
560.0,598.0
497.0,598.0
666.0,598.0
642.0,599.0
452.0,599.0
1025.0,599.0
357.0,599.0
710.0,599.0
393.0,599.0
793.0,599.0
701.0,599.0
462.0,599.0
905.0,599.0
815.0,599.0
933.0,599.0
60.0,600.0
1012.0,600.0
792.0,600.0
783.0,600.0
392.0,600.0
710.0,600.0
578.0,600.0
913.0,600.0
568.0,600.0
915.0,600.0
269.0,600.0
138.0,600.0
258.0,601.0
967.0,601.0
109.0,601.0
716.0,601.0
248.0,601.0
132.0,601.0
491.0,601.0
129.0,601.0
640.0,601.0
561.0,601.0
892.0,601.0
798.0,601.0
946.0,602.0
671.0,602.0
763.0,602.0
225.0,602.0
972.0,602.0
506.0,602.0
627.0,602.0
46.0,602.0
199.0,602.0
426.0,602.0
787.0,602.0
45.0,602.0
1012.0,603.0
372.0,603.0
504.0,603.0
648.0,603.0
690.0,603.0
176.0,603.0
973.0,603.0
304.0,603.0
24.0,603.0
361.0,603.0
130.0,603.0
667.0,603.0
71.0,604.0
180.0,604.0
626.0,604.0
417.0,604.0
754.0,604.0
28.0,604.0
1002.0,604.0
306.0,604.0
397.0,604.0
365.0,604.0
802.0,604.0
606.0,604.0
712.0,605.0
629.0,605.0
374.0,605.0
380.0,605.0
449.0,605.0
542.0,605.0
79.0,605.0
813.0,605.0
844.0,605.0
389.0,605.0
123.0,605.0
687.0,605.0
626.0,606.0
727.0,606.0
850.0,606.0
306.0,606.0
451.0,606.0
380.0,606.0
314.0,606.0
604.0,606.0
595.0,606.0
92.0,606.0
630.0,606.0
903.0,606.0
269.0,607.0
427.0,607.0
546.0,607.0
565.0,607.0
969.0,607.0
648.0,607.0
659.0,607.0
194.0,607.0
283.0,607.0
196.0,607.0
959.0,607.0
47.0,607.0
835.0,608.0
470.0,608.0
662.0,608.0
553.0,608.0
78.0,608.0
846.0,608.0
1009.0,608.0
584.0,608.0
967.0,608.0
169.0,608.0
9.0,608.0
803.0,608.0
605.0,609.0
777.0,609.0
408.0,609.0
583.0,609.0
318.0,609.0
310.0,609.0
889.0,609.0
431.0,609.0
719.0,609.0
781.0,609.0
844.0,609.0
745.0,609.0
300.0,610.0
335.0,610.0
369.0,610.0
307.0,610.0
496.0,610.0
990.0,610.0
808.0,610.0
51.0,610.0
920.0,610.0
886.0,610.0
683.0,610.0
1018.0,610.0
646.0,611.0
586.0,611.0
450.0,611.0
733.0,611.0
511.0,611.0
855.0,611.0
584.0,611.0
442.0,611.0
781.0,611.0
828.0,611.0
665.0,611.0
609.0,611.0
642.0,612.0
820.0,612.0
283.0,612.0
166.0,612.0
552.0,612.0
949.0,612.0
440.0,612.0
705.0,612.0
47.0,612.0
206.0,612.0
749.0,612.0
788.0,612.0
748.0,613.0
381.0,613.0
174.0,613.0
288.0,613.0
708.0,613.0
828.0,613.0
987.0,613.0
219.0,613.0
207.0,613.0
108.0,613.0
775.0,613.0
64.0,613.0
617.0,614.0
298.0,614.0
641.0,614.0
958.0,614.0
586.0,614.0
888.0,614.0
604.0,614.0
89.0,614.0
867.0,614.0
176.0,614.0
514.0,614.0
61.0,614.0
502.0,615.0
42.0,615.0
287.0,615.0
68.0,615.0
388.0,615.0
436.0,615.0
596.0,615.0
326.0,615.0
24.0,615.0
953.0,615.0
897.0,615.0
121.0,615.0
802.0,616.0
510.0,616.0
146.0,616.0
878.0,616.0
821.0,616.0
297.0,616.0
606.0,616.0
490.0,616.0
365.0,616.0
388.0,616.0
520.0,616.0
21.0,616.0
68.0,617.0
348.0,617.0
374.0,617.0
403.0,617.0
459.0,617.0
892.0,617.0
626.0,617.0
644.0,617.0
120.0,617.0
390.0,617.0
841.0,617.0
716.0,617.0
427.0,618.0
948.0,618.0
615.0,618.0
421.0,618.0
156.0,618.0
922.0,618.0
624.0,618.0
450.0,618.0
994.0,618.0
713.0,618.0
348.0,618.0
412.0,618.0
943.0,619.0
480.0,619.0
444.0,619.0
820.0,619.0
465.0,619.0
580.0,619.0
973.0,619.0
148.0,619.0
1032.0,619.0
156.0,619.0
385.0,619.0
135.0,619.0
233.0,620.0
611.0,620.0
543.0,620.0
368.0,620.0
607.0,620.0
417.0,620.0
554.0,620.0
565.0,620.0
23.0,620.0
553.0,620.0
645.0,620.0
583.0,620.0
256.0,621.0
410.0,621.0
251.0,621.0
107.0,621.0
70.0,621.0
945.0,621.0
388.0,621.0
893.0,621.0
165.0,621.0
515.0,621.0
875.0,621.0
379.0,621.0
322.0,622.0
574.0,622.0
895.0,622.0
1025.0,622.0
407.0,622.0
697.0,622.0
835.0,622.0
549.0,622.0
600.0,622.0
517.0,622.0
42.0,622.0
292.0,622.0
729.0,623.0
557.0,623.0
443.0,623.0
415.0,623.0
622.0,623.0
502.0,623.0
324.0,623.0
1010.0,623.0
906.0,623.0
967.0,623.0
228.0,623.0
191.0,623.0
718.0,624.0
341.0,624.0
524.0,624.0
538.0,624.0
243.0,624.0
629.0,624.0
57.0,624.0
883.0,624.0
304.0,624.0
283.0,624.0
840.0,624.0
609.0,624.0
563.0,625.0
672.0,625.0
905.0,625.0
773.0,625.0
760.0,625.0
434.0,625.0
944.0,625.0
750.0,625.0
193.0,625.0
228.0,625.0
724.0,625.0
30.0,625.0
797.0,626.0
841.0,626.0
669.0,626.0
727.0,626.0
768.0,626.0
409.0,626.0
305.0,626.0
258.0,626.0
843.0,626.0
947.0,626.0
685.0,626.0
596.0,626.0
485.0,627.0
506.0,627.0
476.0,627.0
916.0,627.0
486.0,627.0
648.0,627.0
531.0,627.0
703.0,627.0
371.0,627.0
387.0,627.0
972.0,627.0
329.0,627.0
325.0,628.0
1002.0,628.0
230.0,628.0
601.0,628.0
231.0,628.0
10.0,628.0
132.0,628.0
458.0,628.0
595.0,628.0
841.0,628.0
681.0,628.0
576.0,628.0
481.0,629.0
56.0,629.0
691.0,629.0
865.0,629.0
934.0,629.0
694.0,629.0
23.0,629.0
462.0,629.0
538.0,629.0
231.0,629.0
187.0,629.0
859.0,629.0
125.0,630.0
888.0,630.0
59.0,630.0
119.0,630.0
576.0,630.0
214.0,630.0
978.0,630.0
304.0,630.0
101.0,630.0
440.0,630.0
180.0,630.0
520.0,630.0
977.0,631.0
636.0,631.0
777.0,631.0
748.0,631.0
327.0,631.0
275.0,631.0
175.0,631.0
942.0,631.0
482.0,631.0
555.0,631.0
511.0,631.0
98.0,631.0
467.0,632.0
930.0,632.0
484.0,632.0
809.0,632.0
150.0,632.0
326.0,632.0
17.0,632.0
469.0,632.0
1016.0,632.0
132.0,632.0
486.0,632.0
394.0,632.0
582.0,633.0
772.0,633.0
454.0,633.0
818.0,633.0
453.0,633.0
392.0,633.0
751.0,633.0
861.0,633.0
245.0,633.0
651.0,633.0
1024.0,633.0
502.0,633.0
673.0,634.0
895.0,634.0
816.0,634.0
393.0,634.0
256.0,634.0
2.0,634.0
346.0,634.0
33.0,634.0
938.0,634.0
344.0,634.0
96.0,634.0
682.0,634.0
295.0,635.0
671.0,635.0
124.0,635.0
744.0,635.0
489.0,635.0
502.0,635.0
168.0,635.0
46.0,635.0
521.0,635.0
551.0,635.0
227.0,635.0
392.0,635.0
36.0,636.0
247.0,636.0
812.0,636.0
367.0,636.0
323.0,636.0
668.0,636.0
286.0,636.0
507.0,636.0
361.0,636.0
666.0,636.0
642.0,636.0
594.0,636.0
877.0,637.0
907.0,637.0
286.0,637.0
1014.0,637.0
431.0,637.0
440.0,637.0
161.0,637.0
941.0,637.0
17.0,637.0
884.0,637.0
988.0,637.0
629.0,637.0
598.0,638.0
979.0,638.0
98.0,638.0
523.0,638.0
1030.0,638.0
609.0,638.0
925.0,638.0
156.0,638.0
566.0,638.0
772.0,638.0
359.0,638.0
353.0,638.0
62.0,639.0
429.0,639.0
293.0,639.0
367.0,639.0
95.0,639.0
41.0,639.0
882.0,639.0
784.0,639.0
1.0,639.0
145.0,639.0
110.0,639.0
521.0,639.0
430.0,640.0
977.0,640.0
368.0,640.0
608.0,640.0
1008.0,640.0
1012.0,640.0
392.0,640.0
844.0,640.0
718.0,640.0
652.0,640.0
709.0,640.0
687.0,640.0
460.0,641.0
599.0,641.0
985.0,641.0
850.0,641.0
425.0,641.0
869.0,641.0
306.0,641.0
117.0,641.0
562.0,641.0
210.0,641.0
524.0,641.0
757.0,641.0
172.0,642.0
553.0,642.0
138.0,642.0
667.0,642.0
599.0,642.0
914.0,642.0
696.0,642.0
283.0,642.0
258.0,642.0
47.0,642.0
620.0,642.0
479.0,642.0
808.0,643.0
61.0,643.0
84.0,643.0
559.0,643.0
840.0,643.0
51.0,643.0
472.0,643.0
377.0,643.0
538.0,643.0
909.0,643.0
803.0,643.0
343.0,643.0
762.0,644.0
139.0,644.0
659.0,644.0
662.0,644.0
197.0,644.0
626.0,644.0
147.0,644.0
336.0,644.0
596.0,644.0
26.0,644.0
606.0,644.0
321.0,644.0
932.0,645.0
89.0,645.0
815.0,645.0
919.0,645.0
372.0,645.0
665.0,645.0
827.0,645.0
103.0,645.0
724.0,645.0
847.0,645.0
875.0,645.0
236.0,645.0
361.0,646.0
336.0,646.0
942.0,646.0
966.0,646.0
940.0,646.0
953.0,646.0
54.0,646.0
563.0,646.0
267.0,646.0
797.0,646.0
537.0,646.0
746.0,646.0
889.0,647.0
766.0,647.0
233.0,647.0
811.0,647.0
823.0,647.0
368.0,647.0
418.0,647.0
705.0,647.0
740.0,647.0
255.0,647.0
913.0,647.0
301.0,647.0
290.0,648.0
1031.0,648.0
620.0,648.0
87.0,648.0
369.0,648.0
189.0,648.0
609.0,648.0
291.0,648.0
919.0,648.0
431.0,648.0
15.0,648.0
95.0,648.0
508.0,649.0
573.0,649.0
425.0,649.0
276.0,649.0
323.0,649.0
169.0,649.0
234.0,649.0
906.0,649.0
826.0,649.0
151.0,649.0
381.0,649.0
415.0,649.0
858.0,650.0
169.0,650.0
294.0,650.0
254.0,650.0
34.0,650.0
351.0,650.0
251.0,650.0
385.0,650.0
594.0,650.0
848.0,650.0
673.0,650.0
36.0,650.0
600.0,651.0
55.0,651.0
323.0,651.0
479.0,651.0
335.0,651.0
916.0,651.0
530.0,651.0
692.0,651.0
519.0,651.0
969.0,651.0
1028.0,651.0
50.0,651.0
522.0,652.0
163.0,652.0
380.0,652.0
944.0,652.0
941.0,652.0
531.0,652.0
404.0,652.0
298.0,652.0
304.0,652.0
603.0,652.0
159.0,652.0
78.0,652.0
422.0,653.0
505.0,653.0
915.0,653.0
698.0,653.0
503.0,653.0
471.0,653.0
312.0,653.0
704.0,653.0
568.0,653.0
565.0,653.0
743.0,653.0
789.0,653.0
1015.0,654.0
771.0,654.0
520.0,654.0
48.0,654.0
365.0,654.0
790.0,654.0
606.0,654.0
147.0,654.0
1006.0,654.0
878.0,654.0
338.0,654.0
841.0,654.0
706.0,655.0
241.0,655.0
597.0,655.0
112.0,655.0
812.0,655.0
44.0,655.0
722.0,655.0
42.0,655.0
308.0,655.0
418.0,655.0
710.0,655.0
969.0,655.0
645.0,656.0
998.0,656.0
830.0,656.0
638.0,656.0
90.0,656.0
343.0,656.0
156.0,656.0
723.0,656.0
127.0,656.0
659.0,656.0
711.0,656.0
464.0,656.0
686.0,657.0
984.0,657.0
442.0,657.0
105.0,657.0
44.0,657.0
220.0,657.0
135.0,657.0
596.0,657.0
171.0,657.0
570.0,657.0
718.0,657.0
787.0,657.0
638.0,658.0
301.0,658.0
30.0,658.0
291.0,658.0
902.0,658.0
464.0,658.0
530.0,658.0
881.0,658.0
0.0,658.0
169.0,658.0
976.0,658.0
431.0,658.0
75.0,659.0
691.0,659.0
860.0,659.0
216.0,659.0
261.0,659.0
848.0,659.0
60.0,659.0
130.0,659.0
667.0,659.0
563.0,659.0
777.0,659.0
533.0,659.0
1035.0,660.0
947.0,660.0
846.0,660.0
3.0,660.0
181.0,660.0
108.0,660.0
125.0,660.0
478.0,660.0
54.0,660.0
184.0,660.0
69.0,660.0
665.0,660.0
532.0,661.0
373.0,661.0
911.0,661.0
817.0,661.0
436.0,661.0
35.0,661.0
191.0,661.0
402.0,661.0
483.0,661.0
33.0,661.0
589.0,661.0
519.0,661.0
756.0,662.0
304.0,662.0
546.0,662.0
927.0,662.0
964.0,662.0
945.0,662.0
552.0,662.0
760.0,662.0
539.0,662.0
269.0,662.0
374.0,662.0
231.0,662.0
354.0,663.0
572.0,663.0
784.0,663.0
111.0,663.0
278.0,663.0
386.0,663.0
778.0,663.0
968.0,663.0
24.0,663.0
264.0,663.0
529.0,663.0
62.0,663.0
179.0,664.0
976.0,664.0
896.0,664.0
182.0,664.0
216.0,664.0
1012.0,664.0
304.0,664.0
384.0,664.0
102.0,664.0
170.0,664.0
970.0,664.0
139.0,664.0
1019.0,665.0
191.0,665.0
718.0,665.0
889.0,665.0
839.0,665.0
51.0,665.0
991.0,665.0
624.0,665.0
869.0,665.0
70.0,665.0
355.0,665.0
378.0,665.0
330.0,666.0
925.0,666.0
931.0,666.0
1001.0,666.0
929.0,666.0
961.0,666.0
96.0,666.0
714.0,666.0
178.0,666.0
875.0,666.0
25.0,666.0
844.0,666.0
844.0,667.0
481.0,667.0
47.0,667.0
575.0,667.0
215.0,667.0
533.0,667.0
155.0,667.0
494.0,667.0
961.0,667.0
491.0,667.0
78.0,667.0
684.0,667.0
846.0,668.0
977.0,668.0
791.0,668.0
374.0,668.0
232.0,668.0
599.0,668.0
954.0,668.0
78.0,668.0
1000.0,668.0
55.0,668.0
438.0,668.0
501.0,668.0
309.0,669.0
26.0,669.0
885.0,669.0
681.0,669.0
249.0,669.0
197.0,669.0
782.0,669.0
564.0,669.0
654.0,669.0
588.0,669.0
349.0,669.0
375.0,669.0
136.0,670.0
1029.0,670.0
226.0,670.0
523.0,670.0
667.0,670.0
787.0,670.0
829.0,670.0
369.0,670.0
629.0,670.0
997.0,670.0
443.0,670.0
528.0,670.0
14.0,671.0
703.0,671.0
639.0,671.0
124.0,671.0
242.0,671.0
492.0,671.0
864.0,671.0
423.0,671.0
312.0,671.0
162.0,671.0
233.0,671.0
696.0,671.0
902.0,672.0
749.0,672.0
87.0,672.0
691.0,672.0
748.0,672.0
820.0,672.0
764.0,672.0
516.0,672.0
493.0,672.0
948.0,672.0
575.0,672.0
150.0,672.0
661.0,673.0
816.0,673.0
436.0,673.0
243.0,673.0
464.0,673.0
825.0,673.0
246.0,673.0
806.0,673.0
410.0,673.0
288.0,673.0
279.0,673.0
761.0,673.0
666.0,674.0
792.0,674.0
96.0,674.0
33.0,674.0
696.0,674.0
191.0,674.0
752.0,674.0
875.0,674.0
421.0,674.0
323.0,674.0
1027.0,674.0
454.0,674.0
978.0,675.0
110.0,675.0
345.0,675.0
1023.0,675.0
423.0,675.0
167.0,675.0
237.0,675.0
567.0,675.0
999.0,675.0
97.0,675.0
796.0,675.0
458.0,675.0
716.0,676.0
926.0,676.0
725.0,676.0
382.0,676.0
388.0,676.0
68.0,676.0
644.0,676.0
993.0,676.0
375.0,676.0
331.0,676.0
540.0,676.0
800.0,676.0
993.0,677.0
211.0,677.0
932.0,677.0
801.0,677.0
133.0,677.0
432.0,677.0
99.0,677.0
694.0,677.0
85.0,677.0
1033.0,677.0
770.0,677.0
396.0,677.0
420.0,678.0
575.0,678.0
770.0,678.0
546.0,678.0
560.0,678.0
277.0,678.0
461.0,678.0
913.0,678.0
112.0,678.0
354.0,678.0
38.0,678.0
700.0,678.0
388.0,679.0
144.0,679.0
899.0,679.0
92.0,679.0
843.0,679.0
800.0,679.0
21.0,679.0
350.0,679.0
907.0,679.0
510.0,679.0
957.0,679.0
305.0,679.0
699.0,680.0
958.0,680.0
878.0,680.0
121.0,680.0
161.0,680.0
887.0,680.0
372.0,680.0
856.0,680.0
628.0,680.0
912.0,680.0
500.0,680.0
469.0,680.0
540.0,681.0
182.0,681.0
926.0,681.0
559.0,681.0
1031.0,681.0
311.0,681.0
244.0,681.0
23.0,681.0
856.0,681.0
412.0,681.0
474.0,681.0
308.0,681.0
205.0,682.0
7.0,682.0
747.0,682.0
847.0,682.0
416.0,682.0
554.0,682.0
51.0,682.0
483.0,682.0
94.0,682.0
168.0,682.0
952.0,682.0
889.0,682.0
910.0,683.0
804.0,683.0
545.0,683.0
288.0,683.0
172.0,683.0
226.0,683.0
179.0,683.0
795.0,683.0
719.0,683.0
933.0,683.0
261.0,683.0
697.0,683.0
556.0,684.0
667.0,684.0
559.0,684.0
66.0,684.0
228.0,684.0
440.0,684.0
756.0,684.0
56.0,684.0
597.0,684.0
835.0,684.0
436.0,684.0
926.0,684.0
947.0,685.0
896.0,685.0
518.0,685.0
405.0,685.0
325.0,685.0
1011.0,685.0
757.0,685.0
197.0,685.0
459.0,685.0
92.0,685.0
890.0,685.0
314.0,685.0
366.0,686.0
584.0,686.0
55.0,686.0
666.0,686.0
696.0,686.0
812.0,686.0
1030.0,686.0
482.0,686.0
599.0,686.0
307.0,686.0
732.0,686.0
367.0,686.0
853.0,687.0
538.0,687.0
12.0,687.0
224.0,687.0
845.0,687.0
488.0,687.0
283.0,687.0
191.0,687.0
592.0,687.0
574.0,687.0
629.0,687.0
504.0,687.0
23.0,688.0
391.0,688.0
275.0,688.0
118.0,688.0
44.0,688.0
1007.0,688.0
479.0,688.0
759.0,688.0
560.0,688.0
393.0,688.0
686.0,688.0
414.0,688.0
198.0,689.0
145.0,689.0
763.0,689.0
605.0,689.0
316.0,689.0
437.0,689.0
62.0,689.0
230.0,689.0
615.0,689.0
727.0,689.0
567.0,689.0
240.0,689.0
232.0,690.0
921.0,690.0
950.0,690.0
527.0,690.0
581.0,690.0
56.0,690.0
954.0,690.0
835.0,690.0
440.0,690.0
779.0,690.0
87.0,690.0
295.0,690.0
187.0,691.0
4.0,691.0
372.0,691.0
856.0,691.0
1027.0,691.0
44.0,691.0
612.0,691.0
699.0,691.0
499.0,691.0
884.0,691.0
749.0,691.0
524.0,691.0
318.0,692.0
921.0,692.0
977.0,692.0
15.0,692.0
884.0,692.0
791.0,692.0
845.0,692.0
170.0,692.0
1029.0,692.0
665.0,692.0
82.0,692.0
75.0,692.0
53.0,693.0
452.0,693.0
441.0,693.0
315.0,693.0
950.0,693.0
897.0,693.0
856.0,693.0
446.0,693.0
728.0,693.0
100.0,693.0
58.0,693.0
784.0,693.0
639.0,694.0
45.0,694.0
454.0,694.0
809.0,694.0
164.0,694.0
754.0,694.0
739.0,694.0
509.0,694.0
319.0,694.0
1010.0,694.0
426.0,694.0
918.0,694.0
820.0,695.0
30.0,695.0
698.0,695.0
153.0,695.0
292.0,695.0
1019.0,695.0
662.0,695.0
834.0,695.0
372.0,695.0
524.0,695.0
1014.0,695.0
679.0,695.0
146.0,696.0
50.0,696.0
332.0,696.0
753.0,696.0
498.0,696.0
1017.0,696.0
94.0,696.0
256.0,696.0
901.0,696.0
652.0,696.0
785.0,696.0
525.0,696.0
396.0,697.0
905.0,697.0
609.0,697.0
795.0,697.0
665.0,697.0
82.0,697.0
760.0,697.0
96.0,697.0
785.0,697.0
922.0,697.0
541.0,697.0
874.0,697.0
398.0,698.0
1025.0,698.0
554.0,698.0
308.0,698.0
187.0,698.0
787.0,698.0
25.0,698.0
227.0,698.0
334.0,698.0
284.0,698.0
916.0,698.0
954.0,698.0
147.0,699.0
296.0,699.0
156.0,699.0
839.0,699.0
735.0,699.0
586.0,699.0
113.0,699.0
71.0,699.0
397.0,699.0
877.0,699.0
239.0,699.0
715.0,699.0
732.0,700.0
233.0,700.0
547.0,700.0
549.0,700.0
965.0,700.0
331.0,700.0
850.0,700.0
1010.0,700.0
721.0,700.0
280.0,700.0
622.0,700.0
1016.0,700.0
243.0,701.0
554.0,701.0
845.0,701.0
721.0,701.0
442.0,701.0
806.0,701.0
168.0,701.0
32.0,701.0
748.0,701.0
783.0,701.0
1019.0,701.0
916.0,701.0
816.0,702.0
634.0,702.0
421.0,702.0
215.0,702.0
263.0,702.0
226.0,702.0
522.0,702.0
824.0,702.0
661.0,702.0
508.0,702.0
181.0,702.0
846.0,702.0
93.0,703.0
255.0,703.0
541.0,703.0
392.0,703.0
920.0,703.0
864.0,703.0
85.0,703.0
984.0,703.0
743.0,703.0
475.0,703.0
46.0,703.0
704.0,703.0
255.0,704.0
506.0,704.0
283.0,704.0
280.0,704.0
317.0,704.0
138.0,704.0
600.0,704.0
229.0,704.0
505.0,704.0
333.0,704.0
751.0,704.0
521.0,704.0
170.0,705.0
961.0,705.0
803.0,705.0
339.0,705.0
581.0,705.0
547.0,705.0
364.0,705.0
1004.0,705.0
69.0,705.0
352.0,705.0
907.0,705.0
94.0,705.0
374.0,706.0
912.0,706.0
936.0,706.0
512.0,706.0
283.0,706.0
781.0,706.0
609.0,706.0
586.0,706.0
30.0,706.0
296.0,706.0
203.0,706.0
531.0,706.0
258.0,707.0
91.0,707.0
317.0,707.0
479.0,707.0
948.0,707.0
318.0,707.0
602.0,707.0
1019.0,707.0
877.0,707.0
749.0,707.0
586.0,707.0
715.0,707.0
361.0,708.0
504.0,708.0
192.0,708.0
423.0,708.0
291.0,708.0
334.0,708.0
884.0,708.0
150.0,708.0
572.0,708.0
946.0,708.0
299.0,708.0
243.0,708.0
10.0,709.0
474.0,709.0
509.0,709.0
461.0,709.0
41.0,709.0
872.0,709.0
240.0,709.0
490.0,709.0
554.0,709.0
79.0,709.0
109.0,709.0
314.0,709.0
1035.0,710.0
395.0,710.0
359.0,710.0
432.0,710.0
938.0,710.0
1018.0,710.0
629.0,710.0
512.0,710.0
296.0,710.0
866.0,710.0
469.0,710.0
907.0,710.0
640.0,711.0
738.0,711.0
887.0,711.0
190.0,711.0
684.0,711.0
667.0,711.0
733.0,711.0
686.0,711.0
117.0,711.0
586.0,711.0
414.0,711.0
924.0,711.0
163.0,712.0
682.0,712.0
928.0,712.0
681.0,712.0
499.0,712.0
380.0,712.0
318.0,712.0
961.0,712.0
895.0,712.0
873.0,712.0
379.0,712.0
896.0,712.0
894.0,713.0
898.0,713.0
912.0,713.0
232.0,713.0
612.0,713.0
674.0,713.0
984.0,713.0
9.0,713.0
1012.0,713.0
141.0,713.0
807.0,713.0
703.0,713.0
416.0,714.0
764.0,714.0
227.0,714.0
997.0,714.0
555.0,714.0
44.0,714.0
633.0,714.0
772.0,714.0
60.0,714.0
223.0,714.0
73.0,714.0
275.0,714.0
586.0,715.0
850.0,715.0
125.0,715.0
813.0,715.0
664.0,715.0
924.0,715.0
769.0,715.0
959.0,715.0
956.0,715.0
987.0,715.0
218.0,715.0
311.0,715.0
1027.0,716.0
611.0,716.0
843.0,716.0
899.0,716.0
114.0,716.0
84.0,716.0
562.0,716.0
717.0,716.0
28.0,716.0
86.0,716.0
880.0,716.0
1034.0,716.0
869.0,717.0
630.0,717.0
576.0,717.0
937.0,717.0
150.0,717.0
907.0,717.0
979.0,717.0
147.0,717.0
867.0,717.0
648.0,717.0
964.0,717.0
942.0,717.0
46.0,718.0
1009.0,718.0
979.0,718.0
976.0,718.0
420.0,718.0
942.0,718.0
920.0,718.0
924.0,718.0
59.0,718.0
996.0,718.0
283.0,718.0
978.0,718.0
1035.0,719.0
276.0,719.0
912.0,719.0
47.0,719.0
454.0,719.0
438.0,719.0
760.0,719.0
856.0,719.0
504.0,719.0
608.0,719.0
959.0,719.0
895.0,719.0
173.0,720.0
774.0,720.0
106.0,720.0
571.0,720.0
669.0,720.0
258.0,720.0
726.0,720.0
468.0,720.0
282.0,720.0
679.0,720.0
716.0,720.0
611.0,720.0
665.0,721.0
378.0,721.0
172.0,721.0
868.0,721.0
875.0,721.0
978.0,721.0
307.0,721.0
690.0,721.0
4.0,721.0
138.0,721.0
900.0,721.0
332.0,721.0
418.0,722.0
509.0,722.0
225.0,722.0
167.0,722.0
485.0,722.0
110.0,722.0
593.0,722.0
1027.0,722.0
513.0,722.0
517.0,722.0
396.0,722.0
185.0,722.0
911.0,723.0
395.0,723.0
854.0,723.0
74.0,723.0
656.0,723.0
515.0,723.0
646.0,723.0
897.0,723.0
465.0,723.0
213.0,723.0
41.0,723.0
759.0,723.0
934.0,724.0
887.0,724.0
432.0,724.0
415.0,724.0
830.0,724.0
895.0,724.0
156.0,724.0
958.0,724.0
23.0,724.0
759.0,724.0
729.0,724.0
430.0,724.0
744.0,725.0
964.0,725.0
923.0,725.0
298.0,725.0
235.0,725.0
508.0,725.0
863.0,725.0
562.0,725.0
642.0,725.0
1002.0,725.0
349.0,725.0
565.0,725.0
987.0,726.0
626.0,726.0
1015.0,726.0
405.0,726.0
43.0,726.0
192.0,726.0
132.0,726.0
880.0,726.0
717.0,726.0
641.0,726.0
737.0,726.0
1034.0,726.0
680.0,727.0
405.0,727.0
6.0,727.0
699.0,727.0
459.0,727.0
681.0,727.0
855.0,727.0
1024.0,727.0
604.0,727.0
626.0,727.0
1011.0,727.0
813.0,727.0
705.0,728.0
386.0,728.0
878.0,728.0
360.0,728.0
904.0,728.0
803.0,728.0
640.0,728.0
12.0,728.0
1010.0,728.0
17.0,728.0
895.0,728.0
232.0,728.0
875.0,729.0
440.0,729.0
172.0,729.0
188.0,729.0
985.0,729.0
227.0,729.0
69.0,729.0
384.0,729.0
824.0,729.0
745.0,729.0
478.0,729.0
83.0,729.0
265.0,730.0
908.0,730.0
634.0,730.0
582.0,730.0
60.0,730.0
300.0,730.0
538.0,730.0
774.0,730.0
170.0,730.0
929.0,730.0
344.0,730.0
275.0,730.0
1004.0,731.0
533.0,731.0
592.0,731.0
155.0,731.0
115.0,731.0
334.0,731.0
665.0,731.0
919.0,731.0
181.0,731.0
172.0,731.0
860.0,731.0
318.0,731.0
127.0,732.0
803.0,732.0
504.0,732.0
690.0,732.0
553.0,732.0
283.0,732.0
483.0,732.0
210.0,732.0
718.0,732.0
360.0,732.0
172.0,732.0
625.0,732.0
861.0,733.0
866.0,733.0
887.0,733.0
925.0,733.0
250.0,733.0
745.0,733.0
378.0,733.0
746.0,733.0
997.0,733.0
430.0,733.0
22.0,733.0
82.0,733.0
643.0,734.0
1013.0,734.0
155.0,734.0
149.0,734.0
300.0,734.0
779.0,734.0
544.0,734.0
356.0,734.0
131.0,734.0
59.0,734.0
211.0,734.0
651.0,734.0
773.0,735.0
388.0,735.0
576.0,735.0
469.0,735.0
211.0,735.0
628.0,735.0
308.0,735.0
964.0,735.0
497.0,735.0
217.0,735.0
567.0,735.0
680.0,735.0
87.0,736.0
431.0,736.0
932.0,736.0
890.0,736.0
696.0,736.0
242.0,736.0
901.0,736.0
700.0,736.0
994.0,736.0
565.0,736.0
367.0,736.0
78.0,736.0
895.0,737.0
287.0,737.0
362.0,737.0
224.0,737.0
336.0,737.0
23.0,737.0
942.0,737.0
258.0,737.0
866.0,737.0
425.0,737.0
971.0,737.0
979.0,737.0
357.0,738.0
51.0,738.0
110.0,738.0
913.0,738.0
125.0,738.0
916.0,738.0
30.0,738.0
335.0,738.0
553.0,738.0
959.0,738.0
777.0,738.0
577.0,738.0
903.0,739.0
933.0,739.0
648.0,739.0
426.0,739.0
594.0,739.0
112.0,739.0
216.0,739.0
407.0,739.0
424.0,739.0
235.0,739.0
51.0,739.0
150.0,739.0
597.0,740.0
542.0,740.0
575.0,740.0
288.0,740.0
30.0,740.0
565.0,740.0
733.0,740.0
706.0,740.0
149.0,740.0
208.0,740.0
705.0,740.0
778.0,740.0
673.0,741.0
502.0,741.0
519.0,741.0
271.0,741.0
638.0,741.0
536.0,741.0
618.0,741.0
997.0,741.0
23.0,741.0
661.0,741.0
702.0,741.0
780.0,741.0
705.0,742.0
830.0,742.0
339.0,742.0
622.0,742.0
244.0,742.0
542.0,742.0
707.0,742.0
133.0,742.0
698.0,742.0
522.0,742.0
865.0,742.0
87.0,742.0
568.0,743.0
356.0,743.0
950.0,743.0
111.0,743.0
682.0,743.0
671.0,743.0
692.0,743.0
877.0,743.0
74.0,743.0
159.0,743.0
191.0,743.0
231.0,743.0
973.0,744.0
609.0,744.0
706.0,744.0
974.0,744.0
917.0,744.0
1020.0,744.0
642.0,744.0
659.0,744.0
367.0,744.0
625.0,744.0
612.0,744.0
754.0,744.0
936.0,745.0
83.0,745.0
421.0,745.0
857.0,745.0
22.0,745.0
526.0,745.0
1022.0,745.0
179.0,745.0
6.0,745.0
656.0,745.0
267.0,745.0
1034.0,745.0
828.0,746.0
753.0,746.0
837.0,746.0
609.0,746.0
473.0,746.0
106.0,746.0
379.0,746.0
74.0,746.0
343.0,746.0
935.0,746.0
193.0,746.0
1035.0,746.0
705.0,747.0
549.0,747.0
269.0,747.0
825.0,747.0
755.0,747.0
82.0,747.0
570.0,747.0
442.0,747.0
635.0,747.0
997.0,747.0
214.0,747.0
541.0,747.0
67.0,748.0
584.0,748.0
327.0,748.0
341.0,748.0
395.0,748.0
994.0,748.0
824.0,748.0
397.0,748.0
926.0,748.0
304.0,748.0
112.0,748.0
755.0,748.0
549.0,749.0
944.0,749.0
279.0,749.0
298.0,749.0
932.0,749.0
257.0,749.0
439.0,749.0
329.0,749.0
473.0,749.0
926.0,749.0
170.0,749.0
813.0,749.0
936.0,750.0
957.0,750.0
443.0,750.0
465.0,750.0
819.0,750.0
343.0,750.0
911.0,750.0
794.0,750.0
378.0,750.0
143.0,750.0
800.0,750.0
373.0,750.0
141.0,751.0
653.0,751.0
742.0,751.0
223.0,751.0
49.0,751.0
331.0,751.0
730.0,751.0
271.0,751.0
391.0,751.0
289.0,751.0
20.0,751.0
643.0,751.0
285.0,752.0
753.0,752.0
962.0,752.0
491.0,752.0
824.0,752.0
353.0,752.0
234.0,752.0
363.0,752.0
466.0,752.0
625.0,752.0
981.0,752.0
383.0,752.0
648.0,753.0
479.0,753.0
217.0,753.0
883.0,753.0
594.0,753.0
292.0,753.0
489.0,753.0
994.0,753.0
764.0,753.0
637.0,753.0
574.0,753.0
747.0,753.0
839.0,754.0
504.0,754.0
769.0,754.0
705.0,754.0
795.0,754.0
276.0,754.0
1006.0,754.0
890.0,754.0
1020.0,754.0
640.0,754.0
61.0,754.0
331.0,754.0
66.0,755.0
175.0,755.0
196.0,755.0
421.0,755.0
852.0,755.0
154.0,755.0
1035.0,755.0
208.0,755.0
884.0,755.0
827.0,755.0
913.0,755.0
307.0,755.0
221.0,756.0
133.0,756.0
473.0,756.0
96.0,756.0
554.0,756.0
586.0,756.0
233.0,756.0
877.0,756.0
15.0,756.0
438.0,756.0
837.0,756.0
105.0,756.0
106.0,757.0
425.0,757.0
311.0,757.0
974.0,757.0
591.0,757.0
613.0,757.0
409.0,757.0
1022.0,757.0
156.0,757.0
526.0,757.0
6.0,757.0
537.0,757.0
464.0,758.0
236.0,758.0
651.0,758.0
76.0,758.0
231.0,758.0
650.0,758.0
308.0,758.0
1017.0,758.0
335.0,758.0
496.0,758.0
849.0,758.0
366.0,758.0
220.0,759.0
749.0,759.0
884.0,759.0
913.0,759.0
658.0,759.0
973.0,759.0
733.0,759.0
894.0,759.0
464.0,759.0
313.0,759.0
361.0,759.0
631.0,759.0
815.0,760.0
193.0,760.0
463.0,760.0
530.0,760.0
372.0,760.0
568.0,760.0
705.0,760.0
660.0,760.0
934.0,760.0
113.0,760.0
286.0,760.0
652.0,760.0
480.0,761.0
650.0,761.0
405.0,761.0
997.0,761.0
272.0,761.0
833.0,761.0
447.0,761.0
344.0,761.0
303.0,761.0
346.0,761.0
160.0,761.0
393.0,761.0
847.0,762.0
595.0,762.0
980.0,762.0
437.0,762.0
413.0,762.0
54.0,762.0
680.0,762.0
240.0,762.0
735.0,762.0
92.0,762.0
484.0,762.0
129.0,762.0
467.0,763.0
352.0,763.0
461.0,763.0
449.0,763.0
630.0,763.0
639.0,763.0
784.0,763.0
1026.0,763.0
628.0,763.0
930.0,763.0
717.0,763.0
237.0,763.0
292.0,764.0
323.0,764.0
428.0,764.0
922.0,764.0
286.0,764.0
496.0,764.0
326.0,764.0
501.0,764.0
66.0,764.0
667.0,764.0
592.0,764.0
273.0,764.0
214.0,765.0
599.0,765.0
198.0,765.0
967.0,765.0
608.0,765.0
158.0,765.0
829.0,765.0
497.0,765.0
597.0,765.0
242.0,765.0
852.0,765.0
634.0,765.0
882.0,766.0
549.0,766.0
503.0,766.0
199.0,766.0
887.0,766.0
927.0,766.0
162.0,766.0
274.0,766.0
1033.0,766.0
506.0,766.0
100.0,766.0
663.0,766.0
844.0,767.0
531.0,767.0
38.0,767.0
509.0,767.0
189.0,767.0
352.0,767.0
815.0,767.0
211.0,767.0
191.0,767.0
155.0,767.0
374.0,767.0
793.0,767.0
630.0,768.0
641.0,768.0
348.0,768.0
617.0,768.0
375.0,768.0
814.0,768.0
390.0,768.0
469.0,768.0
850.0,768.0
1015.0,768.0
190.0,768.0
197.0,768.0
113.0,769.0
713.0,769.0
117.0,769.0
790.0,769.0
847.0,769.0
534.0,769.0
147.0,769.0
809.0,769.0
395.0,769.0
556.0,769.0
628.0,769.0
397.0,769.0
946.0,770.0
387.0,770.0
1007.0,770.0
486.0,770.0
30.0,770.0
944.0,770.0
411.0,770.0
1008.0,770.0
568.0,770.0
945.0,770.0
862.0,770.0
140.0,770.0
131.0,771.0
147.0,771.0
270.0,771.0
918.0,771.0
197.0,771.0
459.0,771.0
1034.0,771.0
538.0,771.0
326.0,771.0
601.0,771.0
262.0,771.0
520.0,771.0
191.0,772.0
895.0,772.0
817.0,772.0
346.0,772.0
848.0,772.0
149.0,772.0
718.0,772.0
82.0,772.0
47.0,772.0
965.0,772.0
434.0,772.0
284.0,772.0
553.0,773.0
533.0,773.0
335.0,773.0
820.0,773.0
283.0,773.0
235.0,773.0
719.0,773.0
243.0,773.0
267.0,773.0
684.0,773.0
473.0,773.0
890.0,773.0
805.0,774.0
313.0,774.0
835.0,774.0
545.0,774.0
642.0,774.0
878.0,774.0
564.0,774.0
681.0,774.0
926.0,774.0
163.0,774.0
179.0,774.0
68.0,774.0
80.0,775.0
373.0,775.0
412.0,775.0
962.0,775.0
799.0,775.0
226.0,775.0
470.0,775.0
381.0,775.0
401.0,775.0
279.0,775.0
788.0,775.0
890.0,775.0
305.0,776.0
362.0,776.0
336.0,776.0
585.0,776.0
412.0,776.0
880.0,776.0
83.0,776.0
380.0,776.0
358.0,776.0
197.0,776.0
973.0,776.0
885.0,776.0
1029.0,777.0
571.0,777.0
407.0,777.0
6.0,777.0
795.0,777.0
151.0,777.0
665.0,777.0
687.0,777.0
711.0,777.0
115.0,777.0
66.0,777.0
1031.0,777.0
182.0,778.0
993.0,778.0
903.0,778.0
767.0,778.0
386.0,778.0
587.0,778.0
964.0,778.0
161.0,778.0
836.0,778.0
156.0,778.0
728.0,778.0
216.0,778.0
463.0,779.0
492.0,779.0
692.0,779.0
659.0,779.0
527.0,779.0
984.0,779.0
857.0,779.0
476.0,779.0
171.0,779.0
454.0,779.0
978.0,779.0
581.0,779.0
781.0,780.0
621.0,780.0
817.0,780.0
682.0,780.0
272.0,780.0
78.0,780.0
810.0,780.0
761.0,780.0
618.0,780.0
849.0,780.0
833.0,780.0
271.0,780.0
27.0,781.0
449.0,781.0
318.0,781.0
854.0,781.0
187.0,781.0
706.0,781.0
991.0,781.0
581.0,781.0
667.0,781.0
384.0,781.0
210.0,781.0
73.0,781.0
122.0,782.0
86.0,782.0
559.0,782.0
358.0,782.0
321.0,782.0
239.0,782.0
885.0,782.0
218.0,782.0
523.0,782.0
746.0,782.0
69.0,782.0
287.0,782.0
14.0,783.0
194.0,783.0
530.0,783.0
333.0,783.0
920.0,783.0
873.0,783.0
18.0,783.0
820.0,783.0
734.0,783.0
422.0,783.0
1017.0,783.0
736.0,783.0
347.0,784.0
871.0,784.0
345.0,784.0
97.0,784.0
689.0,784.0
993.0,784.0
593.0,784.0
972.0,784.0
968.0,784.0
140.0,784.0
917.0,784.0
88.0,784.0
493.0,785.0
301.0,785.0
472.0,785.0
139.0,785.0
578.0,785.0
696.0,785.0
27.0,785.0
196.0,785.0
778.0,785.0
736.0,785.0
138.0,785.0
96.0,785.0
513.0,786.0
258.0,786.0
477.0,786.0
125.0,786.0
180.0,786.0
562.0,786.0
156.0,786.0
726.0,786.0
530.0,786.0
144.0,786.0
405.0,786.0
365.0,786.0
902.0,787.0
622.0,787.0
655.0,787.0
20.0,787.0
977.0,787.0
1003.0,787.0
650.0,787.0
1017.0,787.0
170.0,787.0
442.0,787.0
503.0,787.0
291.0,787.0
479.0,788.0
566.0,788.0
737.0,788.0
670.0,788.0
558.0,788.0
686.0,788.0
218.0,788.0
580.0,788.0
665.0,788.0
986.0,788.0
573.0,788.0
943.0,788.0
818.0,789.0
12.0,789.0
111.0,789.0
713.0,789.0
909.0,789.0
969.0,789.0
366.0,789.0
337.0,789.0
642.0,789.0
551.0,789.0
705.0,789.0
1028.0,789.0
318.0,790.0
925.0,790.0
204.0,790.0
226.0,790.0
25.0,790.0
41.0,790.0
415.0,790.0
708.0,790.0
828.0,790.0
380.0,790.0
538.0,790.0
728.0,790.0
890.0,791.0
286.0,791.0
42.0,791.0
821.0,791.0
424.0,791.0
100.0,791.0
756.0,791.0
5.0,791.0
805.0,791.0
446.0,791.0
584.0,791.0
907.0,791.0
472.0,792.0
891.0,792.0
922.0,792.0
671.0,792.0
141.0,792.0
525.0,792.0
103.0,792.0
34.0,792.0
977.0,792.0
0.0,792.0
219.0,792.0
364.0,792.0
208.0,793.0
871.0,793.0
264.0,793.0
707.0,793.0
25.0,793.0
552.0,793.0
547.0,793.0
5.0,793.0
821.0,793.0
246.0,793.0
991.0,793.0
158.0,793.0
990.0,794.0
683.0,794.0
343.0,794.0
444.0,794.0
997.0,794.0
35.0,794.0
279.0,794.0
781.0,794.0
928.0,794.0
215.0,794.0
913.0,794.0
598.0,794.0
210.0,795.0
749.0,795.0
624.0,795.0
1014.0,795.0
344.0,795.0
51.0,795.0
573.0,795.0
1019.0,795.0
163.0,795.0
395.0,795.0
866.0,795.0
667.0,795.0
5.0,796.0
89.0,796.0
200.0,796.0
360.0,796.0
999.0,796.0
237.0,796.0
678.0,796.0
458.0,796.0
685.0,796.0
10.0,796.0
284.0,796.0
517.0,796.0
362.0,797.0
136.0,797.0
294.0,797.0
86.0,797.0
847.0,797.0
21.0,797.0
360.0,797.0
305.0,797.0
285.0,797.0
986.0,797.0
254.0,797.0
1005.0,797.0
615.0,798.0
512.0,798.0
1026.0,798.0
924.0,798.0
628.0,798.0
537.0,798.0
709.0,798.0
955.0,798.0
328.0,798.0
341.0,798.0
852.0,798.0
934.0,798.0
737.0,799.0
220.0,799.0
478.0,799.0
4.0,799.0
281.0,799.0
23.0,799.0
847.0,799.0
947.0,799.0
462.0,799.0
948.0,799.0
127.0,799.0
741.0,799.0
615.0,800.0
1015.0,800.0
855.0,800.0
899.0,800.0
21.0,800.0
976.0,800.0
303.0,800.0
379.0,800.0
182.0,800.0
382.0,800.0
1022.0,800.0
890.0,800.0
982.0,801.0
347.0,801.0
1010.0,801.0
404.0,801.0
396.0,801.0
793.0,801.0
252.0,801.0
57.0,801.0
653.0,801.0
164.0,801.0
367.0,801.0
815.0,801.0
934.0,802.0
394.0,802.0
253.0,802.0
27.0,802.0
615.0,802.0
101.0,802.0
48.0,802.0
468.0,802.0
658.0,802.0
330.0,802.0
999.0,802.0
1002.0,802.0
759.0,803.0
1035.0,803.0
322.0,803.0
513.0,803.0
944.0,803.0
538.0,803.0
970.0,803.0
737.0,803.0
575.0,803.0
491.0,803.0
903.0,803.0
834.0,803.0
269.0,804.0
24.0,804.0
477.0,804.0
508.0,804.0
23.0,804.0
267.0,804.0
362.0,804.0
127.0,804.0
510.0,804.0
684.0,804.0
470.0,804.0
976.0,804.0
945.0,805.0
971.0,805.0
546.0,805.0
967.0,805.0
754.0,805.0
248.0,805.0
684.0,805.0
844.0,805.0
1007.0,805.0
867.0,805.0
336.0,805.0
427.0,805.0
12.0,806.0
602.0,806.0
440.0,806.0
503.0,806.0
812.0,806.0
275.0,806.0
789.0,806.0
118.0,806.0
710.0,806.0
544.0,806.0
457.0,806.0
780.0,806.0
34.0,807.0
901.0,807.0
69.0,807.0
873.0,807.0
1028.0,807.0
933.0,807.0
559.0,807.0
697.0,807.0
633.0,807.0
674.0,807.0
547.0,807.0
337.0,807.0
846.0,808.0
454.0,808.0
946.0,808.0
331.0,808.0
482.0,808.0
891.0,808.0
967.0,808.0
231.0,808.0
275.0,808.0
734.0,808.0
920.0,808.0
984.0,808.0
865.0,809.0
961.0,809.0
341.0,809.0
987.0,809.0
509.0,809.0
0.0,809.0
187.0,809.0
805.0,809.0
796.0,809.0
629.0,809.0
208.0,809.0
787.0,809.0
649.0,810.0
420.0,810.0
702.0,810.0
346.0,810.0
363.0,810.0
355.0,810.0
711.0,810.0
941.0,810.0
965.0,810.0
465.0,810.0
947.0,810.0
741.0,810.0
198.0,811.0
581.0,811.0
8.0,811.0
100.0,811.0
426.0,811.0
140.0,811.0
1.0,811.0
698.0,811.0
474.0,811.0
315.0,811.0
162.0,811.0
481.0,811.0
977.0,812.0
758.0,812.0
905.0,812.0
231.0,812.0
18.0,812.0
337.0,812.0
381.0,812.0
322.0,812.0
718.0,812.0
787.0,812.0
861.0,812.0
33.0,812.0
827.0,813.0
996.0,813.0
475.0,813.0
1000.0,813.0
847.0,813.0
484.0,813.0
91.0,813.0
892.0,813.0
499.0,813.0
697.0,813.0
605.0,813.0
592.0,813.0
448.0,814.0
3.0,814.0
388.0,814.0
4.0,814.0
493.0,814.0
192.0,814.0
375.0,814.0
1015.0,814.0
724.0,814.0
596.0,814.0
564.0,814.0
320.0,814.0
198.0,815.0
867.0,815.0
913.0,815.0
172.0,815.0
835.0,815.0
220.0,815.0
24.0,815.0
821.0,815.0
687.0,815.0
191.0,815.0
890.0,815.0
161.0,815.0
960.0,816.0
751.0,816.0
39.0,816.0
300.0,816.0
661.0,816.0
687.0,816.0
519.0,816.0
780.0,816.0
548.0,816.0
7.0,816.0
76.0,816.0
35.0,816.0
633.0,817.0
875.0,817.0
711.0,817.0
295.0,817.0
519.0,817.0
729.0,817.0
983.0,817.0
402.0,817.0
592.0,817.0
541.0,817.0
183.0,817.0
250.0,817.0
322.0,818.0
38.0,818.0
112.0,818.0
623.0,818.0
220.0,818.0
807.0,818.0
549.0,818.0
283.0,818.0
710.0,818.0
873.0,818.0
698.0,818.0
471.0,818.0
526.0,819.0
455.0,819.0
613.0,819.0
992.0,819.0
646.0,819.0
160.0,819.0
854.0,819.0
181.0,819.0
372.0,819.0
752.0,819.0
1000.0,819.0
998.0,819.0
157.0,820.0
473.0,820.0
583.0,820.0
744.0,820.0
541.0,820.0
80.0,820.0
513.0,820.0
953.0,820.0
512.0,820.0
0.0,820.0
777.0,820.0
1019.0,820.0
326.0,821.0
321.0,821.0
884.0,821.0
1012.0,821.0
162.0,821.0
26.0,821.0
889.0,821.0
791.0,821.0
198.0,821.0
417.0,821.0
880.0,821.0
349.0,821.0
693.0,822.0
315.0,822.0
1021.0,822.0
400.0,822.0
766.0,822.0
587.0,822.0
115.0,822.0
823.0,822.0
426.0,822.0
386.0,822.0
8.0,822.0
784.0,822.0
371.0,823.0
88.0,823.0
678.0,823.0
216.0,823.0
261.0,823.0
822.0,823.0
811.0,823.0
498.0,823.0
927.0,823.0
1033.0,823.0
972.0,823.0
162.0,823.0
361.0,824.0
96.0,824.0
590.0,824.0
308.0,824.0
794.0,824.0
84.0,824.0
146.0,824.0
288.0,824.0
175.0,824.0
952.0,824.0
935.0,824.0
621.0,824.0
893.0,825.0
758.0,825.0
908.0,825.0
126.0,825.0
480.0,825.0
269.0,825.0
464.0,825.0
222.0,825.0
353.0,825.0
981.0,825.0
849.0,825.0
393.0,825.0
263.0,826.0
745.0,826.0
370.0,826.0
875.0,826.0
384.0,826.0
108.0,826.0
488.0,826.0
421.0,826.0
857.0,826.0
407.0,826.0
880.0,826.0
515.0,826.0
16.0,827.0
148.0,827.0
507.0,827.0
748.0,827.0
254.0,827.0
258.0,827.0
182.0,827.0
181.0,827.0
937.0,827.0
412.0,827.0
723.0,827.0
938.0,827.0
573.0,828.0
466.0,828.0
54.0,828.0
187.0,828.0
620.0,828.0
19.0,828.0
464.0,828.0
615.0,828.0
29.0,828.0
583.0,828.0
867.0,828.0
748.0,828.0
925.0,829.0
371.0,829.0
503.0,829.0
852.0,829.0
622.0,829.0
227.0,829.0
795.0,829.0
449.0,829.0
927.0,829.0
742.0,829.0
396.0,829.0
339.0,829.0
642.0,830.0
861.0,830.0
866.0,830.0
73.0,830.0
881.0,830.0
203.0,830.0
907.0,830.0
912.0,830.0
531.0,830.0
327.0,830.0
497.0,830.0
948.0,830.0
613.0,831.0
169.0,831.0
151.0,831.0
236.0,831.0
113.0,831.0
585.0,831.0
929.0,831.0
953.0,831.0
263.0,831.0
819.0,831.0
869.0,831.0
580.0,831.0
154.0,832.0
539.0,832.0
605.0,832.0
913.0,832.0
150.0,832.0
718.0,832.0
217.0,832.0
145.0,832.0
853.0,832.0
790.0,832.0
159.0,832.0
193.0,832.0
443.0,833.0
119.0,833.0
985.0,833.0
810.0,833.0
943.0,833.0
136.0,833.0
483.0,833.0
178.0,833.0
673.0,833.0
619.0,833.0
963.0,833.0
848.0,833.0
1015.0,834.0
418.0,834.0
1008.0,834.0
865.0,834.0
196.0,834.0
364.0,834.0
298.0,834.0
738.0,834.0
332.0,834.0
167.0,834.0
25.0,834.0
94.0,834.0
875.0,835.0
135.0,835.0
583.0,835.0
739.0,835.0
87.0,835.0
575.0,835.0
996.0,835.0
94.0,835.0
449.0,835.0
592.0,835.0
479.0,835.0
549.0,835.0
286.0,836.0
429.0,836.0
5.0,836.0
512.0,836.0
527.0,836.0
524.0,836.0
479.0,836.0
592.0,836.0
65.0,836.0
927.0,836.0
572.0,836.0
907.0,836.0
659.0,837.0
662.0,837.0
330.0,837.0
512.0,837.0
777.0,837.0
862.0,837.0
292.0,837.0
127.0,837.0
880.0,837.0
665.0,837.0
115.0,837.0
456.0,837.0
542.0,838.0
944.0,838.0
784.0,838.0
472.0,838.0
740.0,838.0
216.0,838.0
334.0,838.0
908.0,838.0
741.0,838.0
565.0,838.0
12.0,838.0
91.0,838.0
956.0,839.0
24.0,839.0
608.0,839.0
550.0,839.0
837.0,839.0
412.0,839.0
1006.0,839.0
119.0,839.0
652.0,839.0
721.0,839.0
583.0,839.0
128.0,839.0
698.0,840.0
643.0,840.0
624.0,840.0
678.0,840.0
36.0,840.0
578.0,840.0
378.0,840.0
714.0,840.0
217.0,840.0
658.0,840.0
323.0,840.0
245.0,840.0
884.0,841.0
220.0,841.0
966.0,841.0
394.0,841.0
400.0,841.0
604.0,841.0
92.0,841.0
48.0,841.0
735.0,841.0
632.0,841.0
606.0,841.0
26.0,841.0
961.0,842.0
89.0,842.0
128.0,842.0
246.0,842.0
415.0,842.0
198.0,842.0
804.0,842.0
179.0,842.0
427.0,842.0
405.0,842.0
149.0,842.0
301.0,842.0
526.0,843.0
724.0,843.0
106.0,843.0
234.0,843.0
448.0,843.0
148.0,843.0
750.0,843.0
995.0,843.0
720.0,843.0
591.0,843.0
281.0,843.0
613.0,843.0
933.0,844.0
182.0,844.0
583.0,844.0
157.0,844.0
655.0,844.0
538.0,844.0
196.0,844.0
19.0,844.0
1017.0,844.0
586.0,844.0
989.0,844.0
711.0,844.0
50.0,845.0
157.0,845.0
928.0,845.0
61.0,845.0
902.0,845.0
299.0,845.0
1023.0,845.0
203.0,845.0
946.0,845.0
887.0,845.0
749.0,845.0
279.0,845.0
119.0,846.0
512.0,846.0
877.0,846.0
9.0,846.0
47.0,846.0
276.0,846.0
530.0,846.0
938.0,846.0
279.0,846.0
970.0,846.0
581.0,846.0
66.0,846.0
583.0,847.0
949.0,847.0
895.0,847.0
80.0,847.0
107.0,847.0
19.0,847.0
921.0,847.0
745.0,847.0
707.0,847.0
890.0,847.0
372.0,847.0
869.0,847.0
172.0,848.0
772.0,848.0
357.0,848.0
881.0,848.0
480.0,848.0
817.0,848.0
191.0,848.0
410.0,848.0
344.0,848.0
443.0,848.0
74.0,848.0
861.0,848.0
1001.0,849.0
275.0,849.0
340.0,849.0
327.0,849.0
714.0,849.0
291.0,849.0
37.0,849.0
393.0,849.0
194.0,849.0
81.0,849.0
135.0,849.0
435.0,849.0
336.0,850.0
615.0,850.0
680.0,850.0
413.0,850.0
911.0,850.0
708.0,850.0
417.0,850.0
762.0,850.0
934.0,850.0
855.0,850.0
109.0,850.0
595.0,850.0
898.0,851.0
14.0,851.0
864.0,851.0
277.0,851.0
46.0,851.0
324.0,851.0
897.0,851.0
891.0,851.0
301.0,851.0
229.0,851.0
531.0,851.0
577.0,851.0
462.0,852.0
87.0,852.0
516.0,852.0
155.0,852.0
211.0,852.0
1025.0,852.0
441.0,852.0
264.0,852.0
540.0,852.0
166.0,852.0
231.0,852.0
946.0,852.0
608.0,853.0
866.0,853.0
667.0,853.0
571.0,853.0
874.0,853.0
20.0,853.0
746.0,853.0
208.0,853.0
196.0,853.0
948.0,853.0
455.0,853.0
163.0,853.0
464.0,854.0
528.0,854.0
148.0,854.0
975.0,854.0
656.0,854.0
687.0,854.0
986.0,854.0
660.0,854.0
684.0,854.0
285.0,854.0
313.0,854.0
242.0,854.0
137.0,855.0
159.0,855.0
456.0,855.0
628.0,855.0
328.0,855.0
93.0,855.0
179.0,855.0
895.0,855.0
349.0,855.0
217.0,855.0
939.0,855.0
685.0,855.0
933.0,856.0
718.0,856.0
706.0,856.0
869.0,856.0
498.0,856.0
974.0,856.0
958.0,856.0
216.0,856.0
475.0,856.0
372.0,856.0
777.0,856.0
210.0,856.0
405.0,857.0
1034.0,857.0
585.0,857.0
142.0,857.0
884.0,857.0
868.0,857.0
161.0,857.0
234.0,857.0
16.0,857.0
550.0,857.0
534.0,857.0
708.0,857.0
447.0,858.0
815.0,858.0
532.0,858.0
952.0,858.0
759.0,858.0
272.0,858.0
590.0,858.0
951.0,858.0
56.0,858.0
346.0,858.0
536.0,858.0
560.0,858.0
224.0,859.0
499.0,859.0
278.0,859.0
441.0,859.0
784.0,859.0
639.0,859.0
693.0,859.0
208.0,859.0
556.0,859.0
622.0,859.0
88.0,859.0
386.0,859.0
66.0,860.0
286.0,860.0
512.0,860.0
853.0,860.0
403.0,860.0
955.0,860.0
228.0,860.0
507.0,860.0
380.0,860.0
1035.0,860.0
718.0,860.0
359.0,860.0
610.0,861.0
919.0,861.0
692.0,861.0
516.0,861.0
699.0,861.0
954.0,861.0
887.0,861.0
537.0,861.0
261.0,861.0
70.0,861.0
73.0,861.0
730.0,861.0
514.0,862.0
723.0,862.0
874.0,862.0
159.0,862.0
637.0,862.0
6.0,862.0
232.0,862.0
309.0,862.0
844.0,862.0
357.0,862.0
834.0,862.0
994.0,862.0
571.0,863.0
659.0,863.0
942.0,863.0
91.0,863.0
438.0,863.0
652.0,863.0
287.0,863.0
923.0,863.0
308.0,863.0
557.0,863.0
896.0,863.0
342.0,863.0
671.0,864.0
840.0,864.0
479.0,864.0
984.0,864.0
1010.0,864.0
371.0,864.0
376.0,864.0
677.0,864.0
829.0,864.0
505.0,864.0
922.0,864.0
639.0,864.0
301.0,865.0
846.0,865.0
655.0,865.0
809.0,865.0
104.0,865.0
25.0,865.0
112.0,865.0
927.0,865.0
815.0,865.0
497.0,865.0
620.0,865.0
225.0,865.0
996.0,866.0
574.0,866.0
659.0,866.0
863.0,866.0
583.0,866.0
532.0,866.0
56.0,866.0
894.0,866.0
374.0,866.0
739.0,866.0
1007.0,866.0
1014.0,866.0
860.0,867.0
125.0,867.0
987.0,867.0
924.0,867.0
782.0,867.0
553.0,867.0
27.0,867.0
856.0,867.0
954.0,867.0
926.0,867.0
708.0,867.0
343.0,867.0
4.0,868.0
518.0,868.0
839.0,868.0
30.0,868.0
539.0,868.0
204.0,868.0
91.0,868.0
664.0,868.0
742.0,868.0
408.0,868.0
988.0,868.0
306.0,868.0
113.0,869.0
678.0,869.0
388.0,869.0
839.0,869.0
380.0,869.0
887.0,869.0
218.0,869.0
723.0,869.0
821.0,869.0
212.0,869.0
1023.0,869.0
668.0,869.0
509.0,870.0
449.0,870.0
62.0,870.0
918.0,870.0
42.0,870.0
956.0,870.0
587.0,870.0
63.0,870.0
440.0,870.0
917.0,870.0
208.0,870.0
95.0,870.0
870.0,871.0
179.0,871.0
469.0,871.0
707.0,871.0
1002.0,871.0
479.0,871.0
579.0,871.0
811.0,871.0
486.0,871.0
386.0,871.0
829.0,871.0
767.0,871.0
328.0,872.0
390.0,872.0
930.0,872.0
809.0,872.0
934.0,872.0
145.0,872.0
469.0,872.0
109.0,872.0
718.0,872.0
398.0,872.0
727.0,872.0
616.0,872.0
428.0,873.0
695.0,873.0
430.0,873.0
295.0,873.0
734.0,873.0
864.0,873.0
245.0,873.0
205.0,873.0
807.0,873.0
743.0,873.0
337.0,873.0
178.0,873.0
840.0,874.0
1029.0,874.0
331.0,874.0
215.0,874.0
235.0,874.0
218.0,874.0
83.0,874.0
123.0,874.0
231.0,874.0
537.0,874.0
9.0,874.0
608.0,874.0
824.0,875.0
523.0,875.0
832.0,875.0
731.0,875.0
659.0,875.0
206.0,875.0
772.0,875.0
940.0,875.0
883.0,875.0
795.0,875.0
921.0,875.0
746.0,875.0
37.0,876.0
772.0,876.0
780.0,876.0
761.0,876.0
688.0,876.0
555.0,876.0
625.0,876.0
650.0,876.0
557.0,876.0
323.0,876.0
16.0,876.0
983.0,876.0
914.0,877.0
668.0,877.0
967.0,877.0
380.0,877.0
217.0,877.0
132.0,877.0
383.0,877.0
1012.0,877.0
286.0,877.0
978.0,877.0
795.0,877.0
680.0,877.0
510.0,878.0
177.0,878.0
637.0,878.0
423.0,878.0
520.0,878.0
855.0,878.0
660.0,878.0
4.0,878.0
604.0,878.0
343.0,878.0
850.0,878.0
863.0,878.0
209.0,879.0
706.0,879.0
739.0,879.0
280.0,879.0
540.0,879.0
652.0,879.0
944.0,879.0
78.0,879.0
691.0,879.0
527.0,879.0
370.0,879.0
408.0,879.0
640.0,880.0
1009.0,880.0
699.0,880.0
760.0,880.0
415.0,880.0
944.0,880.0
192.0,880.0
132.0,880.0
490.0,880.0
160.0,880.0
725.0,880.0
899.0,880.0
940.0,881.0
450.0,881.0
837.0,881.0
317.0,881.0
81.0,881.0
819.0,881.0
960.0,881.0
359.0,881.0
753.0,881.0
82.0,881.0
756.0,881.0
442.0,881.0
85.0,882.0
73.0,882.0
229.0,882.0
199.0,882.0
756.0,882.0
766.0,882.0
162.0,882.0
164.0,882.0
647.0,882.0
387.0,882.0
909.0,882.0
549.0,882.0
61.0,883.0
608.0,883.0
411.0,883.0
770.0,883.0
334.0,883.0
242.0,883.0
206.0,883.0
651.0,883.0
687.0,883.0
479.0,883.0
198.0,883.0
504.0,883.0
731.0,884.0
1008.0,884.0
267.0,884.0
691.0,884.0
539.0,884.0
1000.0,884.0
182.0,884.0
530.0,884.0
384.0,884.0
683.0,884.0
107.0,884.0
142.0,884.0
21.0,885.0
1022.0,885.0
6.0,885.0
311.0,885.0
962.0,885.0
281.0,885.0
201.0,885.0
409.0,885.0
508.0,885.0
108.0,885.0
535.0,885.0
794.0,885.0
55.0,886.0
273.0,886.0
74.0,886.0
666.0,886.0
13.0,886.0
990.0,886.0
638.0,886.0
36.0,886.0
935.0,886.0
932.0,886.0
532.0,886.0
548.0,886.0
712.0,887.0
374.0,887.0
740.0,887.0
460.0,887.0
900.0,887.0
54.0,887.0
575.0,887.0
970.0,887.0
1004.0,887.0
563.0,887.0
707.0,887.0
624.0,887.0
91.0,888.0
1000.0,888.0
699.0,888.0
80.0,888.0
576.0,888.0
349.0,888.0
834.0,888.0
1011.0,888.0
763.0,888.0
17.0,888.0
828.0,888.0
887.0,888.0
658.0,889.0
923.0,889.0
127.0,889.0
83.0,889.0
360.0,889.0
933.0,889.0
479.0,889.0
860.0,889.0
218.0,889.0
507.0,889.0
612.0,889.0
130.0,889.0
241.0,890.0
736.0,890.0
718.0,890.0
554.0,890.0
243.0,890.0
558.0,890.0
926.0,890.0
190.0,890.0
837.0,890.0
235.0,890.0
217.0,890.0
56.0,890.0
457.0,891.0
377.0,891.0
195.0,891.0
749.0,891.0
188.0,891.0
186.0,891.0
14.0,891.0
73.0,891.0
356.0,891.0
703.0,891.0
1028.0,891.0
551.0,891.0
588.0,892.0
611.0,892.0
445.0,892.0
888.0,892.0
276.0,892.0
553.0,892.0
723.0,892.0
139.0,892.0
774.0,892.0
111.0,892.0
733.0,892.0
163.0,892.0
786.0,893.0
565.0,893.0
260.0,893.0
55.0,893.0
116.0,893.0
399.0,893.0
752.0,893.0
270.0,893.0
508.0,893.0
301.0,893.0
207.0,893.0
285.0,893.0
853.0,894.0
556.0,894.0
16.0,894.0
323.0,894.0
642.0,894.0
994.0,894.0
845.0,894.0
103.0,894.0
926.0,894.0
1020.0,894.0
553.0,894.0
620.0,894.0
907.0,895.0
279.0,895.0
232.0,895.0
154.0,895.0
516.0,895.0
187.0,895.0
95.0,895.0
378.0,895.0
440.0,895.0
609.0,895.0
586.0,895.0
884.0,895.0
462.0,896.0
283.0,896.0
591.0,896.0
971.0,896.0
421.0,896.0
313.0,896.0
571.0,896.0
660.0,896.0
815.0,896.0
585.0,896.0
27.0,896.0
95.0,896.0
22.0,897.0
881.0,897.0
911.0,897.0
877.0,897.0
208.0,897.0
69.0,897.0
937.0,897.0
383.0,897.0
33.0,897.0
744.0,897.0
459.0,897.0
749.0,897.0
52.0,898.0
422.0,898.0
789.0,898.0
651.0,898.0
337.0,898.0
141.0,898.0
668.0,898.0
155.0,898.0
1028.0,898.0
277.0,898.0
186.0,898.0
915.0,898.0
104.0,899.0
28.0,899.0
21.0,899.0
320.0,899.0
980.0,899.0
68.0,899.0
209.0,899.0
341.0,899.0
6.0,899.0
348.0,899.0
192.0,899.0
382.0,899.0
466.0,900.0
942.0,900.0
218.0,900.0
119.0,900.0
996.0,900.0
563.0,900.0
188.0,900.0
949.0,900.0
925.0,900.0
379.0,900.0
66.0,900.0
310.0,900.0
674.0,901.0
489.0,901.0
300.0,901.0
703.0,901.0
414.0,901.0
550.0,901.0
70.0,901.0
668.0,901.0
1018.0,901.0
838.0,901.0
291.0,901.0
697.0,901.0
538.0,902.0
924.0,902.0
30.0,902.0
552.0,902.0
956.0,902.0
276.0,902.0
691.0,902.0
1020.0,902.0
279.0,902.0
319.0,902.0
895.0,902.0
1023.0,902.0
19.0,903.0
421.0,903.0
113.0,903.0
327.0,903.0
210.0,903.0
690.0,903.0
331.0,903.0
342.0,903.0
550.0,903.0
71.0,903.0
102.0,903.0
1023.0,903.0
240.0,904.0
237.0,904.0
485.0,904.0
567.0,904.0
437.0,904.0
398.0,904.0
109.0,904.0
88.0,904.0
1026.0,904.0
709.0,904.0
859.0,904.0
855.0,904.0
605.0,905.0
996.0,905.0
568.0,905.0
254.0,905.0
119.0,905.0
69.0,905.0
969.0,905.0
916.0,905.0
566.0,905.0
542.0,905.0
667.0,905.0
87.0,905.0
83.0,906.0
566.0,906.0
257.0,906.0
1018.0,906.0
378.0,906.0
81.0,906.0
186.0,906.0
1024.0,906.0
608.0,906.0
326.0,906.0
1013.0,906.0
217.0,906.0
491.0,907.0
533.0,907.0
283.0,907.0
708.0,907.0
538.0,907.0
554.0,907.0
210.0,907.0
652.0,907.0
308.0,907.0
540.0,907.0
821.0,907.0
395.0,907.0
346.0,908.0
38.0,908.0
729.0,908.0
730.0,908.0
997.0,908.0
994.0,908.0
36.0,908.0
758.0,908.0
697.0,908.0
256.0,908.0
1017.0,908.0
825.0,908.0
974.0,909.0
753.0,909.0
693.0,909.0
1021.0,909.0
796.0,909.0
52.0,909.0
658.0,909.0
508.0,909.0
377.0,909.0
700.0,909.0
280.0,909.0
600.0,909.0
149.0,910.0
920.0,910.0
219.0,910.0
118.0,910.0
1018.0,910.0
633.0,910.0
300.0,910.0
482.0,910.0
233.0,910.0
560.0,910.0
557.0,910.0
275.0,910.0
788.0,911.0
465.0,911.0
379.0,911.0
992.0,911.0
619.0,911.0
267.0,911.0
480.0,911.0
323.0,911.0
303.0,911.0
473.0,911.0
857.0,911.0
750.0,911.0
163.0,912.0
423.0,912.0
298.0,912.0
869.0,912.0
279.0,912.0
513.0,912.0
919.0,912.0
875.0,912.0
167.0,912.0
494.0,912.0
970.0,912.0
603.0,912.0
978.0,913.0
686.0,913.0
0.0,913.0
648.0,913.0
647.0,913.0
210.0,913.0
479.0,913.0
942.0,913.0
1008.0,913.0
61.0,913.0
473.0,913.0
932.0,913.0
995.0,914.0
510.0,914.0
842.0,914.0
55.0,914.0
745.0,914.0
830.0,914.0
869.0,914.0
66.0,914.0
1004.0,914.0
37.0,914.0
981.0,914.0
155.0,914.0
376.0,915.0
909.0,915.0
686.0,915.0
792.0,915.0
910.0,915.0
96.0,915.0
277.0,915.0
81.0,915.0
392.0,915.0
133.0,915.0
377.0,915.0
789.0,915.0
429.0,916.0
948.0,916.0
1031.0,916.0
378.0,916.0
765.0,916.0
547.0,916.0
73.0,916.0
273.0,916.0
863.0,916.0
187.0,916.0
494.0,916.0
546.0,916.0
462.0,917.0
722.0,917.0
94.0,917.0
766.0,917.0
787.0,917.0
328.0,917.0
42.0,917.0
829.0,917.0
822.0,917.0
784.0,917.0
345.0,917.0
498.0,917.0
446.0,918.0
917.0,918.0
675.0,918.0
441.0,918.0
859.0,918.0
930.0,918.0
813.0,918.0
137.0,918.0
110.0,918.0
871.0,918.0
278.0,918.0
19.0,918.0
168.0,919.0
151.0,919.0
203.0,919.0
887.0,919.0
198.0,919.0
310.0,919.0
883.0,919.0
928.0,919.0
464.0,919.0
130.0,919.0
880.0,919.0
505.0,919.0
130.0,920.0
714.0,920.0
0.0,920.0
610.0,920.0
210.0,920.0
657.0,920.0
598.0,920.0
103.0,920.0
231.0,920.0
344.0,920.0
952.0,920.0
906.0,920.0
721.0,921.0
772.0,921.0
231.0,921.0
479.0,921.0
612.0,921.0
687.0,921.0
718.0,921.0
55.0,921.0
44.0,921.0
787.0,921.0
659.0,921.0
697.0,921.0
491.0,922.0
214.0,922.0
12.0,922.0
818.0,922.0
176.0,922.0
101.0,922.0
926.0,922.0
136.0,922.0
642.0,922.0
516.0,922.0
205.0,922.0
764.0,922.0
896.0,923.0
214.0,923.0
725.0,923.0
218.0,923.0
856.0,923.0
462.0,923.0
853.0,923.0
573.0,923.0
931.0,923.0
228.0,923.0
445.0,923.0
276.0,923.0
335.0,924.0
308.0,924.0
318.0,924.0
847.0,924.0
196.0,924.0
504.0,924.0
57.0,924.0
712.0,924.0
538.0,924.0
629.0,924.0
934.0,924.0
41.0,924.0
821.0,925.0
98.0,925.0
69.0,925.0
530.0,925.0
939.0,925.0
327.0,925.0
922.0,925.0
214.0,925.0
501.0,925.0
75.0,925.0
115.0,925.0
378.0,925.0
23.0,926.0
846.0,926.0
154.0,926.0
706.0,926.0
1004.0,926.0
756.0,926.0
594.0,926.0
83.0,926.0
370.0,926.0
261.0,926.0
335.0,926.0
664.0,926.0
667.0,927.0
370.0,927.0
542.0,927.0
426.0,927.0
274.0,927.0
438.0,927.0
206.0,927.0
24.0,927.0
503.0,927.0
539.0,927.0
228.0,927.0
431.0,927.0
251.0,928.0
291.0,928.0
935.0,928.0
659.0,928.0
346.0,928.0
482.0,928.0
702.0,928.0
146.0,928.0
9.0,928.0
267.0,928.0
541.0,928.0
718.0,928.0
483.0,929.0
507.0,929.0
233.0,929.0
215.0,929.0
772.0,929.0
80.0,929.0
208.0,929.0
876.0,929.0
511.0,929.0
69.0,929.0
379.0,929.0
373.0,929.0
798.0,930.0
762.0,930.0
47.0,930.0
240.0,930.0
632.0,930.0
486.0,930.0
964.0,930.0
689.0,930.0
338.0,930.0
239.0,930.0
999.0,930.0
316.0,930.0
846.0,931.0
117.0,931.0
357.0,931.0
637.0,931.0
681.0,931.0
1020.0,931.0
883.0,931.0
994.0,931.0
973.0,931.0
558.0,931.0
377.0,931.0
945.0,931.0
420.0,932.0
242.0,932.0
112.0,932.0
695.0,932.0
803.0,932.0
473.0,932.0
336.0,932.0
157.0,932.0
514.0,932.0
416.0,932.0
524.0,932.0
896.0,932.0
115.0,933.0
196.0,933.0
307.0,933.0
994.0,933.0
664.0,933.0
895.0,933.0
748.0,933.0
428.0,933.0
327.0,933.0
396.0,933.0
42.0,933.0
204.0,933.0
424.0,934.0
718.0,934.0
65.0,934.0
711.0,934.0
1000.0,934.0
290.0,934.0
368.0,934.0
269.0,934.0
637.0,934.0
832.0,934.0
123.0,934.0
380.0,934.0
590.0,935.0
817.0,935.0
399.0,935.0
268.0,935.0
858.0,935.0
876.0,935.0
886.0,935.0
64.0,935.0
682.0,935.0
260.0,935.0
250.0,935.0
74.0,935.0
263.0,936.0
998.0,936.0
266.0,936.0
313.0,936.0
362.0,936.0
305.0,936.0
508.0,936.0
29.0,936.0
995.0,936.0
285.0,936.0
957.0,936.0
641.0,936.0
478.0,937.0
511.0,937.0
454.0,937.0
84.0,937.0
346.0,937.0
772.0,937.0
118.0,937.0
22.0,937.0
37.0,937.0
1030.0,937.0
618.0,937.0
764.0,937.0
1022.0,938.0
824.0,938.0
981.0,938.0
1030.0,938.0
470.0,938.0
373.0,938.0
389.0,938.0
185.0,938.0
620.0,938.0
464.0,938.0
317.0,938.0
645.0,938.0
299.0,939.0
586.0,939.0
1012.0,939.0
547.0,939.0
518.0,939.0
31.0,939.0
210.0,939.0
942.0,939.0
672.0,939.0
112.0,939.0
16.0,939.0
1000.0,939.0
374.0,940.0
108.0,940.0
151.0,940.0
507.0,940.0
681.0,940.0
1005.0,940.0
212.0,940.0
323.0,940.0
963.0,940.0
291.0,940.0
775.0,940.0
373.0,940.0
966.0,941.0
707.0,941.0
239.0,941.0
605.0,941.0
628.0,941.0
121.0,941.0
1014.0,941.0
479.0,941.0
790.0,941.0
735.0,941.0
259.0,941.0
42.0,941.0
250.0,942.0
746.0,942.0
413.0,942.0
724.0,942.0
610.0,942.0
748.0,942.0
450.0,942.0
856.0,942.0
1035.0,942.0
32.0,942.0
288.0,942.0
931.0,942.0
646.0,943.0
419.0,943.0
11.0,943.0
382.0,943.0
234.0,943.0
285.0,943.0
688.0,943.0
108.0,943.0
931.0,943.0
528.0,943.0
320.0,943.0
331.0,943.0
1035.0,944.0
835.0,944.0
754.0,944.0
154.0,944.0
499.0,944.0
276.0,944.0
1016.0,944.0
925.0,944.0
540.0,944.0
196.0,944.0
232.0,944.0
954.0,944.0
44.0,945.0
203.0,945.0
319.0,945.0
637.0,945.0
412.0,945.0
845.0,945.0
78.0,945.0
196.0,945.0
283.0,945.0
332.0,945.0
1009.0,945.0
948.0,945.0
683.0,946.0
728.0,946.0
932.0,946.0
537.0,946.0
844.0,946.0
914.0,946.0
204.0,946.0
961.0,946.0
187.0,946.0
795.0,946.0
193.0,946.0
942.0,946.0
924.0,947.0
571.0,947.0
856.0,947.0
41.0,947.0
214.0,947.0
148.0,947.0
583.0,947.0
258.0,947.0
417.0,947.0
126.0,947.0
385.0,947.0
287.0,947.0
932.0,948.0
718.0,948.0
17.0,948.0
608.0,948.0
558.0,948.0
107.0,948.0
958.0,948.0
166.0,948.0
865.0,948.0
686.0,948.0
732.0,948.0
514.0,948.0
683.0,949.0
787.0,949.0
856.0,949.0
1030.0,949.0
333.0,949.0
12.0,949.0
367.0,949.0
216.0,949.0
243.0,949.0
861.0,949.0
183.0,949.0
322.0,949.0
556.0,950.0
821.0,950.0
356.0,950.0
95.0,950.0
9.0,950.0
672.0,950.0
701.0,950.0
362.0,950.0
157.0,950.0
948.0,950.0
994.0,950.0
466.0,950.0
761.0,951.0
935.0,951.0
107.0,951.0
340.0,951.0
983.0,951.0
907.0,951.0
777.0,951.0
443.0,951.0
532.0,951.0
323.0,951.0
589.0,951.0
302.0,951.0
323.0,952.0
33.0,952.0
301.0,952.0
764.0,952.0
816.0,952.0
22.0,952.0
55.0,952.0
636.0,952.0
746.0,952.0
455.0,952.0
565.0,952.0
466.0,952.0
83.0,953.0
112.0,953.0
921.0,953.0
925.0,953.0
660.0,953.0
401.0,953.0
151.0,953.0
285.0,953.0
122.0,953.0
380.0,953.0
263.0,953.0
212.0,953.0
357.0,954.0
519.0,954.0
890.0,954.0
764.0,954.0
119.0,954.0
608.0,954.0
922.0,954.0
412.0,954.0
739.0,954.0
458.0,954.0
524.0,954.0
169.0,954.0
372.0,955.0
728.0,955.0
769.0,955.0
204.0,955.0
658.0,955.0
888.0,955.0
292.0,955.0
954.0,955.0
974.0,955.0
1030.0,955.0
421.0,955.0
331.0,955.0
181.0,956.0
608.0,956.0
665.0,956.0
943.0,956.0
648.0,956.0
389.0,956.0
296.0,956.0
771.0,956.0
839.0,956.0
938.0,956.0
450.0,956.0
1023.0,956.0
370.0,957.0
775.0,957.0
800.0,957.0
362.0,957.0
314.0,957.0
1000.0,957.0
1015.0,957.0
534.0,957.0
148.0,957.0
262.0,957.0
737.0,957.0
375.0,957.0
813.0,958.0
193.0,958.0
182.0,958.0
841.0,958.0
188.0,958.0
228.0,958.0
342.0,958.0
153.0,958.0
954.0,958.0
562.0,958.0
934.0,958.0
540.0,958.0
884.0,959.0
670.0,959.0
1004.0,959.0
913.0,959.0
571.0,959.0
244.0,959.0
672.0,959.0
514.0,959.0
170.0,959.0
279.0,959.0
171.0,959.0
856.0,959.0
989.0,960.0
70.0,960.0
455.0,960.0
61.0,960.0
772.0,960.0
952.0,960.0
270.0,960.0
33.0,960.0
566.0,960.0
32.0,960.0
555.0,960.0
384.0,960.0
944.0,961.0
417.0,961.0
659.0,961.0
760.0,961.0
791.0,961.0
926.0,961.0
852.0,961.0
581.0,961.0
1020.0,961.0
513.0,961.0
449.0,961.0
545.0,961.0
115.0,962.0
2.0,962.0
752.0,962.0
326.0,962.0
174.0,962.0
953.0,962.0
775.0,962.0
412.0,962.0
96.0,962.0
511.0,962.0
80.0,962.0
409.0,962.0
81.0,963.0
956.0,963.0
108.0,963.0
207.0,963.0
645.0,963.0
7.0,963.0
733.0,963.0
794.0,963.0
569.0,963.0
580.0,963.0
962.0,963.0
510.0,963.0
955.0,964.0
941.0,964.0
524.0,964.0
648.0,964.0
336.0,964.0
431.0,964.0
550.0,964.0
352.0,964.0
867.0,964.0
869.0,964.0
813.0,964.0
620.0,964.0
718.0,965.0
332.0,965.0
825.0,965.0
560.0,965.0
684.0,965.0
696.0,965.0
859.0,965.0
32.0,965.0
581.0,965.0
758.0,965.0
747.0,965.0
116.0,965.0
361.0,966.0
137.0,966.0
791.0,966.0
706.0,966.0
840.0,966.0
121.0,966.0
318.0,966.0
491.0,966.0
573.0,966.0
1011.0,966.0
190.0,966.0
330.0,966.0
844.0,967.0
804.0,967.0
542.0,967.0
1004.0,967.0
360.0,967.0
558.0,967.0
228.0,967.0
756.0,967.0
913.0,967.0
749.0,967.0
594.0,967.0
30.0,967.0
561.0,968.0
474.0,968.0
185.0,968.0
162.0,968.0
917.0,968.0
1021.0,968.0
25.0,968.0
572.0,968.0
198.0,968.0
351.0,968.0
315.0,968.0
870.0,968.0
988.0,969.0
913.0,969.0
926.0,969.0
130.0,969.0
565.0,969.0
607.0,969.0
922.0,969.0
874.0,969.0
1006.0,969.0
103.0,969.0
909.0,969.0
691.0,969.0
1023.0,970.0
310.0,970.0
533.0,970.0
553.0,970.0
143.0,970.0
56.0,970.0
166.0,970.0
820.0,970.0
825.0,970.0
157.0,970.0
749.0,970.0
121.0,970.0
559.0,971.0
992.0,971.0
1031.0,971.0
746.0,971.0
1024.0,971.0
537.0,971.0
724.0,971.0
210.0,971.0
581.0,971.0
986.0,971.0
525.0,971.0
256.0,971.0
624.0,972.0
1017.0,972.0
411.0,972.0
1033.0,972.0
429.0,972.0
185.0,972.0
309.0,972.0
823.0,972.0
182.0,972.0
133.0,972.0
164.0,972.0
677.0,972.0
47.0,973.0
856.0,973.0
542.0,973.0
932.0,973.0
38.0,973.0
407.0,973.0
930.0,973.0
742.0,973.0
183.0,973.0
436.0,973.0
706.0,973.0
545.0,973.0
940.0,974.0
169.0,974.0
368.0,974.0
745.0,974.0
937.0,974.0
584.0,974.0
598.0,974.0
156.0,974.0
955.0,974.0
684.0,974.0
151.0,974.0
267.0,974.0
830.0,975.0
695.0,975.0
80.0,975.0
1019.0,975.0
958.0,975.0
717.0,975.0
127.0,975.0
980.0,975.0
484.0,975.0
480.0,975.0
523.0,975.0
269.0,975.0
652.0,976.0
1031.0,976.0
947.0,976.0
880.0,976.0
266.0,976.0
470.0,976.0
146.0,976.0
30.0,976.0
6.0,976.0
680.0,976.0
875.0,976.0
790.0,976.0
364.0,977.0
959.0,977.0
946.0,977.0
992.0,977.0
253.0,977.0
529.0,977.0
707.0,977.0
102.0,977.0
277.0,977.0
905.0,977.0
1025.0,977.0
861.0,977.0
329.0,978.0
637.0,978.0
500.0,978.0
220.0,978.0
698.0,978.0
155.0,978.0
214.0,978.0
539.0,978.0
695.0,978.0
573.0,978.0
996.0,978.0
710.0,978.0
254.0,979.0
564.0,979.0
938.0,979.0
372.0,979.0
335.0,979.0
978.0,979.0
463.0,979.0
228.0,979.0
562.0,979.0
411.0,979.0
942.0,979.0
76.0,979.0
423.0,980.0
388.0,980.0
989.0,980.0
433.0,980.0
321.0,980.0
71.0,980.0
900.0,980.0
89.0,980.0
902.0,980.0
581.0,980.0
899.0,980.0
637.0,980.0
353.0,981.0
343.0,981.0
267.0,981.0
781.0,981.0
174.0,981.0
986.0,981.0
445.0,981.0
23.0,981.0
646.0,981.0
1014.0,981.0
116.0,981.0
412.0,981.0
557.0,982.0
219.0,982.0
371.0,982.0
471.0,982.0
45.0,982.0
367.0,982.0
818.0,982.0
677.0,982.0
104.0,982.0
495.0,982.0
50.0,982.0
867.0,982.0
371.0,983.0
271.0,983.0
861.0,983.0
733.0,983.0
547.0,983.0
393.0,983.0
590.0,983.0
379.0,983.0
634.0,983.0
36.0,983.0
875.0,983.0
779.0,983.0
52.0,984.0
426.0,984.0
784.0,984.0
889.0,984.0
713.0,984.0
34.0,984.0
714.0,984.0
539.0,984.0
653.0,984.0
229.0,984.0
622.0,984.0
330.0,984.0
997.0,985.0
228.0,985.0
344.0,985.0
267.0,985.0
875.0,985.0
455.0,985.0
439.0,985.0
824.0,985.0
658.0,985.0
369.0,985.0
597.0,985.0
897.0,985.0
285.0,986.0
412.0,986.0
343.0,986.0
116.0,986.0
30.0,986.0
511.0,986.0
998.0,986.0
645.0,986.0
827.0,986.0
160.0,986.0
718.0,986.0
373.0,986.0
463.0,987.0
615.0,987.0
947.0,987.0
869.0,987.0
831.0,987.0
16.0,987.0
575.0,987.0
995.0,987.0
953.0,987.0
660.0,987.0
970.0,987.0
156.0,987.0
527.0,988.0
871.0,988.0
309.0,988.0
597.0,988.0
97.0,988.0
31.0,988.0
961.0,988.0
100.0,988.0
386.0,988.0
584.0,988.0
628.0,988.0
187.0,988.0
913.0,989.0
777.0,989.0
665.0,989.0
719.0,989.0
336.0,989.0
540.0,989.0
995.0,989.0
210.0,989.0
167.0,989.0
684.0,989.0
714.0,989.0
258.0,989.0
292.0,990.0
61.0,990.0
525.0,990.0
359.0,990.0
856.0,990.0
210.0,990.0
772.0,990.0
384.0,990.0
273.0,990.0
80.0,990.0
594.0,990.0
725.0,990.0
707.0,991.0
335.0,991.0
411.0,991.0
143.0,991.0
976.0,991.0
404.0,991.0
387.0,991.0
889.0,991.0
221.0,991.0
900.0,991.0
933.0,991.0
975.0,991.0
642.0,992.0
749.0,992.0
842.0,992.0
884.0,992.0
1019.0,992.0
80.0,992.0
855.0,992.0
655.0,992.0
868.0,992.0
708.0,992.0
307.0,992.0
660.0,992.0
578.0,993.0
742.0,993.0
647.0,993.0
283.0,993.0
690.0,993.0
446.0,993.0
587.0,993.0
208.0,993.0
639.0,993.0
538.0,993.0
364.0,993.0
42.0,993.0
498.0,994.0
955.0,994.0
944.0,994.0
592.0,994.0
353.0,994.0
231.0,994.0
1028.0,994.0
473.0,994.0
706.0,994.0
830.0,994.0
67.0,994.0
533.0,994.0
270.0,995.0
963.0,995.0
797.0,995.0
483.0,995.0
613.0,995.0
184.0,995.0
676.0,995.0
660.0,995.0
998.0,995.0
936.0,995.0
86.0,995.0
373.0,995.0
501.0,996.0
972.0,996.0
111.0,996.0
732.0,996.0
514.0,996.0
137.0,996.0
558.0,996.0
540.0,996.0
167.0,996.0
292.0,996.0
860.0,996.0
172.0,996.0
990.0,997.0
752.0,997.0
759.0,997.0
754.0,997.0
353.0,997.0
1006.0,997.0
81.0,997.0
507.0,997.0
140.0,997.0
683.0,997.0
949.0,997.0
363.0,997.0
810.0,998.0
959.0,998.0
957.0,998.0
368.0,998.0
337.0,998.0
911.0,998.0
831.0,998.0
908.0,998.0
169.0,998.0
827.0,998.0
564.0,998.0
646.0,998.0
930.0,999.0
918.0,999.0
660.0,999.0
939.0,999.0
390.0,999.0
237.0,999.0
474.0,999.0
927.0,999.0
1026.0,999.0
878.0,999.0
614.0,999.0
855.0,999.0
581.0,1000.0
828.0,1000.0
226.0,1000.0
421.0,1000.0
330.0,1000.0
691.0,1000.0
556.0,1000.0
408.0,1000.0
98.0,1000.0
735.0,1000.0
611.0,1000.0
296.0,1000.0
381.0,1001.0
435.0,1001.0
546.0,1001.0
702.0,1001.0
730.0,1001.0
246.0,1001.0
650.0,1001.0
383.0,1001.0
250.0,1001.0
560.0,1001.0
36.0,1001.0
960.0,1001.0
439.0,1002.0
449.0,1002.0
707.0,1002.0
1027.0,1002.0
17.0,1002.0
54.0,1002.0
640.0,1002.0
754.0,1002.0
710.0,1002.0
941.0,1002.0
1026.0,1002.0
79.0,1002.0
970.0,1003.0
227.0,1003.0
80.0,1003.0
944.0,1003.0
266.0,1003.0
922.0,1003.0
166.0,1003.0
809.0,1003.0
692.0,1003.0
339.0,1003.0
456.0,1003.0
24.0,1003.0
123.0,1004.0
890.0,1004.0
668.0,1004.0
131.0,1004.0
1008.0,1004.0
341.0,1004.0
821.0,1004.0
307.0,1004.0
97.0,1004.0
292.0,1004.0
198.0,1004.0
947.0,1004.0
683.0,1005.0
37.0,1005.0
824.0,1005.0
118.0,1005.0
135.0,1005.0
897.0,1005.0
127.0,1005.0
883.0,1005.0
1017.0,1005.0
78.0,1005.0
684.0,1005.0
1008.0,1005.0
301.0,1006.0
537.0,1006.0
154.0,1006.0
524.0,1006.0
378.0,1006.0
902.0,1006.0
712.0,1006.0
354.0,1006.0
427.0,1006.0
973.0,1006.0
691.0,1006.0
531.0,1006.0
531.0,1007.0
803.0,1007.0
292.0,1007.0
865.0,1007.0
334.0,1007.0
787.0,1007.0
560.0,1007.0
718.0,1007.0
27.0,1007.0
378.0,1007.0
440.0,1007.0
861.0,1007.0
196.0,1008.0
900.0,1008.0
651.0,1008.0
925.0,1008.0
78.0,1008.0
655.0,1008.0
0.0,1008.0
56.0,1008.0
874.0,1008.0
214.0,1008.0
744.0,1008.0
174.0,1008.0
301.0,1009.0
541.0,1009.0
290.0,1009.0
307.0,1009.0
1004.0,1009.0
1007.0,1009.0
138.0,1009.0
715.0,1009.0
744.0,1009.0
692.0,1009.0
733.0,1009.0
65.0,1009.0
219.0,1010.0
577.0,1010.0
549.0,1010.0
953.0,1010.0
486.0,1010.0
768.0,1010.0
840.0,1010.0
700.0,1010.0
27.0,1010.0
404.0,1010.0
429.0,1010.0
73.0,1010.0
12.0,1011.0
287.0,1011.0
813.0,1011.0
931.0,1011.0
518.0,1011.0
829.0,1011.0
728.0,1011.0
176.0,1011.0
895.0,1011.0
112.0,1011.0
278.0,1011.0
210.0,1011.0
1009.0,1012.0
196.0,1012.0
242.0,1012.0
163.0,1012.0
414.0,1012.0
1008.0,1012.0
556.0,1012.0
294.0,1012.0
733.0,1012.0
241.0,1012.0
94.0,1012.0
154.0,1012.0
666.0,1013.0
696.0,1013.0
496.0,1013.0
965.0,1013.0
749.0,1013.0
655.0,1013.0
686.0,1013.0
785.0,1013.0
578.0,1013.0
213.0,1013.0
808.0,1013.0
183.0,1013.0
948.0,1014.0
254.0,1014.0
299.0,1014.0
504.0,1014.0
597.0,1014.0
101.0,1014.0
494.0,1014.0
330.0,1014.0
73.0,1014.0
879.0,1014.0
934.0,1014.0
707.0,1014.0
800.0,1015.0
68.0,1015.0
48.0,1015.0
54.0,1015.0
306.0,1015.0
152.0,1015.0
595.0,1015.0
409.0,1015.0
644.0,1015.0
669.0,1015.0
467.0,1015.0
745.0,1015.0
748.0,1016.0
310.0,1016.0
479.0,1016.0
1029.0,1016.0
23.0,1016.0
821.0,1016.0
732.0,1016.0
424.0,1016.0
494.0,1016.0
1025.0,1016.0
991.0,1016.0
136.0,1016.0
440.0,1017.0
203.0,1017.0
697.0,1017.0
557.0,1017.0
83.0,1017.0
861.0,1017.0
603.0,1017.0
636.0,1017.0
275.0,1017.0
631.0,1017.0
447.0,1017.0
1013.0,1017.0
894.0,1018.0
852.0,1018.0
792.0,1018.0
945.0,1018.0
531.0,1018.0
714.0,1018.0
416.0,1018.0
183.0,1018.0
557.0,1018.0
489.0,1018.0
295.0,1018.0
900.0,1018.0
334.0,1019.0
181.0,1019.0
512.0,1019.0
313.0,1019.0
1035.0,1019.0
540.0,1019.0
1030.0,1019.0
1009.0,1019.0
721.0,1019.0
732.0,1019.0
839.0,1019.0
845.0,1019.0
874.0,1020.0
196.0,1020.0
622.0,1020.0
159.0,1020.0
308.0,1020.0
867.0,1020.0
710.0,1020.0
389.0,1020.0
387.0,1020.0
887.0,1020.0
516.0,1020.0
878.0,1020.0
93.0,1021.0
552.0,1021.0
509.0,1021.0
988.0,1021.0
822.0,1021.0
859.0,1021.0
663.0,1021.0
204.0,1021.0
347.0,1021.0
354.0,1021.0
927.0,1021.0
400.0,1021.0
180.0,1022.0
487.0,1022.0
724.0,1022.0
537.0,1022.0
43.0,1022.0
716.0,1022.0
676.0,1022.0
437.0,1022.0
979.0,1022.0
468.0,1022.0
782.0,1022.0
448.0,1022.0
992.0,1023.0
187.0,1023.0
91.0,1023.0
444.0,1023.0
216.0,1023.0
611.0,1023.0
993.0,1023.0
715.0,1023.0
217.0,1023.0
26.0,1023.0
127.0,1023.0
182.0,1023.0
490.0,1024.0
795.0,1024.0
384.0,1024.0
1001.0,1024.0
577.0,1024.0
747.0,1024.0
643.0,1024.0
861.0,1024.0
1028.0,1024.0
944.0,1024.0
827.0,1024.0
72.0,1024.0
993.0,1025.0
657.0,1025.0
1003.0,1025.0
574.0,1025.0
233.0,1025.0
568.0,1025.0
545.0,1025.0
933.0,1025.0
739.0,1025.0
310.0,1025.0
312.0,1025.0
167.0,1025.0
616.0,1026.0
40.0,1026.0
145.0,1026.0
405.0,1026.0
437.0,1026.0
685.0,1026.0
382.0,1026.0
30.0,1026.0
249.0,1026.0
362.0,1026.0
628.0,1026.0
403.0,1026.0
360.0,1027.0
131.0,1027.0
583.0,1027.0
826.0,1027.0
748.0,1027.0
533.0,1027.0
176.0,1027.0
608.0,1027.0
545.0,1027.0
592.0,1027.0
413.0,1027.0
55.0,1027.0
198.0,1028.0
949.0,1028.0
779.0,1028.0
548.0,1028.0
742.0,1028.0
623.0,1028.0
1035.0,1028.0
366.0,1028.0
946.0,1028.0
944.0,1028.0
141.0,1028.0
245.0,1028.0
530.0,1029.0
711.0,1029.0
29.0,1029.0
55.0,1029.0
466.0,1029.0
289.0,1029.0
659.0,1029.0
383.0,1029.0
684.0,1029.0
820.0,1029.0
83.0,1029.0
737.0,1029.0
909.0,1030.0
111.0,1030.0
32.0,1030.0
378.0,1030.0
513.0,1030.0
573.0,1030.0
4.0,1030.0
73.0,1030.0
1016.0,1030.0
44.0,1030.0
387.0,1030.0
830.0,1030.0
945.0,1031.0
860.0,1031.0
896.0,1031.0
167.0,1031.0
226.0,1031.0
732.0,1031.0
836.0,1031.0
424.0,1031.0
421.0,1031.0
415.0,1031.0
887.0,1031.0
877.0,1031.0
611.0,1032.0
54.0,1032.0
419.0,1032.0
122.0,1032.0
353.0,1032.0
236.0,1032.0
281.0,1032.0
106.0,1032.0
76.0,1032.0
465.0,1032.0
381.0,1032.0
455.0,1032.0
993.0,1033.0
801.0,1033.0
293.0,1033.0
301.0,1033.0
739.0,1033.0
63.0,1033.0
663.0,1033.0
722.0,1033.0
133.0,1033.0
274.0,1033.0
859.0,1033.0
474.0,1033.0
269.0,1034.0
612.0,1034.0
403.0,1034.0
510.0,1034.0
795.0,1034.0
1000.0,1034.0
114.0,1034.0
654.0,1034.0
841.0,1034.0
106.0,1034.0
448.0,1034.0
800.0,1034.0
47.0,1035.0
339.0,1035.0
1027.0,1035.0
466.0,1035.0
407.0,1035.0
711.0,1035.0
732.0,1035.0
753.0,1035.0
890.0,1035.0
158.0,1035.0
874.0,1035.0
267.0,1035.0
