i,j
0.0,668.0
0.0,715.0
0.0,736.0
0.0,69.0
0.0,257.0
0.0,301.0
0.0,531.0
0.0,296.0
0.0,103.0
0.0,243.0
0.0,581.0
0.0,868.0
1.0,441.0
1.0,778.0
1.0,506.0
1.0,968.0
1.0,53.0
1.0,424.0
1.0,278.0
1.0,400.0
1.0,811.0
1.0,293.0
1.0,177.0
1.0,314.0
2.0,340.0
2.0,433.0
2.0,621.0
2.0,741.0
2.0,234.0
2.0,589.0
2.0,519.0
2.0,381.0
2.0,376.0
2.0,754.0
2.0,76.0
2.0,753.0
3.0,475.0
3.0,526.0
3.0,800.0
3.0,573.0
3.0,6.0
3.0,646.0
3.0,359.0
3.0,550.0
3.0,329.0
3.0,221.0
3.0,425.0
3.0,290.0
4.0,912.0
4.0,221.0
4.0,397.0
4.0,130.0
4.0,369.0
4.0,470.0
4.0,415.0
4.0,603.0
4.0,254.0
4.0,687.0
4.0,668.0
4.0,445.0
5.0,101.0
5.0,53.0
5.0,567.0
5.0,791.0
5.0,722.0
5.0,852.0
5.0,110.0
5.0,1.0
5.0,639.0
5.0,694.0
5.0,907.0
5.0,473.0
6.0,3.0
6.0,724.0
6.0,855.0
6.0,205.0
6.0,143.0
6.0,894.0
6.0,769.0
6.0,445.0
6.0,725.0
6.0,328.0
6.0,1020.0
6.0,142.0
7.0,741.0
7.0,848.0
7.0,645.0
7.0,373.0
7.0,243.0
7.0,372.0
7.0,379.0
7.0,833.0
7.0,985.0
7.0,824.0
7.0,447.0
7.0,532.0
8.0,274.0
8.0,851.0
8.0,45.0
8.0,993.0
8.0,704.0
8.0,331.0
8.0,521.0
8.0,422.0
8.0,927.0
8.0,6.0
8.0,809.0
8.0,514.0
9.0,438.0
9.0,47.0
9.0,959.0
9.0,327.0
9.0,301.0
9.0,170.0
9.0,687.0
9.0,191.0
9.0,268.0
9.0,102.0
9.0,266.0
9.0,321.0
10.0,860.0
10.0,110.0
10.0,315.0
10.0,129.0
10.0,240.0
10.0,790.0
10.0,112.0
10.0,109.0
10.0,452.0
10.0,777.0
10.0,530.0
10.0,65.0
11.0,962.0
11.0,949.0
11.0,936.0
11.0,781.0
11.0,2.0
11.0,90.0
11.0,82.0
11.0,487.0
11.0,174.0
11.0,67.0
11.0,650.0
11.0,963.0
12.0,323.0
12.0,130.0
12.0,66.0
12.0,284.0
12.0,491.0
12.0,546.0
12.0,922.0
12.0,173.0
12.0,701.0
12.0,183.0
12.0,334.0
12.0,367.0
13.0,268.0
13.0,935.0
13.0,118.0
13.0,9.0
13.0,422.0
13.0,661.0
13.0,816.0
13.0,77.0
13.0,1024.0
13.0,33.0
13.0,634.0
13.0,537.0
14.0,577.0
14.0,640.0
14.0,886.0
14.0,696.0
14.0,898.0
14.0,851.0
14.0,883.0
14.0,635.0
14.0,49.0
14.0,492.0
14.0,104.0
14.0,495.0
15.0,292.0
15.0,695.0
15.0,586.0
15.0,484.0
15.0,501.0
15.0,791.0
15.0,218.0
15.0,564.0
15.0,565.0
15.0,83.0
15.0,150.0
15.0,553.0
16.0,128.0
16.0,989.0
16.0,644.0
16.0,542.0
16.0,189.0
16.0,826.0
16.0,499.0
16.0,421.0
16.0,43.0
16.0,342.0
16.0,115.0
16.0,281.0
17.0,360.0
17.0,948.0
17.0,939.0
17.0,132.0
17.0,793.0
17.0,321.0
17.0,630.0
17.0,798.0
17.0,746.0
17.0,424.0
17.0,564.0
17.0,281.0
18.0,582.0
18.0,376.0
18.0,730.0
18.0,223.0
18.0,324.0
18.0,817.0
18.0,688.0
18.0,77.0
18.0,391.0
18.0,965.0
18.0,202.0
18.0,700.0
19.0,390.0
19.0,987.0
19.0,826.0
19.0,342.0
19.0,860.0
19.0,28.0
19.0,842.0
19.0,874.0
19.0,193.0
19.0,611.0
19.0,913.0
19.0,350.0
20.0,578.0
20.0,138.0
20.0,55.0
20.0,9.0
20.0,994.0
20.0,82.0
20.0,187.0
20.0,902.0
20.0,1024.0
20.0,283.0
20.0,651.0
20.0,261.0
21.0,406.0
21.0,716.0
21.0,192.0
21.0,468.0
21.0,389.0
21.0,526.0
21.0,740.0
21.0,979.0
21.0,282.0
21.0,420.0
21.0,69.0
21.0,43.0
22.0,247.0
22.0,288.0
22.0,496.0
22.0,658.0
22.0,824.0
22.0,359.0
22.0,574.0
22.0,181.0
22.0,781.0
22.0,528.0
22.0,866.0
22.0,854.0
23.0,126.0
23.0,923.0
23.0,160.0
23.0,1002.0
23.0,288.0
23.0,269.0
23.0,925.0
23.0,737.0
23.0,718.0
23.0,503.0
23.0,380.0
23.0,537.0
24.0,565.0
24.0,838.0
24.0,481.0
24.0,395.0
24.0,665.0
24.0,329.0
24.0,537.0
24.0,852.0
24.0,629.0
24.0,718.0
24.0,570.0
24.0,259.0
25.0,1018.0
25.0,539.0
25.0,138.0
25.0,739.0
25.0,257.0
25.0,1000.0
25.0,503.0
25.0,632.0
25.0,627.0
25.0,657.0
25.0,1006.0
25.0,708.0
26.0,92.0
26.0,748.0
26.0,197.0
26.0,771.0
26.0,685.0
26.0,676.0
26.0,406.0
26.0,689.0
26.0,459.0
26.0,892.0
26.0,958.0
26.0,595.0
27.0,363.0
27.0,728.0
27.0,239.0
27.0,805.0
27.0,837.0
27.0,533.0
27.0,868.0
27.0,907.0
27.0,566.0
27.0,111.0
27.0,574.0
27.0,1006.0
28.0,120.0
28.0,718.0
28.0,372.0
28.0,348.0
28.0,588.0
28.0,439.0
28.0,628.0
28.0,669.0
28.0,425.0
28.0,724.0
28.0,412.0
28.0,192.0
29.0,592.0
29.0,368.0
29.0,169.0
29.0,12.0
29.0,956.0
29.0,440.0
29.0,916.0
29.0,691.0
29.0,847.0
29.0,921.0
29.0,856.0
29.0,795.0
30.0,23.0
30.0,779.0
30.0,368.0
30.0,852.0
30.0,501.0
30.0,659.0
30.0,102.0
30.0,177.0
30.0,469.0
30.0,862.0
30.0,860.0
30.0,1029.0
31.0,237.0
31.0,959.0
31.0,762.0
31.0,308.0
31.0,699.0
31.0,890.0
31.0,1019.0
31.0,209.0
31.0,500.0
31.0,966.0
31.0,475.0
31.0,664.0
32.0,1014.0
32.0,838.0
32.0,667.0
32.0,566.0
32.0,949.0
32.0,931.0
32.0,157.0
32.0,583.0
32.0,158.0
32.0,313.0
32.0,944.0
32.0,856.0
33.0,420.0
33.0,77.0
33.0,384.0
33.0,323.0
33.0,275.0
33.0,919.0
33.0,300.0
33.0,780.0
33.0,410.0
33.0,493.0
33.0,666.0
33.0,39.0
34.0,105.0
34.0,901.0
34.0,219.0
34.0,631.0
34.0,643.0
34.0,376.0
34.0,191.0
34.0,906.0
34.0,546.0
34.0,549.0
34.0,743.0
34.0,825.0
35.0,747.0
35.0,886.0
35.0,721.0
35.0,555.0
35.0,246.0
35.0,582.0
35.0,356.0
35.0,36.0
35.0,165.0
35.0,674.0
35.0,623.0
35.0,773.0
36.0,1001.0
36.0,997.0
36.0,194.0
36.0,205.0
36.0,548.0
36.0,753.0
36.0,908.0
36.0,711.0
36.0,160.0
36.0,1005.0
36.0,810.0
36.0,785.0
37.0,548.0
37.0,919.0
37.0,774.0
37.0,758.0
37.0,881.0
37.0,447.0
37.0,849.0
37.0,127.0
37.0,666.0
37.0,650.0
37.0,300.0
37.0,657.0
38.0,146.0
38.0,44.0
38.0,568.0
38.0,141.0
38.0,115.0
38.0,663.0
38.0,852.0
38.0,25.0
38.0,867.0
38.0,51.0
38.0,765.0
38.0,498.0
39.0,684.0
39.0,289.0
39.0,594.0
39.0,858.0
39.0,272.0
39.0,951.0
39.0,12.0
39.0,353.0
39.0,346.0
39.0,758.0
39.0,954.0
39.0,36.0
40.0,669.0
40.0,427.0
40.0,144.0
40.0,477.0
40.0,583.0
40.0,430.0
40.0,617.0
40.0,957.0
40.0,114.0
40.0,374.0
40.0,28.0
40.0,403.0
41.0,515.0
41.0,168.0
41.0,992.0
41.0,947.0
41.0,1014.0
41.0,571.0
41.0,388.0
41.0,433.0
41.0,788.0
41.0,975.0
41.0,614.0
41.0,182.0
42.0,538.0
42.0,552.0
42.0,31.0
42.0,181.0
42.0,839.0
42.0,253.0
42.0,605.0
42.0,803.0
42.0,748.0
42.0,728.0
42.0,791.0
42.0,211.0
43.0,1034.0
43.0,108.0
43.0,676.0
43.0,801.0
43.0,880.0
43.0,193.0
43.0,611.0
43.0,899.0
43.0,669.0
43.0,459.0
43.0,320.0
43.0,565.0
44.0,655.0
44.0,12.0
44.0,273.0
44.0,696.0
44.0,525.0
44.0,732.0
44.0,575.0
44.0,82.0
44.0,1017.0
44.0,170.0
44.0,845.0
44.0,277.0
45.0,506.0
45.0,882.0
45.0,386.0
45.0,698.0
45.0,255.0
45.0,653.0
45.0,721.0
45.0,53.0
45.0,67.0
45.0,216.0
45.0,639.0
45.0,124.0
46.0,495.0
46.0,133.0
46.0,277.0
46.0,529.0
46.0,600.0
46.0,256.0
46.0,694.0
46.0,547.0
46.0,49.0
46.0,521.0
46.0,677.0
46.0,1003.0
47.0,817.0
47.0,612.0
47.0,537.0
47.0,182.0
47.0,482.0
47.0,566.0
47.0,261.0
47.0,581.0
47.0,57.0
47.0,332.0
47.0,718.0
47.0,991.0
48.0,1004.0
48.0,828.0
48.0,217.0
48.0,799.0
48.0,54.0
48.0,326.0
48.0,17.0
48.0,393.0
48.0,127.0
48.0,880.0
48.0,888.0
48.0,98.0
49.0,134.0
49.0,85.0
49.0,710.0
49.0,901.0
49.0,916.0
49.0,46.0
49.0,130.0
49.0,505.0
49.0,529.0
49.0,688.0
49.0,396.0
49.0,476.0
50.0,622.0
50.0,732.0
50.0,516.0
50.0,840.0
50.0,632.0
50.0,967.0
50.0,913.0
50.0,304.0
50.0,41.0
50.0,87.0
50.0,294.0
50.0,942.0
51.0,706.0
51.0,578.0
51.0,803.0
51.0,905.0
51.0,423.0
51.0,514.0
51.0,274.0
51.0,959.0
51.0,988.0
51.0,623.0
51.0,633.0
51.0,492.0
52.0,785.0
52.0,915.0
52.0,901.0
52.0,118.0
52.0,457.0
52.0,623.0
52.0,391.0
52.0,984.0
52.0,566.0
52.0,792.0
52.0,551.0
52.0,216.0
53.0,968.0
53.0,506.0
53.0,801.0
53.0,319.0
53.0,449.0
53.0,137.0
53.0,230.0
53.0,309.0
53.0,99.0
53.0,1003.0
53.0,859.0
53.0,918.0
54.0,660.0
54.0,91.0
54.0,460.0
54.0,617.0
54.0,912.0
54.0,311.0
54.0,665.0
54.0,717.0
54.0,757.0
54.0,685.0
54.0,592.0
54.0,1019.0
55.0,931.0
55.0,130.0
55.0,276.0
55.0,15.0
55.0,242.0
55.0,310.0
55.0,384.0
55.0,78.0
55.0,23.0
55.0,856.0
55.0,671.0
55.0,557.0
56.0,203.0
56.0,352.0
56.0,691.0
56.0,1035.0
56.0,306.0
56.0,890.0
56.0,515.0
56.0,168.0
56.0,701.0
56.0,102.0
56.0,690.0
56.0,388.0
57.0,909.0
57.0,404.0
57.0,208.0
57.0,785.0
57.0,895.0
57.0,602.0
57.0,883.0
57.0,767.0
57.0,629.0
57.0,140.0
57.0,416.0
57.0,542.0
58.0,647.0
58.0,917.0
58.0,792.0
58.0,269.0
58.0,865.0
58.0,527.0
58.0,335.0
58.0,168.0
58.0,8.0
58.0,549.0
58.0,476.0
58.0,432.0
59.0,4.0
59.0,596.0
59.0,839.0
59.0,842.0
59.0,584.0
59.0,804.0
59.0,493.0
59.0,228.0
59.0,773.0
59.0,415.0
59.0,813.0
59.0,538.0
60.0,901.0
60.0,910.0
60.0,688.0
60.0,861.0
60.0,186.0
60.0,245.0
60.0,393.0
60.0,915.0
60.0,909.0
60.0,570.0
60.0,96.0
60.0,714.0
61.0,1019.0
61.0,507.0
61.0,79.0
61.0,832.0
61.0,884.0
61.0,875.0
61.0,894.0
61.0,933.0
61.0,4.0
61.0,971.0
61.0,545.0
61.0,286.0
62.0,583.0
62.0,567.0
62.0,38.0
62.0,386.0
62.0,518.0
62.0,17.0
62.0,88.0
62.0,822.0
62.0,252.0
62.0,63.0
62.0,572.0
62.0,593.0
63.0,441.0
63.0,859.0
63.0,249.0
63.0,551.0
63.0,93.0
63.0,101.0
63.0,347.0
63.0,351.0
63.0,627.0
63.0,966.0
63.0,66.0
63.0,1021.0
64.0,331.0
64.0,154.0
64.0,827.0
64.0,585.0
64.0,106.0
64.0,936.0
64.0,478.0
64.0,992.0
64.0,180.0
64.0,173.0
64.0,869.0
64.0,362.0
65.0,462.0
65.0,433.0
65.0,317.0
65.0,97.0
65.0,23.0
65.0,308.0
65.0,129.0
65.0,314.0
65.0,834.0
65.0,463.0
65.0,750.0
65.0,499.0
66.0,540.0
66.0,584.0
66.0,98.0
66.0,524.0
66.0,640.0
66.0,430.0
66.0,308.0
66.0,285.0
66.0,986.0
66.0,558.0
66.0,126.0
66.0,71.0
67.0,442.0
67.0,254.0
67.0,531.0
67.0,319.0
67.0,203.0
67.0,522.0
67.0,860.0
67.0,101.0
67.0,494.0
67.0,330.0
67.0,332.0
67.0,719.0
68.0,896.0
68.0,48.0
68.0,717.0
68.0,799.0
68.0,65.0
68.0,28.0
68.0,329.0
68.0,821.0
68.0,19.0
68.0,725.0
68.0,328.0
68.0,413.0
69.0,359.0
69.0,881.0
69.0,193.0
69.0,684.0
69.0,98.0
69.0,156.0
69.0,964.0
69.0,652.0
69.0,857.0
69.0,981.0
69.0,22.0
69.0,318.0
70.0,353.0
70.0,15.0
70.0,235.0
70.0,594.0
70.0,383.0
70.0,711.0
70.0,764.0
70.0,83.0
70.0,648.0
70.0,168.0
70.0,291.0
70.0,81.0
71.0,880.0
71.0,388.0
71.0,637.0
71.0,164.0
71.0,668.0
71.0,754.0
71.0,964.0
71.0,899.0
71.0,132.0
71.0,469.0
71.0,828.0
71.0,34.0
72.0,302.0
72.0,368.0
72.0,623.0
72.0,721.0
72.0,537.0
72.0,312.0
72.0,243.0
72.0,764.0
72.0,327.0
72.0,692.0
72.0,392.0
72.0,978.0
73.0,658.0
73.0,612.0
73.0,367.0
73.0,102.0
73.0,326.0
73.0,150.0
73.0,900.0
73.0,378.0
73.0,706.0
73.0,949.0
73.0,103.0
73.0,684.0
74.0,265.0
74.0,55.0
74.0,718.0
74.0,543.0
74.0,179.0
74.0,96.0
74.0,212.0
74.0,833.0
74.0,919.0
74.0,952.0
74.0,845.0
74.0,24.0
75.0,187.0
75.0,950.0
75.0,213.0
75.0,57.0
75.0,748.0
75.0,737.0
75.0,431.0
75.0,224.0
75.0,687.0
75.0,42.0
75.0,149.0
75.0,259.0
76.0,590.0
76.0,194.0
76.0,226.0
76.0,457.0
76.0,753.0
76.0,151.0
76.0,598.0
76.0,238.0
76.0,651.0
76.0,170.0
76.0,922.0
76.0,81.0
77.0,619.0
77.0,555.0
77.0,578.0
77.0,594.0
77.0,932.0
77.0,857.0
77.0,569.0
77.0,1017.0
77.0,122.0
77.0,546.0
77.0,224.0
77.0,820.0
78.0,172.0
78.0,874.0
78.0,1007.0
78.0,837.0
78.0,276.0
78.0,568.0
78.0,637.0
78.0,482.0
78.0,592.0
78.0,770.0
78.0,866.0
78.0,894.0
79.0,724.0
79.0,179.0
79.0,583.0
79.0,182.0
79.0,586.0
79.0,737.0
79.0,290.0
79.0,415.0
79.0,510.0
79.0,320.0
79.0,625.0
79.0,292.0
80.0,24.0
80.0,251.0
80.0,889.0
80.0,408.0
80.0,133.0
80.0,23.0
80.0,317.0
80.0,493.0
80.0,713.0
80.0,658.0
80.0,515.0
80.0,401.0
81.0,794.0
81.0,217.0
81.0,881.0
81.0,697.0
81.0,925.0
81.0,96.0
81.0,1030.0
81.0,250.0
81.0,574.0
81.0,127.0
81.0,994.0
81.0,186.0
82.0,301.0
82.0,248.0
82.0,929.0
82.0,922.0
82.0,1005.0
82.0,846.0
82.0,1017.0
82.0,491.0
82.0,517.0
82.0,181.0
82.0,205.0
82.0,908.0
83.0,493.0
83.0,625.0
83.0,731.0
83.0,1006.0
83.0,163.0
83.0,954.0
83.0,897.0
83.0,160.0
83.0,363.0
83.0,378.0
83.0,296.0
83.0,637.0
84.0,697.0
84.0,945.0
84.0,825.0
84.0,965.0
84.0,598.0
84.0,973.0
84.0,295.0
84.0,412.0
84.0,504.0
84.0,381.0
84.0,862.0
84.0,496.0
85.0,529.0
85.0,364.0
85.0,627.0
85.0,829.0
85.0,760.0
85.0,793.0
85.0,99.0
85.0,339.0
85.0,517.0
85.0,426.0
85.0,8.0
85.0,988.0
86.0,976.0
86.0,720.0
86.0,716.0
86.0,425.0
86.0,477.0
86.0,641.0
86.0,43.0
86.0,826.0
86.0,585.0
86.0,843.0
86.0,776.0
86.0,146.0
87.0,1027.0
87.0,860.0
87.0,453.0
87.0,25.0
87.0,214.0
87.0,579.0
87.0,581.0
87.0,944.0
87.0,418.0
87.0,0.0
87.0,549.0
87.0,367.0
88.0,10.0
88.0,63.0
88.0,232.0
88.0,398.0
88.0,100.0
88.0,62.0
88.0,481.0
88.0,237.0
88.0,904.0
88.0,48.0
88.0,509.0
88.0,101.0
89.0,388.0
89.0,899.0
89.0,350.0
89.0,892.0
89.0,469.0
89.0,163.0
89.0,990.0
89.0,654.0
89.0,473.0
89.0,979.0
89.0,562.0
89.0,725.0
90.0,998.0
90.0,953.0
90.0,69.0
90.0,869.0
90.0,450.0
90.0,436.0
90.0,893.0
90.0,1000.0
90.0,649.0
90.0,530.0
90.0,831.0
90.0,962.0
91.0,462.0
91.0,577.0
91.0,500.0
91.0,603.0
91.0,448.0
91.0,868.0
91.0,131.0
91.0,715.0
91.0,533.0
91.0,55.0
91.0,988.0
91.0,78.0
92.0,28.0
92.0,147.0
92.0,120.0
92.0,932.0
92.0,427.0
92.0,616.0
92.0,727.0
92.0,660.0
92.0,774.0
92.0,712.0
92.0,275.0
92.0,768.0
93.0,1.0
93.0,760.0
93.0,334.0
93.0,1021.0
93.0,1008.0
93.0,870.0
93.0,572.0
93.0,80.0
93.0,413.0
93.0,784.0
93.0,398.0
93.0,452.0
94.0,524.0
94.0,322.0
94.0,219.0
94.0,1018.0
94.0,696.0
94.0,293.0
94.0,518.0
94.0,224.0
94.0,371.0
94.0,367.0
94.0,517.0
94.0,931.0
95.0,193.0
95.0,15.0
95.0,912.0
95.0,637.0
95.0,25.0
95.0,42.0
95.0,248.0
95.0,759.0
95.0,78.0
95.0,756.0
95.0,292.0
95.0,6.0
96.0,649.0
96.0,149.0
96.0,919.0
96.0,1004.0
96.0,938.0
96.0,807.0
96.0,862.0
96.0,191.0
96.0,266.0
96.0,672.0
96.0,772.0
96.0,867.0
97.0,1011.0
97.0,883.0
97.0,145.0
97.0,918.0
97.0,361.0
97.0,316.0
97.0,433.0
97.0,961.0
97.0,452.0
97.0,161.0
97.0,527.0
97.0,253.0
98.0,385.0
98.0,911.0
98.0,914.0
98.0,975.0
98.0,971.0
98.0,210.0
98.0,563.0
98.0,172.0
98.0,44.0
98.0,889.0
98.0,326.0
98.0,922.0
99.0,322.0
99.0,801.0
99.0,766.0
99.0,354.0
99.0,485.0
99.0,820.0
99.0,1.0
99.0,42.0
99.0,917.0
99.0,506.0
99.0,694.0
99.0,345.0
100.0,30.0
100.0,917.0
100.0,99.0
100.0,663.0
100.0,949.0
100.0,225.0
100.0,293.0
100.0,53.0
100.0,587.0
100.0,784.0
100.0,314.0
100.0,88.0
101.0,427.0
101.0,120.0
101.0,749.0
101.0,407.0
101.0,62.0
101.0,944.0
101.0,461.0
101.0,177.0
101.0,637.0
101.0,499.0
101.0,161.0
101.0,462.0
102.0,29.0
102.0,894.0
102.0,645.0
102.0,976.0
102.0,652.0
102.0,878.0
102.0,912.0
102.0,847.0
102.0,500.0
102.0,562.0
102.0,583.0
102.0,83.0
103.0,241.0
103.0,512.0
103.0,228.0
103.0,742.0
103.0,87.0
103.0,61.0
103.0,753.0
103.0,208.0
103.0,969.0
103.0,687.0
103.0,744.0
103.0,243.0
104.0,890.0
104.0,823.0
104.0,763.0
104.0,284.0
104.0,959.0
104.0,243.0
104.0,404.0
104.0,264.0
104.0,349.0
104.0,0.0
104.0,458.0
104.0,521.0
105.0,457.0
105.0,556.0
105.0,922.0
105.0,744.0
105.0,112.0
105.0,910.0
105.0,356.0
105.0,713.0
105.0,150.0
105.0,789.0
105.0,861.0
105.0,334.0
106.0,406.0
106.0,956.0
106.0,752.0
106.0,591.0
106.0,468.0
106.0,21.0
106.0,800.0
106.0,970.0
106.0,841.0
106.0,114.0
106.0,54.0
106.0,824.0
107.0,436.0
107.0,684.0
107.0,926.0
107.0,721.0
107.0,889.0
107.0,592.0
107.0,115.0
107.0,361.0
107.0,877.0
107.0,378.0
107.0,755.0
107.0,514.0
108.0,298.0
108.0,444.0
108.0,641.0
108.0,686.0
108.0,775.0
108.0,230.0
108.0,1003.0
108.0,863.0
108.0,0.0
108.0,511.0
108.0,603.0
108.0,297.0
109.0,338.0
109.0,240.0
109.0,689.0
109.0,48.0
109.0,177.0
109.0,1026.0
109.0,400.0
109.0,918.0
109.0,458.0
109.0,796.0
109.0,26.0
109.0,218.0
110.0,404.0
110.0,509.0
110.0,501.0
110.0,778.0
110.0,456.0
110.0,364.0
110.0,629.0
110.0,868.0
110.0,944.0
110.0,133.0
110.0,230.0
110.0,579.0
111.0,862.0
111.0,172.0
111.0,829.0
111.0,565.0
111.0,163.0
111.0,996.0
111.0,546.0
111.0,442.0
111.0,4.0
111.0,832.0
111.0,895.0
111.0,155.0
112.0,404.0
112.0,692.0
112.0,549.0
112.0,67.0
112.0,491.0
112.0,657.0
112.0,1003.0
112.0,27.0
112.0,965.0
112.0,359.0
112.0,442.0
112.0,737.0
113.0,204.0
113.0,368.0
113.0,375.0
113.0,879.0
113.0,939.0
113.0,955.0
113.0,961.0
113.0,606.0
113.0,684.0
113.0,583.0
113.0,813.0
113.0,162.0
114.0,28.0
114.0,727.0
114.0,348.0
114.0,306.0
114.0,644.0
114.0,1034.0
114.0,78.0
114.0,956.0
114.0,893.0
114.0,832.0
114.0,321.0
114.0,894.0
115.0,466.0
115.0,799.0
115.0,481.0
115.0,764.0
115.0,974.0
115.0,933.0
115.0,801.0
115.0,366.0
115.0,659.0
115.0,23.0
115.0,566.0
115.0,482.0
116.0,569.0
116.0,331.0
116.0,192.0
116.0,598.0
116.0,169.0
116.0,389.0
116.0,799.0
116.0,736.0
116.0,750.0
116.0,826.0
116.0,881.0
116.0,420.0
117.0,618.0
117.0,913.0
117.0,54.0
117.0,326.0
117.0,386.0
117.0,269.0
117.0,434.0
117.0,934.0
117.0,130.0
117.0,243.0
117.0,9.0
117.0,923.0
118.0,950.0
118.0,951.0
118.0,416.0
118.0,686.0
118.0,146.0
118.0,807.0
118.0,271.0
118.0,171.0
118.0,806.0
118.0,671.0
118.0,422.0
118.0,823.0
119.0,668.0
119.0,501.0
119.0,662.0
119.0,370.0
119.0,863.0
119.0,1008.0
119.0,367.0
119.0,32.0
119.0,1023.0
119.0,611.0
119.0,950.0
119.0,220.0
120.0,365.0
120.0,804.0
120.0,620.0
120.0,595.0
120.0,774.0
120.0,427.0
120.0,390.0
120.0,439.0
120.0,669.0
120.0,564.0
120.0,190.0
120.0,768.0
121.0,705.0
121.0,441.0
121.0,336.0
121.0,228.0
121.0,462.0
121.0,725.0
121.0,608.0
121.0,68.0
121.0,868.0
121.0,601.0
121.0,809.0
121.0,507.0
122.0,148.0
122.0,764.0
122.0,839.0
122.0,421.0
122.0,136.0
122.0,981.0
122.0,444.0
122.0,379.0
122.0,911.0
122.0,212.0
122.0,819.0
122.0,493.0
123.0,861.0
123.0,708.0
123.0,791.0
123.0,984.0
123.0,181.0
123.0,749.0
123.0,955.0
123.0,415.0
123.0,889.0
123.0,332.0
123.0,629.0
123.0,853.0
124.0,208.0
124.0,49.0
124.0,85.0
124.0,823.0
124.0,333.0
124.0,789.0
124.0,47.0
124.0,568.0
124.0,244.0
124.0,472.0
124.0,703.0
124.0,118.0
125.0,537.0
125.0,306.0
125.0,613.0
125.0,389.0
125.0,102.0
125.0,197.0
125.0,190.0
125.0,417.0
125.0,117.0
125.0,850.0
125.0,857.0
125.0,291.0
126.0,919.0
126.0,574.0
126.0,9.0
126.0,754.0
126.0,466.0
126.0,971.0
126.0,701.0
126.0,127.0
126.0,96.0
126.0,125.0
126.0,331.0
126.0,759.0
127.0,408.0
127.0,607.0
127.0,1027.0
127.0,159.0
127.0,872.0
127.0,383.0
127.0,977.0
127.0,979.0
127.0,973.0
127.0,686.0
127.0,956.0
127.0,522.0
128.0,319.0
128.0,804.0
128.0,786.0
128.0,439.0
128.0,221.0
128.0,955.0
128.0,477.0
128.0,41.0
128.0,884.0
128.0,641.0
128.0,6.0
128.0,360.0
129.0,879.0
129.0,316.0
129.0,586.0
129.0,10.0
129.0,930.0
129.0,62.0
129.0,567.0
129.0,527.0
129.0,798.0
129.0,65.0
129.0,150.0
129.0,1026.0
130.0,182.0
130.0,378.0
130.0,996.0
130.0,958.0
130.0,479.0
130.0,522.0
130.0,33.0
130.0,102.0
130.0,341.0
130.0,319.0
130.0,554.0
130.0,862.0
131.0,844.0
131.0,479.0
131.0,934.0
131.0,42.0
131.0,389.0
131.0,538.0
131.0,978.0
131.0,349.0
131.0,322.0
131.0,341.0
131.0,652.0
131.0,500.0
132.0,760.0
132.0,867.0
132.0,180.0
132.0,469.0
132.0,583.0
132.0,632.0
132.0,978.0
132.0,707.0
132.0,637.0
132.0,308.0
132.0,727.0
132.0,958.0
133.0,472.0
133.0,742.0
133.0,418.0
133.0,549.0
133.0,504.0
133.0,703.0
133.0,698.0
133.0,329.0
133.0,376.0
133.0,49.0
133.0,700.0
133.0,94.0
134.0,891.0
134.0,972.0
134.0,982.0
134.0,171.0
134.0,87.0
134.0,864.0
134.0,607.0
134.0,124.0
134.0,599.0
134.0,915.0
134.0,840.0
134.0,677.0
135.0,729.0
135.0,764.0
135.0,772.0
135.0,343.0
135.0,465.0
135.0,194.0
135.0,523.0
135.0,77.0
135.0,998.0
135.0,589.0
135.0,914.0
135.0,116.0
136.0,962.0
136.0,873.0
136.0,883.0
136.0,69.0
136.0,183.0
136.0,746.0
136.0,643.0
136.0,288.0
136.0,969.0
136.0,415.0
136.0,384.0
136.0,464.0
137.0,785.0
137.0,42.0
137.0,979.0
137.0,352.0
137.0,947.0
137.0,259.0
137.0,114.0
137.0,581.0
137.0,542.0
137.0,91.0
137.0,382.0
137.0,786.0
138.0,450.0
138.0,948.0
138.0,770.0
138.0,764.0
138.0,0.0
138.0,275.0
138.0,848.0
138.0,442.0
138.0,482.0
138.0,283.0
138.0,820.0
138.0,597.0
139.0,949.0
139.0,709.0
139.0,254.0
139.0,200.0
139.0,248.0
139.0,883.0
139.0,887.0
139.0,292.0
139.0,588.0
139.0,878.0
139.0,328.0
139.0,304.0
140.0,352.0
140.0,211.0
140.0,865.0
140.0,345.0
140.0,57.0
140.0,529.0
140.0,999.0
140.0,602.0
140.0,970.0
140.0,170.0
140.0,677.0
140.0,180.0
141.0,873.0
141.0,779.0
141.0,138.0
141.0,807.0
141.0,87.0
141.0,540.0
141.0,233.0
141.0,1025.0
141.0,14.0
141.0,376.0
141.0,414.0
141.0,690.0
142.0,715.0
142.0,262.0
142.0,956.0
142.0,800.0
142.0,757.0
142.0,336.0
142.0,961.0
142.0,737.0
142.0,1005.0
142.0,641.0
142.0,285.0
142.0,745.0
143.0,996.0
143.0,640.0
143.0,715.0
143.0,664.0
143.0,204.0
143.0,395.0
143.0,45.0
143.0,624.0
143.0,706.0
143.0,534.0
143.0,79.0
143.0,296.0
144.0,41.0
144.0,403.0
144.0,716.0
144.0,297.0
144.0,641.0
144.0,696.0
144.0,877.0
144.0,59.0
144.0,409.0
144.0,197.0
144.0,21.0
144.0,771.0
145.0,97.0
145.0,313.0
145.0,800.0
145.0,872.0
145.0,240.0
145.0,394.0
145.0,781.0
145.0,709.0
145.0,374.0
145.0,113.0
145.0,838.0
145.0,930.0
146.0,640.0
146.0,877.0
146.0,179.0
146.0,522.0
146.0,127.0
146.0,896.0
146.0,313.0
146.0,958.0
146.0,67.0
146.0,239.0
146.0,853.0
146.0,19.0
147.0,375.0
147.0,513.0
147.0,40.0
147.0,644.0
147.0,771.0
147.0,1015.0
147.0,662.0
147.0,796.0
147.0,197.0
147.0,888.0
147.0,306.0
147.0,388.0
148.0,855.0
148.0,1015.0
148.0,926.0
148.0,443.0
148.0,943.0
148.0,425.0
148.0,839.0
148.0,478.0
148.0,135.0
148.0,656.0
148.0,419.0
148.0,475.0
149.0,430.0
149.0,189.0
149.0,372.0
149.0,907.0
149.0,926.0
149.0,383.0
149.0,470.0
149.0,687.0
149.0,692.0
149.0,574.0
149.0,866.0
149.0,618.0
150.0,687.0
150.0,214.0
150.0,440.0
150.0,651.0
150.0,978.0
150.0,149.0
150.0,438.0
150.0,887.0
150.0,91.0
150.0,436.0
150.0,170.0
150.0,494.0
151.0,891.0
151.0,473.0
151.0,513.0
151.0,66.0
151.0,205.0
151.0,222.0
151.0,889.0
151.0,61.0
151.0,574.0
151.0,38.0
151.0,59.0
151.0,36.0
152.0,564.0
152.0,843.0
152.0,588.0
152.0,716.0
152.0,21.0
152.0,660.0
152.0,654.0
152.0,40.0
152.0,768.0
152.0,641.0
152.0,190.0
152.0,850.0
153.0,739.0
153.0,306.0
153.0,813.0
153.0,253.0
153.0,458.0
153.0,132.0
153.0,596.0
153.0,143.0
153.0,287.0
153.0,880.0
153.0,820.0
153.0,413.0
154.0,740.0
154.0,9.0
154.0,254.0
154.0,330.0
154.0,367.0
154.0,299.0
154.0,765.0
154.0,894.0
154.0,290.0
154.0,553.0
154.0,436.0
154.0,161.0
155.0,189.0
155.0,153.0
155.0,273.0
155.0,954.0
155.0,47.0
155.0,736.0
155.0,867.0
155.0,368.0
155.0,163.0
155.0,1032.0
155.0,556.0
155.0,212.0
156.0,571.0
156.0,90.0
156.0,307.0
156.0,706.0
156.0,911.0
156.0,136.0
156.0,553.0
156.0,61.0
156.0,839.0
156.0,165.0
156.0,464.0
156.0,724.0
157.0,420.0
157.0,887.0
157.0,652.0
157.0,565.0
157.0,701.0
157.0,407.0
157.0,860.0
157.0,163.0
157.0,151.0
157.0,683.0
157.0,848.0
157.0,214.0
158.0,979.0
158.0,104.0
158.0,788.0
158.0,950.0
158.0,216.0
158.0,834.0
158.0,597.0
158.0,921.0
158.0,94.0
158.0,662.0
158.0,977.0
158.0,452.0
159.0,368.0
159.0,925.0
159.0,993.0
159.0,280.0
159.0,771.0
159.0,754.0
159.0,808.0
159.0,1027.0
159.0,665.0
159.0,363.0
159.0,853.0
159.0,863.0
160.0,985.0
160.0,893.0
160.0,752.0
160.0,956.0
160.0,789.0
160.0,89.0
160.0,258.0
160.0,9.0
160.0,493.0
160.0,207.0
160.0,711.0
160.0,899.0
161.0,774.0
161.0,388.0
161.0,567.0
161.0,166.0
161.0,424.0
161.0,239.0
161.0,31.0
161.0,364.0
161.0,903.0
161.0,568.0
161.0,648.0
161.0,28.0
162.0,211.0
162.0,742.0
162.0,104.0
162.0,38.0
162.0,822.0
162.0,103.0
162.0,655.0
162.0,345.0
162.0,386.0
162.0,315.0
162.0,225.0
162.0,629.0
163.0,228.0
163.0,620.0
163.0,976.0
163.0,310.0
163.0,975.0
163.0,193.0
163.0,206.0
163.0,659.0
163.0,127.0
163.0,565.0
163.0,150.0
163.0,719.0
164.0,400.0
164.0,490.0
164.0,481.0
164.0,700.0
164.0,605.0
164.0,217.0
164.0,675.0
164.0,458.0
164.0,141.0
164.0,518.0
164.0,656.0
164.0,564.0
165.0,692.0
165.0,728.0
165.0,69.0
165.0,464.0
165.0,191.0
165.0,969.0
165.0,329.0
165.0,182.0
165.0,57.0
165.0,188.0
165.0,140.0
165.0,977.0
166.0,25.0
166.0,352.0
166.0,141.0
166.0,700.0
166.0,486.0
166.0,731.0
166.0,440.0
166.0,121.0
166.0,832.0
166.0,309.0
166.0,51.0
166.0,1004.0
167.0,205.0
167.0,296.0
167.0,754.0
167.0,921.0
167.0,165.0
167.0,996.0
167.0,736.0
167.0,744.0
167.0,146.0
167.0,575.0
167.0,50.0
167.0,307.0
168.0,581.0
168.0,494.0
168.0,531.0
168.0,251.0
168.0,971.0
168.0,71.0
168.0,955.0
168.0,949.0
168.0,642.0
168.0,78.0
168.0,283.0
168.0,503.0
169.0,19.0
169.0,261.0
169.0,515.0
169.0,127.0
169.0,691.0
169.0,827.0
169.0,412.0
169.0,594.0
169.0,156.0
169.0,559.0
169.0,154.0
169.0,421.0
170.0,756.0
170.0,933.0
170.0,1007.0
170.0,971.0
170.0,491.0
170.0,492.0
170.0,821.0
170.0,932.0
170.0,566.0
170.0,584.0
170.0,330.0
170.0,522.0
171.0,739.0
171.0,718.0
171.0,333.0
171.0,623.0
171.0,581.0
171.0,499.0
171.0,275.0
171.0,223.0
171.0,807.0
171.0,76.0
171.0,392.0
171.0,366.0
172.0,758.0
172.0,167.0
172.0,724.0
172.0,336.0
172.0,935.0
172.0,524.0
172.0,359.0
172.0,571.0
172.0,103.0
172.0,598.0
172.0,504.0
172.0,146.0
173.0,362.0
173.0,406.0
173.0,236.0
173.0,297.0
173.0,64.0
173.0,86.0
173.0,80.0
173.0,448.0
173.0,815.0
173.0,16.0
173.0,649.0
173.0,304.0
174.0,181.0
174.0,22.0
174.0,860.0
174.0,599.0
174.0,207.0
174.0,759.0
174.0,160.0
174.0,591.0
174.0,962.0
174.0,41.0
174.0,143.0
174.0,116.0
175.0,753.0
175.0,205.0
175.0,483.0
175.0,1006.0
175.0,74.0
175.0,574.0
175.0,546.0
175.0,378.0
175.0,848.0
175.0,290.0
175.0,427.0
175.0,697.0
176.0,944.0
176.0,563.0
176.0,127.0
176.0,522.0
176.0,276.0
176.0,923.0
176.0,189.0
176.0,809.0
176.0,61.0
176.0,501.0
176.0,291.0
176.0,964.0
177.0,689.0
177.0,567.0
177.0,433.0
177.0,92.0
177.0,735.0
177.0,790.0
177.0,365.0
177.0,518.0
177.0,314.0
177.0,232.0
177.0,584.0
177.0,866.0
178.0,817.0
178.0,764.0
178.0,457.0
178.0,519.0
178.0,990.0
178.0,914.0
178.0,848.0
178.0,648.0
178.0,193.0
178.0,756.0
178.0,96.0
178.0,743.0
179.0,1020.0
179.0,550.0
179.0,10.0
179.0,868.0
179.0,170.0
179.0,4.0
179.0,115.0
179.0,890.0
179.0,756.0
179.0,711.0
179.0,296.0
179.0,336.0
180.0,80.0
180.0,947.0
180.0,406.0
180.0,540.0
180.0,3.0
180.0,954.0
180.0,163.0
180.0,126.0
180.0,857.0
180.0,151.0
180.0,641.0
180.0,59.0
181.0,928.0
181.0,1031.0
181.0,102.0
181.0,319.0
181.0,580.0
181.0,217.0
181.0,378.0
181.0,331.0
181.0,188.0
181.0,753.0
181.0,191.0
181.0,420.0
182.0,431.0
182.0,283.0
182.0,586.0
182.0,832.0
182.0,642.0
182.0,341.0
182.0,749.0
182.0,472.0
182.0,119.0
182.0,111.0
182.0,942.0
182.0,491.0
183.0,758.0
183.0,33.0
183.0,82.0
183.0,598.0
183.0,949.0
183.0,383.0
183.0,732.0
183.0,440.0
183.0,733.0
183.0,428.0
183.0,435.0
183.0,222.0
184.0,320.0
184.0,413.0
184.0,892.0
184.0,987.0
184.0,581.0
184.0,757.0
184.0,344.0
184.0,685.0
184.0,142.0
184.0,526.0
184.0,644.0
184.0,775.0
185.0,1009.0
185.0,315.0
185.0,111.0
185.0,42.0
185.0,163.0
185.0,1033.0
185.0,678.0
185.0,404.0
185.0,864.0
185.0,474.0
185.0,509.0
185.0,213.0
186.0,541.0
186.0,1001.0
186.0,124.0
186.0,657.0
186.0,578.0
186.0,807.0
186.0,898.0
186.0,1.0
186.0,547.0
186.0,817.0
186.0,653.0
186.0,915.0
187.0,881.0
187.0,756.0
187.0,967.0
187.0,308.0
187.0,102.0
187.0,74.0
187.0,787.0
187.0,1007.0
187.0,456.0
187.0,242.0
187.0,0.0
187.0,868.0
188.0,638.0
188.0,976.0
188.0,746.0
188.0,434.0
188.0,543.0
188.0,954.0
188.0,991.0
188.0,372.0
188.0,431.0
188.0,378.0
188.0,1004.0
188.0,1020.0
189.0,991.0
189.0,330.0
189.0,852.0
189.0,275.0
189.0,332.0
189.0,942.0
189.0,98.0
189.0,77.0
189.0,531.0
189.0,370.0
189.0,798.0
189.0,96.0
190.0,777.0
190.0,628.0
190.0,180.0
190.0,1011.0
190.0,125.0
190.0,286.0
190.0,115.0
190.0,654.0
190.0,771.0
190.0,68.0
190.0,552.0
190.0,727.0
191.0,343.0
191.0,44.0
191.0,808.0
191.0,516.0
191.0,575.0
191.0,385.0
191.0,915.0
191.0,277.0
191.0,642.0
191.0,183.0
191.0,939.0
191.0,1018.0
192.0,642.0
192.0,80.0
192.0,19.0
192.0,406.0
192.0,403.0
192.0,628.0
192.0,774.0
192.0,409.0
192.0,676.0
192.0,106.0
192.0,588.0
192.0,1022.0
193.0,535.0
193.0,640.0
193.0,363.0
193.0,539.0
193.0,330.0
193.0,206.0
193.0,707.0
193.0,168.0
193.0,296.0
193.0,538.0
193.0,781.0
193.0,501.0
194.0,268.0
194.0,598.0
194.0,222.0
194.0,543.0
194.0,688.0
194.0,537.0
194.0,344.0
194.0,858.0
194.0,555.0
194.0,346.0
194.0,289.0
194.0,956.0
195.0,34.0
195.0,72.0
195.0,653.0
195.0,916.0
195.0,703.0
195.0,392.0
195.0,635.0
195.0,671.0
195.0,447.0
195.0,851.0
195.0,14.0
195.0,895.0
196.0,867.0
196.0,803.0
196.0,996.0
196.0,470.0
196.0,159.0
196.0,220.0
196.0,313.0
196.0,329.0
196.0,542.0
196.0,746.0
196.0,385.0
196.0,504.0
197.0,814.0
197.0,109.0
197.0,17.0
197.0,945.0
197.0,40.0
197.0,579.0
197.0,413.0
197.0,48.0
197.0,166.0
197.0,405.0
197.0,365.0
197.0,306.0
198.0,605.0
198.0,912.0
198.0,924.0
198.0,421.0
198.0,204.0
198.0,159.0
198.0,325.0
198.0,261.0
198.0,216.0
198.0,414.0
198.0,31.0
198.0,973.0
199.0,99.0
199.0,506.0
199.0,871.0
199.0,364.0
199.0,456.0
199.0,243.0
199.0,905.0
199.0,104.0
199.0,241.0
199.0,85.0
199.0,337.0
199.0,540.0
200.0,338.0
200.0,918.0
200.0,264.0
200.0,778.0
200.0,967.0
200.0,798.0
200.0,796.0
200.0,754.0
200.0,437.0
200.0,31.0
200.0,209.0
200.0,728.0
201.0,601.0
201.0,534.0
201.0,488.0
201.0,776.0
201.0,626.0
201.0,350.0
201.0,888.0
201.0,562.0
201.0,800.0
201.0,144.0
201.0,297.0
201.0,679.0
202.0,422.0
202.0,35.0
202.0,977.0
202.0,901.0
202.0,1018.0
202.0,227.0
202.0,453.0
202.0,233.0
202.0,283.0
202.0,12.0
202.0,118.0
202.0,891.0
203.0,318.0
203.0,276.0
203.0,553.0
203.0,659.0
203.0,290.0
203.0,334.0
203.0,310.0
203.0,944.0
203.0,835.0
203.0,383.0
203.0,339.0
203.0,540.0
204.0,160.0
204.0,131.0
204.0,706.0
204.0,605.0
204.0,740.0
204.0,992.0
204.0,341.0
204.0,44.0
204.0,397.0
204.0,469.0
204.0,259.0
204.0,660.0
205.0,991.0
205.0,566.0
205.0,817.0
205.0,370.0
205.0,659.0
205.0,1029.0
205.0,997.0
205.0,1028.0
205.0,273.0
205.0,686.0
205.0,245.0
205.0,9.0
206.0,522.0
206.0,571.0
206.0,473.0
206.0,304.0
206.0,658.0
206.0,711.0
206.0,115.0
206.0,695.0
206.0,554.0
206.0,516.0
206.0,674.0
206.0,933.0
207.0,234.0
207.0,169.0
207.0,285.0
207.0,645.0
207.0,646.0
207.0,464.0
207.0,487.0
207.0,330.0
207.0,401.0
207.0,104.0
207.0,444.0
207.0,656.0
208.0,868.0
208.0,241.0
208.0,973.0
208.0,805.0
208.0,705.0
208.0,721.0
208.0,261.0
208.0,565.0
208.0,846.0
208.0,449.0
208.0,329.0
208.0,599.0
209.0,1011.0
209.0,470.0
209.0,709.0
209.0,888.0
209.0,109.0
209.0,941.0
209.0,842.0
209.0,153.0
209.0,53.0
209.0,820.0
209.0,778.0
209.0,957.0
210.0,131.0
210.0,1007.0
210.0,289.0
210.0,799.0
210.0,913.0
210.0,1006.0
210.0,179.0
210.0,919.0
210.0,276.0
210.0,923.0
210.0,310.0
210.0,827.0
211.0,486.0
211.0,237.0
211.0,538.0
211.0,241.0
211.0,801.0
211.0,513.0
211.0,110.0
211.0,424.0
211.0,309.0
211.0,57.0
211.0,112.0
211.0,293.0
212.0,266.0
212.0,919.0
212.0,971.0
212.0,839.0
212.0,19.0
212.0,687.0
212.0,220.0
212.0,440.0
212.0,737.0
212.0,130.0
212.0,608.0
212.0,665.0
213.0,74.0
213.0,775.0
213.0,136.0
213.0,511.0
213.0,381.0
213.0,83.0
213.0,340.0
213.0,148.0
213.0,621.0
213.0,875.0
213.0,265.0
213.0,90.0
214.0,243.0
214.0,542.0
214.0,331.0
214.0,554.0
214.0,889.0
214.0,584.0
214.0,463.0
214.0,902.0
214.0,477.0
214.0,497.0
214.0,667.0
214.0,41.0
215.0,687.0
215.0,276.0
215.0,586.0
215.0,611.0
215.0,357.0
215.0,667.0
215.0,986.0
215.0,723.0
215.0,69.0
215.0,258.0
215.0,384.0
215.0,964.0
216.0,208.0
216.0,865.0
216.0,917.0
216.0,364.0
216.0,140.0
216.0,700.0
216.0,253.0
216.0,1010.0
216.0,779.0
216.0,705.0
216.0,462.0
216.0,430.0
217.0,756.0
217.0,226.0
217.0,494.0
217.0,964.0
217.0,984.0
217.0,55.0
217.0,791.0
217.0,54.0
217.0,1020.0
217.0,131.0
217.0,967.0
217.0,310.0
218.0,431.0
218.0,820.0
218.0,956.0
218.0,359.0
218.0,723.0
218.0,724.0
218.0,530.0
218.0,799.0
218.0,482.0
218.0,473.0
218.0,266.0
218.0,947.0
219.0,513.0
219.0,597.0
219.0,905.0
219.0,227.0
219.0,554.0
219.0,694.0
219.0,749.0
219.0,977.0
219.0,981.0
219.0,544.0
219.0,479.0
219.0,838.0
220.0,473.0
220.0,83.0
220.0,266.0
220.0,188.0
220.0,3.0
220.0,748.0
220.0,111.0
220.0,538.0
220.0,945.0
220.0,546.0
220.0,578.0
220.0,235.0
221.0,559.0
221.0,470.0
221.0,705.0
221.0,539.0
221.0,718.0
221.0,81.0
221.0,672.0
221.0,220.0
221.0,706.0
221.0,291.0
221.0,1031.0
221.0,89.0
222.0,310.0
222.0,275.0
222.0,36.0
222.0,847.0
222.0,666.0
222.0,755.0
222.0,235.0
222.0,1030.0
222.0,516.0
222.0,824.0
222.0,30.0
222.0,496.0
223.0,544.0
223.0,759.0
223.0,295.0
223.0,300.0
223.0,260.0
223.0,873.0
223.0,416.0
223.0,789.0
223.0,783.0
223.0,191.0
223.0,560.0
223.0,275.0
224.0,733.0
224.0,423.0
224.0,1027.0
224.0,359.0
224.0,643.0
224.0,512.0
224.0,357.0
224.0,752.0
224.0,691.0
224.0,418.0
224.0,445.0
224.0,118.0
225.0,53.0
225.0,293.0
225.0,627.0
225.0,913.0
225.0,803.0
225.0,441.0
225.0,822.0
225.0,972.0
225.0,572.0
225.0,474.0
225.0,765.0
225.0,316.0
226.0,214.0
226.0,286.0
226.0,889.0
226.0,828.0
226.0,884.0
226.0,536.0
226.0,684.0
226.0,500.0
226.0,566.0
226.0,436.0
226.0,754.0
226.0,559.0
227.0,734.0
227.0,377.0
227.0,792.0
227.0,581.0
227.0,840.0
227.0,530.0
227.0,713.0
227.0,317.0
227.0,50.0
227.0,650.0
227.0,1009.0
227.0,1010.0
228.0,665.0
228.0,220.0
228.0,571.0
228.0,674.0
228.0,959.0
228.0,395.0
228.0,50.0
228.0,374.0
228.0,331.0
228.0,91.0
228.0,847.0
228.0,856.0
229.0,818.0
229.0,392.0
229.0,124.0
229.0,223.0
229.0,505.0
229.0,453.0
229.0,728.0
229.0,492.0
229.0,677.0
229.0,967.0
229.0,46.0
229.0,472.0
230.0,632.0
230.0,659.0
230.0,316.0
230.0,204.0
230.0,616.0
230.0,351.0
230.0,872.0
230.0,177.0
230.0,576.0
230.0,200.0
230.0,663.0
230.0,771.0
231.0,586.0
231.0,856.0
231.0,820.0
231.0,795.0
231.0,47.0
231.0,503.0
231.0,241.0
231.0,926.0
231.0,205.0
231.0,603.0
231.0,785.0
231.0,969.0
232.0,740.0
232.0,161.0
232.0,1003.0
232.0,309.0
232.0,954.0
232.0,479.0
232.0,781.0
232.0,198.0
232.0,672.0
232.0,735.0
232.0,301.0
232.0,718.0
233.0,734.0
233.0,655.0
233.0,354.0
233.0,789.0
233.0,704.0
233.0,284.0
233.0,94.0
233.0,547.0
233.0,830.0
233.0,642.0
233.0,808.0
233.0,131.0
234.0,285.0
234.0,236.0
234.0,7.0
234.0,580.0
234.0,412.0
234.0,480.0
234.0,750.0
234.0,997.0
234.0,831.0
234.0,425.0
234.0,245.0
234.0,986.0
235.0,903.0
235.0,243.0
235.0,672.0
235.0,188.0
235.0,856.0
235.0,157.0
235.0,691.0
235.0,220.0
235.0,383.0
235.0,176.0
235.0,845.0
235.0,805.0
236.0,373.0
236.0,911.0
236.0,937.0
236.0,64.0
236.0,1028.0
236.0,148.0
236.0,716.0
236.0,645.0
236.0,478.0
236.0,971.0
236.0,528.0
236.0,543.0
237.0,341.0
237.0,917.0
237.0,363.0
237.0,561.0
237.0,441.0
237.0,926.0
237.0,150.0
237.0,579.0
237.0,628.0
237.0,492.0
237.0,424.0
237.0,1035.0
238.0,207.0
238.0,297.0
238.0,857.0
238.0,381.0
238.0,995.0
238.0,409.0
238.0,373.0
238.0,478.0
238.0,2.0
238.0,776.0
238.0,1030.0
238.0,22.0
239.0,304.0
239.0,209.0
239.0,1023.0
239.0,988.0
239.0,680.0
239.0,259.0
239.0,31.0
239.0,907.0
239.0,131.0
239.0,605.0
239.0,800.0
239.0,291.0
240.0,413.0
240.0,177.0
240.0,441.0
240.0,458.0
240.0,92.0
240.0,467.0
240.0,601.0
240.0,572.0
240.0,689.0
240.0,739.0
240.0,313.0
240.0,301.0
241.0,787.0
241.0,309.0
241.0,329.0
241.0,659.0
241.0,166.0
241.0,423.0
241.0,513.0
241.0,883.0
241.0,339.0
241.0,836.0
241.0,486.0
241.0,130.0
242.0,744.0
242.0,711.0
242.0,494.0
242.0,710.0
242.0,367.0
242.0,301.0
242.0,334.0
242.0,168.0
242.0,516.0
242.0,856.0
242.0,577.0
242.0,423.0
243.0,170.0
243.0,176.0
243.0,563.0
243.0,491.0
243.0,363.0
243.0,938.0
243.0,367.0
243.0,889.0
243.0,445.0
243.0,964.0
243.0,707.0
243.0,154.0
244.0,51.0
244.0,56.0
244.0,516.0
244.0,50.0
244.0,612.0
244.0,94.0
244.0,1009.0
244.0,293.0
244.0,545.0
244.0,622.0
244.0,946.0
244.0,467.0
245.0,734.0
245.0,138.0
245.0,697.0
245.0,875.0
245.0,595.0
245.0,165.0
245.0,941.0
245.0,224.0
245.0,695.0
245.0,428.0
245.0,623.0
245.0,416.0
246.0,651.0
246.0,271.0
246.0,402.0
246.0,90.0
246.0,368.0
246.0,697.0
246.0,250.0
246.0,702.0
246.0,410.0
246.0,94.0
246.0,224.0
246.0,858.0
247.0,399.0
247.0,402.0
247.0,661.0
247.0,686.0
247.0,443.0
247.0,148.0
247.0,303.0
247.0,683.0
247.0,598.0
247.0,477.0
247.0,833.0
247.0,860.0
248.0,259.0
248.0,6.0
248.0,397.0
248.0,903.0
248.0,153.0
248.0,449.0
248.0,129.0
248.0,318.0
248.0,143.0
248.0,930.0
248.0,204.0
248.0,1008.0
249.0,596.0
249.0,706.0
249.0,1021.0
249.0,338.0
249.0,388.0
249.0,593.0
249.0,595.0
249.0,88.0
249.0,836.0
249.0,771.0
249.0,314.0
249.0,398.0
250.0,41.0
250.0,552.0
250.0,1029.0
250.0,160.0
250.0,228.0
250.0,143.0
250.0,460.0
250.0,928.0
250.0,830.0
250.0,327.0
250.0,651.0
250.0,1024.0
251.0,969.0
251.0,794.0
251.0,266.0
251.0,13.0
251.0,548.0
251.0,410.0
251.0,758.0
251.0,670.0
251.0,213.0
251.0,908.0
251.0,383.0
251.0,291.0
252.0,166.0
252.0,462.0
252.0,742.0
252.0,938.0
252.0,386.0
252.0,339.0
252.0,832.0
252.0,491.0
252.0,139.0
252.0,909.0
252.0,302.0
252.0,609.0
253.0,349.0
253.0,512.0
253.0,155.0
253.0,395.0
253.0,888.0
253.0,556.0
253.0,339.0
253.0,632.0
253.0,769.0
253.0,179.0
253.0,922.0
253.0,837.0
254.0,440.0
254.0,740.0
254.0,1024.0
254.0,566.0
254.0,658.0
254.0,777.0
254.0,913.0
254.0,665.0
254.0,463.0
254.0,805.0
254.0,986.0
254.0,1008.0
255.0,529.0
255.0,8.0
255.0,140.0
255.0,429.0
255.0,347.0
255.0,93.0
255.0,600.0
255.0,45.0
255.0,811.0
255.0,801.0
255.0,521.0
255.0,639.0
256.0,77.0
256.0,36.0
256.0,965.0
256.0,753.0
256.0,483.0
256.0,465.0
256.0,401.0
256.0,770.0
256.0,188.0
256.0,772.0
256.0,954.0
256.0,697.0
257.0,578.0
257.0,697.0
257.0,557.0
257.0,235.0
257.0,779.0
257.0,674.0
257.0,72.0
257.0,565.0
257.0,658.0
257.0,170.0
257.0,1018.0
257.0,381.0
258.0,860.0
258.0,943.0
258.0,774.0
258.0,215.0
258.0,95.0
258.0,955.0
258.0,842.0
258.0,71.0
258.0,737.0
258.0,59.0
258.0,182.0
258.0,191.0
259.0,871.0
259.0,752.0
259.0,31.0
259.0,121.0
259.0,1004.0
259.0,1011.0
259.0,17.0
259.0,821.0
259.0,852.0
259.0,120.0
259.0,117.0
259.0,512.0
260.0,792.0
260.0,37.0
260.0,36.0
260.0,454.0
260.0,340.0
260.0,435.0
260.0,983.0
260.0,289.0
260.0,464.0
260.0,673.0
260.0,428.0
260.0,730.0
261.0,367.0
261.0,337.0
261.0,749.0
261.0,411.0
261.0,307.0
261.0,933.0
261.0,974.0
261.0,845.0
261.0,334.0
261.0,946.0
261.0,499.0
261.0,884.0
262.0,350.0
262.0,774.0
262.0,311.0
262.0,320.0
262.0,40.0
262.0,109.0
262.0,21.0
262.0,958.0
262.0,459.0
262.0,843.0
262.0,468.0
262.0,173.0
263.0,309.0
263.0,799.0
263.0,591.0
263.0,723.0
263.0,493.0
263.0,267.0
263.0,534.0
263.0,71.0
263.0,169.0
263.0,656.0
263.0,174.0
263.0,826.0
264.0,993.0
264.0,862.0
264.0,474.0
264.0,517.0
264.0,793.0
264.0,389.0
264.0,627.0
264.0,999.0
264.0,309.0
264.0,917.0
264.0,840.0
264.0,466.0
265.0,686.0
265.0,824.0
265.0,634.0
265.0,442.0
265.0,687.0
265.0,504.0
265.0,594.0
265.0,674.0
265.0,226.0
265.0,598.0
265.0,156.0
265.0,359.0
266.0,667.0
266.0,973.0
266.0,384.0
266.0,504.0
266.0,82.0
266.0,895.0
266.0,944.0
266.0,933.0
266.0,576.0
266.0,612.0
266.0,556.0
266.0,385.0
267.0,415.0
267.0,421.0
267.0,987.0
267.0,1030.0
267.0,998.0
267.0,729.0
267.0,724.0
267.0,1019.0
267.0,54.0
267.0,974.0
267.0,212.0
267.0,929.0
268.0,117.0
268.0,445.0
268.0,246.0
268.0,928.0
268.0,279.0
268.0,933.0
268.0,378.0
268.0,148.0
268.0,842.0
268.0,7.0
268.0,733.0
268.0,511.0
269.0,243.0
269.0,593.0
269.0,795.0
269.0,436.0
269.0,12.0
269.0,298.0
269.0,674.0
269.0,523.0
269.0,146.0
269.0,994.0
269.0,157.0
269.0,82.0
270.0,343.0
270.0,84.0
270.0,116.0
270.0,752.0
270.0,142.0
270.0,843.0
270.0,970.0
270.0,819.0
270.0,508.0
270.0,994.0
270.0,401.0
270.0,188.0
271.0,295.0
271.0,1001.0
271.0,260.0
271.0,1004.0
271.0,714.0
271.0,935.0
271.0,300.0
271.0,650.0
271.0,391.0
271.0,14.0
271.0,662.0
271.0,582.0
272.0,935.0
272.0,650.0
272.0,84.0
272.0,39.0
272.0,1017.0
272.0,519.0
272.0,523.0
272.0,816.0
272.0,142.0
272.0,251.0
272.0,682.0
272.0,928.0
273.0,837.0
273.0,138.0
273.0,327.0
273.0,541.0
273.0,670.0
273.0,175.0
273.0,932.0
273.0,361.0
273.0,920.0
273.0,608.0
273.0,335.0
273.0,457.0
274.0,809.0
274.0,767.0
274.0,30.0
274.0,315.0
274.0,42.0
274.0,835.0
274.0,418.0
274.0,196.0
274.0,722.0
274.0,996.0
274.0,115.0
274.0,522.0
275.0,442.0
275.0,36.0
275.0,416.0
275.0,327.0
275.0,973.0
275.0,37.0
275.0,785.0
275.0,301.0
275.0,294.0
275.0,738.0
275.0,346.0
275.0,1013.0
276.0,914.0
276.0,231.0
276.0,71.0
276.0,538.0
276.0,228.0
276.0,436.0
276.0,516.0
276.0,330.0
276.0,112.0
276.0,146.0
276.0,620.0
276.0,182.0
277.0,653.0
277.0,208.0
277.0,514.0
277.0,692.0
277.0,701.0
277.0,134.0
277.0,600.0
277.0,227.0
277.0,698.0
277.0,191.0
277.0,703.0
277.0,158.0
278.0,103.0
278.0,637.0
278.0,722.0
278.0,870.0
278.0,663.0
278.0,567.0
278.0,712.0
278.0,895.0
278.0,193.0
278.0,51.0
278.0,198.0
278.0,403.0
279.0,189.0
279.0,844.0
279.0,566.0
279.0,245.0
279.0,331.0
279.0,448.0
279.0,327.0
279.0,412.0
279.0,53.0
279.0,363.0
279.0,206.0
279.0,866.0
280.0,678.0
280.0,721.0
280.0,78.0
280.0,55.0
280.0,873.0
280.0,335.0
280.0,51.0
280.0,96.0
280.0,219.0
280.0,87.0
280.0,692.0
280.0,58.0
281.0,1005.0
281.0,286.0
281.0,16.0
281.0,962.0
281.0,681.0
281.0,311.0
281.0,900.0
281.0,981.0
281.0,724.0
281.0,358.0
281.0,207.0
281.0,664.0
282.0,342.0
282.0,1034.0
282.0,776.0
282.0,897.0
282.0,117.0
282.0,86.0
282.0,43.0
282.0,604.0
282.0,290.0
282.0,835.0
282.0,998.0
282.0,894.0
283.0,211.0
283.0,717.0
283.0,12.0
283.0,158.0
283.0,672.0
283.0,193.0
283.0,552.0
283.0,493.0
283.0,846.0
283.0,586.0
283.0,820.0
283.0,208.0
284.0,944.0
284.0,188.0
284.0,158.0
284.0,424.0
284.0,938.0
284.0,530.0
284.0,568.0
284.0,989.0
284.0,932.0
284.0,233.0
284.0,560.0
284.0,793.0
285.0,263.0
285.0,646.0
285.0,90.0
285.0,962.0
285.0,819.0
285.0,399.0
285.0,953.0
285.0,64.0
285.0,444.0
285.0,831.0
285.0,535.0
285.0,301.0
286.0,942.0
286.0,15.0
286.0,491.0
286.0,1017.0
286.0,167.0
286.0,725.0
286.0,176.0
286.0,182.0
286.0,261.0
286.0,642.0
286.0,662.0
286.0,157.0
287.0,267.0
287.0,172.0
287.0,707.0
287.0,608.0
287.0,764.0
287.0,745.0
287.0,206.0
287.0,466.0
287.0,1004.0
287.0,958.0
287.0,384.0
287.0,964.0
288.0,835.0
288.0,0.0
288.0,367.0
288.0,764.0
288.0,183.0
288.0,205.0
288.0,638.0
288.0,149.0
288.0,90.0
288.0,665.0
288.0,592.0
288.0,534.0
289.0,202.0
289.0,657.0
289.0,353.0
289.0,377.0
289.0,84.0
289.0,205.0
289.0,194.0
289.0,746.0
289.0,366.0
289.0,60.0
289.0,830.0
289.0,250.0
290.0,672.0
290.0,130.0
290.0,27.0
290.0,845.0
290.0,493.0
290.0,756.0
290.0,221.0
290.0,856.0
290.0,543.0
290.0,254.0
290.0,629.0
290.0,559.0
291.0,188.0
291.0,559.0
291.0,288.0
291.0,580.0
291.0,470.0
291.0,70.0
291.0,971.0
291.0,974.0
291.0,196.0
291.0,224.0
291.0,919.0
291.0,275.0
292.0,744.0
292.0,414.0
292.0,150.0
292.0,102.0
292.0,1031.0
292.0,767.0
292.0,235.0
292.0,32.0
292.0,250.0
292.0,640.0
292.0,438.0
292.0,514.0
293.0,400.0
293.0,627.0
293.0,1.0
293.0,23.0
293.0,865.0
293.0,140.0
293.0,801.0
293.0,561.0
293.0,67.0
293.0,572.0
293.0,315.0
293.0,579.0
294.0,723.0
294.0,18.0
294.0,335.0
294.0,296.0
294.0,789.0
294.0,910.0
294.0,82.0
294.0,612.0
294.0,996.0
294.0,991.0
294.0,175.0
294.0,674.0
295.0,489.0
295.0,428.0
295.0,14.0
295.0,194.0
295.0,1024.0
295.0,462.0
295.0,422.0
295.0,502.0
295.0,1028.0
295.0,202.0
295.0,965.0
295.0,594.0
296.0,122.0
296.0,16.0
296.0,367.0
296.0,372.0
296.0,1029.0
296.0,104.0
296.0,997.0
296.0,534.0
296.0,151.0
296.0,776.0
296.0,103.0
296.0,221.0
297.0,40.0
297.0,799.0
297.0,298.0
297.0,618.0
297.0,814.0
297.0,64.0
297.0,425.0
297.0,21.0
297.0,358.0
297.0,305.0
297.0,888.0
297.0,409.0
298.0,875.0
298.0,235.0
298.0,531.0
298.0,690.0
298.0,417.0
298.0,707.0
298.0,436.0
298.0,774.0
298.0,706.0
298.0,287.0
298.0,431.0
298.0,304.0
299.0,220.0
299.0,672.0
299.0,163.0
299.0,754.0
299.0,262.0
299.0,584.0
299.0,466.0
299.0,407.0
299.0,352.0
299.0,79.0
299.0,292.0
299.0,146.0
300.0,548.0
300.0,806.0
300.0,453.0
300.0,848.0
300.0,133.0
300.0,391.0
300.0,906.0
300.0,862.0
300.0,1013.0
300.0,170.0
300.0,171.0
300.0,333.0
301.0,692.0
301.0,931.0
301.0,846.0
301.0,913.0
301.0,828.0
301.0,939.0
301.0,415.0
301.0,278.0
301.0,866.0
301.0,736.0
301.0,618.0
301.0,594.0
302.0,529.0
302.0,67.0
302.0,187.0
302.0,560.0
302.0,898.0
302.0,157.0
302.0,633.0
302.0,861.0
302.0,242.0
302.0,635.0
302.0,472.0
302.0,35.0
303.0,7.0
303.0,22.0
303.0,619.0
303.0,937.0
303.0,272.0
303.0,730.0
303.0,761.0
303.0,569.0
303.0,881.0
303.0,247.0
303.0,656.0
303.0,702.0
304.0,151.0
304.0,866.0
304.0,989.0
304.0,759.0
304.0,847.0
304.0,189.0
304.0,532.0
304.0,719.0
304.0,168.0
304.0,150.0
304.0,242.0
304.0,431.0
305.0,320.0
305.0,142.0
305.0,450.0
305.0,311.0
305.0,843.0
305.0,465.0
305.0,562.0
305.0,776.0
305.0,136.0
305.0,448.0
305.0,726.0
305.0,854.0
306.0,641.0
306.0,771.0
306.0,800.0
306.0,649.0
306.0,841.0
306.0,382.0
306.0,980.0
306.0,120.0
306.0,365.0
306.0,484.0
306.0,500.0
306.0,388.0
307.0,996.0
307.0,516.0
307.0,9.0
307.0,942.0
307.0,467.0
307.0,216.0
307.0,748.0
307.0,574.0
307.0,102.0
307.0,712.0
307.0,43.0
307.0,80.0
308.0,336.0
308.0,770.0
308.0,370.0
308.0,815.0
308.0,24.0
308.0,286.0
308.0,75.0
308.0,718.0
308.0,991.0
308.0,903.0
308.0,624.0
308.0,149.0
309.0,694.0
309.0,314.0
309.0,95.0
309.0,778.0
309.0,154.0
309.0,742.0
309.0,832.0
309.0,330.0
309.0,206.0
309.0,948.0
309.0,1012.0
309.0,351.0
310.0,76.0
310.0,438.0
310.0,127.0
310.0,931.0
310.0,533.0
310.0,906.0
310.0,855.0
310.0,945.0
310.0,60.0
310.0,977.0
310.0,430.0
310.0,29.0
311.0,468.0
311.0,388.0
311.0,174.0
311.0,726.0
311.0,297.0
311.0,613.0
311.0,343.0
311.0,484.0
311.0,956.0
311.0,379.0
311.0,207.0
311.0,4.0
312.0,928.0
312.0,171.0
312.0,269.0
312.0,72.0
312.0,168.0
312.0,20.0
312.0,678.0
312.0,734.0
312.0,495.0
312.0,277.0
312.0,396.0
312.0,502.0
313.0,1031.0
313.0,533.0
313.0,188.0
313.0,932.0
313.0,330.0
313.0,777.0
313.0,578.0
313.0,978.0
313.0,27.0
313.0,220.0
313.0,846.0
313.0,23.0
314.0,654.0
314.0,1002.0
314.0,30.0
314.0,316.0
314.0,423.0
314.0,685.0
314.0,680.0
314.0,802.0
314.0,190.0
314.0,571.0
314.0,365.0
314.0,31.0
315.0,424.0
315.0,767.0
315.0,639.0
315.0,85.0
315.0,110.0
315.0,162.0
315.0,642.0
315.0,94.0
315.0,199.0
315.0,97.0
315.0,62.0
315.0,871.0
316.0,109.0
316.0,129.0
316.0,1023.0
316.0,123.0
316.0,648.0
316.0,230.0
316.0,709.0
316.0,527.0
316.0,680.0
316.0,164.0
316.0,497.0
316.0,314.0
317.0,688.0
317.0,310.0
317.0,221.0
317.0,445.0
317.0,222.0
317.0,82.0
317.0,268.0
317.0,238.0
317.0,1013.0
317.0,112.0
317.0,69.0
317.0,482.0
318.0,597.0
318.0,370.0
318.0,75.0
318.0,652.0
318.0,954.0
318.0,513.0
318.0,143.0
318.0,189.0
318.0,334.0
318.0,999.0
318.0,708.0
318.0,712.0
319.0,889.0
319.0,116.0
319.0,67.0
319.0,946.0
319.0,123.0
319.0,411.0
319.0,241.0
319.0,203.0
319.0,605.0
319.0,512.0
319.0,932.0
319.0,721.0
320.0,395.0
320.0,192.0
320.0,664.0
320.0,401.0
320.0,804.0
320.0,869.0
320.0,947.0
320.0,21.0
320.0,40.0
320.0,837.0
320.0,207.0
320.0,800.0
321.0,1034.0
321.0,588.0
321.0,778.0
321.0,520.0
321.0,933.0
321.0,382.0
321.0,26.0
321.0,899.0
321.0,992.0
321.0,444.0
321.0,553.0
321.0,828.0
322.0,599.0
322.0,49.0
322.0,396.0
322.0,693.0
322.0,498.0
322.0,105.0
322.0,920.0
322.0,252.0
322.0,653.0
322.0,371.0
322.0,815.0
322.0,67.0
323.0,668.0
323.0,721.0
323.0,932.0
323.0,570.0
323.0,907.0
323.0,378.0
323.0,938.0
323.0,507.0
323.0,708.0
323.0,743.0
323.0,599.0
323.0,519.0
324.0,194.0
324.0,1028.0
324.0,663.0
324.0,906.0
324.0,223.0
324.0,807.0
324.0,42.0
324.0,344.0
324.0,289.0
324.0,657.0
324.0,377.0
324.0,286.0
325.0,561.0
325.0,616.0
325.0,576.0
325.0,365.0
325.0,299.0
325.0,926.0
325.0,727.0
325.0,437.0
325.0,813.0
325.0,518.0
325.0,17.0
325.0,354.0
326.0,754.0
326.0,996.0
326.0,182.0
326.0,946.0
326.0,442.0
326.0,994.0
326.0,370.0
326.0,328.0
326.0,795.0
326.0,221.0
326.0,1020.0
326.0,297.0
327.0,450.0
327.0,339.0
327.0,970.0
327.0,820.0
327.0,416.0
327.0,479.0
327.0,76.0
327.0,620.0
327.0,47.0
327.0,729.0
327.0,445.0
327.0,119.0
328.0,774.0
328.0,248.0
328.0,839.0
328.0,477.0
328.0,336.0
328.0,368.0
328.0,707.0
328.0,980.0
328.0,469.0
328.0,108.0
328.0,405.0
328.0,415.0
329.0,345.0
329.0,449.0
329.0,319.0
329.0,308.0
329.0,550.0
329.0,779.0
329.0,78.0
329.0,42.0
329.0,252.0
329.0,200.0
329.0,139.0
329.0,517.0
330.0,1035.0
330.0,576.0
330.0,203.0
330.0,764.0
330.0,176.0
330.0,538.0
330.0,945.0
330.0,226.0
330.0,706.0
330.0,307.0
330.0,38.0
330.0,754.0
331.0,157.0
331.0,948.0
331.0,455.0
331.0,330.0
331.0,759.0
331.0,512.0
331.0,384.0
331.0,607.0
331.0,531.0
331.0,163.0
331.0,288.0
331.0,974.0
332.0,950.0
332.0,360.0
332.0,948.0
332.0,961.0
332.0,1010.0
332.0,228.0
332.0,767.0
332.0,123.0
332.0,335.0
332.0,287.0
332.0,182.0
332.0,130.0
333.0,60.0
333.0,734.0
333.0,931.0
333.0,255.0
333.0,453.0
333.0,392.0
333.0,483.0
333.0,186.0
333.0,811.0
333.0,457.0
333.0,906.0
333.0,366.0
334.0,922.0
334.0,326.0
334.0,276.0
334.0,959.0
334.0,913.0
334.0,470.0
334.0,368.0
334.0,155.0
334.0,755.0
334.0,156.0
334.0,164.0
334.0,711.0
335.0,67.0
335.0,1029.0
335.0,785.0
335.0,868.0
335.0,970.0
335.0,949.0
335.0,60.0
335.0,416.0
335.0,284.0
335.0,20.0
335.0,710.0
335.0,905.0
336.0,125.0
336.0,691.0
336.0,954.0
336.0,903.0
336.0,342.0
336.0,259.0
336.0,545.0
336.0,1019.0
336.0,298.0
336.0,54.0
336.0,449.0
336.0,847.0
337.0,1028.0
337.0,840.0
337.0,112.0
337.0,950.0
337.0,1005.0
337.0,1033.0
337.0,396.0
337.0,274.0
337.0,370.0
337.0,357.0
337.0,157.0
337.0,742.0
338.0,145.0
338.0,88.0
338.0,872.0
338.0,113.0
338.0,689.0
338.0,446.0
338.0,762.0
338.0,709.0
338.0,109.0
338.0,292.0
338.0,314.0
338.0,398.0
339.0,462.0
339.0,103.0
339.0,0.0
339.0,252.0
339.0,149.0
339.0,793.0
339.0,30.0
339.0,565.0
339.0,438.0
339.0,308.0
339.0,220.0
339.0,168.0
340.0,570.0
340.0,289.0
340.0,741.0
340.0,960.0
340.0,631.0
340.0,271.0
340.0,610.0
340.0,935.0
340.0,937.0
340.0,408.0
340.0,848.0
340.0,37.0
341.0,292.0
341.0,561.0
341.0,718.0
341.0,705.0
341.0,490.0
341.0,902.0
341.0,584.0
341.0,518.0
341.0,832.0
341.0,867.0
341.0,814.0
341.0,964.0
342.0,253.0
342.0,757.0
342.0,417.0
342.0,326.0
342.0,1019.0
342.0,628.0
342.0,1014.0
342.0,892.0
342.0,804.0
342.0,573.0
342.0,912.0
342.0,439.0
343.0,893.0
343.0,775.0
343.0,753.0
343.0,799.0
343.0,684.0
343.0,652.0
343.0,601.0
343.0,519.0
343.0,919.0
343.0,236.0
343.0,15.0
343.0,535.0
344.0,115.0
344.0,340.0
344.0,759.0
344.0,366.0
344.0,825.0
344.0,175.0
344.0,33.0
344.0,634.0
344.0,295.0
344.0,610.0
344.0,950.0
344.0,920.0
345.0,968.0
345.0,293.0
345.0,823.0
345.0,647.0
345.0,821.0
345.0,354.0
345.0,593.0
345.0,485.0
345.0,94.0
345.0,185.0
345.0,337.0
345.0,100.0
346.0,594.0
346.0,268.0
346.0,686.0
346.0,858.0
346.0,661.0
346.0,916.0
346.0,618.0
346.0,149.0
346.0,937.0
346.0,949.0
346.0,929.0
346.0,962.0
347.0,249.0
347.0,474.0
347.0,968.0
347.0,663.0
347.0,1010.0
347.0,518.0
347.0,784.0
347.0,823.0
347.0,766.0
347.0,322.0
347.0,1033.0
347.0,917.0
348.0,30.0
348.0,545.0
348.0,771.0
348.0,408.0
348.0,169.0
348.0,375.0
348.0,197.0
348.0,626.0
348.0,287.0
348.0,16.0
348.0,576.0
348.0,153.0
349.0,330.0
349.0,389.0
349.0,139.0
349.0,226.0
349.0,575.0
349.0,220.0
349.0,884.0
349.0,564.0
349.0,715.0
349.0,777.0
349.0,837.0
349.0,976.0
350.0,201.0
350.0,646.0
350.0,108.0
350.0,510.0
350.0,826.0
350.0,358.0
350.0,28.0
350.0,585.0
350.0,845.0
350.0,305.0
350.0,615.0
350.0,297.0
351.0,632.0
351.0,774.0
351.0,92.0
351.0,778.0
351.0,566.0
351.0,334.0
351.0,102.0
351.0,917.0
351.0,164.0
351.0,988.0
351.0,853.0
351.0,742.0
352.0,596.0
352.0,687.0
352.0,740.0
352.0,592.0
352.0,835.0
352.0,611.0
352.0,254.0
352.0,902.0
352.0,101.0
352.0,564.0
352.0,777.0
352.0,627.0
353.0,250.0
353.0,235.0
353.0,82.0
353.0,1028.0
353.0,932.0
353.0,638.0
353.0,779.0
353.0,540.0
353.0,151.0
353.0,570.0
353.0,98.0
353.0,183.0
354.0,538.0
354.0,442.0
354.0,509.0
354.0,242.0
354.0,972.0
354.0,79.0
354.0,352.0
354.0,1.0
354.0,259.0
354.0,732.0
354.0,543.0
354.0,698.0
355.0,455.0
355.0,914.0
355.0,419.0
355.0,960.0
355.0,3.0
355.0,824.0
355.0,39.0
355.0,775.0
355.0,619.0
355.0,1032.0
355.0,774.0
355.0,213.0
356.0,743.0
356.0,63.0
356.0,861.0
356.0,843.0
356.0,838.0
356.0,479.0
356.0,944.0
356.0,909.0
356.0,502.0
356.0,694.0
356.0,67.0
356.0,1020.0
357.0,749.0
357.0,339.0
357.0,1035.0
357.0,711.0
357.0,919.0
357.0,217.0
357.0,524.0
357.0,462.0
357.0,130.0
357.0,836.0
357.0,571.0
357.0,631.0
358.0,885.0
358.0,184.0
358.0,406.0
358.0,995.0
358.0,831.0
358.0,270.0
358.0,545.0
358.0,460.0
358.0,86.0
358.0,797.0
358.0,520.0
358.0,585.0
359.0,111.0
359.0,155.0
359.0,880.0
359.0,487.0
359.0,9.0
359.0,128.0
359.0,525.0
359.0,746.0
359.0,267.0
359.0,83.0
359.0,523.0
359.0,973.0
360.0,961.0
360.0,920.0
360.0,674.0
360.0,339.0
360.0,754.0
360.0,740.0
360.0,571.0
360.0,241.0
360.0,27.0
360.0,554.0
360.0,1008.0
360.0,565.0
361.0,220.0
361.0,130.0
361.0,38.0
361.0,251.0
361.0,308.0
361.0,367.0
361.0,890.0
361.0,30.0
361.0,42.0
361.0,531.0
361.0,73.0
361.0,756.0
362.0,86.0
362.0,143.0
362.0,804.0
362.0,6.0
362.0,755.0
362.0,973.0
362.0,846.0
362.0,358.0
362.0,760.0
362.0,585.0
362.0,201.0
362.0,381.0
363.0,655.0
363.0,243.0
363.0,384.0
363.0,431.0
363.0,656.0
363.0,902.0
363.0,724.0
363.0,1009.0
363.0,378.0
363.0,196.0
363.0,581.0
363.0,368.0
364.0,133.0
364.0,123.0
364.0,326.0
364.0,950.0
364.0,404.0
364.0,474.0
364.0,993.0
364.0,547.0
364.0,587.0
364.0,513.0
364.0,639.0
364.0,766.0
365.0,768.0
365.0,240.0
365.0,1023.0
365.0,855.0
365.0,1002.0
365.0,617.0
365.0,727.0
365.0,152.0
365.0,382.0
365.0,370.0
365.0,628.0
365.0,92.0
366.0,391.0
366.0,472.0
366.0,138.0
366.0,553.0
366.0,502.0
366.0,634.0
366.0,864.0
366.0,171.0
366.0,212.0
366.0,453.0
366.0,416.0
366.0,956.0
367.0,750.0
367.0,678.0
367.0,949.0
367.0,149.0
367.0,733.0
367.0,482.0
367.0,51.0
367.0,489.0
367.0,860.0
367.0,752.0
367.0,989.0
367.0,301.0
368.0,242.0
368.0,420.0
368.0,383.0
368.0,154.0
368.0,625.0
368.0,970.0
368.0,209.0
368.0,76.0
368.0,994.0
368.0,436.0
368.0,719.0
368.0,847.0
369.0,135.0
369.0,0.0
369.0,29.0
369.0,514.0
369.0,331.0
369.0,658.0
369.0,463.0
369.0,553.0
369.0,273.0
369.0,410.0
369.0,173.0
369.0,650.0
370.0,890.0
370.0,341.0
370.0,423.0
370.0,242.0
370.0,130.0
370.0,969.0
370.0,524.0
370.0,56.0
370.0,319.0
370.0,214.0
370.0,662.0
370.0,4.0
371.0,781.0
371.0,779.0
371.0,501.0
371.0,80.0
371.0,739.0
371.0,233.0
371.0,1017.0
371.0,964.0
371.0,587.0
371.0,721.0
371.0,44.0
371.0,1008.0
372.0,919.0
372.0,739.0
372.0,218.0
372.0,584.0
372.0,959.0
372.0,970.0
372.0,684.0
372.0,107.0
372.0,760.0
372.0,79.0
372.0,298.0
372.0,318.0
373.0,281.0
373.0,296.0
373.0,902.0
373.0,136.0
373.0,827.0
373.0,128.0
373.0,317.0
373.0,788.0
373.0,911.0
373.0,379.0
373.0,269.0
373.0,842.0
374.0,360.0
374.0,862.0
374.0,483.0
374.0,932.0
374.0,372.0
374.0,276.0
374.0,540.0
374.0,462.0
374.0,307.0
374.0,336.0
374.0,869.0
374.0,861.0
375.0,417.0
375.0,92.0
375.0,212.0
375.0,40.0
375.0,676.0
375.0,957.0
375.0,1015.0
375.0,625.0
375.0,716.0
375.0,68.0
375.0,320.0
375.0,180.0
376.0,1012.0
376.0,812.0
376.0,592.0
376.0,806.0
376.0,703.0
376.0,779.0
376.0,1010.0
376.0,792.0
376.0,457.0
376.0,163.0
376.0,838.0
376.0,657.0
377.0,289.0
377.0,557.0
377.0,219.0
377.0,672.0
377.0,1025.0
377.0,301.0
377.0,547.0
377.0,643.0
377.0,134.0
377.0,578.0
377.0,76.0
377.0,168.0
378.0,718.0
378.0,214.0
378.0,319.0
378.0,217.0
378.0,357.0
378.0,377.0
378.0,368.0
378.0,599.0
378.0,482.0
378.0,866.0
378.0,584.0
378.0,922.0
379.0,590.0
379.0,741.0
379.0,729.0
379.0,1013.0
379.0,268.0
379.0,303.0
379.0,270.0
379.0,621.0
379.0,95.0
379.0,619.0
379.0,442.0
379.0,136.0
380.0,327.0
380.0,705.0
380.0,63.0
380.0,25.0
380.0,526.0
380.0,363.0
380.0,913.0
380.0,287.0
380.0,151.0
380.0,10.0
380.0,926.0
380.0,867.0
381.0,409.0
381.0,382.0
381.0,508.0
381.0,775.0
381.0,535.0
381.0,172.0
381.0,478.0
381.0,589.0
381.0,126.0
381.0,470.0
381.0,90.0
381.0,137.0
382.0,306.0
382.0,40.0
382.0,814.0
382.0,136.0
382.0,55.0
382.0,771.0
382.0,374.0
382.0,669.0
382.0,266.0
382.0,588.0
382.0,466.0
382.0,562.0
383.0,794.0
383.0,268.0
383.0,486.0
383.0,196.0
383.0,281.0
383.0,434.0
383.0,232.0
383.0,777.0
383.0,15.0
383.0,273.0
383.0,524.0
383.0,160.0
384.0,98.0
384.0,9.0
384.0,946.0
384.0,151.0
384.0,181.0
384.0,543.0
384.0,759.0
384.0,919.0
384.0,408.0
384.0,160.0
384.0,960.0
384.0,884.0
385.0,270.0
385.0,666.0
385.0,981.0
385.0,160.0
385.0,515.0
385.0,956.0
385.0,585.0
385.0,646.0
385.0,725.0
385.0,191.0
385.0,795.0
385.0,48.0
386.0,347.0
386.0,835.0
386.0,579.0
386.0,452.0
386.0,404.0
386.0,278.0
386.0,587.0
386.0,62.0
386.0,293.0
386.0,793.0
386.0,446.0
386.0,647.0
387.0,545.0
387.0,664.0
387.0,885.0
387.0,879.0
387.0,163.0
387.0,442.0
387.0,832.0
387.0,728.0
387.0,360.0
387.0,157.0
387.0,259.0
387.0,1031.0
388.0,468.0
388.0,69.0
388.0,451.0
388.0,964.0
388.0,880.0
388.0,24.0
388.0,947.0
388.0,953.0
388.0,68.0
388.0,258.0
388.0,220.0
388.0,728.0
389.0,382.0
389.0,950.0
389.0,499.0
389.0,42.0
389.0,672.0
389.0,199.0
389.0,787.0
389.0,630.0
389.0,659.0
389.0,397.0
389.0,667.0
389.0,150.0
390.0,685.0
390.0,433.0
390.0,644.0
390.0,325.0
390.0,632.0
390.0,518.0
390.0,814.0
390.0,109.0
390.0,628.0
390.0,437.0
390.0,177.0
390.0,314.0
391.0,780.0
391.0,454.0
391.0,730.0
391.0,633.0
391.0,674.0
391.0,873.0
391.0,548.0
391.0,294.0
391.0,764.0
391.0,175.0
391.0,399.0
391.0,983.0
392.0,694.0
392.0,312.0
392.0,411.0
392.0,703.0
392.0,302.0
392.0,168.0
392.0,832.0
392.0,986.0
392.0,505.0
392.0,984.0
392.0,909.0
392.0,789.0
393.0,260.0
393.0,633.0
393.0,136.0
393.0,758.0
393.0,634.0
393.0,447.0
393.0,251.0
393.0,402.0
393.0,435.0
393.0,346.0
393.0,886.0
393.0,300.0
394.0,988.0
394.0,209.0
394.0,248.0
394.0,932.0
394.0,539.0
394.0,309.0
394.0,663.0
394.0,500.0
394.0,715.0
394.0,461.0
394.0,230.0
394.0,823.0
395.0,586.0
395.0,932.0
395.0,359.0
395.0,298.0
395.0,538.0
395.0,687.0
395.0,217.0
395.0,126.0
395.0,74.0
395.0,612.0
395.0,516.0
395.0,341.0
396.0,428.0
396.0,704.0
396.0,513.0
396.0,105.0
396.0,94.0
396.0,227.0
396.0,36.0
396.0,657.0
396.0,12.0
396.0,806.0
396.0,701.0
396.0,1018.0
397.0,395.0
397.0,754.0
397.0,832.0
397.0,934.0
397.0,571.0
397.0,611.0
397.0,836.0
397.0,774.0
397.0,563.0
397.0,24.0
397.0,107.0
397.0,975.0
398.0,438.0
398.0,55.0
398.0,88.0
398.0,593.0
398.0,762.0
398.0,709.0
398.0,693.0
398.0,237.0
398.0,930.0
398.0,872.0
398.0,715.0
398.0,337.0
399.0,116.0
399.0,379.0
399.0,827.0
399.0,419.0
399.0,77.0
399.0,4.0
399.0,358.0
399.0,465.0
399.0,534.0
399.0,297.0
399.0,420.0
399.0,810.0
400.0,740.0
400.0,97.0
400.0,8.0
400.0,602.0
400.0,639.0
400.0,264.0
400.0,214.0
400.0,651.0
400.0,58.0
400.0,1033.0
400.0,722.0
400.0,823.0
401.0,128.0
401.0,207.0
401.0,16.0
401.0,831.0
401.0,938.0
401.0,146.0
401.0,585.0
401.0,884.0
401.0,69.0
401.0,992.0
401.0,775.0
401.0,218.0
402.0,1013.0
402.0,673.0
402.0,415.0
402.0,825.0
402.0,146.0
402.0,332.0
402.0,702.0
402.0,246.0
402.0,810.0
402.0,556.0
402.0,566.0
402.0,410.0
403.0,201.0
403.0,382.0
403.0,348.0
403.0,86.0
403.0,365.0
403.0,611.0
403.0,641.0
403.0,712.0
403.0,3.0
403.0,417.0
403.0,1023.0
403.0,562.0
404.0,498.0
404.0,241.0
404.0,961.0
404.0,418.0
404.0,795.0
404.0,856.0
404.0,739.0
404.0,517.0
404.0,104.0
404.0,293.0
404.0,261.0
404.0,730.0
405.0,958.0
405.0,218.0
405.0,827.0
405.0,630.0
405.0,281.0
405.0,261.0
405.0,388.0
405.0,611.0
405.0,477.0
405.0,596.0
405.0,326.0
405.0,303.0
406.0,409.0
406.0,549.0
406.0,343.0
406.0,362.0
406.0,591.0
406.0,388.0
406.0,430.0
406.0,468.0
406.0,297.0
406.0,128.0
406.0,350.0
406.0,956.0
407.0,556.0
407.0,600.0
407.0,175.0
407.0,231.0
407.0,107.0
407.0,483.0
407.0,795.0
407.0,334.0
407.0,32.0
407.0,889.0
407.0,690.0
407.0,296.0
408.0,828.0
408.0,759.0
408.0,176.0
408.0,586.0
408.0,665.0
408.0,975.0
408.0,619.0
408.0,563.0
408.0,298.0
408.0,107.0
408.0,731.0
408.0,946.0
409.0,682.0
409.0,774.0
409.0,641.0
409.0,676.0
409.0,306.0
409.0,842.0
409.0,192.0
409.0,716.0
409.0,252.0
409.0,281.0
409.0,95.0
409.0,955.0
410.0,536.0
410.0,837.0
410.0,77.0
410.0,194.0
410.0,758.0
410.0,569.0
410.0,36.0
410.0,683.0
410.0,167.0
410.0,256.0
410.0,447.0
410.0,188.0
411.0,416.0
411.0,975.0
411.0,372.0
411.0,191.0
411.0,655.0
411.0,466.0
411.0,82.0
411.0,47.0
411.0,1031.0
411.0,231.0
411.0,337.0
411.0,513.0
412.0,554.0
412.0,799.0
412.0,625.0
412.0,59.0
412.0,913.0
412.0,752.0
412.0,95.0
412.0,23.0
412.0,228.0
412.0,117.0
412.0,724.0
412.0,737.0
413.0,762.0
413.0,630.0
413.0,924.0
413.0,316.0
413.0,878.0
413.0,278.0
413.0,336.0
413.0,1002.0
413.0,872.0
413.0,850.0
413.0,687.0
413.0,40.0
414.0,206.0
414.0,232.0
414.0,193.0
414.0,869.0
414.0,394.0
414.0,203.0
414.0,549.0
414.0,589.0
414.0,584.0
414.0,853.0
414.0,628.0
414.0,520.0
415.0,475.0
415.0,777.0
415.0,357.0
415.0,466.0
415.0,291.0
415.0,343.0
415.0,991.0
415.0,744.0
415.0,156.0
415.0,519.0
415.0,695.0
415.0,149.0
416.0,155.0
416.0,696.0
416.0,643.0
416.0,131.0
416.0,830.0
416.0,920.0
416.0,840.0
416.0,429.0
416.0,919.0
416.0,295.0
416.0,1016.0
416.0,203.0
417.0,239.0
417.0,786.0
417.0,835.0
417.0,802.0
417.0,61.0
417.0,533.0
417.0,372.0
417.0,370.0
417.0,626.0
417.0,923.0
417.0,955.0
417.0,1023.0
418.0,108.0
418.0,216.0
418.0,235.0
418.0,8.0
418.0,486.0
418.0,135.0
418.0,396.0
418.0,552.0
418.0,354.0
418.0,739.0
418.0,158.0
418.0,25.0
419.0,82.0
419.0,1032.0
419.0,238.0
419.0,656.0
419.0,263.0
419.0,373.0
419.0,385.0
419.0,535.0
419.0,937.0
419.0,843.0
419.0,334.0
419.0,443.0
420.0,938.0
420.0,894.0
420.0,592.0
420.0,369.0
420.0,563.0
420.0,828.0
420.0,215.0
420.0,78.0
420.0,892.0
420.0,895.0
420.0,107.0
420.0,905.0
421.0,684.0
421.0,470.0
421.0,258.0
421.0,173.0
421.0,434.0
421.0,922.0
421.0,723.0
421.0,215.0
421.0,212.0
421.0,860.0
421.0,488.0
421.0,976.0
422.0,344.0
422.0,333.0
422.0,138.0
422.0,38.0
422.0,984.0
422.0,332.0
422.0,671.0
422.0,72.0
422.0,806.0
422.0,457.0
422.0,483.0
422.0,392.0
423.0,696.0
423.0,869.0
423.0,1014.0
423.0,906.0
423.0,512.0
423.0,991.0
423.0,820.0
423.0,309.0
423.0,951.0
423.0,721.0
423.0,189.0
423.0,61.0
424.0,553.0
424.0,991.0
424.0,309.0
424.0,456.0
424.0,481.0
424.0,182.0
424.0,404.0
424.0,637.0
424.0,627.0
424.0,857.0
424.0,892.0
424.0,318.0
425.0,854.0
425.0,957.0
425.0,3.0
425.0,510.0
425.0,508.0
425.0,482.0
425.0,106.0
425.0,774.0
425.0,953.0
425.0,591.0
425.0,501.0
425.0,997.0
426.0,785.0
426.0,966.0
426.0,801.0
426.0,765.0
426.0,777.0
426.0,694.0
426.0,429.0
426.0,25.0
426.0,300.0
426.0,868.0
426.0,474.0
426.0,329.0
427.0,243.0
427.0,220.0
427.0,608.0
427.0,150.0
427.0,176.0
427.0,298.0
427.0,428.0
427.0,373.0
427.0,89.0
427.0,254.0
427.0,203.0
427.0,369.0
428.0,1017.0
428.0,657.0
428.0,115.0
428.0,191.0
428.0,809.0
428.0,533.0
428.0,193.0
428.0,310.0
428.0,47.0
428.0,546.0
428.0,423.0
428.0,903.0
429.0,597.0
429.0,486.0
429.0,836.0
429.0,57.0
429.0,418.0
429.0,158.0
429.0,14.0
429.0,561.0
429.0,678.0
429.0,428.0
429.0,423.0
429.0,322.0
430.0,217.0
430.0,307.0
430.0,662.0
430.0,683.0
430.0,725.0
430.0,258.0
430.0,795.0
430.0,411.0
430.0,111.0
430.0,193.0
430.0,287.0
430.0,575.0
431.0,1019.0
431.0,648.0
431.0,655.0
431.0,522.0
431.0,607.0
431.0,266.0
431.0,309.0
431.0,844.0
431.0,895.0
431.0,196.0
431.0,466.0
431.0,450.0
432.0,882.0
432.0,671.0
432.0,252.0
432.0,53.0
432.0,50.0
432.0,485.0
432.0,811.0
432.0,58.0
432.0,274.0
432.0,801.0
432.0,639.0
432.0,237.0
433.0,306.0
433.0,129.0
433.0,92.0
433.0,298.0
433.0,152.0
433.0,382.0
433.0,802.0
433.0,595.0
433.0,564.0
433.0,576.0
433.0,190.0
433.0,311.0
434.0,658.0
434.0,267.0
434.0,883.0
434.0,412.0
434.0,826.0
434.0,381.0
434.0,319.0
434.0,436.0
434.0,455.0
434.0,960.0
434.0,846.0
434.0,645.0
435.0,570.0
435.0,955.0
435.0,330.0
435.0,636.0
435.0,81.0
435.0,912.0
435.0,393.0
435.0,202.0
435.0,548.0
435.0,666.0
435.0,730.0
435.0,688.0
436.0,290.0
436.0,618.0
436.0,947.0
436.0,493.0
436.0,515.0
436.0,416.0
436.0,571.0
436.0,217.0
436.0,148.0
436.0,501.0
436.0,1006.0
436.0,847.0
437.0,93.0
437.0,1026.0
437.0,654.0
437.0,177.0
437.0,842.0
437.0,888.0
437.0,458.0
437.0,403.0
437.0,606.0
437.0,318.0
437.0,784.0
437.0,616.0
438.0,684.0
438.0,397.0
438.0,969.0
438.0,826.0
438.0,719.0
438.0,912.0
438.0,887.0
438.0,372.0
438.0,846.0
438.0,193.0
438.0,182.0
438.0,4.0
439.0,319.0
439.0,601.0
439.0,10.0
439.0,862.0
439.0,248.0
439.0,934.0
439.0,637.0
439.0,798.0
439.0,48.0
439.0,976.0
439.0,853.0
439.0,931.0
440.0,754.0
440.0,66.0
440.0,928.0
440.0,211.0
440.0,765.0
440.0,787.0
440.0,67.0
440.0,861.0
440.0,1035.0
440.0,883.0
440.0,819.0
440.0,556.0
441.0,110.0
441.0,347.0
441.0,196.0
441.0,315.0
441.0,85.0
441.0,709.0
441.0,458.0
441.0,596.0
441.0,140.0
441.0,767.0
441.0,208.0
441.0,918.0
442.0,975.0
442.0,743.0
442.0,718.0
442.0,553.0
442.0,932.0
442.0,149.0
442.0,275.0
442.0,367.0
442.0,610.0
442.0,19.0
442.0,719.0
442.0,977.0
443.0,272.0
443.0,434.0
443.0,90.0
443.0,148.0
443.0,402.0
443.0,300.0
443.0,673.0
443.0,893.0
443.0,289.0
443.0,824.0
443.0,156.0
443.0,559.0
444.0,384.0
444.0,173.0
444.0,488.0
444.0,782.0
444.0,913.0
444.0,854.0
444.0,263.0
444.0,320.0
444.0,83.0
444.0,947.0
444.0,415.0
444.0,98.0
445.0,646.0
445.0,599.0
445.0,596.0
445.0,122.0
445.0,188.0
445.0,307.0
445.0,747.0
445.0,836.0
445.0,575.0
445.0,533.0
445.0,286.0
445.0,745.0
446.0,693.0
446.0,506.0
446.0,45.0
446.0,276.0
446.0,309.0
446.0,784.0
446.0,299.0
446.0,474.0
446.0,1026.0
446.0,793.0
446.0,490.0
446.0,859.0
447.0,951.0
447.0,858.0
447.0,39.0
447.0,824.0
447.0,532.0
447.0,495.0
447.0,13.0
447.0,77.0
447.0,149.0
447.0,181.0
447.0,929.0
447.0,84.0
448.0,488.0
448.0,974.0
448.0,184.0
448.0,296.0
448.0,487.0
448.0,297.0
448.0,106.0
448.0,375.0
448.0,262.0
448.0,526.0
448.0,729.0
448.0,19.0
449.0,209.0
449.0,587.0
449.0,486.0
449.0,139.0
449.0,939.0
449.0,1010.0
449.0,387.0
449.0,462.0
449.0,336.0
449.0,549.0
449.0,722.0
449.0,424.0
450.0,797.0
450.0,794.0
450.0,956.0
450.0,752.0
450.0,488.0
450.0,487.0
450.0,691.0
450.0,646.0
450.0,986.0
450.0,961.0
450.0,174.0
450.0,30.0
451.0,802.0
451.0,234.0
451.0,749.0
451.0,177.0
451.0,197.0
451.0,86.0
451.0,242.0
451.0,283.0
451.0,390.0
451.0,253.0
451.0,899.0
451.0,413.0
452.0,655.0
452.0,486.0
452.0,728.0
452.0,386.0
452.0,395.0
452.0,387.0
452.0,274.0
452.0,793.0
452.0,748.0
452.0,237.0
452.0,436.0
452.0,293.0
453.0,502.0
453.0,633.0
453.0,714.0
453.0,749.0
453.0,642.0
453.0,541.0
453.0,260.0
453.0,732.0
453.0,223.0
453.0,14.0
453.0,967.0
453.0,118.0
454.0,312.0
454.0,67.0
454.0,183.0
454.0,289.0
454.0,447.0
454.0,457.0
454.0,908.0
454.0,581.0
454.0,909.0
454.0,783.0
454.0,222.0
454.0,623.0
455.0,59.0
455.0,931.0
455.0,123.0
455.0,625.0
455.0,172.0
455.0,383.0
455.0,817.0
455.0,634.0
455.0,667.0
455.0,935.0
455.0,170.0
455.0,560.0
456.0,228.0
456.0,924.0
456.0,239.0
456.0,988.0
456.0,933.0
456.0,793.0
456.0,1011.0
456.0,158.0
456.0,424.0
456.0,728.0
456.0,430.0
456.0,486.0
457.0,635.0
457.0,780.0
457.0,898.0
457.0,808.0
457.0,751.0
457.0,171.0
457.0,356.0
457.0,817.0
457.0,753.0
457.0,671.0
457.0,52.0
457.0,551.0
458.0,68.0
458.0,941.0
458.0,975.0
458.0,708.0
458.0,892.0
458.0,101.0
458.0,230.0
458.0,161.0
458.0,607.0
458.0,259.0
458.0,1002.0
458.0,685.0
459.0,444.0
459.0,768.0
459.0,490.0
459.0,726.0
459.0,380.0
459.0,559.0
459.0,282.0
459.0,152.0
459.0,716.0
459.0,71.0
459.0,503.0
459.0,375.0
460.0,580.0
460.0,660.0
460.0,226.0
460.0,127.0
460.0,23.0
460.0,388.0
460.0,860.0
460.0,947.0
460.0,795.0
460.0,433.0
460.0,596.0
460.0,987.0
461.0,420.0
461.0,185.0
461.0,157.0
461.0,662.0
461.0,567.0
461.0,101.0
461.0,902.0
461.0,798.0
461.0,209.0
461.0,481.0
461.0,490.0
461.0,394.0
462.0,438.0
462.0,550.0
462.0,244.0
462.0,518.0
462.0,378.0
462.0,516.0
462.0,860.0
462.0,509.0
462.0,923.0
462.0,414.0
462.0,612.0
462.0,15.0
463.0,970.0
463.0,95.0
463.0,760.0
463.0,408.0
463.0,830.0
463.0,733.0
463.0,687.0
463.0,566.0
463.0,659.0
463.0,427.0
463.0,773.0
463.0,158.0
464.0,897.0
464.0,607.0
464.0,291.0
464.0,535.0
464.0,511.0
464.0,943.0
464.0,702.0
464.0,370.0
464.0,807.0
464.0,1006.0
464.0,265.0
464.0,154.0
465.0,940.0
465.0,1031.0
465.0,589.0
465.0,710.0
465.0,963.0
465.0,877.0
465.0,936.0
465.0,393.0
465.0,77.0
465.0,659.0
465.0,2.0
465.0,944.0
466.0,304.0
466.0,370.0
466.0,470.0
466.0,523.0
466.0,149.0
466.0,804.0
466.0,1029.0
466.0,584.0
466.0,837.0
466.0,512.0
466.0,755.0
466.0,163.0
467.0,877.0
467.0,486.0
467.0,895.0
467.0,397.0
467.0,966.0
467.0,866.0
467.0,404.0
467.0,509.0
467.0,204.0
467.0,778.0
467.0,123.0
467.0,934.0
468.0,641.0
468.0,715.0
468.0,393.0
468.0,297.0
468.0,311.0
468.0,153.0
468.0,955.0
468.0,388.0
468.0,534.0
468.0,144.0
468.0,788.0
468.0,1034.0
469.0,490.0
469.0,706.0
469.0,605.0
469.0,1013.0
469.0,735.0
469.0,586.0
469.0,941.0
469.0,352.0
469.0,855.0
469.0,207.0
469.0,128.0
469.0,336.0
470.0,556.0
470.0,979.0
470.0,61.0
470.0,29.0
470.0,420.0
470.0,288.0
470.0,154.0
470.0,343.0
470.0,748.0
470.0,715.0
470.0,684.0
470.0,126.0
471.0,982.0
471.0,972.0
471.0,252.0
471.0,1010.0
471.0,134.0
471.0,505.0
471.0,49.0
471.0,529.0
471.0,67.0
471.0,600.0
471.0,105.0
471.0,45.0
472.0,578.0
472.0,860.0
472.0,713.0
472.0,779.0
472.0,865.0
472.0,163.0
472.0,313.0
472.0,678.0
472.0,333.0
472.0,105.0
472.0,219.0
472.0,809.0
473.0,287.0
473.0,497.0
473.0,357.0
473.0,894.0
473.0,581.0
473.0,254.0
473.0,794.0
473.0,667.0
473.0,107.0
473.0,431.0
473.0,361.0
473.0,550.0
474.0,510.0
474.0,663.0
474.0,169.0
474.0,5.0
474.0,446.0
474.0,140.0
474.0,293.0
474.0,593.0
474.0,162.0
474.0,506.0
474.0,1.0
474.0,784.0
475.0,975.0
475.0,155.0
475.0,23.0
475.0,169.0
475.0,842.0
475.0,724.0
475.0,869.0
475.0,824.0
475.0,708.0
475.0,615.0
475.0,683.0
475.0,754.0
476.0,134.0
476.0,45.0
476.0,418.0
476.0,277.0
476.0,68.0
476.0,105.0
476.0,8.0
476.0,485.0
476.0,845.0
476.0,671.0
476.0,677.0
476.0,46.0
477.0,48.0
477.0,725.0
477.0,928.0
477.0,716.0
477.0,438.0
477.0,3.0
477.0,125.0
477.0,425.0
477.0,711.0
477.0,954.0
477.0,718.0
477.0,768.0
478.0,707.0
478.0,487.0
478.0,839.0
478.0,827.0
478.0,234.0
478.0,236.0
478.0,974.0
478.0,427.0
478.0,723.0
478.0,151.0
478.0,212.0
478.0,536.0
479.0,107.0
479.0,672.0
479.0,334.0
479.0,921.0
479.0,905.0
479.0,565.0
479.0,205.0
479.0,748.0
479.0,245.0
479.0,922.0
479.0,706.0
479.0,591.0
480.0,649.0
480.0,1032.0
480.0,528.0
480.0,963.0
480.0,414.0
480.0,399.0
480.0,826.0
480.0,773.0
480.0,355.0
480.0,745.0
480.0,618.0
480.0,483.0
481.0,624.0
481.0,856.0
481.0,767.0
481.0,889.0
481.0,575.0
481.0,955.0
481.0,424.0
481.0,823.0
481.0,276.0
481.0,95.0
481.0,49.0
481.0,221.0
482.0,586.0
482.0,380.0
482.0,168.0
482.0,166.0
482.0,33.0
482.0,310.0
482.0,844.0
482.0,56.0
482.0,566.0
482.0,81.0
482.0,370.0
482.0,862.0
483.0,245.0
483.0,98.0
483.0,758.0
483.0,217.0
483.0,558.0
483.0,420.0
483.0,90.0
483.0,383.0
483.0,428.0
483.0,663.0
483.0,730.0
483.0,447.0
484.0,684.0
484.0,712.0
484.0,907.0
484.0,737.0
484.0,756.0
484.0,716.0
484.0,644.0
484.0,724.0
484.0,328.0
484.0,892.0
484.0,534.0
484.0,878.0
485.0,99.0
485.0,1003.0
485.0,422.0
485.0,42.0
485.0,133.0
485.0,58.0
485.0,787.0
485.0,968.0
485.0,67.0
485.0,45.0
485.0,85.0
485.0,561.0
486.0,991.0
486.0,211.0
486.0,770.0
486.0,527.0
486.0,549.0
486.0,742.0
486.0,805.0
486.0,299.0
486.0,315.0
486.0,579.0
486.0,414.0
486.0,25.0
487.0,752.0
487.0,788.0
487.0,419.0
487.0,173.0
487.0,997.0
487.0,323.0
487.0,287.0
487.0,399.0
487.0,271.0
487.0,750.0
487.0,106.0
487.0,839.0
488.0,490.0
488.0,397.0
488.0,350.0
488.0,842.0
488.0,720.0
488.0,826.0
488.0,782.0
488.0,613.0
488.0,775.0
488.0,885.0
488.0,297.0
488.0,980.0
489.0,72.0
489.0,747.0
489.0,221.0
489.0,634.0
489.0,126.0
489.0,118.0
489.0,435.0
489.0,178.0
489.0,697.0
489.0,366.0
489.0,674.0
489.0,18.0
490.0,878.0
490.0,139.0
490.0,577.0
490.0,182.0
490.0,198.0
490.0,161.0
490.0,802.0
490.0,469.0
490.0,607.0
490.0,941.0
490.0,48.0
490.0,458.0
491.0,813.0
491.0,182.0
491.0,327.0
491.0,515.0
491.0,996.0
491.0,463.0
491.0,1012.0
491.0,331.0
491.0,276.0
491.0,651.0
491.0,755.0
491.0,9.0
492.0,287.0
492.0,264.0
492.0,1027.0
492.0,597.0
492.0,837.0
492.0,948.0
492.0,1025.0
492.0,516.0
492.0,707.0
492.0,838.0
492.0,1024.0
492.0,749.0
493.0,531.0
493.0,845.0
493.0,889.0
493.0,988.0
493.0,656.0
493.0,126.0
493.0,455.0
493.0,326.0
493.0,746.0
493.0,839.0
493.0,29.0
493.0,335.0
494.0,563.0
494.0,507.0
494.0,210.0
494.0,221.0
494.0,183.0
494.0,330.0
494.0,357.0
494.0,748.0
494.0,503.0
494.0,411.0
494.0,973.0
494.0,550.0
495.0,346.0
495.0,261.0
495.0,551.0
495.0,171.0
495.0,521.0
495.0,1025.0
495.0,46.0
495.0,364.0
495.0,454.0
495.0,792.0
495.0,396.0
495.0,919.0
496.0,928.0
496.0,245.0
496.0,1013.0
496.0,967.0
496.0,257.0
496.0,692.0
496.0,1007.0
496.0,772.0
496.0,838.0
496.0,330.0
496.0,747.0
496.0,584.0
497.0,414.0
497.0,732.0
497.0,455.0
497.0,55.0
497.0,502.0
497.0,845.0
497.0,252.0
497.0,335.0
497.0,862.0
497.0,996.0
497.0,690.0
497.0,179.0
498.0,284.0
498.0,882.0
498.0,905.0
498.0,261.0
498.0,707.0
498.0,25.0
498.0,739.0
498.0,244.0
498.0,496.0
498.0,158.0
498.0,417.0
498.0,1010.0
499.0,494.0
499.0,895.0
499.0,342.0
499.0,712.0
499.0,21.0
499.0,115.0
499.0,338.0
499.0,922.0
499.0,220.0
499.0,717.0
499.0,889.0
499.0,299.0
500.0,832.0
500.0,550.0
500.0,83.0
500.0,57.0
500.0,924.0
500.0,433.0
500.0,712.0
500.0,640.0
500.0,40.0
500.0,763.0
500.0,958.0
500.0,354.0
501.0,1031.0
501.0,243.0
501.0,411.0
501.0,83.0
501.0,837.0
501.0,614.0
501.0,912.0
501.0,331.0
501.0,863.0
501.0,30.0
501.0,971.0
501.0,427.0
502.0,141.0
502.0,181.0
502.0,74.0
502.0,883.0
502.0,336.0
502.0,735.0
502.0,558.0
502.0,541.0
502.0,565.0
502.0,76.0
502.0,411.0
502.0,785.0
503.0,370.0
503.0,666.0
503.0,622.0
503.0,228.0
503.0,516.0
503.0,292.0
503.0,977.0
503.0,551.0
503.0,785.0
503.0,801.0
503.0,820.0
503.0,342.0
504.0,143.0
504.0,473.0
504.0,538.0
504.0,883.0
504.0,972.0
504.0,510.0
504.0,159.0
504.0,219.0
504.0,154.0
504.0,308.0
504.0,934.0
504.0,721.0
505.0,302.0
505.0,704.0
505.0,835.0
505.0,506.0
505.0,46.0
505.0,623.0
505.0,8.0
505.0,982.0
505.0,410.0
505.0,525.0
505.0,779.0
505.0,612.0
506.0,458.0
506.0,229.0
506.0,162.0
506.0,509.0
506.0,414.0
506.0,637.0
506.0,418.0
506.0,1.0
506.0,919.0
506.0,429.0
506.0,754.0
506.0,793.0
507.0,273.0
507.0,2.0
507.0,205.0
507.0,759.0
507.0,683.0
507.0,380.0
507.0,463.0
507.0,209.0
507.0,94.0
507.0,383.0
507.0,743.0
507.0,288.0
508.0,708.0
508.0,737.0
508.0,421.0
508.0,126.0
508.0,585.0
508.0,160.0
508.0,613.0
508.0,724.0
508.0,108.0
508.0,645.0
508.0,649.0
508.0,656.0
509.0,92.0
509.0,166.0
509.0,648.0
509.0,955.0
509.0,309.0
509.0,209.0
509.0,162.0
509.0,836.0
509.0,988.0
509.0,524.0
509.0,982.0
509.0,941.0
510.0,550.0
510.0,641.0
510.0,619.0
510.0,155.0
510.0,827.0
510.0,64.0
510.0,174.0
510.0,258.0
510.0,332.0
510.0,749.0
510.0,90.0
510.0,860.0
511.0,37.0
511.0,194.0
511.0,897.0
511.0,96.0
511.0,985.0
511.0,167.0
511.0,973.0
511.0,445.0
511.0,620.0
511.0,670.0
511.0,406.0
511.0,881.0
512.0,154.0
512.0,484.0
512.0,691.0
512.0,56.0
512.0,970.0
512.0,687.0
512.0,837.0
512.0,473.0
512.0,32.0
512.0,123.0
512.0,319.0
512.0,553.0
513.0,149.0
513.0,747.0
513.0,969.0
513.0,734.0
513.0,770.0
513.0,290.0
513.0,608.0
513.0,279.0
513.0,1007.0
513.0,921.0
513.0,217.0
513.0,503.0
514.0,361.0
514.0,538.0
514.0,396.0
514.0,834.0
514.0,225.0
514.0,623.0
514.0,690.0
514.0,345.0
514.0,167.0
514.0,339.0
514.0,683.0
514.0,455.0
515.0,755.0
515.0,254.0
515.0,1027.0
515.0,900.0
515.0,895.0
515.0,151.0
515.0,566.0
515.0,1029.0
515.0,401.0
515.0,571.0
515.0,1035.0
515.0,965.0
516.0,852.0
516.0,42.0
516.0,370.0
516.0,131.0
516.0,60.0
516.0,1004.0
516.0,599.0
516.0,0.0
516.0,922.0
516.0,1008.0
516.0,744.0
516.0,738.0
517.0,836.0
517.0,700.0
517.0,38.0
517.0,146.0
517.0,739.0
517.0,334.0
517.0,429.0
517.0,51.0
517.0,722.0
517.0,494.0
517.0,133.0
517.0,261.0
518.0,150.0
518.0,613.0
518.0,314.0
518.0,790.0
518.0,168.0
518.0,601.0
518.0,166.0
518.0,781.0
518.0,257.0
518.0,941.0
518.0,605.0
518.0,903.0
519.0,7.0
519.0,35.0
519.0,268.0
519.0,295.0
519.0,935.0
519.0,849.0
519.0,967.0
519.0,37.0
519.0,39.0
519.0,135.0
519.0,77.0
519.0,817.0
520.0,689.0
520.0,439.0
520.0,321.0
520.0,190.0
520.0,774.0
520.0,654.0
520.0,286.0
520.0,855.0
520.0,606.0
520.0,120.0
520.0,232.0
520.0,1015.0
521.0,313.0
521.0,789.0
521.0,8.0
521.0,347.0
521.0,811.0
521.0,663.0
521.0,639.0
521.0,429.0
521.0,871.0
521.0,882.0
521.0,647.0
521.0,722.0
522.0,157.0
522.0,102.0
522.0,47.0
522.0,697.0
522.0,774.0
522.0,599.0
522.0,335.0
522.0,336.0
522.0,672.0
522.0,556.0
522.0,623.0
522.0,4.0
523.0,986.0
523.0,715.0
523.0,1004.0
523.0,493.0
523.0,203.0
523.0,788.0
523.0,359.0
523.0,604.0
523.0,583.0
523.0,599.0
523.0,206.0
523.0,912.0
524.0,427.0
524.0,708.0
524.0,553.0
524.0,123.0
524.0,154.0
524.0,900.0
524.0,508.0
524.0,938.0
524.0,668.0
524.0,507.0
524.0,596.0
524.0,371.0
525.0,636.0
525.0,363.0
525.0,662.0
525.0,994.0
525.0,462.0
525.0,371.0
525.0,516.0
525.0,921.0
525.0,734.0
525.0,552.0
525.0,789.0
525.0,560.0
526.0,427.0
526.0,408.0
526.0,174.0
526.0,385.0
526.0,184.0
526.0,285.0
526.0,128.0
526.0,510.0
526.0,839.0
526.0,613.0
526.0,737.0
526.0,405.0
527.0,125.0
527.0,865.0
527.0,198.0
527.0,648.0
527.0,211.0
527.0,609.0
527.0,836.0
527.0,27.0
527.0,505.0
527.0,486.0
527.0,838.0
527.0,1012.0
528.0,649.0
528.0,511.0
528.0,323.0
528.0,381.0
528.0,845.0
528.0,236.0
528.0,911.0
528.0,450.0
528.0,919.0
528.0,929.0
528.0,36.0
528.0,683.0
529.0,124.0
529.0,704.0
529.0,801.0
529.0,46.0
529.0,18.0
529.0,915.0
529.0,693.0
529.0,49.0
529.0,844.0
529.0,818.0
529.0,134.0
529.0,418.0
530.0,427.0
530.0,370.0
530.0,678.0
530.0,327.0
530.0,902.0
530.0,781.0
530.0,522.0
530.0,189.0
530.0,165.0
530.0,592.0
530.0,549.0
530.0,47.0
531.0,159.0
531.0,269.0
531.0,150.0
531.0,967.0
531.0,6.0
531.0,655.0
531.0,537.0
531.0,668.0
531.0,586.0
531.0,533.0
531.0,795.0
531.0,67.0
532.0,119.0
532.0,436.0
532.0,816.0
532.0,908.0
532.0,928.0
532.0,569.0
532.0,344.0
532.0,589.0
532.0,256.0
532.0,194.0
532.0,761.0
532.0,16.0
533.0,331.0
533.0,687.0
533.0,180.0
533.0,438.0
533.0,371.0
533.0,645.0
533.0,900.0
533.0,887.0
533.0,254.0
533.0,642.0
533.0,935.0
533.0,169.0
534.0,248.0
534.0,564.0
534.0,220.0
534.0,827.0
534.0,179.0
534.0,1006.0
534.0,267.0
534.0,385.0
534.0,991.0
534.0,330.0
534.0,417.0
534.0,287.0
535.0,205.0
535.0,831.0
535.0,212.0
535.0,36.0
535.0,189.0
535.0,132.0
535.0,303.0
535.0,810.0
535.0,619.0
535.0,291.0
535.0,508.0
535.0,450.0
536.0,235.0
536.0,508.0
536.0,837.0
536.0,135.0
536.0,13.0
536.0,645.0
536.0,764.0
536.0,991.0
536.0,422.0
536.0,580.0
536.0,96.0
536.0,733.0
537.0,212.0
537.0,558.0
537.0,682.0
537.0,430.0
537.0,732.0
537.0,83.0
537.0,1031.0
537.0,288.0
537.0,595.0
537.0,956.0
537.0,658.0
537.0,530.0
538.0,287.0
538.0,94.0
538.0,304.0
538.0,206.0
538.0,454.0
538.0,438.0
538.0,933.0
538.0,923.0
538.0,374.0
538.0,489.0
538.0,732.0
538.0,522.0
539.0,244.0
539.0,50.0
539.0,210.0
539.0,157.0
539.0,424.0
539.0,17.0
539.0,640.0
539.0,791.0
539.0,252.0
539.0,853.0
539.0,456.0
539.0,700.0
540.0,900.0
540.0,370.0
540.0,863.0
540.0,912.0
540.0,407.0
540.0,69.0
540.0,545.0
540.0,760.0
540.0,964.0
540.0,498.0
540.0,17.0
540.0,599.0
541.0,138.0
541.0,901.0
541.0,570.0
541.0,524.0
541.0,73.0
541.0,205.0
541.0,690.0
541.0,621.0
541.0,779.0
541.0,294.0
541.0,970.0
541.0,39.0
542.0,950.0
542.0,1007.0
542.0,1000.0
542.0,992.0
542.0,868.0
542.0,150.0
542.0,609.0
542.0,966.0
542.0,159.0
542.0,387.0
542.0,198.0
542.0,12.0
543.0,515.0
543.0,455.0
543.0,944.0
543.0,538.0
543.0,534.0
543.0,188.0
543.0,23.0
543.0,269.0
543.0,889.0
543.0,691.0
543.0,103.0
543.0,932.0
544.0,223.0
544.0,653.0
544.0,324.0
544.0,910.0
544.0,946.0
544.0,751.0
544.0,643.0
544.0,289.0
544.0,333.0
544.0,392.0
544.0,60.0
544.0,84.0
545.0,408.0
545.0,498.0
545.0,659.0
545.0,1031.0
545.0,725.0
545.0,550.0
545.0,540.0
545.0,542.0
545.0,556.0
545.0,1006.0
545.0,844.0
545.0,975.0
546.0,430.0
546.0,167.0
546.0,900.0
546.0,977.0
546.0,837.0
546.0,47.0
546.0,483.0
546.0,44.0
546.0,979.0
546.0,416.0
546.0,140.0
546.0,818.0
547.0,377.0
547.0,498.0
547.0,691.0
547.0,517.0
547.0,551.0
547.0,989.0
547.0,624.0
547.0,42.0
547.0,261.0
547.0,292.0
547.0,20.0
547.0,404.0
548.0,267.0
548.0,534.0
548.0,983.0
548.0,825.0
548.0,376.0
548.0,408.0
548.0,396.0
548.0,175.0
548.0,573.0
548.0,340.0
548.0,74.0
548.0,590.0
549.0,308.0
549.0,252.0
549.0,497.0
549.0,643.0
549.0,167.0
549.0,993.0
549.0,927.0
549.0,386.0
549.0,387.0
549.0,1023.0
549.0,211.0
549.0,920.0
550.0,683.0
550.0,363.0
550.0,854.0
550.0,907.0
550.0,945.0
550.0,648.0
550.0,204.0
550.0,342.0
550.0,989.0
550.0,349.0
550.0,970.0
550.0,172.0
551.0,909.0
551.0,186.0
551.0,124.0
551.0,105.0
551.0,495.0
551.0,765.0
551.0,1019.0
551.0,544.0
551.0,570.0
551.0,356.0
551.0,906.0
551.0,273.0
552.0,107.0
552.0,1012.0
552.0,579.0
552.0,137.0
552.0,187.0
552.0,131.0
552.0,411.0
552.0,179.0
552.0,325.0
552.0,748.0
552.0,805.0
552.0,29.0
553.0,220.0
553.0,463.0
553.0,1000.0
553.0,683.0
553.0,481.0
553.0,16.0
553.0,578.0
553.0,155.0
553.0,1014.0
553.0,438.0
553.0,157.0
553.0,624.0
554.0,115.0
554.0,327.0
554.0,368.0
554.0,924.0
554.0,119.0
554.0,864.0
554.0,0.0
554.0,154.0
554.0,542.0
554.0,513.0
554.0,928.0
554.0,330.0
555.0,548.0
555.0,519.0
555.0,260.0
555.0,894.0
555.0,222.0
555.0,269.0
555.0,353.0
555.0,636.0
555.0,983.0
555.0,344.0
555.0,686.0
555.0,830.0
556.0,921.0
556.0,925.0
556.0,857.0
556.0,15.0
556.0,608.0
556.0,691.0
556.0,299.0
556.0,458.0
556.0,218.0
556.0,706.0
556.0,1027.0
556.0,307.0
557.0,482.0
557.0,815.0
557.0,502.0
557.0,274.0
557.0,408.0
557.0,1018.0
557.0,755.0
557.0,376.0
557.0,977.0
557.0,377.0
557.0,732.0
557.0,454.0
558.0,431.0
558.0,566.0
558.0,887.0
558.0,524.0
558.0,948.0
558.0,154.0
558.0,261.0
558.0,764.0
558.0,91.0
558.0,75.0
558.0,844.0
558.0,378.0
559.0,691.0
559.0,515.0
559.0,226.0
559.0,625.0
559.0,414.0
559.0,723.0
559.0,166.0
559.0,577.0
559.0,313.0
559.0,336.0
559.0,6.0
559.0,108.0
560.0,0.0
560.0,55.0
560.0,157.0
560.0,883.0
560.0,181.0
560.0,473.0
560.0,29.0
560.0,494.0
560.0,377.0
560.0,994.0
560.0,191.0
560.0,739.0
561.0,63.0
561.0,461.0
561.0,163.0
561.0,689.0
561.0,856.0
561.0,845.0
561.0,267.0
561.0,62.0
561.0,916.0
561.0,490.0
561.0,687.0
561.0,707.0
562.0,523.0
562.0,641.0
562.0,54.0
562.0,343.0
562.0,125.0
562.0,775.0
562.0,190.0
562.0,776.0
562.0,197.0
562.0,114.0
562.0,716.0
562.0,262.0
563.0,199.0
563.0,258.0
563.0,235.0
563.0,682.0
563.0,98.0
563.0,189.0
563.0,748.0
563.0,1035.0
563.0,423.0
563.0,1022.0
563.0,119.0
563.0,436.0
564.0,415.0
564.0,475.0
564.0,40.0
564.0,470.0
564.0,460.0
564.0,23.0
564.0,341.0
564.0,1023.0
564.0,6.0
564.0,664.0
564.0,311.0
564.0,640.0
565.0,684.0
565.0,805.0
565.0,954.0
565.0,339.0
565.0,627.0
565.0,123.0
565.0,23.0
565.0,996.0
565.0,442.0
565.0,167.0
565.0,522.0
565.0,361.0
566.0,574.0
566.0,971.0
566.0,969.0
566.0,889.0
566.0,67.0
566.0,773.0
566.0,154.0
566.0,218.0
566.0,563.0
566.0,920.0
566.0,440.0
566.0,318.0
567.0,802.0
567.0,200.0
567.0,249.0
567.0,469.0
567.0,561.0
567.0,879.0
567.0,417.0
567.0,993.0
567.0,441.0
567.0,513.0
567.0,675.0
567.0,549.0
568.0,945.0
568.0,544.0
568.0,631.0
568.0,692.0
568.0,503.0
568.0,873.0
568.0,284.0
568.0,915.0
568.0,1028.0
568.0,834.0
568.0,312.0
568.0,722.0
569.0,975.0
569.0,445.0
569.0,1025.0
569.0,833.0
569.0,303.0
569.0,191.0
569.0,913.0
569.0,963.0
569.0,908.0
569.0,825.0
569.0,780.0
569.0,448.0
570.0,87.0
570.0,155.0
570.0,414.0
570.0,566.0
570.0,420.0
570.0,227.0
570.0,1024.0
570.0,992.0
570.0,333.0
570.0,928.0
570.0,191.0
570.0,623.0
571.0,507.0
571.0,1029.0
571.0,41.0
571.0,664.0
571.0,395.0
571.0,691.0
571.0,1011.0
571.0,488.0
571.0,860.0
571.0,313.0
571.0,961.0
571.0,150.0
572.0,325.0
572.0,140.0
572.0,767.0
572.0,739.0
572.0,629.0
572.0,264.0
572.0,474.0
572.0,506.0
572.0,709.0
572.0,918.0
572.0,53.0
572.0,345.0
573.0,530.0
573.0,773.0
573.0,107.0
573.0,479.0
573.0,839.0
573.0,103.0
573.0,170.0
573.0,119.0
573.0,686.0
573.0,3.0
573.0,775.0
573.0,786.0
574.0,938.0
574.0,731.0
574.0,1000.0
574.0,666.0
574.0,286.0
574.0,942.0
574.0,755.0
574.0,646.0
574.0,608.0
574.0,897.0
574.0,239.0
574.0,884.0
575.0,620.0
575.0,420.0
575.0,276.0
575.0,97.0
575.0,361.0
575.0,87.0
575.0,167.0
575.0,581.0
575.0,27.0
575.0,371.0
575.0,78.0
575.0,787.0
576.0,304.0
576.0,205.0
576.0,596.0
576.0,54.0
576.0,809.0
576.0,798.0
576.0,514.0
576.0,88.0
576.0,680.0
576.0,595.0
576.0,912.0
576.0,659.0
577.0,404.0
577.0,612.0
577.0,330.0
577.0,815.0
577.0,299.0
577.0,397.0
577.0,44.0
577.0,494.0
577.0,445.0
577.0,163.0
577.0,948.0
577.0,463.0
578.0,791.0
578.0,25.0
578.0,732.0
578.0,682.0
578.0,718.0
578.0,471.0
578.0,396.0
578.0,622.0
578.0,643.0
578.0,378.0
578.0,894.0
578.0,416.0
579.0,87.0
579.0,601.0
579.0,259.0
579.0,732.0
579.0,705.0
579.0,529.0
579.0,42.0
579.0,834.0
579.0,942.0
579.0,939.0
579.0,441.0
579.0,1033.0
580.0,362.0
580.0,463.0
580.0,116.0
580.0,914.0
580.0,881.0
580.0,585.0
580.0,122.0
580.0,84.0
580.0,971.0
580.0,962.0
580.0,61.0
580.0,656.0
581.0,67.0
581.0,954.0
581.0,736.0
581.0,566.0
581.0,974.0
581.0,154.0
581.0,25.0
581.0,655.0
581.0,104.0
581.0,958.0
581.0,934.0
581.0,87.0
582.0,60.0
582.0,666.0
582.0,34.0
582.0,806.0
582.0,633.0
582.0,548.0
582.0,886.0
582.0,289.0
582.0,749.0
582.0,638.0
582.0,858.0
582.0,753.0
583.0,221.0
583.0,56.0
583.0,301.0
583.0,919.0
583.0,545.0
583.0,276.0
583.0,50.0
583.0,550.0
583.0,206.0
583.0,939.0
583.0,648.0
583.0,482.0
584.0,504.0
584.0,1003.0
584.0,913.0
584.0,607.0
584.0,926.0
584.0,695.0
584.0,75.0
584.0,9.0
584.0,531.0
584.0,91.0
584.0,168.0
584.0,155.0
585.0,804.0
585.0,173.0
585.0,326.0
585.0,64.0
585.0,19.0
585.0,262.0
585.0,419.0
585.0,270.0
585.0,357.0
585.0,569.0
585.0,254.0
585.0,468.0
586.0,536.0
586.0,163.0
586.0,748.0
586.0,846.0
586.0,111.0
586.0,856.0
586.0,427.0
586.0,805.0
586.0,189.0
586.0,217.0
586.0,203.0
586.0,687.0
587.0,162.0
587.0,805.0
587.0,871.0
587.0,309.0
587.0,572.0
587.0,739.0
587.0,503.0
587.0,93.0
587.0,400.0
587.0,578.0
587.0,1011.0
587.0,852.0
588.0,800.0
588.0,120.0
588.0,190.0
588.0,676.0
588.0,459.0
588.0,86.0
588.0,204.0
588.0,998.0
588.0,501.0
588.0,262.0
588.0,282.0
588.0,40.0
589.0,758.0
589.0,443.0
589.0,724.0
589.0,399.0
589.0,830.0
589.0,355.0
589.0,810.0
589.0,594.0
589.0,752.0
589.0,7.0
589.0,963.0
589.0,402.0
590.0,876.0
590.0,317.0
590.0,289.0
590.0,940.0
590.0,84.0
590.0,194.0
590.0,393.0
590.0,39.0
590.0,376.0
590.0,74.0
590.0,483.0
590.0,951.0
591.0,985.0
591.0,286.0
591.0,656.0
591.0,831.0
591.0,854.0
591.0,367.0
591.0,401.0
591.0,180.0
591.0,681.0
591.0,752.0
591.0,326.0
591.0,23.0
592.0,887.0
592.0,889.0
592.0,24.0
592.0,123.0
592.0,430.0
592.0,537.0
592.0,27.0
592.0,740.0
592.0,845.0
592.0,250.0
592.0,368.0
592.0,1023.0
593.0,663.0
593.0,200.0
593.0,552.0
593.0,441.0
593.0,97.0
593.0,449.0
593.0,999.0
593.0,467.0
593.0,859.0
593.0,693.0
593.0,579.0
593.0,967.0
594.0,546.0
594.0,747.0
594.0,61.0
594.0,746.0
594.0,15.0
594.0,558.0
594.0,417.0
594.0,486.0
594.0,847.0
594.0,227.0
594.0,319.0
594.0,82.0
595.0,611.0
595.0,685.0
595.0,28.0
595.0,654.0
595.0,588.0
595.0,348.0
595.0,606.0
595.0,433.0
595.0,468.0
595.0,1004.0
595.0,365.0
595.0,576.0
596.0,828.0
596.0,388.0
596.0,128.0
596.0,155.0
596.0,62.0
596.0,980.0
596.0,867.0
596.0,942.0
596.0,611.0
596.0,460.0
596.0,477.0
596.0,1027.0
597.0,57.0
597.0,414.0
597.0,637.0
597.0,48.0
597.0,479.0
597.0,809.0
597.0,95.0
597.0,486.0
597.0,874.0
597.0,137.0
597.0,208.0
597.0,913.0
598.0,288.0
598.0,224.0
598.0,835.0
598.0,87.0
598.0,537.0
598.0,416.0
598.0,1001.0
598.0,415.0
598.0,368.0
598.0,138.0
598.0,118.0
598.0,330.0
599.0,494.0
599.0,690.0
599.0,719.0
599.0,978.0
599.0,269.0
599.0,438.0
599.0,243.0
599.0,555.0
599.0,1010.0
599.0,426.0
599.0,697.0
599.0,906.0
600.0,557.0
600.0,469.0
600.0,551.0
600.0,392.0
600.0,5.0
600.0,357.0
600.0,46.0
600.0,915.0
600.0,356.0
600.0,991.0
600.0,45.0
600.0,47.0
601.0,10.0
601.0,31.0
601.0,275.0
601.0,91.0
601.0,602.0
601.0,209.0
601.0,129.0
601.0,699.0
601.0,1011.0
601.0,632.0
601.0,798.0
601.0,605.0
602.0,211.0
602.0,252.0
602.0,429.0
602.0,229.0
602.0,386.0
602.0,784.0
602.0,8.0
602.0,95.0
602.0,822.0
602.0,633.0
602.0,166.0
602.0,818.0
603.0,956.0
603.0,947.0
603.0,215.0
603.0,117.0
603.0,913.0
603.0,556.0
603.0,994.0
603.0,662.0
603.0,950.0
603.0,887.0
603.0,1035.0
603.0,89.0
604.0,611.0
604.0,626.0
604.0,36.0
604.0,711.0
604.0,26.0
604.0,955.0
604.0,54.0
604.0,68.0
604.0,912.0
604.0,1015.0
604.0,762.0
604.0,562.0
605.0,462.0
605.0,620.0
605.0,456.0
605.0,918.0
605.0,204.0
605.0,837.0
605.0,545.0
605.0,12.0
605.0,121.0
605.0,699.0
605.0,335.0
605.0,438.0
606.0,92.0
606.0,773.0
606.0,1034.0
606.0,30.0
606.0,727.0
606.0,325.0
606.0,109.0
606.0,878.0
606.0,500.0
606.0,520.0
606.0,197.0
606.0,614.0
607.0,1029.0
607.0,866.0
607.0,339.0
607.0,423.0
607.0,684.0
607.0,755.0
607.0,442.0
607.0,463.0
607.0,176.0
607.0,1014.0
607.0,697.0
607.0,428.0
608.0,907.0
608.0,1004.0
608.0,742.0
608.0,583.0
608.0,307.0
608.0,722.0
608.0,877.0
608.0,948.0
608.0,15.0
608.0,395.0
608.0,242.0
608.0,20.0
609.0,736.0
609.0,131.0
609.0,522.0
609.0,706.0
609.0,612.0
609.0,70.0
609.0,836.0
609.0,125.0
609.0,185.0
609.0,967.0
609.0,159.0
609.0,352.0
610.0,977.0
610.0,180.0
610.0,366.0
610.0,275.0
610.0,353.0
610.0,686.0
610.0,620.0
610.0,166.0
610.0,171.0
610.0,633.0
610.0,319.0
610.0,344.0
611.0,79.0
611.0,460.0
611.0,933.0
611.0,799.0
611.0,445.0
611.0,564.0
611.0,342.0
611.0,405.0
611.0,1027.0
611.0,417.0
611.0,863.0
611.0,431.0
612.0,583.0
612.0,1005.0
612.0,20.0
612.0,290.0
612.0,852.0
612.0,946.0
612.0,642.0
612.0,707.0
612.0,335.0
612.0,889.0
612.0,959.0
612.0,721.0
613.0,757.0
613.0,362.0
613.0,125.0
613.0,425.0
613.0,448.0
613.0,854.0
613.0,641.0
613.0,136.0
613.0,417.0
613.0,142.0
613.0,488.0
613.0,914.0
614.0,735.0
614.0,828.0
614.0,75.0
614.0,252.0
614.0,777.0
614.0,439.0
614.0,230.0
614.0,857.0
614.0,717.0
614.0,699.0
614.0,139.0
614.0,129.0
615.0,318.0
615.0,640.0
615.0,214.0
615.0,117.0
615.0,903.0
615.0,1034.0
615.0,596.0
615.0,89.0
615.0,970.0
615.0,576.0
615.0,311.0
615.0,765.0
616.0,499.0
616.0,92.0
616.0,321.0
616.0,380.0
616.0,763.0
616.0,773.0
616.0,850.0
616.0,314.0
616.0,658.0
616.0,930.0
616.0,19.0
616.0,451.0
617.0,669.0
617.0,768.0
617.0,267.0
617.0,762.0
617.0,676.0
617.0,842.0
617.0,461.0
617.0,606.0
617.0,328.0
617.0,987.0
617.0,320.0
617.0,948.0
618.0,98.0
618.0,470.0
618.0,825.0
618.0,298.0
618.0,794.0
618.0,730.0
618.0,401.0
618.0,986.0
618.0,897.0
618.0,1000.0
618.0,665.0
618.0,218.0
619.0,501.0
619.0,268.0
619.0,535.0
619.0,519.0
619.0,776.0
619.0,962.0
619.0,136.0
619.0,511.0
619.0,530.0
619.0,419.0
619.0,42.0
619.0,833.0
620.0,744.0
620.0,304.0
620.0,157.0
620.0,1025.0
620.0,787.0
620.0,301.0
620.0,318.0
620.0,1027.0
620.0,206.0
620.0,933.0
620.0,445.0
620.0,856.0
621.0,522.0
621.0,849.0
621.0,963.0
621.0,2.0
621.0,36.0
621.0,213.0
621.0,483.0
621.0,556.0
621.0,970.0
621.0,665.0
621.0,960.0
621.0,759.0
622.0,322.0
622.0,740.0
622.0,921.0
622.0,672.0
622.0,339.0
622.0,742.0
622.0,677.0
622.0,853.0
622.0,233.0
622.0,894.0
622.0,916.0
622.0,710.0
623.0,779.0
623.0,640.0
623.0,366.0
623.0,789.0
623.0,1019.0
623.0,618.0
623.0,346.0
623.0,275.0
623.0,692.0
623.0,308.0
623.0,378.0
623.0,1024.0
624.0,539.0
624.0,481.0
624.0,424.0
624.0,304.0
624.0,1031.0
624.0,895.0
624.0,154.0
624.0,140.0
624.0,813.0
624.0,719.0
624.0,123.0
624.0,640.0
625.0,507.0
625.0,956.0
625.0,204.0
625.0,672.0
625.0,658.0
625.0,742.0
625.0,906.0
625.0,746.0
625.0,691.0
625.0,159.0
625.0,925.0
625.0,874.0
626.0,348.0
626.0,500.0
626.0,604.0
626.0,144.0
626.0,850.0
626.0,390.0
626.0,765.0
626.0,147.0
626.0,727.0
626.0,459.0
626.0,21.0
626.0,896.0
627.0,255.0
627.0,364.0
627.0,386.0
627.0,629.0
627.0,739.0
627.0,58.0
627.0,481.0
627.0,647.0
627.0,225.0
627.0,110.0
627.0,811.0
627.0,354.0
628.0,65.0
628.0,550.0
628.0,152.0
628.0,934.0
628.0,587.0
628.0,595.0
628.0,397.0
628.0,601.0
628.0,4.0
628.0,609.0
628.0,92.0
628.0,878.0
629.0,695.0
629.0,107.0
629.0,925.0
629.0,481.0
629.0,855.0
629.0,614.0
629.0,119.0
629.0,846.0
629.0,870.0
629.0,380.0
629.0,298.0
629.0,208.0
630.0,68.0
630.0,847.0
630.0,868.0
630.0,325.0
630.0,308.0
630.0,382.0
630.0,754.0
630.0,736.0
630.0,987.0
630.0,550.0
630.0,797.0
630.0,469.0
631.0,72.0
631.0,959.0
631.0,455.0
631.0,81.0
631.0,56.0
631.0,816.0
631.0,845.0
631.0,275.0
631.0,563.0
631.0,430.0
631.0,686.0
631.0,847.0
632.0,368.0
632.0,681.0
632.0,735.0
632.0,769.0
632.0,774.0
632.0,624.0
632.0,101.0
632.0,500.0
632.0,715.0
632.0,558.0
632.0,754.0
632.0,737.0
633.0,302.0
633.0,902.0
633.0,271.0
633.0,223.0
633.0,1001.0
633.0,806.0
633.0,50.0
633.0,901.0
633.0,975.0
633.0,353.0
633.0,807.0
633.0,231.0
634.0,294.0
634.0,194.0
634.0,489.0
634.0,420.0
634.0,849.0
634.0,77.0
634.0,532.0
634.0,812.0
634.0,496.0
634.0,963.0
634.0,560.0
634.0,623.0
635.0,694.0
635.0,302.0
635.0,124.0
635.0,4.0
635.0,600.0
635.0,824.0
635.0,949.0
635.0,202.0
635.0,671.0
635.0,920.0
635.0,657.0
635.0,229.0
636.0,195.0
636.0,435.0
636.0,633.0
636.0,656.0
636.0,445.0
636.0,511.0
636.0,721.0
636.0,973.0
636.0,502.0
636.0,771.0
636.0,666.0
636.0,496.0
637.0,988.0
637.0,242.0
637.0,481.0
637.0,701.0
637.0,20.0
637.0,490.0
637.0,289.0
637.0,217.0
637.0,117.0
637.0,887.0
637.0,430.0
637.0,821.0
638.0,373.0
638.0,288.0
638.0,74.0
638.0,217.0
638.0,261.0
638.0,483.0
638.0,213.0
638.0,991.0
638.0,731.0
638.0,183.0
638.0,374.0
638.0,172.0
639.0,870.0
639.0,485.0
639.0,237.0
639.0,647.0
639.0,5.0
639.0,85.0
639.0,441.0
639.0,8.0
639.0,766.0
639.0,391.0
639.0,225.0
639.0,859.0
640.0,292.0
640.0,102.0
640.0,790.0
640.0,815.0
640.0,232.0
640.0,737.0
640.0,926.0
640.0,196.0
640.0,643.0
640.0,890.0
640.0,357.0
640.0,765.0
641.0,720.0
641.0,405.0
641.0,504.0
641.0,415.0
641.0,980.0
641.0,814.0
641.0,510.0
641.0,923.0
641.0,71.0
641.0,559.0
641.0,328.0
641.0,6.0
642.0,697.0
642.0,327.0
642.0,559.0
642.0,367.0
642.0,283.0
642.0,20.0
642.0,167.0
642.0,628.0
642.0,933.0
642.0,996.0
642.0,245.0
642.0,1019.0
643.0,227.0
643.0,472.0
643.0,701.0
643.0,34.0
643.0,905.0
643.0,80.0
643.0,280.0
643.0,877.0
643.0,977.0
643.0,674.0
643.0,401.0
643.0,391.0
644.0,617.0
644.0,332.0
644.0,161.0
644.0,880.0
644.0,930.0
644.0,520.0
644.0,654.0
644.0,92.0
644.0,468.0
644.0,125.0
644.0,626.0
644.0,762.0
645.0,243.0
645.0,935.0
645.0,1032.0
645.0,188.0
645.0,881.0
645.0,893.0
645.0,483.0
645.0,1024.0
645.0,656.0
645.0,493.0
645.0,794.0
645.0,788.0
646.0,427.0
646.0,683.0
646.0,180.0
646.0,435.0
646.0,813.0
646.0,107.0
646.0,311.0
646.0,777.0
646.0,1016.0
646.0,528.0
646.0,401.0
646.0,71.0
647.0,527.0
647.0,586.0
647.0,199.0
647.0,539.0
647.0,45.0
647.0,789.0
647.0,400.0
647.0,99.0
647.0,218.0
647.0,155.0
647.0,8.0
647.0,432.0
648.0,228.0
648.0,436.0
648.0,0.0
648.0,749.0
648.0,261.0
648.0,330.0
648.0,513.0
648.0,739.0
648.0,804.0
648.0,163.0
648.0,542.0
648.0,942.0
649.0,373.0
649.0,11.0
649.0,144.0
649.0,160.0
649.0,750.0
649.0,291.0
649.0,819.0
649.0,127.0
649.0,953.0
649.0,295.0
649.0,786.0
649.0,580.0
650.0,837.0
650.0,175.0
650.0,260.0
650.0,817.0
650.0,578.0
650.0,622.0
650.0,393.0
650.0,288.0
650.0,736.0
650.0,849.0
650.0,555.0
650.0,780.0
651.0,111.0
651.0,974.0
651.0,45.0
651.0,533.0
651.0,217.0
651.0,411.0
651.0,44.0
651.0,80.0
651.0,578.0
651.0,808.0
651.0,710.0
651.0,15.0
652.0,361.0
652.0,683.0
652.0,259.0
652.0,256.0
652.0,461.0
652.0,648.0
652.0,641.0
652.0,500.0
652.0,668.0
652.0,975.0
652.0,664.0
652.0,992.0
653.0,671.0
653.0,807.0
653.0,76.0
653.0,486.0
653.0,600.0
653.0,915.0
653.0,181.0
653.0,909.0
653.0,506.0
653.0,960.0
653.0,284.0
653.0,806.0
654.0,604.0
654.0,92.0
654.0,26.0
654.0,644.0
654.0,306.0
654.0,520.0
654.0,626.0
654.0,240.0
654.0,617.0
654.0,439.0
654.0,144.0
654.0,262.0
655.0,132.0
655.0,572.0
655.0,1027.0
655.0,1007.0
655.0,196.0
655.0,734.0
655.0,895.0
655.0,950.0
655.0,10.0
655.0,217.0
655.0,38.0
655.0,367.0
656.0,664.0
656.0,258.0
656.0,419.0
656.0,817.0
656.0,212.0
656.0,285.0
656.0,384.0
656.0,379.0
656.0,536.0
656.0,914.0
656.0,929.0
656.0,523.0
657.0,909.0
657.0,734.0
657.0,171.0
657.0,678.0
657.0,275.0
657.0,901.0
657.0,696.0
657.0,496.0
657.0,1025.0
657.0,202.0
657.0,112.0
657.0,852.0
658.0,179.0
658.0,856.0
658.0,74.0
658.0,586.0
658.0,374.0
658.0,363.0
658.0,691.0
658.0,250.0
658.0,279.0
658.0,286.0
658.0,554.0
658.0,795.0
659.0,667.0
659.0,87.0
659.0,736.0
659.0,208.0
659.0,512.0
659.0,975.0
659.0,538.0
659.0,620.0
659.0,554.0
659.0,153.0
659.0,1008.0
659.0,135.0
660.0,724.0
660.0,1012.0
660.0,947.0
660.0,299.0
660.0,607.0
660.0,737.0
660.0,192.0
660.0,892.0
660.0,312.0
660.0,235.0
660.0,573.0
660.0,564.0
661.0,673.0
661.0,213.0
661.0,940.0
661.0,758.0
661.0,135.0
661.0,303.0
661.0,183.0
661.0,353.0
661.0,13.0
661.0,478.0
661.0,780.0
661.0,402.0
662.0,423.0
662.0,187.0
662.0,421.0
662.0,299.0
662.0,718.0
662.0,1014.0
662.0,203.0
662.0,32.0
662.0,188.0
662.0,530.0
662.0,61.0
662.0,764.0
663.0,91.0
663.0,852.0
663.0,801.0
663.0,431.0
663.0,918.0
663.0,492.0
663.0,216.0
663.0,225.0
663.0,199.0
663.0,785.0
663.0,992.0
663.0,1003.0
664.0,71.0
664.0,318.0
664.0,484.0
664.0,204.0
664.0,867.0
664.0,54.0
664.0,427.0
664.0,832.0
664.0,699.0
664.0,342.0
664.0,586.0
664.0,950.0
665.0,989.0
665.0,112.0
665.0,122.0
665.0,863.0
665.0,32.0
665.0,266.0
665.0,545.0
665.0,1009.0
665.0,824.0
665.0,949.0
665.0,189.0
665.0,954.0
666.0,560.0
666.0,464.0
666.0,817.0
666.0,194.0
666.0,590.0
666.0,415.0
666.0,638.0
666.0,714.0
666.0,1024.0
666.0,858.0
666.0,661.0
666.0,18.0
667.0,501.0
667.0,830.0
667.0,817.0
667.0,773.0
667.0,23.0
667.0,541.0
667.0,577.0
667.0,890.0
667.0,466.0
667.0,1006.0
667.0,440.0
667.0,329.0
668.0,966.0
668.0,837.0
668.0,256.0
668.0,198.0
668.0,624.0
668.0,840.0
668.0,168.0
668.0,221.0
668.0,357.0
668.0,662.0
668.0,463.0
668.0,991.0
669.0,626.0
669.0,375.0
669.0,201.0
669.0,237.0
669.0,144.0
669.0,841.0
669.0,21.0
669.0,447.0
669.0,321.0
669.0,892.0
669.0,644.0
669.0,28.0
670.0,697.0
670.0,563.0
670.0,711.0
670.0,317.0
670.0,268.0
670.0,383.0
670.0,508.0
670.0,22.0
670.0,607.0
670.0,334.0
670.0,483.0
670.0,788.0
671.0,622.0
671.0,879.0
671.0,229.0
671.0,454.0
671.0,386.0
671.0,44.0
671.0,404.0
671.0,85.0
671.0,529.0
671.0,1007.0
671.0,457.0
671.0,809.0
672.0,925.0
672.0,838.0
672.0,736.0
672.0,414.0
672.0,566.0
672.0,469.0
672.0,765.0
672.0,570.0
672.0,667.0
672.0,473.0
672.0,1008.0
672.0,167.0
673.0,275.0
673.0,929.0
673.0,194.0
673.0,532.0
673.0,661.0
673.0,816.0
673.0,410.0
673.0,246.0
673.0,189.0
673.0,84.0
673.0,761.0
673.0,582.0
674.0,886.0
674.0,434.0
674.0,700.0
674.0,4.0
674.0,666.0
674.0,900.0
674.0,736.0
674.0,1030.0
674.0,245.0
674.0,344.0
674.0,70.0
674.0,364.0
675.0,663.0
675.0,1003.0
675.0,632.0
675.0,99.0
675.0,1016.0
675.0,796.0
675.0,427.0
675.0,121.0
675.0,567.0
675.0,341.0
675.0,101.0
675.0,161.0
676.0,192.0
676.0,716.0
676.0,21.0
676.0,460.0
676.0,403.0
676.0,1022.0
676.0,201.0
676.0,375.0
676.0,262.0
676.0,385.0
676.0,797.0
676.0,854.0
677.0,818.0
677.0,495.0
677.0,568.0
677.0,829.0
677.0,176.0
677.0,371.0
677.0,823.0
677.0,130.0
677.0,882.0
677.0,426.0
677.0,133.0
677.0,657.0
678.0,959.0
678.0,672.0
678.0,38.0
678.0,353.0
678.0,107.0
678.0,840.0
678.0,891.0
678.0,703.0
678.0,112.0
678.0,739.0
678.0,208.0
678.0,50.0
679.0,40.0
679.0,152.0
679.0,201.0
679.0,468.0
679.0,381.0
679.0,588.0
679.0,562.0
679.0,218.0
679.0,1012.0
679.0,716.0
679.0,641.0
679.0,800.0
680.0,1023.0
680.0,1031.0
680.0,579.0
680.0,149.0
680.0,752.0
680.0,153.0
680.0,481.0
680.0,490.0
680.0,865.0
680.0,308.0
680.0,458.0
680.0,684.0
681.0,204.0
681.0,119.0
681.0,317.0
681.0,563.0
681.0,545.0
681.0,430.0
681.0,339.0
681.0,970.0
681.0,827.0
681.0,192.0
681.0,707.0
681.0,586.0
682.0,222.0
682.0,353.0
682.0,973.0
682.0,442.0
682.0,516.0
682.0,662.0
682.0,1012.0
682.0,746.0
682.0,70.0
682.0,558.0
682.0,525.0
682.0,256.0
683.0,625.0
683.0,963.0
683.0,512.0
683.0,967.0
683.0,420.0
683.0,128.0
683.0,475.0
683.0,30.0
683.0,151.0
683.0,436.0
683.0,856.0
683.0,571.0
684.0,755.0
684.0,407.0
684.0,706.0
684.0,691.0
684.0,217.0
684.0,887.0
684.0,460.0
684.0,609.0
684.0,925.0
684.0,126.0
684.0,890.0
684.0,228.0
685.0,727.0
685.0,558.0
685.0,1023.0
685.0,518.0
685.0,306.0
685.0,114.0
685.0,715.0
685.0,734.0
685.0,1034.0
685.0,595.0
685.0,120.0
685.0,878.0
686.0,944.0
686.0,82.0
686.0,683.0
686.0,428.0
686.0,73.0
686.0,514.0
686.0,590.0
686.0,736.0
686.0,612.0
686.0,956.0
686.0,791.0
686.0,480.0
687.0,228.0
687.0,431.0
687.0,923.0
687.0,867.0
687.0,54.0
687.0,862.0
687.0,27.0
687.0,926.0
687.0,900.0
687.0,662.0
687.0,731.0
687.0,374.0
688.0,741.0
688.0,825.0
688.0,174.0
688.0,340.0
688.0,300.0
688.0,908.0
688.0,536.0
688.0,559.0
688.0,366.0
688.0,525.0
688.0,965.0
688.0,777.0
689.0,145.0
689.0,991.0
689.0,632.0
689.0,109.0
689.0,1002.0
689.0,121.0
689.0,637.0
689.0,520.0
689.0,841.0
689.0,709.0
689.0,97.0
689.0,240.0
690.0,15.0
690.0,944.0
690.0,29.0
690.0,894.0
690.0,123.0
690.0,112.0
690.0,884.0
690.0,95.0
690.0,235.0
690.0,429.0
690.0,1014.0
690.0,803.0
691.0,244.0
691.0,299.0
691.0,581.0
691.0,430.0
691.0,913.0
691.0,210.0
691.0,955.0
691.0,214.0
691.0,317.0
691.0,847.0
691.0,191.0
691.0,55.0
692.0,502.0
692.0,738.0
692.0,67.0
692.0,1025.0
692.0,1013.0
692.0,643.0
692.0,39.0
692.0,905.0
692.0,920.0
692.0,245.0
692.0,490.0
692.0,792.0
693.0,686.0
693.0,554.0
693.0,237.0
693.0,329.0
693.0,452.0
693.0,663.0
693.0,917.0
693.0,593.0
693.0,194.0
693.0,722.0
693.0,834.0
693.0,763.0
694.0,805.0
694.0,424.0
694.0,130.0
694.0,133.0
694.0,364.0
694.0,553.0
694.0,834.0
694.0,134.0
694.0,277.0
694.0,58.0
694.0,104.0
694.0,811.0
695.0,737.0
695.0,153.0
695.0,79.0
695.0,533.0
695.0,479.0
695.0,908.0
695.0,296.0
695.0,760.0
695.0,524.0
695.0,269.0
695.0,332.0
695.0,883.0
696.0,32.0
696.0,434.0
696.0,218.0
696.0,863.0
696.0,920.0
696.0,664.0
696.0,223.0
696.0,553.0
696.0,623.0
696.0,516.0
696.0,636.0
696.0,820.0
697.0,296.0
697.0,623.0
697.0,522.0
697.0,743.0
697.0,921.0
697.0,428.0
697.0,172.0
697.0,565.0
697.0,514.0
697.0,622.0
697.0,266.0
697.0,552.0
698.0,910.0
698.0,83.0
698.0,499.0
698.0,835.0
698.0,853.0
698.0,653.0
698.0,361.0
698.0,339.0
698.0,219.0
698.0,887.0
698.0,612.0
698.0,556.0
699.0,15.0
699.0,868.0
699.0,169.0
699.0,844.0
699.0,869.0
699.0,259.0
699.0,328.0
699.0,389.0
699.0,200.0
699.0,379.0
699.0,209.0
699.0,397.0
700.0,442.0
700.0,977.0
700.0,864.0
700.0,525.0
700.0,157.0
700.0,417.0
700.0,984.0
700.0,972.0
700.0,38.0
700.0,738.0
700.0,107.0
700.0,823.0
701.0,462.0
701.0,319.0
701.0,157.0
701.0,738.0
701.0,361.0
701.0,256.0
701.0,808.0
701.0,977.0
701.0,655.0
701.0,1002.0
701.0,32.0
701.0,688.0
702.0,22.0
702.0,661.0
702.0,696.0
702.0,511.0
702.0,842.0
702.0,331.0
702.0,465.0
702.0,294.0
702.0,35.0
702.0,543.0
702.0,990.0
702.0,475.0
703.0,982.0
703.0,521.0
703.0,124.0
703.0,52.0
703.0,322.0
703.0,242.0
703.0,653.0
703.0,505.0
703.0,1024.0
703.0,233.0
703.0,429.0
703.0,167.0
704.0,653.0
704.0,171.0
704.0,72.0
704.0,851.0
704.0,677.0
704.0,476.0
704.0,733.0
704.0,787.0
704.0,909.0
704.0,94.0
704.0,322.0
704.0,46.0
705.0,103.0
705.0,220.0
705.0,411.0
705.0,554.0
705.0,119.0
705.0,1014.0
705.0,1003.0
705.0,12.0
705.0,571.0
705.0,533.0
705.0,559.0
705.0,651.0
706.0,428.0
706.0,82.0
706.0,605.0
706.0,944.0
706.0,1004.0
706.0,852.0
706.0,586.0
706.0,91.0
706.0,655.0
706.0,210.0
706.0,276.0
706.0,395.0
707.0,214.0
707.0,6.0
707.0,853.0
707.0,370.0
707.0,786.0
707.0,928.0
707.0,228.0
707.0,642.0
707.0,721.0
707.0,474.0
707.0,553.0
707.0,314.0
708.0,754.0
708.0,349.0
708.0,198.0
708.0,868.0
708.0,756.0
708.0,131.0
708.0,609.0
708.0,109.0
708.0,789.0
708.0,137.0
708.0,845.0
708.0,320.0
709.0,930.0
709.0,880.0
709.0,834.0
709.0,209.0
709.0,240.0
709.0,999.0
709.0,451.0
709.0,685.0
709.0,292.0
709.0,802.0
709.0,31.0
709.0,144.0
710.0,954.0
710.0,803.0
710.0,932.0
710.0,476.0
710.0,155.0
710.0,513.0
710.0,948.0
710.0,168.0
710.0,327.0
710.0,740.0
710.0,835.0
710.0,283.0
711.0,877.0
711.0,860.0
711.0,430.0
711.0,665.0
711.0,755.0
711.0,1023.0
711.0,254.0
711.0,122.0
711.0,1031.0
711.0,142.0
711.0,301.0
711.0,243.0
712.0,193.0
712.0,853.0
712.0,775.0
712.0,328.0
712.0,50.0
712.0,380.0
712.0,701.0
712.0,877.0
712.0,117.0
712.0,607.0
712.0,828.0
712.0,508.0
713.0,93.0
713.0,686.0
713.0,472.0
713.0,948.0
713.0,103.0
713.0,789.0
713.0,20.0
713.0,678.0
713.0,47.0
713.0,714.0
713.0,818.0
713.0,34.0
714.0,785.0
714.0,51.0
714.0,393.0
714.0,333.0
714.0,650.0
714.0,631.0
714.0,890.0
714.0,377.0
714.0,346.0
714.0,825.0
714.0,118.0
714.0,849.0
715.0,352.0
715.0,552.0
715.0,17.0
715.0,181.0
715.0,611.0
715.0,146.0
715.0,813.0
715.0,361.0
715.0,790.0
715.0,760.0
715.0,403.0
715.0,88.0
716.0,814.0
716.0,626.0
716.0,656.0
716.0,588.0
716.0,836.0
716.0,144.0
716.0,406.0
716.0,325.0
716.0,676.0
716.0,64.0
716.0,679.0
716.0,712.0
717.0,813.0
717.0,596.0
717.0,874.0
717.0,708.0
717.0,585.0
717.0,902.0
717.0,939.0
717.0,809.0
717.0,210.0
717.0,934.0
717.0,425.0
717.0,336.0
718.0,956.0
718.0,921.0
718.0,42.0
718.0,879.0
718.0,785.0
718.0,745.0
718.0,665.0
718.0,501.0
718.0,353.0
718.0,672.0
718.0,697.0
718.0,545.0
719.0,38.0
719.0,795.0
719.0,235.0
719.0,991.0
719.0,70.0
719.0,292.0
719.0,933.0
719.0,566.0
719.0,4.0
719.0,228.0
719.0,244.0
719.0,525.0
720.0,236.0
720.0,827.0
720.0,797.0
720.0,776.0
720.0,425.0
720.0,86.0
720.0,261.0
720.0,350.0
720.0,184.0
720.0,511.0
720.0,843.0
720.0,641.0
721.0,163.0
721.0,244.0
721.0,695.0
721.0,492.0
721.0,170.0
721.0,565.0
721.0,383.0
721.0,787.0
721.0,111.0
721.0,570.0
721.0,575.0
721.0,651.0
722.0,560.0
722.0,252.0
722.0,400.0
722.0,698.0
722.0,1.0
722.0,587.0
722.0,778.0
722.0,844.0
722.0,694.0
722.0,517.0
722.0,266.0
722.0,418.0
723.0,844.0
723.0,819.0
723.0,598.0
723.0,979.0
723.0,208.0
723.0,291.0
723.0,656.0
723.0,914.0
723.0,332.0
723.0,87.0
723.0,267.0
723.0,16.0
724.0,652.0
724.0,890.0
724.0,975.0
724.0,752.0
724.0,61.0
724.0,931.0
724.0,583.0
724.0,19.0
724.0,298.0
724.0,513.0
724.0,475.0
724.0,281.0
725.0,888.0
725.0,651.0
725.0,214.0
725.0,491.0
725.0,78.0
725.0,611.0
725.0,586.0
725.0,749.0
725.0,630.0
725.0,564.0
725.0,206.0
725.0,309.0
726.0,40.0
726.0,382.0
726.0,54.0
726.0,520.0
726.0,888.0
726.0,880.0
726.0,564.0
726.0,43.0
726.0,946.0
726.0,893.0
726.0,409.0
726.0,664.0
727.0,841.0
727.0,365.0
727.0,430.0
727.0,290.0
727.0,888.0
727.0,632.0
727.0,89.0
727.0,774.0
727.0,6.0
727.0,660.0
727.0,595.0
727.0,941.0
728.0,481.0
728.0,342.0
728.0,931.0
728.0,211.0
728.0,821.0
728.0,404.0
728.0,286.0
728.0,902.0
728.0,431.0
728.0,637.0
728.0,740.0
728.0,565.0
729.0,1031.0
729.0,816.0
729.0,991.0
729.0,206.0
729.0,831.0
729.0,510.0
729.0,990.0
729.0,568.0
729.0,753.0
729.0,323.0
729.0,935.0
729.0,288.0
730.0,674.0
730.0,294.0
730.0,1005.0
730.0,29.0
730.0,118.0
730.0,323.0
730.0,194.0
730.0,105.0
730.0,876.0
730.0,965.0
730.0,610.0
730.0,785.0
731.0,1035.0
731.0,990.0
731.0,22.0
731.0,764.0
731.0,528.0
731.0,1024.0
731.0,919.0
731.0,6.0
731.0,79.0
731.0,172.0
731.0,746.0
731.0,545.0
732.0,292.0
732.0,545.0
732.0,736.0
732.0,916.0
732.0,533.0
732.0,640.0
732.0,642.0
732.0,710.0
732.0,435.0
732.0,335.0
732.0,290.0
732.0,718.0
733.0,82.0
733.0,986.0
733.0,996.0
733.0,992.0
733.0,38.0
733.0,552.0
733.0,78.0
733.0,522.0
733.0,519.0
733.0,430.0
733.0,736.0
733.0,543.0
734.0,544.0
734.0,820.0
734.0,764.0
734.0,949.0
734.0,224.0
734.0,560.0
734.0,847.0
734.0,1007.0
734.0,573.0
734.0,1028.0
734.0,181.0
734.0,736.0
735.0,1027.0
735.0,321.0
735.0,518.0
735.0,813.0
735.0,308.0
735.0,101.0
735.0,837.0
735.0,1004.0
735.0,198.0
735.0,54.0
735.0,930.0
735.0,839.0
736.0,628.0
736.0,27.0
736.0,574.0
736.0,642.0
736.0,286.0
736.0,380.0
736.0,418.0
736.0,578.0
736.0,973.0
736.0,668.0
736.0,1024.0
736.0,112.0
737.0,790.0
737.0,862.0
737.0,479.0
737.0,585.0
737.0,1022.0
737.0,668.0
737.0,119.0
737.0,500.0
737.0,180.0
737.0,69.0
737.0,976.0
737.0,407.0
738.0,698.0
738.0,533.0
738.0,862.0
738.0,361.0
738.0,577.0
738.0,327.0
738.0,815.0
738.0,846.0
738.0,1012.0
738.0,163.0
738.0,187.0
738.0,261.0
739.0,821.0
739.0,104.0
739.0,861.0
739.0,570.0
739.0,853.0
739.0,927.0
739.0,566.0
739.0,767.0
739.0,472.0
739.0,227.0
739.0,157.0
739.0,55.0
740.0,327.0
740.0,87.0
740.0,254.0
740.0,652.0
740.0,308.0
740.0,514.0
740.0,912.0
740.0,538.0
740.0,565.0
740.0,530.0
740.0,352.0
740.0,979.0
741.0,565.0
741.0,780.0
741.0,688.0
741.0,825.0
741.0,246.0
741.0,985.0
741.0,764.0
741.0,96.0
741.0,402.0
741.0,589.0
741.0,863.0
741.0,480.0
742.0,840.0
742.0,292.0
742.0,832.0
742.0,204.0
742.0,1023.0
742.0,1012.0
742.0,678.0
742.0,252.0
742.0,290.0
742.0,770.0
742.0,959.0
742.0,639.0
743.0,581.0
743.0,966.0
743.0,202.0
743.0,651.0
743.0,1008.0
743.0,622.0
743.0,170.0
743.0,698.0
743.0,820.0
743.0,779.0
743.0,734.0
743.0,674.0
744.0,820.0
744.0,921.0
744.0,692.0
744.0,846.0
744.0,283.0
744.0,866.0
744.0,250.0
744.0,360.0
744.0,98.0
744.0,699.0
744.0,894.0
744.0,887.0
745.0,727.0
745.0,419.0
745.0,978.0
745.0,156.0
745.0,160.0
745.0,444.0
745.0,438.0
745.0,258.0
745.0,992.0
745.0,16.0
745.0,995.0
745.0,565.0
746.0,313.0
746.0,620.0
746.0,929.0
746.0,979.0
746.0,331.0
746.0,845.0
746.0,512.0
746.0,1005.0
746.0,117.0
746.0,463.0
746.0,592.0
746.0,1006.0
747.0,107.0
747.0,494.0
747.0,1013.0
747.0,76.0
747.0,366.0
747.0,733.0
747.0,928.0
747.0,182.0
747.0,666.0
747.0,760.0
747.0,785.0
747.0,156.0
748.0,148.0
748.0,130.0
748.0,504.0
748.0,126.0
748.0,98.0
748.0,84.0
748.0,550.0
748.0,553.0
748.0,170.0
748.0,554.0
748.0,440.0
748.0,268.0
749.0,554.0
749.0,1008.0
749.0,513.0
749.0,552.0
749.0,1019.0
749.0,695.0
749.0,944.0
749.0,696.0
749.0,942.0
749.0,172.0
749.0,1009.0
749.0,357.0
750.0,11.0
750.0,381.0
750.0,425.0
750.0,631.0
750.0,292.0
750.0,82.0
750.0,559.0
750.0,406.0
750.0,480.0
750.0,226.0
750.0,645.0
750.0,757.0
751.0,60.0
751.0,901.0
751.0,906.0
751.0,202.0
751.0,633.0
751.0,898.0
751.0,35.0
751.0,783.0
751.0,806.0
751.0,418.0
751.0,219.0
751.0,891.0
752.0,989.0
752.0,385.0
752.0,160.0
752.0,156.0
752.0,569.0
752.0,750.0
752.0,226.0
752.0,116.0
752.0,893.0
752.0,401.0
752.0,450.0
752.0,936.0
753.0,218.0
753.0,683.0
753.0,440.0
753.0,224.0
753.0,60.0
753.0,323.0
753.0,996.0
753.0,860.0
753.0,245.0
753.0,625.0
753.0,623.0
753.0,994.0
754.0,534.0
754.0,4.0
754.0,228.0
754.0,512.0
754.0,70.0
754.0,299.0
754.0,317.0
754.0,1020.0
754.0,662.0
754.0,978.0
754.0,206.0
754.0,874.0
755.0,317.0
755.0,273.0
755.0,286.0
755.0,368.0
755.0,732.0
755.0,565.0
755.0,537.0
755.0,659.0
755.0,781.0
755.0,116.0
755.0,59.0
755.0,824.0
756.0,795.0
756.0,894.0
756.0,556.0
756.0,586.0
756.0,1006.0
756.0,662.0
756.0,422.0
756.0,866.0
756.0,740.0
756.0,941.0
756.0,4.0
756.0,1009.0
757.0,986.0
757.0,362.0
757.0,733.0
757.0,708.0
757.0,263.0
757.0,591.0
757.0,108.0
757.0,854.0
757.0,979.0
757.0,914.0
757.0,721.0
757.0,226.0
758.0,741.0
758.0,824.0
758.0,674.0
758.0,734.0
758.0,707.0
758.0,708.0
758.0,952.0
758.0,369.0
758.0,820.0
758.0,402.0
758.0,1024.0
758.0,272.0
759.0,188.0
759.0,514.0
759.0,683.0
759.0,136.0
759.0,799.0
759.0,231.0
759.0,642.0
759.0,103.0
759.0,563.0
759.0,538.0
759.0,553.0
759.0,954.0
760.0,902.0
760.0,877.0
760.0,832.0
760.0,259.0
760.0,609.0
760.0,0.0
760.0,790.0
760.0,79.0
760.0,24.0
760.0,102.0
760.0,837.0
760.0,299.0
761.0,447.0
761.0,702.0
761.0,402.0
761.0,246.0
761.0,222.0
761.0,569.0
761.0,741.0
761.0,619.0
761.0,848.0
761.0,480.0
761.0,369.0
761.0,830.0
762.0,644.0
762.0,413.0
762.0,518.0
762.0,626.0
762.0,357.0
762.0,624.0
762.0,685.0
762.0,941.0
762.0,988.0
762.0,190.0
762.0,365.0
762.0,1023.0
763.0,237.0
763.0,316.0
763.0,567.0
763.0,338.0
763.0,88.0
763.0,1002.0
763.0,101.0
763.0,850.0
763.0,161.0
763.0,624.0
763.0,611.0
763.0,709.0
764.0,416.0
764.0,261.0
764.0,1030.0
764.0,327.0
764.0,540.0
764.0,294.0
764.0,155.0
764.0,938.0
764.0,1008.0
764.0,1029.0
764.0,546.0
764.0,900.0
765.0,751.0
765.0,637.0
765.0,791.0
765.0,835.0
765.0,462.0
765.0,78.0
765.0,392.0
765.0,978.0
765.0,527.0
765.0,369.0
765.0,438.0
765.0,863.0
766.0,264.0
766.0,627.0
766.0,663.0
766.0,124.0
766.0,506.0
766.0,216.0
766.0,554.0
766.0,58.0
766.0,647.0
766.0,823.0
766.0,99.0
766.0,538.0
767.0,602.0
767.0,97.0
767.0,809.0
767.0,1033.0
767.0,549.0
767.0,38.0
767.0,755.0
767.0,449.0
767.0,379.0
767.0,335.0
767.0,150.0
767.0,829.0
768.0,774.0
768.0,201.0
768.0,403.0
768.0,520.0
768.0,321.0
768.0,669.0
768.0,1026.0
768.0,30.0
768.0,726.0
768.0,716.0
768.0,147.0
768.0,28.0
769.0,463.0
769.0,243.0
769.0,545.0
769.0,326.0
769.0,203.0
769.0,287.0
769.0,956.0
769.0,903.0
769.0,204.0
769.0,632.0
769.0,3.0
769.0,715.0
770.0,989.0
770.0,545.0
770.0,721.0
770.0,166.0
770.0,540.0
770.0,862.0
770.0,280.0
770.0,572.0
770.0,259.0
770.0,299.0
770.0,261.0
770.0,94.0
771.0,113.0
771.0,43.0
771.0,518.0
771.0,439.0
771.0,1002.0
771.0,306.0
771.0,1015.0
771.0,617.0
771.0,768.0
771.0,611.0
771.0,644.0
771.0,510.0
772.0,839.0
772.0,84.0
772.0,905.0
772.0,336.0
772.0,501.0
772.0,560.0
772.0,96.0
772.0,901.0
772.0,692.0
772.0,825.0
772.0,875.0
772.0,931.0
773.0,869.0
773.0,625.0
773.0,253.0
773.0,268.0
773.0,959.0
773.0,470.0
773.0,107.0
773.0,373.0
773.0,327.0
773.0,407.0
773.0,718.0
773.0,748.0
774.0,975.0
774.0,654.0
774.0,857.0
774.0,541.0
774.0,267.0
774.0,912.0
774.0,958.0
774.0,113.0
774.0,641.0
774.0,804.0
774.0,153.0
774.0,370.0
775.0,819.0
775.0,444.0
775.0,911.0
775.0,383.0
775.0,782.0
775.0,268.0
775.0,569.0
775.0,638.0
775.0,215.0
775.0,343.0
775.0,381.0
775.0,656.0
776.0,613.0
776.0,488.0
776.0,957.0
776.0,173.0
776.0,21.0
776.0,588.0
776.0,885.0
776.0,174.0
776.0,136.0
776.0,382.0
776.0,585.0
776.0,649.0
777.0,497.0
777.0,363.0
777.0,130.0
777.0,597.0
777.0,554.0
777.0,964.0
777.0,380.0
777.0,574.0
777.0,874.0
777.0,301.0
777.0,683.0
777.0,598.0
778.0,57.0
778.0,31.0
778.0,208.0
778.0,767.0
778.0,264.0
778.0,404.0
778.0,552.0
778.0,45.0
778.0,42.0
778.0,860.0
778.0,113.0
778.0,441.0
779.0,978.0
779.0,568.0
779.0,578.0
779.0,52.0
779.0,198.0
779.0,70.0
779.0,60.0
779.0,329.0
779.0,864.0
779.0,808.0
779.0,360.0
779.0,698.0
780.0,638.0
780.0,511.0
780.0,13.0
780.0,730.0
780.0,72.0
780.0,424.0
780.0,650.0
780.0,861.0
780.0,674.0
780.0,758.0
780.0,1001.0
780.0,256.0
781.0,615.0
781.0,136.0
781.0,736.0
781.0,718.0
781.0,220.0
781.0,411.0
781.0,533.0
781.0,15.0
781.0,154.0
781.0,45.0
781.0,368.0
781.0,273.0
782.0,723.0
782.0,321.0
782.0,827.0
782.0,641.0
782.0,425.0
782.0,174.0
782.0,510.0
782.0,86.0
782.0,1030.0
782.0,54.0
782.0,526.0
782.0,845.0
783.0,14.0
783.0,806.0
783.0,219.0
783.0,231.0
783.0,891.0
783.0,560.0
783.0,356.0
783.0,223.0
783.0,557.0
783.0,302.0
783.0,434.0
783.0,812.0
784.0,225.0
784.0,110.0
784.0,5.0
784.0,364.0
784.0,742.0
784.0,882.0
784.0,712.0
784.0,474.0
784.0,682.0
784.0,968.0
784.0,969.0
784.0,88.0
785.0,952.0
785.0,919.0
785.0,892.0
785.0,214.0
785.0,47.0
785.0,259.0
785.0,950.0
785.0,758.0
785.0,808.0
785.0,692.0
785.0,806.0
785.0,701.0
786.0,727.0
786.0,755.0
786.0,41.0
786.0,6.0
786.0,630.0
786.0,151.0
786.0,445.0
786.0,19.0
786.0,658.0
786.0,497.0
786.0,888.0
786.0,70.0
787.0,996.0
787.0,952.0
787.0,898.0
787.0,921.0
787.0,933.0
787.0,339.0
787.0,385.0
787.0,252.0
787.0,845.0
787.0,852.0
787.0,420.0
787.0,856.0
788.0,665.0
788.0,9.0
788.0,212.0
788.0,234.0
788.0,621.0
788.0,59.0
788.0,928.0
788.0,218.0
788.0,869.0
788.0,421.0
788.0,893.0
788.0,776.0
789.0,492.0
789.0,634.0
789.0,229.0
789.0,474.0
789.0,915.0
789.0,392.0
789.0,411.0
789.0,556.0
789.0,505.0
789.0,72.0
789.0,889.0
789.0,909.0
790.0,695.0
790.0,204.0
790.0,667.0
790.0,924.0
790.0,938.0
790.0,512.0
790.0,463.0
790.0,801.0
790.0,44.0
790.0,717.0
790.0,967.0
790.0,12.0
791.0,176.0
791.0,199.0
791.0,744.0
791.0,317.0
791.0,12.0
791.0,29.0
791.0,259.0
791.0,334.0
791.0,655.0
791.0,95.0
791.0,796.0
791.0,917.0
792.0,257.0
792.0,502.0
792.0,948.0
792.0,568.0
792.0,732.0
792.0,50.0
792.0,302.0
792.0,392.0
792.0,651.0
792.0,105.0
792.0,472.0
792.0,376.0
793.0,587.0
793.0,917.0
793.0,766.0
793.0,158.0
793.0,168.0
793.0,140.0
793.0,50.0
793.0,647.0
793.0,800.0
793.0,133.0
793.0,476.0
793.0,354.0
794.0,22.0
794.0,536.0
794.0,440.0
794.0,1010.0
794.0,750.0
794.0,379.0
794.0,301.0
794.0,416.0
794.0,897.0
794.0,12.0
794.0,826.0
794.0,369.0
795.0,61.0
795.0,290.0
795.0,9.0
795.0,537.0
795.0,945.0
795.0,269.0
795.0,1035.0
795.0,733.0
795.0,956.0
795.0,481.0
795.0,866.0
795.0,691.0
796.0,458.0
796.0,304.0
796.0,154.0
796.0,440.0
796.0,693.0
796.0,509.0
796.0,316.0
796.0,740.0
796.0,200.0
796.0,145.0
796.0,593.0
796.0,129.0
797.0,203.0
797.0,936.0
797.0,468.0
797.0,774.0
797.0,409.0
797.0,448.0
797.0,417.0
797.0,142.0
797.0,511.0
797.0,336.0
797.0,776.0
797.0,152.0
798.0,121.0
798.0,754.0
798.0,595.0
798.0,498.0
798.0,177.0
798.0,796.0
798.0,930.0
798.0,95.0
798.0,518.0
798.0,565.0
798.0,351.0
798.0,179.0
799.0,942.0
799.0,450.0
799.0,584.0
799.0,226.0
799.0,580.0
799.0,380.0
799.0,48.0
799.0,836.0
799.0,508.0
799.0,261.0
799.0,953.0
799.0,311.0
800.0,21.0
800.0,117.0
800.0,425.0
800.0,325.0
800.0,403.0
800.0,595.0
800.0,769.0
800.0,115.0
800.0,262.0
800.0,613.0
800.0,406.0
800.0,488.0
801.0,426.0
801.0,357.0
801.0,432.0
801.0,822.0
801.0,259.0
801.0,462.0
801.0,334.0
801.0,793.0
801.0,227.0
801.0,1028.0
801.0,818.0
801.0,374.0
802.0,601.0
802.0,306.0
802.0,628.0
802.0,298.0
802.0,110.0
802.0,762.0
802.0,616.0
802.0,95.0
802.0,1026.0
802.0,101.0
802.0,754.0
802.0,726.0
803.0,183.0
803.0,479.0
803.0,592.0
803.0,868.0
803.0,695.0
803.0,740.0
803.0,292.0
803.0,274.0
803.0,208.0
803.0,231.0
803.0,186.0
803.0,581.0
804.0,831.0
804.0,987.0
804.0,91.0
804.0,660.0
804.0,154.0
804.0,126.0
804.0,1034.0
804.0,1004.0
804.0,388.0
804.0,656.0
804.0,748.0
804.0,828.0
805.0,464.0
805.0,6.0
805.0,845.0
805.0,157.0
805.0,662.0
805.0,925.0
805.0,234.0
805.0,902.0
805.0,597.0
805.0,836.0
805.0,332.0
805.0,879.0
806.0,886.0
806.0,324.0
806.0,1028.0
806.0,792.0
806.0,435.0
806.0,294.0
806.0,310.0
806.0,922.0
806.0,44.0
806.0,910.0
806.0,873.0
806.0,817.0
807.0,921.0
807.0,792.0
807.0,1013.0
807.0,865.0
807.0,754.0
807.0,873.0
807.0,442.0
807.0,49.0
807.0,560.0
807.0,969.0
807.0,313.0
807.0,431.0
808.0,165.0
808.0,245.0
808.0,721.0
808.0,696.0
808.0,570.0
808.0,695.0
808.0,191.0
808.0,920.0
808.0,901.0
808.0,697.0
808.0,933.0
808.0,996.0
809.0,486.0
809.0,123.0
809.0,612.0
809.0,637.0
809.0,599.0
809.0,693.0
809.0,870.0
809.0,740.0
809.0,319.0
809.0,354.0
809.0,338.0
809.0,550.0
810.0,900.0
810.0,480.0
810.0,641.0
810.0,788.0
810.0,496.0
810.0,425.0
810.0,13.0
810.0,702.0
810.0,511.0
810.0,535.0
810.0,963.0
810.0,746.0
811.0,225.0
811.0,274.0
811.0,639.0
811.0,767.0
811.0,822.0
811.0,474.0
811.0,1.0
811.0,199.0
811.0,870.0
811.0,725.0
811.0,58.0
811.0,293.0
812.0,108.0
812.0,52.0
812.0,688.0
812.0,256.0
812.0,825.0
812.0,779.0
812.0,932.0
812.0,378.0
812.0,883.0
812.0,900.0
812.0,873.0
812.0,273.0
813.0,102.0
813.0,319.0
813.0,380.0
813.0,54.0
813.0,884.0
813.0,691.0
813.0,56.0
813.0,928.0
813.0,947.0
813.0,867.0
813.0,869.0
813.0,481.0
814.0,786.0
814.0,147.0
814.0,668.0
814.0,860.0
814.0,626.0
814.0,142.0
814.0,869.0
814.0,21.0
814.0,152.0
814.0,745.0
814.0,790.0
814.0,699.0
815.0,1004.0
815.0,123.0
815.0,837.0
815.0,877.0
815.0,566.0
815.0,571.0
815.0,307.0
815.0,637.0
815.0,830.0
815.0,538.0
815.0,360.0
815.0,436.0
816.0,76.0
816.0,935.0
816.0,1001.0
816.0,759.0
816.0,51.0
816.0,682.0
816.0,586.0
816.0,454.0
816.0,673.0
816.0,39.0
816.0,951.0
816.0,534.0
817.0,250.0
817.0,959.0
817.0,39.0
817.0,268.0
817.0,599.0
817.0,548.0
817.0,275.0
817.0,454.0
817.0,414.0
817.0,519.0
817.0,246.0
817.0,687.0
818.0,46.0
818.0,865.0
818.0,600.0
818.0,622.0
818.0,1014.0
818.0,984.0
818.0,312.0
818.0,105.0
818.0,950.0
818.0,547.0
818.0,779.0
818.0,45.0
819.0,826.0
819.0,584.0
819.0,528.0
819.0,281.0
819.0,720.0
819.0,220.0
819.0,879.0
819.0,831.0
819.0,340.0
819.0,16.0
819.0,971.0
819.0,419.0
820.0,565.0
820.0,357.0
820.0,231.0
820.0,919.0
820.0,157.0
820.0,956.0
820.0,1028.0
820.0,367.0
820.0,102.0
820.0,402.0
820.0,874.0
820.0,56.0
821.0,188.0
821.0,748.0
821.0,916.0
821.0,330.0
821.0,869.0
821.0,216.0
821.0,409.0
821.0,538.0
821.0,779.0
821.0,497.0
821.0,586.0
821.0,607.0
822.0,55.0
822.0,939.0
822.0,432.0
822.0,99.0
822.0,25.0
822.0,968.0
822.0,474.0
822.0,446.0
822.0,347.0
822.0,441.0
822.0,735.0
822.0,811.0
823.0,627.0
823.0,922.0
823.0,441.0
823.0,770.0
823.0,166.0
823.0,354.0
823.0,5.0
823.0,274.0
823.0,698.0
823.0,199.0
823.0,264.0
823.0,404.0
824.0,974.0
824.0,907.0
824.0,894.0
824.0,76.0
824.0,218.0
824.0,213.0
824.0,908.0
824.0,428.0
824.0,84.0
824.0,756.0
824.0,465.0
824.0,992.0
825.0,178.0
825.0,758.0
825.0,817.0
825.0,772.0
825.0,1017.0
825.0,908.0
825.0,84.0
825.0,194.0
825.0,33.0
825.0,952.0
825.0,710.0
825.0,36.0
826.0,19.0
826.0,827.0
826.0,862.0
826.0,723.0
826.0,857.0
826.0,745.0
826.0,631.0
826.0,160.0
826.0,683.0
826.0,263.0
826.0,128.0
826.0,343.0
827.0,450.0
827.0,102.0
827.0,750.0
827.0,234.0
827.0,148.0
827.0,580.0
827.0,96.0
827.0,719.0
827.0,919.0
827.0,431.0
827.0,799.0
827.0,854.0
828.0,117.0
828.0,530.0
828.0,742.0
828.0,30.0
828.0,777.0
828.0,725.0
828.0,372.0
828.0,481.0
828.0,146.0
828.0,19.0
828.0,547.0
828.0,298.0
829.0,462.0
829.0,722.0
829.0,309.0
829.0,954.0
829.0,216.0
829.0,396.0
829.0,154.0
829.0,367.0
829.0,822.0
829.0,158.0
829.0,821.0
829.0,400.0
830.0,380.0
830.0,242.0
830.0,331.0
830.0,298.0
830.0,975.0
830.0,970.0
830.0,334.0
830.0,660.0
830.0,415.0
830.0,233.0
830.0,1009.0
830.0,159.0
831.0,752.0
831.0,591.0
831.0,585.0
831.0,723.0
831.0,881.0
831.0,478.0
831.0,598.0
831.0,207.0
831.0,89.0
831.0,998.0
831.0,215.0
831.0,108.0
832.0,95.0
832.0,637.0
832.0,360.0
832.0,531.0
832.0,511.0
832.0,796.0
832.0,708.0
832.0,299.0
832.0,632.0
832.0,769.0
832.0,680.0
832.0,724.0
833.0,61.0
833.0,938.0
833.0,794.0
833.0,213.0
833.0,270.0
833.0,810.0
833.0,666.0
833.0,373.0
833.0,399.0
833.0,519.0
833.0,592.0
833.0,849.0
834.0,79.0
834.0,51.0
834.0,701.0
834.0,992.0
834.0,252.0
834.0,50.0
834.0,58.0
834.0,329.0
834.0,691.0
834.0,101.0
834.0,143.0
834.0,423.0
835.0,494.0
835.0,803.0
835.0,208.0
835.0,309.0
835.0,923.0
835.0,577.0
835.0,130.0
835.0,624.0
835.0,344.0
835.0,711.0
835.0,414.0
835.0,35.0
836.0,829.0
836.0,809.0
836.0,581.0
836.0,492.0
836.0,467.0
836.0,50.0
836.0,778.0
836.0,527.0
836.0,652.0
836.0,877.0
836.0,94.0
836.0,924.0
837.0,946.0
837.0,494.0
837.0,79.0
837.0,912.0
837.0,24.0
837.0,217.0
837.0,512.0
837.0,107.0
837.0,143.0
837.0,707.0
837.0,759.0
837.0,301.0
838.0,881.0
838.0,339.0
838.0,322.0
838.0,815.0
838.0,123.0
838.0,609.0
838.0,1019.0
838.0,227.0
838.0,743.0
838.0,167.0
838.0,787.0
838.0,155.0
839.0,54.0
839.0,721.0
839.0,754.0
839.0,728.0
839.0,431.0
839.0,493.0
839.0,665.0
839.0,592.0
839.0,414.0
839.0,179.0
839.0,867.0
839.0,979.0
840.0,982.0
840.0,51.0
840.0,988.0
840.0,524.0
840.0,436.0
840.0,746.0
840.0,651.0
840.0,683.0
840.0,472.0
840.0,829.0
840.0,231.0
840.0,818.0
841.0,842.0
841.0,669.0
841.0,372.0
841.0,719.0
841.0,771.0
841.0,413.0
841.0,445.0
841.0,321.0
841.0,644.0
841.0,685.0
841.0,595.0
841.0,348.0
842.0,142.0
842.0,857.0
842.0,947.0
842.0,405.0
842.0,163.0
842.0,992.0
842.0,477.0
842.0,1019.0
842.0,434.0
842.0,156.0
842.0,438.0
842.0,328.0
843.0,497.0
843.0,228.0
843.0,144.0
843.0,826.0
843.0,305.0
843.0,236.0
843.0,190.0
843.0,311.0
843.0,362.0
843.0,86.0
843.0,380.0
843.0,406.0
844.0,769.0
844.0,220.0
844.0,856.0
844.0,191.0
844.0,961.0
844.0,159.0
844.0,276.0
844.0,853.0
844.0,706.0
844.0,564.0
844.0,445.0
844.0,154.0
845.0,12.0
845.0,701.0
845.0,179.0
845.0,745.0
845.0,20.0
845.0,554.0
845.0,123.0
845.0,1004.0
845.0,625.0
845.0,570.0
845.0,970.0
845.0,304.0
846.0,972.0
846.0,820.0
846.0,220.0
846.0,900.0
846.0,346.0
846.0,193.0
846.0,907.0
846.0,994.0
846.0,1025.0
846.0,799.0
846.0,928.0
846.0,463.0
847.0,455.0
847.0,370.0
847.0,218.0
847.0,75.0
847.0,24.0
847.0,66.0
847.0,530.0
847.0,226.0
847.0,254.0
847.0,475.0
847.0,586.0
847.0,850.0
848.0,1016.0
848.0,825.0
848.0,952.0
848.0,531.0
848.0,226.0
848.0,169.0
848.0,533.0
848.0,960.0
848.0,384.0
848.0,928.0
848.0,758.0
848.0,84.0
849.0,530.0
849.0,289.0
849.0,682.0
849.0,1018.0
849.0,858.0
849.0,816.0
849.0,340.0
849.0,940.0
849.0,920.0
849.0,818.0
849.0,634.0
849.0,266.0
850.0,896.0
850.0,403.0
850.0,358.0
850.0,153.0
850.0,209.0
850.0,923.0
850.0,456.0
850.0,4.0
850.0,193.0
850.0,630.0
850.0,711.0
850.0,684.0
851.0,124.0
851.0,489.0
851.0,94.0
851.0,49.0
851.0,186.0
851.0,302.0
851.0,472.0
851.0,195.0
851.0,635.0
851.0,505.0
851.0,891.0
851.0,704.0
852.0,857.0
852.0,42.0
852.0,770.0
852.0,162.0
852.0,67.0
852.0,431.0
852.0,721.0
852.0,307.0
852.0,15.0
852.0,374.0
852.0,972.0
852.0,504.0
853.0,473.0
853.0,29.0
853.0,608.0
853.0,367.0
853.0,699.0
853.0,539.0
853.0,964.0
853.0,821.0
853.0,107.0
853.0,743.0
853.0,59.0
853.0,989.0
854.0,537.0
854.0,285.0
854.0,893.0
854.0,646.0
854.0,263.0
854.0,535.0
854.0,986.0
854.0,165.0
854.0,998.0
854.0,136.0
854.0,981.0
854.0,826.0
855.0,413.0
855.0,113.0
855.0,579.0
855.0,924.0
855.0,452.0
855.0,852.0
855.0,10.0
855.0,190.0
855.0,380.0
855.0,461.0
855.0,325.0
855.0,397.0
856.0,430.0
856.0,718.0
856.0,687.0
856.0,231.0
856.0,126.0
856.0,530.0
856.0,107.0
856.0,193.0
856.0,895.0
856.0,877.0
856.0,806.0
856.0,609.0
857.0,484.0
857.0,528.0
857.0,381.0
857.0,397.0
857.0,421.0
857.0,960.0
857.0,737.0
857.0,615.0
857.0,128.0
857.0,847.0
857.0,731.0
857.0,1022.0
858.0,1005.0
858.0,741.0
858.0,712.0
858.0,780.0
858.0,633.0
858.0,951.0
858.0,702.0
858.0,13.0
858.0,447.0
858.0,383.0
858.0,74.0
858.0,876.0
859.0,452.0
859.0,663.0
859.0,593.0
859.0,1021.0
859.0,293.0
859.0,284.0
859.0,823.0
859.0,778.0
859.0,474.0
859.0,765.0
859.0,253.0
859.0,420.0
860.0,877.0
860.0,687.0
860.0,603.0
860.0,409.0
860.0,215.0
860.0,491.0
860.0,711.0
860.0,896.0
860.0,82.0
860.0,523.0
860.0,326.0
860.0,971.0
861.0,805.0
861.0,608.0
861.0,560.0
861.0,55.0
861.0,636.0
861.0,730.0
861.0,731.0
861.0,701.0
861.0,70.0
861.0,970.0
861.0,273.0
861.0,95.0
862.0,1003.0
862.0,597.0
862.0,54.0
862.0,541.0
862.0,61.0
862.0,889.0
862.0,769.0
862.0,760.0
862.0,556.0
862.0,924.0
862.0,1016.0
862.0,708.0
863.0,449.0
863.0,596.0
863.0,553.0
863.0,945.0
863.0,701.0
863.0,1016.0
863.0,927.0
863.0,773.0
863.0,75.0
863.0,360.0
863.0,853.0
863.0,310.0
864.0,72.0
864.0,722.0
864.0,211.0
864.0,517.0
864.0,600.0
864.0,396.0
864.0,898.0
864.0,516.0
864.0,344.0
864.0,508.0
864.0,891.0
864.0,527.0
865.0,15.0
865.0,825.0
865.0,329.0
865.0,224.0
865.0,993.0
865.0,205.0
865.0,539.0
865.0,374.0
865.0,647.0
865.0,292.0
865.0,715.0
865.0,497.0
866.0,331.0
866.0,228.0
866.0,1025.0
866.0,959.0
866.0,150.0
866.0,427.0
866.0,759.0
866.0,744.0
866.0,193.0
866.0,560.0
866.0,121.0
866.0,188.0
867.0,1004.0
867.0,102.0
867.0,658.0
867.0,243.0
867.0,744.0
867.0,408.0
867.0,967.0
867.0,1000.0
867.0,269.0
867.0,681.0
867.0,821.0
867.0,699.0
868.0,150.0
868.0,41.0
868.0,640.0
868.0,887.0
868.0,313.0
868.0,1011.0
868.0,296.0
868.0,235.0
868.0,208.0
868.0,165.0
868.0,241.0
868.0,467.0
869.0,945.0
869.0,847.0
869.0,539.0
869.0,1012.0
869.0,296.0
869.0,637.0
869.0,769.0
869.0,239.0
869.0,665.0
869.0,887.0
869.0,842.0
869.0,1000.0
870.0,999.0
870.0,917.0
870.0,1021.0
870.0,284.0
870.0,627.0
870.0,954.0
870.0,316.0
870.0,542.0
870.0,85.0
870.0,579.0
870.0,57.0
870.0,198.0
871.0,293.0
871.0,198.0
871.0,386.0
871.0,335.0
871.0,158.0
871.0,568.0
871.0,309.0
871.0,972.0
871.0,663.0
871.0,721.0
871.0,110.0
871.0,767.0
872.0,121.0
872.0,341.0
872.0,264.0
872.0,240.0
872.0,490.0
872.0,394.0
872.0,503.0
872.0,351.0
872.0,1014.0
872.0,101.0
872.0,762.0
872.0,781.0
873.0,77.0
873.0,191.0
873.0,665.0
873.0,360.0
873.0,525.0
873.0,227.0
873.0,366.0
873.0,489.0
873.0,300.0
873.0,807.0
873.0,598.0
873.0,135.0
874.0,208.0
874.0,367.0
874.0,98.0
874.0,894.0
874.0,687.0
874.0,115.0
874.0,546.0
874.0,359.0
874.0,1009.0
874.0,159.0
874.0,884.0
874.0,107.0
875.0,623.0
875.0,409.0
875.0,648.0
875.0,420.0
875.0,776.0
875.0,533.0
875.0,897.0
875.0,687.0
875.0,985.0
875.0,575.0
875.0,867.0
875.0,592.0
876.0,636.0
876.0,849.0
876.0,965.0
876.0,98.0
876.0,886.0
876.0,381.0
876.0,496.0
876.0,464.0
876.0,391.0
876.0,943.0
876.0,747.0
876.0,265.0
877.0,121.0
877.0,439.0
877.0,989.0
877.0,668.0
877.0,159.0
877.0,869.0
877.0,1019.0
877.0,445.0
877.0,242.0
877.0,976.0
877.0,370.0
877.0,556.0
878.0,735.0
878.0,1026.0
878.0,654.0
878.0,490.0
878.0,413.0
878.0,65.0
878.0,1003.0
878.0,868.0
878.0,1000.0
878.0,493.0
878.0,129.0
878.0,939.0
879.0,664.0
879.0,665.0
879.0,132.0
879.0,522.0
879.0,924.0
879.0,697.0
879.0,377.0
879.0,123.0
879.0,155.0
879.0,853.0
879.0,832.0
879.0,279.0
880.0,828.0
880.0,969.0
880.0,182.0
880.0,308.0
880.0,28.0
880.0,712.0
880.0,341.0
880.0,3.0
880.0,1016.0
880.0,903.0
880.0,1023.0
880.0,992.0
881.0,670.0
881.0,22.0
881.0,965.0
881.0,169.0
881.0,507.0
881.0,16.0
881.0,1006.0
881.0,883.0
881.0,265.0
881.0,733.0
881.0,442.0
881.0,155.0
882.0,431.0
882.0,78.0
882.0,34.0
882.0,820.0
882.0,647.0
882.0,404.0
882.0,56.0
882.0,244.0
882.0,939.0
882.0,968.0
882.0,602.0
882.0,784.0
883.0,51.0
883.0,156.0
883.0,479.0
883.0,950.0
883.0,367.0
883.0,1035.0
883.0,890.0
883.0,221.0
883.0,838.0
883.0,926.0
883.0,974.0
883.0,554.0
884.0,674.0
884.0,914.0
884.0,540.0
884.0,707.0
884.0,15.0
884.0,1004.0
884.0,512.0
884.0,254.0
884.0,79.0
884.0,583.0
884.0,423.0
884.0,156.0
885.0,720.0
885.0,477.0
885.0,957.0
885.0,776.0
885.0,350.0
885.0,613.0
885.0,40.0
885.0,375.0
885.0,981.0
885.0,359.0
885.0,348.0
885.0,956.0
886.0,677.0
886.0,638.0
886.0,1010.0
886.0,566.0
886.0,366.0
886.0,973.0
886.0,697.0
886.0,271.0
886.0,557.0
886.0,35.0
886.0,95.0
886.0,837.0
887.0,38.0
887.0,533.0
887.0,307.0
887.0,860.0
887.0,442.0
887.0,501.0
887.0,558.0
887.0,242.0
887.0,336.0
887.0,640.0
887.0,1013.0
887.0,959.0
888.0,931.0
888.0,803.0
888.0,131.0
888.0,762.0
888.0,601.0
888.0,269.0
888.0,878.0
888.0,850.0
888.0,964.0
888.0,725.0
888.0,466.0
888.0,828.0
889.0,411.0
889.0,845.0
889.0,737.0
889.0,243.0
889.0,945.0
889.0,75.0
889.0,620.0
889.0,755.0
889.0,764.0
889.0,449.0
889.0,541.0
889.0,266.0
890.0,860.0
890.0,580.0
890.0,276.0
890.0,732.0
890.0,712.0
890.0,825.0
890.0,286.0
890.0,75.0
890.0,640.0
890.0,445.0
890.0,659.0
890.0,604.0
891.0,950.0
891.0,14.0
891.0,502.0
891.0,861.0
891.0,703.0
891.0,333.0
891.0,932.0
891.0,544.0
891.0,454.0
891.0,277.0
891.0,792.0
891.0,223.0
892.0,19.0
892.0,168.0
892.0,61.0
892.0,10.0
892.0,159.0
892.0,421.0
892.0,180.0
892.0,615.0
892.0,102.0
892.0,995.0
892.0,576.0
892.0,190.0
893.0,931.0
893.0,979.0
893.0,776.0
893.0,971.0
893.0,826.0
893.0,388.0
893.0,263.0
893.0,350.0
893.0,470.0
893.0,526.0
893.0,475.0
893.0,9.0
894.0,563.0
894.0,307.0
894.0,884.0
894.0,846.0
894.0,20.0
894.0,919.0
894.0,1008.0
894.0,973.0
894.0,371.0
894.0,67.0
894.0,148.0
894.0,156.0
895.0,490.0
895.0,924.0
895.0,948.0
895.0,1029.0
895.0,438.0
895.0,214.0
895.0,28.0
895.0,493.0
895.0,552.0
895.0,491.0
895.0,1008.0
895.0,609.0
896.0,887.0
896.0,924.0
896.0,539.0
896.0,630.0
896.0,161.0
896.0,895.0
896.0,406.0
896.0,253.0
896.0,596.0
896.0,101.0
896.0,102.0
896.0,449.0
897.0,295.0
897.0,1005.0
897.0,922.0
897.0,460.0
897.0,238.0
897.0,937.0
897.0,591.0
897.0,569.0
897.0,645.0
897.0,879.0
897.0,614.0
897.0,463.0
898.0,504.0
898.0,453.0
898.0,49.0
898.0,906.0
898.0,635.0
898.0,677.0
898.0,377.0
898.0,171.0
898.0,283.0
898.0,789.0
898.0,724.0
898.0,502.0
899.0,54.0
899.0,740.0
899.0,814.0
899.0,842.0
899.0,6.0
899.0,697.0
899.0,311.0
899.0,923.0
899.0,571.0
899.0,800.0
899.0,139.0
899.0,564.0
900.0,169.0
900.0,363.0
900.0,952.0
900.0,970.0
900.0,980.0
900.0,408.0
900.0,497.0
900.0,405.0
900.0,684.0
900.0,128.0
900.0,167.0
900.0,975.0
901.0,260.0
901.0,920.0
901.0,136.0
901.0,806.0
901.0,942.0
901.0,371.0
901.0,935.0
901.0,337.0
901.0,847.0
901.0,891.0
901.0,366.0
901.0,1028.0
902.0,193.0
902.0,1027.0
902.0,54.0
902.0,863.0
902.0,942.0
902.0,431.0
902.0,102.0
902.0,760.0
902.0,248.0
902.0,61.0
902.0,176.0
902.0,470.0
903.0,976.0
903.0,1012.0
903.0,308.0
903.0,583.0
903.0,123.0
903.0,126.0
903.0,342.0
903.0,111.0
903.0,193.0
903.0,808.0
903.0,798.0
903.0,414.0
904.0,924.0
904.0,249.0
904.0,868.0
904.0,859.0
904.0,601.0
904.0,88.0
904.0,240.0
904.0,958.0
904.0,632.0
904.0,62.0
904.0,101.0
904.0,467.0
905.0,436.0
905.0,377.0
905.0,313.0
905.0,435.0
905.0,753.0
905.0,411.0
905.0,514.0
905.0,98.0
905.0,581.0
905.0,483.0
905.0,356.0
905.0,130.0
906.0,20.0
906.0,118.0
906.0,165.0
906.0,203.0
906.0,428.0
906.0,734.0
906.0,83.0
906.0,873.0
906.0,280.0
906.0,949.0
906.0,546.0
906.0,455.0
907.0,42.0
907.0,71.0
907.0,607.0
907.0,955.0
907.0,764.0
907.0,753.0
907.0,292.0
907.0,414.0
907.0,856.0
907.0,853.0
907.0,835.0
907.0,550.0
908.0,251.0
908.0,385.0
908.0,875.0
908.0,958.0
908.0,224.0
908.0,84.0
908.0,56.0
908.0,758.0
908.0,772.0
908.0,816.0
908.0,107.0
908.0,9.0
909.0,18.0
909.0,821.0
909.0,34.0
909.0,993.0
909.0,255.0
909.0,789.0
909.0,404.0
909.0,334.0
909.0,505.0
909.0,429.0
909.0,820.0
909.0,635.0
910.0,15.0
910.0,738.0
910.0,454.0
910.0,76.0
910.0,420.0
910.0,295.0
910.0,633.0
910.0,783.0
910.0,312.0
910.0,610.0
910.0,582.0
910.0,265.0
911.0,269.0
911.0,287.0
911.0,729.0
911.0,684.0
911.0,757.0
911.0,236.0
911.0,940.0
911.0,90.0
911.0,785.0
911.0,833.0
911.0,922.0
911.0,444.0
912.0,261.0
912.0,540.0
912.0,926.0
912.0,479.0
912.0,1020.0
912.0,662.0
912.0,111.0
912.0,781.0
912.0,921.0
912.0,523.0
912.0,335.0
912.0,765.0
913.0,290.0
913.0,907.0
913.0,787.0
913.0,908.0
913.0,994.0
913.0,942.0
913.0,989.0
913.0,744.0
913.0,877.0
913.0,835.0
913.0,23.0
913.0,731.0
914.0,493.0
914.0,494.0
914.0,827.0
914.0,752.0
914.0,267.0
914.0,545.0
914.0,478.0
914.0,234.0
914.0,183.0
914.0,342.0
914.0,1004.0
914.0,203.0
915.0,471.0
915.0,457.0
915.0,34.0
915.0,711.0
915.0,703.0
915.0,600.0
915.0,547.0
915.0,112.0
915.0,14.0
915.0,195.0
915.0,392.0
915.0,873.0
916.0,736.0
916.0,575.0
916.0,446.0
916.0,269.0
916.0,50.0
916.0,318.0
916.0,894.0
916.0,898.0
916.0,243.0
916.0,328.0
916.0,299.0
916.0,265.0
917.0,255.0
917.0,110.0
917.0,836.0
917.0,437.0
917.0,1021.0
917.0,793.0
917.0,694.0
917.0,784.0
917.0,322.0
917.0,866.0
917.0,527.0
917.0,840.0
918.0,667.0
918.0,821.0
918.0,182.0
918.0,63.0
918.0,110.0
918.0,439.0
918.0,509.0
918.0,209.0
918.0,230.0
918.0,474.0
918.0,491.0
918.0,354.0
919.0,670.0
919.0,385.0
919.0,1008.0
919.0,907.0
919.0,29.0
919.0,711.0
919.0,862.0
919.0,254.0
919.0,928.0
919.0,149.0
919.0,67.0
919.0,258.0
920.0,502.0
920.0,741.0
920.0,103.0
920.0,523.0
920.0,525.0
920.0,380.0
920.0,873.0
920.0,541.0
920.0,503.0
920.0,894.0
920.0,482.0
920.0,519.0
921.0,583.0
921.0,191.0
921.0,701.0
921.0,657.0
921.0,777.0
921.0,87.0
921.0,1019.0
921.0,95.0
921.0,721.0
921.0,1030.0
921.0,235.0
921.0,424.0
922.0,687.0
922.0,336.0
922.0,942.0
922.0,581.0
922.0,815.0
922.0,287.0
922.0,895.0
922.0,59.0
922.0,683.0
922.0,728.0
922.0,1025.0
922.0,533.0
923.0,32.0
923.0,330.0
923.0,991.0
923.0,512.0
923.0,981.0
923.0,168.0
923.0,708.0
923.0,979.0
923.0,903.0
923.0,244.0
923.0,659.0
923.0,431.0
924.0,261.0
924.0,90.0
924.0,708.0
924.0,699.0
924.0,748.0
924.0,533.0
924.0,296.0
924.0,388.0
924.0,157.0
924.0,484.0
924.0,176.0
924.0,79.0
925.0,206.0
925.0,565.0
925.0,683.0
925.0,266.0
925.0,969.0
925.0,732.0
925.0,166.0
925.0,369.0
925.0,1004.0
925.0,417.0
925.0,15.0
925.0,820.0
926.0,726.0
926.0,890.0
926.0,856.0
926.0,1014.0
926.0,907.0
926.0,287.0
926.0,754.0
926.0,243.0
926.0,359.0
926.0,894.0
926.0,1007.0
926.0,449.0
927.0,484.0
927.0,867.0
927.0,845.0
927.0,252.0
927.0,264.0
927.0,104.0
927.0,506.0
927.0,296.0
927.0,770.0
927.0,298.0
927.0,736.0
927.0,552.0
928.0,445.0
928.0,12.0
928.0,594.0
928.0,214.0
928.0,70.0
928.0,592.0
928.0,98.0
928.0,744.0
928.0,464.0
928.0,504.0
928.0,861.0
928.0,22.0
929.0,640.0
929.0,61.0
929.0,684.0
929.0,327.0
929.0,531.0
929.0,952.0
929.0,711.0
929.0,638.0
929.0,231.0
929.0,149.0
929.0,369.0
929.0,178.0
930.0,904.0
930.0,221.0
930.0,121.0
930.0,859.0
930.0,567.0
930.0,100.0
930.0,31.0
930.0,309.0
930.0,999.0
930.0,461.0
930.0,286.0
930.0,505.0
931.0,169.0
931.0,755.0
931.0,434.0
931.0,369.0
931.0,986.0
931.0,1016.0
931.0,374.0
931.0,66.0
931.0,552.0
931.0,307.0
931.0,126.0
931.0,299.0
932.0,664.0
932.0,924.0
932.0,442.0
932.0,196.0
932.0,525.0
932.0,566.0
932.0,13.0
932.0,245.0
932.0,206.0
932.0,212.0
932.0,479.0
932.0,149.0
933.0,78.0
933.0,832.0
933.0,470.0
933.0,740.0
933.0,243.0
933.0,655.0
933.0,15.0
933.0,231.0
933.0,460.0
933.0,210.0
933.0,622.0
933.0,989.0
934.0,999.0
934.0,352.0
934.0,719.0
934.0,182.0
934.0,431.0
934.0,605.0
934.0,548.0
934.0,542.0
934.0,214.0
934.0,497.0
934.0,252.0
934.0,941.0
935.0,952.0
935.0,77.0
935.0,913.0
935.0,984.0
935.0,856.0
935.0,279.0
935.0,775.0
935.0,344.0
935.0,7.0
935.0,373.0
935.0,301.0
935.0,69.0
936.0,106.0
936.0,127.0
936.0,776.0
936.0,281.0
936.0,844.0
936.0,238.0
936.0,914.0
936.0,938.0
936.0,64.0
936.0,291.0
936.0,723.0
936.0,613.0
937.0,943.0
937.0,621.0
937.0,402.0
937.0,876.0
937.0,691.0
937.0,300.0
937.0,455.0
937.0,23.0
937.0,764.0
937.0,848.0
937.0,631.0
937.0,170.0
938.0,507.0
938.0,992.0
938.0,176.0
938.0,0.0
938.0,1009.0
938.0,126.0
938.0,235.0
938.0,366.0
938.0,723.0
938.0,136.0
938.0,546.0
938.0,553.0
939.0,436.0
939.0,390.0
939.0,847.0
939.0,504.0
939.0,862.0
939.0,765.0
939.0,527.0
939.0,991.0
939.0,934.0
939.0,51.0
939.0,442.0
939.0,394.0
940.0,170.0
940.0,536.0
940.0,410.0
940.0,207.0
940.0,399.0
940.0,443.0
940.0,395.0
940.0,844.0
940.0,746.0
940.0,419.0
940.0,788.0
940.0,710.0
941.0,1011.0
941.0,892.0
941.0,461.0
941.0,66.0
941.0,130.0
941.0,629.0
941.0,368.0
941.0,204.0
941.0,203.0
941.0,651.0
941.0,867.0
941.0,177.0
942.0,565.0
942.0,235.0
942.0,1019.0
942.0,220.0
942.0,558.0
942.0,848.0
942.0,15.0
942.0,629.0
942.0,1002.0
942.0,612.0
942.0,1006.0
942.0,69.0
943.0,212.0
943.0,487.0
943.0,434.0
943.0,32.0
943.0,339.0
943.0,465.0
943.0,243.0
943.0,986.0
943.0,384.0
943.0,419.0
943.0,421.0
943.0,786.0
944.0,522.0
944.0,210.0
944.0,79.0
944.0,1000.0
944.0,462.0
944.0,671.0
944.0,975.0
944.0,491.0
944.0,299.0
944.0,612.0
944.0,609.0
944.0,557.0
945.0,55.0
945.0,123.0
945.0,554.0
945.0,623.0
945.0,281.0
945.0,159.0
945.0,356.0
945.0,866.0
945.0,308.0
945.0,226.0
945.0,283.0
945.0,902.0
946.0,658.0
946.0,821.0
946.0,805.0
946.0,235.0
946.0,588.0
946.0,261.0
946.0,712.0
946.0,828.0
946.0,718.0
946.0,745.0
946.0,42.0
946.0,633.0
947.0,67.0
947.0,881.0
947.0,608.0
947.0,828.0
947.0,201.0
947.0,479.0
947.0,160.0
947.0,855.0
947.0,3.0
947.0,281.0
947.0,724.0
947.0,782.0
948.0,163.0
948.0,334.0
948.0,557.0
948.0,331.0
948.0,47.0
948.0,193.0
948.0,159.0
948.0,958.0
948.0,902.0
948.0,765.0
948.0,1025.0
948.0,846.0
949.0,417.0
949.0,695.0
949.0,172.0
949.0,502.0
949.0,805.0
949.0,408.0
949.0,342.0
949.0,851.0
949.0,74.0
949.0,1027.0
949.0,323.0
949.0,1017.0
950.0,984.0
950.0,163.0
950.0,494.0
950.0,368.0
950.0,563.0
950.0,9.0
950.0,838.0
950.0,655.0
950.0,438.0
950.0,742.0
950.0,779.0
950.0,505.0
951.0,673.0
951.0,289.0
951.0,275.0
951.0,847.0
951.0,183.0
951.0,825.0
951.0,758.0
951.0,650.0
951.0,1028.0
951.0,37.0
951.0,638.0
951.0,272.0
952.0,84.0
952.0,268.0
952.0,75.0
952.0,98.0
952.0,189.0
952.0,638.0
952.0,41.0
952.0,74.0
952.0,170.0
952.0,965.0
952.0,729.0
952.0,665.0
953.0,828.0
953.0,254.0
953.0,753.0
953.0,116.0
953.0,387.0
953.0,215.0
953.0,827.0
953.0,317.0
953.0,218.0
953.0,724.0
953.0,1006.0
953.0,794.0
954.0,769.0
954.0,151.0
954.0,307.0
954.0,856.0
954.0,874.0
954.0,146.0
954.0,991.0
954.0,803.0
954.0,640.0
954.0,334.0
954.0,925.0
954.0,12.0
955.0,586.0
955.0,713.0
955.0,59.0
955.0,326.0
955.0,30.0
955.0,42.0
955.0,313.0
955.0,360.0
955.0,22.0
955.0,397.0
955.0,708.0
955.0,192.0
956.0,235.0
956.0,809.0
956.0,361.0
956.0,226.0
956.0,523.0
956.0,989.0
956.0,417.0
956.0,782.0
956.0,660.0
956.0,737.0
956.0,701.0
956.0,744.0
957.0,448.0
957.0,320.0
957.0,358.0
957.0,297.0
957.0,305.0
957.0,180.0
957.0,6.0
957.0,897.0
957.0,262.0
957.0,669.0
957.0,943.0
957.0,156.0
958.0,101.0
958.0,497.0
958.0,583.0
958.0,71.0
958.0,539.0
958.0,1031.0
958.0,54.0
958.0,328.0
958.0,988.0
958.0,388.0
958.0,736.0
958.0,540.0
959.0,360.0
959.0,601.0
959.0,552.0
959.0,254.0
959.0,695.0
959.0,169.0
959.0,482.0
959.0,609.0
959.0,1011.0
959.0,571.0
959.0,779.0
959.0,292.0
960.0,478.0
960.0,125.0
960.0,251.0
960.0,384.0
960.0,455.0
960.0,464.0
960.0,794.0
960.0,952.0
960.0,890.0
960.0,119.0
960.0,11.0
960.0,561.0
961.0,299.0
961.0,944.0
961.0,834.0
961.0,809.0
961.0,844.0
961.0,701.0
961.0,467.0
961.0,609.0
961.0,386.0
961.0,815.0
961.0,959.0
961.0,856.0
962.0,577.0
962.0,463.0
962.0,589.0
962.0,523.0
962.0,267.0
962.0,268.0
962.0,501.0
962.0,258.0
962.0,127.0
962.0,355.0
962.0,126.0
962.0,56.0
963.0,772.0
963.0,273.0
963.0,914.0
963.0,911.0
963.0,19.0
963.0,897.0
963.0,203.0
963.0,971.0
963.0,156.0
963.0,90.0
963.0,247.0
963.0,173.0
964.0,368.0
964.0,411.0
964.0,310.0
964.0,66.0
964.0,583.0
964.0,221.0
964.0,127.0
964.0,868.0
964.0,571.0
964.0,1019.0
964.0,159.0
964.0,1008.0
965.0,589.0
965.0,344.0
965.0,997.0
965.0,434.0
965.0,757.0
965.0,172.0
965.0,440.0
965.0,749.0
965.0,276.0
965.0,876.0
965.0,310.0
965.0,758.0
966.0,1011.0
966.0,232.0
966.0,624.0
966.0,809.0
966.0,685.0
966.0,725.0
966.0,1003.0
966.0,466.0
966.0,240.0
966.0,414.0
966.0,456.0
966.0,467.0
967.0,638.0
967.0,1020.0
967.0,798.0
967.0,837.0
967.0,608.0
967.0,27.0
967.0,979.0
967.0,212.0
967.0,290.0
967.0,754.0
967.0,15.0
967.0,554.0
968.0,811.0
968.0,1.0
968.0,863.0
968.0,572.0
968.0,345.0
968.0,692.0
968.0,1033.0
968.0,740.0
968.0,162.0
968.0,871.0
968.0,485.0
968.0,728.0
969.0,530.0
969.0,928.0
969.0,380.0
969.0,861.0
969.0,889.0
969.0,778.0
969.0,457.0
969.0,678.0
969.0,927.0
969.0,732.0
969.0,411.0
969.0,552.0
970.0,586.0
970.0,598.0
970.0,513.0
970.0,313.0
970.0,154.0
970.0,242.0
970.0,889.0
970.0,781.0
970.0,713.0
970.0,296.0
970.0,9.0
970.0,371.0
971.0,553.0
971.0,23.0
971.0,543.0
971.0,256.0
971.0,1005.0
971.0,55.0
971.0,723.0
971.0,665.0
971.0,973.0
971.0,352.0
971.0,565.0
971.0,524.0
972.0,418.0
972.0,38.0
972.0,225.0
972.0,927.0
972.0,30.0
972.0,474.0
972.0,1021.0
972.0,829.0
972.0,652.0
972.0,860.0
972.0,531.0
972.0,233.0
973.0,890.0
973.0,463.0
973.0,466.0
973.0,662.0
973.0,733.0
973.0,286.0
973.0,974.0
973.0,30.0
973.0,571.0
973.0,599.0
973.0,927.0
973.0,556.0
974.0,971.0
974.0,645.0
974.0,127.0
974.0,819.0
974.0,815.0
974.0,563.0
974.0,594.0
974.0,578.0
974.0,515.0
974.0,849.0
974.0,883.0
974.0,270.0
975.0,989.0
975.0,589.0
975.0,515.0
975.0,836.0
975.0,17.0
975.0,923.0
975.0,678.0
975.0,68.0
975.0,573.0
975.0,188.0
975.0,267.0
975.0,790.0
976.0,361.0
976.0,949.0
976.0,491.0
976.0,964.0
976.0,923.0
976.0,828.0
976.0,965.0
976.0,445.0
976.0,83.0
976.0,149.0
976.0,160.0
976.0,342.0
977.0,50.0
977.0,416.0
977.0,651.0
977.0,543.0
977.0,513.0
977.0,27.0
977.0,456.0
977.0,371.0
977.0,777.0
977.0,231.0
977.0,498.0
977.0,322.0
978.0,414.0
978.0,667.0
978.0,819.0
978.0,510.0
978.0,895.0
978.0,168.0
978.0,473.0
978.0,996.0
978.0,501.0
978.0,603.0
978.0,583.0
978.0,165.0
979.0,658.0
979.0,900.0
979.0,574.0
979.0,310.0
979.0,51.0
979.0,926.0
979.0,537.0
979.0,385.0
979.0,359.0
979.0,445.0
979.0,207.0
979.0,330.0
980.0,958.0
980.0,125.0
980.0,524.0
980.0,313.0
980.0,762.0
980.0,687.0
980.0,537.0
980.0,311.0
980.0,334.0
980.0,19.0
980.0,477.0
980.0,470.0
981.0,656.0
981.0,526.0
981.0,603.0
981.0,890.0
981.0,531.0
981.0,511.0
981.0,412.0
981.0,893.0
981.0,622.0
981.0,160.0
981.0,980.0
981.0,777.0
982.0,818.0
982.0,505.0
982.0,8.0
982.0,635.0
982.0,895.0
982.0,864.0
982.0,836.0
982.0,861.0
982.0,290.0
982.0,793.0
982.0,701.0
982.0,166.0
983.0,77.0
983.0,910.0
983.0,371.0
983.0,909.0
983.0,268.0
983.0,265.0
983.0,27.0
983.0,105.0
983.0,1001.0
983.0,33.0
983.0,272.0
983.0,891.0
984.0,905.0
984.0,678.0
984.0,973.0
984.0,27.0
984.0,227.0
984.0,220.0
984.0,600.0
984.0,25.0
984.0,547.0
984.0,909.0
984.0,602.0
984.0,277.0
985.0,222.0
985.0,755.0
985.0,270.0
985.0,96.0
985.0,420.0
985.0,884.0
985.0,977.0
985.0,729.0
985.0,343.0
985.0,877.0
985.0,757.0
985.0,384.0
986.0,98.0
986.0,212.0
986.0,421.0
986.0,443.0
986.0,752.0
986.0,108.0
986.0,430.0
986.0,826.0
986.0,646.0
986.0,618.0
986.0,839.0
986.0,953.0
987.0,842.0
987.0,48.0
987.0,573.0
987.0,458.0
987.0,336.0
987.0,484.0
987.0,30.0
987.0,125.0
987.0,281.0
987.0,566.0
987.0,424.0
987.0,311.0
988.0,754.0
988.0,823.0
988.0,261.0
988.0,57.0
988.0,30.0
988.0,927.0
988.0,137.0
988.0,767.0
988.0,347.0
988.0,451.0
988.0,587.0
988.0,709.0
989.0,620.0
989.0,79.0
989.0,1020.0
989.0,794.0
989.0,787.0
989.0,445.0
989.0,363.0
989.0,279.0
989.0,522.0
989.0,946.0
989.0,625.0
989.0,107.0
990.0,638.0
990.0,327.0
990.0,543.0
990.0,794.0
990.0,1024.0
990.0,501.0
990.0,736.0
990.0,149.0
990.0,36.0
990.0,70.0
990.0,212.0
990.0,396.0
991.0,531.0
991.0,625.0
991.0,712.0
991.0,705.0
991.0,327.0
991.0,299.0
991.0,1006.0
991.0,860.0
991.0,286.0
991.0,170.0
991.0,664.0
991.0,449.0
992.0,1016.0
992.0,313.0
992.0,862.0
992.0,976.0
992.0,1031.0
992.0,545.0
992.0,975.0
992.0,658.0
992.0,217.0
992.0,892.0
992.0,415.0
992.0,524.0
993.0,296.0
993.0,506.0
993.0,790.0
993.0,561.0
993.0,196.0
993.0,916.0
993.0,1016.0
993.0,883.0
993.0,211.0
993.0,890.0
993.0,791.0
993.0,581.0
994.0,575.0
994.0,292.0
994.0,686.0
994.0,929.0
994.0,733.0
994.0,732.0
994.0,130.0
994.0,718.0
994.0,483.0
994.0,199.0
994.0,442.0
994.0,926.0
995.0,750.0
995.0,619.0
995.0,86.0
995.0,585.0
995.0,11.0
995.0,327.0
995.0,487.0
995.0,297.0
995.0,510.0
995.0,957.0
995.0,664.0
995.0,987.0
996.0,115.0
996.0,1023.0
996.0,884.0
996.0,407.0
996.0,367.0
996.0,932.0
996.0,697.0
996.0,430.0
996.0,710.0
996.0,281.0
996.0,527.0
996.0,586.0
997.0,335.0
997.0,35.0
997.0,928.0
997.0,502.0
997.0,256.0
997.0,34.0
997.0,402.0
997.0,336.0
997.0,594.0
997.0,625.0
997.0,937.0
997.0,761.0
998.0,681.0
998.0,160.0
998.0,32.0
998.0,827.0
998.0,645.0
998.0,273.0
998.0,80.0
998.0,173.0
998.0,658.0
998.0,212.0
998.0,444.0
998.0,819.0
999.0,109.0
999.0,237.0
999.0,439.0
999.0,739.0
999.0,763.0
999.0,88.0
999.0,694.0
999.0,394.0
999.0,463.0
999.0,689.0
999.0,601.0
999.0,200.0
1000.0,252.0
1000.0,553.0
1000.0,866.0
1000.0,499.0
1000.0,684.0
1000.0,942.0
1000.0,211.0
1000.0,853.0
1000.0,125.0
1000.0,960.0
1000.0,298.0
1000.0,554.0
1001.0,35.0
1001.0,222.0
1001.0,73.0
1001.0,906.0
1001.0,780.0
1001.0,260.0
1001.0,300.0
1001.0,366.0
1001.0,294.0
1001.0,377.0
1001.0,758.0
1001.0,435.0
1002.0,493.0
1002.0,315.0
1002.0,966.0
1002.0,632.0
1002.0,855.0
1002.0,320.0
1002.0,840.0
1002.0,200.0
1002.0,469.0
1002.0,639.0
1002.0,518.0
1002.0,79.0
1003.0,642.0
1003.0,80.0
1003.0,832.0
1003.0,900.0
1003.0,241.0
1003.0,864.0
1003.0,233.0
1003.0,57.0
1003.0,736.0
1003.0,136.0
1003.0,629.0
1003.0,922.0
1004.0,411.0
1004.0,815.0
1004.0,542.0
1004.0,708.0
1004.0,436.0
1004.0,651.0
1004.0,562.0
1004.0,438.0
1004.0,242.0
1004.0,115.0
1004.0,501.0
1004.0,1023.0
1005.0,22.0
1005.0,974.0
1005.0,84.0
1005.0,77.0
1005.0,833.0
1005.0,578.0
1005.0,251.0
1005.0,317.0
1005.0,511.0
1005.0,772.0
1005.0,569.0
1005.0,272.0
1006.0,942.0
1006.0,117.0
1006.0,667.0
1006.0,992.0
1006.0,706.0
1006.0,856.0
1006.0,625.0
1006.0,658.0
1006.0,570.0
1006.0,298.0
1006.0,224.0
1006.0,863.0
1007.0,513.0
1007.0,655.0
1007.0,692.0
1007.0,291.0
1007.0,642.0
1007.0,66.0
1007.0,34.0
1007.0,779.0
1007.0,744.0
1007.0,233.0
1007.0,835.0
1007.0,549.0
1008.0,165.0
1008.0,149.0
1008.0,310.0
1008.0,667.0
1008.0,130.0
1008.0,349.0
1008.0,744.0
1008.0,989.0
1008.0,315.0
1008.0,424.0
1008.0,12.0
1008.0,1004.0
1009.0,252.0
1009.0,839.0
1009.0,154.0
1009.0,667.0
1009.0,374.0
1009.0,466.0
1009.0,586.0
1009.0,292.0
1009.0,837.0
1009.0,243.0
1009.0,219.0
1009.0,687.0
1010.0,840.0
1010.0,308.0
1010.0,637.0
1010.0,58.0
1010.0,949.0
1010.0,211.0
1010.0,622.0
1010.0,874.0
1010.0,265.0
1010.0,713.0
1010.0,377.0
1010.0,105.0
1011.0,101.0
1011.0,632.0
1011.0,466.0
1011.0,629.0
1011.0,1025.0
1011.0,17.0
1011.0,71.0
1011.0,361.0
1011.0,1004.0
1011.0,516.0
1011.0,331.0
1011.0,175.0
1012.0,158.0
1012.0,1029.0
1012.0,655.0
1012.0,211.0
1012.0,452.0
1012.0,932.0
1012.0,57.0
1012.0,895.0
1012.0,921.0
1012.0,877.0
1012.0,530.0
1012.0,736.0
1013.0,1028.0
1013.0,1003.0
1013.0,650.0
1013.0,779.0
1013.0,366.0
1013.0,977.0
1013.0,34.0
1013.0,416.0
1013.0,817.0
1013.0,623.0
1013.0,625.0
1013.0,225.0
1014.0,722.0
1014.0,308.0
1014.0,286.0
1014.0,330.0
1014.0,954.0
1014.0,357.0
1014.0,684.0
1014.0,648.0
1014.0,545.0
1014.0,702.0
1014.0,83.0
1014.0,125.0
1015.0,655.0
1015.0,644.0
1015.0,725.0
1015.0,306.0
1015.0,948.0
1015.0,899.0
1015.0,484.0
1015.0,325.0
1015.0,71.0
1015.0,885.0
1015.0,727.0
1015.0,842.0
1016.0,538.0
1016.0,57.0
1016.0,708.0
1016.0,837.0
1016.0,111.0
1016.0,1035.0
1016.0,770.0
1016.0,283.0
1016.0,431.0
1016.0,252.0
1016.0,103.0
1016.0,254.0
1017.0,61.0
1017.0,165.0
1017.0,1024.0
1017.0,772.0
1017.0,250.0
1017.0,642.0
1017.0,686.0
1017.0,512.0
1017.0,570.0
1017.0,89.0
1017.0,291.0
1017.0,959.0
1018.0,202.0
1018.0,812.0
1018.0,491.0
1018.0,1010.0
1018.0,457.0
1018.0,648.0
1018.0,849.0
1018.0,906.0
1018.0,900.0
1018.0,643.0
1018.0,522.0
1018.0,418.0
1019.0,877.0
1019.0,668.0
1019.0,686.0
1019.0,463.0
1019.0,150.0
1019.0,423.0
1019.0,583.0
1019.0,881.0
1019.0,620.0
1019.0,805.0
1019.0,368.0
1019.0,189.0
1020.0,299.0
1020.0,198.0
1020.0,850.0
1020.0,51.0
1020.0,781.0
1020.0,884.0
1020.0,304.0
1020.0,648.0
1020.0,515.0
1020.0,235.0
1020.0,361.0
1020.0,736.0
1021.0,53.0
1021.0,859.0
1021.0,164.0
1021.0,867.0
1021.0,449.0
1021.0,722.0
1021.0,452.0
1021.0,474.0
1021.0,811.0
1021.0,713.0
1021.0,1033.0
1021.0,332.0
1022.0,534.0
1022.0,142.0
1022.0,613.0
1022.0,776.0
1022.0,50.0
1022.0,645.0
1022.0,412.0
1022.0,144.0
1022.0,425.0
1022.0,448.0
1022.0,262.0
1022.0,857.0
1023.0,89.0
1023.0,955.0
1023.0,458.0
1023.0,209.0
1023.0,662.0
1023.0,691.0
1023.0,54.0
1023.0,372.0
1023.0,469.0
1023.0,417.0
1023.0,996.0
1023.0,166.0
1024.0,1008.0
1024.0,507.0
1024.0,659.0
1024.0,683.0
1024.0,840.0
1024.0,154.0
1024.0,138.0
1024.0,1025.0
1024.0,830.0
1024.0,519.0
1024.0,242.0
1024.0,739.0
1025.0,578.0
1025.0,844.0
1025.0,516.0
1025.0,1010.0
1025.0,367.0
1025.0,208.0
1025.0,366.0
1025.0,352.0
1025.0,343.0
1025.0,187.0
1025.0,547.0
1025.0,743.0
1026.0,828.0
1026.0,439.0
1026.0,576.0
1026.0,685.0
1026.0,132.0
1026.0,394.0
1026.0,1027.0
1026.0,451.0
1026.0,689.0
1026.0,441.0
1026.0,968.0
1026.0,398.0
1027.0,27.0
1027.0,163.0
1027.0,609.0
1027.0,892.0
1027.0,16.0
1027.0,235.0
1027.0,553.0
1027.0,228.0
1027.0,420.0
1027.0,884.0
1027.0,23.0
1027.0,1009.0
1028.0,366.0
1028.0,785.0
1028.0,908.0
1028.0,608.0
1028.0,610.0
1028.0,997.0
1028.0,873.0
1028.0,598.0
1028.0,906.0
1028.0,391.0
1028.0,560.0
1028.0,691.0
1029.0,96.0
1029.0,319.0
1029.0,837.0
1029.0,744.0
1029.0,198.0
1029.0,1019.0
1029.0,9.0
1029.0,0.0
1029.0,502.0
1029.0,795.0
1029.0,370.0
1029.0,550.0
1030.0,894.0
1030.0,327.0
1030.0,42.0
1030.0,862.0
1030.0,692.0
1030.0,577.0
1030.0,206.0
1030.0,678.0
1030.0,185.0
1030.0,574.0
1030.0,959.0
1030.0,706.0
1031.0,363.0
1031.0,979.0
1031.0,494.0
1031.0,690.0
1031.0,283.0
1031.0,890.0
1031.0,583.0
1031.0,318.0
1031.0,1004.0
1031.0,55.0
1031.0,965.0
1031.0,908.0
1032.0,526.0
1032.0,580.0
1032.0,236.0
1032.0,645.0
1032.0,819.0
1032.0,247.0
1032.0,854.0
1032.0,460.0
1032.0,810.0
1032.0,238.0
1032.0,343.0
1032.0,752.0
1033.0,349.0
1033.0,694.0
1033.0,871.0
1033.0,307.0
1033.0,961.0
1033.0,85.0
1033.0,12.0
1033.0,140.0
1033.0,199.0
1033.0,110.0
1033.0,249.0
1033.0,597.0
1034.0,814.0
1034.0,114.0
1034.0,450.0
1034.0,676.0
1034.0,197.0
1034.0,365.0
1034.0,726.0
1034.0,576.0
1034.0,125.0
1034.0,626.0
1034.0,375.0
1034.0,350.0
1035.0,869.0
1035.0,583.0
1035.0,571.0
1035.0,216.0
1035.0,553.0
1035.0,970.0
1035.0,167.0
1035.0,584.0
1035.0,372.0
1035.0,361.0
1035.0,706.0
1035.0,276.0
668.0,0.0
715.0,0.0
736.0,0.0
69.0,0.0
257.0,0.0
301.0,0.0
531.0,0.0
296.0,0.0
103.0,0.0
243.0,0.0
581.0,0.0
868.0,0.0
441.0,1.0
778.0,1.0
506.0,1.0
968.0,1.0
53.0,1.0
424.0,1.0
278.0,1.0
400.0,1.0
811.0,1.0
293.0,1.0
177.0,1.0
314.0,1.0
340.0,2.0
433.0,2.0
621.0,2.0
741.0,2.0
234.0,2.0
589.0,2.0
519.0,2.0
381.0,2.0
376.0,2.0
754.0,2.0
76.0,2.0
753.0,2.0
475.0,3.0
526.0,3.0
800.0,3.0
573.0,3.0
6.0,3.0
646.0,3.0
359.0,3.0
550.0,3.0
329.0,3.0
221.0,3.0
425.0,3.0
290.0,3.0
912.0,4.0
221.0,4.0
397.0,4.0
130.0,4.0
369.0,4.0
470.0,4.0
415.0,4.0
603.0,4.0
254.0,4.0
687.0,4.0
668.0,4.0
445.0,4.0
101.0,5.0
53.0,5.0
567.0,5.0
791.0,5.0
722.0,5.0
852.0,5.0
110.0,5.0
1.0,5.0
639.0,5.0
694.0,5.0
907.0,5.0
473.0,5.0
3.0,6.0
724.0,6.0
855.0,6.0
205.0,6.0
143.0,6.0
894.0,6.0
769.0,6.0
445.0,6.0
725.0,6.0
328.0,6.0
1020.0,6.0
142.0,6.0
741.0,7.0
848.0,7.0
645.0,7.0
373.0,7.0
243.0,7.0
372.0,7.0
379.0,7.0
833.0,7.0
985.0,7.0
824.0,7.0
447.0,7.0
532.0,7.0
274.0,8.0
851.0,8.0
45.0,8.0
993.0,8.0
704.0,8.0
331.0,8.0
521.0,8.0
422.0,8.0
927.0,8.0
6.0,8.0
809.0,8.0
514.0,8.0
438.0,9.0
47.0,9.0
959.0,9.0
327.0,9.0
301.0,9.0
170.0,9.0
687.0,9.0
191.0,9.0
268.0,9.0
102.0,9.0
266.0,9.0
321.0,9.0
860.0,10.0
110.0,10.0
315.0,10.0
129.0,10.0
240.0,10.0
790.0,10.0
112.0,10.0
109.0,10.0
452.0,10.0
777.0,10.0
530.0,10.0
65.0,10.0
962.0,11.0
949.0,11.0
936.0,11.0
781.0,11.0
2.0,11.0
90.0,11.0
82.0,11.0
487.0,11.0
174.0,11.0
67.0,11.0
650.0,11.0
963.0,11.0
323.0,12.0
130.0,12.0
66.0,12.0
284.0,12.0
491.0,12.0
546.0,12.0
922.0,12.0
173.0,12.0
701.0,12.0
183.0,12.0
334.0,12.0
367.0,12.0
268.0,13.0
935.0,13.0
118.0,13.0
9.0,13.0
422.0,13.0
661.0,13.0
816.0,13.0
77.0,13.0
1024.0,13.0
33.0,13.0
634.0,13.0
537.0,13.0
577.0,14.0
640.0,14.0
886.0,14.0
696.0,14.0
898.0,14.0
851.0,14.0
883.0,14.0
635.0,14.0
49.0,14.0
492.0,14.0
104.0,14.0
495.0,14.0
292.0,15.0
695.0,15.0
586.0,15.0
484.0,15.0
501.0,15.0
791.0,15.0
218.0,15.0
564.0,15.0
565.0,15.0
83.0,15.0
150.0,15.0
553.0,15.0
128.0,16.0
989.0,16.0
644.0,16.0
542.0,16.0
189.0,16.0
826.0,16.0
499.0,16.0
421.0,16.0
43.0,16.0
342.0,16.0
115.0,16.0
281.0,16.0
360.0,17.0
948.0,17.0
939.0,17.0
132.0,17.0
793.0,17.0
321.0,17.0
630.0,17.0
798.0,17.0
746.0,17.0
424.0,17.0
564.0,17.0
281.0,17.0
582.0,18.0
376.0,18.0
730.0,18.0
223.0,18.0
324.0,18.0
817.0,18.0
688.0,18.0
77.0,18.0
391.0,18.0
965.0,18.0
202.0,18.0
700.0,18.0
390.0,19.0
987.0,19.0
826.0,19.0
342.0,19.0
860.0,19.0
28.0,19.0
842.0,19.0
874.0,19.0
193.0,19.0
611.0,19.0
913.0,19.0
350.0,19.0
578.0,20.0
138.0,20.0
55.0,20.0
9.0,20.0
994.0,20.0
82.0,20.0
187.0,20.0
902.0,20.0
1024.0,20.0
283.0,20.0
651.0,20.0
261.0,20.0
406.0,21.0
716.0,21.0
192.0,21.0
468.0,21.0
389.0,21.0
526.0,21.0
740.0,21.0
979.0,21.0
282.0,21.0
420.0,21.0
69.0,21.0
43.0,21.0
247.0,22.0
288.0,22.0
496.0,22.0
658.0,22.0
824.0,22.0
359.0,22.0
574.0,22.0
181.0,22.0
781.0,22.0
528.0,22.0
866.0,22.0
854.0,22.0
126.0,23.0
923.0,23.0
160.0,23.0
1002.0,23.0
288.0,23.0
269.0,23.0
925.0,23.0
737.0,23.0
718.0,23.0
503.0,23.0
380.0,23.0
537.0,23.0
565.0,24.0
838.0,24.0
481.0,24.0
395.0,24.0
665.0,24.0
329.0,24.0
537.0,24.0
852.0,24.0
629.0,24.0
718.0,24.0
570.0,24.0
259.0,24.0
1018.0,25.0
539.0,25.0
138.0,25.0
739.0,25.0
257.0,25.0
1000.0,25.0
503.0,25.0
632.0,25.0
627.0,25.0
657.0,25.0
1006.0,25.0
708.0,25.0
92.0,26.0
748.0,26.0
197.0,26.0
771.0,26.0
685.0,26.0
676.0,26.0
406.0,26.0
689.0,26.0
459.0,26.0
892.0,26.0
958.0,26.0
595.0,26.0
363.0,27.0
728.0,27.0
239.0,27.0
805.0,27.0
837.0,27.0
533.0,27.0
868.0,27.0
907.0,27.0
566.0,27.0
111.0,27.0
574.0,27.0
1006.0,27.0
120.0,28.0
718.0,28.0
372.0,28.0
348.0,28.0
588.0,28.0
439.0,28.0
628.0,28.0
669.0,28.0
425.0,28.0
724.0,28.0
412.0,28.0
192.0,28.0
592.0,29.0
368.0,29.0
169.0,29.0
12.0,29.0
956.0,29.0
440.0,29.0
916.0,29.0
691.0,29.0
847.0,29.0
921.0,29.0
856.0,29.0
795.0,29.0
23.0,30.0
779.0,30.0
368.0,30.0
852.0,30.0
501.0,30.0
659.0,30.0
102.0,30.0
177.0,30.0
469.0,30.0
862.0,30.0
860.0,30.0
1029.0,30.0
237.0,31.0
959.0,31.0
762.0,31.0
308.0,31.0
699.0,31.0
890.0,31.0
1019.0,31.0
209.0,31.0
500.0,31.0
966.0,31.0
475.0,31.0
664.0,31.0
1014.0,32.0
838.0,32.0
667.0,32.0
566.0,32.0
949.0,32.0
931.0,32.0
157.0,32.0
583.0,32.0
158.0,32.0
313.0,32.0
944.0,32.0
856.0,32.0
420.0,33.0
77.0,33.0
384.0,33.0
323.0,33.0
275.0,33.0
919.0,33.0
300.0,33.0
780.0,33.0
410.0,33.0
493.0,33.0
666.0,33.0
39.0,33.0
105.0,34.0
901.0,34.0
219.0,34.0
631.0,34.0
643.0,34.0
376.0,34.0
191.0,34.0
906.0,34.0
546.0,34.0
549.0,34.0
743.0,34.0
825.0,34.0
747.0,35.0
886.0,35.0
721.0,35.0
555.0,35.0
246.0,35.0
582.0,35.0
356.0,35.0
36.0,35.0
165.0,35.0
674.0,35.0
623.0,35.0
773.0,35.0
1001.0,36.0
997.0,36.0
194.0,36.0
205.0,36.0
548.0,36.0
753.0,36.0
908.0,36.0
711.0,36.0
160.0,36.0
1005.0,36.0
810.0,36.0
785.0,36.0
548.0,37.0
919.0,37.0
774.0,37.0
758.0,37.0
881.0,37.0
447.0,37.0
849.0,37.0
127.0,37.0
666.0,37.0
650.0,37.0
300.0,37.0
657.0,37.0
146.0,38.0
44.0,38.0
568.0,38.0
141.0,38.0
115.0,38.0
663.0,38.0
852.0,38.0
25.0,38.0
867.0,38.0
51.0,38.0
765.0,38.0
498.0,38.0
684.0,39.0
289.0,39.0
594.0,39.0
858.0,39.0
272.0,39.0
951.0,39.0
12.0,39.0
353.0,39.0
346.0,39.0
758.0,39.0
954.0,39.0
36.0,39.0
669.0,40.0
427.0,40.0
144.0,40.0
477.0,40.0
583.0,40.0
430.0,40.0
617.0,40.0
957.0,40.0
114.0,40.0
374.0,40.0
28.0,40.0
403.0,40.0
515.0,41.0
168.0,41.0
992.0,41.0
947.0,41.0
1014.0,41.0
571.0,41.0
388.0,41.0
433.0,41.0
788.0,41.0
975.0,41.0
614.0,41.0
182.0,41.0
538.0,42.0
552.0,42.0
31.0,42.0
181.0,42.0
839.0,42.0
253.0,42.0
605.0,42.0
803.0,42.0
748.0,42.0
728.0,42.0
791.0,42.0
211.0,42.0
1034.0,43.0
108.0,43.0
676.0,43.0
801.0,43.0
880.0,43.0
193.0,43.0
611.0,43.0
899.0,43.0
669.0,43.0
459.0,43.0
320.0,43.0
565.0,43.0
655.0,44.0
12.0,44.0
273.0,44.0
696.0,44.0
525.0,44.0
732.0,44.0
575.0,44.0
82.0,44.0
1017.0,44.0
170.0,44.0
845.0,44.0
277.0,44.0
506.0,45.0
882.0,45.0
386.0,45.0
698.0,45.0
255.0,45.0
653.0,45.0
721.0,45.0
53.0,45.0
67.0,45.0
216.0,45.0
639.0,45.0
124.0,45.0
495.0,46.0
133.0,46.0
277.0,46.0
529.0,46.0
600.0,46.0
256.0,46.0
694.0,46.0
547.0,46.0
49.0,46.0
521.0,46.0
677.0,46.0
1003.0,46.0
817.0,47.0
612.0,47.0
537.0,47.0
182.0,47.0
482.0,47.0
566.0,47.0
261.0,47.0
581.0,47.0
57.0,47.0
332.0,47.0
718.0,47.0
991.0,47.0
1004.0,48.0
828.0,48.0
217.0,48.0
799.0,48.0
54.0,48.0
326.0,48.0
17.0,48.0
393.0,48.0
127.0,48.0
880.0,48.0
888.0,48.0
98.0,48.0
134.0,49.0
85.0,49.0
710.0,49.0
901.0,49.0
916.0,49.0
46.0,49.0
130.0,49.0
505.0,49.0
529.0,49.0
688.0,49.0
396.0,49.0
476.0,49.0
622.0,50.0
732.0,50.0
516.0,50.0
840.0,50.0
632.0,50.0
967.0,50.0
913.0,50.0
304.0,50.0
41.0,50.0
87.0,50.0
294.0,50.0
942.0,50.0
706.0,51.0
578.0,51.0
803.0,51.0
905.0,51.0
423.0,51.0
514.0,51.0
274.0,51.0
959.0,51.0
988.0,51.0
623.0,51.0
633.0,51.0
492.0,51.0
785.0,52.0
915.0,52.0
901.0,52.0
118.0,52.0
457.0,52.0
623.0,52.0
391.0,52.0
984.0,52.0
566.0,52.0
792.0,52.0
551.0,52.0
216.0,52.0
968.0,53.0
506.0,53.0
801.0,53.0
319.0,53.0
449.0,53.0
137.0,53.0
230.0,53.0
309.0,53.0
99.0,53.0
1003.0,53.0
859.0,53.0
918.0,53.0
660.0,54.0
91.0,54.0
460.0,54.0
617.0,54.0
912.0,54.0
311.0,54.0
665.0,54.0
717.0,54.0
757.0,54.0
685.0,54.0
592.0,54.0
1019.0,54.0
931.0,55.0
130.0,55.0
276.0,55.0
15.0,55.0
242.0,55.0
310.0,55.0
384.0,55.0
78.0,55.0
23.0,55.0
856.0,55.0
671.0,55.0
557.0,55.0
203.0,56.0
352.0,56.0
691.0,56.0
1035.0,56.0
306.0,56.0
890.0,56.0
515.0,56.0
168.0,56.0
701.0,56.0
102.0,56.0
690.0,56.0
388.0,56.0
909.0,57.0
404.0,57.0
208.0,57.0
785.0,57.0
895.0,57.0
602.0,57.0
883.0,57.0
767.0,57.0
629.0,57.0
140.0,57.0
416.0,57.0
542.0,57.0
647.0,58.0
917.0,58.0
792.0,58.0
269.0,58.0
865.0,58.0
527.0,58.0
335.0,58.0
168.0,58.0
8.0,58.0
549.0,58.0
476.0,58.0
432.0,58.0
4.0,59.0
596.0,59.0
839.0,59.0
842.0,59.0
584.0,59.0
804.0,59.0
493.0,59.0
228.0,59.0
773.0,59.0
415.0,59.0
813.0,59.0
538.0,59.0
901.0,60.0
910.0,60.0
688.0,60.0
861.0,60.0
186.0,60.0
245.0,60.0
393.0,60.0
915.0,60.0
909.0,60.0
570.0,60.0
96.0,60.0
714.0,60.0
1019.0,61.0
507.0,61.0
79.0,61.0
832.0,61.0
884.0,61.0
875.0,61.0
894.0,61.0
933.0,61.0
4.0,61.0
971.0,61.0
545.0,61.0
286.0,61.0
583.0,62.0
567.0,62.0
38.0,62.0
386.0,62.0
518.0,62.0
17.0,62.0
88.0,62.0
822.0,62.0
252.0,62.0
63.0,62.0
572.0,62.0
593.0,62.0
441.0,63.0
859.0,63.0
249.0,63.0
551.0,63.0
93.0,63.0
101.0,63.0
347.0,63.0
351.0,63.0
627.0,63.0
966.0,63.0
66.0,63.0
1021.0,63.0
331.0,64.0
154.0,64.0
827.0,64.0
585.0,64.0
106.0,64.0
936.0,64.0
478.0,64.0
992.0,64.0
180.0,64.0
173.0,64.0
869.0,64.0
362.0,64.0
462.0,65.0
433.0,65.0
317.0,65.0
97.0,65.0
23.0,65.0
308.0,65.0
129.0,65.0
314.0,65.0
834.0,65.0
463.0,65.0
750.0,65.0
499.0,65.0
540.0,66.0
584.0,66.0
98.0,66.0
524.0,66.0
640.0,66.0
430.0,66.0
308.0,66.0
285.0,66.0
986.0,66.0
558.0,66.0
126.0,66.0
71.0,66.0
442.0,67.0
254.0,67.0
531.0,67.0
319.0,67.0
203.0,67.0
522.0,67.0
860.0,67.0
101.0,67.0
494.0,67.0
330.0,67.0
332.0,67.0
719.0,67.0
896.0,68.0
48.0,68.0
717.0,68.0
799.0,68.0
65.0,68.0
28.0,68.0
329.0,68.0
821.0,68.0
19.0,68.0
725.0,68.0
328.0,68.0
413.0,68.0
359.0,69.0
881.0,69.0
193.0,69.0
684.0,69.0
98.0,69.0
156.0,69.0
964.0,69.0
652.0,69.0
857.0,69.0
981.0,69.0
22.0,69.0
318.0,69.0
353.0,70.0
15.0,70.0
235.0,70.0
594.0,70.0
383.0,70.0
711.0,70.0
764.0,70.0
83.0,70.0
648.0,70.0
168.0,70.0
291.0,70.0
81.0,70.0
880.0,71.0
388.0,71.0
637.0,71.0
164.0,71.0
668.0,71.0
754.0,71.0
964.0,71.0
899.0,71.0
132.0,71.0
469.0,71.0
828.0,71.0
34.0,71.0
302.0,72.0
368.0,72.0
623.0,72.0
721.0,72.0
537.0,72.0
312.0,72.0
243.0,72.0
764.0,72.0
327.0,72.0
692.0,72.0
392.0,72.0
978.0,72.0
658.0,73.0
612.0,73.0
367.0,73.0
102.0,73.0
326.0,73.0
150.0,73.0
900.0,73.0
378.0,73.0
706.0,73.0
949.0,73.0
103.0,73.0
684.0,73.0
265.0,74.0
55.0,74.0
718.0,74.0
543.0,74.0
179.0,74.0
96.0,74.0
212.0,74.0
833.0,74.0
919.0,74.0
952.0,74.0
845.0,74.0
24.0,74.0
187.0,75.0
950.0,75.0
213.0,75.0
57.0,75.0
748.0,75.0
737.0,75.0
431.0,75.0
224.0,75.0
687.0,75.0
42.0,75.0
149.0,75.0
259.0,75.0
590.0,76.0
194.0,76.0
226.0,76.0
457.0,76.0
753.0,76.0
151.0,76.0
598.0,76.0
238.0,76.0
651.0,76.0
170.0,76.0
922.0,76.0
81.0,76.0
619.0,77.0
555.0,77.0
578.0,77.0
594.0,77.0
932.0,77.0
857.0,77.0
569.0,77.0
1017.0,77.0
122.0,77.0
546.0,77.0
224.0,77.0
820.0,77.0
172.0,78.0
874.0,78.0
1007.0,78.0
837.0,78.0
276.0,78.0
568.0,78.0
637.0,78.0
482.0,78.0
592.0,78.0
770.0,78.0
866.0,78.0
894.0,78.0
724.0,79.0
179.0,79.0
583.0,79.0
182.0,79.0
586.0,79.0
737.0,79.0
290.0,79.0
415.0,79.0
510.0,79.0
320.0,79.0
625.0,79.0
292.0,79.0
24.0,80.0
251.0,80.0
889.0,80.0
408.0,80.0
133.0,80.0
23.0,80.0
317.0,80.0
493.0,80.0
713.0,80.0
658.0,80.0
515.0,80.0
401.0,80.0
794.0,81.0
217.0,81.0
881.0,81.0
697.0,81.0
925.0,81.0
96.0,81.0
1030.0,81.0
250.0,81.0
574.0,81.0
127.0,81.0
994.0,81.0
186.0,81.0
301.0,82.0
248.0,82.0
929.0,82.0
922.0,82.0
1005.0,82.0
846.0,82.0
1017.0,82.0
491.0,82.0
517.0,82.0
181.0,82.0
205.0,82.0
908.0,82.0
493.0,83.0
625.0,83.0
731.0,83.0
1006.0,83.0
163.0,83.0
954.0,83.0
897.0,83.0
160.0,83.0
363.0,83.0
378.0,83.0
296.0,83.0
637.0,83.0
697.0,84.0
945.0,84.0
825.0,84.0
965.0,84.0
598.0,84.0
973.0,84.0
295.0,84.0
412.0,84.0
504.0,84.0
381.0,84.0
862.0,84.0
496.0,84.0
529.0,85.0
364.0,85.0
627.0,85.0
829.0,85.0
760.0,85.0
793.0,85.0
99.0,85.0
339.0,85.0
517.0,85.0
426.0,85.0
8.0,85.0
988.0,85.0
976.0,86.0
720.0,86.0
716.0,86.0
425.0,86.0
477.0,86.0
641.0,86.0
43.0,86.0
826.0,86.0
585.0,86.0
843.0,86.0
776.0,86.0
146.0,86.0
1027.0,87.0
860.0,87.0
453.0,87.0
25.0,87.0
214.0,87.0
579.0,87.0
581.0,87.0
944.0,87.0
418.0,87.0
0.0,87.0
549.0,87.0
367.0,87.0
10.0,88.0
63.0,88.0
232.0,88.0
398.0,88.0
100.0,88.0
62.0,88.0
481.0,88.0
237.0,88.0
904.0,88.0
48.0,88.0
509.0,88.0
101.0,88.0
388.0,89.0
899.0,89.0
350.0,89.0
892.0,89.0
469.0,89.0
163.0,89.0
990.0,89.0
654.0,89.0
473.0,89.0
979.0,89.0
562.0,89.0
725.0,89.0
998.0,90.0
953.0,90.0
69.0,90.0
869.0,90.0
450.0,90.0
436.0,90.0
893.0,90.0
1000.0,90.0
649.0,90.0
530.0,90.0
831.0,90.0
962.0,90.0
462.0,91.0
577.0,91.0
500.0,91.0
603.0,91.0
448.0,91.0
868.0,91.0
131.0,91.0
715.0,91.0
533.0,91.0
55.0,91.0
988.0,91.0
78.0,91.0
28.0,92.0
147.0,92.0
120.0,92.0
932.0,92.0
427.0,92.0
616.0,92.0
727.0,92.0
660.0,92.0
774.0,92.0
712.0,92.0
275.0,92.0
768.0,92.0
1.0,93.0
760.0,93.0
334.0,93.0
1021.0,93.0
1008.0,93.0
870.0,93.0
572.0,93.0
80.0,93.0
413.0,93.0
784.0,93.0
398.0,93.0
452.0,93.0
524.0,94.0
322.0,94.0
219.0,94.0
1018.0,94.0
696.0,94.0
293.0,94.0
518.0,94.0
224.0,94.0
371.0,94.0
367.0,94.0
517.0,94.0
931.0,94.0
193.0,95.0
15.0,95.0
912.0,95.0
637.0,95.0
25.0,95.0
42.0,95.0
248.0,95.0
759.0,95.0
78.0,95.0
756.0,95.0
292.0,95.0
6.0,95.0
649.0,96.0
149.0,96.0
919.0,96.0
1004.0,96.0
938.0,96.0
807.0,96.0
862.0,96.0
191.0,96.0
266.0,96.0
672.0,96.0
772.0,96.0
867.0,96.0
1011.0,97.0
883.0,97.0
145.0,97.0
918.0,97.0
361.0,97.0
316.0,97.0
433.0,97.0
961.0,97.0
452.0,97.0
161.0,97.0
527.0,97.0
253.0,97.0
385.0,98.0
911.0,98.0
914.0,98.0
975.0,98.0
971.0,98.0
210.0,98.0
563.0,98.0
172.0,98.0
44.0,98.0
889.0,98.0
326.0,98.0
922.0,98.0
322.0,99.0
801.0,99.0
766.0,99.0
354.0,99.0
485.0,99.0
820.0,99.0
1.0,99.0
42.0,99.0
917.0,99.0
506.0,99.0
694.0,99.0
345.0,99.0
30.0,100.0
917.0,100.0
99.0,100.0
663.0,100.0
949.0,100.0
225.0,100.0
293.0,100.0
53.0,100.0
587.0,100.0
784.0,100.0
314.0,100.0
88.0,100.0
427.0,101.0
120.0,101.0
749.0,101.0
407.0,101.0
62.0,101.0
944.0,101.0
461.0,101.0
177.0,101.0
637.0,101.0
499.0,101.0
161.0,101.0
462.0,101.0
29.0,102.0
894.0,102.0
645.0,102.0
976.0,102.0
652.0,102.0
878.0,102.0
912.0,102.0
847.0,102.0
500.0,102.0
562.0,102.0
583.0,102.0
83.0,102.0
241.0,103.0
512.0,103.0
228.0,103.0
742.0,103.0
87.0,103.0
61.0,103.0
753.0,103.0
208.0,103.0
969.0,103.0
687.0,103.0
744.0,103.0
243.0,103.0
890.0,104.0
823.0,104.0
763.0,104.0
284.0,104.0
959.0,104.0
243.0,104.0
404.0,104.0
264.0,104.0
349.0,104.0
0.0,104.0
458.0,104.0
521.0,104.0
457.0,105.0
556.0,105.0
922.0,105.0
744.0,105.0
112.0,105.0
910.0,105.0
356.0,105.0
713.0,105.0
150.0,105.0
789.0,105.0
861.0,105.0
334.0,105.0
406.0,106.0
956.0,106.0
752.0,106.0
591.0,106.0
468.0,106.0
21.0,106.0
800.0,106.0
970.0,106.0
841.0,106.0
114.0,106.0
54.0,106.0
824.0,106.0
436.0,107.0
684.0,107.0
926.0,107.0
721.0,107.0
889.0,107.0
592.0,107.0
115.0,107.0
361.0,107.0
877.0,107.0
378.0,107.0
755.0,107.0
514.0,107.0
298.0,108.0
444.0,108.0
641.0,108.0
686.0,108.0
775.0,108.0
230.0,108.0
1003.0,108.0
863.0,108.0
0.0,108.0
511.0,108.0
603.0,108.0
297.0,108.0
338.0,109.0
240.0,109.0
689.0,109.0
48.0,109.0
177.0,109.0
1026.0,109.0
400.0,109.0
918.0,109.0
458.0,109.0
796.0,109.0
26.0,109.0
218.0,109.0
404.0,110.0
509.0,110.0
501.0,110.0
778.0,110.0
456.0,110.0
364.0,110.0
629.0,110.0
868.0,110.0
944.0,110.0
133.0,110.0
230.0,110.0
579.0,110.0
862.0,111.0
172.0,111.0
829.0,111.0
565.0,111.0
163.0,111.0
996.0,111.0
546.0,111.0
442.0,111.0
4.0,111.0
832.0,111.0
895.0,111.0
155.0,111.0
404.0,112.0
692.0,112.0
549.0,112.0
67.0,112.0
491.0,112.0
657.0,112.0
1003.0,112.0
27.0,112.0
965.0,112.0
359.0,112.0
442.0,112.0
737.0,112.0
204.0,113.0
368.0,113.0
375.0,113.0
879.0,113.0
939.0,113.0
955.0,113.0
961.0,113.0
606.0,113.0
684.0,113.0
583.0,113.0
813.0,113.0
162.0,113.0
28.0,114.0
727.0,114.0
348.0,114.0
306.0,114.0
644.0,114.0
1034.0,114.0
78.0,114.0
956.0,114.0
893.0,114.0
832.0,114.0
321.0,114.0
894.0,114.0
466.0,115.0
799.0,115.0
481.0,115.0
764.0,115.0
974.0,115.0
933.0,115.0
801.0,115.0
366.0,115.0
659.0,115.0
23.0,115.0
566.0,115.0
482.0,115.0
569.0,116.0
331.0,116.0
192.0,116.0
598.0,116.0
169.0,116.0
389.0,116.0
799.0,116.0
736.0,116.0
750.0,116.0
826.0,116.0
881.0,116.0
420.0,116.0
618.0,117.0
913.0,117.0
54.0,117.0
326.0,117.0
386.0,117.0
269.0,117.0
434.0,117.0
934.0,117.0
130.0,117.0
243.0,117.0
9.0,117.0
923.0,117.0
950.0,118.0
951.0,118.0
416.0,118.0
686.0,118.0
146.0,118.0
807.0,118.0
271.0,118.0
171.0,118.0
806.0,118.0
671.0,118.0
422.0,118.0
823.0,118.0
668.0,119.0
501.0,119.0
662.0,119.0
370.0,119.0
863.0,119.0
1008.0,119.0
367.0,119.0
32.0,119.0
1023.0,119.0
611.0,119.0
950.0,119.0
220.0,119.0
365.0,120.0
804.0,120.0
620.0,120.0
595.0,120.0
774.0,120.0
427.0,120.0
390.0,120.0
439.0,120.0
669.0,120.0
564.0,120.0
190.0,120.0
768.0,120.0
705.0,121.0
441.0,121.0
336.0,121.0
228.0,121.0
462.0,121.0
725.0,121.0
608.0,121.0
68.0,121.0
868.0,121.0
601.0,121.0
809.0,121.0
507.0,121.0
148.0,122.0
764.0,122.0
839.0,122.0
421.0,122.0
136.0,122.0
981.0,122.0
444.0,122.0
379.0,122.0
911.0,122.0
212.0,122.0
819.0,122.0
493.0,122.0
861.0,123.0
708.0,123.0
791.0,123.0
984.0,123.0
181.0,123.0
749.0,123.0
955.0,123.0
415.0,123.0
889.0,123.0
332.0,123.0
629.0,123.0
853.0,123.0
208.0,124.0
49.0,124.0
85.0,124.0
823.0,124.0
333.0,124.0
789.0,124.0
47.0,124.0
568.0,124.0
244.0,124.0
472.0,124.0
703.0,124.0
118.0,124.0
537.0,125.0
306.0,125.0
613.0,125.0
389.0,125.0
102.0,125.0
197.0,125.0
190.0,125.0
417.0,125.0
117.0,125.0
850.0,125.0
857.0,125.0
291.0,125.0
919.0,126.0
574.0,126.0
9.0,126.0
754.0,126.0
466.0,126.0
971.0,126.0
701.0,126.0
127.0,126.0
96.0,126.0
125.0,126.0
331.0,126.0
759.0,126.0
408.0,127.0
607.0,127.0
1027.0,127.0
159.0,127.0
872.0,127.0
383.0,127.0
977.0,127.0
979.0,127.0
973.0,127.0
686.0,127.0
956.0,127.0
522.0,127.0
319.0,128.0
804.0,128.0
786.0,128.0
439.0,128.0
221.0,128.0
955.0,128.0
477.0,128.0
41.0,128.0
884.0,128.0
641.0,128.0
6.0,128.0
360.0,128.0
879.0,129.0
316.0,129.0
586.0,129.0
10.0,129.0
930.0,129.0
62.0,129.0
567.0,129.0
527.0,129.0
798.0,129.0
65.0,129.0
150.0,129.0
1026.0,129.0
182.0,130.0
378.0,130.0
996.0,130.0
958.0,130.0
479.0,130.0
522.0,130.0
33.0,130.0
102.0,130.0
341.0,130.0
319.0,130.0
554.0,130.0
862.0,130.0
844.0,131.0
479.0,131.0
934.0,131.0
42.0,131.0
389.0,131.0
538.0,131.0
978.0,131.0
349.0,131.0
322.0,131.0
341.0,131.0
652.0,131.0
500.0,131.0
760.0,132.0
867.0,132.0
180.0,132.0
469.0,132.0
583.0,132.0
632.0,132.0
978.0,132.0
707.0,132.0
637.0,132.0
308.0,132.0
727.0,132.0
958.0,132.0
472.0,133.0
742.0,133.0
418.0,133.0
549.0,133.0
504.0,133.0
703.0,133.0
698.0,133.0
329.0,133.0
376.0,133.0
49.0,133.0
700.0,133.0
94.0,133.0
891.0,134.0
972.0,134.0
982.0,134.0
171.0,134.0
87.0,134.0
864.0,134.0
607.0,134.0
124.0,134.0
599.0,134.0
915.0,134.0
840.0,134.0
677.0,134.0
729.0,135.0
764.0,135.0
772.0,135.0
343.0,135.0
465.0,135.0
194.0,135.0
523.0,135.0
77.0,135.0
998.0,135.0
589.0,135.0
914.0,135.0
116.0,135.0
962.0,136.0
873.0,136.0
883.0,136.0
69.0,136.0
183.0,136.0
746.0,136.0
643.0,136.0
288.0,136.0
969.0,136.0
415.0,136.0
384.0,136.0
464.0,136.0
785.0,137.0
42.0,137.0
979.0,137.0
352.0,137.0
947.0,137.0
259.0,137.0
114.0,137.0
581.0,137.0
542.0,137.0
91.0,137.0
382.0,137.0
786.0,137.0
450.0,138.0
948.0,138.0
770.0,138.0
764.0,138.0
0.0,138.0
275.0,138.0
848.0,138.0
442.0,138.0
482.0,138.0
283.0,138.0
820.0,138.0
597.0,138.0
949.0,139.0
709.0,139.0
254.0,139.0
200.0,139.0
248.0,139.0
883.0,139.0
887.0,139.0
292.0,139.0
588.0,139.0
878.0,139.0
328.0,139.0
304.0,139.0
352.0,140.0
211.0,140.0
865.0,140.0
345.0,140.0
57.0,140.0
529.0,140.0
999.0,140.0
602.0,140.0
970.0,140.0
170.0,140.0
677.0,140.0
180.0,140.0
873.0,141.0
779.0,141.0
138.0,141.0
807.0,141.0
87.0,141.0
540.0,141.0
233.0,141.0
1025.0,141.0
14.0,141.0
376.0,141.0
414.0,141.0
690.0,141.0
715.0,142.0
262.0,142.0
956.0,142.0
800.0,142.0
757.0,142.0
336.0,142.0
961.0,142.0
737.0,142.0
1005.0,142.0
641.0,142.0
285.0,142.0
745.0,142.0
996.0,143.0
640.0,143.0
715.0,143.0
664.0,143.0
204.0,143.0
395.0,143.0
45.0,143.0
624.0,143.0
706.0,143.0
534.0,143.0
79.0,143.0
296.0,143.0
41.0,144.0
403.0,144.0
716.0,144.0
297.0,144.0
641.0,144.0
696.0,144.0
877.0,144.0
59.0,144.0
409.0,144.0
197.0,144.0
21.0,144.0
771.0,144.0
97.0,145.0
313.0,145.0
800.0,145.0
872.0,145.0
240.0,145.0
394.0,145.0
781.0,145.0
709.0,145.0
374.0,145.0
113.0,145.0
838.0,145.0
930.0,145.0
640.0,146.0
877.0,146.0
179.0,146.0
522.0,146.0
127.0,146.0
896.0,146.0
313.0,146.0
958.0,146.0
67.0,146.0
239.0,146.0
853.0,146.0
19.0,146.0
375.0,147.0
513.0,147.0
40.0,147.0
644.0,147.0
771.0,147.0
1015.0,147.0
662.0,147.0
796.0,147.0
197.0,147.0
888.0,147.0
306.0,147.0
388.0,147.0
855.0,148.0
1015.0,148.0
926.0,148.0
443.0,148.0
943.0,148.0
425.0,148.0
839.0,148.0
478.0,148.0
135.0,148.0
656.0,148.0
419.0,148.0
475.0,148.0
430.0,149.0
189.0,149.0
372.0,149.0
907.0,149.0
926.0,149.0
383.0,149.0
470.0,149.0
687.0,149.0
692.0,149.0
574.0,149.0
866.0,149.0
618.0,149.0
687.0,150.0
214.0,150.0
440.0,150.0
651.0,150.0
978.0,150.0
149.0,150.0
438.0,150.0
887.0,150.0
91.0,150.0
436.0,150.0
170.0,150.0
494.0,150.0
891.0,151.0
473.0,151.0
513.0,151.0
66.0,151.0
205.0,151.0
222.0,151.0
889.0,151.0
61.0,151.0
574.0,151.0
38.0,151.0
59.0,151.0
36.0,151.0
564.0,152.0
843.0,152.0
588.0,152.0
716.0,152.0
21.0,152.0
660.0,152.0
654.0,152.0
40.0,152.0
768.0,152.0
641.0,152.0
190.0,152.0
850.0,152.0
739.0,153.0
306.0,153.0
813.0,153.0
253.0,153.0
458.0,153.0
132.0,153.0
596.0,153.0
143.0,153.0
287.0,153.0
880.0,153.0
820.0,153.0
413.0,153.0
740.0,154.0
9.0,154.0
254.0,154.0
330.0,154.0
367.0,154.0
299.0,154.0
765.0,154.0
894.0,154.0
290.0,154.0
553.0,154.0
436.0,154.0
161.0,154.0
189.0,155.0
153.0,155.0
273.0,155.0
954.0,155.0
47.0,155.0
736.0,155.0
867.0,155.0
368.0,155.0
163.0,155.0
1032.0,155.0
556.0,155.0
212.0,155.0
571.0,156.0
90.0,156.0
307.0,156.0
706.0,156.0
911.0,156.0
136.0,156.0
553.0,156.0
61.0,156.0
839.0,156.0
165.0,156.0
464.0,156.0
724.0,156.0
420.0,157.0
887.0,157.0
652.0,157.0
565.0,157.0
701.0,157.0
407.0,157.0
860.0,157.0
163.0,157.0
151.0,157.0
683.0,157.0
848.0,157.0
214.0,157.0
979.0,158.0
104.0,158.0
788.0,158.0
950.0,158.0
216.0,158.0
834.0,158.0
597.0,158.0
921.0,158.0
94.0,158.0
662.0,158.0
977.0,158.0
452.0,158.0
368.0,159.0
925.0,159.0
993.0,159.0
280.0,159.0
771.0,159.0
754.0,159.0
808.0,159.0
1027.0,159.0
665.0,159.0
363.0,159.0
853.0,159.0
863.0,159.0
985.0,160.0
893.0,160.0
752.0,160.0
956.0,160.0
789.0,160.0
89.0,160.0
258.0,160.0
9.0,160.0
493.0,160.0
207.0,160.0
711.0,160.0
899.0,160.0
774.0,161.0
388.0,161.0
567.0,161.0
166.0,161.0
424.0,161.0
239.0,161.0
31.0,161.0
364.0,161.0
903.0,161.0
568.0,161.0
648.0,161.0
28.0,161.0
211.0,162.0
742.0,162.0
104.0,162.0
38.0,162.0
822.0,162.0
103.0,162.0
655.0,162.0
345.0,162.0
386.0,162.0
315.0,162.0
225.0,162.0
629.0,162.0
228.0,163.0
620.0,163.0
976.0,163.0
310.0,163.0
975.0,163.0
193.0,163.0
206.0,163.0
659.0,163.0
127.0,163.0
565.0,163.0
150.0,163.0
719.0,163.0
400.0,164.0
490.0,164.0
481.0,164.0
700.0,164.0
605.0,164.0
217.0,164.0
675.0,164.0
458.0,164.0
141.0,164.0
518.0,164.0
656.0,164.0
564.0,164.0
692.0,165.0
728.0,165.0
69.0,165.0
464.0,165.0
191.0,165.0
969.0,165.0
329.0,165.0
182.0,165.0
57.0,165.0
188.0,165.0
140.0,165.0
977.0,165.0
25.0,166.0
352.0,166.0
141.0,166.0
700.0,166.0
486.0,166.0
731.0,166.0
440.0,166.0
121.0,166.0
832.0,166.0
309.0,166.0
51.0,166.0
1004.0,166.0
205.0,167.0
296.0,167.0
754.0,167.0
921.0,167.0
165.0,167.0
996.0,167.0
736.0,167.0
744.0,167.0
146.0,167.0
575.0,167.0
50.0,167.0
307.0,167.0
581.0,168.0
494.0,168.0
531.0,168.0
251.0,168.0
971.0,168.0
71.0,168.0
955.0,168.0
949.0,168.0
642.0,168.0
78.0,168.0
283.0,168.0
503.0,168.0
19.0,169.0
261.0,169.0
515.0,169.0
127.0,169.0
691.0,169.0
827.0,169.0
412.0,169.0
594.0,169.0
156.0,169.0
559.0,169.0
154.0,169.0
421.0,169.0
756.0,170.0
933.0,170.0
1007.0,170.0
971.0,170.0
491.0,170.0
492.0,170.0
821.0,170.0
932.0,170.0
566.0,170.0
584.0,170.0
330.0,170.0
522.0,170.0
739.0,171.0
718.0,171.0
333.0,171.0
623.0,171.0
581.0,171.0
499.0,171.0
275.0,171.0
223.0,171.0
807.0,171.0
76.0,171.0
392.0,171.0
366.0,171.0
758.0,172.0
167.0,172.0
724.0,172.0
336.0,172.0
935.0,172.0
524.0,172.0
359.0,172.0
571.0,172.0
103.0,172.0
598.0,172.0
504.0,172.0
146.0,172.0
362.0,173.0
406.0,173.0
236.0,173.0
297.0,173.0
64.0,173.0
86.0,173.0
80.0,173.0
448.0,173.0
815.0,173.0
16.0,173.0
649.0,173.0
304.0,173.0
181.0,174.0
22.0,174.0
860.0,174.0
599.0,174.0
207.0,174.0
759.0,174.0
160.0,174.0
591.0,174.0
962.0,174.0
41.0,174.0
143.0,174.0
116.0,174.0
753.0,175.0
205.0,175.0
483.0,175.0
1006.0,175.0
74.0,175.0
574.0,175.0
546.0,175.0
378.0,175.0
848.0,175.0
290.0,175.0
427.0,175.0
697.0,175.0
944.0,176.0
563.0,176.0
127.0,176.0
522.0,176.0
276.0,176.0
923.0,176.0
189.0,176.0
809.0,176.0
61.0,176.0
501.0,176.0
291.0,176.0
964.0,176.0
689.0,177.0
567.0,177.0
433.0,177.0
92.0,177.0
735.0,177.0
790.0,177.0
365.0,177.0
518.0,177.0
314.0,177.0
232.0,177.0
584.0,177.0
866.0,177.0
817.0,178.0
764.0,178.0
457.0,178.0
519.0,178.0
990.0,178.0
914.0,178.0
848.0,178.0
648.0,178.0
193.0,178.0
756.0,178.0
96.0,178.0
743.0,178.0
1020.0,179.0
550.0,179.0
10.0,179.0
868.0,179.0
170.0,179.0
4.0,179.0
115.0,179.0
890.0,179.0
756.0,179.0
711.0,179.0
296.0,179.0
336.0,179.0
80.0,180.0
947.0,180.0
406.0,180.0
540.0,180.0
3.0,180.0
954.0,180.0
163.0,180.0
126.0,180.0
857.0,180.0
151.0,180.0
641.0,180.0
59.0,180.0
928.0,181.0
1031.0,181.0
102.0,181.0
319.0,181.0
580.0,181.0
217.0,181.0
378.0,181.0
331.0,181.0
188.0,181.0
753.0,181.0
191.0,181.0
420.0,181.0
431.0,182.0
283.0,182.0
586.0,182.0
832.0,182.0
642.0,182.0
341.0,182.0
749.0,182.0
472.0,182.0
119.0,182.0
111.0,182.0
942.0,182.0
491.0,182.0
758.0,183.0
33.0,183.0
82.0,183.0
598.0,183.0
949.0,183.0
383.0,183.0
732.0,183.0
440.0,183.0
733.0,183.0
428.0,183.0
435.0,183.0
222.0,183.0
320.0,184.0
413.0,184.0
892.0,184.0
987.0,184.0
581.0,184.0
757.0,184.0
344.0,184.0
685.0,184.0
142.0,184.0
526.0,184.0
644.0,184.0
775.0,184.0
1009.0,185.0
315.0,185.0
111.0,185.0
42.0,185.0
163.0,185.0
1033.0,185.0
678.0,185.0
404.0,185.0
864.0,185.0
474.0,185.0
509.0,185.0
213.0,185.0
541.0,186.0
1001.0,186.0
124.0,186.0
657.0,186.0
578.0,186.0
807.0,186.0
898.0,186.0
1.0,186.0
547.0,186.0
817.0,186.0
653.0,186.0
915.0,186.0
881.0,187.0
756.0,187.0
967.0,187.0
308.0,187.0
102.0,187.0
74.0,187.0
787.0,187.0
1007.0,187.0
456.0,187.0
242.0,187.0
0.0,187.0
868.0,187.0
638.0,188.0
976.0,188.0
746.0,188.0
434.0,188.0
543.0,188.0
954.0,188.0
991.0,188.0
372.0,188.0
431.0,188.0
378.0,188.0
1004.0,188.0
1020.0,188.0
991.0,189.0
330.0,189.0
852.0,189.0
275.0,189.0
332.0,189.0
942.0,189.0
98.0,189.0
77.0,189.0
531.0,189.0
370.0,189.0
798.0,189.0
96.0,189.0
777.0,190.0
628.0,190.0
180.0,190.0
1011.0,190.0
125.0,190.0
286.0,190.0
115.0,190.0
654.0,190.0
771.0,190.0
68.0,190.0
552.0,190.0
727.0,190.0
343.0,191.0
44.0,191.0
808.0,191.0
516.0,191.0
575.0,191.0
385.0,191.0
915.0,191.0
277.0,191.0
642.0,191.0
183.0,191.0
939.0,191.0
1018.0,191.0
642.0,192.0
80.0,192.0
19.0,192.0
406.0,192.0
403.0,192.0
628.0,192.0
774.0,192.0
409.0,192.0
676.0,192.0
106.0,192.0
588.0,192.0
1022.0,192.0
535.0,193.0
640.0,193.0
363.0,193.0
539.0,193.0
330.0,193.0
206.0,193.0
707.0,193.0
168.0,193.0
296.0,193.0
538.0,193.0
781.0,193.0
501.0,193.0
268.0,194.0
598.0,194.0
222.0,194.0
543.0,194.0
688.0,194.0
537.0,194.0
344.0,194.0
858.0,194.0
555.0,194.0
346.0,194.0
289.0,194.0
956.0,194.0
34.0,195.0
72.0,195.0
653.0,195.0
916.0,195.0
703.0,195.0
392.0,195.0
635.0,195.0
671.0,195.0
447.0,195.0
851.0,195.0
14.0,195.0
895.0,195.0
867.0,196.0
803.0,196.0
996.0,196.0
470.0,196.0
159.0,196.0
220.0,196.0
313.0,196.0
329.0,196.0
542.0,196.0
746.0,196.0
385.0,196.0
504.0,196.0
814.0,197.0
109.0,197.0
17.0,197.0
945.0,197.0
40.0,197.0
579.0,197.0
413.0,197.0
48.0,197.0
166.0,197.0
405.0,197.0
365.0,197.0
306.0,197.0
605.0,198.0
912.0,198.0
924.0,198.0
421.0,198.0
204.0,198.0
159.0,198.0
325.0,198.0
261.0,198.0
216.0,198.0
414.0,198.0
31.0,198.0
973.0,198.0
99.0,199.0
506.0,199.0
871.0,199.0
364.0,199.0
456.0,199.0
243.0,199.0
905.0,199.0
104.0,199.0
241.0,199.0
85.0,199.0
337.0,199.0
540.0,199.0
338.0,200.0
918.0,200.0
264.0,200.0
778.0,200.0
967.0,200.0
798.0,200.0
796.0,200.0
754.0,200.0
437.0,200.0
31.0,200.0
209.0,200.0
728.0,200.0
601.0,201.0
534.0,201.0
488.0,201.0
776.0,201.0
626.0,201.0
350.0,201.0
888.0,201.0
562.0,201.0
800.0,201.0
144.0,201.0
297.0,201.0
679.0,201.0
422.0,202.0
35.0,202.0
977.0,202.0
901.0,202.0
1018.0,202.0
227.0,202.0
453.0,202.0
233.0,202.0
283.0,202.0
12.0,202.0
118.0,202.0
891.0,202.0
318.0,203.0
276.0,203.0
553.0,203.0
659.0,203.0
290.0,203.0
334.0,203.0
310.0,203.0
944.0,203.0
835.0,203.0
383.0,203.0
339.0,203.0
540.0,203.0
160.0,204.0
131.0,204.0
706.0,204.0
605.0,204.0
740.0,204.0
992.0,204.0
341.0,204.0
44.0,204.0
397.0,204.0
469.0,204.0
259.0,204.0
660.0,204.0
991.0,205.0
566.0,205.0
817.0,205.0
370.0,205.0
659.0,205.0
1029.0,205.0
997.0,205.0
1028.0,205.0
273.0,205.0
686.0,205.0
245.0,205.0
9.0,205.0
522.0,206.0
571.0,206.0
473.0,206.0
304.0,206.0
658.0,206.0
711.0,206.0
115.0,206.0
695.0,206.0
554.0,206.0
516.0,206.0
674.0,206.0
933.0,206.0
234.0,207.0
169.0,207.0
285.0,207.0
645.0,207.0
646.0,207.0
464.0,207.0
487.0,207.0
330.0,207.0
401.0,207.0
104.0,207.0
444.0,207.0
656.0,207.0
868.0,208.0
241.0,208.0
973.0,208.0
805.0,208.0
705.0,208.0
721.0,208.0
261.0,208.0
565.0,208.0
846.0,208.0
449.0,208.0
329.0,208.0
599.0,208.0
1011.0,209.0
470.0,209.0
709.0,209.0
888.0,209.0
109.0,209.0
941.0,209.0
842.0,209.0
153.0,209.0
53.0,209.0
820.0,209.0
778.0,209.0
957.0,209.0
131.0,210.0
1007.0,210.0
289.0,210.0
799.0,210.0
913.0,210.0
1006.0,210.0
179.0,210.0
919.0,210.0
276.0,210.0
923.0,210.0
310.0,210.0
827.0,210.0
486.0,211.0
237.0,211.0
538.0,211.0
241.0,211.0
801.0,211.0
513.0,211.0
110.0,211.0
424.0,211.0
309.0,211.0
57.0,211.0
112.0,211.0
293.0,211.0
266.0,212.0
919.0,212.0
971.0,212.0
839.0,212.0
19.0,212.0
687.0,212.0
220.0,212.0
440.0,212.0
737.0,212.0
130.0,212.0
608.0,212.0
665.0,212.0
74.0,213.0
775.0,213.0
136.0,213.0
511.0,213.0
381.0,213.0
83.0,213.0
340.0,213.0
148.0,213.0
621.0,213.0
875.0,213.0
265.0,213.0
90.0,213.0
243.0,214.0
542.0,214.0
331.0,214.0
554.0,214.0
889.0,214.0
584.0,214.0
463.0,214.0
902.0,214.0
477.0,214.0
497.0,214.0
667.0,214.0
41.0,214.0
687.0,215.0
276.0,215.0
586.0,215.0
611.0,215.0
357.0,215.0
667.0,215.0
986.0,215.0
723.0,215.0
69.0,215.0
258.0,215.0
384.0,215.0
964.0,215.0
208.0,216.0
865.0,216.0
917.0,216.0
364.0,216.0
140.0,216.0
700.0,216.0
253.0,216.0
1010.0,216.0
779.0,216.0
705.0,216.0
462.0,216.0
430.0,216.0
756.0,217.0
226.0,217.0
494.0,217.0
964.0,217.0
984.0,217.0
55.0,217.0
791.0,217.0
54.0,217.0
1020.0,217.0
131.0,217.0
967.0,217.0
310.0,217.0
431.0,218.0
820.0,218.0
956.0,218.0
359.0,218.0
723.0,218.0
724.0,218.0
530.0,218.0
799.0,218.0
482.0,218.0
473.0,218.0
266.0,218.0
947.0,218.0
513.0,219.0
597.0,219.0
905.0,219.0
227.0,219.0
554.0,219.0
694.0,219.0
749.0,219.0
977.0,219.0
981.0,219.0
544.0,219.0
479.0,219.0
838.0,219.0
473.0,220.0
83.0,220.0
266.0,220.0
188.0,220.0
3.0,220.0
748.0,220.0
111.0,220.0
538.0,220.0
945.0,220.0
546.0,220.0
578.0,220.0
235.0,220.0
559.0,221.0
470.0,221.0
705.0,221.0
539.0,221.0
718.0,221.0
81.0,221.0
672.0,221.0
220.0,221.0
706.0,221.0
291.0,221.0
1031.0,221.0
89.0,221.0
310.0,222.0
275.0,222.0
36.0,222.0
847.0,222.0
666.0,222.0
755.0,222.0
235.0,222.0
1030.0,222.0
516.0,222.0
824.0,222.0
30.0,222.0
496.0,222.0
544.0,223.0
759.0,223.0
295.0,223.0
300.0,223.0
260.0,223.0
873.0,223.0
416.0,223.0
789.0,223.0
783.0,223.0
191.0,223.0
560.0,223.0
275.0,223.0
733.0,224.0
423.0,224.0
1027.0,224.0
359.0,224.0
643.0,224.0
512.0,224.0
357.0,224.0
752.0,224.0
691.0,224.0
418.0,224.0
445.0,224.0
118.0,224.0
53.0,225.0
293.0,225.0
627.0,225.0
913.0,225.0
803.0,225.0
441.0,225.0
822.0,225.0
972.0,225.0
572.0,225.0
474.0,225.0
765.0,225.0
316.0,225.0
214.0,226.0
286.0,226.0
889.0,226.0
828.0,226.0
884.0,226.0
536.0,226.0
684.0,226.0
500.0,226.0
566.0,226.0
436.0,226.0
754.0,226.0
559.0,226.0
734.0,227.0
377.0,227.0
792.0,227.0
581.0,227.0
840.0,227.0
530.0,227.0
713.0,227.0
317.0,227.0
50.0,227.0
650.0,227.0
1009.0,227.0
1010.0,227.0
665.0,228.0
220.0,228.0
571.0,228.0
674.0,228.0
959.0,228.0
395.0,228.0
50.0,228.0
374.0,228.0
331.0,228.0
91.0,228.0
847.0,228.0
856.0,228.0
818.0,229.0
392.0,229.0
124.0,229.0
223.0,229.0
505.0,229.0
453.0,229.0
728.0,229.0
492.0,229.0
677.0,229.0
967.0,229.0
46.0,229.0
472.0,229.0
632.0,230.0
659.0,230.0
316.0,230.0
204.0,230.0
616.0,230.0
351.0,230.0
872.0,230.0
177.0,230.0
576.0,230.0
200.0,230.0
663.0,230.0
771.0,230.0
586.0,231.0
856.0,231.0
820.0,231.0
795.0,231.0
47.0,231.0
503.0,231.0
241.0,231.0
926.0,231.0
205.0,231.0
603.0,231.0
785.0,231.0
969.0,231.0
740.0,232.0
161.0,232.0
1003.0,232.0
309.0,232.0
954.0,232.0
479.0,232.0
781.0,232.0
198.0,232.0
672.0,232.0
735.0,232.0
301.0,232.0
718.0,232.0
734.0,233.0
655.0,233.0
354.0,233.0
789.0,233.0
704.0,233.0
284.0,233.0
94.0,233.0
547.0,233.0
830.0,233.0
642.0,233.0
808.0,233.0
131.0,233.0
285.0,234.0
236.0,234.0
7.0,234.0
580.0,234.0
412.0,234.0
480.0,234.0
750.0,234.0
997.0,234.0
831.0,234.0
425.0,234.0
245.0,234.0
986.0,234.0
903.0,235.0
243.0,235.0
672.0,235.0
188.0,235.0
856.0,235.0
157.0,235.0
691.0,235.0
220.0,235.0
383.0,235.0
176.0,235.0
845.0,235.0
805.0,235.0
373.0,236.0
911.0,236.0
937.0,236.0
64.0,236.0
1028.0,236.0
148.0,236.0
716.0,236.0
645.0,236.0
478.0,236.0
971.0,236.0
528.0,236.0
543.0,236.0
341.0,237.0
917.0,237.0
363.0,237.0
561.0,237.0
441.0,237.0
926.0,237.0
150.0,237.0
579.0,237.0
628.0,237.0
492.0,237.0
424.0,237.0
1035.0,237.0
207.0,238.0
297.0,238.0
857.0,238.0
381.0,238.0
995.0,238.0
409.0,238.0
373.0,238.0
478.0,238.0
2.0,238.0
776.0,238.0
1030.0,238.0
22.0,238.0
304.0,239.0
209.0,239.0
1023.0,239.0
988.0,239.0
680.0,239.0
259.0,239.0
31.0,239.0
907.0,239.0
131.0,239.0
605.0,239.0
800.0,239.0
291.0,239.0
413.0,240.0
177.0,240.0
441.0,240.0
458.0,240.0
92.0,240.0
467.0,240.0
601.0,240.0
572.0,240.0
689.0,240.0
739.0,240.0
313.0,240.0
301.0,240.0
787.0,241.0
309.0,241.0
329.0,241.0
659.0,241.0
166.0,241.0
423.0,241.0
513.0,241.0
883.0,241.0
339.0,241.0
836.0,241.0
486.0,241.0
130.0,241.0
744.0,242.0
711.0,242.0
494.0,242.0
710.0,242.0
367.0,242.0
301.0,242.0
334.0,242.0
168.0,242.0
516.0,242.0
856.0,242.0
577.0,242.0
423.0,242.0
170.0,243.0
176.0,243.0
563.0,243.0
491.0,243.0
363.0,243.0
938.0,243.0
367.0,243.0
889.0,243.0
445.0,243.0
964.0,243.0
707.0,243.0
154.0,243.0
51.0,244.0
56.0,244.0
516.0,244.0
50.0,244.0
612.0,244.0
94.0,244.0
1009.0,244.0
293.0,244.0
545.0,244.0
622.0,244.0
946.0,244.0
467.0,244.0
734.0,245.0
138.0,245.0
697.0,245.0
875.0,245.0
595.0,245.0
165.0,245.0
941.0,245.0
224.0,245.0
695.0,245.0
428.0,245.0
623.0,245.0
416.0,245.0
651.0,246.0
271.0,246.0
402.0,246.0
90.0,246.0
368.0,246.0
697.0,246.0
250.0,246.0
702.0,246.0
410.0,246.0
94.0,246.0
224.0,246.0
858.0,246.0
399.0,247.0
402.0,247.0
661.0,247.0
686.0,247.0
443.0,247.0
148.0,247.0
303.0,247.0
683.0,247.0
598.0,247.0
477.0,247.0
833.0,247.0
860.0,247.0
259.0,248.0
6.0,248.0
397.0,248.0
903.0,248.0
153.0,248.0
449.0,248.0
129.0,248.0
318.0,248.0
143.0,248.0
930.0,248.0
204.0,248.0
1008.0,248.0
596.0,249.0
706.0,249.0
1021.0,249.0
338.0,249.0
388.0,249.0
593.0,249.0
595.0,249.0
88.0,249.0
836.0,249.0
771.0,249.0
314.0,249.0
398.0,249.0
41.0,250.0
552.0,250.0
1029.0,250.0
160.0,250.0
228.0,250.0
143.0,250.0
460.0,250.0
928.0,250.0
830.0,250.0
327.0,250.0
651.0,250.0
1024.0,250.0
969.0,251.0
794.0,251.0
266.0,251.0
13.0,251.0
548.0,251.0
410.0,251.0
758.0,251.0
670.0,251.0
213.0,251.0
908.0,251.0
383.0,251.0
291.0,251.0
166.0,252.0
462.0,252.0
742.0,252.0
938.0,252.0
386.0,252.0
339.0,252.0
832.0,252.0
491.0,252.0
139.0,252.0
909.0,252.0
302.0,252.0
609.0,252.0
349.0,253.0
512.0,253.0
155.0,253.0
395.0,253.0
888.0,253.0
556.0,253.0
339.0,253.0
632.0,253.0
769.0,253.0
179.0,253.0
922.0,253.0
837.0,253.0
440.0,254.0
740.0,254.0
1024.0,254.0
566.0,254.0
658.0,254.0
777.0,254.0
913.0,254.0
665.0,254.0
463.0,254.0
805.0,254.0
986.0,254.0
1008.0,254.0
529.0,255.0
8.0,255.0
140.0,255.0
429.0,255.0
347.0,255.0
93.0,255.0
600.0,255.0
45.0,255.0
811.0,255.0
801.0,255.0
521.0,255.0
639.0,255.0
77.0,256.0
36.0,256.0
965.0,256.0
753.0,256.0
483.0,256.0
465.0,256.0
401.0,256.0
770.0,256.0
188.0,256.0
772.0,256.0
954.0,256.0
697.0,256.0
578.0,257.0
697.0,257.0
557.0,257.0
235.0,257.0
779.0,257.0
674.0,257.0
72.0,257.0
565.0,257.0
658.0,257.0
170.0,257.0
1018.0,257.0
381.0,257.0
860.0,258.0
943.0,258.0
774.0,258.0
215.0,258.0
95.0,258.0
955.0,258.0
842.0,258.0
71.0,258.0
737.0,258.0
59.0,258.0
182.0,258.0
191.0,258.0
871.0,259.0
752.0,259.0
31.0,259.0
121.0,259.0
1004.0,259.0
1011.0,259.0
17.0,259.0
821.0,259.0
852.0,259.0
120.0,259.0
117.0,259.0
512.0,259.0
792.0,260.0
37.0,260.0
36.0,260.0
454.0,260.0
340.0,260.0
435.0,260.0
983.0,260.0
289.0,260.0
464.0,260.0
673.0,260.0
428.0,260.0
730.0,260.0
367.0,261.0
337.0,261.0
749.0,261.0
411.0,261.0
307.0,261.0
933.0,261.0
974.0,261.0
845.0,261.0
334.0,261.0
946.0,261.0
499.0,261.0
884.0,261.0
350.0,262.0
774.0,262.0
311.0,262.0
320.0,262.0
40.0,262.0
109.0,262.0
21.0,262.0
958.0,262.0
459.0,262.0
843.0,262.0
468.0,262.0
173.0,262.0
309.0,263.0
799.0,263.0
591.0,263.0
723.0,263.0
493.0,263.0
267.0,263.0
534.0,263.0
71.0,263.0
169.0,263.0
656.0,263.0
174.0,263.0
826.0,263.0
993.0,264.0
862.0,264.0
474.0,264.0
517.0,264.0
793.0,264.0
389.0,264.0
627.0,264.0
999.0,264.0
309.0,264.0
917.0,264.0
840.0,264.0
466.0,264.0
686.0,265.0
824.0,265.0
634.0,265.0
442.0,265.0
687.0,265.0
504.0,265.0
594.0,265.0
674.0,265.0
226.0,265.0
598.0,265.0
156.0,265.0
359.0,265.0
667.0,266.0
973.0,266.0
384.0,266.0
504.0,266.0
82.0,266.0
895.0,266.0
944.0,266.0
933.0,266.0
576.0,266.0
612.0,266.0
556.0,266.0
385.0,266.0
415.0,267.0
421.0,267.0
987.0,267.0
1030.0,267.0
998.0,267.0
729.0,267.0
724.0,267.0
1019.0,267.0
54.0,267.0
974.0,267.0
212.0,267.0
929.0,267.0
117.0,268.0
445.0,268.0
246.0,268.0
928.0,268.0
279.0,268.0
933.0,268.0
378.0,268.0
148.0,268.0
842.0,268.0
7.0,268.0
733.0,268.0
511.0,268.0
243.0,269.0
593.0,269.0
795.0,269.0
436.0,269.0
12.0,269.0
298.0,269.0
674.0,269.0
523.0,269.0
146.0,269.0
994.0,269.0
157.0,269.0
82.0,269.0
343.0,270.0
84.0,270.0
116.0,270.0
752.0,270.0
142.0,270.0
843.0,270.0
970.0,270.0
819.0,270.0
508.0,270.0
994.0,270.0
401.0,270.0
188.0,270.0
295.0,271.0
1001.0,271.0
260.0,271.0
1004.0,271.0
714.0,271.0
935.0,271.0
300.0,271.0
650.0,271.0
391.0,271.0
14.0,271.0
662.0,271.0
582.0,271.0
935.0,272.0
650.0,272.0
84.0,272.0
39.0,272.0
1017.0,272.0
519.0,272.0
523.0,272.0
816.0,272.0
142.0,272.0
251.0,272.0
682.0,272.0
928.0,272.0
837.0,273.0
138.0,273.0
327.0,273.0
541.0,273.0
670.0,273.0
175.0,273.0
932.0,273.0
361.0,273.0
920.0,273.0
608.0,273.0
335.0,273.0
457.0,273.0
809.0,274.0
767.0,274.0
30.0,274.0
315.0,274.0
42.0,274.0
835.0,274.0
418.0,274.0
196.0,274.0
722.0,274.0
996.0,274.0
115.0,274.0
522.0,274.0
442.0,275.0
36.0,275.0
416.0,275.0
327.0,275.0
973.0,275.0
37.0,275.0
785.0,275.0
301.0,275.0
294.0,275.0
738.0,275.0
346.0,275.0
1013.0,275.0
914.0,276.0
231.0,276.0
71.0,276.0
538.0,276.0
228.0,276.0
436.0,276.0
516.0,276.0
330.0,276.0
112.0,276.0
146.0,276.0
620.0,276.0
182.0,276.0
653.0,277.0
208.0,277.0
514.0,277.0
692.0,277.0
701.0,277.0
134.0,277.0
600.0,277.0
227.0,277.0
698.0,277.0
191.0,277.0
703.0,277.0
158.0,277.0
103.0,278.0
637.0,278.0
722.0,278.0
870.0,278.0
663.0,278.0
567.0,278.0
712.0,278.0
895.0,278.0
193.0,278.0
51.0,278.0
198.0,278.0
403.0,278.0
189.0,279.0
844.0,279.0
566.0,279.0
245.0,279.0
331.0,279.0
448.0,279.0
327.0,279.0
412.0,279.0
53.0,279.0
363.0,279.0
206.0,279.0
866.0,279.0
678.0,280.0
721.0,280.0
78.0,280.0
55.0,280.0
873.0,280.0
335.0,280.0
51.0,280.0
96.0,280.0
219.0,280.0
87.0,280.0
692.0,280.0
58.0,280.0
1005.0,281.0
286.0,281.0
16.0,281.0
962.0,281.0
681.0,281.0
311.0,281.0
900.0,281.0
981.0,281.0
724.0,281.0
358.0,281.0
207.0,281.0
664.0,281.0
342.0,282.0
1034.0,282.0
776.0,282.0
897.0,282.0
117.0,282.0
86.0,282.0
43.0,282.0
604.0,282.0
290.0,282.0
835.0,282.0
998.0,282.0
894.0,282.0
211.0,283.0
717.0,283.0
12.0,283.0
158.0,283.0
672.0,283.0
193.0,283.0
552.0,283.0
493.0,283.0
846.0,283.0
586.0,283.0
820.0,283.0
208.0,283.0
944.0,284.0
188.0,284.0
158.0,284.0
424.0,284.0
938.0,284.0
530.0,284.0
568.0,284.0
989.0,284.0
932.0,284.0
233.0,284.0
560.0,284.0
793.0,284.0
263.0,285.0
646.0,285.0
90.0,285.0
962.0,285.0
819.0,285.0
399.0,285.0
953.0,285.0
64.0,285.0
444.0,285.0
831.0,285.0
535.0,285.0
301.0,285.0
942.0,286.0
15.0,286.0
491.0,286.0
1017.0,286.0
167.0,286.0
725.0,286.0
176.0,286.0
182.0,286.0
261.0,286.0
642.0,286.0
662.0,286.0
157.0,286.0
267.0,287.0
172.0,287.0
707.0,287.0
608.0,287.0
764.0,287.0
745.0,287.0
206.0,287.0
466.0,287.0
1004.0,287.0
958.0,287.0
384.0,287.0
964.0,287.0
835.0,288.0
0.0,288.0
367.0,288.0
764.0,288.0
183.0,288.0
205.0,288.0
638.0,288.0
149.0,288.0
90.0,288.0
665.0,288.0
592.0,288.0
534.0,288.0
202.0,289.0
657.0,289.0
353.0,289.0
377.0,289.0
84.0,289.0
205.0,289.0
194.0,289.0
746.0,289.0
366.0,289.0
60.0,289.0
830.0,289.0
250.0,289.0
672.0,290.0
130.0,290.0
27.0,290.0
845.0,290.0
493.0,290.0
756.0,290.0
221.0,290.0
856.0,290.0
543.0,290.0
254.0,290.0
629.0,290.0
559.0,290.0
188.0,291.0
559.0,291.0
288.0,291.0
580.0,291.0
470.0,291.0
70.0,291.0
971.0,291.0
974.0,291.0
196.0,291.0
224.0,291.0
919.0,291.0
275.0,291.0
744.0,292.0
414.0,292.0
150.0,292.0
102.0,292.0
1031.0,292.0
767.0,292.0
235.0,292.0
32.0,292.0
250.0,292.0
640.0,292.0
438.0,292.0
514.0,292.0
400.0,293.0
627.0,293.0
1.0,293.0
23.0,293.0
865.0,293.0
140.0,293.0
801.0,293.0
561.0,293.0
67.0,293.0
572.0,293.0
315.0,293.0
579.0,293.0
723.0,294.0
18.0,294.0
335.0,294.0
296.0,294.0
789.0,294.0
910.0,294.0
82.0,294.0
612.0,294.0
996.0,294.0
991.0,294.0
175.0,294.0
674.0,294.0
489.0,295.0
428.0,295.0
14.0,295.0
194.0,295.0
1024.0,295.0
462.0,295.0
422.0,295.0
502.0,295.0
1028.0,295.0
202.0,295.0
965.0,295.0
594.0,295.0
122.0,296.0
16.0,296.0
367.0,296.0
372.0,296.0
1029.0,296.0
104.0,296.0
997.0,296.0
534.0,296.0
151.0,296.0
776.0,296.0
103.0,296.0
221.0,296.0
40.0,297.0
799.0,297.0
298.0,297.0
618.0,297.0
814.0,297.0
64.0,297.0
425.0,297.0
21.0,297.0
358.0,297.0
305.0,297.0
888.0,297.0
409.0,297.0
875.0,298.0
235.0,298.0
531.0,298.0
690.0,298.0
417.0,298.0
707.0,298.0
436.0,298.0
774.0,298.0
706.0,298.0
287.0,298.0
431.0,298.0
304.0,298.0
220.0,299.0
672.0,299.0
163.0,299.0
754.0,299.0
262.0,299.0
584.0,299.0
466.0,299.0
407.0,299.0
352.0,299.0
79.0,299.0
292.0,299.0
146.0,299.0
548.0,300.0
806.0,300.0
453.0,300.0
848.0,300.0
133.0,300.0
391.0,300.0
906.0,300.0
862.0,300.0
1013.0,300.0
170.0,300.0
171.0,300.0
333.0,300.0
692.0,301.0
931.0,301.0
846.0,301.0
913.0,301.0
828.0,301.0
939.0,301.0
415.0,301.0
278.0,301.0
866.0,301.0
736.0,301.0
618.0,301.0
594.0,301.0
529.0,302.0
67.0,302.0
187.0,302.0
560.0,302.0
898.0,302.0
157.0,302.0
633.0,302.0
861.0,302.0
242.0,302.0
635.0,302.0
472.0,302.0
35.0,302.0
7.0,303.0
22.0,303.0
619.0,303.0
937.0,303.0
272.0,303.0
730.0,303.0
761.0,303.0
569.0,303.0
881.0,303.0
247.0,303.0
656.0,303.0
702.0,303.0
151.0,304.0
866.0,304.0
989.0,304.0
759.0,304.0
847.0,304.0
189.0,304.0
532.0,304.0
719.0,304.0
168.0,304.0
150.0,304.0
242.0,304.0
431.0,304.0
320.0,305.0
142.0,305.0
450.0,305.0
311.0,305.0
843.0,305.0
465.0,305.0
562.0,305.0
776.0,305.0
136.0,305.0
448.0,305.0
726.0,305.0
854.0,305.0
641.0,306.0
771.0,306.0
800.0,306.0
649.0,306.0
841.0,306.0
382.0,306.0
980.0,306.0
120.0,306.0
365.0,306.0
484.0,306.0
500.0,306.0
388.0,306.0
996.0,307.0
516.0,307.0
9.0,307.0
942.0,307.0
467.0,307.0
216.0,307.0
748.0,307.0
574.0,307.0
102.0,307.0
712.0,307.0
43.0,307.0
80.0,307.0
336.0,308.0
770.0,308.0
370.0,308.0
815.0,308.0
24.0,308.0
286.0,308.0
75.0,308.0
718.0,308.0
991.0,308.0
903.0,308.0
624.0,308.0
149.0,308.0
694.0,309.0
314.0,309.0
95.0,309.0
778.0,309.0
154.0,309.0
742.0,309.0
832.0,309.0
330.0,309.0
206.0,309.0
948.0,309.0
1012.0,309.0
351.0,309.0
76.0,310.0
438.0,310.0
127.0,310.0
931.0,310.0
533.0,310.0
906.0,310.0
855.0,310.0
945.0,310.0
60.0,310.0
977.0,310.0
430.0,310.0
29.0,310.0
468.0,311.0
388.0,311.0
174.0,311.0
726.0,311.0
297.0,311.0
613.0,311.0
343.0,311.0
484.0,311.0
956.0,311.0
379.0,311.0
207.0,311.0
4.0,311.0
928.0,312.0
171.0,312.0
269.0,312.0
72.0,312.0
168.0,312.0
20.0,312.0
678.0,312.0
734.0,312.0
495.0,312.0
277.0,312.0
396.0,312.0
502.0,312.0
1031.0,313.0
533.0,313.0
188.0,313.0
932.0,313.0
330.0,313.0
777.0,313.0
578.0,313.0
978.0,313.0
27.0,313.0
220.0,313.0
846.0,313.0
23.0,313.0
654.0,314.0
1002.0,314.0
30.0,314.0
316.0,314.0
423.0,314.0
685.0,314.0
680.0,314.0
802.0,314.0
190.0,314.0
571.0,314.0
365.0,314.0
31.0,314.0
424.0,315.0
767.0,315.0
639.0,315.0
85.0,315.0
110.0,315.0
162.0,315.0
642.0,315.0
94.0,315.0
199.0,315.0
97.0,315.0
62.0,315.0
871.0,315.0
109.0,316.0
129.0,316.0
1023.0,316.0
123.0,316.0
648.0,316.0
230.0,316.0
709.0,316.0
527.0,316.0
680.0,316.0
164.0,316.0
497.0,316.0
314.0,316.0
688.0,317.0
310.0,317.0
221.0,317.0
445.0,317.0
222.0,317.0
82.0,317.0
268.0,317.0
238.0,317.0
1013.0,317.0
112.0,317.0
69.0,317.0
482.0,317.0
597.0,318.0
370.0,318.0
75.0,318.0
652.0,318.0
954.0,318.0
513.0,318.0
143.0,318.0
189.0,318.0
334.0,318.0
999.0,318.0
708.0,318.0
712.0,318.0
889.0,319.0
116.0,319.0
67.0,319.0
946.0,319.0
123.0,319.0
411.0,319.0
241.0,319.0
203.0,319.0
605.0,319.0
512.0,319.0
932.0,319.0
721.0,319.0
395.0,320.0
192.0,320.0
664.0,320.0
401.0,320.0
804.0,320.0
869.0,320.0
947.0,320.0
21.0,320.0
40.0,320.0
837.0,320.0
207.0,320.0
800.0,320.0
1034.0,321.0
588.0,321.0
778.0,321.0
520.0,321.0
933.0,321.0
382.0,321.0
26.0,321.0
899.0,321.0
992.0,321.0
444.0,321.0
553.0,321.0
828.0,321.0
599.0,322.0
49.0,322.0
396.0,322.0
693.0,322.0
498.0,322.0
105.0,322.0
920.0,322.0
252.0,322.0
653.0,322.0
371.0,322.0
815.0,322.0
67.0,322.0
668.0,323.0
721.0,323.0
932.0,323.0
570.0,323.0
907.0,323.0
378.0,323.0
938.0,323.0
507.0,323.0
708.0,323.0
743.0,323.0
599.0,323.0
519.0,323.0
194.0,324.0
1028.0,324.0
663.0,324.0
906.0,324.0
223.0,324.0
807.0,324.0
42.0,324.0
344.0,324.0
289.0,324.0
657.0,324.0
377.0,324.0
286.0,324.0
561.0,325.0
616.0,325.0
576.0,325.0
365.0,325.0
299.0,325.0
926.0,325.0
727.0,325.0
437.0,325.0
813.0,325.0
518.0,325.0
17.0,325.0
354.0,325.0
754.0,326.0
996.0,326.0
182.0,326.0
946.0,326.0
442.0,326.0
994.0,326.0
370.0,326.0
328.0,326.0
795.0,326.0
221.0,326.0
1020.0,326.0
297.0,326.0
450.0,327.0
339.0,327.0
970.0,327.0
820.0,327.0
416.0,327.0
479.0,327.0
76.0,327.0
620.0,327.0
47.0,327.0
729.0,327.0
445.0,327.0
119.0,327.0
774.0,328.0
248.0,328.0
839.0,328.0
477.0,328.0
336.0,328.0
368.0,328.0
707.0,328.0
980.0,328.0
469.0,328.0
108.0,328.0
405.0,328.0
415.0,328.0
345.0,329.0
449.0,329.0
319.0,329.0
308.0,329.0
550.0,329.0
779.0,329.0
78.0,329.0
42.0,329.0
252.0,329.0
200.0,329.0
139.0,329.0
517.0,329.0
1035.0,330.0
576.0,330.0
203.0,330.0
764.0,330.0
176.0,330.0
538.0,330.0
945.0,330.0
226.0,330.0
706.0,330.0
307.0,330.0
38.0,330.0
754.0,330.0
157.0,331.0
948.0,331.0
455.0,331.0
330.0,331.0
759.0,331.0
512.0,331.0
384.0,331.0
607.0,331.0
531.0,331.0
163.0,331.0
288.0,331.0
974.0,331.0
950.0,332.0
360.0,332.0
948.0,332.0
961.0,332.0
1010.0,332.0
228.0,332.0
767.0,332.0
123.0,332.0
335.0,332.0
287.0,332.0
182.0,332.0
130.0,332.0
60.0,333.0
734.0,333.0
931.0,333.0
255.0,333.0
453.0,333.0
392.0,333.0
483.0,333.0
186.0,333.0
811.0,333.0
457.0,333.0
906.0,333.0
366.0,333.0
922.0,334.0
326.0,334.0
276.0,334.0
959.0,334.0
913.0,334.0
470.0,334.0
368.0,334.0
155.0,334.0
755.0,334.0
156.0,334.0
164.0,334.0
711.0,334.0
67.0,335.0
1029.0,335.0
785.0,335.0
868.0,335.0
970.0,335.0
949.0,335.0
60.0,335.0
416.0,335.0
284.0,335.0
20.0,335.0
710.0,335.0
905.0,335.0
125.0,336.0
691.0,336.0
954.0,336.0
903.0,336.0
342.0,336.0
259.0,336.0
545.0,336.0
1019.0,336.0
298.0,336.0
54.0,336.0
449.0,336.0
847.0,336.0
1028.0,337.0
840.0,337.0
112.0,337.0
950.0,337.0
1005.0,337.0
1033.0,337.0
396.0,337.0
274.0,337.0
370.0,337.0
357.0,337.0
157.0,337.0
742.0,337.0
145.0,338.0
88.0,338.0
872.0,338.0
113.0,338.0
689.0,338.0
446.0,338.0
762.0,338.0
709.0,338.0
109.0,338.0
292.0,338.0
314.0,338.0
398.0,338.0
462.0,339.0
103.0,339.0
0.0,339.0
252.0,339.0
149.0,339.0
793.0,339.0
30.0,339.0
565.0,339.0
438.0,339.0
308.0,339.0
220.0,339.0
168.0,339.0
570.0,340.0
289.0,340.0
741.0,340.0
960.0,340.0
631.0,340.0
271.0,340.0
610.0,340.0
935.0,340.0
937.0,340.0
408.0,340.0
848.0,340.0
37.0,340.0
292.0,341.0
561.0,341.0
718.0,341.0
705.0,341.0
490.0,341.0
902.0,341.0
584.0,341.0
518.0,341.0
832.0,341.0
867.0,341.0
814.0,341.0
964.0,341.0
253.0,342.0
757.0,342.0
417.0,342.0
326.0,342.0
1019.0,342.0
628.0,342.0
1014.0,342.0
892.0,342.0
804.0,342.0
573.0,342.0
912.0,342.0
439.0,342.0
893.0,343.0
775.0,343.0
753.0,343.0
799.0,343.0
684.0,343.0
652.0,343.0
601.0,343.0
519.0,343.0
919.0,343.0
236.0,343.0
15.0,343.0
535.0,343.0
115.0,344.0
340.0,344.0
759.0,344.0
366.0,344.0
825.0,344.0
175.0,344.0
33.0,344.0
634.0,344.0
295.0,344.0
610.0,344.0
950.0,344.0
920.0,344.0
968.0,345.0
293.0,345.0
823.0,345.0
647.0,345.0
821.0,345.0
354.0,345.0
593.0,345.0
485.0,345.0
94.0,345.0
185.0,345.0
337.0,345.0
100.0,345.0
594.0,346.0
268.0,346.0
686.0,346.0
858.0,346.0
661.0,346.0
916.0,346.0
618.0,346.0
149.0,346.0
937.0,346.0
949.0,346.0
929.0,346.0
962.0,346.0
249.0,347.0
474.0,347.0
968.0,347.0
663.0,347.0
1010.0,347.0
518.0,347.0
784.0,347.0
823.0,347.0
766.0,347.0
322.0,347.0
1033.0,347.0
917.0,347.0
30.0,348.0
545.0,348.0
771.0,348.0
408.0,348.0
169.0,348.0
375.0,348.0
197.0,348.0
626.0,348.0
287.0,348.0
16.0,348.0
576.0,348.0
153.0,348.0
330.0,349.0
389.0,349.0
139.0,349.0
226.0,349.0
575.0,349.0
220.0,349.0
884.0,349.0
564.0,349.0
715.0,349.0
777.0,349.0
837.0,349.0
976.0,349.0
201.0,350.0
646.0,350.0
108.0,350.0
510.0,350.0
826.0,350.0
358.0,350.0
28.0,350.0
585.0,350.0
845.0,350.0
305.0,350.0
615.0,350.0
297.0,350.0
632.0,351.0
774.0,351.0
92.0,351.0
778.0,351.0
566.0,351.0
334.0,351.0
102.0,351.0
917.0,351.0
164.0,351.0
988.0,351.0
853.0,351.0
742.0,351.0
596.0,352.0
687.0,352.0
740.0,352.0
592.0,352.0
835.0,352.0
611.0,352.0
254.0,352.0
902.0,352.0
101.0,352.0
564.0,352.0
777.0,352.0
627.0,352.0
250.0,353.0
235.0,353.0
82.0,353.0
1028.0,353.0
932.0,353.0
638.0,353.0
779.0,353.0
540.0,353.0
151.0,353.0
570.0,353.0
98.0,353.0
183.0,353.0
538.0,354.0
442.0,354.0
509.0,354.0
242.0,354.0
972.0,354.0
79.0,354.0
352.0,354.0
1.0,354.0
259.0,354.0
732.0,354.0
543.0,354.0
698.0,354.0
455.0,355.0
914.0,355.0
419.0,355.0
960.0,355.0
3.0,355.0
824.0,355.0
39.0,355.0
775.0,355.0
619.0,355.0
1032.0,355.0
774.0,355.0
213.0,355.0
743.0,356.0
63.0,356.0
861.0,356.0
843.0,356.0
838.0,356.0
479.0,356.0
944.0,356.0
909.0,356.0
502.0,356.0
694.0,356.0
67.0,356.0
1020.0,356.0
749.0,357.0
339.0,357.0
1035.0,357.0
711.0,357.0
919.0,357.0
217.0,357.0
524.0,357.0
462.0,357.0
130.0,357.0
836.0,357.0
571.0,357.0
631.0,357.0
885.0,358.0
184.0,358.0
406.0,358.0
995.0,358.0
831.0,358.0
270.0,358.0
545.0,358.0
460.0,358.0
86.0,358.0
797.0,358.0
520.0,358.0
585.0,358.0
111.0,359.0
155.0,359.0
880.0,359.0
487.0,359.0
9.0,359.0
128.0,359.0
525.0,359.0
746.0,359.0
267.0,359.0
83.0,359.0
523.0,359.0
973.0,359.0
961.0,360.0
920.0,360.0
674.0,360.0
339.0,360.0
754.0,360.0
740.0,360.0
571.0,360.0
241.0,360.0
27.0,360.0
554.0,360.0
1008.0,360.0
565.0,360.0
220.0,361.0
130.0,361.0
38.0,361.0
251.0,361.0
308.0,361.0
367.0,361.0
890.0,361.0
30.0,361.0
42.0,361.0
531.0,361.0
73.0,361.0
756.0,361.0
86.0,362.0
143.0,362.0
804.0,362.0
6.0,362.0
755.0,362.0
973.0,362.0
846.0,362.0
358.0,362.0
760.0,362.0
585.0,362.0
201.0,362.0
381.0,362.0
655.0,363.0
243.0,363.0
384.0,363.0
431.0,363.0
656.0,363.0
902.0,363.0
724.0,363.0
1009.0,363.0
378.0,363.0
196.0,363.0
581.0,363.0
368.0,363.0
133.0,364.0
123.0,364.0
326.0,364.0
950.0,364.0
404.0,364.0
474.0,364.0
993.0,364.0
547.0,364.0
587.0,364.0
513.0,364.0
639.0,364.0
766.0,364.0
768.0,365.0
240.0,365.0
1023.0,365.0
855.0,365.0
1002.0,365.0
617.0,365.0
727.0,365.0
152.0,365.0
382.0,365.0
370.0,365.0
628.0,365.0
92.0,365.0
391.0,366.0
472.0,366.0
138.0,366.0
553.0,366.0
502.0,366.0
634.0,366.0
864.0,366.0
171.0,366.0
212.0,366.0
453.0,366.0
416.0,366.0
956.0,366.0
750.0,367.0
678.0,367.0
949.0,367.0
149.0,367.0
733.0,367.0
482.0,367.0
51.0,367.0
489.0,367.0
860.0,367.0
752.0,367.0
989.0,367.0
301.0,367.0
242.0,368.0
420.0,368.0
383.0,368.0
154.0,368.0
625.0,368.0
970.0,368.0
209.0,368.0
76.0,368.0
994.0,368.0
436.0,368.0
719.0,368.0
847.0,368.0
135.0,369.0
0.0,369.0
29.0,369.0
514.0,369.0
331.0,369.0
658.0,369.0
463.0,369.0
553.0,369.0
273.0,369.0
410.0,369.0
173.0,369.0
650.0,369.0
890.0,370.0
341.0,370.0
423.0,370.0
242.0,370.0
130.0,370.0
969.0,370.0
524.0,370.0
56.0,370.0
319.0,370.0
214.0,370.0
662.0,370.0
4.0,370.0
781.0,371.0
779.0,371.0
501.0,371.0
80.0,371.0
739.0,371.0
233.0,371.0
1017.0,371.0
964.0,371.0
587.0,371.0
721.0,371.0
44.0,371.0
1008.0,371.0
919.0,372.0
739.0,372.0
218.0,372.0
584.0,372.0
959.0,372.0
970.0,372.0
684.0,372.0
107.0,372.0
760.0,372.0
79.0,372.0
298.0,372.0
318.0,372.0
281.0,373.0
296.0,373.0
902.0,373.0
136.0,373.0
827.0,373.0
128.0,373.0
317.0,373.0
788.0,373.0
911.0,373.0
379.0,373.0
269.0,373.0
842.0,373.0
360.0,374.0
862.0,374.0
483.0,374.0
932.0,374.0
372.0,374.0
276.0,374.0
540.0,374.0
462.0,374.0
307.0,374.0
336.0,374.0
869.0,374.0
861.0,374.0
417.0,375.0
92.0,375.0
212.0,375.0
40.0,375.0
676.0,375.0
957.0,375.0
1015.0,375.0
625.0,375.0
716.0,375.0
68.0,375.0
320.0,375.0
180.0,375.0
1012.0,376.0
812.0,376.0
592.0,376.0
806.0,376.0
703.0,376.0
779.0,376.0
1010.0,376.0
792.0,376.0
457.0,376.0
163.0,376.0
838.0,376.0
657.0,376.0
289.0,377.0
557.0,377.0
219.0,377.0
672.0,377.0
1025.0,377.0
301.0,377.0
547.0,377.0
643.0,377.0
134.0,377.0
578.0,377.0
76.0,377.0
168.0,377.0
718.0,378.0
214.0,378.0
319.0,378.0
217.0,378.0
357.0,378.0
377.0,378.0
368.0,378.0
599.0,378.0
482.0,378.0
866.0,378.0
584.0,378.0
922.0,378.0
590.0,379.0
741.0,379.0
729.0,379.0
1013.0,379.0
268.0,379.0
303.0,379.0
270.0,379.0
621.0,379.0
95.0,379.0
619.0,379.0
442.0,379.0
136.0,379.0
327.0,380.0
705.0,380.0
63.0,380.0
25.0,380.0
526.0,380.0
363.0,380.0
913.0,380.0
287.0,380.0
151.0,380.0
10.0,380.0
926.0,380.0
867.0,380.0
409.0,381.0
382.0,381.0
508.0,381.0
775.0,381.0
535.0,381.0
172.0,381.0
478.0,381.0
589.0,381.0
126.0,381.0
470.0,381.0
90.0,381.0
137.0,381.0
306.0,382.0
40.0,382.0
814.0,382.0
136.0,382.0
55.0,382.0
771.0,382.0
374.0,382.0
669.0,382.0
266.0,382.0
588.0,382.0
466.0,382.0
562.0,382.0
794.0,383.0
268.0,383.0
486.0,383.0
196.0,383.0
281.0,383.0
434.0,383.0
232.0,383.0
777.0,383.0
15.0,383.0
273.0,383.0
524.0,383.0
160.0,383.0
98.0,384.0
9.0,384.0
946.0,384.0
151.0,384.0
181.0,384.0
543.0,384.0
759.0,384.0
919.0,384.0
408.0,384.0
160.0,384.0
960.0,384.0
884.0,384.0
270.0,385.0
666.0,385.0
981.0,385.0
160.0,385.0
515.0,385.0
956.0,385.0
585.0,385.0
646.0,385.0
725.0,385.0
191.0,385.0
795.0,385.0
48.0,385.0
347.0,386.0
835.0,386.0
579.0,386.0
452.0,386.0
404.0,386.0
278.0,386.0
587.0,386.0
62.0,386.0
293.0,386.0
793.0,386.0
446.0,386.0
647.0,386.0
545.0,387.0
664.0,387.0
885.0,387.0
879.0,387.0
163.0,387.0
442.0,387.0
832.0,387.0
728.0,387.0
360.0,387.0
157.0,387.0
259.0,387.0
1031.0,387.0
468.0,388.0
69.0,388.0
451.0,388.0
964.0,388.0
880.0,388.0
24.0,388.0
947.0,388.0
953.0,388.0
68.0,388.0
258.0,388.0
220.0,388.0
728.0,388.0
382.0,389.0
950.0,389.0
499.0,389.0
42.0,389.0
672.0,389.0
199.0,389.0
787.0,389.0
630.0,389.0
659.0,389.0
397.0,389.0
667.0,389.0
150.0,389.0
685.0,390.0
433.0,390.0
644.0,390.0
325.0,390.0
632.0,390.0
518.0,390.0
814.0,390.0
109.0,390.0
628.0,390.0
437.0,390.0
177.0,390.0
314.0,390.0
780.0,391.0
454.0,391.0
730.0,391.0
633.0,391.0
674.0,391.0
873.0,391.0
548.0,391.0
294.0,391.0
764.0,391.0
175.0,391.0
399.0,391.0
983.0,391.0
694.0,392.0
312.0,392.0
411.0,392.0
703.0,392.0
302.0,392.0
168.0,392.0
832.0,392.0
986.0,392.0
505.0,392.0
984.0,392.0
909.0,392.0
789.0,392.0
260.0,393.0
633.0,393.0
136.0,393.0
758.0,393.0
634.0,393.0
447.0,393.0
251.0,393.0
402.0,393.0
435.0,393.0
346.0,393.0
886.0,393.0
300.0,393.0
988.0,394.0
209.0,394.0
248.0,394.0
932.0,394.0
539.0,394.0
309.0,394.0
663.0,394.0
500.0,394.0
715.0,394.0
461.0,394.0
230.0,394.0
823.0,394.0
586.0,395.0
932.0,395.0
359.0,395.0
298.0,395.0
538.0,395.0
687.0,395.0
217.0,395.0
126.0,395.0
74.0,395.0
612.0,395.0
516.0,395.0
341.0,395.0
428.0,396.0
704.0,396.0
513.0,396.0
105.0,396.0
94.0,396.0
227.0,396.0
36.0,396.0
657.0,396.0
12.0,396.0
806.0,396.0
701.0,396.0
1018.0,396.0
395.0,397.0
754.0,397.0
832.0,397.0
934.0,397.0
571.0,397.0
611.0,397.0
836.0,397.0
774.0,397.0
563.0,397.0
24.0,397.0
107.0,397.0
975.0,397.0
438.0,398.0
55.0,398.0
88.0,398.0
593.0,398.0
762.0,398.0
709.0,398.0
693.0,398.0
237.0,398.0
930.0,398.0
872.0,398.0
715.0,398.0
337.0,398.0
116.0,399.0
379.0,399.0
827.0,399.0
419.0,399.0
77.0,399.0
4.0,399.0
358.0,399.0
465.0,399.0
534.0,399.0
297.0,399.0
420.0,399.0
810.0,399.0
740.0,400.0
97.0,400.0
8.0,400.0
602.0,400.0
639.0,400.0
264.0,400.0
214.0,400.0
651.0,400.0
58.0,400.0
1033.0,400.0
722.0,400.0
823.0,400.0
128.0,401.0
207.0,401.0
16.0,401.0
831.0,401.0
938.0,401.0
146.0,401.0
585.0,401.0
884.0,401.0
69.0,401.0
992.0,401.0
775.0,401.0
218.0,401.0
1013.0,402.0
673.0,402.0
415.0,402.0
825.0,402.0
146.0,402.0
332.0,402.0
702.0,402.0
246.0,402.0
810.0,402.0
556.0,402.0
566.0,402.0
410.0,402.0
201.0,403.0
382.0,403.0
348.0,403.0
86.0,403.0
365.0,403.0
611.0,403.0
641.0,403.0
712.0,403.0
3.0,403.0
417.0,403.0
1023.0,403.0
562.0,403.0
498.0,404.0
241.0,404.0
961.0,404.0
418.0,404.0
795.0,404.0
856.0,404.0
739.0,404.0
517.0,404.0
104.0,404.0
293.0,404.0
261.0,404.0
730.0,404.0
958.0,405.0
218.0,405.0
827.0,405.0
630.0,405.0
281.0,405.0
261.0,405.0
388.0,405.0
611.0,405.0
477.0,405.0
596.0,405.0
326.0,405.0
303.0,405.0
409.0,406.0
549.0,406.0
343.0,406.0
362.0,406.0
591.0,406.0
388.0,406.0
430.0,406.0
468.0,406.0
297.0,406.0
128.0,406.0
350.0,406.0
956.0,406.0
556.0,407.0
600.0,407.0
175.0,407.0
231.0,407.0
107.0,407.0
483.0,407.0
795.0,407.0
334.0,407.0
32.0,407.0
889.0,407.0
690.0,407.0
296.0,407.0
828.0,408.0
759.0,408.0
176.0,408.0
586.0,408.0
665.0,408.0
975.0,408.0
619.0,408.0
563.0,408.0
298.0,408.0
107.0,408.0
731.0,408.0
946.0,408.0
682.0,409.0
774.0,409.0
641.0,409.0
676.0,409.0
306.0,409.0
842.0,409.0
192.0,409.0
716.0,409.0
252.0,409.0
281.0,409.0
95.0,409.0
955.0,409.0
536.0,410.0
837.0,410.0
77.0,410.0
194.0,410.0
758.0,410.0
569.0,410.0
36.0,410.0
683.0,410.0
167.0,410.0
256.0,410.0
447.0,410.0
188.0,410.0
416.0,411.0
975.0,411.0
372.0,411.0
191.0,411.0
655.0,411.0
466.0,411.0
82.0,411.0
47.0,411.0
1031.0,411.0
231.0,411.0
337.0,411.0
513.0,411.0
554.0,412.0
799.0,412.0
625.0,412.0
59.0,412.0
913.0,412.0
752.0,412.0
95.0,412.0
23.0,412.0
228.0,412.0
117.0,412.0
724.0,412.0
737.0,412.0
762.0,413.0
630.0,413.0
924.0,413.0
316.0,413.0
878.0,413.0
278.0,413.0
336.0,413.0
1002.0,413.0
872.0,413.0
850.0,413.0
687.0,413.0
40.0,413.0
206.0,414.0
232.0,414.0
193.0,414.0
869.0,414.0
394.0,414.0
203.0,414.0
549.0,414.0
589.0,414.0
584.0,414.0
853.0,414.0
628.0,414.0
520.0,414.0
475.0,415.0
777.0,415.0
357.0,415.0
466.0,415.0
291.0,415.0
343.0,415.0
991.0,415.0
744.0,415.0
156.0,415.0
519.0,415.0
695.0,415.0
149.0,415.0
155.0,416.0
696.0,416.0
643.0,416.0
131.0,416.0
830.0,416.0
920.0,416.0
840.0,416.0
429.0,416.0
919.0,416.0
295.0,416.0
1016.0,416.0
203.0,416.0
239.0,417.0
786.0,417.0
835.0,417.0
802.0,417.0
61.0,417.0
533.0,417.0
372.0,417.0
370.0,417.0
626.0,417.0
923.0,417.0
955.0,417.0
1023.0,417.0
108.0,418.0
216.0,418.0
235.0,418.0
8.0,418.0
486.0,418.0
135.0,418.0
396.0,418.0
552.0,418.0
354.0,418.0
739.0,418.0
158.0,418.0
25.0,418.0
82.0,419.0
1032.0,419.0
238.0,419.0
656.0,419.0
263.0,419.0
373.0,419.0
385.0,419.0
535.0,419.0
937.0,419.0
843.0,419.0
334.0,419.0
443.0,419.0
938.0,420.0
894.0,420.0
592.0,420.0
369.0,420.0
563.0,420.0
828.0,420.0
215.0,420.0
78.0,420.0
892.0,420.0
895.0,420.0
107.0,420.0
905.0,420.0
684.0,421.0
470.0,421.0
258.0,421.0
173.0,421.0
434.0,421.0
922.0,421.0
723.0,421.0
215.0,421.0
212.0,421.0
860.0,421.0
488.0,421.0
976.0,421.0
344.0,422.0
333.0,422.0
138.0,422.0
38.0,422.0
984.0,422.0
332.0,422.0
671.0,422.0
72.0,422.0
806.0,422.0
457.0,422.0
483.0,422.0
392.0,422.0
696.0,423.0
869.0,423.0
1014.0,423.0
906.0,423.0
512.0,423.0
991.0,423.0
820.0,423.0
309.0,423.0
951.0,423.0
721.0,423.0
189.0,423.0
61.0,423.0
553.0,424.0
991.0,424.0
309.0,424.0
456.0,424.0
481.0,424.0
182.0,424.0
404.0,424.0
637.0,424.0
627.0,424.0
857.0,424.0
892.0,424.0
318.0,424.0
854.0,425.0
957.0,425.0
3.0,425.0
510.0,425.0
508.0,425.0
482.0,425.0
106.0,425.0
774.0,425.0
953.0,425.0
591.0,425.0
501.0,425.0
997.0,425.0
785.0,426.0
966.0,426.0
801.0,426.0
765.0,426.0
777.0,426.0
694.0,426.0
429.0,426.0
25.0,426.0
300.0,426.0
868.0,426.0
474.0,426.0
329.0,426.0
243.0,427.0
220.0,427.0
608.0,427.0
150.0,427.0
176.0,427.0
298.0,427.0
428.0,427.0
373.0,427.0
89.0,427.0
254.0,427.0
203.0,427.0
369.0,427.0
1017.0,428.0
657.0,428.0
115.0,428.0
191.0,428.0
809.0,428.0
533.0,428.0
193.0,428.0
310.0,428.0
47.0,428.0
546.0,428.0
423.0,428.0
903.0,428.0
597.0,429.0
486.0,429.0
836.0,429.0
57.0,429.0
418.0,429.0
158.0,429.0
14.0,429.0
561.0,429.0
678.0,429.0
428.0,429.0
423.0,429.0
322.0,429.0
217.0,430.0
307.0,430.0
662.0,430.0
683.0,430.0
725.0,430.0
258.0,430.0
795.0,430.0
411.0,430.0
111.0,430.0
193.0,430.0
287.0,430.0
575.0,430.0
1019.0,431.0
648.0,431.0
655.0,431.0
522.0,431.0
607.0,431.0
266.0,431.0
309.0,431.0
844.0,431.0
895.0,431.0
196.0,431.0
466.0,431.0
450.0,431.0
882.0,432.0
671.0,432.0
252.0,432.0
53.0,432.0
50.0,432.0
485.0,432.0
811.0,432.0
58.0,432.0
274.0,432.0
801.0,432.0
639.0,432.0
237.0,432.0
306.0,433.0
129.0,433.0
92.0,433.0
298.0,433.0
152.0,433.0
382.0,433.0
802.0,433.0
595.0,433.0
564.0,433.0
576.0,433.0
190.0,433.0
311.0,433.0
658.0,434.0
267.0,434.0
883.0,434.0
412.0,434.0
826.0,434.0
381.0,434.0
319.0,434.0
436.0,434.0
455.0,434.0
960.0,434.0
846.0,434.0
645.0,434.0
570.0,435.0
955.0,435.0
330.0,435.0
636.0,435.0
81.0,435.0
912.0,435.0
393.0,435.0
202.0,435.0
548.0,435.0
666.0,435.0
730.0,435.0
688.0,435.0
290.0,436.0
618.0,436.0
947.0,436.0
493.0,436.0
515.0,436.0
416.0,436.0
571.0,436.0
217.0,436.0
148.0,436.0
501.0,436.0
1006.0,436.0
847.0,436.0
93.0,437.0
1026.0,437.0
654.0,437.0
177.0,437.0
842.0,437.0
888.0,437.0
458.0,437.0
403.0,437.0
606.0,437.0
318.0,437.0
784.0,437.0
616.0,437.0
684.0,438.0
397.0,438.0
969.0,438.0
826.0,438.0
719.0,438.0
912.0,438.0
887.0,438.0
372.0,438.0
846.0,438.0
193.0,438.0
182.0,438.0
4.0,438.0
319.0,439.0
601.0,439.0
10.0,439.0
862.0,439.0
248.0,439.0
934.0,439.0
637.0,439.0
798.0,439.0
48.0,439.0
976.0,439.0
853.0,439.0
931.0,439.0
754.0,440.0
66.0,440.0
928.0,440.0
211.0,440.0
765.0,440.0
787.0,440.0
67.0,440.0
861.0,440.0
1035.0,440.0
883.0,440.0
819.0,440.0
556.0,440.0
110.0,441.0
347.0,441.0
196.0,441.0
315.0,441.0
85.0,441.0
709.0,441.0
458.0,441.0
596.0,441.0
140.0,441.0
767.0,441.0
208.0,441.0
918.0,441.0
975.0,442.0
743.0,442.0
718.0,442.0
553.0,442.0
932.0,442.0
149.0,442.0
275.0,442.0
367.0,442.0
610.0,442.0
19.0,442.0
719.0,442.0
977.0,442.0
272.0,443.0
434.0,443.0
90.0,443.0
148.0,443.0
402.0,443.0
300.0,443.0
673.0,443.0
893.0,443.0
289.0,443.0
824.0,443.0
156.0,443.0
559.0,443.0
384.0,444.0
173.0,444.0
488.0,444.0
782.0,444.0
913.0,444.0
854.0,444.0
263.0,444.0
320.0,444.0
83.0,444.0
947.0,444.0
415.0,444.0
98.0,444.0
646.0,445.0
599.0,445.0
596.0,445.0
122.0,445.0
188.0,445.0
307.0,445.0
747.0,445.0
836.0,445.0
575.0,445.0
533.0,445.0
286.0,445.0
745.0,445.0
693.0,446.0
506.0,446.0
45.0,446.0
276.0,446.0
309.0,446.0
784.0,446.0
299.0,446.0
474.0,446.0
1026.0,446.0
793.0,446.0
490.0,446.0
859.0,446.0
951.0,447.0
858.0,447.0
39.0,447.0
824.0,447.0
532.0,447.0
495.0,447.0
13.0,447.0
77.0,447.0
149.0,447.0
181.0,447.0
929.0,447.0
84.0,447.0
488.0,448.0
974.0,448.0
184.0,448.0
296.0,448.0
487.0,448.0
297.0,448.0
106.0,448.0
375.0,448.0
262.0,448.0
526.0,448.0
729.0,448.0
19.0,448.0
209.0,449.0
587.0,449.0
486.0,449.0
139.0,449.0
939.0,449.0
1010.0,449.0
387.0,449.0
462.0,449.0
336.0,449.0
549.0,449.0
722.0,449.0
424.0,449.0
797.0,450.0
794.0,450.0
956.0,450.0
752.0,450.0
488.0,450.0
487.0,450.0
691.0,450.0
646.0,450.0
986.0,450.0
961.0,450.0
174.0,450.0
30.0,450.0
802.0,451.0
234.0,451.0
749.0,451.0
177.0,451.0
197.0,451.0
86.0,451.0
242.0,451.0
283.0,451.0
390.0,451.0
253.0,451.0
899.0,451.0
413.0,451.0
655.0,452.0
486.0,452.0
728.0,452.0
386.0,452.0
395.0,452.0
387.0,452.0
274.0,452.0
793.0,452.0
748.0,452.0
237.0,452.0
436.0,452.0
293.0,452.0
502.0,453.0
633.0,453.0
714.0,453.0
749.0,453.0
642.0,453.0
541.0,453.0
260.0,453.0
732.0,453.0
223.0,453.0
14.0,453.0
967.0,453.0
118.0,453.0
312.0,454.0
67.0,454.0
183.0,454.0
289.0,454.0
447.0,454.0
457.0,454.0
908.0,454.0
581.0,454.0
909.0,454.0
783.0,454.0
222.0,454.0
623.0,454.0
59.0,455.0
931.0,455.0
123.0,455.0
625.0,455.0
172.0,455.0
383.0,455.0
817.0,455.0
634.0,455.0
667.0,455.0
935.0,455.0
170.0,455.0
560.0,455.0
228.0,456.0
924.0,456.0
239.0,456.0
988.0,456.0
933.0,456.0
793.0,456.0
1011.0,456.0
158.0,456.0
424.0,456.0
728.0,456.0
430.0,456.0
486.0,456.0
635.0,457.0
780.0,457.0
898.0,457.0
808.0,457.0
751.0,457.0
171.0,457.0
356.0,457.0
817.0,457.0
753.0,457.0
671.0,457.0
52.0,457.0
551.0,457.0
68.0,458.0
941.0,458.0
975.0,458.0
708.0,458.0
892.0,458.0
101.0,458.0
230.0,458.0
161.0,458.0
607.0,458.0
259.0,458.0
1002.0,458.0
685.0,458.0
444.0,459.0
768.0,459.0
490.0,459.0
726.0,459.0
380.0,459.0
559.0,459.0
282.0,459.0
152.0,459.0
716.0,459.0
71.0,459.0
503.0,459.0
375.0,459.0
580.0,460.0
660.0,460.0
226.0,460.0
127.0,460.0
23.0,460.0
388.0,460.0
860.0,460.0
947.0,460.0
795.0,460.0
433.0,460.0
596.0,460.0
987.0,460.0
420.0,461.0
185.0,461.0
157.0,461.0
662.0,461.0
567.0,461.0
101.0,461.0
902.0,461.0
798.0,461.0
209.0,461.0
481.0,461.0
490.0,461.0
394.0,461.0
438.0,462.0
550.0,462.0
244.0,462.0
518.0,462.0
378.0,462.0
516.0,462.0
860.0,462.0
509.0,462.0
923.0,462.0
414.0,462.0
612.0,462.0
15.0,462.0
970.0,463.0
95.0,463.0
760.0,463.0
408.0,463.0
830.0,463.0
733.0,463.0
687.0,463.0
566.0,463.0
659.0,463.0
427.0,463.0
773.0,463.0
158.0,463.0
897.0,464.0
607.0,464.0
291.0,464.0
535.0,464.0
511.0,464.0
943.0,464.0
702.0,464.0
370.0,464.0
807.0,464.0
1006.0,464.0
265.0,464.0
154.0,464.0
940.0,465.0
1031.0,465.0
589.0,465.0
710.0,465.0
963.0,465.0
877.0,465.0
936.0,465.0
393.0,465.0
77.0,465.0
659.0,465.0
2.0,465.0
944.0,465.0
304.0,466.0
370.0,466.0
470.0,466.0
523.0,466.0
149.0,466.0
804.0,466.0
1029.0,466.0
584.0,466.0
837.0,466.0
512.0,466.0
755.0,466.0
163.0,466.0
877.0,467.0
486.0,467.0
895.0,467.0
397.0,467.0
966.0,467.0
866.0,467.0
404.0,467.0
509.0,467.0
204.0,467.0
778.0,467.0
123.0,467.0
934.0,467.0
641.0,468.0
715.0,468.0
393.0,468.0
297.0,468.0
311.0,468.0
153.0,468.0
955.0,468.0
388.0,468.0
534.0,468.0
144.0,468.0
788.0,468.0
1034.0,468.0
490.0,469.0
706.0,469.0
605.0,469.0
1013.0,469.0
735.0,469.0
586.0,469.0
941.0,469.0
352.0,469.0
855.0,469.0
207.0,469.0
128.0,469.0
336.0,469.0
556.0,470.0
979.0,470.0
61.0,470.0
29.0,470.0
420.0,470.0
288.0,470.0
154.0,470.0
343.0,470.0
748.0,470.0
715.0,470.0
684.0,470.0
126.0,470.0
982.0,471.0
972.0,471.0
252.0,471.0
1010.0,471.0
134.0,471.0
505.0,471.0
49.0,471.0
529.0,471.0
67.0,471.0
600.0,471.0
105.0,471.0
45.0,471.0
578.0,472.0
860.0,472.0
713.0,472.0
779.0,472.0
865.0,472.0
163.0,472.0
313.0,472.0
678.0,472.0
333.0,472.0
105.0,472.0
219.0,472.0
809.0,472.0
287.0,473.0
497.0,473.0
357.0,473.0
894.0,473.0
581.0,473.0
254.0,473.0
794.0,473.0
667.0,473.0
107.0,473.0
431.0,473.0
361.0,473.0
550.0,473.0
510.0,474.0
663.0,474.0
169.0,474.0
5.0,474.0
446.0,474.0
140.0,474.0
293.0,474.0
593.0,474.0
162.0,474.0
506.0,474.0
1.0,474.0
784.0,474.0
975.0,475.0
155.0,475.0
23.0,475.0
169.0,475.0
842.0,475.0
724.0,475.0
869.0,475.0
824.0,475.0
708.0,475.0
615.0,475.0
683.0,475.0
754.0,475.0
134.0,476.0
45.0,476.0
418.0,476.0
277.0,476.0
68.0,476.0
105.0,476.0
8.0,476.0
485.0,476.0
845.0,476.0
671.0,476.0
677.0,476.0
46.0,476.0
48.0,477.0
725.0,477.0
928.0,477.0
716.0,477.0
438.0,477.0
3.0,477.0
125.0,477.0
425.0,477.0
711.0,477.0
954.0,477.0
718.0,477.0
768.0,477.0
707.0,478.0
487.0,478.0
839.0,478.0
827.0,478.0
234.0,478.0
236.0,478.0
974.0,478.0
427.0,478.0
723.0,478.0
151.0,478.0
212.0,478.0
536.0,478.0
107.0,479.0
672.0,479.0
334.0,479.0
921.0,479.0
905.0,479.0
565.0,479.0
205.0,479.0
748.0,479.0
245.0,479.0
922.0,479.0
706.0,479.0
591.0,479.0
649.0,480.0
1032.0,480.0
528.0,480.0
963.0,480.0
414.0,480.0
399.0,480.0
826.0,480.0
773.0,480.0
355.0,480.0
745.0,480.0
618.0,480.0
483.0,480.0
624.0,481.0
856.0,481.0
767.0,481.0
889.0,481.0
575.0,481.0
955.0,481.0
424.0,481.0
823.0,481.0
276.0,481.0
95.0,481.0
49.0,481.0
221.0,481.0
586.0,482.0
380.0,482.0
168.0,482.0
166.0,482.0
33.0,482.0
310.0,482.0
844.0,482.0
56.0,482.0
566.0,482.0
81.0,482.0
370.0,482.0
862.0,482.0
245.0,483.0
98.0,483.0
758.0,483.0
217.0,483.0
558.0,483.0
420.0,483.0
90.0,483.0
383.0,483.0
428.0,483.0
663.0,483.0
730.0,483.0
447.0,483.0
684.0,484.0
712.0,484.0
907.0,484.0
737.0,484.0
756.0,484.0
716.0,484.0
644.0,484.0
724.0,484.0
328.0,484.0
892.0,484.0
534.0,484.0
878.0,484.0
99.0,485.0
1003.0,485.0
422.0,485.0
42.0,485.0
133.0,485.0
58.0,485.0
787.0,485.0
968.0,485.0
67.0,485.0
45.0,485.0
85.0,485.0
561.0,485.0
991.0,486.0
211.0,486.0
770.0,486.0
527.0,486.0
549.0,486.0
742.0,486.0
805.0,486.0
299.0,486.0
315.0,486.0
579.0,486.0
414.0,486.0
25.0,486.0
752.0,487.0
788.0,487.0
419.0,487.0
173.0,487.0
997.0,487.0
323.0,487.0
287.0,487.0
399.0,487.0
271.0,487.0
750.0,487.0
106.0,487.0
839.0,487.0
490.0,488.0
397.0,488.0
350.0,488.0
842.0,488.0
720.0,488.0
826.0,488.0
782.0,488.0
613.0,488.0
775.0,488.0
885.0,488.0
297.0,488.0
980.0,488.0
72.0,489.0
747.0,489.0
221.0,489.0
634.0,489.0
126.0,489.0
118.0,489.0
435.0,489.0
178.0,489.0
697.0,489.0
366.0,489.0
674.0,489.0
18.0,489.0
878.0,490.0
139.0,490.0
577.0,490.0
182.0,490.0
198.0,490.0
161.0,490.0
802.0,490.0
469.0,490.0
607.0,490.0
941.0,490.0
48.0,490.0
458.0,490.0
813.0,491.0
182.0,491.0
327.0,491.0
515.0,491.0
996.0,491.0
463.0,491.0
1012.0,491.0
331.0,491.0
276.0,491.0
651.0,491.0
755.0,491.0
9.0,491.0
287.0,492.0
264.0,492.0
1027.0,492.0
597.0,492.0
837.0,492.0
948.0,492.0
1025.0,492.0
516.0,492.0
707.0,492.0
838.0,492.0
1024.0,492.0
749.0,492.0
531.0,493.0
845.0,493.0
889.0,493.0
988.0,493.0
656.0,493.0
126.0,493.0
455.0,493.0
326.0,493.0
746.0,493.0
839.0,493.0
29.0,493.0
335.0,493.0
563.0,494.0
507.0,494.0
210.0,494.0
221.0,494.0
183.0,494.0
330.0,494.0
357.0,494.0
748.0,494.0
503.0,494.0
411.0,494.0
973.0,494.0
550.0,494.0
346.0,495.0
261.0,495.0
551.0,495.0
171.0,495.0
521.0,495.0
1025.0,495.0
46.0,495.0
364.0,495.0
454.0,495.0
792.0,495.0
396.0,495.0
919.0,495.0
928.0,496.0
245.0,496.0
1013.0,496.0
967.0,496.0
257.0,496.0
692.0,496.0
1007.0,496.0
772.0,496.0
838.0,496.0
330.0,496.0
747.0,496.0
584.0,496.0
414.0,497.0
732.0,497.0
455.0,497.0
55.0,497.0
502.0,497.0
845.0,497.0
252.0,497.0
335.0,497.0
862.0,497.0
996.0,497.0
690.0,497.0
179.0,497.0
284.0,498.0
882.0,498.0
905.0,498.0
261.0,498.0
707.0,498.0
25.0,498.0
739.0,498.0
244.0,498.0
496.0,498.0
158.0,498.0
417.0,498.0
1010.0,498.0
494.0,499.0
895.0,499.0
342.0,499.0
712.0,499.0
21.0,499.0
115.0,499.0
338.0,499.0
922.0,499.0
220.0,499.0
717.0,499.0
889.0,499.0
299.0,499.0
832.0,500.0
550.0,500.0
83.0,500.0
57.0,500.0
924.0,500.0
433.0,500.0
712.0,500.0
640.0,500.0
40.0,500.0
763.0,500.0
958.0,500.0
354.0,500.0
1031.0,501.0
243.0,501.0
411.0,501.0
83.0,501.0
837.0,501.0
614.0,501.0
912.0,501.0
331.0,501.0
863.0,501.0
30.0,501.0
971.0,501.0
427.0,501.0
141.0,502.0
181.0,502.0
74.0,502.0
883.0,502.0
336.0,502.0
735.0,502.0
558.0,502.0
541.0,502.0
565.0,502.0
76.0,502.0
411.0,502.0
785.0,502.0
370.0,503.0
666.0,503.0
622.0,503.0
228.0,503.0
516.0,503.0
292.0,503.0
977.0,503.0
551.0,503.0
785.0,503.0
801.0,503.0
820.0,503.0
342.0,503.0
143.0,504.0
473.0,504.0
538.0,504.0
883.0,504.0
972.0,504.0
510.0,504.0
159.0,504.0
219.0,504.0
154.0,504.0
308.0,504.0
934.0,504.0
721.0,504.0
302.0,505.0
704.0,505.0
835.0,505.0
506.0,505.0
46.0,505.0
623.0,505.0
8.0,505.0
982.0,505.0
410.0,505.0
525.0,505.0
779.0,505.0
612.0,505.0
458.0,506.0
229.0,506.0
162.0,506.0
509.0,506.0
414.0,506.0
637.0,506.0
418.0,506.0
1.0,506.0
919.0,506.0
429.0,506.0
754.0,506.0
793.0,506.0
273.0,507.0
2.0,507.0
205.0,507.0
759.0,507.0
683.0,507.0
380.0,507.0
463.0,507.0
209.0,507.0
94.0,507.0
383.0,507.0
743.0,507.0
288.0,507.0
708.0,508.0
737.0,508.0
421.0,508.0
126.0,508.0
585.0,508.0
160.0,508.0
613.0,508.0
724.0,508.0
108.0,508.0
645.0,508.0
649.0,508.0
656.0,508.0
92.0,509.0
166.0,509.0
648.0,509.0
955.0,509.0
309.0,509.0
209.0,509.0
162.0,509.0
836.0,509.0
988.0,509.0
524.0,509.0
982.0,509.0
941.0,509.0
550.0,510.0
641.0,510.0
619.0,510.0
155.0,510.0
827.0,510.0
64.0,510.0
174.0,510.0
258.0,510.0
332.0,510.0
749.0,510.0
90.0,510.0
860.0,510.0
37.0,511.0
194.0,511.0
897.0,511.0
96.0,511.0
985.0,511.0
167.0,511.0
973.0,511.0
445.0,511.0
620.0,511.0
670.0,511.0
406.0,511.0
881.0,511.0
154.0,512.0
484.0,512.0
691.0,512.0
56.0,512.0
970.0,512.0
687.0,512.0
837.0,512.0
473.0,512.0
32.0,512.0
123.0,512.0
319.0,512.0
553.0,512.0
149.0,513.0
747.0,513.0
969.0,513.0
734.0,513.0
770.0,513.0
290.0,513.0
608.0,513.0
279.0,513.0
1007.0,513.0
921.0,513.0
217.0,513.0
503.0,513.0
361.0,514.0
538.0,514.0
396.0,514.0
834.0,514.0
225.0,514.0
623.0,514.0
690.0,514.0
345.0,514.0
167.0,514.0
339.0,514.0
683.0,514.0
455.0,514.0
755.0,515.0
254.0,515.0
1027.0,515.0
900.0,515.0
895.0,515.0
151.0,515.0
566.0,515.0
1029.0,515.0
401.0,515.0
571.0,515.0
1035.0,515.0
965.0,515.0
852.0,516.0
42.0,516.0
370.0,516.0
131.0,516.0
60.0,516.0
1004.0,516.0
599.0,516.0
0.0,516.0
922.0,516.0
1008.0,516.0
744.0,516.0
738.0,516.0
836.0,517.0
700.0,517.0
38.0,517.0
146.0,517.0
739.0,517.0
334.0,517.0
429.0,517.0
51.0,517.0
722.0,517.0
494.0,517.0
133.0,517.0
261.0,517.0
150.0,518.0
613.0,518.0
314.0,518.0
790.0,518.0
168.0,518.0
601.0,518.0
166.0,518.0
781.0,518.0
257.0,518.0
941.0,518.0
605.0,518.0
903.0,518.0
7.0,519.0
35.0,519.0
268.0,519.0
295.0,519.0
935.0,519.0
849.0,519.0
967.0,519.0
37.0,519.0
39.0,519.0
135.0,519.0
77.0,519.0
817.0,519.0
689.0,520.0
439.0,520.0
321.0,520.0
190.0,520.0
774.0,520.0
654.0,520.0
286.0,520.0
855.0,520.0
606.0,520.0
120.0,520.0
232.0,520.0
1015.0,520.0
313.0,521.0
789.0,521.0
8.0,521.0
347.0,521.0
811.0,521.0
663.0,521.0
639.0,521.0
429.0,521.0
871.0,521.0
882.0,521.0
647.0,521.0
722.0,521.0
157.0,522.0
102.0,522.0
47.0,522.0
697.0,522.0
774.0,522.0
599.0,522.0
335.0,522.0
336.0,522.0
672.0,522.0
556.0,522.0
623.0,522.0
4.0,522.0
986.0,523.0
715.0,523.0
1004.0,523.0
493.0,523.0
203.0,523.0
788.0,523.0
359.0,523.0
604.0,523.0
583.0,523.0
599.0,523.0
206.0,523.0
912.0,523.0
427.0,524.0
708.0,524.0
553.0,524.0
123.0,524.0
154.0,524.0
900.0,524.0
508.0,524.0
938.0,524.0
668.0,524.0
507.0,524.0
596.0,524.0
371.0,524.0
636.0,525.0
363.0,525.0
662.0,525.0
994.0,525.0
462.0,525.0
371.0,525.0
516.0,525.0
921.0,525.0
734.0,525.0
552.0,525.0
789.0,525.0
560.0,525.0
427.0,526.0
408.0,526.0
174.0,526.0
385.0,526.0
184.0,526.0
285.0,526.0
128.0,526.0
510.0,526.0
839.0,526.0
613.0,526.0
737.0,526.0
405.0,526.0
125.0,527.0
865.0,527.0
198.0,527.0
648.0,527.0
211.0,527.0
609.0,527.0
836.0,527.0
27.0,527.0
505.0,527.0
486.0,527.0
838.0,527.0
1012.0,527.0
649.0,528.0
511.0,528.0
323.0,528.0
381.0,528.0
845.0,528.0
236.0,528.0
911.0,528.0
450.0,528.0
919.0,528.0
929.0,528.0
36.0,528.0
683.0,528.0
124.0,529.0
704.0,529.0
801.0,529.0
46.0,529.0
18.0,529.0
915.0,529.0
693.0,529.0
49.0,529.0
844.0,529.0
818.0,529.0
134.0,529.0
418.0,529.0
427.0,530.0
370.0,530.0
678.0,530.0
327.0,530.0
902.0,530.0
781.0,530.0
522.0,530.0
189.0,530.0
165.0,530.0
592.0,530.0
549.0,530.0
47.0,530.0
159.0,531.0
269.0,531.0
150.0,531.0
967.0,531.0
6.0,531.0
655.0,531.0
537.0,531.0
668.0,531.0
586.0,531.0
533.0,531.0
795.0,531.0
67.0,531.0
119.0,532.0
436.0,532.0
816.0,532.0
908.0,532.0
928.0,532.0
569.0,532.0
344.0,532.0
589.0,532.0
256.0,532.0
194.0,532.0
761.0,532.0
16.0,532.0
331.0,533.0
687.0,533.0
180.0,533.0
438.0,533.0
371.0,533.0
645.0,533.0
900.0,533.0
887.0,533.0
254.0,533.0
642.0,533.0
935.0,533.0
169.0,533.0
248.0,534.0
564.0,534.0
220.0,534.0
827.0,534.0
179.0,534.0
1006.0,534.0
267.0,534.0
385.0,534.0
991.0,534.0
330.0,534.0
417.0,534.0
287.0,534.0
205.0,535.0
831.0,535.0
212.0,535.0
36.0,535.0
189.0,535.0
132.0,535.0
303.0,535.0
810.0,535.0
619.0,535.0
291.0,535.0
508.0,535.0
450.0,535.0
235.0,536.0
508.0,536.0
837.0,536.0
135.0,536.0
13.0,536.0
645.0,536.0
764.0,536.0
991.0,536.0
422.0,536.0
580.0,536.0
96.0,536.0
733.0,536.0
212.0,537.0
558.0,537.0
682.0,537.0
430.0,537.0
732.0,537.0
83.0,537.0
1031.0,537.0
288.0,537.0
595.0,537.0
956.0,537.0
658.0,537.0
530.0,537.0
287.0,538.0
94.0,538.0
304.0,538.0
206.0,538.0
454.0,538.0
438.0,538.0
933.0,538.0
923.0,538.0
374.0,538.0
489.0,538.0
732.0,538.0
522.0,538.0
244.0,539.0
50.0,539.0
210.0,539.0
157.0,539.0
424.0,539.0
17.0,539.0
640.0,539.0
791.0,539.0
252.0,539.0
853.0,539.0
456.0,539.0
700.0,539.0
900.0,540.0
370.0,540.0
863.0,540.0
912.0,540.0
407.0,540.0
69.0,540.0
545.0,540.0
760.0,540.0
964.0,540.0
498.0,540.0
17.0,540.0
599.0,540.0
138.0,541.0
901.0,541.0
570.0,541.0
524.0,541.0
73.0,541.0
205.0,541.0
690.0,541.0
621.0,541.0
779.0,541.0
294.0,541.0
970.0,541.0
39.0,541.0
950.0,542.0
1007.0,542.0
1000.0,542.0
992.0,542.0
868.0,542.0
150.0,542.0
609.0,542.0
966.0,542.0
159.0,542.0
387.0,542.0
198.0,542.0
12.0,542.0
515.0,543.0
455.0,543.0
944.0,543.0
538.0,543.0
534.0,543.0
188.0,543.0
23.0,543.0
269.0,543.0
889.0,543.0
691.0,543.0
103.0,543.0
932.0,543.0
223.0,544.0
653.0,544.0
324.0,544.0
910.0,544.0
946.0,544.0
751.0,544.0
643.0,544.0
289.0,544.0
333.0,544.0
392.0,544.0
60.0,544.0
84.0,544.0
408.0,545.0
498.0,545.0
659.0,545.0
1031.0,545.0
725.0,545.0
550.0,545.0
540.0,545.0
542.0,545.0
556.0,545.0
1006.0,545.0
844.0,545.0
975.0,545.0
430.0,546.0
167.0,546.0
900.0,546.0
977.0,546.0
837.0,546.0
47.0,546.0
483.0,546.0
44.0,546.0
979.0,546.0
416.0,546.0
140.0,546.0
818.0,546.0
377.0,547.0
498.0,547.0
691.0,547.0
517.0,547.0
551.0,547.0
989.0,547.0
624.0,547.0
42.0,547.0
261.0,547.0
292.0,547.0
20.0,547.0
404.0,547.0
267.0,548.0
534.0,548.0
983.0,548.0
825.0,548.0
376.0,548.0
408.0,548.0
396.0,548.0
175.0,548.0
573.0,548.0
340.0,548.0
74.0,548.0
590.0,548.0
308.0,549.0
252.0,549.0
497.0,549.0
643.0,549.0
167.0,549.0
993.0,549.0
927.0,549.0
386.0,549.0
387.0,549.0
1023.0,549.0
211.0,549.0
920.0,549.0
683.0,550.0
363.0,550.0
854.0,550.0
907.0,550.0
945.0,550.0
648.0,550.0
204.0,550.0
342.0,550.0
989.0,550.0
349.0,550.0
970.0,550.0
172.0,550.0
909.0,551.0
186.0,551.0
124.0,551.0
105.0,551.0
495.0,551.0
765.0,551.0
1019.0,551.0
544.0,551.0
570.0,551.0
356.0,551.0
906.0,551.0
273.0,551.0
107.0,552.0
1012.0,552.0
579.0,552.0
137.0,552.0
187.0,552.0
131.0,552.0
411.0,552.0
179.0,552.0
325.0,552.0
748.0,552.0
805.0,552.0
29.0,552.0
220.0,553.0
463.0,553.0
1000.0,553.0
683.0,553.0
481.0,553.0
16.0,553.0
578.0,553.0
155.0,553.0
1014.0,553.0
438.0,553.0
157.0,553.0
624.0,553.0
115.0,554.0
327.0,554.0
368.0,554.0
924.0,554.0
119.0,554.0
864.0,554.0
0.0,554.0
154.0,554.0
542.0,554.0
513.0,554.0
928.0,554.0
330.0,554.0
548.0,555.0
519.0,555.0
260.0,555.0
894.0,555.0
222.0,555.0
269.0,555.0
353.0,555.0
636.0,555.0
983.0,555.0
344.0,555.0
686.0,555.0
830.0,555.0
921.0,556.0
925.0,556.0
857.0,556.0
15.0,556.0
608.0,556.0
691.0,556.0
299.0,556.0
458.0,556.0
218.0,556.0
706.0,556.0
1027.0,556.0
307.0,556.0
482.0,557.0
815.0,557.0
502.0,557.0
274.0,557.0
408.0,557.0
1018.0,557.0
755.0,557.0
376.0,557.0
977.0,557.0
377.0,557.0
732.0,557.0
454.0,557.0
431.0,558.0
566.0,558.0
887.0,558.0
524.0,558.0
948.0,558.0
154.0,558.0
261.0,558.0
764.0,558.0
91.0,558.0
75.0,558.0
844.0,558.0
378.0,558.0
691.0,559.0
515.0,559.0
226.0,559.0
625.0,559.0
414.0,559.0
723.0,559.0
166.0,559.0
577.0,559.0
313.0,559.0
336.0,559.0
6.0,559.0
108.0,559.0
0.0,560.0
55.0,560.0
157.0,560.0
883.0,560.0
181.0,560.0
473.0,560.0
29.0,560.0
494.0,560.0
377.0,560.0
994.0,560.0
191.0,560.0
739.0,560.0
63.0,561.0
461.0,561.0
163.0,561.0
689.0,561.0
856.0,561.0
845.0,561.0
267.0,561.0
62.0,561.0
916.0,561.0
490.0,561.0
687.0,561.0
707.0,561.0
523.0,562.0
641.0,562.0
54.0,562.0
343.0,562.0
125.0,562.0
775.0,562.0
190.0,562.0
776.0,562.0
197.0,562.0
114.0,562.0
716.0,562.0
262.0,562.0
199.0,563.0
258.0,563.0
235.0,563.0
682.0,563.0
98.0,563.0
189.0,563.0
748.0,563.0
1035.0,563.0
423.0,563.0
1022.0,563.0
119.0,563.0
436.0,563.0
415.0,564.0
475.0,564.0
40.0,564.0
470.0,564.0
460.0,564.0
23.0,564.0
341.0,564.0
1023.0,564.0
6.0,564.0
664.0,564.0
311.0,564.0
640.0,564.0
684.0,565.0
805.0,565.0
954.0,565.0
339.0,565.0
627.0,565.0
123.0,565.0
23.0,565.0
996.0,565.0
442.0,565.0
167.0,565.0
522.0,565.0
361.0,565.0
574.0,566.0
971.0,566.0
969.0,566.0
889.0,566.0
67.0,566.0
773.0,566.0
154.0,566.0
218.0,566.0
563.0,566.0
920.0,566.0
440.0,566.0
318.0,566.0
802.0,567.0
200.0,567.0
249.0,567.0
469.0,567.0
561.0,567.0
879.0,567.0
417.0,567.0
993.0,567.0
441.0,567.0
513.0,567.0
675.0,567.0
549.0,567.0
945.0,568.0
544.0,568.0
631.0,568.0
692.0,568.0
503.0,568.0
873.0,568.0
284.0,568.0
915.0,568.0
1028.0,568.0
834.0,568.0
312.0,568.0
722.0,568.0
975.0,569.0
445.0,569.0
1025.0,569.0
833.0,569.0
303.0,569.0
191.0,569.0
913.0,569.0
963.0,569.0
908.0,569.0
825.0,569.0
780.0,569.0
448.0,569.0
87.0,570.0
155.0,570.0
414.0,570.0
566.0,570.0
420.0,570.0
227.0,570.0
1024.0,570.0
992.0,570.0
333.0,570.0
928.0,570.0
191.0,570.0
623.0,570.0
507.0,571.0
1029.0,571.0
41.0,571.0
664.0,571.0
395.0,571.0
691.0,571.0
1011.0,571.0
488.0,571.0
860.0,571.0
313.0,571.0
961.0,571.0
150.0,571.0
325.0,572.0
140.0,572.0
767.0,572.0
739.0,572.0
629.0,572.0
264.0,572.0
474.0,572.0
506.0,572.0
709.0,572.0
918.0,572.0
53.0,572.0
345.0,572.0
530.0,573.0
773.0,573.0
107.0,573.0
479.0,573.0
839.0,573.0
103.0,573.0
170.0,573.0
119.0,573.0
686.0,573.0
3.0,573.0
775.0,573.0
786.0,573.0
938.0,574.0
731.0,574.0
1000.0,574.0
666.0,574.0
286.0,574.0
942.0,574.0
755.0,574.0
646.0,574.0
608.0,574.0
897.0,574.0
239.0,574.0
884.0,574.0
620.0,575.0
420.0,575.0
276.0,575.0
97.0,575.0
361.0,575.0
87.0,575.0
167.0,575.0
581.0,575.0
27.0,575.0
371.0,575.0
78.0,575.0
787.0,575.0
304.0,576.0
205.0,576.0
596.0,576.0
54.0,576.0
809.0,576.0
798.0,576.0
514.0,576.0
88.0,576.0
680.0,576.0
595.0,576.0
912.0,576.0
659.0,576.0
404.0,577.0
612.0,577.0
330.0,577.0
815.0,577.0
299.0,577.0
397.0,577.0
44.0,577.0
494.0,577.0
445.0,577.0
163.0,577.0
948.0,577.0
463.0,577.0
791.0,578.0
25.0,578.0
732.0,578.0
682.0,578.0
718.0,578.0
471.0,578.0
396.0,578.0
622.0,578.0
643.0,578.0
378.0,578.0
894.0,578.0
416.0,578.0
87.0,579.0
601.0,579.0
259.0,579.0
732.0,579.0
705.0,579.0
529.0,579.0
42.0,579.0
834.0,579.0
942.0,579.0
939.0,579.0
441.0,579.0
1033.0,579.0
362.0,580.0
463.0,580.0
116.0,580.0
914.0,580.0
881.0,580.0
585.0,580.0
122.0,580.0
84.0,580.0
971.0,580.0
962.0,580.0
61.0,580.0
656.0,580.0
67.0,581.0
954.0,581.0
736.0,581.0
566.0,581.0
974.0,581.0
154.0,581.0
25.0,581.0
655.0,581.0
104.0,581.0
958.0,581.0
934.0,581.0
87.0,581.0
60.0,582.0
666.0,582.0
34.0,582.0
806.0,582.0
633.0,582.0
548.0,582.0
886.0,582.0
289.0,582.0
749.0,582.0
638.0,582.0
858.0,582.0
753.0,582.0
221.0,583.0
56.0,583.0
301.0,583.0
919.0,583.0
545.0,583.0
276.0,583.0
50.0,583.0
550.0,583.0
206.0,583.0
939.0,583.0
648.0,583.0
482.0,583.0
504.0,584.0
1003.0,584.0
913.0,584.0
607.0,584.0
926.0,584.0
695.0,584.0
75.0,584.0
9.0,584.0
531.0,584.0
91.0,584.0
168.0,584.0
155.0,584.0
804.0,585.0
173.0,585.0
326.0,585.0
64.0,585.0
19.0,585.0
262.0,585.0
419.0,585.0
270.0,585.0
357.0,585.0
569.0,585.0
254.0,585.0
468.0,585.0
536.0,586.0
163.0,586.0
748.0,586.0
846.0,586.0
111.0,586.0
856.0,586.0
427.0,586.0
805.0,586.0
189.0,586.0
217.0,586.0
203.0,586.0
687.0,586.0
162.0,587.0
805.0,587.0
871.0,587.0
309.0,587.0
572.0,587.0
739.0,587.0
503.0,587.0
93.0,587.0
400.0,587.0
578.0,587.0
1011.0,587.0
852.0,587.0
800.0,588.0
120.0,588.0
190.0,588.0
676.0,588.0
459.0,588.0
86.0,588.0
204.0,588.0
998.0,588.0
501.0,588.0
262.0,588.0
282.0,588.0
40.0,588.0
758.0,589.0
443.0,589.0
724.0,589.0
399.0,589.0
830.0,589.0
355.0,589.0
810.0,589.0
594.0,589.0
752.0,589.0
7.0,589.0
963.0,589.0
402.0,589.0
876.0,590.0
317.0,590.0
289.0,590.0
940.0,590.0
84.0,590.0
194.0,590.0
393.0,590.0
39.0,590.0
376.0,590.0
74.0,590.0
483.0,590.0
951.0,590.0
985.0,591.0
286.0,591.0
656.0,591.0
831.0,591.0
854.0,591.0
367.0,591.0
401.0,591.0
180.0,591.0
681.0,591.0
752.0,591.0
326.0,591.0
23.0,591.0
887.0,592.0
889.0,592.0
24.0,592.0
123.0,592.0
430.0,592.0
537.0,592.0
27.0,592.0
740.0,592.0
845.0,592.0
250.0,592.0
368.0,592.0
1023.0,592.0
663.0,593.0
200.0,593.0
552.0,593.0
441.0,593.0
97.0,593.0
449.0,593.0
999.0,593.0
467.0,593.0
859.0,593.0
693.0,593.0
579.0,593.0
967.0,593.0
546.0,594.0
747.0,594.0
61.0,594.0
746.0,594.0
15.0,594.0
558.0,594.0
417.0,594.0
486.0,594.0
847.0,594.0
227.0,594.0
319.0,594.0
82.0,594.0
611.0,595.0
685.0,595.0
28.0,595.0
654.0,595.0
588.0,595.0
348.0,595.0
606.0,595.0
433.0,595.0
468.0,595.0
1004.0,595.0
365.0,595.0
576.0,595.0
828.0,596.0
388.0,596.0
128.0,596.0
155.0,596.0
62.0,596.0
980.0,596.0
867.0,596.0
942.0,596.0
611.0,596.0
460.0,596.0
477.0,596.0
1027.0,596.0
57.0,597.0
414.0,597.0
637.0,597.0
48.0,597.0
479.0,597.0
809.0,597.0
95.0,597.0
486.0,597.0
874.0,597.0
137.0,597.0
208.0,597.0
913.0,597.0
288.0,598.0
224.0,598.0
835.0,598.0
87.0,598.0
537.0,598.0
416.0,598.0
1001.0,598.0
415.0,598.0
368.0,598.0
138.0,598.0
118.0,598.0
330.0,598.0
494.0,599.0
690.0,599.0
719.0,599.0
978.0,599.0
269.0,599.0
438.0,599.0
243.0,599.0
555.0,599.0
1010.0,599.0
426.0,599.0
697.0,599.0
906.0,599.0
557.0,600.0
469.0,600.0
551.0,600.0
392.0,600.0
5.0,600.0
357.0,600.0
46.0,600.0
915.0,600.0
356.0,600.0
991.0,600.0
45.0,600.0
47.0,600.0
10.0,601.0
31.0,601.0
275.0,601.0
91.0,601.0
602.0,601.0
209.0,601.0
129.0,601.0
699.0,601.0
1011.0,601.0
632.0,601.0
798.0,601.0
605.0,601.0
211.0,602.0
252.0,602.0
429.0,602.0
229.0,602.0
386.0,602.0
784.0,602.0
8.0,602.0
95.0,602.0
822.0,602.0
633.0,602.0
166.0,602.0
818.0,602.0
956.0,603.0
947.0,603.0
215.0,603.0
117.0,603.0
913.0,603.0
556.0,603.0
994.0,603.0
662.0,603.0
950.0,603.0
887.0,603.0
1035.0,603.0
89.0,603.0
611.0,604.0
626.0,604.0
36.0,604.0
711.0,604.0
26.0,604.0
955.0,604.0
54.0,604.0
68.0,604.0
912.0,604.0
1015.0,604.0
762.0,604.0
562.0,604.0
462.0,605.0
620.0,605.0
456.0,605.0
918.0,605.0
204.0,605.0
837.0,605.0
545.0,605.0
12.0,605.0
121.0,605.0
699.0,605.0
335.0,605.0
438.0,605.0
92.0,606.0
773.0,606.0
1034.0,606.0
30.0,606.0
727.0,606.0
325.0,606.0
109.0,606.0
878.0,606.0
500.0,606.0
520.0,606.0
197.0,606.0
614.0,606.0
1029.0,607.0
866.0,607.0
339.0,607.0
423.0,607.0
684.0,607.0
755.0,607.0
442.0,607.0
463.0,607.0
176.0,607.0
1014.0,607.0
697.0,607.0
428.0,607.0
907.0,608.0
1004.0,608.0
742.0,608.0
583.0,608.0
307.0,608.0
722.0,608.0
877.0,608.0
948.0,608.0
15.0,608.0
395.0,608.0
242.0,608.0
20.0,608.0
736.0,609.0
131.0,609.0
522.0,609.0
706.0,609.0
612.0,609.0
70.0,609.0
836.0,609.0
125.0,609.0
185.0,609.0
967.0,609.0
159.0,609.0
352.0,609.0
977.0,610.0
180.0,610.0
366.0,610.0
275.0,610.0
353.0,610.0
686.0,610.0
620.0,610.0
166.0,610.0
171.0,610.0
633.0,610.0
319.0,610.0
344.0,610.0
79.0,611.0
460.0,611.0
933.0,611.0
799.0,611.0
445.0,611.0
564.0,611.0
342.0,611.0
405.0,611.0
1027.0,611.0
417.0,611.0
863.0,611.0
431.0,611.0
583.0,612.0
1005.0,612.0
20.0,612.0
290.0,612.0
852.0,612.0
946.0,612.0
642.0,612.0
707.0,612.0
335.0,612.0
889.0,612.0
959.0,612.0
721.0,612.0
757.0,613.0
362.0,613.0
125.0,613.0
425.0,613.0
448.0,613.0
854.0,613.0
641.0,613.0
136.0,613.0
417.0,613.0
142.0,613.0
488.0,613.0
914.0,613.0
735.0,614.0
828.0,614.0
75.0,614.0
252.0,614.0
777.0,614.0
439.0,614.0
230.0,614.0
857.0,614.0
717.0,614.0
699.0,614.0
139.0,614.0
129.0,614.0
318.0,615.0
640.0,615.0
214.0,615.0
117.0,615.0
903.0,615.0
1034.0,615.0
596.0,615.0
89.0,615.0
970.0,615.0
576.0,615.0
311.0,615.0
765.0,615.0
499.0,616.0
92.0,616.0
321.0,616.0
380.0,616.0
763.0,616.0
773.0,616.0
850.0,616.0
314.0,616.0
658.0,616.0
930.0,616.0
19.0,616.0
451.0,616.0
669.0,617.0
768.0,617.0
267.0,617.0
762.0,617.0
676.0,617.0
842.0,617.0
461.0,617.0
606.0,617.0
328.0,617.0
987.0,617.0
320.0,617.0
948.0,617.0
98.0,618.0
470.0,618.0
825.0,618.0
298.0,618.0
794.0,618.0
730.0,618.0
401.0,618.0
986.0,618.0
897.0,618.0
1000.0,618.0
665.0,618.0
218.0,618.0
501.0,619.0
268.0,619.0
535.0,619.0
519.0,619.0
776.0,619.0
962.0,619.0
136.0,619.0
511.0,619.0
530.0,619.0
419.0,619.0
42.0,619.0
833.0,619.0
744.0,620.0
304.0,620.0
157.0,620.0
1025.0,620.0
787.0,620.0
301.0,620.0
318.0,620.0
1027.0,620.0
206.0,620.0
933.0,620.0
445.0,620.0
856.0,620.0
522.0,621.0
849.0,621.0
963.0,621.0
2.0,621.0
36.0,621.0
213.0,621.0
483.0,621.0
556.0,621.0
970.0,621.0
665.0,621.0
960.0,621.0
759.0,621.0
322.0,622.0
740.0,622.0
921.0,622.0
672.0,622.0
339.0,622.0
742.0,622.0
677.0,622.0
853.0,622.0
233.0,622.0
894.0,622.0
916.0,622.0
710.0,622.0
779.0,623.0
640.0,623.0
366.0,623.0
789.0,623.0
1019.0,623.0
618.0,623.0
346.0,623.0
275.0,623.0
692.0,623.0
308.0,623.0
378.0,623.0
1024.0,623.0
539.0,624.0
481.0,624.0
424.0,624.0
304.0,624.0
1031.0,624.0
895.0,624.0
154.0,624.0
140.0,624.0
813.0,624.0
719.0,624.0
123.0,624.0
640.0,624.0
507.0,625.0
956.0,625.0
204.0,625.0
672.0,625.0
658.0,625.0
742.0,625.0
906.0,625.0
746.0,625.0
691.0,625.0
159.0,625.0
925.0,625.0
874.0,625.0
348.0,626.0
500.0,626.0
604.0,626.0
144.0,626.0
850.0,626.0
390.0,626.0
765.0,626.0
147.0,626.0
727.0,626.0
459.0,626.0
21.0,626.0
896.0,626.0
255.0,627.0
364.0,627.0
386.0,627.0
629.0,627.0
739.0,627.0
58.0,627.0
481.0,627.0
647.0,627.0
225.0,627.0
110.0,627.0
811.0,627.0
354.0,627.0
65.0,628.0
550.0,628.0
152.0,628.0
934.0,628.0
587.0,628.0
595.0,628.0
397.0,628.0
601.0,628.0
4.0,628.0
609.0,628.0
92.0,628.0
878.0,628.0
695.0,629.0
107.0,629.0
925.0,629.0
481.0,629.0
855.0,629.0
614.0,629.0
119.0,629.0
846.0,629.0
870.0,629.0
380.0,629.0
298.0,629.0
208.0,629.0
68.0,630.0
847.0,630.0
868.0,630.0
325.0,630.0
308.0,630.0
382.0,630.0
754.0,630.0
736.0,630.0
987.0,630.0
550.0,630.0
797.0,630.0
469.0,630.0
72.0,631.0
959.0,631.0
455.0,631.0
81.0,631.0
56.0,631.0
816.0,631.0
845.0,631.0
275.0,631.0
563.0,631.0
430.0,631.0
686.0,631.0
847.0,631.0
368.0,632.0
681.0,632.0
735.0,632.0
769.0,632.0
774.0,632.0
624.0,632.0
101.0,632.0
500.0,632.0
715.0,632.0
558.0,632.0
754.0,632.0
737.0,632.0
302.0,633.0
902.0,633.0
271.0,633.0
223.0,633.0
1001.0,633.0
806.0,633.0
50.0,633.0
901.0,633.0
975.0,633.0
353.0,633.0
807.0,633.0
231.0,633.0
294.0,634.0
194.0,634.0
489.0,634.0
420.0,634.0
849.0,634.0
77.0,634.0
532.0,634.0
812.0,634.0
496.0,634.0
963.0,634.0
560.0,634.0
623.0,634.0
694.0,635.0
302.0,635.0
124.0,635.0
4.0,635.0
600.0,635.0
824.0,635.0
949.0,635.0
202.0,635.0
671.0,635.0
920.0,635.0
657.0,635.0
229.0,635.0
195.0,636.0
435.0,636.0
633.0,636.0
656.0,636.0
445.0,636.0
511.0,636.0
721.0,636.0
973.0,636.0
502.0,636.0
771.0,636.0
666.0,636.0
496.0,636.0
988.0,637.0
242.0,637.0
481.0,637.0
701.0,637.0
20.0,637.0
490.0,637.0
289.0,637.0
217.0,637.0
117.0,637.0
887.0,637.0
430.0,637.0
821.0,637.0
373.0,638.0
288.0,638.0
74.0,638.0
217.0,638.0
261.0,638.0
483.0,638.0
213.0,638.0
991.0,638.0
731.0,638.0
183.0,638.0
374.0,638.0
172.0,638.0
870.0,639.0
485.0,639.0
237.0,639.0
647.0,639.0
5.0,639.0
85.0,639.0
441.0,639.0
8.0,639.0
766.0,639.0
391.0,639.0
225.0,639.0
859.0,639.0
292.0,640.0
102.0,640.0
790.0,640.0
815.0,640.0
232.0,640.0
737.0,640.0
926.0,640.0
196.0,640.0
643.0,640.0
890.0,640.0
357.0,640.0
765.0,640.0
720.0,641.0
405.0,641.0
504.0,641.0
415.0,641.0
980.0,641.0
814.0,641.0
510.0,641.0
923.0,641.0
71.0,641.0
559.0,641.0
328.0,641.0
6.0,641.0
697.0,642.0
327.0,642.0
559.0,642.0
367.0,642.0
283.0,642.0
20.0,642.0
167.0,642.0
628.0,642.0
933.0,642.0
996.0,642.0
245.0,642.0
1019.0,642.0
227.0,643.0
472.0,643.0
701.0,643.0
34.0,643.0
905.0,643.0
80.0,643.0
280.0,643.0
877.0,643.0
977.0,643.0
674.0,643.0
401.0,643.0
391.0,643.0
617.0,644.0
332.0,644.0
161.0,644.0
880.0,644.0
930.0,644.0
520.0,644.0
654.0,644.0
92.0,644.0
468.0,644.0
125.0,644.0
626.0,644.0
762.0,644.0
243.0,645.0
935.0,645.0
1032.0,645.0
188.0,645.0
881.0,645.0
893.0,645.0
483.0,645.0
1024.0,645.0
656.0,645.0
493.0,645.0
794.0,645.0
788.0,645.0
427.0,646.0
683.0,646.0
180.0,646.0
435.0,646.0
813.0,646.0
107.0,646.0
311.0,646.0
777.0,646.0
1016.0,646.0
528.0,646.0
401.0,646.0
71.0,646.0
527.0,647.0
586.0,647.0
199.0,647.0
539.0,647.0
45.0,647.0
789.0,647.0
400.0,647.0
99.0,647.0
218.0,647.0
155.0,647.0
8.0,647.0
432.0,647.0
228.0,648.0
436.0,648.0
0.0,648.0
749.0,648.0
261.0,648.0
330.0,648.0
513.0,648.0
739.0,648.0
804.0,648.0
163.0,648.0
542.0,648.0
942.0,648.0
373.0,649.0
11.0,649.0
144.0,649.0
160.0,649.0
750.0,649.0
291.0,649.0
819.0,649.0
127.0,649.0
953.0,649.0
295.0,649.0
786.0,649.0
580.0,649.0
837.0,650.0
175.0,650.0
260.0,650.0
817.0,650.0
578.0,650.0
622.0,650.0
393.0,650.0
288.0,650.0
736.0,650.0
849.0,650.0
555.0,650.0
780.0,650.0
111.0,651.0
974.0,651.0
45.0,651.0
533.0,651.0
217.0,651.0
411.0,651.0
44.0,651.0
80.0,651.0
578.0,651.0
808.0,651.0
710.0,651.0
15.0,651.0
361.0,652.0
683.0,652.0
259.0,652.0
256.0,652.0
461.0,652.0
648.0,652.0
641.0,652.0
500.0,652.0
668.0,652.0
975.0,652.0
664.0,652.0
992.0,652.0
671.0,653.0
807.0,653.0
76.0,653.0
486.0,653.0
600.0,653.0
915.0,653.0
181.0,653.0
909.0,653.0
506.0,653.0
960.0,653.0
284.0,653.0
806.0,653.0
604.0,654.0
92.0,654.0
26.0,654.0
644.0,654.0
306.0,654.0
520.0,654.0
626.0,654.0
240.0,654.0
617.0,654.0
439.0,654.0
144.0,654.0
262.0,654.0
132.0,655.0
572.0,655.0
1027.0,655.0
1007.0,655.0
196.0,655.0
734.0,655.0
895.0,655.0
950.0,655.0
10.0,655.0
217.0,655.0
38.0,655.0
367.0,655.0
664.0,656.0
258.0,656.0
419.0,656.0
817.0,656.0
212.0,656.0
285.0,656.0
384.0,656.0
379.0,656.0
536.0,656.0
914.0,656.0
929.0,656.0
523.0,656.0
909.0,657.0
734.0,657.0
171.0,657.0
678.0,657.0
275.0,657.0
901.0,657.0
696.0,657.0
496.0,657.0
1025.0,657.0
202.0,657.0
112.0,657.0
852.0,657.0
179.0,658.0
856.0,658.0
74.0,658.0
586.0,658.0
374.0,658.0
363.0,658.0
691.0,658.0
250.0,658.0
279.0,658.0
286.0,658.0
554.0,658.0
795.0,658.0
667.0,659.0
87.0,659.0
736.0,659.0
208.0,659.0
512.0,659.0
975.0,659.0
538.0,659.0
620.0,659.0
554.0,659.0
153.0,659.0
1008.0,659.0
135.0,659.0
724.0,660.0
1012.0,660.0
947.0,660.0
299.0,660.0
607.0,660.0
737.0,660.0
192.0,660.0
892.0,660.0
312.0,660.0
235.0,660.0
573.0,660.0
564.0,660.0
673.0,661.0
213.0,661.0
940.0,661.0
758.0,661.0
135.0,661.0
303.0,661.0
183.0,661.0
353.0,661.0
13.0,661.0
478.0,661.0
780.0,661.0
402.0,661.0
423.0,662.0
187.0,662.0
421.0,662.0
299.0,662.0
718.0,662.0
1014.0,662.0
203.0,662.0
32.0,662.0
188.0,662.0
530.0,662.0
61.0,662.0
764.0,662.0
91.0,663.0
852.0,663.0
801.0,663.0
431.0,663.0
918.0,663.0
492.0,663.0
216.0,663.0
225.0,663.0
199.0,663.0
785.0,663.0
992.0,663.0
1003.0,663.0
71.0,664.0
318.0,664.0
484.0,664.0
204.0,664.0
867.0,664.0
54.0,664.0
427.0,664.0
832.0,664.0
699.0,664.0
342.0,664.0
586.0,664.0
950.0,664.0
989.0,665.0
112.0,665.0
122.0,665.0
863.0,665.0
32.0,665.0
266.0,665.0
545.0,665.0
1009.0,665.0
824.0,665.0
949.0,665.0
189.0,665.0
954.0,665.0
560.0,666.0
464.0,666.0
817.0,666.0
194.0,666.0
590.0,666.0
415.0,666.0
638.0,666.0
714.0,666.0
1024.0,666.0
858.0,666.0
661.0,666.0
18.0,666.0
501.0,667.0
830.0,667.0
817.0,667.0
773.0,667.0
23.0,667.0
541.0,667.0
577.0,667.0
890.0,667.0
466.0,667.0
1006.0,667.0
440.0,667.0
329.0,667.0
966.0,668.0
837.0,668.0
256.0,668.0
198.0,668.0
624.0,668.0
840.0,668.0
168.0,668.0
221.0,668.0
357.0,668.0
662.0,668.0
463.0,668.0
991.0,668.0
626.0,669.0
375.0,669.0
201.0,669.0
237.0,669.0
144.0,669.0
841.0,669.0
21.0,669.0
447.0,669.0
321.0,669.0
892.0,669.0
644.0,669.0
28.0,669.0
697.0,670.0
563.0,670.0
711.0,670.0
317.0,670.0
268.0,670.0
383.0,670.0
508.0,670.0
22.0,670.0
607.0,670.0
334.0,670.0
483.0,670.0
788.0,670.0
622.0,671.0
879.0,671.0
229.0,671.0
454.0,671.0
386.0,671.0
44.0,671.0
404.0,671.0
85.0,671.0
529.0,671.0
1007.0,671.0
457.0,671.0
809.0,671.0
925.0,672.0
838.0,672.0
736.0,672.0
414.0,672.0
566.0,672.0
469.0,672.0
765.0,672.0
570.0,672.0
667.0,672.0
473.0,672.0
1008.0,672.0
167.0,672.0
275.0,673.0
929.0,673.0
194.0,673.0
532.0,673.0
661.0,673.0
816.0,673.0
410.0,673.0
246.0,673.0
189.0,673.0
84.0,673.0
761.0,673.0
582.0,673.0
886.0,674.0
434.0,674.0
700.0,674.0
4.0,674.0
666.0,674.0
900.0,674.0
736.0,674.0
1030.0,674.0
245.0,674.0
344.0,674.0
70.0,674.0
364.0,674.0
663.0,675.0
1003.0,675.0
632.0,675.0
99.0,675.0
1016.0,675.0
796.0,675.0
427.0,675.0
121.0,675.0
567.0,675.0
341.0,675.0
101.0,675.0
161.0,675.0
192.0,676.0
716.0,676.0
21.0,676.0
460.0,676.0
403.0,676.0
1022.0,676.0
201.0,676.0
375.0,676.0
262.0,676.0
385.0,676.0
797.0,676.0
854.0,676.0
818.0,677.0
495.0,677.0
568.0,677.0
829.0,677.0
176.0,677.0
371.0,677.0
823.0,677.0
130.0,677.0
882.0,677.0
426.0,677.0
133.0,677.0
657.0,677.0
959.0,678.0
672.0,678.0
38.0,678.0
353.0,678.0
107.0,678.0
840.0,678.0
891.0,678.0
703.0,678.0
112.0,678.0
739.0,678.0
208.0,678.0
50.0,678.0
40.0,679.0
152.0,679.0
201.0,679.0
468.0,679.0
381.0,679.0
588.0,679.0
562.0,679.0
218.0,679.0
1012.0,679.0
716.0,679.0
641.0,679.0
800.0,679.0
1023.0,680.0
1031.0,680.0
579.0,680.0
149.0,680.0
752.0,680.0
153.0,680.0
481.0,680.0
490.0,680.0
865.0,680.0
308.0,680.0
458.0,680.0
684.0,680.0
204.0,681.0
119.0,681.0
317.0,681.0
563.0,681.0
545.0,681.0
430.0,681.0
339.0,681.0
970.0,681.0
827.0,681.0
192.0,681.0
707.0,681.0
586.0,681.0
222.0,682.0
353.0,682.0
973.0,682.0
442.0,682.0
516.0,682.0
662.0,682.0
1012.0,682.0
746.0,682.0
70.0,682.0
558.0,682.0
525.0,682.0
256.0,682.0
625.0,683.0
963.0,683.0
512.0,683.0
967.0,683.0
420.0,683.0
128.0,683.0
475.0,683.0
30.0,683.0
151.0,683.0
436.0,683.0
856.0,683.0
571.0,683.0
755.0,684.0
407.0,684.0
706.0,684.0
691.0,684.0
217.0,684.0
887.0,684.0
460.0,684.0
609.0,684.0
925.0,684.0
126.0,684.0
890.0,684.0
228.0,684.0
727.0,685.0
558.0,685.0
1023.0,685.0
518.0,685.0
306.0,685.0
114.0,685.0
715.0,685.0
734.0,685.0
1034.0,685.0
595.0,685.0
120.0,685.0
878.0,685.0
944.0,686.0
82.0,686.0
683.0,686.0
428.0,686.0
73.0,686.0
514.0,686.0
590.0,686.0
736.0,686.0
612.0,686.0
956.0,686.0
791.0,686.0
480.0,686.0
228.0,687.0
431.0,687.0
923.0,687.0
867.0,687.0
54.0,687.0
862.0,687.0
27.0,687.0
926.0,687.0
900.0,687.0
662.0,687.0
731.0,687.0
374.0,687.0
741.0,688.0
825.0,688.0
174.0,688.0
340.0,688.0
300.0,688.0
908.0,688.0
536.0,688.0
559.0,688.0
366.0,688.0
525.0,688.0
965.0,688.0
777.0,688.0
145.0,689.0
991.0,689.0
632.0,689.0
109.0,689.0
1002.0,689.0
121.0,689.0
637.0,689.0
520.0,689.0
841.0,689.0
709.0,689.0
97.0,689.0
240.0,689.0
15.0,690.0
944.0,690.0
29.0,690.0
894.0,690.0
123.0,690.0
112.0,690.0
884.0,690.0
95.0,690.0
235.0,690.0
429.0,690.0
1014.0,690.0
803.0,690.0
244.0,691.0
299.0,691.0
581.0,691.0
430.0,691.0
913.0,691.0
210.0,691.0
955.0,691.0
214.0,691.0
317.0,691.0
847.0,691.0
191.0,691.0
55.0,691.0
502.0,692.0
738.0,692.0
67.0,692.0
1025.0,692.0
1013.0,692.0
643.0,692.0
39.0,692.0
905.0,692.0
920.0,692.0
245.0,692.0
490.0,692.0
792.0,692.0
686.0,693.0
554.0,693.0
237.0,693.0
329.0,693.0
452.0,693.0
663.0,693.0
917.0,693.0
593.0,693.0
194.0,693.0
722.0,693.0
834.0,693.0
763.0,693.0
805.0,694.0
424.0,694.0
130.0,694.0
133.0,694.0
364.0,694.0
553.0,694.0
834.0,694.0
134.0,694.0
277.0,694.0
58.0,694.0
104.0,694.0
811.0,694.0
737.0,695.0
153.0,695.0
79.0,695.0
533.0,695.0
479.0,695.0
908.0,695.0
296.0,695.0
760.0,695.0
524.0,695.0
269.0,695.0
332.0,695.0
883.0,695.0
32.0,696.0
434.0,696.0
218.0,696.0
863.0,696.0
920.0,696.0
664.0,696.0
223.0,696.0
553.0,696.0
623.0,696.0
516.0,696.0
636.0,696.0
820.0,696.0
296.0,697.0
623.0,697.0
522.0,697.0
743.0,697.0
921.0,697.0
428.0,697.0
172.0,697.0
565.0,697.0
514.0,697.0
622.0,697.0
266.0,697.0
552.0,697.0
910.0,698.0
83.0,698.0
499.0,698.0
835.0,698.0
853.0,698.0
653.0,698.0
361.0,698.0
339.0,698.0
219.0,698.0
887.0,698.0
612.0,698.0
556.0,698.0
15.0,699.0
868.0,699.0
169.0,699.0
844.0,699.0
869.0,699.0
259.0,699.0
328.0,699.0
389.0,699.0
200.0,699.0
379.0,699.0
209.0,699.0
397.0,699.0
442.0,700.0
977.0,700.0
864.0,700.0
525.0,700.0
157.0,700.0
417.0,700.0
984.0,700.0
972.0,700.0
38.0,700.0
738.0,700.0
107.0,700.0
823.0,700.0
462.0,701.0
319.0,701.0
157.0,701.0
738.0,701.0
361.0,701.0
256.0,701.0
808.0,701.0
977.0,701.0
655.0,701.0
1002.0,701.0
32.0,701.0
688.0,701.0
22.0,702.0
661.0,702.0
696.0,702.0
511.0,702.0
842.0,702.0
331.0,702.0
465.0,702.0
294.0,702.0
35.0,702.0
543.0,702.0
990.0,702.0
475.0,702.0
982.0,703.0
521.0,703.0
124.0,703.0
52.0,703.0
322.0,703.0
242.0,703.0
653.0,703.0
505.0,703.0
1024.0,703.0
233.0,703.0
429.0,703.0
167.0,703.0
653.0,704.0
171.0,704.0
72.0,704.0
851.0,704.0
677.0,704.0
476.0,704.0
733.0,704.0
787.0,704.0
909.0,704.0
94.0,704.0
322.0,704.0
46.0,704.0
103.0,705.0
220.0,705.0
411.0,705.0
554.0,705.0
119.0,705.0
1014.0,705.0
1003.0,705.0
12.0,705.0
571.0,705.0
533.0,705.0
559.0,705.0
651.0,705.0
428.0,706.0
82.0,706.0
605.0,706.0
944.0,706.0
1004.0,706.0
852.0,706.0
586.0,706.0
91.0,706.0
655.0,706.0
210.0,706.0
276.0,706.0
395.0,706.0
214.0,707.0
6.0,707.0
853.0,707.0
370.0,707.0
786.0,707.0
928.0,707.0
228.0,707.0
642.0,707.0
721.0,707.0
474.0,707.0
553.0,707.0
314.0,707.0
754.0,708.0
349.0,708.0
198.0,708.0
868.0,708.0
756.0,708.0
131.0,708.0
609.0,708.0
109.0,708.0
789.0,708.0
137.0,708.0
845.0,708.0
320.0,708.0
930.0,709.0
880.0,709.0
834.0,709.0
209.0,709.0
240.0,709.0
999.0,709.0
451.0,709.0
685.0,709.0
292.0,709.0
802.0,709.0
31.0,709.0
144.0,709.0
954.0,710.0
803.0,710.0
932.0,710.0
476.0,710.0
155.0,710.0
513.0,710.0
948.0,710.0
168.0,710.0
327.0,710.0
740.0,710.0
835.0,710.0
283.0,710.0
877.0,711.0
860.0,711.0
430.0,711.0
665.0,711.0
755.0,711.0
1023.0,711.0
254.0,711.0
122.0,711.0
1031.0,711.0
142.0,711.0
301.0,711.0
243.0,711.0
193.0,712.0
853.0,712.0
775.0,712.0
328.0,712.0
50.0,712.0
380.0,712.0
701.0,712.0
877.0,712.0
117.0,712.0
607.0,712.0
828.0,712.0
508.0,712.0
93.0,713.0
686.0,713.0
472.0,713.0
948.0,713.0
103.0,713.0
789.0,713.0
20.0,713.0
678.0,713.0
47.0,713.0
714.0,713.0
818.0,713.0
34.0,713.0
785.0,714.0
51.0,714.0
393.0,714.0
333.0,714.0
650.0,714.0
631.0,714.0
890.0,714.0
377.0,714.0
346.0,714.0
825.0,714.0
118.0,714.0
849.0,714.0
352.0,715.0
552.0,715.0
17.0,715.0
181.0,715.0
611.0,715.0
146.0,715.0
813.0,715.0
361.0,715.0
790.0,715.0
760.0,715.0
403.0,715.0
88.0,715.0
814.0,716.0
626.0,716.0
656.0,716.0
588.0,716.0
836.0,716.0
144.0,716.0
406.0,716.0
325.0,716.0
676.0,716.0
64.0,716.0
679.0,716.0
712.0,716.0
813.0,717.0
596.0,717.0
874.0,717.0
708.0,717.0
585.0,717.0
902.0,717.0
939.0,717.0
809.0,717.0
210.0,717.0
934.0,717.0
425.0,717.0
336.0,717.0
956.0,718.0
921.0,718.0
42.0,718.0
879.0,718.0
785.0,718.0
745.0,718.0
665.0,718.0
501.0,718.0
353.0,718.0
672.0,718.0
697.0,718.0
545.0,718.0
38.0,719.0
795.0,719.0
235.0,719.0
991.0,719.0
70.0,719.0
292.0,719.0
933.0,719.0
566.0,719.0
4.0,719.0
228.0,719.0
244.0,719.0
525.0,719.0
236.0,720.0
827.0,720.0
797.0,720.0
776.0,720.0
425.0,720.0
86.0,720.0
261.0,720.0
350.0,720.0
184.0,720.0
511.0,720.0
843.0,720.0
641.0,720.0
163.0,721.0
244.0,721.0
695.0,721.0
492.0,721.0
170.0,721.0
565.0,721.0
383.0,721.0
787.0,721.0
111.0,721.0
570.0,721.0
575.0,721.0
651.0,721.0
560.0,722.0
252.0,722.0
400.0,722.0
698.0,722.0
1.0,722.0
587.0,722.0
778.0,722.0
844.0,722.0
694.0,722.0
517.0,722.0
266.0,722.0
418.0,722.0
844.0,723.0
819.0,723.0
598.0,723.0
979.0,723.0
208.0,723.0
291.0,723.0
656.0,723.0
914.0,723.0
332.0,723.0
87.0,723.0
267.0,723.0
16.0,723.0
652.0,724.0
890.0,724.0
975.0,724.0
752.0,724.0
61.0,724.0
931.0,724.0
583.0,724.0
19.0,724.0
298.0,724.0
513.0,724.0
475.0,724.0
281.0,724.0
888.0,725.0
651.0,725.0
214.0,725.0
491.0,725.0
78.0,725.0
611.0,725.0
586.0,725.0
749.0,725.0
630.0,725.0
564.0,725.0
206.0,725.0
309.0,725.0
40.0,726.0
382.0,726.0
54.0,726.0
520.0,726.0
888.0,726.0
880.0,726.0
564.0,726.0
43.0,726.0
946.0,726.0
893.0,726.0
409.0,726.0
664.0,726.0
841.0,727.0
365.0,727.0
430.0,727.0
290.0,727.0
888.0,727.0
632.0,727.0
89.0,727.0
774.0,727.0
6.0,727.0
660.0,727.0
595.0,727.0
941.0,727.0
481.0,728.0
342.0,728.0
931.0,728.0
211.0,728.0
821.0,728.0
404.0,728.0
286.0,728.0
902.0,728.0
431.0,728.0
637.0,728.0
740.0,728.0
565.0,728.0
1031.0,729.0
816.0,729.0
991.0,729.0
206.0,729.0
831.0,729.0
510.0,729.0
990.0,729.0
568.0,729.0
753.0,729.0
323.0,729.0
935.0,729.0
288.0,729.0
674.0,730.0
294.0,730.0
1005.0,730.0
29.0,730.0
118.0,730.0
323.0,730.0
194.0,730.0
105.0,730.0
876.0,730.0
965.0,730.0
610.0,730.0
785.0,730.0
1035.0,731.0
990.0,731.0
22.0,731.0
764.0,731.0
528.0,731.0
1024.0,731.0
919.0,731.0
6.0,731.0
79.0,731.0
172.0,731.0
746.0,731.0
545.0,731.0
292.0,732.0
545.0,732.0
736.0,732.0
916.0,732.0
533.0,732.0
640.0,732.0
642.0,732.0
710.0,732.0
435.0,732.0
335.0,732.0
290.0,732.0
718.0,732.0
82.0,733.0
986.0,733.0
996.0,733.0
992.0,733.0
38.0,733.0
552.0,733.0
78.0,733.0
522.0,733.0
519.0,733.0
430.0,733.0
736.0,733.0
543.0,733.0
544.0,734.0
820.0,734.0
764.0,734.0
949.0,734.0
224.0,734.0
560.0,734.0
847.0,734.0
1007.0,734.0
573.0,734.0
1028.0,734.0
181.0,734.0
736.0,734.0
1027.0,735.0
321.0,735.0
518.0,735.0
813.0,735.0
308.0,735.0
101.0,735.0
837.0,735.0
1004.0,735.0
198.0,735.0
54.0,735.0
930.0,735.0
839.0,735.0
628.0,736.0
27.0,736.0
574.0,736.0
642.0,736.0
286.0,736.0
380.0,736.0
418.0,736.0
578.0,736.0
973.0,736.0
668.0,736.0
1024.0,736.0
112.0,736.0
790.0,737.0
862.0,737.0
479.0,737.0
585.0,737.0
1022.0,737.0
668.0,737.0
119.0,737.0
500.0,737.0
180.0,737.0
69.0,737.0
976.0,737.0
407.0,737.0
698.0,738.0
533.0,738.0
862.0,738.0
361.0,738.0
577.0,738.0
327.0,738.0
815.0,738.0
846.0,738.0
1012.0,738.0
163.0,738.0
187.0,738.0
261.0,738.0
821.0,739.0
104.0,739.0
861.0,739.0
570.0,739.0
853.0,739.0
927.0,739.0
566.0,739.0
767.0,739.0
472.0,739.0
227.0,739.0
157.0,739.0
55.0,739.0
327.0,740.0
87.0,740.0
254.0,740.0
652.0,740.0
308.0,740.0
514.0,740.0
912.0,740.0
538.0,740.0
565.0,740.0
530.0,740.0
352.0,740.0
979.0,740.0
565.0,741.0
780.0,741.0
688.0,741.0
825.0,741.0
246.0,741.0
985.0,741.0
764.0,741.0
96.0,741.0
402.0,741.0
589.0,741.0
863.0,741.0
480.0,741.0
840.0,742.0
292.0,742.0
832.0,742.0
204.0,742.0
1023.0,742.0
1012.0,742.0
678.0,742.0
252.0,742.0
290.0,742.0
770.0,742.0
959.0,742.0
639.0,742.0
581.0,743.0
966.0,743.0
202.0,743.0
651.0,743.0
1008.0,743.0
622.0,743.0
170.0,743.0
698.0,743.0
820.0,743.0
779.0,743.0
734.0,743.0
674.0,743.0
820.0,744.0
921.0,744.0
692.0,744.0
846.0,744.0
283.0,744.0
866.0,744.0
250.0,744.0
360.0,744.0
98.0,744.0
699.0,744.0
894.0,744.0
887.0,744.0
727.0,745.0
419.0,745.0
978.0,745.0
156.0,745.0
160.0,745.0
444.0,745.0
438.0,745.0
258.0,745.0
992.0,745.0
16.0,745.0
995.0,745.0
565.0,745.0
313.0,746.0
620.0,746.0
929.0,746.0
979.0,746.0
331.0,746.0
845.0,746.0
512.0,746.0
1005.0,746.0
117.0,746.0
463.0,746.0
592.0,746.0
1006.0,746.0
107.0,747.0
494.0,747.0
1013.0,747.0
76.0,747.0
366.0,747.0
733.0,747.0
928.0,747.0
182.0,747.0
666.0,747.0
760.0,747.0
785.0,747.0
156.0,747.0
148.0,748.0
130.0,748.0
504.0,748.0
126.0,748.0
98.0,748.0
84.0,748.0
550.0,748.0
553.0,748.0
170.0,748.0
554.0,748.0
440.0,748.0
268.0,748.0
554.0,749.0
1008.0,749.0
513.0,749.0
552.0,749.0
1019.0,749.0
695.0,749.0
944.0,749.0
696.0,749.0
942.0,749.0
172.0,749.0
1009.0,749.0
357.0,749.0
11.0,750.0
381.0,750.0
425.0,750.0
631.0,750.0
292.0,750.0
82.0,750.0
559.0,750.0
406.0,750.0
480.0,750.0
226.0,750.0
645.0,750.0
757.0,750.0
60.0,751.0
901.0,751.0
906.0,751.0
202.0,751.0
633.0,751.0
898.0,751.0
35.0,751.0
783.0,751.0
806.0,751.0
418.0,751.0
219.0,751.0
891.0,751.0
989.0,752.0
385.0,752.0
160.0,752.0
156.0,752.0
569.0,752.0
750.0,752.0
226.0,752.0
116.0,752.0
893.0,752.0
401.0,752.0
450.0,752.0
936.0,752.0
218.0,753.0
683.0,753.0
440.0,753.0
224.0,753.0
60.0,753.0
323.0,753.0
996.0,753.0
860.0,753.0
245.0,753.0
625.0,753.0
623.0,753.0
994.0,753.0
534.0,754.0
4.0,754.0
228.0,754.0
512.0,754.0
70.0,754.0
299.0,754.0
317.0,754.0
1020.0,754.0
662.0,754.0
978.0,754.0
206.0,754.0
874.0,754.0
317.0,755.0
273.0,755.0
286.0,755.0
368.0,755.0
732.0,755.0
565.0,755.0
537.0,755.0
659.0,755.0
781.0,755.0
116.0,755.0
59.0,755.0
824.0,755.0
795.0,756.0
894.0,756.0
556.0,756.0
586.0,756.0
1006.0,756.0
662.0,756.0
422.0,756.0
866.0,756.0
740.0,756.0
941.0,756.0
4.0,756.0
1009.0,756.0
986.0,757.0
362.0,757.0
733.0,757.0
708.0,757.0
263.0,757.0
591.0,757.0
108.0,757.0
854.0,757.0
979.0,757.0
914.0,757.0
721.0,757.0
226.0,757.0
741.0,758.0
824.0,758.0
674.0,758.0
734.0,758.0
707.0,758.0
708.0,758.0
952.0,758.0
369.0,758.0
820.0,758.0
402.0,758.0
1024.0,758.0
272.0,758.0
188.0,759.0
514.0,759.0
683.0,759.0
136.0,759.0
799.0,759.0
231.0,759.0
642.0,759.0
103.0,759.0
563.0,759.0
538.0,759.0
553.0,759.0
954.0,759.0
902.0,760.0
877.0,760.0
832.0,760.0
259.0,760.0
609.0,760.0
0.0,760.0
790.0,760.0
79.0,760.0
24.0,760.0
102.0,760.0
837.0,760.0
299.0,760.0
447.0,761.0
702.0,761.0
402.0,761.0
246.0,761.0
222.0,761.0
569.0,761.0
741.0,761.0
619.0,761.0
848.0,761.0
480.0,761.0
369.0,761.0
830.0,761.0
644.0,762.0
413.0,762.0
518.0,762.0
626.0,762.0
357.0,762.0
624.0,762.0
685.0,762.0
941.0,762.0
988.0,762.0
190.0,762.0
365.0,762.0
1023.0,762.0
237.0,763.0
316.0,763.0
567.0,763.0
338.0,763.0
88.0,763.0
1002.0,763.0
101.0,763.0
850.0,763.0
161.0,763.0
624.0,763.0
611.0,763.0
709.0,763.0
416.0,764.0
261.0,764.0
1030.0,764.0
327.0,764.0
540.0,764.0
294.0,764.0
155.0,764.0
938.0,764.0
1008.0,764.0
1029.0,764.0
546.0,764.0
900.0,764.0
751.0,765.0
637.0,765.0
791.0,765.0
835.0,765.0
462.0,765.0
78.0,765.0
392.0,765.0
978.0,765.0
527.0,765.0
369.0,765.0
438.0,765.0
863.0,765.0
264.0,766.0
627.0,766.0
663.0,766.0
124.0,766.0
506.0,766.0
216.0,766.0
554.0,766.0
58.0,766.0
647.0,766.0
823.0,766.0
99.0,766.0
538.0,766.0
602.0,767.0
97.0,767.0
809.0,767.0
1033.0,767.0
549.0,767.0
38.0,767.0
755.0,767.0
449.0,767.0
379.0,767.0
335.0,767.0
150.0,767.0
829.0,767.0
774.0,768.0
201.0,768.0
403.0,768.0
520.0,768.0
321.0,768.0
669.0,768.0
1026.0,768.0
30.0,768.0
726.0,768.0
716.0,768.0
147.0,768.0
28.0,768.0
463.0,769.0
243.0,769.0
545.0,769.0
326.0,769.0
203.0,769.0
287.0,769.0
956.0,769.0
903.0,769.0
204.0,769.0
632.0,769.0
3.0,769.0
715.0,769.0
989.0,770.0
545.0,770.0
721.0,770.0
166.0,770.0
540.0,770.0
862.0,770.0
280.0,770.0
572.0,770.0
259.0,770.0
299.0,770.0
261.0,770.0
94.0,770.0
113.0,771.0
43.0,771.0
518.0,771.0
439.0,771.0
1002.0,771.0
306.0,771.0
1015.0,771.0
617.0,771.0
768.0,771.0
611.0,771.0
644.0,771.0
510.0,771.0
839.0,772.0
84.0,772.0
905.0,772.0
336.0,772.0
501.0,772.0
560.0,772.0
96.0,772.0
901.0,772.0
692.0,772.0
825.0,772.0
875.0,772.0
931.0,772.0
869.0,773.0
625.0,773.0
253.0,773.0
268.0,773.0
959.0,773.0
470.0,773.0
107.0,773.0
373.0,773.0
327.0,773.0
407.0,773.0
718.0,773.0
748.0,773.0
975.0,774.0
654.0,774.0
857.0,774.0
541.0,774.0
267.0,774.0
912.0,774.0
958.0,774.0
113.0,774.0
641.0,774.0
804.0,774.0
153.0,774.0
370.0,774.0
819.0,775.0
444.0,775.0
911.0,775.0
383.0,775.0
782.0,775.0
268.0,775.0
569.0,775.0
638.0,775.0
215.0,775.0
343.0,775.0
381.0,775.0
656.0,775.0
613.0,776.0
488.0,776.0
957.0,776.0
173.0,776.0
21.0,776.0
588.0,776.0
885.0,776.0
174.0,776.0
136.0,776.0
382.0,776.0
585.0,776.0
649.0,776.0
497.0,777.0
363.0,777.0
130.0,777.0
597.0,777.0
554.0,777.0
964.0,777.0
380.0,777.0
574.0,777.0
874.0,777.0
301.0,777.0
683.0,777.0
598.0,777.0
57.0,778.0
31.0,778.0
208.0,778.0
767.0,778.0
264.0,778.0
404.0,778.0
552.0,778.0
45.0,778.0
42.0,778.0
860.0,778.0
113.0,778.0
441.0,778.0
978.0,779.0
568.0,779.0
578.0,779.0
52.0,779.0
198.0,779.0
70.0,779.0
60.0,779.0
329.0,779.0
864.0,779.0
808.0,779.0
360.0,779.0
698.0,779.0
638.0,780.0
511.0,780.0
13.0,780.0
730.0,780.0
72.0,780.0
424.0,780.0
650.0,780.0
861.0,780.0
674.0,780.0
758.0,780.0
1001.0,780.0
256.0,780.0
615.0,781.0
136.0,781.0
736.0,781.0
718.0,781.0
220.0,781.0
411.0,781.0
533.0,781.0
15.0,781.0
154.0,781.0
45.0,781.0
368.0,781.0
273.0,781.0
723.0,782.0
321.0,782.0
827.0,782.0
641.0,782.0
425.0,782.0
174.0,782.0
510.0,782.0
86.0,782.0
1030.0,782.0
54.0,782.0
526.0,782.0
845.0,782.0
14.0,783.0
806.0,783.0
219.0,783.0
231.0,783.0
891.0,783.0
560.0,783.0
356.0,783.0
223.0,783.0
557.0,783.0
302.0,783.0
434.0,783.0
812.0,783.0
225.0,784.0
110.0,784.0
5.0,784.0
364.0,784.0
742.0,784.0
882.0,784.0
712.0,784.0
474.0,784.0
682.0,784.0
968.0,784.0
969.0,784.0
88.0,784.0
952.0,785.0
919.0,785.0
892.0,785.0
214.0,785.0
47.0,785.0
259.0,785.0
950.0,785.0
758.0,785.0
808.0,785.0
692.0,785.0
806.0,785.0
701.0,785.0
727.0,786.0
755.0,786.0
41.0,786.0
6.0,786.0
630.0,786.0
151.0,786.0
445.0,786.0
19.0,786.0
658.0,786.0
497.0,786.0
888.0,786.0
70.0,786.0
996.0,787.0
952.0,787.0
898.0,787.0
921.0,787.0
933.0,787.0
339.0,787.0
385.0,787.0
252.0,787.0
845.0,787.0
852.0,787.0
420.0,787.0
856.0,787.0
665.0,788.0
9.0,788.0
212.0,788.0
234.0,788.0
621.0,788.0
59.0,788.0
928.0,788.0
218.0,788.0
869.0,788.0
421.0,788.0
893.0,788.0
776.0,788.0
492.0,789.0
634.0,789.0
229.0,789.0
474.0,789.0
915.0,789.0
392.0,789.0
411.0,789.0
556.0,789.0
505.0,789.0
72.0,789.0
889.0,789.0
909.0,789.0
695.0,790.0
204.0,790.0
667.0,790.0
924.0,790.0
938.0,790.0
512.0,790.0
463.0,790.0
801.0,790.0
44.0,790.0
717.0,790.0
967.0,790.0
12.0,790.0
176.0,791.0
199.0,791.0
744.0,791.0
317.0,791.0
12.0,791.0
29.0,791.0
259.0,791.0
334.0,791.0
655.0,791.0
95.0,791.0
796.0,791.0
917.0,791.0
257.0,792.0
502.0,792.0
948.0,792.0
568.0,792.0
732.0,792.0
50.0,792.0
302.0,792.0
392.0,792.0
651.0,792.0
105.0,792.0
472.0,792.0
376.0,792.0
587.0,793.0
917.0,793.0
766.0,793.0
158.0,793.0
168.0,793.0
140.0,793.0
50.0,793.0
647.0,793.0
800.0,793.0
133.0,793.0
476.0,793.0
354.0,793.0
22.0,794.0
536.0,794.0
440.0,794.0
1010.0,794.0
750.0,794.0
379.0,794.0
301.0,794.0
416.0,794.0
897.0,794.0
12.0,794.0
826.0,794.0
369.0,794.0
61.0,795.0
290.0,795.0
9.0,795.0
537.0,795.0
945.0,795.0
269.0,795.0
1035.0,795.0
733.0,795.0
956.0,795.0
481.0,795.0
866.0,795.0
691.0,795.0
458.0,796.0
304.0,796.0
154.0,796.0
440.0,796.0
693.0,796.0
509.0,796.0
316.0,796.0
740.0,796.0
200.0,796.0
145.0,796.0
593.0,796.0
129.0,796.0
203.0,797.0
936.0,797.0
468.0,797.0
774.0,797.0
409.0,797.0
448.0,797.0
417.0,797.0
142.0,797.0
511.0,797.0
336.0,797.0
776.0,797.0
152.0,797.0
121.0,798.0
754.0,798.0
595.0,798.0
498.0,798.0
177.0,798.0
796.0,798.0
930.0,798.0
95.0,798.0
518.0,798.0
565.0,798.0
351.0,798.0
179.0,798.0
942.0,799.0
450.0,799.0
584.0,799.0
226.0,799.0
580.0,799.0
380.0,799.0
48.0,799.0
836.0,799.0
508.0,799.0
261.0,799.0
953.0,799.0
311.0,799.0
21.0,800.0
117.0,800.0
425.0,800.0
325.0,800.0
403.0,800.0
595.0,800.0
769.0,800.0
115.0,800.0
262.0,800.0
613.0,800.0
406.0,800.0
488.0,800.0
426.0,801.0
357.0,801.0
432.0,801.0
822.0,801.0
259.0,801.0
462.0,801.0
334.0,801.0
793.0,801.0
227.0,801.0
1028.0,801.0
818.0,801.0
374.0,801.0
601.0,802.0
306.0,802.0
628.0,802.0
298.0,802.0
110.0,802.0
762.0,802.0
616.0,802.0
95.0,802.0
1026.0,802.0
101.0,802.0
754.0,802.0
726.0,802.0
183.0,803.0
479.0,803.0
592.0,803.0
868.0,803.0
695.0,803.0
740.0,803.0
292.0,803.0
274.0,803.0
208.0,803.0
231.0,803.0
186.0,803.0
581.0,803.0
831.0,804.0
987.0,804.0
91.0,804.0
660.0,804.0
154.0,804.0
126.0,804.0
1034.0,804.0
1004.0,804.0
388.0,804.0
656.0,804.0
748.0,804.0
828.0,804.0
464.0,805.0
6.0,805.0
845.0,805.0
157.0,805.0
662.0,805.0
925.0,805.0
234.0,805.0
902.0,805.0
597.0,805.0
836.0,805.0
332.0,805.0
879.0,805.0
886.0,806.0
324.0,806.0
1028.0,806.0
792.0,806.0
435.0,806.0
294.0,806.0
310.0,806.0
922.0,806.0
44.0,806.0
910.0,806.0
873.0,806.0
817.0,806.0
921.0,807.0
792.0,807.0
1013.0,807.0
865.0,807.0
754.0,807.0
873.0,807.0
442.0,807.0
49.0,807.0
560.0,807.0
969.0,807.0
313.0,807.0
431.0,807.0
165.0,808.0
245.0,808.0
721.0,808.0
696.0,808.0
570.0,808.0
695.0,808.0
191.0,808.0
920.0,808.0
901.0,808.0
697.0,808.0
933.0,808.0
996.0,808.0
486.0,809.0
123.0,809.0
612.0,809.0
637.0,809.0
599.0,809.0
693.0,809.0
870.0,809.0
740.0,809.0
319.0,809.0
354.0,809.0
338.0,809.0
550.0,809.0
900.0,810.0
480.0,810.0
641.0,810.0
788.0,810.0
496.0,810.0
425.0,810.0
13.0,810.0
702.0,810.0
511.0,810.0
535.0,810.0
963.0,810.0
746.0,810.0
225.0,811.0
274.0,811.0
639.0,811.0
767.0,811.0
822.0,811.0
474.0,811.0
1.0,811.0
199.0,811.0
870.0,811.0
725.0,811.0
58.0,811.0
293.0,811.0
108.0,812.0
52.0,812.0
688.0,812.0
256.0,812.0
825.0,812.0
779.0,812.0
932.0,812.0
378.0,812.0
883.0,812.0
900.0,812.0
873.0,812.0
273.0,812.0
102.0,813.0
319.0,813.0
380.0,813.0
54.0,813.0
884.0,813.0
691.0,813.0
56.0,813.0
928.0,813.0
947.0,813.0
867.0,813.0
869.0,813.0
481.0,813.0
786.0,814.0
147.0,814.0
668.0,814.0
860.0,814.0
626.0,814.0
142.0,814.0
869.0,814.0
21.0,814.0
152.0,814.0
745.0,814.0
790.0,814.0
699.0,814.0
1004.0,815.0
123.0,815.0
837.0,815.0
877.0,815.0
566.0,815.0
571.0,815.0
307.0,815.0
637.0,815.0
830.0,815.0
538.0,815.0
360.0,815.0
436.0,815.0
76.0,816.0
935.0,816.0
1001.0,816.0
759.0,816.0
51.0,816.0
682.0,816.0
586.0,816.0
454.0,816.0
673.0,816.0
39.0,816.0
951.0,816.0
534.0,816.0
250.0,817.0
959.0,817.0
39.0,817.0
268.0,817.0
599.0,817.0
548.0,817.0
275.0,817.0
454.0,817.0
414.0,817.0
519.0,817.0
246.0,817.0
687.0,817.0
46.0,818.0
865.0,818.0
600.0,818.0
622.0,818.0
1014.0,818.0
984.0,818.0
312.0,818.0
105.0,818.0
950.0,818.0
547.0,818.0
779.0,818.0
45.0,818.0
826.0,819.0
584.0,819.0
528.0,819.0
281.0,819.0
720.0,819.0
220.0,819.0
879.0,819.0
831.0,819.0
340.0,819.0
16.0,819.0
971.0,819.0
419.0,819.0
565.0,820.0
357.0,820.0
231.0,820.0
919.0,820.0
157.0,820.0
956.0,820.0
1028.0,820.0
367.0,820.0
102.0,820.0
402.0,820.0
874.0,820.0
56.0,820.0
188.0,821.0
748.0,821.0
916.0,821.0
330.0,821.0
869.0,821.0
216.0,821.0
409.0,821.0
538.0,821.0
779.0,821.0
497.0,821.0
586.0,821.0
607.0,821.0
55.0,822.0
939.0,822.0
432.0,822.0
99.0,822.0
25.0,822.0
968.0,822.0
474.0,822.0
446.0,822.0
347.0,822.0
441.0,822.0
735.0,822.0
811.0,822.0
627.0,823.0
922.0,823.0
441.0,823.0
770.0,823.0
166.0,823.0
354.0,823.0
5.0,823.0
274.0,823.0
698.0,823.0
199.0,823.0
264.0,823.0
404.0,823.0
974.0,824.0
907.0,824.0
894.0,824.0
76.0,824.0
218.0,824.0
213.0,824.0
908.0,824.0
428.0,824.0
84.0,824.0
756.0,824.0
465.0,824.0
992.0,824.0
178.0,825.0
758.0,825.0
817.0,825.0
772.0,825.0
1017.0,825.0
908.0,825.0
84.0,825.0
194.0,825.0
33.0,825.0
952.0,825.0
710.0,825.0
36.0,825.0
19.0,826.0
827.0,826.0
862.0,826.0
723.0,826.0
857.0,826.0
745.0,826.0
631.0,826.0
160.0,826.0
683.0,826.0
263.0,826.0
128.0,826.0
343.0,826.0
450.0,827.0
102.0,827.0
750.0,827.0
234.0,827.0
148.0,827.0
580.0,827.0
96.0,827.0
719.0,827.0
919.0,827.0
431.0,827.0
799.0,827.0
854.0,827.0
117.0,828.0
530.0,828.0
742.0,828.0
30.0,828.0
777.0,828.0
725.0,828.0
372.0,828.0
481.0,828.0
146.0,828.0
19.0,828.0
547.0,828.0
298.0,828.0
462.0,829.0
722.0,829.0
309.0,829.0
954.0,829.0
216.0,829.0
396.0,829.0
154.0,829.0
367.0,829.0
822.0,829.0
158.0,829.0
821.0,829.0
400.0,829.0
380.0,830.0
242.0,830.0
331.0,830.0
298.0,830.0
975.0,830.0
970.0,830.0
334.0,830.0
660.0,830.0
415.0,830.0
233.0,830.0
1009.0,830.0
159.0,830.0
752.0,831.0
591.0,831.0
585.0,831.0
723.0,831.0
881.0,831.0
478.0,831.0
598.0,831.0
207.0,831.0
89.0,831.0
998.0,831.0
215.0,831.0
108.0,831.0
95.0,832.0
637.0,832.0
360.0,832.0
531.0,832.0
511.0,832.0
796.0,832.0
708.0,832.0
299.0,832.0
632.0,832.0
769.0,832.0
680.0,832.0
724.0,832.0
61.0,833.0
938.0,833.0
794.0,833.0
213.0,833.0
270.0,833.0
810.0,833.0
666.0,833.0
373.0,833.0
399.0,833.0
519.0,833.0
592.0,833.0
849.0,833.0
79.0,834.0
51.0,834.0
701.0,834.0
992.0,834.0
252.0,834.0
50.0,834.0
58.0,834.0
329.0,834.0
691.0,834.0
101.0,834.0
143.0,834.0
423.0,834.0
494.0,835.0
803.0,835.0
208.0,835.0
309.0,835.0
923.0,835.0
577.0,835.0
130.0,835.0
624.0,835.0
344.0,835.0
711.0,835.0
414.0,835.0
35.0,835.0
829.0,836.0
809.0,836.0
581.0,836.0
492.0,836.0
467.0,836.0
50.0,836.0
778.0,836.0
527.0,836.0
652.0,836.0
877.0,836.0
94.0,836.0
924.0,836.0
946.0,837.0
494.0,837.0
79.0,837.0
912.0,837.0
24.0,837.0
217.0,837.0
512.0,837.0
107.0,837.0
143.0,837.0
707.0,837.0
759.0,837.0
301.0,837.0
881.0,838.0
339.0,838.0
322.0,838.0
815.0,838.0
123.0,838.0
609.0,838.0
1019.0,838.0
227.0,838.0
743.0,838.0
167.0,838.0
787.0,838.0
155.0,838.0
54.0,839.0
721.0,839.0
754.0,839.0
728.0,839.0
431.0,839.0
493.0,839.0
665.0,839.0
592.0,839.0
414.0,839.0
179.0,839.0
867.0,839.0
979.0,839.0
982.0,840.0
51.0,840.0
988.0,840.0
524.0,840.0
436.0,840.0
746.0,840.0
651.0,840.0
683.0,840.0
472.0,840.0
829.0,840.0
231.0,840.0
818.0,840.0
842.0,841.0
669.0,841.0
372.0,841.0
719.0,841.0
771.0,841.0
413.0,841.0
445.0,841.0
321.0,841.0
644.0,841.0
685.0,841.0
595.0,841.0
348.0,841.0
142.0,842.0
857.0,842.0
947.0,842.0
405.0,842.0
163.0,842.0
992.0,842.0
477.0,842.0
1019.0,842.0
434.0,842.0
156.0,842.0
438.0,842.0
328.0,842.0
497.0,843.0
228.0,843.0
144.0,843.0
826.0,843.0
305.0,843.0
236.0,843.0
190.0,843.0
311.0,843.0
362.0,843.0
86.0,843.0
380.0,843.0
406.0,843.0
769.0,844.0
220.0,844.0
856.0,844.0
191.0,844.0
961.0,844.0
159.0,844.0
276.0,844.0
853.0,844.0
706.0,844.0
564.0,844.0
445.0,844.0
154.0,844.0
12.0,845.0
701.0,845.0
179.0,845.0
745.0,845.0
20.0,845.0
554.0,845.0
123.0,845.0
1004.0,845.0
625.0,845.0
570.0,845.0
970.0,845.0
304.0,845.0
972.0,846.0
820.0,846.0
220.0,846.0
900.0,846.0
346.0,846.0
193.0,846.0
907.0,846.0
994.0,846.0
1025.0,846.0
799.0,846.0
928.0,846.0
463.0,846.0
455.0,847.0
370.0,847.0
218.0,847.0
75.0,847.0
24.0,847.0
66.0,847.0
530.0,847.0
226.0,847.0
254.0,847.0
475.0,847.0
586.0,847.0
850.0,847.0
1016.0,848.0
825.0,848.0
952.0,848.0
531.0,848.0
226.0,848.0
169.0,848.0
533.0,848.0
960.0,848.0
384.0,848.0
928.0,848.0
758.0,848.0
84.0,848.0
530.0,849.0
289.0,849.0
682.0,849.0
1018.0,849.0
858.0,849.0
816.0,849.0
340.0,849.0
940.0,849.0
920.0,849.0
818.0,849.0
634.0,849.0
266.0,849.0
896.0,850.0
403.0,850.0
358.0,850.0
153.0,850.0
209.0,850.0
923.0,850.0
456.0,850.0
4.0,850.0
193.0,850.0
630.0,850.0
711.0,850.0
684.0,850.0
124.0,851.0
489.0,851.0
94.0,851.0
49.0,851.0
186.0,851.0
302.0,851.0
472.0,851.0
195.0,851.0
635.0,851.0
505.0,851.0
891.0,851.0
704.0,851.0
857.0,852.0
42.0,852.0
770.0,852.0
162.0,852.0
67.0,852.0
431.0,852.0
721.0,852.0
307.0,852.0
15.0,852.0
374.0,852.0
972.0,852.0
504.0,852.0
473.0,853.0
29.0,853.0
608.0,853.0
367.0,853.0
699.0,853.0
539.0,853.0
964.0,853.0
821.0,853.0
107.0,853.0
743.0,853.0
59.0,853.0
989.0,853.0
537.0,854.0
285.0,854.0
893.0,854.0
646.0,854.0
263.0,854.0
535.0,854.0
986.0,854.0
165.0,854.0
998.0,854.0
136.0,854.0
981.0,854.0
826.0,854.0
413.0,855.0
113.0,855.0
579.0,855.0
924.0,855.0
452.0,855.0
852.0,855.0
10.0,855.0
190.0,855.0
380.0,855.0
461.0,855.0
325.0,855.0
397.0,855.0
430.0,856.0
718.0,856.0
687.0,856.0
231.0,856.0
126.0,856.0
530.0,856.0
107.0,856.0
193.0,856.0
895.0,856.0
877.0,856.0
806.0,856.0
609.0,856.0
484.0,857.0
528.0,857.0
381.0,857.0
397.0,857.0
421.0,857.0
960.0,857.0
737.0,857.0
615.0,857.0
128.0,857.0
847.0,857.0
731.0,857.0
1022.0,857.0
1005.0,858.0
741.0,858.0
712.0,858.0
780.0,858.0
633.0,858.0
951.0,858.0
702.0,858.0
13.0,858.0
447.0,858.0
383.0,858.0
74.0,858.0
876.0,858.0
452.0,859.0
663.0,859.0
593.0,859.0
1021.0,859.0
293.0,859.0
284.0,859.0
823.0,859.0
778.0,859.0
474.0,859.0
765.0,859.0
253.0,859.0
420.0,859.0
877.0,860.0
687.0,860.0
603.0,860.0
409.0,860.0
215.0,860.0
491.0,860.0
711.0,860.0
896.0,860.0
82.0,860.0
523.0,860.0
326.0,860.0
971.0,860.0
805.0,861.0
608.0,861.0
560.0,861.0
55.0,861.0
636.0,861.0
730.0,861.0
731.0,861.0
701.0,861.0
70.0,861.0
970.0,861.0
273.0,861.0
95.0,861.0
1003.0,862.0
597.0,862.0
54.0,862.0
541.0,862.0
61.0,862.0
889.0,862.0
769.0,862.0
760.0,862.0
556.0,862.0
924.0,862.0
1016.0,862.0
708.0,862.0
449.0,863.0
596.0,863.0
553.0,863.0
945.0,863.0
701.0,863.0
1016.0,863.0
927.0,863.0
773.0,863.0
75.0,863.0
360.0,863.0
853.0,863.0
310.0,863.0
72.0,864.0
722.0,864.0
211.0,864.0
517.0,864.0
600.0,864.0
396.0,864.0
898.0,864.0
516.0,864.0
344.0,864.0
508.0,864.0
891.0,864.0
527.0,864.0
15.0,865.0
825.0,865.0
329.0,865.0
224.0,865.0
993.0,865.0
205.0,865.0
539.0,865.0
374.0,865.0
647.0,865.0
292.0,865.0
715.0,865.0
497.0,865.0
331.0,866.0
228.0,866.0
1025.0,866.0
959.0,866.0
150.0,866.0
427.0,866.0
759.0,866.0
744.0,866.0
193.0,866.0
560.0,866.0
121.0,866.0
188.0,866.0
1004.0,867.0
102.0,867.0
658.0,867.0
243.0,867.0
744.0,867.0
408.0,867.0
967.0,867.0
1000.0,867.0
269.0,867.0
681.0,867.0
821.0,867.0
699.0,867.0
150.0,868.0
41.0,868.0
640.0,868.0
887.0,868.0
313.0,868.0
1011.0,868.0
296.0,868.0
235.0,868.0
208.0,868.0
165.0,868.0
241.0,868.0
467.0,868.0
945.0,869.0
847.0,869.0
539.0,869.0
1012.0,869.0
296.0,869.0
637.0,869.0
769.0,869.0
239.0,869.0
665.0,869.0
887.0,869.0
842.0,869.0
1000.0,869.0
999.0,870.0
917.0,870.0
1021.0,870.0
284.0,870.0
627.0,870.0
954.0,870.0
316.0,870.0
542.0,870.0
85.0,870.0
579.0,870.0
57.0,870.0
198.0,870.0
293.0,871.0
198.0,871.0
386.0,871.0
335.0,871.0
158.0,871.0
568.0,871.0
309.0,871.0
972.0,871.0
663.0,871.0
721.0,871.0
110.0,871.0
767.0,871.0
121.0,872.0
341.0,872.0
264.0,872.0
240.0,872.0
490.0,872.0
394.0,872.0
503.0,872.0
351.0,872.0
1014.0,872.0
101.0,872.0
762.0,872.0
781.0,872.0
77.0,873.0
191.0,873.0
665.0,873.0
360.0,873.0
525.0,873.0
227.0,873.0
366.0,873.0
489.0,873.0
300.0,873.0
807.0,873.0
598.0,873.0
135.0,873.0
208.0,874.0
367.0,874.0
98.0,874.0
894.0,874.0
687.0,874.0
115.0,874.0
546.0,874.0
359.0,874.0
1009.0,874.0
159.0,874.0
884.0,874.0
107.0,874.0
623.0,875.0
409.0,875.0
648.0,875.0
420.0,875.0
776.0,875.0
533.0,875.0
897.0,875.0
687.0,875.0
985.0,875.0
575.0,875.0
867.0,875.0
592.0,875.0
636.0,876.0
849.0,876.0
965.0,876.0
98.0,876.0
886.0,876.0
381.0,876.0
496.0,876.0
464.0,876.0
391.0,876.0
943.0,876.0
747.0,876.0
265.0,876.0
121.0,877.0
439.0,877.0
989.0,877.0
668.0,877.0
159.0,877.0
869.0,877.0
1019.0,877.0
445.0,877.0
242.0,877.0
976.0,877.0
370.0,877.0
556.0,877.0
735.0,878.0
1026.0,878.0
654.0,878.0
490.0,878.0
413.0,878.0
65.0,878.0
1003.0,878.0
868.0,878.0
1000.0,878.0
493.0,878.0
129.0,878.0
939.0,878.0
664.0,879.0
665.0,879.0
132.0,879.0
522.0,879.0
924.0,879.0
697.0,879.0
377.0,879.0
123.0,879.0
155.0,879.0
853.0,879.0
832.0,879.0
279.0,879.0
828.0,880.0
969.0,880.0
182.0,880.0
308.0,880.0
28.0,880.0
712.0,880.0
341.0,880.0
3.0,880.0
1016.0,880.0
903.0,880.0
1023.0,880.0
992.0,880.0
670.0,881.0
22.0,881.0
965.0,881.0
169.0,881.0
507.0,881.0
16.0,881.0
1006.0,881.0
883.0,881.0
265.0,881.0
733.0,881.0
442.0,881.0
155.0,881.0
431.0,882.0
78.0,882.0
34.0,882.0
820.0,882.0
647.0,882.0
404.0,882.0
56.0,882.0
244.0,882.0
939.0,882.0
968.0,882.0
602.0,882.0
784.0,882.0
51.0,883.0
156.0,883.0
479.0,883.0
950.0,883.0
367.0,883.0
1035.0,883.0
890.0,883.0
221.0,883.0
838.0,883.0
926.0,883.0
974.0,883.0
554.0,883.0
674.0,884.0
914.0,884.0
540.0,884.0
707.0,884.0
15.0,884.0
1004.0,884.0
512.0,884.0
254.0,884.0
79.0,884.0
583.0,884.0
423.0,884.0
156.0,884.0
720.0,885.0
477.0,885.0
957.0,885.0
776.0,885.0
350.0,885.0
613.0,885.0
40.0,885.0
375.0,885.0
981.0,885.0
359.0,885.0
348.0,885.0
956.0,885.0
677.0,886.0
638.0,886.0
1010.0,886.0
566.0,886.0
366.0,886.0
973.0,886.0
697.0,886.0
271.0,886.0
557.0,886.0
35.0,886.0
95.0,886.0
837.0,886.0
38.0,887.0
533.0,887.0
307.0,887.0
860.0,887.0
442.0,887.0
501.0,887.0
558.0,887.0
242.0,887.0
336.0,887.0
640.0,887.0
1013.0,887.0
959.0,887.0
931.0,888.0
803.0,888.0
131.0,888.0
762.0,888.0
601.0,888.0
269.0,888.0
878.0,888.0
850.0,888.0
964.0,888.0
725.0,888.0
466.0,888.0
828.0,888.0
411.0,889.0
845.0,889.0
737.0,889.0
243.0,889.0
945.0,889.0
75.0,889.0
620.0,889.0
755.0,889.0
764.0,889.0
449.0,889.0
541.0,889.0
266.0,889.0
860.0,890.0
580.0,890.0
276.0,890.0
732.0,890.0
712.0,890.0
825.0,890.0
286.0,890.0
75.0,890.0
640.0,890.0
445.0,890.0
659.0,890.0
604.0,890.0
950.0,891.0
14.0,891.0
502.0,891.0
861.0,891.0
703.0,891.0
333.0,891.0
932.0,891.0
544.0,891.0
454.0,891.0
277.0,891.0
792.0,891.0
223.0,891.0
19.0,892.0
168.0,892.0
61.0,892.0
10.0,892.0
159.0,892.0
421.0,892.0
180.0,892.0
615.0,892.0
102.0,892.0
995.0,892.0
576.0,892.0
190.0,892.0
931.0,893.0
979.0,893.0
776.0,893.0
971.0,893.0
826.0,893.0
388.0,893.0
263.0,893.0
350.0,893.0
470.0,893.0
526.0,893.0
475.0,893.0
9.0,893.0
563.0,894.0
307.0,894.0
884.0,894.0
846.0,894.0
20.0,894.0
919.0,894.0
1008.0,894.0
973.0,894.0
371.0,894.0
67.0,894.0
148.0,894.0
156.0,894.0
490.0,895.0
924.0,895.0
948.0,895.0
1029.0,895.0
438.0,895.0
214.0,895.0
28.0,895.0
493.0,895.0
552.0,895.0
491.0,895.0
1008.0,895.0
609.0,895.0
887.0,896.0
924.0,896.0
539.0,896.0
630.0,896.0
161.0,896.0
895.0,896.0
406.0,896.0
253.0,896.0
596.0,896.0
101.0,896.0
102.0,896.0
449.0,896.0
295.0,897.0
1005.0,897.0
922.0,897.0
460.0,897.0
238.0,897.0
937.0,897.0
591.0,897.0
569.0,897.0
645.0,897.0
879.0,897.0
614.0,897.0
463.0,897.0
504.0,898.0
453.0,898.0
49.0,898.0
906.0,898.0
635.0,898.0
677.0,898.0
377.0,898.0
171.0,898.0
283.0,898.0
789.0,898.0
724.0,898.0
502.0,898.0
54.0,899.0
740.0,899.0
814.0,899.0
842.0,899.0
6.0,899.0
697.0,899.0
311.0,899.0
923.0,899.0
571.0,899.0
800.0,899.0
139.0,899.0
564.0,899.0
169.0,900.0
363.0,900.0
952.0,900.0
970.0,900.0
980.0,900.0
408.0,900.0
497.0,900.0
405.0,900.0
684.0,900.0
128.0,900.0
167.0,900.0
975.0,900.0
260.0,901.0
920.0,901.0
136.0,901.0
806.0,901.0
942.0,901.0
371.0,901.0
935.0,901.0
337.0,901.0
847.0,901.0
891.0,901.0
366.0,901.0
1028.0,901.0
193.0,902.0
1027.0,902.0
54.0,902.0
863.0,902.0
942.0,902.0
431.0,902.0
102.0,902.0
760.0,902.0
248.0,902.0
61.0,902.0
176.0,902.0
470.0,902.0
976.0,903.0
1012.0,903.0
308.0,903.0
583.0,903.0
123.0,903.0
126.0,903.0
342.0,903.0
111.0,903.0
193.0,903.0
808.0,903.0
798.0,903.0
414.0,903.0
924.0,904.0
249.0,904.0
868.0,904.0
859.0,904.0
601.0,904.0
88.0,904.0
240.0,904.0
958.0,904.0
632.0,904.0
62.0,904.0
101.0,904.0
467.0,904.0
436.0,905.0
377.0,905.0
313.0,905.0
435.0,905.0
753.0,905.0
411.0,905.0
514.0,905.0
98.0,905.0
581.0,905.0
483.0,905.0
356.0,905.0
130.0,905.0
20.0,906.0
118.0,906.0
165.0,906.0
203.0,906.0
428.0,906.0
734.0,906.0
83.0,906.0
873.0,906.0
280.0,906.0
949.0,906.0
546.0,906.0
455.0,906.0
42.0,907.0
71.0,907.0
607.0,907.0
955.0,907.0
764.0,907.0
753.0,907.0
292.0,907.0
414.0,907.0
856.0,907.0
853.0,907.0
835.0,907.0
550.0,907.0
251.0,908.0
385.0,908.0
875.0,908.0
958.0,908.0
224.0,908.0
84.0,908.0
56.0,908.0
758.0,908.0
772.0,908.0
816.0,908.0
107.0,908.0
9.0,908.0
18.0,909.0
821.0,909.0
34.0,909.0
993.0,909.0
255.0,909.0
789.0,909.0
404.0,909.0
334.0,909.0
505.0,909.0
429.0,909.0
820.0,909.0
635.0,909.0
15.0,910.0
738.0,910.0
454.0,910.0
76.0,910.0
420.0,910.0
295.0,910.0
633.0,910.0
783.0,910.0
312.0,910.0
610.0,910.0
582.0,910.0
265.0,910.0
269.0,911.0
287.0,911.0
729.0,911.0
684.0,911.0
757.0,911.0
236.0,911.0
940.0,911.0
90.0,911.0
785.0,911.0
833.0,911.0
922.0,911.0
444.0,911.0
261.0,912.0
540.0,912.0
926.0,912.0
479.0,912.0
1020.0,912.0
662.0,912.0
111.0,912.0
781.0,912.0
921.0,912.0
523.0,912.0
335.0,912.0
765.0,912.0
290.0,913.0
907.0,913.0
787.0,913.0
908.0,913.0
994.0,913.0
942.0,913.0
989.0,913.0
744.0,913.0
877.0,913.0
835.0,913.0
23.0,913.0
731.0,913.0
493.0,914.0
494.0,914.0
827.0,914.0
752.0,914.0
267.0,914.0
545.0,914.0
478.0,914.0
234.0,914.0
183.0,914.0
342.0,914.0
1004.0,914.0
203.0,914.0
471.0,915.0
457.0,915.0
34.0,915.0
711.0,915.0
703.0,915.0
600.0,915.0
547.0,915.0
112.0,915.0
14.0,915.0
195.0,915.0
392.0,915.0
873.0,915.0
736.0,916.0
575.0,916.0
446.0,916.0
269.0,916.0
50.0,916.0
318.0,916.0
894.0,916.0
898.0,916.0
243.0,916.0
328.0,916.0
299.0,916.0
265.0,916.0
255.0,917.0
110.0,917.0
836.0,917.0
437.0,917.0
1021.0,917.0
793.0,917.0
694.0,917.0
784.0,917.0
322.0,917.0
866.0,917.0
527.0,917.0
840.0,917.0
667.0,918.0
821.0,918.0
182.0,918.0
63.0,918.0
110.0,918.0
439.0,918.0
509.0,918.0
209.0,918.0
230.0,918.0
474.0,918.0
491.0,918.0
354.0,918.0
670.0,919.0
385.0,919.0
1008.0,919.0
907.0,919.0
29.0,919.0
711.0,919.0
862.0,919.0
254.0,919.0
928.0,919.0
149.0,919.0
67.0,919.0
258.0,919.0
502.0,920.0
741.0,920.0
103.0,920.0
523.0,920.0
525.0,920.0
380.0,920.0
873.0,920.0
541.0,920.0
503.0,920.0
894.0,920.0
482.0,920.0
519.0,920.0
583.0,921.0
191.0,921.0
701.0,921.0
657.0,921.0
777.0,921.0
87.0,921.0
1019.0,921.0
95.0,921.0
721.0,921.0
1030.0,921.0
235.0,921.0
424.0,921.0
687.0,922.0
336.0,922.0
942.0,922.0
581.0,922.0
815.0,922.0
287.0,922.0
895.0,922.0
59.0,922.0
683.0,922.0
728.0,922.0
1025.0,922.0
533.0,922.0
32.0,923.0
330.0,923.0
991.0,923.0
512.0,923.0
981.0,923.0
168.0,923.0
708.0,923.0
979.0,923.0
903.0,923.0
244.0,923.0
659.0,923.0
431.0,923.0
261.0,924.0
90.0,924.0
708.0,924.0
699.0,924.0
748.0,924.0
533.0,924.0
296.0,924.0
388.0,924.0
157.0,924.0
484.0,924.0
176.0,924.0
79.0,924.0
206.0,925.0
565.0,925.0
683.0,925.0
266.0,925.0
969.0,925.0
732.0,925.0
166.0,925.0
369.0,925.0
1004.0,925.0
417.0,925.0
15.0,925.0
820.0,925.0
726.0,926.0
890.0,926.0
856.0,926.0
1014.0,926.0
907.0,926.0
287.0,926.0
754.0,926.0
243.0,926.0
359.0,926.0
894.0,926.0
1007.0,926.0
449.0,926.0
484.0,927.0
867.0,927.0
845.0,927.0
252.0,927.0
264.0,927.0
104.0,927.0
506.0,927.0
296.0,927.0
770.0,927.0
298.0,927.0
736.0,927.0
552.0,927.0
445.0,928.0
12.0,928.0
594.0,928.0
214.0,928.0
70.0,928.0
592.0,928.0
98.0,928.0
744.0,928.0
464.0,928.0
504.0,928.0
861.0,928.0
22.0,928.0
640.0,929.0
61.0,929.0
684.0,929.0
327.0,929.0
531.0,929.0
952.0,929.0
711.0,929.0
638.0,929.0
231.0,929.0
149.0,929.0
369.0,929.0
178.0,929.0
904.0,930.0
221.0,930.0
121.0,930.0
859.0,930.0
567.0,930.0
100.0,930.0
31.0,930.0
309.0,930.0
999.0,930.0
461.0,930.0
286.0,930.0
505.0,930.0
169.0,931.0
755.0,931.0
434.0,931.0
369.0,931.0
986.0,931.0
1016.0,931.0
374.0,931.0
66.0,931.0
552.0,931.0
307.0,931.0
126.0,931.0
299.0,931.0
664.0,932.0
924.0,932.0
442.0,932.0
196.0,932.0
525.0,932.0
566.0,932.0
13.0,932.0
245.0,932.0
206.0,932.0
212.0,932.0
479.0,932.0
149.0,932.0
78.0,933.0
832.0,933.0
470.0,933.0
740.0,933.0
243.0,933.0
655.0,933.0
15.0,933.0
231.0,933.0
460.0,933.0
210.0,933.0
622.0,933.0
989.0,933.0
999.0,934.0
352.0,934.0
719.0,934.0
182.0,934.0
431.0,934.0
605.0,934.0
548.0,934.0
542.0,934.0
214.0,934.0
497.0,934.0
252.0,934.0
941.0,934.0
952.0,935.0
77.0,935.0
913.0,935.0
984.0,935.0
856.0,935.0
279.0,935.0
775.0,935.0
344.0,935.0
7.0,935.0
373.0,935.0
301.0,935.0
69.0,935.0
106.0,936.0
127.0,936.0
776.0,936.0
281.0,936.0
844.0,936.0
238.0,936.0
914.0,936.0
938.0,936.0
64.0,936.0
291.0,936.0
723.0,936.0
613.0,936.0
943.0,937.0
621.0,937.0
402.0,937.0
876.0,937.0
691.0,937.0
300.0,937.0
455.0,937.0
23.0,937.0
764.0,937.0
848.0,937.0
631.0,937.0
170.0,937.0
507.0,938.0
992.0,938.0
176.0,938.0
0.0,938.0
1009.0,938.0
126.0,938.0
235.0,938.0
366.0,938.0
723.0,938.0
136.0,938.0
546.0,938.0
553.0,938.0
436.0,939.0
390.0,939.0
847.0,939.0
504.0,939.0
862.0,939.0
765.0,939.0
527.0,939.0
991.0,939.0
934.0,939.0
51.0,939.0
442.0,939.0
394.0,939.0
170.0,940.0
536.0,940.0
410.0,940.0
207.0,940.0
399.0,940.0
443.0,940.0
395.0,940.0
844.0,940.0
746.0,940.0
419.0,940.0
788.0,940.0
710.0,940.0
1011.0,941.0
892.0,941.0
461.0,941.0
66.0,941.0
130.0,941.0
629.0,941.0
368.0,941.0
204.0,941.0
203.0,941.0
651.0,941.0
867.0,941.0
177.0,941.0
565.0,942.0
235.0,942.0
1019.0,942.0
220.0,942.0
558.0,942.0
848.0,942.0
15.0,942.0
629.0,942.0
1002.0,942.0
612.0,942.0
1006.0,942.0
69.0,942.0
212.0,943.0
487.0,943.0
434.0,943.0
32.0,943.0
339.0,943.0
465.0,943.0
243.0,943.0
986.0,943.0
384.0,943.0
419.0,943.0
421.0,943.0
786.0,943.0
522.0,944.0
210.0,944.0
79.0,944.0
1000.0,944.0
462.0,944.0
671.0,944.0
975.0,944.0
491.0,944.0
299.0,944.0
612.0,944.0
609.0,944.0
557.0,944.0
55.0,945.0
123.0,945.0
554.0,945.0
623.0,945.0
281.0,945.0
159.0,945.0
356.0,945.0
866.0,945.0
308.0,945.0
226.0,945.0
283.0,945.0
902.0,945.0
658.0,946.0
821.0,946.0
805.0,946.0
235.0,946.0
588.0,946.0
261.0,946.0
712.0,946.0
828.0,946.0
718.0,946.0
745.0,946.0
42.0,946.0
633.0,946.0
67.0,947.0
881.0,947.0
608.0,947.0
828.0,947.0
201.0,947.0
479.0,947.0
160.0,947.0
855.0,947.0
3.0,947.0
281.0,947.0
724.0,947.0
782.0,947.0
163.0,948.0
334.0,948.0
557.0,948.0
331.0,948.0
47.0,948.0
193.0,948.0
159.0,948.0
958.0,948.0
902.0,948.0
765.0,948.0
1025.0,948.0
846.0,948.0
417.0,949.0
695.0,949.0
172.0,949.0
502.0,949.0
805.0,949.0
408.0,949.0
342.0,949.0
851.0,949.0
74.0,949.0
1027.0,949.0
323.0,949.0
1017.0,949.0
984.0,950.0
163.0,950.0
494.0,950.0
368.0,950.0
563.0,950.0
9.0,950.0
838.0,950.0
655.0,950.0
438.0,950.0
742.0,950.0
779.0,950.0
505.0,950.0
673.0,951.0
289.0,951.0
275.0,951.0
847.0,951.0
183.0,951.0
825.0,951.0
758.0,951.0
650.0,951.0
1028.0,951.0
37.0,951.0
638.0,951.0
272.0,951.0
84.0,952.0
268.0,952.0
75.0,952.0
98.0,952.0
189.0,952.0
638.0,952.0
41.0,952.0
74.0,952.0
170.0,952.0
965.0,952.0
729.0,952.0
665.0,952.0
828.0,953.0
254.0,953.0
753.0,953.0
116.0,953.0
387.0,953.0
215.0,953.0
827.0,953.0
317.0,953.0
218.0,953.0
724.0,953.0
1006.0,953.0
794.0,953.0
769.0,954.0
151.0,954.0
307.0,954.0
856.0,954.0
874.0,954.0
146.0,954.0
991.0,954.0
803.0,954.0
640.0,954.0
334.0,954.0
925.0,954.0
12.0,954.0
586.0,955.0
713.0,955.0
59.0,955.0
326.0,955.0
30.0,955.0
42.0,955.0
313.0,955.0
360.0,955.0
22.0,955.0
397.0,955.0
708.0,955.0
192.0,955.0
235.0,956.0
809.0,956.0
361.0,956.0
226.0,956.0
523.0,956.0
989.0,956.0
417.0,956.0
782.0,956.0
660.0,956.0
737.0,956.0
701.0,956.0
744.0,956.0
448.0,957.0
320.0,957.0
358.0,957.0
297.0,957.0
305.0,957.0
180.0,957.0
6.0,957.0
897.0,957.0
262.0,957.0
669.0,957.0
943.0,957.0
156.0,957.0
101.0,958.0
497.0,958.0
583.0,958.0
71.0,958.0
539.0,958.0
1031.0,958.0
54.0,958.0
328.0,958.0
988.0,958.0
388.0,958.0
736.0,958.0
540.0,958.0
360.0,959.0
601.0,959.0
552.0,959.0
254.0,959.0
695.0,959.0
169.0,959.0
482.0,959.0
609.0,959.0
1011.0,959.0
571.0,959.0
779.0,959.0
292.0,959.0
478.0,960.0
125.0,960.0
251.0,960.0
384.0,960.0
455.0,960.0
464.0,960.0
794.0,960.0
952.0,960.0
890.0,960.0
119.0,960.0
11.0,960.0
561.0,960.0
299.0,961.0
944.0,961.0
834.0,961.0
809.0,961.0
844.0,961.0
701.0,961.0
467.0,961.0
609.0,961.0
386.0,961.0
815.0,961.0
959.0,961.0
856.0,961.0
577.0,962.0
463.0,962.0
589.0,962.0
523.0,962.0
267.0,962.0
268.0,962.0
501.0,962.0
258.0,962.0
127.0,962.0
355.0,962.0
126.0,962.0
56.0,962.0
772.0,963.0
273.0,963.0
914.0,963.0
911.0,963.0
19.0,963.0
897.0,963.0
203.0,963.0
971.0,963.0
156.0,963.0
90.0,963.0
247.0,963.0
173.0,963.0
368.0,964.0
411.0,964.0
310.0,964.0
66.0,964.0
583.0,964.0
221.0,964.0
127.0,964.0
868.0,964.0
571.0,964.0
1019.0,964.0
159.0,964.0
1008.0,964.0
589.0,965.0
344.0,965.0
997.0,965.0
434.0,965.0
757.0,965.0
172.0,965.0
440.0,965.0
749.0,965.0
276.0,965.0
876.0,965.0
310.0,965.0
758.0,965.0
1011.0,966.0
232.0,966.0
624.0,966.0
809.0,966.0
685.0,966.0
725.0,966.0
1003.0,966.0
466.0,966.0
240.0,966.0
414.0,966.0
456.0,966.0
467.0,966.0
638.0,967.0
1020.0,967.0
798.0,967.0
837.0,967.0
608.0,967.0
27.0,967.0
979.0,967.0
212.0,967.0
290.0,967.0
754.0,967.0
15.0,967.0
554.0,967.0
811.0,968.0
1.0,968.0
863.0,968.0
572.0,968.0
345.0,968.0
692.0,968.0
1033.0,968.0
740.0,968.0
162.0,968.0
871.0,968.0
485.0,968.0
728.0,968.0
530.0,969.0
928.0,969.0
380.0,969.0
861.0,969.0
889.0,969.0
778.0,969.0
457.0,969.0
678.0,969.0
927.0,969.0
732.0,969.0
411.0,969.0
552.0,969.0
586.0,970.0
598.0,970.0
513.0,970.0
313.0,970.0
154.0,970.0
242.0,970.0
889.0,970.0
781.0,970.0
713.0,970.0
296.0,970.0
9.0,970.0
371.0,970.0
553.0,971.0
23.0,971.0
543.0,971.0
256.0,971.0
1005.0,971.0
55.0,971.0
723.0,971.0
665.0,971.0
973.0,971.0
352.0,971.0
565.0,971.0
524.0,971.0
418.0,972.0
38.0,972.0
225.0,972.0
927.0,972.0
30.0,972.0
474.0,972.0
1021.0,972.0
829.0,972.0
652.0,972.0
860.0,972.0
531.0,972.0
233.0,972.0
890.0,973.0
463.0,973.0
466.0,973.0
662.0,973.0
733.0,973.0
286.0,973.0
974.0,973.0
30.0,973.0
571.0,973.0
599.0,973.0
927.0,973.0
556.0,973.0
971.0,974.0
645.0,974.0
127.0,974.0
819.0,974.0
815.0,974.0
563.0,974.0
594.0,974.0
578.0,974.0
515.0,974.0
849.0,974.0
883.0,974.0
270.0,974.0
989.0,975.0
589.0,975.0
515.0,975.0
836.0,975.0
17.0,975.0
923.0,975.0
678.0,975.0
68.0,975.0
573.0,975.0
188.0,975.0
267.0,975.0
790.0,975.0
361.0,976.0
949.0,976.0
491.0,976.0
964.0,976.0
923.0,976.0
828.0,976.0
965.0,976.0
445.0,976.0
83.0,976.0
149.0,976.0
160.0,976.0
342.0,976.0
50.0,977.0
416.0,977.0
651.0,977.0
543.0,977.0
513.0,977.0
27.0,977.0
456.0,977.0
371.0,977.0
777.0,977.0
231.0,977.0
498.0,977.0
322.0,977.0
414.0,978.0
667.0,978.0
819.0,978.0
510.0,978.0
895.0,978.0
168.0,978.0
473.0,978.0
996.0,978.0
501.0,978.0
603.0,978.0
583.0,978.0
165.0,978.0
658.0,979.0
900.0,979.0
574.0,979.0
310.0,979.0
51.0,979.0
926.0,979.0
537.0,979.0
385.0,979.0
359.0,979.0
445.0,979.0
207.0,979.0
330.0,979.0
958.0,980.0
125.0,980.0
524.0,980.0
313.0,980.0
762.0,980.0
687.0,980.0
537.0,980.0
311.0,980.0
334.0,980.0
19.0,980.0
477.0,980.0
470.0,980.0
656.0,981.0
526.0,981.0
603.0,981.0
890.0,981.0
531.0,981.0
511.0,981.0
412.0,981.0
893.0,981.0
622.0,981.0
160.0,981.0
980.0,981.0
777.0,981.0
818.0,982.0
505.0,982.0
8.0,982.0
635.0,982.0
895.0,982.0
864.0,982.0
836.0,982.0
861.0,982.0
290.0,982.0
793.0,982.0
701.0,982.0
166.0,982.0
77.0,983.0
910.0,983.0
371.0,983.0
909.0,983.0
268.0,983.0
265.0,983.0
27.0,983.0
105.0,983.0
1001.0,983.0
33.0,983.0
272.0,983.0
891.0,983.0
905.0,984.0
678.0,984.0
973.0,984.0
27.0,984.0
227.0,984.0
220.0,984.0
600.0,984.0
25.0,984.0
547.0,984.0
909.0,984.0
602.0,984.0
277.0,984.0
222.0,985.0
755.0,985.0
270.0,985.0
96.0,985.0
420.0,985.0
884.0,985.0
977.0,985.0
729.0,985.0
343.0,985.0
877.0,985.0
757.0,985.0
384.0,985.0
98.0,986.0
212.0,986.0
421.0,986.0
443.0,986.0
752.0,986.0
108.0,986.0
430.0,986.0
826.0,986.0
646.0,986.0
618.0,986.0
839.0,986.0
953.0,986.0
842.0,987.0
48.0,987.0
573.0,987.0
458.0,987.0
336.0,987.0
484.0,987.0
30.0,987.0
125.0,987.0
281.0,987.0
566.0,987.0
424.0,987.0
311.0,987.0
754.0,988.0
823.0,988.0
261.0,988.0
57.0,988.0
30.0,988.0
927.0,988.0
137.0,988.0
767.0,988.0
347.0,988.0
451.0,988.0
587.0,988.0
709.0,988.0
620.0,989.0
79.0,989.0
1020.0,989.0
794.0,989.0
787.0,989.0
445.0,989.0
363.0,989.0
279.0,989.0
522.0,989.0
946.0,989.0
625.0,989.0
107.0,989.0
638.0,990.0
327.0,990.0
543.0,990.0
794.0,990.0
1024.0,990.0
501.0,990.0
736.0,990.0
149.0,990.0
36.0,990.0
70.0,990.0
212.0,990.0
396.0,990.0
531.0,991.0
625.0,991.0
712.0,991.0
705.0,991.0
327.0,991.0
299.0,991.0
1006.0,991.0
860.0,991.0
286.0,991.0
170.0,991.0
664.0,991.0
449.0,991.0
1016.0,992.0
313.0,992.0
862.0,992.0
976.0,992.0
1031.0,992.0
545.0,992.0
975.0,992.0
658.0,992.0
217.0,992.0
892.0,992.0
415.0,992.0
524.0,992.0
296.0,993.0
506.0,993.0
790.0,993.0
561.0,993.0
196.0,993.0
916.0,993.0
1016.0,993.0
883.0,993.0
211.0,993.0
890.0,993.0
791.0,993.0
581.0,993.0
575.0,994.0
292.0,994.0
686.0,994.0
929.0,994.0
733.0,994.0
732.0,994.0
130.0,994.0
718.0,994.0
483.0,994.0
199.0,994.0
442.0,994.0
926.0,994.0
750.0,995.0
619.0,995.0
86.0,995.0
585.0,995.0
11.0,995.0
327.0,995.0
487.0,995.0
297.0,995.0
510.0,995.0
957.0,995.0
664.0,995.0
987.0,995.0
115.0,996.0
1023.0,996.0
884.0,996.0
407.0,996.0
367.0,996.0
932.0,996.0
697.0,996.0
430.0,996.0
710.0,996.0
281.0,996.0
527.0,996.0
586.0,996.0
335.0,997.0
35.0,997.0
928.0,997.0
502.0,997.0
256.0,997.0
34.0,997.0
402.0,997.0
336.0,997.0
594.0,997.0
625.0,997.0
937.0,997.0
761.0,997.0
681.0,998.0
160.0,998.0
32.0,998.0
827.0,998.0
645.0,998.0
273.0,998.0
80.0,998.0
173.0,998.0
658.0,998.0
212.0,998.0
444.0,998.0
819.0,998.0
109.0,999.0
237.0,999.0
439.0,999.0
739.0,999.0
763.0,999.0
88.0,999.0
694.0,999.0
394.0,999.0
463.0,999.0
689.0,999.0
601.0,999.0
200.0,999.0
252.0,1000.0
553.0,1000.0
866.0,1000.0
499.0,1000.0
684.0,1000.0
942.0,1000.0
211.0,1000.0
853.0,1000.0
125.0,1000.0
960.0,1000.0
298.0,1000.0
554.0,1000.0
35.0,1001.0
222.0,1001.0
73.0,1001.0
906.0,1001.0
780.0,1001.0
260.0,1001.0
300.0,1001.0
366.0,1001.0
294.0,1001.0
377.0,1001.0
758.0,1001.0
435.0,1001.0
493.0,1002.0
315.0,1002.0
966.0,1002.0
632.0,1002.0
855.0,1002.0
320.0,1002.0
840.0,1002.0
200.0,1002.0
469.0,1002.0
639.0,1002.0
518.0,1002.0
79.0,1002.0
642.0,1003.0
80.0,1003.0
832.0,1003.0
900.0,1003.0
241.0,1003.0
864.0,1003.0
233.0,1003.0
57.0,1003.0
736.0,1003.0
136.0,1003.0
629.0,1003.0
922.0,1003.0
411.0,1004.0
815.0,1004.0
542.0,1004.0
708.0,1004.0
436.0,1004.0
651.0,1004.0
562.0,1004.0
438.0,1004.0
242.0,1004.0
115.0,1004.0
501.0,1004.0
1023.0,1004.0
22.0,1005.0
974.0,1005.0
84.0,1005.0
77.0,1005.0
833.0,1005.0
578.0,1005.0
251.0,1005.0
317.0,1005.0
511.0,1005.0
772.0,1005.0
569.0,1005.0
272.0,1005.0
942.0,1006.0
117.0,1006.0
667.0,1006.0
992.0,1006.0
706.0,1006.0
856.0,1006.0
625.0,1006.0
658.0,1006.0
570.0,1006.0
298.0,1006.0
224.0,1006.0
863.0,1006.0
513.0,1007.0
655.0,1007.0
692.0,1007.0
291.0,1007.0
642.0,1007.0
66.0,1007.0
34.0,1007.0
779.0,1007.0
744.0,1007.0
233.0,1007.0
835.0,1007.0
549.0,1007.0
165.0,1008.0
149.0,1008.0
310.0,1008.0
667.0,1008.0
130.0,1008.0
349.0,1008.0
744.0,1008.0
989.0,1008.0
315.0,1008.0
424.0,1008.0
12.0,1008.0
1004.0,1008.0
252.0,1009.0
839.0,1009.0
154.0,1009.0
667.0,1009.0
374.0,1009.0
466.0,1009.0
586.0,1009.0
292.0,1009.0
837.0,1009.0
243.0,1009.0
219.0,1009.0
687.0,1009.0
840.0,1010.0
308.0,1010.0
637.0,1010.0
58.0,1010.0
949.0,1010.0
211.0,1010.0
622.0,1010.0
874.0,1010.0
265.0,1010.0
713.0,1010.0
377.0,1010.0
105.0,1010.0
101.0,1011.0
632.0,1011.0
466.0,1011.0
629.0,1011.0
1025.0,1011.0
17.0,1011.0
71.0,1011.0
361.0,1011.0
1004.0,1011.0
516.0,1011.0
331.0,1011.0
175.0,1011.0
158.0,1012.0
1029.0,1012.0
655.0,1012.0
211.0,1012.0
452.0,1012.0
932.0,1012.0
57.0,1012.0
895.0,1012.0
921.0,1012.0
877.0,1012.0
530.0,1012.0
736.0,1012.0
1028.0,1013.0
1003.0,1013.0
650.0,1013.0
779.0,1013.0
366.0,1013.0
977.0,1013.0
34.0,1013.0
416.0,1013.0
817.0,1013.0
623.0,1013.0
625.0,1013.0
225.0,1013.0
722.0,1014.0
308.0,1014.0
286.0,1014.0
330.0,1014.0
954.0,1014.0
357.0,1014.0
684.0,1014.0
648.0,1014.0
545.0,1014.0
702.0,1014.0
83.0,1014.0
125.0,1014.0
655.0,1015.0
644.0,1015.0
725.0,1015.0
306.0,1015.0
948.0,1015.0
899.0,1015.0
484.0,1015.0
325.0,1015.0
71.0,1015.0
885.0,1015.0
727.0,1015.0
842.0,1015.0
538.0,1016.0
57.0,1016.0
708.0,1016.0
837.0,1016.0
111.0,1016.0
1035.0,1016.0
770.0,1016.0
283.0,1016.0
431.0,1016.0
252.0,1016.0
103.0,1016.0
254.0,1016.0
61.0,1017.0
165.0,1017.0
1024.0,1017.0
772.0,1017.0
250.0,1017.0
642.0,1017.0
686.0,1017.0
512.0,1017.0
570.0,1017.0
89.0,1017.0
291.0,1017.0
959.0,1017.0
202.0,1018.0
812.0,1018.0
491.0,1018.0
1010.0,1018.0
457.0,1018.0
648.0,1018.0
849.0,1018.0
906.0,1018.0
900.0,1018.0
643.0,1018.0
522.0,1018.0
418.0,1018.0
877.0,1019.0
668.0,1019.0
686.0,1019.0
463.0,1019.0
150.0,1019.0
423.0,1019.0
583.0,1019.0
881.0,1019.0
620.0,1019.0
805.0,1019.0
368.0,1019.0
189.0,1019.0
299.0,1020.0
198.0,1020.0
850.0,1020.0
51.0,1020.0
781.0,1020.0
884.0,1020.0
304.0,1020.0
648.0,1020.0
515.0,1020.0
235.0,1020.0
361.0,1020.0
736.0,1020.0
53.0,1021.0
859.0,1021.0
164.0,1021.0
867.0,1021.0
449.0,1021.0
722.0,1021.0
452.0,1021.0
474.0,1021.0
811.0,1021.0
713.0,1021.0
1033.0,1021.0
332.0,1021.0
534.0,1022.0
142.0,1022.0
613.0,1022.0
776.0,1022.0
50.0,1022.0
645.0,1022.0
412.0,1022.0
144.0,1022.0
425.0,1022.0
448.0,1022.0
262.0,1022.0
857.0,1022.0
89.0,1023.0
955.0,1023.0
458.0,1023.0
209.0,1023.0
662.0,1023.0
691.0,1023.0
54.0,1023.0
372.0,1023.0
469.0,1023.0
417.0,1023.0
996.0,1023.0
166.0,1023.0
1008.0,1024.0
507.0,1024.0
659.0,1024.0
683.0,1024.0
840.0,1024.0
154.0,1024.0
138.0,1024.0
1025.0,1024.0
830.0,1024.0
519.0,1024.0
242.0,1024.0
739.0,1024.0
578.0,1025.0
844.0,1025.0
516.0,1025.0
1010.0,1025.0
367.0,1025.0
208.0,1025.0
366.0,1025.0
352.0,1025.0
343.0,1025.0
187.0,1025.0
547.0,1025.0
743.0,1025.0
828.0,1026.0
439.0,1026.0
576.0,1026.0
685.0,1026.0
132.0,1026.0
394.0,1026.0
1027.0,1026.0
451.0,1026.0
689.0,1026.0
441.0,1026.0
968.0,1026.0
398.0,1026.0
27.0,1027.0
163.0,1027.0
609.0,1027.0
892.0,1027.0
16.0,1027.0
235.0,1027.0
553.0,1027.0
228.0,1027.0
420.0,1027.0
884.0,1027.0
23.0,1027.0
1009.0,1027.0
366.0,1028.0
785.0,1028.0
908.0,1028.0
608.0,1028.0
610.0,1028.0
997.0,1028.0
873.0,1028.0
598.0,1028.0
906.0,1028.0
391.0,1028.0
560.0,1028.0
691.0,1028.0
96.0,1029.0
319.0,1029.0
837.0,1029.0
744.0,1029.0
198.0,1029.0
1019.0,1029.0
9.0,1029.0
0.0,1029.0
502.0,1029.0
795.0,1029.0
370.0,1029.0
550.0,1029.0
894.0,1030.0
327.0,1030.0
42.0,1030.0
862.0,1030.0
692.0,1030.0
577.0,1030.0
206.0,1030.0
678.0,1030.0
185.0,1030.0
574.0,1030.0
959.0,1030.0
706.0,1030.0
363.0,1031.0
979.0,1031.0
494.0,1031.0
690.0,1031.0
283.0,1031.0
890.0,1031.0
583.0,1031.0
318.0,1031.0
1004.0,1031.0
55.0,1031.0
965.0,1031.0
908.0,1031.0
526.0,1032.0
580.0,1032.0
236.0,1032.0
645.0,1032.0
819.0,1032.0
247.0,1032.0
854.0,1032.0
460.0,1032.0
810.0,1032.0
238.0,1032.0
343.0,1032.0
752.0,1032.0
349.0,1033.0
694.0,1033.0
871.0,1033.0
307.0,1033.0
961.0,1033.0
85.0,1033.0
12.0,1033.0
140.0,1033.0
199.0,1033.0
110.0,1033.0
249.0,1033.0
597.0,1033.0
814.0,1034.0
114.0,1034.0
450.0,1034.0
676.0,1034.0
197.0,1034.0
365.0,1034.0
726.0,1034.0
576.0,1034.0
125.0,1034.0
626.0,1034.0
375.0,1034.0
350.0,1034.0
869.0,1035.0
583.0,1035.0
571.0,1035.0
216.0,1035.0
553.0,1035.0
970.0,1035.0
167.0,1035.0
584.0,1035.0
372.0,1035.0
361.0,1035.0
706.0,1035.0
276.0,1035.0
