i,j
0.0,1024.0
0.0,996.0
0.0,1030.0
0.0,835.0
0.0,427.0
0.0,420.0
0.0,460.0
0.0,945.0
0.0,546.0
0.0,931.0
0.0,537.0
0.0,949.0
1.0,639.0
1.0,452.0
1.0,100.0
1.0,51.0
1.0,593.0
1.0,62.0
1.0,306.0
1.0,853.0
1.0,476.0
1.0,784.0
1.0,793.0
1.0,521.0
2.0,443.0
2.0,37.0
2.0,355.0
2.0,833.0
2.0,74.0
2.0,985.0
2.0,877.0
2.0,752.0
2.0,938.0
2.0,535.0
2.0,875.0
2.0,881.0
3.0,350.0
3.0,201.0
3.0,813.0
3.0,687.0
3.0,180.0
3.0,320.0
3.0,745.0
3.0,588.0
3.0,310.0
3.0,470.0
3.0,108.0
3.0,510.0
4.0,721.0
4.0,1027.0
4.0,188.0
4.0,159.0
4.0,601.0
4.0,845.0
4.0,976.0
4.0,212.0
4.0,719.0
4.0,586.0
4.0,837.0
4.0,789.0
5.0,639.0
5.0,347.0
5.0,811.0
5.0,392.0
5.0,85.0
5.0,46.0
5.0,829.0
5.0,742.0
5.0,225.0
5.0,836.0
5.0,315.0
5.0,972.0
6.0,976.0
6.0,420.0
6.0,266.0
6.0,166.0
6.0,460.0
6.0,470.0
6.0,368.0
6.0,946.0
6.0,731.0
6.0,508.0
6.0,566.0
6.0,706.0
7.0,522.0
7.0,135.0
7.0,569.0
7.0,98.0
7.0,536.0
7.0,367.0
7.0,826.0
7.0,528.0
7.0,511.0
7.0,848.0
7.0,858.0
7.0,355.0
8.0,982.0
8.0,993.0
8.0,627.0
8.0,587.0
8.0,811.0
8.0,698.0
8.0,1024.0
8.0,85.0
8.0,45.0
8.0,400.0
8.0,422.0
8.0,5.0
9.0,921.0
9.0,172.0
9.0,846.0
9.0,407.0
9.0,994.0
9.0,733.0
9.0,879.0
9.0,554.0
9.0,734.0
9.0,658.0
9.0,938.0
9.0,683.0
10.0,200.0
10.0,316.0
10.0,828.0
10.0,109.0
10.0,240.0
10.0,855.0
10.0,862.0
10.0,311.0
10.0,926.0
10.0,500.0
10.0,137.0
10.0,120.0
11.0,419.0
11.0,343.0
11.0,750.0
11.0,1022.0
11.0,799.0
11.0,810.0
11.0,381.0
11.0,174.0
11.0,523.0
11.0,362.0
11.0,619.0
11.0,402.0
12.0,700.0
12.0,155.0
12.0,795.0
12.0,411.0
12.0,154.0
12.0,181.0
12.0,573.0
12.0,911.0
12.0,131.0
12.0,494.0
12.0,265.0
12.0,732.0
13.0,36.0
13.0,478.0
13.0,303.0
13.0,661.0
13.0,772.0
13.0,502.0
13.0,511.0
13.0,761.0
13.0,515.0
13.0,816.0
13.0,825.0
13.0,702.0
14.0,551.0
14.0,807.0
14.0,1010.0
14.0,546.0
14.0,195.0
14.0,635.0
14.0,864.0
14.0,186.0
14.0,882.0
14.0,671.0
14.0,333.0
14.0,891.0
15.0,608.0
15.0,757.0
15.0,440.0
15.0,430.0
15.0,128.0
15.0,395.0
15.0,24.0
15.0,597.0
15.0,770.0
15.0,973.0
15.0,119.0
15.0,865.0
16.0,21.0
16.0,285.0
16.0,80.0
16.0,116.0
16.0,213.0
16.0,981.0
16.0,253.0
16.0,956.0
16.0,646.0
16.0,450.0
16.0,412.0
16.0,54.0
17.0,608.0
17.0,196.0
17.0,248.0
17.0,675.0
17.0,155.0
17.0,423.0
17.0,902.0
17.0,452.0
17.0,769.0
17.0,397.0
17.0,253.0
17.0,895.0
18.0,302.0
18.0,983.0
18.0,548.0
18.0,424.0
18.0,103.0
18.0,783.0
18.0,674.0
18.0,789.0
18.0,974.0
18.0,141.0
18.0,271.0
18.0,440.0
19.0,899.0
19.0,79.0
19.0,431.0
19.0,934.0
19.0,564.0
19.0,151.0
19.0,263.0
19.0,258.0
19.0,664.0
19.0,966.0
19.0,603.0
19.0,363.0
20.0,636.0
20.0,233.0
20.0,642.0
20.0,491.0
20.0,581.0
20.0,336.0
20.0,1007.0
20.0,81.0
20.0,721.0
20.0,871.0
20.0,808.0
20.0,335.0
21.0,144.0
21.0,433.0
21.0,687.0
21.0,89.0
21.0,641.0
21.0,459.0
21.0,348.0
21.0,801.0
21.0,28.0
21.0,863.0
21.0,150.0
21.0,388.0
22.0,953.0
22.0,373.0
22.0,541.0
22.0,507.0
22.0,571.0
22.0,945.0
22.0,750.0
22.0,648.0
22.0,420.0
22.0,402.0
22.0,990.0
22.0,89.0
23.0,1030.0
23.0,686.0
23.0,824.0
23.0,159.0
23.0,215.0
23.0,250.0
23.0,42.0
23.0,182.0
23.0,71.0
23.0,994.0
23.0,126.0
23.0,253.0
24.0,158.0
24.0,1008.0
24.0,901.0
24.0,707.0
24.0,150.0
24.0,803.0
24.0,712.0
24.0,360.0
24.0,61.0
24.0,991.0
24.0,687.0
24.0,924.0
25.0,212.0
25.0,844.0
25.0,204.0
25.0,557.0
25.0,298.0
25.0,442.0
25.0,55.0
25.0,349.0
25.0,449.0
25.0,705.0
25.0,38.0
25.0,865.0
26.0,531.0
26.0,197.0
26.0,1030.0
26.0,92.0
26.0,768.0
26.0,727.0
26.0,182.0
26.0,433.0
26.0,413.0
26.0,616.0
26.0,132.0
26.0,145.0
27.0,165.0
27.0,524.0
27.0,367.0
27.0,241.0
27.0,866.0
27.0,742.0
27.0,894.0
27.0,754.0
27.0,772.0
27.0,291.0
27.0,706.0
27.0,973.0
28.0,73.0
28.0,515.0
28.0,660.0
28.0,26.0
28.0,531.0
28.0,786.0
28.0,114.0
28.0,767.0
28.0,321.0
28.0,976.0
28.0,484.0
28.0,798.0
29.0,318.0
29.0,25.0
29.0,494.0
29.0,543.0
29.0,867.0
29.0,69.0
29.0,805.0
29.0,992.0
29.0,683.0
29.0,1035.0
29.0,185.0
29.0,501.0
30.0,189.0
30.0,615.0
30.0,296.0
30.0,357.0
30.0,227.0
30.0,614.0
30.0,597.0
30.0,683.0
30.0,620.0
30.0,887.0
30.0,292.0
30.0,707.0
31.0,329.0
31.0,352.0
31.0,607.0
31.0,918.0
31.0,693.0
31.0,462.0
31.0,678.0
31.0,406.0
31.0,341.0
31.0,147.0
31.0,923.0
31.0,855.0
32.0,370.0
32.0,436.0
32.0,189.0
32.0,402.0
32.0,304.0
32.0,228.0
32.0,718.0
32.0,343.0
32.0,877.0
32.0,658.0
32.0,89.0
32.0,291.0
33.0,623.0
33.0,96.0
33.0,436.0
33.0,496.0
33.0,224.0
33.0,881.0
33.0,631.0
33.0,634.0
33.0,642.0
33.0,1013.0
33.0,434.0
33.0,960.0
34.0,389.0
34.0,111.0
34.0,734.0
34.0,557.0
34.0,472.0
34.0,454.0
34.0,222.0
34.0,44.0
34.0,1018.0
34.0,521.0
34.0,94.0
34.0,292.0
35.0,353.0
35.0,817.0
35.0,984.0
35.0,886.0
35.0,344.0
35.0,29.0
35.0,1001.0
35.0,333.0
35.0,55.0
35.0,548.0
35.0,502.0
35.0,942.0
36.0,955.0
36.0,508.0
36.0,683.0
36.0,136.0
36.0,175.0
36.0,479.0
36.0,384.0
36.0,49.0
36.0,666.0
36.0,323.0
36.0,272.0
36.0,187.0
37.0,761.0
37.0,260.0
37.0,886.0
37.0,634.0
37.0,501.0
37.0,222.0
37.0,13.0
37.0,876.0
37.0,318.0
37.0,175.0
37.0,780.0
37.0,548.0
38.0,196.0
38.0,429.0
38.0,922.0
38.0,713.0
38.0,651.0
38.0,742.0
38.0,967.0
38.0,807.0
38.0,241.0
38.0,25.0
38.0,570.0
38.0,330.0
39.0,652.0
39.0,688.0
39.0,251.0
39.0,875.0
39.0,136.0
39.0,661.0
39.0,246.0
39.0,13.0
39.0,303.0
39.0,272.0
39.0,102.0
39.0,794.0
40.0,348.0
40.0,365.0
40.0,676.0
40.0,841.0
40.0,616.0
40.0,367.0
40.0,986.0
40.0,144.0
40.0,980.0
40.0,320.0
40.0,814.0
40.0,726.0
41.0,711.0
41.0,406.0
41.0,664.0
41.0,433.0
41.0,210.0
41.0,467.0
41.0,349.0
41.0,469.0
41.0,149.0
41.0,748.0
41.0,332.0
41.0,545.0
42.0,948.0
42.0,614.0
42.0,958.0
42.0,309.0
42.0,442.0
42.0,565.0
42.0,210.0
42.0,492.0
42.0,47.0
42.0,556.0
42.0,542.0
42.0,254.0
43.0,282.0
43.0,520.0
43.0,963.0
43.0,668.0
43.0,957.0
43.0,786.0
43.0,679.0
43.0,405.0
43.0,320.0
43.0,153.0
43.0,669.0
43.0,3.0
44.0,705.0
44.0,377.0
44.0,312.0
44.0,116.0
44.0,623.0
44.0,743.0
44.0,186.0
44.0,932.0
44.0,245.0
44.0,166.0
44.0,429.0
44.0,1008.0
45.0,85.0
45.0,8.0
45.0,694.0
45.0,476.0
45.0,864.0
45.0,811.0
45.0,411.0
45.0,506.0
45.0,988.0
45.0,432.0
45.0,485.0
45.0,993.0
46.0,118.0
46.0,898.0
46.0,140.0
46.0,949.0
46.0,124.0
46.0,229.0
46.0,779.0
46.0,312.0
46.0,587.0
46.0,1010.0
46.0,363.0
46.0,280.0
47.0,244.0
47.0,710.0
47.0,605.0
47.0,756.0
47.0,665.0
47.0,748.0
47.0,732.0
47.0,512.0
47.0,761.0
47.0,916.0
47.0,423.0
47.0,1035.0
48.0,615.0
48.0,1016.0
48.0,368.0
48.0,1015.0
48.0,596.0
48.0,664.0
48.0,740.0
48.0,336.0
48.0,733.0
48.0,190.0
48.0,68.0
48.0,417.0
49.0,134.0
49.0,703.0
49.0,521.0
49.0,476.0
49.0,312.0
49.0,671.0
49.0,657.0
49.0,392.0
49.0,886.0
49.0,320.0
49.0,973.0
49.0,1018.0
50.0,993.0
50.0,916.0
50.0,838.0
50.0,840.0
50.0,292.0
50.0,522.0
50.0,809.0
50.0,867.0
50.0,378.0
50.0,1031.0
50.0,625.0
50.0,276.0
51.0,111.0
51.0,754.0
51.0,655.0
51.0,94.0
51.0,331.0
51.0,231.0
51.0,961.0
51.0,530.0
51.0,333.0
51.0,705.0
51.0,680.0
51.0,274.0
52.0,14.0
52.0,392.0
52.0,302.0
52.0,807.0
52.0,700.0
52.0,578.0
52.0,257.0
52.0,864.0
52.0,791.0
52.0,916.0
52.0,852.0
52.0,541.0
53.0,274.0
53.0,278.0
53.0,709.0
53.0,917.0
53.0,577.0
53.0,796.0
53.0,449.0
53.0,539.0
53.0,968.0
53.0,386.0
53.0,941.0
53.0,93.0
54.0,341.0
54.0,543.0
54.0,573.0
54.0,19.0
54.0,378.0
54.0,850.0
54.0,924.0
54.0,554.0
54.0,615.0
54.0,835.0
54.0,405.0
54.0,32.0
55.0,357.0
55.0,846.0
55.0,246.0
55.0,847.0
55.0,299.0
55.0,9.0
55.0,115.0
55.0,783.0
55.0,989.0
55.0,332.0
55.0,363.0
55.0,946.0
56.0,286.0
56.0,890.0
56.0,869.0
56.0,842.0
56.0,554.0
56.0,683.0
56.0,853.0
56.0,1027.0
56.0,607.0
56.0,605.0
56.0,997.0
56.0,196.0
57.0,629.0
57.0,972.0
57.0,845.0
57.0,449.0
57.0,540.0
57.0,836.0
57.0,778.0
57.0,945.0
57.0,829.0
57.0,1009.0
57.0,430.0
57.0,208.0
58.0,100.0
58.0,627.0
58.0,315.0
58.0,8.0
58.0,158.0
58.0,917.0
58.0,579.0
58.0,836.0
58.0,950.0
58.0,961.0
58.0,822.0
58.0,784.0
59.0,221.0
59.0,205.0
59.0,826.0
59.0,462.0
59.0,845.0
59.0,76.0
59.0,894.0
59.0,126.0
59.0,470.0
59.0,71.0
59.0,6.0
59.0,573.0
60.0,765.0
60.0,756.0
60.0,289.0
60.0,544.0
60.0,840.0
60.0,650.0
60.0,435.0
60.0,931.0
60.0,670.0
60.0,457.0
60.0,275.0
60.0,635.0
61.0,719.0
61.0,264.0
61.0,684.0
61.0,430.0
61.0,9.0
61.0,4.0
61.0,206.0
61.0,655.0
61.0,463.0
61.0,599.0
61.0,866.0
61.0,743.0
62.0,474.0
62.0,85.0
62.0,154.0
62.0,63.0
62.0,293.0
62.0,276.0
62.0,424.0
62.0,716.0
62.0,1021.0
62.0,429.0
62.0,185.0
62.0,88.0
63.0,663.0
63.0,400.0
63.0,452.0
63.0,531.0
63.0,354.0
63.0,918.0
63.0,579.0
63.0,904.0
63.0,99.0
63.0,351.0
63.0,572.0
63.0,1035.0
64.0,1005.0
64.0,299.0
64.0,729.0
64.0,843.0
64.0,381.0
64.0,788.0
64.0,585.0
64.0,535.0
64.0,311.0
64.0,660.0
64.0,936.0
64.0,450.0
65.0,769.0
65.0,1011.0
65.0,686.0
65.0,900.0
65.0,855.0
65.0,230.0
65.0,239.0
65.0,996.0
65.0,445.0
65.0,896.0
65.0,559.0
65.0,576.0
66.0,994.0
66.0,29.0
66.0,385.0
66.0,148.0
66.0,609.0
66.0,291.0
66.0,978.0
66.0,513.0
66.0,543.0
66.0,970.0
66.0,42.0
66.0,235.0
67.0,423.0
67.0,932.0
67.0,368.0
67.0,341.0
67.0,861.0
67.0,996.0
67.0,845.0
67.0,332.0
67.0,1008.0
67.0,430.0
67.0,504.0
67.0,736.0
68.0,153.0
68.0,879.0
68.0,405.0
68.0,244.0
68.0,839.0
68.0,972.0
68.0,676.0
68.0,615.0
68.0,146.0
68.0,350.0
68.0,397.0
68.0,596.0
69.0,212.0
69.0,71.0
69.0,96.0
69.0,283.0
69.0,863.0
69.0,853.0
69.0,721.0
69.0,273.0
69.0,420.0
69.0,473.0
69.0,481.0
69.0,29.0
70.0,213.0
70.0,659.0
70.0,116.0
70.0,483.0
70.0,845.0
70.0,175.0
70.0,876.0
70.0,894.0
70.0,525.0
70.0,268.0
70.0,759.0
70.0,531.0
71.0,319.0
71.0,460.0
71.0,382.0
71.0,456.0
71.0,562.0
71.0,717.0
71.0,311.0
71.0,975.0
71.0,934.0
71.0,179.0
71.0,334.0
71.0,922.0
72.0,732.0
72.0,245.0
72.0,312.0
72.0,686.0
72.0,1018.0
72.0,910.0
72.0,706.0
72.0,635.0
72.0,922.0
72.0,772.0
72.0,633.0
72.0,994.0
73.0,351.0
73.0,273.0
73.0,1025.0
73.0,553.0
73.0,280.0
73.0,565.0
73.0,769.0
73.0,475.0
73.0,87.0
73.0,94.0
73.0,838.0
73.0,112.0
74.0,721.0
74.0,250.0
74.0,848.0
74.0,172.0
74.0,753.0
74.0,136.0
74.0,744.0
74.0,907.0
74.0,384.0
74.0,543.0
74.0,480.0
74.0,953.0
75.0,739.0
75.0,565.0
75.0,655.0
75.0,874.0
75.0,538.0
75.0,130.0
75.0,182.0
75.0,61.0
75.0,902.0
75.0,820.0
75.0,82.0
75.0,733.0
76.0,1017.0
76.0,610.0
76.0,787.0
76.0,704.0
76.0,1013.0
76.0,537.0
76.0,489.0
76.0,74.0
76.0,965.0
76.0,319.0
76.0,420.0
76.0,1018.0
77.0,840.0
77.0,194.0
77.0,824.0
77.0,340.0
77.0,464.0
77.0,435.0
77.0,642.0
77.0,175.0
77.0,977.0
77.0,178.0
77.0,636.0
77.0,13.0
78.0,719.0
78.0,912.0
78.0,383.0
78.0,773.0
78.0,243.0
78.0,283.0
78.0,1014.0
78.0,257.0
78.0,9.0
78.0,845.0
78.0,286.0
78.0,554.0
79.0,728.0
79.0,743.0
79.0,515.0
79.0,637.0
79.0,252.0
79.0,113.0
79.0,320.0
79.0,594.0
79.0,574.0
79.0,428.0
79.0,815.0
79.0,973.0
80.0,33.0
80.0,326.0
80.0,3.0
80.0,879.0
80.0,890.0
80.0,845.0
80.0,59.0
80.0,206.0
80.0,881.0
80.0,451.0
80.0,83.0
80.0,640.0
81.0,157.0
81.0,213.0
81.0,895.0
81.0,969.0
81.0,536.0
81.0,178.0
81.0,275.0
81.0,222.0
81.0,169.0
81.0,283.0
81.0,460.0
81.0,119.0
82.0,594.0
82.0,818.0
82.0,273.0
82.0,32.0
82.0,193.0
82.0,875.0
82.0,236.0
82.0,796.0
82.0,837.0
82.0,383.0
82.0,860.0
82.0,27.0
83.0,736.0
83.0,651.0
83.0,794.0
83.0,563.0
83.0,866.0
83.0,156.0
83.0,15.0
83.0,1006.0
83.0,163.0
83.0,759.0
83.0,434.0
83.0,203.0
84.0,59.0
84.0,825.0
84.0,465.0
84.0,76.0
84.0,1029.0
84.0,840.0
84.0,22.0
84.0,36.0
84.0,729.0
84.0,455.0
84.0,126.0
84.0,326.0
85.0,552.0
85.0,354.0
85.0,5.0
85.0,710.0
85.0,638.0
85.0,927.0
85.0,199.0
85.0,793.0
85.0,1014.0
85.0,429.0
85.0,766.0
85.0,315.0
86.0,106.0
86.0,797.0
86.0,59.0
86.0,980.0
86.0,720.0
86.0,378.0
86.0,475.0
86.0,265.0
86.0,936.0
86.0,669.0
86.0,813.0
86.0,1022.0
87.0,629.0
87.0,256.0
87.0,150.0
87.0,233.0
87.0,231.0
87.0,20.0
87.0,516.0
87.0,805.0
87.0,607.0
87.0,522.0
87.0,252.0
87.0,608.0
88.0,398.0
88.0,705.0
88.0,763.0
88.0,567.0
88.0,904.0
88.0,200.0
88.0,767.0
88.0,341.0
88.0,62.0
88.0,834.0
88.0,801.0
88.0,675.0
89.0,978.0
89.0,322.0
89.0,879.0
89.0,854.0
89.0,40.0
89.0,460.0
89.0,406.0
89.0,405.0
89.0,940.0
89.0,468.0
89.0,430.0
89.0,1000.0
90.0,775.0
90.0,16.0
90.0,436.0
90.0,444.0
90.0,911.0
90.0,440.0
90.0,963.0
90.0,649.0
90.0,697.0
90.0,42.0
90.0,381.0
90.0,1008.0
91.0,835.0
91.0,304.0
91.0,87.0
91.0,424.0
91.0,112.0
91.0,159.0
91.0,292.0
91.0,540.0
91.0,395.0
91.0,123.0
91.0,349.0
91.0,708.0
92.0,669.0
92.0,125.0
92.0,411.0
92.0,606.0
92.0,958.0
92.0,321.0
92.0,786.0
92.0,16.0
92.0,604.0
92.0,839.0
92.0,439.0
92.0,451.0
93.0,357.0
93.0,123.0
93.0,278.0
93.0,449.0
93.0,784.0
93.0,738.0
93.0,398.0
93.0,993.0
93.0,988.0
93.0,164.0
93.0,855.0
93.0,208.0
94.0,944.0
94.0,367.0
94.0,322.0
94.0,233.0
94.0,655.0
94.0,38.0
94.0,1009.0
94.0,533.0
94.0,552.0
94.0,113.0
94.0,457.0
94.0,550.0
95.0,476.0
95.0,1010.0
95.0,879.0
95.0,728.0
95.0,556.0
95.0,657.0
95.0,715.0
95.0,123.0
95.0,721.0
95.0,326.0
95.0,637.0
95.0,584.0
96.0,549.0
96.0,226.0
96.0,1003.0
96.0,620.0
96.0,245.0
96.0,353.0
96.0,183.0
96.0,12.0
96.0,419.0
96.0,598.0
96.0,369.0
96.0,608.0
97.0,918.0
97.0,835.0
97.0,561.0
97.0,248.0
97.0,1023.0
97.0,214.0
97.0,966.0
97.0,778.0
97.0,924.0
97.0,999.0
97.0,209.0
97.0,678.0
98.0,343.0
98.0,625.0
98.0,775.0
98.0,420.0
98.0,924.0
98.0,863.0
98.0,87.0
98.0,473.0
98.0,844.0
98.0,691.0
98.0,137.0
98.0,146.0
99.0,918.0
99.0,993.0
99.0,45.0
99.0,949.0
99.0,88.0
99.0,835.0
99.0,426.0
99.0,766.0
99.0,374.0
99.0,446.0
99.0,647.0
99.0,784.0
100.0,62.0
100.0,85.0
100.0,293.0
100.0,217.0
100.0,1021.0
100.0,1033.0
100.0,423.0
100.0,452.0
100.0,647.0
100.0,822.0
100.0,722.0
100.0,227.0
101.0,605.0
101.0,717.0
101.0,50.0
101.0,869.0
101.0,904.0
101.0,164.0
101.0,526.0
101.0,390.0
101.0,274.0
101.0,781.0
101.0,640.0
101.0,405.0
102.0,538.0
102.0,887.0
102.0,879.0
102.0,832.0
102.0,318.0
102.0,611.0
102.0,867.0
102.0,945.0
102.0,69.0
102.0,254.0
102.0,461.0
102.0,157.0
103.0,235.0
103.0,155.0
103.0,67.0
103.0,674.0
103.0,533.0
103.0,472.0
103.0,845.0
103.0,887.0
103.0,50.0
103.0,334.0
103.0,310.0
103.0,829.0
104.0,700.0
104.0,400.0
104.0,233.0
104.0,322.0
104.0,65.0
104.0,158.0
104.0,770.0
104.0,977.0
104.0,966.0
104.0,984.0
104.0,1024.0
104.0,418.0
105.0,233.0
105.0,840.0
105.0,1030.0
105.0,300.0
105.0,635.0
105.0,783.0
105.0,568.0
105.0,514.0
105.0,906.0
105.0,34.0
105.0,907.0
105.0,643.0
106.0,998.0
106.0,350.0
106.0,406.0
106.0,885.0
106.0,184.0
106.0,21.0
106.0,957.0
106.0,362.0
106.0,782.0
106.0,797.0
106.0,412.0
106.0,562.0
107.0,913.0
107.0,733.0
107.0,582.0
107.0,948.0
107.0,23.0
107.0,36.0
107.0,155.0
107.0,721.0
107.0,1027.0
107.0,463.0
107.0,524.0
107.0,648.0
108.0,585.0
108.0,487.0
108.0,831.0
108.0,286.0
108.0,799.0
108.0,1030.0
108.0,900.0
108.0,723.0
108.0,416.0
108.0,740.0
108.0,994.0
108.0,573.0
109.0,200.0
109.0,101.0
109.0,214.0
109.0,92.0
109.0,534.0
109.0,316.0
109.0,230.0
109.0,413.0
109.0,161.0
109.0,321.0
109.0,664.0
109.0,249.0
110.0,867.0
110.0,871.0
110.0,24.0
110.0,27.0
110.0,166.0
110.0,520.0
110.0,693.0
110.0,252.0
110.0,993.0
110.0,157.0
110.0,360.0
110.0,930.0
111.0,15.0
111.0,719.0
111.0,167.0
111.0,856.0
111.0,815.0
111.0,744.0
111.0,148.0
111.0,928.0
111.0,25.0
111.0,874.0
111.0,566.0
111.0,781.0
112.0,284.0
112.0,463.0
112.0,948.0
112.0,138.0
112.0,648.0
112.0,840.0
112.0,231.0
112.0,690.0
112.0,290.0
112.0,155.0
112.0,507.0
112.0,228.0
113.0,139.0
113.0,121.0
113.0,82.0
113.0,727.0
113.0,499.0
113.0,65.0
113.0,596.0
113.0,522.0
113.0,287.0
113.0,120.0
113.0,458.0
113.0,203.0
114.0,644.0
114.0,866.0
114.0,771.0
114.0,617.0
114.0,382.0
114.0,699.0
114.0,814.0
114.0,669.0
114.0,26.0
114.0,899.0
114.0,754.0
114.0,520.0
115.0,860.0
115.0,32.0
115.0,705.0
115.0,736.0
115.0,107.0
115.0,592.0
115.0,304.0
115.0,687.0
115.0,531.0
115.0,436.0
115.0,1001.0
115.0,803.0
116.0,434.0
116.0,963.0
116.0,16.0
116.0,986.0
116.0,656.0
116.0,652.0
116.0,89.0
116.0,512.0
116.0,56.0
116.0,470.0
116.0,745.0
116.0,425.0
117.0,994.0
117.0,215.0
117.0,193.0
117.0,813.0
117.0,220.0
117.0,617.0
117.0,318.0
117.0,276.0
117.0,979.0
117.0,877.0
117.0,290.0
117.0,299.0
118.0,435.0
118.0,454.0
118.0,1018.0
118.0,202.0
118.0,803.0
118.0,138.0
118.0,651.0
118.0,60.0
118.0,688.0
118.0,483.0
118.0,566.0
118.0,300.0
119.0,754.0
119.0,29.0
119.0,215.0
119.0,327.0
119.0,262.0
119.0,151.0
119.0,216.0
119.0,330.0
119.0,565.0
119.0,370.0
119.0,920.0
119.0,530.0
120.0,617.0
120.0,306.0
120.0,113.0
120.0,203.0
120.0,235.0
120.0,19.0
120.0,641.0
120.0,3.0
120.0,342.0
120.0,26.0
120.0,55.0
120.0,321.0
121.0,179.0
121.0,101.0
121.0,239.0
121.0,349.0
121.0,211.0
121.0,357.0
121.0,802.0
121.0,467.0
121.0,769.0
121.0,880.0
121.0,221.0
121.0,63.0
122.0,962.0
122.0,652.0
122.0,788.0
122.0,536.0
122.0,455.0
122.0,892.0
122.0,465.0
122.0,1012.0
122.0,890.0
122.0,16.0
122.0,592.0
122.0,183.0
123.0,781.0
123.0,208.0
123.0,879.0
123.0,325.0
123.0,662.0
123.0,357.0
123.0,622.0
123.0,349.0
123.0,158.0
123.0,94.0
123.0,896.0
123.0,740.0
124.0,932.0
124.0,225.0
124.0,49.0
124.0,792.0
124.0,551.0
124.0,950.0
124.0,779.0
124.0,87.0
124.0,682.0
124.0,505.0
124.0,657.0
124.0,852.0
125.0,120.0
125.0,987.0
125.0,842.0
125.0,448.0
125.0,934.0
125.0,641.0
125.0,16.0
125.0,484.0
125.0,417.0
125.0,615.0
125.0,681.0
125.0,768.0
126.0,881.0
126.0,618.0
126.0,412.0
126.0,378.0
126.0,531.0
126.0,215.0
126.0,189.0
126.0,226.0
126.0,423.0
126.0,636.0
126.0,206.0
126.0,534.0
127.0,922.0
127.0,854.0
127.0,932.0
127.0,1031.0
127.0,103.0
127.0,313.0
127.0,374.0
127.0,146.0
127.0,847.0
127.0,979.0
127.0,553.0
127.0,412.0
128.0,844.0
128.0,534.0
128.0,825.0
128.0,22.0
128.0,30.0
128.0,931.0
128.0,846.0
128.0,156.0
128.0,136.0
128.0,459.0
128.0,973.0
128.0,649.0
129.0,675.0
129.0,176.0
129.0,209.0
129.0,499.0
129.0,190.0
129.0,152.0
129.0,145.0
129.0,690.0
129.0,316.0
129.0,689.0
129.0,605.0
129.0,1023.0
130.0,659.0
130.0,491.0
130.0,462.0
130.0,718.0
130.0,530.0
130.0,948.0
130.0,61.0
130.0,522.0
130.0,586.0
130.0,493.0
130.0,949.0
130.0,504.0
131.0,809.0
131.0,414.0
131.0,217.0
131.0,575.0
131.0,290.0
131.0,699.0
131.0,32.0
131.0,538.0
131.0,357.0
131.0,299.0
131.0,107.0
131.0,198.0
132.0,221.0
132.0,433.0
132.0,632.0
132.0,469.0
132.0,1026.0
132.0,576.0
132.0,916.0
132.0,699.0
132.0,306.0
132.0,628.0
132.0,736.0
132.0,878.0
133.0,426.0
133.0,608.0
133.0,364.0
133.0,882.0
133.0,565.0
133.0,901.0
133.0,698.0
133.0,677.0
133.0,791.0
133.0,216.0
133.0,916.0
133.0,1021.0
134.0,747.0
134.0,46.0
134.0,72.0
134.0,133.0
134.0,476.0
134.0,377.0
134.0,766.0
134.0,356.0
134.0,229.0
134.0,141.0
134.0,653.0
134.0,982.0
135.0,963.0
135.0,247.0
135.0,74.0
135.0,624.0
135.0,434.0
135.0,246.0
135.0,854.0
135.0,294.0
135.0,346.0
135.0,251.0
135.0,613.0
135.0,29.0
136.0,308.0
136.0,206.0
136.0,148.0
136.0,598.0
136.0,645.0
136.0,929.0
136.0,833.0
136.0,464.0
136.0,537.0
136.0,971.0
136.0,875.0
136.0,385.0
137.0,380.0
137.0,1011.0
137.0,166.0
137.0,934.0
137.0,107.0
137.0,879.0
137.0,341.0
137.0,446.0
137.0,623.0
137.0,243.0
137.0,486.0
137.0,259.0
138.0,570.0
138.0,103.0
138.0,175.0
138.0,167.0
138.0,339.0
138.0,483.0
138.0,336.0
138.0,994.0
138.0,473.0
138.0,366.0
138.0,986.0
138.0,150.0
139.0,500.0
139.0,523.0
139.0,614.0
139.0,796.0
139.0,769.0
139.0,966.0
139.0,680.0
139.0,632.0
139.0,545.0
139.0,388.0
139.0,561.0
139.0,850.0
140.0,12.0
140.0,690.0
140.0,698.0
140.0,254.0
140.0,371.0
140.0,664.0
140.0,25.0
140.0,264.0
140.0,1019.0
140.0,739.0
140.0,345.0
140.0,252.0
141.0,52.0
141.0,383.0
141.0,202.0
141.0,124.0
141.0,489.0
141.0,551.0
141.0,635.0
141.0,337.0
141.0,982.0
141.0,633.0
141.0,366.0
141.0,657.0
142.0,444.0
142.0,460.0
142.0,782.0
142.0,843.0
142.0,828.0
142.0,181.0
142.0,273.0
142.0,510.0
142.0,86.0
142.0,383.0
142.0,154.0
142.0,745.0
143.0,276.0
143.0,819.0
143.0,19.0
143.0,665.0
143.0,538.0
143.0,1007.0
143.0,15.0
143.0,298.0
143.0,417.0
143.0,431.0
143.0,261.0
143.0,499.0
144.0,174.0
144.0,617.0
144.0,562.0
144.0,799.0
144.0,847.0
144.0,388.0
144.0,679.0
144.0,613.0
144.0,880.0
144.0,1034.0
144.0,120.0
144.0,43.0
145.0,339.0
145.0,802.0
145.0,579.0
145.0,315.0
145.0,999.0
145.0,872.0
145.0,209.0
145.0,786.0
145.0,567.0
145.0,398.0
145.0,10.0
145.0,304.0
146.0,583.0
146.0,853.0
146.0,964.0
146.0,845.0
146.0,1004.0
146.0,224.0
146.0,417.0
146.0,816.0
146.0,66.0
146.0,933.0
146.0,897.0
146.0,578.0
147.0,644.0
147.0,28.0
147.0,878.0
147.0,641.0
147.0,484.0
147.0,604.0
147.0,40.0
147.0,1015.0
147.0,1023.0
147.0,727.0
147.0,790.0
147.0,595.0
148.0,331.0
148.0,804.0
148.0,919.0
148.0,528.0
148.0,775.0
148.0,584.0
148.0,74.0
148.0,142.0
148.0,986.0
148.0,810.0
148.0,156.0
148.0,511.0
149.0,559.0
149.0,566.0
149.0,205.0
149.0,189.0
149.0,206.0
149.0,933.0
149.0,569.0
149.0,592.0
149.0,310.0
149.0,594.0
149.0,126.0
149.0,959.0
150.0,367.0
150.0,700.0
150.0,221.0
150.0,743.0
150.0,431.0
150.0,640.0
150.0,233.0
150.0,408.0
150.0,411.0
150.0,967.0
150.0,892.0
150.0,879.0
151.0,170.0
151.0,287.0
151.0,979.0
151.0,1027.0
151.0,491.0
151.0,541.0
151.0,1020.0
151.0,845.0
151.0,668.0
151.0,652.0
151.0,462.0
151.0,592.0
152.0,351.0
152.0,588.0
152.0,644.0
152.0,1034.0
152.0,161.0
152.0,403.0
152.0,727.0
152.0,265.0
152.0,350.0
152.0,180.0
152.0,679.0
152.0,382.0
153.0,190.0
153.0,880.0
153.0,664.0
153.0,992.0
153.0,248.0
153.0,695.0
153.0,417.0
153.0,814.0
153.0,883.0
153.0,286.0
153.0,123.0
153.0,327.0
154.0,111.0
154.0,805.0
154.0,857.0
154.0,298.0
154.0,150.0
154.0,795.0
154.0,823.0
154.0,210.0
154.0,877.0
154.0,607.0
154.0,636.0
154.0,176.0
155.0,1019.0
155.0,470.0
155.0,387.0
155.0,608.0
155.0,568.0
155.0,805.0
155.0,214.0
155.0,607.0
155.0,900.0
155.0,319.0
155.0,189.0
155.0,835.0
156.0,563.0
156.0,444.0
156.0,854.0
156.0,880.0
156.0,524.0
156.0,731.0
156.0,657.0
156.0,196.0
156.0,336.0
156.0,914.0
156.0,221.0
156.0,522.0
157.0,979.0
157.0,111.0
157.0,361.0
157.0,507.0
157.0,493.0
157.0,753.0
157.0,70.0
157.0,299.0
157.0,845.0
157.0,294.0
157.0,874.0
157.0,710.0
158.0,653.0
158.0,296.0
158.0,770.0
158.0,845.0
158.0,527.0
158.0,696.0
158.0,208.0
158.0,767.0
158.0,642.0
158.0,530.0
158.0,538.0
158.0,57.0
159.0,558.0
159.0,650.0
159.0,550.0
159.0,887.0
159.0,583.0
159.0,214.0
159.0,281.0
159.0,29.0
159.0,599.0
159.0,888.0
159.0,128.0
159.0,15.0
160.0,368.0
160.0,273.0
160.0,819.0
160.0,4.0
160.0,1027.0
160.0,971.0
160.0,477.0
160.0,127.0
160.0,362.0
160.0,226.0
160.0,745.0
160.0,794.0
161.0,916.0
161.0,499.0
161.0,24.0
161.0,1002.0
161.0,449.0
161.0,966.0
161.0,48.0
161.0,120.0
161.0,28.0
161.0,735.0
161.0,537.0
161.0,835.0
162.0,527.0
162.0,264.0
162.0,865.0
162.0,918.0
162.0,296.0
162.0,58.0
162.0,871.0
162.0,446.0
162.0,922.0
162.0,398.0
162.0,572.0
162.0,593.0
163.0,844.0
163.0,769.0
163.0,1035.0
163.0,96.0
163.0,330.0
163.0,538.0
163.0,648.0
163.0,668.0
163.0,895.0
163.0,235.0
163.0,852.0
163.0,217.0
164.0,123.0
164.0,40.0
164.0,895.0
164.0,869.0
164.0,329.0
164.0,574.0
164.0,97.0
164.0,486.0
164.0,731.0
164.0,608.0
164.0,701.0
164.0,539.0
165.0,191.0
165.0,869.0
165.0,952.0
165.0,743.0
165.0,907.0
165.0,881.0
165.0,411.0
165.0,208.0
165.0,976.0
165.0,931.0
165.0,805.0
165.0,377.0
166.0,331.0
166.0,63.0
166.0,370.0
166.0,821.0
166.0,925.0
166.0,208.0
166.0,586.0
166.0,862.0
166.0,462.0
166.0,1012.0
166.0,300.0
166.0,809.0
167.0,513.0
167.0,970.0
167.0,454.0
167.0,549.0
167.0,873.0
167.0,138.0
167.0,538.0
167.0,414.0
167.0,552.0
167.0,283.0
167.0,1020.0
167.0,224.0
168.0,902.0
168.0,377.0
168.0,883.0
168.0,672.0
168.0,335.0
168.0,77.0
168.0,354.0
168.0,701.0
168.0,1029.0
168.0,322.0
168.0,427.0
168.0,115.0
169.0,981.0
169.0,892.0
169.0,755.0
169.0,421.0
169.0,938.0
169.0,919.0
169.0,415.0
169.0,596.0
169.0,436.0
169.0,69.0
169.0,477.0
169.0,526.0
170.0,746.0
170.0,504.0
170.0,1027.0
170.0,440.0
170.0,181.0
170.0,910.0
170.0,217.0
170.0,165.0
170.0,863.0
170.0,815.0
170.0,363.0
170.0,648.0
171.0,51.0
171.0,551.0
171.0,273.0
171.0,27.0
171.0,24.0
171.0,807.0
171.0,261.0
171.0,1028.0
171.0,257.0
171.0,703.0
171.0,547.0
171.0,731.0
172.0,820.0
172.0,1030.0
172.0,772.0
172.0,324.0
172.0,130.0
172.0,719.0
172.0,153.0
172.0,119.0
172.0,925.0
172.0,265.0
172.0,75.0
172.0,181.0
173.0,936.0
173.0,699.0
173.0,294.0
173.0,484.0
173.0,358.0
173.0,156.0
173.0,854.0
173.0,826.0
173.0,957.0
173.0,724.0
173.0,613.0
173.0,914.0
174.0,108.0
174.0,323.0
174.0,842.0
174.0,269.0
174.0,908.0
174.0,258.0
174.0,758.0
174.0,526.0
174.0,169.0
174.0,362.0
174.0,355.0
174.0,991.0
175.0,560.0
175.0,273.0
175.0,697.0
175.0,13.0
175.0,436.0
175.0,990.0
175.0,701.0
175.0,39.0
175.0,194.0
175.0,399.0
175.0,575.0
175.0,311.0
176.0,146.0
176.0,913.0
176.0,331.0
176.0,530.0
176.0,130.0
176.0,151.0
176.0,513.0
176.0,1003.0
176.0,974.0
176.0,479.0
176.0,319.0
176.0,749.0
177.0,1002.0
177.0,445.0
177.0,896.0
177.0,109.0
177.0,137.0
177.0,163.0
177.0,637.0
177.0,461.0
177.0,872.0
177.0,458.0
177.0,581.0
177.0,129.0
178.0,557.0
178.0,170.0
178.0,175.0
178.0,736.0
178.0,696.0
178.0,1012.0
178.0,183.0
178.0,496.0
178.0,881.0
178.0,155.0
178.0,256.0
178.0,633.0
179.0,304.0
179.0,477.0
179.0,710.0
179.0,596.0
179.0,944.0
179.0,820.0
179.0,439.0
179.0,470.0
179.0,996.0
179.0,545.0
179.0,9.0
179.0,652.0
180.0,510.0
180.0,594.0
180.0,718.0
180.0,564.0
180.0,998.0
180.0,591.0
180.0,89.0
180.0,192.0
180.0,281.0
180.0,679.0
180.0,727.0
180.0,804.0
181.0,269.0
181.0,952.0
181.0,954.0
181.0,66.0
181.0,897.0
181.0,512.0
181.0,172.0
181.0,942.0
181.0,163.0
181.0,755.0
181.0,412.0
181.0,363.0
182.0,334.0
182.0,967.0
182.0,821.0
182.0,349.0
182.0,439.0
182.0,584.0
182.0,989.0
182.0,497.0
182.0,903.0
182.0,388.0
182.0,138.0
182.0,15.0
183.0,920.0
183.0,256.0
183.0,96.0
183.0,820.0
183.0,73.0
183.0,135.0
183.0,265.0
183.0,1023.0
183.0,136.0
183.0,670.0
183.0,985.0
183.0,952.0
184.0,152.0
184.0,887.0
184.0,468.0
184.0,262.0
184.0,273.0
184.0,899.0
184.0,281.0
184.0,504.0
184.0,106.0
184.0,425.0
184.0,125.0
184.0,128.0
185.0,474.0
185.0,801.0
185.0,232.0
185.0,509.0
185.0,1033.0
185.0,62.0
185.0,162.0
185.0,811.0
185.0,829.0
185.0,796.0
185.0,400.0
185.0,579.0
186.0,658.0
186.0,277.0
186.0,9.0
186.0,353.0
186.0,544.0
186.0,72.0
186.0,578.0
186.0,657.0
186.0,141.0
186.0,377.0
186.0,973.0
186.0,52.0
187.0,467.0
187.0,326.0
187.0,220.0
187.0,686.0
187.0,584.0
187.0,697.0
187.0,314.0
187.0,323.0
187.0,668.0
187.0,331.0
187.0,541.0
187.0,140.0
188.0,607.0
188.0,304.0
188.0,537.0
188.0,835.0
188.0,415.0
188.0,220.0
188.0,69.0
188.0,929.0
188.0,512.0
188.0,270.0
188.0,157.0
188.0,592.0
189.0,599.0
189.0,614.0
189.0,640.0
189.0,411.0
189.0,973.0
189.0,78.0
189.0,860.0
189.0,143.0
189.0,1009.0
189.0,176.0
189.0,954.0
189.0,672.0
190.0,735.0
190.0,676.0
190.0,768.0
190.0,299.0
190.0,499.0
190.0,184.0
190.0,475.0
190.0,477.0
190.0,588.0
190.0,757.0
190.0,595.0
190.0,504.0
191.0,1029.0
191.0,694.0
191.0,268.0
191.0,906.0
191.0,711.0
191.0,525.0
191.0,560.0
191.0,743.0
191.0,12.0
191.0,98.0
191.0,820.0
191.0,66.0
192.0,348.0
192.0,676.0
192.0,839.0
192.0,182.0
192.0,504.0
192.0,1015.0
192.0,903.0
192.0,505.0
192.0,40.0
192.0,564.0
192.0,3.0
192.0,774.0
193.0,55.0
193.0,473.0
193.0,431.0
193.0,56.0
193.0,491.0
193.0,479.0
193.0,68.0
193.0,586.0
193.0,304.0
193.0,845.0
193.0,427.0
193.0,250.0
194.0,582.0
194.0,344.0
194.0,732.0
194.0,780.0
194.0,600.0
194.0,73.0
194.0,435.0
194.0,84.0
194.0,686.0
194.0,594.0
194.0,265.0
194.0,817.0
195.0,734.0
195.0,635.0
195.0,495.0
195.0,51.0
195.0,909.0
195.0,186.0
195.0,529.0
195.0,792.0
195.0,471.0
195.0,647.0
195.0,277.0
195.0,779.0
196.0,67.0
196.0,887.0
196.0,912.0
196.0,935.0
196.0,976.0
196.0,210.0
196.0,130.0
196.0,374.0
196.0,503.0
196.0,586.0
196.0,879.0
196.0,431.0
197.0,768.0
197.0,727.0
197.0,190.0
197.0,177.0
197.0,192.0
197.0,896.0
197.0,258.0
197.0,86.0
197.0,375.0
197.0,814.0
197.0,321.0
197.0,282.0
198.0,868.0
198.0,330.0
198.0,667.0
198.0,938.0
198.0,308.0
198.0,692.0
198.0,252.0
198.0,902.0
198.0,1011.0
198.0,304.0
198.0,30.0
198.0,961.0
199.0,426.0
199.0,25.0
199.0,85.0
199.0,58.0
199.0,424.0
199.0,233.0
199.0,920.0
199.0,549.0
199.0,315.0
199.0,8.0
199.0,1008.0
199.0,539.0
200.0,209.0
200.0,182.0
200.0,38.0
200.0,1027.0
200.0,248.0
200.0,859.0
200.0,579.0
200.0,328.0
200.0,637.0
200.0,601.0
200.0,335.0
200.0,628.0
201.0,358.0
201.0,716.0
201.0,857.0
201.0,1022.0
201.0,617.0
201.0,855.0
201.0,1034.0
201.0,679.0
201.0,826.0
201.0,86.0
201.0,350.0
201.0,89.0
202.0,186.0
202.0,52.0
202.0,686.0
202.0,18.0
202.0,472.0
202.0,223.0
202.0,910.0
202.0,333.0
202.0,23.0
202.0,861.0
202.0,72.0
202.0,812.0
203.0,157.0
203.0,464.0
203.0,620.0
203.0,869.0
203.0,543.0
203.0,59.0
203.0,970.0
203.0,466.0
203.0,686.0
203.0,948.0
203.0,890.0
203.0,624.0
204.0,976.0
204.0,657.0
204.0,716.0
204.0,855.0
204.0,137.0
204.0,857.0
204.0,715.0
204.0,624.0
204.0,543.0
204.0,1009.0
204.0,198.0
204.0,989.0
205.0,98.0
205.0,592.0
205.0,705.0
205.0,235.0
205.0,245.0
205.0,168.0
205.0,173.0
205.0,773.0
205.0,74.0
205.0,994.0
205.0,825.0
205.0,670.0
206.0,981.0
206.0,668.0
206.0,265.0
206.0,609.0
206.0,301.0
206.0,126.0
206.0,383.0
206.0,331.0
206.0,1020.0
206.0,973.0
206.0,475.0
206.0,742.0
207.0,804.0
207.0,656.0
207.0,854.0
207.0,214.0
207.0,839.0
207.0,477.0
207.0,173.0
207.0,508.0
207.0,297.0
207.0,288.0
207.0,989.0
207.0,923.0
208.0,948.0
208.0,79.0
208.0,712.0
208.0,967.0
208.0,728.0
208.0,528.0
208.0,1008.0
208.0,913.0
208.0,330.0
208.0,557.0
208.0,308.0
208.0,909.0
209.0,97.0
209.0,1020.0
209.0,632.0
209.0,467.0
209.0,552.0
209.0,583.0
209.0,993.0
209.0,314.0
209.0,111.0
209.0,352.0
209.0,153.0
209.0,903.0
210.0,214.0
210.0,916.0
210.0,112.0
210.0,319.0
210.0,384.0
210.0,332.0
210.0,491.0
210.0,32.0
210.0,266.0
210.0,78.0
210.0,752.0
210.0,863.0
211.0,1020.0
211.0,793.0
211.0,309.0
211.0,961.0
211.0,110.0
211.0,987.0
211.0,791.0
211.0,944.0
211.0,554.0
211.0,584.0
211.0,517.0
211.0,988.0
212.0,691.0
212.0,183.0
212.0,881.0
212.0,66.0
212.0,724.0
212.0,914.0
212.0,218.0
212.0,148.0
212.0,971.0
212.0,659.0
212.0,327.0
212.0,508.0
213.0,985.0
213.0,379.0
213.0,9.0
213.0,638.0
213.0,759.0
213.0,1005.0
213.0,824.0
213.0,212.0
213.0,636.0
213.0,266.0
213.0,590.0
213.0,794.0
214.0,865.0
214.0,427.0
214.0,372.0
214.0,375.0
214.0,1035.0
214.0,32.0
214.0,989.0
214.0,380.0
214.0,540.0
214.0,565.0
214.0,652.0
214.0,423.0
215.0,188.0
215.0,995.0
215.0,648.0
215.0,206.0
215.0,559.0
215.0,1027.0
215.0,800.0
215.0,938.0
215.0,799.0
215.0,96.0
215.0,330.0
215.0,774.0
216.0,736.0
216.0,138.0
216.0,210.0
216.0,244.0
216.0,38.0
216.0,24.0
216.0,765.0
216.0,835.0
216.0,840.0
216.0,888.0
216.0,158.0
216.0,1027.0
217.0,665.0
217.0,9.0
217.0,575.0
217.0,966.0
217.0,115.0
217.0,931.0
217.0,837.0
217.0,259.0
217.0,287.0
217.0,292.0
217.0,226.0
217.0,473.0
218.0,736.0
218.0,869.0
218.0,179.0
218.0,307.0
218.0,440.0
218.0,436.0
218.0,819.0
218.0,889.0
218.0,665.0
218.0,463.0
218.0,336.0
218.0,753.0
219.0,301.0
219.0,753.0
219.0,434.0
219.0,115.0
219.0,418.0
219.0,1009.0
219.0,840.0
219.0,864.0
219.0,977.0
219.0,698.0
219.0,354.0
219.0,87.0
220.0,163.0
220.0,844.0
220.0,749.0
220.0,1035.0
220.0,20.0
220.0,648.0
220.0,368.0
220.0,540.0
220.0,176.0
220.0,668.0
220.0,740.0
220.0,839.0
221.0,662.0
221.0,69.0
221.0,488.0
221.0,193.0
221.0,232.0
221.0,670.0
221.0,342.0
221.0,945.0
221.0,226.0
221.0,1020.0
221.0,958.0
221.0,695.0
222.0,178.0
222.0,897.0
222.0,36.0
222.0,181.0
222.0,658.0
222.0,983.0
222.0,525.0
222.0,416.0
222.0,435.0
222.0,565.0
222.0,548.0
222.0,268.0
223.0,18.0
223.0,271.0
223.0,744.0
223.0,245.0
223.0,82.0
223.0,72.0
223.0,980.0
223.0,548.0
223.0,570.0
223.0,623.0
223.0,886.0
223.0,898.0
224.0,926.0
224.0,366.0
224.0,369.0
224.0,407.0
224.0,540.0
224.0,420.0
224.0,759.0
224.0,989.0
224.0,66.0
224.0,55.0
224.0,958.0
224.0,594.0
225.0,517.0
225.0,909.0
225.0,345.0
225.0,767.0
225.0,791.0
225.0,639.0
225.0,587.0
225.0,199.0
225.0,623.0
225.0,93.0
225.0,972.0
225.0,99.0
226.0,372.0
226.0,889.0
226.0,839.0
226.0,931.0
226.0,142.0
226.0,887.0
226.0,32.0
226.0,811.0
226.0,234.0
226.0,974.0
226.0,938.0
226.0,470.0
227.0,179.0
227.0,279.0
227.0,806.0
227.0,284.0
227.0,547.0
227.0,557.0
227.0,516.0
227.0,539.0
227.0,374.0
227.0,332.0
227.0,905.0
227.0,570.0
228.0,123.0
228.0,947.0
228.0,610.0
228.0,667.0
228.0,331.0
228.0,1024.0
228.0,837.0
228.0,226.0
228.0,370.0
228.0,423.0
228.0,283.0
228.0,507.0
229.0,277.0
229.0,242.0
229.0,864.0
229.0,134.0
229.0,551.0
229.0,701.0
229.0,977.0
229.0,791.0
229.0,9.0
229.0,227.0
229.0,635.0
229.0,491.0
230.0,240.0
230.0,209.0
230.0,253.0
230.0,97.0
230.0,786.0
230.0,768.0
230.0,101.0
230.0,595.0
230.0,603.0
230.0,685.0
230.0,109.0
230.0,137.0
231.0,292.0
231.0,744.0
231.0,566.0
231.0,211.0
231.0,276.0
231.0,598.0
231.0,353.0
231.0,777.0
231.0,612.0
231.0,985.0
231.0,734.0
231.0,753.0
232.0,185.0
232.0,970.0
232.0,475.0
232.0,933.0
232.0,481.0
232.0,57.0
232.0,889.0
232.0,216.0
232.0,862.0
232.0,137.0
232.0,978.0
232.0,95.0
233.0,377.0
233.0,917.0
233.0,910.0
233.0,512.0
233.0,492.0
233.0,257.0
233.0,647.0
233.0,52.0
233.0,969.0
233.0,133.0
233.0,51.0
233.0,575.0
234.0,649.0
234.0,569.0
234.0,723.0
234.0,478.0
234.0,401.0
234.0,867.0
234.0,591.0
234.0,266.0
234.0,981.0
234.0,174.0
234.0,236.0
234.0,848.0
235.0,781.0
235.0,115.0
235.0,531.0
235.0,866.0
235.0,749.0
235.0,288.0
235.0,96.0
235.0,181.0
235.0,189.0
235.0,218.0
235.0,182.0
235.0,89.0
236.0,11.0
236.0,528.0
236.0,419.0
236.0,952.0
236.0,146.0
236.0,574.0
236.0,646.0
236.0,854.0
236.0,656.0
236.0,487.0
236.0,22.0
236.0,589.0
237.0,904.0
237.0,62.0
237.0,88.0
237.0,918.0
237.0,798.0
237.0,158.0
237.0,999.0
237.0,316.0
237.0,738.0
237.0,93.0
237.0,309.0
237.0,249.0
238.0,543.0
238.0,819.0
238.0,178.0
238.0,528.0
238.0,589.0
238.0,399.0
238.0,455.0
238.0,854.0
238.0,746.0
238.0,401.0
238.0,831.0
238.0,508.0
239.0,494.0
239.0,414.0
239.0,219.0
239.0,121.0
239.0,161.0
239.0,847.0
239.0,896.0
239.0,372.0
239.0,193.0
239.0,341.0
239.0,672.0
239.0,801.0
240.0,200.0
240.0,177.0
240.0,567.0
240.0,616.0
240.0,709.0
240.0,760.0
240.0,145.0
240.0,763.0
240.0,632.0
240.0,680.0
240.0,572.0
240.0,584.0
241.0,504.0
241.0,941.0
241.0,51.0
241.0,1025.0
241.0,895.0
241.0,308.0
241.0,917.0
241.0,208.0
241.0,666.0
241.0,887.0
241.0,912.0
241.0,226.0
242.0,940.0
242.0,42.0
242.0,840.0
242.0,286.0
242.0,996.0
242.0,15.0
242.0,970.0
242.0,283.0
242.0,865.0
242.0,423.0
242.0,714.0
242.0,103.0
243.0,15.0
243.0,537.0
243.0,992.0
243.0,944.0
243.0,138.0
243.0,75.0
243.0,326.0
243.0,504.0
243.0,116.0
243.0,648.0
243.0,781.0
243.0,624.0
244.0,1012.0
244.0,112.0
244.0,546.0
244.0,380.0
244.0,531.0
244.0,504.0
244.0,550.0
244.0,657.0
244.0,422.0
244.0,257.0
244.0,259.0
244.0,168.0
245.0,973.0
245.0,949.0
245.0,79.0
245.0,497.0
245.0,764.0
245.0,495.0
245.0,852.0
245.0,747.0
245.0,933.0
245.0,373.0
245.0,1017.0
245.0,682.0
246.0,672.0
246.0,590.0
246.0,702.0
246.0,222.0
246.0,985.0
246.0,992.0
246.0,1017.0
246.0,965.0
246.0,772.0
246.0,272.0
246.0,340.0
246.0,36.0
247.0,833.0
247.0,875.0
247.0,11.0
247.0,775.0
247.0,589.0
247.0,23.0
247.0,944.0
247.0,399.0
247.0,533.0
247.0,953.0
247.0,963.0
247.0,475.0
248.0,896.0
248.0,804.0
248.0,469.0
248.0,329.0
248.0,458.0
248.0,389.0
248.0,688.0
248.0,586.0
248.0,382.0
248.0,616.0
248.0,253.0
248.0,958.0
249.0,386.0
249.0,296.0
249.0,680.0
249.0,593.0
249.0,904.0
249.0,791.0
249.0,398.0
249.0,572.0
249.0,62.0
249.0,623.0
249.0,784.0
249.0,237.0
250.0,731.0
250.0,570.0
250.0,154.0
250.0,996.0
250.0,523.0
250.0,592.0
250.0,1035.0
250.0,181.0
250.0,830.0
250.0,169.0
250.0,599.0
250.0,33.0
251.0,402.0
251.0,673.0
251.0,697.0
251.0,15.0
251.0,816.0
251.0,201.0
251.0,13.0
251.0,825.0
251.0,666.0
251.0,650.0
251.0,618.0
251.0,246.0
252.0,701.0
252.0,791.0
252.0,648.0
252.0,113.0
252.0,30.0
252.0,524.0
252.0,243.0
252.0,655.0
252.0,73.0
252.0,71.0
252.0,622.0
252.0,47.0
253.0,40.0
253.0,68.0
253.0,899.0
253.0,239.0
253.0,341.0
253.0,161.0
253.0,139.0
253.0,196.0
253.0,75.0
253.0,461.0
253.0,214.0
253.0,224.0
254.0,284.0
254.0,287.0
254.0,120.0
254.0,275.0
254.0,228.0
254.0,220.0
254.0,944.0
254.0,214.0
254.0,1016.0
254.0,383.0
254.0,942.0
254.0,174.0
255.0,677.0
255.0,58.0
255.0,8.0
255.0,219.0
255.0,882.0
255.0,521.0
255.0,46.0
255.0,910.0
255.0,432.0
255.0,49.0
255.0,45.0
255.0,264.0
256.0,582.0
256.0,507.0
256.0,952.0
256.0,399.0
256.0,135.0
256.0,268.0
256.0,965.0
256.0,257.0
256.0,794.0
256.0,824.0
256.0,251.0
256.0,876.0
257.0,932.0
257.0,496.0
257.0,580.0
257.0,706.0
257.0,926.0
257.0,98.0
257.0,273.0
257.0,78.0
257.0,502.0
257.0,792.0
257.0,563.0
257.0,483.0
258.0,59.0
258.0,1004.0
258.0,725.0
258.0,210.0
258.0,166.0
258.0,800.0
258.0,408.0
258.0,128.0
258.0,412.0
258.0,881.0
258.0,937.0
258.0,81.0
259.0,975.0
259.0,394.0
259.0,778.0
259.0,955.0
259.0,699.0
259.0,146.0
259.0,221.0
259.0,712.0
259.0,1035.0
259.0,680.0
259.0,4.0
259.0,852.0
260.0,711.0
260.0,849.0
260.0,1013.0
260.0,638.0
260.0,271.0
260.0,634.0
260.0,935.0
260.0,344.0
260.0,265.0
260.0,730.0
260.0,741.0
260.0,77.0
261.0,279.0
261.0,923.0
261.0,298.0
261.0,427.0
261.0,404.0
261.0,332.0
261.0,504.0
261.0,586.0
261.0,924.0
261.0,231.0
261.0,754.0
261.0,740.0
262.0,448.0
262.0,957.0
262.0,800.0
262.0,716.0
262.0,184.0
262.0,230.0
262.0,962.0
262.0,325.0
262.0,758.0
262.0,484.0
262.0,733.0
262.0,679.0
263.0,831.0
263.0,234.0
263.0,995.0
263.0,854.0
263.0,1032.0
263.0,61.0
263.0,979.0
263.0,256.0
263.0,1017.0
263.0,718.0
263.0,526.0
263.0,320.0
264.0,829.0
264.0,432.0
264.0,554.0
264.0,159.0
264.0,946.0
264.0,345.0
264.0,961.0
264.0,561.0
264.0,972.0
264.0,497.0
264.0,1007.0
264.0,925.0
265.0,747.0
265.0,674.0
265.0,136.0
265.0,559.0
265.0,275.0
265.0,157.0
265.0,741.0
265.0,787.0
265.0,175.0
265.0,245.0
265.0,623.0
265.0,528.0
266.0,971.0
266.0,23.0
266.0,20.0
266.0,948.0
266.0,123.0
266.0,525.0
266.0,1004.0
266.0,847.0
266.0,318.0
266.0,830.0
266.0,866.0
266.0,286.0
267.0,235.0
267.0,217.0
267.0,169.0
267.0,381.0
267.0,817.0
267.0,385.0
267.0,126.0
267.0,450.0
267.0,317.0
267.0,618.0
267.0,23.0
267.0,745.0
268.0,866.0
268.0,894.0
268.0,742.0
268.0,353.0
268.0,702.0
268.0,455.0
268.0,256.0
268.0,164.0
268.0,820.0
268.0,464.0
268.0,165.0
268.0,363.0
269.0,755.0
269.0,242.0
269.0,596.0
269.0,756.0
269.0,894.0
269.0,839.0
269.0,881.0
269.0,663.0
269.0,374.0
269.0,334.0
269.0,948.0
269.0,428.0
270.0,11.0
270.0,445.0
270.0,358.0
270.0,478.0
270.0,923.0
270.0,888.0
270.0,1032.0
270.0,207.0
270.0,559.0
270.0,971.0
270.0,893.0
270.0,15.0
271.0,548.0
271.0,688.0
271.0,219.0
271.0,438.0
271.0,928.0
271.0,222.0
271.0,393.0
271.0,866.0
271.0,260.0
271.0,751.0
271.0,410.0
271.0,702.0
272.0,402.0
272.0,734.0
272.0,454.0
272.0,60.0
272.0,532.0
272.0,963.0
272.0,816.0
272.0,590.0
272.0,37.0
272.0,96.0
272.0,761.0
272.0,260.0
273.0,504.0
273.0,938.0
273.0,560.0
273.0,193.0
273.0,578.0
273.0,244.0
273.0,753.0
273.0,959.0
273.0,443.0
273.0,612.0
273.0,483.0
273.0,989.0
274.0,133.0
274.0,481.0
274.0,352.0
274.0,404.0
274.0,1033.0
274.0,694.0
274.0,309.0
274.0,319.0
274.0,185.0
274.0,486.0
274.0,225.0
274.0,527.0
275.0,504.0
275.0,366.0
275.0,1001.0
275.0,594.0
275.0,696.0
275.0,657.0
275.0,118.0
275.0,597.0
275.0,935.0
275.0,283.0
275.0,772.0
275.0,34.0
276.0,977.0
276.0,1031.0
276.0,307.0
276.0,115.0
276.0,581.0
276.0,440.0
276.0,1016.0
276.0,352.0
276.0,556.0
276.0,805.0
276.0,193.0
276.0,23.0
277.0,792.0
277.0,795.0
277.0,483.0
277.0,570.0
277.0,600.0
277.0,612.0
277.0,785.0
277.0,46.0
277.0,915.0
277.0,370.0
277.0,895.0
277.0,165.0
278.0,871.0
278.0,150.0
278.0,88.0
278.0,110.0
278.0,322.0
278.0,778.0
278.0,200.0
278.0,637.0
278.0,735.0
278.0,900.0
278.0,383.0
278.0,87.0
279.0,799.0
279.0,146.0
279.0,566.0
279.0,754.0
279.0,1030.0
279.0,509.0
279.0,434.0
279.0,919.0
279.0,611.0
279.0,687.0
279.0,952.0
279.0,773.0
280.0,368.0
280.0,565.0
280.0,696.0
280.0,383.0
280.0,103.0
280.0,252.0
280.0,906.0
280.0,472.0
280.0,1027.0
280.0,718.0
280.0,94.0
280.0,808.0
281.0,804.0
281.0,712.0
281.0,128.0
281.0,395.0
281.0,326.0
281.0,107.0
281.0,774.0
281.0,16.0
281.0,179.0
281.0,883.0
281.0,708.0
281.0,896.0
282.0,180.0
282.0,559.0
282.0,606.0
282.0,737.0
282.0,468.0
282.0,40.0
282.0,591.0
282.0,899.0
282.0,800.0
282.0,107.0
282.0,207.0
282.0,306.0
283.0,288.0
283.0,1004.0
283.0,905.0
283.0,834.0
283.0,228.0
283.0,554.0
283.0,942.0
283.0,168.0
283.0,1009.0
283.0,414.0
283.0,838.0
283.0,248.0
284.0,823.0
284.0,241.0
284.0,26.0
284.0,766.0
284.0,165.0
284.0,678.0
284.0,691.0
284.0,66.0
284.0,643.0
284.0,989.0
284.0,785.0
284.0,456.0
285.0,136.0
285.0,914.0
285.0,419.0
285.0,537.0
285.0,238.0
285.0,826.0
285.0,236.0
285.0,963.0
285.0,1005.0
285.0,953.0
285.0,569.0
285.0,775.0
286.0,847.0
286.0,336.0
286.0,279.0
286.0,290.0
286.0,1009.0
286.0,566.0
286.0,558.0
286.0,493.0
286.0,203.0
286.0,524.0
286.0,581.0
286.0,311.0
287.0,912.0
287.0,954.0
287.0,254.0
287.0,102.0
287.0,107.0
287.0,862.0
287.0,203.0
287.0,781.0
287.0,887.0
287.0,210.0
287.0,285.0
287.0,877.0
288.0,788.0
288.0,933.0
288.0,925.0
288.0,383.0
288.0,250.0
288.0,1035.0
288.0,304.0
288.0,928.0
288.0,536.0
288.0,826.0
288.0,759.0
288.0,266.0
289.0,519.0
289.0,286.0
289.0,650.0
289.0,961.0
289.0,76.0
289.0,251.0
289.0,335.0
289.0,772.0
289.0,455.0
289.0,876.0
289.0,138.0
289.0,730.0
290.0,509.0
290.0,292.0
290.0,667.0
290.0,198.0
290.0,522.0
290.0,584.0
290.0,516.0
290.0,721.0
290.0,4.0
290.0,32.0
290.0,235.0
290.0,143.0
291.0,310.0
291.0,919.0
291.0,1017.0
291.0,897.0
291.0,929.0
291.0,924.0
291.0,708.0
291.0,729.0
291.0,0.0
291.0,817.0
291.0,73.0
291.0,122.0
292.0,514.0
292.0,414.0
292.0,1007.0
292.0,695.0
292.0,1035.0
292.0,172.0
292.0,552.0
292.0,652.0
292.0,501.0
292.0,387.0
292.0,640.0
292.0,154.0
293.0,44.0
293.0,993.0
293.0,1.0
293.0,790.0
293.0,693.0
293.0,452.0
293.0,1021.0
293.0,865.0
293.0,100.0
293.0,315.0
293.0,62.0
293.0,918.0
294.0,559.0
294.0,942.0
294.0,557.0
294.0,298.0
294.0,304.0
294.0,55.0
294.0,170.0
294.0,949.0
294.0,344.0
294.0,260.0
294.0,806.0
294.0,906.0
295.0,507.0
295.0,568.0
295.0,300.0
295.0,227.0
295.0,250.0
295.0,392.0
295.0,817.0
295.0,275.0
295.0,960.0
295.0,806.0
295.0,411.0
295.0,242.0
296.0,1009.0
296.0,852.0
296.0,334.0
296.0,856.0
296.0,877.0
296.0,368.0
296.0,42.0
296.0,307.0
296.0,561.0
296.0,269.0
296.0,795.0
296.0,290.0
297.0,173.0
297.0,401.0
297.0,995.0
297.0,745.0
297.0,957.0
297.0,86.0
297.0,270.0
297.0,174.0
297.0,645.0
297.0,488.0
297.0,41.0
297.0,782.0
298.0,408.0
298.0,980.0
298.0,515.0
298.0,553.0
298.0,754.0
298.0,342.0
298.0,204.0
298.0,50.0
298.0,309.0
298.0,830.0
298.0,698.0
298.0,839.0
299.0,967.0
299.0,947.0
299.0,494.0
299.0,501.0
299.0,707.0
299.0,608.0
299.0,853.0
299.0,659.0
299.0,959.0
299.0,900.0
299.0,869.0
299.0,607.0
300.0,191.0
300.0,557.0
300.0,875.0
300.0,430.0
300.0,780.0
300.0,289.0
300.0,391.0
300.0,848.0
300.0,674.0
300.0,453.0
300.0,273.0
300.0,873.0
301.0,667.0
301.0,973.0
301.0,1031.0
301.0,317.0
301.0,540.0
301.0,66.0
301.0,291.0
301.0,609.0
301.0,440.0
301.0,501.0
301.0,655.0
301.0,127.0
302.0,428.0
302.0,713.0
302.0,688.0
302.0,653.0
302.0,807.0
302.0,590.0
302.0,186.0
302.0,333.0
302.0,657.0
302.0,701.0
302.0,817.0
302.0,141.0
303.0,135.0
303.0,443.0
303.0,621.0
303.0,36.0
303.0,272.0
303.0,402.0
303.0,589.0
303.0,906.0
303.0,979.0
303.0,323.0
303.0,246.0
303.0,532.0
304.0,327.0
304.0,584.0
304.0,524.0
304.0,112.0
304.0,710.0
304.0,959.0
304.0,662.0
304.0,228.0
304.0,853.0
304.0,877.0
304.0,470.0
304.0,59.0
305.0,358.0
305.0,306.0
305.0,757.0
305.0,885.0
305.0,350.0
305.0,1022.0
305.0,720.0
305.0,311.0
305.0,64.0
305.0,716.0
305.0,262.0
305.0,359.0
306.0,152.0
306.0,405.0
306.0,147.0
306.0,190.0
306.0,382.0
306.0,644.0
306.0,413.0
306.0,606.0
306.0,350.0
306.0,798.0
306.0,197.0
306.0,520.0
307.0,55.0
307.0,586.0
307.0,407.0
307.0,438.0
307.0,684.0
307.0,411.0
307.0,933.0
307.0,408.0
307.0,964.0
307.0,680.0
307.0,996.0
307.0,66.0
308.0,539.0
308.0,565.0
308.0,389.0
308.0,890.0
308.0,542.0
308.0,691.0
308.0,243.0
308.0,518.0
308.0,992.0
308.0,217.0
308.0,102.0
308.0,583.0
309.0,1011.0
309.0,868.0
309.0,832.0
309.0,646.0
309.0,248.0
309.0,722.0
309.0,717.0
309.0,433.0
309.0,587.0
309.0,942.0
309.0,110.0
309.0,278.0
310.0,806.0
310.0,304.0
310.0,96.0
310.0,245.0
310.0,178.0
310.0,169.0
310.0,368.0
310.0,268.0
310.0,873.0
310.0,440.0
310.0,13.0
310.0,701.0
311.0,580.0
311.0,991.0
311.0,468.0
311.0,128.0
311.0,564.0
311.0,726.0
311.0,106.0
311.0,425.0
311.0,967.0
311.0,819.0
311.0,431.0
311.0,132.0
312.0,14.0
312.0,483.0
312.0,568.0
312.0,939.0
312.0,454.0
312.0,901.0
312.0,347.0
312.0,761.0
312.0,812.0
312.0,578.0
312.0,600.0
312.0,851.0
313.0,684.0
313.0,78.0
313.0,670.0
313.0,760.0
313.0,220.0
313.0,531.0
313.0,970.0
313.0,668.0
313.0,754.0
313.0,420.0
313.0,1009.0
313.0,253.0
314.0,437.0
314.0,17.0
314.0,999.0
314.0,474.0
314.0,374.0
314.0,1004.0
314.0,328.0
314.0,958.0
314.0,878.0
314.0,97.0
314.0,131.0
314.0,439.0
315.0,527.0
315.0,185.0
315.0,91.0
315.0,159.0
315.0,220.0
315.0,941.0
315.0,87.0
315.0,63.0
315.0,211.0
315.0,5.0
315.0,832.0
315.0,293.0
316.0,490.0
316.0,278.0
316.0,71.0
316.0,567.0
316.0,338.0
316.0,145.0
316.0,109.0
316.0,197.0
316.0,370.0
316.0,1011.0
316.0,717.0
316.0,163.0
317.0,383.0
317.0,844.0
317.0,442.0
317.0,415.0
317.0,136.0
317.0,713.0
317.0,189.0
317.0,558.0
317.0,447.0
317.0,825.0
317.0,538.0
317.0,81.0
318.0,896.0
318.0,652.0
318.0,781.0
318.0,831.0
318.0,491.0
318.0,412.0
318.0,146.0
318.0,921.0
318.0,737.0
318.0,499.0
318.0,596.0
318.0,522.0
319.0,181.0
319.0,243.0
319.0,933.0
319.0,242.0
319.0,557.0
319.0,552.0
319.0,707.0
319.0,155.0
319.0,895.0
319.0,513.0
319.0,313.0
319.0,615.0
320.0,786.0
320.0,947.0
320.0,604.0
320.0,899.0
320.0,782.0
320.0,562.0
320.0,644.0
320.0,651.0
320.0,464.0
320.0,405.0
320.0,201.0
320.0,1015.0
321.0,450.0
321.0,878.0
321.0,717.0
321.0,71.0
321.0,68.0
321.0,184.0
321.0,282.0
321.0,192.0
321.0,1015.0
321.0,525.0
321.0,262.0
321.0,924.0
322.0,1003.0
322.0,104.0
322.0,387.0
322.0,941.0
322.0,922.0
322.0,969.0
322.0,9.0
322.0,264.0
322.0,982.0
322.0,823.0
322.0,629.0
322.0,993.0
323.0,344.0
323.0,76.0
323.0,874.0
323.0,638.0
323.0,436.0
323.0,557.0
323.0,393.0
323.0,156.0
323.0,231.0
323.0,463.0
323.0,690.0
323.0,108.0
324.0,155.0
324.0,489.0
324.0,910.0
324.0,759.0
324.0,582.0
324.0,682.0
324.0,634.0
324.0,901.0
324.0,416.0
324.0,997.0
324.0,650.0
324.0,751.0
325.0,715.0
325.0,1008.0
325.0,722.0
325.0,467.0
325.0,798.0
325.0,26.0
325.0,888.0
325.0,899.0
325.0,17.0
325.0,654.0
325.0,616.0
325.0,405.0
326.0,573.0
326.0,844.0
326.0,978.0
326.0,372.0
326.0,976.0
326.0,931.0
326.0,261.0
326.0,523.0
326.0,71.0
326.0,558.0
326.0,756.0
326.0,1019.0
327.0,440.0
327.0,973.0
327.0,167.0
327.0,683.0
327.0,989.0
327.0,75.0
327.0,790.0
327.0,522.0
327.0,291.0
327.0,856.0
327.0,120.0
327.0,515.0
328.0,405.0
328.0,596.0
328.0,560.0
328.0,638.0
328.0,947.0
328.0,461.0
328.0,980.0
328.0,417.0
328.0,958.0
328.0,500.0
328.0,654.0
328.0,841.0
329.0,862.0
329.0,705.0
329.0,839.0
329.0,449.0
329.0,803.0
329.0,24.0
329.0,131.0
329.0,890.0
329.0,429.0
329.0,906.0
329.0,735.0
329.0,743.0
330.0,29.0
330.0,961.0
330.0,597.0
330.0,291.0
330.0,954.0
330.0,117.0
330.0,887.0
330.0,304.0
330.0,554.0
330.0,115.0
330.0,958.0
330.0,163.0
331.0,795.0
331.0,307.0
331.0,491.0
331.0,586.0
331.0,533.0
331.0,56.0
331.0,558.0
331.0,756.0
331.0,861.0
331.0,749.0
331.0,361.0
331.0,531.0
332.0,261.0
332.0,655.0
332.0,276.0
332.0,950.0
332.0,687.0
332.0,1009.0
332.0,191.0
332.0,774.0
332.0,463.0
332.0,707.0
332.0,889.0
332.0,930.0
333.0,544.0
333.0,453.0
333.0,886.0
333.0,751.0
333.0,14.0
333.0,422.0
333.0,455.0
333.0,371.0
333.0,703.0
333.0,977.0
333.0,551.0
333.0,171.0
334.0,290.0
334.0,514.0
334.0,449.0
334.0,942.0
334.0,454.0
334.0,719.0
334.0,967.0
334.0,91.0
334.0,845.0
334.0,497.0
334.0,181.0
334.0,1031.0
335.0,784.0
335.0,95.0
335.0,554.0
335.0,176.0
335.0,570.0
335.0,910.0
335.0,865.0
335.0,862.0
335.0,977.0
335.0,719.0
335.0,73.0
335.0,378.0
336.0,754.0
336.0,731.0
336.0,427.0
336.0,417.0
336.0,659.0
336.0,991.0
336.0,981.0
336.0,550.0
336.0,765.0
336.0,1035.0
336.0,466.0
336.0,269.0
337.0,171.0
337.0,804.0
337.0,275.0
337.0,865.0
337.0,372.0
337.0,424.0
337.0,73.0
337.0,134.0
337.0,279.0
337.0,945.0
337.0,166.0
337.0,916.0
338.0,145.0
338.0,405.0
338.0,999.0
338.0,802.0
338.0,88.0
338.0,228.0
338.0,109.0
338.0,93.0
338.0,100.0
338.0,593.0
338.0,400.0
338.0,193.0
339.0,0.0
339.0,921.0
339.0,852.0
339.0,436.0
339.0,856.0
339.0,507.0
339.0,739.0
339.0,87.0
339.0,1008.0
339.0,219.0
339.0,210.0
339.0,672.0
340.0,849.0
340.0,633.0
340.0,997.0
340.0,302.0
340.0,731.0
340.0,81.0
340.0,623.0
340.0,307.0
340.0,876.0
340.0,548.0
340.0,758.0
340.0,268.0
341.0,203.0
341.0,809.0
341.0,912.0
341.0,161.0
341.0,757.0
341.0,552.0
341.0,879.0
341.0,652.0
341.0,414.0
341.0,172.0
341.0,776.0
341.0,765.0
342.0,484.0
342.0,668.0
342.0,574.0
342.0,705.0
342.0,754.0
342.0,559.0
342.0,240.0
342.0,499.0
342.0,48.0
342.0,541.0
342.0,38.0
342.0,466.0
343.0,900.0
343.0,845.0
343.0,712.0
343.0,970.0
343.0,981.0
343.0,235.0
343.0,971.0
343.0,584.0
343.0,80.0
343.0,303.0
343.0,621.0
343.0,7.0
344.0,44.0
344.0,295.0
344.0,74.0
344.0,612.0
344.0,609.0
344.0,355.0
344.0,340.0
344.0,178.0
344.0,23.0
344.0,929.0
344.0,688.0
344.0,172.0
345.0,347.0
345.0,540.0
345.0,166.0
345.0,916.0
345.0,703.0
345.0,587.0
345.0,811.0
345.0,162.0
345.0,102.0
345.0,312.0
345.0,722.0
345.0,24.0
346.0,294.0
346.0,410.0
346.0,265.0
346.0,29.0
346.0,36.0
346.0,886.0
346.0,731.0
346.0,256.0
346.0,897.0
346.0,673.0
346.0,496.0
346.0,60.0
347.0,24.0
347.0,432.0
347.0,692.0
347.0,801.0
347.0,793.0
347.0,308.0
347.0,924.0
347.0,491.0
347.0,505.0
347.0,693.0
347.0,917.0
347.0,100.0
348.0,490.0
348.0,896.0
348.0,654.0
348.0,390.0
348.0,259.0
348.0,230.0
348.0,626.0
348.0,152.0
348.0,644.0
348.0,382.0
348.0,285.0
348.0,888.0
349.0,717.0
349.0,348.0
349.0,270.0
349.0,900.0
349.0,449.0
349.0,888.0
349.0,722.0
349.0,351.0
349.0,958.0
349.0,847.0
349.0,395.0
349.0,137.0
350.0,305.0
350.0,991.0
350.0,899.0
350.0,491.0
350.0,776.0
350.0,843.0
350.0,720.0
350.0,644.0
350.0,448.0
350.0,1015.0
350.0,615.0
350.0,288.0
351.0,414.0
351.0,809.0
351.0,261.0
351.0,595.0
351.0,504.0
351.0,945.0
351.0,917.0
351.0,117.0
351.0,567.0
351.0,499.0
351.0,527.0
351.0,803.0
352.0,501.0
352.0,423.0
352.0,1003.0
352.0,155.0
352.0,486.0
352.0,334.0
352.0,742.0
352.0,440.0
352.0,802.0
352.0,387.0
352.0,922.0
352.0,762.0
353.0,482.0
353.0,976.0
353.0,785.0
353.0,965.0
353.0,183.0
353.0,1017.0
353.0,445.0
353.0,719.0
353.0,324.0
353.0,555.0
353.0,291.0
353.0,290.0
354.0,110.0
354.0,140.0
354.0,763.0
354.0,822.0
354.0,844.0
354.0,351.0
354.0,954.0
354.0,527.0
354.0,1008.0
354.0,329.0
354.0,94.0
354.0,400.0
355.0,824.0
355.0,621.0
355.0,761.0
355.0,381.0
355.0,218.0
355.0,39.0
355.0,303.0
355.0,810.0
355.0,379.0
355.0,399.0
355.0,535.0
355.0,160.0
356.0,404.0
356.0,50.0
356.0,191.0
356.0,694.0
356.0,792.0
356.0,1025.0
356.0,514.0
356.0,969.0
356.0,578.0
356.0,273.0
356.0,671.0
356.0,312.0
357.0,83.0
357.0,438.0
357.0,1031.0
357.0,170.0
357.0,853.0
357.0,78.0
357.0,563.0
357.0,56.0
357.0,130.0
357.0,959.0
357.0,944.0
357.0,686.0
358.0,667.0
358.0,90.0
358.0,448.0
358.0,782.0
358.0,800.0
358.0,122.0
358.0,865.0
358.0,406.0
358.0,995.0
358.0,545.0
358.0,885.0
358.0,937.0
359.0,188.0
359.0,559.0
359.0,592.0
359.0,926.0
359.0,929.0
359.0,856.0
359.0,172.0
359.0,786.0
359.0,874.0
359.0,713.0
359.0,125.0
359.0,32.0
360.0,554.0
360.0,165.0
360.0,66.0
360.0,785.0
360.0,290.0
360.0,542.0
360.0,287.0
360.0,354.0
360.0,208.0
360.0,965.0
360.0,566.0
360.0,609.0
361.0,973.0
361.0,959.0
361.0,902.0
361.0,672.0
361.0,976.0
361.0,319.0
361.0,564.0
361.0,384.0
361.0,815.0
361.0,1004.0
361.0,373.0
361.0,895.0
362.0,174.0
362.0,782.0
362.0,444.0
362.0,180.0
362.0,478.0
362.0,43.0
362.0,108.0
362.0,460.0
362.0,746.0
362.0,998.0
362.0,84.0
362.0,80.0
363.0,991.0
363.0,976.0
363.0,301.0
363.0,558.0
363.0,1011.0
363.0,830.0
363.0,374.0
363.0,683.0
363.0,625.0
363.0,946.0
363.0,57.0
363.0,718.0
364.0,208.0
364.0,414.0
364.0,582.0
364.0,334.0
364.0,46.0
364.0,791.0
364.0,166.0
364.0,552.0
364.0,663.0
364.0,693.0
364.0,354.0
364.0,216.0
365.0,606.0
365.0,19.0
365.0,341.0
365.0,841.0
365.0,583.0
365.0,782.0
365.0,771.0
365.0,242.0
365.0,382.0
365.0,1011.0
365.0,306.0
365.0,641.0
366.0,734.0
366.0,104.0
366.0,289.0
366.0,642.0
366.0,876.0
366.0,524.0
366.0,577.0
366.0,265.0
366.0,489.0
366.0,546.0
366.0,698.0
366.0,166.0
367.0,612.0
367.0,420.0
367.0,428.0
367.0,339.0
367.0,97.0
367.0,845.0
367.0,648.0
367.0,694.0
367.0,524.0
367.0,123.0
367.0,335.0
367.0,964.0
368.0,115.0
368.0,847.0
368.0,890.0
368.0,543.0
368.0,707.0
368.0,719.0
368.0,944.0
368.0,112.0
368.0,959.0
368.0,586.0
368.0,801.0
368.0,244.0
369.0,226.0
369.0,981.0
369.0,940.0
369.0,834.0
369.0,648.0
369.0,76.0
369.0,707.0
369.0,212.0
369.0,473.0
369.0,509.0
369.0,566.0
369.0,1015.0
370.0,445.0
370.0,182.0
370.0,691.0
370.0,868.0
370.0,537.0
370.0,56.0
370.0,357.0
370.0,299.0
370.0,430.0
370.0,781.0
370.0,707.0
370.0,944.0
371.0,138.0
371.0,803.0
371.0,330.0
371.0,625.0
371.0,866.0
371.0,103.0
371.0,905.0
371.0,942.0
371.0,301.0
371.0,47.0
371.0,1029.0
371.0,24.0
372.0,615.0
372.0,127.0
372.0,733.0
372.0,923.0
372.0,583.0
372.0,959.0
372.0,326.0
372.0,166.0
372.0,17.0
372.0,513.0
372.0,664.0
372.0,548.0
373.0,96.0
373.0,444.0
373.0,389.0
373.0,419.0
373.0,116.0
373.0,723.0
373.0,981.0
373.0,893.0
373.0,285.0
373.0,650.0
373.0,270.0
373.0,212.0
374.0,292.0
374.0,778.0
374.0,545.0
374.0,592.0
374.0,543.0
374.0,241.0
374.0,565.0
374.0,165.0
374.0,331.0
374.0,214.0
374.0,554.0
374.0,497.0
375.0,21.0
375.0,89.0
375.0,957.0
375.0,1015.0
375.0,282.0
375.0,606.0
375.0,877.0
375.0,403.0
375.0,723.0
375.0,239.0
375.0,405.0
375.0,588.0
376.0,920.0
376.0,118.0
376.0,195.0
376.0,187.0
376.0,671.0
376.0,392.0
376.0,789.0
376.0,52.0
376.0,544.0
376.0,653.0
376.0,87.0
376.0,557.0
377.0,163.0
377.0,977.0
377.0,578.0
377.0,257.0
377.0,713.0
377.0,840.0
377.0,931.0
377.0,138.0
377.0,216.0
377.0,623.0
377.0,608.0
377.0,568.0
378.0,556.0
378.0,9.0
378.0,670.0
378.0,157.0
378.0,887.0
378.0,559.0
378.0,913.0
378.0,565.0
378.0,1030.0
378.0,187.0
378.0,218.0
378.0,57.0
379.0,810.0
379.0,985.0
379.0,508.0
379.0,273.0
379.0,402.0
379.0,772.0
379.0,70.0
379.0,346.0
379.0,135.0
379.0,990.0
379.0,963.0
379.0,183.0
380.0,756.0
380.0,890.0
380.0,1020.0
380.0,61.0
380.0,363.0
380.0,95.0
380.0,370.0
380.0,308.0
380.0,287.0
380.0,668.0
380.0,56.0
380.0,605.0
381.0,963.0
381.0,819.0
381.0,135.0
381.0,478.0
381.0,399.0
381.0,967.0
381.0,1005.0
381.0,370.0
381.0,826.0
381.0,656.0
381.0,580.0
381.0,613.0
382.0,466.0
382.0,654.0
382.0,958.0
382.0,771.0
382.0,26.0
382.0,562.0
382.0,325.0
382.0,305.0
382.0,768.0
382.0,676.0
382.0,152.0
382.0,1015.0
383.0,919.0
383.0,546.0
383.0,976.0
383.0,206.0
383.0,96.0
383.0,442.0
383.0,539.0
383.0,974.0
383.0,994.0
383.0,729.0
383.0,75.0
383.0,343.0
384.0,23.0
384.0,369.0
384.0,280.0
384.0,82.0
384.0,670.0
384.0,923.0
384.0,866.0
384.0,711.0
384.0,238.0
384.0,80.0
384.0,702.0
384.0,317.0
385.0,450.0
385.0,804.0
385.0,854.0
385.0,182.0
385.0,998.0
385.0,914.0
385.0,267.0
385.0,827.0
385.0,745.0
385.0,487.0
385.0,174.0
385.0,368.0
386.0,509.0
386.0,85.0
386.0,472.0
386.0,150.0
386.0,413.0
386.0,818.0
386.0,185.0
386.0,622.0
386.0,452.0
386.0,446.0
386.0,870.0
386.0,495.0
387.0,208.0
387.0,690.0
387.0,59.0
387.0,836.0
387.0,170.0
387.0,828.0
387.0,351.0
387.0,639.0
387.0,935.0
387.0,1012.0
387.0,232.0
387.0,449.0
388.0,567.0
388.0,564.0
388.0,108.0
388.0,878.0
388.0,456.0
388.0,758.0
388.0,611.0
388.0,68.0
388.0,180.0
388.0,719.0
388.0,986.0
388.0,389.0
389.0,139.0
389.0,48.0
389.0,707.0
389.0,895.0
389.0,451.0
389.0,513.0
389.0,372.0
389.0,490.0
389.0,107.0
389.0,68.0
389.0,449.0
389.0,216.0
390.0,685.0
390.0,469.0
390.0,197.0
390.0,595.0
390.0,61.0
390.0,720.0
390.0,101.0
390.0,321.0
390.0,538.0
390.0,348.0
390.0,988.0
390.0,878.0
391.0,260.0
391.0,118.0
391.0,141.0
391.0,568.0
391.0,36.0
391.0,557.0
391.0,202.0
391.0,76.0
391.0,544.0
391.0,34.0
391.0,454.0
391.0,817.0
392.0,554.0
392.0,195.0
392.0,672.0
392.0,505.0
392.0,376.0
392.0,124.0
392.0,302.0
392.0,657.0
392.0,14.0
392.0,578.0
392.0,324.0
392.0,906.0
393.0,209.0
393.0,849.0
393.0,618.0
393.0,565.0
393.0,77.0
393.0,825.0
393.0,118.0
393.0,202.0
393.0,738.0
393.0,673.0
393.0,60.0
393.0,36.0
394.0,110.0
394.0,200.0
394.0,157.0
394.0,689.0
394.0,316.0
394.0,924.0
394.0,763.0
394.0,675.0
394.0,437.0
394.0,171.0
394.0,425.0
394.0,490.0
395.0,944.0
395.0,852.0
395.0,830.0
395.0,307.0
395.0,651.0
395.0,524.0
395.0,756.0
395.0,496.0
395.0,30.0
395.0,736.0
395.0,473.0
395.0,44.0
396.0,467.0
396.0,426.0
396.0,411.0
396.0,792.0
396.0,337.0
396.0,743.0
396.0,581.0
396.0,909.0
396.0,542.0
396.0,622.0
396.0,933.0
396.0,651.0
397.0,866.0
397.0,458.0
397.0,867.0
397.0,20.0
397.0,923.0
397.0,826.0
397.0,484.0
397.0,821.0
397.0,615.0
397.0,670.0
397.0,596.0
397.0,829.0
398.0,62.0
398.0,796.0
398.0,296.0
398.0,561.0
398.0,572.0
398.0,972.0
398.0,458.0
398.0,100.0
398.0,968.0
398.0,950.0
398.0,357.0
398.0,200.0
399.0,535.0
399.0,258.0
399.0,108.0
399.0,421.0
399.0,940.0
399.0,569.0
399.0,373.0
399.0,1029.0
399.0,819.0
399.0,379.0
399.0,603.0
399.0,404.0
400.0,972.0
400.0,97.0
400.0,840.0
400.0,293.0
400.0,121.0
400.0,137.0
400.0,689.0
400.0,225.0
400.0,430.0
400.0,216.0
400.0,694.0
400.0,700.0
401.0,831.0
401.0,279.0
401.0,317.0
401.0,285.0
401.0,880.0
401.0,827.0
401.0,156.0
401.0,953.0
401.0,90.0
401.0,508.0
401.0,843.0
401.0,384.0
402.0,76.0
402.0,511.0
402.0,265.0
402.0,532.0
402.0,480.0
402.0,77.0
402.0,272.0
402.0,741.0
402.0,673.0
402.0,228.0
402.0,36.0
402.0,619.0
403.0,588.0
403.0,152.0
403.0,321.0
403.0,451.0
403.0,120.0
403.0,562.0
403.0,947.0
403.0,128.0
403.0,382.0
403.0,679.0
403.0,132.0
403.0,828.0
404.0,85.0
404.0,252.0
404.0,944.0
404.0,216.0
404.0,547.0
404.0,490.0
404.0,887.0
404.0,878.0
404.0,187.0
404.0,862.0
404.0,865.0
404.0,677.0
405.0,980.0
405.0,606.0
405.0,614.0
405.0,287.0
405.0,879.0
405.0,382.0
405.0,254.0
405.0,320.0
405.0,510.0
405.0,292.0
405.0,998.0
405.0,494.0
406.0,776.0
406.0,108.0
406.0,468.0
406.0,405.0
406.0,987.0
406.0,477.0
406.0,892.0
406.0,1022.0
406.0,750.0
406.0,899.0
406.0,799.0
406.0,562.0
407.0,524.0
407.0,777.0
407.0,291.0
407.0,976.0
407.0,942.0
407.0,889.0
407.0,395.0
407.0,475.0
407.0,805.0
407.0,288.0
407.0,107.0
407.0,226.0
408.0,296.0
408.0,777.0
408.0,874.0
408.0,576.0
408.0,683.0
408.0,954.0
408.0,944.0
408.0,667.0
408.0,228.0
408.0,59.0
408.0,61.0
408.0,583.0
409.0,641.0
409.0,6.0
409.0,786.0
409.0,782.0
409.0,588.0
409.0,470.0
409.0,128.0
409.0,173.0
409.0,717.0
409.0,966.0
409.0,425.0
409.0,238.0
410.0,984.0
410.0,183.0
410.0,965.0
410.0,213.0
410.0,949.0
410.0,962.0
410.0,747.0
410.0,772.0
410.0,598.0
410.0,222.0
410.0,670.0
410.0,455.0
411.0,743.0
411.0,840.0
411.0,322.0
411.0,942.0
411.0,70.0
411.0,168.0
411.0,638.0
411.0,830.0
411.0,747.0
411.0,516.0
411.0,359.0
411.0,785.0
412.0,724.0
412.0,830.0
412.0,754.0
412.0,902.0
412.0,942.0
412.0,493.0
412.0,523.0
412.0,799.0
412.0,420.0
412.0,310.0
412.0,857.0
412.0,715.0
413.0,225.0
413.0,717.0
413.0,868.0
413.0,1011.0
413.0,109.0
413.0,1026.0
413.0,248.0
413.0,561.0
413.0,1002.0
413.0,308.0
413.0,826.0
413.0,707.0
414.0,672.0
414.0,820.0
414.0,945.0
414.0,835.0
414.0,57.0
414.0,198.0
414.0,721.0
414.0,664.0
414.0,299.0
414.0,165.0
414.0,154.0
414.0,339.0
415.0,397.0
415.0,215.0
415.0,80.0
415.0,919.0
415.0,287.0
415.0,470.0
415.0,625.0
415.0,220.0
415.0,17.0
415.0,876.0
415.0,420.0
415.0,475.0
416.0,667.0
416.0,473.0
416.0,920.0
416.0,165.0
416.0,275.0
416.0,1017.0
416.0,721.0
416.0,210.0
416.0,565.0
416.0,636.0
416.0,753.0
416.0,928.0
417.0,627.0
417.0,1012.0
417.0,998.0
417.0,932.0
417.0,933.0
417.0,68.0
417.0,187.0
417.0,336.0
417.0,328.0
417.0,648.0
417.0,948.0
417.0,1019.0
418.0,112.0
418.0,581.0
418.0,140.0
418.0,901.0
418.0,560.0
418.0,754.0
418.0,870.0
418.0,722.0
418.0,452.0
418.0,95.0
418.0,250.0
418.0,953.0
419.0,11.0
419.0,112.0
419.0,355.0
419.0,995.0
419.0,122.0
419.0,102.0
419.0,447.0
419.0,826.0
419.0,619.0
419.0,589.0
419.0,624.0
419.0,234.0
420.0,268.0
420.0,715.0
420.0,925.0
420.0,165.0
420.0,922.0
420.0,267.0
420.0,83.0
420.0,913.0
420.0,507.0
420.0,79.0
420.0,533.0
420.0,501.0
421.0,942.0
421.0,475.0
421.0,206.0
421.0,893.0
421.0,412.0
421.0,144.0
421.0,450.0
421.0,179.0
421.0,745.0
421.0,862.0
421.0,188.0
421.0,384.0
422.0,223.0
422.0,891.0
422.0,949.0
422.0,366.0
422.0,690.0
422.0,961.0
422.0,812.0
422.0,541.0
422.0,471.0
422.0,598.0
422.0,792.0
422.0,472.0
423.0,803.0
423.0,4.0
423.0,925.0
423.0,608.0
423.0,570.0
423.0,274.0
423.0,868.0
423.0,389.0
423.0,1007.0
423.0,692.0
423.0,261.0
423.0,242.0
424.0,469.0
424.0,553.0
424.0,121.0
424.0,386.0
424.0,770.0
424.0,185.0
424.0,414.0
424.0,712.0
424.0,836.0
424.0,674.0
424.0,842.0
424.0,509.0
425.0,267.0
425.0,797.0
425.0,665.0
425.0,614.0
425.0,720.0
425.0,526.0
425.0,488.0
425.0,448.0
425.0,106.0
425.0,1016.0
425.0,478.0
425.0,1022.0
426.0,357.0
426.0,49.0
426.0,927.0
426.0,506.0
426.0,791.0
426.0,171.0
426.0,1010.0
426.0,8.0
426.0,864.0
426.0,264.0
426.0,823.0
426.0,941.0
427.0,343.0
427.0,719.0
427.0,191.0
427.0,1031.0
427.0,107.0
427.0,845.0
427.0,837.0
427.0,659.0
427.0,290.0
427.0,430.0
427.0,1035.0
427.0,0.0
428.0,265.0
428.0,435.0
428.0,525.0
428.0,627.0
428.0,977.0
428.0,344.0
428.0,605.0
428.0,367.0
428.0,575.0
428.0,257.0
428.0,430.0
428.0,682.0
429.0,24.0
429.0,871.0
429.0,993.0
429.0,483.0
429.0,57.0
429.0,549.0
429.0,422.0
429.0,105.0
429.0,525.0
429.0,818.0
429.0,823.0
429.0,694.0
430.0,268.0
430.0,55.0
430.0,150.0
430.0,732.0
430.0,107.0
430.0,308.0
430.0,408.0
430.0,329.0
430.0,120.0
430.0,843.0
430.0,115.0
430.0,929.0
431.0,558.0
431.0,318.0
431.0,651.0
431.0,744.0
431.0,667.0
431.0,530.0
431.0,286.0
431.0,115.0
431.0,805.0
431.0,208.0
431.0,731.0
431.0,887.0
432.0,517.0
432.0,345.0
432.0,244.0
432.0,347.0
432.0,1.0
432.0,540.0
432.0,793.0
432.0,578.0
432.0,505.0
432.0,485.0
432.0,647.0
432.0,627.0
433.0,850.0
433.0,308.0
433.0,685.0
433.0,617.0
433.0,680.0
433.0,389.0
433.0,735.0
433.0,117.0
433.0,628.0
433.0,576.0
433.0,469.0
433.0,48.0
434.0,729.0
434.0,670.0
434.0,273.0
434.0,289.0
434.0,78.0
434.0,618.0
434.0,919.0
434.0,651.0
434.0,731.0
434.0,954.0
434.0,370.0
434.0,175.0
435.0,729.0
435.0,714.0
435.0,489.0
435.0,666.0
435.0,393.0
435.0,920.0
435.0,391.0
435.0,945.0
435.0,634.0
435.0,366.0
435.0,983.0
435.0,901.0
436.0,126.0
436.0,583.0
436.0,280.0
436.0,32.0
436.0,970.0
436.0,625.0
436.0,9.0
436.0,718.0
436.0,856.0
436.0,4.0
436.0,431.0
436.0,860.0
437.0,249.0
437.0,735.0
437.0,209.0
437.0,10.0
437.0,802.0
437.0,559.0
437.0,841.0
437.0,177.0
437.0,292.0
437.0,689.0
437.0,576.0
437.0,63.0
438.0,890.0
438.0,159.0
438.0,804.0
438.0,996.0
438.0,844.0
438.0,877.0
438.0,430.0
438.0,554.0
438.0,283.0
438.0,374.0
438.0,116.0
438.0,431.0
439.0,777.0
439.0,500.0
439.0,868.0
439.0,924.0
439.0,209.0
439.0,606.0
439.0,167.0
439.0,1023.0
439.0,737.0
439.0,903.0
439.0,561.0
439.0,17.0
440.0,163.0
440.0,581.0
440.0,417.0
440.0,894.0
440.0,838.0
440.0,566.0
440.0,454.0
440.0,883.0
440.0,992.0
440.0,494.0
440.0,235.0
440.0,989.0
441.0,456.0
441.0,249.0
441.0,999.0
441.0,561.0
441.0,347.0
441.0,248.0
441.0,110.0
441.0,579.0
441.0,593.0
441.0,165.0
441.0,567.0
441.0,988.0
442.0,67.0
442.0,894.0
442.0,971.0
442.0,206.0
442.0,754.0
442.0,332.0
442.0,307.0
442.0,916.0
442.0,163.0
442.0,933.0
442.0,82.0
442.0,818.0
443.0,135.0
443.0,619.0
443.0,759.0
443.0,172.0
443.0,23.0
443.0,833.0
443.0,804.0
443.0,380.0
443.0,938.0
443.0,496.0
443.0,378.0
443.0,589.0
444.0,757.0
444.0,522.0
444.0,913.0
444.0,478.0
444.0,985.0
444.0,914.0
444.0,996.0
444.0,893.0
444.0,388.0
444.0,618.0
444.0,998.0
444.0,863.0
445.0,47.0
445.0,755.0
445.0,620.0
445.0,646.0
445.0,824.0
445.0,126.0
445.0,737.0
445.0,80.0
445.0,269.0
445.0,493.0
445.0,415.0
445.0,652.0
446.0,597.0
446.0,972.0
446.0,1014.0
446.0,813.0
446.0,55.0
446.0,1021.0
446.0,509.0
446.0,278.0
446.0,561.0
446.0,693.0
446.0,347.0
446.0,567.0
447.0,824.0
447.0,952.0
447.0,77.0
447.0,532.0
447.0,536.0
447.0,661.0
447.0,858.0
447.0,911.0
447.0,37.0
447.0,324.0
447.0,673.0
447.0,743.0
448.0,583.0
448.0,311.0
448.0,691.0
448.0,585.0
448.0,757.0
448.0,885.0
448.0,892.0
448.0,510.0
448.0,659.0
448.0,477.0
448.0,745.0
448.0,419.0
449.0,456.0
449.0,42.0
449.0,87.0
449.0,163.0
449.0,853.0
449.0,538.0
449.0,168.0
449.0,296.0
449.0,878.0
449.0,705.0
449.0,629.0
449.0,264.0
450.0,857.0
450.0,718.0
450.0,368.0
450.0,603.0
450.0,389.0
450.0,715.0
450.0,827.0
450.0,29.0
450.0,869.0
450.0,543.0
450.0,243.0
450.0,80.0
451.0,131.0
451.0,314.0
451.0,120.0
451.0,576.0
451.0,802.0
451.0,689.0
451.0,682.0
451.0,841.0
451.0,878.0
451.0,54.0
451.0,306.0
451.0,92.0
452.0,1023.0
452.0,512.0
452.0,917.0
452.0,354.0
452.0,456.0
452.0,572.0
452.0,796.0
452.0,918.0
452.0,177.0
452.0,429.0
452.0,278.0
452.0,1018.0
453.0,788.0
453.0,194.0
453.0,171.0
453.0,260.0
453.0,202.0
453.0,949.0
453.0,416.0
453.0,301.0
453.0,420.0
453.0,322.0
453.0,454.0
453.0,44.0
454.0,552.0
454.0,657.0
454.0,324.0
454.0,353.0
454.0,1028.0
454.0,743.0
454.0,783.0
454.0,223.0
454.0,435.0
454.0,806.0
454.0,636.0
454.0,300.0
455.0,291.0
455.0,75.0
455.0,279.0
455.0,996.0
455.0,670.0
455.0,747.0
455.0,659.0
455.0,953.0
455.0,638.0
455.0,678.0
455.0,928.0
455.0,832.0
456.0,760.0
456.0,607.0
456.0,244.0
456.0,145.0
456.0,187.0
456.0,341.0
456.0,972.0
456.0,286.0
456.0,132.0
456.0,232.0
456.0,832.0
456.0,97.0
457.0,544.0
457.0,906.0
457.0,355.0
457.0,370.0
457.0,898.0
457.0,838.0
457.0,657.0
457.0,873.0
457.0,690.0
457.0,245.0
457.0,910.0
457.0,755.0
458.0,145.0
458.0,198.0
458.0,601.0
458.0,959.0
458.0,152.0
458.0,499.0
458.0,109.0
458.0,987.0
458.0,397.0
458.0,132.0
458.0,349.0
458.0,561.0
459.0,40.0
459.0,676.0
459.0,669.0
459.0,306.0
459.0,121.0
459.0,716.0
459.0,43.0
459.0,409.0
459.0,464.0
459.0,588.0
459.0,617.0
459.0,28.0
460.0,839.0
460.0,336.0
460.0,226.0
460.0,880.0
460.0,980.0
460.0,592.0
460.0,82.0
460.0,320.0
460.0,892.0
460.0,425.0
460.0,406.0
460.0,869.0
461.0,567.0
461.0,65.0
461.0,695.0
461.0,314.0
461.0,628.0
461.0,161.0
461.0,853.0
461.0,209.0
461.0,907.0
461.0,1026.0
461.0,728.0
461.0,793.0
462.0,92.0
462.0,24.0
462.0,164.0
462.0,832.0
462.0,710.0
462.0,31.0
462.0,420.0
462.0,339.0
462.0,762.0
462.0,658.0
462.0,428.0
462.0,989.0
463.0,1014.0
463.0,166.0
463.0,203.0
463.0,479.0
463.0,786.0
463.0,235.0
463.0,1016.0
463.0,668.0
463.0,967.0
463.0,599.0
463.0,587.0
463.0,187.0
464.0,795.0
464.0,250.0
464.0,69.0
464.0,867.0
464.0,236.0
464.0,2.0
464.0,614.0
464.0,508.0
464.0,294.0
464.0,475.0
464.0,960.0
464.0,168.0
465.0,447.0
465.0,415.0
465.0,528.0
465.0,641.0
465.0,797.0
465.0,621.0
465.0,455.0
465.0,937.0
465.0,460.0
465.0,311.0
465.0,148.0
465.0,750.0
466.0,356.0
466.0,881.0
466.0,1003.0
466.0,531.0
466.0,710.0
466.0,837.0
466.0,934.0
466.0,670.0
466.0,415.0
466.0,942.0
466.0,176.0
466.0,695.0
467.0,553.0
467.0,198.0
467.0,123.0
467.0,762.0
467.0,364.0
467.0,431.0
467.0,879.0
467.0,892.0
467.0,939.0
467.0,950.0
467.0,790.0
467.0,888.0
468.0,676.0
468.0,409.0
468.0,182.0
468.0,596.0
468.0,406.0
468.0,184.0
468.0,350.0
468.0,113.0
468.0,571.0
468.0,797.0
468.0,843.0
468.0,970.0
469.0,708.0
469.0,25.0
469.0,394.0
469.0,1014.0
469.0,65.0
469.0,143.0
469.0,89.0
469.0,620.0
469.0,409.0
469.0,500.0
469.0,1016.0
469.0,987.0
470.0,47.0
470.0,75.0
470.0,799.0
470.0,89.0
470.0,964.0
470.0,254.0
470.0,552.0
470.0,559.0
470.0,592.0
470.0,193.0
470.0,569.0
470.0,59.0
471.0,52.0
471.0,34.0
471.0,560.0
471.0,124.0
471.0,529.0
471.0,426.0
471.0,982.0
471.0,851.0
471.0,678.0
471.0,505.0
471.0,691.0
471.0,551.0
472.0,560.0
472.0,856.0
472.0,429.0
472.0,76.0
472.0,873.0
472.0,887.0
472.0,130.0
472.0,42.0
472.0,916.0
472.0,233.0
472.0,870.0
472.0,749.0
473.0,834.0
473.0,416.0
473.0,565.0
473.0,221.0
473.0,127.0
473.0,307.0
473.0,361.0
473.0,417.0
473.0,501.0
473.0,662.0
473.0,583.0
473.0,491.0
474.0,264.0
474.0,870.0
474.0,162.0
474.0,53.0
474.0,905.0
474.0,133.0
474.0,347.0
474.0,351.0
474.0,968.0
474.0,1033.0
474.0,622.0
474.0,225.0
475.0,618.0
475.0,192.0
475.0,774.0
475.0,777.0
475.0,855.0
475.0,346.0
475.0,611.0
475.0,707.0
475.0,54.0
475.0,193.0
475.0,67.0
475.0,122.0
476.0,45.0
476.0,140.0
476.0,882.0
476.0,568.0
476.0,793.0
476.0,331.0
476.0,801.0
476.0,927.0
476.0,396.0
476.0,229.0
476.0,742.0
476.0,834.0
477.0,608.0
477.0,128.0
477.0,860.0
477.0,431.0
477.0,508.0
477.0,595.0
477.0,360.0
477.0,536.0
477.0,1009.0
477.0,646.0
477.0,914.0
477.0,613.0
478.0,169.0
478.0,381.0
478.0,819.0
478.0,90.0
478.0,207.0
478.0,723.0
478.0,69.0
478.0,480.0
478.0,765.0
478.0,358.0
478.0,379.0
478.0,974.0
479.0,279.0
479.0,424.0
479.0,791.0
479.0,335.0
479.0,431.0
479.0,959.0
479.0,165.0
479.0,226.0
479.0,558.0
479.0,925.0
479.0,736.0
479.0,890.0
480.0,64.0
480.0,310.0
480.0,263.0
480.0,288.0
480.0,657.0
480.0,431.0
480.0,649.0
480.0,2.0
480.0,929.0
480.0,246.0
480.0,465.0
480.0,696.0
481.0,628.0
481.0,522.0
481.0,497.0
481.0,101.0
481.0,374.0
481.0,791.0
481.0,389.0
481.0,701.0
481.0,516.0
481.0,509.0
481.0,330.0
481.0,748.0
482.0,681.0
482.0,566.0
482.0,151.0
482.0,228.0
482.0,546.0
482.0,138.0
482.0,366.0
482.0,231.0
482.0,642.0
482.0,652.0
482.0,168.0
482.0,523.0
483.0,650.0
483.0,25.0
483.0,640.0
483.0,256.0
483.0,517.0
483.0,683.0
483.0,76.0
483.0,493.0
483.0,507.0
483.0,772.0
483.0,710.0
483.0,334.0
484.0,756.0
484.0,190.0
484.0,248.0
484.0,68.0
484.0,735.0
484.0,760.0
484.0,161.0
484.0,669.0
484.0,204.0
484.0,839.0
484.0,120.0
484.0,726.0
485.0,199.0
485.0,822.0
485.0,293.0
485.0,838.0
485.0,806.0
485.0,264.0
485.0,829.0
485.0,677.0
485.0,492.0
485.0,45.0
485.0,950.0
485.0,456.0
486.0,832.0
486.0,855.0
486.0,123.0
486.0,705.0
486.0,364.0
486.0,57.0
486.0,395.0
486.0,839.0
486.0,931.0
486.0,577.0
486.0,150.0
486.0,863.0
487.0,478.0
487.0,114.0
487.0,258.0
487.0,409.0
487.0,893.0
487.0,64.0
487.0,381.0
487.0,362.0
487.0,995.0
487.0,1032.0
487.0,645.0
487.0,800.0
488.0,649.0
488.0,362.0
488.0,724.0
488.0,885.0
488.0,385.0
488.0,448.0
488.0,543.0
488.0,358.0
488.0,535.0
488.0,460.0
488.0,819.0
488.0,405.0
489.0,450.0
489.0,260.0
489.0,422.0
489.0,183.0
489.0,895.0
489.0,688.0
489.0,873.0
489.0,216.0
489.0,273.0
489.0,556.0
489.0,60.0
489.0,910.0
490.0,556.0
490.0,599.0
490.0,595.0
490.0,298.0
490.0,522.0
490.0,372.0
490.0,566.0
490.0,869.0
490.0,868.0
490.0,65.0
490.0,778.0
490.0,880.0
491.0,146.0
491.0,224.0
491.0,894.0
491.0,948.0
491.0,553.0
491.0,531.0
491.0,107.0
491.0,189.0
491.0,269.0
491.0,377.0
491.0,130.0
491.0,973.0
492.0,605.0
492.0,698.0
492.0,840.0
492.0,171.0
492.0,864.0
492.0,916.0
492.0,558.0
492.0,907.0
492.0,219.0
492.0,110.0
492.0,583.0
492.0,547.0
493.0,1005.0
493.0,592.0
493.0,154.0
493.0,226.0
493.0,564.0
493.0,294.0
493.0,380.0
493.0,318.0
493.0,125.0
493.0,945.0
493.0,4.0
493.0,130.0
494.0,79.0
494.0,565.0
494.0,904.0
494.0,652.0
494.0,748.0
494.0,591.0
494.0,150.0
494.0,925.0
494.0,133.0
494.0,597.0
494.0,659.0
494.0,852.0
495.0,653.0
495.0,312.0
495.0,302.0
495.0,905.0
495.0,700.0
495.0,671.0
495.0,909.0
495.0,829.0
495.0,610.0
495.0,686.0
495.0,603.0
495.0,898.0
496.0,829.0
496.0,1013.0
496.0,666.0
496.0,60.0
496.0,323.0
496.0,317.0
496.0,156.0
496.0,391.0
496.0,165.0
496.0,502.0
496.0,35.0
496.0,807.0
497.0,123.0
497.0,736.0
497.0,683.0
497.0,107.0
497.0,356.0
497.0,57.0
497.0,805.0
497.0,862.0
497.0,292.0
497.0,926.0
497.0,912.0
497.0,866.0
498.0,1025.0
498.0,982.0
498.0,840.0
498.0,46.0
498.0,690.0
498.0,900.0
498.0,889.0
498.0,921.0
498.0,807.0
498.0,216.0
498.0,1013.0
498.0,597.0
499.0,512.0
499.0,470.0
499.0,50.0
499.0,863.0
499.0,614.0
499.0,603.0
499.0,895.0
499.0,894.0
499.0,795.0
499.0,805.0
499.0,879.0
499.0,596.0
500.0,894.0
500.0,6.0
500.0,313.0
500.0,117.0
500.0,629.0
500.0,252.0
500.0,349.0
500.0,424.0
500.0,905.0
500.0,722.0
500.0,595.0
500.0,166.0
501.0,97.0
501.0,603.0
501.0,497.0
501.0,334.0
501.0,571.0
501.0,749.0
501.0,218.0
501.0,309.0
501.0,370.0
501.0,67.0
501.0,78.0
501.0,351.0
502.0,507.0
502.0,970.0
502.0,138.0
502.0,635.0
502.0,546.0
502.0,532.0
502.0,235.0
502.0,273.0
502.0,969.0
502.0,1028.0
502.0,163.0
502.0,52.0
503.0,665.0
503.0,134.0
503.0,280.0
503.0,736.0
503.0,647.0
503.0,244.0
503.0,636.0
503.0,634.0
503.0,513.0
503.0,806.0
503.0,498.0
503.0,497.0
504.0,143.0
504.0,954.0
504.0,491.0
504.0,1005.0
504.0,395.0
504.0,220.0
504.0,203.0
504.0,756.0
504.0,737.0
504.0,38.0
504.0,231.0
504.0,620.0
505.0,134.0
505.0,840.0
505.0,751.0
505.0,597.0
505.0,856.0
505.0,396.0
505.0,905.0
505.0,133.0
505.0,377.0
505.0,471.0
505.0,984.0
505.0,38.0
506.0,20.0
506.0,498.0
506.0,99.0
506.0,852.0
506.0,162.0
506.0,587.0
506.0,967.0
506.0,527.0
506.0,521.0
506.0,677.0
506.0,45.0
506.0,873.0
507.0,683.0
507.0,729.0
507.0,570.0
507.0,175.0
507.0,1035.0
507.0,378.0
507.0,307.0
507.0,960.0
507.0,269.0
507.0,288.0
507.0,928.0
507.0,1007.0
508.0,757.0
508.0,79.0
508.0,580.0
508.0,943.0
508.0,844.0
508.0,827.0
508.0,720.0
508.0,786.0
508.0,510.0
508.0,373.0
508.0,9.0
508.0,804.0
509.0,767.0
509.0,1016.0
509.0,836.0
509.0,628.0
509.0,264.0
509.0,732.0
509.0,708.0
509.0,651.0
509.0,713.0
509.0,354.0
509.0,630.0
509.0,655.0
510.0,508.0
510.0,132.0
510.0,804.0
510.0,174.0
510.0,470.0
510.0,282.0
510.0,488.0
510.0,281.0
510.0,615.0
510.0,385.0
510.0,20.0
510.0,285.0
511.0,246.0
511.0,410.0
511.0,407.0
511.0,294.0
511.0,987.0
511.0,536.0
511.0,151.0
511.0,788.0
511.0,353.0
511.0,84.0
511.0,848.0
511.0,819.0
512.0,436.0
512.0,210.0
512.0,481.0
512.0,697.0
512.0,691.0
512.0,477.0
512.0,1003.0
512.0,56.0
512.0,540.0
512.0,1009.0
512.0,571.0
512.0,176.0
513.0,221.0
513.0,12.0
513.0,584.0
513.0,640.0
513.0,997.0
513.0,969.0
513.0,176.0
513.0,167.0
513.0,972.0
513.0,371.0
513.0,687.0
513.0,778.0
514.0,308.0
514.0,668.0
514.0,392.0
514.0,977.0
514.0,921.0
514.0,808.0
514.0,103.0
514.0,801.0
514.0,204.0
514.0,1029.0
514.0,609.0
514.0,964.0
515.0,946.0
515.0,363.0
515.0,773.0
515.0,196.0
515.0,1000.0
515.0,662.0
515.0,711.0
515.0,127.0
515.0,756.0
515.0,985.0
515.0,151.0
515.0,212.0
516.0,742.0
516.0,165.0
516.0,442.0
516.0,242.0
516.0,290.0
516.0,453.0
516.0,701.0
516.0,27.0
516.0,361.0
516.0,522.0
516.0,219.0
516.0,94.0
517.0,99.0
517.0,277.0
517.0,187.0
517.0,131.0
517.0,830.0
517.0,158.0
517.0,292.0
517.0,993.0
517.0,157.0
517.0,364.0
517.0,4.0
517.0,839.0
518.0,210.0
518.0,648.0
518.0,380.0
518.0,413.0
518.0,209.0
518.0,599.0
518.0,93.0
518.0,326.0
518.0,382.0
518.0,603.0
518.0,715.0
518.0,200.0
519.0,610.0
519.0,136.0
519.0,548.0
519.0,36.0
519.0,858.0
519.0,1005.0
519.0,1001.0
519.0,673.0
519.0,645.0
519.0,35.0
519.0,272.0
519.0,303.0
520.0,348.0
520.0,850.0
520.0,669.0
520.0,1015.0
520.0,282.0
520.0,588.0
520.0,161.0
520.0,459.0
520.0,147.0
520.0,676.0
520.0,433.0
520.0,899.0
521.0,993.0
521.0,140.0
521.0,476.0
521.0,542.0
521.0,418.0
521.0,227.0
521.0,927.0
521.0,199.0
521.0,577.0
521.0,602.0
521.0,505.0
521.0,99.0
522.0,824.0
522.0,543.0
522.0,584.0
522.0,603.0
522.0,928.0
522.0,175.0
522.0,914.0
522.0,887.0
522.0,479.0
522.0,599.0
522.0,845.0
522.0,283.0
523.0,238.0
523.0,33.0
523.0,394.0
523.0,160.0
523.0,275.0
523.0,855.0
523.0,536.0
523.0,73.0
523.0,9.0
523.0,265.0
523.0,478.0
523.0,893.0
524.0,87.0
524.0,6.0
524.0,408.0
524.0,744.0
524.0,241.0
524.0,193.0
524.0,331.0
524.0,683.0
524.0,197.0
524.0,33.0
524.0,931.0
524.0,803.0
525.0,1009.0
525.0,502.0
525.0,977.0
525.0,227.0
525.0,181.0
525.0,785.0
525.0,356.0
525.0,492.0
525.0,517.0
525.0,916.0
525.0,55.0
525.0,194.0
526.0,952.0
526.0,371.0
526.0,842.0
526.0,174.0
526.0,421.0
526.0,826.0
526.0,998.0
526.0,580.0
526.0,1022.0
526.0,507.0
526.0,765.0
526.0,962.0
527.0,753.0
527.0,19.0
527.0,418.0
527.0,1009.0
527.0,624.0
527.0,8.0
527.0,237.0
527.0,57.0
527.0,492.0
527.0,166.0
527.0,396.0
527.0,467.0
528.0,128.0
528.0,831.0
528.0,328.0
528.0,11.0
528.0,573.0
528.0,59.0
528.0,580.0
528.0,974.0
528.0,750.0
528.0,660.0
528.0,956.0
528.0,444.0
529.0,704.0
529.0,49.0
529.0,471.0
529.0,647.0
529.0,671.0
529.0,422.0
529.0,551.0
529.0,229.0
529.0,277.0
529.0,852.0
529.0,476.0
529.0,243.0
530.0,721.0
530.0,193.0
530.0,254.0
530.0,166.0
530.0,701.0
530.0,105.0
530.0,683.0
530.0,331.0
530.0,407.0
530.0,550.0
530.0,269.0
530.0,54.0
531.0,886.0
531.0,603.0
531.0,866.0
531.0,501.0
531.0,883.0
531.0,353.0
531.0,269.0
531.0,629.0
531.0,700.0
531.0,899.0
531.0,308.0
531.0,156.0
532.0,318.0
532.0,340.0
532.0,303.0
532.0,420.0
532.0,37.0
532.0,761.0
532.0,860.0
532.0,1005.0
532.0,256.0
532.0,661.0
532.0,355.0
532.0,741.0
533.0,378.0
533.0,385.0
533.0,938.0
533.0,981.0
533.0,29.0
533.0,599.0
533.0,662.0
533.0,9.0
533.0,411.0
533.0,1035.0
533.0,553.0
533.0,731.0
534.0,151.0
534.0,403.0
534.0,128.0
534.0,554.0
534.0,29.0
534.0,826.0
534.0,987.0
534.0,437.0
534.0,120.0
534.0,756.0
534.0,986.0
534.0,691.0
535.0,399.0
535.0,833.0
535.0,241.0
535.0,116.0
535.0,1000.0
535.0,717.0
535.0,826.0
535.0,447.0
535.0,181.0
535.0,82.0
535.0,810.0
535.0,900.0
536.0,183.0
536.0,154.0
536.0,447.0
536.0,794.0
536.0,149.0
536.0,493.0
536.0,638.0
536.0,438.0
536.0,136.0
536.0,1019.0
536.0,953.0
536.0,22.0
537.0,269.0
537.0,16.0
537.0,942.0
537.0,460.0
537.0,127.0
537.0,856.0
537.0,170.0
537.0,719.0
537.0,234.0
537.0,564.0
537.0,746.0
537.0,243.0
538.0,150.0
538.0,584.0
538.0,1007.0
538.0,243.0
538.0,795.0
538.0,234.0
538.0,477.0
538.0,286.0
538.0,791.0
538.0,522.0
538.0,774.0
538.0,742.0
539.0,791.0
539.0,512.0
539.0,329.0
539.0,803.0
539.0,698.0
539.0,4.0
539.0,72.0
539.0,759.0
539.0,368.0
539.0,360.0
539.0,242.0
539.0,20.0
540.0,939.0
540.0,292.0
540.0,438.0
540.0,932.0
540.0,946.0
540.0,780.0
540.0,813.0
540.0,921.0
540.0,407.0
540.0,571.0
540.0,23.0
540.0,65.0
541.0,353.0
541.0,944.0
541.0,187.0
541.0,496.0
541.0,881.0
541.0,151.0
541.0,918.0
541.0,226.0
541.0,925.0
541.0,830.0
541.0,205.0
541.0,711.0
542.0,853.0
542.0,538.0
542.0,597.0
542.0,452.0
542.0,534.0
542.0,27.0
542.0,742.0
542.0,933.0
542.0,844.0
542.0,242.0
542.0,75.0
542.0,57.0
543.0,9.0
543.0,652.0
543.0,310.0
543.0,535.0
543.0,269.0
543.0,737.0
543.0,683.0
543.0,777.0
543.0,974.0
543.0,220.0
543.0,19.0
543.0,914.0
544.0,254.0
544.0,551.0
544.0,812.0
544.0,652.0
544.0,877.0
544.0,337.0
544.0,374.0
544.0,1012.0
544.0,141.0
544.0,830.0
544.0,690.0
544.0,807.0
545.0,493.0
545.0,790.0
545.0,979.0
545.0,785.0
545.0,370.0
545.0,102.0
545.0,533.0
545.0,101.0
545.0,490.0
545.0,240.0
545.0,924.0
545.0,748.0
546.0,672.0
546.0,163.0
546.0,701.0
546.0,898.0
546.0,472.0
546.0,733.0
546.0,565.0
546.0,926.0
546.0,744.0
546.0,91.0
546.0,334.0
546.0,66.0
547.0,294.0
547.0,865.0
547.0,698.0
547.0,12.0
547.0,428.0
547.0,700.0
547.0,905.0
547.0,582.0
547.0,678.0
547.0,333.0
547.0,1003.0
547.0,395.0
548.0,876.0
548.0,283.0
548.0,886.0
548.0,650.0
548.0,205.0
548.0,983.0
548.0,167.0
548.0,222.0
548.0,77.0
548.0,272.0
548.0,906.0
548.0,496.0
549.0,852.0
549.0,868.0
549.0,919.0
549.0,732.0
549.0,312.0
549.0,171.0
549.0,332.0
549.0,527.0
549.0,158.0
549.0,24.0
549.0,738.0
549.0,571.0
550.0,395.0
550.0,1008.0
550.0,336.0
550.0,614.0
550.0,907.0
550.0,363.0
550.0,583.0
550.0,143.0
550.0,992.0
550.0,415.0
550.0,577.0
550.0,773.0
551.0,166.0
551.0,271.0
551.0,376.0
551.0,529.0
551.0,990.0
551.0,396.0
551.0,692.0
551.0,171.0
551.0,14.0
551.0,34.0
551.0,568.0
551.0,333.0
552.0,151.0
552.0,599.0
552.0,964.0
552.0,501.0
552.0,416.0
552.0,890.0
552.0,852.0
552.0,72.0
552.0,1035.0
552.0,243.0
552.0,611.0
552.0,691.0
553.0,543.0
553.0,363.0
553.0,470.0
553.0,331.0
553.0,535.0
553.0,361.0
553.0,119.0
553.0,890.0
553.0,699.0
553.0,805.0
553.0,367.0
553.0,702.0
554.0,370.0
554.0,332.0
554.0,368.0
554.0,363.0
554.0,166.0
554.0,318.0
554.0,552.0
554.0,87.0
554.0,853.0
554.0,27.0
554.0,66.0
554.0,710.0
555.0,383.0
555.0,84.0
555.0,289.0
555.0,393.0
555.0,13.0
555.0,755.0
555.0,515.0
555.0,806.0
555.0,582.0
555.0,642.0
555.0,388.0
555.0,983.0
556.0,932.0
556.0,470.0
556.0,744.0
556.0,929.0
556.0,1007.0
556.0,803.0
556.0,436.0
556.0,481.0
556.0,445.0
556.0,287.0
556.0,667.0
556.0,81.0
557.0,428.0
557.0,785.0
557.0,620.0
557.0,560.0
557.0,944.0
557.0,713.0
557.0,849.0
557.0,756.0
557.0,503.0
557.0,682.0
557.0,70.0
557.0,622.0
558.0,155.0
558.0,746.0
558.0,897.0
558.0,121.0
558.0,309.0
558.0,368.0
558.0,163.0
558.0,288.0
558.0,524.0
558.0,235.0
558.0,916.0
558.0,102.0
559.0,188.0
559.0,549.0
559.0,684.0
559.0,897.0
559.0,288.0
559.0,938.0
559.0,665.0
559.0,571.0
559.0,955.0
559.0,974.0
559.0,599.0
559.0,497.0
560.0,20.0
560.0,686.0
560.0,812.0
560.0,1018.0
560.0,1024.0
560.0,733.0
560.0,799.0
560.0,302.0
560.0,944.0
560.0,151.0
560.0,286.0
560.0,807.0
561.0,567.0
561.0,587.0
561.0,452.0
561.0,770.0
561.0,1023.0
561.0,509.0
561.0,694.0
561.0,123.0
561.0,154.0
561.0,458.0
561.0,721.0
561.0,708.0
562.0,106.0
562.0,556.0
562.0,320.0
562.0,797.0
562.0,592.0
562.0,125.0
562.0,782.0
562.0,169.0
562.0,987.0
562.0,215.0
562.0,150.0
562.0,282.0
563.0,607.0
563.0,167.0
563.0,115.0
563.0,640.0
563.0,140.0
563.0,430.0
563.0,313.0
563.0,867.0
563.0,874.0
563.0,682.0
563.0,360.0
563.0,889.0
564.0,325.0
564.0,68.0
564.0,190.0
564.0,19.0
564.0,372.0
564.0,43.0
564.0,880.0
564.0,562.0
564.0,771.0
564.0,127.0
564.0,298.0
564.0,1034.0
565.0,524.0
565.0,501.0
565.0,943.0
565.0,869.0
565.0,984.0
565.0,742.0
565.0,187.0
565.0,879.0
565.0,286.0
565.0,284.0
565.0,420.0
565.0,516.0
566.0,665.0
566.0,301.0
566.0,558.0
566.0,81.0
566.0,504.0
566.0,874.0
566.0,67.0
566.0,408.0
566.0,574.0
566.0,66.0
566.0,708.0
566.0,513.0
567.0,293.0
567.0,872.0
567.0,316.0
567.0,652.0
567.0,579.0
567.0,850.0
567.0,799.0
567.0,322.0
567.0,918.0
567.0,500.0
567.0,240.0
567.0,675.0
568.0,104.0
568.0,969.0
568.0,816.0
568.0,440.0
568.0,302.0
568.0,915.0
568.0,807.0
568.0,453.0
568.0,411.0
568.0,141.0
568.0,466.0
568.0,896.0
569.0,291.0
569.0,656.0
569.0,81.0
569.0,963.0
569.0,251.0
569.0,875.0
569.0,810.0
569.0,775.0
569.0,22.0
569.0,640.0
569.0,2.0
569.0,207.0
570.0,366.0
570.0,319.0
570.0,73.0
570.0,367.0
570.0,374.0
570.0,731.0
570.0,435.0
570.0,339.0
570.0,949.0
570.0,964.0
570.0,466.0
570.0,344.0
571.0,214.0
571.0,374.0
571.0,889.0
571.0,25.0
571.0,1014.0
571.0,299.0
571.0,828.0
571.0,523.0
571.0,436.0
571.0,815.0
571.0,855.0
571.0,887.0
572.0,110.0
572.0,930.0
572.0,371.0
572.0,639.0
572.0,742.0
572.0,945.0
572.0,198.0
572.0,740.0
572.0,579.0
572.0,226.0
572.0,91.0
572.0,972.0
573.0,725.0
573.0,987.0
573.0,630.0
573.0,416.0
573.0,1008.0
573.0,508.0
573.0,59.0
573.0,19.0
573.0,400.0
573.0,708.0
573.0,955.0
573.0,102.0
574.0,208.0
574.0,42.0
574.0,1027.0
574.0,1031.0
574.0,844.0
574.0,599.0
574.0,23.0
574.0,847.0
574.0,243.0
574.0,559.0
574.0,445.0
574.0,913.0
575.0,584.0
575.0,170.0
575.0,942.0
575.0,691.0
575.0,880.0
575.0,221.0
575.0,907.0
575.0,928.0
575.0,514.0
575.0,651.0
575.0,212.0
575.0,95.0
576.0,733.0
576.0,439.0
576.0,769.0
576.0,274.0
576.0,946.0
576.0,760.0
576.0,390.0
576.0,461.0
576.0,628.0
576.0,813.0
576.0,699.0
576.0,975.0
577.0,55.0
577.0,522.0
577.0,449.0
577.0,789.0
577.0,1005.0
577.0,47.0
577.0,0.0
577.0,575.0
577.0,512.0
577.0,367.0
577.0,497.0
577.0,312.0
578.0,94.0
578.0,496.0
578.0,333.0
578.0,740.0
578.0,502.0
578.0,231.0
578.0,479.0
578.0,696.0
578.0,944.0
578.0,643.0
578.0,322.0
578.0,972.0
579.0,481.0
579.0,587.0
579.0,177.0
579.0,509.0
579.0,581.0
579.0,456.0
579.0,335.0
579.0,561.0
579.0,705.0
579.0,110.0
579.0,185.0
579.0,939.0
580.0,372.0
580.0,750.0
580.0,480.0
580.0,41.0
580.0,681.0
580.0,535.0
580.0,670.0
580.0,978.0
580.0,488.0
580.0,528.0
580.0,156.0
580.0,212.0
581.0,334.0
581.0,665.0
581.0,997.0
581.0,637.0
581.0,1025.0
581.0,605.0
581.0,241.0
581.0,1007.0
581.0,977.0
581.0,166.0
581.0,0.0
581.0,823.0
582.0,876.0
582.0,817.0
582.0,730.0
582.0,751.0
582.0,435.0
582.0,873.0
582.0,714.0
582.0,77.0
582.0,141.0
582.0,1018.0
582.0,353.0
582.0,973.0
583.0,334.0
583.0,98.0
583.0,553.0
583.0,979.0
583.0,32.0
583.0,235.0
583.0,695.0
583.0,450.0
583.0,884.0
583.0,950.0
583.0,79.0
583.0,165.0
584.0,815.0
584.0,372.0
584.0,945.0
584.0,70.0
584.0,539.0
584.0,531.0
584.0,803.0
584.0,545.0
584.0,479.0
584.0,690.0
584.0,695.0
584.0,397.0
585.0,776.0
585.0,752.0
585.0,992.0
585.0,819.0
585.0,487.0
585.0,981.0
585.0,362.0
585.0,25.0
585.0,86.0
585.0,562.0
585.0,64.0
585.0,238.0
586.0,425.0
586.0,954.0
586.0,370.0
586.0,138.0
586.0,895.0
586.0,210.0
586.0,537.0
586.0,513.0
586.0,51.0
586.0,707.0
586.0,994.0
586.0,932.0
587.0,647.0
587.0,978.0
587.0,474.0
587.0,163.0
587.0,367.0
587.0,521.0
587.0,93.0
587.0,560.0
587.0,535.0
587.0,870.0
587.0,832.0
587.0,912.0
588.0,561.0
588.0,725.0
588.0,768.0
588.0,403.0
588.0,397.0
588.0,28.0
588.0,660.0
588.0,152.0
588.0,375.0
588.0,885.0
588.0,967.0
588.0,564.0
589.0,285.0
589.0,514.0
589.0,848.0
589.0,963.0
589.0,937.0
589.0,98.0
589.0,51.0
589.0,477.0
589.0,412.0
589.0,816.0
589.0,20.0
589.0,455.0
590.0,222.0
590.0,265.0
590.0,246.0
590.0,636.0
590.0,610.0
590.0,257.0
590.0,674.0
590.0,124.0
590.0,393.0
590.0,833.0
590.0,218.0
590.0,633.0
591.0,409.0
591.0,824.0
591.0,810.0
591.0,826.0
591.0,385.0
591.0,933.0
591.0,234.0
591.0,399.0
591.0,270.0
591.0,96.0
591.0,186.0
591.0,914.0
592.0,203.0
592.0,887.0
592.0,342.0
592.0,958.0
592.0,307.0
592.0,440.0
592.0,690.0
592.0,1017.0
592.0,317.0
592.0,169.0
592.0,1019.0
592.0,973.0
593.0,663.0
593.0,314.0
593.0,123.0
593.0,763.0
593.0,374.0
593.0,63.0
593.0,685.0
593.0,177.0
593.0,822.0
593.0,760.0
593.0,386.0
593.0,162.0
594.0,169.0
594.0,223.0
594.0,525.0
594.0,215.0
594.0,1030.0
594.0,990.0
594.0,96.0
594.0,369.0
594.0,598.0
594.0,224.0
594.0,272.0
594.0,480.0
595.0,786.0
595.0,727.0
595.0,469.0
595.0,896.0
595.0,328.0
595.0,626.0
595.0,616.0
595.0,132.0
595.0,79.0
595.0,664.0
595.0,689.0
595.0,958.0
596.0,151.0
596.0,1004.0
596.0,417.0
596.0,866.0
596.0,436.0
596.0,989.0
596.0,618.0
596.0,157.0
596.0,430.0
596.0,573.0
596.0,318.0
596.0,299.0
597.0,581.0
597.0,790.0
597.0,283.0
597.0,329.0
597.0,834.0
597.0,95.0
597.0,339.0
597.0,913.0
597.0,777.0
597.0,539.0
597.0,1004.0
597.0,554.0
598.0,638.0
598.0,288.0
598.0,47.0
598.0,660.0
598.0,658.0
598.0,965.0
598.0,659.0
598.0,594.0
598.0,808.0
598.0,674.0
598.0,245.0
598.0,149.0
599.0,961.0
599.0,946.0
599.0,294.0
599.0,553.0
599.0,210.0
599.0,967.0
599.0,1024.0
599.0,143.0
599.0,759.0
599.0,176.0
599.0,81.0
599.0,684.0
600.0,1030.0
600.0,891.0
600.0,46.0
600.0,901.0
600.0,376.0
600.0,598.0
600.0,703.0
600.0,568.0
600.0,392.0
600.0,505.0
600.0,765.0
600.0,602.0
601.0,129.0
601.0,865.0
601.0,145.0
601.0,579.0
601.0,883.0
601.0,505.0
601.0,647.0
601.0,877.0
601.0,1002.0
601.0,211.0
601.0,10.0
601.0,717.0
602.0,230.0
602.0,722.0
602.0,713.0
602.0,784.0
602.0,597.0
602.0,315.0
602.0,577.0
602.0,278.0
602.0,45.0
602.0,627.0
602.0,647.0
602.0,427.0
603.0,130.0
603.0,59.0
603.0,564.0
603.0,167.0
603.0,538.0
603.0,580.0
603.0,150.0
603.0,332.0
603.0,87.0
603.0,942.0
603.0,970.0
603.0,964.0
604.0,768.0
604.0,855.0
604.0,433.0
604.0,204.0
604.0,253.0
604.0,588.0
604.0,724.0
604.0,390.0
604.0,467.0
604.0,92.0
604.0,515.0
604.0,120.0
605.0,309.0
605.0,535.0
605.0,95.0
605.0,501.0
605.0,895.0
605.0,941.0
605.0,987.0
605.0,1035.0
605.0,1016.0
605.0,62.0
605.0,966.0
605.0,438.0
606.0,771.0
606.0,576.0
606.0,451.0
606.0,644.0
606.0,26.0
606.0,1026.0
606.0,762.0
606.0,841.0
606.0,852.0
606.0,182.0
606.0,802.0
606.0,92.0
607.0,279.0
607.0,895.0
607.0,662.0
607.0,309.0
607.0,575.0
607.0,313.0
607.0,123.0
607.0,318.0
607.0,469.0
607.0,431.0
607.0,538.0
607.0,330.0
608.0,522.0
608.0,445.0
608.0,163.0
608.0,466.0
608.0,304.0
608.0,313.0
608.0,217.0
608.0,749.0
608.0,1027.0
608.0,243.0
608.0,154.0
608.0,463.0
609.0,87.0
609.0,1007.0
609.0,584.0
609.0,976.0
609.0,449.0
609.0,790.0
609.0,38.0
609.0,228.0
609.0,75.0
609.0,94.0
609.0,637.0
609.0,803.0
610.0,965.0
610.0,807.0
610.0,560.0
610.0,294.0
610.0,806.0
610.0,330.0
610.0,932.0
610.0,453.0
610.0,1013.0
610.0,20.0
610.0,257.0
610.0,541.0
611.0,1019.0
611.0,976.0
611.0,884.0
611.0,719.0
611.0,869.0
611.0,328.0
611.0,754.0
611.0,925.0
611.0,217.0
611.0,361.0
611.0,1023.0
611.0,996.0
612.0,846.0
612.0,242.0
612.0,301.0
612.0,1020.0
612.0,73.0
612.0,903.0
612.0,801.0
612.0,925.0
612.0,318.0
612.0,744.0
612.0,575.0
612.0,502.0
613.0,282.0
613.0,746.0
613.0,885.0
613.0,510.0
613.0,585.0
613.0,757.0
613.0,270.0
613.0,540.0
613.0,664.0
613.0,987.0
613.0,487.0
613.0,1006.0
614.0,83.0
614.0,133.0
614.0,964.0
614.0,259.0
614.0,370.0
614.0,286.0
614.0,596.0
614.0,349.0
614.0,475.0
614.0,125.0
614.0,137.0
614.0,628.0
615.0,190.0
615.0,397.0
615.0,6.0
615.0,914.0
615.0,54.0
615.0,774.0
615.0,91.0
615.0,923.0
615.0,648.0
615.0,390.0
615.0,438.0
615.0,462.0
616.0,1002.0
616.0,144.0
616.0,120.0
616.0,604.0
616.0,841.0
616.0,179.0
616.0,606.0
616.0,595.0
616.0,767.0
616.0,390.0
616.0,814.0
616.0,164.0
617.0,321.0
617.0,197.0
617.0,1034.0
617.0,947.0
617.0,957.0
617.0,669.0
617.0,620.0
617.0,771.0
617.0,147.0
617.0,114.0
617.0,198.0
617.0,1012.0
618.0,777.0
618.0,759.0
618.0,455.0
618.0,1008.0
618.0,534.0
618.0,711.0
618.0,788.0
618.0,827.0
618.0,561.0
618.0,1030.0
618.0,193.0
618.0,953.0
619.0,270.0
619.0,732.0
619.0,379.0
619.0,465.0
619.0,288.0
619.0,943.0
619.0,897.0
619.0,824.0
619.0,962.0
619.0,536.0
619.0,142.0
619.0,788.0
620.0,531.0
620.0,326.0
620.0,380.0
620.0,407.0
620.0,30.0
620.0,622.0
620.0,718.0
620.0,1031.0
620.0,765.0
620.0,313.0
620.0,1012.0
620.0,829.0
621.0,928.0
621.0,303.0
621.0,33.0
621.0,287.0
621.0,246.0
621.0,1005.0
621.0,272.0
621.0,940.0
621.0,569.0
621.0,357.0
621.0,370.0
621.0,149.0
622.0,176.0
622.0,524.0
622.0,83.0
622.0,939.0
622.0,653.0
622.0,916.0
622.0,72.0
622.0,59.0
622.0,1008.0
622.0,503.0
622.0,575.0
622.0,721.0
623.0,861.0
623.0,146.0
623.0,391.0
623.0,820.0
623.0,610.0
623.0,543.0
623.0,393.0
623.0,746.0
623.0,212.0
623.0,779.0
623.0,989.0
623.0,101.0
624.0,852.0
624.0,395.0
624.0,107.0
624.0,853.0
624.0,773.0
624.0,479.0
624.0,430.0
624.0,640.0
624.0,938.0
624.0,193.0
624.0,318.0
624.0,895.0
625.0,755.0
625.0,531.0
625.0,573.0
625.0,33.0
625.0,226.0
625.0,171.0
625.0,904.0
625.0,907.0
625.0,336.0
625.0,971.0
625.0,609.0
625.0,938.0
626.0,854.0
626.0,1022.0
626.0,192.0
626.0,92.0
626.0,114.0
626.0,654.0
626.0,451.0
626.0,306.0
626.0,48.0
626.0,287.0
626.0,564.0
626.0,604.0
627.0,728.0
627.0,249.0
627.0,264.0
627.0,609.0
627.0,214.0
627.0,727.0
627.0,274.0
627.0,927.0
627.0,639.0
627.0,63.0
627.0,677.0
627.0,449.0
628.0,896.0
628.0,1026.0
628.0,259.0
628.0,204.0
628.0,153.0
628.0,894.0
628.0,838.0
628.0,1002.0
628.0,253.0
628.0,872.0
628.0,321.0
628.0,1011.0
629.0,428.0
629.0,449.0
629.0,527.0
629.0,728.0
629.0,394.0
629.0,396.0
629.0,539.0
629.0,605.0
629.0,232.0
629.0,804.0
629.0,313.0
629.0,395.0
630.0,117.0
630.0,573.0
630.0,955.0
630.0,54.0
630.0,184.0
630.0,462.0
630.0,520.0
630.0,964.0
630.0,860.0
630.0,602.0
630.0,41.0
630.0,28.0
631.0,894.0
631.0,849.0
631.0,327.0
631.0,226.0
631.0,284.0
631.0,335.0
631.0,472.0
631.0,175.0
631.0,554.0
631.0,830.0
631.0,415.0
631.0,275.0
632.0,467.0
632.0,264.0
632.0,109.0
632.0,899.0
632.0,561.0
632.0,17.0
632.0,132.0
632.0,790.0
632.0,139.0
632.0,889.0
632.0,101.0
632.0,490.0
633.0,847.0
633.0,14.0
633.0,453.0
633.0,808.0
633.0,289.0
633.0,191.0
633.0,344.0
633.0,1024.0
633.0,816.0
633.0,391.0
633.0,666.0
633.0,271.0
634.0,183.0
634.0,682.0
634.0,678.0
634.0,324.0
634.0,475.0
634.0,674.0
634.0,950.0
634.0,366.0
634.0,420.0
634.0,747.0
634.0,205.0
634.0,812.0
635.0,789.0
635.0,489.0
635.0,915.0
635.0,512.0
635.0,376.0
635.0,657.0
635.0,24.0
635.0,653.0
635.0,186.0
635.0,337.0
635.0,422.0
635.0,898.0
636.0,455.0
636.0,687.0
636.0,288.0
636.0,257.0
636.0,682.0
636.0,578.0
636.0,300.0
636.0,928.0
636.0,391.0
636.0,770.0
636.0,1024.0
636.0,541.0
637.0,612.0
637.0,754.0
637.0,537.0
637.0,416.0
637.0,718.0
637.0,770.0
637.0,292.0
637.0,609.0
637.0,862.0
637.0,1006.0
637.0,1031.0
637.0,290.0
638.0,644.0
638.0,726.0
638.0,368.0
638.0,234.0
638.0,151.0
638.0,674.0
638.0,731.0
638.0,169.0
638.0,839.0
638.0,710.0
638.0,256.0
638.0,160.0
639.0,1023.0
639.0,485.0
639.0,811.0
639.0,801.0
639.0,400.0
639.0,398.0
639.0,882.0
639.0,836.0
639.0,315.0
639.0,426.0
639.0,1021.0
639.0,1010.0
640.0,83.0
640.0,620.0
640.0,431.0
640.0,217.0
640.0,115.0
640.0,979.0
640.0,226.0
640.0,176.0
640.0,754.0
640.0,228.0
640.0,423.0
640.0,504.0
641.0,992.0
641.0,192.0
641.0,444.0
641.0,425.0
641.0,665.0
641.0,1023.0
641.0,384.0
641.0,838.0
641.0,343.0
641.0,266.0
641.0,775.0
641.0,409.0
642.0,719.0
642.0,503.0
642.0,1013.0
642.0,931.0
642.0,20.0
642.0,868.0
642.0,498.0
642.0,442.0
642.0,646.0
642.0,710.0
642.0,167.0
642.0,765.0
643.0,283.0
643.0,356.0
643.0,78.0
643.0,610.0
643.0,334.0
643.0,363.0
643.0,103.0
643.0,571.0
643.0,138.0
643.0,1024.0
643.0,1013.0
643.0,123.0
644.0,490.0
644.0,6.0
644.0,669.0
644.0,394.0
644.0,405.0
644.0,626.0
644.0,484.0
644.0,461.0
644.0,611.0
644.0,306.0
644.0,180.0
644.0,819.0
645.0,646.0
645.0,723.0
645.0,480.0
645.0,596.0
645.0,33.0
645.0,20.0
645.0,788.0
645.0,290.0
645.0,962.0
645.0,844.0
645.0,450.0
645.0,213.0
646.0,726.0
646.0,169.0
646.0,168.0
646.0,888.0
646.0,59.0
646.0,955.0
646.0,126.0
646.0,128.0
646.0,460.0
646.0,279.0
646.0,180.0
646.0,148.0
647.0,5.0
647.0,133.0
647.0,572.0
647.0,255.0
647.0,400.0
647.0,360.0
647.0,991.0
647.0,38.0
647.0,220.0
647.0,466.0
647.0,432.0
647.0,457.0
648.0,1007.0
648.0,370.0
648.0,924.0
648.0,455.0
648.0,221.0
648.0,203.0
648.0,1014.0
648.0,276.0
648.0,279.0
648.0,903.0
648.0,830.0
648.0,304.0
649.0,59.0
649.0,946.0
649.0,285.0
649.0,234.0
649.0,893.0
649.0,750.0
649.0,541.0
649.0,773.0
649.0,381.0
649.0,746.0
649.0,135.0
649.0,523.0
650.0,730.0
650.0,701.0
650.0,960.0
650.0,785.0
650.0,402.0
650.0,77.0
650.0,810.0
650.0,876.0
650.0,555.0
650.0,300.0
650.0,949.0
650.0,985.0
651.0,861.0
651.0,369.0
651.0,1007.0
651.0,333.0
651.0,697.0
651.0,167.0
651.0,275.0
651.0,574.0
651.0,805.0
651.0,945.0
651.0,799.0
651.0,234.0
652.0,598.0
652.0,728.0
652.0,445.0
652.0,91.0
652.0,965.0
652.0,738.0
652.0,912.0
652.0,301.0
652.0,107.0
652.0,444.0
652.0,863.0
652.0,828.0
653.0,376.0
653.0,785.0
653.0,49.0
653.0,58.0
653.0,993.0
653.0,755.0
653.0,643.0
653.0,277.0
653.0,34.0
653.0,622.0
653.0,1007.0
653.0,635.0
654.0,328.0
654.0,595.0
654.0,43.0
654.0,630.0
654.0,604.0
654.0,152.0
654.0,725.0
654.0,89.0
654.0,679.0
654.0,382.0
654.0,388.0
654.0,125.0
655.0,695.0
655.0,525.0
655.0,329.0
655.0,547.0
655.0,498.0
655.0,774.0
655.0,531.0
655.0,834.0
655.0,332.0
655.0,25.0
655.0,933.0
655.0,514.0
656.0,998.0
656.0,127.0
656.0,67.0
656.0,976.0
656.0,750.0
656.0,419.0
656.0,267.0
656.0,986.0
656.0,444.0
656.0,591.0
656.0,956.0
656.0,84.0
657.0,502.0
657.0,635.0
657.0,955.0
657.0,525.0
657.0,568.0
657.0,779.0
657.0,556.0
657.0,698.0
657.0,471.0
657.0,610.0
657.0,51.0
657.0,577.0
658.0,990.0
658.0,931.0
658.0,894.0
658.0,381.0
658.0,781.0
658.0,374.0
658.0,1008.0
658.0,159.0
658.0,837.0
658.0,288.0
658.0,970.0
658.0,568.0
659.0,757.0
659.0,172.0
659.0,672.0
659.0,313.0
659.0,895.0
659.0,501.0
659.0,1006.0
659.0,954.0
659.0,427.0
659.0,308.0
659.0,470.0
659.0,543.0
660.0,652.0
660.0,439.0
660.0,415.0
660.0,559.0
660.0,957.0
660.0,683.0
660.0,41.0
660.0,372.0
660.0,804.0
660.0,180.0
660.0,460.0
660.0,56.0
661.0,37.0
661.0,929.0
661.0,289.0
661.0,422.0
661.0,272.0
661.0,824.0
661.0,711.0
661.0,391.0
661.0,849.0
661.0,951.0
661.0,931.0
661.0,408.0
662.0,565.0
662.0,991.0
662.0,684.0
662.0,332.0
662.0,973.0
662.0,670.0
662.0,83.0
662.0,61.0
662.0,203.0
662.0,687.0
662.0,466.0
662.0,716.0
663.0,706.0
663.0,1021.0
663.0,584.0
663.0,884.0
663.0,517.0
663.0,490.0
663.0,199.0
663.0,446.0
663.0,710.0
663.0,581.0
663.0,467.0
663.0,1020.0
664.0,357.0
664.0,620.0
664.0,40.0
664.0,467.0
664.0,860.0
664.0,189.0
664.0,1006.0
664.0,341.0
664.0,576.0
664.0,28.0
664.0,710.0
664.0,210.0
665.0,926.0
665.0,1020.0
665.0,748.0
665.0,746.0
665.0,971.0
665.0,23.0
665.0,592.0
665.0,512.0
665.0,1009.0
665.0,571.0
665.0,740.0
665.0,56.0
666.0,295.0
666.0,222.0
666.0,764.0
666.0,794.0
666.0,543.0
666.0,411.0
666.0,369.0
666.0,792.0
666.0,435.0
666.0,178.0
666.0,76.0
666.0,379.0
667.0,286.0
667.0,718.0
667.0,67.0
667.0,12.0
667.0,830.0
667.0,1027.0
667.0,427.0
667.0,853.0
667.0,183.0
667.0,215.0
667.0,304.0
667.0,900.0
668.0,119.0
668.0,431.0
668.0,427.0
668.0,9.0
668.0,554.0
668.0,180.0
668.0,707.0
668.0,973.0
668.0,944.0
668.0,408.0
668.0,430.0
668.0,279.0
669.0,43.0
669.0,40.0
669.0,757.0
669.0,562.0
669.0,128.0
669.0,768.0
669.0,23.0
669.0,588.0
669.0,842.0
669.0,841.0
669.0,899.0
669.0,774.0
670.0,30.0
670.0,731.0
670.0,22.0
670.0,292.0
670.0,830.0
670.0,464.0
670.0,489.0
670.0,535.0
670.0,636.0
670.0,589.0
670.0,933.0
670.0,83.0
671.0,547.0
671.0,364.0
671.0,933.0
671.0,72.0
671.0,867.0
671.0,538.0
671.0,703.0
671.0,861.0
671.0,104.0
671.0,211.0
671.0,277.0
671.0,505.0
672.0,12.0
672.0,168.0
672.0,212.0
672.0,483.0
672.0,608.0
672.0,524.0
672.0,364.0
672.0,566.0
672.0,254.0
672.0,55.0
672.0,697.0
672.0,276.0
673.0,13.0
673.0,761.0
673.0,90.0
673.0,213.0
673.0,640.0
673.0,83.0
673.0,464.0
673.0,250.0
673.0,251.0
673.0,929.0
673.0,935.0
673.0,548.0
674.0,522.0
674.0,631.0
674.0,666.0
674.0,243.0
674.0,23.0
674.0,1016.0
674.0,670.0
674.0,436.0
674.0,310.0
674.0,385.0
674.0,187.0
674.0,1031.0
675.0,216.0
675.0,449.0
675.0,446.0
675.0,17.0
675.0,474.0
675.0,538.0
675.0,916.0
675.0,316.0
675.0,904.0
675.0,862.0
675.0,109.0
675.0,351.0
676.0,819.0
676.0,436.0
676.0,542.0
676.0,153.0
676.0,1034.0
676.0,106.0
676.0,179.0
676.0,86.0
676.0,114.0
676.0,617.0
676.0,644.0
676.0,892.0
677.0,801.0
677.0,870.0
677.0,602.0
677.0,14.0
677.0,594.0
677.0,49.0
677.0,932.0
677.0,700.0
677.0,62.0
677.0,503.0
677.0,371.0
677.0,140.0
678.0,304.0
678.0,233.0
678.0,495.0
678.0,191.0
678.0,300.0
678.0,925.0
678.0,864.0
678.0,594.0
678.0,479.0
678.0,492.0
678.0,497.0
678.0,713.0
679.0,239.0
679.0,51.0
679.0,106.0
679.0,494.0
679.0,716.0
679.0,397.0
679.0,676.0
679.0,43.0
679.0,588.0
679.0,297.0
679.0,350.0
679.0,262.0
680.0,394.0
680.0,129.0
680.0,55.0
680.0,878.0
680.0,125.0
680.0,988.0
680.0,586.0
680.0,283.0
680.0,114.0
680.0,954.0
680.0,421.0
680.0,210.0
681.0,342.0
681.0,563.0
681.0,336.0
681.0,781.0
681.0,869.0
681.0,475.0
681.0,417.0
681.0,565.0
681.0,210.0
681.0,558.0
681.0,629.0
681.0,680.0
682.0,556.0
682.0,743.0
682.0,666.0
682.0,779.0
682.0,660.0
682.0,1024.0
682.0,428.0
682.0,994.0
682.0,701.0
682.0,268.0
682.0,98.0
682.0,178.0
683.0,795.0
683.0,83.0
683.0,466.0
683.0,39.0
683.0,522.0
683.0,895.0
683.0,298.0
683.0,224.0
683.0,658.0
683.0,1003.0
683.0,665.0
683.0,215.0
684.0,1027.0
684.0,759.0
684.0,860.0
684.0,163.0
684.0,475.0
684.0,755.0
684.0,658.0
684.0,603.0
684.0,59.0
684.0,605.0
684.0,942.0
684.0,866.0
685.0,65.0
685.0,628.0
685.0,796.0
685.0,390.0
685.0,288.0
685.0,10.0
685.0,20.0
685.0,500.0
685.0,896.0
685.0,531.0
685.0,735.0
685.0,841.0
686.0,279.0
686.0,75.0
686.0,231.0
686.0,239.0
686.0,254.0
686.0,183.0
686.0,701.0
686.0,507.0
686.0,921.0
686.0,471.0
686.0,790.0
686.0,205.0
687.0,370.0
687.0,51.0
687.0,1035.0
687.0,24.0
687.0,949.0
687.0,577.0
687.0,846.0
687.0,318.0
687.0,667.0
687.0,711.0
687.0,445.0
687.0,149.0
688.0,696.0
688.0,98.0
688.0,257.0
688.0,126.0
688.0,324.0
688.0,1035.0
688.0,333.0
688.0,331.0
688.0,714.0
688.0,983.0
688.0,730.0
688.0,171.0
689.0,374.0
689.0,437.0
689.0,314.0
689.0,993.0
689.0,562.0
689.0,855.0
689.0,129.0
689.0,101.0
689.0,565.0
689.0,63.0
689.0,928.0
689.0,616.0
690.0,740.0
690.0,991.0
690.0,948.0
690.0,301.0
690.0,965.0
690.0,499.0
690.0,732.0
690.0,530.0
690.0,283.0
690.0,162.0
690.0,805.0
690.0,420.0
691.0,156.0
691.0,27.0
691.0,131.0
691.0,52.0
691.0,902.0
691.0,584.0
691.0,568.0
691.0,976.0
691.0,754.0
691.0,30.0
691.0,545.0
691.0,550.0
692.0,319.0
692.0,623.0
692.0,622.0
692.0,840.0
692.0,420.0
692.0,245.0
692.0,107.0
692.0,861.0
692.0,560.0
692.0,188.0
692.0,522.0
692.0,221.0
693.0,735.0
693.0,293.0
693.0,147.0
693.0,870.0
693.0,93.0
693.0,663.0
693.0,110.0
693.0,809.0
693.0,315.0
693.0,1033.0
693.0,576.0
693.0,967.0
694.0,556.0
694.0,973.0
694.0,462.0
694.0,71.0
694.0,474.0
694.0,100.0
694.0,140.0
694.0,627.0
694.0,677.0
694.0,632.0
694.0,728.0
694.0,153.0
695.0,996.0
695.0,815.0
695.0,1035.0
695.0,992.0
695.0,846.0
695.0,625.0
695.0,1023.0
695.0,620.0
695.0,699.0
695.0,204.0
695.0,721.0
695.0,304.0
696.0,531.0
696.0,67.0
696.0,569.0
696.0,295.0
696.0,283.0
696.0,950.0
696.0,1009.0
696.0,356.0
696.0,292.0
696.0,202.0
696.0,245.0
696.0,14.0
697.0,138.0
697.0,323.0
697.0,977.0
697.0,733.0
697.0,682.0
697.0,286.0
697.0,574.0
697.0,59.0
697.0,214.0
697.0,0.0
697.0,479.0
697.0,69.0
698.0,770.0
698.0,94.0
698.0,547.0
698.0,79.0
698.0,721.0
698.0,655.0
698.0,241.0
698.0,233.0
698.0,844.0
698.0,124.0
698.0,905.0
698.0,695.0
699.0,902.0
699.0,17.0
699.0,727.0
699.0,48.0
699.0,56.0
699.0,164.0
699.0,224.0
699.0,664.0
699.0,695.0
699.0,677.0
699.0,805.0
699.0,1019.0
700.0,426.0
700.0,407.0
700.0,622.0
700.0,264.0
700.0,500.0
700.0,456.0
700.0,436.0
700.0,698.0
700.0,539.0
700.0,1025.0
700.0,337.0
700.0,655.0
701.0,522.0
701.0,820.0
701.0,1003.0
701.0,829.0
701.0,191.0
701.0,577.0
701.0,38.0
701.0,428.0
701.0,922.0
701.0,499.0
701.0,1027.0
701.0,657.0
702.0,519.0
702.0,940.0
702.0,712.0
702.0,294.0
702.0,749.0
702.0,833.0
702.0,911.0
702.0,952.0
702.0,540.0
702.0,7.0
702.0,402.0
702.0,621.0
703.0,636.0
703.0,982.0
703.0,545.0
703.0,52.0
703.0,915.0
703.0,984.0
703.0,932.0
703.0,505.0
703.0,189.0
703.0,883.0
703.0,887.0
703.0,422.0
704.0,264.0
704.0,1010.0
704.0,806.0
704.0,677.0
704.0,376.0
704.0,46.0
704.0,910.0
704.0,94.0
704.0,529.0
704.0,671.0
704.0,821.0
704.0,882.0
705.0,87.0
705.0,481.0
705.0,803.0
705.0,945.0
705.0,539.0
705.0,844.0
705.0,879.0
705.0,154.0
705.0,964.0
705.0,912.0
705.0,12.0
705.0,387.0
706.0,954.0
706.0,298.0
706.0,707.0
706.0,53.0
706.0,15.0
706.0,329.0
706.0,89.0
706.0,30.0
706.0,182.0
706.0,691.0
706.0,820.0
706.0,545.0
707.0,596.0
707.0,165.0
707.0,261.0
707.0,620.0
707.0,980.0
707.0,912.0
707.0,837.0
707.0,694.0
707.0,611.0
707.0,756.0
707.0,821.0
707.0,232.0
708.0,296.0
708.0,511.0
708.0,691.0
708.0,1009.0
708.0,531.0
708.0,102.0
708.0,59.0
708.0,760.0
708.0,384.0
708.0,711.0
708.0,318.0
708.0,16.0
709.0,341.0
709.0,316.0
709.0,855.0
709.0,182.0
709.0,904.0
709.0,601.0
709.0,689.0
709.0,314.0
709.0,1026.0
709.0,441.0
709.0,338.0
709.0,802.0
710.0,678.0
710.0,343.0
710.0,517.0
710.0,655.0
710.0,51.0
710.0,733.0
710.0,204.0
710.0,743.0
710.0,309.0
710.0,742.0
710.0,242.0
710.0,357.0
711.0,906.0
711.0,82.0
711.0,537.0
711.0,286.0
711.0,176.0
711.0,203.0
711.0,967.0
711.0,889.0
711.0,61.0
711.0,69.0
711.0,737.0
711.0,170.0
712.0,651.0
712.0,844.0
712.0,637.0
712.0,924.0
712.0,729.0
712.0,648.0
712.0,19.0
712.0,923.0
712.0,609.0
712.0,534.0
712.0,553.0
712.0,814.0
713.0,94.0
713.0,34.0
713.0,747.0
713.0,163.0
713.0,46.0
713.0,534.0
713.0,803.0
713.0,686.0
713.0,620.0
713.0,32.0
713.0,51.0
713.0,38.0
714.0,289.0
714.0,491.0
714.0,905.0
714.0,967.0
714.0,483.0
714.0,496.0
714.0,743.0
714.0,74.0
714.0,266.0
714.0,408.0
714.0,806.0
714.0,435.0
715.0,586.0
715.0,4.0
715.0,756.0
715.0,896.0
715.0,204.0
715.0,685.0
715.0,80.0
715.0,958.0
715.0,61.0
715.0,997.0
715.0,725.0
715.0,648.0
716.0,460.0
716.0,433.0
716.0,459.0
716.0,801.0
716.0,153.0
716.0,210.0
716.0,814.0
716.0,797.0
716.0,28.0
716.0,439.0
716.0,782.0
716.0,957.0
717.0,924.0
717.0,17.0
717.0,316.0
717.0,707.0
717.0,584.0
717.0,427.0
717.0,531.0
717.0,553.0
717.0,71.0
717.0,41.0
717.0,513.0
717.0,745.0
718.0,167.0
718.0,245.0
718.0,30.0
718.0,314.0
718.0,4.0
718.0,538.0
718.0,554.0
718.0,307.0
718.0,853.0
718.0,573.0
718.0,218.0
718.0,900.0
719.0,319.0
719.0,1035.0
719.0,991.0
719.0,879.0
719.0,1007.0
719.0,608.0
719.0,122.0
719.0,34.0
719.0,599.0
719.0,24.0
719.0,1020.0
719.0,283.0
720.0,716.0
720.0,852.0
720.0,285.0
720.0,311.0
720.0,379.0
720.0,782.0
720.0,957.0
720.0,493.0
720.0,776.0
720.0,86.0
720.0,382.0
720.0,292.0
721.0,539.0
721.0,543.0
721.0,371.0
721.0,538.0
721.0,308.0
721.0,712.0
721.0,183.0
721.0,706.0
721.0,354.0
721.0,0.0
721.0,193.0
721.0,597.0
722.0,161.0
722.0,927.0
722.0,182.0
722.0,622.0
722.0,251.0
722.0,181.0
722.0,1031.0
722.0,946.0
722.0,835.0
722.0,330.0
722.0,770.0
722.0,691.0
723.0,425.0
723.0,937.0
723.0,343.0
723.0,1032.0
723.0,619.0
723.0,163.0
723.0,244.0
723.0,308.0
723.0,487.0
723.0,757.0
723.0,574.0
723.0,686.0
724.0,729.0
724.0,962.0
724.0,1031.0
724.0,107.0
724.0,23.0
724.0,288.0
724.0,733.0
724.0,130.0
724.0,774.0
724.0,559.0
724.0,711.0
724.0,687.0
725.0,615.0
725.0,592.0
725.0,477.0
725.0,19.0
725.0,723.0
725.0,903.0
725.0,774.0
725.0,660.0
725.0,129.0
725.0,290.0
725.0,568.0
725.0,412.0
726.0,405.0
726.0,644.0
726.0,467.0
726.0,826.0
726.0,720.0
726.0,563.0
726.0,21.0
726.0,114.0
726.0,282.0
726.0,192.0
726.0,306.0
726.0,445.0
727.0,6.0
727.0,715.0
727.0,190.0
727.0,644.0
727.0,676.0
727.0,654.0
727.0,903.0
727.0,971.0
727.0,321.0
727.0,132.0
727.0,477.0
727.0,604.0
728.0,701.0
728.0,248.0
728.0,637.0
728.0,351.0
728.0,572.0
728.0,856.0
728.0,241.0
728.0,967.0
728.0,648.0
728.0,430.0
728.0,6.0
728.0,540.0
729.0,552.0
729.0,22.0
729.0,111.0
729.0,711.0
729.0,353.0
729.0,70.0
729.0,499.0
729.0,302.0
729.0,455.0
729.0,794.0
729.0,985.0
729.0,343.0
730.0,747.0
730.0,117.0
730.0,876.0
730.0,251.0
730.0,714.0
730.0,979.0
730.0,275.0
730.0,532.0
730.0,548.0
730.0,37.0
730.0,570.0
730.0,369.0
731.0,1029.0
731.0,1035.0
731.0,181.0
731.0,746.0
731.0,473.0
731.0,427.0
731.0,574.0
731.0,175.0
731.0,575.0
731.0,87.0
731.0,511.0
731.0,658.0
732.0,442.0
732.0,157.0
732.0,967.0
732.0,411.0
732.0,1004.0
732.0,907.0
732.0,176.0
732.0,149.0
732.0,27.0
732.0,970.0
732.0,883.0
732.0,1030.0
733.0,380.0
733.0,645.0
733.0,860.0
733.0,805.0
733.0,131.0
733.0,683.0
733.0,532.0
733.0,408.0
733.0,241.0
733.0,952.0
733.0,363.0
733.0,794.0
734.0,696.0
734.0,34.0
734.0,525.0
734.0,178.0
734.0,141.0
734.0,985.0
734.0,267.0
734.0,165.0
734.0,198.0
734.0,710.0
734.0,128.0
734.0,1018.0
735.0,469.0
735.0,628.0
735.0,65.0
735.0,531.0
735.0,102.0
735.0,427.0
735.0,397.0
735.0,899.0
735.0,208.0
735.0,550.0
735.0,921.0
735.0,680.0
736.0,501.0
736.0,261.0
736.0,436.0
736.0,921.0
736.0,920.0
736.0,252.0
736.0,932.0
736.0,379.0
736.0,608.0
736.0,662.0
736.0,269.0
736.0,563.0
737.0,686.0
737.0,372.0
737.0,156.0
737.0,389.0
737.0,842.0
737.0,652.0
737.0,196.0
737.0,723.0
737.0,683.0
737.0,397.0
737.0,923.0
737.0,142.0
738.0,514.0
738.0,791.0
738.0,808.0
738.0,700.0
738.0,241.0
738.0,502.0
738.0,909.0
738.0,686.0
738.0,27.0
738.0,370.0
738.0,472.0
738.0,540.0
739.0,705.0
739.0,167.0
739.0,155.0
739.0,834.0
739.0,836.0
739.0,919.0
739.0,982.0
739.0,787.0
739.0,131.0
739.0,420.0
739.0,932.0
739.0,1003.0
740.0,280.0
740.0,44.0
740.0,902.0
740.0,233.0
740.0,15.0
740.0,1003.0
740.0,97.0
740.0,778.0
740.0,111.0
740.0,907.0
740.0,710.0
740.0,395.0
741.0,268.0
741.0,37.0
741.0,848.0
741.0,569.0
741.0,816.0
741.0,881.0
741.0,311.0
741.0,761.0
741.0,391.0
741.0,39.0
741.0,638.0
741.0,592.0
742.0,1003.0
742.0,467.0
742.0,150.0
742.0,479.0
742.0,767.0
742.0,710.0
742.0,163.0
742.0,214.0
742.0,552.0
742.0,969.0
742.0,738.0
742.0,333.0
743.0,284.0
743.0,931.0
743.0,367.0
743.0,748.0
743.0,482.0
743.0,829.0
743.0,371.0
743.0,868.0
743.0,94.0
743.0,906.0
743.0,838.0
743.0,844.0
744.0,1024.0
744.0,785.0
744.0,945.0
744.0,690.0
744.0,104.0
744.0,597.0
744.0,1014.0
744.0,692.0
744.0,119.0
744.0,170.0
744.0,466.0
744.0,899.0
745.0,857.0
745.0,415.0
745.0,16.0
745.0,90.0
745.0,931.0
745.0,897.0
745.0,207.0
745.0,408.0
745.0,483.0
745.0,748.0
745.0,757.0
745.0,774.0
746.0,799.0
746.0,965.0
746.0,530.0
746.0,198.0
746.0,956.0
746.0,189.0
746.0,566.0
746.0,618.0
746.0,96.0
746.0,436.0
746.0,401.0
746.0,75.0
747.0,759.0
747.0,522.0
747.0,808.0
747.0,541.0
747.0,701.0
747.0,682.0
747.0,990.0
747.0,989.0
747.0,32.0
747.0,608.0
747.0,877.0
747.0,159.0
748.0,622.0
748.0,874.0
748.0,895.0
748.0,1016.0
748.0,501.0
748.0,61.0
748.0,440.0
748.0,538.0
748.0,296.0
748.0,357.0
748.0,599.0
748.0,420.0
749.0,414.0
749.0,565.0
749.0,553.0
749.0,136.0
749.0,1012.0
749.0,1004.0
749.0,942.0
749.0,176.0
749.0,420.0
749.0,242.0
749.0,12.0
749.0,48.0
750.0,59.0
750.0,810.0
750.0,343.0
750.0,478.0
750.0,188.0
750.0,775.0
750.0,263.0
750.0,444.0
750.0,724.0
750.0,76.0
750.0,487.0
750.0,912.0
751.0,551.0
751.0,731.0
751.0,300.0
751.0,73.0
751.0,976.0
751.0,671.0
751.0,568.0
751.0,657.0
751.0,743.0
751.0,783.0
751.0,792.0
751.0,575.0
752.0,193.0
752.0,4.0
752.0,463.0
752.0,914.0
752.0,138.0
752.0,336.0
752.0,358.0
752.0,827.0
752.0,788.0
752.0,596.0
752.0,116.0
752.0,480.0
753.0,714.0
753.0,845.0
753.0,991.0
753.0,755.0
753.0,937.0
753.0,70.0
753.0,1031.0
753.0,648.0
753.0,908.0
753.0,136.0
753.0,541.0
753.0,719.0
754.0,512.0
754.0,276.0
754.0,361.0
754.0,609.0
754.0,652.0
754.0,157.0
754.0,462.0
754.0,437.0
754.0,252.0
754.0,336.0
754.0,545.0
754.0,642.0
755.0,156.0
755.0,4.0
755.0,78.0
755.0,725.0
755.0,952.0
755.0,667.0
755.0,695.0
755.0,889.0
755.0,932.0
755.0,219.0
755.0,304.0
755.0,1008.0
756.0,414.0
756.0,159.0
756.0,554.0
756.0,261.0
756.0,367.0
756.0,193.0
756.0,431.0
756.0,317.0
756.0,466.0
756.0,518.0
756.0,131.0
756.0,157.0
757.0,119.0
757.0,854.0
757.0,142.0
757.0,262.0
757.0,405.0
757.0,804.0
757.0,182.0
757.0,450.0
757.0,974.0
757.0,320.0
757.0,513.0
757.0,623.0
758.0,544.0
758.0,1030.0
758.0,656.0
758.0,422.0
758.0,218.0
758.0,817.0
758.0,590.0
758.0,208.0
758.0,701.0
758.0,447.0
758.0,741.0
758.0,275.0
759.0,436.0
759.0,411.0
759.0,649.0
759.0,428.0
759.0,103.0
759.0,648.0
759.0,156.0
759.0,281.0
759.0,397.0
759.0,889.0
759.0,265.0
759.0,877.0
760.0,232.0
760.0,179.0
760.0,665.0
760.0,740.0
760.0,857.0
760.0,579.0
760.0,516.0
760.0,89.0
760.0,469.0
760.0,524.0
760.0,821.0
760.0,753.0
761.0,303.0
761.0,986.0
761.0,370.0
761.0,36.0
761.0,288.0
761.0,260.0
761.0,4.0
761.0,673.0
761.0,22.0
761.0,323.0
761.0,111.0
761.0,447.0
762.0,316.0
762.0,583.0
762.0,341.0
762.0,314.0
762.0,390.0
762.0,605.0
762.0,382.0
762.0,862.0
762.0,736.0
762.0,628.0
762.0,796.0
762.0,855.0
763.0,1023.0
763.0,10.0
763.0,689.0
763.0,177.0
763.0,924.0
763.0,41.0
763.0,243.0
763.0,608.0
763.0,441.0
763.0,341.0
763.0,71.0
763.0,109.0
764.0,696.0
764.0,603.0
764.0,558.0
764.0,163.0
764.0,948.0
764.0,79.0
764.0,307.0
764.0,267.0
764.0,96.0
764.0,610.0
764.0,779.0
764.0,1016.0
765.0,1000.0
765.0,597.0
765.0,479.0
765.0,884.0
765.0,95.0
765.0,357.0
765.0,176.0
765.0,950.0
765.0,539.0
765.0,878.0
765.0,785.0
765.0,1003.0
766.0,441.0
766.0,474.0
766.0,506.0
766.0,948.0
766.0,386.0
766.0,521.0
766.0,440.0
766.0,718.0
766.0,1011.0
766.0,400.0
766.0,168.0
766.0,927.0
767.0,166.0
767.0,123.0
767.0,158.0
767.0,38.0
767.0,865.0
767.0,278.0
767.0,244.0
767.0,609.0
767.0,146.0
767.0,187.0
767.0,170.0
767.0,722.0
768.0,941.0
768.0,120.0
768.0,644.0
768.0,458.0
768.0,595.0
768.0,762.0
768.0,699.0
768.0,998.0
768.0,306.0
768.0,814.0
768.0,640.0
768.0,899.0
769.0,494.0
769.0,430.0
769.0,586.0
769.0,695.0
769.0,510.0
769.0,192.0
769.0,153.0
769.0,179.0
769.0,712.0
769.0,926.0
769.0,614.0
769.0,48.0
770.0,698.0
770.0,771.0
770.0,242.0
770.0,408.0
770.0,539.0
770.0,462.0
770.0,115.0
770.0,845.0
770.0,161.0
770.0,102.0
770.0,216.0
770.0,283.0
771.0,321.0
771.0,43.0
771.0,108.0
771.0,888.0
771.0,717.0
771.0,190.0
771.0,596.0
771.0,206.0
771.0,654.0
771.0,24.0
771.0,382.0
771.0,941.0
772.0,431.0
772.0,758.0
772.0,81.0
772.0,736.0
772.0,44.0
772.0,90.0
772.0,410.0
772.0,275.0
772.0,523.0
772.0,172.0
772.0,563.0
772.0,780.0
773.0,83.0
773.0,728.0
773.0,149.0
773.0,583.0
773.0,1035.0
773.0,1024.0
773.0,359.0
773.0,326.0
773.0,32.0
773.0,78.0
773.0,889.0
773.0,310.0
774.0,192.0
774.0,926.0
774.0,543.0
774.0,342.0
774.0,203.0
774.0,828.0
774.0,732.0
774.0,577.0
774.0,681.0
774.0,813.0
774.0,615.0
774.0,666.0
775.0,827.0
775.0,965.0
775.0,465.0
775.0,1006.0
775.0,412.0
775.0,940.0
775.0,11.0
775.0,956.0
775.0,649.0
775.0,754.0
775.0,893.0
775.0,425.0
776.0,1032.0
776.0,534.0
776.0,142.0
776.0,108.0
776.0,168.0
776.0,448.0
776.0,843.0
776.0,562.0
776.0,358.0
776.0,197.0
776.0,262.0
776.0,885.0
777.0,65.0
777.0,611.0
777.0,170.0
777.0,781.0
777.0,629.0
777.0,4.0
777.0,804.0
777.0,667.0
777.0,942.0
777.0,6.0
777.0,681.0
777.0,748.0
778.0,524.0
778.0,214.0
778.0,1004.0
778.0,121.0
778.0,1033.0
778.0,538.0
778.0,728.0
778.0,386.0
778.0,389.0
778.0,42.0
778.0,110.0
778.0,182.0
779.0,187.0
779.0,78.0
779.0,204.0
779.0,1025.0
779.0,298.0
779.0,327.0
779.0,138.0
779.0,252.0
779.0,371.0
779.0,894.0
779.0,483.0
779.0,12.0
780.0,246.0
780.0,82.0
780.0,326.0
780.0,410.0
780.0,245.0
780.0,346.0
780.0,929.0
780.0,876.0
780.0,148.0
780.0,650.0
780.0,806.0
780.0,1018.0
781.0,667.0
781.0,668.0
781.0,354.0
781.0,896.0
781.0,992.0
781.0,512.0
781.0,235.0
781.0,889.0
781.0,27.0
781.0,591.0
781.0,877.0
781.0,772.0
782.0,173.0
782.0,214.0
782.0,584.0
782.0,756.0
782.0,201.0
782.0,828.0
782.0,297.0
782.0,676.0
782.0,987.0
782.0,169.0
782.0,646.0
782.0,799.0
783.0,739.0
783.0,512.0
783.0,51.0
783.0,1010.0
783.0,643.0
783.0,503.0
783.0,227.0
783.0,454.0
783.0,257.0
783.0,751.0
783.0,383.0
783.0,873.0
784.0,651.0
784.0,739.0
784.0,345.0
784.0,1031.0
784.0,85.0
784.0,315.0
784.0,140.0
784.0,859.0
784.0,386.0
784.0,387.0
784.0,868.0
784.0,123.0
785.0,269.0
785.0,811.0
785.0,191.0
785.0,682.0
785.0,1020.0
785.0,428.0
785.0,900.0
785.0,719.0
785.0,281.0
785.0,366.0
785.0,830.0
785.0,525.0
786.0,320.0
786.0,69.0
786.0,188.0
786.0,615.0
786.0,192.0
786.0,774.0
786.0,21.0
786.0,1014.0
786.0,147.0
786.0,28.0
786.0,842.0
786.0,733.0
787.0,710.0
787.0,775.0
787.0,853.0
787.0,634.0
787.0,357.0
787.0,280.0
787.0,283.0
787.0,547.0
787.0,482.0
787.0,360.0
787.0,969.0
787.0,485.0
788.0,960.0
788.0,794.0
788.0,717.0
788.0,373.0
788.0,480.0
788.0,759.0
788.0,136.0
788.0,381.0
788.0,478.0
788.0,887.0
788.0,450.0
788.0,724.0
789.0,900.0
789.0,557.0
789.0,697.0
789.0,334.0
789.0,751.0
789.0,838.0
789.0,502.0
789.0,600.0
789.0,404.0
789.0,1007.0
789.0,376.0
789.0,568.0
790.0,640.0
790.0,374.0
790.0,368.0
790.0,976.0
790.0,473.0
790.0,902.0
790.0,339.0
790.0,275.0
790.0,712.0
790.0,1000.0
790.0,166.0
790.0,599.0
791.0,581.0
791.0,740.0
791.0,803.0
791.0,360.0
791.0,896.0
791.0,609.0
791.0,912.0
791.0,239.0
791.0,1003.0
791.0,705.0
791.0,276.0
791.0,597.0
792.0,703.0
792.0,592.0
792.0,1025.0
792.0,853.0
792.0,462.0
792.0,219.0
792.0,751.0
792.0,655.0
792.0,713.0
792.0,442.0
792.0,476.0
792.0,1018.0
793.0,159.0
793.0,322.0
793.0,890.0
793.0,293.0
793.0,351.0
793.0,400.0
793.0,738.0
793.0,639.0
793.0,815.0
793.0,166.0
793.0,253.0
793.0,561.0
794.0,566.0
794.0,799.0
794.0,213.0
794.0,573.0
794.0,116.0
794.0,172.0
794.0,511.0
794.0,228.0
794.0,238.0
794.0,748.0
794.0,22.0
794.0,3.0
795.0,964.0
795.0,44.0
795.0,856.0
795.0,946.0
795.0,411.0
795.0,493.0
795.0,809.0
795.0,974.0
795.0,414.0
795.0,235.0
795.0,163.0
795.0,530.0
796.0,93.0
796.0,88.0
796.0,911.0
796.0,240.0
796.0,338.0
796.0,918.0
796.0,884.0
796.0,722.0
796.0,639.0
796.0,200.0
796.0,463.0
796.0,870.0
797.0,649.0
797.0,646.0
797.0,207.0
797.0,510.0
797.0,956.0
797.0,350.0
797.0,362.0
797.0,268.0
797.0,86.0
797.0,621.0
797.0,827.0
797.0,444.0
798.0,253.0
798.0,130.0
798.0,1002.0
798.0,615.0
798.0,314.0
798.0,458.0
798.0,709.0
798.0,360.0
798.0,28.0
798.0,680.0
798.0,145.0
798.0,316.0
799.0,881.0
799.0,508.0
799.0,681.0
799.0,860.0
799.0,537.0
799.0,473.0
799.0,263.0
799.0,902.0
799.0,3.0
799.0,383.0
799.0,962.0
799.0,218.0
800.0,43.0
800.0,309.0
800.0,725.0
800.0,321.0
800.0,679.0
800.0,843.0
800.0,716.0
800.0,955.0
800.0,270.0
800.0,320.0
800.0,1034.0
800.0,459.0
801.0,542.0
801.0,1025.0
801.0,356.0
801.0,539.0
801.0,255.0
801.0,345.0
801.0,808.0
801.0,627.0
801.0,917.0
801.0,123.0
801.0,456.0
801.0,449.0
802.0,606.0
802.0,48.0
802.0,316.0
802.0,65.0
802.0,872.0
802.0,878.0
802.0,147.0
802.0,853.0
802.0,604.0
802.0,800.0
802.0,437.0
802.0,934.0
803.0,150.0
803.0,479.0
803.0,715.0
803.0,1014.0
803.0,777.0
803.0,973.0
803.0,499.0
803.0,756.0
803.0,787.0
803.0,539.0
803.0,705.0
803.0,900.0
804.0,358.0
804.0,160.0
804.0,507.0
804.0,976.0
804.0,205.0
804.0,819.0
804.0,409.0
804.0,553.0
804.0,842.0
804.0,799.0
804.0,991.0
804.0,764.0
805.0,189.0
805.0,462.0
805.0,735.0
805.0,845.0
805.0,163.0
805.0,196.0
805.0,304.0
805.0,112.0
805.0,746.0
805.0,182.0
805.0,907.0
805.0,417.0
806.0,928.0
806.0,366.0
806.0,118.0
806.0,910.0
806.0,906.0
806.0,568.0
806.0,747.0
806.0,1018.0
806.0,18.0
806.0,983.0
806.0,960.0
806.0,990.0
807.0,949.0
807.0,792.0
807.0,920.0
807.0,734.0
807.0,295.0
807.0,472.0
807.0,377.0
807.0,9.0
807.0,657.0
807.0,806.0
807.0,280.0
807.0,910.0
808.0,571.0
808.0,592.0
808.0,482.0
808.0,460.0
808.0,363.0
808.0,666.0
808.0,554.0
808.0,539.0
808.0,553.0
808.0,697.0
808.0,523.0
808.0,921.0
809.0,420.0
809.0,41.0
809.0,719.0
809.0,332.0
809.0,735.0
809.0,185.0
809.0,615.0
809.0,196.0
809.0,237.0
809.0,287.0
809.0,862.0
809.0,339.0
810.0,900.0
810.0,589.0
810.0,619.0
810.0,478.0
810.0,582.0
810.0,854.0
810.0,645.0
810.0,303.0
810.0,775.0
810.0,381.0
810.0,480.0
810.0,911.0
811.0,284.0
811.0,577.0
811.0,10.0
811.0,882.0
811.0,264.0
811.0,509.0
811.0,58.0
811.0,939.0
811.0,865.0
811.0,100.0
811.0,292.0
811.0,822.0
812.0,295.0
812.0,568.0
812.0,20.0
812.0,497.0
812.0,276.0
812.0,410.0
812.0,873.0
812.0,158.0
812.0,657.0
812.0,457.0
812.0,366.0
812.0,428.0
813.0,168.0
813.0,542.0
813.0,318.0
813.0,512.0
813.0,609.0
813.0,844.0
813.0,41.0
813.0,221.0
813.0,306.0
813.0,336.0
813.0,850.0
813.0,298.0
814.0,617.0
814.0,878.0
814.0,403.0
814.0,520.0
814.0,880.0
814.0,771.0
814.0,1008.0
814.0,615.0
814.0,1019.0
814.0,726.0
814.0,15.0
814.0,59.0
815.0,504.0
815.0,549.0
815.0,620.0
815.0,79.0
815.0,1013.0
815.0,846.0
815.0,967.0
815.0,95.0
815.0,950.0
815.0,856.0
815.0,165.0
815.0,273.0
816.0,346.0
816.0,849.0
816.0,105.0
816.0,222.0
816.0,251.0
816.0,772.0
816.0,272.0
816.0,22.0
816.0,157.0
816.0,399.0
816.0,929.0
816.0,289.0
817.0,36.0
817.0,346.0
817.0,289.0
817.0,570.0
817.0,908.0
817.0,812.0
817.0,272.0
817.0,323.0
817.0,422.0
817.0,816.0
817.0,824.0
817.0,905.0
818.0,14.0
818.0,552.0
818.0,370.0
818.0,337.0
818.0,1001.0
818.0,573.0
818.0,547.0
818.0,1028.0
818.0,495.0
818.0,280.0
818.0,792.0
818.0,682.0
819.0,425.0
819.0,430.0
819.0,998.0
819.0,207.0
819.0,59.0
819.0,750.0
819.0,116.0
819.0,445.0
819.0,831.0
819.0,745.0
819.0,373.0
819.0,215.0
820.0,175.0
820.0,925.0
820.0,610.0
820.0,900.0
820.0,1023.0
820.0,453.0
820.0,61.0
820.0,279.0
820.0,642.0
820.0,1012.0
820.0,1024.0
820.0,932.0
821.0,907.0
821.0,424.0
821.0,161.0
821.0,167.0
821.0,6.0
821.0,405.0
821.0,607.0
821.0,939.0
821.0,975.0
821.0,131.0
821.0,500.0
821.0,17.0
822.0,982.0
822.0,110.0
822.0,1003.0
822.0,294.0
822.0,1021.0
822.0,993.0
822.0,587.0
822.0,432.0
822.0,485.0
822.0,446.0
822.0,58.0
822.0,400.0
823.0,185.0
823.0,765.0
823.0,360.0
823.0,662.0
823.0,189.0
823.0,1.0
823.0,793.0
823.0,627.0
823.0,605.0
823.0,550.0
823.0,870.0
823.0,818.0
824.0,39.0
824.0,183.0
824.0,747.0
824.0,416.0
824.0,621.0
824.0,598.0
824.0,780.0
824.0,70.0
824.0,248.0
824.0,136.0
824.0,172.0
824.0,873.0
825.0,483.0
825.0,317.0
825.0,876.0
825.0,758.0
825.0,888.0
825.0,753.0
825.0,421.0
825.0,294.0
825.0,272.0
825.0,519.0
825.0,555.0
825.0,935.0
826.0,992.0
826.0,854.0
826.0,718.0
826.0,756.0
826.0,804.0
826.0,401.0
826.0,44.0
826.0,649.0
826.0,646.0
826.0,487.0
826.0,979.0
826.0,425.0
827.0,986.0
827.0,867.0
827.0,953.0
827.0,83.0
827.0,1000.0
827.0,962.0
827.0,55.0
827.0,64.0
827.0,1015.0
827.0,353.0
827.0,401.0
827.0,726.0
828.0,664.0
828.0,733.0
828.0,143.0
828.0,826.0
828.0,607.0
828.0,417.0
828.0,1035.0
828.0,267.0
828.0,853.0
828.0,686.0
828.0,976.0
828.0,597.0
829.0,418.0
829.0,721.0
829.0,309.0
829.0,387.0
829.0,331.0
829.0,166.0
829.0,845.0
829.0,73.0
829.0,553.0
829.0,778.0
829.0,1009.0
829.0,27.0
830.0,874.0
830.0,711.0
830.0,530.0
830.0,701.0
830.0,866.0
830.0,954.0
830.0,331.0
830.0,592.0
830.0,462.0
830.0,996.0
830.0,755.0
830.0,546.0
831.0,11.0
831.0,642.0
831.0,148.0
831.0,425.0
831.0,919.0
831.0,962.0
831.0,543.0
831.0,160.0
831.0,970.0
831.0,477.0
831.0,478.0
831.0,450.0
832.0,608.0
832.0,903.0
832.0,652.0
832.0,500.0
832.0,452.0
832.0,726.0
832.0,226.0
832.0,895.0
832.0,821.0
832.0,469.0
832.0,210.0
832.0,665.0
833.0,465.0
833.0,298.0
833.0,289.0
833.0,247.0
833.0,84.0
833.0,443.0
833.0,908.0
833.0,22.0
833.0,116.0
833.0,399.0
833.0,303.0
833.0,621.0
834.0,748.0
834.0,158.0
834.0,334.0
834.0,121.0
834.0,629.0
834.0,791.0
834.0,742.0
834.0,387.0
834.0,252.0
834.0,161.0
834.0,787.0
834.0,221.0
835.0,494.0
835.0,907.0
835.0,372.0
835.0,722.0
835.0,560.0
835.0,327.0
835.0,620.0
835.0,330.0
835.0,668.0
835.0,1003.0
835.0,608.0
835.0,226.0
836.0,112.0
836.0,948.0
836.0,542.0
836.0,728.0
836.0,993.0
836.0,521.0
836.0,840.0
836.0,187.0
836.0,38.0
836.0,871.0
836.0,862.0
836.0,492.0
837.0,75.0
837.0,491.0
837.0,241.0
837.0,374.0
837.0,313.0
837.0,860.0
837.0,533.0
837.0,1023.0
837.0,403.0
837.0,853.0
837.0,934.0
837.0,652.0
838.0,561.0
838.0,805.0
838.0,945.0
838.0,809.0
838.0,770.0
838.0,674.0
838.0,395.0
838.0,994.0
838.0,313.0
838.0,583.0
838.0,996.0
838.0,27.0
839.0,971.0
839.0,803.0
839.0,430.0
839.0,263.0
839.0,136.0
839.0,884.0
839.0,501.0
839.0,29.0
839.0,699.0
839.0,826.0
839.0,900.0
839.0,624.0
840.0,916.0
840.0,185.0
840.0,701.0
840.0,575.0
840.0,909.0
840.0,105.0
840.0,485.0
840.0,404.0
840.0,449.0
840.0,167.0
840.0,544.0
840.0,206.0
841.0,762.0
841.0,311.0
841.0,341.0
841.0,644.0
841.0,325.0
841.0,26.0
841.0,588.0
841.0,768.0
841.0,604.0
841.0,147.0
841.0,206.0
841.0,838.0
842.0,137.0
842.0,128.0
842.0,443.0
842.0,318.0
842.0,559.0
842.0,21.0
842.0,406.0
842.0,888.0
842.0,220.0
842.0,964.0
842.0,790.0
842.0,725.0
843.0,297.0
843.0,192.0
843.0,362.0
843.0,914.0
843.0,957.0
843.0,775.0
843.0,717.0
843.0,827.0
843.0,95.0
843.0,893.0
843.0,1022.0
843.0,207.0
844.0,944.0
844.0,586.0
844.0,862.0
844.0,20.0
844.0,179.0
844.0,773.0
844.0,554.0
844.0,473.0
844.0,741.0
844.0,442.0
844.0,890.0
844.0,967.0
845.0,964.0
845.0,608.0
845.0,837.0
845.0,932.0
845.0,910.0
845.0,531.0
845.0,251.0
845.0,668.0
845.0,290.0
845.0,659.0
845.0,235.0
845.0,15.0
846.0,690.0
846.0,155.0
846.0,456.0
846.0,1028.0
846.0,994.0
846.0,12.0
846.0,374.0
846.0,336.0
846.0,544.0
846.0,1012.0
846.0,501.0
846.0,290.0
847.0,665.0
847.0,991.0
847.0,755.0
847.0,1000.0
847.0,466.0
847.0,887.0
847.0,494.0
847.0,295.0
847.0,900.0
847.0,298.0
847.0,175.0
847.0,368.0
848.0,178.0
848.0,636.0
848.0,894.0
848.0,175.0
848.0,598.0
848.0,512.0
848.0,703.0
848.0,625.0
848.0,599.0
848.0,670.0
848.0,344.0
848.0,81.0
849.0,761.0
849.0,77.0
849.0,340.0
849.0,548.0
849.0,294.0
849.0,260.0
849.0,524.0
849.0,678.0
849.0,295.0
849.0,13.0
849.0,714.0
849.0,245.0
850.0,755.0
850.0,878.0
850.0,601.0
850.0,564.0
850.0,113.0
850.0,388.0
850.0,574.0
850.0,114.0
850.0,1015.0
850.0,433.0
850.0,614.0
850.0,214.0
851.0,835.0
851.0,52.0
851.0,277.0
851.0,376.0
851.0,284.0
851.0,134.0
851.0,140.0
851.0,653.0
851.0,422.0
851.0,195.0
851.0,312.0
851.0,790.0
852.0,395.0
852.0,687.0
852.0,925.0
852.0,907.0
852.0,575.0
852.0,176.0
852.0,219.0
852.0,49.0
852.0,208.0
852.0,967.0
852.0,736.0
852.0,845.0
853.0,414.0
853.0,584.0
853.0,332.0
853.0,504.0
853.0,423.0
853.0,1000.0
853.0,356.0
853.0,216.0
853.0,879.0
853.0,755.0
853.0,490.0
853.0,597.0
854.0,379.0
854.0,598.0
854.0,169.0
854.0,556.0
854.0,741.0
854.0,2.0
854.0,794.0
854.0,646.0
854.0,288.0
854.0,235.0
854.0,757.0
854.0,172.0
855.0,92.0
855.0,405.0
855.0,177.0
855.0,484.0
855.0,282.0
855.0,437.0
855.0,871.0
855.0,689.0
855.0,490.0
855.0,509.0
855.0,595.0
855.0,552.0
856.0,877.0
856.0,942.0
856.0,795.0
856.0,552.0
856.0,769.0
856.0,263.0
856.0,863.0
856.0,91.0
856.0,34.0
856.0,970.0
856.0,733.0
856.0,430.0
857.0,707.0
857.0,613.0
857.0,174.0
857.0,142.0
857.0,912.0
857.0,1020.0
857.0,425.0
857.0,477.0
857.0,797.0
857.0,668.0
857.0,880.0
857.0,670.0
858.0,761.0
858.0,780.0
858.0,621.0
858.0,295.0
858.0,661.0
858.0,447.0
858.0,908.0
858.0,764.0
858.0,83.0
858.0,516.0
858.0,2.0
858.0,973.0
859.0,237.0
859.0,241.0
859.0,587.0
859.0,249.0
859.0,905.0
859.0,770.0
859.0,593.0
859.0,162.0
859.0,871.0
859.0,1021.0
859.0,693.0
859.0,977.0
860.0,629.0
860.0,316.0
860.0,942.0
860.0,150.0
860.0,659.0
860.0,23.0
860.0,128.0
860.0,658.0
860.0,470.0
860.0,596.0
860.0,804.0
860.0,263.0
861.0,275.0
861.0,812.0
861.0,865.0
861.0,391.0
861.0,643.0
861.0,171.0
861.0,697.0
861.0,610.0
861.0,713.0
861.0,322.0
861.0,282.0
861.0,746.0
862.0,558.0
862.0,926.0
862.0,615.0
862.0,717.0
862.0,494.0
862.0,1035.0
862.0,871.0
862.0,334.0
862.0,620.0
862.0,352.0
862.0,640.0
862.0,24.0
863.0,1017.0
863.0,78.0
863.0,210.0
863.0,445.0
863.0,711.0
863.0,608.0
863.0,276.0
863.0,801.0
863.0,733.0
863.0,469.0
863.0,15.0
863.0,67.0
864.0,280.0
864.0,602.0
864.0,840.0
864.0,385.0
864.0,678.0
864.0,600.0
864.0,429.0
864.0,158.0
864.0,767.0
864.0,785.0
864.0,989.0
864.0,547.0
865.0,668.0
865.0,55.0
865.0,164.0
865.0,104.0
865.0,244.0
865.0,241.0
865.0,1003.0
865.0,187.0
865.0,605.0
865.0,20.0
865.0,99.0
865.0,881.0
866.0,330.0
866.0,540.0
866.0,327.0
866.0,698.0
866.0,706.0
866.0,1008.0
866.0,584.0
866.0,991.0
866.0,686.0
866.0,1006.0
866.0,1019.0
866.0,66.0
867.0,699.0
867.0,6.0
867.0,695.0
867.0,79.0
867.0,114.0
867.0,281.0
867.0,205.0
867.0,179.0
867.0,945.0
867.0,863.0
867.0,336.0
867.0,150.0
868.0,330.0
868.0,113.0
868.0,500.0
868.0,220.0
868.0,123.0
868.0,95.0
868.0,785.0
868.0,883.0
868.0,484.0
868.0,78.0
868.0,540.0
868.0,924.0
869.0,926.0
869.0,856.0
869.0,313.0
869.0,970.0
869.0,296.0
869.0,78.0
869.0,342.0
869.0,955.0
869.0,947.0
869.0,470.0
869.0,774.0
869.0,368.0
870.0,199.0
870.0,1021.0
870.0,354.0
870.0,441.0
870.0,93.0
870.0,261.0
870.0,446.0
870.0,423.0
870.0,693.0
870.0,966.0
870.0,495.0
870.0,315.0
871.0,1010.0
871.0,823.0
871.0,918.0
871.0,547.0
871.0,131.0
871.0,865.0
871.0,655.0
871.0,988.0
871.0,934.0
871.0,162.0
871.0,509.0
871.0,925.0
872.0,316.0
872.0,567.0
872.0,1002.0
872.0,120.0
872.0,930.0
872.0,217.0
872.0,177.0
872.0,200.0
872.0,109.0
872.0,763.0
872.0,248.0
872.0,837.0
873.0,692.0
873.0,541.0
873.0,442.0
873.0,742.0
873.0,280.0
873.0,118.0
873.0,910.0
873.0,503.0
873.0,789.0
873.0,353.0
873.0,148.0
873.0,525.0
874.0,539.0
874.0,408.0
874.0,618.0
874.0,935.0
874.0,83.0
874.0,339.0
874.0,755.0
874.0,659.0
874.0,102.0
874.0,235.0
874.0,997.0
874.0,168.0
875.0,651.0
875.0,536.0
875.0,13.0
875.0,175.0
875.0,963.0
875.0,380.0
875.0,1005.0
875.0,533.0
875.0,70.0
875.0,713.0
875.0,355.0
875.0,344.0
876.0,883.0
876.0,849.0
876.0,591.0
876.0,482.0
876.0,194.0
876.0,435.0
876.0,223.0
876.0,824.0
876.0,464.0
876.0,344.0
876.0,560.0
876.0,817.0
877.0,51.0
877.0,637.0
877.0,436.0
877.0,701.0
877.0,644.0
877.0,357.0
877.0,274.0
877.0,747.0
877.0,1020.0
877.0,290.0
877.0,949.0
877.0,266.0
878.0,114.0
878.0,630.0
878.0,735.0
878.0,113.0
878.0,304.0
878.0,458.0
878.0,738.0
878.0,403.0
878.0,632.0
878.0,235.0
878.0,26.0
878.0,65.0
879.0,232.0
879.0,681.0
879.0,695.0
879.0,903.0
879.0,531.0
879.0,42.0
879.0,73.0
879.0,769.0
879.0,380.0
879.0,287.0
879.0,748.0
879.0,155.0
880.0,54.0
880.0,857.0
880.0,725.0
880.0,499.0
880.0,482.0
880.0,975.0
880.0,533.0
880.0,98.0
880.0,342.0
880.0,737.0
880.0,385.0
880.0,128.0
881.0,636.0
881.0,507.0
881.0,30.0
881.0,431.0
881.0,493.0
881.0,597.0
881.0,383.0
881.0,563.0
881.0,50.0
881.0,938.0
881.0,279.0
881.0,764.0
882.0,53.0
882.0,225.0
882.0,694.0
882.0,801.0
882.0,241.0
882.0,492.0
882.0,639.0
882.0,400.0
882.0,498.0
882.0,299.0
882.0,456.0
882.0,446.0
883.0,922.0
883.0,1004.0
883.0,992.0
883.0,119.0
883.0,803.0
883.0,546.0
883.0,334.0
883.0,349.0
883.0,736.0
883.0,404.0
883.0,1029.0
883.0,770.0
884.0,934.0
884.0,895.0
884.0,926.0
884.0,672.0
884.0,777.0
884.0,427.0
884.0,740.0
884.0,641.0
884.0,770.0
884.0,357.0
884.0,370.0
884.0,228.0
885.0,9.0
885.0,664.0
885.0,695.0
885.0,169.0
885.0,106.0
885.0,297.0
885.0,757.0
885.0,777.0
885.0,488.0
885.0,173.0
885.0,361.0
885.0,843.0
886.0,435.0
886.0,910.0
886.0,650.0
886.0,638.0
886.0,514.0
886.0,123.0
886.0,631.0
886.0,151.0
886.0,623.0
886.0,295.0
886.0,998.0
886.0,311.0
887.0,931.0
887.0,430.0
887.0,707.0
887.0,698.0
887.0,894.0
887.0,924.0
887.0,712.0
887.0,176.0
887.0,803.0
887.0,78.0
887.0,445.0
887.0,710.0
888.0,380.0
888.0,564.0
888.0,132.0
888.0,786.0
888.0,177.0
888.0,176.0
888.0,469.0
888.0,397.0
888.0,813.0
888.0,697.0
888.0,43.0
888.0,1013.0
889.0,575.0
889.0,1007.0
889.0,78.0
889.0,407.0
889.0,912.0
889.0,877.0
889.0,288.0
889.0,775.0
889.0,332.0
889.0,79.0
889.0,967.0
889.0,261.0
890.0,531.0
890.0,94.0
890.0,706.0
890.0,424.0
890.0,0.0
890.0,15.0
890.0,61.0
890.0,546.0
890.0,973.0
890.0,130.0
890.0,436.0
890.0,683.0
891.0,72.0
891.0,257.0
891.0,186.0
891.0,118.0
891.0,457.0
891.0,229.0
891.0,861.0
891.0,158.0
891.0,874.0
891.0,151.0
891.0,453.0
891.0,310.0
892.0,36.0
892.0,595.0
892.0,456.0
892.0,423.0
892.0,86.0
892.0,128.0
892.0,215.0
892.0,125.0
892.0,980.0
892.0,646.0
892.0,48.0
892.0,564.0
893.0,258.0
893.0,174.0
893.0,369.0
893.0,148.0
893.0,436.0
893.0,501.0
893.0,943.0
893.0,448.0
893.0,591.0
893.0,156.0
893.0,997.0
893.0,960.0
894.0,575.0
894.0,563.0
894.0,657.0
894.0,566.0
894.0,55.0
894.0,507.0
894.0,15.0
894.0,942.0
894.0,687.0
894.0,385.0
894.0,498.0
894.0,83.0
895.0,1007.0
895.0,855.0
895.0,231.0
895.0,699.0
895.0,777.0
895.0,691.0
895.0,863.0
895.0,1017.0
895.0,608.0
895.0,967.0
895.0,912.0
895.0,871.0
896.0,20.0
896.0,770.0
896.0,934.0
896.0,484.0
896.0,699.0
896.0,576.0
896.0,204.0
896.0,939.0
896.0,725.0
896.0,437.0
896.0,224.0
896.0,342.0
897.0,494.0
897.0,159.0
897.0,1005.0
897.0,156.0
897.0,981.0
897.0,594.0
897.0,772.0
897.0,117.0
897.0,794.0
897.0,559.0
897.0,985.0
897.0,580.0
898.0,14.0
898.0,977.0
898.0,73.0
898.0,422.0
898.0,568.0
898.0,703.0
898.0,185.0
898.0,472.0
898.0,783.0
898.0,324.0
898.0,901.0
898.0,134.0
899.0,980.0
899.0,152.0
899.0,546.0
899.0,314.0
899.0,828.0
899.0,614.0
899.0,68.0
899.0,719.0
899.0,562.0
899.0,375.0
899.0,144.0
899.0,490.0
900.0,370.0
900.0,667.0
900.0,687.0
900.0,80.0
900.0,550.0
900.0,907.0
900.0,475.0
900.0,196.0
900.0,188.0
900.0,203.0
900.0,151.0
900.0,318.0
901.0,574.0
901.0,673.0
901.0,343.0
901.0,666.0
901.0,20.0
901.0,557.0
901.0,35.0
901.0,213.0
901.0,578.0
901.0,302.0
901.0,977.0
901.0,910.0
902.0,431.0
902.0,890.0
902.0,933.0
902.0,470.0
902.0,583.0
902.0,1004.0
902.0,512.0
902.0,189.0
902.0,56.0
902.0,83.0
902.0,368.0
902.0,188.0
903.0,564.0
903.0,120.0
903.0,125.0
903.0,468.0
903.0,389.0
903.0,494.0
903.0,299.0
903.0,128.0
903.0,36.0
903.0,179.0
903.0,395.0
903.0,1000.0
904.0,200.0
904.0,278.0
904.0,632.0
904.0,663.0
904.0,561.0
904.0,918.0
904.0,349.0
904.0,404.0
904.0,593.0
904.0,398.0
904.0,338.0
904.0,93.0
905.0,738.0
905.0,742.0
905.0,844.0
905.0,356.0
905.0,103.0
905.0,840.0
905.0,566.0
905.0,954.0
905.0,23.0
905.0,430.0
905.0,442.0
905.0,879.0
906.0,359.0
906.0,482.0
906.0,916.0
906.0,600.0
906.0,334.0
906.0,428.0
906.0,453.0
906.0,570.0
906.0,60.0
906.0,544.0
906.0,744.0
906.0,73.0
907.0,168.0
907.0,411.0
907.0,439.0
907.0,261.0
907.0,334.0
907.0,743.0
907.0,163.0
907.0,452.0
907.0,224.0
907.0,501.0
907.0,361.0
907.0,372.0
908.0,279.0
908.0,324.0
908.0,940.0
908.0,772.0
908.0,217.0
908.0,642.0
908.0,788.0
908.0,410.0
908.0,729.0
908.0,344.0
908.0,122.0
908.0,84.0
909.0,861.0
909.0,622.0
909.0,491.0
909.0,916.0
909.0,182.0
909.0,732.0
909.0,597.0
909.0,921.0
909.0,686.0
909.0,370.0
909.0,257.0
909.0,391.0
910.0,222.0
910.0,228.0
910.0,324.0
910.0,294.0
910.0,557.0
910.0,670.0
910.0,82.0
910.0,1007.0
910.0,105.0
910.0,502.0
910.0,889.0
910.0,633.0
911.0,143.0
911.0,122.0
911.0,326.0
911.0,929.0
911.0,488.0
911.0,758.0
911.0,649.0
911.0,24.0
911.0,270.0
911.0,180.0
911.0,777.0
911.0,169.0
912.0,815.0
912.0,1008.0
912.0,539.0
912.0,844.0
912.0,212.0
912.0,742.0
912.0,754.0
912.0,552.0
912.0,379.0
912.0,530.0
912.0,697.0
912.0,764.0
913.0,744.0
913.0,933.0
913.0,339.0
913.0,759.0
913.0,971.0
913.0,499.0
913.0,640.0
913.0,103.0
913.0,514.0
913.0,690.0
913.0,427.0
913.0,158.0
914.0,775.0
914.0,777.0
914.0,343.0
914.0,281.0
914.0,526.0
914.0,258.0
914.0,69.0
914.0,373.0
914.0,56.0
914.0,773.0
914.0,136.0
914.0,408.0
915.0,85.0
915.0,783.0
915.0,635.0
915.0,789.0
915.0,600.0
915.0,770.0
915.0,1025.0
915.0,950.0
915.0,302.0
915.0,118.0
915.0,657.0
915.0,228.0
916.0,329.0
916.0,252.0
916.0,948.0
916.0,698.0
916.0,137.0
916.0,781.0
916.0,516.0
916.0,622.0
916.0,765.0
916.0,1010.0
916.0,533.0
916.0,255.0
917.0,354.0
917.0,517.0
917.0,429.0
917.0,870.0
917.0,61.0
917.0,908.0
917.0,527.0
917.0,345.0
917.0,411.0
917.0,1033.0
917.0,274.0
917.0,624.0
918.0,903.0
918.0,637.0
918.0,572.0
918.0,97.0
918.0,993.0
918.0,663.0
918.0,456.0
918.0,948.0
918.0,763.0
918.0,79.0
918.0,576.0
918.0,784.0
919.0,894.0
919.0,23.0
919.0,149.0
919.0,1027.0
919.0,733.0
919.0,974.0
919.0,683.0
919.0,75.0
919.0,12.0
919.0,288.0
919.0,577.0
919.0,764.0
920.0,205.0
920.0,909.0
920.0,944.0
920.0,990.0
920.0,377.0
920.0,840.0
920.0,886.0
920.0,503.0
920.0,541.0
920.0,546.0
920.0,783.0
920.0,560.0
921.0,678.0
921.0,835.0
921.0,367.0
921.0,411.0
921.0,554.0
921.0,546.0
921.0,122.0
921.0,421.0
921.0,992.0
921.0,208.0
921.0,284.0
921.0,503.0
922.0,1008.0
922.0,27.0
922.0,310.0
922.0,12.0
922.0,163.0
922.0,130.0
922.0,157.0
922.0,660.0
922.0,172.0
922.0,566.0
922.0,642.0
922.0,371.0
923.0,705.0
923.0,163.0
923.0,107.0
923.0,537.0
923.0,423.0
923.0,372.0
923.0,964.0
923.0,61.0
923.0,805.0
923.0,414.0
923.0,839.0
923.0,996.0
924.0,497.0
924.0,150.0
924.0,221.0
924.0,117.0
924.0,4.0
924.0,327.0
924.0,182.0
924.0,214.0
924.0,695.0
924.0,760.0
924.0,923.0
924.0,415.0
925.0,290.0
925.0,648.0
925.0,428.0
925.0,89.0
925.0,646.0
925.0,287.0
925.0,438.0
925.0,956.0
925.0,357.0
925.0,722.0
925.0,504.0
925.0,533.0
926.0,929.0
926.0,1020.0
926.0,902.0
926.0,668.0
926.0,431.0
926.0,372.0
926.0,56.0
926.0,159.0
926.0,524.0
926.0,243.0
926.0,804.0
926.0,615.0
927.0,140.0
927.0,629.0
927.0,801.0
927.0,547.0
927.0,713.0
927.0,485.0
927.0,993.0
927.0,695.0
927.0,244.0
927.0,678.0
927.0,977.0
927.0,252.0
928.0,73.0
928.0,1029.0
928.0,176.0
928.0,670.0
928.0,406.0
928.0,746.0
928.0,222.0
928.0,251.0
928.0,380.0
928.0,178.0
928.0,847.0
928.0,820.0
929.0,620.0
929.0,251.0
929.0,160.0
929.0,928.0
929.0,985.0
929.0,11.0
929.0,455.0
929.0,442.0
929.0,383.0
929.0,910.0
929.0,464.0
929.0,72.0
930.0,31.0
930.0,993.0
930.0,946.0
930.0,248.0
930.0,467.0
930.0,680.0
930.0,912.0
930.0,161.0
930.0,601.0
930.0,964.0
930.0,500.0
930.0,999.0
931.0,755.0
931.0,189.0
931.0,916.0
931.0,856.0
931.0,98.0
931.0,1020.0
931.0,254.0
931.0,272.0
931.0,516.0
931.0,1007.0
931.0,956.0
931.0,212.0
932.0,151.0
932.0,1004.0
932.0,634.0
932.0,219.0
932.0,964.0
932.0,286.0
932.0,553.0
932.0,623.0
932.0,501.0
932.0,730.0
932.0,189.0
932.0,890.0
933.0,840.0
933.0,29.0
933.0,491.0
933.0,538.0
933.0,486.0
933.0,450.0
933.0,479.0
933.0,614.0
933.0,261.0
933.0,384.0
933.0,545.0
933.0,416.0
934.0,850.0
934.0,760.0
934.0,676.0
934.0,620.0
934.0,774.0
934.0,518.0
934.0,932.0
934.0,211.0
934.0,449.0
934.0,903.0
934.0,121.0
934.0,15.0
935.0,246.0
935.0,251.0
935.0,656.0
935.0,343.0
935.0,598.0
935.0,881.0
935.0,609.0
935.0,107.0
935.0,758.0
935.0,98.0
935.0,666.0
935.0,127.0
936.0,1022.0
936.0,430.0
936.0,885.0
936.0,174.0
936.0,954.0
936.0,1015.0
936.0,585.0
936.0,957.0
936.0,297.0
936.0,362.0
936.0,270.0
936.0,399.0
937.0,638.0
937.0,724.0
937.0,741.0
937.0,218.0
937.0,810.0
937.0,523.0
937.0,443.0
937.0,79.0
937.0,206.0
937.0,127.0
937.0,410.0
937.0,536.0
938.0,370.0
938.0,889.0
938.0,642.0
938.0,395.0
938.0,372.0
938.0,558.0
938.0,997.0
938.0,234.0
938.0,1014.0
938.0,620.0
938.0,320.0
938.0,746.0
939.0,719.0
939.0,97.0
939.0,334.0
939.0,762.0
939.0,66.0
939.0,10.0
939.0,554.0
939.0,760.0
939.0,867.0
939.0,1008.0
939.0,680.0
939.0,51.0
940.0,935.0
940.0,276.0
940.0,963.0
940.0,122.0
940.0,511.0
940.0,285.0
940.0,535.0
940.0,625.0
940.0,167.0
940.0,303.0
940.0,824.0
940.0,236.0
941.0,1011.0
941.0,397.0
941.0,187.0
941.0,844.0
941.0,693.0
941.0,157.0
941.0,500.0
941.0,97.0
941.0,1002.0
941.0,932.0
941.0,161.0
941.0,111.0
942.0,944.0
942.0,436.0
942.0,32.0
942.0,920.0
942.0,327.0
942.0,217.0
942.0,830.0
942.0,250.0
942.0,563.0
942.0,407.0
942.0,181.0
942.0,839.0
943.0,757.0
943.0,940.0
943.0,384.0
943.0,889.0
943.0,149.0
943.0,831.0
943.0,645.0
943.0,526.0
943.0,285.0
943.0,847.0
943.0,373.0
943.0,580.0
944.0,198.0
944.0,719.0
944.0,204.0
944.0,304.0
944.0,307.0
944.0,856.0
944.0,438.0
944.0,631.0
944.0,187.0
944.0,29.0
944.0,155.0
944.0,218.0
945.0,395.0
945.0,755.0
945.0,695.0
945.0,442.0
945.0,768.0
945.0,611.0
945.0,167.0
945.0,815.0
945.0,166.0
945.0,187.0
945.0,514.0
945.0,871.0
946.0,427.0
946.0,491.0
946.0,748.0
946.0,308.0
946.0,556.0
946.0,777.0
946.0,176.0
946.0,220.0
946.0,210.0
946.0,486.0
946.0,571.0
946.0,510.0
947.0,436.0
947.0,407.0
947.0,615.0
947.0,406.0
947.0,262.0
947.0,156.0
947.0,102.0
947.0,378.0
947.0,827.0
947.0,100.0
947.0,196.0
947.0,450.0
948.0,130.0
948.0,1006.0
948.0,357.0
948.0,87.0
948.0,25.0
948.0,737.0
948.0,583.0
948.0,740.0
948.0,179.0
948.0,191.0
948.0,795.0
948.0,1014.0
949.0,301.0
949.0,736.0
949.0,1013.0
949.0,556.0
949.0,570.0
949.0,257.0
949.0,369.0
949.0,993.0
949.0,428.0
949.0,203.0
949.0,920.0
949.0,662.0
950.0,705.0
950.0,38.0
950.0,335.0
950.0,1029.0
950.0,196.0
950.0,605.0
950.0,387.0
950.0,154.0
950.0,934.0
950.0,852.0
950.0,187.0
950.0,216.0
951.0,741.0
951.0,730.0
951.0,849.0
951.0,251.0
951.0,13.0
951.0,761.0
951.0,324.0
951.0,908.0
951.0,833.0
951.0,590.0
951.0,122.0
951.0,638.0
952.0,82.0
952.0,447.0
952.0,928.0
952.0,1027.0
952.0,331.0
952.0,817.0
952.0,231.0
952.0,181.0
952.0,666.0
952.0,301.0
952.0,556.0
952.0,431.0
953.0,831.0
953.0,281.0
953.0,550.0
953.0,526.0
953.0,32.0
953.0,361.0
953.0,157.0
953.0,368.0
953.0,757.0
953.0,330.0
953.0,752.0
953.0,405.0
954.0,0.0
954.0,254.0
954.0,492.0
954.0,970.0
954.0,318.0
954.0,1027.0
954.0,759.0
954.0,228.0
954.0,922.0
954.0,360.0
954.0,853.0
954.0,1009.0
955.0,925.0
955.0,854.0
955.0,75.0
955.0,933.0
955.0,30.0
955.0,867.0
955.0,80.0
955.0,795.0
955.0,1023.0
955.0,821.0
955.0,490.0
955.0,70.0
956.0,69.0
956.0,607.0
956.0,729.0
956.0,1009.0
956.0,668.0
956.0,384.0
956.0,464.0
956.0,98.0
956.0,512.0
956.0,421.0
956.0,270.0
956.0,539.0
957.0,716.0
957.0,230.0
957.0,201.0
957.0,256.0
957.0,405.0
957.0,827.0
957.0,305.0
957.0,297.0
957.0,585.0
957.0,207.0
957.0,947.0
957.0,448.0
958.0,669.0
958.0,102.0
958.0,414.0
958.0,389.0
958.0,458.0
958.0,30.0
958.0,802.0
958.0,91.0
958.0,209.0
958.0,276.0
958.0,482.0
958.0,445.0
959.0,389.0
959.0,706.0
959.0,552.0
959.0,367.0
959.0,269.0
959.0,378.0
959.0,546.0
959.0,466.0
959.0,530.0
959.0,203.0
959.0,719.0
959.0,6.0
960.0,746.0
960.0,220.0
960.0,881.0
960.0,507.0
960.0,525.0
960.0,427.0
960.0,323.0
960.0,897.0
960.0,1030.0
960.0,383.0
960.0,483.0
960.0,67.0
961.0,662.0
961.0,78.0
961.0,277.0
961.0,659.0
961.0,140.0
961.0,813.0
961.0,905.0
961.0,778.0
961.0,492.0
961.0,515.0
961.0,695.0
961.0,228.0
962.0,841.0
962.0,440.0
962.0,148.0
962.0,536.0
962.0,507.0
962.0,757.0
962.0,373.0
962.0,250.0
962.0,450.0
962.0,213.0
962.0,839.0
962.0,645.0
963.0,16.0
963.0,182.0
963.0,247.0
963.0,790.0
963.0,149.0
963.0,379.0
963.0,175.0
963.0,919.0
963.0,401.0
963.0,995.0
963.0,535.0
963.0,478.0
964.0,370.0
964.0,706.0
964.0,301.0
964.0,81.0
964.0,330.0
964.0,961.0
964.0,556.0
964.0,438.0
964.0,363.0
964.0,24.0
964.0,380.0
964.0,111.0
965.0,191.0
965.0,496.0
965.0,519.0
965.0,935.0
965.0,246.0
965.0,718.0
965.0,136.0
965.0,651.0
965.0,1006.0
965.0,501.0
965.0,536.0
965.0,183.0
966.0,31.0
966.0,722.0
966.0,853.0
966.0,442.0
966.0,259.0
966.0,763.0
966.0,65.0
966.0,179.0
966.0,182.0
966.0,863.0
966.0,813.0
966.0,517.0
967.0,1014.0
967.0,558.0
967.0,973.0
967.0,294.0
967.0,25.0
967.0,989.0
967.0,961.0
967.0,889.0
967.0,890.0
967.0,659.0
967.0,1019.0
967.0,414.0
968.0,917.0
968.0,784.0
968.0,63.0
968.0,629.0
968.0,474.0
968.0,85.0
968.0,101.0
968.0,675.0
968.0,364.0
968.0,978.0
968.0,57.0
968.0,939.0
969.0,792.0
969.0,889.0
969.0,939.0
969.0,171.0
969.0,335.0
969.0,577.0
969.0,336.0
969.0,994.0
969.0,778.0
969.0,967.0
969.0,446.0
969.0,583.0
970.0,301.0
970.0,725.0
970.0,867.0
970.0,430.0
970.0,958.0
970.0,296.0
970.0,243.0
970.0,283.0
970.0,640.0
970.0,368.0
970.0,286.0
970.0,17.0
971.0,908.0
971.0,370.0
971.0,361.0
971.0,1019.0
971.0,508.0
971.0,558.0
971.0,516.0
971.0,711.0
971.0,586.0
971.0,795.0
971.0,408.0
971.0,997.0
972.0,993.0
972.0,216.0
972.0,61.0
972.0,801.0
972.0,140.0
972.0,517.0
972.0,552.0
972.0,561.0
972.0,110.0
972.0,58.0
972.0,351.0
972.0,927.0
973.0,208.0
973.0,597.0
973.0,879.0
973.0,711.0
973.0,466.0
973.0,524.0
973.0,571.0
973.0,395.0
973.0,594.0
973.0,900.0
973.0,607.0
973.0,732.0
974.0,47.0
974.0,33.0
974.0,268.0
974.0,857.0
974.0,534.0
974.0,159.0
974.0,997.0
974.0,989.0
974.0,1031.0
974.0,523.0
974.0,106.0
974.0,715.0
975.0,318.0
975.0,466.0
975.0,409.0
975.0,777.0
975.0,328.0
975.0,360.0
975.0,706.0
975.0,210.0
975.0,79.0
975.0,1016.0
975.0,769.0
975.0,603.0
976.0,136.0
976.0,117.0
976.0,877.0
976.0,530.0
976.0,942.0
976.0,29.0
976.0,558.0
976.0,954.0
976.0,125.0
976.0,842.0
976.0,563.0
976.0,947.0
977.0,944.0
977.0,991.0
977.0,12.0
977.0,890.0
977.0,969.0
977.0,27.0
977.0,102.0
977.0,721.0
977.0,165.0
977.0,883.0
977.0,1013.0
977.0,105.0
978.0,964.0
978.0,167.0
978.0,26.0
978.0,732.0
978.0,67.0
978.0,651.0
978.0,1.0
978.0,264.0
978.0,900.0
978.0,397.0
978.0,442.0
978.0,538.0
979.0,733.0
979.0,193.0
979.0,537.0
979.0,389.0
979.0,559.0
979.0,445.0
979.0,261.0
979.0,328.0
979.0,944.0
979.0,17.0
979.0,1023.0
979.0,531.0
980.0,86.0
980.0,114.0
980.0,768.0
980.0,874.0
980.0,144.0
980.0,510.0
980.0,388.0
980.0,786.0
980.0,22.0
980.0,879.0
980.0,48.0
980.0,727.0
981.0,151.0
981.0,523.0
981.0,421.0
981.0,948.0
981.0,839.0
981.0,881.0
981.0,384.0
981.0,660.0
981.0,307.0
981.0,466.0
981.0,313.0
981.0,573.0
982.0,383.0
982.0,140.0
982.0,322.0
982.0,666.0
982.0,612.0
982.0,356.0
982.0,429.0
982.0,521.0
982.0,440.0
982.0,424.0
982.0,516.0
982.0,216.0
983.0,598.0
983.0,194.0
983.0,34.0
983.0,783.0
983.0,806.0
983.0,256.0
983.0,886.0
983.0,175.0
983.0,141.0
983.0,1001.0
983.0,674.0
983.0,251.0
984.0,280.0
984.0,612.0
984.0,277.0
984.0,290.0
984.0,392.0
984.0,729.0
984.0,622.0
984.0,522.0
984.0,829.0
984.0,698.0
984.0,503.0
984.0,678.0
985.0,541.0
985.0,381.0
985.0,83.0
985.0,23.0
985.0,949.0
985.0,402.0
985.0,358.0
985.0,22.0
985.0,827.0
985.0,151.0
985.0,824.0
985.0,1019.0
986.0,207.0
986.0,956.0
986.0,947.0
986.0,343.0
986.0,155.0
986.0,931.0
986.0,487.0
986.0,646.0
986.0,985.0
986.0,914.0
986.0,937.0
986.0,206.0
987.0,270.0
987.0,957.0
987.0,718.0
987.0,215.0
987.0,334.0
987.0,699.0
987.0,119.0
987.0,254.0
987.0,388.0
987.0,417.0
987.0,220.0
987.0,330.0
988.0,48.0
988.0,993.0
988.0,587.0
988.0,770.0
988.0,1006.0
988.0,966.0
988.0,924.0
988.0,790.0
988.0,767.0
988.0,290.0
988.0,930.0
988.0,809.0
989.0,473.0
989.0,978.0
989.0,296.0
989.0,266.0
989.0,970.0
989.0,968.0
989.0,196.0
989.0,724.0
989.0,684.0
989.0,1029.0
989.0,23.0
989.0,877.0
990.0,82.0
990.0,181.0
990.0,688.0
990.0,363.0
990.0,76.0
990.0,889.0
990.0,175.0
990.0,674.0
990.0,631.0
990.0,733.0
990.0,732.0
990.0,81.0
991.0,767.0
991.0,682.0
991.0,538.0
991.0,47.0
991.0,736.0
991.0,755.0
991.0,40.0
991.0,304.0
991.0,531.0
991.0,954.0
991.0,1023.0
991.0,1006.0
992.0,684.0
992.0,771.0
992.0,926.0
992.0,282.0
992.0,513.0
992.0,946.0
992.0,866.0
992.0,550.0
992.0,553.0
992.0,938.0
992.0,660.0
992.0,287.0
993.0,400.0
993.0,905.0
993.0,984.0
993.0,1025.0
993.0,456.0
993.0,140.0
993.0,386.0
993.0,162.0
993.0,423.0
993.0,694.0
993.0,587.0
993.0,216.0
994.0,331.0
994.0,470.0
994.0,138.0
994.0,396.0
994.0,575.0
994.0,66.0
994.0,507.0
994.0,78.0
994.0,523.0
994.0,922.0
994.0,874.0
994.0,310.0
995.0,819.0
995.0,174.0
995.0,305.0
995.0,826.0
995.0,612.0
995.0,160.0
995.0,64.0
995.0,955.0
995.0,448.0
995.0,488.0
995.0,585.0
995.0,116.0
996.0,1000.0
996.0,332.0
996.0,765.0
996.0,165.0
996.0,979.0
996.0,830.0
996.0,687.0
996.0,865.0
996.0,244.0
996.0,137.0
996.0,889.0
996.0,1023.0
997.0,967.0
997.0,1007.0
997.0,674.0
997.0,205.0
997.0,971.0
997.0,87.0
997.0,718.0
997.0,323.0
997.0,894.0
997.0,908.0
997.0,281.0
997.0,563.0
998.0,381.0
998.0,683.0
998.0,478.0
998.0,127.0
998.0,207.0
998.0,975.0
998.0,842.0
998.0,169.0
998.0,36.0
998.0,401.0
998.0,236.0
998.0,473.0
999.0,249.0
999.0,1026.0
999.0,200.0
999.0,237.0
999.0,211.0
999.0,964.0
999.0,304.0
999.0,930.0
999.0,927.0
999.0,452.0
999.0,509.0
999.0,17.0
1000.0,473.0
1000.0,711.0
1000.0,27.0
1000.0,438.0
1000.0,959.0
1000.0,878.0
1000.0,583.0
1000.0,372.0
1000.0,550.0
1000.0,368.0
1000.0,24.0
1000.0,159.0
1001.0,990.0
1001.0,78.0
1001.0,983.0
1001.0,481.0
1001.0,965.0
1001.0,271.0
1001.0,848.0
1001.0,780.0
1001.0,289.0
1001.0,1024.0
1001.0,778.0
1001.0,340.0
1002.0,630.0
1002.0,239.0
1002.0,762.0
1002.0,164.0
1002.0,345.0
1002.0,444.0
1002.0,209.0
1002.0,38.0
1002.0,888.0
1002.0,689.0
1002.0,259.0
1002.0,735.0
1003.0,57.0
1003.0,1031.0
1003.0,24.0
1003.0,808.0
1003.0,472.0
1003.0,218.0
1003.0,498.0
1003.0,944.0
1003.0,925.0
1003.0,449.0
1003.0,414.0
1003.0,728.0
1004.0,1035.0
1004.0,9.0
1004.0,767.0
1004.0,326.0
1004.0,660.0
1004.0,860.0
1004.0,330.0
1004.0,586.0
1004.0,75.0
1004.0,273.0
1004.0,165.0
1004.0,749.0
1005.0,491.0
1005.0,889.0
1005.0,132.0
1005.0,292.0
1005.0,172.0
1005.0,150.0
1005.0,455.0
1005.0,16.0
1005.0,875.0
1005.0,32.0
1005.0,931.0
1005.0,268.0
1006.0,369.0
1006.0,916.0
1006.0,687.0
1006.0,12.0
1006.0,1010.0
1006.0,724.0
1006.0,769.0
1006.0,740.0
1006.0,456.0
1006.0,417.0
1006.0,206.0
1006.0,130.0
1007.0,869.0
1007.0,15.0
1007.0,977.0
1007.0,503.0
1007.0,697.0
1007.0,462.0
1007.0,846.0
1007.0,407.0
1007.0,91.0
1007.0,959.0
1007.0,672.0
1007.0,146.0
1008.0,130.0
1008.0,785.0
1008.0,363.0
1008.0,749.0
1008.0,74.0
1008.0,668.0
1008.0,996.0
1008.0,543.0
1008.0,228.0
1008.0,514.0
1008.0,497.0
1008.0,684.0
1009.0,292.0
1009.0,718.0
1009.0,844.0
1009.0,524.0
1009.0,874.0
1009.0,853.0
1009.0,423.0
1009.0,66.0
1009.0,102.0
1009.0,32.0
1009.0,887.0
1009.0,150.0
1010.0,472.0
1010.0,155.0
1010.0,374.0
1010.0,1031.0
1010.0,955.0
1010.0,498.0
1010.0,736.0
1010.0,105.0
1010.0,671.0
1010.0,655.0
1010.0,241.0
1010.0,463.0
1011.0,501.0
1011.0,955.0
1011.0,261.0
1011.0,695.0
1011.0,467.0
1011.0,769.0
1011.0,462.0
1011.0,387.0
1011.0,731.0
1011.0,912.0
1011.0,835.0
1011.0,612.0
1012.0,698.0
1012.0,430.0
1012.0,542.0
1012.0,19.0
1012.0,895.0
1012.0,860.0
1012.0,522.0
1012.0,339.0
1012.0,329.0
1012.0,584.0
1012.0,127.0
1012.0,387.0
1013.0,383.0
1013.0,266.0
1013.0,76.0
1013.0,538.0
1013.0,561.0
1013.0,648.0
1013.0,325.0
1013.0,34.0
1013.0,557.0
1013.0,227.0
1013.0,661.0
1013.0,574.0
1014.0,75.0
1014.0,335.0
1014.0,991.0
1014.0,449.0
1014.0,286.0
1014.0,296.0
1014.0,373.0
1014.0,659.0
1014.0,564.0
1014.0,301.0
1014.0,170.0
1014.0,210.0
1015.0,977.0
1015.0,814.0
1015.0,1022.0
1015.0,617.0
1015.0,331.0
1015.0,771.0
1015.0,448.0
1015.0,282.0
1015.0,786.0
1015.0,616.0
1015.0,54.0
1015.0,120.0
1016.0,907.0
1016.0,902.0
1016.0,881.0
1016.0,770.0
1016.0,368.0
1016.0,79.0
1016.0,330.0
1016.0,149.0
1016.0,540.0
1016.0,128.0
1016.0,978.0
1016.0,339.0
1017.0,231.0
1017.0,880.0
1017.0,541.0
1017.0,534.0
1017.0,965.0
1017.0,356.0
1017.0,170.0
1017.0,683.0
1017.0,657.0
1017.0,921.0
1017.0,835.0
1017.0,573.0
1018.0,743.0
1018.0,287.0
1018.0,1028.0
1018.0,650.0
1018.0,411.0
1018.0,873.0
1018.0,363.0
1018.0,34.0
1018.0,544.0
1018.0,489.0
1018.0,391.0
1018.0,183.0
1019.0,301.0
1019.0,749.0
1019.0,616.0
1019.0,112.0
1019.0,329.0
1019.0,368.0
1019.0,973.0
1019.0,431.0
1019.0,554.0
1019.0,407.0
1019.0,162.0
1019.0,515.0
1020.0,165.0
1020.0,1027.0
1020.0,534.0
1020.0,773.0
1020.0,328.0
1020.0,542.0
1020.0,304.0
1020.0,193.0
1020.0,41.0
1020.0,56.0
1020.0,970.0
1020.0,863.0
1021.0,315.0
1021.0,394.0
1021.0,823.0
1021.0,694.0
1021.0,879.0
1021.0,517.0
1021.0,58.0
1021.0,791.0
1021.0,561.0
1021.0,1033.0
1021.0,871.0
1021.0,100.0
1022.0,477.0
1022.0,929.0
1022.0,305.0
1022.0,562.0
1022.0,992.0
1022.0,782.0
1022.0,956.0
1022.0,0.0
1022.0,724.0
1022.0,585.0
1022.0,800.0
1022.0,526.0
1023.0,815.0
1023.0,664.0
1023.0,466.0
1023.0,596.0
1023.0,196.0
1023.0,715.0
1023.0,658.0
1023.0,869.0
1023.0,892.0
1023.0,17.0
1023.0,806.0
1023.0,934.0
1024.0,638.0
1024.0,447.0
1024.0,283.0
1024.0,895.0
1024.0,227.0
1024.0,268.0
1024.0,1031.0
1024.0,261.0
1024.0,905.0
1024.0,581.0
1024.0,115.0
1024.0,701.0
1025.0,123.0
1025.0,217.0
1025.0,111.0
1025.0,498.0
1025.0,581.0
1025.0,72.0
1025.0,337.0
1025.0,1030.0
1025.0,141.0
1025.0,767.0
1025.0,34.0
1025.0,225.0
1026.0,1015.0
1026.0,606.0
1026.0,841.0
1026.0,632.0
1026.0,159.0
1026.0,398.0
1026.0,40.0
1026.0,63.0
1026.0,310.0
1026.0,601.0
1026.0,10.0
1026.0,664.0
1027.0,427.0
1027.0,1024.0
1027.0,749.0
1027.0,417.0
1027.0,189.0
1027.0,372.0
1027.0,445.0
1027.0,479.0
1027.0,662.0
1027.0,119.0
1027.0,269.0
1027.0,334.0
1028.0,835.0
1028.0,651.0
1028.0,72.0
1028.0,713.0
1028.0,557.0
1028.0,453.0
1028.0,634.0
1028.0,559.0
1028.0,118.0
1028.0,688.0
1028.0,6.0
1028.0,498.0
1029.0,442.0
1029.0,307.0
1029.0,746.0
1029.0,130.0
1029.0,563.0
1029.0,479.0
1029.0,9.0
1029.0,692.0
1029.0,1007.0
1029.0,408.0
1029.0,928.0
1029.0,331.0
1030.0,861.0
1030.0,900.0
1030.0,744.0
1030.0,463.0
1030.0,524.0
1030.0,759.0
1030.0,846.0
1030.0,360.0
1030.0,736.0
1030.0,404.0
1030.0,650.0
1030.0,481.0
1031.0,27.0
1031.0,514.0
1031.0,755.0
1031.0,1027.0
1031.0,620.0
1031.0,749.0
1031.0,1014.0
1031.0,991.0
1031.0,926.0
1031.0,117.0
1031.0,928.0
1031.0,651.0
1032.0,797.0
1032.0,174.0
1032.0,266.0
1032.0,649.0
1032.0,528.0
1032.0,11.0
1032.0,580.0
1032.0,399.0
1032.0,831.0
1032.0,238.0
1032.0,207.0
1032.0,13.0
1033.0,274.0
1033.0,264.0
1033.0,918.0
1033.0,474.0
1033.0,337.0
1033.0,823.0
1033.0,185.0
1033.0,387.0
1033.0,315.0
1033.0,386.0
1033.0,119.0
1033.0,293.0
1034.0,262.0
1034.0,957.0
1034.0,320.0
1034.0,373.0
1034.0,640.0
1034.0,669.0
1034.0,632.0
1034.0,468.0
1034.0,305.0
1034.0,403.0
1034.0,370.0
1034.0,626.0
1035.0,307.0
1035.0,559.0
1035.0,805.0
1035.0,203.0
1035.0,75.0
1035.0,894.0
1035.0,914.0
1035.0,515.0
1035.0,571.0
1035.0,55.0
1035.0,82.0
1035.0,283.0
1024.0,0.0
996.0,0.0
1030.0,0.0
835.0,0.0
427.0,0.0
420.0,0.0
460.0,0.0
945.0,0.0
546.0,0.0
931.0,0.0
537.0,0.0
949.0,0.0
639.0,1.0
452.0,1.0
100.0,1.0
51.0,1.0
593.0,1.0
62.0,1.0
306.0,1.0
853.0,1.0
476.0,1.0
784.0,1.0
793.0,1.0
521.0,1.0
443.0,2.0
37.0,2.0
355.0,2.0
833.0,2.0
74.0,2.0
985.0,2.0
877.0,2.0
752.0,2.0
938.0,2.0
535.0,2.0
875.0,2.0
881.0,2.0
350.0,3.0
201.0,3.0
813.0,3.0
687.0,3.0
180.0,3.0
320.0,3.0
745.0,3.0
588.0,3.0
310.0,3.0
470.0,3.0
108.0,3.0
510.0,3.0
721.0,4.0
1027.0,4.0
188.0,4.0
159.0,4.0
601.0,4.0
845.0,4.0
976.0,4.0
212.0,4.0
719.0,4.0
586.0,4.0
837.0,4.0
789.0,4.0
639.0,5.0
347.0,5.0
811.0,5.0
392.0,5.0
85.0,5.0
46.0,5.0
829.0,5.0
742.0,5.0
225.0,5.0
836.0,5.0
315.0,5.0
972.0,5.0
976.0,6.0
420.0,6.0
266.0,6.0
166.0,6.0
460.0,6.0
470.0,6.0
368.0,6.0
946.0,6.0
731.0,6.0
508.0,6.0
566.0,6.0
706.0,6.0
522.0,7.0
135.0,7.0
569.0,7.0
98.0,7.0
536.0,7.0
367.0,7.0
826.0,7.0
528.0,7.0
511.0,7.0
848.0,7.0
858.0,7.0
355.0,7.0
982.0,8.0
993.0,8.0
627.0,8.0
587.0,8.0
811.0,8.0
698.0,8.0
1024.0,8.0
85.0,8.0
45.0,8.0
400.0,8.0
422.0,8.0
5.0,8.0
921.0,9.0
172.0,9.0
846.0,9.0
407.0,9.0
994.0,9.0
733.0,9.0
879.0,9.0
554.0,9.0
734.0,9.0
658.0,9.0
938.0,9.0
683.0,9.0
200.0,10.0
316.0,10.0
828.0,10.0
109.0,10.0
240.0,10.0
855.0,10.0
862.0,10.0
311.0,10.0
926.0,10.0
500.0,10.0
137.0,10.0
120.0,10.0
419.0,11.0
343.0,11.0
750.0,11.0
1022.0,11.0
799.0,11.0
810.0,11.0
381.0,11.0
174.0,11.0
523.0,11.0
362.0,11.0
619.0,11.0
402.0,11.0
700.0,12.0
155.0,12.0
795.0,12.0
411.0,12.0
154.0,12.0
181.0,12.0
573.0,12.0
911.0,12.0
131.0,12.0
494.0,12.0
265.0,12.0
732.0,12.0
36.0,13.0
478.0,13.0
303.0,13.0
661.0,13.0
772.0,13.0
502.0,13.0
511.0,13.0
761.0,13.0
515.0,13.0
816.0,13.0
825.0,13.0
702.0,13.0
551.0,14.0
807.0,14.0
1010.0,14.0
546.0,14.0
195.0,14.0
635.0,14.0
864.0,14.0
186.0,14.0
882.0,14.0
671.0,14.0
333.0,14.0
891.0,14.0
608.0,15.0
757.0,15.0
440.0,15.0
430.0,15.0
128.0,15.0
395.0,15.0
24.0,15.0
597.0,15.0
770.0,15.0
973.0,15.0
119.0,15.0
865.0,15.0
21.0,16.0
285.0,16.0
80.0,16.0
116.0,16.0
213.0,16.0
981.0,16.0
253.0,16.0
956.0,16.0
646.0,16.0
450.0,16.0
412.0,16.0
54.0,16.0
608.0,17.0
196.0,17.0
248.0,17.0
675.0,17.0
155.0,17.0
423.0,17.0
902.0,17.0
452.0,17.0
769.0,17.0
397.0,17.0
253.0,17.0
895.0,17.0
302.0,18.0
983.0,18.0
548.0,18.0
424.0,18.0
103.0,18.0
783.0,18.0
674.0,18.0
789.0,18.0
974.0,18.0
141.0,18.0
271.0,18.0
440.0,18.0
899.0,19.0
79.0,19.0
431.0,19.0
934.0,19.0
564.0,19.0
151.0,19.0
263.0,19.0
258.0,19.0
664.0,19.0
966.0,19.0
603.0,19.0
363.0,19.0
636.0,20.0
233.0,20.0
642.0,20.0
491.0,20.0
581.0,20.0
336.0,20.0
1007.0,20.0
81.0,20.0
721.0,20.0
871.0,20.0
808.0,20.0
335.0,20.0
144.0,21.0
433.0,21.0
687.0,21.0
89.0,21.0
641.0,21.0
459.0,21.0
348.0,21.0
801.0,21.0
28.0,21.0
863.0,21.0
150.0,21.0
388.0,21.0
953.0,22.0
373.0,22.0
541.0,22.0
507.0,22.0
571.0,22.0
945.0,22.0
750.0,22.0
648.0,22.0
420.0,22.0
402.0,22.0
990.0,22.0
89.0,22.0
1030.0,23.0
686.0,23.0
824.0,23.0
159.0,23.0
215.0,23.0
250.0,23.0
42.0,23.0
182.0,23.0
71.0,23.0
994.0,23.0
126.0,23.0
253.0,23.0
158.0,24.0
1008.0,24.0
901.0,24.0
707.0,24.0
150.0,24.0
803.0,24.0
712.0,24.0
360.0,24.0
61.0,24.0
991.0,24.0
687.0,24.0
924.0,24.0
212.0,25.0
844.0,25.0
204.0,25.0
557.0,25.0
298.0,25.0
442.0,25.0
55.0,25.0
349.0,25.0
449.0,25.0
705.0,25.0
38.0,25.0
865.0,25.0
531.0,26.0
197.0,26.0
1030.0,26.0
92.0,26.0
768.0,26.0
727.0,26.0
182.0,26.0
433.0,26.0
413.0,26.0
616.0,26.0
132.0,26.0
145.0,26.0
165.0,27.0
524.0,27.0
367.0,27.0
241.0,27.0
866.0,27.0
742.0,27.0
894.0,27.0
754.0,27.0
772.0,27.0
291.0,27.0
706.0,27.0
973.0,27.0
73.0,28.0
515.0,28.0
660.0,28.0
26.0,28.0
531.0,28.0
786.0,28.0
114.0,28.0
767.0,28.0
321.0,28.0
976.0,28.0
484.0,28.0
798.0,28.0
318.0,29.0
25.0,29.0
494.0,29.0
543.0,29.0
867.0,29.0
69.0,29.0
805.0,29.0
992.0,29.0
683.0,29.0
1035.0,29.0
185.0,29.0
501.0,29.0
189.0,30.0
615.0,30.0
296.0,30.0
357.0,30.0
227.0,30.0
614.0,30.0
597.0,30.0
683.0,30.0
620.0,30.0
887.0,30.0
292.0,30.0
707.0,30.0
329.0,31.0
352.0,31.0
607.0,31.0
918.0,31.0
693.0,31.0
462.0,31.0
678.0,31.0
406.0,31.0
341.0,31.0
147.0,31.0
923.0,31.0
855.0,31.0
370.0,32.0
436.0,32.0
189.0,32.0
402.0,32.0
304.0,32.0
228.0,32.0
718.0,32.0
343.0,32.0
877.0,32.0
658.0,32.0
89.0,32.0
291.0,32.0
623.0,33.0
96.0,33.0
436.0,33.0
496.0,33.0
224.0,33.0
881.0,33.0
631.0,33.0
634.0,33.0
642.0,33.0
1013.0,33.0
434.0,33.0
960.0,33.0
389.0,34.0
111.0,34.0
734.0,34.0
557.0,34.0
472.0,34.0
454.0,34.0
222.0,34.0
44.0,34.0
1018.0,34.0
521.0,34.0
94.0,34.0
292.0,34.0
353.0,35.0
817.0,35.0
984.0,35.0
886.0,35.0
344.0,35.0
29.0,35.0
1001.0,35.0
333.0,35.0
55.0,35.0
548.0,35.0
502.0,35.0
942.0,35.0
955.0,36.0
508.0,36.0
683.0,36.0
136.0,36.0
175.0,36.0
479.0,36.0
384.0,36.0
49.0,36.0
666.0,36.0
323.0,36.0
272.0,36.0
187.0,36.0
761.0,37.0
260.0,37.0
886.0,37.0
634.0,37.0
501.0,37.0
222.0,37.0
13.0,37.0
876.0,37.0
318.0,37.0
175.0,37.0
780.0,37.0
548.0,37.0
196.0,38.0
429.0,38.0
922.0,38.0
713.0,38.0
651.0,38.0
742.0,38.0
967.0,38.0
807.0,38.0
241.0,38.0
25.0,38.0
570.0,38.0
330.0,38.0
652.0,39.0
688.0,39.0
251.0,39.0
875.0,39.0
136.0,39.0
661.0,39.0
246.0,39.0
13.0,39.0
303.0,39.0
272.0,39.0
102.0,39.0
794.0,39.0
348.0,40.0
365.0,40.0
676.0,40.0
841.0,40.0
616.0,40.0
367.0,40.0
986.0,40.0
144.0,40.0
980.0,40.0
320.0,40.0
814.0,40.0
726.0,40.0
711.0,41.0
406.0,41.0
664.0,41.0
433.0,41.0
210.0,41.0
467.0,41.0
349.0,41.0
469.0,41.0
149.0,41.0
748.0,41.0
332.0,41.0
545.0,41.0
948.0,42.0
614.0,42.0
958.0,42.0
309.0,42.0
442.0,42.0
565.0,42.0
210.0,42.0
492.0,42.0
47.0,42.0
556.0,42.0
542.0,42.0
254.0,42.0
282.0,43.0
520.0,43.0
963.0,43.0
668.0,43.0
957.0,43.0
786.0,43.0
679.0,43.0
405.0,43.0
320.0,43.0
153.0,43.0
669.0,43.0
3.0,43.0
705.0,44.0
377.0,44.0
312.0,44.0
116.0,44.0
623.0,44.0
743.0,44.0
186.0,44.0
932.0,44.0
245.0,44.0
166.0,44.0
429.0,44.0
1008.0,44.0
85.0,45.0
8.0,45.0
694.0,45.0
476.0,45.0
864.0,45.0
811.0,45.0
411.0,45.0
506.0,45.0
988.0,45.0
432.0,45.0
485.0,45.0
993.0,45.0
118.0,46.0
898.0,46.0
140.0,46.0
949.0,46.0
124.0,46.0
229.0,46.0
779.0,46.0
312.0,46.0
587.0,46.0
1010.0,46.0
363.0,46.0
280.0,46.0
244.0,47.0
710.0,47.0
605.0,47.0
756.0,47.0
665.0,47.0
748.0,47.0
732.0,47.0
512.0,47.0
761.0,47.0
916.0,47.0
423.0,47.0
1035.0,47.0
615.0,48.0
1016.0,48.0
368.0,48.0
1015.0,48.0
596.0,48.0
664.0,48.0
740.0,48.0
336.0,48.0
733.0,48.0
190.0,48.0
68.0,48.0
417.0,48.0
134.0,49.0
703.0,49.0
521.0,49.0
476.0,49.0
312.0,49.0
671.0,49.0
657.0,49.0
392.0,49.0
886.0,49.0
320.0,49.0
973.0,49.0
1018.0,49.0
993.0,50.0
916.0,50.0
838.0,50.0
840.0,50.0
292.0,50.0
522.0,50.0
809.0,50.0
867.0,50.0
378.0,50.0
1031.0,50.0
625.0,50.0
276.0,50.0
111.0,51.0
754.0,51.0
655.0,51.0
94.0,51.0
331.0,51.0
231.0,51.0
961.0,51.0
530.0,51.0
333.0,51.0
705.0,51.0
680.0,51.0
274.0,51.0
14.0,52.0
392.0,52.0
302.0,52.0
807.0,52.0
700.0,52.0
578.0,52.0
257.0,52.0
864.0,52.0
791.0,52.0
916.0,52.0
852.0,52.0
541.0,52.0
274.0,53.0
278.0,53.0
709.0,53.0
917.0,53.0
577.0,53.0
796.0,53.0
449.0,53.0
539.0,53.0
968.0,53.0
386.0,53.0
941.0,53.0
93.0,53.0
341.0,54.0
543.0,54.0
573.0,54.0
19.0,54.0
378.0,54.0
850.0,54.0
924.0,54.0
554.0,54.0
615.0,54.0
835.0,54.0
405.0,54.0
32.0,54.0
357.0,55.0
846.0,55.0
246.0,55.0
847.0,55.0
299.0,55.0
9.0,55.0
115.0,55.0
783.0,55.0
989.0,55.0
332.0,55.0
363.0,55.0
946.0,55.0
286.0,56.0
890.0,56.0
869.0,56.0
842.0,56.0
554.0,56.0
683.0,56.0
853.0,56.0
1027.0,56.0
607.0,56.0
605.0,56.0
997.0,56.0
196.0,56.0
629.0,57.0
972.0,57.0
845.0,57.0
449.0,57.0
540.0,57.0
836.0,57.0
778.0,57.0
945.0,57.0
829.0,57.0
1009.0,57.0
430.0,57.0
208.0,57.0
100.0,58.0
627.0,58.0
315.0,58.0
8.0,58.0
158.0,58.0
917.0,58.0
579.0,58.0
836.0,58.0
950.0,58.0
961.0,58.0
822.0,58.0
784.0,58.0
221.0,59.0
205.0,59.0
826.0,59.0
462.0,59.0
845.0,59.0
76.0,59.0
894.0,59.0
126.0,59.0
470.0,59.0
71.0,59.0
6.0,59.0
573.0,59.0
765.0,60.0
756.0,60.0
289.0,60.0
544.0,60.0
840.0,60.0
650.0,60.0
435.0,60.0
931.0,60.0
670.0,60.0
457.0,60.0
275.0,60.0
635.0,60.0
719.0,61.0
264.0,61.0
684.0,61.0
430.0,61.0
9.0,61.0
4.0,61.0
206.0,61.0
655.0,61.0
463.0,61.0
599.0,61.0
866.0,61.0
743.0,61.0
474.0,62.0
85.0,62.0
154.0,62.0
63.0,62.0
293.0,62.0
276.0,62.0
424.0,62.0
716.0,62.0
1021.0,62.0
429.0,62.0
185.0,62.0
88.0,62.0
663.0,63.0
400.0,63.0
452.0,63.0
531.0,63.0
354.0,63.0
918.0,63.0
579.0,63.0
904.0,63.0
99.0,63.0
351.0,63.0
572.0,63.0
1035.0,63.0
1005.0,64.0
299.0,64.0
729.0,64.0
843.0,64.0
381.0,64.0
788.0,64.0
585.0,64.0
535.0,64.0
311.0,64.0
660.0,64.0
936.0,64.0
450.0,64.0
769.0,65.0
1011.0,65.0
686.0,65.0
900.0,65.0
855.0,65.0
230.0,65.0
239.0,65.0
996.0,65.0
445.0,65.0
896.0,65.0
559.0,65.0
576.0,65.0
994.0,66.0
29.0,66.0
385.0,66.0
148.0,66.0
609.0,66.0
291.0,66.0
978.0,66.0
513.0,66.0
543.0,66.0
970.0,66.0
42.0,66.0
235.0,66.0
423.0,67.0
932.0,67.0
368.0,67.0
341.0,67.0
861.0,67.0
996.0,67.0
845.0,67.0
332.0,67.0
1008.0,67.0
430.0,67.0
504.0,67.0
736.0,67.0
153.0,68.0
879.0,68.0
405.0,68.0
244.0,68.0
839.0,68.0
972.0,68.0
676.0,68.0
615.0,68.0
146.0,68.0
350.0,68.0
397.0,68.0
596.0,68.0
212.0,69.0
71.0,69.0
96.0,69.0
283.0,69.0
863.0,69.0
853.0,69.0
721.0,69.0
273.0,69.0
420.0,69.0
473.0,69.0
481.0,69.0
29.0,69.0
213.0,70.0
659.0,70.0
116.0,70.0
483.0,70.0
845.0,70.0
175.0,70.0
876.0,70.0
894.0,70.0
525.0,70.0
268.0,70.0
759.0,70.0
531.0,70.0
319.0,71.0
460.0,71.0
382.0,71.0
456.0,71.0
562.0,71.0
717.0,71.0
311.0,71.0
975.0,71.0
934.0,71.0
179.0,71.0
334.0,71.0
922.0,71.0
732.0,72.0
245.0,72.0
312.0,72.0
686.0,72.0
1018.0,72.0
910.0,72.0
706.0,72.0
635.0,72.0
922.0,72.0
772.0,72.0
633.0,72.0
994.0,72.0
351.0,73.0
273.0,73.0
1025.0,73.0
553.0,73.0
280.0,73.0
565.0,73.0
769.0,73.0
475.0,73.0
87.0,73.0
94.0,73.0
838.0,73.0
112.0,73.0
721.0,74.0
250.0,74.0
848.0,74.0
172.0,74.0
753.0,74.0
136.0,74.0
744.0,74.0
907.0,74.0
384.0,74.0
543.0,74.0
480.0,74.0
953.0,74.0
739.0,75.0
565.0,75.0
655.0,75.0
874.0,75.0
538.0,75.0
130.0,75.0
182.0,75.0
61.0,75.0
902.0,75.0
820.0,75.0
82.0,75.0
733.0,75.0
1017.0,76.0
610.0,76.0
787.0,76.0
704.0,76.0
1013.0,76.0
537.0,76.0
489.0,76.0
74.0,76.0
965.0,76.0
319.0,76.0
420.0,76.0
1018.0,76.0
840.0,77.0
194.0,77.0
824.0,77.0
340.0,77.0
464.0,77.0
435.0,77.0
642.0,77.0
175.0,77.0
977.0,77.0
178.0,77.0
636.0,77.0
13.0,77.0
719.0,78.0
912.0,78.0
383.0,78.0
773.0,78.0
243.0,78.0
283.0,78.0
1014.0,78.0
257.0,78.0
9.0,78.0
845.0,78.0
286.0,78.0
554.0,78.0
728.0,79.0
743.0,79.0
515.0,79.0
637.0,79.0
252.0,79.0
113.0,79.0
320.0,79.0
594.0,79.0
574.0,79.0
428.0,79.0
815.0,79.0
973.0,79.0
33.0,80.0
326.0,80.0
3.0,80.0
879.0,80.0
890.0,80.0
845.0,80.0
59.0,80.0
206.0,80.0
881.0,80.0
451.0,80.0
83.0,80.0
640.0,80.0
157.0,81.0
213.0,81.0
895.0,81.0
969.0,81.0
536.0,81.0
178.0,81.0
275.0,81.0
222.0,81.0
169.0,81.0
283.0,81.0
460.0,81.0
119.0,81.0
594.0,82.0
818.0,82.0
273.0,82.0
32.0,82.0
193.0,82.0
875.0,82.0
236.0,82.0
796.0,82.0
837.0,82.0
383.0,82.0
860.0,82.0
27.0,82.0
736.0,83.0
651.0,83.0
794.0,83.0
563.0,83.0
866.0,83.0
156.0,83.0
15.0,83.0
1006.0,83.0
163.0,83.0
759.0,83.0
434.0,83.0
203.0,83.0
59.0,84.0
825.0,84.0
465.0,84.0
76.0,84.0
1029.0,84.0
840.0,84.0
22.0,84.0
36.0,84.0
729.0,84.0
455.0,84.0
126.0,84.0
326.0,84.0
552.0,85.0
354.0,85.0
5.0,85.0
710.0,85.0
638.0,85.0
927.0,85.0
199.0,85.0
793.0,85.0
1014.0,85.0
429.0,85.0
766.0,85.0
315.0,85.0
106.0,86.0
797.0,86.0
59.0,86.0
980.0,86.0
720.0,86.0
378.0,86.0
475.0,86.0
265.0,86.0
936.0,86.0
669.0,86.0
813.0,86.0
1022.0,86.0
629.0,87.0
256.0,87.0
150.0,87.0
233.0,87.0
231.0,87.0
20.0,87.0
516.0,87.0
805.0,87.0
607.0,87.0
522.0,87.0
252.0,87.0
608.0,87.0
398.0,88.0
705.0,88.0
763.0,88.0
567.0,88.0
904.0,88.0
200.0,88.0
767.0,88.0
341.0,88.0
62.0,88.0
834.0,88.0
801.0,88.0
675.0,88.0
978.0,89.0
322.0,89.0
879.0,89.0
854.0,89.0
40.0,89.0
460.0,89.0
406.0,89.0
405.0,89.0
940.0,89.0
468.0,89.0
430.0,89.0
1000.0,89.0
775.0,90.0
16.0,90.0
436.0,90.0
444.0,90.0
911.0,90.0
440.0,90.0
963.0,90.0
649.0,90.0
697.0,90.0
42.0,90.0
381.0,90.0
1008.0,90.0
835.0,91.0
304.0,91.0
87.0,91.0
424.0,91.0
112.0,91.0
159.0,91.0
292.0,91.0
540.0,91.0
395.0,91.0
123.0,91.0
349.0,91.0
708.0,91.0
669.0,92.0
125.0,92.0
411.0,92.0
606.0,92.0
958.0,92.0
321.0,92.0
786.0,92.0
16.0,92.0
604.0,92.0
839.0,92.0
439.0,92.0
451.0,92.0
357.0,93.0
123.0,93.0
278.0,93.0
449.0,93.0
784.0,93.0
738.0,93.0
398.0,93.0
993.0,93.0
988.0,93.0
164.0,93.0
855.0,93.0
208.0,93.0
944.0,94.0
367.0,94.0
322.0,94.0
233.0,94.0
655.0,94.0
38.0,94.0
1009.0,94.0
533.0,94.0
552.0,94.0
113.0,94.0
457.0,94.0
550.0,94.0
476.0,95.0
1010.0,95.0
879.0,95.0
728.0,95.0
556.0,95.0
657.0,95.0
715.0,95.0
123.0,95.0
721.0,95.0
326.0,95.0
637.0,95.0
584.0,95.0
549.0,96.0
226.0,96.0
1003.0,96.0
620.0,96.0
245.0,96.0
353.0,96.0
183.0,96.0
12.0,96.0
419.0,96.0
598.0,96.0
369.0,96.0
608.0,96.0
918.0,97.0
835.0,97.0
561.0,97.0
248.0,97.0
1023.0,97.0
214.0,97.0
966.0,97.0
778.0,97.0
924.0,97.0
999.0,97.0
209.0,97.0
678.0,97.0
343.0,98.0
625.0,98.0
775.0,98.0
420.0,98.0
924.0,98.0
863.0,98.0
87.0,98.0
473.0,98.0
844.0,98.0
691.0,98.0
137.0,98.0
146.0,98.0
918.0,99.0
993.0,99.0
45.0,99.0
949.0,99.0
88.0,99.0
835.0,99.0
426.0,99.0
766.0,99.0
374.0,99.0
446.0,99.0
647.0,99.0
784.0,99.0
62.0,100.0
85.0,100.0
293.0,100.0
217.0,100.0
1021.0,100.0
1033.0,100.0
423.0,100.0
452.0,100.0
647.0,100.0
822.0,100.0
722.0,100.0
227.0,100.0
605.0,101.0
717.0,101.0
50.0,101.0
869.0,101.0
904.0,101.0
164.0,101.0
526.0,101.0
390.0,101.0
274.0,101.0
781.0,101.0
640.0,101.0
405.0,101.0
538.0,102.0
887.0,102.0
879.0,102.0
832.0,102.0
318.0,102.0
611.0,102.0
867.0,102.0
945.0,102.0
69.0,102.0
254.0,102.0
461.0,102.0
157.0,102.0
235.0,103.0
155.0,103.0
67.0,103.0
674.0,103.0
533.0,103.0
472.0,103.0
845.0,103.0
887.0,103.0
50.0,103.0
334.0,103.0
310.0,103.0
829.0,103.0
700.0,104.0
400.0,104.0
233.0,104.0
322.0,104.0
65.0,104.0
158.0,104.0
770.0,104.0
977.0,104.0
966.0,104.0
984.0,104.0
1024.0,104.0
418.0,104.0
233.0,105.0
840.0,105.0
1030.0,105.0
300.0,105.0
635.0,105.0
783.0,105.0
568.0,105.0
514.0,105.0
906.0,105.0
34.0,105.0
907.0,105.0
643.0,105.0
998.0,106.0
350.0,106.0
406.0,106.0
885.0,106.0
184.0,106.0
21.0,106.0
957.0,106.0
362.0,106.0
782.0,106.0
797.0,106.0
412.0,106.0
562.0,106.0
913.0,107.0
733.0,107.0
582.0,107.0
948.0,107.0
23.0,107.0
36.0,107.0
155.0,107.0
721.0,107.0
1027.0,107.0
463.0,107.0
524.0,107.0
648.0,107.0
585.0,108.0
487.0,108.0
831.0,108.0
286.0,108.0
799.0,108.0
1030.0,108.0
900.0,108.0
723.0,108.0
416.0,108.0
740.0,108.0
994.0,108.0
573.0,108.0
200.0,109.0
101.0,109.0
214.0,109.0
92.0,109.0
534.0,109.0
316.0,109.0
230.0,109.0
413.0,109.0
161.0,109.0
321.0,109.0
664.0,109.0
249.0,109.0
867.0,110.0
871.0,110.0
24.0,110.0
27.0,110.0
166.0,110.0
520.0,110.0
693.0,110.0
252.0,110.0
993.0,110.0
157.0,110.0
360.0,110.0
930.0,110.0
15.0,111.0
719.0,111.0
167.0,111.0
856.0,111.0
815.0,111.0
744.0,111.0
148.0,111.0
928.0,111.0
25.0,111.0
874.0,111.0
566.0,111.0
781.0,111.0
284.0,112.0
463.0,112.0
948.0,112.0
138.0,112.0
648.0,112.0
840.0,112.0
231.0,112.0
690.0,112.0
290.0,112.0
155.0,112.0
507.0,112.0
228.0,112.0
139.0,113.0
121.0,113.0
82.0,113.0
727.0,113.0
499.0,113.0
65.0,113.0
596.0,113.0
522.0,113.0
287.0,113.0
120.0,113.0
458.0,113.0
203.0,113.0
644.0,114.0
866.0,114.0
771.0,114.0
617.0,114.0
382.0,114.0
699.0,114.0
814.0,114.0
669.0,114.0
26.0,114.0
899.0,114.0
754.0,114.0
520.0,114.0
860.0,115.0
32.0,115.0
705.0,115.0
736.0,115.0
107.0,115.0
592.0,115.0
304.0,115.0
687.0,115.0
531.0,115.0
436.0,115.0
1001.0,115.0
803.0,115.0
434.0,116.0
963.0,116.0
16.0,116.0
986.0,116.0
656.0,116.0
652.0,116.0
89.0,116.0
512.0,116.0
56.0,116.0
470.0,116.0
745.0,116.0
425.0,116.0
994.0,117.0
215.0,117.0
193.0,117.0
813.0,117.0
220.0,117.0
617.0,117.0
318.0,117.0
276.0,117.0
979.0,117.0
877.0,117.0
290.0,117.0
299.0,117.0
435.0,118.0
454.0,118.0
1018.0,118.0
202.0,118.0
803.0,118.0
138.0,118.0
651.0,118.0
60.0,118.0
688.0,118.0
483.0,118.0
566.0,118.0
300.0,118.0
754.0,119.0
29.0,119.0
215.0,119.0
327.0,119.0
262.0,119.0
151.0,119.0
216.0,119.0
330.0,119.0
565.0,119.0
370.0,119.0
920.0,119.0
530.0,119.0
617.0,120.0
306.0,120.0
113.0,120.0
203.0,120.0
235.0,120.0
19.0,120.0
641.0,120.0
3.0,120.0
342.0,120.0
26.0,120.0
55.0,120.0
321.0,120.0
179.0,121.0
101.0,121.0
239.0,121.0
349.0,121.0
211.0,121.0
357.0,121.0
802.0,121.0
467.0,121.0
769.0,121.0
880.0,121.0
221.0,121.0
63.0,121.0
962.0,122.0
652.0,122.0
788.0,122.0
536.0,122.0
455.0,122.0
892.0,122.0
465.0,122.0
1012.0,122.0
890.0,122.0
16.0,122.0
592.0,122.0
183.0,122.0
781.0,123.0
208.0,123.0
879.0,123.0
325.0,123.0
662.0,123.0
357.0,123.0
622.0,123.0
349.0,123.0
158.0,123.0
94.0,123.0
896.0,123.0
740.0,123.0
932.0,124.0
225.0,124.0
49.0,124.0
792.0,124.0
551.0,124.0
950.0,124.0
779.0,124.0
87.0,124.0
682.0,124.0
505.0,124.0
657.0,124.0
852.0,124.0
120.0,125.0
987.0,125.0
842.0,125.0
448.0,125.0
934.0,125.0
641.0,125.0
16.0,125.0
484.0,125.0
417.0,125.0
615.0,125.0
681.0,125.0
768.0,125.0
881.0,126.0
618.0,126.0
412.0,126.0
378.0,126.0
531.0,126.0
215.0,126.0
189.0,126.0
226.0,126.0
423.0,126.0
636.0,126.0
206.0,126.0
534.0,126.0
922.0,127.0
854.0,127.0
932.0,127.0
1031.0,127.0
103.0,127.0
313.0,127.0
374.0,127.0
146.0,127.0
847.0,127.0
979.0,127.0
553.0,127.0
412.0,127.0
844.0,128.0
534.0,128.0
825.0,128.0
22.0,128.0
30.0,128.0
931.0,128.0
846.0,128.0
156.0,128.0
136.0,128.0
459.0,128.0
973.0,128.0
649.0,128.0
675.0,129.0
176.0,129.0
209.0,129.0
499.0,129.0
190.0,129.0
152.0,129.0
145.0,129.0
690.0,129.0
316.0,129.0
689.0,129.0
605.0,129.0
1023.0,129.0
659.0,130.0
491.0,130.0
462.0,130.0
718.0,130.0
530.0,130.0
948.0,130.0
61.0,130.0
522.0,130.0
586.0,130.0
493.0,130.0
949.0,130.0
504.0,130.0
809.0,131.0
414.0,131.0
217.0,131.0
575.0,131.0
290.0,131.0
699.0,131.0
32.0,131.0
538.0,131.0
357.0,131.0
299.0,131.0
107.0,131.0
198.0,131.0
221.0,132.0
433.0,132.0
632.0,132.0
469.0,132.0
1026.0,132.0
576.0,132.0
916.0,132.0
699.0,132.0
306.0,132.0
628.0,132.0
736.0,132.0
878.0,132.0
426.0,133.0
608.0,133.0
364.0,133.0
882.0,133.0
565.0,133.0
901.0,133.0
698.0,133.0
677.0,133.0
791.0,133.0
216.0,133.0
916.0,133.0
1021.0,133.0
747.0,134.0
46.0,134.0
72.0,134.0
133.0,134.0
476.0,134.0
377.0,134.0
766.0,134.0
356.0,134.0
229.0,134.0
141.0,134.0
653.0,134.0
982.0,134.0
963.0,135.0
247.0,135.0
74.0,135.0
624.0,135.0
434.0,135.0
246.0,135.0
854.0,135.0
294.0,135.0
346.0,135.0
251.0,135.0
613.0,135.0
29.0,135.0
308.0,136.0
206.0,136.0
148.0,136.0
598.0,136.0
645.0,136.0
929.0,136.0
833.0,136.0
464.0,136.0
537.0,136.0
971.0,136.0
875.0,136.0
385.0,136.0
380.0,137.0
1011.0,137.0
166.0,137.0
934.0,137.0
107.0,137.0
879.0,137.0
341.0,137.0
446.0,137.0
623.0,137.0
243.0,137.0
486.0,137.0
259.0,137.0
570.0,138.0
103.0,138.0
175.0,138.0
167.0,138.0
339.0,138.0
483.0,138.0
336.0,138.0
994.0,138.0
473.0,138.0
366.0,138.0
986.0,138.0
150.0,138.0
500.0,139.0
523.0,139.0
614.0,139.0
796.0,139.0
769.0,139.0
966.0,139.0
680.0,139.0
632.0,139.0
545.0,139.0
388.0,139.0
561.0,139.0
850.0,139.0
12.0,140.0
690.0,140.0
698.0,140.0
254.0,140.0
371.0,140.0
664.0,140.0
25.0,140.0
264.0,140.0
1019.0,140.0
739.0,140.0
345.0,140.0
252.0,140.0
52.0,141.0
383.0,141.0
202.0,141.0
124.0,141.0
489.0,141.0
551.0,141.0
635.0,141.0
337.0,141.0
982.0,141.0
633.0,141.0
366.0,141.0
657.0,141.0
444.0,142.0
460.0,142.0
782.0,142.0
843.0,142.0
828.0,142.0
181.0,142.0
273.0,142.0
510.0,142.0
86.0,142.0
383.0,142.0
154.0,142.0
745.0,142.0
276.0,143.0
819.0,143.0
19.0,143.0
665.0,143.0
538.0,143.0
1007.0,143.0
15.0,143.0
298.0,143.0
417.0,143.0
431.0,143.0
261.0,143.0
499.0,143.0
174.0,144.0
617.0,144.0
562.0,144.0
799.0,144.0
847.0,144.0
388.0,144.0
679.0,144.0
613.0,144.0
880.0,144.0
1034.0,144.0
120.0,144.0
43.0,144.0
339.0,145.0
802.0,145.0
579.0,145.0
315.0,145.0
999.0,145.0
872.0,145.0
209.0,145.0
786.0,145.0
567.0,145.0
398.0,145.0
10.0,145.0
304.0,145.0
583.0,146.0
853.0,146.0
964.0,146.0
845.0,146.0
1004.0,146.0
224.0,146.0
417.0,146.0
816.0,146.0
66.0,146.0
933.0,146.0
897.0,146.0
578.0,146.0
644.0,147.0
28.0,147.0
878.0,147.0
641.0,147.0
484.0,147.0
604.0,147.0
40.0,147.0
1015.0,147.0
1023.0,147.0
727.0,147.0
790.0,147.0
595.0,147.0
331.0,148.0
804.0,148.0
919.0,148.0
528.0,148.0
775.0,148.0
584.0,148.0
74.0,148.0
142.0,148.0
986.0,148.0
810.0,148.0
156.0,148.0
511.0,148.0
559.0,149.0
566.0,149.0
205.0,149.0
189.0,149.0
206.0,149.0
933.0,149.0
569.0,149.0
592.0,149.0
310.0,149.0
594.0,149.0
126.0,149.0
959.0,149.0
367.0,150.0
700.0,150.0
221.0,150.0
743.0,150.0
431.0,150.0
640.0,150.0
233.0,150.0
408.0,150.0
411.0,150.0
967.0,150.0
892.0,150.0
879.0,150.0
170.0,151.0
287.0,151.0
979.0,151.0
1027.0,151.0
491.0,151.0
541.0,151.0
1020.0,151.0
845.0,151.0
668.0,151.0
652.0,151.0
462.0,151.0
592.0,151.0
351.0,152.0
588.0,152.0
644.0,152.0
1034.0,152.0
161.0,152.0
403.0,152.0
727.0,152.0
265.0,152.0
350.0,152.0
180.0,152.0
679.0,152.0
382.0,152.0
190.0,153.0
880.0,153.0
664.0,153.0
992.0,153.0
248.0,153.0
695.0,153.0
417.0,153.0
814.0,153.0
883.0,153.0
286.0,153.0
123.0,153.0
327.0,153.0
111.0,154.0
805.0,154.0
857.0,154.0
298.0,154.0
150.0,154.0
795.0,154.0
823.0,154.0
210.0,154.0
877.0,154.0
607.0,154.0
636.0,154.0
176.0,154.0
1019.0,155.0
470.0,155.0
387.0,155.0
608.0,155.0
568.0,155.0
805.0,155.0
214.0,155.0
607.0,155.0
900.0,155.0
319.0,155.0
189.0,155.0
835.0,155.0
563.0,156.0
444.0,156.0
854.0,156.0
880.0,156.0
524.0,156.0
731.0,156.0
657.0,156.0
196.0,156.0
336.0,156.0
914.0,156.0
221.0,156.0
522.0,156.0
979.0,157.0
111.0,157.0
361.0,157.0
507.0,157.0
493.0,157.0
753.0,157.0
70.0,157.0
299.0,157.0
845.0,157.0
294.0,157.0
874.0,157.0
710.0,157.0
653.0,158.0
296.0,158.0
770.0,158.0
845.0,158.0
527.0,158.0
696.0,158.0
208.0,158.0
767.0,158.0
642.0,158.0
530.0,158.0
538.0,158.0
57.0,158.0
558.0,159.0
650.0,159.0
550.0,159.0
887.0,159.0
583.0,159.0
214.0,159.0
281.0,159.0
29.0,159.0
599.0,159.0
888.0,159.0
128.0,159.0
15.0,159.0
368.0,160.0
273.0,160.0
819.0,160.0
4.0,160.0
1027.0,160.0
971.0,160.0
477.0,160.0
127.0,160.0
362.0,160.0
226.0,160.0
745.0,160.0
794.0,160.0
916.0,161.0
499.0,161.0
24.0,161.0
1002.0,161.0
449.0,161.0
966.0,161.0
48.0,161.0
120.0,161.0
28.0,161.0
735.0,161.0
537.0,161.0
835.0,161.0
527.0,162.0
264.0,162.0
865.0,162.0
918.0,162.0
296.0,162.0
58.0,162.0
871.0,162.0
446.0,162.0
922.0,162.0
398.0,162.0
572.0,162.0
593.0,162.0
844.0,163.0
769.0,163.0
1035.0,163.0
96.0,163.0
330.0,163.0
538.0,163.0
648.0,163.0
668.0,163.0
895.0,163.0
235.0,163.0
852.0,163.0
217.0,163.0
123.0,164.0
40.0,164.0
895.0,164.0
869.0,164.0
329.0,164.0
574.0,164.0
97.0,164.0
486.0,164.0
731.0,164.0
608.0,164.0
701.0,164.0
539.0,164.0
191.0,165.0
869.0,165.0
952.0,165.0
743.0,165.0
907.0,165.0
881.0,165.0
411.0,165.0
208.0,165.0
976.0,165.0
931.0,165.0
805.0,165.0
377.0,165.0
331.0,166.0
63.0,166.0
370.0,166.0
821.0,166.0
925.0,166.0
208.0,166.0
586.0,166.0
862.0,166.0
462.0,166.0
1012.0,166.0
300.0,166.0
809.0,166.0
513.0,167.0
970.0,167.0
454.0,167.0
549.0,167.0
873.0,167.0
138.0,167.0
538.0,167.0
414.0,167.0
552.0,167.0
283.0,167.0
1020.0,167.0
224.0,167.0
902.0,168.0
377.0,168.0
883.0,168.0
672.0,168.0
335.0,168.0
77.0,168.0
354.0,168.0
701.0,168.0
1029.0,168.0
322.0,168.0
427.0,168.0
115.0,168.0
981.0,169.0
892.0,169.0
755.0,169.0
421.0,169.0
938.0,169.0
919.0,169.0
415.0,169.0
596.0,169.0
436.0,169.0
69.0,169.0
477.0,169.0
526.0,169.0
746.0,170.0
504.0,170.0
1027.0,170.0
440.0,170.0
181.0,170.0
910.0,170.0
217.0,170.0
165.0,170.0
863.0,170.0
815.0,170.0
363.0,170.0
648.0,170.0
51.0,171.0
551.0,171.0
273.0,171.0
27.0,171.0
24.0,171.0
807.0,171.0
261.0,171.0
1028.0,171.0
257.0,171.0
703.0,171.0
547.0,171.0
731.0,171.0
820.0,172.0
1030.0,172.0
772.0,172.0
324.0,172.0
130.0,172.0
719.0,172.0
153.0,172.0
119.0,172.0
925.0,172.0
265.0,172.0
75.0,172.0
181.0,172.0
936.0,173.0
699.0,173.0
294.0,173.0
484.0,173.0
358.0,173.0
156.0,173.0
854.0,173.0
826.0,173.0
957.0,173.0
724.0,173.0
613.0,173.0
914.0,173.0
108.0,174.0
323.0,174.0
842.0,174.0
269.0,174.0
908.0,174.0
258.0,174.0
758.0,174.0
526.0,174.0
169.0,174.0
362.0,174.0
355.0,174.0
991.0,174.0
560.0,175.0
273.0,175.0
697.0,175.0
13.0,175.0
436.0,175.0
990.0,175.0
701.0,175.0
39.0,175.0
194.0,175.0
399.0,175.0
575.0,175.0
311.0,175.0
146.0,176.0
913.0,176.0
331.0,176.0
530.0,176.0
130.0,176.0
151.0,176.0
513.0,176.0
1003.0,176.0
974.0,176.0
479.0,176.0
319.0,176.0
749.0,176.0
1002.0,177.0
445.0,177.0
896.0,177.0
109.0,177.0
137.0,177.0
163.0,177.0
637.0,177.0
461.0,177.0
872.0,177.0
458.0,177.0
581.0,177.0
129.0,177.0
557.0,178.0
170.0,178.0
175.0,178.0
736.0,178.0
696.0,178.0
1012.0,178.0
183.0,178.0
496.0,178.0
881.0,178.0
155.0,178.0
256.0,178.0
633.0,178.0
304.0,179.0
477.0,179.0
710.0,179.0
596.0,179.0
944.0,179.0
820.0,179.0
439.0,179.0
470.0,179.0
996.0,179.0
545.0,179.0
9.0,179.0
652.0,179.0
510.0,180.0
594.0,180.0
718.0,180.0
564.0,180.0
998.0,180.0
591.0,180.0
89.0,180.0
192.0,180.0
281.0,180.0
679.0,180.0
727.0,180.0
804.0,180.0
269.0,181.0
952.0,181.0
954.0,181.0
66.0,181.0
897.0,181.0
512.0,181.0
172.0,181.0
942.0,181.0
163.0,181.0
755.0,181.0
412.0,181.0
363.0,181.0
334.0,182.0
967.0,182.0
821.0,182.0
349.0,182.0
439.0,182.0
584.0,182.0
989.0,182.0
497.0,182.0
903.0,182.0
388.0,182.0
138.0,182.0
15.0,182.0
920.0,183.0
256.0,183.0
96.0,183.0
820.0,183.0
73.0,183.0
135.0,183.0
265.0,183.0
1023.0,183.0
136.0,183.0
670.0,183.0
985.0,183.0
952.0,183.0
152.0,184.0
887.0,184.0
468.0,184.0
262.0,184.0
273.0,184.0
899.0,184.0
281.0,184.0
504.0,184.0
106.0,184.0
425.0,184.0
125.0,184.0
128.0,184.0
474.0,185.0
801.0,185.0
232.0,185.0
509.0,185.0
1033.0,185.0
62.0,185.0
162.0,185.0
811.0,185.0
829.0,185.0
796.0,185.0
400.0,185.0
579.0,185.0
658.0,186.0
277.0,186.0
9.0,186.0
353.0,186.0
544.0,186.0
72.0,186.0
578.0,186.0
657.0,186.0
141.0,186.0
377.0,186.0
973.0,186.0
52.0,186.0
467.0,187.0
326.0,187.0
220.0,187.0
686.0,187.0
584.0,187.0
697.0,187.0
314.0,187.0
323.0,187.0
668.0,187.0
331.0,187.0
541.0,187.0
140.0,187.0
607.0,188.0
304.0,188.0
537.0,188.0
835.0,188.0
415.0,188.0
220.0,188.0
69.0,188.0
929.0,188.0
512.0,188.0
270.0,188.0
157.0,188.0
592.0,188.0
599.0,189.0
614.0,189.0
640.0,189.0
411.0,189.0
973.0,189.0
78.0,189.0
860.0,189.0
143.0,189.0
1009.0,189.0
176.0,189.0
954.0,189.0
672.0,189.0
735.0,190.0
676.0,190.0
768.0,190.0
299.0,190.0
499.0,190.0
184.0,190.0
475.0,190.0
477.0,190.0
588.0,190.0
757.0,190.0
595.0,190.0
504.0,190.0
1029.0,191.0
694.0,191.0
268.0,191.0
906.0,191.0
711.0,191.0
525.0,191.0
560.0,191.0
743.0,191.0
12.0,191.0
98.0,191.0
820.0,191.0
66.0,191.0
348.0,192.0
676.0,192.0
839.0,192.0
182.0,192.0
504.0,192.0
1015.0,192.0
903.0,192.0
505.0,192.0
40.0,192.0
564.0,192.0
3.0,192.0
774.0,192.0
55.0,193.0
473.0,193.0
431.0,193.0
56.0,193.0
491.0,193.0
479.0,193.0
68.0,193.0
586.0,193.0
304.0,193.0
845.0,193.0
427.0,193.0
250.0,193.0
582.0,194.0
344.0,194.0
732.0,194.0
780.0,194.0
600.0,194.0
73.0,194.0
435.0,194.0
84.0,194.0
686.0,194.0
594.0,194.0
265.0,194.0
817.0,194.0
734.0,195.0
635.0,195.0
495.0,195.0
51.0,195.0
909.0,195.0
186.0,195.0
529.0,195.0
792.0,195.0
471.0,195.0
647.0,195.0
277.0,195.0
779.0,195.0
67.0,196.0
887.0,196.0
912.0,196.0
935.0,196.0
976.0,196.0
210.0,196.0
130.0,196.0
374.0,196.0
503.0,196.0
586.0,196.0
879.0,196.0
431.0,196.0
768.0,197.0
727.0,197.0
190.0,197.0
177.0,197.0
192.0,197.0
896.0,197.0
258.0,197.0
86.0,197.0
375.0,197.0
814.0,197.0
321.0,197.0
282.0,197.0
868.0,198.0
330.0,198.0
667.0,198.0
938.0,198.0
308.0,198.0
692.0,198.0
252.0,198.0
902.0,198.0
1011.0,198.0
304.0,198.0
30.0,198.0
961.0,198.0
426.0,199.0
25.0,199.0
85.0,199.0
58.0,199.0
424.0,199.0
233.0,199.0
920.0,199.0
549.0,199.0
315.0,199.0
8.0,199.0
1008.0,199.0
539.0,199.0
209.0,200.0
182.0,200.0
38.0,200.0
1027.0,200.0
248.0,200.0
859.0,200.0
579.0,200.0
328.0,200.0
637.0,200.0
601.0,200.0
335.0,200.0
628.0,200.0
358.0,201.0
716.0,201.0
857.0,201.0
1022.0,201.0
617.0,201.0
855.0,201.0
1034.0,201.0
679.0,201.0
826.0,201.0
86.0,201.0
350.0,201.0
89.0,201.0
186.0,202.0
52.0,202.0
686.0,202.0
18.0,202.0
472.0,202.0
223.0,202.0
910.0,202.0
333.0,202.0
23.0,202.0
861.0,202.0
72.0,202.0
812.0,202.0
157.0,203.0
464.0,203.0
620.0,203.0
869.0,203.0
543.0,203.0
59.0,203.0
970.0,203.0
466.0,203.0
686.0,203.0
948.0,203.0
890.0,203.0
624.0,203.0
976.0,204.0
657.0,204.0
716.0,204.0
855.0,204.0
137.0,204.0
857.0,204.0
715.0,204.0
624.0,204.0
543.0,204.0
1009.0,204.0
198.0,204.0
989.0,204.0
98.0,205.0
592.0,205.0
705.0,205.0
235.0,205.0
245.0,205.0
168.0,205.0
173.0,205.0
773.0,205.0
74.0,205.0
994.0,205.0
825.0,205.0
670.0,205.0
981.0,206.0
668.0,206.0
265.0,206.0
609.0,206.0
301.0,206.0
126.0,206.0
383.0,206.0
331.0,206.0
1020.0,206.0
973.0,206.0
475.0,206.0
742.0,206.0
804.0,207.0
656.0,207.0
854.0,207.0
214.0,207.0
839.0,207.0
477.0,207.0
173.0,207.0
508.0,207.0
297.0,207.0
288.0,207.0
989.0,207.0
923.0,207.0
948.0,208.0
79.0,208.0
712.0,208.0
967.0,208.0
728.0,208.0
528.0,208.0
1008.0,208.0
913.0,208.0
330.0,208.0
557.0,208.0
308.0,208.0
909.0,208.0
97.0,209.0
1020.0,209.0
632.0,209.0
467.0,209.0
552.0,209.0
583.0,209.0
993.0,209.0
314.0,209.0
111.0,209.0
352.0,209.0
153.0,209.0
903.0,209.0
214.0,210.0
916.0,210.0
112.0,210.0
319.0,210.0
384.0,210.0
332.0,210.0
491.0,210.0
32.0,210.0
266.0,210.0
78.0,210.0
752.0,210.0
863.0,210.0
1020.0,211.0
793.0,211.0
309.0,211.0
961.0,211.0
110.0,211.0
987.0,211.0
791.0,211.0
944.0,211.0
554.0,211.0
584.0,211.0
517.0,211.0
988.0,211.0
691.0,212.0
183.0,212.0
881.0,212.0
66.0,212.0
724.0,212.0
914.0,212.0
218.0,212.0
148.0,212.0
971.0,212.0
659.0,212.0
327.0,212.0
508.0,212.0
985.0,213.0
379.0,213.0
9.0,213.0
638.0,213.0
759.0,213.0
1005.0,213.0
824.0,213.0
212.0,213.0
636.0,213.0
266.0,213.0
590.0,213.0
794.0,213.0
865.0,214.0
427.0,214.0
372.0,214.0
375.0,214.0
1035.0,214.0
32.0,214.0
989.0,214.0
380.0,214.0
540.0,214.0
565.0,214.0
652.0,214.0
423.0,214.0
188.0,215.0
995.0,215.0
648.0,215.0
206.0,215.0
559.0,215.0
1027.0,215.0
800.0,215.0
938.0,215.0
799.0,215.0
96.0,215.0
330.0,215.0
774.0,215.0
736.0,216.0
138.0,216.0
210.0,216.0
244.0,216.0
38.0,216.0
24.0,216.0
765.0,216.0
835.0,216.0
840.0,216.0
888.0,216.0
158.0,216.0
1027.0,216.0
665.0,217.0
9.0,217.0
575.0,217.0
966.0,217.0
115.0,217.0
931.0,217.0
837.0,217.0
259.0,217.0
287.0,217.0
292.0,217.0
226.0,217.0
473.0,217.0
736.0,218.0
869.0,218.0
179.0,218.0
307.0,218.0
440.0,218.0
436.0,218.0
819.0,218.0
889.0,218.0
665.0,218.0
463.0,218.0
336.0,218.0
753.0,218.0
301.0,219.0
753.0,219.0
434.0,219.0
115.0,219.0
418.0,219.0
1009.0,219.0
840.0,219.0
864.0,219.0
977.0,219.0
698.0,219.0
354.0,219.0
87.0,219.0
163.0,220.0
844.0,220.0
749.0,220.0
1035.0,220.0
20.0,220.0
648.0,220.0
368.0,220.0
540.0,220.0
176.0,220.0
668.0,220.0
740.0,220.0
839.0,220.0
662.0,221.0
69.0,221.0
488.0,221.0
193.0,221.0
232.0,221.0
670.0,221.0
342.0,221.0
945.0,221.0
226.0,221.0
1020.0,221.0
958.0,221.0
695.0,221.0
178.0,222.0
897.0,222.0
36.0,222.0
181.0,222.0
658.0,222.0
983.0,222.0
525.0,222.0
416.0,222.0
435.0,222.0
565.0,222.0
548.0,222.0
268.0,222.0
18.0,223.0
271.0,223.0
744.0,223.0
245.0,223.0
82.0,223.0
72.0,223.0
980.0,223.0
548.0,223.0
570.0,223.0
623.0,223.0
886.0,223.0
898.0,223.0
926.0,224.0
366.0,224.0
369.0,224.0
407.0,224.0
540.0,224.0
420.0,224.0
759.0,224.0
989.0,224.0
66.0,224.0
55.0,224.0
958.0,224.0
594.0,224.0
517.0,225.0
909.0,225.0
345.0,225.0
767.0,225.0
791.0,225.0
639.0,225.0
587.0,225.0
199.0,225.0
623.0,225.0
93.0,225.0
972.0,225.0
99.0,225.0
372.0,226.0
889.0,226.0
839.0,226.0
931.0,226.0
142.0,226.0
887.0,226.0
32.0,226.0
811.0,226.0
234.0,226.0
974.0,226.0
938.0,226.0
470.0,226.0
179.0,227.0
279.0,227.0
806.0,227.0
284.0,227.0
547.0,227.0
557.0,227.0
516.0,227.0
539.0,227.0
374.0,227.0
332.0,227.0
905.0,227.0
570.0,227.0
123.0,228.0
947.0,228.0
610.0,228.0
667.0,228.0
331.0,228.0
1024.0,228.0
837.0,228.0
226.0,228.0
370.0,228.0
423.0,228.0
283.0,228.0
507.0,228.0
277.0,229.0
242.0,229.0
864.0,229.0
134.0,229.0
551.0,229.0
701.0,229.0
977.0,229.0
791.0,229.0
9.0,229.0
227.0,229.0
635.0,229.0
491.0,229.0
240.0,230.0
209.0,230.0
253.0,230.0
97.0,230.0
786.0,230.0
768.0,230.0
101.0,230.0
595.0,230.0
603.0,230.0
685.0,230.0
109.0,230.0
137.0,230.0
292.0,231.0
744.0,231.0
566.0,231.0
211.0,231.0
276.0,231.0
598.0,231.0
353.0,231.0
777.0,231.0
612.0,231.0
985.0,231.0
734.0,231.0
753.0,231.0
185.0,232.0
970.0,232.0
475.0,232.0
933.0,232.0
481.0,232.0
57.0,232.0
889.0,232.0
216.0,232.0
862.0,232.0
137.0,232.0
978.0,232.0
95.0,232.0
377.0,233.0
917.0,233.0
910.0,233.0
512.0,233.0
492.0,233.0
257.0,233.0
647.0,233.0
52.0,233.0
969.0,233.0
133.0,233.0
51.0,233.0
575.0,233.0
649.0,234.0
569.0,234.0
723.0,234.0
478.0,234.0
401.0,234.0
867.0,234.0
591.0,234.0
266.0,234.0
981.0,234.0
174.0,234.0
236.0,234.0
848.0,234.0
781.0,235.0
115.0,235.0
531.0,235.0
866.0,235.0
749.0,235.0
288.0,235.0
96.0,235.0
181.0,235.0
189.0,235.0
218.0,235.0
182.0,235.0
89.0,235.0
11.0,236.0
528.0,236.0
419.0,236.0
952.0,236.0
146.0,236.0
574.0,236.0
646.0,236.0
854.0,236.0
656.0,236.0
487.0,236.0
22.0,236.0
589.0,236.0
904.0,237.0
62.0,237.0
88.0,237.0
918.0,237.0
798.0,237.0
158.0,237.0
999.0,237.0
316.0,237.0
738.0,237.0
93.0,237.0
309.0,237.0
249.0,237.0
543.0,238.0
819.0,238.0
178.0,238.0
528.0,238.0
589.0,238.0
399.0,238.0
455.0,238.0
854.0,238.0
746.0,238.0
401.0,238.0
831.0,238.0
508.0,238.0
494.0,239.0
414.0,239.0
219.0,239.0
121.0,239.0
161.0,239.0
847.0,239.0
896.0,239.0
372.0,239.0
193.0,239.0
341.0,239.0
672.0,239.0
801.0,239.0
200.0,240.0
177.0,240.0
567.0,240.0
616.0,240.0
709.0,240.0
760.0,240.0
145.0,240.0
763.0,240.0
632.0,240.0
680.0,240.0
572.0,240.0
584.0,240.0
504.0,241.0
941.0,241.0
51.0,241.0
1025.0,241.0
895.0,241.0
308.0,241.0
917.0,241.0
208.0,241.0
666.0,241.0
887.0,241.0
912.0,241.0
226.0,241.0
940.0,242.0
42.0,242.0
840.0,242.0
286.0,242.0
996.0,242.0
15.0,242.0
970.0,242.0
283.0,242.0
865.0,242.0
423.0,242.0
714.0,242.0
103.0,242.0
15.0,243.0
537.0,243.0
992.0,243.0
944.0,243.0
138.0,243.0
75.0,243.0
326.0,243.0
504.0,243.0
116.0,243.0
648.0,243.0
781.0,243.0
624.0,243.0
1012.0,244.0
112.0,244.0
546.0,244.0
380.0,244.0
531.0,244.0
504.0,244.0
550.0,244.0
657.0,244.0
422.0,244.0
257.0,244.0
259.0,244.0
168.0,244.0
973.0,245.0
949.0,245.0
79.0,245.0
497.0,245.0
764.0,245.0
495.0,245.0
852.0,245.0
747.0,245.0
933.0,245.0
373.0,245.0
1017.0,245.0
682.0,245.0
672.0,246.0
590.0,246.0
702.0,246.0
222.0,246.0
985.0,246.0
992.0,246.0
1017.0,246.0
965.0,246.0
772.0,246.0
272.0,246.0
340.0,246.0
36.0,246.0
833.0,247.0
875.0,247.0
11.0,247.0
775.0,247.0
589.0,247.0
23.0,247.0
944.0,247.0
399.0,247.0
533.0,247.0
953.0,247.0
963.0,247.0
475.0,247.0
896.0,248.0
804.0,248.0
469.0,248.0
329.0,248.0
458.0,248.0
389.0,248.0
688.0,248.0
586.0,248.0
382.0,248.0
616.0,248.0
253.0,248.0
958.0,248.0
386.0,249.0
296.0,249.0
680.0,249.0
593.0,249.0
904.0,249.0
791.0,249.0
398.0,249.0
572.0,249.0
62.0,249.0
623.0,249.0
784.0,249.0
237.0,249.0
731.0,250.0
570.0,250.0
154.0,250.0
996.0,250.0
523.0,250.0
592.0,250.0
1035.0,250.0
181.0,250.0
830.0,250.0
169.0,250.0
599.0,250.0
33.0,250.0
402.0,251.0
673.0,251.0
697.0,251.0
15.0,251.0
816.0,251.0
201.0,251.0
13.0,251.0
825.0,251.0
666.0,251.0
650.0,251.0
618.0,251.0
246.0,251.0
701.0,252.0
791.0,252.0
648.0,252.0
113.0,252.0
30.0,252.0
524.0,252.0
243.0,252.0
655.0,252.0
73.0,252.0
71.0,252.0
622.0,252.0
47.0,252.0
40.0,253.0
68.0,253.0
899.0,253.0
239.0,253.0
341.0,253.0
161.0,253.0
139.0,253.0
196.0,253.0
75.0,253.0
461.0,253.0
214.0,253.0
224.0,253.0
284.0,254.0
287.0,254.0
120.0,254.0
275.0,254.0
228.0,254.0
220.0,254.0
944.0,254.0
214.0,254.0
1016.0,254.0
383.0,254.0
942.0,254.0
174.0,254.0
677.0,255.0
58.0,255.0
8.0,255.0
219.0,255.0
882.0,255.0
521.0,255.0
46.0,255.0
910.0,255.0
432.0,255.0
49.0,255.0
45.0,255.0
264.0,255.0
582.0,256.0
507.0,256.0
952.0,256.0
399.0,256.0
135.0,256.0
268.0,256.0
965.0,256.0
257.0,256.0
794.0,256.0
824.0,256.0
251.0,256.0
876.0,256.0
932.0,257.0
496.0,257.0
580.0,257.0
706.0,257.0
926.0,257.0
98.0,257.0
273.0,257.0
78.0,257.0
502.0,257.0
792.0,257.0
563.0,257.0
483.0,257.0
59.0,258.0
1004.0,258.0
725.0,258.0
210.0,258.0
166.0,258.0
800.0,258.0
408.0,258.0
128.0,258.0
412.0,258.0
881.0,258.0
937.0,258.0
81.0,258.0
975.0,259.0
394.0,259.0
778.0,259.0
955.0,259.0
699.0,259.0
146.0,259.0
221.0,259.0
712.0,259.0
1035.0,259.0
680.0,259.0
4.0,259.0
852.0,259.0
711.0,260.0
849.0,260.0
1013.0,260.0
638.0,260.0
271.0,260.0
634.0,260.0
935.0,260.0
344.0,260.0
265.0,260.0
730.0,260.0
741.0,260.0
77.0,260.0
279.0,261.0
923.0,261.0
298.0,261.0
427.0,261.0
404.0,261.0
332.0,261.0
504.0,261.0
586.0,261.0
924.0,261.0
231.0,261.0
754.0,261.0
740.0,261.0
448.0,262.0
957.0,262.0
800.0,262.0
716.0,262.0
184.0,262.0
230.0,262.0
962.0,262.0
325.0,262.0
758.0,262.0
484.0,262.0
733.0,262.0
679.0,262.0
831.0,263.0
234.0,263.0
995.0,263.0
854.0,263.0
1032.0,263.0
61.0,263.0
979.0,263.0
256.0,263.0
1017.0,263.0
718.0,263.0
526.0,263.0
320.0,263.0
829.0,264.0
432.0,264.0
554.0,264.0
159.0,264.0
946.0,264.0
345.0,264.0
961.0,264.0
561.0,264.0
972.0,264.0
497.0,264.0
1007.0,264.0
925.0,264.0
747.0,265.0
674.0,265.0
136.0,265.0
559.0,265.0
275.0,265.0
157.0,265.0
741.0,265.0
787.0,265.0
175.0,265.0
245.0,265.0
623.0,265.0
528.0,265.0
971.0,266.0
23.0,266.0
20.0,266.0
948.0,266.0
123.0,266.0
525.0,266.0
1004.0,266.0
847.0,266.0
318.0,266.0
830.0,266.0
866.0,266.0
286.0,266.0
235.0,267.0
217.0,267.0
169.0,267.0
381.0,267.0
817.0,267.0
385.0,267.0
126.0,267.0
450.0,267.0
317.0,267.0
618.0,267.0
23.0,267.0
745.0,267.0
866.0,268.0
894.0,268.0
742.0,268.0
353.0,268.0
702.0,268.0
455.0,268.0
256.0,268.0
164.0,268.0
820.0,268.0
464.0,268.0
165.0,268.0
363.0,268.0
755.0,269.0
242.0,269.0
596.0,269.0
756.0,269.0
894.0,269.0
839.0,269.0
881.0,269.0
663.0,269.0
374.0,269.0
334.0,269.0
948.0,269.0
428.0,269.0
11.0,270.0
445.0,270.0
358.0,270.0
478.0,270.0
923.0,270.0
888.0,270.0
1032.0,270.0
207.0,270.0
559.0,270.0
971.0,270.0
893.0,270.0
15.0,270.0
548.0,271.0
688.0,271.0
219.0,271.0
438.0,271.0
928.0,271.0
222.0,271.0
393.0,271.0
866.0,271.0
260.0,271.0
751.0,271.0
410.0,271.0
702.0,271.0
402.0,272.0
734.0,272.0
454.0,272.0
60.0,272.0
532.0,272.0
963.0,272.0
816.0,272.0
590.0,272.0
37.0,272.0
96.0,272.0
761.0,272.0
260.0,272.0
504.0,273.0
938.0,273.0
560.0,273.0
193.0,273.0
578.0,273.0
244.0,273.0
753.0,273.0
959.0,273.0
443.0,273.0
612.0,273.0
483.0,273.0
989.0,273.0
133.0,274.0
481.0,274.0
352.0,274.0
404.0,274.0
1033.0,274.0
694.0,274.0
309.0,274.0
319.0,274.0
185.0,274.0
486.0,274.0
225.0,274.0
527.0,274.0
504.0,275.0
366.0,275.0
1001.0,275.0
594.0,275.0
696.0,275.0
657.0,275.0
118.0,275.0
597.0,275.0
935.0,275.0
283.0,275.0
772.0,275.0
34.0,275.0
977.0,276.0
1031.0,276.0
307.0,276.0
115.0,276.0
581.0,276.0
440.0,276.0
1016.0,276.0
352.0,276.0
556.0,276.0
805.0,276.0
193.0,276.0
23.0,276.0
792.0,277.0
795.0,277.0
483.0,277.0
570.0,277.0
600.0,277.0
612.0,277.0
785.0,277.0
46.0,277.0
915.0,277.0
370.0,277.0
895.0,277.0
165.0,277.0
871.0,278.0
150.0,278.0
88.0,278.0
110.0,278.0
322.0,278.0
778.0,278.0
200.0,278.0
637.0,278.0
735.0,278.0
900.0,278.0
383.0,278.0
87.0,278.0
799.0,279.0
146.0,279.0
566.0,279.0
754.0,279.0
1030.0,279.0
509.0,279.0
434.0,279.0
919.0,279.0
611.0,279.0
687.0,279.0
952.0,279.0
773.0,279.0
368.0,280.0
565.0,280.0
696.0,280.0
383.0,280.0
103.0,280.0
252.0,280.0
906.0,280.0
472.0,280.0
1027.0,280.0
718.0,280.0
94.0,280.0
808.0,280.0
804.0,281.0
712.0,281.0
128.0,281.0
395.0,281.0
326.0,281.0
107.0,281.0
774.0,281.0
16.0,281.0
179.0,281.0
883.0,281.0
708.0,281.0
896.0,281.0
180.0,282.0
559.0,282.0
606.0,282.0
737.0,282.0
468.0,282.0
40.0,282.0
591.0,282.0
899.0,282.0
800.0,282.0
107.0,282.0
207.0,282.0
306.0,282.0
288.0,283.0
1004.0,283.0
905.0,283.0
834.0,283.0
228.0,283.0
554.0,283.0
942.0,283.0
168.0,283.0
1009.0,283.0
414.0,283.0
838.0,283.0
248.0,283.0
823.0,284.0
241.0,284.0
26.0,284.0
766.0,284.0
165.0,284.0
678.0,284.0
691.0,284.0
66.0,284.0
643.0,284.0
989.0,284.0
785.0,284.0
456.0,284.0
136.0,285.0
914.0,285.0
419.0,285.0
537.0,285.0
238.0,285.0
826.0,285.0
236.0,285.0
963.0,285.0
1005.0,285.0
953.0,285.0
569.0,285.0
775.0,285.0
847.0,286.0
336.0,286.0
279.0,286.0
290.0,286.0
1009.0,286.0
566.0,286.0
558.0,286.0
493.0,286.0
203.0,286.0
524.0,286.0
581.0,286.0
311.0,286.0
912.0,287.0
954.0,287.0
254.0,287.0
102.0,287.0
107.0,287.0
862.0,287.0
203.0,287.0
781.0,287.0
887.0,287.0
210.0,287.0
285.0,287.0
877.0,287.0
788.0,288.0
933.0,288.0
925.0,288.0
383.0,288.0
250.0,288.0
1035.0,288.0
304.0,288.0
928.0,288.0
536.0,288.0
826.0,288.0
759.0,288.0
266.0,288.0
519.0,289.0
286.0,289.0
650.0,289.0
961.0,289.0
76.0,289.0
251.0,289.0
335.0,289.0
772.0,289.0
455.0,289.0
876.0,289.0
138.0,289.0
730.0,289.0
509.0,290.0
292.0,290.0
667.0,290.0
198.0,290.0
522.0,290.0
584.0,290.0
516.0,290.0
721.0,290.0
4.0,290.0
32.0,290.0
235.0,290.0
143.0,290.0
310.0,291.0
919.0,291.0
1017.0,291.0
897.0,291.0
929.0,291.0
924.0,291.0
708.0,291.0
729.0,291.0
0.0,291.0
817.0,291.0
73.0,291.0
122.0,291.0
514.0,292.0
414.0,292.0
1007.0,292.0
695.0,292.0
1035.0,292.0
172.0,292.0
552.0,292.0
652.0,292.0
501.0,292.0
387.0,292.0
640.0,292.0
154.0,292.0
44.0,293.0
993.0,293.0
1.0,293.0
790.0,293.0
693.0,293.0
452.0,293.0
1021.0,293.0
865.0,293.0
100.0,293.0
315.0,293.0
62.0,293.0
918.0,293.0
559.0,294.0
942.0,294.0
557.0,294.0
298.0,294.0
304.0,294.0
55.0,294.0
170.0,294.0
949.0,294.0
344.0,294.0
260.0,294.0
806.0,294.0
906.0,294.0
507.0,295.0
568.0,295.0
300.0,295.0
227.0,295.0
250.0,295.0
392.0,295.0
817.0,295.0
275.0,295.0
960.0,295.0
806.0,295.0
411.0,295.0
242.0,295.0
1009.0,296.0
852.0,296.0
334.0,296.0
856.0,296.0
877.0,296.0
368.0,296.0
42.0,296.0
307.0,296.0
561.0,296.0
269.0,296.0
795.0,296.0
290.0,296.0
173.0,297.0
401.0,297.0
995.0,297.0
745.0,297.0
957.0,297.0
86.0,297.0
270.0,297.0
174.0,297.0
645.0,297.0
488.0,297.0
41.0,297.0
782.0,297.0
408.0,298.0
980.0,298.0
515.0,298.0
553.0,298.0
754.0,298.0
342.0,298.0
204.0,298.0
50.0,298.0
309.0,298.0
830.0,298.0
698.0,298.0
839.0,298.0
967.0,299.0
947.0,299.0
494.0,299.0
501.0,299.0
707.0,299.0
608.0,299.0
853.0,299.0
659.0,299.0
959.0,299.0
900.0,299.0
869.0,299.0
607.0,299.0
191.0,300.0
557.0,300.0
875.0,300.0
430.0,300.0
780.0,300.0
289.0,300.0
391.0,300.0
848.0,300.0
674.0,300.0
453.0,300.0
273.0,300.0
873.0,300.0
667.0,301.0
973.0,301.0
1031.0,301.0
317.0,301.0
540.0,301.0
66.0,301.0
291.0,301.0
609.0,301.0
440.0,301.0
501.0,301.0
655.0,301.0
127.0,301.0
428.0,302.0
713.0,302.0
688.0,302.0
653.0,302.0
807.0,302.0
590.0,302.0
186.0,302.0
333.0,302.0
657.0,302.0
701.0,302.0
817.0,302.0
141.0,302.0
135.0,303.0
443.0,303.0
621.0,303.0
36.0,303.0
272.0,303.0
402.0,303.0
589.0,303.0
906.0,303.0
979.0,303.0
323.0,303.0
246.0,303.0
532.0,303.0
327.0,304.0
584.0,304.0
524.0,304.0
112.0,304.0
710.0,304.0
959.0,304.0
662.0,304.0
228.0,304.0
853.0,304.0
877.0,304.0
470.0,304.0
59.0,304.0
358.0,305.0
306.0,305.0
757.0,305.0
885.0,305.0
350.0,305.0
1022.0,305.0
720.0,305.0
311.0,305.0
64.0,305.0
716.0,305.0
262.0,305.0
359.0,305.0
152.0,306.0
405.0,306.0
147.0,306.0
190.0,306.0
382.0,306.0
644.0,306.0
413.0,306.0
606.0,306.0
350.0,306.0
798.0,306.0
197.0,306.0
520.0,306.0
55.0,307.0
586.0,307.0
407.0,307.0
438.0,307.0
684.0,307.0
411.0,307.0
933.0,307.0
408.0,307.0
964.0,307.0
680.0,307.0
996.0,307.0
66.0,307.0
539.0,308.0
565.0,308.0
389.0,308.0
890.0,308.0
542.0,308.0
691.0,308.0
243.0,308.0
518.0,308.0
992.0,308.0
217.0,308.0
102.0,308.0
583.0,308.0
1011.0,309.0
868.0,309.0
832.0,309.0
646.0,309.0
248.0,309.0
722.0,309.0
717.0,309.0
433.0,309.0
587.0,309.0
942.0,309.0
110.0,309.0
278.0,309.0
806.0,310.0
304.0,310.0
96.0,310.0
245.0,310.0
178.0,310.0
169.0,310.0
368.0,310.0
268.0,310.0
873.0,310.0
440.0,310.0
13.0,310.0
701.0,310.0
580.0,311.0
991.0,311.0
468.0,311.0
128.0,311.0
564.0,311.0
726.0,311.0
106.0,311.0
425.0,311.0
967.0,311.0
819.0,311.0
431.0,311.0
132.0,311.0
14.0,312.0
483.0,312.0
568.0,312.0
939.0,312.0
454.0,312.0
901.0,312.0
347.0,312.0
761.0,312.0
812.0,312.0
578.0,312.0
600.0,312.0
851.0,312.0
684.0,313.0
78.0,313.0
670.0,313.0
760.0,313.0
220.0,313.0
531.0,313.0
970.0,313.0
668.0,313.0
754.0,313.0
420.0,313.0
1009.0,313.0
253.0,313.0
437.0,314.0
17.0,314.0
999.0,314.0
474.0,314.0
374.0,314.0
1004.0,314.0
328.0,314.0
958.0,314.0
878.0,314.0
97.0,314.0
131.0,314.0
439.0,314.0
527.0,315.0
185.0,315.0
91.0,315.0
159.0,315.0
220.0,315.0
941.0,315.0
87.0,315.0
63.0,315.0
211.0,315.0
5.0,315.0
832.0,315.0
293.0,315.0
490.0,316.0
278.0,316.0
71.0,316.0
567.0,316.0
338.0,316.0
145.0,316.0
109.0,316.0
197.0,316.0
370.0,316.0
1011.0,316.0
717.0,316.0
163.0,316.0
383.0,317.0
844.0,317.0
442.0,317.0
415.0,317.0
136.0,317.0
713.0,317.0
189.0,317.0
558.0,317.0
447.0,317.0
825.0,317.0
538.0,317.0
81.0,317.0
896.0,318.0
652.0,318.0
781.0,318.0
831.0,318.0
491.0,318.0
412.0,318.0
146.0,318.0
921.0,318.0
737.0,318.0
499.0,318.0
596.0,318.0
522.0,318.0
181.0,319.0
243.0,319.0
933.0,319.0
242.0,319.0
557.0,319.0
552.0,319.0
707.0,319.0
155.0,319.0
895.0,319.0
513.0,319.0
313.0,319.0
615.0,319.0
786.0,320.0
947.0,320.0
604.0,320.0
899.0,320.0
782.0,320.0
562.0,320.0
644.0,320.0
651.0,320.0
464.0,320.0
405.0,320.0
201.0,320.0
1015.0,320.0
450.0,321.0
878.0,321.0
717.0,321.0
71.0,321.0
68.0,321.0
184.0,321.0
282.0,321.0
192.0,321.0
1015.0,321.0
525.0,321.0
262.0,321.0
924.0,321.0
1003.0,322.0
104.0,322.0
387.0,322.0
941.0,322.0
922.0,322.0
969.0,322.0
9.0,322.0
264.0,322.0
982.0,322.0
823.0,322.0
629.0,322.0
993.0,322.0
344.0,323.0
76.0,323.0
874.0,323.0
638.0,323.0
436.0,323.0
557.0,323.0
393.0,323.0
156.0,323.0
231.0,323.0
463.0,323.0
690.0,323.0
108.0,323.0
155.0,324.0
489.0,324.0
910.0,324.0
759.0,324.0
582.0,324.0
682.0,324.0
634.0,324.0
901.0,324.0
416.0,324.0
997.0,324.0
650.0,324.0
751.0,324.0
715.0,325.0
1008.0,325.0
722.0,325.0
467.0,325.0
798.0,325.0
26.0,325.0
888.0,325.0
899.0,325.0
17.0,325.0
654.0,325.0
616.0,325.0
405.0,325.0
573.0,326.0
844.0,326.0
978.0,326.0
372.0,326.0
976.0,326.0
931.0,326.0
261.0,326.0
523.0,326.0
71.0,326.0
558.0,326.0
756.0,326.0
1019.0,326.0
440.0,327.0
973.0,327.0
167.0,327.0
683.0,327.0
989.0,327.0
75.0,327.0
790.0,327.0
522.0,327.0
291.0,327.0
856.0,327.0
120.0,327.0
515.0,327.0
405.0,328.0
596.0,328.0
560.0,328.0
638.0,328.0
947.0,328.0
461.0,328.0
980.0,328.0
417.0,328.0
958.0,328.0
500.0,328.0
654.0,328.0
841.0,328.0
862.0,329.0
705.0,329.0
839.0,329.0
449.0,329.0
803.0,329.0
24.0,329.0
131.0,329.0
890.0,329.0
429.0,329.0
906.0,329.0
735.0,329.0
743.0,329.0
29.0,330.0
961.0,330.0
597.0,330.0
291.0,330.0
954.0,330.0
117.0,330.0
887.0,330.0
304.0,330.0
554.0,330.0
115.0,330.0
958.0,330.0
163.0,330.0
795.0,331.0
307.0,331.0
491.0,331.0
586.0,331.0
533.0,331.0
56.0,331.0
558.0,331.0
756.0,331.0
861.0,331.0
749.0,331.0
361.0,331.0
531.0,331.0
261.0,332.0
655.0,332.0
276.0,332.0
950.0,332.0
687.0,332.0
1009.0,332.0
191.0,332.0
774.0,332.0
463.0,332.0
707.0,332.0
889.0,332.0
930.0,332.0
544.0,333.0
453.0,333.0
886.0,333.0
751.0,333.0
14.0,333.0
422.0,333.0
455.0,333.0
371.0,333.0
703.0,333.0
977.0,333.0
551.0,333.0
171.0,333.0
290.0,334.0
514.0,334.0
449.0,334.0
942.0,334.0
454.0,334.0
719.0,334.0
967.0,334.0
91.0,334.0
845.0,334.0
497.0,334.0
181.0,334.0
1031.0,334.0
784.0,335.0
95.0,335.0
554.0,335.0
176.0,335.0
570.0,335.0
910.0,335.0
865.0,335.0
862.0,335.0
977.0,335.0
719.0,335.0
73.0,335.0
378.0,335.0
754.0,336.0
731.0,336.0
427.0,336.0
417.0,336.0
659.0,336.0
991.0,336.0
981.0,336.0
550.0,336.0
765.0,336.0
1035.0,336.0
466.0,336.0
269.0,336.0
171.0,337.0
804.0,337.0
275.0,337.0
865.0,337.0
372.0,337.0
424.0,337.0
73.0,337.0
134.0,337.0
279.0,337.0
945.0,337.0
166.0,337.0
916.0,337.0
145.0,338.0
405.0,338.0
999.0,338.0
802.0,338.0
88.0,338.0
228.0,338.0
109.0,338.0
93.0,338.0
100.0,338.0
593.0,338.0
400.0,338.0
193.0,338.0
0.0,339.0
921.0,339.0
852.0,339.0
436.0,339.0
856.0,339.0
507.0,339.0
739.0,339.0
87.0,339.0
1008.0,339.0
219.0,339.0
210.0,339.0
672.0,339.0
849.0,340.0
633.0,340.0
997.0,340.0
302.0,340.0
731.0,340.0
81.0,340.0
623.0,340.0
307.0,340.0
876.0,340.0
548.0,340.0
758.0,340.0
268.0,340.0
203.0,341.0
809.0,341.0
912.0,341.0
161.0,341.0
757.0,341.0
552.0,341.0
879.0,341.0
652.0,341.0
414.0,341.0
172.0,341.0
776.0,341.0
765.0,341.0
484.0,342.0
668.0,342.0
574.0,342.0
705.0,342.0
754.0,342.0
559.0,342.0
240.0,342.0
499.0,342.0
48.0,342.0
541.0,342.0
38.0,342.0
466.0,342.0
900.0,343.0
845.0,343.0
712.0,343.0
970.0,343.0
981.0,343.0
235.0,343.0
971.0,343.0
584.0,343.0
80.0,343.0
303.0,343.0
621.0,343.0
7.0,343.0
44.0,344.0
295.0,344.0
74.0,344.0
612.0,344.0
609.0,344.0
355.0,344.0
340.0,344.0
178.0,344.0
23.0,344.0
929.0,344.0
688.0,344.0
172.0,344.0
347.0,345.0
540.0,345.0
166.0,345.0
916.0,345.0
703.0,345.0
587.0,345.0
811.0,345.0
162.0,345.0
102.0,345.0
312.0,345.0
722.0,345.0
24.0,345.0
294.0,346.0
410.0,346.0
265.0,346.0
29.0,346.0
36.0,346.0
886.0,346.0
731.0,346.0
256.0,346.0
897.0,346.0
673.0,346.0
496.0,346.0
60.0,346.0
24.0,347.0
432.0,347.0
692.0,347.0
801.0,347.0
793.0,347.0
308.0,347.0
924.0,347.0
491.0,347.0
505.0,347.0
693.0,347.0
917.0,347.0
100.0,347.0
490.0,348.0
896.0,348.0
654.0,348.0
390.0,348.0
259.0,348.0
230.0,348.0
626.0,348.0
152.0,348.0
644.0,348.0
382.0,348.0
285.0,348.0
888.0,348.0
717.0,349.0
348.0,349.0
270.0,349.0
900.0,349.0
449.0,349.0
888.0,349.0
722.0,349.0
351.0,349.0
958.0,349.0
847.0,349.0
395.0,349.0
137.0,349.0
305.0,350.0
991.0,350.0
899.0,350.0
491.0,350.0
776.0,350.0
843.0,350.0
720.0,350.0
644.0,350.0
448.0,350.0
1015.0,350.0
615.0,350.0
288.0,350.0
414.0,351.0
809.0,351.0
261.0,351.0
595.0,351.0
504.0,351.0
945.0,351.0
917.0,351.0
117.0,351.0
567.0,351.0
499.0,351.0
527.0,351.0
803.0,351.0
501.0,352.0
423.0,352.0
1003.0,352.0
155.0,352.0
486.0,352.0
334.0,352.0
742.0,352.0
440.0,352.0
802.0,352.0
387.0,352.0
922.0,352.0
762.0,352.0
482.0,353.0
976.0,353.0
785.0,353.0
965.0,353.0
183.0,353.0
1017.0,353.0
445.0,353.0
719.0,353.0
324.0,353.0
555.0,353.0
291.0,353.0
290.0,353.0
110.0,354.0
140.0,354.0
763.0,354.0
822.0,354.0
844.0,354.0
351.0,354.0
954.0,354.0
527.0,354.0
1008.0,354.0
329.0,354.0
94.0,354.0
400.0,354.0
824.0,355.0
621.0,355.0
761.0,355.0
381.0,355.0
218.0,355.0
39.0,355.0
303.0,355.0
810.0,355.0
379.0,355.0
399.0,355.0
535.0,355.0
160.0,355.0
404.0,356.0
50.0,356.0
191.0,356.0
694.0,356.0
792.0,356.0
1025.0,356.0
514.0,356.0
969.0,356.0
578.0,356.0
273.0,356.0
671.0,356.0
312.0,356.0
83.0,357.0
438.0,357.0
1031.0,357.0
170.0,357.0
853.0,357.0
78.0,357.0
563.0,357.0
56.0,357.0
130.0,357.0
959.0,357.0
944.0,357.0
686.0,357.0
667.0,358.0
90.0,358.0
448.0,358.0
782.0,358.0
800.0,358.0
122.0,358.0
865.0,358.0
406.0,358.0
995.0,358.0
545.0,358.0
885.0,358.0
937.0,358.0
188.0,359.0
559.0,359.0
592.0,359.0
926.0,359.0
929.0,359.0
856.0,359.0
172.0,359.0
786.0,359.0
874.0,359.0
713.0,359.0
125.0,359.0
32.0,359.0
554.0,360.0
165.0,360.0
66.0,360.0
785.0,360.0
290.0,360.0
542.0,360.0
287.0,360.0
354.0,360.0
208.0,360.0
965.0,360.0
566.0,360.0
609.0,360.0
973.0,361.0
959.0,361.0
902.0,361.0
672.0,361.0
976.0,361.0
319.0,361.0
564.0,361.0
384.0,361.0
815.0,361.0
1004.0,361.0
373.0,361.0
895.0,361.0
174.0,362.0
782.0,362.0
444.0,362.0
180.0,362.0
478.0,362.0
43.0,362.0
108.0,362.0
460.0,362.0
746.0,362.0
998.0,362.0
84.0,362.0
80.0,362.0
991.0,363.0
976.0,363.0
301.0,363.0
558.0,363.0
1011.0,363.0
830.0,363.0
374.0,363.0
683.0,363.0
625.0,363.0
946.0,363.0
57.0,363.0
718.0,363.0
208.0,364.0
414.0,364.0
582.0,364.0
334.0,364.0
46.0,364.0
791.0,364.0
166.0,364.0
552.0,364.0
663.0,364.0
693.0,364.0
354.0,364.0
216.0,364.0
606.0,365.0
19.0,365.0
341.0,365.0
841.0,365.0
583.0,365.0
782.0,365.0
771.0,365.0
242.0,365.0
382.0,365.0
1011.0,365.0
306.0,365.0
641.0,365.0
734.0,366.0
104.0,366.0
289.0,366.0
642.0,366.0
876.0,366.0
524.0,366.0
577.0,366.0
265.0,366.0
489.0,366.0
546.0,366.0
698.0,366.0
166.0,366.0
612.0,367.0
420.0,367.0
428.0,367.0
339.0,367.0
97.0,367.0
845.0,367.0
648.0,367.0
694.0,367.0
524.0,367.0
123.0,367.0
335.0,367.0
964.0,367.0
115.0,368.0
847.0,368.0
890.0,368.0
543.0,368.0
707.0,368.0
719.0,368.0
944.0,368.0
112.0,368.0
959.0,368.0
586.0,368.0
801.0,368.0
244.0,368.0
226.0,369.0
981.0,369.0
940.0,369.0
834.0,369.0
648.0,369.0
76.0,369.0
707.0,369.0
212.0,369.0
473.0,369.0
509.0,369.0
566.0,369.0
1015.0,369.0
445.0,370.0
182.0,370.0
691.0,370.0
868.0,370.0
537.0,370.0
56.0,370.0
357.0,370.0
299.0,370.0
430.0,370.0
781.0,370.0
707.0,370.0
944.0,370.0
138.0,371.0
803.0,371.0
330.0,371.0
625.0,371.0
866.0,371.0
103.0,371.0
905.0,371.0
942.0,371.0
301.0,371.0
47.0,371.0
1029.0,371.0
24.0,371.0
615.0,372.0
127.0,372.0
733.0,372.0
923.0,372.0
583.0,372.0
959.0,372.0
326.0,372.0
166.0,372.0
17.0,372.0
513.0,372.0
664.0,372.0
548.0,372.0
96.0,373.0
444.0,373.0
389.0,373.0
419.0,373.0
116.0,373.0
723.0,373.0
981.0,373.0
893.0,373.0
285.0,373.0
650.0,373.0
270.0,373.0
212.0,373.0
292.0,374.0
778.0,374.0
545.0,374.0
592.0,374.0
543.0,374.0
241.0,374.0
565.0,374.0
165.0,374.0
331.0,374.0
214.0,374.0
554.0,374.0
497.0,374.0
21.0,375.0
89.0,375.0
957.0,375.0
1015.0,375.0
282.0,375.0
606.0,375.0
877.0,375.0
403.0,375.0
723.0,375.0
239.0,375.0
405.0,375.0
588.0,375.0
920.0,376.0
118.0,376.0
195.0,376.0
187.0,376.0
671.0,376.0
392.0,376.0
789.0,376.0
52.0,376.0
544.0,376.0
653.0,376.0
87.0,376.0
557.0,376.0
163.0,377.0
977.0,377.0
578.0,377.0
257.0,377.0
713.0,377.0
840.0,377.0
931.0,377.0
138.0,377.0
216.0,377.0
623.0,377.0
608.0,377.0
568.0,377.0
556.0,378.0
9.0,378.0
670.0,378.0
157.0,378.0
887.0,378.0
559.0,378.0
913.0,378.0
565.0,378.0
1030.0,378.0
187.0,378.0
218.0,378.0
57.0,378.0
810.0,379.0
985.0,379.0
508.0,379.0
273.0,379.0
402.0,379.0
772.0,379.0
70.0,379.0
346.0,379.0
135.0,379.0
990.0,379.0
963.0,379.0
183.0,379.0
756.0,380.0
890.0,380.0
1020.0,380.0
61.0,380.0
363.0,380.0
95.0,380.0
370.0,380.0
308.0,380.0
287.0,380.0
668.0,380.0
56.0,380.0
605.0,380.0
963.0,381.0
819.0,381.0
135.0,381.0
478.0,381.0
399.0,381.0
967.0,381.0
1005.0,381.0
370.0,381.0
826.0,381.0
656.0,381.0
580.0,381.0
613.0,381.0
466.0,382.0
654.0,382.0
958.0,382.0
771.0,382.0
26.0,382.0
562.0,382.0
325.0,382.0
305.0,382.0
768.0,382.0
676.0,382.0
152.0,382.0
1015.0,382.0
919.0,383.0
546.0,383.0
976.0,383.0
206.0,383.0
96.0,383.0
442.0,383.0
539.0,383.0
974.0,383.0
994.0,383.0
729.0,383.0
75.0,383.0
343.0,383.0
23.0,384.0
369.0,384.0
280.0,384.0
82.0,384.0
670.0,384.0
923.0,384.0
866.0,384.0
711.0,384.0
238.0,384.0
80.0,384.0
702.0,384.0
317.0,384.0
450.0,385.0
804.0,385.0
854.0,385.0
182.0,385.0
998.0,385.0
914.0,385.0
267.0,385.0
827.0,385.0
745.0,385.0
487.0,385.0
174.0,385.0
368.0,385.0
509.0,386.0
85.0,386.0
472.0,386.0
150.0,386.0
413.0,386.0
818.0,386.0
185.0,386.0
622.0,386.0
452.0,386.0
446.0,386.0
870.0,386.0
495.0,386.0
208.0,387.0
690.0,387.0
59.0,387.0
836.0,387.0
170.0,387.0
828.0,387.0
351.0,387.0
639.0,387.0
935.0,387.0
1012.0,387.0
232.0,387.0
449.0,387.0
567.0,388.0
564.0,388.0
108.0,388.0
878.0,388.0
456.0,388.0
758.0,388.0
611.0,388.0
68.0,388.0
180.0,388.0
719.0,388.0
986.0,388.0
389.0,388.0
139.0,389.0
48.0,389.0
707.0,389.0
895.0,389.0
451.0,389.0
513.0,389.0
372.0,389.0
490.0,389.0
107.0,389.0
68.0,389.0
449.0,389.0
216.0,389.0
685.0,390.0
469.0,390.0
197.0,390.0
595.0,390.0
61.0,390.0
720.0,390.0
101.0,390.0
321.0,390.0
538.0,390.0
348.0,390.0
988.0,390.0
878.0,390.0
260.0,391.0
118.0,391.0
141.0,391.0
568.0,391.0
36.0,391.0
557.0,391.0
202.0,391.0
76.0,391.0
544.0,391.0
34.0,391.0
454.0,391.0
817.0,391.0
554.0,392.0
195.0,392.0
672.0,392.0
505.0,392.0
376.0,392.0
124.0,392.0
302.0,392.0
657.0,392.0
14.0,392.0
578.0,392.0
324.0,392.0
906.0,392.0
209.0,393.0
849.0,393.0
618.0,393.0
565.0,393.0
77.0,393.0
825.0,393.0
118.0,393.0
202.0,393.0
738.0,393.0
673.0,393.0
60.0,393.0
36.0,393.0
110.0,394.0
200.0,394.0
157.0,394.0
689.0,394.0
316.0,394.0
924.0,394.0
763.0,394.0
675.0,394.0
437.0,394.0
171.0,394.0
425.0,394.0
490.0,394.0
944.0,395.0
852.0,395.0
830.0,395.0
307.0,395.0
651.0,395.0
524.0,395.0
756.0,395.0
496.0,395.0
30.0,395.0
736.0,395.0
473.0,395.0
44.0,395.0
467.0,396.0
426.0,396.0
411.0,396.0
792.0,396.0
337.0,396.0
743.0,396.0
581.0,396.0
909.0,396.0
542.0,396.0
622.0,396.0
933.0,396.0
651.0,396.0
866.0,397.0
458.0,397.0
867.0,397.0
20.0,397.0
923.0,397.0
826.0,397.0
484.0,397.0
821.0,397.0
615.0,397.0
670.0,397.0
596.0,397.0
829.0,397.0
62.0,398.0
796.0,398.0
296.0,398.0
561.0,398.0
572.0,398.0
972.0,398.0
458.0,398.0
100.0,398.0
968.0,398.0
950.0,398.0
357.0,398.0
200.0,398.0
535.0,399.0
258.0,399.0
108.0,399.0
421.0,399.0
940.0,399.0
569.0,399.0
373.0,399.0
1029.0,399.0
819.0,399.0
379.0,399.0
603.0,399.0
404.0,399.0
972.0,400.0
97.0,400.0
840.0,400.0
293.0,400.0
121.0,400.0
137.0,400.0
689.0,400.0
225.0,400.0
430.0,400.0
216.0,400.0
694.0,400.0
700.0,400.0
831.0,401.0
279.0,401.0
317.0,401.0
285.0,401.0
880.0,401.0
827.0,401.0
156.0,401.0
953.0,401.0
90.0,401.0
508.0,401.0
843.0,401.0
384.0,401.0
76.0,402.0
511.0,402.0
265.0,402.0
532.0,402.0
480.0,402.0
77.0,402.0
272.0,402.0
741.0,402.0
673.0,402.0
228.0,402.0
36.0,402.0
619.0,402.0
588.0,403.0
152.0,403.0
321.0,403.0
451.0,403.0
120.0,403.0
562.0,403.0
947.0,403.0
128.0,403.0
382.0,403.0
679.0,403.0
132.0,403.0
828.0,403.0
85.0,404.0
252.0,404.0
944.0,404.0
216.0,404.0
547.0,404.0
490.0,404.0
887.0,404.0
878.0,404.0
187.0,404.0
862.0,404.0
865.0,404.0
677.0,404.0
980.0,405.0
606.0,405.0
614.0,405.0
287.0,405.0
879.0,405.0
382.0,405.0
254.0,405.0
320.0,405.0
510.0,405.0
292.0,405.0
998.0,405.0
494.0,405.0
776.0,406.0
108.0,406.0
468.0,406.0
405.0,406.0
987.0,406.0
477.0,406.0
892.0,406.0
1022.0,406.0
750.0,406.0
899.0,406.0
799.0,406.0
562.0,406.0
524.0,407.0
777.0,407.0
291.0,407.0
976.0,407.0
942.0,407.0
889.0,407.0
395.0,407.0
475.0,407.0
805.0,407.0
288.0,407.0
107.0,407.0
226.0,407.0
296.0,408.0
777.0,408.0
874.0,408.0
576.0,408.0
683.0,408.0
954.0,408.0
944.0,408.0
667.0,408.0
228.0,408.0
59.0,408.0
61.0,408.0
583.0,408.0
641.0,409.0
6.0,409.0
786.0,409.0
782.0,409.0
588.0,409.0
470.0,409.0
128.0,409.0
173.0,409.0
717.0,409.0
966.0,409.0
425.0,409.0
238.0,409.0
984.0,410.0
183.0,410.0
965.0,410.0
213.0,410.0
949.0,410.0
962.0,410.0
747.0,410.0
772.0,410.0
598.0,410.0
222.0,410.0
670.0,410.0
455.0,410.0
743.0,411.0
840.0,411.0
322.0,411.0
942.0,411.0
70.0,411.0
168.0,411.0
638.0,411.0
830.0,411.0
747.0,411.0
516.0,411.0
359.0,411.0
785.0,411.0
724.0,412.0
830.0,412.0
754.0,412.0
902.0,412.0
942.0,412.0
493.0,412.0
523.0,412.0
799.0,412.0
420.0,412.0
310.0,412.0
857.0,412.0
715.0,412.0
225.0,413.0
717.0,413.0
868.0,413.0
1011.0,413.0
109.0,413.0
1026.0,413.0
248.0,413.0
561.0,413.0
1002.0,413.0
308.0,413.0
826.0,413.0
707.0,413.0
672.0,414.0
820.0,414.0
945.0,414.0
835.0,414.0
57.0,414.0
198.0,414.0
721.0,414.0
664.0,414.0
299.0,414.0
165.0,414.0
154.0,414.0
339.0,414.0
397.0,415.0
215.0,415.0
80.0,415.0
919.0,415.0
287.0,415.0
470.0,415.0
625.0,415.0
220.0,415.0
17.0,415.0
876.0,415.0
420.0,415.0
475.0,415.0
667.0,416.0
473.0,416.0
920.0,416.0
165.0,416.0
275.0,416.0
1017.0,416.0
721.0,416.0
210.0,416.0
565.0,416.0
636.0,416.0
753.0,416.0
928.0,416.0
627.0,417.0
1012.0,417.0
998.0,417.0
932.0,417.0
933.0,417.0
68.0,417.0
187.0,417.0
336.0,417.0
328.0,417.0
648.0,417.0
948.0,417.0
1019.0,417.0
112.0,418.0
581.0,418.0
140.0,418.0
901.0,418.0
560.0,418.0
754.0,418.0
870.0,418.0
722.0,418.0
452.0,418.0
95.0,418.0
250.0,418.0
953.0,418.0
11.0,419.0
112.0,419.0
355.0,419.0
995.0,419.0
122.0,419.0
102.0,419.0
447.0,419.0
826.0,419.0
619.0,419.0
589.0,419.0
624.0,419.0
234.0,419.0
268.0,420.0
715.0,420.0
925.0,420.0
165.0,420.0
922.0,420.0
267.0,420.0
83.0,420.0
913.0,420.0
507.0,420.0
79.0,420.0
533.0,420.0
501.0,420.0
942.0,421.0
475.0,421.0
206.0,421.0
893.0,421.0
412.0,421.0
144.0,421.0
450.0,421.0
179.0,421.0
745.0,421.0
862.0,421.0
188.0,421.0
384.0,421.0
223.0,422.0
891.0,422.0
949.0,422.0
366.0,422.0
690.0,422.0
961.0,422.0
812.0,422.0
541.0,422.0
471.0,422.0
598.0,422.0
792.0,422.0
472.0,422.0
803.0,423.0
4.0,423.0
925.0,423.0
608.0,423.0
570.0,423.0
274.0,423.0
868.0,423.0
389.0,423.0
1007.0,423.0
692.0,423.0
261.0,423.0
242.0,423.0
469.0,424.0
553.0,424.0
121.0,424.0
386.0,424.0
770.0,424.0
185.0,424.0
414.0,424.0
712.0,424.0
836.0,424.0
674.0,424.0
842.0,424.0
509.0,424.0
267.0,425.0
797.0,425.0
665.0,425.0
614.0,425.0
720.0,425.0
526.0,425.0
488.0,425.0
448.0,425.0
106.0,425.0
1016.0,425.0
478.0,425.0
1022.0,425.0
357.0,426.0
49.0,426.0
927.0,426.0
506.0,426.0
791.0,426.0
171.0,426.0
1010.0,426.0
8.0,426.0
864.0,426.0
264.0,426.0
823.0,426.0
941.0,426.0
343.0,427.0
719.0,427.0
191.0,427.0
1031.0,427.0
107.0,427.0
845.0,427.0
837.0,427.0
659.0,427.0
290.0,427.0
430.0,427.0
1035.0,427.0
0.0,427.0
265.0,428.0
435.0,428.0
525.0,428.0
627.0,428.0
977.0,428.0
344.0,428.0
605.0,428.0
367.0,428.0
575.0,428.0
257.0,428.0
430.0,428.0
682.0,428.0
24.0,429.0
871.0,429.0
993.0,429.0
483.0,429.0
57.0,429.0
549.0,429.0
422.0,429.0
105.0,429.0
525.0,429.0
818.0,429.0
823.0,429.0
694.0,429.0
268.0,430.0
55.0,430.0
150.0,430.0
732.0,430.0
107.0,430.0
308.0,430.0
408.0,430.0
329.0,430.0
120.0,430.0
843.0,430.0
115.0,430.0
929.0,430.0
558.0,431.0
318.0,431.0
651.0,431.0
744.0,431.0
667.0,431.0
530.0,431.0
286.0,431.0
115.0,431.0
805.0,431.0
208.0,431.0
731.0,431.0
887.0,431.0
517.0,432.0
345.0,432.0
244.0,432.0
347.0,432.0
1.0,432.0
540.0,432.0
793.0,432.0
578.0,432.0
505.0,432.0
485.0,432.0
647.0,432.0
627.0,432.0
850.0,433.0
308.0,433.0
685.0,433.0
617.0,433.0
680.0,433.0
389.0,433.0
735.0,433.0
117.0,433.0
628.0,433.0
576.0,433.0
469.0,433.0
48.0,433.0
729.0,434.0
670.0,434.0
273.0,434.0
289.0,434.0
78.0,434.0
618.0,434.0
919.0,434.0
651.0,434.0
731.0,434.0
954.0,434.0
370.0,434.0
175.0,434.0
729.0,435.0
714.0,435.0
489.0,435.0
666.0,435.0
393.0,435.0
920.0,435.0
391.0,435.0
945.0,435.0
634.0,435.0
366.0,435.0
983.0,435.0
901.0,435.0
126.0,436.0
583.0,436.0
280.0,436.0
32.0,436.0
970.0,436.0
625.0,436.0
9.0,436.0
718.0,436.0
856.0,436.0
4.0,436.0
431.0,436.0
860.0,436.0
249.0,437.0
735.0,437.0
209.0,437.0
10.0,437.0
802.0,437.0
559.0,437.0
841.0,437.0
177.0,437.0
292.0,437.0
689.0,437.0
576.0,437.0
63.0,437.0
890.0,438.0
159.0,438.0
804.0,438.0
996.0,438.0
844.0,438.0
877.0,438.0
430.0,438.0
554.0,438.0
283.0,438.0
374.0,438.0
116.0,438.0
431.0,438.0
777.0,439.0
500.0,439.0
868.0,439.0
924.0,439.0
209.0,439.0
606.0,439.0
167.0,439.0
1023.0,439.0
737.0,439.0
903.0,439.0
561.0,439.0
17.0,439.0
163.0,440.0
581.0,440.0
417.0,440.0
894.0,440.0
838.0,440.0
566.0,440.0
454.0,440.0
883.0,440.0
992.0,440.0
494.0,440.0
235.0,440.0
989.0,440.0
456.0,441.0
249.0,441.0
999.0,441.0
561.0,441.0
347.0,441.0
248.0,441.0
110.0,441.0
579.0,441.0
593.0,441.0
165.0,441.0
567.0,441.0
988.0,441.0
67.0,442.0
894.0,442.0
971.0,442.0
206.0,442.0
754.0,442.0
332.0,442.0
307.0,442.0
916.0,442.0
163.0,442.0
933.0,442.0
82.0,442.0
818.0,442.0
135.0,443.0
619.0,443.0
759.0,443.0
172.0,443.0
23.0,443.0
833.0,443.0
804.0,443.0
380.0,443.0
938.0,443.0
496.0,443.0
378.0,443.0
589.0,443.0
757.0,444.0
522.0,444.0
913.0,444.0
478.0,444.0
985.0,444.0
914.0,444.0
996.0,444.0
893.0,444.0
388.0,444.0
618.0,444.0
998.0,444.0
863.0,444.0
47.0,445.0
755.0,445.0
620.0,445.0
646.0,445.0
824.0,445.0
126.0,445.0
737.0,445.0
80.0,445.0
269.0,445.0
493.0,445.0
415.0,445.0
652.0,445.0
597.0,446.0
972.0,446.0
1014.0,446.0
813.0,446.0
55.0,446.0
1021.0,446.0
509.0,446.0
278.0,446.0
561.0,446.0
693.0,446.0
347.0,446.0
567.0,446.0
824.0,447.0
952.0,447.0
77.0,447.0
532.0,447.0
536.0,447.0
661.0,447.0
858.0,447.0
911.0,447.0
37.0,447.0
324.0,447.0
673.0,447.0
743.0,447.0
583.0,448.0
311.0,448.0
691.0,448.0
585.0,448.0
757.0,448.0
885.0,448.0
892.0,448.0
510.0,448.0
659.0,448.0
477.0,448.0
745.0,448.0
419.0,448.0
456.0,449.0
42.0,449.0
87.0,449.0
163.0,449.0
853.0,449.0
538.0,449.0
168.0,449.0
296.0,449.0
878.0,449.0
705.0,449.0
629.0,449.0
264.0,449.0
857.0,450.0
718.0,450.0
368.0,450.0
603.0,450.0
389.0,450.0
715.0,450.0
827.0,450.0
29.0,450.0
869.0,450.0
543.0,450.0
243.0,450.0
80.0,450.0
131.0,451.0
314.0,451.0
120.0,451.0
576.0,451.0
802.0,451.0
689.0,451.0
682.0,451.0
841.0,451.0
878.0,451.0
54.0,451.0
306.0,451.0
92.0,451.0
1023.0,452.0
512.0,452.0
917.0,452.0
354.0,452.0
456.0,452.0
572.0,452.0
796.0,452.0
918.0,452.0
177.0,452.0
429.0,452.0
278.0,452.0
1018.0,452.0
788.0,453.0
194.0,453.0
171.0,453.0
260.0,453.0
202.0,453.0
949.0,453.0
416.0,453.0
301.0,453.0
420.0,453.0
322.0,453.0
454.0,453.0
44.0,453.0
552.0,454.0
657.0,454.0
324.0,454.0
353.0,454.0
1028.0,454.0
743.0,454.0
783.0,454.0
223.0,454.0
435.0,454.0
806.0,454.0
636.0,454.0
300.0,454.0
291.0,455.0
75.0,455.0
279.0,455.0
996.0,455.0
670.0,455.0
747.0,455.0
659.0,455.0
953.0,455.0
638.0,455.0
678.0,455.0
928.0,455.0
832.0,455.0
760.0,456.0
607.0,456.0
244.0,456.0
145.0,456.0
187.0,456.0
341.0,456.0
972.0,456.0
286.0,456.0
132.0,456.0
232.0,456.0
832.0,456.0
97.0,456.0
544.0,457.0
906.0,457.0
355.0,457.0
370.0,457.0
898.0,457.0
838.0,457.0
657.0,457.0
873.0,457.0
690.0,457.0
245.0,457.0
910.0,457.0
755.0,457.0
145.0,458.0
198.0,458.0
601.0,458.0
959.0,458.0
152.0,458.0
499.0,458.0
109.0,458.0
987.0,458.0
397.0,458.0
132.0,458.0
349.0,458.0
561.0,458.0
40.0,459.0
676.0,459.0
669.0,459.0
306.0,459.0
121.0,459.0
716.0,459.0
43.0,459.0
409.0,459.0
464.0,459.0
588.0,459.0
617.0,459.0
28.0,459.0
839.0,460.0
336.0,460.0
226.0,460.0
880.0,460.0
980.0,460.0
592.0,460.0
82.0,460.0
320.0,460.0
892.0,460.0
425.0,460.0
406.0,460.0
869.0,460.0
567.0,461.0
65.0,461.0
695.0,461.0
314.0,461.0
628.0,461.0
161.0,461.0
853.0,461.0
209.0,461.0
907.0,461.0
1026.0,461.0
728.0,461.0
793.0,461.0
92.0,462.0
24.0,462.0
164.0,462.0
832.0,462.0
710.0,462.0
31.0,462.0
420.0,462.0
339.0,462.0
762.0,462.0
658.0,462.0
428.0,462.0
989.0,462.0
1014.0,463.0
166.0,463.0
203.0,463.0
479.0,463.0
786.0,463.0
235.0,463.0
1016.0,463.0
668.0,463.0
967.0,463.0
599.0,463.0
587.0,463.0
187.0,463.0
795.0,464.0
250.0,464.0
69.0,464.0
867.0,464.0
236.0,464.0
2.0,464.0
614.0,464.0
508.0,464.0
294.0,464.0
475.0,464.0
960.0,464.0
168.0,464.0
447.0,465.0
415.0,465.0
528.0,465.0
641.0,465.0
797.0,465.0
621.0,465.0
455.0,465.0
937.0,465.0
460.0,465.0
311.0,465.0
148.0,465.0
750.0,465.0
356.0,466.0
881.0,466.0
1003.0,466.0
531.0,466.0
710.0,466.0
837.0,466.0
934.0,466.0
670.0,466.0
415.0,466.0
942.0,466.0
176.0,466.0
695.0,466.0
553.0,467.0
198.0,467.0
123.0,467.0
762.0,467.0
364.0,467.0
431.0,467.0
879.0,467.0
892.0,467.0
939.0,467.0
950.0,467.0
790.0,467.0
888.0,467.0
676.0,468.0
409.0,468.0
182.0,468.0
596.0,468.0
406.0,468.0
184.0,468.0
350.0,468.0
113.0,468.0
571.0,468.0
797.0,468.0
843.0,468.0
970.0,468.0
708.0,469.0
25.0,469.0
394.0,469.0
1014.0,469.0
65.0,469.0
143.0,469.0
89.0,469.0
620.0,469.0
409.0,469.0
500.0,469.0
1016.0,469.0
987.0,469.0
47.0,470.0
75.0,470.0
799.0,470.0
89.0,470.0
964.0,470.0
254.0,470.0
552.0,470.0
559.0,470.0
592.0,470.0
193.0,470.0
569.0,470.0
59.0,470.0
52.0,471.0
34.0,471.0
560.0,471.0
124.0,471.0
529.0,471.0
426.0,471.0
982.0,471.0
851.0,471.0
678.0,471.0
505.0,471.0
691.0,471.0
551.0,471.0
560.0,472.0
856.0,472.0
429.0,472.0
76.0,472.0
873.0,472.0
887.0,472.0
130.0,472.0
42.0,472.0
916.0,472.0
233.0,472.0
870.0,472.0
749.0,472.0
834.0,473.0
416.0,473.0
565.0,473.0
221.0,473.0
127.0,473.0
307.0,473.0
361.0,473.0
417.0,473.0
501.0,473.0
662.0,473.0
583.0,473.0
491.0,473.0
264.0,474.0
870.0,474.0
162.0,474.0
53.0,474.0
905.0,474.0
133.0,474.0
347.0,474.0
351.0,474.0
968.0,474.0
1033.0,474.0
622.0,474.0
225.0,474.0
618.0,475.0
192.0,475.0
774.0,475.0
777.0,475.0
855.0,475.0
346.0,475.0
611.0,475.0
707.0,475.0
54.0,475.0
193.0,475.0
67.0,475.0
122.0,475.0
45.0,476.0
140.0,476.0
882.0,476.0
568.0,476.0
793.0,476.0
331.0,476.0
801.0,476.0
927.0,476.0
396.0,476.0
229.0,476.0
742.0,476.0
834.0,476.0
608.0,477.0
128.0,477.0
860.0,477.0
431.0,477.0
508.0,477.0
595.0,477.0
360.0,477.0
536.0,477.0
1009.0,477.0
646.0,477.0
914.0,477.0
613.0,477.0
169.0,478.0
381.0,478.0
819.0,478.0
90.0,478.0
207.0,478.0
723.0,478.0
69.0,478.0
480.0,478.0
765.0,478.0
358.0,478.0
379.0,478.0
974.0,478.0
279.0,479.0
424.0,479.0
791.0,479.0
335.0,479.0
431.0,479.0
959.0,479.0
165.0,479.0
226.0,479.0
558.0,479.0
925.0,479.0
736.0,479.0
890.0,479.0
64.0,480.0
310.0,480.0
263.0,480.0
288.0,480.0
657.0,480.0
431.0,480.0
649.0,480.0
2.0,480.0
929.0,480.0
246.0,480.0
465.0,480.0
696.0,480.0
628.0,481.0
522.0,481.0
497.0,481.0
101.0,481.0
374.0,481.0
791.0,481.0
389.0,481.0
701.0,481.0
516.0,481.0
509.0,481.0
330.0,481.0
748.0,481.0
681.0,482.0
566.0,482.0
151.0,482.0
228.0,482.0
546.0,482.0
138.0,482.0
366.0,482.0
231.0,482.0
642.0,482.0
652.0,482.0
168.0,482.0
523.0,482.0
650.0,483.0
25.0,483.0
640.0,483.0
256.0,483.0
517.0,483.0
683.0,483.0
76.0,483.0
493.0,483.0
507.0,483.0
772.0,483.0
710.0,483.0
334.0,483.0
756.0,484.0
190.0,484.0
248.0,484.0
68.0,484.0
735.0,484.0
760.0,484.0
161.0,484.0
669.0,484.0
204.0,484.0
839.0,484.0
120.0,484.0
726.0,484.0
199.0,485.0
822.0,485.0
293.0,485.0
838.0,485.0
806.0,485.0
264.0,485.0
829.0,485.0
677.0,485.0
492.0,485.0
45.0,485.0
950.0,485.0
456.0,485.0
832.0,486.0
855.0,486.0
123.0,486.0
705.0,486.0
364.0,486.0
57.0,486.0
395.0,486.0
839.0,486.0
931.0,486.0
577.0,486.0
150.0,486.0
863.0,486.0
478.0,487.0
114.0,487.0
258.0,487.0
409.0,487.0
893.0,487.0
64.0,487.0
381.0,487.0
362.0,487.0
995.0,487.0
1032.0,487.0
645.0,487.0
800.0,487.0
649.0,488.0
362.0,488.0
724.0,488.0
885.0,488.0
385.0,488.0
448.0,488.0
543.0,488.0
358.0,488.0
535.0,488.0
460.0,488.0
819.0,488.0
405.0,488.0
450.0,489.0
260.0,489.0
422.0,489.0
183.0,489.0
895.0,489.0
688.0,489.0
873.0,489.0
216.0,489.0
273.0,489.0
556.0,489.0
60.0,489.0
910.0,489.0
556.0,490.0
599.0,490.0
595.0,490.0
298.0,490.0
522.0,490.0
372.0,490.0
566.0,490.0
869.0,490.0
868.0,490.0
65.0,490.0
778.0,490.0
880.0,490.0
146.0,491.0
224.0,491.0
894.0,491.0
948.0,491.0
553.0,491.0
531.0,491.0
107.0,491.0
189.0,491.0
269.0,491.0
377.0,491.0
130.0,491.0
973.0,491.0
605.0,492.0
698.0,492.0
840.0,492.0
171.0,492.0
864.0,492.0
916.0,492.0
558.0,492.0
907.0,492.0
219.0,492.0
110.0,492.0
583.0,492.0
547.0,492.0
1005.0,493.0
592.0,493.0
154.0,493.0
226.0,493.0
564.0,493.0
294.0,493.0
380.0,493.0
318.0,493.0
125.0,493.0
945.0,493.0
4.0,493.0
130.0,493.0
79.0,494.0
565.0,494.0
904.0,494.0
652.0,494.0
748.0,494.0
591.0,494.0
150.0,494.0
925.0,494.0
133.0,494.0
597.0,494.0
659.0,494.0
852.0,494.0
653.0,495.0
312.0,495.0
302.0,495.0
905.0,495.0
700.0,495.0
671.0,495.0
909.0,495.0
829.0,495.0
610.0,495.0
686.0,495.0
603.0,495.0
898.0,495.0
829.0,496.0
1013.0,496.0
666.0,496.0
60.0,496.0
323.0,496.0
317.0,496.0
156.0,496.0
391.0,496.0
165.0,496.0
502.0,496.0
35.0,496.0
807.0,496.0
123.0,497.0
736.0,497.0
683.0,497.0
107.0,497.0
356.0,497.0
57.0,497.0
805.0,497.0
862.0,497.0
292.0,497.0
926.0,497.0
912.0,497.0
866.0,497.0
1025.0,498.0
982.0,498.0
840.0,498.0
46.0,498.0
690.0,498.0
900.0,498.0
889.0,498.0
921.0,498.0
807.0,498.0
216.0,498.0
1013.0,498.0
597.0,498.0
512.0,499.0
470.0,499.0
50.0,499.0
863.0,499.0
614.0,499.0
603.0,499.0
895.0,499.0
894.0,499.0
795.0,499.0
805.0,499.0
879.0,499.0
596.0,499.0
894.0,500.0
6.0,500.0
313.0,500.0
117.0,500.0
629.0,500.0
252.0,500.0
349.0,500.0
424.0,500.0
905.0,500.0
722.0,500.0
595.0,500.0
166.0,500.0
97.0,501.0
603.0,501.0
497.0,501.0
334.0,501.0
571.0,501.0
749.0,501.0
218.0,501.0
309.0,501.0
370.0,501.0
67.0,501.0
78.0,501.0
351.0,501.0
507.0,502.0
970.0,502.0
138.0,502.0
635.0,502.0
546.0,502.0
532.0,502.0
235.0,502.0
273.0,502.0
969.0,502.0
1028.0,502.0
163.0,502.0
52.0,502.0
665.0,503.0
134.0,503.0
280.0,503.0
736.0,503.0
647.0,503.0
244.0,503.0
636.0,503.0
634.0,503.0
513.0,503.0
806.0,503.0
498.0,503.0
497.0,503.0
143.0,504.0
954.0,504.0
491.0,504.0
1005.0,504.0
395.0,504.0
220.0,504.0
203.0,504.0
756.0,504.0
737.0,504.0
38.0,504.0
231.0,504.0
620.0,504.0
134.0,505.0
840.0,505.0
751.0,505.0
597.0,505.0
856.0,505.0
396.0,505.0
905.0,505.0
133.0,505.0
377.0,505.0
471.0,505.0
984.0,505.0
38.0,505.0
20.0,506.0
498.0,506.0
99.0,506.0
852.0,506.0
162.0,506.0
587.0,506.0
967.0,506.0
527.0,506.0
521.0,506.0
677.0,506.0
45.0,506.0
873.0,506.0
683.0,507.0
729.0,507.0
570.0,507.0
175.0,507.0
1035.0,507.0
378.0,507.0
307.0,507.0
960.0,507.0
269.0,507.0
288.0,507.0
928.0,507.0
1007.0,507.0
757.0,508.0
79.0,508.0
580.0,508.0
943.0,508.0
844.0,508.0
827.0,508.0
720.0,508.0
786.0,508.0
510.0,508.0
373.0,508.0
9.0,508.0
804.0,508.0
767.0,509.0
1016.0,509.0
836.0,509.0
628.0,509.0
264.0,509.0
732.0,509.0
708.0,509.0
651.0,509.0
713.0,509.0
354.0,509.0
630.0,509.0
655.0,509.0
508.0,510.0
132.0,510.0
804.0,510.0
174.0,510.0
470.0,510.0
282.0,510.0
488.0,510.0
281.0,510.0
615.0,510.0
385.0,510.0
20.0,510.0
285.0,510.0
246.0,511.0
410.0,511.0
407.0,511.0
294.0,511.0
987.0,511.0
536.0,511.0
151.0,511.0
788.0,511.0
353.0,511.0
84.0,511.0
848.0,511.0
819.0,511.0
436.0,512.0
210.0,512.0
481.0,512.0
697.0,512.0
691.0,512.0
477.0,512.0
1003.0,512.0
56.0,512.0
540.0,512.0
1009.0,512.0
571.0,512.0
176.0,512.0
221.0,513.0
12.0,513.0
584.0,513.0
640.0,513.0
997.0,513.0
969.0,513.0
176.0,513.0
167.0,513.0
972.0,513.0
371.0,513.0
687.0,513.0
778.0,513.0
308.0,514.0
668.0,514.0
392.0,514.0
977.0,514.0
921.0,514.0
808.0,514.0
103.0,514.0
801.0,514.0
204.0,514.0
1029.0,514.0
609.0,514.0
964.0,514.0
946.0,515.0
363.0,515.0
773.0,515.0
196.0,515.0
1000.0,515.0
662.0,515.0
711.0,515.0
127.0,515.0
756.0,515.0
985.0,515.0
151.0,515.0
212.0,515.0
742.0,516.0
165.0,516.0
442.0,516.0
242.0,516.0
290.0,516.0
453.0,516.0
701.0,516.0
27.0,516.0
361.0,516.0
522.0,516.0
219.0,516.0
94.0,516.0
99.0,517.0
277.0,517.0
187.0,517.0
131.0,517.0
830.0,517.0
158.0,517.0
292.0,517.0
993.0,517.0
157.0,517.0
364.0,517.0
4.0,517.0
839.0,517.0
210.0,518.0
648.0,518.0
380.0,518.0
413.0,518.0
209.0,518.0
599.0,518.0
93.0,518.0
326.0,518.0
382.0,518.0
603.0,518.0
715.0,518.0
200.0,518.0
610.0,519.0
136.0,519.0
548.0,519.0
36.0,519.0
858.0,519.0
1005.0,519.0
1001.0,519.0
673.0,519.0
645.0,519.0
35.0,519.0
272.0,519.0
303.0,519.0
348.0,520.0
850.0,520.0
669.0,520.0
1015.0,520.0
282.0,520.0
588.0,520.0
161.0,520.0
459.0,520.0
147.0,520.0
676.0,520.0
433.0,520.0
899.0,520.0
993.0,521.0
140.0,521.0
476.0,521.0
542.0,521.0
418.0,521.0
227.0,521.0
927.0,521.0
199.0,521.0
577.0,521.0
602.0,521.0
505.0,521.0
99.0,521.0
824.0,522.0
543.0,522.0
584.0,522.0
603.0,522.0
928.0,522.0
175.0,522.0
914.0,522.0
887.0,522.0
479.0,522.0
599.0,522.0
845.0,522.0
283.0,522.0
238.0,523.0
33.0,523.0
394.0,523.0
160.0,523.0
275.0,523.0
855.0,523.0
536.0,523.0
73.0,523.0
9.0,523.0
265.0,523.0
478.0,523.0
893.0,523.0
87.0,524.0
6.0,524.0
408.0,524.0
744.0,524.0
241.0,524.0
193.0,524.0
331.0,524.0
683.0,524.0
197.0,524.0
33.0,524.0
931.0,524.0
803.0,524.0
1009.0,525.0
502.0,525.0
977.0,525.0
227.0,525.0
181.0,525.0
785.0,525.0
356.0,525.0
492.0,525.0
517.0,525.0
916.0,525.0
55.0,525.0
194.0,525.0
952.0,526.0
371.0,526.0
842.0,526.0
174.0,526.0
421.0,526.0
826.0,526.0
998.0,526.0
580.0,526.0
1022.0,526.0
507.0,526.0
765.0,526.0
962.0,526.0
753.0,527.0
19.0,527.0
418.0,527.0
1009.0,527.0
624.0,527.0
8.0,527.0
237.0,527.0
57.0,527.0
492.0,527.0
166.0,527.0
396.0,527.0
467.0,527.0
128.0,528.0
831.0,528.0
328.0,528.0
11.0,528.0
573.0,528.0
59.0,528.0
580.0,528.0
974.0,528.0
750.0,528.0
660.0,528.0
956.0,528.0
444.0,528.0
704.0,529.0
49.0,529.0
471.0,529.0
647.0,529.0
671.0,529.0
422.0,529.0
551.0,529.0
229.0,529.0
277.0,529.0
852.0,529.0
476.0,529.0
243.0,529.0
721.0,530.0
193.0,530.0
254.0,530.0
166.0,530.0
701.0,530.0
105.0,530.0
683.0,530.0
331.0,530.0
407.0,530.0
550.0,530.0
269.0,530.0
54.0,530.0
886.0,531.0
603.0,531.0
866.0,531.0
501.0,531.0
883.0,531.0
353.0,531.0
269.0,531.0
629.0,531.0
700.0,531.0
899.0,531.0
308.0,531.0
156.0,531.0
318.0,532.0
340.0,532.0
303.0,532.0
420.0,532.0
37.0,532.0
761.0,532.0
860.0,532.0
1005.0,532.0
256.0,532.0
661.0,532.0
355.0,532.0
741.0,532.0
378.0,533.0
385.0,533.0
938.0,533.0
981.0,533.0
29.0,533.0
599.0,533.0
662.0,533.0
9.0,533.0
411.0,533.0
1035.0,533.0
553.0,533.0
731.0,533.0
151.0,534.0
403.0,534.0
128.0,534.0
554.0,534.0
29.0,534.0
826.0,534.0
987.0,534.0
437.0,534.0
120.0,534.0
756.0,534.0
986.0,534.0
691.0,534.0
399.0,535.0
833.0,535.0
241.0,535.0
116.0,535.0
1000.0,535.0
717.0,535.0
826.0,535.0
447.0,535.0
181.0,535.0
82.0,535.0
810.0,535.0
900.0,535.0
183.0,536.0
154.0,536.0
447.0,536.0
794.0,536.0
149.0,536.0
493.0,536.0
638.0,536.0
438.0,536.0
136.0,536.0
1019.0,536.0
953.0,536.0
22.0,536.0
269.0,537.0
16.0,537.0
942.0,537.0
460.0,537.0
127.0,537.0
856.0,537.0
170.0,537.0
719.0,537.0
234.0,537.0
564.0,537.0
746.0,537.0
243.0,537.0
150.0,538.0
584.0,538.0
1007.0,538.0
243.0,538.0
795.0,538.0
234.0,538.0
477.0,538.0
286.0,538.0
791.0,538.0
522.0,538.0
774.0,538.0
742.0,538.0
791.0,539.0
512.0,539.0
329.0,539.0
803.0,539.0
698.0,539.0
4.0,539.0
72.0,539.0
759.0,539.0
368.0,539.0
360.0,539.0
242.0,539.0
20.0,539.0
939.0,540.0
292.0,540.0
438.0,540.0
932.0,540.0
946.0,540.0
780.0,540.0
813.0,540.0
921.0,540.0
407.0,540.0
571.0,540.0
23.0,540.0
65.0,540.0
353.0,541.0
944.0,541.0
187.0,541.0
496.0,541.0
881.0,541.0
151.0,541.0
918.0,541.0
226.0,541.0
925.0,541.0
830.0,541.0
205.0,541.0
711.0,541.0
853.0,542.0
538.0,542.0
597.0,542.0
452.0,542.0
534.0,542.0
27.0,542.0
742.0,542.0
933.0,542.0
844.0,542.0
242.0,542.0
75.0,542.0
57.0,542.0
9.0,543.0
652.0,543.0
310.0,543.0
535.0,543.0
269.0,543.0
737.0,543.0
683.0,543.0
777.0,543.0
974.0,543.0
220.0,543.0
19.0,543.0
914.0,543.0
254.0,544.0
551.0,544.0
812.0,544.0
652.0,544.0
877.0,544.0
337.0,544.0
374.0,544.0
1012.0,544.0
141.0,544.0
830.0,544.0
690.0,544.0
807.0,544.0
493.0,545.0
790.0,545.0
979.0,545.0
785.0,545.0
370.0,545.0
102.0,545.0
533.0,545.0
101.0,545.0
490.0,545.0
240.0,545.0
924.0,545.0
748.0,545.0
672.0,546.0
163.0,546.0
701.0,546.0
898.0,546.0
472.0,546.0
733.0,546.0
565.0,546.0
926.0,546.0
744.0,546.0
91.0,546.0
334.0,546.0
66.0,546.0
294.0,547.0
865.0,547.0
698.0,547.0
12.0,547.0
428.0,547.0
700.0,547.0
905.0,547.0
582.0,547.0
678.0,547.0
333.0,547.0
1003.0,547.0
395.0,547.0
876.0,548.0
283.0,548.0
886.0,548.0
650.0,548.0
205.0,548.0
983.0,548.0
167.0,548.0
222.0,548.0
77.0,548.0
272.0,548.0
906.0,548.0
496.0,548.0
852.0,549.0
868.0,549.0
919.0,549.0
732.0,549.0
312.0,549.0
171.0,549.0
332.0,549.0
527.0,549.0
158.0,549.0
24.0,549.0
738.0,549.0
571.0,549.0
395.0,550.0
1008.0,550.0
336.0,550.0
614.0,550.0
907.0,550.0
363.0,550.0
583.0,550.0
143.0,550.0
992.0,550.0
415.0,550.0
577.0,550.0
773.0,550.0
166.0,551.0
271.0,551.0
376.0,551.0
529.0,551.0
990.0,551.0
396.0,551.0
692.0,551.0
171.0,551.0
14.0,551.0
34.0,551.0
568.0,551.0
333.0,551.0
151.0,552.0
599.0,552.0
964.0,552.0
501.0,552.0
416.0,552.0
890.0,552.0
852.0,552.0
72.0,552.0
1035.0,552.0
243.0,552.0
611.0,552.0
691.0,552.0
543.0,553.0
363.0,553.0
470.0,553.0
331.0,553.0
535.0,553.0
361.0,553.0
119.0,553.0
890.0,553.0
699.0,553.0
805.0,553.0
367.0,553.0
702.0,553.0
370.0,554.0
332.0,554.0
368.0,554.0
363.0,554.0
166.0,554.0
318.0,554.0
552.0,554.0
87.0,554.0
853.0,554.0
27.0,554.0
66.0,554.0
710.0,554.0
383.0,555.0
84.0,555.0
289.0,555.0
393.0,555.0
13.0,555.0
755.0,555.0
515.0,555.0
806.0,555.0
582.0,555.0
642.0,555.0
388.0,555.0
983.0,555.0
932.0,556.0
470.0,556.0
744.0,556.0
929.0,556.0
1007.0,556.0
803.0,556.0
436.0,556.0
481.0,556.0
445.0,556.0
287.0,556.0
667.0,556.0
81.0,556.0
428.0,557.0
785.0,557.0
620.0,557.0
560.0,557.0
944.0,557.0
713.0,557.0
849.0,557.0
756.0,557.0
503.0,557.0
682.0,557.0
70.0,557.0
622.0,557.0
155.0,558.0
746.0,558.0
897.0,558.0
121.0,558.0
309.0,558.0
368.0,558.0
163.0,558.0
288.0,558.0
524.0,558.0
235.0,558.0
916.0,558.0
102.0,558.0
188.0,559.0
549.0,559.0
684.0,559.0
897.0,559.0
288.0,559.0
938.0,559.0
665.0,559.0
571.0,559.0
955.0,559.0
974.0,559.0
599.0,559.0
497.0,559.0
20.0,560.0
686.0,560.0
812.0,560.0
1018.0,560.0
1024.0,560.0
733.0,560.0
799.0,560.0
302.0,560.0
944.0,560.0
151.0,560.0
286.0,560.0
807.0,560.0
567.0,561.0
587.0,561.0
452.0,561.0
770.0,561.0
1023.0,561.0
509.0,561.0
694.0,561.0
123.0,561.0
154.0,561.0
458.0,561.0
721.0,561.0
708.0,561.0
106.0,562.0
556.0,562.0
320.0,562.0
797.0,562.0
592.0,562.0
125.0,562.0
782.0,562.0
169.0,562.0
987.0,562.0
215.0,562.0
150.0,562.0
282.0,562.0
607.0,563.0
167.0,563.0
115.0,563.0
640.0,563.0
140.0,563.0
430.0,563.0
313.0,563.0
867.0,563.0
874.0,563.0
682.0,563.0
360.0,563.0
889.0,563.0
325.0,564.0
68.0,564.0
190.0,564.0
19.0,564.0
372.0,564.0
43.0,564.0
880.0,564.0
562.0,564.0
771.0,564.0
127.0,564.0
298.0,564.0
1034.0,564.0
524.0,565.0
501.0,565.0
943.0,565.0
869.0,565.0
984.0,565.0
742.0,565.0
187.0,565.0
879.0,565.0
286.0,565.0
284.0,565.0
420.0,565.0
516.0,565.0
665.0,566.0
301.0,566.0
558.0,566.0
81.0,566.0
504.0,566.0
874.0,566.0
67.0,566.0
408.0,566.0
574.0,566.0
66.0,566.0
708.0,566.0
513.0,566.0
293.0,567.0
872.0,567.0
316.0,567.0
652.0,567.0
579.0,567.0
850.0,567.0
799.0,567.0
322.0,567.0
918.0,567.0
500.0,567.0
240.0,567.0
675.0,567.0
104.0,568.0
969.0,568.0
816.0,568.0
440.0,568.0
302.0,568.0
915.0,568.0
807.0,568.0
453.0,568.0
411.0,568.0
141.0,568.0
466.0,568.0
896.0,568.0
291.0,569.0
656.0,569.0
81.0,569.0
963.0,569.0
251.0,569.0
875.0,569.0
810.0,569.0
775.0,569.0
22.0,569.0
640.0,569.0
2.0,569.0
207.0,569.0
366.0,570.0
319.0,570.0
73.0,570.0
367.0,570.0
374.0,570.0
731.0,570.0
435.0,570.0
339.0,570.0
949.0,570.0
964.0,570.0
466.0,570.0
344.0,570.0
214.0,571.0
374.0,571.0
889.0,571.0
25.0,571.0
1014.0,571.0
299.0,571.0
828.0,571.0
523.0,571.0
436.0,571.0
815.0,571.0
855.0,571.0
887.0,571.0
110.0,572.0
930.0,572.0
371.0,572.0
639.0,572.0
742.0,572.0
945.0,572.0
198.0,572.0
740.0,572.0
579.0,572.0
226.0,572.0
91.0,572.0
972.0,572.0
725.0,573.0
987.0,573.0
630.0,573.0
416.0,573.0
1008.0,573.0
508.0,573.0
59.0,573.0
19.0,573.0
400.0,573.0
708.0,573.0
955.0,573.0
102.0,573.0
208.0,574.0
42.0,574.0
1027.0,574.0
1031.0,574.0
844.0,574.0
599.0,574.0
23.0,574.0
847.0,574.0
243.0,574.0
559.0,574.0
445.0,574.0
913.0,574.0
584.0,575.0
170.0,575.0
942.0,575.0
691.0,575.0
880.0,575.0
221.0,575.0
907.0,575.0
928.0,575.0
514.0,575.0
651.0,575.0
212.0,575.0
95.0,575.0
733.0,576.0
439.0,576.0
769.0,576.0
274.0,576.0
946.0,576.0
760.0,576.0
390.0,576.0
461.0,576.0
628.0,576.0
813.0,576.0
699.0,576.0
975.0,576.0
55.0,577.0
522.0,577.0
449.0,577.0
789.0,577.0
1005.0,577.0
47.0,577.0
0.0,577.0
575.0,577.0
512.0,577.0
367.0,577.0
497.0,577.0
312.0,577.0
94.0,578.0
496.0,578.0
333.0,578.0
740.0,578.0
502.0,578.0
231.0,578.0
479.0,578.0
696.0,578.0
944.0,578.0
643.0,578.0
322.0,578.0
972.0,578.0
481.0,579.0
587.0,579.0
177.0,579.0
509.0,579.0
581.0,579.0
456.0,579.0
335.0,579.0
561.0,579.0
705.0,579.0
110.0,579.0
185.0,579.0
939.0,579.0
372.0,580.0
750.0,580.0
480.0,580.0
41.0,580.0
681.0,580.0
535.0,580.0
670.0,580.0
978.0,580.0
488.0,580.0
528.0,580.0
156.0,580.0
212.0,580.0
334.0,581.0
665.0,581.0
997.0,581.0
637.0,581.0
1025.0,581.0
605.0,581.0
241.0,581.0
1007.0,581.0
977.0,581.0
166.0,581.0
0.0,581.0
823.0,581.0
876.0,582.0
817.0,582.0
730.0,582.0
751.0,582.0
435.0,582.0
873.0,582.0
714.0,582.0
77.0,582.0
141.0,582.0
1018.0,582.0
353.0,582.0
973.0,582.0
334.0,583.0
98.0,583.0
553.0,583.0
979.0,583.0
32.0,583.0
235.0,583.0
695.0,583.0
450.0,583.0
884.0,583.0
950.0,583.0
79.0,583.0
165.0,583.0
815.0,584.0
372.0,584.0
945.0,584.0
70.0,584.0
539.0,584.0
531.0,584.0
803.0,584.0
545.0,584.0
479.0,584.0
690.0,584.0
695.0,584.0
397.0,584.0
776.0,585.0
752.0,585.0
992.0,585.0
819.0,585.0
487.0,585.0
981.0,585.0
362.0,585.0
25.0,585.0
86.0,585.0
562.0,585.0
64.0,585.0
238.0,585.0
425.0,586.0
954.0,586.0
370.0,586.0
138.0,586.0
895.0,586.0
210.0,586.0
537.0,586.0
513.0,586.0
51.0,586.0
707.0,586.0
994.0,586.0
932.0,586.0
647.0,587.0
978.0,587.0
474.0,587.0
163.0,587.0
367.0,587.0
521.0,587.0
93.0,587.0
560.0,587.0
535.0,587.0
870.0,587.0
832.0,587.0
912.0,587.0
561.0,588.0
725.0,588.0
768.0,588.0
403.0,588.0
397.0,588.0
28.0,588.0
660.0,588.0
152.0,588.0
375.0,588.0
885.0,588.0
967.0,588.0
564.0,588.0
285.0,589.0
514.0,589.0
848.0,589.0
963.0,589.0
937.0,589.0
98.0,589.0
51.0,589.0
477.0,589.0
412.0,589.0
816.0,589.0
20.0,589.0
455.0,589.0
222.0,590.0
265.0,590.0
246.0,590.0
636.0,590.0
610.0,590.0
257.0,590.0
674.0,590.0
124.0,590.0
393.0,590.0
833.0,590.0
218.0,590.0
633.0,590.0
409.0,591.0
824.0,591.0
810.0,591.0
826.0,591.0
385.0,591.0
933.0,591.0
234.0,591.0
399.0,591.0
270.0,591.0
96.0,591.0
186.0,591.0
914.0,591.0
203.0,592.0
887.0,592.0
342.0,592.0
958.0,592.0
307.0,592.0
440.0,592.0
690.0,592.0
1017.0,592.0
317.0,592.0
169.0,592.0
1019.0,592.0
973.0,592.0
663.0,593.0
314.0,593.0
123.0,593.0
763.0,593.0
374.0,593.0
63.0,593.0
685.0,593.0
177.0,593.0
822.0,593.0
760.0,593.0
386.0,593.0
162.0,593.0
169.0,594.0
223.0,594.0
525.0,594.0
215.0,594.0
1030.0,594.0
990.0,594.0
96.0,594.0
369.0,594.0
598.0,594.0
224.0,594.0
272.0,594.0
480.0,594.0
786.0,595.0
727.0,595.0
469.0,595.0
896.0,595.0
328.0,595.0
626.0,595.0
616.0,595.0
132.0,595.0
79.0,595.0
664.0,595.0
689.0,595.0
958.0,595.0
151.0,596.0
1004.0,596.0
417.0,596.0
866.0,596.0
436.0,596.0
989.0,596.0
618.0,596.0
157.0,596.0
430.0,596.0
573.0,596.0
318.0,596.0
299.0,596.0
581.0,597.0
790.0,597.0
283.0,597.0
329.0,597.0
834.0,597.0
95.0,597.0
339.0,597.0
913.0,597.0
777.0,597.0
539.0,597.0
1004.0,597.0
554.0,597.0
638.0,598.0
288.0,598.0
47.0,598.0
660.0,598.0
658.0,598.0
965.0,598.0
659.0,598.0
594.0,598.0
808.0,598.0
674.0,598.0
245.0,598.0
149.0,598.0
961.0,599.0
946.0,599.0
294.0,599.0
553.0,599.0
210.0,599.0
967.0,599.0
1024.0,599.0
143.0,599.0
759.0,599.0
176.0,599.0
81.0,599.0
684.0,599.0
1030.0,600.0
891.0,600.0
46.0,600.0
901.0,600.0
376.0,600.0
598.0,600.0
703.0,600.0
568.0,600.0
392.0,600.0
505.0,600.0
765.0,600.0
602.0,600.0
129.0,601.0
865.0,601.0
145.0,601.0
579.0,601.0
883.0,601.0
505.0,601.0
647.0,601.0
877.0,601.0
1002.0,601.0
211.0,601.0
10.0,601.0
717.0,601.0
230.0,602.0
722.0,602.0
713.0,602.0
784.0,602.0
597.0,602.0
315.0,602.0
577.0,602.0
278.0,602.0
45.0,602.0
627.0,602.0
647.0,602.0
427.0,602.0
130.0,603.0
59.0,603.0
564.0,603.0
167.0,603.0
538.0,603.0
580.0,603.0
150.0,603.0
332.0,603.0
87.0,603.0
942.0,603.0
970.0,603.0
964.0,603.0
768.0,604.0
855.0,604.0
433.0,604.0
204.0,604.0
253.0,604.0
588.0,604.0
724.0,604.0
390.0,604.0
467.0,604.0
92.0,604.0
515.0,604.0
120.0,604.0
309.0,605.0
535.0,605.0
95.0,605.0
501.0,605.0
895.0,605.0
941.0,605.0
987.0,605.0
1035.0,605.0
1016.0,605.0
62.0,605.0
966.0,605.0
438.0,605.0
771.0,606.0
576.0,606.0
451.0,606.0
644.0,606.0
26.0,606.0
1026.0,606.0
762.0,606.0
841.0,606.0
852.0,606.0
182.0,606.0
802.0,606.0
92.0,606.0
279.0,607.0
895.0,607.0
662.0,607.0
309.0,607.0
575.0,607.0
313.0,607.0
123.0,607.0
318.0,607.0
469.0,607.0
431.0,607.0
538.0,607.0
330.0,607.0
522.0,608.0
445.0,608.0
163.0,608.0
466.0,608.0
304.0,608.0
313.0,608.0
217.0,608.0
749.0,608.0
1027.0,608.0
243.0,608.0
154.0,608.0
463.0,608.0
87.0,609.0
1007.0,609.0
584.0,609.0
976.0,609.0
449.0,609.0
790.0,609.0
38.0,609.0
228.0,609.0
75.0,609.0
94.0,609.0
637.0,609.0
803.0,609.0
965.0,610.0
807.0,610.0
560.0,610.0
294.0,610.0
806.0,610.0
330.0,610.0
932.0,610.0
453.0,610.0
1013.0,610.0
20.0,610.0
257.0,610.0
541.0,610.0
1019.0,611.0
976.0,611.0
884.0,611.0
719.0,611.0
869.0,611.0
328.0,611.0
754.0,611.0
925.0,611.0
217.0,611.0
361.0,611.0
1023.0,611.0
996.0,611.0
846.0,612.0
242.0,612.0
301.0,612.0
1020.0,612.0
73.0,612.0
903.0,612.0
801.0,612.0
925.0,612.0
318.0,612.0
744.0,612.0
575.0,612.0
502.0,612.0
282.0,613.0
746.0,613.0
885.0,613.0
510.0,613.0
585.0,613.0
757.0,613.0
270.0,613.0
540.0,613.0
664.0,613.0
987.0,613.0
487.0,613.0
1006.0,613.0
83.0,614.0
133.0,614.0
964.0,614.0
259.0,614.0
370.0,614.0
286.0,614.0
596.0,614.0
349.0,614.0
475.0,614.0
125.0,614.0
137.0,614.0
628.0,614.0
190.0,615.0
397.0,615.0
6.0,615.0
914.0,615.0
54.0,615.0
774.0,615.0
91.0,615.0
923.0,615.0
648.0,615.0
390.0,615.0
438.0,615.0
462.0,615.0
1002.0,616.0
144.0,616.0
120.0,616.0
604.0,616.0
841.0,616.0
179.0,616.0
606.0,616.0
595.0,616.0
767.0,616.0
390.0,616.0
814.0,616.0
164.0,616.0
321.0,617.0
197.0,617.0
1034.0,617.0
947.0,617.0
957.0,617.0
669.0,617.0
620.0,617.0
771.0,617.0
147.0,617.0
114.0,617.0
198.0,617.0
1012.0,617.0
777.0,618.0
759.0,618.0
455.0,618.0
1008.0,618.0
534.0,618.0
711.0,618.0
788.0,618.0
827.0,618.0
561.0,618.0
1030.0,618.0
193.0,618.0
953.0,618.0
270.0,619.0
732.0,619.0
379.0,619.0
465.0,619.0
288.0,619.0
943.0,619.0
897.0,619.0
824.0,619.0
962.0,619.0
536.0,619.0
142.0,619.0
788.0,619.0
531.0,620.0
326.0,620.0
380.0,620.0
407.0,620.0
30.0,620.0
622.0,620.0
718.0,620.0
1031.0,620.0
765.0,620.0
313.0,620.0
1012.0,620.0
829.0,620.0
928.0,621.0
303.0,621.0
33.0,621.0
287.0,621.0
246.0,621.0
1005.0,621.0
272.0,621.0
940.0,621.0
569.0,621.0
357.0,621.0
370.0,621.0
149.0,621.0
176.0,622.0
524.0,622.0
83.0,622.0
939.0,622.0
653.0,622.0
916.0,622.0
72.0,622.0
59.0,622.0
1008.0,622.0
503.0,622.0
575.0,622.0
721.0,622.0
861.0,623.0
146.0,623.0
391.0,623.0
820.0,623.0
610.0,623.0
543.0,623.0
393.0,623.0
746.0,623.0
212.0,623.0
779.0,623.0
989.0,623.0
101.0,623.0
852.0,624.0
395.0,624.0
107.0,624.0
853.0,624.0
773.0,624.0
479.0,624.0
430.0,624.0
640.0,624.0
938.0,624.0
193.0,624.0
318.0,624.0
895.0,624.0
755.0,625.0
531.0,625.0
573.0,625.0
33.0,625.0
226.0,625.0
171.0,625.0
904.0,625.0
907.0,625.0
336.0,625.0
971.0,625.0
609.0,625.0
938.0,625.0
854.0,626.0
1022.0,626.0
192.0,626.0
92.0,626.0
114.0,626.0
654.0,626.0
451.0,626.0
306.0,626.0
48.0,626.0
287.0,626.0
564.0,626.0
604.0,626.0
728.0,627.0
249.0,627.0
264.0,627.0
609.0,627.0
214.0,627.0
727.0,627.0
274.0,627.0
927.0,627.0
639.0,627.0
63.0,627.0
677.0,627.0
449.0,627.0
896.0,628.0
1026.0,628.0
259.0,628.0
204.0,628.0
153.0,628.0
894.0,628.0
838.0,628.0
1002.0,628.0
253.0,628.0
872.0,628.0
321.0,628.0
1011.0,628.0
428.0,629.0
449.0,629.0
527.0,629.0
728.0,629.0
394.0,629.0
396.0,629.0
539.0,629.0
605.0,629.0
232.0,629.0
804.0,629.0
313.0,629.0
395.0,629.0
117.0,630.0
573.0,630.0
955.0,630.0
54.0,630.0
184.0,630.0
462.0,630.0
520.0,630.0
964.0,630.0
860.0,630.0
602.0,630.0
41.0,630.0
28.0,630.0
894.0,631.0
849.0,631.0
327.0,631.0
226.0,631.0
284.0,631.0
335.0,631.0
472.0,631.0
175.0,631.0
554.0,631.0
830.0,631.0
415.0,631.0
275.0,631.0
467.0,632.0
264.0,632.0
109.0,632.0
899.0,632.0
561.0,632.0
17.0,632.0
132.0,632.0
790.0,632.0
139.0,632.0
889.0,632.0
101.0,632.0
490.0,632.0
847.0,633.0
14.0,633.0
453.0,633.0
808.0,633.0
289.0,633.0
191.0,633.0
344.0,633.0
1024.0,633.0
816.0,633.0
391.0,633.0
666.0,633.0
271.0,633.0
183.0,634.0
682.0,634.0
678.0,634.0
324.0,634.0
475.0,634.0
674.0,634.0
950.0,634.0
366.0,634.0
420.0,634.0
747.0,634.0
205.0,634.0
812.0,634.0
789.0,635.0
489.0,635.0
915.0,635.0
512.0,635.0
376.0,635.0
657.0,635.0
24.0,635.0
653.0,635.0
186.0,635.0
337.0,635.0
422.0,635.0
898.0,635.0
455.0,636.0
687.0,636.0
288.0,636.0
257.0,636.0
682.0,636.0
578.0,636.0
300.0,636.0
928.0,636.0
391.0,636.0
770.0,636.0
1024.0,636.0
541.0,636.0
612.0,637.0
754.0,637.0
537.0,637.0
416.0,637.0
718.0,637.0
770.0,637.0
292.0,637.0
609.0,637.0
862.0,637.0
1006.0,637.0
1031.0,637.0
290.0,637.0
644.0,638.0
726.0,638.0
368.0,638.0
234.0,638.0
151.0,638.0
674.0,638.0
731.0,638.0
169.0,638.0
839.0,638.0
710.0,638.0
256.0,638.0
160.0,638.0
1023.0,639.0
485.0,639.0
811.0,639.0
801.0,639.0
400.0,639.0
398.0,639.0
882.0,639.0
836.0,639.0
315.0,639.0
426.0,639.0
1021.0,639.0
1010.0,639.0
83.0,640.0
620.0,640.0
431.0,640.0
217.0,640.0
115.0,640.0
979.0,640.0
226.0,640.0
176.0,640.0
754.0,640.0
228.0,640.0
423.0,640.0
504.0,640.0
992.0,641.0
192.0,641.0
444.0,641.0
425.0,641.0
665.0,641.0
1023.0,641.0
384.0,641.0
838.0,641.0
343.0,641.0
266.0,641.0
775.0,641.0
409.0,641.0
719.0,642.0
503.0,642.0
1013.0,642.0
931.0,642.0
20.0,642.0
868.0,642.0
498.0,642.0
442.0,642.0
646.0,642.0
710.0,642.0
167.0,642.0
765.0,642.0
283.0,643.0
356.0,643.0
78.0,643.0
610.0,643.0
334.0,643.0
363.0,643.0
103.0,643.0
571.0,643.0
138.0,643.0
1024.0,643.0
1013.0,643.0
123.0,643.0
490.0,644.0
6.0,644.0
669.0,644.0
394.0,644.0
405.0,644.0
626.0,644.0
484.0,644.0
461.0,644.0
611.0,644.0
306.0,644.0
180.0,644.0
819.0,644.0
646.0,645.0
723.0,645.0
480.0,645.0
596.0,645.0
33.0,645.0
20.0,645.0
788.0,645.0
290.0,645.0
962.0,645.0
844.0,645.0
450.0,645.0
213.0,645.0
726.0,646.0
169.0,646.0
168.0,646.0
888.0,646.0
59.0,646.0
955.0,646.0
126.0,646.0
128.0,646.0
460.0,646.0
279.0,646.0
180.0,646.0
148.0,646.0
5.0,647.0
133.0,647.0
572.0,647.0
255.0,647.0
400.0,647.0
360.0,647.0
991.0,647.0
38.0,647.0
220.0,647.0
466.0,647.0
432.0,647.0
457.0,647.0
1007.0,648.0
370.0,648.0
924.0,648.0
455.0,648.0
221.0,648.0
203.0,648.0
1014.0,648.0
276.0,648.0
279.0,648.0
903.0,648.0
830.0,648.0
304.0,648.0
59.0,649.0
946.0,649.0
285.0,649.0
234.0,649.0
893.0,649.0
750.0,649.0
541.0,649.0
773.0,649.0
381.0,649.0
746.0,649.0
135.0,649.0
523.0,649.0
730.0,650.0
701.0,650.0
960.0,650.0
785.0,650.0
402.0,650.0
77.0,650.0
810.0,650.0
876.0,650.0
555.0,650.0
300.0,650.0
949.0,650.0
985.0,650.0
861.0,651.0
369.0,651.0
1007.0,651.0
333.0,651.0
697.0,651.0
167.0,651.0
275.0,651.0
574.0,651.0
805.0,651.0
945.0,651.0
799.0,651.0
234.0,651.0
598.0,652.0
728.0,652.0
445.0,652.0
91.0,652.0
965.0,652.0
738.0,652.0
912.0,652.0
301.0,652.0
107.0,652.0
444.0,652.0
863.0,652.0
828.0,652.0
376.0,653.0
785.0,653.0
49.0,653.0
58.0,653.0
993.0,653.0
755.0,653.0
643.0,653.0
277.0,653.0
34.0,653.0
622.0,653.0
1007.0,653.0
635.0,653.0
328.0,654.0
595.0,654.0
43.0,654.0
630.0,654.0
604.0,654.0
152.0,654.0
725.0,654.0
89.0,654.0
679.0,654.0
382.0,654.0
388.0,654.0
125.0,654.0
695.0,655.0
525.0,655.0
329.0,655.0
547.0,655.0
498.0,655.0
774.0,655.0
531.0,655.0
834.0,655.0
332.0,655.0
25.0,655.0
933.0,655.0
514.0,655.0
998.0,656.0
127.0,656.0
67.0,656.0
976.0,656.0
750.0,656.0
419.0,656.0
267.0,656.0
986.0,656.0
444.0,656.0
591.0,656.0
956.0,656.0
84.0,656.0
502.0,657.0
635.0,657.0
955.0,657.0
525.0,657.0
568.0,657.0
779.0,657.0
556.0,657.0
698.0,657.0
471.0,657.0
610.0,657.0
51.0,657.0
577.0,657.0
990.0,658.0
931.0,658.0
894.0,658.0
381.0,658.0
781.0,658.0
374.0,658.0
1008.0,658.0
159.0,658.0
837.0,658.0
288.0,658.0
970.0,658.0
568.0,658.0
757.0,659.0
172.0,659.0
672.0,659.0
313.0,659.0
895.0,659.0
501.0,659.0
1006.0,659.0
954.0,659.0
427.0,659.0
308.0,659.0
470.0,659.0
543.0,659.0
652.0,660.0
439.0,660.0
415.0,660.0
559.0,660.0
957.0,660.0
683.0,660.0
41.0,660.0
372.0,660.0
804.0,660.0
180.0,660.0
460.0,660.0
56.0,660.0
37.0,661.0
929.0,661.0
289.0,661.0
422.0,661.0
272.0,661.0
824.0,661.0
711.0,661.0
391.0,661.0
849.0,661.0
951.0,661.0
931.0,661.0
408.0,661.0
565.0,662.0
991.0,662.0
684.0,662.0
332.0,662.0
973.0,662.0
670.0,662.0
83.0,662.0
61.0,662.0
203.0,662.0
687.0,662.0
466.0,662.0
716.0,662.0
706.0,663.0
1021.0,663.0
584.0,663.0
884.0,663.0
517.0,663.0
490.0,663.0
199.0,663.0
446.0,663.0
710.0,663.0
581.0,663.0
467.0,663.0
1020.0,663.0
357.0,664.0
620.0,664.0
40.0,664.0
467.0,664.0
860.0,664.0
189.0,664.0
1006.0,664.0
341.0,664.0
576.0,664.0
28.0,664.0
710.0,664.0
210.0,664.0
926.0,665.0
1020.0,665.0
748.0,665.0
746.0,665.0
971.0,665.0
23.0,665.0
592.0,665.0
512.0,665.0
1009.0,665.0
571.0,665.0
740.0,665.0
56.0,665.0
295.0,666.0
222.0,666.0
764.0,666.0
794.0,666.0
543.0,666.0
411.0,666.0
369.0,666.0
792.0,666.0
435.0,666.0
178.0,666.0
76.0,666.0
379.0,666.0
286.0,667.0
718.0,667.0
67.0,667.0
12.0,667.0
830.0,667.0
1027.0,667.0
427.0,667.0
853.0,667.0
183.0,667.0
215.0,667.0
304.0,667.0
900.0,667.0
119.0,668.0
431.0,668.0
427.0,668.0
9.0,668.0
554.0,668.0
180.0,668.0
707.0,668.0
973.0,668.0
944.0,668.0
408.0,668.0
430.0,668.0
279.0,668.0
43.0,669.0
40.0,669.0
757.0,669.0
562.0,669.0
128.0,669.0
768.0,669.0
23.0,669.0
588.0,669.0
842.0,669.0
841.0,669.0
899.0,669.0
774.0,669.0
30.0,670.0
731.0,670.0
22.0,670.0
292.0,670.0
830.0,670.0
464.0,670.0
489.0,670.0
535.0,670.0
636.0,670.0
589.0,670.0
933.0,670.0
83.0,670.0
547.0,671.0
364.0,671.0
933.0,671.0
72.0,671.0
867.0,671.0
538.0,671.0
703.0,671.0
861.0,671.0
104.0,671.0
211.0,671.0
277.0,671.0
505.0,671.0
12.0,672.0
168.0,672.0
212.0,672.0
483.0,672.0
608.0,672.0
524.0,672.0
364.0,672.0
566.0,672.0
254.0,672.0
55.0,672.0
697.0,672.0
276.0,672.0
13.0,673.0
761.0,673.0
90.0,673.0
213.0,673.0
640.0,673.0
83.0,673.0
464.0,673.0
250.0,673.0
251.0,673.0
929.0,673.0
935.0,673.0
548.0,673.0
522.0,674.0
631.0,674.0
666.0,674.0
243.0,674.0
23.0,674.0
1016.0,674.0
670.0,674.0
436.0,674.0
310.0,674.0
385.0,674.0
187.0,674.0
1031.0,674.0
216.0,675.0
449.0,675.0
446.0,675.0
17.0,675.0
474.0,675.0
538.0,675.0
916.0,675.0
316.0,675.0
904.0,675.0
862.0,675.0
109.0,675.0
351.0,675.0
819.0,676.0
436.0,676.0
542.0,676.0
153.0,676.0
1034.0,676.0
106.0,676.0
179.0,676.0
86.0,676.0
114.0,676.0
617.0,676.0
644.0,676.0
892.0,676.0
801.0,677.0
870.0,677.0
602.0,677.0
14.0,677.0
594.0,677.0
49.0,677.0
932.0,677.0
700.0,677.0
62.0,677.0
503.0,677.0
371.0,677.0
140.0,677.0
304.0,678.0
233.0,678.0
495.0,678.0
191.0,678.0
300.0,678.0
925.0,678.0
864.0,678.0
594.0,678.0
479.0,678.0
492.0,678.0
497.0,678.0
713.0,678.0
239.0,679.0
51.0,679.0
106.0,679.0
494.0,679.0
716.0,679.0
397.0,679.0
676.0,679.0
43.0,679.0
588.0,679.0
297.0,679.0
350.0,679.0
262.0,679.0
394.0,680.0
129.0,680.0
55.0,680.0
878.0,680.0
125.0,680.0
988.0,680.0
586.0,680.0
283.0,680.0
114.0,680.0
954.0,680.0
421.0,680.0
210.0,680.0
342.0,681.0
563.0,681.0
336.0,681.0
781.0,681.0
869.0,681.0
475.0,681.0
417.0,681.0
565.0,681.0
210.0,681.0
558.0,681.0
629.0,681.0
680.0,681.0
556.0,682.0
743.0,682.0
666.0,682.0
779.0,682.0
660.0,682.0
1024.0,682.0
428.0,682.0
994.0,682.0
701.0,682.0
268.0,682.0
98.0,682.0
178.0,682.0
795.0,683.0
83.0,683.0
466.0,683.0
39.0,683.0
522.0,683.0
895.0,683.0
298.0,683.0
224.0,683.0
658.0,683.0
1003.0,683.0
665.0,683.0
215.0,683.0
1027.0,684.0
759.0,684.0
860.0,684.0
163.0,684.0
475.0,684.0
755.0,684.0
658.0,684.0
603.0,684.0
59.0,684.0
605.0,684.0
942.0,684.0
866.0,684.0
65.0,685.0
628.0,685.0
796.0,685.0
390.0,685.0
288.0,685.0
10.0,685.0
20.0,685.0
500.0,685.0
896.0,685.0
531.0,685.0
735.0,685.0
841.0,685.0
279.0,686.0
75.0,686.0
231.0,686.0
239.0,686.0
254.0,686.0
183.0,686.0
701.0,686.0
507.0,686.0
921.0,686.0
471.0,686.0
790.0,686.0
205.0,686.0
370.0,687.0
51.0,687.0
1035.0,687.0
24.0,687.0
949.0,687.0
577.0,687.0
846.0,687.0
318.0,687.0
667.0,687.0
711.0,687.0
445.0,687.0
149.0,687.0
696.0,688.0
98.0,688.0
257.0,688.0
126.0,688.0
324.0,688.0
1035.0,688.0
333.0,688.0
331.0,688.0
714.0,688.0
983.0,688.0
730.0,688.0
171.0,688.0
374.0,689.0
437.0,689.0
314.0,689.0
993.0,689.0
562.0,689.0
855.0,689.0
129.0,689.0
101.0,689.0
565.0,689.0
63.0,689.0
928.0,689.0
616.0,689.0
740.0,690.0
991.0,690.0
948.0,690.0
301.0,690.0
965.0,690.0
499.0,690.0
732.0,690.0
530.0,690.0
283.0,690.0
162.0,690.0
805.0,690.0
420.0,690.0
156.0,691.0
27.0,691.0
131.0,691.0
52.0,691.0
902.0,691.0
584.0,691.0
568.0,691.0
976.0,691.0
754.0,691.0
30.0,691.0
545.0,691.0
550.0,691.0
319.0,692.0
623.0,692.0
622.0,692.0
840.0,692.0
420.0,692.0
245.0,692.0
107.0,692.0
861.0,692.0
560.0,692.0
188.0,692.0
522.0,692.0
221.0,692.0
735.0,693.0
293.0,693.0
147.0,693.0
870.0,693.0
93.0,693.0
663.0,693.0
110.0,693.0
809.0,693.0
315.0,693.0
1033.0,693.0
576.0,693.0
967.0,693.0
556.0,694.0
973.0,694.0
462.0,694.0
71.0,694.0
474.0,694.0
100.0,694.0
140.0,694.0
627.0,694.0
677.0,694.0
632.0,694.0
728.0,694.0
153.0,694.0
996.0,695.0
815.0,695.0
1035.0,695.0
992.0,695.0
846.0,695.0
625.0,695.0
1023.0,695.0
620.0,695.0
699.0,695.0
204.0,695.0
721.0,695.0
304.0,695.0
531.0,696.0
67.0,696.0
569.0,696.0
295.0,696.0
283.0,696.0
950.0,696.0
1009.0,696.0
356.0,696.0
292.0,696.0
202.0,696.0
245.0,696.0
14.0,696.0
138.0,697.0
323.0,697.0
977.0,697.0
733.0,697.0
682.0,697.0
286.0,697.0
574.0,697.0
59.0,697.0
214.0,697.0
0.0,697.0
479.0,697.0
69.0,697.0
770.0,698.0
94.0,698.0
547.0,698.0
79.0,698.0
721.0,698.0
655.0,698.0
241.0,698.0
233.0,698.0
844.0,698.0
124.0,698.0
905.0,698.0
695.0,698.0
902.0,699.0
17.0,699.0
727.0,699.0
48.0,699.0
56.0,699.0
164.0,699.0
224.0,699.0
664.0,699.0
695.0,699.0
677.0,699.0
805.0,699.0
1019.0,699.0
426.0,700.0
407.0,700.0
622.0,700.0
264.0,700.0
500.0,700.0
456.0,700.0
436.0,700.0
698.0,700.0
539.0,700.0
1025.0,700.0
337.0,700.0
655.0,700.0
522.0,701.0
820.0,701.0
1003.0,701.0
829.0,701.0
191.0,701.0
577.0,701.0
38.0,701.0
428.0,701.0
922.0,701.0
499.0,701.0
1027.0,701.0
657.0,701.0
519.0,702.0
940.0,702.0
712.0,702.0
294.0,702.0
749.0,702.0
833.0,702.0
911.0,702.0
952.0,702.0
540.0,702.0
7.0,702.0
402.0,702.0
621.0,702.0
636.0,703.0
982.0,703.0
545.0,703.0
52.0,703.0
915.0,703.0
984.0,703.0
932.0,703.0
505.0,703.0
189.0,703.0
883.0,703.0
887.0,703.0
422.0,703.0
264.0,704.0
1010.0,704.0
806.0,704.0
677.0,704.0
376.0,704.0
46.0,704.0
910.0,704.0
94.0,704.0
529.0,704.0
671.0,704.0
821.0,704.0
882.0,704.0
87.0,705.0
481.0,705.0
803.0,705.0
945.0,705.0
539.0,705.0
844.0,705.0
879.0,705.0
154.0,705.0
964.0,705.0
912.0,705.0
12.0,705.0
387.0,705.0
954.0,706.0
298.0,706.0
707.0,706.0
53.0,706.0
15.0,706.0
329.0,706.0
89.0,706.0
30.0,706.0
182.0,706.0
691.0,706.0
820.0,706.0
545.0,706.0
596.0,707.0
165.0,707.0
261.0,707.0
620.0,707.0
980.0,707.0
912.0,707.0
837.0,707.0
694.0,707.0
611.0,707.0
756.0,707.0
821.0,707.0
232.0,707.0
296.0,708.0
511.0,708.0
691.0,708.0
1009.0,708.0
531.0,708.0
102.0,708.0
59.0,708.0
760.0,708.0
384.0,708.0
711.0,708.0
318.0,708.0
16.0,708.0
341.0,709.0
316.0,709.0
855.0,709.0
182.0,709.0
904.0,709.0
601.0,709.0
689.0,709.0
314.0,709.0
1026.0,709.0
441.0,709.0
338.0,709.0
802.0,709.0
678.0,710.0
343.0,710.0
517.0,710.0
655.0,710.0
51.0,710.0
733.0,710.0
204.0,710.0
743.0,710.0
309.0,710.0
742.0,710.0
242.0,710.0
357.0,710.0
906.0,711.0
82.0,711.0
537.0,711.0
286.0,711.0
176.0,711.0
203.0,711.0
967.0,711.0
889.0,711.0
61.0,711.0
69.0,711.0
737.0,711.0
170.0,711.0
651.0,712.0
844.0,712.0
637.0,712.0
924.0,712.0
729.0,712.0
648.0,712.0
19.0,712.0
923.0,712.0
609.0,712.0
534.0,712.0
553.0,712.0
814.0,712.0
94.0,713.0
34.0,713.0
747.0,713.0
163.0,713.0
46.0,713.0
534.0,713.0
803.0,713.0
686.0,713.0
620.0,713.0
32.0,713.0
51.0,713.0
38.0,713.0
289.0,714.0
491.0,714.0
905.0,714.0
967.0,714.0
483.0,714.0
496.0,714.0
743.0,714.0
74.0,714.0
266.0,714.0
408.0,714.0
806.0,714.0
435.0,714.0
586.0,715.0
4.0,715.0
756.0,715.0
896.0,715.0
204.0,715.0
685.0,715.0
80.0,715.0
958.0,715.0
61.0,715.0
997.0,715.0
725.0,715.0
648.0,715.0
460.0,716.0
433.0,716.0
459.0,716.0
801.0,716.0
153.0,716.0
210.0,716.0
814.0,716.0
797.0,716.0
28.0,716.0
439.0,716.0
782.0,716.0
957.0,716.0
924.0,717.0
17.0,717.0
316.0,717.0
707.0,717.0
584.0,717.0
427.0,717.0
531.0,717.0
553.0,717.0
71.0,717.0
41.0,717.0
513.0,717.0
745.0,717.0
167.0,718.0
245.0,718.0
30.0,718.0
314.0,718.0
4.0,718.0
538.0,718.0
554.0,718.0
307.0,718.0
853.0,718.0
573.0,718.0
218.0,718.0
900.0,718.0
319.0,719.0
1035.0,719.0
991.0,719.0
879.0,719.0
1007.0,719.0
608.0,719.0
122.0,719.0
34.0,719.0
599.0,719.0
24.0,719.0
1020.0,719.0
283.0,719.0
716.0,720.0
852.0,720.0
285.0,720.0
311.0,720.0
379.0,720.0
782.0,720.0
957.0,720.0
493.0,720.0
776.0,720.0
86.0,720.0
382.0,720.0
292.0,720.0
539.0,721.0
543.0,721.0
371.0,721.0
538.0,721.0
308.0,721.0
712.0,721.0
183.0,721.0
706.0,721.0
354.0,721.0
0.0,721.0
193.0,721.0
597.0,721.0
161.0,722.0
927.0,722.0
182.0,722.0
622.0,722.0
251.0,722.0
181.0,722.0
1031.0,722.0
946.0,722.0
835.0,722.0
330.0,722.0
770.0,722.0
691.0,722.0
425.0,723.0
937.0,723.0
343.0,723.0
1032.0,723.0
619.0,723.0
163.0,723.0
244.0,723.0
308.0,723.0
487.0,723.0
757.0,723.0
574.0,723.0
686.0,723.0
729.0,724.0
962.0,724.0
1031.0,724.0
107.0,724.0
23.0,724.0
288.0,724.0
733.0,724.0
130.0,724.0
774.0,724.0
559.0,724.0
711.0,724.0
687.0,724.0
615.0,725.0
592.0,725.0
477.0,725.0
19.0,725.0
723.0,725.0
903.0,725.0
774.0,725.0
660.0,725.0
129.0,725.0
290.0,725.0
568.0,725.0
412.0,725.0
405.0,726.0
644.0,726.0
467.0,726.0
826.0,726.0
720.0,726.0
563.0,726.0
21.0,726.0
114.0,726.0
282.0,726.0
192.0,726.0
306.0,726.0
445.0,726.0
6.0,727.0
715.0,727.0
190.0,727.0
644.0,727.0
676.0,727.0
654.0,727.0
903.0,727.0
971.0,727.0
321.0,727.0
132.0,727.0
477.0,727.0
604.0,727.0
701.0,728.0
248.0,728.0
637.0,728.0
351.0,728.0
572.0,728.0
856.0,728.0
241.0,728.0
967.0,728.0
648.0,728.0
430.0,728.0
6.0,728.0
540.0,728.0
552.0,729.0
22.0,729.0
111.0,729.0
711.0,729.0
353.0,729.0
70.0,729.0
499.0,729.0
302.0,729.0
455.0,729.0
794.0,729.0
985.0,729.0
343.0,729.0
747.0,730.0
117.0,730.0
876.0,730.0
251.0,730.0
714.0,730.0
979.0,730.0
275.0,730.0
532.0,730.0
548.0,730.0
37.0,730.0
570.0,730.0
369.0,730.0
1029.0,731.0
1035.0,731.0
181.0,731.0
746.0,731.0
473.0,731.0
427.0,731.0
574.0,731.0
175.0,731.0
575.0,731.0
87.0,731.0
511.0,731.0
658.0,731.0
442.0,732.0
157.0,732.0
967.0,732.0
411.0,732.0
1004.0,732.0
907.0,732.0
176.0,732.0
149.0,732.0
27.0,732.0
970.0,732.0
883.0,732.0
1030.0,732.0
380.0,733.0
645.0,733.0
860.0,733.0
805.0,733.0
131.0,733.0
683.0,733.0
532.0,733.0
408.0,733.0
241.0,733.0
952.0,733.0
363.0,733.0
794.0,733.0
696.0,734.0
34.0,734.0
525.0,734.0
178.0,734.0
141.0,734.0
985.0,734.0
267.0,734.0
165.0,734.0
198.0,734.0
710.0,734.0
128.0,734.0
1018.0,734.0
469.0,735.0
628.0,735.0
65.0,735.0
531.0,735.0
102.0,735.0
427.0,735.0
397.0,735.0
899.0,735.0
208.0,735.0
550.0,735.0
921.0,735.0
680.0,735.0
501.0,736.0
261.0,736.0
436.0,736.0
921.0,736.0
920.0,736.0
252.0,736.0
932.0,736.0
379.0,736.0
608.0,736.0
662.0,736.0
269.0,736.0
563.0,736.0
686.0,737.0
372.0,737.0
156.0,737.0
389.0,737.0
842.0,737.0
652.0,737.0
196.0,737.0
723.0,737.0
683.0,737.0
397.0,737.0
923.0,737.0
142.0,737.0
514.0,738.0
791.0,738.0
808.0,738.0
700.0,738.0
241.0,738.0
502.0,738.0
909.0,738.0
686.0,738.0
27.0,738.0
370.0,738.0
472.0,738.0
540.0,738.0
705.0,739.0
167.0,739.0
155.0,739.0
834.0,739.0
836.0,739.0
919.0,739.0
982.0,739.0
787.0,739.0
131.0,739.0
420.0,739.0
932.0,739.0
1003.0,739.0
280.0,740.0
44.0,740.0
902.0,740.0
233.0,740.0
15.0,740.0
1003.0,740.0
97.0,740.0
778.0,740.0
111.0,740.0
907.0,740.0
710.0,740.0
395.0,740.0
268.0,741.0
37.0,741.0
848.0,741.0
569.0,741.0
816.0,741.0
881.0,741.0
311.0,741.0
761.0,741.0
391.0,741.0
39.0,741.0
638.0,741.0
592.0,741.0
1003.0,742.0
467.0,742.0
150.0,742.0
479.0,742.0
767.0,742.0
710.0,742.0
163.0,742.0
214.0,742.0
552.0,742.0
969.0,742.0
738.0,742.0
333.0,742.0
284.0,743.0
931.0,743.0
367.0,743.0
748.0,743.0
482.0,743.0
829.0,743.0
371.0,743.0
868.0,743.0
94.0,743.0
906.0,743.0
838.0,743.0
844.0,743.0
1024.0,744.0
785.0,744.0
945.0,744.0
690.0,744.0
104.0,744.0
597.0,744.0
1014.0,744.0
692.0,744.0
119.0,744.0
170.0,744.0
466.0,744.0
899.0,744.0
857.0,745.0
415.0,745.0
16.0,745.0
90.0,745.0
931.0,745.0
897.0,745.0
207.0,745.0
408.0,745.0
483.0,745.0
748.0,745.0
757.0,745.0
774.0,745.0
799.0,746.0
965.0,746.0
530.0,746.0
198.0,746.0
956.0,746.0
189.0,746.0
566.0,746.0
618.0,746.0
96.0,746.0
436.0,746.0
401.0,746.0
75.0,746.0
759.0,747.0
522.0,747.0
808.0,747.0
541.0,747.0
701.0,747.0
682.0,747.0
990.0,747.0
989.0,747.0
32.0,747.0
608.0,747.0
877.0,747.0
159.0,747.0
622.0,748.0
874.0,748.0
895.0,748.0
1016.0,748.0
501.0,748.0
61.0,748.0
440.0,748.0
538.0,748.0
296.0,748.0
357.0,748.0
599.0,748.0
420.0,748.0
414.0,749.0
565.0,749.0
553.0,749.0
136.0,749.0
1012.0,749.0
1004.0,749.0
942.0,749.0
176.0,749.0
420.0,749.0
242.0,749.0
12.0,749.0
48.0,749.0
59.0,750.0
810.0,750.0
343.0,750.0
478.0,750.0
188.0,750.0
775.0,750.0
263.0,750.0
444.0,750.0
724.0,750.0
76.0,750.0
487.0,750.0
912.0,750.0
551.0,751.0
731.0,751.0
300.0,751.0
73.0,751.0
976.0,751.0
671.0,751.0
568.0,751.0
657.0,751.0
743.0,751.0
783.0,751.0
792.0,751.0
575.0,751.0
193.0,752.0
4.0,752.0
463.0,752.0
914.0,752.0
138.0,752.0
336.0,752.0
358.0,752.0
827.0,752.0
788.0,752.0
596.0,752.0
116.0,752.0
480.0,752.0
714.0,753.0
845.0,753.0
991.0,753.0
755.0,753.0
937.0,753.0
70.0,753.0
1031.0,753.0
648.0,753.0
908.0,753.0
136.0,753.0
541.0,753.0
719.0,753.0
512.0,754.0
276.0,754.0
361.0,754.0
609.0,754.0
652.0,754.0
157.0,754.0
462.0,754.0
437.0,754.0
252.0,754.0
336.0,754.0
545.0,754.0
642.0,754.0
156.0,755.0
4.0,755.0
78.0,755.0
725.0,755.0
952.0,755.0
667.0,755.0
695.0,755.0
889.0,755.0
932.0,755.0
219.0,755.0
304.0,755.0
1008.0,755.0
414.0,756.0
159.0,756.0
554.0,756.0
261.0,756.0
367.0,756.0
193.0,756.0
431.0,756.0
317.0,756.0
466.0,756.0
518.0,756.0
131.0,756.0
157.0,756.0
119.0,757.0
854.0,757.0
142.0,757.0
262.0,757.0
405.0,757.0
804.0,757.0
182.0,757.0
450.0,757.0
974.0,757.0
320.0,757.0
513.0,757.0
623.0,757.0
544.0,758.0
1030.0,758.0
656.0,758.0
422.0,758.0
218.0,758.0
817.0,758.0
590.0,758.0
208.0,758.0
701.0,758.0
447.0,758.0
741.0,758.0
275.0,758.0
436.0,759.0
411.0,759.0
649.0,759.0
428.0,759.0
103.0,759.0
648.0,759.0
156.0,759.0
281.0,759.0
397.0,759.0
889.0,759.0
265.0,759.0
877.0,759.0
232.0,760.0
179.0,760.0
665.0,760.0
740.0,760.0
857.0,760.0
579.0,760.0
516.0,760.0
89.0,760.0
469.0,760.0
524.0,760.0
821.0,760.0
753.0,760.0
303.0,761.0
986.0,761.0
370.0,761.0
36.0,761.0
288.0,761.0
260.0,761.0
4.0,761.0
673.0,761.0
22.0,761.0
323.0,761.0
111.0,761.0
447.0,761.0
316.0,762.0
583.0,762.0
341.0,762.0
314.0,762.0
390.0,762.0
605.0,762.0
382.0,762.0
862.0,762.0
736.0,762.0
628.0,762.0
796.0,762.0
855.0,762.0
1023.0,763.0
10.0,763.0
689.0,763.0
177.0,763.0
924.0,763.0
41.0,763.0
243.0,763.0
608.0,763.0
441.0,763.0
341.0,763.0
71.0,763.0
109.0,763.0
696.0,764.0
603.0,764.0
558.0,764.0
163.0,764.0
948.0,764.0
79.0,764.0
307.0,764.0
267.0,764.0
96.0,764.0
610.0,764.0
779.0,764.0
1016.0,764.0
1000.0,765.0
597.0,765.0
479.0,765.0
884.0,765.0
95.0,765.0
357.0,765.0
176.0,765.0
950.0,765.0
539.0,765.0
878.0,765.0
785.0,765.0
1003.0,765.0
441.0,766.0
474.0,766.0
506.0,766.0
948.0,766.0
386.0,766.0
521.0,766.0
440.0,766.0
718.0,766.0
1011.0,766.0
400.0,766.0
168.0,766.0
927.0,766.0
166.0,767.0
123.0,767.0
158.0,767.0
38.0,767.0
865.0,767.0
278.0,767.0
244.0,767.0
609.0,767.0
146.0,767.0
187.0,767.0
170.0,767.0
722.0,767.0
941.0,768.0
120.0,768.0
644.0,768.0
458.0,768.0
595.0,768.0
762.0,768.0
699.0,768.0
998.0,768.0
306.0,768.0
814.0,768.0
640.0,768.0
899.0,768.0
494.0,769.0
430.0,769.0
586.0,769.0
695.0,769.0
510.0,769.0
192.0,769.0
153.0,769.0
179.0,769.0
712.0,769.0
926.0,769.0
614.0,769.0
48.0,769.0
698.0,770.0
771.0,770.0
242.0,770.0
408.0,770.0
539.0,770.0
462.0,770.0
115.0,770.0
845.0,770.0
161.0,770.0
102.0,770.0
216.0,770.0
283.0,770.0
321.0,771.0
43.0,771.0
108.0,771.0
888.0,771.0
717.0,771.0
190.0,771.0
596.0,771.0
206.0,771.0
654.0,771.0
24.0,771.0
382.0,771.0
941.0,771.0
431.0,772.0
758.0,772.0
81.0,772.0
736.0,772.0
44.0,772.0
90.0,772.0
410.0,772.0
275.0,772.0
523.0,772.0
172.0,772.0
563.0,772.0
780.0,772.0
83.0,773.0
728.0,773.0
149.0,773.0
583.0,773.0
1035.0,773.0
1024.0,773.0
359.0,773.0
326.0,773.0
32.0,773.0
78.0,773.0
889.0,773.0
310.0,773.0
192.0,774.0
926.0,774.0
543.0,774.0
342.0,774.0
203.0,774.0
828.0,774.0
732.0,774.0
577.0,774.0
681.0,774.0
813.0,774.0
615.0,774.0
666.0,774.0
827.0,775.0
965.0,775.0
465.0,775.0
1006.0,775.0
412.0,775.0
940.0,775.0
11.0,775.0
956.0,775.0
649.0,775.0
754.0,775.0
893.0,775.0
425.0,775.0
1032.0,776.0
534.0,776.0
142.0,776.0
108.0,776.0
168.0,776.0
448.0,776.0
843.0,776.0
562.0,776.0
358.0,776.0
197.0,776.0
262.0,776.0
885.0,776.0
65.0,777.0
611.0,777.0
170.0,777.0
781.0,777.0
629.0,777.0
4.0,777.0
804.0,777.0
667.0,777.0
942.0,777.0
6.0,777.0
681.0,777.0
748.0,777.0
524.0,778.0
214.0,778.0
1004.0,778.0
121.0,778.0
1033.0,778.0
538.0,778.0
728.0,778.0
386.0,778.0
389.0,778.0
42.0,778.0
110.0,778.0
182.0,778.0
187.0,779.0
78.0,779.0
204.0,779.0
1025.0,779.0
298.0,779.0
327.0,779.0
138.0,779.0
252.0,779.0
371.0,779.0
894.0,779.0
483.0,779.0
12.0,779.0
246.0,780.0
82.0,780.0
326.0,780.0
410.0,780.0
245.0,780.0
346.0,780.0
929.0,780.0
876.0,780.0
148.0,780.0
650.0,780.0
806.0,780.0
1018.0,780.0
667.0,781.0
668.0,781.0
354.0,781.0
896.0,781.0
992.0,781.0
512.0,781.0
235.0,781.0
889.0,781.0
27.0,781.0
591.0,781.0
877.0,781.0
772.0,781.0
173.0,782.0
214.0,782.0
584.0,782.0
756.0,782.0
201.0,782.0
828.0,782.0
297.0,782.0
676.0,782.0
987.0,782.0
169.0,782.0
646.0,782.0
799.0,782.0
739.0,783.0
512.0,783.0
51.0,783.0
1010.0,783.0
643.0,783.0
503.0,783.0
227.0,783.0
454.0,783.0
257.0,783.0
751.0,783.0
383.0,783.0
873.0,783.0
651.0,784.0
739.0,784.0
345.0,784.0
1031.0,784.0
85.0,784.0
315.0,784.0
140.0,784.0
859.0,784.0
386.0,784.0
387.0,784.0
868.0,784.0
123.0,784.0
269.0,785.0
811.0,785.0
191.0,785.0
682.0,785.0
1020.0,785.0
428.0,785.0
900.0,785.0
719.0,785.0
281.0,785.0
366.0,785.0
830.0,785.0
525.0,785.0
320.0,786.0
69.0,786.0
188.0,786.0
615.0,786.0
192.0,786.0
774.0,786.0
21.0,786.0
1014.0,786.0
147.0,786.0
28.0,786.0
842.0,786.0
733.0,786.0
710.0,787.0
775.0,787.0
853.0,787.0
634.0,787.0
357.0,787.0
280.0,787.0
283.0,787.0
547.0,787.0
482.0,787.0
360.0,787.0
969.0,787.0
485.0,787.0
960.0,788.0
794.0,788.0
717.0,788.0
373.0,788.0
480.0,788.0
759.0,788.0
136.0,788.0
381.0,788.0
478.0,788.0
887.0,788.0
450.0,788.0
724.0,788.0
900.0,789.0
557.0,789.0
697.0,789.0
334.0,789.0
751.0,789.0
838.0,789.0
502.0,789.0
600.0,789.0
404.0,789.0
1007.0,789.0
376.0,789.0
568.0,789.0
640.0,790.0
374.0,790.0
368.0,790.0
976.0,790.0
473.0,790.0
902.0,790.0
339.0,790.0
275.0,790.0
712.0,790.0
1000.0,790.0
166.0,790.0
599.0,790.0
581.0,791.0
740.0,791.0
803.0,791.0
360.0,791.0
896.0,791.0
609.0,791.0
912.0,791.0
239.0,791.0
1003.0,791.0
705.0,791.0
276.0,791.0
597.0,791.0
703.0,792.0
592.0,792.0
1025.0,792.0
853.0,792.0
462.0,792.0
219.0,792.0
751.0,792.0
655.0,792.0
713.0,792.0
442.0,792.0
476.0,792.0
1018.0,792.0
159.0,793.0
322.0,793.0
890.0,793.0
293.0,793.0
351.0,793.0
400.0,793.0
738.0,793.0
639.0,793.0
815.0,793.0
166.0,793.0
253.0,793.0
561.0,793.0
566.0,794.0
799.0,794.0
213.0,794.0
573.0,794.0
116.0,794.0
172.0,794.0
511.0,794.0
228.0,794.0
238.0,794.0
748.0,794.0
22.0,794.0
3.0,794.0
964.0,795.0
44.0,795.0
856.0,795.0
946.0,795.0
411.0,795.0
493.0,795.0
809.0,795.0
974.0,795.0
414.0,795.0
235.0,795.0
163.0,795.0
530.0,795.0
93.0,796.0
88.0,796.0
911.0,796.0
240.0,796.0
338.0,796.0
918.0,796.0
884.0,796.0
722.0,796.0
639.0,796.0
200.0,796.0
463.0,796.0
870.0,796.0
649.0,797.0
646.0,797.0
207.0,797.0
510.0,797.0
956.0,797.0
350.0,797.0
362.0,797.0
268.0,797.0
86.0,797.0
621.0,797.0
827.0,797.0
444.0,797.0
253.0,798.0
130.0,798.0
1002.0,798.0
615.0,798.0
314.0,798.0
458.0,798.0
709.0,798.0
360.0,798.0
28.0,798.0
680.0,798.0
145.0,798.0
316.0,798.0
881.0,799.0
508.0,799.0
681.0,799.0
860.0,799.0
537.0,799.0
473.0,799.0
263.0,799.0
902.0,799.0
3.0,799.0
383.0,799.0
962.0,799.0
218.0,799.0
43.0,800.0
309.0,800.0
725.0,800.0
321.0,800.0
679.0,800.0
843.0,800.0
716.0,800.0
955.0,800.0
270.0,800.0
320.0,800.0
1034.0,800.0
459.0,800.0
542.0,801.0
1025.0,801.0
356.0,801.0
539.0,801.0
255.0,801.0
345.0,801.0
808.0,801.0
627.0,801.0
917.0,801.0
123.0,801.0
456.0,801.0
449.0,801.0
606.0,802.0
48.0,802.0
316.0,802.0
65.0,802.0
872.0,802.0
878.0,802.0
147.0,802.0
853.0,802.0
604.0,802.0
800.0,802.0
437.0,802.0
934.0,802.0
150.0,803.0
479.0,803.0
715.0,803.0
1014.0,803.0
777.0,803.0
973.0,803.0
499.0,803.0
756.0,803.0
787.0,803.0
539.0,803.0
705.0,803.0
900.0,803.0
358.0,804.0
160.0,804.0
507.0,804.0
976.0,804.0
205.0,804.0
819.0,804.0
409.0,804.0
553.0,804.0
842.0,804.0
799.0,804.0
991.0,804.0
764.0,804.0
189.0,805.0
462.0,805.0
735.0,805.0
845.0,805.0
163.0,805.0
196.0,805.0
304.0,805.0
112.0,805.0
746.0,805.0
182.0,805.0
907.0,805.0
417.0,805.0
928.0,806.0
366.0,806.0
118.0,806.0
910.0,806.0
906.0,806.0
568.0,806.0
747.0,806.0
1018.0,806.0
18.0,806.0
983.0,806.0
960.0,806.0
990.0,806.0
949.0,807.0
792.0,807.0
920.0,807.0
734.0,807.0
295.0,807.0
472.0,807.0
377.0,807.0
9.0,807.0
657.0,807.0
806.0,807.0
280.0,807.0
910.0,807.0
571.0,808.0
592.0,808.0
482.0,808.0
460.0,808.0
363.0,808.0
666.0,808.0
554.0,808.0
539.0,808.0
553.0,808.0
697.0,808.0
523.0,808.0
921.0,808.0
420.0,809.0
41.0,809.0
719.0,809.0
332.0,809.0
735.0,809.0
185.0,809.0
615.0,809.0
196.0,809.0
237.0,809.0
287.0,809.0
862.0,809.0
339.0,809.0
900.0,810.0
589.0,810.0
619.0,810.0
478.0,810.0
582.0,810.0
854.0,810.0
645.0,810.0
303.0,810.0
775.0,810.0
381.0,810.0
480.0,810.0
911.0,810.0
284.0,811.0
577.0,811.0
10.0,811.0
882.0,811.0
264.0,811.0
509.0,811.0
58.0,811.0
939.0,811.0
865.0,811.0
100.0,811.0
292.0,811.0
822.0,811.0
295.0,812.0
568.0,812.0
20.0,812.0
497.0,812.0
276.0,812.0
410.0,812.0
873.0,812.0
158.0,812.0
657.0,812.0
457.0,812.0
366.0,812.0
428.0,812.0
168.0,813.0
542.0,813.0
318.0,813.0
512.0,813.0
609.0,813.0
844.0,813.0
41.0,813.0
221.0,813.0
306.0,813.0
336.0,813.0
850.0,813.0
298.0,813.0
617.0,814.0
878.0,814.0
403.0,814.0
520.0,814.0
880.0,814.0
771.0,814.0
1008.0,814.0
615.0,814.0
1019.0,814.0
726.0,814.0
15.0,814.0
59.0,814.0
504.0,815.0
549.0,815.0
620.0,815.0
79.0,815.0
1013.0,815.0
846.0,815.0
967.0,815.0
95.0,815.0
950.0,815.0
856.0,815.0
165.0,815.0
273.0,815.0
346.0,816.0
849.0,816.0
105.0,816.0
222.0,816.0
251.0,816.0
772.0,816.0
272.0,816.0
22.0,816.0
157.0,816.0
399.0,816.0
929.0,816.0
289.0,816.0
36.0,817.0
346.0,817.0
289.0,817.0
570.0,817.0
908.0,817.0
812.0,817.0
272.0,817.0
323.0,817.0
422.0,817.0
816.0,817.0
824.0,817.0
905.0,817.0
14.0,818.0
552.0,818.0
370.0,818.0
337.0,818.0
1001.0,818.0
573.0,818.0
547.0,818.0
1028.0,818.0
495.0,818.0
280.0,818.0
792.0,818.0
682.0,818.0
425.0,819.0
430.0,819.0
998.0,819.0
207.0,819.0
59.0,819.0
750.0,819.0
116.0,819.0
445.0,819.0
831.0,819.0
745.0,819.0
373.0,819.0
215.0,819.0
175.0,820.0
925.0,820.0
610.0,820.0
900.0,820.0
1023.0,820.0
453.0,820.0
61.0,820.0
279.0,820.0
642.0,820.0
1012.0,820.0
1024.0,820.0
932.0,820.0
907.0,821.0
424.0,821.0
161.0,821.0
167.0,821.0
6.0,821.0
405.0,821.0
607.0,821.0
939.0,821.0
975.0,821.0
131.0,821.0
500.0,821.0
17.0,821.0
982.0,822.0
110.0,822.0
1003.0,822.0
294.0,822.0
1021.0,822.0
993.0,822.0
587.0,822.0
432.0,822.0
485.0,822.0
446.0,822.0
58.0,822.0
400.0,822.0
185.0,823.0
765.0,823.0
360.0,823.0
662.0,823.0
189.0,823.0
1.0,823.0
793.0,823.0
627.0,823.0
605.0,823.0
550.0,823.0
870.0,823.0
818.0,823.0
39.0,824.0
183.0,824.0
747.0,824.0
416.0,824.0
621.0,824.0
598.0,824.0
780.0,824.0
70.0,824.0
248.0,824.0
136.0,824.0
172.0,824.0
873.0,824.0
483.0,825.0
317.0,825.0
876.0,825.0
758.0,825.0
888.0,825.0
753.0,825.0
421.0,825.0
294.0,825.0
272.0,825.0
519.0,825.0
555.0,825.0
935.0,825.0
992.0,826.0
854.0,826.0
718.0,826.0
756.0,826.0
804.0,826.0
401.0,826.0
44.0,826.0
649.0,826.0
646.0,826.0
487.0,826.0
979.0,826.0
425.0,826.0
986.0,827.0
867.0,827.0
953.0,827.0
83.0,827.0
1000.0,827.0
962.0,827.0
55.0,827.0
64.0,827.0
1015.0,827.0
353.0,827.0
401.0,827.0
726.0,827.0
664.0,828.0
733.0,828.0
143.0,828.0
826.0,828.0
607.0,828.0
417.0,828.0
1035.0,828.0
267.0,828.0
853.0,828.0
686.0,828.0
976.0,828.0
597.0,828.0
418.0,829.0
721.0,829.0
309.0,829.0
387.0,829.0
331.0,829.0
166.0,829.0
845.0,829.0
73.0,829.0
553.0,829.0
778.0,829.0
1009.0,829.0
27.0,829.0
874.0,830.0
711.0,830.0
530.0,830.0
701.0,830.0
866.0,830.0
954.0,830.0
331.0,830.0
592.0,830.0
462.0,830.0
996.0,830.0
755.0,830.0
546.0,830.0
11.0,831.0
642.0,831.0
148.0,831.0
425.0,831.0
919.0,831.0
962.0,831.0
543.0,831.0
160.0,831.0
970.0,831.0
477.0,831.0
478.0,831.0
450.0,831.0
608.0,832.0
903.0,832.0
652.0,832.0
500.0,832.0
452.0,832.0
726.0,832.0
226.0,832.0
895.0,832.0
821.0,832.0
469.0,832.0
210.0,832.0
665.0,832.0
465.0,833.0
298.0,833.0
289.0,833.0
247.0,833.0
84.0,833.0
443.0,833.0
908.0,833.0
22.0,833.0
116.0,833.0
399.0,833.0
303.0,833.0
621.0,833.0
748.0,834.0
158.0,834.0
334.0,834.0
121.0,834.0
629.0,834.0
791.0,834.0
742.0,834.0
387.0,834.0
252.0,834.0
161.0,834.0
787.0,834.0
221.0,834.0
494.0,835.0
907.0,835.0
372.0,835.0
722.0,835.0
560.0,835.0
327.0,835.0
620.0,835.0
330.0,835.0
668.0,835.0
1003.0,835.0
608.0,835.0
226.0,835.0
112.0,836.0
948.0,836.0
542.0,836.0
728.0,836.0
993.0,836.0
521.0,836.0
840.0,836.0
187.0,836.0
38.0,836.0
871.0,836.0
862.0,836.0
492.0,836.0
75.0,837.0
491.0,837.0
241.0,837.0
374.0,837.0
313.0,837.0
860.0,837.0
533.0,837.0
1023.0,837.0
403.0,837.0
853.0,837.0
934.0,837.0
652.0,837.0
561.0,838.0
805.0,838.0
945.0,838.0
809.0,838.0
770.0,838.0
674.0,838.0
395.0,838.0
994.0,838.0
313.0,838.0
583.0,838.0
996.0,838.0
27.0,838.0
971.0,839.0
803.0,839.0
430.0,839.0
263.0,839.0
136.0,839.0
884.0,839.0
501.0,839.0
29.0,839.0
699.0,839.0
826.0,839.0
900.0,839.0
624.0,839.0
916.0,840.0
185.0,840.0
701.0,840.0
575.0,840.0
909.0,840.0
105.0,840.0
485.0,840.0
404.0,840.0
449.0,840.0
167.0,840.0
544.0,840.0
206.0,840.0
762.0,841.0
311.0,841.0
341.0,841.0
644.0,841.0
325.0,841.0
26.0,841.0
588.0,841.0
768.0,841.0
604.0,841.0
147.0,841.0
206.0,841.0
838.0,841.0
137.0,842.0
128.0,842.0
443.0,842.0
318.0,842.0
559.0,842.0
21.0,842.0
406.0,842.0
888.0,842.0
220.0,842.0
964.0,842.0
790.0,842.0
725.0,842.0
297.0,843.0
192.0,843.0
362.0,843.0
914.0,843.0
957.0,843.0
775.0,843.0
717.0,843.0
827.0,843.0
95.0,843.0
893.0,843.0
1022.0,843.0
207.0,843.0
944.0,844.0
586.0,844.0
862.0,844.0
20.0,844.0
179.0,844.0
773.0,844.0
554.0,844.0
473.0,844.0
741.0,844.0
442.0,844.0
890.0,844.0
967.0,844.0
964.0,845.0
608.0,845.0
837.0,845.0
932.0,845.0
910.0,845.0
531.0,845.0
251.0,845.0
668.0,845.0
290.0,845.0
659.0,845.0
235.0,845.0
15.0,845.0
690.0,846.0
155.0,846.0
456.0,846.0
1028.0,846.0
994.0,846.0
12.0,846.0
374.0,846.0
336.0,846.0
544.0,846.0
1012.0,846.0
501.0,846.0
290.0,846.0
665.0,847.0
991.0,847.0
755.0,847.0
1000.0,847.0
466.0,847.0
887.0,847.0
494.0,847.0
295.0,847.0
900.0,847.0
298.0,847.0
175.0,847.0
368.0,847.0
178.0,848.0
636.0,848.0
894.0,848.0
175.0,848.0
598.0,848.0
512.0,848.0
703.0,848.0
625.0,848.0
599.0,848.0
670.0,848.0
344.0,848.0
81.0,848.0
761.0,849.0
77.0,849.0
340.0,849.0
548.0,849.0
294.0,849.0
260.0,849.0
524.0,849.0
678.0,849.0
295.0,849.0
13.0,849.0
714.0,849.0
245.0,849.0
755.0,850.0
878.0,850.0
601.0,850.0
564.0,850.0
113.0,850.0
388.0,850.0
574.0,850.0
114.0,850.0
1015.0,850.0
433.0,850.0
614.0,850.0
214.0,850.0
835.0,851.0
52.0,851.0
277.0,851.0
376.0,851.0
284.0,851.0
134.0,851.0
140.0,851.0
653.0,851.0
422.0,851.0
195.0,851.0
312.0,851.0
790.0,851.0
395.0,852.0
687.0,852.0
925.0,852.0
907.0,852.0
575.0,852.0
176.0,852.0
219.0,852.0
49.0,852.0
208.0,852.0
967.0,852.0
736.0,852.0
845.0,852.0
414.0,853.0
584.0,853.0
332.0,853.0
504.0,853.0
423.0,853.0
1000.0,853.0
356.0,853.0
216.0,853.0
879.0,853.0
755.0,853.0
490.0,853.0
597.0,853.0
379.0,854.0
598.0,854.0
169.0,854.0
556.0,854.0
741.0,854.0
2.0,854.0
794.0,854.0
646.0,854.0
288.0,854.0
235.0,854.0
757.0,854.0
172.0,854.0
92.0,855.0
405.0,855.0
177.0,855.0
484.0,855.0
282.0,855.0
437.0,855.0
871.0,855.0
689.0,855.0
490.0,855.0
509.0,855.0
595.0,855.0
552.0,855.0
877.0,856.0
942.0,856.0
795.0,856.0
552.0,856.0
769.0,856.0
263.0,856.0
863.0,856.0
91.0,856.0
34.0,856.0
970.0,856.0
733.0,856.0
430.0,856.0
707.0,857.0
613.0,857.0
174.0,857.0
142.0,857.0
912.0,857.0
1020.0,857.0
425.0,857.0
477.0,857.0
797.0,857.0
668.0,857.0
880.0,857.0
670.0,857.0
761.0,858.0
780.0,858.0
621.0,858.0
295.0,858.0
661.0,858.0
447.0,858.0
908.0,858.0
764.0,858.0
83.0,858.0
516.0,858.0
2.0,858.0
973.0,858.0
237.0,859.0
241.0,859.0
587.0,859.0
249.0,859.0
905.0,859.0
770.0,859.0
593.0,859.0
162.0,859.0
871.0,859.0
1021.0,859.0
693.0,859.0
977.0,859.0
629.0,860.0
316.0,860.0
942.0,860.0
150.0,860.0
659.0,860.0
23.0,860.0
128.0,860.0
658.0,860.0
470.0,860.0
596.0,860.0
804.0,860.0
263.0,860.0
275.0,861.0
812.0,861.0
865.0,861.0
391.0,861.0
643.0,861.0
171.0,861.0
697.0,861.0
610.0,861.0
713.0,861.0
322.0,861.0
282.0,861.0
746.0,861.0
558.0,862.0
926.0,862.0
615.0,862.0
717.0,862.0
494.0,862.0
1035.0,862.0
871.0,862.0
334.0,862.0
620.0,862.0
352.0,862.0
640.0,862.0
24.0,862.0
1017.0,863.0
78.0,863.0
210.0,863.0
445.0,863.0
711.0,863.0
608.0,863.0
276.0,863.0
801.0,863.0
733.0,863.0
469.0,863.0
15.0,863.0
67.0,863.0
280.0,864.0
602.0,864.0
840.0,864.0
385.0,864.0
678.0,864.0
600.0,864.0
429.0,864.0
158.0,864.0
767.0,864.0
785.0,864.0
989.0,864.0
547.0,864.0
668.0,865.0
55.0,865.0
164.0,865.0
104.0,865.0
244.0,865.0
241.0,865.0
1003.0,865.0
187.0,865.0
605.0,865.0
20.0,865.0
99.0,865.0
881.0,865.0
330.0,866.0
540.0,866.0
327.0,866.0
698.0,866.0
706.0,866.0
1008.0,866.0
584.0,866.0
991.0,866.0
686.0,866.0
1006.0,866.0
1019.0,866.0
66.0,866.0
699.0,867.0
6.0,867.0
695.0,867.0
79.0,867.0
114.0,867.0
281.0,867.0
205.0,867.0
179.0,867.0
945.0,867.0
863.0,867.0
336.0,867.0
150.0,867.0
330.0,868.0
113.0,868.0
500.0,868.0
220.0,868.0
123.0,868.0
95.0,868.0
785.0,868.0
883.0,868.0
484.0,868.0
78.0,868.0
540.0,868.0
924.0,868.0
926.0,869.0
856.0,869.0
313.0,869.0
970.0,869.0
296.0,869.0
78.0,869.0
342.0,869.0
955.0,869.0
947.0,869.0
470.0,869.0
774.0,869.0
368.0,869.0
199.0,870.0
1021.0,870.0
354.0,870.0
441.0,870.0
93.0,870.0
261.0,870.0
446.0,870.0
423.0,870.0
693.0,870.0
966.0,870.0
495.0,870.0
315.0,870.0
1010.0,871.0
823.0,871.0
918.0,871.0
547.0,871.0
131.0,871.0
865.0,871.0
655.0,871.0
988.0,871.0
934.0,871.0
162.0,871.0
509.0,871.0
925.0,871.0
316.0,872.0
567.0,872.0
1002.0,872.0
120.0,872.0
930.0,872.0
217.0,872.0
177.0,872.0
200.0,872.0
109.0,872.0
763.0,872.0
248.0,872.0
837.0,872.0
692.0,873.0
541.0,873.0
442.0,873.0
742.0,873.0
280.0,873.0
118.0,873.0
910.0,873.0
503.0,873.0
789.0,873.0
353.0,873.0
148.0,873.0
525.0,873.0
539.0,874.0
408.0,874.0
618.0,874.0
935.0,874.0
83.0,874.0
339.0,874.0
755.0,874.0
659.0,874.0
102.0,874.0
235.0,874.0
997.0,874.0
168.0,874.0
651.0,875.0
536.0,875.0
13.0,875.0
175.0,875.0
963.0,875.0
380.0,875.0
1005.0,875.0
533.0,875.0
70.0,875.0
713.0,875.0
355.0,875.0
344.0,875.0
883.0,876.0
849.0,876.0
591.0,876.0
482.0,876.0
194.0,876.0
435.0,876.0
223.0,876.0
824.0,876.0
464.0,876.0
344.0,876.0
560.0,876.0
817.0,876.0
51.0,877.0
637.0,877.0
436.0,877.0
701.0,877.0
644.0,877.0
357.0,877.0
274.0,877.0
747.0,877.0
1020.0,877.0
290.0,877.0
949.0,877.0
266.0,877.0
114.0,878.0
630.0,878.0
735.0,878.0
113.0,878.0
304.0,878.0
458.0,878.0
738.0,878.0
403.0,878.0
632.0,878.0
235.0,878.0
26.0,878.0
65.0,878.0
232.0,879.0
681.0,879.0
695.0,879.0
903.0,879.0
531.0,879.0
42.0,879.0
73.0,879.0
769.0,879.0
380.0,879.0
287.0,879.0
748.0,879.0
155.0,879.0
54.0,880.0
857.0,880.0
725.0,880.0
499.0,880.0
482.0,880.0
975.0,880.0
533.0,880.0
98.0,880.0
342.0,880.0
737.0,880.0
385.0,880.0
128.0,880.0
636.0,881.0
507.0,881.0
30.0,881.0
431.0,881.0
493.0,881.0
597.0,881.0
383.0,881.0
563.0,881.0
50.0,881.0
938.0,881.0
279.0,881.0
764.0,881.0
53.0,882.0
225.0,882.0
694.0,882.0
801.0,882.0
241.0,882.0
492.0,882.0
639.0,882.0
400.0,882.0
498.0,882.0
299.0,882.0
456.0,882.0
446.0,882.0
922.0,883.0
1004.0,883.0
992.0,883.0
119.0,883.0
803.0,883.0
546.0,883.0
334.0,883.0
349.0,883.0
736.0,883.0
404.0,883.0
1029.0,883.0
770.0,883.0
934.0,884.0
895.0,884.0
926.0,884.0
672.0,884.0
777.0,884.0
427.0,884.0
740.0,884.0
641.0,884.0
770.0,884.0
357.0,884.0
370.0,884.0
228.0,884.0
9.0,885.0
664.0,885.0
695.0,885.0
169.0,885.0
106.0,885.0
297.0,885.0
757.0,885.0
777.0,885.0
488.0,885.0
173.0,885.0
361.0,885.0
843.0,885.0
435.0,886.0
910.0,886.0
650.0,886.0
638.0,886.0
514.0,886.0
123.0,886.0
631.0,886.0
151.0,886.0
623.0,886.0
295.0,886.0
998.0,886.0
311.0,886.0
931.0,887.0
430.0,887.0
707.0,887.0
698.0,887.0
894.0,887.0
924.0,887.0
712.0,887.0
176.0,887.0
803.0,887.0
78.0,887.0
445.0,887.0
710.0,887.0
380.0,888.0
564.0,888.0
132.0,888.0
786.0,888.0
177.0,888.0
176.0,888.0
469.0,888.0
397.0,888.0
813.0,888.0
697.0,888.0
43.0,888.0
1013.0,888.0
575.0,889.0
1007.0,889.0
78.0,889.0
407.0,889.0
912.0,889.0
877.0,889.0
288.0,889.0
775.0,889.0
332.0,889.0
79.0,889.0
967.0,889.0
261.0,889.0
531.0,890.0
94.0,890.0
706.0,890.0
424.0,890.0
0.0,890.0
15.0,890.0
61.0,890.0
546.0,890.0
973.0,890.0
130.0,890.0
436.0,890.0
683.0,890.0
72.0,891.0
257.0,891.0
186.0,891.0
118.0,891.0
457.0,891.0
229.0,891.0
861.0,891.0
158.0,891.0
874.0,891.0
151.0,891.0
453.0,891.0
310.0,891.0
36.0,892.0
595.0,892.0
456.0,892.0
423.0,892.0
86.0,892.0
128.0,892.0
215.0,892.0
125.0,892.0
980.0,892.0
646.0,892.0
48.0,892.0
564.0,892.0
258.0,893.0
174.0,893.0
369.0,893.0
148.0,893.0
436.0,893.0
501.0,893.0
943.0,893.0
448.0,893.0
591.0,893.0
156.0,893.0
997.0,893.0
960.0,893.0
575.0,894.0
563.0,894.0
657.0,894.0
566.0,894.0
55.0,894.0
507.0,894.0
15.0,894.0
942.0,894.0
687.0,894.0
385.0,894.0
498.0,894.0
83.0,894.0
1007.0,895.0
855.0,895.0
231.0,895.0
699.0,895.0
777.0,895.0
691.0,895.0
863.0,895.0
1017.0,895.0
608.0,895.0
967.0,895.0
912.0,895.0
871.0,895.0
20.0,896.0
770.0,896.0
934.0,896.0
484.0,896.0
699.0,896.0
576.0,896.0
204.0,896.0
939.0,896.0
725.0,896.0
437.0,896.0
224.0,896.0
342.0,896.0
494.0,897.0
159.0,897.0
1005.0,897.0
156.0,897.0
981.0,897.0
594.0,897.0
772.0,897.0
117.0,897.0
794.0,897.0
559.0,897.0
985.0,897.0
580.0,897.0
14.0,898.0
977.0,898.0
73.0,898.0
422.0,898.0
568.0,898.0
703.0,898.0
185.0,898.0
472.0,898.0
783.0,898.0
324.0,898.0
901.0,898.0
134.0,898.0
980.0,899.0
152.0,899.0
546.0,899.0
314.0,899.0
828.0,899.0
614.0,899.0
68.0,899.0
719.0,899.0
562.0,899.0
375.0,899.0
144.0,899.0
490.0,899.0
370.0,900.0
667.0,900.0
687.0,900.0
80.0,900.0
550.0,900.0
907.0,900.0
475.0,900.0
196.0,900.0
188.0,900.0
203.0,900.0
151.0,900.0
318.0,900.0
574.0,901.0
673.0,901.0
343.0,901.0
666.0,901.0
20.0,901.0
557.0,901.0
35.0,901.0
213.0,901.0
578.0,901.0
302.0,901.0
977.0,901.0
910.0,901.0
431.0,902.0
890.0,902.0
933.0,902.0
470.0,902.0
583.0,902.0
1004.0,902.0
512.0,902.0
189.0,902.0
56.0,902.0
83.0,902.0
368.0,902.0
188.0,902.0
564.0,903.0
120.0,903.0
125.0,903.0
468.0,903.0
389.0,903.0
494.0,903.0
299.0,903.0
128.0,903.0
36.0,903.0
179.0,903.0
395.0,903.0
1000.0,903.0
200.0,904.0
278.0,904.0
632.0,904.0
663.0,904.0
561.0,904.0
918.0,904.0
349.0,904.0
404.0,904.0
593.0,904.0
398.0,904.0
338.0,904.0
93.0,904.0
738.0,905.0
742.0,905.0
844.0,905.0
356.0,905.0
103.0,905.0
840.0,905.0
566.0,905.0
954.0,905.0
23.0,905.0
430.0,905.0
442.0,905.0
879.0,905.0
359.0,906.0
482.0,906.0
916.0,906.0
600.0,906.0
334.0,906.0
428.0,906.0
453.0,906.0
570.0,906.0
60.0,906.0
544.0,906.0
744.0,906.0
73.0,906.0
168.0,907.0
411.0,907.0
439.0,907.0
261.0,907.0
334.0,907.0
743.0,907.0
163.0,907.0
452.0,907.0
224.0,907.0
501.0,907.0
361.0,907.0
372.0,907.0
279.0,908.0
324.0,908.0
940.0,908.0
772.0,908.0
217.0,908.0
642.0,908.0
788.0,908.0
410.0,908.0
729.0,908.0
344.0,908.0
122.0,908.0
84.0,908.0
861.0,909.0
622.0,909.0
491.0,909.0
916.0,909.0
182.0,909.0
732.0,909.0
597.0,909.0
921.0,909.0
686.0,909.0
370.0,909.0
257.0,909.0
391.0,909.0
222.0,910.0
228.0,910.0
324.0,910.0
294.0,910.0
557.0,910.0
670.0,910.0
82.0,910.0
1007.0,910.0
105.0,910.0
502.0,910.0
889.0,910.0
633.0,910.0
143.0,911.0
122.0,911.0
326.0,911.0
929.0,911.0
488.0,911.0
758.0,911.0
649.0,911.0
24.0,911.0
270.0,911.0
180.0,911.0
777.0,911.0
169.0,911.0
815.0,912.0
1008.0,912.0
539.0,912.0
844.0,912.0
212.0,912.0
742.0,912.0
754.0,912.0
552.0,912.0
379.0,912.0
530.0,912.0
697.0,912.0
764.0,912.0
744.0,913.0
933.0,913.0
339.0,913.0
759.0,913.0
971.0,913.0
499.0,913.0
640.0,913.0
103.0,913.0
514.0,913.0
690.0,913.0
427.0,913.0
158.0,913.0
775.0,914.0
777.0,914.0
343.0,914.0
281.0,914.0
526.0,914.0
258.0,914.0
69.0,914.0
373.0,914.0
56.0,914.0
773.0,914.0
136.0,914.0
408.0,914.0
85.0,915.0
783.0,915.0
635.0,915.0
789.0,915.0
600.0,915.0
770.0,915.0
1025.0,915.0
950.0,915.0
302.0,915.0
118.0,915.0
657.0,915.0
228.0,915.0
329.0,916.0
252.0,916.0
948.0,916.0
698.0,916.0
137.0,916.0
781.0,916.0
516.0,916.0
622.0,916.0
765.0,916.0
1010.0,916.0
533.0,916.0
255.0,916.0
354.0,917.0
517.0,917.0
429.0,917.0
870.0,917.0
61.0,917.0
908.0,917.0
527.0,917.0
345.0,917.0
411.0,917.0
1033.0,917.0
274.0,917.0
624.0,917.0
903.0,918.0
637.0,918.0
572.0,918.0
97.0,918.0
993.0,918.0
663.0,918.0
456.0,918.0
948.0,918.0
763.0,918.0
79.0,918.0
576.0,918.0
784.0,918.0
894.0,919.0
23.0,919.0
149.0,919.0
1027.0,919.0
733.0,919.0
974.0,919.0
683.0,919.0
75.0,919.0
12.0,919.0
288.0,919.0
577.0,919.0
764.0,919.0
205.0,920.0
909.0,920.0
944.0,920.0
990.0,920.0
377.0,920.0
840.0,920.0
886.0,920.0
503.0,920.0
541.0,920.0
546.0,920.0
783.0,920.0
560.0,920.0
678.0,921.0
835.0,921.0
367.0,921.0
411.0,921.0
554.0,921.0
546.0,921.0
122.0,921.0
421.0,921.0
992.0,921.0
208.0,921.0
284.0,921.0
503.0,921.0
1008.0,922.0
27.0,922.0
310.0,922.0
12.0,922.0
163.0,922.0
130.0,922.0
157.0,922.0
660.0,922.0
172.0,922.0
566.0,922.0
642.0,922.0
371.0,922.0
705.0,923.0
163.0,923.0
107.0,923.0
537.0,923.0
423.0,923.0
372.0,923.0
964.0,923.0
61.0,923.0
805.0,923.0
414.0,923.0
839.0,923.0
996.0,923.0
497.0,924.0
150.0,924.0
221.0,924.0
117.0,924.0
4.0,924.0
327.0,924.0
182.0,924.0
214.0,924.0
695.0,924.0
760.0,924.0
923.0,924.0
415.0,924.0
290.0,925.0
648.0,925.0
428.0,925.0
89.0,925.0
646.0,925.0
287.0,925.0
438.0,925.0
956.0,925.0
357.0,925.0
722.0,925.0
504.0,925.0
533.0,925.0
929.0,926.0
1020.0,926.0
902.0,926.0
668.0,926.0
431.0,926.0
372.0,926.0
56.0,926.0
159.0,926.0
524.0,926.0
243.0,926.0
804.0,926.0
615.0,926.0
140.0,927.0
629.0,927.0
801.0,927.0
547.0,927.0
713.0,927.0
485.0,927.0
993.0,927.0
695.0,927.0
244.0,927.0
678.0,927.0
977.0,927.0
252.0,927.0
73.0,928.0
1029.0,928.0
176.0,928.0
670.0,928.0
406.0,928.0
746.0,928.0
222.0,928.0
251.0,928.0
380.0,928.0
178.0,928.0
847.0,928.0
820.0,928.0
620.0,929.0
251.0,929.0
160.0,929.0
928.0,929.0
985.0,929.0
11.0,929.0
455.0,929.0
442.0,929.0
383.0,929.0
910.0,929.0
464.0,929.0
72.0,929.0
31.0,930.0
993.0,930.0
946.0,930.0
248.0,930.0
467.0,930.0
680.0,930.0
912.0,930.0
161.0,930.0
601.0,930.0
964.0,930.0
500.0,930.0
999.0,930.0
755.0,931.0
189.0,931.0
916.0,931.0
856.0,931.0
98.0,931.0
1020.0,931.0
254.0,931.0
272.0,931.0
516.0,931.0
1007.0,931.0
956.0,931.0
212.0,931.0
151.0,932.0
1004.0,932.0
634.0,932.0
219.0,932.0
964.0,932.0
286.0,932.0
553.0,932.0
623.0,932.0
501.0,932.0
730.0,932.0
189.0,932.0
890.0,932.0
840.0,933.0
29.0,933.0
491.0,933.0
538.0,933.0
486.0,933.0
450.0,933.0
479.0,933.0
614.0,933.0
261.0,933.0
384.0,933.0
545.0,933.0
416.0,933.0
850.0,934.0
760.0,934.0
676.0,934.0
620.0,934.0
774.0,934.0
518.0,934.0
932.0,934.0
211.0,934.0
449.0,934.0
903.0,934.0
121.0,934.0
15.0,934.0
246.0,935.0
251.0,935.0
656.0,935.0
343.0,935.0
598.0,935.0
881.0,935.0
609.0,935.0
107.0,935.0
758.0,935.0
98.0,935.0
666.0,935.0
127.0,935.0
1022.0,936.0
430.0,936.0
885.0,936.0
174.0,936.0
954.0,936.0
1015.0,936.0
585.0,936.0
957.0,936.0
297.0,936.0
362.0,936.0
270.0,936.0
399.0,936.0
638.0,937.0
724.0,937.0
741.0,937.0
218.0,937.0
810.0,937.0
523.0,937.0
443.0,937.0
79.0,937.0
206.0,937.0
127.0,937.0
410.0,937.0
536.0,937.0
370.0,938.0
889.0,938.0
642.0,938.0
395.0,938.0
372.0,938.0
558.0,938.0
997.0,938.0
234.0,938.0
1014.0,938.0
620.0,938.0
320.0,938.0
746.0,938.0
719.0,939.0
97.0,939.0
334.0,939.0
762.0,939.0
66.0,939.0
10.0,939.0
554.0,939.0
760.0,939.0
867.0,939.0
1008.0,939.0
680.0,939.0
51.0,939.0
935.0,940.0
276.0,940.0
963.0,940.0
122.0,940.0
511.0,940.0
285.0,940.0
535.0,940.0
625.0,940.0
167.0,940.0
303.0,940.0
824.0,940.0
236.0,940.0
1011.0,941.0
397.0,941.0
187.0,941.0
844.0,941.0
693.0,941.0
157.0,941.0
500.0,941.0
97.0,941.0
1002.0,941.0
932.0,941.0
161.0,941.0
111.0,941.0
944.0,942.0
436.0,942.0
32.0,942.0
920.0,942.0
327.0,942.0
217.0,942.0
830.0,942.0
250.0,942.0
563.0,942.0
407.0,942.0
181.0,942.0
839.0,942.0
757.0,943.0
940.0,943.0
384.0,943.0
889.0,943.0
149.0,943.0
831.0,943.0
645.0,943.0
526.0,943.0
285.0,943.0
847.0,943.0
373.0,943.0
580.0,943.0
198.0,944.0
719.0,944.0
204.0,944.0
304.0,944.0
307.0,944.0
856.0,944.0
438.0,944.0
631.0,944.0
187.0,944.0
29.0,944.0
155.0,944.0
218.0,944.0
395.0,945.0
755.0,945.0
695.0,945.0
442.0,945.0
768.0,945.0
611.0,945.0
167.0,945.0
815.0,945.0
166.0,945.0
187.0,945.0
514.0,945.0
871.0,945.0
427.0,946.0
491.0,946.0
748.0,946.0
308.0,946.0
556.0,946.0
777.0,946.0
176.0,946.0
220.0,946.0
210.0,946.0
486.0,946.0
571.0,946.0
510.0,946.0
436.0,947.0
407.0,947.0
615.0,947.0
406.0,947.0
262.0,947.0
156.0,947.0
102.0,947.0
378.0,947.0
827.0,947.0
100.0,947.0
196.0,947.0
450.0,947.0
130.0,948.0
1006.0,948.0
357.0,948.0
87.0,948.0
25.0,948.0
737.0,948.0
583.0,948.0
740.0,948.0
179.0,948.0
191.0,948.0
795.0,948.0
1014.0,948.0
301.0,949.0
736.0,949.0
1013.0,949.0
556.0,949.0
570.0,949.0
257.0,949.0
369.0,949.0
993.0,949.0
428.0,949.0
203.0,949.0
920.0,949.0
662.0,949.0
705.0,950.0
38.0,950.0
335.0,950.0
1029.0,950.0
196.0,950.0
605.0,950.0
387.0,950.0
154.0,950.0
934.0,950.0
852.0,950.0
187.0,950.0
216.0,950.0
741.0,951.0
730.0,951.0
849.0,951.0
251.0,951.0
13.0,951.0
761.0,951.0
324.0,951.0
908.0,951.0
833.0,951.0
590.0,951.0
122.0,951.0
638.0,951.0
82.0,952.0
447.0,952.0
928.0,952.0
1027.0,952.0
331.0,952.0
817.0,952.0
231.0,952.0
181.0,952.0
666.0,952.0
301.0,952.0
556.0,952.0
431.0,952.0
831.0,953.0
281.0,953.0
550.0,953.0
526.0,953.0
32.0,953.0
361.0,953.0
157.0,953.0
368.0,953.0
757.0,953.0
330.0,953.0
752.0,953.0
405.0,953.0
0.0,954.0
254.0,954.0
492.0,954.0
970.0,954.0
318.0,954.0
1027.0,954.0
759.0,954.0
228.0,954.0
922.0,954.0
360.0,954.0
853.0,954.0
1009.0,954.0
925.0,955.0
854.0,955.0
75.0,955.0
933.0,955.0
30.0,955.0
867.0,955.0
80.0,955.0
795.0,955.0
1023.0,955.0
821.0,955.0
490.0,955.0
70.0,955.0
69.0,956.0
607.0,956.0
729.0,956.0
1009.0,956.0
668.0,956.0
384.0,956.0
464.0,956.0
98.0,956.0
512.0,956.0
421.0,956.0
270.0,956.0
539.0,956.0
716.0,957.0
230.0,957.0
201.0,957.0
256.0,957.0
405.0,957.0
827.0,957.0
305.0,957.0
297.0,957.0
585.0,957.0
207.0,957.0
947.0,957.0
448.0,957.0
669.0,958.0
102.0,958.0
414.0,958.0
389.0,958.0
458.0,958.0
30.0,958.0
802.0,958.0
91.0,958.0
209.0,958.0
276.0,958.0
482.0,958.0
445.0,958.0
389.0,959.0
706.0,959.0
552.0,959.0
367.0,959.0
269.0,959.0
378.0,959.0
546.0,959.0
466.0,959.0
530.0,959.0
203.0,959.0
719.0,959.0
6.0,959.0
746.0,960.0
220.0,960.0
881.0,960.0
507.0,960.0
525.0,960.0
427.0,960.0
323.0,960.0
897.0,960.0
1030.0,960.0
383.0,960.0
483.0,960.0
67.0,960.0
662.0,961.0
78.0,961.0
277.0,961.0
659.0,961.0
140.0,961.0
813.0,961.0
905.0,961.0
778.0,961.0
492.0,961.0
515.0,961.0
695.0,961.0
228.0,961.0
841.0,962.0
440.0,962.0
148.0,962.0
536.0,962.0
507.0,962.0
757.0,962.0
373.0,962.0
250.0,962.0
450.0,962.0
213.0,962.0
839.0,962.0
645.0,962.0
16.0,963.0
182.0,963.0
247.0,963.0
790.0,963.0
149.0,963.0
379.0,963.0
175.0,963.0
919.0,963.0
401.0,963.0
995.0,963.0
535.0,963.0
478.0,963.0
370.0,964.0
706.0,964.0
301.0,964.0
81.0,964.0
330.0,964.0
961.0,964.0
556.0,964.0
438.0,964.0
363.0,964.0
24.0,964.0
380.0,964.0
111.0,964.0
191.0,965.0
496.0,965.0
519.0,965.0
935.0,965.0
246.0,965.0
718.0,965.0
136.0,965.0
651.0,965.0
1006.0,965.0
501.0,965.0
536.0,965.0
183.0,965.0
31.0,966.0
722.0,966.0
853.0,966.0
442.0,966.0
259.0,966.0
763.0,966.0
65.0,966.0
179.0,966.0
182.0,966.0
863.0,966.0
813.0,966.0
517.0,966.0
1014.0,967.0
558.0,967.0
973.0,967.0
294.0,967.0
25.0,967.0
989.0,967.0
961.0,967.0
889.0,967.0
890.0,967.0
659.0,967.0
1019.0,967.0
414.0,967.0
917.0,968.0
784.0,968.0
63.0,968.0
629.0,968.0
474.0,968.0
85.0,968.0
101.0,968.0
675.0,968.0
364.0,968.0
978.0,968.0
57.0,968.0
939.0,968.0
792.0,969.0
889.0,969.0
939.0,969.0
171.0,969.0
335.0,969.0
577.0,969.0
336.0,969.0
994.0,969.0
778.0,969.0
967.0,969.0
446.0,969.0
583.0,969.0
301.0,970.0
725.0,970.0
867.0,970.0
430.0,970.0
958.0,970.0
296.0,970.0
243.0,970.0
283.0,970.0
640.0,970.0
368.0,970.0
286.0,970.0
17.0,970.0
908.0,971.0
370.0,971.0
361.0,971.0
1019.0,971.0
508.0,971.0
558.0,971.0
516.0,971.0
711.0,971.0
586.0,971.0
795.0,971.0
408.0,971.0
997.0,971.0
993.0,972.0
216.0,972.0
61.0,972.0
801.0,972.0
140.0,972.0
517.0,972.0
552.0,972.0
561.0,972.0
110.0,972.0
58.0,972.0
351.0,972.0
927.0,972.0
208.0,973.0
597.0,973.0
879.0,973.0
711.0,973.0
466.0,973.0
524.0,973.0
571.0,973.0
395.0,973.0
594.0,973.0
900.0,973.0
607.0,973.0
732.0,973.0
47.0,974.0
33.0,974.0
268.0,974.0
857.0,974.0
534.0,974.0
159.0,974.0
997.0,974.0
989.0,974.0
1031.0,974.0
523.0,974.0
106.0,974.0
715.0,974.0
318.0,975.0
466.0,975.0
409.0,975.0
777.0,975.0
328.0,975.0
360.0,975.0
706.0,975.0
210.0,975.0
79.0,975.0
1016.0,975.0
769.0,975.0
603.0,975.0
136.0,976.0
117.0,976.0
877.0,976.0
530.0,976.0
942.0,976.0
29.0,976.0
558.0,976.0
954.0,976.0
125.0,976.0
842.0,976.0
563.0,976.0
947.0,976.0
944.0,977.0
991.0,977.0
12.0,977.0
890.0,977.0
969.0,977.0
27.0,977.0
102.0,977.0
721.0,977.0
165.0,977.0
883.0,977.0
1013.0,977.0
105.0,977.0
964.0,978.0
167.0,978.0
26.0,978.0
732.0,978.0
67.0,978.0
651.0,978.0
1.0,978.0
264.0,978.0
900.0,978.0
397.0,978.0
442.0,978.0
538.0,978.0
733.0,979.0
193.0,979.0
537.0,979.0
389.0,979.0
559.0,979.0
445.0,979.0
261.0,979.0
328.0,979.0
944.0,979.0
17.0,979.0
1023.0,979.0
531.0,979.0
86.0,980.0
114.0,980.0
768.0,980.0
874.0,980.0
144.0,980.0
510.0,980.0
388.0,980.0
786.0,980.0
22.0,980.0
879.0,980.0
48.0,980.0
727.0,980.0
151.0,981.0
523.0,981.0
421.0,981.0
948.0,981.0
839.0,981.0
881.0,981.0
384.0,981.0
660.0,981.0
307.0,981.0
466.0,981.0
313.0,981.0
573.0,981.0
383.0,982.0
140.0,982.0
322.0,982.0
666.0,982.0
612.0,982.0
356.0,982.0
429.0,982.0
521.0,982.0
440.0,982.0
424.0,982.0
516.0,982.0
216.0,982.0
598.0,983.0
194.0,983.0
34.0,983.0
783.0,983.0
806.0,983.0
256.0,983.0
886.0,983.0
175.0,983.0
141.0,983.0
1001.0,983.0
674.0,983.0
251.0,983.0
280.0,984.0
612.0,984.0
277.0,984.0
290.0,984.0
392.0,984.0
729.0,984.0
622.0,984.0
522.0,984.0
829.0,984.0
698.0,984.0
503.0,984.0
678.0,984.0
541.0,985.0
381.0,985.0
83.0,985.0
23.0,985.0
949.0,985.0
402.0,985.0
358.0,985.0
22.0,985.0
827.0,985.0
151.0,985.0
824.0,985.0
1019.0,985.0
207.0,986.0
956.0,986.0
947.0,986.0
343.0,986.0
155.0,986.0
931.0,986.0
487.0,986.0
646.0,986.0
985.0,986.0
914.0,986.0
937.0,986.0
206.0,986.0
270.0,987.0
957.0,987.0
718.0,987.0
215.0,987.0
334.0,987.0
699.0,987.0
119.0,987.0
254.0,987.0
388.0,987.0
417.0,987.0
220.0,987.0
330.0,987.0
48.0,988.0
993.0,988.0
587.0,988.0
770.0,988.0
1006.0,988.0
966.0,988.0
924.0,988.0
790.0,988.0
767.0,988.0
290.0,988.0
930.0,988.0
809.0,988.0
473.0,989.0
978.0,989.0
296.0,989.0
266.0,989.0
970.0,989.0
968.0,989.0
196.0,989.0
724.0,989.0
684.0,989.0
1029.0,989.0
23.0,989.0
877.0,989.0
82.0,990.0
181.0,990.0
688.0,990.0
363.0,990.0
76.0,990.0
889.0,990.0
175.0,990.0
674.0,990.0
631.0,990.0
733.0,990.0
732.0,990.0
81.0,990.0
767.0,991.0
682.0,991.0
538.0,991.0
47.0,991.0
736.0,991.0
755.0,991.0
40.0,991.0
304.0,991.0
531.0,991.0
954.0,991.0
1023.0,991.0
1006.0,991.0
684.0,992.0
771.0,992.0
926.0,992.0
282.0,992.0
513.0,992.0
946.0,992.0
866.0,992.0
550.0,992.0
553.0,992.0
938.0,992.0
660.0,992.0
287.0,992.0
400.0,993.0
905.0,993.0
984.0,993.0
1025.0,993.0
456.0,993.0
140.0,993.0
386.0,993.0
162.0,993.0
423.0,993.0
694.0,993.0
587.0,993.0
216.0,993.0
331.0,994.0
470.0,994.0
138.0,994.0
396.0,994.0
575.0,994.0
66.0,994.0
507.0,994.0
78.0,994.0
523.0,994.0
922.0,994.0
874.0,994.0
310.0,994.0
819.0,995.0
174.0,995.0
305.0,995.0
826.0,995.0
612.0,995.0
160.0,995.0
64.0,995.0
955.0,995.0
448.0,995.0
488.0,995.0
585.0,995.0
116.0,995.0
1000.0,996.0
332.0,996.0
765.0,996.0
165.0,996.0
979.0,996.0
830.0,996.0
687.0,996.0
865.0,996.0
244.0,996.0
137.0,996.0
889.0,996.0
1023.0,996.0
967.0,997.0
1007.0,997.0
674.0,997.0
205.0,997.0
971.0,997.0
87.0,997.0
718.0,997.0
323.0,997.0
894.0,997.0
908.0,997.0
281.0,997.0
563.0,997.0
381.0,998.0
683.0,998.0
478.0,998.0
127.0,998.0
207.0,998.0
975.0,998.0
842.0,998.0
169.0,998.0
36.0,998.0
401.0,998.0
236.0,998.0
473.0,998.0
249.0,999.0
1026.0,999.0
200.0,999.0
237.0,999.0
211.0,999.0
964.0,999.0
304.0,999.0
930.0,999.0
927.0,999.0
452.0,999.0
509.0,999.0
17.0,999.0
473.0,1000.0
711.0,1000.0
27.0,1000.0
438.0,1000.0
959.0,1000.0
878.0,1000.0
583.0,1000.0
372.0,1000.0
550.0,1000.0
368.0,1000.0
24.0,1000.0
159.0,1000.0
990.0,1001.0
78.0,1001.0
983.0,1001.0
481.0,1001.0
965.0,1001.0
271.0,1001.0
848.0,1001.0
780.0,1001.0
289.0,1001.0
1024.0,1001.0
778.0,1001.0
340.0,1001.0
630.0,1002.0
239.0,1002.0
762.0,1002.0
164.0,1002.0
345.0,1002.0
444.0,1002.0
209.0,1002.0
38.0,1002.0
888.0,1002.0
689.0,1002.0
259.0,1002.0
735.0,1002.0
57.0,1003.0
1031.0,1003.0
24.0,1003.0
808.0,1003.0
472.0,1003.0
218.0,1003.0
498.0,1003.0
944.0,1003.0
925.0,1003.0
449.0,1003.0
414.0,1003.0
728.0,1003.0
1035.0,1004.0
9.0,1004.0
767.0,1004.0
326.0,1004.0
660.0,1004.0
860.0,1004.0
330.0,1004.0
586.0,1004.0
75.0,1004.0
273.0,1004.0
165.0,1004.0
749.0,1004.0
491.0,1005.0
889.0,1005.0
132.0,1005.0
292.0,1005.0
172.0,1005.0
150.0,1005.0
455.0,1005.0
16.0,1005.0
875.0,1005.0
32.0,1005.0
931.0,1005.0
268.0,1005.0
369.0,1006.0
916.0,1006.0
687.0,1006.0
12.0,1006.0
1010.0,1006.0
724.0,1006.0
769.0,1006.0
740.0,1006.0
456.0,1006.0
417.0,1006.0
206.0,1006.0
130.0,1006.0
869.0,1007.0
15.0,1007.0
977.0,1007.0
503.0,1007.0
697.0,1007.0
462.0,1007.0
846.0,1007.0
407.0,1007.0
91.0,1007.0
959.0,1007.0
672.0,1007.0
146.0,1007.0
130.0,1008.0
785.0,1008.0
363.0,1008.0
749.0,1008.0
74.0,1008.0
668.0,1008.0
996.0,1008.0
543.0,1008.0
228.0,1008.0
514.0,1008.0
497.0,1008.0
684.0,1008.0
292.0,1009.0
718.0,1009.0
844.0,1009.0
524.0,1009.0
874.0,1009.0
853.0,1009.0
423.0,1009.0
66.0,1009.0
102.0,1009.0
32.0,1009.0
887.0,1009.0
150.0,1009.0
472.0,1010.0
155.0,1010.0
374.0,1010.0
1031.0,1010.0
955.0,1010.0
498.0,1010.0
736.0,1010.0
105.0,1010.0
671.0,1010.0
655.0,1010.0
241.0,1010.0
463.0,1010.0
501.0,1011.0
955.0,1011.0
261.0,1011.0
695.0,1011.0
467.0,1011.0
769.0,1011.0
462.0,1011.0
387.0,1011.0
731.0,1011.0
912.0,1011.0
835.0,1011.0
612.0,1011.0
698.0,1012.0
430.0,1012.0
542.0,1012.0
19.0,1012.0
895.0,1012.0
860.0,1012.0
522.0,1012.0
339.0,1012.0
329.0,1012.0
584.0,1012.0
127.0,1012.0
387.0,1012.0
383.0,1013.0
266.0,1013.0
76.0,1013.0
538.0,1013.0
561.0,1013.0
648.0,1013.0
325.0,1013.0
34.0,1013.0
557.0,1013.0
227.0,1013.0
661.0,1013.0
574.0,1013.0
75.0,1014.0
335.0,1014.0
991.0,1014.0
449.0,1014.0
286.0,1014.0
296.0,1014.0
373.0,1014.0
659.0,1014.0
564.0,1014.0
301.0,1014.0
170.0,1014.0
210.0,1014.0
977.0,1015.0
814.0,1015.0
1022.0,1015.0
617.0,1015.0
331.0,1015.0
771.0,1015.0
448.0,1015.0
282.0,1015.0
786.0,1015.0
616.0,1015.0
54.0,1015.0
120.0,1015.0
907.0,1016.0
902.0,1016.0
881.0,1016.0
770.0,1016.0
368.0,1016.0
79.0,1016.0
330.0,1016.0
149.0,1016.0
540.0,1016.0
128.0,1016.0
978.0,1016.0
339.0,1016.0
231.0,1017.0
880.0,1017.0
541.0,1017.0
534.0,1017.0
965.0,1017.0
356.0,1017.0
170.0,1017.0
683.0,1017.0
657.0,1017.0
921.0,1017.0
835.0,1017.0
573.0,1017.0
743.0,1018.0
287.0,1018.0
1028.0,1018.0
650.0,1018.0
411.0,1018.0
873.0,1018.0
363.0,1018.0
34.0,1018.0
544.0,1018.0
489.0,1018.0
391.0,1018.0
183.0,1018.0
301.0,1019.0
749.0,1019.0
616.0,1019.0
112.0,1019.0
329.0,1019.0
368.0,1019.0
973.0,1019.0
431.0,1019.0
554.0,1019.0
407.0,1019.0
162.0,1019.0
515.0,1019.0
165.0,1020.0
1027.0,1020.0
534.0,1020.0
773.0,1020.0
328.0,1020.0
542.0,1020.0
304.0,1020.0
193.0,1020.0
41.0,1020.0
56.0,1020.0
970.0,1020.0
863.0,1020.0
315.0,1021.0
394.0,1021.0
823.0,1021.0
694.0,1021.0
879.0,1021.0
517.0,1021.0
58.0,1021.0
791.0,1021.0
561.0,1021.0
1033.0,1021.0
871.0,1021.0
100.0,1021.0
477.0,1022.0
929.0,1022.0
305.0,1022.0
562.0,1022.0
992.0,1022.0
782.0,1022.0
956.0,1022.0
0.0,1022.0
724.0,1022.0
585.0,1022.0
800.0,1022.0
526.0,1022.0
815.0,1023.0
664.0,1023.0
466.0,1023.0
596.0,1023.0
196.0,1023.0
715.0,1023.0
658.0,1023.0
869.0,1023.0
892.0,1023.0
17.0,1023.0
806.0,1023.0
934.0,1023.0
638.0,1024.0
447.0,1024.0
283.0,1024.0
895.0,1024.0
227.0,1024.0
268.0,1024.0
1031.0,1024.0
261.0,1024.0
905.0,1024.0
581.0,1024.0
115.0,1024.0
701.0,1024.0
123.0,1025.0
217.0,1025.0
111.0,1025.0
498.0,1025.0
581.0,1025.0
72.0,1025.0
337.0,1025.0
1030.0,1025.0
141.0,1025.0
767.0,1025.0
34.0,1025.0
225.0,1025.0
1015.0,1026.0
606.0,1026.0
841.0,1026.0
632.0,1026.0
159.0,1026.0
398.0,1026.0
40.0,1026.0
63.0,1026.0
310.0,1026.0
601.0,1026.0
10.0,1026.0
664.0,1026.0
427.0,1027.0
1024.0,1027.0
749.0,1027.0
417.0,1027.0
189.0,1027.0
372.0,1027.0
445.0,1027.0
479.0,1027.0
662.0,1027.0
119.0,1027.0
269.0,1027.0
334.0,1027.0
835.0,1028.0
651.0,1028.0
72.0,1028.0
713.0,1028.0
557.0,1028.0
453.0,1028.0
634.0,1028.0
559.0,1028.0
118.0,1028.0
688.0,1028.0
6.0,1028.0
498.0,1028.0
442.0,1029.0
307.0,1029.0
746.0,1029.0
130.0,1029.0
563.0,1029.0
479.0,1029.0
9.0,1029.0
692.0,1029.0
1007.0,1029.0
408.0,1029.0
928.0,1029.0
331.0,1029.0
861.0,1030.0
900.0,1030.0
744.0,1030.0
463.0,1030.0
524.0,1030.0
759.0,1030.0
846.0,1030.0
360.0,1030.0
736.0,1030.0
404.0,1030.0
650.0,1030.0
481.0,1030.0
27.0,1031.0
514.0,1031.0
755.0,1031.0
1027.0,1031.0
620.0,1031.0
749.0,1031.0
1014.0,1031.0
991.0,1031.0
926.0,1031.0
117.0,1031.0
928.0,1031.0
651.0,1031.0
797.0,1032.0
174.0,1032.0
266.0,1032.0
649.0,1032.0
528.0,1032.0
11.0,1032.0
580.0,1032.0
399.0,1032.0
831.0,1032.0
238.0,1032.0
207.0,1032.0
13.0,1032.0
274.0,1033.0
264.0,1033.0
918.0,1033.0
474.0,1033.0
337.0,1033.0
823.0,1033.0
185.0,1033.0
387.0,1033.0
315.0,1033.0
386.0,1033.0
119.0,1033.0
293.0,1033.0
262.0,1034.0
957.0,1034.0
320.0,1034.0
373.0,1034.0
640.0,1034.0
669.0,1034.0
632.0,1034.0
468.0,1034.0
305.0,1034.0
403.0,1034.0
370.0,1034.0
626.0,1034.0
307.0,1035.0
559.0,1035.0
805.0,1035.0
203.0,1035.0
75.0,1035.0
894.0,1035.0
914.0,1035.0
515.0,1035.0
571.0,1035.0
55.0,1035.0
82.0,1035.0
283.0,1035.0
