i,j
0.0,794.0
0.0,704.0
0.0,887.0
0.0,139.0
0.0,66.0
0.0,695.0
0.0,543.0
0.0,203.0
0.0,636.0
0.0,38.0
0.0,319.0
0.0,383.0
1.0,93.0
1.0,100.0
1.0,972.0
1.0,94.0
1.0,386.0
1.0,244.0
1.0,5.0
1.0,521.0
1.0,593.0
1.0,968.0
1.0,53.0
1.0,486.0
2.0,963.0
2.0,589.0
2.0,619.0
2.0,535.0
2.0,752.0
2.0,29.0
2.0,741.0
2.0,523.0
2.0,155.0
2.0,660.0
2.0,794.0
2.0,511.0
3.0,856.0
3.0,350.0
3.0,629.0
3.0,269.0
3.0,717.0
3.0,362.0
3.0,108.0
3.0,911.0
3.0,421.0
3.0,20.0
3.0,962.0
3.0,585.0
4.0,860.0
4.0,477.0
4.0,75.0
4.0,27.0
4.0,794.0
4.0,711.0
4.0,165.0
4.0,42.0
4.0,931.0
4.0,737.0
4.0,642.0
4.0,880.0
5.0,85.0
5.0,93.0
5.0,386.0
5.0,309.0
5.0,671.0
5.0,274.0
5.0,53.0
5.0,62.0
5.0,45.0
5.0,693.0
5.0,185.0
5.0,284.0
6.0,349.0
6.0,923.0
6.0,854.0
6.0,691.0
6.0,228.0
6.0,737.0
6.0,281.0
6.0,799.0
6.0,142.0
6.0,143.0
6.0,125.0
6.0,515.0
7.0,383.0
7.0,480.0
7.0,580.0
7.0,135.0
7.0,323.0
7.0,39.0
7.0,473.0
7.0,443.0
7.0,535.0
7.0,761.0
7.0,256.0
7.0,402.0
8.0,692.0
8.0,85.0
8.0,182.0
8.0,505.0
8.0,211.0
8.0,864.0
8.0,521.0
8.0,404.0
8.0,766.0
8.0,672.0
8.0,138.0
8.0,364.0
9.0,245.0
9.0,475.0
9.0,542.0
9.0,921.0
9.0,171.0
9.0,27.0
9.0,987.0
9.0,877.0
9.0,0.0
9.0,79.0
9.0,231.0
9.0,497.0
10.0,299.0
10.0,832.0
10.0,177.0
10.0,316.0
10.0,561.0
10.0,253.0
10.0,437.0
10.0,1026.0
10.0,930.0
10.0,872.0
10.0,145.0
10.0,999.0
11.0,478.0
11.0,16.0
11.0,285.0
11.0,447.0
11.0,119.0
11.0,659.0
11.0,358.0
11.0,330.0
11.0,826.0
11.0,725.0
11.0,750.0
11.0,409.0
12.0,955.0
12.0,9.0
12.0,699.0
12.0,612.0
12.0,119.0
12.0,889.0
12.0,764.0
12.0,874.0
12.0,292.0
12.0,295.0
12.0,508.0
12.0,0.0
13.0,443.0
13.0,37.0
13.0,974.0
13.0,754.0
13.0,953.0
13.0,810.0
13.0,416.0
13.0,1005.0
13.0,175.0
13.0,965.0
13.0,985.0
13.0,825.0
14.0,948.0
14.0,808.0
14.0,471.0
14.0,1004.0
14.0,333.0
14.0,635.0
14.0,298.0
14.0,694.0
14.0,818.0
14.0,483.0
14.0,46.0
14.0,376.0
15.0,176.0
15.0,253.0
15.0,130.0
15.0,359.0
15.0,404.0
15.0,652.0
15.0,1027.0
15.0,319.0
15.0,522.0
15.0,945.0
15.0,513.0
15.0,245.0
16.0,757.0
16.0,226.0
16.0,477.0
16.0,668.0
16.0,523.0
16.0,156.0
16.0,933.0
16.0,752.0
16.0,611.0
16.0,67.0
16.0,732.0
16.0,749.0
17.0,214.0
17.0,830.0
17.0,6.0
17.0,924.0
17.0,556.0
17.0,459.0
17.0,530.0
17.0,500.0
17.0,418.0
17.0,490.0
17.0,61.0
17.0,414.0
18.0,36.0
18.0,812.0
18.0,886.0
18.0,353.0
18.0,492.0
18.0,442.0
18.0,637.0
18.0,495.0
18.0,829.0
18.0,416.0
18.0,983.0
18.0,807.0
19.0,794.0
19.0,903.0
19.0,827.0
19.0,688.0
19.0,29.0
19.0,15.0
19.0,867.0
19.0,54.0
19.0,798.0
19.0,573.0
19.0,371.0
19.0,1034.0
20.0,688.0
20.0,950.0
20.0,434.0
20.0,286.0
20.0,491.0
20.0,612.0
20.0,198.0
20.0,951.0
20.0,696.0
20.0,501.0
20.0,307.0
20.0,87.0
21.0,669.0
21.0,203.0
21.0,184.0
21.0,953.0
21.0,409.0
21.0,510.0
21.0,814.0
21.0,676.0
21.0,562.0
21.0,1008.0
21.0,625.0
21.0,444.0
22.0,267.0
22.0,538.0
22.0,148.0
22.0,61.0
22.0,645.0
22.0,794.0
22.0,23.0
22.0,656.0
22.0,405.0
22.0,3.0
22.0,298.0
22.0,464.0
23.0,459.0
23.0,594.0
23.0,317.0
23.0,662.0
23.0,79.0
23.0,389.0
23.0,399.0
23.0,537.0
23.0,438.0
23.0,479.0
23.0,501.0
23.0,592.0
24.0,883.0
24.0,662.0
24.0,996.0
24.0,143.0
24.0,103.0
24.0,436.0
24.0,329.0
24.0,67.0
24.0,958.0
24.0,198.0
24.0,705.0
24.0,339.0
25.0,501.0
25.0,298.0
25.0,852.0
25.0,690.0
25.0,612.0
25.0,905.0
25.0,808.0
25.0,292.0
25.0,473.0
25.0,738.0
25.0,578.0
25.0,901.0
26.0,65.0
26.0,841.0
26.0,71.0
26.0,348.0
26.0,604.0
26.0,595.0
26.0,669.0
26.0,152.0
26.0,411.0
26.0,92.0
26.0,249.0
26.0,800.0
27.0,719.0
27.0,428.0
27.0,257.0
27.0,659.0
27.0,765.0
27.0,581.0
27.0,554.0
27.0,603.0
27.0,138.0
27.0,563.0
27.0,360.0
27.0,560.0
28.0,763.0
28.0,847.0
28.0,564.0
28.0,26.0
28.0,390.0
28.0,306.0
28.0,1027.0
28.0,206.0
28.0,975.0
28.0,146.0
28.0,427.0
28.0,802.0
29.0,83.0
29.0,1034.0
29.0,613.0
29.0,558.0
29.0,837.0
29.0,615.0
29.0,847.0
29.0,989.0
29.0,665.0
29.0,242.0
29.0,79.0
29.0,296.0
30.0,339.0
30.0,431.0
30.0,862.0
30.0,1007.0
30.0,856.0
30.0,243.0
30.0,571.0
30.0,313.0
30.0,81.0
30.0,875.0
30.0,749.0
30.0,678.0
31.0,803.0
31.0,561.0
31.0,793.0
31.0,760.0
31.0,177.0
31.0,461.0
31.0,309.0
31.0,79.0
31.0,855.0
31.0,413.0
31.0,339.0
31.0,620.0
32.0,668.0
32.0,359.0
32.0,753.0
32.0,533.0
32.0,256.0
32.0,473.0
32.0,250.0
32.0,540.0
32.0,970.0
32.0,574.0
32.0,1014.0
32.0,665.0
33.0,787.0
33.0,753.0
33.0,503.0
33.0,435.0
33.0,969.0
33.0,194.0
33.0,667.0
33.0,416.0
33.0,378.0
33.0,560.0
33.0,77.0
33.0,1021.0
34.0,38.0
34.0,713.0
34.0,105.0
34.0,141.0
34.0,906.0
34.0,422.0
34.0,396.0
34.0,785.0
34.0,171.0
34.0,570.0
34.0,266.0
34.0,275.0
35.0,436.0
35.0,435.0
35.0,817.0
35.0,272.0
35.0,18.0
35.0,427.0
35.0,634.0
35.0,414.0
35.0,77.0
35.0,1005.0
35.0,920.0
35.0,666.0
36.0,9.0
36.0,985.0
36.0,673.0
36.0,758.0
36.0,730.0
36.0,732.0
36.0,256.0
36.0,745.0
36.0,519.0
36.0,666.0
36.0,317.0
36.0,563.0
37.0,178.0
37.0,222.0
37.0,780.0
37.0,289.0
37.0,314.0
37.0,849.0
37.0,383.0
37.0,952.0
37.0,858.0
37.0,915.0
37.0,268.0
37.0,983.0
38.0,651.0
38.0,415.0
38.0,367.0
38.0,730.0
38.0,331.0
38.0,377.0
38.0,787.0
38.0,387.0
38.0,497.0
38.0,829.0
38.0,1025.0
38.0,363.0
39.0,410.0
39.0,532.0
39.0,761.0
39.0,119.0
39.0,393.0
39.0,260.0
39.0,951.0
39.0,501.0
39.0,1013.0
39.0,37.0
39.0,268.0
39.0,454.0
40.0,626.0
40.0,409.0
40.0,679.0
40.0,726.0
40.0,573.0
40.0,114.0
40.0,1015.0
40.0,609.0
40.0,382.0
40.0,68.0
40.0,774.0
40.0,106.0
41.0,620.0
41.0,115.0
41.0,545.0
41.0,992.0
41.0,380.0
41.0,914.0
41.0,813.0
41.0,975.0
41.0,869.0
41.0,558.0
41.0,287.0
41.0,974.0
42.0,622.0
42.0,446.0
42.0,821.0
42.0,624.0
42.0,578.0
42.0,143.0
42.0,583.0
42.0,835.0
42.0,609.0
42.0,586.0
42.0,860.0
42.0,117.0
43.0,68.0
43.0,282.0
43.0,679.0
43.0,727.0
43.0,998.0
43.0,433.0
43.0,305.0
43.0,350.0
43.0,827.0
43.0,601.0
43.0,676.0
43.0,28.0
44.0,805.0
44.0,15.0
44.0,280.0
44.0,0.0
44.0,977.0
44.0,103.0
44.0,785.0
44.0,422.0
44.0,687.0
44.0,94.0
44.0,872.0
44.0,475.0
45.0,446.0
45.0,647.0
45.0,521.0
45.0,426.0
45.0,1033.0
45.0,432.0
45.0,99.0
45.0,602.0
45.0,8.0
45.0,124.0
45.0,1016.0
45.0,506.0
46.0,471.0
46.0,503.0
46.0,521.0
46.0,195.0
46.0,264.0
46.0,376.0
46.0,703.0
46.0,691.0
46.0,551.0
46.0,933.0
46.0,700.0
46.0,806.0
47.0,954.0
47.0,522.0
47.0,893.0
47.0,889.0
47.0,319.0
47.0,584.0
47.0,550.0
47.0,770.0
47.0,363.0
47.0,513.0
47.0,52.0
47.0,575.0
48.0,230.0
48.0,459.0
48.0,630.0
48.0,648.0
48.0,143.0
48.0,442.0
48.0,859.0
48.0,830.0
48.0,564.0
48.0,654.0
48.0,691.0
48.0,407.0
49.0,982.0
49.0,529.0
49.0,787.0
49.0,312.0
49.0,791.0
49.0,384.0
49.0,599.0
49.0,233.0
49.0,495.0
49.0,298.0
49.0,988.0
49.0,486.0
50.0,900.0
50.0,112.0
50.0,491.0
50.0,47.0
50.0,866.0
50.0,360.0
50.0,919.0
50.0,503.0
50.0,0.0
50.0,552.0
50.0,1003.0
50.0,575.0
51.0,961.0
51.0,440.0
51.0,252.0
51.0,732.0
51.0,683.0
51.0,722.0
51.0,672.0
51.0,310.0
51.0,659.0
51.0,565.0
51.0,955.0
51.0,545.0
52.0,72.0
52.0,643.0
52.0,710.0
52.0,312.0
52.0,751.0
52.0,46.0
52.0,952.0
52.0,753.0
52.0,96.0
52.0,49.0
52.0,440.0
52.0,906.0
53.0,226.0
53.0,296.0
53.0,593.0
53.0,836.0
53.0,778.0
53.0,93.0
53.0,58.0
53.0,663.0
53.0,274.0
53.0,1021.0
53.0,400.0
53.0,832.0
54.0,813.0
54.0,357.0
54.0,157.0
54.0,706.0
54.0,880.0
54.0,774.0
54.0,668.0
54.0,790.0
54.0,791.0
54.0,338.0
54.0,843.0
54.0,900.0
55.0,326.0
55.0,157.0
55.0,697.0
55.0,537.0
55.0,894.0
55.0,847.0
55.0,887.0
55.0,713.0
55.0,416.0
55.0,799.0
55.0,482.0
55.0,844.0
56.0,193.0
56.0,32.0
56.0,290.0
56.0,369.0
56.0,455.0
56.0,554.0
56.0,67.0
56.0,361.0
56.0,224.0
56.0,41.0
56.0,158.0
56.0,127.0
57.0,164.0
57.0,1019.0
57.0,739.0
57.0,900.0
57.0,418.0
57.0,221.0
57.0,938.0
57.0,972.0
57.0,877.0
57.0,462.0
57.0,566.0
57.0,193.0
58.0,492.0
58.0,517.0
58.0,386.0
58.0,284.0
58.0,587.0
58.0,199.0
58.0,668.0
58.0,627.0
58.0,318.0
58.0,400.0
58.0,424.0
58.0,452.0
59.0,98.0
59.0,1008.0
59.0,191.0
59.0,912.0
59.0,408.0
59.0,907.0
59.0,370.0
59.0,384.0
59.0,250.0
59.0,573.0
59.0,287.0
59.0,534.0
60.0,76.0
60.0,312.0
60.0,686.0
60.0,886.0
60.0,864.0
60.0,714.0
60.0,195.0
60.0,183.0
60.0,733.0
60.0,377.0
60.0,344.0
60.0,548.0
61.0,80.0
61.0,748.0
61.0,128.0
61.0,309.0
61.0,538.0
61.0,984.0
61.0,929.0
61.0,4.0
61.0,531.0
61.0,239.0
61.0,603.0
61.0,863.0
62.0,485.0
62.0,675.0
62.0,579.0
62.0,1.0
62.0,452.0
62.0,88.0
62.0,593.0
62.0,441.0
62.0,627.0
62.0,918.0
62.0,717.0
62.0,552.0
63.0,539.0
63.0,927.0
63.0,593.0
63.0,17.0
63.0,766.0
63.0,832.0
63.0,991.0
63.0,62.0
63.0,341.0
63.0,413.0
63.0,517.0
63.0,4.0
64.0,885.0
64.0,746.0
64.0,174.0
64.0,173.0
64.0,580.0
64.0,358.0
64.0,409.0
64.0,899.0
64.0,285.0
64.0,68.0
64.0,86.0
64.0,585.0
65.0,382.0
65.0,958.0
65.0,484.0
65.0,715.0
65.0,793.0
65.0,121.0
65.0,336.0
65.0,144.0
65.0,1002.0
65.0,461.0
65.0,500.0
65.0,850.0
66.0,384.0
66.0,662.0
66.0,243.0
66.0,1008.0
66.0,304.0
66.0,581.0
66.0,990.0
66.0,187.0
66.0,117.0
66.0,857.0
66.0,4.0
66.0,932.0
67.0,945.0
67.0,732.0
67.0,458.0
67.0,150.0
67.0,361.0
67.0,718.0
67.0,252.0
67.0,44.0
67.0,20.0
67.0,515.0
67.0,809.0
67.0,558.0
68.0,525.0
68.0,665.0
68.0,564.0
68.0,153.0
68.0,331.0
68.0,350.0
68.0,79.0
68.0,842.0
68.0,92.0
68.0,860.0
68.0,970.0
68.0,125.0
69.0,929.0
69.0,224.0
69.0,198.0
69.0,538.0
69.0,617.0
69.0,894.0
69.0,687.0
69.0,928.0
69.0,288.0
69.0,470.0
69.0,523.0
69.0,431.0
70.0,212.0
70.0,543.0
70.0,718.0
70.0,414.0
70.0,176.0
70.0,687.0
70.0,269.0
70.0,323.0
70.0,372.0
70.0,930.0
70.0,731.0
70.0,773.0
71.0,832.0
71.0,54.0
71.0,712.0
71.0,323.0
71.0,923.0
71.0,869.0
71.0,987.0
71.0,645.0
71.0,328.0
71.0,774.0
71.0,662.0
71.0,360.0
72.0,666.0
72.0,807.0
72.0,642.0
72.0,910.0
72.0,56.0
72.0,696.0
72.0,730.0
72.0,118.0
72.0,167.0
72.0,103.0
72.0,909.0
72.0,514.0
73.0,361.0
73.0,687.0
73.0,112.0
73.0,181.0
73.0,75.0
73.0,339.0
73.0,659.0
73.0,916.0
73.0,865.0
73.0,51.0
73.0,922.0
73.0,396.0
74.0,183.0
74.0,224.0
74.0,732.0
74.0,825.0
74.0,497.0
74.0,997.0
74.0,82.0
74.0,393.0
74.0,415.0
74.0,612.0
74.0,849.0
74.0,96.0
75.0,513.0
75.0,719.0
75.0,242.0
75.0,839.0
75.0,740.0
75.0,683.0
75.0,357.0
75.0,539.0
75.0,130.0
75.0,1029.0
75.0,902.0
75.0,154.0
76.0,300.0
76.0,168.0
76.0,368.0
76.0,294.0
76.0,22.0
76.0,636.0
76.0,780.0
76.0,592.0
76.0,178.0
76.0,260.0
76.0,207.0
76.0,731.0
77.0,772.0
77.0,194.0
77.0,496.0
77.0,369.0
77.0,833.0
77.0,952.0
77.0,548.0
77.0,251.0
77.0,929.0
77.0,217.0
77.0,323.0
77.0,729.0
78.0,340.0
78.0,87.0
78.0,1029.0
78.0,206.0
78.0,330.0
78.0,799.0
78.0,310.0
78.0,170.0
78.0,287.0
78.0,20.0
78.0,244.0
78.0,16.0
79.0,494.0
79.0,795.0
79.0,59.0
79.0,154.0
79.0,341.0
79.0,684.0
79.0,537.0
79.0,756.0
79.0,119.0
79.0,395.0
79.0,640.0
79.0,664.0
80.0,421.0
80.0,667.0
80.0,1000.0
80.0,343.0
80.0,203.0
80.0,188.0
80.0,504.0
80.0,207.0
80.0,256.0
80.0,470.0
80.0,612.0
80.0,926.0
81.0,582.0
81.0,290.0
81.0,170.0
81.0,849.0
81.0,407.0
81.0,718.0
81.0,1027.0
81.0,713.0
81.0,686.0
81.0,997.0
81.0,83.0
81.0,75.0
82.0,98.0
82.0,1030.0
82.0,286.0
82.0,540.0
82.0,14.0
82.0,531.0
82.0,122.0
82.0,932.0
82.0,599.0
82.0,640.0
82.0,215.0
82.0,514.0
83.0,733.0
83.0,523.0
83.0,530.0
83.0,625.0
83.0,931.0
83.0,415.0
83.0,193.0
83.0,411.0
83.0,74.0
83.0,800.0
83.0,747.0
83.0,922.0
84.0,747.0
84.0,952.0
84.0,998.0
84.0,491.0
84.0,825.0
84.0,178.0
84.0,294.0
84.0,574.0
84.0,594.0
84.0,410.0
84.0,985.0
84.0,175.0
85.0,99.0
85.0,274.0
85.0,185.0
85.0,456.0
85.0,865.0
85.0,583.0
85.0,829.0
85.0,969.0
85.0,5.0
85.0,663.0
85.0,337.0
85.0,506.0
86.0,583.0
86.0,488.0
86.0,943.0
86.0,192.0
86.0,21.0
86.0,631.0
86.0,953.0
86.0,776.0
86.0,725.0
86.0,425.0
86.0,879.0
86.0,477.0
87.0,334.0
87.0,241.0
87.0,712.0
87.0,906.0
87.0,860.0
87.0,803.0
87.0,98.0
87.0,187.0
87.0,245.0
87.0,407.0
87.0,845.0
87.0,266.0
88.0,888.0
88.0,627.0
88.0,694.0
88.0,763.0
88.0,796.0
88.0,608.0
88.0,567.0
88.0,904.0
88.0,812.0
88.0,177.0
88.0,460.0
88.0,918.0
89.0,365.0
89.0,115.0
89.0,405.0
89.0,564.0
89.0,615.0
89.0,658.0
89.0,481.0
89.0,209.0
89.0,1019.0
89.0,879.0
89.0,975.0
89.0,537.0
90.0,953.0
90.0,122.0
90.0,11.0
90.0,493.0
90.0,585.0
90.0,212.0
90.0,533.0
90.0,731.0
90.0,911.0
90.0,372.0
90.0,576.0
90.0,215.0
91.0,228.0
91.0,259.0
91.0,274.0
91.0,131.0
91.0,708.0
91.0,517.0
91.0,921.0
91.0,89.0
91.0,513.0
91.0,47.0
91.0,352.0
91.0,658.0
92.0,48.0
92.0,144.0
92.0,198.0
92.0,98.0
92.0,774.0
92.0,1023.0
92.0,606.0
92.0,114.0
92.0,588.0
92.0,626.0
92.0,520.0
92.0,604.0
93.0,58.0
93.0,576.0
93.0,874.0
93.0,1021.0
93.0,418.0
93.0,109.0
93.0,561.0
93.0,452.0
93.0,871.0
93.0,53.0
93.0,859.0
93.0,722.0
94.0,73.0
94.0,809.0
94.0,233.0
94.0,651.0
94.0,949.0
94.0,755.0
94.0,27.0
94.0,909.0
94.0,740.0
94.0,622.0
94.0,165.0
94.0,586.0
95.0,659.0
95.0,912.0
95.0,8.0
95.0,927.0
95.0,662.0
95.0,961.0
95.0,292.0
95.0,162.0
95.0,411.0
95.0,123.0
95.0,1007.0
95.0,233.0
96.0,24.0
96.0,151.0
96.0,427.0
96.0,175.0
96.0,193.0
96.0,60.0
96.0,298.0
96.0,944.0
96.0,908.0
96.0,609.0
96.0,295.0
96.0,33.0
97.0,561.0
97.0,765.0
97.0,1008.0
97.0,1011.0
97.0,939.0
97.0,394.0
97.0,413.0
97.0,209.0
97.0,778.0
97.0,264.0
97.0,945.0
97.0,988.0
98.0,383.0
98.0,598.0
98.0,304.0
98.0,759.0
98.0,70.0
98.0,592.0
98.0,533.0
98.0,273.0
98.0,686.0
98.0,427.0
98.0,68.0
98.0,640.0
99.0,766.0
99.0,137.0
99.0,811.0
99.0,233.0
99.0,784.0
99.0,882.0
99.0,1021.0
99.0,229.0
99.0,199.0
99.0,274.0
99.0,531.0
99.0,505.0
100.0,709.0
100.0,972.0
100.0,793.0
100.0,1.0
100.0,449.0
100.0,870.0
100.0,386.0
100.0,293.0
100.0,784.0
100.0,360.0
100.0,767.0
100.0,63.0
101.0,316.0
101.0,651.0
101.0,389.0
101.0,707.0
101.0,336.0
101.0,330.0
101.0,123.0
101.0,903.0
101.0,132.0
101.0,318.0
101.0,200.0
101.0,65.0
102.0,846.0
102.0,71.0
102.0,15.0
102.0,332.0
102.0,414.0
102.0,981.0
102.0,131.0
102.0,534.0
102.0,146.0
102.0,395.0
102.0,686.0
102.0,809.0
103.0,389.0
103.0,807.0
103.0,322.0
103.0,973.0
103.0,310.0
103.0,438.0
103.0,907.0
103.0,764.0
103.0,428.0
103.0,227.0
103.0,292.0
103.0,150.0
104.0,558.0
104.0,612.0
104.0,751.0
104.0,414.0
104.0,988.0
104.0,429.0
104.0,438.0
104.0,838.0
104.0,395.0
104.0,692.0
104.0,781.0
104.0,1008.0
105.0,498.0
105.0,969.0
105.0,170.0
105.0,93.0
105.0,158.0
105.0,429.0
105.0,1018.0
105.0,489.0
105.0,205.0
105.0,546.0
105.0,183.0
105.0,792.0
106.0,752.0
106.0,827.0
106.0,174.0
106.0,350.0
106.0,475.0
106.0,43.0
106.0,180.0
106.0,40.0
106.0,448.0
106.0,201.0
106.0,120.0
106.0,488.0
107.0,111.0
107.0,668.0
107.0,570.0
107.0,759.0
107.0,220.0
107.0,552.0
107.0,828.0
107.0,374.0
107.0,907.0
107.0,884.0
107.0,992.0
107.0,637.0
108.0,515.0
108.0,649.0
108.0,22.0
108.0,976.0
108.0,786.0
108.0,985.0
108.0,720.0
108.0,425.0
108.0,445.0
108.0,349.0
108.0,664.0
108.0,61.0
109.0,469.0
109.0,314.0
109.0,601.0
109.0,290.0
109.0,499.0
109.0,948.0
109.0,790.0
109.0,616.0
109.0,587.0
109.0,71.0
109.0,97.0
109.0,129.0
110.0,424.0
110.0,725.0
110.0,456.0
110.0,988.0
110.0,777.0
110.0,264.0
110.0,293.0
110.0,680.0
110.0,813.0
110.0,917.0
110.0,614.0
110.0,778.0
111.0,1032.0
111.0,298.0
111.0,1008.0
111.0,314.0
111.0,286.0
111.0,276.0
111.0,991.0
111.0,625.0
111.0,47.0
111.0,497.0
111.0,670.0
111.0,504.0
112.0,785.0
112.0,309.0
112.0,284.0
112.0,719.0
112.0,198.0
112.0,24.0
112.0,56.0
112.0,969.0
112.0,288.0
112.0,976.0
112.0,643.0
112.0,924.0
113.0,592.0
113.0,467.0
113.0,146.0
113.0,845.0
113.0,328.0
113.0,10.0
113.0,182.0
113.0,867.0
113.0,192.0
113.0,445.0
113.0,545.0
113.0,518.0
114.0,382.0
114.0,850.0
114.0,520.0
114.0,588.0
114.0,184.0
114.0,606.0
114.0,321.0
114.0,669.0
114.0,248.0
114.0,197.0
114.0,725.0
114.0,341.0
115.0,926.0
115.0,286.0
115.0,378.0
115.0,571.0
115.0,445.0
115.0,1014.0
115.0,460.0
115.0,662.0
115.0,543.0
115.0,301.0
115.0,574.0
115.0,36.0
116.0,421.0
116.0,54.0
116.0,80.0
116.0,646.0
116.0,273.0
116.0,450.0
116.0,537.0
116.0,612.0
116.0,956.0
116.0,36.0
116.0,1001.0
116.0,122.0
117.0,599.0
117.0,304.0
117.0,188.0
117.0,866.0
117.0,902.0
117.0,438.0
117.0,241.0
117.0,946.0
117.0,947.0
117.0,258.0
117.0,805.0
117.0,17.0
118.0,812.0
118.0,633.0
118.0,736.0
118.0,300.0
118.0,1001.0
118.0,873.0
118.0,861.0
118.0,949.0
118.0,330.0
118.0,313.0
118.0,369.0
118.0,992.0
119.0,57.0
119.0,756.0
119.0,828.0
119.0,9.0
119.0,515.0
119.0,687.0
119.0,196.0
119.0,979.0
119.0,96.0
119.0,218.0
119.0,1027.0
119.0,310.0
120.0,975.0
120.0,65.0
120.0,727.0
120.0,114.0
120.0,685.0
120.0,458.0
120.0,676.0
120.0,493.0
120.0,564.0
120.0,907.0
120.0,843.0
120.0,867.0
121.0,966.0
121.0,420.0
121.0,458.0
121.0,903.0
121.0,292.0
121.0,131.0
121.0,756.0
121.0,896.0
121.0,349.0
121.0,95.0
121.0,214.0
121.0,248.0
122.0,180.0
122.0,861.0
122.0,752.0
122.0,181.0
122.0,788.0
122.0,971.0
122.0,724.0
122.0,824.0
122.0,479.0
122.0,718.0
122.0,794.0
122.0,729.0
123.0,372.0
123.0,307.0
123.0,185.0
123.0,691.0
123.0,945.0
123.0,399.0
123.0,1016.0
123.0,972.0
123.0,574.0
123.0,738.0
123.0,445.0
123.0,330.0
124.0,1025.0
124.0,529.0
124.0,982.0
124.0,851.0
124.0,704.0
124.0,277.0
124.0,671.0
124.0,635.0
124.0,216.0
124.0,916.0
124.0,134.0
124.0,52.0
125.0,686.0
125.0,777.0
125.0,405.0
125.0,573.0
125.0,477.0
125.0,74.0
125.0,892.0
125.0,326.0
125.0,359.0
125.0,778.0
125.0,595.0
125.0,192.0
126.0,207.0
126.0,55.0
126.0,894.0
126.0,682.0
126.0,781.0
126.0,188.0
126.0,899.0
126.0,592.0
126.0,574.0
126.0,288.0
126.0,746.0
126.0,1019.0
127.0,683.0
127.0,1014.0
127.0,291.0
127.0,191.0
127.0,894.0
127.0,729.0
127.0,210.0
127.0,151.0
127.0,256.0
127.0,334.0
127.0,599.0
127.0,971.0
128.0,372.0
128.0,1011.0
128.0,385.0
128.0,167.0
128.0,174.0
128.0,630.0
128.0,176.0
128.0,469.0
128.0,382.0
128.0,21.0
128.0,116.0
128.0,857.0
129.0,230.0
129.0,137.0
129.0,939.0
129.0,101.0
129.0,316.0
129.0,587.0
129.0,709.0
129.0,439.0
129.0,190.0
129.0,209.0
129.0,177.0
129.0,462.0
130.0,837.0
130.0,515.0
130.0,389.0
130.0,86.0
130.0,583.0
130.0,119.0
130.0,728.0
130.0,973.0
130.0,370.0
130.0,922.0
130.0,777.0
130.0,531.0
131.0,736.0
131.0,386.0
131.0,565.0
131.0,470.0
131.0,214.0
131.0,252.0
131.0,989.0
131.0,69.0
131.0,852.0
131.0,706.0
131.0,123.0
131.0,975.0
132.0,630.0
132.0,439.0
132.0,722.0
132.0,230.0
132.0,113.0
132.0,276.0
132.0,879.0
132.0,774.0
132.0,941.0
132.0,458.0
132.0,1023.0
132.0,224.0
133.0,158.0
133.0,140.0
133.0,264.0
133.0,948.0
133.0,176.0
133.0,277.0
133.0,335.0
133.0,101.0
133.0,389.0
133.0,602.0
133.0,94.0
133.0,527.0
134.0,982.0
134.0,635.0
134.0,505.0
134.0,495.0
134.0,801.0
134.0,704.0
134.0,864.0
134.0,414.0
134.0,915.0
134.0,1010.0
134.0,653.0
134.0,124.0
135.0,70.0
135.0,893.0
135.0,940.0
135.0,344.0
135.0,35.0
135.0,758.0
135.0,84.0
135.0,1006.0
135.0,536.0
135.0,265.0
135.0,655.0
135.0,565.0
136.0,72.0
136.0,44.0
136.0,590.0
136.0,583.0
136.0,985.0
136.0,298.0
136.0,57.0
136.0,176.0
136.0,688.0
136.0,537.0
136.0,183.0
136.0,438.0
137.0,131.0
137.0,166.0
137.0,685.0
137.0,149.0
137.0,248.0
137.0,524.0
137.0,263.0
137.0,549.0
137.0,665.0
137.0,712.0
137.0,934.0
137.0,449.0
138.0,1031.0
138.0,83.0
138.0,146.0
138.0,1018.0
138.0,60.0
138.0,808.0
138.0,942.0
138.0,884.0
138.0,873.0
138.0,599.0
138.0,846.0
138.0,813.0
139.0,67.0
139.0,860.0
139.0,934.0
139.0,501.0
139.0,299.0
139.0,403.0
139.0,879.0
139.0,499.0
139.0,924.0
139.0,900.0
139.0,512.0
139.0,799.0
140.0,556.0
140.0,322.0
140.0,446.0
140.0,126.0
140.0,438.0
140.0,309.0
140.0,501.0
140.0,456.0
140.0,1007.0
140.0,158.0
140.0,587.0
140.0,94.0
141.0,416.0
141.0,517.0
141.0,906.0
141.0,929.0
141.0,134.0
141.0,376.0
141.0,46.0
141.0,171.0
141.0,982.0
141.0,1013.0
141.0,485.0
141.0,789.0
142.0,885.0
142.0,477.0
142.0,169.0
142.0,488.0
142.0,468.0
142.0,427.0
142.0,399.0
142.0,182.0
142.0,188.0
142.0,180.0
142.0,3.0
142.0,463.0
143.0,326.0
143.0,438.0
143.0,426.0
143.0,665.0
143.0,505.0
143.0,809.0
143.0,25.0
143.0,773.0
143.0,659.0
143.0,91.0
143.0,834.0
143.0,115.0
144.0,669.0
144.0,64.0
144.0,40.0
144.0,813.0
144.0,626.0
144.0,1034.0
144.0,306.0
144.0,641.0
144.0,282.0
144.0,768.0
144.0,71.0
144.0,147.0
145.0,798.0
145.0,999.0
145.0,1002.0
145.0,534.0
145.0,398.0
145.0,709.0
145.0,177.0
145.0,338.0
145.0,369.0
145.0,200.0
145.0,109.0
145.0,850.0
146.0,712.0
146.0,221.0
146.0,1031.0
146.0,245.0
146.0,499.0
146.0,564.0
146.0,368.0
146.0,329.0
146.0,389.0
146.0,341.0
146.0,307.0
146.0,852.0
147.0,403.0
147.0,1034.0
147.0,699.0
147.0,617.0
147.0,54.0
147.0,857.0
147.0,520.0
147.0,311.0
147.0,863.0
147.0,306.0
147.0,201.0
147.0,348.0
148.0,384.0
148.0,914.0
148.0,1032.0
148.0,998.0
148.0,281.0
148.0,128.0
148.0,839.0
148.0,875.0
148.0,613.0
148.0,937.0
148.0,645.0
148.0,234.0
149.0,50.0
149.0,78.0
149.0,967.0
149.0,625.0
149.0,374.0
149.0,563.0
149.0,875.0
149.0,642.0
149.0,938.0
149.0,484.0
149.0,718.0
149.0,754.0
150.0,975.0
150.0,708.0
150.0,389.0
150.0,501.0
150.0,1035.0
150.0,157.0
150.0,112.0
150.0,164.0
150.0,395.0
150.0,561.0
150.0,624.0
150.0,1006.0
151.0,820.0
151.0,70.0
151.0,1030.0
151.0,67.0
151.0,369.0
151.0,210.0
151.0,493.0
151.0,564.0
151.0,127.0
151.0,959.0
151.0,47.0
151.0,304.0
152.0,375.0
152.0,266.0
152.0,21.0
152.0,40.0
152.0,125.0
152.0,685.0
152.0,48.0
152.0,617.0
152.0,382.0
152.0,888.0
152.0,814.0
152.0,564.0
153.0,615.0
153.0,1015.0
153.0,774.0
153.0,754.0
153.0,439.0
153.0,862.0
153.0,586.0
153.0,565.0
153.0,903.0
153.0,692.0
153.0,595.0
153.0,71.0
154.0,793.0
154.0,540.0
154.0,804.0
154.0,210.0
154.0,4.0
154.0,586.0
154.0,509.0
154.0,196.0
154.0,706.0
154.0,254.0
154.0,718.0
154.0,526.0
155.0,237.0
155.0,427.0
155.0,497.0
155.0,423.0
155.0,577.0
155.0,290.0
155.0,978.0
155.0,642.0
155.0,581.0
155.0,175.0
155.0,15.0
155.0,287.0
156.0,119.0
156.0,218.0
156.0,28.0
156.0,981.0
156.0,940.0
156.0,618.0
156.0,956.0
156.0,279.0
156.0,406.0
156.0,450.0
156.0,592.0
156.0,746.0
157.0,329.0
157.0,267.0
157.0,226.0
157.0,215.0
157.0,276.0
157.0,475.0
157.0,334.0
157.0,853.0
157.0,970.0
157.0,976.0
157.0,967.0
157.0,502.0
158.0,15.0
158.0,539.0
158.0,522.0
158.0,605.0
158.0,694.0
158.0,949.0
158.0,917.0
158.0,695.0
158.0,739.0
158.0,853.0
158.0,871.0
158.0,352.0
159.0,0.0
159.0,764.0
159.0,1009.0
159.0,69.0
159.0,540.0
159.0,877.0
159.0,578.0
159.0,960.0
159.0,387.0
159.0,512.0
159.0,659.0
159.0,438.0
160.0,399.0
160.0,368.0
160.0,1006.0
160.0,684.0
160.0,543.0
160.0,535.0
160.0,553.0
160.0,213.0
160.0,819.0
160.0,981.0
160.0,745.0
160.0,914.0
161.0,500.0
161.0,341.0
161.0,253.0
161.0,863.0
161.0,763.0
161.0,859.0
161.0,462.0
161.0,576.0
161.0,614.0
161.0,209.0
161.0,711.0
161.0,815.0
162.0,100.0
162.0,232.0
162.0,420.0
162.0,199.0
162.0,888.0
162.0,154.0
162.0,579.0
162.0,801.0
162.0,498.0
162.0,339.0
162.0,400.0
162.0,879.0
163.0,1007.0
163.0,781.0
163.0,107.0
163.0,970.0
163.0,944.0
163.0,1004.0
163.0,368.0
163.0,938.0
163.0,890.0
163.0,874.0
163.0,550.0
163.0,408.0
164.0,1021.0
164.0,449.0
164.0,341.0
164.0,763.0
164.0,452.0
164.0,579.0
164.0,1004.0
164.0,632.0
164.0,545.0
164.0,978.0
164.0,140.0
164.0,242.0
165.0,577.0
165.0,557.0
165.0,1027.0
165.0,280.0
165.0,651.0
165.0,686.0
165.0,674.0
165.0,244.0
165.0,428.0
165.0,524.0
165.0,570.0
165.0,791.0
166.0,52.0
166.0,244.0
166.0,927.0
166.0,17.0
166.0,1027.0
166.0,996.0
166.0,427.0
166.0,382.0
166.0,924.0
166.0,438.0
166.0,198.0
166.0,581.0
167.0,565.0
167.0,531.0
167.0,188.0
167.0,883.0
167.0,922.0
167.0,866.0
167.0,733.0
167.0,184.0
167.0,907.0
167.0,67.0
167.0,332.0
167.0,78.0
168.0,231.0
168.0,20.0
168.0,558.0
168.0,559.0
168.0,352.0
168.0,111.0
168.0,166.0
168.0,932.0
168.0,27.0
168.0,793.0
168.0,411.0
168.0,24.0
169.0,180.0
169.0,646.0
169.0,658.0
169.0,533.0
169.0,896.0
169.0,857.0
169.0,558.0
169.0,1005.0
169.0,369.0
169.0,388.0
169.0,825.0
169.0,384.0
170.0,360.0
170.0,662.0
170.0,1031.0
170.0,231.0
170.0,290.0
170.0,721.0
170.0,470.0
170.0,672.0
170.0,368.0
170.0,278.0
170.0,80.0
170.0,659.0
171.0,435.0
171.0,714.0
171.0,324.0
171.0,112.0
171.0,1020.0
171.0,206.0
171.0,98.0
171.0,807.0
171.0,829.0
171.0,755.0
171.0,416.0
171.0,696.0
172.0,359.0
172.0,442.0
172.0,66.0
172.0,848.0
172.0,427.0
172.0,438.0
172.0,0.0
172.0,808.0
172.0,522.0
172.0,541.0
172.0,540.0
172.0,608.0
173.0,782.0
173.0,421.0
173.0,564.0
173.0,86.0
173.0,459.0
173.0,40.0
173.0,936.0
173.0,401.0
173.0,562.0
173.0,172.0
173.0,585.0
173.0,592.0
174.0,288.0
174.0,250.0
174.0,620.0
174.0,401.0
174.0,126.0
174.0,574.0
174.0,645.0
174.0,449.0
174.0,848.0
174.0,925.0
174.0,444.0
174.0,160.0
175.0,67.0
175.0,163.0
175.0,268.0
175.0,931.0
175.0,257.0
175.0,672.0
175.0,310.0
175.0,357.0
175.0,497.0
175.0,710.0
175.0,668.0
175.0,546.0
176.0,942.0
176.0,107.0
176.0,430.0
176.0,69.0
176.0,1014.0
176.0,565.0
176.0,961.0
176.0,235.0
176.0,313.0
176.0,706.0
176.0,964.0
176.0,887.0
177.0,798.0
177.0,131.0
177.0,129.0
177.0,959.0
177.0,973.0
177.0,605.0
177.0,204.0
177.0,680.0
177.0,230.0
177.0,357.0
177.0,316.0
177.0,999.0
178.0,35.0
178.0,295.0
178.0,933.0
178.0,175.0
178.0,714.0
178.0,83.0
178.0,536.0
178.0,1028.0
178.0,952.0
178.0,985.0
178.0,682.0
178.0,383.0
179.0,464.0
179.0,712.0
179.0,868.0
179.0,695.0
179.0,947.0
179.0,855.0
179.0,781.0
179.0,711.0
179.0,620.0
179.0,580.0
179.0,6.0
179.0,721.0
180.0,405.0
180.0,757.0
180.0,874.0
180.0,660.0
180.0,408.0
180.0,933.0
180.0,40.0
180.0,119.0
180.0,468.0
180.0,726.0
180.0,755.0
180.0,892.0
181.0,64.0
181.0,157.0
181.0,592.0
181.0,359.0
181.0,102.0
181.0,656.0
181.0,507.0
181.0,540.0
181.0,594.0
181.0,925.0
181.0,272.0
181.0,163.0
182.0,400.0
182.0,913.0
182.0,515.0
182.0,923.0
182.0,159.0
182.0,170.0
182.0,380.0
182.0,204.0
182.0,307.0
182.0,318.0
182.0,934.0
182.0,584.0
183.0,638.0
183.0,466.0
183.0,566.0
183.0,642.0
183.0,990.0
183.0,539.0
183.0,352.0
183.0,212.0
183.0,167.0
183.0,491.0
183.0,489.0
183.0,265.0
184.0,68.0
184.0,321.0
184.0,588.0
184.0,611.0
184.0,654.0
184.0,562.0
184.0,765.0
184.0,64.0
184.0,381.0
184.0,834.0
184.0,375.0
184.0,152.0
185.0,865.0
185.0,870.0
185.0,28.0
185.0,237.0
185.0,62.0
185.0,859.0
185.0,605.0
185.0,386.0
185.0,811.0
185.0,57.0
185.0,309.0
185.0,579.0
186.0,968.0
186.0,521.0
186.0,52.0
186.0,454.0
186.0,333.0
186.0,785.0
186.0,713.0
186.0,677.0
186.0,376.0
186.0,275.0
186.0,730.0
186.0,577.0
187.0,145.0
187.0,524.0
187.0,1012.0
187.0,481.0
187.0,597.0
187.0,634.0
187.0,662.0
187.0,863.0
187.0,573.0
187.0,25.0
187.0,905.0
187.0,531.0
188.0,586.0
188.0,911.0
188.0,216.0
188.0,6.0
188.0,81.0
188.0,574.0
188.0,250.0
188.0,534.0
188.0,222.0
188.0,59.0
188.0,384.0
188.0,83.0
189.0,217.0
189.0,427.0
189.0,553.0
189.0,161.0
189.0,550.0
189.0,866.0
189.0,30.0
189.0,15.0
189.0,254.0
189.0,473.0
189.0,304.0
189.0,334.0
190.0,433.0
190.0,792.0
190.0,680.0
190.0,880.0
190.0,767.0
190.0,287.0
190.0,71.0
190.0,403.0
190.0,197.0
190.0,814.0
190.0,726.0
190.0,583.0
191.0,80.0
191.0,172.0
191.0,678.0
191.0,830.0
191.0,557.0
191.0,785.0
191.0,764.0
191.0,901.0
191.0,473.0
191.0,224.0
191.0,361.0
191.0,73.0
192.0,388.0
192.0,980.0
192.0,510.0
192.0,574.0
192.0,771.0
192.0,40.0
192.0,26.0
192.0,1015.0
192.0,588.0
192.0,352.0
192.0,585.0
192.0,762.0
193.0,296.0
193.0,179.0
193.0,744.0
193.0,655.0
193.0,1009.0
193.0,1006.0
193.0,773.0
193.0,583.0
193.0,740.0
193.0,1014.0
193.0,221.0
193.0,754.0
194.0,2.0
194.0,344.0
194.0,741.0
194.0,666.0
194.0,965.0
194.0,483.0
194.0,175.0
194.0,150.0
194.0,76.0
194.0,758.0
194.0,371.0
194.0,496.0
195.0,354.0
195.0,818.0
195.0,502.0
195.0,495.0
195.0,392.0
195.0,600.0
195.0,643.0
195.0,851.0
195.0,891.0
195.0,713.0
195.0,46.0
195.0,457.0
196.0,174.0
196.0,607.0
196.0,91.0
196.0,964.0
196.0,868.0
196.0,102.0
196.0,805.0
196.0,597.0
196.0,304.0
196.0,586.0
196.0,809.0
196.0,773.0
197.0,857.0
197.0,433.0
197.0,1015.0
197.0,341.0
197.0,210.0
197.0,403.0
197.0,114.0
197.0,617.0
197.0,630.0
197.0,190.0
197.0,123.0
197.0,786.0
198.0,795.0
198.0,705.0
198.0,695.0
198.0,31.0
198.0,887.0
198.0,367.0
198.0,47.0
198.0,196.0
198.0,579.0
198.0,614.0
198.0,545.0
198.0,542.0
199.0,227.0
199.0,739.0
199.0,517.0
199.0,639.0
199.0,586.0
199.0,310.0
199.0,104.0
199.0,786.0
199.0,671.0
199.0,677.0
199.0,416.0
199.0,836.0
200.0,918.0
200.0,999.0
200.0,398.0
200.0,342.0
200.0,742.0
200.0,335.0
200.0,10.0
200.0,904.0
200.0,331.0
200.0,518.0
200.0,121.0
200.0,968.0
201.0,86.0
201.0,89.0
201.0,28.0
201.0,382.0
201.0,947.0
201.0,282.0
201.0,564.0
201.0,459.0
201.0,676.0
201.0,204.0
201.0,641.0
201.0,468.0
202.0,698.0
202.0,600.0
202.0,94.0
202.0,1018.0
202.0,38.0
202.0,396.0
202.0,789.0
202.0,977.0
202.0,942.0
202.0,27.0
202.0,807.0
202.0,529.0
203.0,900.0
203.0,475.0
203.0,6.0
203.0,205.0
203.0,279.0
203.0,1027.0
203.0,614.0
203.0,332.0
203.0,374.0
203.0,893.0
203.0,905.0
203.0,695.0
204.0,1017.0
204.0,454.0
204.0,481.0
204.0,946.0
204.0,903.0
204.0,259.0
204.0,264.0
204.0,101.0
204.0,332.0
204.0,1027.0
204.0,155.0
204.0,890.0
205.0,483.0
205.0,897.0
205.0,996.0
205.0,66.0
205.0,683.0
205.0,275.0
205.0,327.0
205.0,1024.0
205.0,925.0
205.0,165.0
205.0,977.0
205.0,254.0
206.0,612.0
206.0,530.0
206.0,130.0
206.0,624.0
206.0,934.0
206.0,317.0
206.0,250.0
206.0,997.0
206.0,949.0
206.0,743.0
206.0,550.0
206.0,581.0
207.0,262.0
207.0,330.0
207.0,510.0
207.0,420.0
207.0,534.0
207.0,880.0
207.0,23.0
207.0,281.0
207.0,831.0
207.0,29.0
207.0,270.0
207.0,181.0
208.0,463.0
208.0,247.0
208.0,556.0
208.0,583.0
208.0,131.0
208.0,290.0
208.0,817.0
208.0,458.0
208.0,51.0
208.0,696.0
208.0,894.0
208.0,243.0
209.0,3.0
209.0,456.0
209.0,137.0
209.0,689.0
209.0,473.0
209.0,970.0
209.0,286.0
209.0,75.0
209.0,941.0
209.0,394.0
209.0,101.0
209.0,461.0
210.0,417.0
210.0,554.0
210.0,285.0
210.0,1006.0
210.0,820.0
210.0,1022.0
210.0,481.0
210.0,842.0
210.0,989.0
210.0,319.0
210.0,307.0
210.0,258.0
211.0,612.0
211.0,851.0
211.0,352.0
211.0,57.0
211.0,51.0
211.0,728.0
211.0,5.0
211.0,15.0
211.0,542.0
211.0,882.0
211.0,168.0
211.0,187.0
212.0,288.0
212.0,556.0
212.0,976.0
212.0,900.0
212.0,960.0
212.0,436.0
212.0,415.0
212.0,76.0
212.0,493.0
212.0,718.0
212.0,558.0
212.0,821.0
213.0,646.0
213.0,997.0
213.0,116.0
213.0,288.0
213.0,833.0
213.0,430.0
213.0,332.0
213.0,618.0
213.0,285.0
213.0,937.0
213.0,410.0
213.0,913.0
214.0,813.0
214.0,494.0
214.0,146.0
214.0,42.0
214.0,221.0
214.0,287.0
214.0,407.0
214.0,414.0
214.0,722.0
214.0,479.0
214.0,954.0
214.0,188.0
215.0,662.0
215.0,981.0
215.0,406.0
215.0,460.0
215.0,598.0
215.0,384.0
215.0,683.0
215.0,723.0
215.0,975.0
215.0,857.0
215.0,407.0
215.0,971.0
216.0,198.0
216.0,961.0
216.0,404.0
216.0,158.0
216.0,742.0
216.0,437.0
216.0,507.0
216.0,27.0
216.0,624.0
216.0,664.0
216.0,1012.0
216.0,949.0
217.0,710.0
217.0,170.0
217.0,440.0
217.0,948.0
217.0,123.0
217.0,179.0
217.0,484.0
217.0,608.0
217.0,430.0
217.0,431.0
217.0,1009.0
217.0,1019.0
218.0,329.0
218.0,774.0
218.0,444.0
218.0,70.0
218.0,706.0
218.0,54.0
218.0,287.0
218.0,580.0
218.0,281.0
218.0,737.0
218.0,154.0
218.0,401.0
219.0,770.0
219.0,734.0
219.0,713.0
219.0,429.0
219.0,45.0
219.0,25.0
219.0,111.0
219.0,906.0
219.0,1009.0
219.0,253.0
219.0,657.0
219.0,224.0
220.0,175.0
220.0,942.0
220.0,91.0
220.0,837.0
220.0,892.0
220.0,640.0
220.0,556.0
220.0,378.0
220.0,754.0
220.0,732.0
220.0,176.0
220.0,290.0
221.0,341.0
221.0,546.0
221.0,235.0
221.0,986.0
221.0,513.0
221.0,987.0
221.0,989.0
221.0,853.0
221.0,258.0
221.0,879.0
221.0,597.0
221.0,595.0
222.0,36.0
222.0,818.0
222.0,35.0
222.0,111.0
222.0,666.0
222.0,940.0
222.0,27.0
222.0,645.0
222.0,673.0
222.0,935.0
222.0,272.0
222.0,96.0
223.0,33.0
223.0,910.0
223.0,371.0
223.0,812.0
223.0,653.0
223.0,818.0
223.0,422.0
223.0,453.0
223.0,655.0
223.0,696.0
223.0,977.0
223.0,582.0
224.0,55.0
224.0,288.0
224.0,861.0
224.0,902.0
224.0,331.0
224.0,310.0
224.0,883.0
224.0,499.0
224.0,737.0
224.0,466.0
224.0,360.0
224.0,77.0
225.0,506.0
225.0,449.0
225.0,99.0
225.0,45.0
225.0,1010.0
225.0,640.0
225.0,767.0
225.0,345.0
225.0,627.0
225.0,386.0
225.0,597.0
225.0,663.0
226.0,737.0
226.0,1029.0
226.0,217.0
226.0,15.0
226.0,361.0
226.0,378.0
226.0,672.0
226.0,286.0
226.0,203.0
226.0,420.0
226.0,860.0
226.0,746.0
227.0,366.0
227.0,0.0
227.0,497.0
227.0,968.0
227.0,361.0
227.0,823.0
227.0,571.0
227.0,525.0
227.0,111.0
227.0,700.0
227.0,104.0
227.0,901.0
228.0,691.0
228.0,29.0
228.0,840.0
228.0,269.0
228.0,659.0
228.0,749.0
228.0,754.0
228.0,463.0
228.0,481.0
228.0,790.0
228.0,80.0
228.0,744.0
229.0,864.0
229.0,915.0
229.0,837.0
229.0,214.0
229.0,124.0
229.0,789.0
229.0,1028.0
229.0,600.0
229.0,838.0
229.0,471.0
229.0,277.0
229.0,34.0
230.0,699.0
230.0,380.0
230.0,349.0
230.0,616.0
230.0,182.0
230.0,71.0
230.0,564.0
230.0,601.0
230.0,762.0
230.0,132.0
230.0,798.0
230.0,576.0
231.0,856.0
231.0,533.0
231.0,592.0
231.0,89.0
231.0,489.0
231.0,719.0
231.0,725.0
231.0,517.0
231.0,44.0
231.0,905.0
231.0,854.0
231.0,335.0
232.0,369.0
232.0,210.0
232.0,624.0
232.0,88.0
232.0,38.0
232.0,1011.0
232.0,25.0
232.0,51.0
232.0,954.0
232.0,216.0
232.0,846.0
232.0,844.0
233.0,96.0
233.0,483.0
233.0,883.0
233.0,704.0
233.0,840.0
233.0,691.0
233.0,871.0
233.0,244.0
233.0,516.0
233.0,700.0
233.0,1010.0
233.0,442.0
234.0,819.0
234.0,288.0
234.0,943.0
234.0,745.0
234.0,207.0
234.0,488.0
234.0,116.0
234.0,962.0
234.0,752.0
234.0,788.0
234.0,212.0
234.0,839.0
235.0,66.0
235.0,720.0
235.0,221.0
235.0,203.0
235.0,781.0
235.0,261.0
235.0,530.0
235.0,32.0
235.0,428.0
235.0,1000.0
235.0,923.0
235.0,9.0
236.0,285.0
236.0,434.0
236.0,419.0
236.0,107.0
236.0,528.0
236.0,827.0
236.0,776.0
236.0,580.0
236.0,64.0
236.0,401.0
236.0,535.0
236.0,267.0
237.0,796.0
237.0,593.0
237.0,58.0
237.0,110.0
237.0,587.0
237.0,10.0
237.0,62.0
237.0,446.0
237.0,315.0
237.0,898.0
237.0,71.0
237.0,904.0
238.0,444.0
238.0,478.0
238.0,962.0
238.0,136.0
238.0,775.0
238.0,854.0
238.0,528.0
238.0,442.0
238.0,750.0
238.0,246.0
238.0,263.0
238.0,831.0
239.0,154.0
239.0,299.0
239.0,632.0
239.0,517.0
239.0,925.0
239.0,790.0
239.0,1015.0
239.0,879.0
239.0,596.0
239.0,1023.0
239.0,1011.0
239.0,769.0
240.0,88.0
240.0,993.0
240.0,923.0
240.0,567.0
240.0,689.0
240.0,129.0
240.0,109.0
240.0,132.0
240.0,1033.0
240.0,680.0
240.0,576.0
240.0,601.0
241.0,414.0
241.0,102.0
241.0,742.0
241.0,123.0
241.0,736.0
241.0,767.0
241.0,1027.0
241.0,119.0
241.0,339.0
241.0,837.0
241.0,746.0
241.0,232.0
242.0,665.0
242.0,894.0
242.0,56.0
242.0,257.0
242.0,743.0
242.0,738.0
242.0,167.0
242.0,731.0
242.0,920.0
242.0,747.0
242.0,170.0
242.0,539.0
243.0,755.0
243.0,877.0
243.0,563.0
243.0,795.0
243.0,662.0
243.0,777.0
243.0,515.0
243.0,127.0
243.0,611.0
243.0,751.0
243.0,756.0
243.0,846.0
244.0,793.0
244.0,959.0
244.0,632.0
244.0,509.0
244.0,335.0
244.0,1019.0
244.0,308.0
244.0,284.0
244.0,395.0
244.0,711.0
244.0,414.0
244.0,166.0
245.0,848.0
245.0,1008.0
245.0,191.0
245.0,310.0
245.0,67.0
245.0,914.0
245.0,516.0
245.0,337.0
245.0,266.0
245.0,910.0
245.0,686.0
245.0,327.0
246.0,256.0
246.0,741.0
246.0,77.0
246.0,920.0
246.0,849.0
246.0,906.0
246.0,929.0
246.0,781.0
246.0,213.0
246.0,810.0
246.0,937.0
246.0,812.0
247.0,465.0
247.0,23.0
247.0,849.0
247.0,875.0
247.0,951.0
247.0,923.0
247.0,816.0
247.0,619.0
247.0,833.0
247.0,151.0
247.0,511.0
247.0,589.0
248.0,65.0
248.0,24.0
248.0,132.0
248.0,679.0
248.0,576.0
248.0,31.0
248.0,89.0
248.0,605.0
248.0,531.0
248.0,706.0
248.0,707.0
248.0,630.0
249.0,446.0
249.0,968.0
249.0,904.0
249.0,835.0
249.0,31.0
249.0,1011.0
249.0,709.0
249.0,966.0
249.0,88.0
249.0,398.0
249.0,200.0
249.0,10.0
250.0,799.0
250.0,301.0
250.0,631.0
250.0,270.0
250.0,1027.0
250.0,183.0
250.0,618.0
250.0,747.0
250.0,384.0
250.0,642.0
250.0,578.0
250.0,319.0
251.0,1005.0
251.0,729.0
251.0,985.0
251.0,858.0
251.0,876.0
251.0,522.0
251.0,37.0
251.0,951.0
251.0,402.0
251.0,997.0
251.0,410.0
251.0,686.0
252.0,767.0
252.0,155.0
252.0,945.0
252.0,310.0
252.0,700.0
252.0,140.0
252.0,844.0
252.0,791.0
252.0,811.0
252.0,24.0
252.0,67.0
252.0,834.0
253.0,155.0
253.0,760.0
253.0,924.0
253.0,304.0
253.0,239.0
253.0,896.0
253.0,110.0
253.0,712.0
253.0,813.0
253.0,499.0
253.0,176.0
253.0,632.0
254.0,176.0
254.0,475.0
254.0,377.0
254.0,522.0
254.0,566.0
254.0,103.0
254.0,150.0
254.0,533.0
254.0,143.0
254.0,16.0
254.0,746.0
254.0,395.0
255.0,185.0
255.0,254.0
255.0,158.0
255.0,8.0
255.0,967.0
255.0,400.0
255.0,889.0
255.0,57.0
255.0,432.0
255.0,227.0
255.0,865.0
255.0,647.0
256.0,881.0
256.0,1017.0
256.0,914.0
256.0,36.0
256.0,269.0
256.0,16.0
256.0,755.0
256.0,736.0
256.0,859.0
256.0,377.0
256.0,7.0
256.0,965.0
257.0,416.0
257.0,753.0
257.0,231.0
257.0,682.0
257.0,20.0
257.0,808.0
257.0,96.0
257.0,195.0
257.0,273.0
257.0,366.0
257.0,61.0
257.0,631.0
258.0,487.0
258.0,385.0
258.0,531.0
258.0,747.0
258.0,615.0
258.0,974.0
258.0,564.0
258.0,621.0
258.0,788.0
258.0,301.0
258.0,282.0
258.0,754.0
259.0,155.0
259.0,869.0
259.0,527.0
259.0,204.0
259.0,462.0
259.0,934.0
259.0,712.0
259.0,187.0
259.0,629.0
259.0,925.0
259.0,791.0
259.0,939.0
260.0,37.0
260.0,753.0
260.0,816.0
260.0,256.0
260.0,876.0
260.0,167.0
260.0,985.0
260.0,582.0
260.0,633.0
260.0,1028.0
260.0,116.0
260.0,118.0
261.0,103.0
261.0,752.0
261.0,549.0
261.0,877.0
261.0,942.0
261.0,131.0
261.0,170.0
261.0,1027.0
261.0,279.0
261.0,273.0
261.0,210.0
261.0,32.0
262.0,381.0
262.0,43.0
262.0,726.0
262.0,716.0
262.0,305.0
262.0,800.0
262.0,534.0
262.0,184.0
262.0,375.0
262.0,108.0
262.0,409.0
262.0,114.0
263.0,188.0
263.0,1016.0
263.0,419.0
263.0,799.0
263.0,234.0
263.0,303.0
263.0,107.0
263.0,1032.0
263.0,238.0
263.0,1022.0
263.0,943.0
263.0,160.0
264.0,356.0
264.0,549.0
264.0,1025.0
264.0,57.0
264.0,823.0
264.0,255.0
264.0,334.0
264.0,939.0
264.0,216.0
264.0,68.0
264.0,364.0
264.0,351.0
265.0,658.0
265.0,817.0
265.0,115.0
265.0,170.0
265.0,482.0
265.0,181.0
265.0,428.0
265.0,72.0
265.0,952.0
265.0,266.0
265.0,77.0
265.0,335.0
266.0,250.0
266.0,154.0
266.0,755.0
266.0,231.0
266.0,749.0
266.0,224.0
266.0,824.0
266.0,577.0
266.0,1009.0
266.0,860.0
266.0,466.0
266.0,343.0
267.0,546.0
267.0,357.0
267.0,16.0
267.0,1008.0
267.0,47.0
267.0,370.0
267.0,156.0
267.0,296.0
267.0,576.0
267.0,69.0
267.0,480.0
267.0,986.0
268.0,929.0
268.0,598.0
268.0,135.0
268.0,146.0
268.0,273.0
268.0,410.0
268.0,310.0
268.0,623.0
268.0,183.0
268.0,423.0
268.0,36.0
268.0,246.0
269.0,895.0
269.0,56.0
269.0,640.0
269.0,108.0
269.0,228.0
269.0,369.0
269.0,531.0
269.0,307.0
269.0,466.0
269.0,746.0
269.0,107.0
269.0,132.0
270.0,156.0
270.0,148.0
270.0,881.0
270.0,979.0
270.0,986.0
270.0,419.0
270.0,234.0
270.0,477.0
270.0,108.0
270.0,1032.0
270.0,189.0
270.0,317.0
271.0,295.0
271.0,435.0
271.0,555.0
271.0,697.0
271.0,610.0
271.0,582.0
271.0,393.0
271.0,272.0
271.0,256.0
271.0,35.0
271.0,391.0
271.0,581.0
272.0,84.0
272.0,741.0
272.0,455.0
272.0,886.0
272.0,39.0
272.0,690.0
272.0,383.0
272.0,178.0
272.0,369.0
272.0,874.0
272.0,34.0
272.0,511.0
273.0,810.0
273.0,323.0
273.0,83.0
273.0,979.0
273.0,544.0
273.0,330.0
273.0,346.0
273.0,686.0
273.0,1017.0
273.0,300.0
273.0,67.0
273.0,894.0
274.0,927.0
274.0,485.0
274.0,663.0
274.0,63.0
274.0,145.0
274.0,241.0
274.0,549.0
274.0,248.0
274.0,293.0
274.0,939.0
274.0,823.0
274.0,742.0
275.0,87.0
275.0,52.0
275.0,165.0
275.0,610.0
275.0,96.0
275.0,594.0
275.0,881.0
275.0,1004.0
275.0,60.0
275.0,992.0
275.0,824.0
275.0,661.0
276.0,913.0
276.0,305.0
276.0,55.0
276.0,559.0
276.0,208.0
276.0,556.0
276.0,226.0
276.0,286.0
276.0,611.0
276.0,166.0
276.0,103.0
276.0,224.0
277.0,493.0
277.0,411.0
277.0,229.0
277.0,125.0
277.0,975.0
277.0,5.0
277.0,972.0
277.0,434.0
277.0,639.0
277.0,226.0
277.0,700.0
277.0,703.0
278.0,232.0
278.0,109.0
278.0,145.0
278.0,760.0
278.0,364.0
278.0,17.0
278.0,593.0
278.0,309.0
278.0,984.0
278.0,700.0
278.0,540.0
278.0,605.0
279.0,463.0
279.0,271.0
279.0,961.0
279.0,648.0
279.0,624.0
279.0,933.0
279.0,172.0
279.0,905.0
279.0,973.0
279.0,938.0
279.0,658.0
279.0,424.0
280.0,967.0
280.0,498.0
280.0,584.0
280.0,546.0
280.0,111.0
280.0,900.0
280.0,339.0
280.0,429.0
280.0,196.0
280.0,901.0
280.0,119.0
280.0,692.0
281.0,127.0
281.0,243.0
281.0,120.0
281.0,78.0
281.0,372.0
281.0,857.0
281.0,854.0
281.0,205.0
281.0,403.0
281.0,214.0
281.0,646.0
281.0,925.0
282.0,415.0
282.0,1012.0
282.0,68.0
282.0,320.0
282.0,771.0
282.0,125.0
282.0,201.0
282.0,153.0
282.0,192.0
282.0,638.0
282.0,144.0
282.0,800.0
283.0,932.0
283.0,969.0
283.0,599.0
283.0,27.0
283.0,731.0
283.0,686.0
283.0,191.0
283.0,900.0
283.0,293.0
283.0,79.0
283.0,412.0
283.0,924.0
284.0,492.0
284.0,740.0
284.0,835.0
284.0,195.0
284.0,744.0
284.0,418.0
284.0,17.0
284.0,188.0
284.0,182.0
284.0,714.0
284.0,607.0
284.0,622.0
285.0,897.0
285.0,609.0
285.0,774.0
285.0,831.0
285.0,173.0
285.0,962.0
285.0,963.0
285.0,775.0
285.0,444.0
285.0,508.0
285.0,649.0
285.0,297.0
286.0,415.0
286.0,701.0
286.0,344.0
286.0,808.0
286.0,946.0
286.0,900.0
286.0,553.0
286.0,166.0
286.0,992.0
286.0,78.0
286.0,684.0
286.0,327.0
287.0,869.0
287.0,989.0
287.0,68.0
287.0,156.0
287.0,157.0
287.0,994.0
287.0,564.0
287.0,844.0
287.0,445.0
287.0,291.0
287.0,218.0
287.0,366.0
288.0,1027.0
288.0,554.0
288.0,948.0
288.0,805.0
288.0,108.0
288.0,430.0
288.0,230.0
288.0,493.0
288.0,220.0
288.0,98.0
288.0,599.0
288.0,819.0
289.0,758.0
289.0,271.0
289.0,886.0
289.0,393.0
289.0,812.0
289.0,391.0
289.0,590.0
289.0,517.0
289.0,944.0
289.0,817.0
289.0,643.0
289.0,688.0
290.0,330.0
290.0,235.0
290.0,530.0
290.0,707.0
290.0,684.0
290.0,652.0
290.0,740.0
290.0,339.0
290.0,790.0
290.0,736.0
290.0,196.0
290.0,874.0
291.0,288.0
291.0,443.0
291.0,667.0
291.0,455.0
291.0,721.0
291.0,444.0
291.0,370.0
291.0,928.0
291.0,434.0
291.0,470.0
291.0,66.0
291.0,731.0
292.0,557.0
292.0,326.0
292.0,279.0
292.0,332.0
292.0,668.0
292.0,208.0
292.0,334.0
292.0,107.0
292.0,895.0
292.0,756.0
292.0,15.0
292.0,87.0
293.0,299.0
293.0,784.0
293.0,185.0
293.0,904.0
293.0,264.0
293.0,485.0
293.0,162.0
293.0,663.0
293.0,871.0
293.0,972.0
293.0,446.0
293.0,693.0
294.0,523.0
294.0,0.0
294.0,385.0
294.0,578.0
294.0,136.0
294.0,666.0
294.0,491.0
294.0,346.0
294.0,519.0
294.0,118.0
294.0,307.0
294.0,935.0
295.0,502.0
295.0,463.0
295.0,560.0
295.0,817.0
295.0,300.0
295.0,935.0
295.0,991.0
295.0,337.0
295.0,984.0
295.0,703.0
295.0,454.0
295.0,464.0
296.0,159.0
296.0,513.0
296.0,803.0
296.0,388.0
296.0,470.0
296.0,787.0
296.0,599.0
296.0,214.0
296.0,620.0
296.0,1008.0
296.0,563.0
296.0,287.0
297.0,207.0
297.0,510.0
297.0,359.0
297.0,923.0
297.0,588.0
297.0,1022.0
297.0,885.0
297.0,843.0
297.0,804.0
297.0,774.0
297.0,515.0
297.0,854.0
298.0,845.0
298.0,981.0
298.0,725.0
298.0,102.0
298.0,64.0
298.0,117.0
298.0,473.0
298.0,261.0
298.0,991.0
298.0,462.0
298.0,746.0
298.0,19.0
299.0,871.0
299.0,330.0
299.0,334.0
299.0,577.0
299.0,916.0
299.0,42.0
299.0,683.0
299.0,625.0
299.0,907.0
299.0,57.0
299.0,137.0
299.0,707.0
300.0,1013.0
300.0,817.0
300.0,667.0
300.0,633.0
300.0,171.0
300.0,722.0
300.0,623.0
300.0,622.0
300.0,275.0
300.0,335.0
300.0,52.0
300.0,806.0
301.0,455.0
301.0,844.0
301.0,733.0
301.0,974.0
301.0,624.0
301.0,104.0
301.0,683.0
301.0,919.0
301.0,360.0
301.0,894.0
301.0,910.0
301.0,359.0
302.0,915.0
302.0,949.0
302.0,688.0
302.0,324.0
302.0,808.0
302.0,140.0
302.0,25.0
302.0,14.0
302.0,568.0
302.0,453.0
302.0,118.0
302.0,457.0
303.0,945.0
303.0,936.0
303.0,480.0
303.0,981.0
303.0,435.0
303.0,272.0
303.0,548.0
303.0,971.0
303.0,268.0
303.0,540.0
303.0,489.0
303.0,695.0
304.0,530.0
304.0,801.0
304.0,296.0
304.0,360.0
304.0,1006.0
304.0,503.0
304.0,163.0
304.0,55.0
304.0,370.0
304.0,47.0
304.0,198.0
304.0,828.0
305.0,613.0
305.0,152.0
305.0,21.0
305.0,184.0
305.0,90.0
305.0,106.0
305.0,831.0
305.0,348.0
305.0,641.0
305.0,720.0
305.0,343.0
305.0,989.0
306.0,564.0
306.0,114.0
306.0,616.0
306.0,197.0
306.0,321.0
306.0,626.0
306.0,325.0
306.0,120.0
306.0,494.0
306.0,262.0
306.0,375.0
306.0,768.0
307.0,777.0
307.0,250.0
307.0,1029.0
307.0,254.0
307.0,514.0
307.0,712.0
307.0,499.0
307.0,27.0
307.0,125.0
307.0,960.0
307.0,360.0
307.0,203.0
308.0,180.0
308.0,539.0
308.0,712.0
308.0,838.0
308.0,946.0
308.0,883.0
308.0,159.0
308.0,334.0
308.0,672.0
308.0,189.0
308.0,662.0
308.0,163.0
309.0,462.0
309.0,157.0
309.0,335.0
309.0,624.0
309.0,552.0
309.0,169.0
309.0,185.0
309.0,845.0
309.0,791.0
309.0,121.0
309.0,166.0
309.0,531.0
310.0,294.0
310.0,30.0
310.0,377.0
310.0,424.0
310.0,59.0
310.0,887.0
310.0,524.0
310.0,150.0
310.0,193.0
310.0,985.0
310.0,512.0
310.0,342.0
311.0,892.0
311.0,359.0
311.0,282.0
311.0,468.0
311.0,679.0
311.0,828.0
311.0,880.0
311.0,448.0
311.0,1015.0
311.0,744.0
311.0,940.0
311.0,982.0
312.0,233.0
312.0,1028.0
312.0,51.0
312.0,557.0
312.0,18.0
312.0,703.0
312.0,792.0
312.0,111.0
312.0,840.0
312.0,392.0
312.0,830.0
312.0,851.0
313.0,820.0
313.0,67.0
313.0,354.0
313.0,959.0
313.0,75.0
313.0,434.0
313.0,436.0
313.0,618.0
313.0,531.0
313.0,330.0
313.0,586.0
313.0,270.0
314.0,685.0
314.0,709.0
314.0,567.0
314.0,127.0
314.0,458.0
314.0,632.0
314.0,681.0
314.0,853.0
314.0,237.0
314.0,469.0
314.0,390.0
314.0,628.0
315.0,647.0
315.0,278.0
315.0,100.0
315.0,895.0
315.0,904.0
315.0,707.0
315.0,97.0
315.0,1.0
315.0,58.0
315.0,469.0
315.0,993.0
315.0,309.0
316.0,458.0
316.0,727.0
316.0,474.0
316.0,131.0
316.0,145.0
316.0,461.0
316.0,728.0
316.0,561.0
316.0,437.0
316.0,10.0
316.0,889.0
316.0,781.0
317.0,222.0
317.0,522.0
317.0,319.0
317.0,955.0
317.0,511.0
317.0,928.0
317.0,671.0
317.0,729.0
317.0,845.0
317.0,369.0
317.0,594.0
317.0,462.0
318.0,102.0
318.0,656.0
318.0,215.0
318.0,176.0
318.0,341.0
318.0,66.0
318.0,516.0
318.0,583.0
318.0,368.0
318.0,89.0
318.0,893.0
318.0,219.0
319.0,922.0
319.0,862.0
319.0,991.0
319.0,970.0
319.0,301.0
319.0,942.0
319.0,261.0
319.0,73.0
319.0,420.0
319.0,407.0
319.0,273.0
319.0,187.0
320.0,641.0
320.0,494.0
320.0,944.0
320.0,382.0
320.0,106.0
320.0,760.0
320.0,923.0
320.0,971.0
320.0,403.0
320.0,518.0
320.0,82.0
320.0,120.0
321.0,774.0
321.0,660.0
321.0,607.0
321.0,6.0
321.0,595.0
321.0,147.0
321.0,306.0
321.0,727.0
321.0,626.0
321.0,679.0
321.0,405.0
321.0,177.0
322.0,927.0
322.0,418.0
322.0,840.0
322.0,959.0
322.0,812.0
322.0,950.0
322.0,622.0
322.0,568.0
322.0,377.0
322.0,633.0
322.0,1004.0
322.0,838.0
323.0,914.0
323.0,598.0
323.0,29.0
323.0,623.0
323.0,825.0
323.0,206.0
323.0,256.0
323.0,183.0
323.0,222.0
323.0,81.0
323.0,772.0
323.0,929.0
324.0,983.0
324.0,721.0
324.0,391.0
324.0,928.0
324.0,779.0
324.0,60.0
324.0,666.0
324.0,223.0
324.0,310.0
324.0,886.0
324.0,910.0
324.0,994.0
325.0,778.0
325.0,109.0
325.0,801.0
325.0,451.0
325.0,630.0
325.0,595.0
325.0,190.0
325.0,606.0
325.0,10.0
325.0,727.0
325.0,616.0
325.0,48.0
326.0,438.0
326.0,828.0
326.0,215.0
326.0,842.0
326.0,866.0
326.0,370.0
326.0,867.0
326.0,566.0
326.0,946.0
326.0,473.0
326.0,667.0
326.0,328.0
327.0,266.0
327.0,931.0
327.0,846.0
327.0,718.0
327.0,913.0
327.0,319.0
327.0,638.0
327.0,250.0
327.0,81.0
327.0,642.0
327.0,363.0
327.0,733.0
328.0,781.0
328.0,769.0
328.0,95.0
328.0,1015.0
328.0,41.0
328.0,123.0
328.0,880.0
328.0,425.0
328.0,815.0
328.0,628.0
328.0,897.0
328.0,179.0
329.0,217.0
329.0,651.0
329.0,700.0
329.0,629.0
329.0,1003.0
329.0,838.0
329.0,239.0
329.0,360.0
329.0,154.0
329.0,736.0
329.0,389.0
329.0,552.0
330.0,761.0
330.0,1008.0
330.0,970.0
330.0,123.0
330.0,695.0
330.0,830.0
330.0,1012.0
330.0,196.0
330.0,98.0
330.0,269.0
330.0,828.0
330.0,143.0
331.0,370.0
331.0,890.0
331.0,497.0
331.0,1002.0
331.0,288.0
331.0,313.0
331.0,837.0
331.0,464.0
331.0,907.0
331.0,80.0
331.0,220.0
331.0,210.0
332.0,189.0
332.0,946.0
332.0,27.0
332.0,245.0
332.0,1035.0
332.0,296.0
332.0,575.0
332.0,512.0
332.0,157.0
332.0,603.0
332.0,691.0
332.0,651.0
333.0,312.0
333.0,457.0
333.0,302.0
333.0,849.0
333.0,807.0
333.0,141.0
333.0,625.0
333.0,591.0
333.0,734.0
333.0,277.0
333.0,538.0
333.0,906.0
334.0,575.0
334.0,609.0
334.0,330.0
334.0,167.0
334.0,603.0
334.0,550.0
334.0,860.0
334.0,545.0
334.0,91.0
334.0,1027.0
334.0,513.0
334.0,1009.0
335.0,976.0
335.0,341.0
335.0,1016.0
335.0,326.0
335.0,23.0
335.0,361.0
335.0,642.0
335.0,702.0
335.0,407.0
335.0,1027.0
335.0,245.0
335.0,242.0
336.0,360.0
336.0,538.0
336.0,558.0
336.0,221.0
336.0,533.0
336.0,1035.0
336.0,754.0
336.0,342.0
336.0,668.0
336.0,942.0
336.0,889.0
336.0,4.0
337.0,568.0
337.0,168.0
337.0,651.0
337.0,1016.0
337.0,322.0
337.0,392.0
337.0,777.0
337.0,51.0
337.0,653.0
337.0,194.0
337.0,945.0
337.0,754.0
338.0,439.0
338.0,693.0
338.0,314.0
338.0,930.0
338.0,980.0
338.0,390.0
338.0,796.0
338.0,921.0
338.0,6.0
338.0,237.0
338.0,493.0
338.0,398.0
339.0,514.0
339.0,361.0
339.0,944.0
339.0,472.0
339.0,329.0
339.0,862.0
339.0,907.0
339.0,25.0
339.0,185.0
339.0,440.0
339.0,61.0
339.0,198.0
340.0,743.0
340.0,858.0
340.0,275.0
340.0,650.0
340.0,84.0
340.0,985.0
340.0,849.0
340.0,36.0
340.0,940.0
340.0,269.0
340.0,548.0
340.0,895.0
341.0,989.0
341.0,278.0
341.0,958.0
341.0,581.0
341.0,60.0
341.0,687.0
341.0,490.0
341.0,499.0
341.0,22.0
341.0,1004.0
341.0,395.0
341.0,462.0
342.0,140.0
342.0,699.0
342.0,717.0
342.0,978.0
342.0,675.0
342.0,1025.0
342.0,491.0
342.0,316.0
342.0,939.0
342.0,685.0
342.0,215.0
342.0,534.0
343.0,759.0
343.0,281.0
343.0,880.0
343.0,672.0
343.0,775.0
343.0,258.0
343.0,397.0
343.0,731.0
343.0,344.0
343.0,412.0
343.0,907.0
343.0,919.0
344.0,817.0
344.0,454.0
344.0,245.0
344.0,753.0
344.0,623.0
344.0,227.0
344.0,1017.0
344.0,473.0
344.0,883.0
344.0,67.0
344.0,292.0
344.0,496.0
345.0,85.0
345.0,1033.0
345.0,657.0
345.0,283.0
345.0,252.0
345.0,579.0
345.0,100.0
345.0,315.0
345.0,566.0
345.0,474.0
345.0,104.0
345.0,1025.0
346.0,908.0
346.0,825.0
346.0,60.0
346.0,642.0
346.0,245.0
346.0,455.0
346.0,897.0
346.0,758.0
346.0,271.0
346.0,355.0
346.0,873.0
346.0,260.0
347.0,446.0
347.0,5.0
347.0,497.0
347.0,185.0
347.0,354.0
347.0,882.0
347.0,509.0
347.0,53.0
347.0,822.0
347.0,199.0
347.0,1033.0
347.0,859.0
348.0,924.0
348.0,152.0
348.0,320.0
348.0,382.0
348.0,899.0
348.0,626.0
348.0,683.0
348.0,628.0
348.0,282.0
348.0,3.0
348.0,520.0
348.0,617.0
349.0,809.0
349.0,292.0
349.0,531.0
349.0,241.0
349.0,887.0
349.0,352.0
349.0,614.0
349.0,19.0
349.0,978.0
349.0,938.0
349.0,708.0
349.0,500.0
350.0,235.0
350.0,957.0
350.0,545.0
350.0,311.0
350.0,406.0
350.0,372.0
350.0,797.0
350.0,123.0
350.0,790.0
350.0,16.0
350.0,147.0
350.0,86.0
351.0,121.0
351.0,805.0
351.0,970.0
351.0,149.0
351.0,166.0
351.0,832.0
351.0,509.0
351.0,386.0
351.0,622.0
351.0,1011.0
351.0,712.0
351.0,517.0
352.0,309.0
352.0,232.0
352.0,977.0
352.0,313.0
352.0,47.0
352.0,597.0
352.0,389.0
352.0,351.0
352.0,1011.0
352.0,874.0
352.0,360.0
352.0,252.0
353.0,1005.0
353.0,938.0
353.0,525.0
353.0,584.0
353.0,67.0
353.0,483.0
353.0,683.0
353.0,548.0
353.0,990.0
353.0,1001.0
353.0,2.0
353.0,191.0
354.0,932.0
354.0,550.0
354.0,870.0
354.0,253.0
354.0,400.0
354.0,836.0
354.0,694.0
354.0,740.0
354.0,110.0
354.0,823.0
354.0,57.0
354.0,788.0
355.0,737.0
355.0,996.0
355.0,532.0
355.0,687.0
355.0,79.0
355.0,493.0
355.0,998.0
355.0,960.0
355.0,590.0
355.0,7.0
355.0,702.0
355.0,373.0
356.0,20.0
356.0,653.0
356.0,291.0
356.0,411.0
356.0,887.0
356.0,107.0
356.0,1016.0
356.0,522.0
356.0,820.0
356.0,467.0
356.0,686.0
356.0,93.0
357.0,290.0
357.0,256.0
357.0,842.0
357.0,662.0
357.0,554.0
357.0,91.0
357.0,973.0
357.0,456.0
357.0,119.0
357.0,648.0
357.0,428.0
357.0,913.0
358.0,16.0
358.0,771.0
358.0,201.0
358.0,528.0
358.0,819.0
358.0,885.0
358.0,613.0
358.0,737.0
358.0,641.0
358.0,580.0
358.0,656.0
358.0,126.0
359.0,1017.0
359.0,897.0
359.0,489.0
359.0,29.0
359.0,643.0
359.0,777.0
359.0,445.0
359.0,794.0
359.0,549.0
359.0,780.0
359.0,154.0
359.0,182.0
360.0,140.0
360.0,1007.0
360.0,803.0
360.0,834.0
360.0,196.0
360.0,66.0
360.0,30.0
360.0,1000.0
360.0,146.0
360.0,700.0
360.0,530.0
360.0,0.0
361.0,969.0
361.0,913.0
361.0,725.0
361.0,530.0
361.0,598.0
361.0,609.0
361.0,687.0
361.0,837.0
361.0,283.0
361.0,972.0
361.0,189.0
361.0,233.0
362.0,80.0
362.0,569.0
362.0,64.0
362.0,508.0
362.0,86.0
362.0,358.0
362.0,488.0
362.0,468.0
362.0,646.0
362.0,893.0
362.0,478.0
362.0,286.0
363.0,115.0
363.0,755.0
363.0,294.0
363.0,378.0
363.0,189.0
363.0,247.0
363.0,61.0
363.0,470.0
363.0,429.0
363.0,888.0
363.0,4.0
363.0,919.0
364.0,735.0
364.0,743.0
364.0,367.0
364.0,846.0
364.0,847.0
364.0,927.0
364.0,698.0
364.0,811.0
364.0,1025.0
364.0,154.0
364.0,659.0
364.0,166.0
365.0,614.0
365.0,297.0
365.0,413.0
365.0,207.0
365.0,644.0
365.0,762.0
365.0,576.0
365.0,616.0
365.0,321.0
365.0,715.0
365.0,669.0
365.0,841.0
366.0,83.0
366.0,666.0
366.0,1029.0
366.0,551.0
366.0,75.0
366.0,824.0
366.0,105.0
366.0,492.0
366.0,688.0
366.0,634.0
366.0,457.0
366.0,866.0
367.0,674.0
367.0,278.0
367.0,56.0
367.0,181.0
367.0,829.0
367.0,956.0
367.0,732.0
367.0,360.0
367.0,889.0
367.0,744.0
367.0,61.0
367.0,479.0
368.0,945.0
368.0,464.0
368.0,718.0
368.0,175.0
368.0,902.0
368.0,707.0
368.0,755.0
368.0,1020.0
368.0,372.0
368.0,874.0
368.0,1008.0
368.0,363.0
369.0,323.0
369.0,250.0
369.0,908.0
369.0,825.0
369.0,251.0
369.0,160.0
369.0,245.0
369.0,511.0
369.0,334.0
369.0,170.0
369.0,1017.0
369.0,925.0
370.0,132.0
370.0,1009.0
370.0,368.0
370.0,214.0
370.0,66.0
370.0,286.0
370.0,27.0
370.0,978.0
370.0,459.0
370.0,545.0
370.0,912.0
370.0,718.0
371.0,367.0
371.0,81.0
371.0,356.0
371.0,503.0
371.0,651.0
371.0,977.0
371.0,683.0
371.0,743.0
371.0,770.0
371.0,284.0
371.0,515.0
371.0,364.0
372.0,119.0
372.0,839.0
372.0,874.0
372.0,748.0
372.0,973.0
372.0,220.0
372.0,944.0
372.0,869.0
372.0,924.0
372.0,665.0
372.0,287.0
372.0,215.0
373.0,754.0
373.0,897.0
373.0,1024.0
373.0,573.0
373.0,327.0
373.0,213.0
373.0,875.0
373.0,215.0
373.0,59.0
373.0,409.0
373.0,389.0
373.0,303.0
374.0,778.0
374.0,107.0
374.0,533.0
374.0,911.0
374.0,254.0
374.0,318.0
374.0,570.0
374.0,408.0
374.0,436.0
374.0,159.0
374.0,1006.0
374.0,235.0
375.0,184.0
375.0,669.0
375.0,1002.0
375.0,956.0
375.0,1015.0
375.0,617.0
375.0,588.0
375.0,1022.0
375.0,403.0
375.0,197.0
375.0,786.0
375.0,89.0
376.0,910.0
376.0,429.0
376.0,392.0
376.0,302.0
376.0,851.0
376.0,657.0
376.0,286.0
376.0,792.0
376.0,915.0
376.0,864.0
376.0,52.0
376.0,801.0
377.0,34.0
377.0,533.0
377.0,785.0
377.0,280.0
377.0,874.0
377.0,14.0
377.0,51.0
377.0,697.0
377.0,175.0
377.0,932.0
377.0,75.0
377.0,134.0
378.0,687.0
378.0,482.0
378.0,542.0
378.0,111.0
378.0,1005.0
378.0,447.0
378.0,55.0
378.0,326.0
378.0,890.0
378.0,724.0
378.0,944.0
378.0,734.0
379.0,908.0
379.0,238.0
379.0,729.0
379.0,4.0
379.0,975.0
379.0,1027.0
379.0,399.0
379.0,122.0
379.0,434.0
379.0,410.0
379.0,591.0
379.0,773.0
380.0,395.0
380.0,182.0
380.0,779.0
380.0,461.0
380.0,370.0
380.0,1016.0
380.0,29.0
380.0,467.0
380.0,30.0
380.0,71.0
380.0,959.0
380.0,345.0
381.0,160.0
381.0,236.0
381.0,108.0
381.0,953.0
381.0,897.0
381.0,84.0
381.0,247.0
381.0,443.0
381.0,222.0
381.0,893.0
381.0,119.0
381.0,238.0
382.0,146.0
382.0,715.0
382.0,152.0
382.0,786.0
382.0,128.0
382.0,120.0
382.0,43.0
382.0,899.0
382.0,348.0
382.0,510.0
382.0,782.0
382.0,1000.0
383.0,519.0
383.0,9.0
383.0,301.0
383.0,922.0
383.0,131.0
383.0,250.0
383.0,933.0
383.0,222.0
383.0,22.0
383.0,890.0
383.0,261.0
383.0,66.0
384.0,535.0
384.0,744.0
384.0,363.0
384.0,612.0
384.0,874.0
384.0,79.0
384.0,408.0
384.0,618.0
384.0,943.0
384.0,664.0
384.0,181.0
384.0,126.0
385.0,986.0
385.0,410.0
385.0,750.0
385.0,267.0
385.0,774.0
385.0,515.0
385.0,534.0
385.0,971.0
385.0,712.0
385.0,464.0
385.0,826.0
385.0,724.0
386.0,45.0
386.0,1003.0
386.0,811.0
386.0,53.0
386.0,452.0
386.0,521.0
386.0,137.0
386.0,791.0
386.0,552.0
386.0,647.0
386.0,798.0
386.0,354.0
387.0,235.0
387.0,1021.0
387.0,1019.0
387.0,137.0
387.0,965.0
387.0,57.0
387.0,721.0
387.0,539.0
387.0,102.0
387.0,25.0
387.0,304.0
387.0,680.0
388.0,330.0
388.0,314.0
388.0,16.0
388.0,899.0
388.0,819.0
388.0,856.0
388.0,204.0
388.0,48.0
388.0,436.0
388.0,863.0
388.0,955.0
388.0,184.0
389.0,695.0
389.0,171.0
389.0,287.0
389.0,551.0
389.0,845.0
389.0,887.0
389.0,769.0
389.0,456.0
389.0,668.0
389.0,341.0
389.0,760.0
389.0,637.0
390.0,368.0
390.0,204.0
390.0,314.0
390.0,691.0
390.0,850.0
390.0,490.0
390.0,1007.0
390.0,654.0
390.0,328.0
390.0,230.0
390.0,459.0
390.0,727.0
391.0,886.0
391.0,289.0
391.0,277.0
391.0,631.0
391.0,453.0
391.0,72.0
391.0,235.0
391.0,901.0
391.0,435.0
391.0,149.0
391.0,532.0
391.0,910.0
392.0,277.0
392.0,984.0
392.0,578.0
392.0,653.0
392.0,792.0
392.0,438.0
392.0,186.0
392.0,551.0
392.0,366.0
392.0,219.0
392.0,363.0
392.0,495.0
393.0,312.0
393.0,346.0
393.0,340.0
393.0,384.0
393.0,233.0
393.0,555.0
393.0,817.0
393.0,194.0
393.0,751.0
393.0,310.0
393.0,35.0
393.0,81.0
394.0,279.0
394.0,778.0
394.0,462.0
394.0,250.0
394.0,129.0
394.0,672.0
394.0,185.0
394.0,31.0
394.0,561.0
394.0,461.0
394.0,253.0
394.0,564.0
395.0,9.0
395.0,308.0
395.0,79.0
395.0,361.0
395.0,349.0
395.0,922.0
395.0,816.0
395.0,612.0
395.0,66.0
395.0,120.0
395.0,756.0
395.0,75.0
396.0,544.0
396.0,597.0
396.0,694.0
396.0,719.0
396.0,194.0
396.0,491.0
396.0,227.0
396.0,657.0
396.0,386.0
396.0,171.0
396.0,38.0
396.0,292.0
397.0,534.0
397.0,190.0
397.0,687.0
397.0,343.0
397.0,1000.0
397.0,628.0
397.0,6.0
397.0,790.0
397.0,103.0
397.0,578.0
397.0,958.0
397.0,204.0
398.0,88.0
398.0,561.0
398.0,53.0
398.0,15.0
398.0,904.0
398.0,31.0
398.0,999.0
398.0,338.0
398.0,542.0
398.0,872.0
398.0,62.0
398.0,386.0
399.0,937.0
399.0,874.0
399.0,833.0
399.0,636.0
399.0,599.0
399.0,550.0
399.0,974.0
399.0,330.0
399.0,816.0
399.0,391.0
399.0,303.0
399.0,580.0
400.0,793.0
400.0,811.0
400.0,68.0
400.0,966.0
400.0,677.0
400.0,972.0
400.0,766.0
400.0,331.0
400.0,722.0
400.0,315.0
400.0,452.0
400.0,5.0
401.0,965.0
401.0,786.0
401.0,936.0
401.0,427.0
401.0,343.0
401.0,126.0
401.0,510.0
401.0,827.0
401.0,501.0
401.0,107.0
401.0,508.0
401.0,361.0
402.0,634.0
402.0,410.0
402.0,447.0
402.0,981.0
402.0,268.0
402.0,936.0
402.0,271.0
402.0,937.0
402.0,7.0
402.0,650.0
402.0,36.0
402.0,848.0
403.0,61.0
403.0,348.0
403.0,842.0
403.0,382.0
403.0,839.0
403.0,588.0
403.0,201.0
403.0,595.0
403.0,385.0
403.0,388.0
403.0,320.0
403.0,884.0
404.0,503.0
404.0,12.0
404.0,945.0
404.0,400.0
404.0,978.0
404.0,140.0
404.0,104.0
404.0,292.0
404.0,1021.0
404.0,360.0
404.0,760.0
404.0,867.0
405.0,385.0
405.0,26.0
405.0,712.0
405.0,54.0
405.0,880.0
405.0,504.0
405.0,979.0
405.0,981.0
405.0,342.0
405.0,716.0
405.0,596.0
405.0,828.0
406.0,342.0
406.0,537.0
406.0,43.0
406.0,444.0
406.0,350.0
406.0,184.0
406.0,620.0
406.0,201.0
406.0,652.0
406.0,78.0
406.0,804.0
406.0,297.0
407.0,221.0
407.0,808.0
407.0,368.0
407.0,359.0
407.0,608.0
407.0,142.0
407.0,554.0
407.0,952.0
407.0,869.0
407.0,707.0
407.0,1009.0
407.0,684.0
408.0,1004.0
408.0,331.0
408.0,731.0
408.0,748.0
408.0,900.0
408.0,1024.0
408.0,735.0
408.0,350.0
408.0,463.0
408.0,958.0
408.0,98.0
408.0,226.0
409.0,477.0
409.0,111.0
409.0,556.0
409.0,788.0
409.0,487.0
409.0,1034.0
409.0,323.0
409.0,21.0
409.0,468.0
409.0,800.0
409.0,342.0
409.0,3.0
410.0,346.0
410.0,275.0
410.0,810.0
410.0,985.0
410.0,743.0
410.0,951.0
410.0,334.0
410.0,423.0
410.0,714.0
410.0,70.0
410.0,673.0
410.0,246.0
411.0,50.0
411.0,916.0
411.0,829.0
411.0,554.0
411.0,383.0
411.0,20.0
411.0,742.0
411.0,298.0
411.0,900.0
411.0,231.0
411.0,32.0
411.0,119.0
412.0,497.0
412.0,473.0
412.0,136.0
412.0,805.0
412.0,126.0
412.0,641.0
412.0,944.0
412.0,331.0
412.0,359.0
412.0,206.0
412.0,381.0
412.0,151.0
413.0,802.0
413.0,264.0
413.0,980.0
413.0,57.0
413.0,17.0
413.0,769.0
413.0,209.0
413.0,248.0
413.0,433.0
413.0,325.0
413.0,314.0
413.0,767.0
414.0,341.0
414.0,131.0
414.0,579.0
414.0,868.0
414.0,706.0
414.0,155.0
414.0,4.0
414.0,204.0
414.0,586.0
414.0,554.0
414.0,537.0
414.0,167.0
415.0,168.0
415.0,1030.0
415.0,1008.0
415.0,440.0
415.0,613.0
415.0,136.0
415.0,1000.0
415.0,989.0
415.0,853.0
415.0,553.0
415.0,159.0
415.0,527.0
416.0,772.0
416.0,920.0
416.0,194.0
416.0,1008.0
416.0,183.0
416.0,731.0
416.0,777.0
416.0,266.0
416.0,544.0
416.0,502.0
416.0,118.0
416.0,906.0
417.0,279.0
417.0,436.0
417.0,564.0
417.0,244.0
417.0,215.0
417.0,624.0
417.0,946.0
417.0,967.0
417.0,925.0
417.0,187.0
417.0,996.0
417.0,472.0
418.0,404.0
418.0,793.0
418.0,46.0
418.0,492.0
418.0,1021.0
418.0,766.0
418.0,259.0
418.0,133.0
418.0,927.0
418.0,939.0
418.0,556.0
418.0,517.0
419.0,963.0
419.0,168.0
419.0,11.0
419.0,831.0
419.0,1000.0
419.0,148.0
419.0,0.0
419.0,64.0
419.0,70.0
419.0,619.0
419.0,327.0
419.0,379.0
420.0,440.0
420.0,989.0
420.0,226.0
420.0,438.0
420.0,339.0
420.0,412.0
420.0,581.0
420.0,112.0
420.0,659.0
420.0,455.0
420.0,363.0
420.0,900.0
421.0,22.0
421.0,406.0
421.0,98.0
421.0,385.0
421.0,987.0
421.0,169.0
421.0,528.0
421.0,1035.0
421.0,207.0
421.0,291.0
421.0,962.0
421.0,190.0
422.0,1018.0
422.0,486.0
422.0,783.0
422.0,264.0
422.0,751.0
422.0,141.0
422.0,351.0
422.0,52.0
422.0,529.0
422.0,650.0
422.0,186.0
422.0,324.0
423.0,695.0
423.0,462.0
423.0,528.0
423.0,378.0
423.0,842.0
423.0,504.0
423.0,583.0
423.0,699.0
423.0,607.0
423.0,491.0
423.0,708.0
423.0,283.0
424.0,991.0
424.0,572.0
424.0,304.0
424.0,542.0
424.0,872.0
424.0,976.0
424.0,921.0
424.0,1009.0
424.0,107.0
424.0,690.0
424.0,347.0
424.0,233.0
425.0,745.0
425.0,11.0
425.0,477.0
425.0,153.0
425.0,826.0
425.0,609.0
425.0,430.0
425.0,998.0
425.0,1006.0
425.0,448.0
425.0,774.0
425.0,106.0
426.0,345.0
426.0,722.0
426.0,627.0
426.0,700.0
426.0,432.0
426.0,162.0
426.0,695.0
426.0,446.0
426.0,749.0
426.0,284.0
426.0,1010.0
426.0,255.0
427.0,894.0
427.0,647.0
427.0,309.0
427.0,684.0
427.0,283.0
427.0,512.0
427.0,844.0
427.0,732.0
427.0,862.0
427.0,411.0
427.0,430.0
427.0,902.0
428.0,434.0
428.0,416.0
428.0,746.0
428.0,420.0
428.0,563.0
428.0,835.0
428.0,546.0
428.0,953.0
428.0,327.0
428.0,719.0
428.0,1024.0
428.0,280.0
429.0,140.0
429.0,42.0
429.0,503.0
429.0,692.0
429.0,104.0
429.0,268.0
429.0,340.0
429.0,392.0
429.0,1023.0
429.0,380.0
429.0,25.0
429.0,72.0
430.0,998.0
430.0,16.0
430.0,668.0
430.0,978.0
430.0,283.0
430.0,605.0
430.0,189.0
430.0,276.0
430.0,123.0
430.0,431.0
430.0,245.0
430.0,809.0
431.0,228.0
431.0,119.0
431.0,221.0
431.0,231.0
431.0,217.0
431.0,609.0
431.0,298.0
431.0,522.0
431.0,731.0
431.0,243.0
431.0,332.0
431.0,846.0
432.0,916.0
432.0,793.0
432.0,915.0
432.0,694.0
432.0,255.0
432.0,742.0
432.0,918.0
432.0,199.0
432.0,787.0
432.0,332.0
432.0,85.0
432.0,602.0
433.0,113.0
433.0,442.0
433.0,116.0
433.0,771.0
433.0,583.0
433.0,460.0
433.0,663.0
433.0,467.0
433.0,675.0
433.0,841.0
433.0,595.0
433.0,336.0
434.0,975.0
434.0,707.0
434.0,592.0
434.0,428.0
434.0,188.0
434.0,427.0
434.0,273.0
434.0,310.0
434.0,136.0
434.0,480.0
434.0,1005.0
434.0,357.0
435.0,344.0
435.0,496.0
435.0,22.0
435.0,72.0
435.0,874.0
435.0,1025.0
435.0,79.0
435.0,18.0
435.0,289.0
435.0,1018.0
435.0,273.0
435.0,178.0
436.0,81.0
436.0,126.0
436.0,286.0
436.0,608.0
436.0,138.0
436.0,61.0
436.0,290.0
436.0,969.0
436.0,459.0
436.0,29.0
436.0,127.0
436.0,574.0
437.0,30.0
437.0,120.0
437.0,26.0
437.0,240.0
437.0,601.0
437.0,314.0
437.0,413.0
437.0,798.0
437.0,689.0
437.0,603.0
437.0,874.0
437.0,132.0
438.0,584.0
438.0,707.0
438.0,662.0
438.0,687.0
438.0,863.0
438.0,884.0
438.0,327.0
438.0,756.0
438.0,781.0
438.0,334.0
438.0,368.0
438.0,143.0
439.0,711.0
439.0,239.0
439.0,467.0
439.0,571.0
439.0,832.0
439.0,855.0
439.0,872.0
439.0,433.0
439.0,177.0
439.0,878.0
439.0,798.0
439.0,17.0
440.0,665.0
440.0,98.0
440.0,318.0
440.0,976.0
440.0,764.0
440.0,546.0
440.0,481.0
440.0,430.0
440.0,731.0
440.0,869.0
440.0,522.0
440.0,902.0
441.0,357.0
441.0,882.0
441.0,540.0
441.0,278.0
441.0,93.0
441.0,394.0
441.0,45.0
441.0,518.0
441.0,456.0
441.0,338.0
441.0,38.0
441.0,382.0
442.0,466.0
442.0,866.0
442.0,839.0
442.0,206.0
442.0,440.0
442.0,75.0
442.0,497.0
442.0,95.0
442.0,261.0
442.0,256.0
442.0,805.0
442.0,574.0
443.0,848.0
443.0,478.0
443.0,35.0
443.0,268.0
443.0,380.0
443.0,745.0
443.0,621.0
443.0,247.0
443.0,536.0
443.0,574.0
443.0,135.0
443.0,619.0
444.0,995.0
444.0,270.0
444.0,831.0
444.0,591.0
444.0,169.0
444.0,869.0
444.0,266.0
444.0,384.0
444.0,843.0
444.0,11.0
444.0,745.0
444.0,719.0
445.0,960.0
445.0,683.0
445.0,381.0
445.0,226.0
445.0,431.0
445.0,55.0
445.0,603.0
445.0,711.0
445.0,279.0
445.0,1002.0
445.0,573.0
445.0,1020.0
446.0,539.0
446.0,93.0
446.0,354.0
446.0,452.0
446.0,411.0
446.0,629.0
446.0,264.0
446.0,110.0
446.0,474.0
446.0,24.0
446.0,104.0
446.0,642.0
447.0,39.0
447.0,534.0
447.0,875.0
447.0,911.0
447.0,381.0
447.0,666.0
447.0,702.0
447.0,847.0
447.0,590.0
447.0,1001.0
447.0,303.0
447.0,346.0
448.0,856.0
448.0,362.0
448.0,936.0
448.0,368.0
448.0,776.0
448.0,669.0
448.0,270.0
448.0,86.0
448.0,311.0
448.0,782.0
448.0,613.0
448.0,43.0
449.0,307.0
449.0,266.0
449.0,970.0
449.0,286.0
449.0,211.0
449.0,111.0
449.0,820.0
449.0,950.0
449.0,235.0
449.0,1030.0
449.0,803.0
449.0,852.0
450.0,128.0
450.0,266.0
450.0,537.0
450.0,213.0
450.0,385.0
450.0,32.0
450.0,210.0
450.0,781.0
450.0,652.0
450.0,827.0
450.0,656.0
450.0,571.0
451.0,1021.0
451.0,54.0
451.0,365.0
451.0,685.0
451.0,398.0
451.0,413.0
451.0,230.0
451.0,147.0
451.0,481.0
451.0,304.0
451.0,518.0
451.0,153.0
452.0,778.0
452.0,264.0
452.0,315.0
452.0,870.0
452.0,57.0
452.0,864.0
452.0,623.0
452.0,352.0
452.0,847.0
452.0,1025.0
452.0,752.0
452.0,834.0
453.0,76.0
453.0,873.0
453.0,428.0
453.0,724.0
453.0,905.0
453.0,502.0
453.0,344.0
453.0,435.0
453.0,186.0
453.0,14.0
453.0,898.0
453.0,858.0
454.0,594.0
454.0,883.0
454.0,792.0
454.0,812.0
454.0,671.0
454.0,1024.0
454.0,309.0
454.0,323.0
454.0,308.0
454.0,657.0
454.0,806.0
454.0,245.0
455.0,250.0
455.0,443.0
455.0,76.0
455.0,82.0
455.0,1005.0
455.0,816.0
455.0,973.0
455.0,130.0
455.0,962.0
455.0,116.0
455.0,952.0
455.0,227.0
456.0,97.0
456.0,545.0
456.0,131.0
456.0,449.0
456.0,552.0
456.0,95.0
456.0,88.0
456.0,853.0
456.0,912.0
456.0,338.0
456.0,862.0
456.0,484.0
457.0,27.0
457.0,391.0
457.0,422.0
457.0,14.0
457.0,453.0
457.0,165.0
457.0,1001.0
457.0,544.0
457.0,992.0
457.0,806.0
457.0,807.0
457.0,698.0
458.0,855.0
458.0,655.0
458.0,1002.0
458.0,490.0
458.0,975.0
458.0,1007.0
458.0,182.0
458.0,220.0
458.0,299.0
458.0,685.0
458.0,500.0
458.0,248.0
459.0,433.0
459.0,17.0
459.0,786.0
459.0,1027.0
459.0,388.0
459.0,863.0
459.0,842.0
459.0,574.0
459.0,477.0
459.0,125.0
459.0,390.0
459.0,321.0
460.0,117.0
460.0,720.0
460.0,20.0
460.0,248.0
460.0,558.0
460.0,559.0
460.0,550.0
460.0,405.0
460.0,102.0
460.0,847.0
460.0,592.0
460.0,747.0
461.0,904.0
461.0,689.0
461.0,561.0
461.0,978.0
461.0,930.0
461.0,872.0
461.0,316.0
461.0,449.0
461.0,586.0
461.0,137.0
461.0,865.0
461.0,161.0
462.0,718.0
462.0,865.0
462.0,327.0
462.0,534.0
462.0,304.0
462.0,587.0
462.0,924.0
462.0,309.0
462.0,1027.0
462.0,299.0
462.0,821.0
462.0,42.0
463.0,75.0
463.0,218.0
463.0,556.0
463.0,1027.0
463.0,845.0
463.0,964.0
463.0,1031.0
463.0,279.0
463.0,151.0
463.0,684.0
463.0,78.0
463.0,515.0
464.0,213.0
464.0,473.0
464.0,792.0
464.0,279.0
464.0,442.0
464.0,665.0
464.0,460.0
464.0,483.0
464.0,985.0
464.0,138.0
464.0,181.0
464.0,256.0
465.0,29.0
465.0,535.0
465.0,952.0
465.0,297.0
465.0,962.0
465.0,445.0
465.0,412.0
465.0,444.0
465.0,646.0
465.0,266.0
465.0,96.0
465.0,236.0
466.0,890.0
466.0,408.0
466.0,107.0
466.0,533.0
466.0,852.0
466.0,584.0
466.0,304.0
466.0,221.0
466.0,261.0
466.0,881.0
466.0,146.0
466.0,226.0
467.0,164.0
467.0,211.0
467.0,458.0
467.0,969.0
467.0,360.0
467.0,121.0
467.0,763.0
467.0,856.0
467.0,413.0
467.0,31.0
467.0,830.0
467.0,491.0
468.0,1006.0
468.0,54.0
468.0,89.0
468.0,613.0
468.0,715.0
468.0,644.0
468.0,451.0
468.0,406.0
468.0,885.0
468.0,86.0
468.0,448.0
468.0,786.0
469.0,681.0
469.0,550.0
469.0,253.0
469.0,41.0
469.0,48.0
469.0,639.0
469.0,55.0
469.0,947.0
469.0,417.0
469.0,878.0
469.0,139.0
469.0,1002.0
470.0,167.0
470.0,91.0
470.0,256.0
470.0,614.0
470.0,559.0
470.0,253.0
470.0,218.0
470.0,837.0
470.0,149.0
470.0,179.0
470.0,95.0
470.0,37.0
471.0,578.0
471.0,622.0
471.0,46.0
471.0,793.0
471.0,529.0
471.0,429.0
471.0,49.0
471.0,834.0
471.0,779.0
471.0,337.0
471.0,354.0
471.0,396.0
472.0,838.0
472.0,633.0
472.0,34.0
472.0,1013.0
472.0,653.0
472.0,51.0
472.0,852.0
472.0,864.0
472.0,366.0
472.0,371.0
472.0,168.0
472.0,655.0
473.0,883.0
473.0,33.0
473.0,887.0
473.0,287.0
473.0,156.0
473.0,609.0
473.0,339.0
473.0,863.0
473.0,991.0
473.0,795.0
473.0,575.0
473.0,215.0
474.0,587.0
474.0,400.0
474.0,166.0
474.0,387.0
474.0,199.0
474.0,414.0
474.0,322.0
474.0,426.0
474.0,446.0
474.0,485.0
474.0,1.0
474.0,999.0
475.0,914.0
475.0,157.0
475.0,794.0
475.0,912.0
475.0,743.0
475.0,510.0
475.0,428.0
475.0,609.0
475.0,196.0
475.0,218.0
475.0,357.0
475.0,66.0
476.0,677.0
476.0,647.0
476.0,704.0
476.0,505.0
476.0,968.0
476.0,547.0
476.0,133.0
476.0,408.0
476.0,392.0
476.0,739.0
476.0,87.0
476.0,386.0
477.0,143.0
477.0,160.0
477.0,7.0
477.0,981.0
477.0,724.0
477.0,0.0
477.0,375.0
477.0,745.0
477.0,719.0
477.0,986.0
477.0,526.0
477.0,641.0
478.0,143.0
478.0,108.0
478.0,794.0
478.0,504.0
478.0,401.0
478.0,857.0
478.0,381.0
478.0,358.0
478.0,569.0
478.0,931.0
478.0,893.0
478.0,719.0
479.0,708.0
479.0,538.0
479.0,504.0
479.0,486.0
479.0,157.0
479.0,137.0
479.0,787.0
479.0,24.0
479.0,4.0
479.0,760.0
479.0,540.0
479.0,253.0
480.0,444.0
480.0,448.0
480.0,313.0
480.0,645.0
480.0,148.0
480.0,510.0
480.0,580.0
480.0,336.0
480.0,819.0
480.0,535.0
480.0,59.0
480.0,11.0
481.0,354.0
481.0,624.0
481.0,561.0
481.0,968.0
481.0,967.0
481.0,467.0
481.0,318.0
481.0,400.0
481.0,853.0
481.0,497.0
481.0,130.0
481.0,950.0
482.0,877.0
482.0,0.0
482.0,310.0
482.0,193.0
482.0,210.0
482.0,112.0
482.0,205.0
482.0,357.0
482.0,524.0
482.0,427.0
482.0,428.0
482.0,739.0
483.0,952.0
483.0,731.0
483.0,985.0
483.0,454.0
483.0,537.0
483.0,759.0
483.0,175.0
483.0,764.0
483.0,519.0
483.0,123.0
483.0,848.0
483.0,692.0
484.0,611.0
484.0,614.0
484.0,305.0
484.0,735.0
484.0,132.0
484.0,989.0
484.0,208.0
484.0,403.0
484.0,150.0
484.0,54.0
484.0,318.0
484.0,941.0
485.0,784.0
485.0,822.0
485.0,202.0
485.0,739.0
485.0,871.0
485.0,968.0
485.0,647.0
485.0,225.0
485.0,811.0
485.0,743.0
485.0,734.0
485.0,694.0
486.0,539.0
486.0,691.0
486.0,278.0
486.0,977.0
486.0,329.0
486.0,395.0
486.0,637.0
486.0,939.0
486.0,103.0
486.0,497.0
486.0,93.0
486.0,353.0
487.0,448.0
487.0,480.0
487.0,350.0
487.0,754.0
487.0,297.0
487.0,710.0
487.0,478.0
487.0,419.0
487.0,943.0
487.0,613.0
487.0,282.0
487.0,585.0
488.0,128.0
488.0,613.0
488.0,358.0
488.0,342.0
488.0,885.0
488.0,448.0
488.0,409.0
488.0,21.0
488.0,744.0
488.0,857.0
488.0,90.0
488.0,1022.0
489.0,701.0
489.0,714.0
489.0,812.0
489.0,686.0
489.0,610.0
489.0,32.0
489.0,910.0
489.0,210.0
489.0,634.0
489.0,60.0
489.0,848.0
489.0,457.0
490.0,253.0
490.0,6.0
490.0,782.0
490.0,545.0
490.0,199.0
490.0,239.0
490.0,863.0
490.0,630.0
490.0,328.0
490.0,365.0
490.0,132.0
490.0,606.0
491.0,959.0
491.0,309.0
491.0,982.0
491.0,146.0
491.0,438.0
491.0,524.0
491.0,473.0
491.0,897.0
491.0,629.0
491.0,414.0
491.0,575.0
491.0,332.0
492.0,186.0
492.0,322.0
492.0,973.0
492.0,57.0
492.0,44.0
492.0,925.0
492.0,920.0
492.0,655.0
492.0,678.0
492.0,227.0
492.0,221.0
492.0,50.0
493.0,973.0
493.0,986.0
493.0,795.0
493.0,556.0
493.0,740.0
493.0,804.0
493.0,69.0
493.0,330.0
493.0,27.0
493.0,29.0
493.0,558.0
493.0,320.0
494.0,611.0
494.0,603.0
494.0,332.0
494.0,470.0
494.0,504.0
494.0,198.0
494.0,336.0
494.0,756.0
494.0,690.0
494.0,868.0
494.0,193.0
494.0,659.0
495.0,231.0
495.0,586.0
495.0,105.0
495.0,529.0
495.0,49.0
495.0,792.0
495.0,525.0
495.0,149.0
495.0,1024.0
495.0,653.0
495.0,851.0
495.0,20.0
496.0,697.0
496.0,977.0
496.0,276.0
496.0,525.0
496.0,666.0
496.0,489.0
496.0,755.0
496.0,76.0
496.0,719.0
496.0,463.0
496.0,194.0
496.0,250.0
497.0,558.0
497.0,1025.0
497.0,232.0
497.0,428.0
497.0,154.0
497.0,748.0
497.0,127.0
497.0,920.0
497.0,168.0
497.0,607.0
497.0,755.0
497.0,411.0
498.0,909.0
498.0,103.0
498.0,53.0
498.0,738.0
498.0,28.0
498.0,55.0
498.0,547.0
498.0,335.0
498.0,516.0
498.0,564.0
498.0,167.0
498.0,418.0
499.0,115.0
499.0,1000.0
499.0,618.0
499.0,760.0
499.0,514.0
499.0,655.0
499.0,127.0
499.0,749.0
499.0,1004.0
499.0,438.0
499.0,664.0
499.0,719.0
500.0,791.0
500.0,456.0
500.0,97.0
500.0,946.0
500.0,9.0
500.0,975.0
500.0,869.0
500.0,390.0
500.0,830.0
500.0,113.0
500.0,290.0
500.0,259.0
501.0,98.0
501.0,563.0
501.0,374.0
501.0,165.0
501.0,481.0
501.0,211.0
501.0,119.0
501.0,170.0
501.0,61.0
501.0,438.0
501.0,15.0
501.0,698.0
502.0,435.0
502.0,891.0
502.0,522.0
502.0,246.0
502.0,929.0
502.0,483.0
502.0,643.0
502.0,804.0
502.0,1006.0
502.0,1013.0
502.0,38.0
502.0,906.0
503.0,282.0
503.0,103.0
503.0,691.0
503.0,748.0
503.0,577.0
503.0,1003.0
503.0,359.0
503.0,415.0
503.0,1029.0
503.0,269.0
503.0,969.0
503.0,922.0
504.0,722.0
504.0,840.0
504.0,1014.0
504.0,280.0
504.0,332.0
504.0,473.0
504.0,756.0
504.0,283.0
504.0,754.0
504.0,155.0
504.0,902.0
504.0,912.0
505.0,671.0
505.0,809.0
505.0,643.0
505.0,703.0
505.0,441.0
505.0,474.0
505.0,472.0
505.0,639.0
505.0,134.0
505.0,793.0
505.0,233.0
505.0,657.0
506.0,778.0
506.0,572.0
506.0,870.0
506.0,133.0
506.0,803.0
506.0,337.0
506.0,887.0
506.0,931.0
506.0,524.0
506.0,426.0
506.0,934.0
506.0,292.0
507.0,541.0
507.0,82.0
507.0,96.0
507.0,250.0
507.0,431.0
507.0,747.0
507.0,562.0
507.0,744.0
507.0,367.0
507.0,764.0
507.0,718.0
507.0,13.0
508.0,254.0
508.0,752.0
508.0,932.0
508.0,297.0
508.0,478.0
508.0,174.0
508.0,148.0
508.0,926.0
508.0,827.0
508.0,170.0
508.0,528.0
508.0,270.0
509.0,345.0
509.0,871.0
509.0,140.0
509.0,31.0
509.0,329.0
509.0,93.0
509.0,456.0
509.0,15.0
509.0,993.0
509.0,441.0
509.0,805.0
509.0,278.0
510.0,800.0
510.0,757.0
510.0,615.0
510.0,656.0
510.0,938.0
510.0,397.0
510.0,745.0
510.0,282.0
510.0,180.0
510.0,679.0
510.0,6.0
510.0,574.0
511.0,74.0
511.0,310.0
511.0,443.0
511.0,532.0
511.0,933.0
511.0,960.0
511.0,2.0
511.0,251.0
511.0,965.0
511.0,707.0
511.0,374.0
511.0,431.0
512.0,523.0
512.0,155.0
512.0,743.0
512.0,531.0
512.0,705.0
512.0,445.0
512.0,880.0
512.0,383.0
512.0,504.0
512.0,804.0
512.0,805.0
512.0,948.0
513.0,367.0
513.0,922.0
513.0,157.0
513.0,1029.0
513.0,442.0
513.0,533.0
513.0,429.0
513.0,20.0
513.0,220.0
513.0,27.0
513.0,620.0
513.0,845.0
514.0,513.0
514.0,430.0
514.0,502.0
514.0,865.0
514.0,830.0
514.0,1018.0
514.0,994.0
514.0,396.0
514.0,815.0
514.0,923.0
514.0,558.0
514.0,466.0
515.0,746.0
515.0,973.0
515.0,384.0
515.0,466.0
515.0,431.0
515.0,218.0
515.0,23.0
515.0,646.0
515.0,298.0
515.0,924.0
515.0,594.0
515.0,546.0
516.0,87.0
516.0,901.0
516.0,47.0
516.0,486.0
516.0,977.0
516.0,29.0
516.0,20.0
516.0,612.0
516.0,783.0
516.0,411.0
516.0,73.0
516.0,921.0
517.0,354.0
517.0,561.0
517.0,907.0
517.0,815.0
517.0,694.0
517.0,423.0
517.0,239.0
517.0,739.0
517.0,722.0
517.0,705.0
517.0,572.0
517.0,939.0
518.0,629.0
518.0,1023.0
518.0,524.0
518.0,868.0
518.0,1016.0
518.0,699.0
518.0,614.0
518.0,941.0
518.0,888.0
518.0,389.0
518.0,855.0
518.0,821.0
519.0,631.0
519.0,661.0
519.0,271.0
519.0,455.0
519.0,511.0
519.0,402.0
519.0,340.0
519.0,272.0
519.0,825.0
519.0,223.0
519.0,178.0
519.0,566.0
520.0,1015.0
520.0,899.0
520.0,321.0
520.0,802.0
520.0,654.0
520.0,737.0
520.0,375.0
520.0,40.0
520.0,601.0
520.0,606.0
520.0,842.0
520.0,1026.0
521.0,889.0
521.0,879.0
521.0,225.0
521.0,602.0
521.0,882.0
521.0,639.0
521.0,8.0
521.0,216.0
521.0,927.0
521.0,199.0
521.0,822.0
521.0,100.0
522.0,1003.0
522.0,104.0
522.0,919.0
522.0,319.0
522.0,566.0
522.0,504.0
522.0,592.0
522.0,363.0
522.0,574.0
522.0,15.0
522.0,73.0
522.0,334.0
523.0,857.0
523.0,942.0
523.0,384.0
523.0,543.0
523.0,724.0
523.0,881.0
523.0,721.0
523.0,665.0
523.0,749.0
523.0,421.0
523.0,860.0
523.0,436.0
524.0,744.0
524.0,1019.0
524.0,581.0
524.0,55.0
524.0,919.0
524.0,944.0
524.0,756.0
524.0,769.0
524.0,973.0
524.0,830.0
524.0,494.0
524.0,894.0
525.0,269.0
525.0,367.0
525.0,674.0
525.0,472.0
525.0,932.0
525.0,257.0
525.0,245.0
525.0,686.0
525.0,927.0
525.0,554.0
525.0,182.0
525.0,972.0
526.0,750.0
526.0,720.0
526.0,1022.0
526.0,361.0
526.0,362.0
526.0,676.0
526.0,311.0
526.0,919.0
526.0,615.0
526.0,350.0
526.0,854.0
526.0,126.0
527.0,110.0
527.0,159.0
527.0,211.0
527.0,93.0
527.0,112.0
527.0,544.0
527.0,57.0
527.0,574.0
527.0,968.0
527.0,266.0
527.0,748.0
527.0,793.0
528.0,204.0
528.0,417.0
528.0,998.0
528.0,649.0
528.0,963.0
528.0,894.0
528.0,617.0
528.0,723.0
528.0,22.0
528.0,1024.0
528.0,889.0
528.0,116.0
529.0,124.0
529.0,521.0
529.0,703.0
529.0,497.0
529.0,495.0
529.0,597.0
529.0,429.0
529.0,471.0
529.0,608.0
529.0,806.0
529.0,72.0
529.0,377.0
530.0,601.0
530.0,865.0
530.0,933.0
530.0,56.0
530.0,684.0
530.0,1019.0
530.0,1012.0
530.0,852.0
530.0,1031.0
530.0,586.0
530.0,1024.0
530.0,103.0
531.0,538.0
531.0,890.0
531.0,731.0
531.0,409.0
531.0,832.0
531.0,683.0
531.0,554.0
531.0,755.0
531.0,945.0
531.0,862.0
531.0,845.0
531.0,777.0
532.0,39.0
532.0,773.0
532.0,761.0
532.0,402.0
532.0,670.0
532.0,661.0
532.0,33.0
532.0,619.0
532.0,876.0
532.0,235.0
532.0,951.0
532.0,741.0
533.0,646.0
533.0,690.0
533.0,753.0
533.0,884.0
533.0,711.0
533.0,221.0
533.0,781.0
533.0,530.0
533.0,143.0
533.0,903.0
533.0,479.0
533.0,755.0
534.0,839.0
534.0,193.0
534.0,652.0
534.0,258.0
534.0,90.0
534.0,323.0
534.0,180.0
534.0,749.0
534.0,990.0
534.0,611.0
534.0,620.0
534.0,317.0
535.0,937.0
535.0,591.0
535.0,218.0
535.0,960.0
535.0,810.0
535.0,588.0
535.0,940.0
535.0,355.0
535.0,649.0
535.0,399.0
535.0,11.0
535.0,569.0
536.0,393.0
536.0,475.0
536.0,359.0
536.0,932.0
536.0,1027.0
536.0,956.0
536.0,355.0
536.0,1001.0
536.0,291.0
536.0,760.0
536.0,537.0
536.0,634.0
537.0,938.0
537.0,877.0
537.0,538.0
537.0,466.0
537.0,1027.0
537.0,570.0
537.0,473.0
537.0,1013.0
537.0,273.0
537.0,897.0
537.0,140.0
537.0,318.0
538.0,790.0
538.0,339.0
538.0,744.0
538.0,431.0
538.0,920.0
538.0,308.0
538.0,182.0
538.0,334.0
538.0,469.0
538.0,527.0
538.0,509.0
538.0,189.0
539.0,221.0
539.0,542.0
539.0,785.0
539.0,339.0
539.0,75.0
539.0,163.0
539.0,486.0
539.0,895.0
539.0,104.0
539.0,482.0
539.0,449.0
539.0,430.0
540.0,931.0
540.0,815.0
540.0,987.0
540.0,539.0
540.0,235.0
540.0,167.0
540.0,756.0
540.0,304.0
540.0,884.0
540.0,328.0
540.0,885.0
540.0,449.0
541.0,991.0
541.0,690.0
541.0,1029.0
541.0,920.0
541.0,785.0
541.0,60.0
541.0,368.0
541.0,80.0
541.0,902.0
541.0,331.0
541.0,183.0
541.0,275.0
542.0,441.0
542.0,732.0
542.0,553.0
542.0,791.0
542.0,544.0
542.0,292.0
542.0,95.0
542.0,205.0
542.0,334.0
542.0,62.0
542.0,696.0
542.0,967.0
543.0,169.0
543.0,61.0
543.0,512.0
543.0,181.0
543.0,955.0
543.0,1030.0
543.0,273.0
543.0,374.0
543.0,470.0
543.0,242.0
543.0,384.0
543.0,82.0
544.0,337.0
544.0,674.0
544.0,548.0
544.0,623.0
544.0,512.0
544.0,653.0
544.0,361.0
544.0,141.0
544.0,435.0
544.0,344.0
544.0,79.0
544.0,643.0
545.0,243.0
545.0,574.0
545.0,640.0
545.0,884.0
545.0,470.0
545.0,727.0
545.0,652.0
545.0,78.0
545.0,1035.0
545.0,68.0
545.0,926.0
545.0,475.0
546.0,503.0
546.0,205.0
546.0,523.0
546.0,61.0
546.0,44.0
546.0,536.0
546.0,594.0
546.0,354.0
546.0,1019.0
546.0,1010.0
546.0,112.0
546.0,208.0
547.0,377.0
547.0,927.0
547.0,94.0
547.0,657.0
547.0,846.0
547.0,476.0
547.0,1021.0
547.0,208.0
547.0,538.0
547.0,1004.0
547.0,993.0
547.0,568.0
548.0,577.0
548.0,238.0
548.0,194.0
548.0,191.0
548.0,1001.0
548.0,294.0
548.0,893.0
548.0,215.0
548.0,1028.0
548.0,610.0
548.0,886.0
548.0,706.0
549.0,429.0
549.0,823.0
549.0,143.0
549.0,916.0
549.0,1008.0
549.0,266.0
549.0,213.0
549.0,416.0
549.0,364.0
549.0,804.0
549.0,920.0
549.0,1007.0
550.0,862.0
550.0,436.0
550.0,218.0
550.0,543.0
550.0,143.0
550.0,884.0
550.0,869.0
550.0,372.0
550.0,684.0
550.0,326.0
550.0,330.0
550.0,150.0
551.0,704.0
551.0,498.0
551.0,400.0
551.0,623.0
551.0,422.0
551.0,910.0
551.0,376.0
551.0,186.0
551.0,721.0
551.0,671.0
551.0,700.0
551.0,229.0
552.0,163.0
552.0,731.0
552.0,565.0
552.0,50.0
552.0,309.0
552.0,440.0
552.0,360.0
552.0,24.0
552.0,228.0
552.0,371.0
552.0,414.0
552.0,481.0
553.0,504.0
553.0,357.0
553.0,931.0
553.0,29.0
553.0,103.0
553.0,1008.0
553.0,331.0
553.0,672.0
553.0,772.0
553.0,1029.0
553.0,749.0
553.0,530.0
554.0,913.0
554.0,420.0
554.0,744.0
554.0,586.0
554.0,67.0
554.0,863.0
554.0,442.0
554.0,691.0
554.0,924.0
554.0,298.0
554.0,112.0
554.0,81.0
555.0,1001.0
555.0,908.0
555.0,235.0
555.0,124.0
555.0,35.0
555.0,951.0
555.0,711.0
555.0,118.0
555.0,582.0
555.0,14.0
555.0,634.0
555.0,289.0
556.0,0.0
556.0,805.0
556.0,394.0
556.0,224.0
556.0,220.0
556.0,462.0
556.0,198.0
556.0,672.0
556.0,954.0
556.0,431.0
556.0,209.0
556.0,258.0
557.0,785.0
557.0,294.0
557.0,977.0
557.0,825.0
557.0,696.0
557.0,191.0
557.0,272.0
557.0,577.0
557.0,138.0
557.0,111.0
557.0,332.0
557.0,356.0
558.0,163.0
558.0,48.0
558.0,193.0
558.0,522.0
558.0,276.0
558.0,324.0
558.0,484.0
558.0,427.0
558.0,856.0
558.0,754.0
558.0,931.0
558.0,863.0
559.0,667.0
559.0,919.0
559.0,301.0
559.0,721.0
559.0,454.0
559.0,69.0
559.0,395.0
559.0,420.0
559.0,856.0
559.0,278.0
559.0,261.0
559.0,828.0
560.0,374.0
560.0,377.0
560.0,453.0
560.0,482.0
560.0,175.0
560.0,310.0
560.0,906.0
560.0,525.0
560.0,301.0
560.0,245.0
560.0,399.0
560.0,264.0
561.0,930.0
561.0,100.0
561.0,781.0
561.0,417.0
561.0,641.0
561.0,351.0
561.0,469.0
561.0,395.0
561.0,763.0
561.0,777.0
561.0,572.0
561.0,452.0
562.0,262.0
562.0,705.0
562.0,160.0
562.0,397.0
562.0,727.0
562.0,320.0
562.0,857.0
562.0,786.0
562.0,17.0
562.0,720.0
562.0,212.0
562.0,830.0
563.0,190.0
563.0,537.0
563.0,119.0
563.0,334.0
563.0,565.0
563.0,319.0
563.0,634.0
563.0,224.0
563.0,357.0
563.0,115.0
563.0,462.0
563.0,835.0
564.0,958.0
564.0,725.0
564.0,732.0
564.0,153.0
564.0,989.0
564.0,874.0
564.0,65.0
564.0,403.0
564.0,320.0
564.0,925.0
564.0,458.0
564.0,609.0
565.0,570.0
565.0,738.0
565.0,4.0
565.0,208.0
565.0,243.0
565.0,691.0
565.0,902.0
565.0,1009.0
565.0,479.0
565.0,12.0
565.0,549.0
565.0,920.0
566.0,768.0
566.0,764.0
566.0,710.0
566.0,919.0
566.0,171.0
566.0,510.0
566.0,1027.0
566.0,107.0
566.0,925.0
566.0,136.0
566.0,161.0
566.0,994.0
567.0,1023.0
567.0,788.0
567.0,129.0
567.0,763.0
567.0,1011.0
567.0,458.0
567.0,12.0
567.0,1017.0
567.0,314.0
567.0,343.0
567.0,185.0
567.0,467.0
568.0,472.0
568.0,599.0
568.0,713.0
568.0,792.0
568.0,277.0
568.0,178.0
568.0,913.0
568.0,223.0
568.0,105.0
568.0,600.0
568.0,697.0
568.0,865.0
569.0,247.0
569.0,580.0
569.0,238.0
569.0,265.0
569.0,1006.0
569.0,343.0
569.0,535.0
569.0,493.0
569.0,638.0
569.0,213.0
569.0,127.0
569.0,598.0
570.0,721.0
570.0,573.0
570.0,861.0
570.0,277.0
570.0,334.0
570.0,361.0
570.0,739.0
570.0,168.0
570.0,748.0
570.0,608.0
570.0,696.0
570.0,1024.0
571.0,124.0
571.0,862.0
571.0,839.0
571.0,754.0
571.0,360.0
571.0,990.0
571.0,169.0
571.0,499.0
571.0,310.0
571.0,438.0
571.0,803.0
571.0,907.0
572.0,918.0
572.0,822.0
572.0,93.0
572.0,387.0
572.0,24.0
572.0,164.0
572.0,456.0
572.0,240.0
572.0,204.0
572.0,462.0
572.0,140.0
572.0,818.0
573.0,131.0
573.0,258.0
573.0,78.0
573.0,712.0
573.0,756.0
573.0,368.0
573.0,837.0
573.0,643.0
573.0,412.0
573.0,964.0
573.0,43.0
573.0,359.0
574.0,1031.0
574.0,971.0
574.0,151.0
574.0,755.0
574.0,711.0
574.0,176.0
574.0,795.0
574.0,890.0
574.0,942.0
574.0,67.0
574.0,759.0
574.0,1006.0
575.0,427.0
575.0,205.0
575.0,668.0
575.0,233.0
575.0,1008.0
575.0,687.0
575.0,9.0
575.0,27.0
575.0,266.0
575.0,655.0
575.0,497.0
575.0,498.0
576.0,957.0
576.0,604.0
576.0,299.0
576.0,683.0
576.0,606.0
576.0,31.0
576.0,153.0
576.0,798.0
576.0,626.0
576.0,48.0
576.0,541.0
576.0,945.0
577.0,1019.0
577.0,840.0
577.0,292.0
577.0,253.0
577.0,647.0
577.0,717.0
577.0,795.0
577.0,20.0
577.0,687.0
577.0,991.0
577.0,241.0
577.0,172.0
578.0,598.0
578.0,416.0
578.0,27.0
578.0,916.0
578.0,430.0
578.0,138.0
578.0,949.0
578.0,913.0
578.0,44.0
578.0,620.0
578.0,454.0
578.0,125.0
579.0,441.0
579.0,424.0
579.0,791.0
579.0,1023.0
579.0,278.0
579.0,87.0
579.0,822.0
579.0,57.0
579.0,413.0
579.0,53.0
579.0,572.0
579.0,130.0
580.0,212.0
580.0,752.0
580.0,288.0
580.0,434.0
580.0,645.0
580.0,987.0
580.0,646.0
580.0,478.0
580.0,285.0
580.0,299.0
580.0,995.0
580.0,649.0
581.0,969.0
581.0,706.0
581.0,944.0
581.0,586.0
581.0,622.0
581.0,785.0
581.0,24.0
581.0,756.0
581.0,380.0
581.0,1014.0
581.0,793.0
581.0,189.0
582.0,272.0
582.0,730.0
582.0,674.0
582.0,548.0
582.0,35.0
582.0,289.0
582.0,300.0
582.0,876.0
582.0,18.0
582.0,909.0
582.0,275.0
582.0,271.0
583.0,456.0
583.0,756.0
583.0,424.0
583.0,491.0
583.0,718.0
583.0,839.0
583.0,877.0
583.0,571.0
583.0,828.0
583.0,706.0
583.0,658.0
583.0,80.0
584.0,950.0
584.0,687.0
584.0,168.0
584.0,973.0
584.0,150.0
584.0,16.0
584.0,892.0
584.0,863.0
584.0,921.0
584.0,890.0
584.0,12.0
584.0,888.0
585.0,142.0
585.0,444.0
585.0,473.0
585.0,776.0
585.0,510.0
585.0,236.0
585.0,745.0
585.0,986.0
585.0,425.0
585.0,717.0
585.0,487.0
585.0,613.0
586.0,442.0
586.0,380.0
586.0,438.0
586.0,127.0
586.0,637.0
586.0,66.0
586.0,466.0
586.0,603.0
586.0,415.0
586.0,695.0
586.0,672.0
586.0,737.0
587.0,63.0
587.0,94.0
587.0,426.0
587.0,185.0
587.0,230.0
587.0,793.0
587.0,822.0
587.0,446.0
587.0,871.0
587.0,993.0
587.0,140.0
587.0,423.0
588.0,518.0
588.0,68.0
588.0,409.0
588.0,282.0
588.0,54.0
588.0,403.0
588.0,89.0
588.0,1026.0
588.0,902.0
588.0,717.0
588.0,899.0
588.0,47.0
589.0,645.0
589.0,937.0
589.0,7.0
589.0,670.0
589.0,381.0
589.0,535.0
589.0,928.0
589.0,247.0
589.0,788.0
589.0,761.0
589.0,658.0
589.0,598.0
590.0,666.0
590.0,470.0
590.0,223.0
590.0,340.0
590.0,156.0
590.0,817.0
590.0,410.0
590.0,650.0
590.0,825.0
590.0,157.0
590.0,213.0
590.0,633.0
591.0,893.0
591.0,288.0
591.0,151.0
591.0,962.0
591.0,447.0
591.0,329.0
591.0,659.0
591.0,383.0
591.0,212.0
591.0,971.0
591.0,854.0
591.0,477.0
592.0,566.0
592.0,774.0
592.0,980.0
592.0,466.0
592.0,492.0
592.0,764.0
592.0,167.0
592.0,658.0
592.0,414.0
592.0,902.0
592.0,111.0
592.0,212.0
593.0,581.0
593.0,760.0
593.0,865.0
593.0,538.0
593.0,822.0
593.0,97.0
593.0,859.0
593.0,601.0
593.0,862.0
593.0,918.0
593.0,663.0
593.0,871.0
594.0,1030.0
594.0,81.0
594.0,706.0
594.0,581.0
594.0,666.0
594.0,1008.0
594.0,420.0
594.0,442.0
594.0,546.0
594.0,75.0
594.0,273.0
594.0,919.0
595.0,382.0
595.0,89.0
595.0,630.0
595.0,433.0
595.0,438.0
595.0,604.0
595.0,301.0
595.0,144.0
595.0,726.0
595.0,92.0
595.0,365.0
595.0,617.0
596.0,611.0
596.0,408.0
596.0,609.0
596.0,1023.0
596.0,964.0
596.0,167.0
596.0,1008.0
596.0,306.0
596.0,717.0
596.0,1020.0
596.0,942.0
596.0,215.0
597.0,959.0
597.0,721.0
597.0,93.0
597.0,605.0
597.0,539.0
597.0,244.0
597.0,87.0
597.0,996.0
597.0,426.0
597.0,214.0
597.0,339.0
597.0,624.0
598.0,83.0
598.0,835.0
598.0,1017.0
598.0,781.0
598.0,353.0
598.0,733.0
598.0,1014.0
598.0,82.0
598.0,755.0
598.0,753.0
598.0,773.0
598.0,483.0
599.0,367.0
599.0,163.0
599.0,697.0
599.0,618.0
599.0,853.0
599.0,845.0
599.0,75.0
599.0,642.0
599.0,268.0
599.0,792.0
599.0,284.0
599.0,856.0
600.0,743.0
600.0,495.0
600.0,1013.0
600.0,807.0
600.0,376.0
600.0,18.0
600.0,698.0
600.0,551.0
600.0,227.0
600.0,312.0
600.0,183.0
600.0,789.0
601.0,930.0
601.0,161.0
601.0,31.0
601.0,467.0
601.0,316.0
601.0,349.0
601.0,177.0
601.0,115.0
601.0,388.0
601.0,715.0
601.0,89.0
601.0,461.0
602.0,429.0
602.0,647.0
602.0,299.0
602.0,82.0
602.0,474.0
602.0,49.0
602.0,638.0
602.0,539.0
602.0,615.0
602.0,264.0
602.0,498.0
602.0,432.0
603.0,740.0
603.0,580.0
603.0,981.0
603.0,232.0
603.0,25.0
603.0,17.0
603.0,664.0
603.0,860.0
603.0,80.0
603.0,1031.0
603.0,961.0
603.0,855.0
604.0,54.0
604.0,1015.0
604.0,709.0
604.0,230.0
604.0,120.0
604.0,759.0
604.0,390.0
604.0,311.0
604.0,92.0
604.0,726.0
604.0,616.0
604.0,841.0
605.0,387.0
605.0,310.0
605.0,596.0
605.0,884.0
605.0,667.0
605.0,131.0
605.0,1016.0
605.0,46.0
605.0,204.0
605.0,525.0
605.0,603.0
605.0,1023.0
606.0,836.0
606.0,28.0
606.0,762.0
606.0,65.0
606.0,616.0
606.0,888.0
606.0,325.0
606.0,192.0
606.0,274.0
606.0,727.0
606.0,632.0
606.0,114.0
607.0,612.0
607.0,884.0
607.0,877.0
607.0,17.0
607.0,725.0
607.0,370.0
607.0,767.0
607.0,102.0
607.0,1008.0
607.0,261.0
607.0,266.0
607.0,889.0
608.0,781.0
608.0,267.0
608.0,570.0
608.0,27.0
608.0,581.0
608.0,479.0
608.0,1003.0
608.0,566.0
608.0,331.0
608.0,925.0
608.0,803.0
608.0,395.0
609.0,448.0
609.0,243.0
609.0,846.0
609.0,550.0
609.0,719.0
609.0,139.0
609.0,483.0
609.0,894.0
609.0,512.0
609.0,155.0
609.0,494.0
609.0,1004.0
610.0,454.0
610.0,300.0
610.0,202.0
610.0,453.0
610.0,541.0
610.0,67.0
610.0,633.0
610.0,707.0
610.0,252.0
610.0,333.0
610.0,901.0
610.0,304.0
611.0,737.0
611.0,210.0
611.0,759.0
611.0,357.0
611.0,540.0
611.0,22.0
611.0,462.0
611.0,102.0
611.0,656.0
611.0,296.0
611.0,687.0
611.0,463.0
612.0,111.0
612.0,127.0
612.0,319.0
612.0,1019.0
612.0,969.0
612.0,307.0
612.0,107.0
612.0,170.0
612.0,1008.0
612.0,732.0
612.0,557.0
612.0,830.0
613.0,16.0
613.0,258.0
613.0,745.0
613.0,611.0
613.0,43.0
613.0,297.0
613.0,11.0
613.0,660.0
613.0,381.0
613.0,526.0
613.0,1030.0
613.0,69.0
614.0,490.0
614.0,862.0
614.0,1004.0
614.0,129.0
614.0,1027.0
614.0,354.0
614.0,699.0
614.0,166.0
614.0,804.0
614.0,933.0
614.0,28.0
614.0,143.0
615.0,308.0
615.0,715.0
615.0,620.0
615.0,278.0
615.0,975.0
615.0,405.0
615.0,71.0
615.0,19.0
615.0,799.0
615.0,888.0
615.0,388.0
615.0,463.0
616.0,80.0
616.0,576.0
616.0,131.0
616.0,727.0
616.0,763.0
616.0,92.0
616.0,685.0
616.0,1026.0
616.0,888.0
616.0,768.0
616.0,604.0
616.0,390.0
617.0,40.0
617.0,460.0
617.0,114.0
617.0,768.0
617.0,872.0
617.0,641.0
617.0,769.0
617.0,305.0
617.0,596.0
617.0,720.0
617.0,325.0
617.0,837.0
618.0,925.0
618.0,359.0
618.0,156.0
618.0,625.0
618.0,355.0
618.0,511.0
618.0,102.0
618.0,960.0
618.0,346.0
618.0,116.0
618.0,890.0
618.0,226.0
619.0,911.0
619.0,510.0
619.0,893.0
619.0,928.0
619.0,355.0
619.0,487.0
619.0,673.0
619.0,508.0
619.0,890.0
619.0,270.0
619.0,824.0
619.0,479.0
620.0,1028.0
620.0,681.0
620.0,163.0
620.0,191.0
620.0,515.0
620.0,470.0
620.0,558.0
620.0,537.0
620.0,795.0
620.0,440.0
620.0,212.0
620.0,408.0
621.0,151.0
621.0,594.0
621.0,479.0
621.0,729.0
621.0,346.0
621.0,772.0
621.0,470.0
621.0,384.0
621.0,937.0
621.0,84.0
621.0,943.0
621.0,952.0
622.0,411.0
622.0,283.0
622.0,713.0
622.0,71.0
622.0,584.0
622.0,984.0
622.0,370.0
622.0,301.0
622.0,975.0
622.0,793.0
622.0,938.0
622.0,942.0
623.0,686.0
623.0,115.0
623.0,366.0
623.0,801.0
623.0,697.0
623.0,172.0
623.0,472.0
623.0,568.0
623.0,634.0
623.0,291.0
623.0,1030.0
623.0,931.0
624.0,608.0
624.0,609.0
624.0,999.0
624.0,692.0
624.0,950.0
624.0,497.0
624.0,215.0
624.0,320.0
624.0,266.0
624.0,605.0
624.0,187.0
624.0,47.0
625.0,310.0
625.0,378.0
625.0,642.0
625.0,755.0
625.0,216.0
625.0,922.0
625.0,667.0
625.0,70.0
625.0,977.0
625.0,134.0
625.0,149.0
625.0,254.0
626.0,382.0
626.0,120.0
626.0,192.0
626.0,348.0
626.0,181.0
626.0,375.0
626.0,210.0
626.0,752.0
626.0,321.0
626.0,433.0
626.0,520.0
626.0,588.0
627.0,315.0
627.0,705.0
627.0,517.0
627.0,364.0
627.0,400.0
627.0,982.0
627.0,865.0
627.0,677.0
627.0,159.0
627.0,823.0
627.0,927.0
627.0,57.0
628.0,490.0
628.0,879.0
628.0,139.0
628.0,1026.0
628.0,681.0
628.0,284.0
628.0,605.0
628.0,6.0
628.0,494.0
628.0,113.0
628.0,360.0
628.0,958.0
629.0,424.0
629.0,123.0
629.0,706.0
629.0,530.0
629.0,685.0
629.0,475.0
629.0,42.0
629.0,821.0
629.0,132.0
629.0,537.0
629.0,907.0
629.0,121.0
630.0,777.0
630.0,735.0
630.0,397.0
630.0,872.0
630.0,117.0
630.0,691.0
630.0,460.0
630.0,879.0
630.0,125.0
630.0,433.0
630.0,604.0
630.0,30.0
631.0,353.0
631.0,612.0
631.0,383.0
631.0,914.0
631.0,708.0
631.0,496.0
631.0,135.0
631.0,175.0
631.0,683.0
631.0,310.0
631.0,758.0
631.0,623.0
632.0,139.0
632.0,614.0
632.0,793.0
632.0,101.0
632.0,239.0
632.0,48.0
632.0,137.0
632.0,57.0
632.0,437.0
632.0,903.0
632.0,248.0
632.0,150.0
633.0,886.0
633.0,541.0
633.0,455.0
633.0,55.0
633.0,674.0
633.0,548.0
633.0,435.0
633.0,14.0
633.0,118.0
633.0,319.0
633.0,582.0
633.0,76.0
634.0,935.0
634.0,944.0
634.0,718.0
634.0,483.0
634.0,610.0
634.0,435.0
634.0,224.0
634.0,688.0
634.0,169.0
634.0,33.0
634.0,175.0
634.0,867.0
635.0,271.0
635.0,785.0
635.0,195.0
635.0,622.0
635.0,653.0
635.0,674.0
635.0,696.0
635.0,638.0
635.0,789.0
635.0,915.0
635.0,277.0
635.0,333.0
636.0,785.0
636.0,634.0
636.0,990.0
636.0,866.0
636.0,291.0
636.0,718.0
636.0,787.0
636.0,674.0
636.0,337.0
636.0,574.0
636.0,1004.0
636.0,335.0
637.0,668.0
637.0,25.0
637.0,354.0
637.0,901.0
637.0,484.0
637.0,54.0
637.0,1023.0
637.0,770.0
637.0,629.0
637.0,182.0
637.0,226.0
637.0,408.0
638.0,246.0
638.0,966.0
638.0,175.0
638.0,741.0
638.0,674.0
638.0,464.0
638.0,931.0
638.0,442.0
638.0,283.0
638.0,251.0
638.0,153.0
638.0,273.0
639.0,969.0
639.0,799.0
639.0,58.0
639.0,918.0
639.0,822.0
639.0,972.0
639.0,968.0
639.0,264.0
639.0,410.0
639.0,471.0
639.0,766.0
639.0,793.0
640.0,805.0
640.0,51.0
640.0,1004.0
640.0,1020.0
640.0,707.0
640.0,501.0
640.0,1029.0
640.0,98.0
640.0,853.0
640.0,273.0
640.0,754.0
640.0,196.0
641.0,215.0
641.0,142.0
641.0,800.0
641.0,893.0
641.0,282.0
641.0,385.0
641.0,510.0
641.0,41.0
641.0,197.0
641.0,36.0
641.0,975.0
641.0,513.0
642.0,845.0
642.0,883.0
642.0,612.0
642.0,921.0
642.0,732.0
642.0,111.0
642.0,395.0
642.0,163.0
642.0,920.0
642.0,913.0
642.0,242.0
642.0,360.0
643.0,864.0
643.0,939.0
643.0,286.0
643.0,539.0
643.0,138.0
643.0,808.0
643.0,984.0
643.0,265.0
643.0,608.0
643.0,913.0
643.0,322.0
643.0,577.0
644.0,68.0
644.0,798.0
644.0,26.0
644.0,679.0
644.0,669.0
644.0,1002.0
644.0,1000.0
644.0,716.0
644.0,321.0
644.0,365.0
644.0,520.0
644.0,92.0
645.0,660.0
645.0,598.0
645.0,408.0
645.0,203.0
645.0,839.0
645.0,534.0
645.0,291.0
645.0,804.0
645.0,16.0
645.0,336.0
645.0,267.0
645.0,122.0
646.0,735.0
646.0,493.0
646.0,448.0
646.0,343.0
646.0,311.0
646.0,385.0
646.0,563.0
646.0,754.0
646.0,66.0
646.0,914.0
646.0,773.0
646.0,207.0
647.0,639.0
647.0,472.0
647.0,820.0
647.0,1021.0
647.0,199.0
647.0,964.0
647.0,50.0
647.0,99.0
647.0,256.0
647.0,529.0
647.0,823.0
647.0,629.0
648.0,804.0
648.0,842.0
648.0,913.0
648.0,1029.0
648.0,1020.0
648.0,308.0
648.0,368.0
648.0,1019.0
648.0,597.0
648.0,977.0
648.0,542.0
648.0,103.0
649.0,148.0
649.0,258.0
649.0,508.0
649.0,401.0
649.0,90.0
649.0,1005.0
649.0,444.0
649.0,419.0
649.0,174.0
649.0,893.0
649.0,723.0
649.0,598.0
650.0,780.0
650.0,761.0
650.0,673.0
650.0,1024.0
650.0,82.0
650.0,84.0
650.0,635.0
650.0,502.0
650.0,256.0
650.0,702.0
650.0,997.0
650.0,670.0
651.0,227.0
651.0,463.0
651.0,739.0
651.0,266.0
651.0,672.0
651.0,575.0
651.0,360.0
651.0,608.0
651.0,252.0
651.0,244.0
651.0,42.0
651.0,721.0
652.0,20.0
652.0,736.0
652.0,667.0
652.0,540.0
652.0,754.0
652.0,408.0
652.0,23.0
652.0,706.0
652.0,853.0
652.0,55.0
652.0,774.0
652.0,508.0
653.0,103.0
653.0,471.0
653.0,49.0
653.0,195.0
653.0,46.0
653.0,52.0
653.0,508.0
653.0,694.0
653.0,34.0
653.0,544.0
653.0,498.0
653.0,851.0
654.0,320.0
654.0,520.0
654.0,451.0
654.0,531.0
654.0,43.0
654.0,595.0
654.0,841.0
654.0,325.0
654.0,365.0
654.0,184.0
654.0,117.0
654.0,375.0
655.0,154.0
655.0,895.0
655.0,693.0
655.0,524.0
655.0,327.0
655.0,51.0
655.0,352.0
655.0,1016.0
655.0,244.0
655.0,809.0
655.0,335.0
655.0,905.0
656.0,478.0
656.0,813.0
656.0,528.0
656.0,536.0
656.0,585.0
656.0,421.0
656.0,33.0
656.0,281.0
656.0,989.0
656.0,959.0
656.0,563.0
656.0,116.0
657.0,105.0
657.0,243.0
657.0,1025.0
657.0,651.0
657.0,31.0
657.0,721.0
657.0,755.0
657.0,85.0
657.0,553.0
657.0,633.0
657.0,808.0
657.0,678.0
658.0,224.0
658.0,226.0
658.0,204.0
658.0,334.0
658.0,329.0
658.0,369.0
658.0,954.0
658.0,23.0
658.0,607.0
658.0,12.0
658.0,188.0
658.0,815.0
659.0,515.0
659.0,24.0
659.0,916.0
659.0,368.0
659.0,146.0
659.0,137.0
659.0,1029.0
659.0,1008.0
659.0,666.0
659.0,665.0
659.0,978.0
659.0,830.0
660.0,967.0
660.0,279.0
660.0,206.0
660.0,665.0
660.0,253.0
660.0,136.0
660.0,669.0
660.0,731.0
660.0,125.0
660.0,323.0
660.0,113.0
660.0,613.0
661.0,761.0
661.0,951.0
661.0,410.0
661.0,935.0
661.0,931.0
661.0,135.0
661.0,737.0
661.0,876.0
661.0,1019.0
661.0,619.0
661.0,657.0
661.0,366.0
662.0,719.0
662.0,668.0
662.0,733.0
662.0,466.0
662.0,165.0
662.0,47.0
662.0,977.0
662.0,82.0
662.0,790.0
662.0,15.0
662.0,590.0
662.0,203.0
663.0,521.0
663.0,148.0
663.0,123.0
663.0,232.0
663.0,572.0
663.0,161.0
663.0,601.0
663.0,693.0
663.0,278.0
663.0,596.0
663.0,865.0
663.0,917.0
664.0,583.0
664.0,436.0
664.0,336.0
664.0,241.0
664.0,744.0
664.0,924.0
664.0,866.0
664.0,705.0
664.0,923.0
664.0,304.0
664.0,196.0
664.0,318.0
665.0,218.0
665.0,115.0
665.0,714.0
665.0,546.0
665.0,1035.0
665.0,583.0
665.0,764.0
665.0,592.0
665.0,933.0
665.0,226.0
665.0,243.0
665.0,749.0
666.0,714.0
666.0,906.0
666.0,1016.0
666.0,634.0
666.0,265.0
666.0,935.0
666.0,252.0
666.0,1012.0
666.0,877.0
666.0,696.0
666.0,307.0
666.0,861.0
667.0,56.0
667.0,436.0
667.0,27.0
667.0,294.0
667.0,1014.0
667.0,907.0
667.0,805.0
667.0,154.0
667.0,920.0
667.0,787.0
667.0,942.0
667.0,112.0
668.0,414.0
668.0,30.0
668.0,534.0
668.0,47.0
668.0,976.0
668.0,66.0
668.0,620.0
668.0,74.0
668.0,241.0
668.0,563.0
668.0,711.0
668.0,847.0
669.0,786.0
669.0,147.0
669.0,48.0
669.0,71.0
669.0,606.0
669.0,348.0
669.0,262.0
669.0,617.0
669.0,507.0
669.0,520.0
669.0,466.0
669.0,676.0
670.0,935.0
670.0,523.0
670.0,625.0
670.0,483.0
670.0,82.0
670.0,711.0
670.0,1017.0
670.0,539.0
670.0,428.0
670.0,645.0
670.0,682.0
670.0,126.0
671.0,643.0
671.0,703.0
671.0,49.0
671.0,457.0
671.0,840.0
671.0,354.0
671.0,312.0
671.0,984.0
671.0,418.0
671.0,653.0
671.0,198.0
671.0,808.0
672.0,537.0
672.0,513.0
672.0,307.0
672.0,189.0
672.0,47.0
672.0,524.0
672.0,266.0
672.0,968.0
672.0,377.0
672.0,276.0
672.0,12.0
672.0,948.0
673.0,548.0
673.0,519.0
673.0,379.0
673.0,702.0
673.0,39.0
673.0,816.0
673.0,741.0
673.0,289.0
673.0,858.0
673.0,913.0
673.0,963.0
673.0,621.0
674.0,1001.0
674.0,301.0
674.0,719.0
674.0,27.0
674.0,808.0
674.0,107.0
674.0,599.0
674.0,248.0
674.0,193.0
674.0,111.0
674.0,138.0
674.0,165.0
675.0,200.0
675.0,338.0
675.0,777.0
675.0,249.0
675.0,155.0
675.0,709.0
675.0,796.0
675.0,822.0
675.0,1002.0
675.0,398.0
675.0,641.0
675.0,802.0
676.0,190.0
676.0,880.0
676.0,628.0
676.0,43.0
676.0,468.0
676.0,114.0
676.0,699.0
676.0,493.0
676.0,144.0
676.0,712.0
676.0,617.0
676.0,26.0
677.0,8.0
677.0,367.0
677.0,694.0
677.0,58.0
677.0,432.0
677.0,597.0
677.0,29.0
677.0,835.0
677.0,882.0
677.0,277.0
677.0,53.0
677.0,917.0
678.0,903.0
678.0,698.0
678.0,905.0
678.0,862.0
678.0,700.0
678.0,8.0
678.0,690.0
678.0,791.0
678.0,35.0
678.0,965.0
678.0,784.0
678.0,657.0
679.0,786.0
679.0,40.0
679.0,573.0
679.0,201.0
679.0,681.0
679.0,727.0
679.0,1034.0
679.0,641.0
679.0,676.0
679.0,814.0
679.0,375.0
679.0,120.0
680.0,500.0
680.0,155.0
680.0,325.0
680.0,445.0
680.0,65.0
680.0,832.0
680.0,872.0
680.0,958.0
680.0,576.0
680.0,153.0
680.0,461.0
680.0,896.0
681.0,781.0
681.0,466.0
681.0,725.0
681.0,308.0
681.0,253.0
681.0,155.0
681.0,563.0
681.0,418.0
681.0,853.0
681.0,554.0
681.0,160.0
681.0,863.0
682.0,473.0
682.0,540.0
682.0,284.0
682.0,747.0
682.0,623.0
682.0,962.0
682.0,807.0
682.0,227.0
682.0,279.0
682.0,950.0
682.0,674.0
682.0,546.0
683.0,115.0
683.0,359.0
683.0,165.0
683.0,195.0
683.0,625.0
683.0,651.0
683.0,607.0
683.0,243.0
683.0,956.0
683.0,559.0
683.0,466.0
683.0,29.0
684.0,592.0
684.0,332.0
684.0,174.0
684.0,445.0
684.0,151.0
684.0,172.0
684.0,938.0
684.0,1030.0
684.0,337.0
684.0,787.0
684.0,207.0
684.0,664.0
685.0,840.0
685.0,144.0
685.0,626.0
685.0,230.0
685.0,325.0
685.0,92.0
685.0,616.0
685.0,689.0
685.0,802.0
685.0,196.0
685.0,1026.0
685.0,576.0
686.0,541.0
686.0,742.0
686.0,280.0
686.0,206.0
686.0,932.0
686.0,739.0
686.0,991.0
686.0,339.0
686.0,906.0
686.0,903.0
686.0,636.0
686.0,873.0
687.0,410.0
687.0,512.0
687.0,367.0
687.0,157.0
687.0,749.0
687.0,662.0
687.0,180.0
687.0,290.0
687.0,668.0
687.0,773.0
687.0,442.0
687.0,623.0
688.0,570.0
688.0,294.0
688.0,734.0
688.0,519.0
688.0,876.0
688.0,393.0
688.0,612.0
688.0,60.0
688.0,489.0
688.0,252.0
688.0,759.0
688.0,90.0
689.0,1021.0
689.0,709.0
689.0,855.0
689.0,177.0
689.0,433.0
689.0,17.0
689.0,802.0
689.0,240.0
689.0,728.0
689.0,1014.0
689.0,63.0
689.0,763.0
690.0,950.0
690.0,992.0
690.0,852.0
690.0,754.0
690.0,415.0
690.0,805.0
690.0,949.0
690.0,926.0
690.0,667.0
690.0,220.0
690.0,856.0
690.0,227.0
691.0,955.0
691.0,890.0
691.0,331.0
691.0,925.0
691.0,912.0
691.0,378.0
691.0,9.0
691.0,27.0
691.0,701.0
691.0,79.0
691.0,449.0
691.0,30.0
692.0,103.0
692.0,537.0
692.0,284.0
692.0,335.0
692.0,640.0
692.0,992.0
692.0,964.0
692.0,834.0
692.0,746.0
692.0,367.0
692.0,721.0
692.0,651.0
693.0,330.0
693.0,695.0
693.0,31.0
693.0,446.0
693.0,467.0
693.0,916.0
693.0,497.0
693.0,485.0
693.0,958.0
693.0,424.0
693.0,389.0
693.0,505.0
694.0,808.0
694.0,700.0
694.0,811.0
694.0,581.0
694.0,133.0
694.0,770.0
694.0,773.0
694.0,431.0
694.0,418.0
694.0,361.0
694.0,602.0
694.0,167.0
695.0,331.0
695.0,121.0
695.0,668.0
695.0,762.0
695.0,565.0
695.0,607.0
695.0,959.0
695.0,728.0
695.0,907.0
695.0,554.0
695.0,836.0
695.0,556.0
696.0,743.0
696.0,428.0
696.0,489.0
696.0,909.0
696.0,979.0
696.0,910.0
696.0,55.0
696.0,785.0
696.0,982.0
696.0,921.0
696.0,205.0
696.0,178.0
697.0,502.0
697.0,642.0
697.0,686.0
697.0,383.0
697.0,759.0
697.0,288.0
697.0,206.0
697.0,55.0
697.0,969.0
697.0,82.0
697.0,38.0
697.0,667.0
698.0,376.0
698.0,1035.0
698.0,770.0
698.0,280.0
698.0,637.0
698.0,905.0
698.0,57.0
698.0,52.0
698.0,635.0
698.0,622.0
698.0,371.0
698.0,233.0
699.0,125.0
699.0,259.0
699.0,563.0
699.0,558.0
699.0,455.0
699.0,42.0
699.0,717.0
699.0,573.0
699.0,56.0
699.0,424.0
699.0,970.0
699.0,216.0
700.0,787.0
700.0,657.0
700.0,374.0
700.0,103.0
700.0,942.0
700.0,233.0
700.0,371.0
700.0,785.0
700.0,784.0
700.0,113.0
700.0,838.0
700.0,1014.0
701.0,312.0
701.0,813.0
701.0,961.0
701.0,231.0
701.0,830.0
701.0,1029.0
701.0,542.0
701.0,736.0
701.0,367.0
701.0,996.0
701.0,513.0
701.0,719.0
702.0,378.0
702.0,696.0
702.0,536.0
702.0,323.0
702.0,178.0
702.0,22.0
702.0,666.0
702.0,741.0
702.0,507.0
702.0,686.0
702.0,478.0
702.0,246.0
703.0,653.0
703.0,818.0
703.0,495.0
703.0,704.0
703.0,104.0
703.0,418.0
703.0,322.0
703.0,502.0
703.0,319.0
703.0,45.0
703.0,175.0
703.0,124.0
704.0,671.0
704.0,982.0
704.0,529.0
704.0,851.0
704.0,505.0
704.0,521.0
704.0,124.0
704.0,101.0
704.0,227.0
704.0,255.0
704.0,602.0
704.0,657.0
705.0,380.0
705.0,68.0
705.0,965.0
705.0,94.0
705.0,637.0
705.0,509.0
705.0,308.0
705.0,131.0
705.0,372.0
705.0,967.0
705.0,404.0
705.0,530.0
706.0,217.0
706.0,620.0
706.0,992.0
706.0,239.0
706.0,57.0
706.0,143.0
706.0,672.0
706.0,846.0
706.0,264.0
706.0,552.0
706.0,66.0
706.0,501.0
707.0,874.0
707.0,712.0
707.0,298.0
707.0,44.0
707.0,718.0
707.0,157.0
707.0,360.0
707.0,672.0
707.0,30.0
707.0,959.0
707.0,662.0
707.0,475.0
708.0,328.0
708.0,456.0
708.0,176.0
708.0,349.0
708.0,117.0
708.0,695.0
708.0,6.0
708.0,805.0
708.0,813.0
708.0,727.0
708.0,367.0
708.0,243.0
709.0,292.0
709.0,240.0
709.0,92.0
709.0,177.0
709.0,204.0
709.0,850.0
709.0,145.0
709.0,314.0
709.0,132.0
709.0,735.0
709.0,101.0
709.0,113.0
710.0,466.0
710.0,533.0
710.0,485.0
710.0,74.0
710.0,67.0
710.0,56.0
710.0,994.0
710.0,512.0
710.0,932.0
710.0,599.0
710.0,916.0
710.0,959.0
711.0,815.0
711.0,499.0
711.0,4.0
711.0,279.0
711.0,431.0
711.0,964.0
711.0,1023.0
711.0,27.0
711.0,204.0
711.0,887.0
711.0,637.0
711.0,254.0
712.0,374.0
712.0,253.0
712.0,815.0
712.0,102.0
712.0,805.0
712.0,214.0
712.0,567.0
712.0,95.0
712.0,342.0
712.0,296.0
712.0,660.0
712.0,1016.0
713.0,119.0
713.0,925.0
713.0,964.0
713.0,731.0
713.0,294.0
713.0,832.0
713.0,159.0
713.0,83.0
713.0,503.0
713.0,610.0
713.0,568.0
713.0,261.0
714.0,344.0
714.0,973.0
714.0,442.0
714.0,454.0
714.0,977.0
714.0,781.0
714.0,643.0
714.0,443.0
714.0,573.0
714.0,755.0
714.0,861.0
714.0,590.0
715.0,461.0
715.0,923.0
715.0,912.0
715.0,143.0
715.0,86.0
715.0,357.0
715.0,290.0
715.0,296.0
715.0,397.0
715.0,196.0
715.0,1014.0
715.0,417.0
716.0,1027.0
716.0,774.0
716.0,230.0
716.0,679.0
716.0,119.0
716.0,800.0
716.0,520.0
716.0,842.0
716.0,885.0
716.0,448.0
716.0,358.0
716.0,726.0
717.0,540.0
717.0,596.0
717.0,187.0
717.0,795.0
717.0,896.0
717.0,125.0
717.0,287.0
717.0,624.0
717.0,193.0
717.0,611.0
717.0,970.0
717.0,605.0
718.0,460.0
718.0,574.0
718.0,710.0
718.0,455.0
718.0,514.0
718.0,243.0
718.0,559.0
718.0,1004.0
718.0,659.0
718.0,1016.0
718.0,461.0
718.0,538.0
719.0,959.0
719.0,39.0
719.0,558.0
719.0,319.0
719.0,430.0
719.0,684.0
719.0,866.0
719.0,9.0
719.0,218.0
719.0,969.0
719.0,59.0
719.0,981.0
720.0,1022.0
720.0,786.0
720.0,776.0
720.0,180.0
720.0,21.0
720.0,348.0
720.0,889.0
720.0,350.0
720.0,86.0
720.0,782.0
720.0,406.0
720.0,585.0
721.0,335.0
721.0,55.0
721.0,597.0
721.0,242.0
721.0,512.0
721.0,231.0
721.0,355.0
721.0,15.0
721.0,840.0
721.0,743.0
721.0,684.0
721.0,137.0
722.0,15.0
722.0,45.0
722.0,739.0
722.0,99.0
722.0,352.0
722.0,274.0
722.0,162.0
722.0,506.0
722.0,485.0
722.0,587.0
722.0,521.0
722.0,418.0
723.0,75.0
723.0,464.0
723.0,301.0
723.0,3.0
723.0,434.0
723.0,569.0
723.0,415.0
723.0,128.0
723.0,824.0
723.0,754.0
723.0,116.0
723.0,90.0
724.0,552.0
724.0,956.0
724.0,599.0
724.0,583.0
724.0,156.0
724.0,596.0
724.0,434.0
724.0,237.0
724.0,1016.0
724.0,659.0
724.0,493.0
724.0,1029.0
725.0,788.0
725.0,1023.0
725.0,146.0
725.0,330.0
725.0,947.0
725.0,958.0
725.0,1020.0
725.0,939.0
725.0,91.0
725.0,545.0
725.0,174.0
725.0,892.0
726.0,48.0
726.0,641.0
726.0,550.0
726.0,468.0
726.0,169.0
726.0,372.0
726.0,786.0
726.0,645.0
726.0,226.0
726.0,553.0
726.0,306.0
726.0,892.0
727.0,975.0
727.0,790.0
727.0,110.0
727.0,982.0
727.0,615.0
727.0,841.0
727.0,771.0
727.0,48.0
727.0,184.0
727.0,347.0
727.0,214.0
727.0,1015.0
728.0,740.0
728.0,241.0
728.0,790.0
728.0,57.0
728.0,261.0
728.0,161.0
728.0,990.0
728.0,30.0
728.0,167.0
728.0,712.0
728.0,68.0
728.0,216.0
729.0,665.0
729.0,425.0
729.0,744.0
729.0,256.0
729.0,914.0
729.0,455.0
729.0,724.0
729.0,303.0
729.0,464.0
729.0,772.0
729.0,985.0
729.0,908.0
730.0,948.0
730.0,650.0
730.0,582.0
730.0,824.0
730.0,72.0
730.0,560.0
730.0,634.0
730.0,393.0
730.0,295.0
730.0,222.0
730.0,825.0
730.0,852.0
731.0,554.0
731.0,224.0
731.0,809.0
731.0,56.0
731.0,866.0
731.0,974.0
731.0,219.0
731.0,652.0
731.0,923.0
731.0,526.0
731.0,20.0
731.0,945.0
732.0,50.0
732.0,274.0
732.0,923.0
732.0,678.0
732.0,1023.0
732.0,862.0
732.0,24.0
732.0,463.0
732.0,912.0
732.0,268.0
732.0,308.0
732.0,1031.0
733.0,16.0
733.0,598.0
733.0,883.0
733.0,242.0
733.0,753.0
733.0,250.0
733.0,273.0
733.0,889.0
733.0,175.0
733.0,748.0
733.0,636.0
733.0,420.0
734.0,578.0
734.0,202.0
734.0,817.0
734.0,317.0
734.0,20.0
734.0,603.0
734.0,326.0
734.0,44.0
734.0,53.0
734.0,392.0
734.0,901.0
734.0,479.0
735.0,200.0
735.0,341.0
735.0,576.0
735.0,726.0
735.0,624.0
735.0,888.0
735.0,221.0
735.0,680.0
735.0,814.0
735.0,449.0
735.0,781.0
735.0,605.0
736.0,283.0
736.0,918.0
736.0,514.0
736.0,1029.0
736.0,87.0
736.0,770.0
736.0,527.0
736.0,27.0
736.0,111.0
736.0,711.0
736.0,427.0
736.0,783.0
737.0,174.0
737.0,180.0
737.0,877.0
737.0,573.0
737.0,83.0
737.0,117.0
737.0,504.0
737.0,139.0
737.0,138.0
737.0,842.0
737.0,598.0
737.0,1000.0
738.0,950.0
738.0,895.0
738.0,241.0
738.0,969.0
738.0,845.0
738.0,996.0
738.0,261.0
738.0,299.0
738.0,662.0
738.0,0.0
738.0,322.0
738.0,1025.0
739.0,592.0
739.0,882.0
739.0,274.0
739.0,657.0
739.0,546.0
739.0,748.0
739.0,367.0
739.0,835.0
739.0,873.0
739.0,137.0
739.0,912.0
739.0,57.0
740.0,607.0
740.0,728.0
740.0,875.0
740.0,1014.0
740.0,146.0
740.0,407.0
740.0,261.0
740.0,920.0
740.0,235.0
740.0,233.0
740.0,571.0
740.0,853.0
741.0,661.0
741.0,839.0
741.0,247.0
741.0,990.0
741.0,754.0
741.0,824.0
741.0,688.0
741.0,447.0
741.0,621.0
741.0,256.0
741.0,410.0
741.0,598.0
742.0,146.0
742.0,457.0
742.0,486.0
742.0,456.0
742.0,112.0
742.0,91.0
742.0,835.0
742.0,944.0
742.0,426.0
742.0,411.0
742.0,874.0
742.0,524.0
743.0,785.0
743.0,481.0
743.0,0.0
743.0,107.0
743.0,651.0
743.0,873.0
743.0,313.0
743.0,767.0
743.0,994.0
743.0,428.0
743.0,82.0
743.0,546.0
744.0,326.0
744.0,845.0
744.0,112.0
744.0,524.0
744.0,741.0
744.0,531.0
744.0,166.0
744.0,163.0
744.0,543.0
744.0,696.0
744.0,504.0
744.0,894.0
745.0,326.0
745.0,270.0
745.0,515.0
745.0,508.0
745.0,279.0
745.0,857.0
745.0,122.0
745.0,54.0
745.0,981.0
745.0,179.0
745.0,262.0
745.0,65.0
746.0,827.0
746.0,942.0
746.0,258.0
746.0,80.0
746.0,745.0
746.0,599.0
746.0,773.0
746.0,860.0
746.0,613.0
746.0,803.0
746.0,1014.0
746.0,436.0
747.0,638.0
747.0,404.0
747.0,132.0
747.0,374.0
747.0,483.0
747.0,959.0
747.0,674.0
747.0,183.0
747.0,0.0
747.0,886.0
747.0,524.0
747.0,378.0
748.0,168.0
748.0,276.0
748.0,706.0
748.0,596.0
748.0,638.0
748.0,384.0
748.0,194.0
748.0,550.0
748.0,91.0
748.0,835.0
748.0,563.0
748.0,318.0
749.0,415.0
749.0,668.0
749.0,866.0
749.0,360.0
749.0,296.0
749.0,931.0
749.0,777.0
749.0,479.0
749.0,357.0
749.0,600.0
749.0,130.0
749.0,51.0
750.0,819.0
750.0,412.0
750.0,59.0
750.0,799.0
750.0,213.0
750.0,580.0
750.0,74.0
750.0,425.0
750.0,246.0
750.0,389.0
750.0,539.0
750.0,757.0
751.0,634.0
751.0,906.0
751.0,302.0
751.0,544.0
751.0,454.0
751.0,635.0
751.0,1013.0
751.0,952.0
751.0,959.0
751.0,72.0
751.0,34.0
751.0,222.0
752.0,942.0
752.0,493.0
752.0,986.0
752.0,656.0
752.0,750.0
752.0,998.0
752.0,370.0
752.0,450.0
752.0,591.0
752.0,580.0
752.0,937.0
752.0,611.0
753.0,820.0
753.0,794.0
753.0,327.0
753.0,12.0
753.0,172.0
753.0,308.0
753.0,430.0
753.0,231.0
753.0,73.0
753.0,1030.0
753.0,378.0
753.0,103.0
754.0,743.0
754.0,404.0
754.0,111.0
754.0,690.0
754.0,527.0
754.0,203.0
754.0,326.0
754.0,80.0
754.0,970.0
754.0,733.0
754.0,296.0
754.0,79.0
755.0,210.0
755.0,1016.0
755.0,933.0
755.0,718.0
755.0,785.0
755.0,989.0
755.0,310.0
755.0,304.0
755.0,553.0
755.0,533.0
755.0,977.0
755.0,674.0
756.0,445.0
756.0,549.0
756.0,196.0
756.0,566.0
756.0,91.0
756.0,334.0
756.0,533.0
756.0,435.0
756.0,417.0
756.0,313.0
756.0,946.0
756.0,795.0
757.0,174.0
757.0,750.0
757.0,350.0
757.0,850.0
757.0,940.0
757.0,326.0
757.0,573.0
757.0,827.0
757.0,180.0
757.0,936.0
757.0,465.0
757.0,128.0
758.0,323.0
758.0,289.0
758.0,632.0
758.0,391.0
758.0,1005.0
758.0,434.0
758.0,356.0
758.0,138.0
758.0,525.0
758.0,876.0
758.0,598.0
758.0,825.0
759.0,583.0
759.0,163.0
759.0,687.0
759.0,952.0
759.0,498.0
759.0,524.0
759.0,68.0
759.0,502.0
759.0,307.0
759.0,857.0
759.0,170.0
759.0,537.0
760.0,211.0
760.0,67.0
760.0,978.0
760.0,912.0
760.0,946.0
760.0,512.0
760.0,47.0
760.0,690.0
760.0,31.0
760.0,460.0
760.0,380.0
760.0,414.0
761.0,447.0
761.0,940.0
761.0,421.0
761.0,246.0
761.0,758.0
761.0,525.0
761.0,489.0
761.0,402.0
761.0,44.0
761.0,194.0
761.0,288.0
761.0,416.0
762.0,604.0
762.0,433.0
762.0,179.0
762.0,417.0
762.0,341.0
762.0,665.0
762.0,309.0
762.0,145.0
762.0,110.0
762.0,306.0
762.0,460.0
762.0,142.0
763.0,675.0
763.0,509.0
763.0,796.0
763.0,456.0
763.0,756.0
763.0,317.0
763.0,338.0
763.0,926.0
763.0,88.0
763.0,100.0
763.0,451.0
763.0,727.0
764.0,290.0
764.0,483.0
764.0,96.0
764.0,286.0
764.0,82.0
764.0,1012.0
764.0,383.0
764.0,83.0
764.0,146.0
764.0,916.0
764.0,1018.0
764.0,292.0
765.0,395.0
765.0,944.0
765.0,430.0
765.0,67.0
765.0,479.0
765.0,166.0
765.0,740.0
765.0,456.0
765.0,158.0
765.0,24.0
765.0,652.0
765.0,928.0
766.0,214.0
766.0,424.0
766.0,503.0
766.0,94.0
766.0,568.0
766.0,694.0
766.0,446.0
766.0,1.0
766.0,695.0
766.0,882.0
766.0,371.0
766.0,364.0
767.0,840.0
767.0,882.0
767.0,354.0
767.0,627.0
767.0,579.0
767.0,862.0
767.0,110.0
767.0,691.0
767.0,259.0
767.0,815.0
767.0,211.0
767.0,663.0
768.0,520.0
768.0,644.0
768.0,350.0
768.0,348.0
768.0,375.0
768.0,654.0
768.0,850.0
768.0,716.0
768.0,606.0
768.0,934.0
768.0,114.0
768.0,460.0
769.0,371.0
769.0,735.0
769.0,717.0
769.0,839.0
769.0,546.0
769.0,964.0
769.0,907.0
769.0,131.0
769.0,484.0
769.0,945.0
769.0,368.0
769.0,896.0
770.0,232.0
770.0,155.0
770.0,950.0
770.0,280.0
770.0,94.0
770.0,274.0
770.0,352.0
770.0,742.0
770.0,498.0
770.0,547.0
770.0,809.0
770.0,276.0
771.0,412.0
771.0,153.0
771.0,451.0
771.0,546.0
771.0,43.0
771.0,641.0
771.0,484.0
771.0,768.0
771.0,433.0
771.0,930.0
771.0,197.0
771.0,814.0
772.0,77.0
772.0,932.0
772.0,172.0
772.0,816.0
772.0,541.0
772.0,670.0
772.0,590.0
772.0,39.0
772.0,929.0
772.0,246.0
772.0,848.0
772.0,965.0
773.0,948.0
773.0,427.0
773.0,407.0
773.0,907.0
773.0,596.0
773.0,1019.0
773.0,220.0
773.0,1030.0
773.0,586.0
773.0,319.0
773.0,329.0
773.0,1014.0
774.0,1029.0
774.0,975.0
774.0,976.0
774.0,664.0
774.0,119.0
774.0,17.0
774.0,926.0
774.0,888.0
774.0,1023.0
774.0,725.0
774.0,21.0
774.0,727.0
775.0,444.0
775.0,373.0
775.0,407.0
775.0,935.0
775.0,286.0
775.0,383.0
775.0,181.0
775.0,656.0
775.0,971.0
775.0,641.0
775.0,108.0
775.0,478.0
776.0,676.0
776.0,406.0
776.0,64.0
776.0,998.0
776.0,943.0
776.0,669.0
776.0,86.0
776.0,564.0
776.0,419.0
776.0,401.0
776.0,750.0
776.0,936.0
777.0,319.0
777.0,138.0
777.0,971.0
777.0,127.0
777.0,466.0
777.0,482.0
777.0,866.0
777.0,467.0
777.0,154.0
777.0,748.0
777.0,232.0
777.0,66.0
778.0,364.0
778.0,308.0
778.0,966.0
778.0,456.0
778.0,492.0
778.0,153.0
778.0,707.0
778.0,38.0
778.0,424.0
778.0,577.0
778.0,681.0
778.0,264.0
779.0,395.0
779.0,356.0
779.0,642.0
779.0,343.0
779.0,990.0
779.0,764.0
779.0,489.0
779.0,700.0
779.0,1027.0
779.0,377.0
779.0,743.0
779.0,921.0
780.0,457.0
780.0,275.0
780.0,340.0
780.0,816.0
780.0,546.0
780.0,81.0
780.0,858.0
780.0,57.0
780.0,265.0
780.0,222.0
780.0,60.0
780.0,590.0
781.0,900.0
781.0,924.0
781.0,791.0
781.0,884.0
781.0,991.0
781.0,4.0
781.0,187.0
781.0,308.0
781.0,326.0
781.0,583.0
781.0,1027.0
781.0,749.0
782.0,885.0
782.0,201.0
782.0,86.0
782.0,262.0
782.0,725.0
782.0,679.0
782.0,9.0
782.0,646.0
782.0,526.0
782.0,488.0
782.0,956.0
782.0,477.0
783.0,202.0
783.0,525.0
783.0,653.0
783.0,1024.0
783.0,376.0
783.0,1028.0
783.0,905.0
783.0,186.0
783.0,172.0
783.0,171.0
783.0,418.0
783.0,734.0
784.0,357.0
784.0,429.0
784.0,264.0
784.0,811.0
784.0,888.0
784.0,110.0
784.0,293.0
784.0,88.0
784.0,473.0
784.0,481.0
784.0,1033.0
784.0,988.0
785.0,906.0
785.0,0.0
785.0,787.0
785.0,932.0
785.0,1018.0
785.0,257.0
785.0,310.0
785.0,969.0
785.0,612.0
785.0,194.0
785.0,265.0
785.0,371.0
786.0,769.0
786.0,331.0
786.0,831.0
786.0,695.0
786.0,258.0
786.0,460.0
786.0,348.0
786.0,814.0
786.0,139.0
786.0,19.0
786.0,21.0
786.0,468.0
787.0,691.0
787.0,541.0
787.0,609.0
787.0,157.0
787.0,734.0
787.0,191.0
787.0,284.0
787.0,283.0
787.0,396.0
787.0,578.0
787.0,543.0
787.0,329.0
788.0,656.0
788.0,995.0
788.0,896.0
788.0,556.0
788.0,895.0
788.0,156.0
788.0,23.0
788.0,76.0
788.0,387.0
788.0,819.0
788.0,107.0
788.0,621.0
789.0,909.0
789.0,219.0
789.0,376.0
789.0,568.0
789.0,531.0
789.0,807.0
789.0,682.0
789.0,815.0
789.0,674.0
789.0,220.0
789.0,396.0
789.0,622.0
790.0,316.0
790.0,603.0
790.0,304.0
790.0,970.0
790.0,668.0
790.0,317.0
790.0,765.0
790.0,868.0
790.0,30.0
790.0,199.0
790.0,290.0
790.0,620.0
791.0,988.0
791.0,944.0
791.0,856.0
791.0,481.0
791.0,710.0
791.0,690.0
791.0,352.0
791.0,95.0
791.0,87.0
791.0,166.0
791.0,862.0
791.0,824.0
792.0,134.0
792.0,743.0
792.0,544.0
792.0,1025.0
792.0,551.0
792.0,778.0
792.0,76.0
792.0,982.0
792.0,191.0
792.0,371.0
792.0,286.0
792.0,433.0
793.0,418.0
793.0,301.0
793.0,677.0
793.0,345.0
793.0,639.0
793.0,694.0
793.0,835.0
793.0,274.0
793.0,233.0
793.0,801.0
793.0,664.0
793.0,836.0
794.0,415.0
794.0,580.0
794.0,974.0
794.0,960.0
794.0,279.0
794.0,508.0
794.0,323.0
794.0,719.0
794.0,603.0
794.0,788.0
794.0,658.0
794.0,683.0
795.0,359.0
795.0,662.0
795.0,846.0
795.0,758.0
795.0,330.0
795.0,512.0
795.0,581.0
795.0,102.0
795.0,228.0
795.0,634.0
795.0,307.0
795.0,556.0
796.0,675.0
796.0,179.0
796.0,509.0
796.0,88.0
796.0,249.0
796.0,999.0
796.0,442.0
796.0,63.0
796.0,572.0
796.0,770.0
796.0,693.0
796.0,709.0
797.0,448.0
797.0,267.0
797.0,543.0
797.0,1022.0
797.0,401.0
797.0,106.0
797.0,425.0
797.0,591.0
797.0,488.0
797.0,350.0
797.0,119.0
797.0,985.0
798.0,316.0
798.0,132.0
798.0,31.0
798.0,365.0
798.0,607.0
798.0,446.0
798.0,469.0
798.0,762.0
798.0,683.0
798.0,232.0
798.0,1021.0
798.0,336.0
799.0,440.0
799.0,641.0
799.0,128.0
799.0,167.0
799.0,156.0
799.0,810.0
799.0,21.0
799.0,827.0
799.0,681.0
799.0,425.0
799.0,279.0
799.0,828.0
800.0,899.0
800.0,86.0
800.0,998.0
800.0,425.0
800.0,48.0
800.0,562.0
800.0,184.0
800.0,361.0
800.0,291.0
800.0,669.0
800.0,267.0
800.0,947.0
801.0,400.0
801.0,527.0
801.0,104.0
801.0,255.0
801.0,941.0
801.0,45.0
801.0,463.0
801.0,94.0
801.0,169.0
801.0,225.0
801.0,627.0
801.0,133.0
802.0,230.0
802.0,1026.0
802.0,349.0
802.0,862.0
802.0,872.0
802.0,853.0
802.0,572.0
802.0,659.0
802.0,132.0
802.0,177.0
802.0,1034.0
802.0,605.0
803.0,497.0
803.0,791.0
803.0,150.0
803.0,206.0
803.0,0.0
803.0,291.0
803.0,245.0
803.0,809.0
803.0,623.0
803.0,56.0
803.0,367.0
803.0,778.0
804.0,253.0
804.0,48.0
804.0,846.0
804.0,501.0
804.0,757.0
804.0,71.0
804.0,350.0
804.0,669.0
804.0,157.0
804.0,311.0
804.0,992.0
804.0,137.0
805.0,42.0
805.0,759.0
805.0,243.0
805.0,574.0
805.0,436.0
805.0,1007.0
805.0,438.0
805.0,1003.0
805.0,538.0
805.0,838.0
805.0,369.0
805.0,550.0
806.0,582.0
806.0,324.0
806.0,454.0
806.0,633.0
806.0,337.0
806.0,208.0
806.0,713.0
806.0,391.0
806.0,98.0
806.0,280.0
806.0,876.0
806.0,670.0
807.0,353.0
807.0,369.0
807.0,55.0
807.0,932.0
807.0,840.0
807.0,324.0
807.0,549.0
807.0,818.0
807.0,950.0
807.0,337.0
807.0,171.0
807.0,906.0
808.0,874.0
808.0,357.0
808.0,172.0
808.0,117.0
808.0,928.0
808.0,464.0
808.0,969.0
808.0,337.0
808.0,744.0
808.0,739.0
808.0,835.0
808.0,764.0
809.0,1031.0
809.0,815.0
809.0,737.0
809.0,25.0
809.0,154.0
809.0,969.0
809.0,42.0
809.0,431.0
809.0,883.0
809.0,24.0
809.0,356.0
809.0,336.0
810.0,288.0
810.0,581.0
810.0,272.0
810.0,816.0
810.0,753.0
810.0,592.0
810.0,213.0
810.0,937.0
810.0,465.0
810.0,36.0
810.0,402.0
810.0,613.0
811.0,345.0
811.0,91.0
811.0,426.0
811.0,110.0
811.0,1.0
811.0,225.0
811.0,927.0
811.0,916.0
811.0,767.0
811.0,45.0
811.0,766.0
811.0,913.0
812.0,489.0
812.0,634.0
812.0,76.0
812.0,391.0
812.0,235.0
812.0,544.0
812.0,674.0
812.0,118.0
812.0,457.0
812.0,906.0
812.0,283.0
812.0,524.0
813.0,79.0
813.0,488.0
813.0,349.0
813.0,815.0
813.0,660.0
813.0,617.0
813.0,500.0
813.0,198.0
813.0,389.0
813.0,842.0
813.0,862.0
813.0,618.0
814.0,40.0
814.0,786.0
814.0,375.0
814.0,520.0
814.0,987.0
814.0,144.0
814.0,576.0
814.0,716.0
814.0,197.0
814.0,586.0
814.0,459.0
814.0,282.0
815.0,642.0
815.0,516.0
815.0,947.0
815.0,170.0
815.0,605.0
815.0,499.0
815.0,235.0
815.0,856.0
815.0,367.0
815.0,414.0
815.0,330.0
815.0,740.0
816.0,741.0
816.0,650.0
816.0,344.0
816.0,540.0
816.0,155.0
816.0,205.0
816.0,532.0
816.0,714.0
816.0,303.0
816.0,780.0
816.0,246.0
816.0,876.0
817.0,291.0
817.0,275.0
817.0,496.0
817.0,393.0
817.0,650.0
817.0,876.0
817.0,416.0
817.0,33.0
817.0,519.0
817.0,674.0
817.0,295.0
817.0,848.0
818.0,707.0
818.0,1003.0
818.0,767.0
818.0,27.0
818.0,392.0
818.0,993.0
818.0,517.0
818.0,143.0
818.0,884.0
818.0,779.0
818.0,483.0
818.0,134.0
819.0,478.0
819.0,450.0
819.0,455.0
819.0,236.0
819.0,256.0
819.0,911.0
819.0,412.0
819.0,881.0
819.0,869.0
819.0,152.0
819.0,1009.0
819.0,745.0
820.0,565.0
820.0,189.0
820.0,967.0
820.0,997.0
820.0,103.0
820.0,558.0
820.0,996.0
820.0,765.0
820.0,179.0
820.0,473.0
820.0,404.0
820.0,697.0
821.0,397.0
821.0,942.0
821.0,605.0
821.0,308.0
821.0,287.0
821.0,259.0
821.0,166.0
821.0,352.0
821.0,314.0
821.0,342.0
821.0,742.0
821.0,926.0
822.0,932.0
822.0,5.0
822.0,801.0
822.0,426.0
822.0,506.0
822.0,8.0
822.0,418.0
822.0,293.0
822.0,722.0
822.0,474.0
822.0,700.0
822.0,572.0
823.0,345.0
823.0,602.0
823.0,176.0
823.0,85.0
823.0,63.0
823.0,58.0
823.0,801.0
823.0,357.0
823.0,414.0
823.0,694.0
823.0,180.0
823.0,565.0
824.0,508.0
824.0,942.0
824.0,213.0
824.0,536.0
824.0,847.0
824.0,395.0
824.0,881.0
824.0,135.0
824.0,126.0
824.0,670.0
824.0,511.0
824.0,12.0
825.0,875.0
825.0,645.0
825.0,997.0
825.0,919.0
825.0,421.0
825.0,764.0
825.0,666.0
825.0,804.0
825.0,222.0
825.0,965.0
825.0,846.0
825.0,36.0
826.0,831.0
826.0,285.0
826.0,804.0
826.0,936.0
826.0,788.0
826.0,899.0
826.0,450.0
826.0,86.0
826.0,723.0
826.0,497.0
826.0,234.0
826.0,745.0
827.0,797.0
827.0,885.0
827.0,723.0
827.0,207.0
827.0,656.0
827.0,408.0
827.0,924.0
827.0,826.0
827.0,16.0
827.0,1008.0
827.0,218.0
827.0,794.0
828.0,318.0
828.0,877.0
828.0,790.0
828.0,725.0
828.0,181.0
828.0,794.0
828.0,694.0
828.0,30.0
828.0,664.0
828.0,328.0
828.0,19.0
828.0,210.0
829.0,227.0
829.0,87.0
829.0,208.0
829.0,823.0
829.0,770.0
829.0,790.0
829.0,748.0
829.0,950.0
829.0,0.0
829.0,549.0
829.0,380.0
829.0,445.0
830.0,78.0
830.0,146.0
830.0,163.0
830.0,1013.0
830.0,466.0
830.0,642.0
830.0,665.0
830.0,740.0
830.0,755.0
830.0,310.0
830.0,24.0
830.0,367.0
831.0,263.0
831.0,958.0
831.0,179.0
831.0,270.0
831.0,444.0
831.0,826.0
831.0,236.0
831.0,1032.0
831.0,649.0
831.0,173.0
831.0,460.0
831.0,914.0
832.0,357.0
832.0,698.0
832.0,641.0
832.0,499.0
832.0,80.0
832.0,204.0
832.0,887.0
832.0,879.0
832.0,615.0
832.0,877.0
832.0,863.0
832.0,531.0
833.0,2.0
833.0,234.0
833.0,172.0
833.0,447.0
833.0,443.0
833.0,962.0
833.0,940.0
833.0,381.0
833.0,914.0
833.0,942.0
833.0,247.0
833.0,589.0
834.0,509.0
834.0,244.0
834.0,211.0
834.0,907.0
834.0,232.0
834.0,57.0
834.0,481.0
834.0,339.0
834.0,496.0
834.0,80.0
834.0,427.0
834.0,491.0
835.0,261.0
835.0,117.0
835.0,540.0
835.0,132.0
835.0,20.0
835.0,57.0
835.0,217.0
835.0,695.0
835.0,387.0
835.0,1019.0
835.0,719.0
835.0,597.0
836.0,1011.0
836.0,438.0
836.0,663.0
836.0,211.0
836.0,567.0
836.0,214.0
836.0,864.0
836.0,315.0
836.0,216.0
836.0,418.0
836.0,164.0
836.0,722.0
837.0,163.0
837.0,648.0
837.0,1009.0
837.0,172.0
837.0,586.0
837.0,903.0
837.0,967.0
837.0,235.0
837.0,204.0
837.0,154.0
837.0,1013.0
837.0,127.0
838.0,923.0
838.0,530.0
838.0,902.0
838.0,96.0
838.0,655.0
838.0,211.0
838.0,972.0
838.0,414.0
838.0,970.0
838.0,61.0
838.0,38.0
838.0,214.0
839.0,336.0
839.0,1004.0
839.0,111.0
839.0,948.0
839.0,408.0
839.0,530.0
839.0,827.0
839.0,431.0
839.0,874.0
839.0,427.0
839.0,66.0
839.0,445.0
840.0,549.0
840.0,545.0
840.0,345.0
840.0,544.0
840.0,505.0
840.0,36.0
840.0,792.0
840.0,1010.0
840.0,27.0
840.0,703.0
840.0,738.0
840.0,759.0
841.0,604.0
841.0,390.0
841.0,1015.0
841.0,955.0
841.0,626.0
841.0,774.0
841.0,768.0
841.0,153.0
841.0,644.0
841.0,433.0
841.0,616.0
841.0,727.0
842.0,179.0
842.0,460.0
842.0,6.0
842.0,54.0
842.0,1034.0
842.0,415.0
842.0,388.0
842.0,769.0
842.0,1006.0
842.0,101.0
842.0,797.0
842.0,558.0
843.0,448.0
843.0,676.0
843.0,350.0
843.0,1022.0
843.0,644.0
843.0,40.0
843.0,774.0
843.0,259.0
843.0,510.0
843.0,790.0
843.0,720.0
843.0,305.0
844.0,187.0
844.0,749.0
844.0,395.0
844.0,56.0
844.0,795.0
844.0,707.0
844.0,1004.0
844.0,509.0
844.0,176.0
844.0,363.0
844.0,331.0
844.0,254.0
845.0,181.0
845.0,744.0
845.0,279.0
845.0,805.0
845.0,884.0
845.0,290.0
845.0,991.0
845.0,795.0
845.0,101.0
845.0,111.0
845.0,463.0
845.0,565.0
846.0,231.0
846.0,473.0
846.0,420.0
846.0,183.0
846.0,427.0
846.0,158.0
846.0,497.0
846.0,938.0
846.0,168.0
846.0,1017.0
846.0,360.0
846.0,82.0
847.0,522.0
847.0,319.0
847.0,588.0
847.0,839.0
847.0,89.0
847.0,936.0
847.0,328.0
847.0,558.0
847.0,705.0
847.0,992.0
847.0,181.0
847.0,4.0
848.0,926.0
848.0,758.0
848.0,824.0
848.0,881.0
848.0,74.0
848.0,98.0
848.0,323.0
848.0,27.0
848.0,206.0
848.0,960.0
848.0,928.0
848.0,233.0
849.0,300.0
849.0,442.0
849.0,242.0
849.0,758.0
849.0,89.0
849.0,330.0
849.0,848.0
849.0,519.0
849.0,688.0
849.0,674.0
849.0,222.0
849.0,780.0
850.0,798.0
850.0,786.0
850.0,720.0
850.0,953.0
850.0,320.0
850.0,564.0
850.0,209.0
850.0,286.0
850.0,895.0
850.0,230.0
850.0,968.0
850.0,427.0
851.0,337.0
851.0,52.0
851.0,124.0
851.0,653.0
851.0,195.0
851.0,186.0
851.0,495.0
851.0,277.0
851.0,466.0
851.0,134.0
851.0,915.0
851.0,376.0
852.0,188.0
852.0,950.0
852.0,740.0
852.0,226.0
852.0,252.0
852.0,1012.0
852.0,300.0
852.0,1007.0
852.0,756.0
852.0,391.0
852.0,542.0
852.0,934.0
853.0,756.0
853.0,378.0
853.0,119.0
853.0,586.0
853.0,991.0
853.0,214.0
853.0,655.0
853.0,540.0
853.0,896.0
853.0,629.0
853.0,363.0
853.0,438.0
854.0,493.0
854.0,385.0
854.0,523.0
854.0,24.0
854.0,487.0
854.0,247.0
854.0,887.0
854.0,66.0
854.0,750.0
854.0,269.0
854.0,668.0
854.0,536.0
855.0,576.0
855.0,1026.0
855.0,313.0
855.0,65.0
855.0,493.0
855.0,490.0
855.0,754.0
855.0,204.0
855.0,249.0
855.0,699.0
855.0,287.0
855.0,580.0
856.0,1011.0
856.0,978.0
856.0,540.0
856.0,605.0
856.0,839.0
856.0,921.0
856.0,361.0
856.0,420.0
856.0,0.0
856.0,648.0
856.0,994.0
856.0,559.0
857.0,757.0
857.0,960.0
857.0,976.0
857.0,795.0
857.0,309.0
857.0,660.0
857.0,581.0
857.0,953.0
857.0,382.0
857.0,409.0
857.0,987.0
857.0,180.0
858.0,759.0
858.0,952.0
858.0,138.0
858.0,985.0
858.0,391.0
858.0,251.0
858.0,479.0
858.0,98.0
858.0,908.0
858.0,136.0
858.0,866.0
858.0,61.0
859.0,485.0
859.0,663.0
859.0,767.0
859.0,133.0
859.0,458.0
859.0,140.0
859.0,208.0
859.0,93.0
859.0,446.0
859.0,198.0
859.0,904.0
859.0,639.0
860.0,221.0
860.0,125.0
860.0,681.0
860.0,660.0
860.0,434.0
860.0,66.0
860.0,423.0
860.0,261.0
860.0,143.0
860.0,559.0
860.0,420.0
860.0,1006.0
861.0,570.0
861.0,294.0
861.0,257.0
861.0,622.0
861.0,514.0
861.0,631.0
861.0,1017.0
861.0,411.0
861.0,655.0
861.0,951.0
861.0,996.0
861.0,730.0
862.0,996.0
862.0,708.0
862.0,845.0
862.0,357.0
862.0,131.0
862.0,230.0
862.0,739.0
862.0,748.0
862.0,330.0
862.0,541.0
862.0,705.0
862.0,161.0
863.0,445.0
863.0,734.0
863.0,540.0
863.0,522.0
863.0,436.0
863.0,216.0
863.0,959.0
863.0,597.0
863.0,574.0
863.0,903.0
863.0,695.0
863.0,719.0
864.0,978.0
864.0,471.0
864.0,429.0
864.0,186.0
864.0,1010.0
864.0,498.0
864.0,551.0
864.0,274.0
864.0,984.0
864.0,698.0
864.0,517.0
864.0,806.0
865.0,137.0
865.0,791.0
865.0,1007.0
865.0,879.0
865.0,335.0
865.0,338.0
865.0,657.0
865.0,739.0
865.0,449.0
865.0,413.0
865.0,494.0
865.0,486.0
866.0,942.0
866.0,298.0
866.0,1031.0
866.0,592.0
866.0,431.0
866.0,352.0
866.0,922.0
866.0,760.0
866.0,558.0
866.0,27.0
866.0,925.0
866.0,753.0
867.0,781.0
867.0,562.0
867.0,945.0
867.0,573.0
867.0,367.0
867.0,371.0
867.0,994.0
867.0,30.0
867.0,852.0
867.0,342.0
867.0,370.0
867.0,856.0
868.0,1003.0
868.0,214.0
868.0,196.0
868.0,163.0
868.0,177.0
868.0,390.0
868.0,111.0
868.0,335.0
868.0,446.0
868.0,380.0
868.0,54.0
868.0,939.0
869.0,319.0
869.0,451.0
869.0,65.0
869.0,664.0
869.0,970.0
869.0,125.0
869.0,989.0
869.0,397.0
869.0,754.0
869.0,117.0
869.0,1021.0
869.0,461.0
870.0,426.0
870.0,1.0
870.0,481.0
870.0,767.0
870.0,556.0
870.0,440.0
870.0,1021.0
870.0,395.0
870.0,539.0
870.0,432.0
870.0,485.0
870.0,45.0
871.0,429.0
871.0,162.0
871.0,879.0
871.0,553.0
871.0,104.0
871.0,777.0
871.0,474.0
871.0,859.0
871.0,85.0
871.0,912.0
871.0,485.0
871.0,884.0
872.0,685.0
872.0,693.0
872.0,604.0
872.0,287.0
872.0,198.0
872.0,709.0
872.0,375.0
872.0,441.0
872.0,999.0
872.0,28.0
872.0,689.0
872.0,452.0
873.0,300.0
873.0,861.0
873.0,227.0
873.0,901.0
873.0,610.0
873.0,906.0
873.0,806.0
873.0,977.0
873.0,369.0
873.0,747.0
873.0,910.0
873.0,807.0
874.0,690.0
874.0,170.0
874.0,176.0
874.0,254.0
874.0,753.0
874.0,493.0
874.0,235.0
874.0,290.0
874.0,884.0
874.0,245.0
874.0,56.0
874.0,279.0
875.0,493.0
875.0,598.0
875.0,246.0
875.0,543.0
875.0,475.0
875.0,77.0
875.0,33.0
875.0,507.0
875.0,943.0
875.0,178.0
875.0,440.0
875.0,447.0
876.0,849.0
876.0,673.0
876.0,670.0
876.0,260.0
876.0,753.0
876.0,816.0
876.0,861.0
876.0,983.0
876.0,634.0
876.0,590.0
876.0,1028.0
876.0,858.0
877.0,620.0
877.0,157.0
877.0,167.0
877.0,380.0
877.0,925.0
877.0,150.0
877.0,803.0
877.0,764.0
877.0,948.0
877.0,113.0
877.0,349.0
877.0,286.0
878.0,996.0
878.0,10.0
878.0,588.0
878.0,774.0
878.0,490.0
878.0,438.0
878.0,365.0
878.0,868.0
878.0,786.0
878.0,314.0
878.0,832.0
878.0,955.0
879.0,894.0
879.0,374.0
879.0,170.0
879.0,434.0
879.0,607.0
879.0,309.0
879.0,706.0
879.0,287.0
879.0,259.0
879.0,655.0
879.0,154.0
879.0,298.0
880.0,117.0
880.0,690.0
880.0,803.0
880.0,125.0
880.0,878.0
880.0,477.0
880.0,684.0
880.0,976.0
880.0,1019.0
880.0,242.0
880.0,153.0
880.0,430.0
881.0,553.0
881.0,536.0
881.0,732.0
881.0,585.0
881.0,566.0
881.0,599.0
881.0,900.0
881.0,346.0
881.0,136.0
881.0,559.0
881.0,279.0
881.0,817.0
882.0,529.0
882.0,471.0
882.0,677.0
882.0,85.0
882.0,8.0
882.0,24.0
882.0,277.0
882.0,822.0
882.0,704.0
882.0,941.0
882.0,778.0
882.0,579.0
883.0,31.0
883.0,261.0
883.0,233.0
883.0,170.0
883.0,961.0
883.0,67.0
883.0,48.0
883.0,208.0
883.0,837.0
883.0,531.0
883.0,948.0
883.0,584.0
884.0,42.0
884.0,538.0
884.0,215.0
884.0,1027.0
884.0,902.0
884.0,531.0
884.0,421.0
884.0,304.0
884.0,417.0
884.0,594.0
884.0,170.0
884.0,545.0
885.0,362.0
885.0,559.0
885.0,716.0
885.0,160.0
885.0,934.0
885.0,421.0
885.0,510.0
885.0,786.0
885.0,43.0
885.0,580.0
885.0,800.0
885.0,1022.0
886.0,592.0
886.0,310.0
886.0,118.0
886.0,729.0
886.0,178.0
886.0,135.0
886.0,317.0
886.0,666.0
886.0,789.0
886.0,983.0
886.0,928.0
886.0,393.0
887.0,317.0
887.0,837.0
887.0,473.0
887.0,877.0
887.0,123.0
887.0,522.0
887.0,550.0
887.0,1031.0
887.0,933.0
887.0,440.0
887.0,361.0
887.0,556.0
888.0,282.0
888.0,82.0
888.0,924.0
888.0,461.0
888.0,182.0
888.0,299.0
888.0,113.0
888.0,774.0
888.0,800.0
888.0,624.0
888.0,550.0
888.0,341.0
889.0,592.0
889.0,719.0
889.0,981.0
889.0,890.0
889.0,550.0
889.0,903.0
889.0,25.0
889.0,507.0
889.0,583.0
889.0,718.0
889.0,533.0
889.0,334.0
890.0,78.0
890.0,558.0
890.0,961.0
890.0,856.0
890.0,146.0
890.0,51.0
890.0,691.0
890.0,494.0
890.0,791.0
890.0,66.0
890.0,319.0
890.0,151.0
891.0,301.0
891.0,714.0
891.0,635.0
891.0,555.0
891.0,186.0
891.0,551.0
891.0,333.0
891.0,302.0
891.0,792.0
891.0,495.0
891.0,376.0
891.0,789.0
892.0,777.0
892.0,444.0
892.0,433.0
892.0,790.0
892.0,113.0
892.0,900.0
892.0,681.0
892.0,368.0
892.0,934.0
892.0,879.0
892.0,192.0
892.0,9.0
893.0,30.0
893.0,169.0
893.0,373.0
893.0,205.0
893.0,122.0
893.0,379.0
893.0,90.0
893.0,752.0
893.0,656.0
893.0,69.0
893.0,911.0
893.0,1030.0
894.0,69.0
894.0,220.0
894.0,890.0
894.0,370.0
894.0,707.0
894.0,319.0
894.0,907.0
894.0,515.0
894.0,407.0
894.0,646.0
894.0,540.0
894.0,466.0
895.0,736.0
895.0,973.0
895.0,1020.0
895.0,923.0
895.0,991.0
895.0,767.0
895.0,436.0
895.0,504.0
895.0,56.0
895.0,545.0
895.0,252.0
895.0,522.0
896.0,374.0
896.0,934.0
896.0,777.0
896.0,170.0
896.0,1004.0
896.0,879.0
896.0,682.0
896.0,314.0
896.0,458.0
896.0,564.0
896.0,813.0
896.0,596.0
897.0,136.0
897.0,935.0
897.0,558.0
897.0,213.0
897.0,116.0
897.0,985.0
897.0,780.0
897.0,298.0
897.0,937.0
897.0,126.0
897.0,288.0
897.0,979.0
898.0,312.0
898.0,1018.0
898.0,568.0
898.0,277.0
898.0,590.0
898.0,38.0
898.0,393.0
898.0,271.0
898.0,186.0
898.0,77.0
898.0,541.0
898.0,135.0
899.0,184.0
899.0,212.0
899.0,125.0
899.0,152.0
899.0,626.0
899.0,3.0
899.0,800.0
899.0,403.0
899.0,325.0
899.0,869.0
899.0,197.0
899.0,925.0
900.0,992.0
900.0,126.0
900.0,348.0
900.0,895.0
900.0,383.0
900.0,842.0
900.0,146.0
900.0,773.0
900.0,91.0
900.0,540.0
900.0,107.0
900.0,205.0
901.0,806.0
901.0,747.0
901.0,643.0
901.0,1018.0
901.0,734.0
901.0,1028.0
901.0,598.0
901.0,368.0
901.0,541.0
901.0,412.0
901.0,294.0
901.0,20.0
902.0,860.0
902.0,497.0
902.0,540.0
902.0,691.0
902.0,874.0
902.0,834.0
902.0,498.0
902.0,624.0
902.0,205.0
902.0,695.0
902.0,836.0
902.0,296.0
903.0,493.0
903.0,994.0
903.0,860.0
903.0,494.0
903.0,499.0
903.0,214.0
903.0,66.0
903.0,699.0
903.0,119.0
903.0,500.0
903.0,660.0
903.0,913.0
904.0,879.0
904.0,441.0
904.0,398.0
904.0,675.0
904.0,698.0
904.0,999.0
904.0,509.0
904.0,437.0
904.0,17.0
904.0,336.0
904.0,628.0
904.0,338.0
905.0,738.0
905.0,111.0
905.0,829.0
905.0,973.0
905.0,319.0
905.0,837.0
905.0,732.0
905.0,713.0
905.0,634.0
905.0,531.0
905.0,754.0
905.0,836.0
906.0,107.0
906.0,795.0
906.0,969.0
906.0,280.0
906.0,625.0
906.0,304.0
906.0,163.0
906.0,275.0
906.0,775.0
906.0,165.0
906.0,734.0
906.0,566.0
907.0,516.0
907.0,486.0
907.0,695.0
907.0,146.0
907.0,1020.0
907.0,608.0
907.0,95.0
907.0,662.0
907.0,640.0
907.0,438.0
907.0,423.0
907.0,563.0
908.0,935.0
908.0,536.0
908.0,51.0
908.0,379.0
908.0,434.0
908.0,291.0
908.0,303.0
908.0,292.0
908.0,638.0
908.0,575.0
908.0,594.0
908.0,900.0
909.0,818.0
909.0,714.0
909.0,326.0
909.0,498.0
909.0,38.0
909.0,696.0
909.0,227.0
909.0,1028.0
909.0,736.0
909.0,112.0
909.0,643.0
909.0,1010.0
910.0,14.0
910.0,779.0
910.0,734.0
910.0,223.0
910.0,416.0
910.0,171.0
910.0,334.0
910.0,714.0
910.0,50.0
910.0,457.0
910.0,730.0
910.0,422.0
911.0,172.0
911.0,401.0
911.0,962.0
911.0,263.0
911.0,11.0
911.0,450.0
911.0,285.0
911.0,535.0
911.0,238.0
911.0,116.0
911.0,775.0
911.0,301.0
912.0,902.0
912.0,308.0
912.0,545.0
912.0,906.0
912.0,430.0
912.0,840.0
912.0,322.0
912.0,755.0
912.0,423.0
912.0,964.0
912.0,290.0
912.0,102.0
913.0,87.0
913.0,12.0
913.0,395.0
913.0,907.0
913.0,954.0
913.0,499.0
913.0,748.0
913.0,67.0
913.0,721.0
913.0,722.0
913.0,203.0
913.0,196.0
914.0,207.0
914.0,985.0
914.0,136.0
914.0,224.0
914.0,646.0
914.0,455.0
914.0,559.0
914.0,946.0
914.0,956.0
914.0,819.0
914.0,826.0
914.0,342.0
915.0,805.0
915.0,476.0
915.0,45.0
915.0,587.0
915.0,751.0
915.0,984.0
915.0,568.0
915.0,312.0
915.0,622.0
915.0,792.0
915.0,112.0
915.0,704.0
916.0,430.0
916.0,235.0
916.0,1031.0
916.0,38.0
916.0,25.0
916.0,284.0
916.0,578.0
916.0,168.0
916.0,868.0
916.0,187.0
916.0,1025.0
916.0,787.0
917.0,418.0
917.0,347.0
917.0,351.0
917.0,767.0
917.0,991.0
917.0,865.0
917.0,177.0
917.0,407.0
917.0,763.0
917.0,964.0
917.0,110.0
917.0,53.0
918.0,626.0
918.0,605.0
918.0,1021.0
918.0,917.0
918.0,809.0
918.0,456.0
918.0,100.0
918.0,237.0
918.0,868.0
918.0,972.0
918.0,481.0
918.0,161.0
919.0,336.0
919.0,1009.0
919.0,231.0
919.0,442.0
919.0,824.0
919.0,493.0
919.0,434.0
919.0,928.0
919.0,618.0
919.0,711.0
919.0,273.0
919.0,427.0
920.0,686.0
920.0,334.0
920.0,696.0
920.0,260.0
920.0,103.0
920.0,597.0
920.0,642.0
920.0,111.0
920.0,414.0
920.0,436.0
920.0,996.0
920.0,698.0
921.0,310.0
921.0,756.0
921.0,241.0
921.0,672.0
921.0,932.0
921.0,950.0
921.0,920.0
921.0,210.0
921.0,907.0
921.0,845.0
921.0,914.0
921.0,334.0
922.0,1031.0
922.0,946.0
922.0,206.0
922.0,408.0
922.0,541.0
922.0,383.0
922.0,546.0
922.0,513.0
922.0,224.0
922.0,302.0
922.0,832.0
922.0,863.0
923.0,665.0
923.0,372.0
923.0,839.0
923.0,964.0
923.0,707.0
923.0,331.0
923.0,869.0
923.0,417.0
923.0,737.0
923.0,81.0
923.0,308.0
923.0,463.0
924.0,1023.0
924.0,217.0
924.0,150.0
924.0,332.0
924.0,388.0
924.0,852.0
924.0,501.0
924.0,330.0
924.0,664.0
924.0,739.0
924.0,304.0
924.0,410.0
925.0,287.0
925.0,992.0
925.0,711.0
925.0,1027.0
925.0,994.0
925.0,299.0
925.0,973.0
925.0,214.0
925.0,56.0
925.0,961.0
925.0,360.0
925.0,687.0
926.0,524.0
926.0,674.0
926.0,748.0
926.0,648.0
926.0,210.0
926.0,368.0
926.0,19.0
926.0,923.0
926.0,157.0
926.0,107.0
926.0,996.0
926.0,12.0
927.0,738.0
927.0,164.0
927.0,747.0
927.0,809.0
927.0,707.0
927.0,250.0
927.0,779.0
927.0,100.0
927.0,607.0
927.0,663.0
927.0,166.0
927.0,244.0
928.0,340.0
928.0,257.0
928.0,938.0
928.0,213.0
928.0,825.0
928.0,772.0
928.0,731.0
928.0,70.0
928.0,498.0
928.0,598.0
928.0,378.0
928.0,905.0
929.0,666.0
929.0,381.0
929.0,421.0
929.0,213.0
929.0,74.0
929.0,594.0
929.0,758.0
929.0,61.0
929.0,753.0
929.0,250.0
929.0,36.0
929.0,256.0
930.0,316.0
930.0,675.0
930.0,601.0
930.0,10.0
930.0,394.0
930.0,164.0
930.0,161.0
930.0,249.0
930.0,338.0
930.0,966.0
930.0,349.0
930.0,63.0
931.0,670.0
931.0,215.0
931.0,61.0
931.0,961.0
931.0,370.0
931.0,501.0
931.0,791.0
931.0,279.0
931.0,515.0
931.0,242.0
931.0,954.0
931.0,719.0
932.0,251.0
932.0,764.0
932.0,165.0
932.0,652.0
932.0,642.0
932.0,176.0
932.0,848.0
932.0,27.0
932.0,442.0
932.0,1017.0
932.0,55.0
932.0,575.0
933.0,1016.0
933.0,479.0
933.0,907.0
933.0,138.0
933.0,132.0
933.0,910.0
933.0,749.0
933.0,662.0
933.0,167.0
933.0,427.0
933.0,473.0
933.0,845.0
934.0,467.0
934.0,166.0
934.0,889.0
934.0,978.0
934.0,879.0
934.0,754.0
934.0,349.0
934.0,791.0
934.0,127.0
934.0,27.0
934.0,832.0
934.0,609.0
935.0,41.0
935.0,74.0
935.0,260.0
935.0,98.0
935.0,751.0
935.0,70.0
935.0,543.0
935.0,788.0
935.0,246.0
935.0,926.0
935.0,994.0
935.0,443.0
936.0,487.0
936.0,720.0
936.0,585.0
936.0,305.0
936.0,358.0
936.0,64.0
936.0,448.0
936.0,270.0
936.0,218.0
936.0,172.0
936.0,425.0
936.0,776.0
937.0,991.0
937.0,7.0
937.0,455.0
937.0,160.0
937.0,690.0
937.0,373.0
937.0,831.0
937.0,650.0
937.0,591.0
937.0,574.0
937.0,536.0
937.0,130.0
938.0,343.0
938.0,603.0
938.0,894.0
938.0,964.0
938.0,1018.0
938.0,301.0
938.0,359.0
938.0,475.0
938.0,254.0
938.0,58.0
938.0,290.0
938.0,130.0
939.0,394.0
939.0,834.0
939.0,803.0
939.0,469.0
939.0,865.0
939.0,387.0
939.0,778.0
939.0,597.0
939.0,161.0
939.0,237.0
939.0,241.0
939.0,360.0
940.0,827.0
940.0,1035.0
940.0,379.0
940.0,536.0
940.0,962.0
940.0,268.0
940.0,580.0
940.0,434.0
940.0,1001.0
940.0,122.0
940.0,875.0
940.0,931.0
941.0,637.0
941.0,259.0
941.0,846.0
941.0,274.0
941.0,691.0
941.0,189.0
941.0,813.0
941.0,264.0
941.0,446.0
941.0,701.0
941.0,63.0
941.0,844.0
942.0,54.0
942.0,781.0
942.0,974.0
942.0,959.0
942.0,32.0
942.0,608.0
942.0,821.0
942.0,383.0
942.0,665.0
942.0,61.0
942.0,416.0
942.0,876.0
943.0,528.0
943.0,651.0
943.0,401.0
943.0,419.0
943.0,285.0
943.0,160.0
943.0,234.0
943.0,819.0
943.0,319.0
943.0,50.0
943.0,748.0
943.0,116.0
944.0,473.0
944.0,479.0
944.0,571.0
944.0,895.0
944.0,281.0
944.0,575.0
944.0,755.0
944.0,959.0
944.0,513.0
944.0,1004.0
944.0,334.0
944.0,273.0
945.0,996.0
945.0,494.0
945.0,301.0
945.0,872.0
945.0,900.0
945.0,896.0
945.0,290.0
945.0,524.0
945.0,1004.0
945.0,56.0
945.0,946.0
945.0,418.0
946.0,949.0
946.0,781.0
946.0,214.0
946.0,620.0
946.0,884.0
946.0,279.0
946.0,863.0
946.0,85.0
946.0,668.0
946.0,401.0
946.0,210.0
946.0,594.0
947.0,234.0
947.0,154.0
947.0,198.0
947.0,228.0
947.0,451.0
947.0,613.0
947.0,773.0
947.0,828.0
947.0,56.0
947.0,336.0
947.0,967.0
947.0,926.0
948.0,574.0
948.0,552.0
948.0,959.0
948.0,1003.0
948.0,420.0
948.0,261.0
948.0,158.0
948.0,217.0
948.0,463.0
948.0,290.0
948.0,410.0
948.0,284.0
949.0,340.0
949.0,686.0
949.0,991.0
949.0,607.0
949.0,563.0
949.0,81.0
949.0,912.0
949.0,738.0
949.0,416.0
949.0,428.0
949.0,1017.0
949.0,76.0
950.0,966.0
950.0,959.0
950.0,335.0
950.0,894.0
950.0,204.0
950.0,721.0
950.0,12.0
950.0,686.0
950.0,575.0
950.0,155.0
950.0,719.0
950.0,424.0
951.0,619.0
951.0,246.0
951.0,323.0
951.0,876.0
951.0,519.0
951.0,772.0
951.0,650.0
951.0,944.0
951.0,643.0
951.0,447.0
951.0,324.0
951.0,979.0
952.0,848.0
952.0,256.0
952.0,475.0
952.0,493.0
952.0,288.0
952.0,251.0
952.0,80.0
952.0,84.0
952.0,76.0
952.0,369.0
952.0,317.0
952.0,876.0
953.0,125.0
953.0,646.0
953.0,205.0
953.0,656.0
953.0,334.0
953.0,745.0
953.0,87.0
953.0,169.0
953.0,649.0
953.0,813.0
953.0,511.0
953.0,401.0
954.0,1027.0
954.0,948.0
954.0,1031.0
954.0,803.0
954.0,231.0
954.0,241.0
954.0,61.0
954.0,336.0
954.0,296.0
954.0,1016.0
954.0,367.0
954.0,531.0
955.0,777.0
955.0,546.0
955.0,708.0
955.0,299.0
955.0,970.0
955.0,545.0
955.0,786.0
955.0,235.0
955.0,845.0
955.0,310.0
955.0,850.0
955.0,769.0
956.0,1004.0
956.0,1020.0
956.0,111.0
956.0,970.0
956.0,136.0
956.0,629.0
956.0,611.0
956.0,646.0
956.0,523.0
956.0,151.0
956.0,705.0
956.0,373.0
957.0,365.0
957.0,1022.0
957.0,197.0
957.0,771.0
957.0,757.0
957.0,842.0
957.0,21.0
957.0,562.0
957.0,720.0
957.0,460.0
957.0,943.0
957.0,913.0
958.0,421.0
958.0,975.0
958.0,815.0
958.0,469.0
958.0,313.0
958.0,161.0
958.0,620.0
958.0,279.0
958.0,735.0
958.0,867.0
958.0,777.0
958.0,10.0
959.0,151.0
959.0,501.0
959.0,739.0
959.0,1031.0
959.0,970.0
959.0,168.0
959.0,349.0
959.0,186.0
959.0,203.0
959.0,531.0
959.0,127.0
959.0,773.0
960.0,226.0
960.0,292.0
960.0,824.0
960.0,212.0
960.0,985.0
960.0,812.0
960.0,962.0
960.0,981.0
960.0,238.0
960.0,170.0
960.0,122.0
960.0,976.0
961.0,972.0
961.0,705.0
961.0,228.0
961.0,597.0
961.0,895.0
961.0,592.0
961.0,533.0
961.0,902.0
961.0,596.0
961.0,87.0
961.0,339.0
961.0,462.0
962.0,263.0
962.0,975.0
962.0,874.0
962.0,625.0
962.0,176.0
962.0,313.0
962.0,924.0
962.0,558.0
962.0,116.0
962.0,536.0
962.0,122.0
962.0,56.0
963.0,379.0
963.0,84.0
963.0,733.0
963.0,810.0
963.0,986.0
963.0,383.0
963.0,1032.0
963.0,937.0
963.0,580.0
963.0,929.0
963.0,139.0
963.0,358.0
964.0,331.0
964.0,1029.0
964.0,652.0
964.0,902.0
964.0,628.0
964.0,674.0
964.0,610.0
964.0,706.0
964.0,121.0
964.0,603.0
964.0,181.0
964.0,528.0
965.0,748.0
965.0,47.0
965.0,265.0
965.0,323.0
965.0,302.0
965.0,560.0
965.0,935.0
965.0,736.0
965.0,760.0
965.0,938.0
965.0,267.0
965.0,496.0
966.0,456.0
966.0,367.0
966.0,862.0
966.0,663.0
966.0,648.0
966.0,735.0
966.0,809.0
966.0,605.0
966.0,637.0
966.0,137.0
966.0,659.0
966.0,924.0
967.0,847.0
967.0,193.0
967.0,479.0
967.0,913.0
967.0,558.0
967.0,189.0
967.0,137.0
967.0,830.0
967.0,220.0
967.0,360.0
967.0,412.0
967.0,672.0
968.0,1003.0
968.0,354.0
968.0,99.0
968.0,45.0
968.0,97.0
968.0,834.0
968.0,822.0
968.0,993.0
968.0,274.0
968.0,5.0
968.0,341.0
968.0,602.0
969.0,373.0
969.0,657.0
969.0,482.0
969.0,20.0
969.0,228.0
969.0,428.0
969.0,939.0
969.0,292.0
969.0,959.0
969.0,175.0
969.0,978.0
969.0,167.0
970.0,513.0
970.0,1020.0
970.0,70.0
970.0,553.0
970.0,625.0
970.0,27.0
970.0,256.0
970.0,231.0
970.0,756.0
970.0,630.0
970.0,181.0
970.0,475.0
971.0,482.0
971.0,379.0
971.0,660.0
971.0,146.0
971.0,149.0
971.0,920.0
971.0,642.0
971.0,359.0
971.0,166.0
971.0,986.0
971.0,473.0
971.0,267.0
972.0,927.0
972.0,505.0
972.0,288.0
972.0,823.0
972.0,211.0
972.0,24.0
972.0,912.0
972.0,472.0
972.0,603.0
972.0,94.0
972.0,531.0
972.0,158.0
973.0,919.0
973.0,286.0
973.0,370.0
973.0,204.0
973.0,659.0
973.0,884.0
973.0,107.0
973.0,746.0
973.0,705.0
973.0,749.0
973.0,962.0
973.0,695.0
974.0,288.0
974.0,70.0
974.0,649.0
974.0,889.0
974.0,622.0
974.0,266.0
974.0,226.0
974.0,83.0
974.0,22.0
974.0,854.0
974.0,29.0
974.0,733.0
975.0,645.0
975.0,837.0
975.0,828.0
975.0,646.0
975.0,220.0
975.0,628.0
975.0,431.0
975.0,652.0
975.0,786.0
975.0,571.0
975.0,310.0
975.0,395.0
976.0,460.0
976.0,1000.0
976.0,534.0
976.0,535.0
976.0,574.0
976.0,954.0
976.0,515.0
976.0,665.0
976.0,586.0
976.0,895.0
976.0,269.0
976.0,79.0
977.0,985.0
977.0,558.0
977.0,792.0
977.0,60.0
977.0,1013.0
977.0,674.0
977.0,183.0
977.0,785.0
977.0,395.0
977.0,736.0
977.0,1029.0
977.0,73.0
978.0,1031.0
978.0,577.0
978.0,424.0
978.0,111.0
978.0,95.0
978.0,107.0
978.0,805.0
978.0,25.0
978.0,1019.0
978.0,701.0
978.0,605.0
978.0,494.0
979.0,625.0
979.0,438.0
979.0,773.0
979.0,847.0
979.0,470.0
979.0,706.0
979.0,59.0
979.0,235.0
979.0,450.0
979.0,537.0
979.0,790.0
979.0,213.0
980.0,832.0
980.0,819.0
980.0,777.0
980.0,860.0
980.0,625.0
980.0,948.0
980.0,978.0
980.0,564.0
980.0,899.0
980.0,184.0
980.0,726.0
980.0,475.0
981.0,281.0
981.0,30.0
981.0,385.0
981.0,897.0
981.0,36.0
981.0,583.0
981.0,777.0
981.0,773.0
981.0,938.0
981.0,804.0
981.0,827.0
981.0,971.0
982.0,34.0
982.0,404.0
982.0,46.0
982.0,811.0
982.0,994.0
982.0,549.0
982.0,104.0
982.0,864.0
982.0,8.0
982.0,839.0
982.0,52.0
982.0,711.0
983.0,275.0
983.0,435.0
983.0,1018.0
983.0,340.0
983.0,555.0
983.0,929.0
983.0,633.0
983.0,816.0
983.0,12.0
983.0,728.0
983.0,706.0
983.0,908.0
984.0,883.0
984.0,310.0
984.0,457.0
984.0,891.0
984.0,217.0
984.0,345.0
984.0,356.0
984.0,42.0
984.0,429.0
984.0,547.0
984.0,809.0
984.0,195.0
985.0,524.0
985.0,276.0
985.0,135.0
985.0,667.0
985.0,610.0
985.0,992.0
985.0,598.0
985.0,636.0
985.0,224.0
985.0,1005.0
985.0,711.0
985.0,981.0
986.0,757.0
986.0,741.0
986.0,203.0
986.0,971.0
986.0,242.0
986.0,922.0
986.0,128.0
986.0,75.0
986.0,977.0
986.0,80.0
986.0,1009.0
986.0,1032.0
987.0,213.0
987.0,40.0
987.0,12.0
987.0,179.0
987.0,180.0
987.0,713.0
987.0,1000.0
987.0,724.0
987.0,786.0
987.0,979.0
987.0,414.0
987.0,339.0
988.0,553.0
988.0,823.0
988.0,452.0
988.0,293.0
988.0,467.0
988.0,63.0
988.0,859.0
988.0,347.0
988.0,424.0
988.0,944.0
988.0,345.0
988.0,683.0
989.0,662.0
989.0,370.0
989.0,625.0
989.0,111.0
989.0,276.0
989.0,991.0
989.0,47.0
989.0,889.0
989.0,310.0
989.0,1007.0
989.0,577.0
989.0,115.0
990.0,455.0
990.0,183.0
990.0,385.0
990.0,906.0
990.0,738.0
990.0,83.0
990.0,730.0
990.0,174.0
990.0,319.0
990.0,582.0
990.0,702.0
990.0,136.0
991.0,571.0
991.0,318.0
991.0,83.0
991.0,1031.0
991.0,196.0
991.0,370.0
991.0,746.0
991.0,1035.0
991.0,599.0
991.0,214.0
991.0,1004.0
991.0,524.0
992.0,524.0
992.0,239.0
992.0,839.0
992.0,400.0
992.0,25.0
992.0,440.0
992.0,493.0
992.0,781.0
992.0,737.0
992.0,415.0
992.0,1004.0
992.0,829.0
993.0,778.0
993.0,653.0
993.0,859.0
993.0,530.0
993.0,865.0
993.0,972.0
993.0,418.0
993.0,158.0
993.0,743.0
993.0,347.0
993.0,185.0
993.0,627.0
994.0,242.0
994.0,449.0
994.0,98.0
994.0,988.0
994.0,922.0
994.0,969.0
994.0,645.0
994.0,550.0
994.0,1019.0
994.0,976.0
994.0,632.0
994.0,592.0
995.0,537.0
995.0,748.0
995.0,885.0
995.0,564.0
995.0,658.0
995.0,936.0
995.0,745.0
995.0,618.0
995.0,408.0
995.0,287.0
995.0,731.0
995.0,236.0
996.0,531.0
996.0,651.0
996.0,890.0
996.0,115.0
996.0,495.0
996.0,95.0
996.0,895.0
996.0,203.0
996.0,690.0
996.0,423.0
996.0,111.0
996.0,949.0
997.0,556.0
997.0,545.0
997.0,172.0
997.0,44.0
997.0,1030.0
997.0,361.0
997.0,638.0
997.0,19.0
997.0,82.0
997.0,154.0
997.0,178.0
997.0,933.0
998.0,745.0
998.0,298.0
998.0,995.0
998.0,819.0
998.0,923.0
998.0,281.0
998.0,450.0
998.0,824.0
998.0,54.0
998.0,3.0
998.0,22.0
998.0,656.0
999.0,561.0
999.0,145.0
999.0,588.0
999.0,278.0
999.0,347.0
999.0,237.0
999.0,781.0
999.0,474.0
999.0,200.0
999.0,675.0
999.0,593.0
999.0,404.0
1000.0,769.0
1000.0,648.0
1000.0,565.0
1000.0,9.0
1000.0,942.0
1000.0,805.0
1000.0,934.0
1000.0,771.0
1000.0,176.0
1000.0,6.0
1000.0,329.0
1000.0,395.0
1001.0,536.0
1001.0,1017.0
1001.0,307.0
1001.0,557.0
1001.0,622.0
1001.0,203.0
1001.0,785.0
1001.0,548.0
1001.0,60.0
1001.0,977.0
1001.0,275.0
1001.0,779.0
1002.0,699.0
1002.0,546.0
1002.0,92.0
1002.0,71.0
1002.0,299.0
1002.0,601.0
1002.0,413.0
1002.0,499.0
1002.0,461.0
1002.0,91.0
1002.0,617.0
1002.0,129.0
1003.0,887.0
1003.0,213.0
1003.0,712.0
1003.0,950.0
1003.0,296.0
1003.0,217.0
1003.0,913.0
1003.0,584.0
1003.0,748.0
1003.0,609.0
1003.0,989.0
1003.0,126.0
1004.0,950.0
1004.0,332.0
1004.0,684.0
1004.0,748.0
1004.0,542.0
1004.0,991.0
1004.0,755.0
1004.0,169.0
1004.0,707.0
1004.0,860.0
1004.0,261.0
1004.0,159.0
1005.0,571.0
1005.0,960.0
1005.0,360.0
1005.0,965.0
1005.0,96.0
1005.0,391.0
1005.0,115.0
1005.0,358.0
1005.0,205.0
1005.0,138.0
1005.0,256.0
1005.0,759.0
1006.0,466.0
1006.0,944.0
1006.0,921.0
1006.0,456.0
1006.0,612.0
1006.0,837.0
1006.0,221.0
1006.0,558.0
1006.0,130.0
1006.0,531.0
1006.0,220.0
1006.0,189.0
1007.0,170.0
1007.0,20.0
1007.0,243.0
1007.0,923.0
1007.0,808.0
1007.0,787.0
1007.0,584.0
1007.0,460.0
1007.0,208.0
1007.0,932.0
1007.0,701.0
1007.0,279.0
1008.0,970.0
1008.0,857.0
1008.0,193.0
1008.0,370.0
1008.0,749.0
1008.0,659.0
1008.0,250.0
1008.0,537.0
1008.0,12.0
1008.0,524.0
1008.0,254.0
1008.0,978.0
1009.0,746.0
1009.0,691.0
1009.0,785.0
1009.0,372.0
1009.0,695.0
1009.0,361.0
1009.0,889.0
1009.0,150.0
1009.0,259.0
1009.0,516.0
1009.0,153.0
1009.0,884.0
1010.0,678.0
1010.0,1006.0
1010.0,961.0
1010.0,0.0
1010.0,728.0
1010.0,765.0
1010.0,364.0
1010.0,18.0
1010.0,756.0
1010.0,864.0
1010.0,577.0
1010.0,378.0
1011.0,629.0
1011.0,401.0
1011.0,248.0
1011.0,796.0
1011.0,691.0
1011.0,209.0
1011.0,437.0
1011.0,1020.0
1011.0,235.0
1011.0,655.0
1011.0,481.0
1011.0,878.0
1012.0,395.0
1012.0,1031.0
1012.0,883.0
1012.0,583.0
1012.0,821.0
1012.0,872.0
1012.0,467.0
1012.0,24.0
1012.0,818.0
1012.0,499.0
1012.0,500.0
1012.0,352.0
1013.0,165.0
1013.0,224.0
1013.0,379.0
1013.0,138.0
1013.0,990.0
1013.0,586.0
1013.0,732.0
1013.0,273.0
1013.0,1035.0
1013.0,275.0
1013.0,124.0
1013.0,920.0
1014.0,504.0
1014.0,408.0
1014.0,955.0
1014.0,837.0
1014.0,973.0
1014.0,1019.0
1014.0,143.0
1014.0,150.0
1014.0,205.0
1014.0,922.0
1014.0,931.0
1014.0,706.0
1015.0,791.0
1015.0,143.0
1015.0,375.0
1015.0,190.0
1015.0,114.0
1015.0,117.0
1015.0,771.0
1015.0,790.0
1015.0,120.0
1015.0,644.0
1015.0,841.0
1015.0,593.0
1016.0,318.0
1016.0,79.0
1016.0,691.0
1016.0,388.0
1016.0,830.0
1016.0,143.0
1016.0,261.0
1016.0,907.0
1016.0,441.0
1016.0,719.0
1016.0,494.0
1016.0,954.0
1017.0,608.0
1017.0,1028.0
1017.0,577.0
1017.0,714.0
1017.0,734.0
1017.0,20.0
1017.0,483.0
1017.0,166.0
1017.0,466.0
1017.0,636.0
1017.0,83.0
1017.0,970.0
1018.0,623.0
1018.0,391.0
1018.0,565.0
1018.0,202.0
1018.0,696.0
1018.0,807.0
1018.0,751.0
1018.0,541.0
1018.0,322.0
1018.0,815.0
1018.0,600.0
1018.0,787.0
1019.0,530.0
1019.0,48.0
1019.0,933.0
1019.0,746.0
1019.0,423.0
1019.0,308.0
1019.0,304.0
1019.0,992.0
1019.0,491.0
1019.0,515.0
1019.0,895.0
1019.0,1030.0
1020.0,638.0
1020.0,667.0
1020.0,530.0
1020.0,217.0
1020.0,119.0
1020.0,545.0
1020.0,342.0
1020.0,874.0
1020.0,942.0
1020.0,75.0
1020.0,59.0
1020.0,877.0
1021.0,456.0
1021.0,386.0
1021.0,918.0
1021.0,593.0
1021.0,647.0
1021.0,162.0
1021.0,53.0
1021.0,993.0
1021.0,452.0
1021.0,1033.0
1021.0,627.0
1021.0,345.0
1022.0,306.0
1022.0,720.0
1022.0,142.0
1022.0,182.0
1022.0,262.0
1022.0,745.0
1022.0,656.0
1022.0,320.0
1022.0,115.0
1022.0,885.0
1022.0,468.0
1022.0,1002.0
1023.0,978.0
1023.0,221.0
1023.0,71.0
1023.0,699.0
1023.0,665.0
1023.0,685.0
1023.0,30.0
1023.0,821.0
1023.0,863.0
1023.0,180.0
1023.0,328.0
1023.0,520.0
1024.0,56.0
1024.0,785.0
1024.0,503.0
1024.0,1013.0
1024.0,235.0
1024.0,119.0
1024.0,245.0
1024.0,949.0
1024.0,81.0
1024.0,266.0
1024.0,404.0
1024.0,687.0
1025.0,577.0
1025.0,404.0
1025.0,104.0
1025.0,989.0
1025.0,801.0
1025.0,1010.0
1025.0,367.0
1025.0,602.0
1025.0,12.0
1025.0,919.0
1025.0,335.0
1025.0,187.0
1026.0,451.0
1026.0,878.0
1026.0,161.0
1026.0,595.0
1026.0,903.0
1026.0,177.0
1026.0,196.0
1026.0,114.0
1026.0,142.0
1026.0,630.0
1026.0,872.0
1026.0,689.0
1027.0,748.0
1027.0,290.0
1027.0,168.0
1027.0,56.0
1027.0,188.0
1027.0,203.0
1027.0,276.0
1027.0,1016.0
1027.0,29.0
1027.0,553.0
1027.0,829.0
1027.0,176.0
1028.0,677.0
1028.0,55.0
1028.0,818.0
1028.0,294.0
1028.0,751.0
1028.0,696.0
1028.0,557.0
1028.0,651.0
1028.0,463.0
1028.0,857.0
1028.0,475.0
1028.0,897.0
1029.0,317.0
1029.0,434.0
1029.0,890.0
1029.0,331.0
1029.0,834.0
1029.0,747.0
1029.0,163.0
1029.0,269.0
1029.0,835.0
1029.0,78.0
1029.0,820.0
1029.0,442.0
1030.0,537.0
1030.0,115.0
1030.0,188.0
1030.0,290.0
1030.0,59.0
1030.0,1003.0
1030.0,310.0
1030.0,926.0
1030.0,686.0
1030.0,668.0
1030.0,440.0
1030.0,167.0
1031.0,932.0
1031.0,691.0
1031.0,733.0
1031.0,504.0
1031.0,436.0
1031.0,1012.0
1031.0,994.0
1031.0,973.0
1031.0,867.0
1031.0,624.0
1031.0,665.0
1031.0,469.0
1032.0,236.0
1032.0,839.0
1032.0,974.0
1032.0,421.0
1032.0,508.0
1032.0,569.0
1032.0,937.0
1032.0,960.0
1032.0,172.0
1032.0,173.0
1032.0,442.0
1032.0,673.0
1033.0,62.0
1033.0,237.0
1033.0,917.0
1033.0,474.0
1033.0,618.0
1033.0,715.0
1033.0,627.0
1033.0,58.0
1033.0,572.0
1033.0,418.0
1033.0,870.0
1033.0,31.0
1034.0,311.0
1034.0,19.0
1034.0,3.0
1034.0,501.0
1034.0,394.0
1034.0,152.0
1034.0,40.0
1034.0,726.0
1034.0,86.0
1034.0,588.0
1034.0,142.0
1034.0,712.0
1035.0,925.0
1035.0,154.0
1035.0,257.0
1035.0,430.0
1035.0,781.0
1035.0,189.0
1035.0,808.0
1035.0,840.0
1035.0,537.0
1035.0,538.0
1035.0,946.0
1035.0,684.0
794.0,0.0
704.0,0.0
887.0,0.0
139.0,0.0
66.0,0.0
695.0,0.0
543.0,0.0
203.0,0.0
636.0,0.0
38.0,0.0
319.0,0.0
383.0,0.0
93.0,1.0
100.0,1.0
972.0,1.0
94.0,1.0
386.0,1.0
244.0,1.0
5.0,1.0
521.0,1.0
593.0,1.0
968.0,1.0
53.0,1.0
486.0,1.0
963.0,2.0
589.0,2.0
619.0,2.0
535.0,2.0
752.0,2.0
29.0,2.0
741.0,2.0
523.0,2.0
155.0,2.0
660.0,2.0
794.0,2.0
511.0,2.0
856.0,3.0
350.0,3.0
629.0,3.0
269.0,3.0
717.0,3.0
362.0,3.0
108.0,3.0
911.0,3.0
421.0,3.0
20.0,3.0
962.0,3.0
585.0,3.0
860.0,4.0
477.0,4.0
75.0,4.0
27.0,4.0
794.0,4.0
711.0,4.0
165.0,4.0
42.0,4.0
931.0,4.0
737.0,4.0
642.0,4.0
880.0,4.0
85.0,5.0
93.0,5.0
386.0,5.0
309.0,5.0
671.0,5.0
274.0,5.0
53.0,5.0
62.0,5.0
45.0,5.0
693.0,5.0
185.0,5.0
284.0,5.0
349.0,6.0
923.0,6.0
854.0,6.0
691.0,6.0
228.0,6.0
737.0,6.0
281.0,6.0
799.0,6.0
142.0,6.0
143.0,6.0
125.0,6.0
515.0,6.0
383.0,7.0
480.0,7.0
580.0,7.0
135.0,7.0
323.0,7.0
39.0,7.0
473.0,7.0
443.0,7.0
535.0,7.0
761.0,7.0
256.0,7.0
402.0,7.0
692.0,8.0
85.0,8.0
182.0,8.0
505.0,8.0
211.0,8.0
864.0,8.0
521.0,8.0
404.0,8.0
766.0,8.0
672.0,8.0
138.0,8.0
364.0,8.0
245.0,9.0
475.0,9.0
542.0,9.0
921.0,9.0
171.0,9.0
27.0,9.0
987.0,9.0
877.0,9.0
0.0,9.0
79.0,9.0
231.0,9.0
497.0,9.0
299.0,10.0
832.0,10.0
177.0,10.0
316.0,10.0
561.0,10.0
253.0,10.0
437.0,10.0
1026.0,10.0
930.0,10.0
872.0,10.0
145.0,10.0
999.0,10.0
478.0,11.0
16.0,11.0
285.0,11.0
447.0,11.0
119.0,11.0
659.0,11.0
358.0,11.0
330.0,11.0
826.0,11.0
725.0,11.0
750.0,11.0
409.0,11.0
955.0,12.0
9.0,12.0
699.0,12.0
612.0,12.0
119.0,12.0
889.0,12.0
764.0,12.0
874.0,12.0
292.0,12.0
295.0,12.0
508.0,12.0
0.0,12.0
443.0,13.0
37.0,13.0
974.0,13.0
754.0,13.0
953.0,13.0
810.0,13.0
416.0,13.0
1005.0,13.0
175.0,13.0
965.0,13.0
985.0,13.0
825.0,13.0
948.0,14.0
808.0,14.0
471.0,14.0
1004.0,14.0
333.0,14.0
635.0,14.0
298.0,14.0
694.0,14.0
818.0,14.0
483.0,14.0
46.0,14.0
376.0,14.0
176.0,15.0
253.0,15.0
130.0,15.0
359.0,15.0
404.0,15.0
652.0,15.0
1027.0,15.0
319.0,15.0
522.0,15.0
945.0,15.0
513.0,15.0
245.0,15.0
757.0,16.0
226.0,16.0
477.0,16.0
668.0,16.0
523.0,16.0
156.0,16.0
933.0,16.0
752.0,16.0
611.0,16.0
67.0,16.0
732.0,16.0
749.0,16.0
214.0,17.0
830.0,17.0
6.0,17.0
924.0,17.0
556.0,17.0
459.0,17.0
530.0,17.0
500.0,17.0
418.0,17.0
490.0,17.0
61.0,17.0
414.0,17.0
36.0,18.0
812.0,18.0
886.0,18.0
353.0,18.0
492.0,18.0
442.0,18.0
637.0,18.0
495.0,18.0
829.0,18.0
416.0,18.0
983.0,18.0
807.0,18.0
794.0,19.0
903.0,19.0
827.0,19.0
688.0,19.0
29.0,19.0
15.0,19.0
867.0,19.0
54.0,19.0
798.0,19.0
573.0,19.0
371.0,19.0
1034.0,19.0
688.0,20.0
950.0,20.0
434.0,20.0
286.0,20.0
491.0,20.0
612.0,20.0
198.0,20.0
951.0,20.0
696.0,20.0
501.0,20.0
307.0,20.0
87.0,20.0
669.0,21.0
203.0,21.0
184.0,21.0
953.0,21.0
409.0,21.0
510.0,21.0
814.0,21.0
676.0,21.0
562.0,21.0
1008.0,21.0
625.0,21.0
444.0,21.0
267.0,22.0
538.0,22.0
148.0,22.0
61.0,22.0
645.0,22.0
794.0,22.0
23.0,22.0
656.0,22.0
405.0,22.0
3.0,22.0
298.0,22.0
464.0,22.0
459.0,23.0
594.0,23.0
317.0,23.0
662.0,23.0
79.0,23.0
389.0,23.0
399.0,23.0
537.0,23.0
438.0,23.0
479.0,23.0
501.0,23.0
592.0,23.0
883.0,24.0
662.0,24.0
996.0,24.0
143.0,24.0
103.0,24.0
436.0,24.0
329.0,24.0
67.0,24.0
958.0,24.0
198.0,24.0
705.0,24.0
339.0,24.0
501.0,25.0
298.0,25.0
852.0,25.0
690.0,25.0
612.0,25.0
905.0,25.0
808.0,25.0
292.0,25.0
473.0,25.0
738.0,25.0
578.0,25.0
901.0,25.0
65.0,26.0
841.0,26.0
71.0,26.0
348.0,26.0
604.0,26.0
595.0,26.0
669.0,26.0
152.0,26.0
411.0,26.0
92.0,26.0
249.0,26.0
800.0,26.0
719.0,27.0
428.0,27.0
257.0,27.0
659.0,27.0
765.0,27.0
581.0,27.0
554.0,27.0
603.0,27.0
138.0,27.0
563.0,27.0
360.0,27.0
560.0,27.0
763.0,28.0
847.0,28.0
564.0,28.0
26.0,28.0
390.0,28.0
306.0,28.0
1027.0,28.0
206.0,28.0
975.0,28.0
146.0,28.0
427.0,28.0
802.0,28.0
83.0,29.0
1034.0,29.0
613.0,29.0
558.0,29.0
837.0,29.0
615.0,29.0
847.0,29.0
989.0,29.0
665.0,29.0
242.0,29.0
79.0,29.0
296.0,29.0
339.0,30.0
431.0,30.0
862.0,30.0
1007.0,30.0
856.0,30.0
243.0,30.0
571.0,30.0
313.0,30.0
81.0,30.0
875.0,30.0
749.0,30.0
678.0,30.0
803.0,31.0
561.0,31.0
793.0,31.0
760.0,31.0
177.0,31.0
461.0,31.0
309.0,31.0
79.0,31.0
855.0,31.0
413.0,31.0
339.0,31.0
620.0,31.0
668.0,32.0
359.0,32.0
753.0,32.0
533.0,32.0
256.0,32.0
473.0,32.0
250.0,32.0
540.0,32.0
970.0,32.0
574.0,32.0
1014.0,32.0
665.0,32.0
787.0,33.0
753.0,33.0
503.0,33.0
435.0,33.0
969.0,33.0
194.0,33.0
667.0,33.0
416.0,33.0
378.0,33.0
560.0,33.0
77.0,33.0
1021.0,33.0
38.0,34.0
713.0,34.0
105.0,34.0
141.0,34.0
906.0,34.0
422.0,34.0
396.0,34.0
785.0,34.0
171.0,34.0
570.0,34.0
266.0,34.0
275.0,34.0
436.0,35.0
435.0,35.0
817.0,35.0
272.0,35.0
18.0,35.0
427.0,35.0
634.0,35.0
414.0,35.0
77.0,35.0
1005.0,35.0
920.0,35.0
666.0,35.0
9.0,36.0
985.0,36.0
673.0,36.0
758.0,36.0
730.0,36.0
732.0,36.0
256.0,36.0
745.0,36.0
519.0,36.0
666.0,36.0
317.0,36.0
563.0,36.0
178.0,37.0
222.0,37.0
780.0,37.0
289.0,37.0
314.0,37.0
849.0,37.0
383.0,37.0
952.0,37.0
858.0,37.0
915.0,37.0
268.0,37.0
983.0,37.0
651.0,38.0
415.0,38.0
367.0,38.0
730.0,38.0
331.0,38.0
377.0,38.0
787.0,38.0
387.0,38.0
497.0,38.0
829.0,38.0
1025.0,38.0
363.0,38.0
410.0,39.0
532.0,39.0
761.0,39.0
119.0,39.0
393.0,39.0
260.0,39.0
951.0,39.0
501.0,39.0
1013.0,39.0
37.0,39.0
268.0,39.0
454.0,39.0
626.0,40.0
409.0,40.0
679.0,40.0
726.0,40.0
573.0,40.0
114.0,40.0
1015.0,40.0
609.0,40.0
382.0,40.0
68.0,40.0
774.0,40.0
106.0,40.0
620.0,41.0
115.0,41.0
545.0,41.0
992.0,41.0
380.0,41.0
914.0,41.0
813.0,41.0
975.0,41.0
869.0,41.0
558.0,41.0
287.0,41.0
974.0,41.0
622.0,42.0
446.0,42.0
821.0,42.0
624.0,42.0
578.0,42.0
143.0,42.0
583.0,42.0
835.0,42.0
609.0,42.0
586.0,42.0
860.0,42.0
117.0,42.0
68.0,43.0
282.0,43.0
679.0,43.0
727.0,43.0
998.0,43.0
433.0,43.0
305.0,43.0
350.0,43.0
827.0,43.0
601.0,43.0
676.0,43.0
28.0,43.0
805.0,44.0
15.0,44.0
280.0,44.0
0.0,44.0
977.0,44.0
103.0,44.0
785.0,44.0
422.0,44.0
687.0,44.0
94.0,44.0
872.0,44.0
475.0,44.0
446.0,45.0
647.0,45.0
521.0,45.0
426.0,45.0
1033.0,45.0
432.0,45.0
99.0,45.0
602.0,45.0
8.0,45.0
124.0,45.0
1016.0,45.0
506.0,45.0
471.0,46.0
503.0,46.0
521.0,46.0
195.0,46.0
264.0,46.0
376.0,46.0
703.0,46.0
691.0,46.0
551.0,46.0
933.0,46.0
700.0,46.0
806.0,46.0
954.0,47.0
522.0,47.0
893.0,47.0
889.0,47.0
319.0,47.0
584.0,47.0
550.0,47.0
770.0,47.0
363.0,47.0
513.0,47.0
52.0,47.0
575.0,47.0
230.0,48.0
459.0,48.0
630.0,48.0
648.0,48.0
143.0,48.0
442.0,48.0
859.0,48.0
830.0,48.0
564.0,48.0
654.0,48.0
691.0,48.0
407.0,48.0
982.0,49.0
529.0,49.0
787.0,49.0
312.0,49.0
791.0,49.0
384.0,49.0
599.0,49.0
233.0,49.0
495.0,49.0
298.0,49.0
988.0,49.0
486.0,49.0
900.0,50.0
112.0,50.0
491.0,50.0
47.0,50.0
866.0,50.0
360.0,50.0
919.0,50.0
503.0,50.0
0.0,50.0
552.0,50.0
1003.0,50.0
575.0,50.0
961.0,51.0
440.0,51.0
252.0,51.0
732.0,51.0
683.0,51.0
722.0,51.0
672.0,51.0
310.0,51.0
659.0,51.0
565.0,51.0
955.0,51.0
545.0,51.0
72.0,52.0
643.0,52.0
710.0,52.0
312.0,52.0
751.0,52.0
46.0,52.0
952.0,52.0
753.0,52.0
96.0,52.0
49.0,52.0
440.0,52.0
906.0,52.0
226.0,53.0
296.0,53.0
593.0,53.0
836.0,53.0
778.0,53.0
93.0,53.0
58.0,53.0
663.0,53.0
274.0,53.0
1021.0,53.0
400.0,53.0
832.0,53.0
813.0,54.0
357.0,54.0
157.0,54.0
706.0,54.0
880.0,54.0
774.0,54.0
668.0,54.0
790.0,54.0
791.0,54.0
338.0,54.0
843.0,54.0
900.0,54.0
326.0,55.0
157.0,55.0
697.0,55.0
537.0,55.0
894.0,55.0
847.0,55.0
887.0,55.0
713.0,55.0
416.0,55.0
799.0,55.0
482.0,55.0
844.0,55.0
193.0,56.0
32.0,56.0
290.0,56.0
369.0,56.0
455.0,56.0
554.0,56.0
67.0,56.0
361.0,56.0
224.0,56.0
41.0,56.0
158.0,56.0
127.0,56.0
164.0,57.0
1019.0,57.0
739.0,57.0
900.0,57.0
418.0,57.0
221.0,57.0
938.0,57.0
972.0,57.0
877.0,57.0
462.0,57.0
566.0,57.0
193.0,57.0
492.0,58.0
517.0,58.0
386.0,58.0
284.0,58.0
587.0,58.0
199.0,58.0
668.0,58.0
627.0,58.0
318.0,58.0
400.0,58.0
424.0,58.0
452.0,58.0
98.0,59.0
1008.0,59.0
191.0,59.0
912.0,59.0
408.0,59.0
907.0,59.0
370.0,59.0
384.0,59.0
250.0,59.0
573.0,59.0
287.0,59.0
534.0,59.0
76.0,60.0
312.0,60.0
686.0,60.0
886.0,60.0
864.0,60.0
714.0,60.0
195.0,60.0
183.0,60.0
733.0,60.0
377.0,60.0
344.0,60.0
548.0,60.0
80.0,61.0
748.0,61.0
128.0,61.0
309.0,61.0
538.0,61.0
984.0,61.0
929.0,61.0
4.0,61.0
531.0,61.0
239.0,61.0
603.0,61.0
863.0,61.0
485.0,62.0
675.0,62.0
579.0,62.0
1.0,62.0
452.0,62.0
88.0,62.0
593.0,62.0
441.0,62.0
627.0,62.0
918.0,62.0
717.0,62.0
552.0,62.0
539.0,63.0
927.0,63.0
593.0,63.0
17.0,63.0
766.0,63.0
832.0,63.0
991.0,63.0
62.0,63.0
341.0,63.0
413.0,63.0
517.0,63.0
4.0,63.0
885.0,64.0
746.0,64.0
174.0,64.0
173.0,64.0
580.0,64.0
358.0,64.0
409.0,64.0
899.0,64.0
285.0,64.0
68.0,64.0
86.0,64.0
585.0,64.0
382.0,65.0
958.0,65.0
484.0,65.0
715.0,65.0
793.0,65.0
121.0,65.0
336.0,65.0
144.0,65.0
1002.0,65.0
461.0,65.0
500.0,65.0
850.0,65.0
384.0,66.0
662.0,66.0
243.0,66.0
1008.0,66.0
304.0,66.0
581.0,66.0
990.0,66.0
187.0,66.0
117.0,66.0
857.0,66.0
4.0,66.0
932.0,66.0
945.0,67.0
732.0,67.0
458.0,67.0
150.0,67.0
361.0,67.0
718.0,67.0
252.0,67.0
44.0,67.0
20.0,67.0
515.0,67.0
809.0,67.0
558.0,67.0
525.0,68.0
665.0,68.0
564.0,68.0
153.0,68.0
331.0,68.0
350.0,68.0
79.0,68.0
842.0,68.0
92.0,68.0
860.0,68.0
970.0,68.0
125.0,68.0
929.0,69.0
224.0,69.0
198.0,69.0
538.0,69.0
617.0,69.0
894.0,69.0
687.0,69.0
928.0,69.0
288.0,69.0
470.0,69.0
523.0,69.0
431.0,69.0
212.0,70.0
543.0,70.0
718.0,70.0
414.0,70.0
176.0,70.0
687.0,70.0
269.0,70.0
323.0,70.0
372.0,70.0
930.0,70.0
731.0,70.0
773.0,70.0
832.0,71.0
54.0,71.0
712.0,71.0
323.0,71.0
923.0,71.0
869.0,71.0
987.0,71.0
645.0,71.0
328.0,71.0
774.0,71.0
662.0,71.0
360.0,71.0
666.0,72.0
807.0,72.0
642.0,72.0
910.0,72.0
56.0,72.0
696.0,72.0
730.0,72.0
118.0,72.0
167.0,72.0
103.0,72.0
909.0,72.0
514.0,72.0
361.0,73.0
687.0,73.0
112.0,73.0
181.0,73.0
75.0,73.0
339.0,73.0
659.0,73.0
916.0,73.0
865.0,73.0
51.0,73.0
922.0,73.0
396.0,73.0
183.0,74.0
224.0,74.0
732.0,74.0
825.0,74.0
497.0,74.0
997.0,74.0
82.0,74.0
393.0,74.0
415.0,74.0
612.0,74.0
849.0,74.0
96.0,74.0
513.0,75.0
719.0,75.0
242.0,75.0
839.0,75.0
740.0,75.0
683.0,75.0
357.0,75.0
539.0,75.0
130.0,75.0
1029.0,75.0
902.0,75.0
154.0,75.0
300.0,76.0
168.0,76.0
368.0,76.0
294.0,76.0
22.0,76.0
636.0,76.0
780.0,76.0
592.0,76.0
178.0,76.0
260.0,76.0
207.0,76.0
731.0,76.0
772.0,77.0
194.0,77.0
496.0,77.0
369.0,77.0
833.0,77.0
952.0,77.0
548.0,77.0
251.0,77.0
929.0,77.0
217.0,77.0
323.0,77.0
729.0,77.0
340.0,78.0
87.0,78.0
1029.0,78.0
206.0,78.0
330.0,78.0
799.0,78.0
310.0,78.0
170.0,78.0
287.0,78.0
20.0,78.0
244.0,78.0
16.0,78.0
494.0,79.0
795.0,79.0
59.0,79.0
154.0,79.0
341.0,79.0
684.0,79.0
537.0,79.0
756.0,79.0
119.0,79.0
395.0,79.0
640.0,79.0
664.0,79.0
421.0,80.0
667.0,80.0
1000.0,80.0
343.0,80.0
203.0,80.0
188.0,80.0
504.0,80.0
207.0,80.0
256.0,80.0
470.0,80.0
612.0,80.0
926.0,80.0
582.0,81.0
290.0,81.0
170.0,81.0
849.0,81.0
407.0,81.0
718.0,81.0
1027.0,81.0
713.0,81.0
686.0,81.0
997.0,81.0
83.0,81.0
75.0,81.0
98.0,82.0
1030.0,82.0
286.0,82.0
540.0,82.0
14.0,82.0
531.0,82.0
122.0,82.0
932.0,82.0
599.0,82.0
640.0,82.0
215.0,82.0
514.0,82.0
733.0,83.0
523.0,83.0
530.0,83.0
625.0,83.0
931.0,83.0
415.0,83.0
193.0,83.0
411.0,83.0
74.0,83.0
800.0,83.0
747.0,83.0
922.0,83.0
747.0,84.0
952.0,84.0
998.0,84.0
491.0,84.0
825.0,84.0
178.0,84.0
294.0,84.0
574.0,84.0
594.0,84.0
410.0,84.0
985.0,84.0
175.0,84.0
99.0,85.0
274.0,85.0
185.0,85.0
456.0,85.0
865.0,85.0
583.0,85.0
829.0,85.0
969.0,85.0
5.0,85.0
663.0,85.0
337.0,85.0
506.0,85.0
583.0,86.0
488.0,86.0
943.0,86.0
192.0,86.0
21.0,86.0
631.0,86.0
953.0,86.0
776.0,86.0
725.0,86.0
425.0,86.0
879.0,86.0
477.0,86.0
334.0,87.0
241.0,87.0
712.0,87.0
906.0,87.0
860.0,87.0
803.0,87.0
98.0,87.0
187.0,87.0
245.0,87.0
407.0,87.0
845.0,87.0
266.0,87.0
888.0,88.0
627.0,88.0
694.0,88.0
763.0,88.0
796.0,88.0
608.0,88.0
567.0,88.0
904.0,88.0
812.0,88.0
177.0,88.0
460.0,88.0
918.0,88.0
365.0,89.0
115.0,89.0
405.0,89.0
564.0,89.0
615.0,89.0
658.0,89.0
481.0,89.0
209.0,89.0
1019.0,89.0
879.0,89.0
975.0,89.0
537.0,89.0
953.0,90.0
122.0,90.0
11.0,90.0
493.0,90.0
585.0,90.0
212.0,90.0
533.0,90.0
731.0,90.0
911.0,90.0
372.0,90.0
576.0,90.0
215.0,90.0
228.0,91.0
259.0,91.0
274.0,91.0
131.0,91.0
708.0,91.0
517.0,91.0
921.0,91.0
89.0,91.0
513.0,91.0
47.0,91.0
352.0,91.0
658.0,91.0
48.0,92.0
144.0,92.0
198.0,92.0
98.0,92.0
774.0,92.0
1023.0,92.0
606.0,92.0
114.0,92.0
588.0,92.0
626.0,92.0
520.0,92.0
604.0,92.0
58.0,93.0
576.0,93.0
874.0,93.0
1021.0,93.0
418.0,93.0
109.0,93.0
561.0,93.0
452.0,93.0
871.0,93.0
53.0,93.0
859.0,93.0
722.0,93.0
73.0,94.0
809.0,94.0
233.0,94.0
651.0,94.0
949.0,94.0
755.0,94.0
27.0,94.0
909.0,94.0
740.0,94.0
622.0,94.0
165.0,94.0
586.0,94.0
659.0,95.0
912.0,95.0
8.0,95.0
927.0,95.0
662.0,95.0
961.0,95.0
292.0,95.0
162.0,95.0
411.0,95.0
123.0,95.0
1007.0,95.0
233.0,95.0
24.0,96.0
151.0,96.0
427.0,96.0
175.0,96.0
193.0,96.0
60.0,96.0
298.0,96.0
944.0,96.0
908.0,96.0
609.0,96.0
295.0,96.0
33.0,96.0
561.0,97.0
765.0,97.0
1008.0,97.0
1011.0,97.0
939.0,97.0
394.0,97.0
413.0,97.0
209.0,97.0
778.0,97.0
264.0,97.0
945.0,97.0
988.0,97.0
383.0,98.0
598.0,98.0
304.0,98.0
759.0,98.0
70.0,98.0
592.0,98.0
533.0,98.0
273.0,98.0
686.0,98.0
427.0,98.0
68.0,98.0
640.0,98.0
766.0,99.0
137.0,99.0
811.0,99.0
233.0,99.0
784.0,99.0
882.0,99.0
1021.0,99.0
229.0,99.0
199.0,99.0
274.0,99.0
531.0,99.0
505.0,99.0
709.0,100.0
972.0,100.0
793.0,100.0
1.0,100.0
449.0,100.0
870.0,100.0
386.0,100.0
293.0,100.0
784.0,100.0
360.0,100.0
767.0,100.0
63.0,100.0
316.0,101.0
651.0,101.0
389.0,101.0
707.0,101.0
336.0,101.0
330.0,101.0
123.0,101.0
903.0,101.0
132.0,101.0
318.0,101.0
200.0,101.0
65.0,101.0
846.0,102.0
71.0,102.0
15.0,102.0
332.0,102.0
414.0,102.0
981.0,102.0
131.0,102.0
534.0,102.0
146.0,102.0
395.0,102.0
686.0,102.0
809.0,102.0
389.0,103.0
807.0,103.0
322.0,103.0
973.0,103.0
310.0,103.0
438.0,103.0
907.0,103.0
764.0,103.0
428.0,103.0
227.0,103.0
292.0,103.0
150.0,103.0
558.0,104.0
612.0,104.0
751.0,104.0
414.0,104.0
988.0,104.0
429.0,104.0
438.0,104.0
838.0,104.0
395.0,104.0
692.0,104.0
781.0,104.0
1008.0,104.0
498.0,105.0
969.0,105.0
170.0,105.0
93.0,105.0
158.0,105.0
429.0,105.0
1018.0,105.0
489.0,105.0
205.0,105.0
546.0,105.0
183.0,105.0
792.0,105.0
752.0,106.0
827.0,106.0
174.0,106.0
350.0,106.0
475.0,106.0
43.0,106.0
180.0,106.0
40.0,106.0
448.0,106.0
201.0,106.0
120.0,106.0
488.0,106.0
111.0,107.0
668.0,107.0
570.0,107.0
759.0,107.0
220.0,107.0
552.0,107.0
828.0,107.0
374.0,107.0
907.0,107.0
884.0,107.0
992.0,107.0
637.0,107.0
515.0,108.0
649.0,108.0
22.0,108.0
976.0,108.0
786.0,108.0
985.0,108.0
720.0,108.0
425.0,108.0
445.0,108.0
349.0,108.0
664.0,108.0
61.0,108.0
469.0,109.0
314.0,109.0
601.0,109.0
290.0,109.0
499.0,109.0
948.0,109.0
790.0,109.0
616.0,109.0
587.0,109.0
71.0,109.0
97.0,109.0
129.0,109.0
424.0,110.0
725.0,110.0
456.0,110.0
988.0,110.0
777.0,110.0
264.0,110.0
293.0,110.0
680.0,110.0
813.0,110.0
917.0,110.0
614.0,110.0
778.0,110.0
1032.0,111.0
298.0,111.0
1008.0,111.0
314.0,111.0
286.0,111.0
276.0,111.0
991.0,111.0
625.0,111.0
47.0,111.0
497.0,111.0
670.0,111.0
504.0,111.0
785.0,112.0
309.0,112.0
284.0,112.0
719.0,112.0
198.0,112.0
24.0,112.0
56.0,112.0
969.0,112.0
288.0,112.0
976.0,112.0
643.0,112.0
924.0,112.0
592.0,113.0
467.0,113.0
146.0,113.0
845.0,113.0
328.0,113.0
10.0,113.0
182.0,113.0
867.0,113.0
192.0,113.0
445.0,113.0
545.0,113.0
518.0,113.0
382.0,114.0
850.0,114.0
520.0,114.0
588.0,114.0
184.0,114.0
606.0,114.0
321.0,114.0
669.0,114.0
248.0,114.0
197.0,114.0
725.0,114.0
341.0,114.0
926.0,115.0
286.0,115.0
378.0,115.0
571.0,115.0
445.0,115.0
1014.0,115.0
460.0,115.0
662.0,115.0
543.0,115.0
301.0,115.0
574.0,115.0
36.0,115.0
421.0,116.0
54.0,116.0
80.0,116.0
646.0,116.0
273.0,116.0
450.0,116.0
537.0,116.0
612.0,116.0
956.0,116.0
36.0,116.0
1001.0,116.0
122.0,116.0
599.0,117.0
304.0,117.0
188.0,117.0
866.0,117.0
902.0,117.0
438.0,117.0
241.0,117.0
946.0,117.0
947.0,117.0
258.0,117.0
805.0,117.0
17.0,117.0
812.0,118.0
633.0,118.0
736.0,118.0
300.0,118.0
1001.0,118.0
873.0,118.0
861.0,118.0
949.0,118.0
330.0,118.0
313.0,118.0
369.0,118.0
992.0,118.0
57.0,119.0
756.0,119.0
828.0,119.0
9.0,119.0
515.0,119.0
687.0,119.0
196.0,119.0
979.0,119.0
96.0,119.0
218.0,119.0
1027.0,119.0
310.0,119.0
975.0,120.0
65.0,120.0
727.0,120.0
114.0,120.0
685.0,120.0
458.0,120.0
676.0,120.0
493.0,120.0
564.0,120.0
907.0,120.0
843.0,120.0
867.0,120.0
966.0,121.0
420.0,121.0
458.0,121.0
903.0,121.0
292.0,121.0
131.0,121.0
756.0,121.0
896.0,121.0
349.0,121.0
95.0,121.0
214.0,121.0
248.0,121.0
180.0,122.0
861.0,122.0
752.0,122.0
181.0,122.0
788.0,122.0
971.0,122.0
724.0,122.0
824.0,122.0
479.0,122.0
718.0,122.0
794.0,122.0
729.0,122.0
372.0,123.0
307.0,123.0
185.0,123.0
691.0,123.0
945.0,123.0
399.0,123.0
1016.0,123.0
972.0,123.0
574.0,123.0
738.0,123.0
445.0,123.0
330.0,123.0
1025.0,124.0
529.0,124.0
982.0,124.0
851.0,124.0
704.0,124.0
277.0,124.0
671.0,124.0
635.0,124.0
216.0,124.0
916.0,124.0
134.0,124.0
52.0,124.0
686.0,125.0
777.0,125.0
405.0,125.0
573.0,125.0
477.0,125.0
74.0,125.0
892.0,125.0
326.0,125.0
359.0,125.0
778.0,125.0
595.0,125.0
192.0,125.0
207.0,126.0
55.0,126.0
894.0,126.0
682.0,126.0
781.0,126.0
188.0,126.0
899.0,126.0
592.0,126.0
574.0,126.0
288.0,126.0
746.0,126.0
1019.0,126.0
683.0,127.0
1014.0,127.0
291.0,127.0
191.0,127.0
894.0,127.0
729.0,127.0
210.0,127.0
151.0,127.0
256.0,127.0
334.0,127.0
599.0,127.0
971.0,127.0
372.0,128.0
1011.0,128.0
385.0,128.0
167.0,128.0
174.0,128.0
630.0,128.0
176.0,128.0
469.0,128.0
382.0,128.0
21.0,128.0
116.0,128.0
857.0,128.0
230.0,129.0
137.0,129.0
939.0,129.0
101.0,129.0
316.0,129.0
587.0,129.0
709.0,129.0
439.0,129.0
190.0,129.0
209.0,129.0
177.0,129.0
462.0,129.0
837.0,130.0
515.0,130.0
389.0,130.0
86.0,130.0
583.0,130.0
119.0,130.0
728.0,130.0
973.0,130.0
370.0,130.0
922.0,130.0
777.0,130.0
531.0,130.0
736.0,131.0
386.0,131.0
565.0,131.0
470.0,131.0
214.0,131.0
252.0,131.0
989.0,131.0
69.0,131.0
852.0,131.0
706.0,131.0
123.0,131.0
975.0,131.0
630.0,132.0
439.0,132.0
722.0,132.0
230.0,132.0
113.0,132.0
276.0,132.0
879.0,132.0
774.0,132.0
941.0,132.0
458.0,132.0
1023.0,132.0
224.0,132.0
158.0,133.0
140.0,133.0
264.0,133.0
948.0,133.0
176.0,133.0
277.0,133.0
335.0,133.0
101.0,133.0
389.0,133.0
602.0,133.0
94.0,133.0
527.0,133.0
982.0,134.0
635.0,134.0
505.0,134.0
495.0,134.0
801.0,134.0
704.0,134.0
864.0,134.0
414.0,134.0
915.0,134.0
1010.0,134.0
653.0,134.0
124.0,134.0
70.0,135.0
893.0,135.0
940.0,135.0
344.0,135.0
35.0,135.0
758.0,135.0
84.0,135.0
1006.0,135.0
536.0,135.0
265.0,135.0
655.0,135.0
565.0,135.0
72.0,136.0
44.0,136.0
590.0,136.0
583.0,136.0
985.0,136.0
298.0,136.0
57.0,136.0
176.0,136.0
688.0,136.0
537.0,136.0
183.0,136.0
438.0,136.0
131.0,137.0
166.0,137.0
685.0,137.0
149.0,137.0
248.0,137.0
524.0,137.0
263.0,137.0
549.0,137.0
665.0,137.0
712.0,137.0
934.0,137.0
449.0,137.0
1031.0,138.0
83.0,138.0
146.0,138.0
1018.0,138.0
60.0,138.0
808.0,138.0
942.0,138.0
884.0,138.0
873.0,138.0
599.0,138.0
846.0,138.0
813.0,138.0
67.0,139.0
860.0,139.0
934.0,139.0
501.0,139.0
299.0,139.0
403.0,139.0
879.0,139.0
499.0,139.0
924.0,139.0
900.0,139.0
512.0,139.0
799.0,139.0
556.0,140.0
322.0,140.0
446.0,140.0
126.0,140.0
438.0,140.0
309.0,140.0
501.0,140.0
456.0,140.0
1007.0,140.0
158.0,140.0
587.0,140.0
94.0,140.0
416.0,141.0
517.0,141.0
906.0,141.0
929.0,141.0
134.0,141.0
376.0,141.0
46.0,141.0
171.0,141.0
982.0,141.0
1013.0,141.0
485.0,141.0
789.0,141.0
885.0,142.0
477.0,142.0
169.0,142.0
488.0,142.0
468.0,142.0
427.0,142.0
399.0,142.0
182.0,142.0
188.0,142.0
180.0,142.0
3.0,142.0
463.0,142.0
326.0,143.0
438.0,143.0
426.0,143.0
665.0,143.0
505.0,143.0
809.0,143.0
25.0,143.0
773.0,143.0
659.0,143.0
91.0,143.0
834.0,143.0
115.0,143.0
669.0,144.0
64.0,144.0
40.0,144.0
813.0,144.0
626.0,144.0
1034.0,144.0
306.0,144.0
641.0,144.0
282.0,144.0
768.0,144.0
71.0,144.0
147.0,144.0
798.0,145.0
999.0,145.0
1002.0,145.0
534.0,145.0
398.0,145.0
709.0,145.0
177.0,145.0
338.0,145.0
369.0,145.0
200.0,145.0
109.0,145.0
850.0,145.0
712.0,146.0
221.0,146.0
1031.0,146.0
245.0,146.0
499.0,146.0
564.0,146.0
368.0,146.0
329.0,146.0
389.0,146.0
341.0,146.0
307.0,146.0
852.0,146.0
403.0,147.0
1034.0,147.0
699.0,147.0
617.0,147.0
54.0,147.0
857.0,147.0
520.0,147.0
311.0,147.0
863.0,147.0
306.0,147.0
201.0,147.0
348.0,147.0
384.0,148.0
914.0,148.0
1032.0,148.0
998.0,148.0
281.0,148.0
128.0,148.0
839.0,148.0
875.0,148.0
613.0,148.0
937.0,148.0
645.0,148.0
234.0,148.0
50.0,149.0
78.0,149.0
967.0,149.0
625.0,149.0
374.0,149.0
563.0,149.0
875.0,149.0
642.0,149.0
938.0,149.0
484.0,149.0
718.0,149.0
754.0,149.0
975.0,150.0
708.0,150.0
389.0,150.0
501.0,150.0
1035.0,150.0
157.0,150.0
112.0,150.0
164.0,150.0
395.0,150.0
561.0,150.0
624.0,150.0
1006.0,150.0
820.0,151.0
70.0,151.0
1030.0,151.0
67.0,151.0
369.0,151.0
210.0,151.0
493.0,151.0
564.0,151.0
127.0,151.0
959.0,151.0
47.0,151.0
304.0,151.0
375.0,152.0
266.0,152.0
21.0,152.0
40.0,152.0
125.0,152.0
685.0,152.0
48.0,152.0
617.0,152.0
382.0,152.0
888.0,152.0
814.0,152.0
564.0,152.0
615.0,153.0
1015.0,153.0
774.0,153.0
754.0,153.0
439.0,153.0
862.0,153.0
586.0,153.0
565.0,153.0
903.0,153.0
692.0,153.0
595.0,153.0
71.0,153.0
793.0,154.0
540.0,154.0
804.0,154.0
210.0,154.0
4.0,154.0
586.0,154.0
509.0,154.0
196.0,154.0
706.0,154.0
254.0,154.0
718.0,154.0
526.0,154.0
237.0,155.0
427.0,155.0
497.0,155.0
423.0,155.0
577.0,155.0
290.0,155.0
978.0,155.0
642.0,155.0
581.0,155.0
175.0,155.0
15.0,155.0
287.0,155.0
119.0,156.0
218.0,156.0
28.0,156.0
981.0,156.0
940.0,156.0
618.0,156.0
956.0,156.0
279.0,156.0
406.0,156.0
450.0,156.0
592.0,156.0
746.0,156.0
329.0,157.0
267.0,157.0
226.0,157.0
215.0,157.0
276.0,157.0
475.0,157.0
334.0,157.0
853.0,157.0
970.0,157.0
976.0,157.0
967.0,157.0
502.0,157.0
15.0,158.0
539.0,158.0
522.0,158.0
605.0,158.0
694.0,158.0
949.0,158.0
917.0,158.0
695.0,158.0
739.0,158.0
853.0,158.0
871.0,158.0
352.0,158.0
0.0,159.0
764.0,159.0
1009.0,159.0
69.0,159.0
540.0,159.0
877.0,159.0
578.0,159.0
960.0,159.0
387.0,159.0
512.0,159.0
659.0,159.0
438.0,159.0
399.0,160.0
368.0,160.0
1006.0,160.0
684.0,160.0
543.0,160.0
535.0,160.0
553.0,160.0
213.0,160.0
819.0,160.0
981.0,160.0
745.0,160.0
914.0,160.0
500.0,161.0
341.0,161.0
253.0,161.0
863.0,161.0
763.0,161.0
859.0,161.0
462.0,161.0
576.0,161.0
614.0,161.0
209.0,161.0
711.0,161.0
815.0,161.0
100.0,162.0
232.0,162.0
420.0,162.0
199.0,162.0
888.0,162.0
154.0,162.0
579.0,162.0
801.0,162.0
498.0,162.0
339.0,162.0
400.0,162.0
879.0,162.0
1007.0,163.0
781.0,163.0
107.0,163.0
970.0,163.0
944.0,163.0
1004.0,163.0
368.0,163.0
938.0,163.0
890.0,163.0
874.0,163.0
550.0,163.0
408.0,163.0
1021.0,164.0
449.0,164.0
341.0,164.0
763.0,164.0
452.0,164.0
579.0,164.0
1004.0,164.0
632.0,164.0
545.0,164.0
978.0,164.0
140.0,164.0
242.0,164.0
577.0,165.0
557.0,165.0
1027.0,165.0
280.0,165.0
651.0,165.0
686.0,165.0
674.0,165.0
244.0,165.0
428.0,165.0
524.0,165.0
570.0,165.0
791.0,165.0
52.0,166.0
244.0,166.0
927.0,166.0
17.0,166.0
1027.0,166.0
996.0,166.0
427.0,166.0
382.0,166.0
924.0,166.0
438.0,166.0
198.0,166.0
581.0,166.0
565.0,167.0
531.0,167.0
188.0,167.0
883.0,167.0
922.0,167.0
866.0,167.0
733.0,167.0
184.0,167.0
907.0,167.0
67.0,167.0
332.0,167.0
78.0,167.0
231.0,168.0
20.0,168.0
558.0,168.0
559.0,168.0
352.0,168.0
111.0,168.0
166.0,168.0
932.0,168.0
27.0,168.0
793.0,168.0
411.0,168.0
24.0,168.0
180.0,169.0
646.0,169.0
658.0,169.0
533.0,169.0
896.0,169.0
857.0,169.0
558.0,169.0
1005.0,169.0
369.0,169.0
388.0,169.0
825.0,169.0
384.0,169.0
360.0,170.0
662.0,170.0
1031.0,170.0
231.0,170.0
290.0,170.0
721.0,170.0
470.0,170.0
672.0,170.0
368.0,170.0
278.0,170.0
80.0,170.0
659.0,170.0
435.0,171.0
714.0,171.0
324.0,171.0
112.0,171.0
1020.0,171.0
206.0,171.0
98.0,171.0
807.0,171.0
829.0,171.0
755.0,171.0
416.0,171.0
696.0,171.0
359.0,172.0
442.0,172.0
66.0,172.0
848.0,172.0
427.0,172.0
438.0,172.0
0.0,172.0
808.0,172.0
522.0,172.0
541.0,172.0
540.0,172.0
608.0,172.0
782.0,173.0
421.0,173.0
564.0,173.0
86.0,173.0
459.0,173.0
40.0,173.0
936.0,173.0
401.0,173.0
562.0,173.0
172.0,173.0
585.0,173.0
592.0,173.0
288.0,174.0
250.0,174.0
620.0,174.0
401.0,174.0
126.0,174.0
574.0,174.0
645.0,174.0
449.0,174.0
848.0,174.0
925.0,174.0
444.0,174.0
160.0,174.0
67.0,175.0
163.0,175.0
268.0,175.0
931.0,175.0
257.0,175.0
672.0,175.0
310.0,175.0
357.0,175.0
497.0,175.0
710.0,175.0
668.0,175.0
546.0,175.0
942.0,176.0
107.0,176.0
430.0,176.0
69.0,176.0
1014.0,176.0
565.0,176.0
961.0,176.0
235.0,176.0
313.0,176.0
706.0,176.0
964.0,176.0
887.0,176.0
798.0,177.0
131.0,177.0
129.0,177.0
959.0,177.0
973.0,177.0
605.0,177.0
204.0,177.0
680.0,177.0
230.0,177.0
357.0,177.0
316.0,177.0
999.0,177.0
35.0,178.0
295.0,178.0
933.0,178.0
175.0,178.0
714.0,178.0
83.0,178.0
536.0,178.0
1028.0,178.0
952.0,178.0
985.0,178.0
682.0,178.0
383.0,178.0
464.0,179.0
712.0,179.0
868.0,179.0
695.0,179.0
947.0,179.0
855.0,179.0
781.0,179.0
711.0,179.0
620.0,179.0
580.0,179.0
6.0,179.0
721.0,179.0
405.0,180.0
757.0,180.0
874.0,180.0
660.0,180.0
408.0,180.0
933.0,180.0
40.0,180.0
119.0,180.0
468.0,180.0
726.0,180.0
755.0,180.0
892.0,180.0
64.0,181.0
157.0,181.0
592.0,181.0
359.0,181.0
102.0,181.0
656.0,181.0
507.0,181.0
540.0,181.0
594.0,181.0
925.0,181.0
272.0,181.0
163.0,181.0
400.0,182.0
913.0,182.0
515.0,182.0
923.0,182.0
159.0,182.0
170.0,182.0
380.0,182.0
204.0,182.0
307.0,182.0
318.0,182.0
934.0,182.0
584.0,182.0
638.0,183.0
466.0,183.0
566.0,183.0
642.0,183.0
990.0,183.0
539.0,183.0
352.0,183.0
212.0,183.0
167.0,183.0
491.0,183.0
489.0,183.0
265.0,183.0
68.0,184.0
321.0,184.0
588.0,184.0
611.0,184.0
654.0,184.0
562.0,184.0
765.0,184.0
64.0,184.0
381.0,184.0
834.0,184.0
375.0,184.0
152.0,184.0
865.0,185.0
870.0,185.0
28.0,185.0
237.0,185.0
62.0,185.0
859.0,185.0
605.0,185.0
386.0,185.0
811.0,185.0
57.0,185.0
309.0,185.0
579.0,185.0
968.0,186.0
521.0,186.0
52.0,186.0
454.0,186.0
333.0,186.0
785.0,186.0
713.0,186.0
677.0,186.0
376.0,186.0
275.0,186.0
730.0,186.0
577.0,186.0
145.0,187.0
524.0,187.0
1012.0,187.0
481.0,187.0
597.0,187.0
634.0,187.0
662.0,187.0
863.0,187.0
573.0,187.0
25.0,187.0
905.0,187.0
531.0,187.0
586.0,188.0
911.0,188.0
216.0,188.0
6.0,188.0
81.0,188.0
574.0,188.0
250.0,188.0
534.0,188.0
222.0,188.0
59.0,188.0
384.0,188.0
83.0,188.0
217.0,189.0
427.0,189.0
553.0,189.0
161.0,189.0
550.0,189.0
866.0,189.0
30.0,189.0
15.0,189.0
254.0,189.0
473.0,189.0
304.0,189.0
334.0,189.0
433.0,190.0
792.0,190.0
680.0,190.0
880.0,190.0
767.0,190.0
287.0,190.0
71.0,190.0
403.0,190.0
197.0,190.0
814.0,190.0
726.0,190.0
583.0,190.0
80.0,191.0
172.0,191.0
678.0,191.0
830.0,191.0
557.0,191.0
785.0,191.0
764.0,191.0
901.0,191.0
473.0,191.0
224.0,191.0
361.0,191.0
73.0,191.0
388.0,192.0
980.0,192.0
510.0,192.0
574.0,192.0
771.0,192.0
40.0,192.0
26.0,192.0
1015.0,192.0
588.0,192.0
352.0,192.0
585.0,192.0
762.0,192.0
296.0,193.0
179.0,193.0
744.0,193.0
655.0,193.0
1009.0,193.0
1006.0,193.0
773.0,193.0
583.0,193.0
740.0,193.0
1014.0,193.0
221.0,193.0
754.0,193.0
2.0,194.0
344.0,194.0
741.0,194.0
666.0,194.0
965.0,194.0
483.0,194.0
175.0,194.0
150.0,194.0
76.0,194.0
758.0,194.0
371.0,194.0
496.0,194.0
354.0,195.0
818.0,195.0
502.0,195.0
495.0,195.0
392.0,195.0
600.0,195.0
643.0,195.0
851.0,195.0
891.0,195.0
713.0,195.0
46.0,195.0
457.0,195.0
174.0,196.0
607.0,196.0
91.0,196.0
964.0,196.0
868.0,196.0
102.0,196.0
805.0,196.0
597.0,196.0
304.0,196.0
586.0,196.0
809.0,196.0
773.0,196.0
857.0,197.0
433.0,197.0
1015.0,197.0
341.0,197.0
210.0,197.0
403.0,197.0
114.0,197.0
617.0,197.0
630.0,197.0
190.0,197.0
123.0,197.0
786.0,197.0
795.0,198.0
705.0,198.0
695.0,198.0
31.0,198.0
887.0,198.0
367.0,198.0
47.0,198.0
196.0,198.0
579.0,198.0
614.0,198.0
545.0,198.0
542.0,198.0
227.0,199.0
739.0,199.0
517.0,199.0
639.0,199.0
586.0,199.0
310.0,199.0
104.0,199.0
786.0,199.0
671.0,199.0
677.0,199.0
416.0,199.0
836.0,199.0
918.0,200.0
999.0,200.0
398.0,200.0
342.0,200.0
742.0,200.0
335.0,200.0
10.0,200.0
904.0,200.0
331.0,200.0
518.0,200.0
121.0,200.0
968.0,200.0
86.0,201.0
89.0,201.0
28.0,201.0
382.0,201.0
947.0,201.0
282.0,201.0
564.0,201.0
459.0,201.0
676.0,201.0
204.0,201.0
641.0,201.0
468.0,201.0
698.0,202.0
600.0,202.0
94.0,202.0
1018.0,202.0
38.0,202.0
396.0,202.0
789.0,202.0
977.0,202.0
942.0,202.0
27.0,202.0
807.0,202.0
529.0,202.0
900.0,203.0
475.0,203.0
6.0,203.0
205.0,203.0
279.0,203.0
1027.0,203.0
614.0,203.0
332.0,203.0
374.0,203.0
893.0,203.0
905.0,203.0
695.0,203.0
1017.0,204.0
454.0,204.0
481.0,204.0
946.0,204.0
903.0,204.0
259.0,204.0
264.0,204.0
101.0,204.0
332.0,204.0
1027.0,204.0
155.0,204.0
890.0,204.0
483.0,205.0
897.0,205.0
996.0,205.0
66.0,205.0
683.0,205.0
275.0,205.0
327.0,205.0
1024.0,205.0
925.0,205.0
165.0,205.0
977.0,205.0
254.0,205.0
612.0,206.0
530.0,206.0
130.0,206.0
624.0,206.0
934.0,206.0
317.0,206.0
250.0,206.0
997.0,206.0
949.0,206.0
743.0,206.0
550.0,206.0
581.0,206.0
262.0,207.0
330.0,207.0
510.0,207.0
420.0,207.0
534.0,207.0
880.0,207.0
23.0,207.0
281.0,207.0
831.0,207.0
29.0,207.0
270.0,207.0
181.0,207.0
463.0,208.0
247.0,208.0
556.0,208.0
583.0,208.0
131.0,208.0
290.0,208.0
817.0,208.0
458.0,208.0
51.0,208.0
696.0,208.0
894.0,208.0
243.0,208.0
3.0,209.0
456.0,209.0
137.0,209.0
689.0,209.0
473.0,209.0
970.0,209.0
286.0,209.0
75.0,209.0
941.0,209.0
394.0,209.0
101.0,209.0
461.0,209.0
417.0,210.0
554.0,210.0
285.0,210.0
1006.0,210.0
820.0,210.0
1022.0,210.0
481.0,210.0
842.0,210.0
989.0,210.0
319.0,210.0
307.0,210.0
258.0,210.0
612.0,211.0
851.0,211.0
352.0,211.0
57.0,211.0
51.0,211.0
728.0,211.0
5.0,211.0
15.0,211.0
542.0,211.0
882.0,211.0
168.0,211.0
187.0,211.0
288.0,212.0
556.0,212.0
976.0,212.0
900.0,212.0
960.0,212.0
436.0,212.0
415.0,212.0
76.0,212.0
493.0,212.0
718.0,212.0
558.0,212.0
821.0,212.0
646.0,213.0
997.0,213.0
116.0,213.0
288.0,213.0
833.0,213.0
430.0,213.0
332.0,213.0
618.0,213.0
285.0,213.0
937.0,213.0
410.0,213.0
913.0,213.0
813.0,214.0
494.0,214.0
146.0,214.0
42.0,214.0
221.0,214.0
287.0,214.0
407.0,214.0
414.0,214.0
722.0,214.0
479.0,214.0
954.0,214.0
188.0,214.0
662.0,215.0
981.0,215.0
406.0,215.0
460.0,215.0
598.0,215.0
384.0,215.0
683.0,215.0
723.0,215.0
975.0,215.0
857.0,215.0
407.0,215.0
971.0,215.0
198.0,216.0
961.0,216.0
404.0,216.0
158.0,216.0
742.0,216.0
437.0,216.0
507.0,216.0
27.0,216.0
624.0,216.0
664.0,216.0
1012.0,216.0
949.0,216.0
710.0,217.0
170.0,217.0
440.0,217.0
948.0,217.0
123.0,217.0
179.0,217.0
484.0,217.0
608.0,217.0
430.0,217.0
431.0,217.0
1009.0,217.0
1019.0,217.0
329.0,218.0
774.0,218.0
444.0,218.0
70.0,218.0
706.0,218.0
54.0,218.0
287.0,218.0
580.0,218.0
281.0,218.0
737.0,218.0
154.0,218.0
401.0,218.0
770.0,219.0
734.0,219.0
713.0,219.0
429.0,219.0
45.0,219.0
25.0,219.0
111.0,219.0
906.0,219.0
1009.0,219.0
253.0,219.0
657.0,219.0
224.0,219.0
175.0,220.0
942.0,220.0
91.0,220.0
837.0,220.0
892.0,220.0
640.0,220.0
556.0,220.0
378.0,220.0
754.0,220.0
732.0,220.0
176.0,220.0
290.0,220.0
341.0,221.0
546.0,221.0
235.0,221.0
986.0,221.0
513.0,221.0
987.0,221.0
989.0,221.0
853.0,221.0
258.0,221.0
879.0,221.0
597.0,221.0
595.0,221.0
36.0,222.0
818.0,222.0
35.0,222.0
111.0,222.0
666.0,222.0
940.0,222.0
27.0,222.0
645.0,222.0
673.0,222.0
935.0,222.0
272.0,222.0
96.0,222.0
33.0,223.0
910.0,223.0
371.0,223.0
812.0,223.0
653.0,223.0
818.0,223.0
422.0,223.0
453.0,223.0
655.0,223.0
696.0,223.0
977.0,223.0
582.0,223.0
55.0,224.0
288.0,224.0
861.0,224.0
902.0,224.0
331.0,224.0
310.0,224.0
883.0,224.0
499.0,224.0
737.0,224.0
466.0,224.0
360.0,224.0
77.0,224.0
506.0,225.0
449.0,225.0
99.0,225.0
45.0,225.0
1010.0,225.0
640.0,225.0
767.0,225.0
345.0,225.0
627.0,225.0
386.0,225.0
597.0,225.0
663.0,225.0
737.0,226.0
1029.0,226.0
217.0,226.0
15.0,226.0
361.0,226.0
378.0,226.0
672.0,226.0
286.0,226.0
203.0,226.0
420.0,226.0
860.0,226.0
746.0,226.0
366.0,227.0
0.0,227.0
497.0,227.0
968.0,227.0
361.0,227.0
823.0,227.0
571.0,227.0
525.0,227.0
111.0,227.0
700.0,227.0
104.0,227.0
901.0,227.0
691.0,228.0
29.0,228.0
840.0,228.0
269.0,228.0
659.0,228.0
749.0,228.0
754.0,228.0
463.0,228.0
481.0,228.0
790.0,228.0
80.0,228.0
744.0,228.0
864.0,229.0
915.0,229.0
837.0,229.0
214.0,229.0
124.0,229.0
789.0,229.0
1028.0,229.0
600.0,229.0
838.0,229.0
471.0,229.0
277.0,229.0
34.0,229.0
699.0,230.0
380.0,230.0
349.0,230.0
616.0,230.0
182.0,230.0
71.0,230.0
564.0,230.0
601.0,230.0
762.0,230.0
132.0,230.0
798.0,230.0
576.0,230.0
856.0,231.0
533.0,231.0
592.0,231.0
89.0,231.0
489.0,231.0
719.0,231.0
725.0,231.0
517.0,231.0
44.0,231.0
905.0,231.0
854.0,231.0
335.0,231.0
369.0,232.0
210.0,232.0
624.0,232.0
88.0,232.0
38.0,232.0
1011.0,232.0
25.0,232.0
51.0,232.0
954.0,232.0
216.0,232.0
846.0,232.0
844.0,232.0
96.0,233.0
483.0,233.0
883.0,233.0
704.0,233.0
840.0,233.0
691.0,233.0
871.0,233.0
244.0,233.0
516.0,233.0
700.0,233.0
1010.0,233.0
442.0,233.0
819.0,234.0
288.0,234.0
943.0,234.0
745.0,234.0
207.0,234.0
488.0,234.0
116.0,234.0
962.0,234.0
752.0,234.0
788.0,234.0
212.0,234.0
839.0,234.0
66.0,235.0
720.0,235.0
221.0,235.0
203.0,235.0
781.0,235.0
261.0,235.0
530.0,235.0
32.0,235.0
428.0,235.0
1000.0,235.0
923.0,235.0
9.0,235.0
285.0,236.0
434.0,236.0
419.0,236.0
107.0,236.0
528.0,236.0
827.0,236.0
776.0,236.0
580.0,236.0
64.0,236.0
401.0,236.0
535.0,236.0
267.0,236.0
796.0,237.0
593.0,237.0
58.0,237.0
110.0,237.0
587.0,237.0
10.0,237.0
62.0,237.0
446.0,237.0
315.0,237.0
898.0,237.0
71.0,237.0
904.0,237.0
444.0,238.0
478.0,238.0
962.0,238.0
136.0,238.0
775.0,238.0
854.0,238.0
528.0,238.0
442.0,238.0
750.0,238.0
246.0,238.0
263.0,238.0
831.0,238.0
154.0,239.0
299.0,239.0
632.0,239.0
517.0,239.0
925.0,239.0
790.0,239.0
1015.0,239.0
879.0,239.0
596.0,239.0
1023.0,239.0
1011.0,239.0
769.0,239.0
88.0,240.0
993.0,240.0
923.0,240.0
567.0,240.0
689.0,240.0
129.0,240.0
109.0,240.0
132.0,240.0
1033.0,240.0
680.0,240.0
576.0,240.0
601.0,240.0
414.0,241.0
102.0,241.0
742.0,241.0
123.0,241.0
736.0,241.0
767.0,241.0
1027.0,241.0
119.0,241.0
339.0,241.0
837.0,241.0
746.0,241.0
232.0,241.0
665.0,242.0
894.0,242.0
56.0,242.0
257.0,242.0
743.0,242.0
738.0,242.0
167.0,242.0
731.0,242.0
920.0,242.0
747.0,242.0
170.0,242.0
539.0,242.0
755.0,243.0
877.0,243.0
563.0,243.0
795.0,243.0
662.0,243.0
777.0,243.0
515.0,243.0
127.0,243.0
611.0,243.0
751.0,243.0
756.0,243.0
846.0,243.0
793.0,244.0
959.0,244.0
632.0,244.0
509.0,244.0
335.0,244.0
1019.0,244.0
308.0,244.0
284.0,244.0
395.0,244.0
711.0,244.0
414.0,244.0
166.0,244.0
848.0,245.0
1008.0,245.0
191.0,245.0
310.0,245.0
67.0,245.0
914.0,245.0
516.0,245.0
337.0,245.0
266.0,245.0
910.0,245.0
686.0,245.0
327.0,245.0
256.0,246.0
741.0,246.0
77.0,246.0
920.0,246.0
849.0,246.0
906.0,246.0
929.0,246.0
781.0,246.0
213.0,246.0
810.0,246.0
937.0,246.0
812.0,246.0
465.0,247.0
23.0,247.0
849.0,247.0
875.0,247.0
951.0,247.0
923.0,247.0
816.0,247.0
619.0,247.0
833.0,247.0
151.0,247.0
511.0,247.0
589.0,247.0
65.0,248.0
24.0,248.0
132.0,248.0
679.0,248.0
576.0,248.0
31.0,248.0
89.0,248.0
605.0,248.0
531.0,248.0
706.0,248.0
707.0,248.0
630.0,248.0
446.0,249.0
968.0,249.0
904.0,249.0
835.0,249.0
31.0,249.0
1011.0,249.0
709.0,249.0
966.0,249.0
88.0,249.0
398.0,249.0
200.0,249.0
10.0,249.0
799.0,250.0
301.0,250.0
631.0,250.0
270.0,250.0
1027.0,250.0
183.0,250.0
618.0,250.0
747.0,250.0
384.0,250.0
642.0,250.0
578.0,250.0
319.0,250.0
1005.0,251.0
729.0,251.0
985.0,251.0
858.0,251.0
876.0,251.0
522.0,251.0
37.0,251.0
951.0,251.0
402.0,251.0
997.0,251.0
410.0,251.0
686.0,251.0
767.0,252.0
155.0,252.0
945.0,252.0
310.0,252.0
700.0,252.0
140.0,252.0
844.0,252.0
791.0,252.0
811.0,252.0
24.0,252.0
67.0,252.0
834.0,252.0
155.0,253.0
760.0,253.0
924.0,253.0
304.0,253.0
239.0,253.0
896.0,253.0
110.0,253.0
712.0,253.0
813.0,253.0
499.0,253.0
176.0,253.0
632.0,253.0
176.0,254.0
475.0,254.0
377.0,254.0
522.0,254.0
566.0,254.0
103.0,254.0
150.0,254.0
533.0,254.0
143.0,254.0
16.0,254.0
746.0,254.0
395.0,254.0
185.0,255.0
254.0,255.0
158.0,255.0
8.0,255.0
967.0,255.0
400.0,255.0
889.0,255.0
57.0,255.0
432.0,255.0
227.0,255.0
865.0,255.0
647.0,255.0
881.0,256.0
1017.0,256.0
914.0,256.0
36.0,256.0
269.0,256.0
16.0,256.0
755.0,256.0
736.0,256.0
859.0,256.0
377.0,256.0
7.0,256.0
965.0,256.0
416.0,257.0
753.0,257.0
231.0,257.0
682.0,257.0
20.0,257.0
808.0,257.0
96.0,257.0
195.0,257.0
273.0,257.0
366.0,257.0
61.0,257.0
631.0,257.0
487.0,258.0
385.0,258.0
531.0,258.0
747.0,258.0
615.0,258.0
974.0,258.0
564.0,258.0
621.0,258.0
788.0,258.0
301.0,258.0
282.0,258.0
754.0,258.0
155.0,259.0
869.0,259.0
527.0,259.0
204.0,259.0
462.0,259.0
934.0,259.0
712.0,259.0
187.0,259.0
629.0,259.0
925.0,259.0
791.0,259.0
939.0,259.0
37.0,260.0
753.0,260.0
816.0,260.0
256.0,260.0
876.0,260.0
167.0,260.0
985.0,260.0
582.0,260.0
633.0,260.0
1028.0,260.0
116.0,260.0
118.0,260.0
103.0,261.0
752.0,261.0
549.0,261.0
877.0,261.0
942.0,261.0
131.0,261.0
170.0,261.0
1027.0,261.0
279.0,261.0
273.0,261.0
210.0,261.0
32.0,261.0
381.0,262.0
43.0,262.0
726.0,262.0
716.0,262.0
305.0,262.0
800.0,262.0
534.0,262.0
184.0,262.0
375.0,262.0
108.0,262.0
409.0,262.0
114.0,262.0
188.0,263.0
1016.0,263.0
419.0,263.0
799.0,263.0
234.0,263.0
303.0,263.0
107.0,263.0
1032.0,263.0
238.0,263.0
1022.0,263.0
943.0,263.0
160.0,263.0
356.0,264.0
549.0,264.0
1025.0,264.0
57.0,264.0
823.0,264.0
255.0,264.0
334.0,264.0
939.0,264.0
216.0,264.0
68.0,264.0
364.0,264.0
351.0,264.0
658.0,265.0
817.0,265.0
115.0,265.0
170.0,265.0
482.0,265.0
181.0,265.0
428.0,265.0
72.0,265.0
952.0,265.0
266.0,265.0
77.0,265.0
335.0,265.0
250.0,266.0
154.0,266.0
755.0,266.0
231.0,266.0
749.0,266.0
224.0,266.0
824.0,266.0
577.0,266.0
1009.0,266.0
860.0,266.0
466.0,266.0
343.0,266.0
546.0,267.0
357.0,267.0
16.0,267.0
1008.0,267.0
47.0,267.0
370.0,267.0
156.0,267.0
296.0,267.0
576.0,267.0
69.0,267.0
480.0,267.0
986.0,267.0
929.0,268.0
598.0,268.0
135.0,268.0
146.0,268.0
273.0,268.0
410.0,268.0
310.0,268.0
623.0,268.0
183.0,268.0
423.0,268.0
36.0,268.0
246.0,268.0
895.0,269.0
56.0,269.0
640.0,269.0
108.0,269.0
228.0,269.0
369.0,269.0
531.0,269.0
307.0,269.0
466.0,269.0
746.0,269.0
107.0,269.0
132.0,269.0
156.0,270.0
148.0,270.0
881.0,270.0
979.0,270.0
986.0,270.0
419.0,270.0
234.0,270.0
477.0,270.0
108.0,270.0
1032.0,270.0
189.0,270.0
317.0,270.0
295.0,271.0
435.0,271.0
555.0,271.0
697.0,271.0
610.0,271.0
582.0,271.0
393.0,271.0
272.0,271.0
256.0,271.0
35.0,271.0
391.0,271.0
581.0,271.0
84.0,272.0
741.0,272.0
455.0,272.0
886.0,272.0
39.0,272.0
690.0,272.0
383.0,272.0
178.0,272.0
369.0,272.0
874.0,272.0
34.0,272.0
511.0,272.0
810.0,273.0
323.0,273.0
83.0,273.0
979.0,273.0
544.0,273.0
330.0,273.0
346.0,273.0
686.0,273.0
1017.0,273.0
300.0,273.0
67.0,273.0
894.0,273.0
927.0,274.0
485.0,274.0
663.0,274.0
63.0,274.0
145.0,274.0
241.0,274.0
549.0,274.0
248.0,274.0
293.0,274.0
939.0,274.0
823.0,274.0
742.0,274.0
87.0,275.0
52.0,275.0
165.0,275.0
610.0,275.0
96.0,275.0
594.0,275.0
881.0,275.0
1004.0,275.0
60.0,275.0
992.0,275.0
824.0,275.0
661.0,275.0
913.0,276.0
305.0,276.0
55.0,276.0
559.0,276.0
208.0,276.0
556.0,276.0
226.0,276.0
286.0,276.0
611.0,276.0
166.0,276.0
103.0,276.0
224.0,276.0
493.0,277.0
411.0,277.0
229.0,277.0
125.0,277.0
975.0,277.0
5.0,277.0
972.0,277.0
434.0,277.0
639.0,277.0
226.0,277.0
700.0,277.0
703.0,277.0
232.0,278.0
109.0,278.0
145.0,278.0
760.0,278.0
364.0,278.0
17.0,278.0
593.0,278.0
309.0,278.0
984.0,278.0
700.0,278.0
540.0,278.0
605.0,278.0
463.0,279.0
271.0,279.0
961.0,279.0
648.0,279.0
624.0,279.0
933.0,279.0
172.0,279.0
905.0,279.0
973.0,279.0
938.0,279.0
658.0,279.0
424.0,279.0
967.0,280.0
498.0,280.0
584.0,280.0
546.0,280.0
111.0,280.0
900.0,280.0
339.0,280.0
429.0,280.0
196.0,280.0
901.0,280.0
119.0,280.0
692.0,280.0
127.0,281.0
243.0,281.0
120.0,281.0
78.0,281.0
372.0,281.0
857.0,281.0
854.0,281.0
205.0,281.0
403.0,281.0
214.0,281.0
646.0,281.0
925.0,281.0
415.0,282.0
1012.0,282.0
68.0,282.0
320.0,282.0
771.0,282.0
125.0,282.0
201.0,282.0
153.0,282.0
192.0,282.0
638.0,282.0
144.0,282.0
800.0,282.0
932.0,283.0
969.0,283.0
599.0,283.0
27.0,283.0
731.0,283.0
686.0,283.0
191.0,283.0
900.0,283.0
293.0,283.0
79.0,283.0
412.0,283.0
924.0,283.0
492.0,284.0
740.0,284.0
835.0,284.0
195.0,284.0
744.0,284.0
418.0,284.0
17.0,284.0
188.0,284.0
182.0,284.0
714.0,284.0
607.0,284.0
622.0,284.0
897.0,285.0
609.0,285.0
774.0,285.0
831.0,285.0
173.0,285.0
962.0,285.0
963.0,285.0
775.0,285.0
444.0,285.0
508.0,285.0
649.0,285.0
297.0,285.0
415.0,286.0
701.0,286.0
344.0,286.0
808.0,286.0
946.0,286.0
900.0,286.0
553.0,286.0
166.0,286.0
992.0,286.0
78.0,286.0
684.0,286.0
327.0,286.0
869.0,287.0
989.0,287.0
68.0,287.0
156.0,287.0
157.0,287.0
994.0,287.0
564.0,287.0
844.0,287.0
445.0,287.0
291.0,287.0
218.0,287.0
366.0,287.0
1027.0,288.0
554.0,288.0
948.0,288.0
805.0,288.0
108.0,288.0
430.0,288.0
230.0,288.0
493.0,288.0
220.0,288.0
98.0,288.0
599.0,288.0
819.0,288.0
758.0,289.0
271.0,289.0
886.0,289.0
393.0,289.0
812.0,289.0
391.0,289.0
590.0,289.0
517.0,289.0
944.0,289.0
817.0,289.0
643.0,289.0
688.0,289.0
330.0,290.0
235.0,290.0
530.0,290.0
707.0,290.0
684.0,290.0
652.0,290.0
740.0,290.0
339.0,290.0
790.0,290.0
736.0,290.0
196.0,290.0
874.0,290.0
288.0,291.0
443.0,291.0
667.0,291.0
455.0,291.0
721.0,291.0
444.0,291.0
370.0,291.0
928.0,291.0
434.0,291.0
470.0,291.0
66.0,291.0
731.0,291.0
557.0,292.0
326.0,292.0
279.0,292.0
332.0,292.0
668.0,292.0
208.0,292.0
334.0,292.0
107.0,292.0
895.0,292.0
756.0,292.0
15.0,292.0
87.0,292.0
299.0,293.0
784.0,293.0
185.0,293.0
904.0,293.0
264.0,293.0
485.0,293.0
162.0,293.0
663.0,293.0
871.0,293.0
972.0,293.0
446.0,293.0
693.0,293.0
523.0,294.0
0.0,294.0
385.0,294.0
578.0,294.0
136.0,294.0
666.0,294.0
491.0,294.0
346.0,294.0
519.0,294.0
118.0,294.0
307.0,294.0
935.0,294.0
502.0,295.0
463.0,295.0
560.0,295.0
817.0,295.0
300.0,295.0
935.0,295.0
991.0,295.0
337.0,295.0
984.0,295.0
703.0,295.0
454.0,295.0
464.0,295.0
159.0,296.0
513.0,296.0
803.0,296.0
388.0,296.0
470.0,296.0
787.0,296.0
599.0,296.0
214.0,296.0
620.0,296.0
1008.0,296.0
563.0,296.0
287.0,296.0
207.0,297.0
510.0,297.0
359.0,297.0
923.0,297.0
588.0,297.0
1022.0,297.0
885.0,297.0
843.0,297.0
804.0,297.0
774.0,297.0
515.0,297.0
854.0,297.0
845.0,298.0
981.0,298.0
725.0,298.0
102.0,298.0
64.0,298.0
117.0,298.0
473.0,298.0
261.0,298.0
991.0,298.0
462.0,298.0
746.0,298.0
19.0,298.0
871.0,299.0
330.0,299.0
334.0,299.0
577.0,299.0
916.0,299.0
42.0,299.0
683.0,299.0
625.0,299.0
907.0,299.0
57.0,299.0
137.0,299.0
707.0,299.0
1013.0,300.0
817.0,300.0
667.0,300.0
633.0,300.0
171.0,300.0
722.0,300.0
623.0,300.0
622.0,300.0
275.0,300.0
335.0,300.0
52.0,300.0
806.0,300.0
455.0,301.0
844.0,301.0
733.0,301.0
974.0,301.0
624.0,301.0
104.0,301.0
683.0,301.0
919.0,301.0
360.0,301.0
894.0,301.0
910.0,301.0
359.0,301.0
915.0,302.0
949.0,302.0
688.0,302.0
324.0,302.0
808.0,302.0
140.0,302.0
25.0,302.0
14.0,302.0
568.0,302.0
453.0,302.0
118.0,302.0
457.0,302.0
945.0,303.0
936.0,303.0
480.0,303.0
981.0,303.0
435.0,303.0
272.0,303.0
548.0,303.0
971.0,303.0
268.0,303.0
540.0,303.0
489.0,303.0
695.0,303.0
530.0,304.0
801.0,304.0
296.0,304.0
360.0,304.0
1006.0,304.0
503.0,304.0
163.0,304.0
55.0,304.0
370.0,304.0
47.0,304.0
198.0,304.0
828.0,304.0
613.0,305.0
152.0,305.0
21.0,305.0
184.0,305.0
90.0,305.0
106.0,305.0
831.0,305.0
348.0,305.0
641.0,305.0
720.0,305.0
343.0,305.0
989.0,305.0
564.0,306.0
114.0,306.0
616.0,306.0
197.0,306.0
321.0,306.0
626.0,306.0
325.0,306.0
120.0,306.0
494.0,306.0
262.0,306.0
375.0,306.0
768.0,306.0
777.0,307.0
250.0,307.0
1029.0,307.0
254.0,307.0
514.0,307.0
712.0,307.0
499.0,307.0
27.0,307.0
125.0,307.0
960.0,307.0
360.0,307.0
203.0,307.0
180.0,308.0
539.0,308.0
712.0,308.0
838.0,308.0
946.0,308.0
883.0,308.0
159.0,308.0
334.0,308.0
672.0,308.0
189.0,308.0
662.0,308.0
163.0,308.0
462.0,309.0
157.0,309.0
335.0,309.0
624.0,309.0
552.0,309.0
169.0,309.0
185.0,309.0
845.0,309.0
791.0,309.0
121.0,309.0
166.0,309.0
531.0,309.0
294.0,310.0
30.0,310.0
377.0,310.0
424.0,310.0
59.0,310.0
887.0,310.0
524.0,310.0
150.0,310.0
193.0,310.0
985.0,310.0
512.0,310.0
342.0,310.0
892.0,311.0
359.0,311.0
282.0,311.0
468.0,311.0
679.0,311.0
828.0,311.0
880.0,311.0
448.0,311.0
1015.0,311.0
744.0,311.0
940.0,311.0
982.0,311.0
233.0,312.0
1028.0,312.0
51.0,312.0
557.0,312.0
18.0,312.0
703.0,312.0
792.0,312.0
111.0,312.0
840.0,312.0
392.0,312.0
830.0,312.0
851.0,312.0
820.0,313.0
67.0,313.0
354.0,313.0
959.0,313.0
75.0,313.0
434.0,313.0
436.0,313.0
618.0,313.0
531.0,313.0
330.0,313.0
586.0,313.0
270.0,313.0
685.0,314.0
709.0,314.0
567.0,314.0
127.0,314.0
458.0,314.0
632.0,314.0
681.0,314.0
853.0,314.0
237.0,314.0
469.0,314.0
390.0,314.0
628.0,314.0
647.0,315.0
278.0,315.0
100.0,315.0
895.0,315.0
904.0,315.0
707.0,315.0
97.0,315.0
1.0,315.0
58.0,315.0
469.0,315.0
993.0,315.0
309.0,315.0
458.0,316.0
727.0,316.0
474.0,316.0
131.0,316.0
145.0,316.0
461.0,316.0
728.0,316.0
561.0,316.0
437.0,316.0
10.0,316.0
889.0,316.0
781.0,316.0
222.0,317.0
522.0,317.0
319.0,317.0
955.0,317.0
511.0,317.0
928.0,317.0
671.0,317.0
729.0,317.0
845.0,317.0
369.0,317.0
594.0,317.0
462.0,317.0
102.0,318.0
656.0,318.0
215.0,318.0
176.0,318.0
341.0,318.0
66.0,318.0
516.0,318.0
583.0,318.0
368.0,318.0
89.0,318.0
893.0,318.0
219.0,318.0
922.0,319.0
862.0,319.0
991.0,319.0
970.0,319.0
301.0,319.0
942.0,319.0
261.0,319.0
73.0,319.0
420.0,319.0
407.0,319.0
273.0,319.0
187.0,319.0
641.0,320.0
494.0,320.0
944.0,320.0
382.0,320.0
106.0,320.0
760.0,320.0
923.0,320.0
971.0,320.0
403.0,320.0
518.0,320.0
82.0,320.0
120.0,320.0
774.0,321.0
660.0,321.0
607.0,321.0
6.0,321.0
595.0,321.0
147.0,321.0
306.0,321.0
727.0,321.0
626.0,321.0
679.0,321.0
405.0,321.0
177.0,321.0
927.0,322.0
418.0,322.0
840.0,322.0
959.0,322.0
812.0,322.0
950.0,322.0
622.0,322.0
568.0,322.0
377.0,322.0
633.0,322.0
1004.0,322.0
838.0,322.0
914.0,323.0
598.0,323.0
29.0,323.0
623.0,323.0
825.0,323.0
206.0,323.0
256.0,323.0
183.0,323.0
222.0,323.0
81.0,323.0
772.0,323.0
929.0,323.0
983.0,324.0
721.0,324.0
391.0,324.0
928.0,324.0
779.0,324.0
60.0,324.0
666.0,324.0
223.0,324.0
310.0,324.0
886.0,324.0
910.0,324.0
994.0,324.0
778.0,325.0
109.0,325.0
801.0,325.0
451.0,325.0
630.0,325.0
595.0,325.0
190.0,325.0
606.0,325.0
10.0,325.0
727.0,325.0
616.0,325.0
48.0,325.0
438.0,326.0
828.0,326.0
215.0,326.0
842.0,326.0
866.0,326.0
370.0,326.0
867.0,326.0
566.0,326.0
946.0,326.0
473.0,326.0
667.0,326.0
328.0,326.0
266.0,327.0
931.0,327.0
846.0,327.0
718.0,327.0
913.0,327.0
319.0,327.0
638.0,327.0
250.0,327.0
81.0,327.0
642.0,327.0
363.0,327.0
733.0,327.0
781.0,328.0
769.0,328.0
95.0,328.0
1015.0,328.0
41.0,328.0
123.0,328.0
880.0,328.0
425.0,328.0
815.0,328.0
628.0,328.0
897.0,328.0
179.0,328.0
217.0,329.0
651.0,329.0
700.0,329.0
629.0,329.0
1003.0,329.0
838.0,329.0
239.0,329.0
360.0,329.0
154.0,329.0
736.0,329.0
389.0,329.0
552.0,329.0
761.0,330.0
1008.0,330.0
970.0,330.0
123.0,330.0
695.0,330.0
830.0,330.0
1012.0,330.0
196.0,330.0
98.0,330.0
269.0,330.0
828.0,330.0
143.0,330.0
370.0,331.0
890.0,331.0
497.0,331.0
1002.0,331.0
288.0,331.0
313.0,331.0
837.0,331.0
464.0,331.0
907.0,331.0
80.0,331.0
220.0,331.0
210.0,331.0
189.0,332.0
946.0,332.0
27.0,332.0
245.0,332.0
1035.0,332.0
296.0,332.0
575.0,332.0
512.0,332.0
157.0,332.0
603.0,332.0
691.0,332.0
651.0,332.0
312.0,333.0
457.0,333.0
302.0,333.0
849.0,333.0
807.0,333.0
141.0,333.0
625.0,333.0
591.0,333.0
734.0,333.0
277.0,333.0
538.0,333.0
906.0,333.0
575.0,334.0
609.0,334.0
330.0,334.0
167.0,334.0
603.0,334.0
550.0,334.0
860.0,334.0
545.0,334.0
91.0,334.0
1027.0,334.0
513.0,334.0
1009.0,334.0
976.0,335.0
341.0,335.0
1016.0,335.0
326.0,335.0
23.0,335.0
361.0,335.0
642.0,335.0
702.0,335.0
407.0,335.0
1027.0,335.0
245.0,335.0
242.0,335.0
360.0,336.0
538.0,336.0
558.0,336.0
221.0,336.0
533.0,336.0
1035.0,336.0
754.0,336.0
342.0,336.0
668.0,336.0
942.0,336.0
889.0,336.0
4.0,336.0
568.0,337.0
168.0,337.0
651.0,337.0
1016.0,337.0
322.0,337.0
392.0,337.0
777.0,337.0
51.0,337.0
653.0,337.0
194.0,337.0
945.0,337.0
754.0,337.0
439.0,338.0
693.0,338.0
314.0,338.0
930.0,338.0
980.0,338.0
390.0,338.0
796.0,338.0
921.0,338.0
6.0,338.0
237.0,338.0
493.0,338.0
398.0,338.0
514.0,339.0
361.0,339.0
944.0,339.0
472.0,339.0
329.0,339.0
862.0,339.0
907.0,339.0
25.0,339.0
185.0,339.0
440.0,339.0
61.0,339.0
198.0,339.0
743.0,340.0
858.0,340.0
275.0,340.0
650.0,340.0
84.0,340.0
985.0,340.0
849.0,340.0
36.0,340.0
940.0,340.0
269.0,340.0
548.0,340.0
895.0,340.0
989.0,341.0
278.0,341.0
958.0,341.0
581.0,341.0
60.0,341.0
687.0,341.0
490.0,341.0
499.0,341.0
22.0,341.0
1004.0,341.0
395.0,341.0
462.0,341.0
140.0,342.0
699.0,342.0
717.0,342.0
978.0,342.0
675.0,342.0
1025.0,342.0
491.0,342.0
316.0,342.0
939.0,342.0
685.0,342.0
215.0,342.0
534.0,342.0
759.0,343.0
281.0,343.0
880.0,343.0
672.0,343.0
775.0,343.0
258.0,343.0
397.0,343.0
731.0,343.0
344.0,343.0
412.0,343.0
907.0,343.0
919.0,343.0
817.0,344.0
454.0,344.0
245.0,344.0
753.0,344.0
623.0,344.0
227.0,344.0
1017.0,344.0
473.0,344.0
883.0,344.0
67.0,344.0
292.0,344.0
496.0,344.0
85.0,345.0
1033.0,345.0
657.0,345.0
283.0,345.0
252.0,345.0
579.0,345.0
100.0,345.0
315.0,345.0
566.0,345.0
474.0,345.0
104.0,345.0
1025.0,345.0
908.0,346.0
825.0,346.0
60.0,346.0
642.0,346.0
245.0,346.0
455.0,346.0
897.0,346.0
758.0,346.0
271.0,346.0
355.0,346.0
873.0,346.0
260.0,346.0
446.0,347.0
5.0,347.0
497.0,347.0
185.0,347.0
354.0,347.0
882.0,347.0
509.0,347.0
53.0,347.0
822.0,347.0
199.0,347.0
1033.0,347.0
859.0,347.0
924.0,348.0
152.0,348.0
320.0,348.0
382.0,348.0
899.0,348.0
626.0,348.0
683.0,348.0
628.0,348.0
282.0,348.0
3.0,348.0
520.0,348.0
617.0,348.0
809.0,349.0
292.0,349.0
531.0,349.0
241.0,349.0
887.0,349.0
352.0,349.0
614.0,349.0
19.0,349.0
978.0,349.0
938.0,349.0
708.0,349.0
500.0,349.0
235.0,350.0
957.0,350.0
545.0,350.0
311.0,350.0
406.0,350.0
372.0,350.0
797.0,350.0
123.0,350.0
790.0,350.0
16.0,350.0
147.0,350.0
86.0,350.0
121.0,351.0
805.0,351.0
970.0,351.0
149.0,351.0
166.0,351.0
832.0,351.0
509.0,351.0
386.0,351.0
622.0,351.0
1011.0,351.0
712.0,351.0
517.0,351.0
309.0,352.0
232.0,352.0
977.0,352.0
313.0,352.0
47.0,352.0
597.0,352.0
389.0,352.0
351.0,352.0
1011.0,352.0
874.0,352.0
360.0,352.0
252.0,352.0
1005.0,353.0
938.0,353.0
525.0,353.0
584.0,353.0
67.0,353.0
483.0,353.0
683.0,353.0
548.0,353.0
990.0,353.0
1001.0,353.0
2.0,353.0
191.0,353.0
932.0,354.0
550.0,354.0
870.0,354.0
253.0,354.0
400.0,354.0
836.0,354.0
694.0,354.0
740.0,354.0
110.0,354.0
823.0,354.0
57.0,354.0
788.0,354.0
737.0,355.0
996.0,355.0
532.0,355.0
687.0,355.0
79.0,355.0
493.0,355.0
998.0,355.0
960.0,355.0
590.0,355.0
7.0,355.0
702.0,355.0
373.0,355.0
20.0,356.0
653.0,356.0
291.0,356.0
411.0,356.0
887.0,356.0
107.0,356.0
1016.0,356.0
522.0,356.0
820.0,356.0
467.0,356.0
686.0,356.0
93.0,356.0
290.0,357.0
256.0,357.0
842.0,357.0
662.0,357.0
554.0,357.0
91.0,357.0
973.0,357.0
456.0,357.0
119.0,357.0
648.0,357.0
428.0,357.0
913.0,357.0
16.0,358.0
771.0,358.0
201.0,358.0
528.0,358.0
819.0,358.0
885.0,358.0
613.0,358.0
737.0,358.0
641.0,358.0
580.0,358.0
656.0,358.0
126.0,358.0
1017.0,359.0
897.0,359.0
489.0,359.0
29.0,359.0
643.0,359.0
777.0,359.0
445.0,359.0
794.0,359.0
549.0,359.0
780.0,359.0
154.0,359.0
182.0,359.0
140.0,360.0
1007.0,360.0
803.0,360.0
834.0,360.0
196.0,360.0
66.0,360.0
30.0,360.0
1000.0,360.0
146.0,360.0
700.0,360.0
530.0,360.0
0.0,360.0
969.0,361.0
913.0,361.0
725.0,361.0
530.0,361.0
598.0,361.0
609.0,361.0
687.0,361.0
837.0,361.0
283.0,361.0
972.0,361.0
189.0,361.0
233.0,361.0
80.0,362.0
569.0,362.0
64.0,362.0
508.0,362.0
86.0,362.0
358.0,362.0
488.0,362.0
468.0,362.0
646.0,362.0
893.0,362.0
478.0,362.0
286.0,362.0
115.0,363.0
755.0,363.0
294.0,363.0
378.0,363.0
189.0,363.0
247.0,363.0
61.0,363.0
470.0,363.0
429.0,363.0
888.0,363.0
4.0,363.0
919.0,363.0
735.0,364.0
743.0,364.0
367.0,364.0
846.0,364.0
847.0,364.0
927.0,364.0
698.0,364.0
811.0,364.0
1025.0,364.0
154.0,364.0
659.0,364.0
166.0,364.0
614.0,365.0
297.0,365.0
413.0,365.0
207.0,365.0
644.0,365.0
762.0,365.0
576.0,365.0
616.0,365.0
321.0,365.0
715.0,365.0
669.0,365.0
841.0,365.0
83.0,366.0
666.0,366.0
1029.0,366.0
551.0,366.0
75.0,366.0
824.0,366.0
105.0,366.0
492.0,366.0
688.0,366.0
634.0,366.0
457.0,366.0
866.0,366.0
674.0,367.0
278.0,367.0
56.0,367.0
181.0,367.0
829.0,367.0
956.0,367.0
732.0,367.0
360.0,367.0
889.0,367.0
744.0,367.0
61.0,367.0
479.0,367.0
945.0,368.0
464.0,368.0
718.0,368.0
175.0,368.0
902.0,368.0
707.0,368.0
755.0,368.0
1020.0,368.0
372.0,368.0
874.0,368.0
1008.0,368.0
363.0,368.0
323.0,369.0
250.0,369.0
908.0,369.0
825.0,369.0
251.0,369.0
160.0,369.0
245.0,369.0
511.0,369.0
334.0,369.0
170.0,369.0
1017.0,369.0
925.0,369.0
132.0,370.0
1009.0,370.0
368.0,370.0
214.0,370.0
66.0,370.0
286.0,370.0
27.0,370.0
978.0,370.0
459.0,370.0
545.0,370.0
912.0,370.0
718.0,370.0
367.0,371.0
81.0,371.0
356.0,371.0
503.0,371.0
651.0,371.0
977.0,371.0
683.0,371.0
743.0,371.0
770.0,371.0
284.0,371.0
515.0,371.0
364.0,371.0
119.0,372.0
839.0,372.0
874.0,372.0
748.0,372.0
973.0,372.0
220.0,372.0
944.0,372.0
869.0,372.0
924.0,372.0
665.0,372.0
287.0,372.0
215.0,372.0
754.0,373.0
897.0,373.0
1024.0,373.0
573.0,373.0
327.0,373.0
213.0,373.0
875.0,373.0
215.0,373.0
59.0,373.0
409.0,373.0
389.0,373.0
303.0,373.0
778.0,374.0
107.0,374.0
533.0,374.0
911.0,374.0
254.0,374.0
318.0,374.0
570.0,374.0
408.0,374.0
436.0,374.0
159.0,374.0
1006.0,374.0
235.0,374.0
184.0,375.0
669.0,375.0
1002.0,375.0
956.0,375.0
1015.0,375.0
617.0,375.0
588.0,375.0
1022.0,375.0
403.0,375.0
197.0,375.0
786.0,375.0
89.0,375.0
910.0,376.0
429.0,376.0
392.0,376.0
302.0,376.0
851.0,376.0
657.0,376.0
286.0,376.0
792.0,376.0
915.0,376.0
864.0,376.0
52.0,376.0
801.0,376.0
34.0,377.0
533.0,377.0
785.0,377.0
280.0,377.0
874.0,377.0
14.0,377.0
51.0,377.0
697.0,377.0
175.0,377.0
932.0,377.0
75.0,377.0
134.0,377.0
687.0,378.0
482.0,378.0
542.0,378.0
111.0,378.0
1005.0,378.0
447.0,378.0
55.0,378.0
326.0,378.0
890.0,378.0
724.0,378.0
944.0,378.0
734.0,378.0
908.0,379.0
238.0,379.0
729.0,379.0
4.0,379.0
975.0,379.0
1027.0,379.0
399.0,379.0
122.0,379.0
434.0,379.0
410.0,379.0
591.0,379.0
773.0,379.0
395.0,380.0
182.0,380.0
779.0,380.0
461.0,380.0
370.0,380.0
1016.0,380.0
29.0,380.0
467.0,380.0
30.0,380.0
71.0,380.0
959.0,380.0
345.0,380.0
160.0,381.0
236.0,381.0
108.0,381.0
953.0,381.0
897.0,381.0
84.0,381.0
247.0,381.0
443.0,381.0
222.0,381.0
893.0,381.0
119.0,381.0
238.0,381.0
146.0,382.0
715.0,382.0
152.0,382.0
786.0,382.0
128.0,382.0
120.0,382.0
43.0,382.0
899.0,382.0
348.0,382.0
510.0,382.0
782.0,382.0
1000.0,382.0
519.0,383.0
9.0,383.0
301.0,383.0
922.0,383.0
131.0,383.0
250.0,383.0
933.0,383.0
222.0,383.0
22.0,383.0
890.0,383.0
261.0,383.0
66.0,383.0
535.0,384.0
744.0,384.0
363.0,384.0
612.0,384.0
874.0,384.0
79.0,384.0
408.0,384.0
618.0,384.0
943.0,384.0
664.0,384.0
181.0,384.0
126.0,384.0
986.0,385.0
410.0,385.0
750.0,385.0
267.0,385.0
774.0,385.0
515.0,385.0
534.0,385.0
971.0,385.0
712.0,385.0
464.0,385.0
826.0,385.0
724.0,385.0
45.0,386.0
1003.0,386.0
811.0,386.0
53.0,386.0
452.0,386.0
521.0,386.0
137.0,386.0
791.0,386.0
552.0,386.0
647.0,386.0
798.0,386.0
354.0,386.0
235.0,387.0
1021.0,387.0
1019.0,387.0
137.0,387.0
965.0,387.0
57.0,387.0
721.0,387.0
539.0,387.0
102.0,387.0
25.0,387.0
304.0,387.0
680.0,387.0
330.0,388.0
314.0,388.0
16.0,388.0
899.0,388.0
819.0,388.0
856.0,388.0
204.0,388.0
48.0,388.0
436.0,388.0
863.0,388.0
955.0,388.0
184.0,388.0
695.0,389.0
171.0,389.0
287.0,389.0
551.0,389.0
845.0,389.0
887.0,389.0
769.0,389.0
456.0,389.0
668.0,389.0
341.0,389.0
760.0,389.0
637.0,389.0
368.0,390.0
204.0,390.0
314.0,390.0
691.0,390.0
850.0,390.0
490.0,390.0
1007.0,390.0
654.0,390.0
328.0,390.0
230.0,390.0
459.0,390.0
727.0,390.0
886.0,391.0
289.0,391.0
277.0,391.0
631.0,391.0
453.0,391.0
72.0,391.0
235.0,391.0
901.0,391.0
435.0,391.0
149.0,391.0
532.0,391.0
910.0,391.0
277.0,392.0
984.0,392.0
578.0,392.0
653.0,392.0
792.0,392.0
438.0,392.0
186.0,392.0
551.0,392.0
366.0,392.0
219.0,392.0
363.0,392.0
495.0,392.0
312.0,393.0
346.0,393.0
340.0,393.0
384.0,393.0
233.0,393.0
555.0,393.0
817.0,393.0
194.0,393.0
751.0,393.0
310.0,393.0
35.0,393.0
81.0,393.0
279.0,394.0
778.0,394.0
462.0,394.0
250.0,394.0
129.0,394.0
672.0,394.0
185.0,394.0
31.0,394.0
561.0,394.0
461.0,394.0
253.0,394.0
564.0,394.0
9.0,395.0
308.0,395.0
79.0,395.0
361.0,395.0
349.0,395.0
922.0,395.0
816.0,395.0
612.0,395.0
66.0,395.0
120.0,395.0
756.0,395.0
75.0,395.0
544.0,396.0
597.0,396.0
694.0,396.0
719.0,396.0
194.0,396.0
491.0,396.0
227.0,396.0
657.0,396.0
386.0,396.0
171.0,396.0
38.0,396.0
292.0,396.0
534.0,397.0
190.0,397.0
687.0,397.0
343.0,397.0
1000.0,397.0
628.0,397.0
6.0,397.0
790.0,397.0
103.0,397.0
578.0,397.0
958.0,397.0
204.0,397.0
88.0,398.0
561.0,398.0
53.0,398.0
15.0,398.0
904.0,398.0
31.0,398.0
999.0,398.0
338.0,398.0
542.0,398.0
872.0,398.0
62.0,398.0
386.0,398.0
937.0,399.0
874.0,399.0
833.0,399.0
636.0,399.0
599.0,399.0
550.0,399.0
974.0,399.0
330.0,399.0
816.0,399.0
391.0,399.0
303.0,399.0
580.0,399.0
793.0,400.0
811.0,400.0
68.0,400.0
966.0,400.0
677.0,400.0
972.0,400.0
766.0,400.0
331.0,400.0
722.0,400.0
315.0,400.0
452.0,400.0
5.0,400.0
965.0,401.0
786.0,401.0
936.0,401.0
427.0,401.0
343.0,401.0
126.0,401.0
510.0,401.0
827.0,401.0
501.0,401.0
107.0,401.0
508.0,401.0
361.0,401.0
634.0,402.0
410.0,402.0
447.0,402.0
981.0,402.0
268.0,402.0
936.0,402.0
271.0,402.0
937.0,402.0
7.0,402.0
650.0,402.0
36.0,402.0
848.0,402.0
61.0,403.0
348.0,403.0
842.0,403.0
382.0,403.0
839.0,403.0
588.0,403.0
201.0,403.0
595.0,403.0
385.0,403.0
388.0,403.0
320.0,403.0
884.0,403.0
503.0,404.0
12.0,404.0
945.0,404.0
400.0,404.0
978.0,404.0
140.0,404.0
104.0,404.0
292.0,404.0
1021.0,404.0
360.0,404.0
760.0,404.0
867.0,404.0
385.0,405.0
26.0,405.0
712.0,405.0
54.0,405.0
880.0,405.0
504.0,405.0
979.0,405.0
981.0,405.0
342.0,405.0
716.0,405.0
596.0,405.0
828.0,405.0
342.0,406.0
537.0,406.0
43.0,406.0
444.0,406.0
350.0,406.0
184.0,406.0
620.0,406.0
201.0,406.0
652.0,406.0
78.0,406.0
804.0,406.0
297.0,406.0
221.0,407.0
808.0,407.0
368.0,407.0
359.0,407.0
608.0,407.0
142.0,407.0
554.0,407.0
952.0,407.0
869.0,407.0
707.0,407.0
1009.0,407.0
684.0,407.0
1004.0,408.0
331.0,408.0
731.0,408.0
748.0,408.0
900.0,408.0
1024.0,408.0
735.0,408.0
350.0,408.0
463.0,408.0
958.0,408.0
98.0,408.0
226.0,408.0
477.0,409.0
111.0,409.0
556.0,409.0
788.0,409.0
487.0,409.0
1034.0,409.0
323.0,409.0
21.0,409.0
468.0,409.0
800.0,409.0
342.0,409.0
3.0,409.0
346.0,410.0
275.0,410.0
810.0,410.0
985.0,410.0
743.0,410.0
951.0,410.0
334.0,410.0
423.0,410.0
714.0,410.0
70.0,410.0
673.0,410.0
246.0,410.0
50.0,411.0
916.0,411.0
829.0,411.0
554.0,411.0
383.0,411.0
20.0,411.0
742.0,411.0
298.0,411.0
900.0,411.0
231.0,411.0
32.0,411.0
119.0,411.0
497.0,412.0
473.0,412.0
136.0,412.0
805.0,412.0
126.0,412.0
641.0,412.0
944.0,412.0
331.0,412.0
359.0,412.0
206.0,412.0
381.0,412.0
151.0,412.0
802.0,413.0
264.0,413.0
980.0,413.0
57.0,413.0
17.0,413.0
769.0,413.0
209.0,413.0
248.0,413.0
433.0,413.0
325.0,413.0
314.0,413.0
767.0,413.0
341.0,414.0
131.0,414.0
579.0,414.0
868.0,414.0
706.0,414.0
155.0,414.0
4.0,414.0
204.0,414.0
586.0,414.0
554.0,414.0
537.0,414.0
167.0,414.0
168.0,415.0
1030.0,415.0
1008.0,415.0
440.0,415.0
613.0,415.0
136.0,415.0
1000.0,415.0
989.0,415.0
853.0,415.0
553.0,415.0
159.0,415.0
527.0,415.0
772.0,416.0
920.0,416.0
194.0,416.0
1008.0,416.0
183.0,416.0
731.0,416.0
777.0,416.0
266.0,416.0
544.0,416.0
502.0,416.0
118.0,416.0
906.0,416.0
279.0,417.0
436.0,417.0
564.0,417.0
244.0,417.0
215.0,417.0
624.0,417.0
946.0,417.0
967.0,417.0
925.0,417.0
187.0,417.0
996.0,417.0
472.0,417.0
404.0,418.0
793.0,418.0
46.0,418.0
492.0,418.0
1021.0,418.0
766.0,418.0
259.0,418.0
133.0,418.0
927.0,418.0
939.0,418.0
556.0,418.0
517.0,418.0
963.0,419.0
168.0,419.0
11.0,419.0
831.0,419.0
1000.0,419.0
148.0,419.0
0.0,419.0
64.0,419.0
70.0,419.0
619.0,419.0
327.0,419.0
379.0,419.0
440.0,420.0
989.0,420.0
226.0,420.0
438.0,420.0
339.0,420.0
412.0,420.0
581.0,420.0
112.0,420.0
659.0,420.0
455.0,420.0
363.0,420.0
900.0,420.0
22.0,421.0
406.0,421.0
98.0,421.0
385.0,421.0
987.0,421.0
169.0,421.0
528.0,421.0
1035.0,421.0
207.0,421.0
291.0,421.0
962.0,421.0
190.0,421.0
1018.0,422.0
486.0,422.0
783.0,422.0
264.0,422.0
751.0,422.0
141.0,422.0
351.0,422.0
52.0,422.0
529.0,422.0
650.0,422.0
186.0,422.0
324.0,422.0
695.0,423.0
462.0,423.0
528.0,423.0
378.0,423.0
842.0,423.0
504.0,423.0
583.0,423.0
699.0,423.0
607.0,423.0
491.0,423.0
708.0,423.0
283.0,423.0
991.0,424.0
572.0,424.0
304.0,424.0
542.0,424.0
872.0,424.0
976.0,424.0
921.0,424.0
1009.0,424.0
107.0,424.0
690.0,424.0
347.0,424.0
233.0,424.0
745.0,425.0
11.0,425.0
477.0,425.0
153.0,425.0
826.0,425.0
609.0,425.0
430.0,425.0
998.0,425.0
1006.0,425.0
448.0,425.0
774.0,425.0
106.0,425.0
345.0,426.0
722.0,426.0
627.0,426.0
700.0,426.0
432.0,426.0
162.0,426.0
695.0,426.0
446.0,426.0
749.0,426.0
284.0,426.0
1010.0,426.0
255.0,426.0
894.0,427.0
647.0,427.0
309.0,427.0
684.0,427.0
283.0,427.0
512.0,427.0
844.0,427.0
732.0,427.0
862.0,427.0
411.0,427.0
430.0,427.0
902.0,427.0
434.0,428.0
416.0,428.0
746.0,428.0
420.0,428.0
563.0,428.0
835.0,428.0
546.0,428.0
953.0,428.0
327.0,428.0
719.0,428.0
1024.0,428.0
280.0,428.0
140.0,429.0
42.0,429.0
503.0,429.0
692.0,429.0
104.0,429.0
268.0,429.0
340.0,429.0
392.0,429.0
1023.0,429.0
380.0,429.0
25.0,429.0
72.0,429.0
998.0,430.0
16.0,430.0
668.0,430.0
978.0,430.0
283.0,430.0
605.0,430.0
189.0,430.0
276.0,430.0
123.0,430.0
431.0,430.0
245.0,430.0
809.0,430.0
228.0,431.0
119.0,431.0
221.0,431.0
231.0,431.0
217.0,431.0
609.0,431.0
298.0,431.0
522.0,431.0
731.0,431.0
243.0,431.0
332.0,431.0
846.0,431.0
916.0,432.0
793.0,432.0
915.0,432.0
694.0,432.0
255.0,432.0
742.0,432.0
918.0,432.0
199.0,432.0
787.0,432.0
332.0,432.0
85.0,432.0
602.0,432.0
113.0,433.0
442.0,433.0
116.0,433.0
771.0,433.0
583.0,433.0
460.0,433.0
663.0,433.0
467.0,433.0
675.0,433.0
841.0,433.0
595.0,433.0
336.0,433.0
975.0,434.0
707.0,434.0
592.0,434.0
428.0,434.0
188.0,434.0
427.0,434.0
273.0,434.0
310.0,434.0
136.0,434.0
480.0,434.0
1005.0,434.0
357.0,434.0
344.0,435.0
496.0,435.0
22.0,435.0
72.0,435.0
874.0,435.0
1025.0,435.0
79.0,435.0
18.0,435.0
289.0,435.0
1018.0,435.0
273.0,435.0
178.0,435.0
81.0,436.0
126.0,436.0
286.0,436.0
608.0,436.0
138.0,436.0
61.0,436.0
290.0,436.0
969.0,436.0
459.0,436.0
29.0,436.0
127.0,436.0
574.0,436.0
30.0,437.0
120.0,437.0
26.0,437.0
240.0,437.0
601.0,437.0
314.0,437.0
413.0,437.0
798.0,437.0
689.0,437.0
603.0,437.0
874.0,437.0
132.0,437.0
584.0,438.0
707.0,438.0
662.0,438.0
687.0,438.0
863.0,438.0
884.0,438.0
327.0,438.0
756.0,438.0
781.0,438.0
334.0,438.0
368.0,438.0
143.0,438.0
711.0,439.0
239.0,439.0
467.0,439.0
571.0,439.0
832.0,439.0
855.0,439.0
872.0,439.0
433.0,439.0
177.0,439.0
878.0,439.0
798.0,439.0
17.0,439.0
665.0,440.0
98.0,440.0
318.0,440.0
976.0,440.0
764.0,440.0
546.0,440.0
481.0,440.0
430.0,440.0
731.0,440.0
869.0,440.0
522.0,440.0
902.0,440.0
357.0,441.0
882.0,441.0
540.0,441.0
278.0,441.0
93.0,441.0
394.0,441.0
45.0,441.0
518.0,441.0
456.0,441.0
338.0,441.0
38.0,441.0
382.0,441.0
466.0,442.0
866.0,442.0
839.0,442.0
206.0,442.0
440.0,442.0
75.0,442.0
497.0,442.0
95.0,442.0
261.0,442.0
256.0,442.0
805.0,442.0
574.0,442.0
848.0,443.0
478.0,443.0
35.0,443.0
268.0,443.0
380.0,443.0
745.0,443.0
621.0,443.0
247.0,443.0
536.0,443.0
574.0,443.0
135.0,443.0
619.0,443.0
995.0,444.0
270.0,444.0
831.0,444.0
591.0,444.0
169.0,444.0
869.0,444.0
266.0,444.0
384.0,444.0
843.0,444.0
11.0,444.0
745.0,444.0
719.0,444.0
960.0,445.0
683.0,445.0
381.0,445.0
226.0,445.0
431.0,445.0
55.0,445.0
603.0,445.0
711.0,445.0
279.0,445.0
1002.0,445.0
573.0,445.0
1020.0,445.0
539.0,446.0
93.0,446.0
354.0,446.0
452.0,446.0
411.0,446.0
629.0,446.0
264.0,446.0
110.0,446.0
474.0,446.0
24.0,446.0
104.0,446.0
642.0,446.0
39.0,447.0
534.0,447.0
875.0,447.0
911.0,447.0
381.0,447.0
666.0,447.0
702.0,447.0
847.0,447.0
590.0,447.0
1001.0,447.0
303.0,447.0
346.0,447.0
856.0,448.0
362.0,448.0
936.0,448.0
368.0,448.0
776.0,448.0
669.0,448.0
270.0,448.0
86.0,448.0
311.0,448.0
782.0,448.0
613.0,448.0
43.0,448.0
307.0,449.0
266.0,449.0
970.0,449.0
286.0,449.0
211.0,449.0
111.0,449.0
820.0,449.0
950.0,449.0
235.0,449.0
1030.0,449.0
803.0,449.0
852.0,449.0
128.0,450.0
266.0,450.0
537.0,450.0
213.0,450.0
385.0,450.0
32.0,450.0
210.0,450.0
781.0,450.0
652.0,450.0
827.0,450.0
656.0,450.0
571.0,450.0
1021.0,451.0
54.0,451.0
365.0,451.0
685.0,451.0
398.0,451.0
413.0,451.0
230.0,451.0
147.0,451.0
481.0,451.0
304.0,451.0
518.0,451.0
153.0,451.0
778.0,452.0
264.0,452.0
315.0,452.0
870.0,452.0
57.0,452.0
864.0,452.0
623.0,452.0
352.0,452.0
847.0,452.0
1025.0,452.0
752.0,452.0
834.0,452.0
76.0,453.0
873.0,453.0
428.0,453.0
724.0,453.0
905.0,453.0
502.0,453.0
344.0,453.0
435.0,453.0
186.0,453.0
14.0,453.0
898.0,453.0
858.0,453.0
594.0,454.0
883.0,454.0
792.0,454.0
812.0,454.0
671.0,454.0
1024.0,454.0
309.0,454.0
323.0,454.0
308.0,454.0
657.0,454.0
806.0,454.0
245.0,454.0
250.0,455.0
443.0,455.0
76.0,455.0
82.0,455.0
1005.0,455.0
816.0,455.0
973.0,455.0
130.0,455.0
962.0,455.0
116.0,455.0
952.0,455.0
227.0,455.0
97.0,456.0
545.0,456.0
131.0,456.0
449.0,456.0
552.0,456.0
95.0,456.0
88.0,456.0
853.0,456.0
912.0,456.0
338.0,456.0
862.0,456.0
484.0,456.0
27.0,457.0
391.0,457.0
422.0,457.0
14.0,457.0
453.0,457.0
165.0,457.0
1001.0,457.0
544.0,457.0
992.0,457.0
806.0,457.0
807.0,457.0
698.0,457.0
855.0,458.0
655.0,458.0
1002.0,458.0
490.0,458.0
975.0,458.0
1007.0,458.0
182.0,458.0
220.0,458.0
299.0,458.0
685.0,458.0
500.0,458.0
248.0,458.0
433.0,459.0
17.0,459.0
786.0,459.0
1027.0,459.0
388.0,459.0
863.0,459.0
842.0,459.0
574.0,459.0
477.0,459.0
125.0,459.0
390.0,459.0
321.0,459.0
117.0,460.0
720.0,460.0
20.0,460.0
248.0,460.0
558.0,460.0
559.0,460.0
550.0,460.0
405.0,460.0
102.0,460.0
847.0,460.0
592.0,460.0
747.0,460.0
904.0,461.0
689.0,461.0
561.0,461.0
978.0,461.0
930.0,461.0
872.0,461.0
316.0,461.0
449.0,461.0
586.0,461.0
137.0,461.0
865.0,461.0
161.0,461.0
718.0,462.0
865.0,462.0
327.0,462.0
534.0,462.0
304.0,462.0
587.0,462.0
924.0,462.0
309.0,462.0
1027.0,462.0
299.0,462.0
821.0,462.0
42.0,462.0
75.0,463.0
218.0,463.0
556.0,463.0
1027.0,463.0
845.0,463.0
964.0,463.0
1031.0,463.0
279.0,463.0
151.0,463.0
684.0,463.0
78.0,463.0
515.0,463.0
213.0,464.0
473.0,464.0
792.0,464.0
279.0,464.0
442.0,464.0
665.0,464.0
460.0,464.0
483.0,464.0
985.0,464.0
138.0,464.0
181.0,464.0
256.0,464.0
29.0,465.0
535.0,465.0
952.0,465.0
297.0,465.0
962.0,465.0
445.0,465.0
412.0,465.0
444.0,465.0
646.0,465.0
266.0,465.0
96.0,465.0
236.0,465.0
890.0,466.0
408.0,466.0
107.0,466.0
533.0,466.0
852.0,466.0
584.0,466.0
304.0,466.0
221.0,466.0
261.0,466.0
881.0,466.0
146.0,466.0
226.0,466.0
164.0,467.0
211.0,467.0
458.0,467.0
969.0,467.0
360.0,467.0
121.0,467.0
763.0,467.0
856.0,467.0
413.0,467.0
31.0,467.0
830.0,467.0
491.0,467.0
1006.0,468.0
54.0,468.0
89.0,468.0
613.0,468.0
715.0,468.0
644.0,468.0
451.0,468.0
406.0,468.0
885.0,468.0
86.0,468.0
448.0,468.0
786.0,468.0
681.0,469.0
550.0,469.0
253.0,469.0
41.0,469.0
48.0,469.0
639.0,469.0
55.0,469.0
947.0,469.0
417.0,469.0
878.0,469.0
139.0,469.0
1002.0,469.0
167.0,470.0
91.0,470.0
256.0,470.0
614.0,470.0
559.0,470.0
253.0,470.0
218.0,470.0
837.0,470.0
149.0,470.0
179.0,470.0
95.0,470.0
37.0,470.0
578.0,471.0
622.0,471.0
46.0,471.0
793.0,471.0
529.0,471.0
429.0,471.0
49.0,471.0
834.0,471.0
779.0,471.0
337.0,471.0
354.0,471.0
396.0,471.0
838.0,472.0
633.0,472.0
34.0,472.0
1013.0,472.0
653.0,472.0
51.0,472.0
852.0,472.0
864.0,472.0
366.0,472.0
371.0,472.0
168.0,472.0
655.0,472.0
883.0,473.0
33.0,473.0
887.0,473.0
287.0,473.0
156.0,473.0
609.0,473.0
339.0,473.0
863.0,473.0
991.0,473.0
795.0,473.0
575.0,473.0
215.0,473.0
587.0,474.0
400.0,474.0
166.0,474.0
387.0,474.0
199.0,474.0
414.0,474.0
322.0,474.0
426.0,474.0
446.0,474.0
485.0,474.0
1.0,474.0
999.0,474.0
914.0,475.0
157.0,475.0
794.0,475.0
912.0,475.0
743.0,475.0
510.0,475.0
428.0,475.0
609.0,475.0
196.0,475.0
218.0,475.0
357.0,475.0
66.0,475.0
677.0,476.0
647.0,476.0
704.0,476.0
505.0,476.0
968.0,476.0
547.0,476.0
133.0,476.0
408.0,476.0
392.0,476.0
739.0,476.0
87.0,476.0
386.0,476.0
143.0,477.0
160.0,477.0
7.0,477.0
981.0,477.0
724.0,477.0
0.0,477.0
375.0,477.0
745.0,477.0
719.0,477.0
986.0,477.0
526.0,477.0
641.0,477.0
143.0,478.0
108.0,478.0
794.0,478.0
504.0,478.0
401.0,478.0
857.0,478.0
381.0,478.0
358.0,478.0
569.0,478.0
931.0,478.0
893.0,478.0
719.0,478.0
708.0,479.0
538.0,479.0
504.0,479.0
486.0,479.0
157.0,479.0
137.0,479.0
787.0,479.0
24.0,479.0
4.0,479.0
760.0,479.0
540.0,479.0
253.0,479.0
444.0,480.0
448.0,480.0
313.0,480.0
645.0,480.0
148.0,480.0
510.0,480.0
580.0,480.0
336.0,480.0
819.0,480.0
535.0,480.0
59.0,480.0
11.0,480.0
354.0,481.0
624.0,481.0
561.0,481.0
968.0,481.0
967.0,481.0
467.0,481.0
318.0,481.0
400.0,481.0
853.0,481.0
497.0,481.0
130.0,481.0
950.0,481.0
877.0,482.0
0.0,482.0
310.0,482.0
193.0,482.0
210.0,482.0
112.0,482.0
205.0,482.0
357.0,482.0
524.0,482.0
427.0,482.0
428.0,482.0
739.0,482.0
952.0,483.0
731.0,483.0
985.0,483.0
454.0,483.0
537.0,483.0
759.0,483.0
175.0,483.0
764.0,483.0
519.0,483.0
123.0,483.0
848.0,483.0
692.0,483.0
611.0,484.0
614.0,484.0
305.0,484.0
735.0,484.0
132.0,484.0
989.0,484.0
208.0,484.0
403.0,484.0
150.0,484.0
54.0,484.0
318.0,484.0
941.0,484.0
784.0,485.0
822.0,485.0
202.0,485.0
739.0,485.0
871.0,485.0
968.0,485.0
647.0,485.0
225.0,485.0
811.0,485.0
743.0,485.0
734.0,485.0
694.0,485.0
539.0,486.0
691.0,486.0
278.0,486.0
977.0,486.0
329.0,486.0
395.0,486.0
637.0,486.0
939.0,486.0
103.0,486.0
497.0,486.0
93.0,486.0
353.0,486.0
448.0,487.0
480.0,487.0
350.0,487.0
754.0,487.0
297.0,487.0
710.0,487.0
478.0,487.0
419.0,487.0
943.0,487.0
613.0,487.0
282.0,487.0
585.0,487.0
128.0,488.0
613.0,488.0
358.0,488.0
342.0,488.0
885.0,488.0
448.0,488.0
409.0,488.0
21.0,488.0
744.0,488.0
857.0,488.0
90.0,488.0
1022.0,488.0
701.0,489.0
714.0,489.0
812.0,489.0
686.0,489.0
610.0,489.0
32.0,489.0
910.0,489.0
210.0,489.0
634.0,489.0
60.0,489.0
848.0,489.0
457.0,489.0
253.0,490.0
6.0,490.0
782.0,490.0
545.0,490.0
199.0,490.0
239.0,490.0
863.0,490.0
630.0,490.0
328.0,490.0
365.0,490.0
132.0,490.0
606.0,490.0
959.0,491.0
309.0,491.0
982.0,491.0
146.0,491.0
438.0,491.0
524.0,491.0
473.0,491.0
897.0,491.0
629.0,491.0
414.0,491.0
575.0,491.0
332.0,491.0
186.0,492.0
322.0,492.0
973.0,492.0
57.0,492.0
44.0,492.0
925.0,492.0
920.0,492.0
655.0,492.0
678.0,492.0
227.0,492.0
221.0,492.0
50.0,492.0
973.0,493.0
986.0,493.0
795.0,493.0
556.0,493.0
740.0,493.0
804.0,493.0
69.0,493.0
330.0,493.0
27.0,493.0
29.0,493.0
558.0,493.0
320.0,493.0
611.0,494.0
603.0,494.0
332.0,494.0
470.0,494.0
504.0,494.0
198.0,494.0
336.0,494.0
756.0,494.0
690.0,494.0
868.0,494.0
193.0,494.0
659.0,494.0
231.0,495.0
586.0,495.0
105.0,495.0
529.0,495.0
49.0,495.0
792.0,495.0
525.0,495.0
149.0,495.0
1024.0,495.0
653.0,495.0
851.0,495.0
20.0,495.0
697.0,496.0
977.0,496.0
276.0,496.0
525.0,496.0
666.0,496.0
489.0,496.0
755.0,496.0
76.0,496.0
719.0,496.0
463.0,496.0
194.0,496.0
250.0,496.0
558.0,497.0
1025.0,497.0
232.0,497.0
428.0,497.0
154.0,497.0
748.0,497.0
127.0,497.0
920.0,497.0
168.0,497.0
607.0,497.0
755.0,497.0
411.0,497.0
909.0,498.0
103.0,498.0
53.0,498.0
738.0,498.0
28.0,498.0
55.0,498.0
547.0,498.0
335.0,498.0
516.0,498.0
564.0,498.0
167.0,498.0
418.0,498.0
115.0,499.0
1000.0,499.0
618.0,499.0
760.0,499.0
514.0,499.0
655.0,499.0
127.0,499.0
749.0,499.0
1004.0,499.0
438.0,499.0
664.0,499.0
719.0,499.0
791.0,500.0
456.0,500.0
97.0,500.0
946.0,500.0
9.0,500.0
975.0,500.0
869.0,500.0
390.0,500.0
830.0,500.0
113.0,500.0
290.0,500.0
259.0,500.0
98.0,501.0
563.0,501.0
374.0,501.0
165.0,501.0
481.0,501.0
211.0,501.0
119.0,501.0
170.0,501.0
61.0,501.0
438.0,501.0
15.0,501.0
698.0,501.0
435.0,502.0
891.0,502.0
522.0,502.0
246.0,502.0
929.0,502.0
483.0,502.0
643.0,502.0
804.0,502.0
1006.0,502.0
1013.0,502.0
38.0,502.0
906.0,502.0
282.0,503.0
103.0,503.0
691.0,503.0
748.0,503.0
577.0,503.0
1003.0,503.0
359.0,503.0
415.0,503.0
1029.0,503.0
269.0,503.0
969.0,503.0
922.0,503.0
722.0,504.0
840.0,504.0
1014.0,504.0
280.0,504.0
332.0,504.0
473.0,504.0
756.0,504.0
283.0,504.0
754.0,504.0
155.0,504.0
902.0,504.0
912.0,504.0
671.0,505.0
809.0,505.0
643.0,505.0
703.0,505.0
441.0,505.0
474.0,505.0
472.0,505.0
639.0,505.0
134.0,505.0
793.0,505.0
233.0,505.0
657.0,505.0
778.0,506.0
572.0,506.0
870.0,506.0
133.0,506.0
803.0,506.0
337.0,506.0
887.0,506.0
931.0,506.0
524.0,506.0
426.0,506.0
934.0,506.0
292.0,506.0
541.0,507.0
82.0,507.0
96.0,507.0
250.0,507.0
431.0,507.0
747.0,507.0
562.0,507.0
744.0,507.0
367.0,507.0
764.0,507.0
718.0,507.0
13.0,507.0
254.0,508.0
752.0,508.0
932.0,508.0
297.0,508.0
478.0,508.0
174.0,508.0
148.0,508.0
926.0,508.0
827.0,508.0
170.0,508.0
528.0,508.0
270.0,508.0
345.0,509.0
871.0,509.0
140.0,509.0
31.0,509.0
329.0,509.0
93.0,509.0
456.0,509.0
15.0,509.0
993.0,509.0
441.0,509.0
805.0,509.0
278.0,509.0
800.0,510.0
757.0,510.0
615.0,510.0
656.0,510.0
938.0,510.0
397.0,510.0
745.0,510.0
282.0,510.0
180.0,510.0
679.0,510.0
6.0,510.0
574.0,510.0
74.0,511.0
310.0,511.0
443.0,511.0
532.0,511.0
933.0,511.0
960.0,511.0
2.0,511.0
251.0,511.0
965.0,511.0
707.0,511.0
374.0,511.0
431.0,511.0
523.0,512.0
155.0,512.0
743.0,512.0
531.0,512.0
705.0,512.0
445.0,512.0
880.0,512.0
383.0,512.0
504.0,512.0
804.0,512.0
805.0,512.0
948.0,512.0
367.0,513.0
922.0,513.0
157.0,513.0
1029.0,513.0
442.0,513.0
533.0,513.0
429.0,513.0
20.0,513.0
220.0,513.0
27.0,513.0
620.0,513.0
845.0,513.0
513.0,514.0
430.0,514.0
502.0,514.0
865.0,514.0
830.0,514.0
1018.0,514.0
994.0,514.0
396.0,514.0
815.0,514.0
923.0,514.0
558.0,514.0
466.0,514.0
746.0,515.0
973.0,515.0
384.0,515.0
466.0,515.0
431.0,515.0
218.0,515.0
23.0,515.0
646.0,515.0
298.0,515.0
924.0,515.0
594.0,515.0
546.0,515.0
87.0,516.0
901.0,516.0
47.0,516.0
486.0,516.0
977.0,516.0
29.0,516.0
20.0,516.0
612.0,516.0
783.0,516.0
411.0,516.0
73.0,516.0
921.0,516.0
354.0,517.0
561.0,517.0
907.0,517.0
815.0,517.0
694.0,517.0
423.0,517.0
239.0,517.0
739.0,517.0
722.0,517.0
705.0,517.0
572.0,517.0
939.0,517.0
629.0,518.0
1023.0,518.0
524.0,518.0
868.0,518.0
1016.0,518.0
699.0,518.0
614.0,518.0
941.0,518.0
888.0,518.0
389.0,518.0
855.0,518.0
821.0,518.0
631.0,519.0
661.0,519.0
271.0,519.0
455.0,519.0
511.0,519.0
402.0,519.0
340.0,519.0
272.0,519.0
825.0,519.0
223.0,519.0
178.0,519.0
566.0,519.0
1015.0,520.0
899.0,520.0
321.0,520.0
802.0,520.0
654.0,520.0
737.0,520.0
375.0,520.0
40.0,520.0
601.0,520.0
606.0,520.0
842.0,520.0
1026.0,520.0
889.0,521.0
879.0,521.0
225.0,521.0
602.0,521.0
882.0,521.0
639.0,521.0
8.0,521.0
216.0,521.0
927.0,521.0
199.0,521.0
822.0,521.0
100.0,521.0
1003.0,522.0
104.0,522.0
919.0,522.0
319.0,522.0
566.0,522.0
504.0,522.0
592.0,522.0
363.0,522.0
574.0,522.0
15.0,522.0
73.0,522.0
334.0,522.0
857.0,523.0
942.0,523.0
384.0,523.0
543.0,523.0
724.0,523.0
881.0,523.0
721.0,523.0
665.0,523.0
749.0,523.0
421.0,523.0
860.0,523.0
436.0,523.0
744.0,524.0
1019.0,524.0
581.0,524.0
55.0,524.0
919.0,524.0
944.0,524.0
756.0,524.0
769.0,524.0
973.0,524.0
830.0,524.0
494.0,524.0
894.0,524.0
269.0,525.0
367.0,525.0
674.0,525.0
472.0,525.0
932.0,525.0
257.0,525.0
245.0,525.0
686.0,525.0
927.0,525.0
554.0,525.0
182.0,525.0
972.0,525.0
750.0,526.0
720.0,526.0
1022.0,526.0
361.0,526.0
362.0,526.0
676.0,526.0
311.0,526.0
919.0,526.0
615.0,526.0
350.0,526.0
854.0,526.0
126.0,526.0
110.0,527.0
159.0,527.0
211.0,527.0
93.0,527.0
112.0,527.0
544.0,527.0
57.0,527.0
574.0,527.0
968.0,527.0
266.0,527.0
748.0,527.0
793.0,527.0
204.0,528.0
417.0,528.0
998.0,528.0
649.0,528.0
963.0,528.0
894.0,528.0
617.0,528.0
723.0,528.0
22.0,528.0
1024.0,528.0
889.0,528.0
116.0,528.0
124.0,529.0
521.0,529.0
703.0,529.0
497.0,529.0
495.0,529.0
597.0,529.0
429.0,529.0
471.0,529.0
608.0,529.0
806.0,529.0
72.0,529.0
377.0,529.0
601.0,530.0
865.0,530.0
933.0,530.0
56.0,530.0
684.0,530.0
1019.0,530.0
1012.0,530.0
852.0,530.0
1031.0,530.0
586.0,530.0
1024.0,530.0
103.0,530.0
538.0,531.0
890.0,531.0
731.0,531.0
409.0,531.0
832.0,531.0
683.0,531.0
554.0,531.0
755.0,531.0
945.0,531.0
862.0,531.0
845.0,531.0
777.0,531.0
39.0,532.0
773.0,532.0
761.0,532.0
402.0,532.0
670.0,532.0
661.0,532.0
33.0,532.0
619.0,532.0
876.0,532.0
235.0,532.0
951.0,532.0
741.0,532.0
646.0,533.0
690.0,533.0
753.0,533.0
884.0,533.0
711.0,533.0
221.0,533.0
781.0,533.0
530.0,533.0
143.0,533.0
903.0,533.0
479.0,533.0
755.0,533.0
839.0,534.0
193.0,534.0
652.0,534.0
258.0,534.0
90.0,534.0
323.0,534.0
180.0,534.0
749.0,534.0
990.0,534.0
611.0,534.0
620.0,534.0
317.0,534.0
937.0,535.0
591.0,535.0
218.0,535.0
960.0,535.0
810.0,535.0
588.0,535.0
940.0,535.0
355.0,535.0
649.0,535.0
399.0,535.0
11.0,535.0
569.0,535.0
393.0,536.0
475.0,536.0
359.0,536.0
932.0,536.0
1027.0,536.0
956.0,536.0
355.0,536.0
1001.0,536.0
291.0,536.0
760.0,536.0
537.0,536.0
634.0,536.0
938.0,537.0
877.0,537.0
538.0,537.0
466.0,537.0
1027.0,537.0
570.0,537.0
473.0,537.0
1013.0,537.0
273.0,537.0
897.0,537.0
140.0,537.0
318.0,537.0
790.0,538.0
339.0,538.0
744.0,538.0
431.0,538.0
920.0,538.0
308.0,538.0
182.0,538.0
334.0,538.0
469.0,538.0
527.0,538.0
509.0,538.0
189.0,538.0
221.0,539.0
542.0,539.0
785.0,539.0
339.0,539.0
75.0,539.0
163.0,539.0
486.0,539.0
895.0,539.0
104.0,539.0
482.0,539.0
449.0,539.0
430.0,539.0
931.0,540.0
815.0,540.0
987.0,540.0
539.0,540.0
235.0,540.0
167.0,540.0
756.0,540.0
304.0,540.0
884.0,540.0
328.0,540.0
885.0,540.0
449.0,540.0
991.0,541.0
690.0,541.0
1029.0,541.0
920.0,541.0
785.0,541.0
60.0,541.0
368.0,541.0
80.0,541.0
902.0,541.0
331.0,541.0
183.0,541.0
275.0,541.0
441.0,542.0
732.0,542.0
553.0,542.0
791.0,542.0
544.0,542.0
292.0,542.0
95.0,542.0
205.0,542.0
334.0,542.0
62.0,542.0
696.0,542.0
967.0,542.0
169.0,543.0
61.0,543.0
512.0,543.0
181.0,543.0
955.0,543.0
1030.0,543.0
273.0,543.0
374.0,543.0
470.0,543.0
242.0,543.0
384.0,543.0
82.0,543.0
337.0,544.0
674.0,544.0
548.0,544.0
623.0,544.0
512.0,544.0
653.0,544.0
361.0,544.0
141.0,544.0
435.0,544.0
344.0,544.0
79.0,544.0
643.0,544.0
243.0,545.0
574.0,545.0
640.0,545.0
884.0,545.0
470.0,545.0
727.0,545.0
652.0,545.0
78.0,545.0
1035.0,545.0
68.0,545.0
926.0,545.0
475.0,545.0
503.0,546.0
205.0,546.0
523.0,546.0
61.0,546.0
44.0,546.0
536.0,546.0
594.0,546.0
354.0,546.0
1019.0,546.0
1010.0,546.0
112.0,546.0
208.0,546.0
377.0,547.0
927.0,547.0
94.0,547.0
657.0,547.0
846.0,547.0
476.0,547.0
1021.0,547.0
208.0,547.0
538.0,547.0
1004.0,547.0
993.0,547.0
568.0,547.0
577.0,548.0
238.0,548.0
194.0,548.0
191.0,548.0
1001.0,548.0
294.0,548.0
893.0,548.0
215.0,548.0
1028.0,548.0
610.0,548.0
886.0,548.0
706.0,548.0
429.0,549.0
823.0,549.0
143.0,549.0
916.0,549.0
1008.0,549.0
266.0,549.0
213.0,549.0
416.0,549.0
364.0,549.0
804.0,549.0
920.0,549.0
1007.0,549.0
862.0,550.0
436.0,550.0
218.0,550.0
543.0,550.0
143.0,550.0
884.0,550.0
869.0,550.0
372.0,550.0
684.0,550.0
326.0,550.0
330.0,550.0
150.0,550.0
704.0,551.0
498.0,551.0
400.0,551.0
623.0,551.0
422.0,551.0
910.0,551.0
376.0,551.0
186.0,551.0
721.0,551.0
671.0,551.0
700.0,551.0
229.0,551.0
163.0,552.0
731.0,552.0
565.0,552.0
50.0,552.0
309.0,552.0
440.0,552.0
360.0,552.0
24.0,552.0
228.0,552.0
371.0,552.0
414.0,552.0
481.0,552.0
504.0,553.0
357.0,553.0
931.0,553.0
29.0,553.0
103.0,553.0
1008.0,553.0
331.0,553.0
672.0,553.0
772.0,553.0
1029.0,553.0
749.0,553.0
530.0,553.0
913.0,554.0
420.0,554.0
744.0,554.0
586.0,554.0
67.0,554.0
863.0,554.0
442.0,554.0
691.0,554.0
924.0,554.0
298.0,554.0
112.0,554.0
81.0,554.0
1001.0,555.0
908.0,555.0
235.0,555.0
124.0,555.0
35.0,555.0
951.0,555.0
711.0,555.0
118.0,555.0
582.0,555.0
14.0,555.0
634.0,555.0
289.0,555.0
0.0,556.0
805.0,556.0
394.0,556.0
224.0,556.0
220.0,556.0
462.0,556.0
198.0,556.0
672.0,556.0
954.0,556.0
431.0,556.0
209.0,556.0
258.0,556.0
785.0,557.0
294.0,557.0
977.0,557.0
825.0,557.0
696.0,557.0
191.0,557.0
272.0,557.0
577.0,557.0
138.0,557.0
111.0,557.0
332.0,557.0
356.0,557.0
163.0,558.0
48.0,558.0
193.0,558.0
522.0,558.0
276.0,558.0
324.0,558.0
484.0,558.0
427.0,558.0
856.0,558.0
754.0,558.0
931.0,558.0
863.0,558.0
667.0,559.0
919.0,559.0
301.0,559.0
721.0,559.0
454.0,559.0
69.0,559.0
395.0,559.0
420.0,559.0
856.0,559.0
278.0,559.0
261.0,559.0
828.0,559.0
374.0,560.0
377.0,560.0
453.0,560.0
482.0,560.0
175.0,560.0
310.0,560.0
906.0,560.0
525.0,560.0
301.0,560.0
245.0,560.0
399.0,560.0
264.0,560.0
930.0,561.0
100.0,561.0
781.0,561.0
417.0,561.0
641.0,561.0
351.0,561.0
469.0,561.0
395.0,561.0
763.0,561.0
777.0,561.0
572.0,561.0
452.0,561.0
262.0,562.0
705.0,562.0
160.0,562.0
397.0,562.0
727.0,562.0
320.0,562.0
857.0,562.0
786.0,562.0
17.0,562.0
720.0,562.0
212.0,562.0
830.0,562.0
190.0,563.0
537.0,563.0
119.0,563.0
334.0,563.0
565.0,563.0
319.0,563.0
634.0,563.0
224.0,563.0
357.0,563.0
115.0,563.0
462.0,563.0
835.0,563.0
958.0,564.0
725.0,564.0
732.0,564.0
153.0,564.0
989.0,564.0
874.0,564.0
65.0,564.0
403.0,564.0
320.0,564.0
925.0,564.0
458.0,564.0
609.0,564.0
570.0,565.0
738.0,565.0
4.0,565.0
208.0,565.0
243.0,565.0
691.0,565.0
902.0,565.0
1009.0,565.0
479.0,565.0
12.0,565.0
549.0,565.0
920.0,565.0
768.0,566.0
764.0,566.0
710.0,566.0
919.0,566.0
171.0,566.0
510.0,566.0
1027.0,566.0
107.0,566.0
925.0,566.0
136.0,566.0
161.0,566.0
994.0,566.0
1023.0,567.0
788.0,567.0
129.0,567.0
763.0,567.0
1011.0,567.0
458.0,567.0
12.0,567.0
1017.0,567.0
314.0,567.0
343.0,567.0
185.0,567.0
467.0,567.0
472.0,568.0
599.0,568.0
713.0,568.0
792.0,568.0
277.0,568.0
178.0,568.0
913.0,568.0
223.0,568.0
105.0,568.0
600.0,568.0
697.0,568.0
865.0,568.0
247.0,569.0
580.0,569.0
238.0,569.0
265.0,569.0
1006.0,569.0
343.0,569.0
535.0,569.0
493.0,569.0
638.0,569.0
213.0,569.0
127.0,569.0
598.0,569.0
721.0,570.0
573.0,570.0
861.0,570.0
277.0,570.0
334.0,570.0
361.0,570.0
739.0,570.0
168.0,570.0
748.0,570.0
608.0,570.0
696.0,570.0
1024.0,570.0
124.0,571.0
862.0,571.0
839.0,571.0
754.0,571.0
360.0,571.0
990.0,571.0
169.0,571.0
499.0,571.0
310.0,571.0
438.0,571.0
803.0,571.0
907.0,571.0
918.0,572.0
822.0,572.0
93.0,572.0
387.0,572.0
24.0,572.0
164.0,572.0
456.0,572.0
240.0,572.0
204.0,572.0
462.0,572.0
140.0,572.0
818.0,572.0
131.0,573.0
258.0,573.0
78.0,573.0
712.0,573.0
756.0,573.0
368.0,573.0
837.0,573.0
643.0,573.0
412.0,573.0
964.0,573.0
43.0,573.0
359.0,573.0
1031.0,574.0
971.0,574.0
151.0,574.0
755.0,574.0
711.0,574.0
176.0,574.0
795.0,574.0
890.0,574.0
942.0,574.0
67.0,574.0
759.0,574.0
1006.0,574.0
427.0,575.0
205.0,575.0
668.0,575.0
233.0,575.0
1008.0,575.0
687.0,575.0
9.0,575.0
27.0,575.0
266.0,575.0
655.0,575.0
497.0,575.0
498.0,575.0
957.0,576.0
604.0,576.0
299.0,576.0
683.0,576.0
606.0,576.0
31.0,576.0
153.0,576.0
798.0,576.0
626.0,576.0
48.0,576.0
541.0,576.0
945.0,576.0
1019.0,577.0
840.0,577.0
292.0,577.0
253.0,577.0
647.0,577.0
717.0,577.0
795.0,577.0
20.0,577.0
687.0,577.0
991.0,577.0
241.0,577.0
172.0,577.0
598.0,578.0
416.0,578.0
27.0,578.0
916.0,578.0
430.0,578.0
138.0,578.0
949.0,578.0
913.0,578.0
44.0,578.0
620.0,578.0
454.0,578.0
125.0,578.0
441.0,579.0
424.0,579.0
791.0,579.0
1023.0,579.0
278.0,579.0
87.0,579.0
822.0,579.0
57.0,579.0
413.0,579.0
53.0,579.0
572.0,579.0
130.0,579.0
212.0,580.0
752.0,580.0
288.0,580.0
434.0,580.0
645.0,580.0
987.0,580.0
646.0,580.0
478.0,580.0
285.0,580.0
299.0,580.0
995.0,580.0
649.0,580.0
969.0,581.0
706.0,581.0
944.0,581.0
586.0,581.0
622.0,581.0
785.0,581.0
24.0,581.0
756.0,581.0
380.0,581.0
1014.0,581.0
793.0,581.0
189.0,581.0
272.0,582.0
730.0,582.0
674.0,582.0
548.0,582.0
35.0,582.0
289.0,582.0
300.0,582.0
876.0,582.0
18.0,582.0
909.0,582.0
275.0,582.0
271.0,582.0
456.0,583.0
756.0,583.0
424.0,583.0
491.0,583.0
718.0,583.0
839.0,583.0
877.0,583.0
571.0,583.0
828.0,583.0
706.0,583.0
658.0,583.0
80.0,583.0
950.0,584.0
687.0,584.0
168.0,584.0
973.0,584.0
150.0,584.0
16.0,584.0
892.0,584.0
863.0,584.0
921.0,584.0
890.0,584.0
12.0,584.0
888.0,584.0
142.0,585.0
444.0,585.0
473.0,585.0
776.0,585.0
510.0,585.0
236.0,585.0
745.0,585.0
986.0,585.0
425.0,585.0
717.0,585.0
487.0,585.0
613.0,585.0
442.0,586.0
380.0,586.0
438.0,586.0
127.0,586.0
637.0,586.0
66.0,586.0
466.0,586.0
603.0,586.0
415.0,586.0
695.0,586.0
672.0,586.0
737.0,586.0
63.0,587.0
94.0,587.0
426.0,587.0
185.0,587.0
230.0,587.0
793.0,587.0
822.0,587.0
446.0,587.0
871.0,587.0
993.0,587.0
140.0,587.0
423.0,587.0
518.0,588.0
68.0,588.0
409.0,588.0
282.0,588.0
54.0,588.0
403.0,588.0
89.0,588.0
1026.0,588.0
902.0,588.0
717.0,588.0
899.0,588.0
47.0,588.0
645.0,589.0
937.0,589.0
7.0,589.0
670.0,589.0
381.0,589.0
535.0,589.0
928.0,589.0
247.0,589.0
788.0,589.0
761.0,589.0
658.0,589.0
598.0,589.0
666.0,590.0
470.0,590.0
223.0,590.0
340.0,590.0
156.0,590.0
817.0,590.0
410.0,590.0
650.0,590.0
825.0,590.0
157.0,590.0
213.0,590.0
633.0,590.0
893.0,591.0
288.0,591.0
151.0,591.0
962.0,591.0
447.0,591.0
329.0,591.0
659.0,591.0
383.0,591.0
212.0,591.0
971.0,591.0
854.0,591.0
477.0,591.0
566.0,592.0
774.0,592.0
980.0,592.0
466.0,592.0
492.0,592.0
764.0,592.0
167.0,592.0
658.0,592.0
414.0,592.0
902.0,592.0
111.0,592.0
212.0,592.0
581.0,593.0
760.0,593.0
865.0,593.0
538.0,593.0
822.0,593.0
97.0,593.0
859.0,593.0
601.0,593.0
862.0,593.0
918.0,593.0
663.0,593.0
871.0,593.0
1030.0,594.0
81.0,594.0
706.0,594.0
581.0,594.0
666.0,594.0
1008.0,594.0
420.0,594.0
442.0,594.0
546.0,594.0
75.0,594.0
273.0,594.0
919.0,594.0
382.0,595.0
89.0,595.0
630.0,595.0
433.0,595.0
438.0,595.0
604.0,595.0
301.0,595.0
144.0,595.0
726.0,595.0
92.0,595.0
365.0,595.0
617.0,595.0
611.0,596.0
408.0,596.0
609.0,596.0
1023.0,596.0
964.0,596.0
167.0,596.0
1008.0,596.0
306.0,596.0
717.0,596.0
1020.0,596.0
942.0,596.0
215.0,596.0
959.0,597.0
721.0,597.0
93.0,597.0
605.0,597.0
539.0,597.0
244.0,597.0
87.0,597.0
996.0,597.0
426.0,597.0
214.0,597.0
339.0,597.0
624.0,597.0
83.0,598.0
835.0,598.0
1017.0,598.0
781.0,598.0
353.0,598.0
733.0,598.0
1014.0,598.0
82.0,598.0
755.0,598.0
753.0,598.0
773.0,598.0
483.0,598.0
367.0,599.0
163.0,599.0
697.0,599.0
618.0,599.0
853.0,599.0
845.0,599.0
75.0,599.0
642.0,599.0
268.0,599.0
792.0,599.0
284.0,599.0
856.0,599.0
743.0,600.0
495.0,600.0
1013.0,600.0
807.0,600.0
376.0,600.0
18.0,600.0
698.0,600.0
551.0,600.0
227.0,600.0
312.0,600.0
183.0,600.0
789.0,600.0
930.0,601.0
161.0,601.0
31.0,601.0
467.0,601.0
316.0,601.0
349.0,601.0
177.0,601.0
115.0,601.0
388.0,601.0
715.0,601.0
89.0,601.0
461.0,601.0
429.0,602.0
647.0,602.0
299.0,602.0
82.0,602.0
474.0,602.0
49.0,602.0
638.0,602.0
539.0,602.0
615.0,602.0
264.0,602.0
498.0,602.0
432.0,602.0
740.0,603.0
580.0,603.0
981.0,603.0
232.0,603.0
25.0,603.0
17.0,603.0
664.0,603.0
860.0,603.0
80.0,603.0
1031.0,603.0
961.0,603.0
855.0,603.0
54.0,604.0
1015.0,604.0
709.0,604.0
230.0,604.0
120.0,604.0
759.0,604.0
390.0,604.0
311.0,604.0
92.0,604.0
726.0,604.0
616.0,604.0
841.0,604.0
387.0,605.0
310.0,605.0
596.0,605.0
884.0,605.0
667.0,605.0
131.0,605.0
1016.0,605.0
46.0,605.0
204.0,605.0
525.0,605.0
603.0,605.0
1023.0,605.0
836.0,606.0
28.0,606.0
762.0,606.0
65.0,606.0
616.0,606.0
888.0,606.0
325.0,606.0
192.0,606.0
274.0,606.0
727.0,606.0
632.0,606.0
114.0,606.0
612.0,607.0
884.0,607.0
877.0,607.0
17.0,607.0
725.0,607.0
370.0,607.0
767.0,607.0
102.0,607.0
1008.0,607.0
261.0,607.0
266.0,607.0
889.0,607.0
781.0,608.0
267.0,608.0
570.0,608.0
27.0,608.0
581.0,608.0
479.0,608.0
1003.0,608.0
566.0,608.0
331.0,608.0
925.0,608.0
803.0,608.0
395.0,608.0
448.0,609.0
243.0,609.0
846.0,609.0
550.0,609.0
719.0,609.0
139.0,609.0
483.0,609.0
894.0,609.0
512.0,609.0
155.0,609.0
494.0,609.0
1004.0,609.0
454.0,610.0
300.0,610.0
202.0,610.0
453.0,610.0
541.0,610.0
67.0,610.0
633.0,610.0
707.0,610.0
252.0,610.0
333.0,610.0
901.0,610.0
304.0,610.0
737.0,611.0
210.0,611.0
759.0,611.0
357.0,611.0
540.0,611.0
22.0,611.0
462.0,611.0
102.0,611.0
656.0,611.0
296.0,611.0
687.0,611.0
463.0,611.0
111.0,612.0
127.0,612.0
319.0,612.0
1019.0,612.0
969.0,612.0
307.0,612.0
107.0,612.0
170.0,612.0
1008.0,612.0
732.0,612.0
557.0,612.0
830.0,612.0
16.0,613.0
258.0,613.0
745.0,613.0
611.0,613.0
43.0,613.0
297.0,613.0
11.0,613.0
660.0,613.0
381.0,613.0
526.0,613.0
1030.0,613.0
69.0,613.0
490.0,614.0
862.0,614.0
1004.0,614.0
129.0,614.0
1027.0,614.0
354.0,614.0
699.0,614.0
166.0,614.0
804.0,614.0
933.0,614.0
28.0,614.0
143.0,614.0
308.0,615.0
715.0,615.0
620.0,615.0
278.0,615.0
975.0,615.0
405.0,615.0
71.0,615.0
19.0,615.0
799.0,615.0
888.0,615.0
388.0,615.0
463.0,615.0
80.0,616.0
576.0,616.0
131.0,616.0
727.0,616.0
763.0,616.0
92.0,616.0
685.0,616.0
1026.0,616.0
888.0,616.0
768.0,616.0
604.0,616.0
390.0,616.0
40.0,617.0
460.0,617.0
114.0,617.0
768.0,617.0
872.0,617.0
641.0,617.0
769.0,617.0
305.0,617.0
596.0,617.0
720.0,617.0
325.0,617.0
837.0,617.0
925.0,618.0
359.0,618.0
156.0,618.0
625.0,618.0
355.0,618.0
511.0,618.0
102.0,618.0
960.0,618.0
346.0,618.0
116.0,618.0
890.0,618.0
226.0,618.0
911.0,619.0
510.0,619.0
893.0,619.0
928.0,619.0
355.0,619.0
487.0,619.0
673.0,619.0
508.0,619.0
890.0,619.0
270.0,619.0
824.0,619.0
479.0,619.0
1028.0,620.0
681.0,620.0
163.0,620.0
191.0,620.0
515.0,620.0
470.0,620.0
558.0,620.0
537.0,620.0
795.0,620.0
440.0,620.0
212.0,620.0
408.0,620.0
151.0,621.0
594.0,621.0
479.0,621.0
729.0,621.0
346.0,621.0
772.0,621.0
470.0,621.0
384.0,621.0
937.0,621.0
84.0,621.0
943.0,621.0
952.0,621.0
411.0,622.0
283.0,622.0
713.0,622.0
71.0,622.0
584.0,622.0
984.0,622.0
370.0,622.0
301.0,622.0
975.0,622.0
793.0,622.0
938.0,622.0
942.0,622.0
686.0,623.0
115.0,623.0
366.0,623.0
801.0,623.0
697.0,623.0
172.0,623.0
472.0,623.0
568.0,623.0
634.0,623.0
291.0,623.0
1030.0,623.0
931.0,623.0
608.0,624.0
609.0,624.0
999.0,624.0
692.0,624.0
950.0,624.0
497.0,624.0
215.0,624.0
320.0,624.0
266.0,624.0
605.0,624.0
187.0,624.0
47.0,624.0
310.0,625.0
378.0,625.0
642.0,625.0
755.0,625.0
216.0,625.0
922.0,625.0
667.0,625.0
70.0,625.0
977.0,625.0
134.0,625.0
149.0,625.0
254.0,625.0
382.0,626.0
120.0,626.0
192.0,626.0
348.0,626.0
181.0,626.0
375.0,626.0
210.0,626.0
752.0,626.0
321.0,626.0
433.0,626.0
520.0,626.0
588.0,626.0
315.0,627.0
705.0,627.0
517.0,627.0
364.0,627.0
400.0,627.0
982.0,627.0
865.0,627.0
677.0,627.0
159.0,627.0
823.0,627.0
927.0,627.0
57.0,627.0
490.0,628.0
879.0,628.0
139.0,628.0
1026.0,628.0
681.0,628.0
284.0,628.0
605.0,628.0
6.0,628.0
494.0,628.0
113.0,628.0
360.0,628.0
958.0,628.0
424.0,629.0
123.0,629.0
706.0,629.0
530.0,629.0
685.0,629.0
475.0,629.0
42.0,629.0
821.0,629.0
132.0,629.0
537.0,629.0
907.0,629.0
121.0,629.0
777.0,630.0
735.0,630.0
397.0,630.0
872.0,630.0
117.0,630.0
691.0,630.0
460.0,630.0
879.0,630.0
125.0,630.0
433.0,630.0
604.0,630.0
30.0,630.0
353.0,631.0
612.0,631.0
383.0,631.0
914.0,631.0
708.0,631.0
496.0,631.0
135.0,631.0
175.0,631.0
683.0,631.0
310.0,631.0
758.0,631.0
623.0,631.0
139.0,632.0
614.0,632.0
793.0,632.0
101.0,632.0
239.0,632.0
48.0,632.0
137.0,632.0
57.0,632.0
437.0,632.0
903.0,632.0
248.0,632.0
150.0,632.0
886.0,633.0
541.0,633.0
455.0,633.0
55.0,633.0
674.0,633.0
548.0,633.0
435.0,633.0
14.0,633.0
118.0,633.0
319.0,633.0
582.0,633.0
76.0,633.0
935.0,634.0
944.0,634.0
718.0,634.0
483.0,634.0
610.0,634.0
435.0,634.0
224.0,634.0
688.0,634.0
169.0,634.0
33.0,634.0
175.0,634.0
867.0,634.0
271.0,635.0
785.0,635.0
195.0,635.0
622.0,635.0
653.0,635.0
674.0,635.0
696.0,635.0
638.0,635.0
789.0,635.0
915.0,635.0
277.0,635.0
333.0,635.0
785.0,636.0
634.0,636.0
990.0,636.0
866.0,636.0
291.0,636.0
718.0,636.0
787.0,636.0
674.0,636.0
337.0,636.0
574.0,636.0
1004.0,636.0
335.0,636.0
668.0,637.0
25.0,637.0
354.0,637.0
901.0,637.0
484.0,637.0
54.0,637.0
1023.0,637.0
770.0,637.0
629.0,637.0
182.0,637.0
226.0,637.0
408.0,637.0
246.0,638.0
966.0,638.0
175.0,638.0
741.0,638.0
674.0,638.0
464.0,638.0
931.0,638.0
442.0,638.0
283.0,638.0
251.0,638.0
153.0,638.0
273.0,638.0
969.0,639.0
799.0,639.0
58.0,639.0
918.0,639.0
822.0,639.0
972.0,639.0
968.0,639.0
264.0,639.0
410.0,639.0
471.0,639.0
766.0,639.0
793.0,639.0
805.0,640.0
51.0,640.0
1004.0,640.0
1020.0,640.0
707.0,640.0
501.0,640.0
1029.0,640.0
98.0,640.0
853.0,640.0
273.0,640.0
754.0,640.0
196.0,640.0
215.0,641.0
142.0,641.0
800.0,641.0
893.0,641.0
282.0,641.0
385.0,641.0
510.0,641.0
41.0,641.0
197.0,641.0
36.0,641.0
975.0,641.0
513.0,641.0
845.0,642.0
883.0,642.0
612.0,642.0
921.0,642.0
732.0,642.0
111.0,642.0
395.0,642.0
163.0,642.0
920.0,642.0
913.0,642.0
242.0,642.0
360.0,642.0
864.0,643.0
939.0,643.0
286.0,643.0
539.0,643.0
138.0,643.0
808.0,643.0
984.0,643.0
265.0,643.0
608.0,643.0
913.0,643.0
322.0,643.0
577.0,643.0
68.0,644.0
798.0,644.0
26.0,644.0
679.0,644.0
669.0,644.0
1002.0,644.0
1000.0,644.0
716.0,644.0
321.0,644.0
365.0,644.0
520.0,644.0
92.0,644.0
660.0,645.0
598.0,645.0
408.0,645.0
203.0,645.0
839.0,645.0
534.0,645.0
291.0,645.0
804.0,645.0
16.0,645.0
336.0,645.0
267.0,645.0
122.0,645.0
735.0,646.0
493.0,646.0
448.0,646.0
343.0,646.0
311.0,646.0
385.0,646.0
563.0,646.0
754.0,646.0
66.0,646.0
914.0,646.0
773.0,646.0
207.0,646.0
639.0,647.0
472.0,647.0
820.0,647.0
1021.0,647.0
199.0,647.0
964.0,647.0
50.0,647.0
99.0,647.0
256.0,647.0
529.0,647.0
823.0,647.0
629.0,647.0
804.0,648.0
842.0,648.0
913.0,648.0
1029.0,648.0
1020.0,648.0
308.0,648.0
368.0,648.0
1019.0,648.0
597.0,648.0
977.0,648.0
542.0,648.0
103.0,648.0
148.0,649.0
258.0,649.0
508.0,649.0
401.0,649.0
90.0,649.0
1005.0,649.0
444.0,649.0
419.0,649.0
174.0,649.0
893.0,649.0
723.0,649.0
598.0,649.0
780.0,650.0
761.0,650.0
673.0,650.0
1024.0,650.0
82.0,650.0
84.0,650.0
635.0,650.0
502.0,650.0
256.0,650.0
702.0,650.0
997.0,650.0
670.0,650.0
227.0,651.0
463.0,651.0
739.0,651.0
266.0,651.0
672.0,651.0
575.0,651.0
360.0,651.0
608.0,651.0
252.0,651.0
244.0,651.0
42.0,651.0
721.0,651.0
20.0,652.0
736.0,652.0
667.0,652.0
540.0,652.0
754.0,652.0
408.0,652.0
23.0,652.0
706.0,652.0
853.0,652.0
55.0,652.0
774.0,652.0
508.0,652.0
103.0,653.0
471.0,653.0
49.0,653.0
195.0,653.0
46.0,653.0
52.0,653.0
508.0,653.0
694.0,653.0
34.0,653.0
544.0,653.0
498.0,653.0
851.0,653.0
320.0,654.0
520.0,654.0
451.0,654.0
531.0,654.0
43.0,654.0
595.0,654.0
841.0,654.0
325.0,654.0
365.0,654.0
184.0,654.0
117.0,654.0
375.0,654.0
154.0,655.0
895.0,655.0
693.0,655.0
524.0,655.0
327.0,655.0
51.0,655.0
352.0,655.0
1016.0,655.0
244.0,655.0
809.0,655.0
335.0,655.0
905.0,655.0
478.0,656.0
813.0,656.0
528.0,656.0
536.0,656.0
585.0,656.0
421.0,656.0
33.0,656.0
281.0,656.0
989.0,656.0
959.0,656.0
563.0,656.0
116.0,656.0
105.0,657.0
243.0,657.0
1025.0,657.0
651.0,657.0
31.0,657.0
721.0,657.0
755.0,657.0
85.0,657.0
553.0,657.0
633.0,657.0
808.0,657.0
678.0,657.0
224.0,658.0
226.0,658.0
204.0,658.0
334.0,658.0
329.0,658.0
369.0,658.0
954.0,658.0
23.0,658.0
607.0,658.0
12.0,658.0
188.0,658.0
815.0,658.0
515.0,659.0
24.0,659.0
916.0,659.0
368.0,659.0
146.0,659.0
137.0,659.0
1029.0,659.0
1008.0,659.0
666.0,659.0
665.0,659.0
978.0,659.0
830.0,659.0
967.0,660.0
279.0,660.0
206.0,660.0
665.0,660.0
253.0,660.0
136.0,660.0
669.0,660.0
731.0,660.0
125.0,660.0
323.0,660.0
113.0,660.0
613.0,660.0
761.0,661.0
951.0,661.0
410.0,661.0
935.0,661.0
931.0,661.0
135.0,661.0
737.0,661.0
876.0,661.0
1019.0,661.0
619.0,661.0
657.0,661.0
366.0,661.0
719.0,662.0
668.0,662.0
733.0,662.0
466.0,662.0
165.0,662.0
47.0,662.0
977.0,662.0
82.0,662.0
790.0,662.0
15.0,662.0
590.0,662.0
203.0,662.0
521.0,663.0
148.0,663.0
123.0,663.0
232.0,663.0
572.0,663.0
161.0,663.0
601.0,663.0
693.0,663.0
278.0,663.0
596.0,663.0
865.0,663.0
917.0,663.0
583.0,664.0
436.0,664.0
336.0,664.0
241.0,664.0
744.0,664.0
924.0,664.0
866.0,664.0
705.0,664.0
923.0,664.0
304.0,664.0
196.0,664.0
318.0,664.0
218.0,665.0
115.0,665.0
714.0,665.0
546.0,665.0
1035.0,665.0
583.0,665.0
764.0,665.0
592.0,665.0
933.0,665.0
226.0,665.0
243.0,665.0
749.0,665.0
714.0,666.0
906.0,666.0
1016.0,666.0
634.0,666.0
265.0,666.0
935.0,666.0
252.0,666.0
1012.0,666.0
877.0,666.0
696.0,666.0
307.0,666.0
861.0,666.0
56.0,667.0
436.0,667.0
27.0,667.0
294.0,667.0
1014.0,667.0
907.0,667.0
805.0,667.0
154.0,667.0
920.0,667.0
787.0,667.0
942.0,667.0
112.0,667.0
414.0,668.0
30.0,668.0
534.0,668.0
47.0,668.0
976.0,668.0
66.0,668.0
620.0,668.0
74.0,668.0
241.0,668.0
563.0,668.0
711.0,668.0
847.0,668.0
786.0,669.0
147.0,669.0
48.0,669.0
71.0,669.0
606.0,669.0
348.0,669.0
262.0,669.0
617.0,669.0
507.0,669.0
520.0,669.0
466.0,669.0
676.0,669.0
935.0,670.0
523.0,670.0
625.0,670.0
483.0,670.0
82.0,670.0
711.0,670.0
1017.0,670.0
539.0,670.0
428.0,670.0
645.0,670.0
682.0,670.0
126.0,670.0
643.0,671.0
703.0,671.0
49.0,671.0
457.0,671.0
840.0,671.0
354.0,671.0
312.0,671.0
984.0,671.0
418.0,671.0
653.0,671.0
198.0,671.0
808.0,671.0
537.0,672.0
513.0,672.0
307.0,672.0
189.0,672.0
47.0,672.0
524.0,672.0
266.0,672.0
968.0,672.0
377.0,672.0
276.0,672.0
12.0,672.0
948.0,672.0
548.0,673.0
519.0,673.0
379.0,673.0
702.0,673.0
39.0,673.0
816.0,673.0
741.0,673.0
289.0,673.0
858.0,673.0
913.0,673.0
963.0,673.0
621.0,673.0
1001.0,674.0
301.0,674.0
719.0,674.0
27.0,674.0
808.0,674.0
107.0,674.0
599.0,674.0
248.0,674.0
193.0,674.0
111.0,674.0
138.0,674.0
165.0,674.0
200.0,675.0
338.0,675.0
777.0,675.0
249.0,675.0
155.0,675.0
709.0,675.0
796.0,675.0
822.0,675.0
1002.0,675.0
398.0,675.0
641.0,675.0
802.0,675.0
190.0,676.0
880.0,676.0
628.0,676.0
43.0,676.0
468.0,676.0
114.0,676.0
699.0,676.0
493.0,676.0
144.0,676.0
712.0,676.0
617.0,676.0
26.0,676.0
8.0,677.0
367.0,677.0
694.0,677.0
58.0,677.0
432.0,677.0
597.0,677.0
29.0,677.0
835.0,677.0
882.0,677.0
277.0,677.0
53.0,677.0
917.0,677.0
903.0,678.0
698.0,678.0
905.0,678.0
862.0,678.0
700.0,678.0
8.0,678.0
690.0,678.0
791.0,678.0
35.0,678.0
965.0,678.0
784.0,678.0
657.0,678.0
786.0,679.0
40.0,679.0
573.0,679.0
201.0,679.0
681.0,679.0
727.0,679.0
1034.0,679.0
641.0,679.0
676.0,679.0
814.0,679.0
375.0,679.0
120.0,679.0
500.0,680.0
155.0,680.0
325.0,680.0
445.0,680.0
65.0,680.0
832.0,680.0
872.0,680.0
958.0,680.0
576.0,680.0
153.0,680.0
461.0,680.0
896.0,680.0
781.0,681.0
466.0,681.0
725.0,681.0
308.0,681.0
253.0,681.0
155.0,681.0
563.0,681.0
418.0,681.0
853.0,681.0
554.0,681.0
160.0,681.0
863.0,681.0
473.0,682.0
540.0,682.0
284.0,682.0
747.0,682.0
623.0,682.0
962.0,682.0
807.0,682.0
227.0,682.0
279.0,682.0
950.0,682.0
674.0,682.0
546.0,682.0
115.0,683.0
359.0,683.0
165.0,683.0
195.0,683.0
625.0,683.0
651.0,683.0
607.0,683.0
243.0,683.0
956.0,683.0
559.0,683.0
466.0,683.0
29.0,683.0
592.0,684.0
332.0,684.0
174.0,684.0
445.0,684.0
151.0,684.0
172.0,684.0
938.0,684.0
1030.0,684.0
337.0,684.0
787.0,684.0
207.0,684.0
664.0,684.0
840.0,685.0
144.0,685.0
626.0,685.0
230.0,685.0
325.0,685.0
92.0,685.0
616.0,685.0
689.0,685.0
802.0,685.0
196.0,685.0
1026.0,685.0
576.0,685.0
541.0,686.0
742.0,686.0
280.0,686.0
206.0,686.0
932.0,686.0
739.0,686.0
991.0,686.0
339.0,686.0
906.0,686.0
903.0,686.0
636.0,686.0
873.0,686.0
410.0,687.0
512.0,687.0
367.0,687.0
157.0,687.0
749.0,687.0
662.0,687.0
180.0,687.0
290.0,687.0
668.0,687.0
773.0,687.0
442.0,687.0
623.0,687.0
570.0,688.0
294.0,688.0
734.0,688.0
519.0,688.0
876.0,688.0
393.0,688.0
612.0,688.0
60.0,688.0
489.0,688.0
252.0,688.0
759.0,688.0
90.0,688.0
1021.0,689.0
709.0,689.0
855.0,689.0
177.0,689.0
433.0,689.0
17.0,689.0
802.0,689.0
240.0,689.0
728.0,689.0
1014.0,689.0
63.0,689.0
763.0,689.0
950.0,690.0
992.0,690.0
852.0,690.0
754.0,690.0
415.0,690.0
805.0,690.0
949.0,690.0
926.0,690.0
667.0,690.0
220.0,690.0
856.0,690.0
227.0,690.0
955.0,691.0
890.0,691.0
331.0,691.0
925.0,691.0
912.0,691.0
378.0,691.0
9.0,691.0
27.0,691.0
701.0,691.0
79.0,691.0
449.0,691.0
30.0,691.0
103.0,692.0
537.0,692.0
284.0,692.0
335.0,692.0
640.0,692.0
992.0,692.0
964.0,692.0
834.0,692.0
746.0,692.0
367.0,692.0
721.0,692.0
651.0,692.0
330.0,693.0
695.0,693.0
31.0,693.0
446.0,693.0
467.0,693.0
916.0,693.0
497.0,693.0
485.0,693.0
958.0,693.0
424.0,693.0
389.0,693.0
505.0,693.0
808.0,694.0
700.0,694.0
811.0,694.0
581.0,694.0
133.0,694.0
770.0,694.0
773.0,694.0
431.0,694.0
418.0,694.0
361.0,694.0
602.0,694.0
167.0,694.0
331.0,695.0
121.0,695.0
668.0,695.0
762.0,695.0
565.0,695.0
607.0,695.0
959.0,695.0
728.0,695.0
907.0,695.0
554.0,695.0
836.0,695.0
556.0,695.0
743.0,696.0
428.0,696.0
489.0,696.0
909.0,696.0
979.0,696.0
910.0,696.0
55.0,696.0
785.0,696.0
982.0,696.0
921.0,696.0
205.0,696.0
178.0,696.0
502.0,697.0
642.0,697.0
686.0,697.0
383.0,697.0
759.0,697.0
288.0,697.0
206.0,697.0
55.0,697.0
969.0,697.0
82.0,697.0
38.0,697.0
667.0,697.0
376.0,698.0
1035.0,698.0
770.0,698.0
280.0,698.0
637.0,698.0
905.0,698.0
57.0,698.0
52.0,698.0
635.0,698.0
622.0,698.0
371.0,698.0
233.0,698.0
125.0,699.0
259.0,699.0
563.0,699.0
558.0,699.0
455.0,699.0
42.0,699.0
717.0,699.0
573.0,699.0
56.0,699.0
424.0,699.0
970.0,699.0
216.0,699.0
787.0,700.0
657.0,700.0
374.0,700.0
103.0,700.0
942.0,700.0
233.0,700.0
371.0,700.0
785.0,700.0
784.0,700.0
113.0,700.0
838.0,700.0
1014.0,700.0
312.0,701.0
813.0,701.0
961.0,701.0
231.0,701.0
830.0,701.0
1029.0,701.0
542.0,701.0
736.0,701.0
367.0,701.0
996.0,701.0
513.0,701.0
719.0,701.0
378.0,702.0
696.0,702.0
536.0,702.0
323.0,702.0
178.0,702.0
22.0,702.0
666.0,702.0
741.0,702.0
507.0,702.0
686.0,702.0
478.0,702.0
246.0,702.0
653.0,703.0
818.0,703.0
495.0,703.0
704.0,703.0
104.0,703.0
418.0,703.0
322.0,703.0
502.0,703.0
319.0,703.0
45.0,703.0
175.0,703.0
124.0,703.0
671.0,704.0
982.0,704.0
529.0,704.0
851.0,704.0
505.0,704.0
521.0,704.0
124.0,704.0
101.0,704.0
227.0,704.0
255.0,704.0
602.0,704.0
657.0,704.0
380.0,705.0
68.0,705.0
965.0,705.0
94.0,705.0
637.0,705.0
509.0,705.0
308.0,705.0
131.0,705.0
372.0,705.0
967.0,705.0
404.0,705.0
530.0,705.0
217.0,706.0
620.0,706.0
992.0,706.0
239.0,706.0
57.0,706.0
143.0,706.0
672.0,706.0
846.0,706.0
264.0,706.0
552.0,706.0
66.0,706.0
501.0,706.0
874.0,707.0
712.0,707.0
298.0,707.0
44.0,707.0
718.0,707.0
157.0,707.0
360.0,707.0
672.0,707.0
30.0,707.0
959.0,707.0
662.0,707.0
475.0,707.0
328.0,708.0
456.0,708.0
176.0,708.0
349.0,708.0
117.0,708.0
695.0,708.0
6.0,708.0
805.0,708.0
813.0,708.0
727.0,708.0
367.0,708.0
243.0,708.0
292.0,709.0
240.0,709.0
92.0,709.0
177.0,709.0
204.0,709.0
850.0,709.0
145.0,709.0
314.0,709.0
132.0,709.0
735.0,709.0
101.0,709.0
113.0,709.0
466.0,710.0
533.0,710.0
485.0,710.0
74.0,710.0
67.0,710.0
56.0,710.0
994.0,710.0
512.0,710.0
932.0,710.0
599.0,710.0
916.0,710.0
959.0,710.0
815.0,711.0
499.0,711.0
4.0,711.0
279.0,711.0
431.0,711.0
964.0,711.0
1023.0,711.0
27.0,711.0
204.0,711.0
887.0,711.0
637.0,711.0
254.0,711.0
374.0,712.0
253.0,712.0
815.0,712.0
102.0,712.0
805.0,712.0
214.0,712.0
567.0,712.0
95.0,712.0
342.0,712.0
296.0,712.0
660.0,712.0
1016.0,712.0
119.0,713.0
925.0,713.0
964.0,713.0
731.0,713.0
294.0,713.0
832.0,713.0
159.0,713.0
83.0,713.0
503.0,713.0
610.0,713.0
568.0,713.0
261.0,713.0
344.0,714.0
973.0,714.0
442.0,714.0
454.0,714.0
977.0,714.0
781.0,714.0
643.0,714.0
443.0,714.0
573.0,714.0
755.0,714.0
861.0,714.0
590.0,714.0
461.0,715.0
923.0,715.0
912.0,715.0
143.0,715.0
86.0,715.0
357.0,715.0
290.0,715.0
296.0,715.0
397.0,715.0
196.0,715.0
1014.0,715.0
417.0,715.0
1027.0,716.0
774.0,716.0
230.0,716.0
679.0,716.0
119.0,716.0
800.0,716.0
520.0,716.0
842.0,716.0
885.0,716.0
448.0,716.0
358.0,716.0
726.0,716.0
540.0,717.0
596.0,717.0
187.0,717.0
795.0,717.0
896.0,717.0
125.0,717.0
287.0,717.0
624.0,717.0
193.0,717.0
611.0,717.0
970.0,717.0
605.0,717.0
460.0,718.0
574.0,718.0
710.0,718.0
455.0,718.0
514.0,718.0
243.0,718.0
559.0,718.0
1004.0,718.0
659.0,718.0
1016.0,718.0
461.0,718.0
538.0,718.0
959.0,719.0
39.0,719.0
558.0,719.0
319.0,719.0
430.0,719.0
684.0,719.0
866.0,719.0
9.0,719.0
218.0,719.0
969.0,719.0
59.0,719.0
981.0,719.0
1022.0,720.0
786.0,720.0
776.0,720.0
180.0,720.0
21.0,720.0
348.0,720.0
889.0,720.0
350.0,720.0
86.0,720.0
782.0,720.0
406.0,720.0
585.0,720.0
335.0,721.0
55.0,721.0
597.0,721.0
242.0,721.0
512.0,721.0
231.0,721.0
355.0,721.0
15.0,721.0
840.0,721.0
743.0,721.0
684.0,721.0
137.0,721.0
15.0,722.0
45.0,722.0
739.0,722.0
99.0,722.0
352.0,722.0
274.0,722.0
162.0,722.0
506.0,722.0
485.0,722.0
587.0,722.0
521.0,722.0
418.0,722.0
75.0,723.0
464.0,723.0
301.0,723.0
3.0,723.0
434.0,723.0
569.0,723.0
415.0,723.0
128.0,723.0
824.0,723.0
754.0,723.0
116.0,723.0
90.0,723.0
552.0,724.0
956.0,724.0
599.0,724.0
583.0,724.0
156.0,724.0
596.0,724.0
434.0,724.0
237.0,724.0
1016.0,724.0
659.0,724.0
493.0,724.0
1029.0,724.0
788.0,725.0
1023.0,725.0
146.0,725.0
330.0,725.0
947.0,725.0
958.0,725.0
1020.0,725.0
939.0,725.0
91.0,725.0
545.0,725.0
174.0,725.0
892.0,725.0
48.0,726.0
641.0,726.0
550.0,726.0
468.0,726.0
169.0,726.0
372.0,726.0
786.0,726.0
645.0,726.0
226.0,726.0
553.0,726.0
306.0,726.0
892.0,726.0
975.0,727.0
790.0,727.0
110.0,727.0
982.0,727.0
615.0,727.0
841.0,727.0
771.0,727.0
48.0,727.0
184.0,727.0
347.0,727.0
214.0,727.0
1015.0,727.0
740.0,728.0
241.0,728.0
790.0,728.0
57.0,728.0
261.0,728.0
161.0,728.0
990.0,728.0
30.0,728.0
167.0,728.0
712.0,728.0
68.0,728.0
216.0,728.0
665.0,729.0
425.0,729.0
744.0,729.0
256.0,729.0
914.0,729.0
455.0,729.0
724.0,729.0
303.0,729.0
464.0,729.0
772.0,729.0
985.0,729.0
908.0,729.0
948.0,730.0
650.0,730.0
582.0,730.0
824.0,730.0
72.0,730.0
560.0,730.0
634.0,730.0
393.0,730.0
295.0,730.0
222.0,730.0
825.0,730.0
852.0,730.0
554.0,731.0
224.0,731.0
809.0,731.0
56.0,731.0
866.0,731.0
974.0,731.0
219.0,731.0
652.0,731.0
923.0,731.0
526.0,731.0
20.0,731.0
945.0,731.0
50.0,732.0
274.0,732.0
923.0,732.0
678.0,732.0
1023.0,732.0
862.0,732.0
24.0,732.0
463.0,732.0
912.0,732.0
268.0,732.0
308.0,732.0
1031.0,732.0
16.0,733.0
598.0,733.0
883.0,733.0
242.0,733.0
753.0,733.0
250.0,733.0
273.0,733.0
889.0,733.0
175.0,733.0
748.0,733.0
636.0,733.0
420.0,733.0
578.0,734.0
202.0,734.0
817.0,734.0
317.0,734.0
20.0,734.0
603.0,734.0
326.0,734.0
44.0,734.0
53.0,734.0
392.0,734.0
901.0,734.0
479.0,734.0
200.0,735.0
341.0,735.0
576.0,735.0
726.0,735.0
624.0,735.0
888.0,735.0
221.0,735.0
680.0,735.0
814.0,735.0
449.0,735.0
781.0,735.0
605.0,735.0
283.0,736.0
918.0,736.0
514.0,736.0
1029.0,736.0
87.0,736.0
770.0,736.0
527.0,736.0
27.0,736.0
111.0,736.0
711.0,736.0
427.0,736.0
783.0,736.0
174.0,737.0
180.0,737.0
877.0,737.0
573.0,737.0
83.0,737.0
117.0,737.0
504.0,737.0
139.0,737.0
138.0,737.0
842.0,737.0
598.0,737.0
1000.0,737.0
950.0,738.0
895.0,738.0
241.0,738.0
969.0,738.0
845.0,738.0
996.0,738.0
261.0,738.0
299.0,738.0
662.0,738.0
0.0,738.0
322.0,738.0
1025.0,738.0
592.0,739.0
882.0,739.0
274.0,739.0
657.0,739.0
546.0,739.0
748.0,739.0
367.0,739.0
835.0,739.0
873.0,739.0
137.0,739.0
912.0,739.0
57.0,739.0
607.0,740.0
728.0,740.0
875.0,740.0
1014.0,740.0
146.0,740.0
407.0,740.0
261.0,740.0
920.0,740.0
235.0,740.0
233.0,740.0
571.0,740.0
853.0,740.0
661.0,741.0
839.0,741.0
247.0,741.0
990.0,741.0
754.0,741.0
824.0,741.0
688.0,741.0
447.0,741.0
621.0,741.0
256.0,741.0
410.0,741.0
598.0,741.0
146.0,742.0
457.0,742.0
486.0,742.0
456.0,742.0
112.0,742.0
91.0,742.0
835.0,742.0
944.0,742.0
426.0,742.0
411.0,742.0
874.0,742.0
524.0,742.0
785.0,743.0
481.0,743.0
0.0,743.0
107.0,743.0
651.0,743.0
873.0,743.0
313.0,743.0
767.0,743.0
994.0,743.0
428.0,743.0
82.0,743.0
546.0,743.0
326.0,744.0
845.0,744.0
112.0,744.0
524.0,744.0
741.0,744.0
531.0,744.0
166.0,744.0
163.0,744.0
543.0,744.0
696.0,744.0
504.0,744.0
894.0,744.0
326.0,745.0
270.0,745.0
515.0,745.0
508.0,745.0
279.0,745.0
857.0,745.0
122.0,745.0
54.0,745.0
981.0,745.0
179.0,745.0
262.0,745.0
65.0,745.0
827.0,746.0
942.0,746.0
258.0,746.0
80.0,746.0
745.0,746.0
599.0,746.0
773.0,746.0
860.0,746.0
613.0,746.0
803.0,746.0
1014.0,746.0
436.0,746.0
638.0,747.0
404.0,747.0
132.0,747.0
374.0,747.0
483.0,747.0
959.0,747.0
674.0,747.0
183.0,747.0
0.0,747.0
886.0,747.0
524.0,747.0
378.0,747.0
168.0,748.0
276.0,748.0
706.0,748.0
596.0,748.0
638.0,748.0
384.0,748.0
194.0,748.0
550.0,748.0
91.0,748.0
835.0,748.0
563.0,748.0
318.0,748.0
415.0,749.0
668.0,749.0
866.0,749.0
360.0,749.0
296.0,749.0
931.0,749.0
777.0,749.0
479.0,749.0
357.0,749.0
600.0,749.0
130.0,749.0
51.0,749.0
819.0,750.0
412.0,750.0
59.0,750.0
799.0,750.0
213.0,750.0
580.0,750.0
74.0,750.0
425.0,750.0
246.0,750.0
389.0,750.0
539.0,750.0
757.0,750.0
634.0,751.0
906.0,751.0
302.0,751.0
544.0,751.0
454.0,751.0
635.0,751.0
1013.0,751.0
952.0,751.0
959.0,751.0
72.0,751.0
34.0,751.0
222.0,751.0
942.0,752.0
493.0,752.0
986.0,752.0
656.0,752.0
750.0,752.0
998.0,752.0
370.0,752.0
450.0,752.0
591.0,752.0
580.0,752.0
937.0,752.0
611.0,752.0
820.0,753.0
794.0,753.0
327.0,753.0
12.0,753.0
172.0,753.0
308.0,753.0
430.0,753.0
231.0,753.0
73.0,753.0
1030.0,753.0
378.0,753.0
103.0,753.0
743.0,754.0
404.0,754.0
111.0,754.0
690.0,754.0
527.0,754.0
203.0,754.0
326.0,754.0
80.0,754.0
970.0,754.0
733.0,754.0
296.0,754.0
79.0,754.0
210.0,755.0
1016.0,755.0
933.0,755.0
718.0,755.0
785.0,755.0
989.0,755.0
310.0,755.0
304.0,755.0
553.0,755.0
533.0,755.0
977.0,755.0
674.0,755.0
445.0,756.0
549.0,756.0
196.0,756.0
566.0,756.0
91.0,756.0
334.0,756.0
533.0,756.0
435.0,756.0
417.0,756.0
313.0,756.0
946.0,756.0
795.0,756.0
174.0,757.0
750.0,757.0
350.0,757.0
850.0,757.0
940.0,757.0
326.0,757.0
573.0,757.0
827.0,757.0
180.0,757.0
936.0,757.0
465.0,757.0
128.0,757.0
323.0,758.0
289.0,758.0
632.0,758.0
391.0,758.0
1005.0,758.0
434.0,758.0
356.0,758.0
138.0,758.0
525.0,758.0
876.0,758.0
598.0,758.0
825.0,758.0
583.0,759.0
163.0,759.0
687.0,759.0
952.0,759.0
498.0,759.0
524.0,759.0
68.0,759.0
502.0,759.0
307.0,759.0
857.0,759.0
170.0,759.0
537.0,759.0
211.0,760.0
67.0,760.0
978.0,760.0
912.0,760.0
946.0,760.0
512.0,760.0
47.0,760.0
690.0,760.0
31.0,760.0
460.0,760.0
380.0,760.0
414.0,760.0
447.0,761.0
940.0,761.0
421.0,761.0
246.0,761.0
758.0,761.0
525.0,761.0
489.0,761.0
402.0,761.0
44.0,761.0
194.0,761.0
288.0,761.0
416.0,761.0
604.0,762.0
433.0,762.0
179.0,762.0
417.0,762.0
341.0,762.0
665.0,762.0
309.0,762.0
145.0,762.0
110.0,762.0
306.0,762.0
460.0,762.0
142.0,762.0
675.0,763.0
509.0,763.0
796.0,763.0
456.0,763.0
756.0,763.0
317.0,763.0
338.0,763.0
926.0,763.0
88.0,763.0
100.0,763.0
451.0,763.0
727.0,763.0
290.0,764.0
483.0,764.0
96.0,764.0
286.0,764.0
82.0,764.0
1012.0,764.0
383.0,764.0
83.0,764.0
146.0,764.0
916.0,764.0
1018.0,764.0
292.0,764.0
395.0,765.0
944.0,765.0
430.0,765.0
67.0,765.0
479.0,765.0
166.0,765.0
740.0,765.0
456.0,765.0
158.0,765.0
24.0,765.0
652.0,765.0
928.0,765.0
214.0,766.0
424.0,766.0
503.0,766.0
94.0,766.0
568.0,766.0
694.0,766.0
446.0,766.0
1.0,766.0
695.0,766.0
882.0,766.0
371.0,766.0
364.0,766.0
840.0,767.0
882.0,767.0
354.0,767.0
627.0,767.0
579.0,767.0
862.0,767.0
110.0,767.0
691.0,767.0
259.0,767.0
815.0,767.0
211.0,767.0
663.0,767.0
520.0,768.0
644.0,768.0
350.0,768.0
348.0,768.0
375.0,768.0
654.0,768.0
850.0,768.0
716.0,768.0
606.0,768.0
934.0,768.0
114.0,768.0
460.0,768.0
371.0,769.0
735.0,769.0
717.0,769.0
839.0,769.0
546.0,769.0
964.0,769.0
907.0,769.0
131.0,769.0
484.0,769.0
945.0,769.0
368.0,769.0
896.0,769.0
232.0,770.0
155.0,770.0
950.0,770.0
280.0,770.0
94.0,770.0
274.0,770.0
352.0,770.0
742.0,770.0
498.0,770.0
547.0,770.0
809.0,770.0
276.0,770.0
412.0,771.0
153.0,771.0
451.0,771.0
546.0,771.0
43.0,771.0
641.0,771.0
484.0,771.0
768.0,771.0
433.0,771.0
930.0,771.0
197.0,771.0
814.0,771.0
77.0,772.0
932.0,772.0
172.0,772.0
816.0,772.0
541.0,772.0
670.0,772.0
590.0,772.0
39.0,772.0
929.0,772.0
246.0,772.0
848.0,772.0
965.0,772.0
948.0,773.0
427.0,773.0
407.0,773.0
907.0,773.0
596.0,773.0
1019.0,773.0
220.0,773.0
1030.0,773.0
586.0,773.0
319.0,773.0
329.0,773.0
1014.0,773.0
1029.0,774.0
975.0,774.0
976.0,774.0
664.0,774.0
119.0,774.0
17.0,774.0
926.0,774.0
888.0,774.0
1023.0,774.0
725.0,774.0
21.0,774.0
727.0,774.0
444.0,775.0
373.0,775.0
407.0,775.0
935.0,775.0
286.0,775.0
383.0,775.0
181.0,775.0
656.0,775.0
971.0,775.0
641.0,775.0
108.0,775.0
478.0,775.0
676.0,776.0
406.0,776.0
64.0,776.0
998.0,776.0
943.0,776.0
669.0,776.0
86.0,776.0
564.0,776.0
419.0,776.0
401.0,776.0
750.0,776.0
936.0,776.0
319.0,777.0
138.0,777.0
971.0,777.0
127.0,777.0
466.0,777.0
482.0,777.0
866.0,777.0
467.0,777.0
154.0,777.0
748.0,777.0
232.0,777.0
66.0,777.0
364.0,778.0
308.0,778.0
966.0,778.0
456.0,778.0
492.0,778.0
153.0,778.0
707.0,778.0
38.0,778.0
424.0,778.0
577.0,778.0
681.0,778.0
264.0,778.0
395.0,779.0
356.0,779.0
642.0,779.0
343.0,779.0
990.0,779.0
764.0,779.0
489.0,779.0
700.0,779.0
1027.0,779.0
377.0,779.0
743.0,779.0
921.0,779.0
457.0,780.0
275.0,780.0
340.0,780.0
816.0,780.0
546.0,780.0
81.0,780.0
858.0,780.0
57.0,780.0
265.0,780.0
222.0,780.0
60.0,780.0
590.0,780.0
900.0,781.0
924.0,781.0
791.0,781.0
884.0,781.0
991.0,781.0
4.0,781.0
187.0,781.0
308.0,781.0
326.0,781.0
583.0,781.0
1027.0,781.0
749.0,781.0
885.0,782.0
201.0,782.0
86.0,782.0
262.0,782.0
725.0,782.0
679.0,782.0
9.0,782.0
646.0,782.0
526.0,782.0
488.0,782.0
956.0,782.0
477.0,782.0
202.0,783.0
525.0,783.0
653.0,783.0
1024.0,783.0
376.0,783.0
1028.0,783.0
905.0,783.0
186.0,783.0
172.0,783.0
171.0,783.0
418.0,783.0
734.0,783.0
357.0,784.0
429.0,784.0
264.0,784.0
811.0,784.0
888.0,784.0
110.0,784.0
293.0,784.0
88.0,784.0
473.0,784.0
481.0,784.0
1033.0,784.0
988.0,784.0
906.0,785.0
0.0,785.0
787.0,785.0
932.0,785.0
1018.0,785.0
257.0,785.0
310.0,785.0
969.0,785.0
612.0,785.0
194.0,785.0
265.0,785.0
371.0,785.0
769.0,786.0
331.0,786.0
831.0,786.0
695.0,786.0
258.0,786.0
460.0,786.0
348.0,786.0
814.0,786.0
139.0,786.0
19.0,786.0
21.0,786.0
468.0,786.0
691.0,787.0
541.0,787.0
609.0,787.0
157.0,787.0
734.0,787.0
191.0,787.0
284.0,787.0
283.0,787.0
396.0,787.0
578.0,787.0
543.0,787.0
329.0,787.0
656.0,788.0
995.0,788.0
896.0,788.0
556.0,788.0
895.0,788.0
156.0,788.0
23.0,788.0
76.0,788.0
387.0,788.0
819.0,788.0
107.0,788.0
621.0,788.0
909.0,789.0
219.0,789.0
376.0,789.0
568.0,789.0
531.0,789.0
807.0,789.0
682.0,789.0
815.0,789.0
674.0,789.0
220.0,789.0
396.0,789.0
622.0,789.0
316.0,790.0
603.0,790.0
304.0,790.0
970.0,790.0
668.0,790.0
317.0,790.0
765.0,790.0
868.0,790.0
30.0,790.0
199.0,790.0
290.0,790.0
620.0,790.0
988.0,791.0
944.0,791.0
856.0,791.0
481.0,791.0
710.0,791.0
690.0,791.0
352.0,791.0
95.0,791.0
87.0,791.0
166.0,791.0
862.0,791.0
824.0,791.0
134.0,792.0
743.0,792.0
544.0,792.0
1025.0,792.0
551.0,792.0
778.0,792.0
76.0,792.0
982.0,792.0
191.0,792.0
371.0,792.0
286.0,792.0
433.0,792.0
418.0,793.0
301.0,793.0
677.0,793.0
345.0,793.0
639.0,793.0
694.0,793.0
835.0,793.0
274.0,793.0
233.0,793.0
801.0,793.0
664.0,793.0
836.0,793.0
415.0,794.0
580.0,794.0
974.0,794.0
960.0,794.0
279.0,794.0
508.0,794.0
323.0,794.0
719.0,794.0
603.0,794.0
788.0,794.0
658.0,794.0
683.0,794.0
359.0,795.0
662.0,795.0
846.0,795.0
758.0,795.0
330.0,795.0
512.0,795.0
581.0,795.0
102.0,795.0
228.0,795.0
634.0,795.0
307.0,795.0
556.0,795.0
675.0,796.0
179.0,796.0
509.0,796.0
88.0,796.0
249.0,796.0
999.0,796.0
442.0,796.0
63.0,796.0
572.0,796.0
770.0,796.0
693.0,796.0
709.0,796.0
448.0,797.0
267.0,797.0
543.0,797.0
1022.0,797.0
401.0,797.0
106.0,797.0
425.0,797.0
591.0,797.0
488.0,797.0
350.0,797.0
119.0,797.0
985.0,797.0
316.0,798.0
132.0,798.0
31.0,798.0
365.0,798.0
607.0,798.0
446.0,798.0
469.0,798.0
762.0,798.0
683.0,798.0
232.0,798.0
1021.0,798.0
336.0,798.0
440.0,799.0
641.0,799.0
128.0,799.0
167.0,799.0
156.0,799.0
810.0,799.0
21.0,799.0
827.0,799.0
681.0,799.0
425.0,799.0
279.0,799.0
828.0,799.0
899.0,800.0
86.0,800.0
998.0,800.0
425.0,800.0
48.0,800.0
562.0,800.0
184.0,800.0
361.0,800.0
291.0,800.0
669.0,800.0
267.0,800.0
947.0,800.0
400.0,801.0
527.0,801.0
104.0,801.0
255.0,801.0
941.0,801.0
45.0,801.0
463.0,801.0
94.0,801.0
169.0,801.0
225.0,801.0
627.0,801.0
133.0,801.0
230.0,802.0
1026.0,802.0
349.0,802.0
862.0,802.0
872.0,802.0
853.0,802.0
572.0,802.0
659.0,802.0
132.0,802.0
177.0,802.0
1034.0,802.0
605.0,802.0
497.0,803.0
791.0,803.0
150.0,803.0
206.0,803.0
0.0,803.0
291.0,803.0
245.0,803.0
809.0,803.0
623.0,803.0
56.0,803.0
367.0,803.0
778.0,803.0
253.0,804.0
48.0,804.0
846.0,804.0
501.0,804.0
757.0,804.0
71.0,804.0
350.0,804.0
669.0,804.0
157.0,804.0
311.0,804.0
992.0,804.0
137.0,804.0
42.0,805.0
759.0,805.0
243.0,805.0
574.0,805.0
436.0,805.0
1007.0,805.0
438.0,805.0
1003.0,805.0
538.0,805.0
838.0,805.0
369.0,805.0
550.0,805.0
582.0,806.0
324.0,806.0
454.0,806.0
633.0,806.0
337.0,806.0
208.0,806.0
713.0,806.0
391.0,806.0
98.0,806.0
280.0,806.0
876.0,806.0
670.0,806.0
353.0,807.0
369.0,807.0
55.0,807.0
932.0,807.0
840.0,807.0
324.0,807.0
549.0,807.0
818.0,807.0
950.0,807.0
337.0,807.0
171.0,807.0
906.0,807.0
874.0,808.0
357.0,808.0
172.0,808.0
117.0,808.0
928.0,808.0
464.0,808.0
969.0,808.0
337.0,808.0
744.0,808.0
739.0,808.0
835.0,808.0
764.0,808.0
1031.0,809.0
815.0,809.0
737.0,809.0
25.0,809.0
154.0,809.0
969.0,809.0
42.0,809.0
431.0,809.0
883.0,809.0
24.0,809.0
356.0,809.0
336.0,809.0
288.0,810.0
581.0,810.0
272.0,810.0
816.0,810.0
753.0,810.0
592.0,810.0
213.0,810.0
937.0,810.0
465.0,810.0
36.0,810.0
402.0,810.0
613.0,810.0
345.0,811.0
91.0,811.0
426.0,811.0
110.0,811.0
1.0,811.0
225.0,811.0
927.0,811.0
916.0,811.0
767.0,811.0
45.0,811.0
766.0,811.0
913.0,811.0
489.0,812.0
634.0,812.0
76.0,812.0
391.0,812.0
235.0,812.0
544.0,812.0
674.0,812.0
118.0,812.0
457.0,812.0
906.0,812.0
283.0,812.0
524.0,812.0
79.0,813.0
488.0,813.0
349.0,813.0
815.0,813.0
660.0,813.0
617.0,813.0
500.0,813.0
198.0,813.0
389.0,813.0
842.0,813.0
862.0,813.0
618.0,813.0
40.0,814.0
786.0,814.0
375.0,814.0
520.0,814.0
987.0,814.0
144.0,814.0
576.0,814.0
716.0,814.0
197.0,814.0
586.0,814.0
459.0,814.0
282.0,814.0
642.0,815.0
516.0,815.0
947.0,815.0
170.0,815.0
605.0,815.0
499.0,815.0
235.0,815.0
856.0,815.0
367.0,815.0
414.0,815.0
330.0,815.0
740.0,815.0
741.0,816.0
650.0,816.0
344.0,816.0
540.0,816.0
155.0,816.0
205.0,816.0
532.0,816.0
714.0,816.0
303.0,816.0
780.0,816.0
246.0,816.0
876.0,816.0
291.0,817.0
275.0,817.0
496.0,817.0
393.0,817.0
650.0,817.0
876.0,817.0
416.0,817.0
33.0,817.0
519.0,817.0
674.0,817.0
295.0,817.0
848.0,817.0
707.0,818.0
1003.0,818.0
767.0,818.0
27.0,818.0
392.0,818.0
993.0,818.0
517.0,818.0
143.0,818.0
884.0,818.0
779.0,818.0
483.0,818.0
134.0,818.0
478.0,819.0
450.0,819.0
455.0,819.0
236.0,819.0
256.0,819.0
911.0,819.0
412.0,819.0
881.0,819.0
869.0,819.0
152.0,819.0
1009.0,819.0
745.0,819.0
565.0,820.0
189.0,820.0
967.0,820.0
997.0,820.0
103.0,820.0
558.0,820.0
996.0,820.0
765.0,820.0
179.0,820.0
473.0,820.0
404.0,820.0
697.0,820.0
397.0,821.0
942.0,821.0
605.0,821.0
308.0,821.0
287.0,821.0
259.0,821.0
166.0,821.0
352.0,821.0
314.0,821.0
342.0,821.0
742.0,821.0
926.0,821.0
932.0,822.0
5.0,822.0
801.0,822.0
426.0,822.0
506.0,822.0
8.0,822.0
418.0,822.0
293.0,822.0
722.0,822.0
474.0,822.0
700.0,822.0
572.0,822.0
345.0,823.0
602.0,823.0
176.0,823.0
85.0,823.0
63.0,823.0
58.0,823.0
801.0,823.0
357.0,823.0
414.0,823.0
694.0,823.0
180.0,823.0
565.0,823.0
508.0,824.0
942.0,824.0
213.0,824.0
536.0,824.0
847.0,824.0
395.0,824.0
881.0,824.0
135.0,824.0
126.0,824.0
670.0,824.0
511.0,824.0
12.0,824.0
875.0,825.0
645.0,825.0
997.0,825.0
919.0,825.0
421.0,825.0
764.0,825.0
666.0,825.0
804.0,825.0
222.0,825.0
965.0,825.0
846.0,825.0
36.0,825.0
831.0,826.0
285.0,826.0
804.0,826.0
936.0,826.0
788.0,826.0
899.0,826.0
450.0,826.0
86.0,826.0
723.0,826.0
497.0,826.0
234.0,826.0
745.0,826.0
797.0,827.0
885.0,827.0
723.0,827.0
207.0,827.0
656.0,827.0
408.0,827.0
924.0,827.0
826.0,827.0
16.0,827.0
1008.0,827.0
218.0,827.0
794.0,827.0
318.0,828.0
877.0,828.0
790.0,828.0
725.0,828.0
181.0,828.0
794.0,828.0
694.0,828.0
30.0,828.0
664.0,828.0
328.0,828.0
19.0,828.0
210.0,828.0
227.0,829.0
87.0,829.0
208.0,829.0
823.0,829.0
770.0,829.0
790.0,829.0
748.0,829.0
950.0,829.0
0.0,829.0
549.0,829.0
380.0,829.0
445.0,829.0
78.0,830.0
146.0,830.0
163.0,830.0
1013.0,830.0
466.0,830.0
642.0,830.0
665.0,830.0
740.0,830.0
755.0,830.0
310.0,830.0
24.0,830.0
367.0,830.0
263.0,831.0
958.0,831.0
179.0,831.0
270.0,831.0
444.0,831.0
826.0,831.0
236.0,831.0
1032.0,831.0
649.0,831.0
173.0,831.0
460.0,831.0
914.0,831.0
357.0,832.0
698.0,832.0
641.0,832.0
499.0,832.0
80.0,832.0
204.0,832.0
887.0,832.0
879.0,832.0
615.0,832.0
877.0,832.0
863.0,832.0
531.0,832.0
2.0,833.0
234.0,833.0
172.0,833.0
447.0,833.0
443.0,833.0
962.0,833.0
940.0,833.0
381.0,833.0
914.0,833.0
942.0,833.0
247.0,833.0
589.0,833.0
509.0,834.0
244.0,834.0
211.0,834.0
907.0,834.0
232.0,834.0
57.0,834.0
481.0,834.0
339.0,834.0
496.0,834.0
80.0,834.0
427.0,834.0
491.0,834.0
261.0,835.0
117.0,835.0
540.0,835.0
132.0,835.0
20.0,835.0
57.0,835.0
217.0,835.0
695.0,835.0
387.0,835.0
1019.0,835.0
719.0,835.0
597.0,835.0
1011.0,836.0
438.0,836.0
663.0,836.0
211.0,836.0
567.0,836.0
214.0,836.0
864.0,836.0
315.0,836.0
216.0,836.0
418.0,836.0
164.0,836.0
722.0,836.0
163.0,837.0
648.0,837.0
1009.0,837.0
172.0,837.0
586.0,837.0
903.0,837.0
967.0,837.0
235.0,837.0
204.0,837.0
154.0,837.0
1013.0,837.0
127.0,837.0
923.0,838.0
530.0,838.0
902.0,838.0
96.0,838.0
655.0,838.0
211.0,838.0
972.0,838.0
414.0,838.0
970.0,838.0
61.0,838.0
38.0,838.0
214.0,838.0
336.0,839.0
1004.0,839.0
111.0,839.0
948.0,839.0
408.0,839.0
530.0,839.0
827.0,839.0
431.0,839.0
874.0,839.0
427.0,839.0
66.0,839.0
445.0,839.0
549.0,840.0
545.0,840.0
345.0,840.0
544.0,840.0
505.0,840.0
36.0,840.0
792.0,840.0
1010.0,840.0
27.0,840.0
703.0,840.0
738.0,840.0
759.0,840.0
604.0,841.0
390.0,841.0
1015.0,841.0
955.0,841.0
626.0,841.0
774.0,841.0
768.0,841.0
153.0,841.0
644.0,841.0
433.0,841.0
616.0,841.0
727.0,841.0
179.0,842.0
460.0,842.0
6.0,842.0
54.0,842.0
1034.0,842.0
415.0,842.0
388.0,842.0
769.0,842.0
1006.0,842.0
101.0,842.0
797.0,842.0
558.0,842.0
448.0,843.0
676.0,843.0
350.0,843.0
1022.0,843.0
644.0,843.0
40.0,843.0
774.0,843.0
259.0,843.0
510.0,843.0
790.0,843.0
720.0,843.0
305.0,843.0
187.0,844.0
749.0,844.0
395.0,844.0
56.0,844.0
795.0,844.0
707.0,844.0
1004.0,844.0
509.0,844.0
176.0,844.0
363.0,844.0
331.0,844.0
254.0,844.0
181.0,845.0
744.0,845.0
279.0,845.0
805.0,845.0
884.0,845.0
290.0,845.0
991.0,845.0
795.0,845.0
101.0,845.0
111.0,845.0
463.0,845.0
565.0,845.0
231.0,846.0
473.0,846.0
420.0,846.0
183.0,846.0
427.0,846.0
158.0,846.0
497.0,846.0
938.0,846.0
168.0,846.0
1017.0,846.0
360.0,846.0
82.0,846.0
522.0,847.0
319.0,847.0
588.0,847.0
839.0,847.0
89.0,847.0
936.0,847.0
328.0,847.0
558.0,847.0
705.0,847.0
992.0,847.0
181.0,847.0
4.0,847.0
926.0,848.0
758.0,848.0
824.0,848.0
881.0,848.0
74.0,848.0
98.0,848.0
323.0,848.0
27.0,848.0
206.0,848.0
960.0,848.0
928.0,848.0
233.0,848.0
300.0,849.0
442.0,849.0
242.0,849.0
758.0,849.0
89.0,849.0
330.0,849.0
848.0,849.0
519.0,849.0
688.0,849.0
674.0,849.0
222.0,849.0
780.0,849.0
798.0,850.0
786.0,850.0
720.0,850.0
953.0,850.0
320.0,850.0
564.0,850.0
209.0,850.0
286.0,850.0
895.0,850.0
230.0,850.0
968.0,850.0
427.0,850.0
337.0,851.0
52.0,851.0
124.0,851.0
653.0,851.0
195.0,851.0
186.0,851.0
495.0,851.0
277.0,851.0
466.0,851.0
134.0,851.0
915.0,851.0
376.0,851.0
188.0,852.0
950.0,852.0
740.0,852.0
226.0,852.0
252.0,852.0
1012.0,852.0
300.0,852.0
1007.0,852.0
756.0,852.0
391.0,852.0
542.0,852.0
934.0,852.0
756.0,853.0
378.0,853.0
119.0,853.0
586.0,853.0
991.0,853.0
214.0,853.0
655.0,853.0
540.0,853.0
896.0,853.0
629.0,853.0
363.0,853.0
438.0,853.0
493.0,854.0
385.0,854.0
523.0,854.0
24.0,854.0
487.0,854.0
247.0,854.0
887.0,854.0
66.0,854.0
750.0,854.0
269.0,854.0
668.0,854.0
536.0,854.0
576.0,855.0
1026.0,855.0
313.0,855.0
65.0,855.0
493.0,855.0
490.0,855.0
754.0,855.0
204.0,855.0
249.0,855.0
699.0,855.0
287.0,855.0
580.0,855.0
1011.0,856.0
978.0,856.0
540.0,856.0
605.0,856.0
839.0,856.0
921.0,856.0
361.0,856.0
420.0,856.0
0.0,856.0
648.0,856.0
994.0,856.0
559.0,856.0
757.0,857.0
960.0,857.0
976.0,857.0
795.0,857.0
309.0,857.0
660.0,857.0
581.0,857.0
953.0,857.0
382.0,857.0
409.0,857.0
987.0,857.0
180.0,857.0
759.0,858.0
952.0,858.0
138.0,858.0
985.0,858.0
391.0,858.0
251.0,858.0
479.0,858.0
98.0,858.0
908.0,858.0
136.0,858.0
866.0,858.0
61.0,858.0
485.0,859.0
663.0,859.0
767.0,859.0
133.0,859.0
458.0,859.0
140.0,859.0
208.0,859.0
93.0,859.0
446.0,859.0
198.0,859.0
904.0,859.0
639.0,859.0
221.0,860.0
125.0,860.0
681.0,860.0
660.0,860.0
434.0,860.0
66.0,860.0
423.0,860.0
261.0,860.0
143.0,860.0
559.0,860.0
420.0,860.0
1006.0,860.0
570.0,861.0
294.0,861.0
257.0,861.0
622.0,861.0
514.0,861.0
631.0,861.0
1017.0,861.0
411.0,861.0
655.0,861.0
951.0,861.0
996.0,861.0
730.0,861.0
996.0,862.0
708.0,862.0
845.0,862.0
357.0,862.0
131.0,862.0
230.0,862.0
739.0,862.0
748.0,862.0
330.0,862.0
541.0,862.0
705.0,862.0
161.0,862.0
445.0,863.0
734.0,863.0
540.0,863.0
522.0,863.0
436.0,863.0
216.0,863.0
959.0,863.0
597.0,863.0
574.0,863.0
903.0,863.0
695.0,863.0
719.0,863.0
978.0,864.0
471.0,864.0
429.0,864.0
186.0,864.0
1010.0,864.0
498.0,864.0
551.0,864.0
274.0,864.0
984.0,864.0
698.0,864.0
517.0,864.0
806.0,864.0
137.0,865.0
791.0,865.0
1007.0,865.0
879.0,865.0
335.0,865.0
338.0,865.0
657.0,865.0
739.0,865.0
449.0,865.0
413.0,865.0
494.0,865.0
486.0,865.0
942.0,866.0
298.0,866.0
1031.0,866.0
592.0,866.0
431.0,866.0
352.0,866.0
922.0,866.0
760.0,866.0
558.0,866.0
27.0,866.0
925.0,866.0
753.0,866.0
781.0,867.0
562.0,867.0
945.0,867.0
573.0,867.0
367.0,867.0
371.0,867.0
994.0,867.0
30.0,867.0
852.0,867.0
342.0,867.0
370.0,867.0
856.0,867.0
1003.0,868.0
214.0,868.0
196.0,868.0
163.0,868.0
177.0,868.0
390.0,868.0
111.0,868.0
335.0,868.0
446.0,868.0
380.0,868.0
54.0,868.0
939.0,868.0
319.0,869.0
451.0,869.0
65.0,869.0
664.0,869.0
970.0,869.0
125.0,869.0
989.0,869.0
397.0,869.0
754.0,869.0
117.0,869.0
1021.0,869.0
461.0,869.0
426.0,870.0
1.0,870.0
481.0,870.0
767.0,870.0
556.0,870.0
440.0,870.0
1021.0,870.0
395.0,870.0
539.0,870.0
432.0,870.0
485.0,870.0
45.0,870.0
429.0,871.0
162.0,871.0
879.0,871.0
553.0,871.0
104.0,871.0
777.0,871.0
474.0,871.0
859.0,871.0
85.0,871.0
912.0,871.0
485.0,871.0
884.0,871.0
685.0,872.0
693.0,872.0
604.0,872.0
287.0,872.0
198.0,872.0
709.0,872.0
375.0,872.0
441.0,872.0
999.0,872.0
28.0,872.0
689.0,872.0
452.0,872.0
300.0,873.0
861.0,873.0
227.0,873.0
901.0,873.0
610.0,873.0
906.0,873.0
806.0,873.0
977.0,873.0
369.0,873.0
747.0,873.0
910.0,873.0
807.0,873.0
690.0,874.0
170.0,874.0
176.0,874.0
254.0,874.0
753.0,874.0
493.0,874.0
235.0,874.0
290.0,874.0
884.0,874.0
245.0,874.0
56.0,874.0
279.0,874.0
493.0,875.0
598.0,875.0
246.0,875.0
543.0,875.0
475.0,875.0
77.0,875.0
33.0,875.0
507.0,875.0
943.0,875.0
178.0,875.0
440.0,875.0
447.0,875.0
849.0,876.0
673.0,876.0
670.0,876.0
260.0,876.0
753.0,876.0
816.0,876.0
861.0,876.0
983.0,876.0
634.0,876.0
590.0,876.0
1028.0,876.0
858.0,876.0
620.0,877.0
157.0,877.0
167.0,877.0
380.0,877.0
925.0,877.0
150.0,877.0
803.0,877.0
764.0,877.0
948.0,877.0
113.0,877.0
349.0,877.0
286.0,877.0
996.0,878.0
10.0,878.0
588.0,878.0
774.0,878.0
490.0,878.0
438.0,878.0
365.0,878.0
868.0,878.0
786.0,878.0
314.0,878.0
832.0,878.0
955.0,878.0
894.0,879.0
374.0,879.0
170.0,879.0
434.0,879.0
607.0,879.0
309.0,879.0
706.0,879.0
287.0,879.0
259.0,879.0
655.0,879.0
154.0,879.0
298.0,879.0
117.0,880.0
690.0,880.0
803.0,880.0
125.0,880.0
878.0,880.0
477.0,880.0
684.0,880.0
976.0,880.0
1019.0,880.0
242.0,880.0
153.0,880.0
430.0,880.0
553.0,881.0
536.0,881.0
732.0,881.0
585.0,881.0
566.0,881.0
599.0,881.0
900.0,881.0
346.0,881.0
136.0,881.0
559.0,881.0
279.0,881.0
817.0,881.0
529.0,882.0
471.0,882.0
677.0,882.0
85.0,882.0
8.0,882.0
24.0,882.0
277.0,882.0
822.0,882.0
704.0,882.0
941.0,882.0
778.0,882.0
579.0,882.0
31.0,883.0
261.0,883.0
233.0,883.0
170.0,883.0
961.0,883.0
67.0,883.0
48.0,883.0
208.0,883.0
837.0,883.0
531.0,883.0
948.0,883.0
584.0,883.0
42.0,884.0
538.0,884.0
215.0,884.0
1027.0,884.0
902.0,884.0
531.0,884.0
421.0,884.0
304.0,884.0
417.0,884.0
594.0,884.0
170.0,884.0
545.0,884.0
362.0,885.0
559.0,885.0
716.0,885.0
160.0,885.0
934.0,885.0
421.0,885.0
510.0,885.0
786.0,885.0
43.0,885.0
580.0,885.0
800.0,885.0
1022.0,885.0
592.0,886.0
310.0,886.0
118.0,886.0
729.0,886.0
178.0,886.0
135.0,886.0
317.0,886.0
666.0,886.0
789.0,886.0
983.0,886.0
928.0,886.0
393.0,886.0
317.0,887.0
837.0,887.0
473.0,887.0
877.0,887.0
123.0,887.0
522.0,887.0
550.0,887.0
1031.0,887.0
933.0,887.0
440.0,887.0
361.0,887.0
556.0,887.0
282.0,888.0
82.0,888.0
924.0,888.0
461.0,888.0
182.0,888.0
299.0,888.0
113.0,888.0
774.0,888.0
800.0,888.0
624.0,888.0
550.0,888.0
341.0,888.0
592.0,889.0
719.0,889.0
981.0,889.0
890.0,889.0
550.0,889.0
903.0,889.0
25.0,889.0
507.0,889.0
583.0,889.0
718.0,889.0
533.0,889.0
334.0,889.0
78.0,890.0
558.0,890.0
961.0,890.0
856.0,890.0
146.0,890.0
51.0,890.0
691.0,890.0
494.0,890.0
791.0,890.0
66.0,890.0
319.0,890.0
151.0,890.0
301.0,891.0
714.0,891.0
635.0,891.0
555.0,891.0
186.0,891.0
551.0,891.0
333.0,891.0
302.0,891.0
792.0,891.0
495.0,891.0
376.0,891.0
789.0,891.0
777.0,892.0
444.0,892.0
433.0,892.0
790.0,892.0
113.0,892.0
900.0,892.0
681.0,892.0
368.0,892.0
934.0,892.0
879.0,892.0
192.0,892.0
9.0,892.0
30.0,893.0
169.0,893.0
373.0,893.0
205.0,893.0
122.0,893.0
379.0,893.0
90.0,893.0
752.0,893.0
656.0,893.0
69.0,893.0
911.0,893.0
1030.0,893.0
69.0,894.0
220.0,894.0
890.0,894.0
370.0,894.0
707.0,894.0
319.0,894.0
907.0,894.0
515.0,894.0
407.0,894.0
646.0,894.0
540.0,894.0
466.0,894.0
736.0,895.0
973.0,895.0
1020.0,895.0
923.0,895.0
991.0,895.0
767.0,895.0
436.0,895.0
504.0,895.0
56.0,895.0
545.0,895.0
252.0,895.0
522.0,895.0
374.0,896.0
934.0,896.0
777.0,896.0
170.0,896.0
1004.0,896.0
879.0,896.0
682.0,896.0
314.0,896.0
458.0,896.0
564.0,896.0
813.0,896.0
596.0,896.0
136.0,897.0
935.0,897.0
558.0,897.0
213.0,897.0
116.0,897.0
985.0,897.0
780.0,897.0
298.0,897.0
937.0,897.0
126.0,897.0
288.0,897.0
979.0,897.0
312.0,898.0
1018.0,898.0
568.0,898.0
277.0,898.0
590.0,898.0
38.0,898.0
393.0,898.0
271.0,898.0
186.0,898.0
77.0,898.0
541.0,898.0
135.0,898.0
184.0,899.0
212.0,899.0
125.0,899.0
152.0,899.0
626.0,899.0
3.0,899.0
800.0,899.0
403.0,899.0
325.0,899.0
869.0,899.0
197.0,899.0
925.0,899.0
992.0,900.0
126.0,900.0
348.0,900.0
895.0,900.0
383.0,900.0
842.0,900.0
146.0,900.0
773.0,900.0
91.0,900.0
540.0,900.0
107.0,900.0
205.0,900.0
806.0,901.0
747.0,901.0
643.0,901.0
1018.0,901.0
734.0,901.0
1028.0,901.0
598.0,901.0
368.0,901.0
541.0,901.0
412.0,901.0
294.0,901.0
20.0,901.0
860.0,902.0
497.0,902.0
540.0,902.0
691.0,902.0
874.0,902.0
834.0,902.0
498.0,902.0
624.0,902.0
205.0,902.0
695.0,902.0
836.0,902.0
296.0,902.0
493.0,903.0
994.0,903.0
860.0,903.0
494.0,903.0
499.0,903.0
214.0,903.0
66.0,903.0
699.0,903.0
119.0,903.0
500.0,903.0
660.0,903.0
913.0,903.0
879.0,904.0
441.0,904.0
398.0,904.0
675.0,904.0
698.0,904.0
999.0,904.0
509.0,904.0
437.0,904.0
17.0,904.0
336.0,904.0
628.0,904.0
338.0,904.0
738.0,905.0
111.0,905.0
829.0,905.0
973.0,905.0
319.0,905.0
837.0,905.0
732.0,905.0
713.0,905.0
634.0,905.0
531.0,905.0
754.0,905.0
836.0,905.0
107.0,906.0
795.0,906.0
969.0,906.0
280.0,906.0
625.0,906.0
304.0,906.0
163.0,906.0
275.0,906.0
775.0,906.0
165.0,906.0
734.0,906.0
566.0,906.0
516.0,907.0
486.0,907.0
695.0,907.0
146.0,907.0
1020.0,907.0
608.0,907.0
95.0,907.0
662.0,907.0
640.0,907.0
438.0,907.0
423.0,907.0
563.0,907.0
935.0,908.0
536.0,908.0
51.0,908.0
379.0,908.0
434.0,908.0
291.0,908.0
303.0,908.0
292.0,908.0
638.0,908.0
575.0,908.0
594.0,908.0
900.0,908.0
818.0,909.0
714.0,909.0
326.0,909.0
498.0,909.0
38.0,909.0
696.0,909.0
227.0,909.0
1028.0,909.0
736.0,909.0
112.0,909.0
643.0,909.0
1010.0,909.0
14.0,910.0
779.0,910.0
734.0,910.0
223.0,910.0
416.0,910.0
171.0,910.0
334.0,910.0
714.0,910.0
50.0,910.0
457.0,910.0
730.0,910.0
422.0,910.0
172.0,911.0
401.0,911.0
962.0,911.0
263.0,911.0
11.0,911.0
450.0,911.0
285.0,911.0
535.0,911.0
238.0,911.0
116.0,911.0
775.0,911.0
301.0,911.0
902.0,912.0
308.0,912.0
545.0,912.0
906.0,912.0
430.0,912.0
840.0,912.0
322.0,912.0
755.0,912.0
423.0,912.0
964.0,912.0
290.0,912.0
102.0,912.0
87.0,913.0
12.0,913.0
395.0,913.0
907.0,913.0
954.0,913.0
499.0,913.0
748.0,913.0
67.0,913.0
721.0,913.0
722.0,913.0
203.0,913.0
196.0,913.0
207.0,914.0
985.0,914.0
136.0,914.0
224.0,914.0
646.0,914.0
455.0,914.0
559.0,914.0
946.0,914.0
956.0,914.0
819.0,914.0
826.0,914.0
342.0,914.0
805.0,915.0
476.0,915.0
45.0,915.0
587.0,915.0
751.0,915.0
984.0,915.0
568.0,915.0
312.0,915.0
622.0,915.0
792.0,915.0
112.0,915.0
704.0,915.0
430.0,916.0
235.0,916.0
1031.0,916.0
38.0,916.0
25.0,916.0
284.0,916.0
578.0,916.0
168.0,916.0
868.0,916.0
187.0,916.0
1025.0,916.0
787.0,916.0
418.0,917.0
347.0,917.0
351.0,917.0
767.0,917.0
991.0,917.0
865.0,917.0
177.0,917.0
407.0,917.0
763.0,917.0
964.0,917.0
110.0,917.0
53.0,917.0
626.0,918.0
605.0,918.0
1021.0,918.0
917.0,918.0
809.0,918.0
456.0,918.0
100.0,918.0
237.0,918.0
868.0,918.0
972.0,918.0
481.0,918.0
161.0,918.0
336.0,919.0
1009.0,919.0
231.0,919.0
442.0,919.0
824.0,919.0
493.0,919.0
434.0,919.0
928.0,919.0
618.0,919.0
711.0,919.0
273.0,919.0
427.0,919.0
686.0,920.0
334.0,920.0
696.0,920.0
260.0,920.0
103.0,920.0
597.0,920.0
642.0,920.0
111.0,920.0
414.0,920.0
436.0,920.0
996.0,920.0
698.0,920.0
310.0,921.0
756.0,921.0
241.0,921.0
672.0,921.0
932.0,921.0
950.0,921.0
920.0,921.0
210.0,921.0
907.0,921.0
845.0,921.0
914.0,921.0
334.0,921.0
1031.0,922.0
946.0,922.0
206.0,922.0
408.0,922.0
541.0,922.0
383.0,922.0
546.0,922.0
513.0,922.0
224.0,922.0
302.0,922.0
832.0,922.0
863.0,922.0
665.0,923.0
372.0,923.0
839.0,923.0
964.0,923.0
707.0,923.0
331.0,923.0
869.0,923.0
417.0,923.0
737.0,923.0
81.0,923.0
308.0,923.0
463.0,923.0
1023.0,924.0
217.0,924.0
150.0,924.0
332.0,924.0
388.0,924.0
852.0,924.0
501.0,924.0
330.0,924.0
664.0,924.0
739.0,924.0
304.0,924.0
410.0,924.0
287.0,925.0
992.0,925.0
711.0,925.0
1027.0,925.0
994.0,925.0
299.0,925.0
973.0,925.0
214.0,925.0
56.0,925.0
961.0,925.0
360.0,925.0
687.0,925.0
524.0,926.0
674.0,926.0
748.0,926.0
648.0,926.0
210.0,926.0
368.0,926.0
19.0,926.0
923.0,926.0
157.0,926.0
107.0,926.0
996.0,926.0
12.0,926.0
738.0,927.0
164.0,927.0
747.0,927.0
809.0,927.0
707.0,927.0
250.0,927.0
779.0,927.0
100.0,927.0
607.0,927.0
663.0,927.0
166.0,927.0
244.0,927.0
340.0,928.0
257.0,928.0
938.0,928.0
213.0,928.0
825.0,928.0
772.0,928.0
731.0,928.0
70.0,928.0
498.0,928.0
598.0,928.0
378.0,928.0
905.0,928.0
666.0,929.0
381.0,929.0
421.0,929.0
213.0,929.0
74.0,929.0
594.0,929.0
758.0,929.0
61.0,929.0
753.0,929.0
250.0,929.0
36.0,929.0
256.0,929.0
316.0,930.0
675.0,930.0
601.0,930.0
10.0,930.0
394.0,930.0
164.0,930.0
161.0,930.0
249.0,930.0
338.0,930.0
966.0,930.0
349.0,930.0
63.0,930.0
670.0,931.0
215.0,931.0
61.0,931.0
961.0,931.0
370.0,931.0
501.0,931.0
791.0,931.0
279.0,931.0
515.0,931.0
242.0,931.0
954.0,931.0
719.0,931.0
251.0,932.0
764.0,932.0
165.0,932.0
652.0,932.0
642.0,932.0
176.0,932.0
848.0,932.0
27.0,932.0
442.0,932.0
1017.0,932.0
55.0,932.0
575.0,932.0
1016.0,933.0
479.0,933.0
907.0,933.0
138.0,933.0
132.0,933.0
910.0,933.0
749.0,933.0
662.0,933.0
167.0,933.0
427.0,933.0
473.0,933.0
845.0,933.0
467.0,934.0
166.0,934.0
889.0,934.0
978.0,934.0
879.0,934.0
754.0,934.0
349.0,934.0
791.0,934.0
127.0,934.0
27.0,934.0
832.0,934.0
609.0,934.0
41.0,935.0
74.0,935.0
260.0,935.0
98.0,935.0
751.0,935.0
70.0,935.0
543.0,935.0
788.0,935.0
246.0,935.0
926.0,935.0
994.0,935.0
443.0,935.0
487.0,936.0
720.0,936.0
585.0,936.0
305.0,936.0
358.0,936.0
64.0,936.0
448.0,936.0
270.0,936.0
218.0,936.0
172.0,936.0
425.0,936.0
776.0,936.0
991.0,937.0
7.0,937.0
455.0,937.0
160.0,937.0
690.0,937.0
373.0,937.0
831.0,937.0
650.0,937.0
591.0,937.0
574.0,937.0
536.0,937.0
130.0,937.0
343.0,938.0
603.0,938.0
894.0,938.0
964.0,938.0
1018.0,938.0
301.0,938.0
359.0,938.0
475.0,938.0
254.0,938.0
58.0,938.0
290.0,938.0
130.0,938.0
394.0,939.0
834.0,939.0
803.0,939.0
469.0,939.0
865.0,939.0
387.0,939.0
778.0,939.0
597.0,939.0
161.0,939.0
237.0,939.0
241.0,939.0
360.0,939.0
827.0,940.0
1035.0,940.0
379.0,940.0
536.0,940.0
962.0,940.0
268.0,940.0
580.0,940.0
434.0,940.0
1001.0,940.0
122.0,940.0
875.0,940.0
931.0,940.0
637.0,941.0
259.0,941.0
846.0,941.0
274.0,941.0
691.0,941.0
189.0,941.0
813.0,941.0
264.0,941.0
446.0,941.0
701.0,941.0
63.0,941.0
844.0,941.0
54.0,942.0
781.0,942.0
974.0,942.0
959.0,942.0
32.0,942.0
608.0,942.0
821.0,942.0
383.0,942.0
665.0,942.0
61.0,942.0
416.0,942.0
876.0,942.0
528.0,943.0
651.0,943.0
401.0,943.0
419.0,943.0
285.0,943.0
160.0,943.0
234.0,943.0
819.0,943.0
319.0,943.0
50.0,943.0
748.0,943.0
116.0,943.0
473.0,944.0
479.0,944.0
571.0,944.0
895.0,944.0
281.0,944.0
575.0,944.0
755.0,944.0
959.0,944.0
513.0,944.0
1004.0,944.0
334.0,944.0
273.0,944.0
996.0,945.0
494.0,945.0
301.0,945.0
872.0,945.0
900.0,945.0
896.0,945.0
290.0,945.0
524.0,945.0
1004.0,945.0
56.0,945.0
946.0,945.0
418.0,945.0
949.0,946.0
781.0,946.0
214.0,946.0
620.0,946.0
884.0,946.0
279.0,946.0
863.0,946.0
85.0,946.0
668.0,946.0
401.0,946.0
210.0,946.0
594.0,946.0
234.0,947.0
154.0,947.0
198.0,947.0
228.0,947.0
451.0,947.0
613.0,947.0
773.0,947.0
828.0,947.0
56.0,947.0
336.0,947.0
967.0,947.0
926.0,947.0
574.0,948.0
552.0,948.0
959.0,948.0
1003.0,948.0
420.0,948.0
261.0,948.0
158.0,948.0
217.0,948.0
463.0,948.0
290.0,948.0
410.0,948.0
284.0,948.0
340.0,949.0
686.0,949.0
991.0,949.0
607.0,949.0
563.0,949.0
81.0,949.0
912.0,949.0
738.0,949.0
416.0,949.0
428.0,949.0
1017.0,949.0
76.0,949.0
966.0,950.0
959.0,950.0
335.0,950.0
894.0,950.0
204.0,950.0
721.0,950.0
12.0,950.0
686.0,950.0
575.0,950.0
155.0,950.0
719.0,950.0
424.0,950.0
619.0,951.0
246.0,951.0
323.0,951.0
876.0,951.0
519.0,951.0
772.0,951.0
650.0,951.0
944.0,951.0
643.0,951.0
447.0,951.0
324.0,951.0
979.0,951.0
848.0,952.0
256.0,952.0
475.0,952.0
493.0,952.0
288.0,952.0
251.0,952.0
80.0,952.0
84.0,952.0
76.0,952.0
369.0,952.0
317.0,952.0
876.0,952.0
125.0,953.0
646.0,953.0
205.0,953.0
656.0,953.0
334.0,953.0
745.0,953.0
87.0,953.0
169.0,953.0
649.0,953.0
813.0,953.0
511.0,953.0
401.0,953.0
1027.0,954.0
948.0,954.0
1031.0,954.0
803.0,954.0
231.0,954.0
241.0,954.0
61.0,954.0
336.0,954.0
296.0,954.0
1016.0,954.0
367.0,954.0
531.0,954.0
777.0,955.0
546.0,955.0
708.0,955.0
299.0,955.0
970.0,955.0
545.0,955.0
786.0,955.0
235.0,955.0
845.0,955.0
310.0,955.0
850.0,955.0
769.0,955.0
1004.0,956.0
1020.0,956.0
111.0,956.0
970.0,956.0
136.0,956.0
629.0,956.0
611.0,956.0
646.0,956.0
523.0,956.0
151.0,956.0
705.0,956.0
373.0,956.0
365.0,957.0
1022.0,957.0
197.0,957.0
771.0,957.0
757.0,957.0
842.0,957.0
21.0,957.0
562.0,957.0
720.0,957.0
460.0,957.0
943.0,957.0
913.0,957.0
421.0,958.0
975.0,958.0
815.0,958.0
469.0,958.0
313.0,958.0
161.0,958.0
620.0,958.0
279.0,958.0
735.0,958.0
867.0,958.0
777.0,958.0
10.0,958.0
151.0,959.0
501.0,959.0
739.0,959.0
1031.0,959.0
970.0,959.0
168.0,959.0
349.0,959.0
186.0,959.0
203.0,959.0
531.0,959.0
127.0,959.0
773.0,959.0
226.0,960.0
292.0,960.0
824.0,960.0
212.0,960.0
985.0,960.0
812.0,960.0
962.0,960.0
981.0,960.0
238.0,960.0
170.0,960.0
122.0,960.0
976.0,960.0
972.0,961.0
705.0,961.0
228.0,961.0
597.0,961.0
895.0,961.0
592.0,961.0
533.0,961.0
902.0,961.0
596.0,961.0
87.0,961.0
339.0,961.0
462.0,961.0
263.0,962.0
975.0,962.0
874.0,962.0
625.0,962.0
176.0,962.0
313.0,962.0
924.0,962.0
558.0,962.0
116.0,962.0
536.0,962.0
122.0,962.0
56.0,962.0
379.0,963.0
84.0,963.0
733.0,963.0
810.0,963.0
986.0,963.0
383.0,963.0
1032.0,963.0
937.0,963.0
580.0,963.0
929.0,963.0
139.0,963.0
358.0,963.0
331.0,964.0
1029.0,964.0
652.0,964.0
902.0,964.0
628.0,964.0
674.0,964.0
610.0,964.0
706.0,964.0
121.0,964.0
603.0,964.0
181.0,964.0
528.0,964.0
748.0,965.0
47.0,965.0
265.0,965.0
323.0,965.0
302.0,965.0
560.0,965.0
935.0,965.0
736.0,965.0
760.0,965.0
938.0,965.0
267.0,965.0
496.0,965.0
456.0,966.0
367.0,966.0
862.0,966.0
663.0,966.0
648.0,966.0
735.0,966.0
809.0,966.0
605.0,966.0
637.0,966.0
137.0,966.0
659.0,966.0
924.0,966.0
847.0,967.0
193.0,967.0
479.0,967.0
913.0,967.0
558.0,967.0
189.0,967.0
137.0,967.0
830.0,967.0
220.0,967.0
360.0,967.0
412.0,967.0
672.0,967.0
1003.0,968.0
354.0,968.0
99.0,968.0
45.0,968.0
97.0,968.0
834.0,968.0
822.0,968.0
993.0,968.0
274.0,968.0
5.0,968.0
341.0,968.0
602.0,968.0
373.0,969.0
657.0,969.0
482.0,969.0
20.0,969.0
228.0,969.0
428.0,969.0
939.0,969.0
292.0,969.0
959.0,969.0
175.0,969.0
978.0,969.0
167.0,969.0
513.0,970.0
1020.0,970.0
70.0,970.0
553.0,970.0
625.0,970.0
27.0,970.0
256.0,970.0
231.0,970.0
756.0,970.0
630.0,970.0
181.0,970.0
475.0,970.0
482.0,971.0
379.0,971.0
660.0,971.0
146.0,971.0
149.0,971.0
920.0,971.0
642.0,971.0
359.0,971.0
166.0,971.0
986.0,971.0
473.0,971.0
267.0,971.0
927.0,972.0
505.0,972.0
288.0,972.0
823.0,972.0
211.0,972.0
24.0,972.0
912.0,972.0
472.0,972.0
603.0,972.0
94.0,972.0
531.0,972.0
158.0,972.0
919.0,973.0
286.0,973.0
370.0,973.0
204.0,973.0
659.0,973.0
884.0,973.0
107.0,973.0
746.0,973.0
705.0,973.0
749.0,973.0
962.0,973.0
695.0,973.0
288.0,974.0
70.0,974.0
649.0,974.0
889.0,974.0
622.0,974.0
266.0,974.0
226.0,974.0
83.0,974.0
22.0,974.0
854.0,974.0
29.0,974.0
733.0,974.0
645.0,975.0
837.0,975.0
828.0,975.0
646.0,975.0
220.0,975.0
628.0,975.0
431.0,975.0
652.0,975.0
786.0,975.0
571.0,975.0
310.0,975.0
395.0,975.0
460.0,976.0
1000.0,976.0
534.0,976.0
535.0,976.0
574.0,976.0
954.0,976.0
515.0,976.0
665.0,976.0
586.0,976.0
895.0,976.0
269.0,976.0
79.0,976.0
985.0,977.0
558.0,977.0
792.0,977.0
60.0,977.0
1013.0,977.0
674.0,977.0
183.0,977.0
785.0,977.0
395.0,977.0
736.0,977.0
1029.0,977.0
73.0,977.0
1031.0,978.0
577.0,978.0
424.0,978.0
111.0,978.0
95.0,978.0
107.0,978.0
805.0,978.0
25.0,978.0
1019.0,978.0
701.0,978.0
605.0,978.0
494.0,978.0
625.0,979.0
438.0,979.0
773.0,979.0
847.0,979.0
470.0,979.0
706.0,979.0
59.0,979.0
235.0,979.0
450.0,979.0
537.0,979.0
790.0,979.0
213.0,979.0
832.0,980.0
819.0,980.0
777.0,980.0
860.0,980.0
625.0,980.0
948.0,980.0
978.0,980.0
564.0,980.0
899.0,980.0
184.0,980.0
726.0,980.0
475.0,980.0
281.0,981.0
30.0,981.0
385.0,981.0
897.0,981.0
36.0,981.0
583.0,981.0
777.0,981.0
773.0,981.0
938.0,981.0
804.0,981.0
827.0,981.0
971.0,981.0
34.0,982.0
404.0,982.0
46.0,982.0
811.0,982.0
994.0,982.0
549.0,982.0
104.0,982.0
864.0,982.0
8.0,982.0
839.0,982.0
52.0,982.0
711.0,982.0
275.0,983.0
435.0,983.0
1018.0,983.0
340.0,983.0
555.0,983.0
929.0,983.0
633.0,983.0
816.0,983.0
12.0,983.0
728.0,983.0
706.0,983.0
908.0,983.0
883.0,984.0
310.0,984.0
457.0,984.0
891.0,984.0
217.0,984.0
345.0,984.0
356.0,984.0
42.0,984.0
429.0,984.0
547.0,984.0
809.0,984.0
195.0,984.0
524.0,985.0
276.0,985.0
135.0,985.0
667.0,985.0
610.0,985.0
992.0,985.0
598.0,985.0
636.0,985.0
224.0,985.0
1005.0,985.0
711.0,985.0
981.0,985.0
757.0,986.0
741.0,986.0
203.0,986.0
971.0,986.0
242.0,986.0
922.0,986.0
128.0,986.0
75.0,986.0
977.0,986.0
80.0,986.0
1009.0,986.0
1032.0,986.0
213.0,987.0
40.0,987.0
12.0,987.0
179.0,987.0
180.0,987.0
713.0,987.0
1000.0,987.0
724.0,987.0
786.0,987.0
979.0,987.0
414.0,987.0
339.0,987.0
553.0,988.0
823.0,988.0
452.0,988.0
293.0,988.0
467.0,988.0
63.0,988.0
859.0,988.0
347.0,988.0
424.0,988.0
944.0,988.0
345.0,988.0
683.0,988.0
662.0,989.0
370.0,989.0
625.0,989.0
111.0,989.0
276.0,989.0
991.0,989.0
47.0,989.0
889.0,989.0
310.0,989.0
1007.0,989.0
577.0,989.0
115.0,989.0
455.0,990.0
183.0,990.0
385.0,990.0
906.0,990.0
738.0,990.0
83.0,990.0
730.0,990.0
174.0,990.0
319.0,990.0
582.0,990.0
702.0,990.0
136.0,990.0
571.0,991.0
318.0,991.0
83.0,991.0
1031.0,991.0
196.0,991.0
370.0,991.0
746.0,991.0
1035.0,991.0
599.0,991.0
214.0,991.0
1004.0,991.0
524.0,991.0
524.0,992.0
239.0,992.0
839.0,992.0
400.0,992.0
25.0,992.0
440.0,992.0
493.0,992.0
781.0,992.0
737.0,992.0
415.0,992.0
1004.0,992.0
829.0,992.0
778.0,993.0
653.0,993.0
859.0,993.0
530.0,993.0
865.0,993.0
972.0,993.0
418.0,993.0
158.0,993.0
743.0,993.0
347.0,993.0
185.0,993.0
627.0,993.0
242.0,994.0
449.0,994.0
98.0,994.0
988.0,994.0
922.0,994.0
969.0,994.0
645.0,994.0
550.0,994.0
1019.0,994.0
976.0,994.0
632.0,994.0
592.0,994.0
537.0,995.0
748.0,995.0
885.0,995.0
564.0,995.0
658.0,995.0
936.0,995.0
745.0,995.0
618.0,995.0
408.0,995.0
287.0,995.0
731.0,995.0
236.0,995.0
531.0,996.0
651.0,996.0
890.0,996.0
115.0,996.0
495.0,996.0
95.0,996.0
895.0,996.0
203.0,996.0
690.0,996.0
423.0,996.0
111.0,996.0
949.0,996.0
556.0,997.0
545.0,997.0
172.0,997.0
44.0,997.0
1030.0,997.0
361.0,997.0
638.0,997.0
19.0,997.0
82.0,997.0
154.0,997.0
178.0,997.0
933.0,997.0
745.0,998.0
298.0,998.0
995.0,998.0
819.0,998.0
923.0,998.0
281.0,998.0
450.0,998.0
824.0,998.0
54.0,998.0
3.0,998.0
22.0,998.0
656.0,998.0
561.0,999.0
145.0,999.0
588.0,999.0
278.0,999.0
347.0,999.0
237.0,999.0
781.0,999.0
474.0,999.0
200.0,999.0
675.0,999.0
593.0,999.0
404.0,999.0
769.0,1000.0
648.0,1000.0
565.0,1000.0
9.0,1000.0
942.0,1000.0
805.0,1000.0
934.0,1000.0
771.0,1000.0
176.0,1000.0
6.0,1000.0
329.0,1000.0
395.0,1000.0
536.0,1001.0
1017.0,1001.0
307.0,1001.0
557.0,1001.0
622.0,1001.0
203.0,1001.0
785.0,1001.0
548.0,1001.0
60.0,1001.0
977.0,1001.0
275.0,1001.0
779.0,1001.0
699.0,1002.0
546.0,1002.0
92.0,1002.0
71.0,1002.0
299.0,1002.0
601.0,1002.0
413.0,1002.0
499.0,1002.0
461.0,1002.0
91.0,1002.0
617.0,1002.0
129.0,1002.0
887.0,1003.0
213.0,1003.0
712.0,1003.0
950.0,1003.0
296.0,1003.0
217.0,1003.0
913.0,1003.0
584.0,1003.0
748.0,1003.0
609.0,1003.0
989.0,1003.0
126.0,1003.0
950.0,1004.0
332.0,1004.0
684.0,1004.0
748.0,1004.0
542.0,1004.0
991.0,1004.0
755.0,1004.0
169.0,1004.0
707.0,1004.0
860.0,1004.0
261.0,1004.0
159.0,1004.0
571.0,1005.0
960.0,1005.0
360.0,1005.0
965.0,1005.0
96.0,1005.0
391.0,1005.0
115.0,1005.0
358.0,1005.0
205.0,1005.0
138.0,1005.0
256.0,1005.0
759.0,1005.0
466.0,1006.0
944.0,1006.0
921.0,1006.0
456.0,1006.0
612.0,1006.0
837.0,1006.0
221.0,1006.0
558.0,1006.0
130.0,1006.0
531.0,1006.0
220.0,1006.0
189.0,1006.0
170.0,1007.0
20.0,1007.0
243.0,1007.0
923.0,1007.0
808.0,1007.0
787.0,1007.0
584.0,1007.0
460.0,1007.0
208.0,1007.0
932.0,1007.0
701.0,1007.0
279.0,1007.0
970.0,1008.0
857.0,1008.0
193.0,1008.0
370.0,1008.0
749.0,1008.0
659.0,1008.0
250.0,1008.0
537.0,1008.0
12.0,1008.0
524.0,1008.0
254.0,1008.0
978.0,1008.0
746.0,1009.0
691.0,1009.0
785.0,1009.0
372.0,1009.0
695.0,1009.0
361.0,1009.0
889.0,1009.0
150.0,1009.0
259.0,1009.0
516.0,1009.0
153.0,1009.0
884.0,1009.0
678.0,1010.0
1006.0,1010.0
961.0,1010.0
0.0,1010.0
728.0,1010.0
765.0,1010.0
364.0,1010.0
18.0,1010.0
756.0,1010.0
864.0,1010.0
577.0,1010.0
378.0,1010.0
629.0,1011.0
401.0,1011.0
248.0,1011.0
796.0,1011.0
691.0,1011.0
209.0,1011.0
437.0,1011.0
1020.0,1011.0
235.0,1011.0
655.0,1011.0
481.0,1011.0
878.0,1011.0
395.0,1012.0
1031.0,1012.0
883.0,1012.0
583.0,1012.0
821.0,1012.0
872.0,1012.0
467.0,1012.0
24.0,1012.0
818.0,1012.0
499.0,1012.0
500.0,1012.0
352.0,1012.0
165.0,1013.0
224.0,1013.0
379.0,1013.0
138.0,1013.0
990.0,1013.0
586.0,1013.0
732.0,1013.0
273.0,1013.0
1035.0,1013.0
275.0,1013.0
124.0,1013.0
920.0,1013.0
504.0,1014.0
408.0,1014.0
955.0,1014.0
837.0,1014.0
973.0,1014.0
1019.0,1014.0
143.0,1014.0
150.0,1014.0
205.0,1014.0
922.0,1014.0
931.0,1014.0
706.0,1014.0
791.0,1015.0
143.0,1015.0
375.0,1015.0
190.0,1015.0
114.0,1015.0
117.0,1015.0
771.0,1015.0
790.0,1015.0
120.0,1015.0
644.0,1015.0
841.0,1015.0
593.0,1015.0
318.0,1016.0
79.0,1016.0
691.0,1016.0
388.0,1016.0
830.0,1016.0
143.0,1016.0
261.0,1016.0
907.0,1016.0
441.0,1016.0
719.0,1016.0
494.0,1016.0
954.0,1016.0
608.0,1017.0
1028.0,1017.0
577.0,1017.0
714.0,1017.0
734.0,1017.0
20.0,1017.0
483.0,1017.0
166.0,1017.0
466.0,1017.0
636.0,1017.0
83.0,1017.0
970.0,1017.0
623.0,1018.0
391.0,1018.0
565.0,1018.0
202.0,1018.0
696.0,1018.0
807.0,1018.0
751.0,1018.0
541.0,1018.0
322.0,1018.0
815.0,1018.0
600.0,1018.0
787.0,1018.0
530.0,1019.0
48.0,1019.0
933.0,1019.0
746.0,1019.0
423.0,1019.0
308.0,1019.0
304.0,1019.0
992.0,1019.0
491.0,1019.0
515.0,1019.0
895.0,1019.0
1030.0,1019.0
638.0,1020.0
667.0,1020.0
530.0,1020.0
217.0,1020.0
119.0,1020.0
545.0,1020.0
342.0,1020.0
874.0,1020.0
942.0,1020.0
75.0,1020.0
59.0,1020.0
877.0,1020.0
456.0,1021.0
386.0,1021.0
918.0,1021.0
593.0,1021.0
647.0,1021.0
162.0,1021.0
53.0,1021.0
993.0,1021.0
452.0,1021.0
1033.0,1021.0
627.0,1021.0
345.0,1021.0
306.0,1022.0
720.0,1022.0
142.0,1022.0
182.0,1022.0
262.0,1022.0
745.0,1022.0
656.0,1022.0
320.0,1022.0
115.0,1022.0
885.0,1022.0
468.0,1022.0
1002.0,1022.0
978.0,1023.0
221.0,1023.0
71.0,1023.0
699.0,1023.0
665.0,1023.0
685.0,1023.0
30.0,1023.0
821.0,1023.0
863.0,1023.0
180.0,1023.0
328.0,1023.0
520.0,1023.0
56.0,1024.0
785.0,1024.0
503.0,1024.0
1013.0,1024.0
235.0,1024.0
119.0,1024.0
245.0,1024.0
949.0,1024.0
81.0,1024.0
266.0,1024.0
404.0,1024.0
687.0,1024.0
577.0,1025.0
404.0,1025.0
104.0,1025.0
989.0,1025.0
801.0,1025.0
1010.0,1025.0
367.0,1025.0
602.0,1025.0
12.0,1025.0
919.0,1025.0
335.0,1025.0
187.0,1025.0
451.0,1026.0
878.0,1026.0
161.0,1026.0
595.0,1026.0
903.0,1026.0
177.0,1026.0
196.0,1026.0
114.0,1026.0
142.0,1026.0
630.0,1026.0
872.0,1026.0
689.0,1026.0
748.0,1027.0
290.0,1027.0
168.0,1027.0
56.0,1027.0
188.0,1027.0
203.0,1027.0
276.0,1027.0
1016.0,1027.0
29.0,1027.0
553.0,1027.0
829.0,1027.0
176.0,1027.0
677.0,1028.0
55.0,1028.0
818.0,1028.0
294.0,1028.0
751.0,1028.0
696.0,1028.0
557.0,1028.0
651.0,1028.0
463.0,1028.0
857.0,1028.0
475.0,1028.0
897.0,1028.0
317.0,1029.0
434.0,1029.0
890.0,1029.0
331.0,1029.0
834.0,1029.0
747.0,1029.0
163.0,1029.0
269.0,1029.0
835.0,1029.0
78.0,1029.0
820.0,1029.0
442.0,1029.0
537.0,1030.0
115.0,1030.0
188.0,1030.0
290.0,1030.0
59.0,1030.0
1003.0,1030.0
310.0,1030.0
926.0,1030.0
686.0,1030.0
668.0,1030.0
440.0,1030.0
167.0,1030.0
932.0,1031.0
691.0,1031.0
733.0,1031.0
504.0,1031.0
436.0,1031.0
1012.0,1031.0
994.0,1031.0
973.0,1031.0
867.0,1031.0
624.0,1031.0
665.0,1031.0
469.0,1031.0
236.0,1032.0
839.0,1032.0
974.0,1032.0
421.0,1032.0
508.0,1032.0
569.0,1032.0
937.0,1032.0
960.0,1032.0
172.0,1032.0
173.0,1032.0
442.0,1032.0
673.0,1032.0
62.0,1033.0
237.0,1033.0
917.0,1033.0
474.0,1033.0
618.0,1033.0
715.0,1033.0
627.0,1033.0
58.0,1033.0
572.0,1033.0
418.0,1033.0
870.0,1033.0
31.0,1033.0
311.0,1034.0
19.0,1034.0
3.0,1034.0
501.0,1034.0
394.0,1034.0
152.0,1034.0
40.0,1034.0
726.0,1034.0
86.0,1034.0
588.0,1034.0
142.0,1034.0
712.0,1034.0
925.0,1035.0
154.0,1035.0
257.0,1035.0
430.0,1035.0
781.0,1035.0
189.0,1035.0
808.0,1035.0
840.0,1035.0
537.0,1035.0
538.0,1035.0
946.0,1035.0
684.0,1035.0
