i,j
0.0,594.0
0.0,307.0
0.0,208.0
0.0,220.0
0.0,203.0
0.0,44.0
0.0,907.0
0.0,638.0
0.0,150.0
0.0,245.0
0.0,336.0
0.0,820.0
1.0,836.0
1.0,653.0
1.0,999.0
1.0,63.0
1.0,347.0
1.0,663.0
1.0,968.0
1.0,225.0
1.0,53.0
1.0,211.0
1.0,242.0
1.0,982.0
2.0,267.0
2.0,443.0
2.0,911.0
2.0,236.0
2.0,13.0
2.0,962.0
2.0,702.0
2.0,22.0
2.0,960.0
2.0,385.0
2.0,340.0
2.0,940.0
3.0,197.0
3.0,712.0
3.0,358.0
3.0,707.0
3.0,298.0
3.0,720.0
3.0,1009.0
3.0,239.0
3.0,985.0
3.0,621.0
3.0,805.0
3.0,180.0
4.0,241.0
4.0,874.0
4.0,683.0
4.0,301.0
4.0,250.0
4.0,156.0
4.0,638.0
4.0,310.0
4.0,603.0
4.0,154.0
4.0,718.0
4.0,559.0
5.0,31.0
5.0,97.0
5.0,164.0
5.0,104.0
5.0,811.0
5.0,602.0
5.0,593.0
5.0,414.0
5.0,993.0
5.0,859.0
5.0,471.0
5.0,165.0
6.0,953.0
6.0,717.0
6.0,80.0
6.0,618.0
6.0,318.0
6.0,3.0
6.0,1023.0
6.0,20.0
6.0,974.0
6.0,607.0
6.0,131.0
6.0,313.0
7.0,761.0
7.0,303.0
7.0,519.0
7.0,867.0
7.0,213.0
7.0,238.0
7.0,1008.0
7.0,39.0
7.0,940.0
7.0,2.0
7.0,355.0
7.0,13.0
8.0,496.0
8.0,982.0
8.0,49.0
8.0,703.0
8.0,396.0
8.0,818.0
8.0,185.0
8.0,694.0
8.0,471.0
8.0,99.0
8.0,871.0
8.0,429.0
9.0,581.0
9.0,329.0
9.0,383.0
9.0,384.0
9.0,515.0
9.0,269.0
9.0,513.0
9.0,852.0
9.0,149.0
9.0,301.0
9.0,228.0
9.0,672.0
10.0,439.0
10.0,958.0
10.0,762.0
10.0,69.0
10.0,550.0
10.0,567.0
10.0,314.0
10.0,727.0
10.0,137.0
10.0,6.0
10.0,896.0
10.0,564.0
11.0,355.0
11.0,460.0
11.0,688.0
11.0,528.0
11.0,636.0
11.0,962.0
11.0,745.0
11.0,943.0
11.0,234.0
11.0,788.0
11.0,419.0
11.0,992.0
12.0,959.0
12.0,697.0
12.0,78.0
12.0,650.0
12.0,466.0
12.0,82.0
12.0,739.0
12.0,224.0
12.0,138.0
12.0,994.0
12.0,803.0
12.0,309.0
13.0,631.0
13.0,222.0
13.0,548.0
13.0,557.0
13.0,330.0
13.0,410.0
13.0,782.0
13.0,573.0
13.0,788.0
13.0,344.0
13.0,74.0
13.0,931.0
14.0,891.0
14.0,453.0
14.0,792.0
14.0,277.0
14.0,219.0
14.0,435.0
14.0,787.0
14.0,624.0
14.0,623.0
14.0,333.0
14.0,818.0
14.0,134.0
15.0,296.0
15.0,633.0
15.0,925.0
15.0,77.0
15.0,894.0
15.0,884.0
15.0,805.0
15.0,690.0
15.0,888.0
15.0,608.0
15.0,907.0
15.0,695.0
16.0,958.0
16.0,692.0
16.0,717.0
16.0,11.0
16.0,236.0
16.0,646.0
16.0,894.0
16.0,938.0
16.0,370.0
16.0,385.0
16.0,128.0
16.0,419.0
17.0,632.0
17.0,439.0
17.0,930.0
17.0,771.0
17.0,570.0
17.0,239.0
17.0,467.0
17.0,708.0
17.0,542.0
17.0,975.0
17.0,941.0
17.0,727.0
18.0,435.0
18.0,751.0
18.0,202.0
18.0,610.0
18.0,31.0
18.0,633.0
18.0,195.0
18.0,333.0
18.0,295.0
18.0,312.0
18.0,324.0
18.0,72.0
19.0,1029.0
19.0,945.0
19.0,66.0
19.0,978.0
19.0,857.0
19.0,846.0
19.0,630.0
19.0,460.0
19.0,155.0
19.0,534.0
19.0,832.0
19.0,490.0
20.0,220.0
20.0,556.0
20.0,191.0
20.0,608.0
20.0,25.0
20.0,430.0
20.0,111.0
20.0,743.0
20.0,959.0
20.0,155.0
20.0,407.0
20.0,954.0
21.0,311.0
21.0,375.0
21.0,591.0
21.0,716.0
21.0,152.0
21.0,842.0
21.0,128.0
21.0,68.0
21.0,468.0
21.0,534.0
21.0,628.0
21.0,114.0
22.0,218.0
22.0,212.0
22.0,384.0
22.0,965.0
22.0,953.0
22.0,732.0
22.0,176.0
22.0,217.0
22.0,777.0
22.0,135.0
22.0,711.0
22.0,258.0
23.0,777.0
23.0,450.0
23.0,357.0
23.0,630.0
23.0,795.0
23.0,622.0
23.0,501.0
23.0,914.0
23.0,670.0
23.0,98.0
23.0,607.0
23.0,1014.0
24.0,327.0
24.0,956.0
24.0,809.0
24.0,155.0
24.0,597.0
24.0,19.0
24.0,220.0
24.0,170.0
24.0,687.0
24.0,83.0
24.0,154.0
24.0,609.0
25.0,690.0
25.0,530.0
25.0,24.0
25.0,185.0
25.0,591.0
25.0,492.0
25.0,710.0
25.0,495.0
25.0,279.0
25.0,742.0
25.0,672.0
25.0,539.0
26.0,1002.0
26.0,595.0
26.0,554.0
26.0,768.0
26.0,771.0
26.0,841.0
26.0,1034.0
26.0,459.0
26.0,802.0
26.0,177.0
26.0,201.0
26.0,10.0
27.0,501.0
27.0,395.0
27.0,845.0
27.0,581.0
27.0,298.0
27.0,414.0
27.0,250.0
27.0,387.0
27.0,342.0
27.0,815.0
27.0,740.0
27.0,75.0
28.0,604.0
28.0,865.0
28.0,923.0
28.0,815.0
28.0,664.0
28.0,120.0
28.0,89.0
28.0,771.0
28.0,740.0
28.0,306.0
28.0,30.0
28.0,19.0
29.0,777.0
29.0,1006.0
29.0,989.0
29.0,976.0
29.0,402.0
29.0,276.0
29.0,160.0
29.0,146.0
29.0,311.0
29.0,80.0
29.0,946.0
29.0,1008.0
30.0,512.0
30.0,242.0
30.0,254.0
30.0,370.0
30.0,430.0
30.0,865.0
30.0,1013.0
30.0,624.0
30.0,1014.0
30.0,423.0
30.0,264.0
30.0,923.0
31.0,513.0
31.0,329.0
31.0,196.0
31.0,809.0
31.0,99.0
31.0,871.0
31.0,999.0
31.0,934.0
31.0,988.0
31.0,386.0
31.0,42.0
31.0,597.0
32.0,846.0
32.0,570.0
32.0,170.0
32.0,332.0
32.0,181.0
32.0,592.0
32.0,753.0
32.0,20.0
32.0,524.0
32.0,1005.0
32.0,372.0
32.0,586.0
33.0,341.0
33.0,886.0
33.0,787.0
33.0,565.0
33.0,858.0
33.0,340.0
33.0,214.0
33.0,560.0
33.0,347.0
33.0,399.0
33.0,283.0
33.0,420.0
34.0,159.0
34.0,598.0
34.0,391.0
34.0,657.0
34.0,916.0
34.0,929.0
34.0,257.0
34.0,38.0
34.0,600.0
34.0,330.0
34.0,78.0
34.0,333.0
35.0,514.0
35.0,915.0
35.0,435.0
35.0,1001.0
35.0,901.0
35.0,688.0
35.0,935.0
35.0,635.0
35.0,785.0
35.0,33.0
35.0,730.0
35.0,990.0
36.0,136.0
36.0,76.0
36.0,265.0
36.0,633.0
36.0,246.0
36.0,220.0
36.0,590.0
36.0,78.0
36.0,634.0
36.0,889.0
36.0,615.0
36.0,730.0
37.0,33.0
37.0,1005.0
37.0,794.0
37.0,294.0
37.0,340.0
37.0,223.0
37.0,723.0
37.0,300.0
37.0,661.0
37.0,231.0
37.0,453.0
37.0,272.0
38.0,490.0
38.0,599.0
38.0,512.0
38.0,547.0
38.0,56.0
38.0,491.0
38.0,701.0
38.0,634.0
38.0,865.0
38.0,418.0
38.0,1010.0
38.0,577.0
39.0,355.0
39.0,528.0
39.0,170.0
39.0,532.0
39.0,410.0
39.0,178.0
39.0,893.0
39.0,346.0
39.0,849.0
39.0,758.0
39.0,761.0
39.0,718.0
40.0,541.0
40.0,588.0
40.0,687.0
40.0,720.0
40.0,321.0
40.0,221.0
40.0,201.0
40.0,29.0
40.0,375.0
40.0,282.0
40.0,841.0
40.0,712.0
41.0,349.0
41.0,804.0
41.0,6.0
41.0,19.0
41.0,16.0
41.0,239.0
41.0,863.0
41.0,534.0
41.0,847.0
41.0,287.0
41.0,210.0
41.0,903.0
42.0,1031.0
42.0,292.0
42.0,1012.0
42.0,123.0
42.0,756.0
42.0,815.0
42.0,996.0
42.0,31.0
42.0,27.0
42.0,571.0
42.0,624.0
42.0,51.0
43.0,21.0
43.0,550.0
43.0,152.0
43.0,375.0
43.0,218.0
43.0,588.0
43.0,144.0
43.0,142.0
43.0,771.0
43.0,957.0
43.0,632.0
43.0,180.0
44.0,427.0
44.0,565.0
44.0,743.0
44.0,922.0
44.0,747.0
44.0,280.0
44.0,516.0
44.0,657.0
44.0,696.0
44.0,820.0
44.0,283.0
44.0,873.0
45.0,498.0
45.0,703.0
45.0,166.0
45.0,793.0
45.0,602.0
45.0,677.0
45.0,506.0
45.0,225.0
45.0,277.0
45.0,518.0
45.0,578.0
45.0,882.0
46.0,739.0
46.0,471.0
46.0,840.0
46.0,426.0
46.0,743.0
46.0,713.0
46.0,72.0
46.0,851.0
46.0,997.0
46.0,423.0
46.0,337.0
46.0,302.0
47.0,1016.0
47.0,991.0
47.0,599.0
47.0,442.0
47.0,74.0
47.0,157.0
47.0,701.0
47.0,781.0
47.0,906.0
47.0,1029.0
47.0,361.0
47.0,612.0
48.0,869.0
48.0,282.0
48.0,746.0
48.0,4.0
48.0,912.0
48.0,65.0
48.0,307.0
48.0,232.0
48.0,573.0
48.0,54.0
48.0,19.0
48.0,707.0
49.0,678.0
49.0,356.0
49.0,418.0
49.0,431.0
49.0,498.0
49.0,653.0
49.0,867.0
49.0,505.0
49.0,322.0
49.0,187.0
49.0,60.0
49.0,476.0
50.0,722.0
50.0,44.0
50.0,777.0
50.0,163.0
50.0,67.0
50.0,1020.0
50.0,652.0
50.0,138.0
50.0,608.0
50.0,339.0
50.0,961.0
50.0,640.0
51.0,944.0
51.0,334.0
51.0,740.0
51.0,538.0
51.0,1012.0
51.0,994.0
51.0,1017.0
51.0,906.0
51.0,873.0
51.0,25.0
51.0,996.0
51.0,982.0
52.0,1018.0
52.0,35.0
52.0,119.0
52.0,416.0
52.0,219.0
52.0,600.0
52.0,8.0
52.0,171.0
52.0,789.0
52.0,898.0
52.0,195.0
52.0,392.0
53.0,400.0
53.0,100.0
53.0,216.0
53.0,796.0
53.0,859.0
53.0,62.0
53.0,94.0
53.0,418.0
53.0,315.0
53.0,988.0
53.0,996.0
53.0,5.0
54.0,253.0
54.0,226.0
54.0,880.0
54.0,914.0
54.0,339.0
54.0,664.0
54.0,718.0
54.0,468.0
54.0,814.0
54.0,41.0
54.0,564.0
54.0,690.0
55.0,189.0
55.0,310.0
55.0,845.0
55.0,163.0
55.0,918.0
55.0,57.0
55.0,889.0
55.0,530.0
55.0,98.0
55.0,954.0
55.0,723.0
55.0,254.0
56.0,290.0
56.0,494.0
56.0,364.0
56.0,19.0
56.0,438.0
56.0,15.0
56.0,687.0
56.0,830.0
56.0,683.0
56.0,466.0
56.0,608.0
56.0,220.0
57.0,217.0
57.0,287.0
57.0,158.0
57.0,537.0
57.0,972.0
57.0,636.0
57.0,301.0
57.0,428.0
57.0,278.0
57.0,517.0
57.0,30.0
57.0,222.0
58.0,225.0
58.0,505.0
58.0,400.0
58.0,791.0
58.0,655.0
58.0,766.0
58.0,347.0
58.0,823.0
58.0,485.0
58.0,829.0
58.0,993.0
58.0,99.0
59.0,258.0
59.0,839.0
59.0,992.0
59.0,408.0
59.0,819.0
59.0,226.0
59.0,945.0
59.0,611.0
59.0,494.0
59.0,589.0
59.0,204.0
59.0,846.0
60.0,730.0
60.0,457.0
60.0,546.0
60.0,76.0
60.0,435.0
60.0,346.0
60.0,633.0
60.0,214.0
60.0,758.0
60.0,178.0
60.0,812.0
60.0,482.0
61.0,845.0
61.0,894.0
61.0,158.0
61.0,923.0
61.0,926.0
61.0,98.0
61.0,217.0
61.0,620.0
61.0,711.0
61.0,774.0
61.0,531.0
61.0,125.0
62.0,461.0
62.0,966.0
62.0,284.0
62.0,561.0
62.0,700.0
62.0,927.0
62.0,249.0
62.0,67.0
62.0,675.0
62.0,225.0
62.0,587.0
62.0,400.0
63.0,88.0
63.0,509.0
63.0,632.0
63.0,706.0
63.0,491.0
63.0,675.0
63.0,567.0
63.0,62.0
63.0,734.0
63.0,579.0
63.0,299.0
63.0,581.0
64.0,358.0
64.0,797.0
64.0,108.0
64.0,153.0
64.0,397.0
64.0,487.0
64.0,180.0
64.0,173.0
64.0,911.0
64.0,757.0
64.0,649.0
64.0,776.0
65.0,804.0
65.0,790.0
65.0,802.0
65.0,769.0
65.0,161.0
65.0,878.0
65.0,153.0
65.0,850.0
65.0,648.0
65.0,572.0
65.0,616.0
65.0,581.0
66.0,438.0
66.0,658.0
66.0,378.0
66.0,559.0
66.0,473.0
66.0,269.0
66.0,599.0
66.0,925.0
66.0,707.0
66.0,81.0
66.0,990.0
66.0,759.0
67.0,642.0
67.0,979.0
67.0,138.0
67.0,261.0
67.0,710.0
67.0,189.0
67.0,592.0
67.0,525.0
67.0,254.0
67.0,170.0
67.0,136.0
67.0,332.0
68.0,968.0
68.0,717.0
68.0,754.0
68.0,504.0
68.0,896.0
68.0,958.0
68.0,907.0
68.0,689.0
68.0,71.0
68.0,1023.0
68.0,287.0
68.0,573.0
69.0,138.0
69.0,753.0
69.0,956.0
69.0,645.0
69.0,484.0
69.0,180.0
69.0,880.0
69.0,892.0
69.0,512.0
69.0,845.0
69.0,445.0
69.0,169.0
70.0,273.0
70.0,188.0
70.0,808.0
70.0,412.0
70.0,483.0
70.0,558.0
70.0,638.0
70.0,154.0
70.0,130.0
70.0,317.0
70.0,254.0
70.0,981.0
71.0,421.0
71.0,715.0
71.0,296.0
71.0,221.0
71.0,616.0
71.0,756.0
71.0,844.0
71.0,571.0
71.0,1023.0
71.0,388.0
71.0,979.0
71.0,403.0
72.0,331.0
72.0,866.0
72.0,610.0
72.0,366.0
72.0,159.0
72.0,449.0
72.0,744.0
72.0,643.0
72.0,873.0
72.0,634.0
72.0,453.0
72.0,46.0
73.0,1006.0
73.0,168.0
73.0,1030.0
73.0,497.0
73.0,522.0
73.0,710.0
73.0,748.0
73.0,56.0
73.0,596.0
73.0,970.0
73.0,701.0
73.0,787.0
74.0,307.0
74.0,507.0
74.0,96.0
74.0,250.0
74.0,482.0
74.0,511.0
74.0,524.0
74.0,979.0
74.0,787.0
74.0,634.0
74.0,612.0
74.0,251.0
75.0,1031.0
75.0,6.0
75.0,404.0
75.0,1023.0
75.0,331.0
75.0,541.0
75.0,894.0
75.0,944.0
75.0,967.0
75.0,261.0
75.0,718.0
75.0,243.0
76.0,507.0
76.0,491.0
76.0,251.0
76.0,273.0
76.0,874.0
76.0,997.0
76.0,1035.0
76.0,817.0
76.0,175.0
76.0,486.0
76.0,265.0
76.0,743.0
77.0,935.0
77.0,33.0
77.0,541.0
77.0,69.0
77.0,317.0
77.0,960.0
77.0,526.0
77.0,684.0
77.0,919.0
77.0,1003.0
77.0,985.0
77.0,965.0
78.0,945.0
78.0,331.0
78.0,142.0
78.0,307.0
78.0,463.0
78.0,203.0
78.0,266.0
78.0,95.0
78.0,563.0
78.0,353.0
78.0,304.0
78.0,961.0
79.0,680.0
79.0,462.0
79.0,301.0
79.0,725.0
79.0,6.0
79.0,989.0
79.0,827.0
79.0,463.0
79.0,1000.0
79.0,553.0
79.0,624.0
79.0,717.0
80.0,281.0
80.0,497.0
80.0,4.0
80.0,655.0
80.0,933.0
80.0,912.0
80.0,66.0
80.0,48.0
80.0,257.0
80.0,573.0
80.0,967.0
80.0,203.0
81.0,377.0
81.0,507.0
81.0,112.0
81.0,82.0
81.0,157.0
81.0,183.0
81.0,35.0
81.0,188.0
81.0,1013.0
81.0,631.0
81.0,566.0
81.0,636.0
82.0,203.0
82.0,1007.0
82.0,729.0
82.0,708.0
82.0,719.0
82.0,383.0
82.0,307.0
82.0,935.0
82.0,96.0
82.0,1027.0
82.0,952.0
82.0,81.0
83.0,815.0
83.0,330.0
83.0,171.0
83.0,531.0
83.0,777.0
83.0,146.0
83.0,32.0
83.0,75.0
83.0,193.0
83.0,958.0
83.0,856.0
83.0,310.0
84.0,463.0
84.0,760.0
84.0,1005.0
84.0,13.0
84.0,465.0
84.0,254.0
84.0,397.0
84.0,69.0
84.0,625.0
84.0,772.0
84.0,825.0
84.0,260.0
85.0,693.0
85.0,987.0
85.0,337.0
85.0,158.0
85.0,1013.0
85.0,485.0
85.0,538.0
85.0,840.0
85.0,345.0
85.0,982.0
85.0,199.0
85.0,436.0
86.0,305.0
86.0,405.0
86.0,676.0
86.0,885.0
86.0,3.0
86.0,510.0
86.0,423.0
86.0,562.0
86.0,957.0
86.0,804.0
86.0,656.0
86.0,1022.0
87.0,527.0
87.0,769.0
87.0,738.0
87.0,926.0
87.0,208.0
87.0,690.0
87.0,969.0
87.0,119.0
87.0,24.0
87.0,494.0
87.0,907.0
87.0,540.0
88.0,655.0
88.0,199.0
88.0,796.0
88.0,452.0
88.0,364.0
88.0,129.0
88.0,904.0
88.0,110.0
88.0,637.0
88.0,931.0
88.0,941.0
88.0,338.0
89.0,3.0
89.0,797.0
89.0,1034.0
89.0,258.0
89.0,0.0
89.0,190.0
89.0,378.0
89.0,412.0
89.0,464.0
89.0,569.0
89.0,987.0
89.0,28.0
90.0,820.0
90.0,962.0
90.0,618.0
90.0,645.0
90.0,222.0
90.0,56.0
90.0,41.0
90.0,723.0
90.0,135.0
90.0,799.0
90.0,281.0
90.0,122.0
91.0,61.0
91.0,469.0
91.0,545.0
91.0,99.0
91.0,821.0
91.0,708.0
91.0,331.0
91.0,902.0
91.0,338.0
91.0,179.0
91.0,853.0
91.0,360.0
92.0,121.0
92.0,182.0
92.0,946.0
92.0,209.0
92.0,330.0
92.0,152.0
92.0,48.0
92.0,616.0
92.0,626.0
92.0,685.0
92.0,796.0
92.0,26.0
93.0,700.0
93.0,693.0
93.0,972.0
93.0,313.0
93.0,4.0
93.0,639.0
93.0,855.0
93.0,829.0
93.0,446.0
93.0,1033.0
93.0,318.0
93.0,315.0
94.0,220.0
94.0,163.0
94.0,625.0
94.0,1003.0
94.0,498.0
94.0,490.0
94.0,415.0
94.0,242.0
94.0,304.0
94.0,231.0
94.0,838.0
94.0,50.0
95.0,463.0
95.0,210.0
95.0,954.0
95.0,561.0
95.0,563.0
95.0,734.0
95.0,440.0
95.0,256.0
95.0,542.0
95.0,283.0
95.0,119.0
95.0,712.0
96.0,273.0
96.0,881.0
96.0,552.0
96.0,172.0
96.0,402.0
96.0,288.0
96.0,205.0
96.0,12.0
96.0,614.0
96.0,1027.0
96.0,840.0
96.0,70.0
97.0,701.0
97.0,853.0
97.0,308.0
97.0,461.0
97.0,187.0
97.0,868.0
97.0,164.0
97.0,477.0
97.0,462.0
97.0,955.0
97.0,61.0
97.0,433.0
98.0,384.0
98.0,56.0
98.0,556.0
98.0,874.0
98.0,733.0
98.0,83.0
98.0,928.0
98.0,1000.0
98.0,658.0
98.0,378.0
98.0,670.0
98.0,541.0
99.0,639.0
99.0,766.0
99.0,85.0
99.0,1025.0
99.0,414.0
99.0,45.0
99.0,345.0
99.0,506.0
99.0,187.0
99.0,795.0
99.0,371.0
99.0,5.0
100.0,208.0
100.0,133.0
100.0,474.0
100.0,53.0
100.0,255.0
100.0,1033.0
100.0,615.0
100.0,693.0
100.0,845.0
100.0,58.0
100.0,784.0
100.0,452.0
101.0,930.0
101.0,802.0
101.0,722.0
101.0,501.0
101.0,209.0
101.0,1011.0
101.0,509.0
101.0,132.0
101.0,354.0
101.0,796.0
101.0,485.0
101.0,896.0
102.0,283.0
102.0,182.0
102.0,711.0
102.0,722.0
102.0,725.0
102.0,773.0
102.0,662.0
102.0,583.0
102.0,655.0
102.0,23.0
102.0,290.0
102.0,877.0
103.0,107.0
103.0,168.0
103.0,765.0
103.0,1007.0
103.0,476.0
103.0,49.0
103.0,721.0
103.0,883.0
103.0,564.0
103.0,624.0
103.0,167.0
103.0,982.0
104.0,806.0
104.0,959.0
104.0,838.0
104.0,38.0
104.0,657.0
104.0,274.0
104.0,840.0
104.0,793.0
104.0,225.0
104.0,950.0
104.0,396.0
104.0,492.0
105.0,455.0
105.0,525.0
105.0,34.0
105.0,635.0
105.0,124.0
105.0,549.0
105.0,920.0
105.0,219.0
105.0,901.0
105.0,544.0
105.0,15.0
105.0,984.0
106.0,814.0
106.0,321.0
106.0,477.0
106.0,350.0
106.0,125.0
106.0,459.0
106.0,797.0
106.0,201.0
106.0,305.0
106.0,776.0
106.0,679.0
106.0,957.0
107.0,159.0
107.0,331.0
107.0,126.0
107.0,574.0
107.0,959.0
107.0,866.0
107.0,587.0
107.0,380.0
107.0,708.0
107.0,30.0
107.0,440.0
107.0,154.0
108.0,343.0
108.0,975.0
108.0,150.0
108.0,409.0
108.0,960.0
108.0,408.0
108.0,236.0
108.0,16.0
108.0,611.0
108.0,971.0
108.0,510.0
108.0,769.0
109.0,145.0
109.0,742.0
109.0,316.0
109.0,793.0
109.0,193.0
109.0,325.0
109.0,120.0
109.0,177.0
109.0,518.0
109.0,456.0
109.0,601.0
109.0,632.0
110.0,690.0
110.0,694.0
110.0,784.0
110.0,364.0
110.0,721.0
110.0,705.0
110.0,185.0
110.0,1023.0
110.0,870.0
110.0,293.0
110.0,101.0
110.0,939.0
111.0,157.0
111.0,765.0
111.0,659.0
111.0,336.0
111.0,313.0
111.0,252.0
111.0,1007.0
111.0,497.0
111.0,389.0
111.0,414.0
111.0,1004.0
111.0,226.0
112.0,917.0
112.0,978.0
112.0,955.0
112.0,479.0
112.0,170.0
112.0,367.0
112.0,73.0
112.0,492.0
112.0,138.0
112.0,387.0
112.0,380.0
112.0,241.0
113.0,24.0
113.0,196.0
113.0,545.0
113.0,114.0
113.0,252.0
113.0,1023.0
113.0,309.0
113.0,494.0
113.0,17.0
113.0,994.0
113.0,282.0
113.0,32.0
114.0,644.0
114.0,326.0
114.0,459.0
114.0,699.0
114.0,980.0
114.0,1023.0
114.0,147.0
114.0,282.0
114.0,595.0
114.0,348.0
114.0,142.0
114.0,41.0
115.0,440.0
115.0,595.0
115.0,625.0
115.0,113.0
115.0,607.0
115.0,160.0
115.0,61.0
115.0,755.0
115.0,157.0
115.0,1023.0
115.0,473.0
115.0,537.0
116.0,385.0
116.0,455.0
116.0,156.0
116.0,450.0
116.0,203.0
116.0,621.0
116.0,989.0
116.0,928.0
116.0,218.0
116.0,848.0
116.0,645.0
116.0,788.0
117.0,296.0
117.0,768.0
117.0,932.0
117.0,903.0
117.0,335.0
117.0,408.0
117.0,483.0
117.0,921.0
117.0,583.0
117.0,380.0
117.0,54.0
117.0,946.0
118.0,666.0
118.0,245.0
118.0,582.0
118.0,983.0
118.0,610.0
118.0,302.0
118.0,587.0
118.0,597.0
118.0,294.0
118.0,412.0
118.0,344.0
118.0,196.0
119.0,244.0
119.0,799.0
119.0,1029.0
119.0,463.0
119.0,860.0
119.0,304.0
119.0,380.0
119.0,25.0
119.0,931.0
119.0,681.0
119.0,466.0
119.0,127.0
120.0,595.0
120.0,108.0
120.0,717.0
120.0,314.0
120.0,269.0
120.0,433.0
120.0,857.0
120.0,147.0
120.0,681.0
120.0,43.0
120.0,724.0
120.0,654.0
121.0,449.0
121.0,313.0
121.0,790.0
121.0,584.0
121.0,161.0
121.0,463.0
121.0,137.0
121.0,809.0
121.0,253.0
121.0,640.0
121.0,871.0
121.0,407.0
122.0,889.0
122.0,867.0
122.0,90.0
122.0,956.0
122.0,875.0
122.0,963.0
122.0,203.0
122.0,482.0
122.0,372.0
122.0,480.0
122.0,911.0
122.0,566.0
123.0,719.0
123.0,357.0
123.0,839.0
123.0,87.0
123.0,667.0
123.0,232.0
123.0,24.0
123.0,837.0
123.0,779.0
123.0,387.0
123.0,868.0
123.0,228.0
124.0,898.0
124.0,498.0
124.0,49.0
124.0,50.0
124.0,529.0
124.0,851.0
124.0,546.0
124.0,703.0
124.0,471.0
124.0,481.0
124.0,734.0
124.0,324.0
125.0,79.0
125.0,74.0
125.0,175.0
125.0,860.0
125.0,796.0
125.0,493.0
125.0,445.0
125.0,156.0
125.0,892.0
125.0,466.0
125.0,135.0
125.0,735.0
126.0,989.0
126.0,559.0
126.0,220.0
126.0,156.0
126.0,618.0
126.0,385.0
126.0,486.0
126.0,326.0
126.0,477.0
126.0,401.0
126.0,1000.0
126.0,387.0
127.0,419.0
127.0,586.0
127.0,66.0
127.0,813.0
127.0,513.0
127.0,444.0
127.0,981.0
127.0,1008.0
127.0,977.0
127.0,524.0
127.0,620.0
127.0,731.0
128.0,173.0
128.0,857.0
128.0,163.0
128.0,420.0
128.0,9.0
128.0,54.0
128.0,192.0
128.0,403.0
128.0,388.0
128.0,786.0
128.0,172.0
128.0,428.0
129.0,802.0
129.0,145.0
129.0,576.0
129.0,1002.0
129.0,113.0
129.0,832.0
129.0,878.0
129.0,292.0
129.0,314.0
129.0,616.0
129.0,735.0
129.0,455.0
130.0,687.0
130.0,267.0
130.0,298.0
130.0,47.0
130.0,301.0
130.0,877.0
130.0,261.0
130.0,193.0
130.0,574.0
130.0,436.0
130.0,754.0
130.0,659.0
131.0,587.0
131.0,593.0
131.0,163.0
131.0,470.0
131.0,708.0
131.0,737.0
131.0,408.0
131.0,493.0
131.0,232.0
131.0,396.0
131.0,87.0
131.0,596.0
132.0,648.0
132.0,65.0
132.0,695.0
132.0,184.0
132.0,769.0
132.0,774.0
132.0,397.0
132.0,606.0
132.0,430.0
132.0,717.0
132.0,351.0
132.0,248.0
133.0,199.0
133.0,710.0
133.0,309.0
133.0,663.0
133.0,1003.0
133.0,647.0
133.0,34.0
133.0,671.0
133.0,46.0
133.0,770.0
133.0,703.0
133.0,846.0
134.0,704.0
134.0,864.0
134.0,977.0
134.0,770.0
134.0,18.0
134.0,123.0
134.0,568.0
134.0,229.0
134.0,255.0
134.0,53.0
134.0,505.0
134.0,471.0
135.0,383.0
135.0,599.0
135.0,810.0
135.0,260.0
135.0,908.0
135.0,746.0
135.0,937.0
135.0,378.0
135.0,94.0
135.0,1005.0
135.0,357.0
135.0,619.0
136.0,42.0
136.0,528.0
136.0,380.0
136.0,956.0
136.0,172.0
136.0,107.0
136.0,75.0
136.0,502.0
136.0,997.0
136.0,430.0
136.0,103.0
136.0,897.0
137.0,624.0
137.0,629.0
137.0,309.0
137.0,933.0
137.0,738.0
137.0,964.0
137.0,259.0
137.0,164.0
137.0,121.0
137.0,209.0
137.0,668.0
137.0,988.0
138.0,743.0
138.0,504.0
138.0,9.0
138.0,779.0
138.0,20.0
138.0,440.0
138.0,322.0
138.0,187.0
138.0,530.0
138.0,279.0
138.0,57.0
138.0,359.0
139.0,926.0
139.0,527.0
139.0,161.0
139.0,328.0
139.0,299.0
139.0,778.0
139.0,336.0
139.0,745.0
139.0,347.0
139.0,947.0
139.0,821.0
139.0,240.0
140.0,530.0
140.0,481.0
140.0,632.0
140.0,42.0
140.0,818.0
140.0,139.0
140.0,158.0
140.0,193.0
140.0,364.0
140.0,445.0
140.0,395.0
140.0,749.0
141.0,546.0
141.0,400.0
141.0,329.0
141.0,932.0
141.0,377.0
141.0,331.0
141.0,772.0
141.0,472.0
141.0,873.0
141.0,454.0
141.0,83.0
141.0,808.0
142.0,1022.0
142.0,538.0
142.0,902.0
142.0,562.0
142.0,281.0
142.0,106.0
142.0,388.0
142.0,964.0
142.0,468.0
142.0,59.0
142.0,725.0
142.0,311.0
143.0,869.0
143.0,1031.0
143.0,438.0
143.0,935.0
143.0,430.0
143.0,330.0
143.0,329.0
143.0,326.0
143.0,740.0
143.0,372.0
143.0,712.0
143.0,790.0
144.0,587.0
144.0,336.0
144.0,800.0
144.0,979.0
144.0,726.0
144.0,282.0
144.0,321.0
144.0,615.0
144.0,160.0
144.0,59.0
144.0,814.0
144.0,562.0
145.0,461.0
145.0,413.0
145.0,293.0
145.0,398.0
145.0,230.0
145.0,567.0
145.0,177.0
145.0,10.0
145.0,240.0
145.0,628.0
145.0,129.0
145.0,836.0
146.0,659.0
146.0,975.0
146.0,335.0
146.0,607.0
146.0,436.0
146.0,672.0
146.0,357.0
146.0,603.0
146.0,331.0
146.0,466.0
146.0,374.0
146.0,361.0
147.0,814.0
147.0,23.0
147.0,798.0
147.0,394.0
147.0,576.0
147.0,867.0
147.0,298.0
147.0,771.0
147.0,259.0
147.0,120.0
147.0,365.0
147.0,626.0
148.0,381.0
148.0,893.0
148.0,409.0
148.0,854.0
148.0,334.0
148.0,646.0
148.0,447.0
148.0,246.0
148.0,238.0
148.0,507.0
148.0,986.0
148.0,733.0
149.0,746.0
149.0,974.0
149.0,933.0
149.0,359.0
149.0,332.0
149.0,824.0
149.0,205.0
149.0,839.0
149.0,566.0
149.0,126.0
149.0,648.0
149.0,489.0
150.0,744.0
150.0,296.0
150.0,967.0
150.0,220.0
150.0,1009.0
150.0,361.0
150.0,414.0
150.0,662.0
150.0,286.0
150.0,214.0
150.0,221.0
150.0,204.0
151.0,150.0
151.0,746.0
151.0,416.0
151.0,169.0
151.0,81.0
151.0,592.0
151.0,1012.0
151.0,79.0
151.0,149.0
151.0,256.0
151.0,994.0
151.0,559.0
152.0,153.0
152.0,868.0
152.0,306.0
152.0,375.0
152.0,190.0
152.0,254.0
152.0,880.0
152.0,200.0
152.0,716.0
152.0,114.0
152.0,899.0
152.0,947.0
153.0,484.0
153.0,479.0
153.0,125.0
153.0,626.0
153.0,477.0
153.0,469.0
153.0,847.0
153.0,221.0
153.0,69.0
153.0,318.0
153.0,394.0
153.0,958.0
154.0,970.0
154.0,219.0
154.0,790.0
154.0,117.0
154.0,524.0
154.0,571.0
154.0,65.0
154.0,490.0
154.0,530.0
154.0,695.0
154.0,917.0
154.0,131.0
155.0,339.0
155.0,932.0
155.0,830.0
155.0,805.0
155.0,948.0
155.0,733.0
155.0,866.0
155.0,473.0
155.0,743.0
155.0,1000.0
155.0,203.0
155.0,91.0
156.0,979.0
156.0,420.0
156.0,107.0
156.0,419.0
156.0,407.0
156.0,745.0
156.0,47.0
156.0,438.0
156.0,949.0
156.0,980.0
156.0,106.0
156.0,470.0
157.0,795.0
157.0,111.0
157.0,772.0
157.0,151.0
157.0,250.0
157.0,176.0
157.0,592.0
157.0,312.0
157.0,978.0
157.0,701.0
157.0,291.0
157.0,460.0
158.0,244.0
158.0,834.0
158.0,890.0
158.0,95.0
158.0,495.0
158.0,472.0
158.0,701.0
158.0,793.0
158.0,777.0
158.0,778.0
158.0,24.0
158.0,85.0
159.0,94.0
159.0,533.0
159.0,328.0
159.0,115.0
159.0,537.0
159.0,119.0
159.0,210.0
159.0,749.0
159.0,748.0
159.0,283.0
159.0,856.0
159.0,102.0
160.0,281.0
160.0,645.0
160.0,69.0
160.0,361.0
160.0,373.0
160.0,84.0
160.0,465.0
160.0,254.0
160.0,116.0
160.0,648.0
160.0,722.0
160.0,954.0
161.0,387.0
161.0,360.0
161.0,847.0
161.0,878.0
161.0,796.0
161.0,706.0
161.0,382.0
161.0,413.0
161.0,65.0
161.0,123.0
161.0,771.0
161.0,941.0
162.0,133.0
162.0,423.0
162.0,917.0
162.0,225.0
162.0,518.0
162.0,1033.0
162.0,939.0
162.0,104.0
162.0,862.0
162.0,400.0
162.0,870.0
162.0,721.0
163.0,648.0
163.0,345.0
163.0,291.0
163.0,687.0
163.0,431.0
163.0,838.0
163.0,75.0
163.0,596.0
163.0,712.0
163.0,747.0
163.0,873.0
163.0,308.0
164.0,801.0
164.0,456.0
164.0,352.0
164.0,414.0
164.0,166.0
164.0,360.0
164.0,97.0
164.0,386.0
164.0,680.0
164.0,239.0
164.0,749.0
164.0,1003.0
165.0,231.0
165.0,280.0
165.0,242.0
165.0,308.0
165.0,55.0
165.0,686.0
165.0,838.0
165.0,331.0
165.0,466.0
165.0,744.0
165.0,848.0
165.0,701.0
166.0,67.0
166.0,540.0
166.0,368.0
166.0,227.0
166.0,123.0
166.0,452.0
166.0,1.0
166.0,148.0
166.0,42.0
166.0,877.0
166.0,226.0
166.0,740.0
167.0,599.0
167.0,640.0
167.0,491.0
167.0,672.0
167.0,395.0
167.0,578.0
167.0,533.0
167.0,168.0
167.0,874.0
167.0,94.0
167.0,326.0
167.0,905.0
168.0,884.0
168.0,553.0
168.0,104.0
168.0,961.0
168.0,900.0
168.0,254.0
168.0,167.0
168.0,731.0
168.0,212.0
168.0,633.0
168.0,862.0
168.0,950.0
169.0,339.0
169.0,878.0
169.0,987.0
169.0,98.0
169.0,296.0
169.0,775.0
169.0,545.0
169.0,534.0
169.0,914.0
169.0,401.0
169.0,16.0
169.0,936.0
170.0,12.0
170.0,696.0
170.0,111.0
170.0,155.0
170.0,430.0
170.0,196.0
170.0,181.0
170.0,614.0
170.0,163.0
170.0,407.0
170.0,276.0
170.0,24.0
171.0,861.0
171.0,1030.0
171.0,38.0
171.0,740.0
171.0,431.0
171.0,650.0
171.0,1018.0
171.0,424.0
171.0,901.0
171.0,489.0
171.0,622.0
171.0,662.0
172.0,926.0
172.0,960.0
172.0,115.0
172.0,231.0
172.0,765.0
172.0,824.0
172.0,111.0
172.0,382.0
172.0,848.0
172.0,938.0
172.0,649.0
172.0,283.0
173.0,613.0
173.0,745.0
173.0,80.0
173.0,782.0
173.0,215.0
173.0,362.0
173.0,89.0
173.0,526.0
173.0,899.0
173.0,569.0
173.0,297.0
173.0,995.0
174.0,775.0
174.0,288.0
174.0,854.0
174.0,412.0
174.0,83.0
174.0,406.0
174.0,645.0
174.0,480.0
174.0,714.0
174.0,618.0
174.0,934.0
174.0,857.0
175.0,836.0
175.0,985.0
175.0,707.0
175.0,357.0
175.0,897.0
175.0,436.0
175.0,185.0
175.0,816.0
175.0,631.0
175.0,236.0
175.0,332.0
175.0,280.0
176.0,1008.0
176.0,563.0
176.0,706.0
176.0,895.0
176.0,608.0
176.0,660.0
176.0,846.0
176.0,738.0
176.0,959.0
176.0,584.0
176.0,556.0
176.0,845.0
177.0,113.0
177.0,872.0
177.0,451.0
177.0,596.0
177.0,28.0
177.0,200.0
177.0,542.0
177.0,896.0
177.0,689.0
177.0,558.0
177.0,941.0
177.0,296.0
178.0,74.0
178.0,848.0
178.0,251.0
178.0,643.0
178.0,294.0
178.0,729.0
178.0,743.0
178.0,402.0
178.0,242.0
178.0,564.0
178.0,569.0
178.0,183.0
179.0,1030.0
179.0,668.0
179.0,240.0
179.0,388.0
179.0,1004.0
179.0,117.0
179.0,414.0
179.0,598.0
179.0,491.0
179.0,61.0
179.0,490.0
179.0,907.0
180.0,373.0
180.0,381.0
180.0,660.0
180.0,724.0
180.0,888.0
180.0,869.0
180.0,198.0
180.0,419.0
180.0,296.0
180.0,144.0
180.0,757.0
180.0,473.0
181.0,30.0
181.0,699.0
181.0,733.0
181.0,83.0
181.0,294.0
181.0,370.0
181.0,464.0
181.0,686.0
181.0,440.0
181.0,497.0
181.0,565.0
181.0,218.0
182.0,68.0
182.0,744.0
182.0,530.0
182.0,842.0
182.0,327.0
182.0,174.0
182.0,219.0
182.0,54.0
182.0,270.0
182.0,243.0
182.0,545.0
182.0,813.0
183.0,714.0
183.0,772.0
183.0,789.0
183.0,933.0
183.0,402.0
183.0,483.0
183.0,1012.0
183.0,952.0
183.0,363.0
183.0,416.0
183.0,296.0
183.0,18.0
184.0,308.0
184.0,484.0
184.0,86.0
184.0,311.0
184.0,562.0
184.0,624.0
184.0,832.0
184.0,382.0
184.0,182.0
184.0,192.0
184.0,716.0
184.0,348.0
185.0,587.0
185.0,309.0
185.0,208.0
185.0,452.0
185.0,62.0
185.0,424.0
185.0,441.0
185.0,93.0
185.0,225.0
185.0,793.0
185.0,133.0
185.0,955.0
186.0,551.0
186.0,921.0
186.0,557.0
186.0,851.0
186.0,35.0
186.0,1029.0
186.0,196.0
186.0,333.0
186.0,498.0
186.0,961.0
186.0,647.0
186.0,376.0
187.0,380.0
187.0,731.0
187.0,232.0
187.0,687.0
187.0,902.0
187.0,530.0
187.0,189.0
187.0,332.0
187.0,299.0
187.0,790.0
187.0,835.0
187.0,339.0
188.0,269.0
188.0,466.0
188.0,1015.0
188.0,632.0
188.0,146.0
188.0,732.0
188.0,317.0
188.0,928.0
188.0,724.0
188.0,504.0
188.0,853.0
188.0,773.0
189.0,865.0
189.0,926.0
189.0,55.0
189.0,286.0
189.0,550.0
189.0,710.0
189.0,791.0
189.0,15.0
189.0,603.0
189.0,380.0
189.0,1027.0
189.0,805.0
190.0,177.0
190.0,814.0
190.0,588.0
190.0,615.0
190.0,152.0
190.0,287.0
190.0,166.0
190.0,760.0
190.0,197.0
190.0,699.0
190.0,405.0
190.0,314.0
191.0,290.0
191.0,651.0
191.0,470.0
191.0,423.0
191.0,718.0
191.0,165.0
191.0,175.0
191.0,138.0
191.0,383.0
191.0,1028.0
191.0,897.0
191.0,996.0
192.0,159.0
192.0,903.0
192.0,562.0
192.0,460.0
192.0,754.0
192.0,40.0
192.0,180.0
192.0,814.0
192.0,26.0
192.0,144.0
192.0,368.0
192.0,626.0
193.0,603.0
193.0,319.0
193.0,352.0
193.0,243.0
193.0,907.0
193.0,975.0
193.0,287.0
193.0,552.0
193.0,79.0
193.0,599.0
193.0,652.0
193.0,203.0
194.0,610.0
194.0,77.0
194.0,541.0
194.0,673.0
194.0,462.0
194.0,323.0
194.0,175.0
194.0,36.0
194.0,149.0
194.0,810.0
194.0,634.0
194.0,708.0
195.0,495.0
195.0,337.0
195.0,694.0
195.0,312.0
195.0,49.0
195.0,377.0
195.0,233.0
195.0,46.0
195.0,506.0
195.0,229.0
195.0,302.0
195.0,792.0
196.0,748.0
196.0,329.0
196.0,979.0
196.0,47.0
196.0,926.0
196.0,777.0
196.0,296.0
196.0,608.0
196.0,280.0
196.0,708.0
196.0,540.0
196.0,304.0
197.0,1014.0
197.0,842.0
197.0,65.0
197.0,727.0
197.0,768.0
197.0,362.0
197.0,216.0
197.0,33.0
197.0,54.0
197.0,999.0
197.0,771.0
197.0,606.0
198.0,456.0
198.0,143.0
198.0,1008.0
198.0,363.0
198.0,879.0
198.0,476.0
198.0,509.0
198.0,695.0
198.0,1010.0
198.0,146.0
198.0,298.0
198.0,605.0
199.0,158.0
199.0,504.0
199.0,274.0
199.0,972.0
199.0,427.0
199.0,587.0
199.0,984.0
199.0,438.0
199.0,917.0
199.0,593.0
199.0,414.0
199.0,85.0
200.0,387.0
200.0,709.0
200.0,137.0
200.0,930.0
200.0,225.0
200.0,230.0
200.0,763.0
200.0,446.0
200.0,624.0
200.0,837.0
200.0,675.0
200.0,237.0
201.0,695.0
201.0,21.0
201.0,425.0
201.0,843.0
201.0,405.0
201.0,262.0
201.0,214.0
201.0,306.0
201.0,317.0
201.0,1025.0
201.0,358.0
201.0,235.0
202.0,67.0
202.0,807.0
202.0,635.0
202.0,72.0
202.0,502.0
202.0,977.0
202.0,495.0
202.0,186.0
202.0,744.0
202.0,482.0
202.0,77.0
202.0,1028.0
203.0,122.0
203.0,119.0
203.0,574.0
203.0,926.0
203.0,625.0
203.0,973.0
203.0,846.0
203.0,1007.0
203.0,301.0
203.0,243.0
203.0,304.0
203.0,56.0
204.0,967.0
204.0,612.0
204.0,433.0
204.0,166.0
204.0,527.0
204.0,892.0
204.0,863.0
204.0,579.0
204.0,95.0
204.0,1000.0
204.0,727.0
204.0,706.0
205.0,70.0
205.0,711.0
205.0,808.0
205.0,310.0
205.0,221.0
205.0,560.0
205.0,273.0
205.0,126.0
205.0,98.0
205.0,523.0
205.0,198.0
205.0,224.0
206.0,4.0
206.0,890.0
206.0,668.0
206.0,799.0
206.0,932.0
206.0,269.0
206.0,1030.0
206.0,188.0
206.0,860.0
206.0,976.0
206.0,131.0
206.0,370.0
207.0,723.0
207.0,667.0
207.0,819.0
207.0,790.0
207.0,786.0
207.0,496.0
207.0,776.0
207.0,536.0
207.0,16.0
207.0,421.0
207.0,775.0
207.0,425.0
208.0,871.0
208.0,73.0
208.0,874.0
208.0,565.0
208.0,481.0
208.0,803.0
208.0,85.0
208.0,950.0
208.0,852.0
208.0,578.0
208.0,732.0
208.0,801.0
209.0,939.0
209.0,269.0
209.0,567.0
209.0,327.0
209.0,870.0
209.0,429.0
209.0,918.0
209.0,616.0
209.0,966.0
209.0,211.0
209.0,628.0
209.0,549.0
210.0,1002.0
210.0,276.0
210.0,708.0
210.0,265.0
210.0,102.0
210.0,149.0
210.0,165.0
210.0,466.0
210.0,378.0
210.0,29.0
210.0,691.0
210.0,875.0
211.0,486.0
211.0,678.0
211.0,739.0
211.0,199.0
211.0,844.0
211.0,334.0
211.0,837.0
211.0,87.0
211.0,329.0
211.0,608.0
211.0,130.0
211.0,182.0
212.0,979.0
212.0,911.0
212.0,32.0
212.0,553.0
212.0,210.0
212.0,889.0
212.0,697.0
212.0,267.0
212.0,743.0
212.0,434.0
212.0,1020.0
212.0,618.0
213.0,890.0
213.0,95.0
213.0,379.0
213.0,937.0
213.0,646.0
213.0,226.0
213.0,976.0
213.0,36.0
213.0,824.0
213.0,272.0
213.0,511.0
213.0,135.0
214.0,988.0
214.0,486.0
214.0,1020.0
214.0,973.0
214.0,954.0
214.0,102.0
214.0,357.0
214.0,513.0
214.0,884.0
214.0,706.0
214.0,313.0
214.0,862.0
215.0,681.0
215.0,286.0
215.0,228.0
215.0,205.0
215.0,193.0
215.0,715.0
215.0,234.0
215.0,460.0
215.0,769.0
215.0,877.0
215.0,479.0
215.0,378.0
216.0,332.0
216.0,766.0
216.0,424.0
216.0,837.0
216.0,739.0
216.0,527.0
216.0,352.0
216.0,103.0
216.0,865.0
216.0,481.0
216.0,1007.0
216.0,68.0
217.0,276.0
217.0,283.0
217.0,640.0
217.0,179.0
217.0,880.0
217.0,286.0
217.0,292.0
217.0,1006.0
217.0,718.0
217.0,868.0
217.0,979.0
217.0,150.0
218.0,748.0
218.0,1000.0
218.0,70.0
218.0,212.0
218.0,989.0
218.0,869.0
218.0,232.0
218.0,632.0
218.0,799.0
218.0,777.0
218.0,523.0
218.0,420.0
219.0,279.0
219.0,688.0
219.0,476.0
219.0,753.0
219.0,695.0
219.0,539.0
219.0,330.0
219.0,310.0
219.0,1010.0
219.0,713.0
219.0,301.0
219.0,977.0
220.0,473.0
220.0,307.0
220.0,463.0
220.0,167.0
220.0,992.0
220.0,66.0
220.0,945.0
220.0,57.0
220.0,933.0
220.0,150.0
220.0,568.0
220.0,533.0
221.0,922.0
221.0,168.0
221.0,151.0
221.0,228.0
221.0,493.0
221.0,934.0
221.0,571.0
221.0,607.0
221.0,102.0
221.0,932.0
221.0,380.0
221.0,414.0
222.0,983.0
222.0,178.0
222.0,22.0
222.0,985.0
222.0,175.0
222.0,590.0
222.0,294.0
222.0,575.0
222.0,621.0
222.0,191.0
222.0,594.0
222.0,990.0
223.0,489.0
223.0,252.0
223.0,783.0
223.0,898.0
223.0,714.0
223.0,835.0
223.0,481.0
223.0,688.0
223.0,377.0
223.0,72.0
223.0,557.0
223.0,105.0
224.0,38.0
224.0,658.0
224.0,773.0
224.0,875.0
224.0,698.0
224.0,808.0
224.0,636.0
224.0,696.0
224.0,175.0
224.0,648.0
224.0,241.0
224.0,257.0
225.0,62.0
225.0,368.0
225.0,6.0
225.0,5.0
225.0,647.0
225.0,0.0
225.0,474.0
225.0,1021.0
225.0,988.0
225.0,104.0
225.0,46.0
225.0,45.0
226.0,196.0
226.0,779.0
226.0,423.0
226.0,625.0
226.0,820.0
226.0,642.0
226.0,127.0
226.0,852.0
226.0,288.0
226.0,670.0
226.0,119.0
226.0,931.0
227.0,767.0
227.0,24.0
227.0,950.0
227.0,418.0
227.0,734.0
227.0,233.0
227.0,554.0
227.0,547.0
227.0,51.0
227.0,1029.0
227.0,698.0
227.0,959.0
228.0,537.0
228.0,809.0
228.0,1016.0
228.0,440.0
228.0,670.0
228.0,167.0
228.0,837.0
228.0,902.0
228.0,907.0
228.0,989.0
228.0,342.0
228.0,292.0
229.0,916.0
229.0,933.0
229.0,698.0
229.0,94.0
229.0,522.0
229.0,864.0
229.0,547.0
229.0,392.0
229.0,671.0
229.0,635.0
229.0,677.0
229.0,529.0
230.0,604.0
230.0,31.0
230.0,941.0
230.0,685.0
230.0,109.0
230.0,888.0
230.0,413.0
230.0,930.0
230.0,855.0
230.0,802.0
230.0,132.0
230.0,1010.0
231.0,807.0
231.0,745.0
231.0,319.0
231.0,280.0
231.0,753.0
231.0,227.0
231.0,764.0
231.0,732.0
231.0,996.0
231.0,674.0
231.0,698.0
231.0,765.0
232.0,137.0
232.0,110.0
232.0,597.0
232.0,47.0
232.0,860.0
232.0,759.0
232.0,164.0
232.0,924.0
232.0,360.0
232.0,20.0
232.0,809.0
232.0,282.0
233.0,1024.0
233.0,864.0
233.0,442.0
233.0,252.0
233.0,932.0
233.0,411.0
233.0,427.0
233.0,133.0
233.0,103.0
233.0,227.0
233.0,603.0
233.0,334.0
234.0,819.0
234.0,207.0
234.0,311.0
234.0,831.0
234.0,794.0
234.0,953.0
234.0,385.0
234.0,591.0
234.0,998.0
234.0,515.0
234.0,480.0
234.0,478.0
235.0,428.0
235.0,388.0
235.0,929.0
235.0,989.0
235.0,707.0
235.0,430.0
235.0,183.0
235.0,210.0
235.0,473.0
235.0,373.0
235.0,974.0
235.0,501.0
236.0,962.0
236.0,750.0
236.0,843.0
236.0,819.0
236.0,718.0
236.0,645.0
236.0,275.0
236.0,90.0
236.0,788.0
236.0,363.0
236.0,238.0
236.0,263.0
237.0,742.0
237.0,680.0
237.0,309.0
237.0,760.0
237.0,597.0
237.0,654.0
237.0,456.0
237.0,88.0
237.0,407.0
237.0,865.0
237.0,394.0
237.0,31.0
238.0,285.0
238.0,833.0
238.0,160.0
238.0,480.0
238.0,213.0
238.0,116.0
238.0,268.0
238.0,530.0
238.0,487.0
238.0,911.0
238.0,945.0
238.0,406.0
239.0,397.0
239.0,139.0
239.0,68.0
239.0,313.0
239.0,880.0
239.0,320.0
239.0,514.0
239.0,93.0
239.0,680.0
239.0,198.0
239.0,137.0
239.0,65.0
240.0,461.0
240.0,689.0
240.0,1020.0
240.0,966.0
240.0,109.0
240.0,132.0
240.0,1002.0
240.0,467.0
240.0,26.0
240.0,605.0
240.0,200.0
240.0,1006.0
241.0,985.0
241.0,558.0
241.0,326.0
241.0,552.0
241.0,556.0
241.0,374.0
241.0,88.0
241.0,553.0
241.0,887.0
241.0,313.0
241.0,308.0
241.0,176.0
242.0,494.0
242.0,496.0
242.0,73.0
242.0,304.0
242.0,522.0
242.0,367.0
242.0,286.0
242.0,188.0
242.0,78.0
242.0,290.0
242.0,1007.0
242.0,566.0
243.0,748.0
243.0,304.0
243.0,420.0
243.0,1004.0
243.0,215.0
243.0,954.0
243.0,556.0
243.0,466.0
243.0,558.0
243.0,102.0
243.0,904.0
243.0,846.0
244.0,481.0
244.0,503.0
244.0,67.0
244.0,479.0
244.0,286.0
244.0,805.0
244.0,539.0
244.0,896.0
244.0,534.0
244.0,705.0
244.0,932.0
244.0,596.0
245.0,47.0
245.0,220.0
245.0,353.0
245.0,658.0
245.0,975.0
245.0,997.0
245.0,994.0
245.0,57.0
245.0,78.0
245.0,12.0
245.0,747.0
245.0,764.0
246.0,1005.0
246.0,741.0
246.0,623.0
246.0,816.0
246.0,582.0
246.0,361.0
246.0,251.0
246.0,323.0
246.0,578.0
246.0,881.0
246.0,77.0
246.0,483.0
247.0,893.0
247.0,7.0
247.0,443.0
247.0,619.0
247.0,402.0
247.0,810.0
247.0,156.0
247.0,393.0
247.0,833.0
247.0,552.0
247.0,148.0
247.0,875.0
248.0,880.0
248.0,113.0
248.0,735.0
248.0,576.0
248.0,899.0
248.0,477.0
248.0,19.0
248.0,803.0
248.0,57.0
248.0,617.0
248.0,628.0
248.0,626.0
249.0,675.0
249.0,42.0
249.0,999.0
249.0,200.0
249.0,225.0
249.0,809.0
249.0,452.0
249.0,274.0
249.0,316.0
249.0,1019.0
249.0,248.0
249.0,627.0
250.0,363.0
250.0,130.0
250.0,976.0
250.0,522.0
250.0,718.0
250.0,880.0
250.0,610.0
250.0,256.0
250.0,729.0
250.0,466.0
250.0,961.0
250.0,787.0
251.0,734.0
251.0,340.0
251.0,528.0
251.0,938.0
251.0,96.0
251.0,453.0
251.0,780.0
251.0,346.0
251.0,590.0
251.0,84.0
251.0,13.0
251.0,222.0
252.0,61.0
252.0,513.0
252.0,987.0
252.0,1.0
252.0,795.0
252.0,278.0
252.0,567.0
252.0,852.0
252.0,24.0
252.0,982.0
252.0,700.0
252.0,971.0
253.0,850.0
253.0,699.0
253.0,941.0
253.0,107.0
253.0,179.0
253.0,208.0
253.0,188.0
253.0,664.0
253.0,97.0
253.0,687.0
253.0,17.0
253.0,878.0
254.0,692.0
254.0,103.0
254.0,66.0
254.0,189.0
254.0,301.0
254.0,687.0
254.0,624.0
254.0,563.0
254.0,948.0
254.0,533.0
254.0,732.0
254.0,994.0
255.0,713.0
255.0,476.0
255.0,882.0
255.0,766.0
255.0,700.0
255.0,829.0
255.0,264.0
255.0,85.0
255.0,677.0
255.0,428.0
255.0,99.0
255.0,742.0
256.0,172.0
256.0,213.0
256.0,70.0
256.0,854.0
256.0,251.0
256.0,666.0
256.0,849.0
256.0,260.0
256.0,625.0
256.0,812.0
256.0,272.0
256.0,928.0
257.0,785.0
257.0,34.0
257.0,1029.0
257.0,770.0
257.0,888.0
257.0,194.0
257.0,696.0
257.0,758.0
257.0,949.0
257.0,224.0
257.0,931.0
257.0,941.0
258.0,656.0
258.0,151.0
258.0,715.0
258.0,121.0
258.0,557.0
258.0,907.0
258.0,282.0
258.0,667.0
258.0,362.0
258.0,445.0
258.0,706.0
258.0,226.0
259.0,380.0
259.0,424.0
259.0,230.0
259.0,109.0
259.0,862.0
259.0,330.0
259.0,159.0
259.0,423.0
259.0,438.0
259.0,123.0
259.0,818.0
259.0,497.0
260.0,634.0
260.0,831.0
260.0,33.0
260.0,302.0
260.0,37.0
260.0,659.0
260.0,861.0
260.0,674.0
260.0,818.0
260.0,393.0
260.0,650.0
260.0,205.0
261.0,948.0
261.0,805.0
261.0,286.0
261.0,194.0
261.0,430.0
261.0,554.0
261.0,830.0
261.0,749.0
261.0,407.0
261.0,363.0
261.0,360.0
261.0,491.0
262.0,617.0
262.0,885.0
262.0,980.0
262.0,328.0
262.0,174.0
262.0,1034.0
262.0,348.0
262.0,826.0
262.0,350.0
262.0,144.0
262.0,282.0
262.0,96.0
263.0,267.0
263.0,64.0
263.0,480.0
263.0,833.0
263.0,29.0
263.0,998.0
263.0,110.0
263.0,842.0
263.0,810.0
263.0,974.0
263.0,487.0
263.0,619.0
264.0,1021.0
264.0,898.0
264.0,994.0
264.0,387.0
264.0,678.0
264.0,1003.0
264.0,329.0
264.0,766.0
264.0,278.0
264.0,423.0
264.0,527.0
264.0,791.0
265.0,668.0
265.0,696.0
265.0,35.0
265.0,747.0
265.0,965.0
265.0,875.0
265.0,369.0
265.0,618.0
265.0,203.0
265.0,289.0
265.0,136.0
265.0,764.0
266.0,609.0
266.0,971.0
266.0,620.0
266.0,304.0
266.0,318.0
266.0,764.0
266.0,748.0
266.0,191.0
266.0,665.0
266.0,919.0
266.0,981.0
266.0,491.0
267.0,825.0
267.0,816.0
267.0,156.0
267.0,409.0
267.0,218.0
267.0,151.0
267.0,960.0
267.0,821.0
267.0,1016.0
267.0,914.0
267.0,986.0
267.0,412.0
268.0,661.0
268.0,666.0
268.0,758.0
268.0,851.0
268.0,250.0
268.0,929.0
268.0,749.0
268.0,205.0
268.0,222.0
268.0,659.0
268.0,393.0
268.0,74.0
269.0,923.0
269.0,407.0
269.0,108.0
269.0,243.0
269.0,442.0
269.0,571.0
269.0,127.0
269.0,929.0
269.0,501.0
269.0,475.0
269.0,926.0
269.0,743.0
270.0,127.0
270.0,814.0
270.0,290.0
270.0,510.0
270.0,215.0
270.0,591.0
270.0,56.0
270.0,790.0
270.0,812.0
270.0,41.0
270.0,417.0
270.0,455.0
271.0,250.0
271.0,555.0
271.0,346.0
271.0,929.0
271.0,289.0
271.0,319.0
271.0,72.0
271.0,294.0
271.0,420.0
271.0,454.0
271.0,175.0
271.0,657.0
272.0,178.0
272.0,275.0
272.0,532.0
272.0,761.0
272.0,621.0
272.0,633.0
272.0,758.0
272.0,951.0
272.0,246.0
272.0,410.0
272.0,688.0
272.0,673.0
273.0,686.0
273.0,212.0
273.0,753.0
273.0,111.0
273.0,502.0
273.0,503.0
273.0,1017.0
273.0,666.0
273.0,397.0
273.0,231.0
273.0,697.0
273.0,994.0
274.0,517.0
274.0,364.0
274.0,132.0
274.0,85.0
274.0,972.0
274.0,597.0
274.0,767.0
274.0,705.0
274.0,581.0
274.0,278.0
274.0,185.0
274.0,629.0
275.0,764.0
275.0,840.0
275.0,785.0
275.0,75.0
275.0,39.0
275.0,37.0
275.0,507.0
275.0,265.0
275.0,0.0
275.0,268.0
275.0,942.0
275.0,300.0
276.0,440.0
276.0,154.0
276.0,205.0
276.0,749.0
276.0,712.0
276.0,883.0
276.0,913.0
276.0,887.0
276.0,862.0
276.0,770.0
276.0,710.0
276.0,330.0
277.0,327.0
277.0,519.0
277.0,322.0
277.0,988.0
277.0,643.0
277.0,678.0
277.0,337.0
277.0,749.0
277.0,186.0
277.0,792.0
277.0,49.0
277.0,19.0
278.0,497.0
278.0,155.0
278.0,124.0
278.0,964.0
278.0,351.0
278.0,705.0
278.0,832.0
278.0,338.0
278.0,165.0
278.0,852.0
278.0,870.0
278.0,404.0
279.0,579.0
279.0,942.0
279.0,189.0
279.0,894.0
279.0,781.0
279.0,231.0
279.0,881.0
279.0,411.0
279.0,15.0
279.0,115.0
279.0,168.0
279.0,533.0
280.0,557.0
280.0,696.0
280.0,785.0
280.0,366.0
280.0,575.0
280.0,682.0
280.0,504.0
280.0,993.0
280.0,906.0
280.0,38.0
280.0,34.0
280.0,442.0
281.0,748.0
281.0,402.0
281.0,797.0
281.0,733.0
281.0,388.0
281.0,826.0
281.0,987.0
281.0,745.0
281.0,956.0
281.0,142.0
281.0,117.0
281.0,283.0
282.0,679.0
282.0,43.0
282.0,588.0
282.0,320.0
282.0,184.0
282.0,899.0
282.0,207.0
282.0,737.0
282.0,57.0
282.0,28.0
282.0,488.0
282.0,1003.0
283.0,533.0
283.0,463.0
283.0,1009.0
283.0,185.0
283.0,285.0
283.0,102.0
283.0,55.0
283.0,301.0
283.0,334.0
283.0,482.0
283.0,690.0
283.0,331.0
284.0,38.0
284.0,805.0
284.0,954.0
284.0,356.0
284.0,581.0
284.0,991.0
284.0,592.0
284.0,449.0
284.0,959.0
284.0,835.0
284.0,233.0
284.0,765.0
285.0,559.0
285.0,66.0
285.0,724.0
285.0,535.0
285.0,16.0
285.0,750.0
285.0,234.0
285.0,854.0
285.0,478.0
285.0,923.0
285.0,911.0
285.0,746.0
286.0,310.0
286.0,132.0
286.0,805.0
286.0,146.0
286.0,83.0
286.0,992.0
286.0,574.0
286.0,167.0
286.0,524.0
286.0,913.0
286.0,746.0
286.0,938.0
287.0,759.0
287.0,763.0
287.0,341.0
287.0,712.0
287.0,538.0
287.0,221.0
287.0,624.0
287.0,1014.0
287.0,170.0
287.0,516.0
287.0,421.0
287.0,327.0
288.0,774.0
288.0,212.0
288.0,1005.0
288.0,82.0
288.0,931.0
288.0,310.0
288.0,150.0
288.0,874.0
288.0,334.0
288.0,747.0
288.0,343.0
288.0,565.0
289.0,35.0
289.0,780.0
289.0,260.0
289.0,582.0
289.0,360.0
289.0,714.0
289.0,205.0
289.0,280.0
289.0,74.0
289.0,1001.0
289.0,482.0
289.0,590.0
290.0,672.0
290.0,12.0
290.0,319.0
290.0,334.0
290.0,896.0
290.0,248.0
290.0,924.0
290.0,361.0
290.0,78.0
290.0,189.0
290.0,1008.0
290.0,56.0
291.0,410.0
291.0,938.0
291.0,160.0
291.0,351.0
291.0,412.0
291.0,259.0
291.0,29.0
291.0,976.0
291.0,480.0
291.0,445.0
291.0,658.0
291.0,1031.0
292.0,700.0
292.0,978.0
292.0,368.0
292.0,87.0
292.0,575.0
292.0,276.0
292.0,554.0
292.0,862.0
292.0,456.0
292.0,717.0
292.0,931.0
292.0,907.0
293.0,917.0
293.0,593.0
293.0,822.0
293.0,100.0
293.0,527.0
293.0,441.0
293.0,99.0
293.0,811.0
293.0,347.0
293.0,904.0
293.0,865.0
293.0,968.0
294.0,366.0
294.0,95.0
294.0,183.0
294.0,637.0
294.0,559.0
294.0,482.0
294.0,455.0
294.0,1005.0
294.0,496.0
294.0,971.0
294.0,428.0
294.0,658.0
295.0,118.0
295.0,544.0
295.0,910.0
295.0,747.0
295.0,37.0
295.0,49.0
295.0,257.0
295.0,223.0
295.0,785.0
295.0,883.0
295.0,582.0
295.0,1024.0
296.0,196.0
296.0,902.0
296.0,63.0
296.0,286.0
296.0,925.0
296.0,449.0
296.0,341.0
296.0,887.0
296.0,159.0
296.0,182.0
296.0,805.0
296.0,370.0
297.0,350.0
297.0,147.0
297.0,860.0
297.0,613.0
297.0,797.0
297.0,510.0
297.0,270.0
297.0,526.0
297.0,964.0
297.0,536.0
297.0,212.0
297.0,382.0
298.0,438.0
298.0,556.0
298.0,149.0
298.0,844.0
298.0,708.0
298.0,493.0
298.0,12.0
298.0,209.0
298.0,301.0
298.0,30.0
298.0,512.0
298.0,332.0
299.0,896.0
299.0,845.0
299.0,769.0
299.0,292.0
299.0,973.0
299.0,153.0
299.0,558.0
299.0,966.0
299.0,946.0
299.0,947.0
299.0,912.0
299.0,75.0
300.0,651.0
300.0,1018.0
300.0,622.0
300.0,383.0
300.0,743.0
300.0,812.0
300.0,544.0
300.0,910.0
300.0,673.0
300.0,889.0
300.0,454.0
300.0,555.0
301.0,573.0
301.0,210.0
301.0,718.0
301.0,1023.0
301.0,0.0
301.0,1031.0
301.0,755.0
301.0,318.0
301.0,732.0
301.0,875.0
301.0,928.0
301.0,206.0
302.0,470.0
302.0,551.0
302.0,195.0
302.0,1013.0
302.0,682.0
302.0,72.0
302.0,367.0
302.0,787.0
302.0,51.0
302.0,454.0
302.0,141.0
302.0,915.0
303.0,379.0
303.0,399.0
303.0,574.0
303.0,702.0
303.0,37.0
303.0,1005.0
303.0,950.0
303.0,172.0
303.0,381.0
303.0,752.0
303.0,754.0
303.0,177.0
304.0,1006.0
304.0,598.0
304.0,733.0
304.0,299.0
304.0,1027.0
304.0,989.0
304.0,389.0
304.0,82.0
304.0,956.0
304.0,193.0
304.0,1014.0
304.0,41.0
305.0,102.0
305.0,425.0
305.0,77.0
305.0,526.0
305.0,448.0
305.0,468.0
305.0,299.0
305.0,412.0
305.0,585.0
305.0,90.0
305.0,776.0
305.0,775.0
306.0,262.0
306.0,137.0
306.0,726.0
306.0,239.0
306.0,669.0
306.0,1022.0
306.0,708.0
306.0,120.0
306.0,321.0
306.0,325.0
306.0,676.0
306.0,903.0
307.0,609.0
307.0,167.0
307.0,143.0
307.0,470.0
307.0,584.0
307.0,168.0
307.0,583.0
307.0,805.0
307.0,574.0
307.0,292.0
307.0,668.0
307.0,119.0
308.0,805.0
308.0,78.0
308.0,803.0
308.0,912.0
308.0,695.0
308.0,462.0
308.0,361.0
308.0,1009.0
308.0,925.0
308.0,732.0
308.0,584.0
308.0,628.0
309.0,887.0
309.0,701.0
309.0,791.0
309.0,1009.0
309.0,351.0
309.0,276.0
309.0,27.0
309.0,765.0
309.0,65.0
309.0,138.0
309.0,34.0
309.0,778.0
310.0,372.0
310.0,290.0
310.0,1009.0
310.0,78.0
310.0,207.0
310.0,1019.0
310.0,861.0
310.0,353.0
310.0,507.0
310.0,127.0
310.0,1030.0
310.0,9.0
311.0,562.0
311.0,190.0
311.0,958.0
311.0,583.0
311.0,156.0
311.0,493.0
311.0,484.0
311.0,174.0
311.0,375.0
311.0,580.0
311.0,250.0
311.0,320.0
312.0,792.0
312.0,635.0
312.0,984.0
312.0,46.0
312.0,977.0
312.0,233.0
312.0,653.0
312.0,154.0
312.0,886.0
312.0,806.0
312.0,922.0
312.0,195.0
313.0,975.0
313.0,883.0
313.0,592.0
313.0,705.0
313.0,979.0
313.0,581.0
313.0,667.0
313.0,1009.0
313.0,319.0
313.0,880.0
313.0,890.0
313.0,34.0
314.0,252.0
314.0,139.0
314.0,676.0
314.0,299.0
314.0,230.0
314.0,440.0
314.0,852.0
314.0,632.0
314.0,628.0
314.0,245.0
314.0,804.0
314.0,850.0
315.0,648.0
315.0,587.0
315.0,871.0
315.0,45.0
315.0,354.0
315.0,834.0
315.0,446.0
315.0,162.0
315.0,547.0
315.0,185.0
315.0,143.0
315.0,452.0
316.0,439.0
316.0,398.0
316.0,109.0
316.0,878.0
316.0,527.0
316.0,870.0
316.0,490.0
316.0,999.0
316.0,904.0
316.0,349.0
316.0,709.0
316.0,749.0
317.0,224.0
317.0,756.0
317.0,393.0
317.0,275.0
317.0,893.0
317.0,267.0
317.0,33.0
317.0,655.0
317.0,435.0
317.0,12.0
317.0,381.0
317.0,960.0
318.0,813.0
318.0,895.0
318.0,154.0
318.0,430.0
318.0,218.0
318.0,764.0
318.0,261.0
318.0,117.0
318.0,708.0
318.0,584.0
318.0,545.0
318.0,182.0
319.0,170.0
319.0,1002.0
319.0,44.0
319.0,361.0
319.0,996.0
319.0,655.0
319.0,56.0
319.0,740.0
319.0,686.0
319.0,115.0
319.0,1008.0
319.0,217.0
320.0,318.0
320.0,899.0
320.0,108.0
320.0,771.0
320.0,617.0
320.0,562.0
320.0,142.0
320.0,991.0
320.0,1019.0
320.0,156.0
320.0,534.0
320.0,375.0
321.0,320.0
321.0,413.0
321.0,679.0
321.0,616.0
321.0,892.0
321.0,1034.0
321.0,779.0
321.0,860.0
321.0,644.0
321.0,26.0
321.0,109.0
321.0,197.0
322.0,655.0
322.0,324.0
322.0,492.0
322.0,38.0
322.0,549.0
322.0,933.0
322.0,214.0
322.0,805.0
322.0,141.0
322.0,352.0
322.0,166.0
322.0,255.0
323.0,96.0
323.0,579.0
323.0,825.0
323.0,268.0
323.0,794.0
323.0,291.0
323.0,710.0
323.0,428.0
323.0,33.0
323.0,178.0
323.0,875.0
323.0,979.0
324.0,67.0
324.0,636.0
324.0,783.0
324.0,544.0
324.0,275.0
324.0,513.0
324.0,300.0
324.0,714.0
324.0,457.0
324.0,118.0
324.0,820.0
324.0,479.0
325.0,774.0
325.0,197.0
325.0,117.0
325.0,632.0
325.0,92.0
325.0,56.0
325.0,153.0
325.0,685.0
325.0,179.0
325.0,31.0
325.0,129.0
325.0,162.0
326.0,992.0
326.0,217.0
326.0,79.0
326.0,571.0
326.0,790.0
326.0,586.0
326.0,852.0
326.0,292.0
326.0,660.0
326.0,896.0
326.0,364.0
326.0,305.0
327.0,599.0
327.0,130.0
327.0,956.0
327.0,292.0
327.0,607.0
327.0,563.0
327.0,554.0
327.0,243.0
327.0,442.0
327.0,154.0
327.0,266.0
327.0,790.0
328.0,1007.0
328.0,269.0
328.0,678.0
328.0,397.0
328.0,769.0
328.0,717.0
328.0,109.0
328.0,971.0
328.0,140.0
328.0,427.0
328.0,588.0
328.0,1002.0
329.0,834.0
329.0,648.0
329.0,778.0
329.0,101.0
329.0,104.0
329.0,736.0
329.0,486.0
329.0,668.0
329.0,126.0
329.0,394.0
329.0,78.0
329.0,877.0
330.0,624.0
330.0,380.0
330.0,945.0
330.0,755.0
330.0,592.0
330.0,932.0
330.0,286.0
330.0,895.0
330.0,652.0
330.0,976.0
330.0,367.0
330.0,935.0
331.0,431.0
331.0,890.0
331.0,98.0
331.0,491.0
331.0,170.0
331.0,241.0
331.0,310.0
331.0,380.0
331.0,23.0
331.0,499.0
331.0,287.0
331.0,668.0
332.0,423.0
332.0,764.0
332.0,12.0
332.0,823.0
332.0,865.0
332.0,279.0
332.0,161.0
332.0,853.0
332.0,143.0
332.0,298.0
332.0,691.0
332.0,706.0
333.0,607.0
333.0,312.0
333.0,733.0
333.0,714.0
333.0,227.0
333.0,34.0
333.0,324.0
333.0,544.0
333.0,356.0
333.0,1025.0
333.0,643.0
333.0,807.0
334.0,1009.0
334.0,668.0
334.0,24.0
334.0,1006.0
334.0,494.0
334.0,612.0
334.0,946.0
334.0,791.0
334.0,112.0
334.0,895.0
334.0,978.0
334.0,73.0
335.0,530.0
335.0,220.0
335.0,948.0
335.0,56.0
335.0,642.0
335.0,250.0
335.0,548.0
335.0,824.0
335.0,47.0
335.0,162.0
335.0,977.0
335.0,322.0
336.0,359.0
336.0,460.0
336.0,250.0
336.0,707.0
336.0,508.0
336.0,79.0
336.0,971.0
336.0,975.0
336.0,239.0
336.0,91.0
336.0,648.0
336.0,777.0
337.0,377.0
337.0,335.0
337.0,191.0
337.0,492.0
337.0,280.0
337.0,124.0
337.0,703.0
337.0,312.0
337.0,20.0
337.0,672.0
337.0,1003.0
337.0,748.0
338.0,845.0
338.0,99.0
338.0,675.0
338.0,101.0
338.0,200.0
338.0,31.0
338.0,121.0
338.0,12.0
338.0,177.0
338.0,796.0
338.0,394.0
338.0,240.0
339.0,12.0
339.0,27.0
339.0,220.0
339.0,74.0
339.0,501.0
339.0,1032.0
339.0,522.0
339.0,103.0
339.0,470.0
339.0,561.0
339.0,93.0
339.0,151.0
340.0,555.0
340.0,730.0
340.0,990.0
340.0,949.0
340.0,631.0
340.0,590.0
340.0,816.0
340.0,32.0
340.0,650.0
340.0,271.0
340.0,780.0
340.0,52.0
341.0,903.0
341.0,319.0
341.0,120.0
341.0,539.0
341.0,942.0
341.0,67.0
341.0,198.0
341.0,248.0
341.0,691.0
341.0,352.0
341.0,755.0
341.0,664.0
342.0,913.0
342.0,48.0
342.0,408.0
342.0,120.0
342.0,878.0
342.0,624.0
342.0,575.0
342.0,711.0
342.0,736.0
342.0,170.0
342.0,664.0
342.0,992.0
343.0,189.0
343.0,964.0
343.0,592.0
343.0,167.0
343.0,455.0
343.0,856.0
343.0,656.0
343.0,773.0
343.0,181.0
343.0,373.0
343.0,981.0
343.0,80.0
344.0,193.0
344.0,368.0
344.0,937.0
344.0,38.0
344.0,661.0
344.0,714.0
344.0,908.0
344.0,758.0
344.0,919.0
344.0,265.0
344.0,780.0
344.0,631.0
345.0,811.0
345.0,386.0
345.0,58.0
345.0,389.0
345.0,921.0
345.0,834.0
345.0,766.0
345.0,400.0
345.0,45.0
345.0,1033.0
345.0,801.0
345.0,778.0
346.0,13.0
346.0,1001.0
346.0,935.0
346.0,72.0
346.0,875.0
346.0,256.0
346.0,344.0
346.0,246.0
346.0,273.0
346.0,447.0
346.0,136.0
346.0,729.0
347.0,1033.0
347.0,766.0
347.0,239.0
347.0,677.0
347.0,199.0
347.0,133.0
347.0,881.0
347.0,277.0
347.0,811.0
347.0,939.0
347.0,822.0
347.0,93.0
348.0,144.0
348.0,531.0
348.0,768.0
348.0,679.0
348.0,120.0
348.0,92.0
348.0,147.0
348.0,321.0
348.0,520.0
348.0,878.0
348.0,699.0
348.0,814.0
349.0,131.0
349.0,609.0
349.0,760.0
349.0,123.0
349.0,934.0
349.0,565.0
349.0,637.0
349.0,821.0
349.0,680.0
349.0,795.0
349.0,844.0
349.0,417.0
350.0,1022.0
350.0,720.0
350.0,106.0
350.0,406.0
350.0,64.0
350.0,1008.0
350.0,726.0
350.0,198.0
350.0,448.0
350.0,526.0
350.0,679.0
350.0,727.0
351.0,132.0
351.0,259.0
351.0,309.0
351.0,956.0
351.0,628.0
351.0,140.0
351.0,164.0
351.0,992.0
351.0,216.0
351.0,110.0
351.0,235.0
351.0,274.0
352.0,821.0
352.0,232.0
352.0,25.0
352.0,584.0
352.0,863.0
352.0,211.0
352.0,815.0
352.0,117.0
352.0,542.0
352.0,950.0
352.0,966.0
352.0,642.0
353.0,391.0
353.0,845.0
353.0,730.0
353.0,648.0
353.0,243.0
353.0,631.0
353.0,363.0
353.0,670.0
353.0,168.0
353.0,625.0
353.0,570.0
353.0,317.0
354.0,498.0
354.0,400.0
354.0,509.0
354.0,694.0
354.0,954.0
354.0,770.0
354.0,982.0
354.0,347.0
354.0,46.0
354.0,91.0
354.0,386.0
354.0,237.0
355.0,511.0
355.0,443.0
355.0,1006.0
355.0,794.0
355.0,1026.0
355.0,723.0
355.0,569.0
355.0,465.0
355.0,876.0
355.0,36.0
355.0,857.0
355.0,911.0
356.0,363.0
356.0,196.0
356.0,292.0
356.0,284.0
356.0,430.0
356.0,428.0
356.0,791.0
356.0,503.0
356.0,168.0
356.0,25.0
356.0,764.0
356.0,278.0
357.0,942.0
357.0,591.0
357.0,47.0
357.0,928.0
357.0,531.0
357.0,630.0
357.0,430.0
357.0,584.0
357.0,994.0
357.0,70.0
357.0,691.0
357.0,44.0
358.0,957.0
358.0,359.0
358.0,797.0
358.0,757.0
358.0,899.0
358.0,885.0
358.0,750.0
358.0,617.0
358.0,281.0
358.0,1014.0
358.0,64.0
358.0,664.0
359.0,135.0
359.0,659.0
359.0,327.0
359.0,926.0
359.0,466.0
359.0,188.0
359.0,482.0
359.0,887.0
359.0,107.0
359.0,363.0
359.0,853.0
359.0,953.0
360.0,421.0
360.0,540.0
360.0,845.0
360.0,291.0
360.0,863.0
360.0,533.0
360.0,553.0
360.0,989.0
360.0,895.0
360.0,950.0
360.0,820.0
360.0,655.0
361.0,558.0
361.0,127.0
361.0,665.0
361.0,203.0
361.0,856.0
361.0,513.0
361.0,307.0
361.0,586.0
361.0,319.0
361.0,738.0
361.0,334.0
361.0,378.0
362.0,753.0
362.0,381.0
362.0,358.0
362.0,797.0
362.0,953.0
362.0,936.0
362.0,957.0
362.0,914.0
362.0,311.0
362.0,843.0
362.0,676.0
362.0,448.0
363.0,928.0
363.0,301.0
363.0,887.0
363.0,479.0
363.0,566.0
363.0,245.0
363.0,334.0
363.0,609.0
363.0,730.0
363.0,180.0
363.0,729.0
363.0,846.0
364.0,111.0
364.0,255.0
364.0,12.0
364.0,950.0
364.0,722.0
364.0,836.0
364.0,216.0
364.0,154.0
364.0,969.0
364.0,121.0
364.0,104.0
364.0,158.0
365.0,177.0
365.0,771.0
365.0,145.0
365.0,644.0
365.0,588.0
365.0,669.0
365.0,762.0
365.0,726.0
365.0,626.0
365.0,433.0
365.0,768.0
365.0,664.0
366.0,734.0
366.0,643.0
366.0,983.0
366.0,416.0
366.0,361.0
366.0,540.0
366.0,496.0
366.0,844.0
366.0,82.0
366.0,245.0
366.0,1013.0
366.0,700.0
367.0,416.0
367.0,377.0
367.0,558.0
367.0,773.0
367.0,829.0
367.0,544.0
367.0,336.0
367.0,1008.0
367.0,664.0
367.0,309.0
367.0,276.0
367.0,804.0
368.0,408.0
368.0,902.0
368.0,310.0
368.0,584.0
368.0,604.0
368.0,254.0
368.0,79.0
368.0,554.0
368.0,473.0
368.0,772.0
368.0,287.0
368.0,954.0
369.0,638.0
369.0,764.0
369.0,433.0
369.0,569.0
369.0,631.0
369.0,165.0
369.0,457.0
369.0,730.0
369.0,301.0
369.0,291.0
369.0,323.0
369.0,24.0
370.0,235.0
370.0,546.0
370.0,574.0
370.0,931.0
370.0,981.0
370.0,672.0
370.0,307.0
370.0,837.0
370.0,1016.0
370.0,368.0
370.0,919.0
370.0,547.0
371.0,822.0
371.0,1007.0
371.0,781.0
371.0,514.0
371.0,4.0
371.0,909.0
371.0,993.0
371.0,504.0
371.0,739.0
371.0,809.0
371.0,233.0
371.0,672.0
372.0,1000.0
372.0,884.0
372.0,261.0
372.0,411.0
372.0,107.0
372.0,330.0
372.0,382.0
372.0,210.0
372.0,226.0
372.0,1023.0
372.0,408.0
372.0,913.0
373.0,962.0
373.0,439.0
373.0,450.0
373.0,772.0
373.0,563.0
373.0,82.0
373.0,645.0
373.0,975.0
373.0,194.0
373.0,266.0
373.0,875.0
373.0,148.0
374.0,887.0
374.0,890.0
374.0,1027.0
374.0,61.0
374.0,215.0
374.0,994.0
374.0,339.0
374.0,773.0
374.0,1030.0
374.0,416.0
374.0,169.0
374.0,407.0
375.0,745.0
375.0,832.0
375.0,282.0
375.0,993.0
375.0,358.0
375.0,520.0
375.0,382.0
375.0,1015.0
375.0,484.0
375.0,771.0
375.0,147.0
375.0,899.0
376.0,14.0
376.0,837.0
376.0,549.0
376.0,277.0
376.0,392.0
376.0,363.0
376.0,312.0
376.0,20.0
376.0,529.0
376.0,284.0
376.0,422.0
376.0,195.0
377.0,103.0
377.0,472.0
377.0,245.0
377.0,20.0
377.0,502.0
377.0,516.0
377.0,982.0
377.0,1027.0
377.0,583.0
377.0,840.0
377.0,141.0
377.0,809.0
378.0,269.0
378.0,178.0
378.0,203.0
378.0,134.0
378.0,877.0
378.0,7.0
378.0,553.0
378.0,743.0
378.0,170.0
378.0,427.0
378.0,0.0
378.0,307.0
379.0,254.0
379.0,443.0
379.0,4.0
379.0,273.0
379.0,534.0
379.0,353.0
379.0,82.0
379.0,940.0
379.0,536.0
379.0,303.0
379.0,136.0
379.0,116.0
380.0,790.0
380.0,193.0
380.0,214.0
380.0,1004.0
380.0,760.0
380.0,65.0
380.0,926.0
380.0,412.0
380.0,287.0
380.0,616.0
380.0,388.0
380.0,374.0
381.0,160.0
381.0,794.0
381.0,445.0
381.0,580.0
381.0,478.0
381.0,775.0
381.0,962.0
381.0,116.0
381.0,450.0
381.0,745.0
381.0,980.0
381.0,963.0
382.0,306.0
382.0,646.0
382.0,403.0
382.0,760.0
382.0,1034.0
382.0,190.0
382.0,472.0
382.0,499.0
382.0,388.0
382.0,786.0
382.0,961.0
382.0,842.0
383.0,691.0
383.0,87.0
383.0,286.0
383.0,1014.0
383.0,598.0
383.0,301.0
383.0,688.0
383.0,205.0
383.0,226.0
383.0,74.0
383.0,212.0
383.0,369.0
384.0,794.0
384.0,212.0
384.0,69.0
384.0,281.0
384.0,717.0
384.0,76.0
384.0,1010.0
384.0,895.0
384.0,974.0
384.0,445.0
384.0,775.0
384.0,363.0
385.0,854.0
385.0,267.0
385.0,752.0
385.0,835.0
385.0,731.0
385.0,389.0
385.0,712.0
385.0,154.0
385.0,646.0
385.0,559.0
385.0,986.0
385.0,745.0
386.0,17.0
386.0,1021.0
386.0,595.0
386.0,93.0
386.0,859.0
386.0,293.0
386.0,509.0
386.0,572.0
386.0,927.0
386.0,778.0
386.0,707.0
386.0,345.0
387.0,154.0
387.0,209.0
387.0,609.0
387.0,587.0
387.0,698.0
387.0,918.0
387.0,754.0
387.0,566.0
387.0,328.0
387.0,326.0
387.0,795.0
387.0,1000.0
388.0,390.0
388.0,116.0
388.0,190.0
388.0,899.0
388.0,215.0
388.0,718.0
388.0,580.0
388.0,641.0
388.0,181.0
388.0,925.0
388.0,80.0
388.0,192.0
389.0,380.0
389.0,319.0
389.0,318.0
389.0,887.0
389.0,839.0
389.0,1003.0
389.0,515.0
389.0,829.0
389.0,576.0
389.0,41.0
389.0,883.0
389.0,469.0
390.0,26.0
390.0,543.0
390.0,451.0
390.0,397.0
390.0,92.0
390.0,685.0
390.0,109.0
390.0,40.0
390.0,939.0
390.0,3.0
390.0,579.0
390.0,254.0
391.0,812.0
391.0,1018.0
391.0,553.0
391.0,60.0
391.0,541.0
391.0,472.0
391.0,453.0
391.0,916.0
391.0,9.0
391.0,643.0
391.0,479.0
391.0,787.0
392.0,994.0
392.0,277.0
392.0,52.0
392.0,356.0
392.0,420.0
392.0,565.0
392.0,141.0
392.0,324.0
392.0,721.0
392.0,20.0
392.0,302.0
392.0,49.0
393.0,643.0
393.0,772.0
393.0,730.0
393.0,411.0
393.0,353.0
393.0,260.0
393.0,935.0
393.0,183.0
393.0,569.0
393.0,548.0
393.0,634.0
393.0,1035.0
394.0,458.0
394.0,601.0
394.0,581.0
394.0,55.0
394.0,539.0
394.0,695.0
394.0,870.0
394.0,132.0
394.0,17.0
394.0,467.0
394.0,154.0
394.0,518.0
395.0,672.0
395.0,259.0
395.0,502.0
395.0,360.0
395.0,990.0
395.0,944.0
395.0,123.0
395.0,501.0
395.0,69.0
395.0,380.0
395.0,445.0
395.0,538.0
396.0,308.0
396.0,888.0
396.0,977.0
396.0,498.0
396.0,700.0
396.0,1030.0
396.0,395.0
396.0,208.0
396.0,988.0
396.0,505.0
396.0,829.0
396.0,356.0
397.0,467.0
397.0,241.0
397.0,583.0
397.0,545.0
397.0,967.0
397.0,845.0
397.0,842.0
397.0,207.0
397.0,305.0
397.0,689.0
397.0,19.0
397.0,179.0
398.0,10.0
398.0,693.0
398.0,796.0
398.0,768.0
398.0,437.0
398.0,675.0
398.0,715.0
398.0,24.0
398.0,278.0
398.0,240.0
398.0,662.0
398.0,930.0
399.0,916.0
399.0,207.0
399.0,55.0
399.0,535.0
399.0,22.0
399.0,929.0
399.0,2.0
399.0,465.0
399.0,854.0
399.0,4.0
399.0,858.0
399.0,831.0
400.0,811.0
400.0,967.0
400.0,456.0
400.0,239.0
400.0,185.0
400.0,929.0
400.0,722.0
400.0,968.0
400.0,993.0
400.0,162.0
400.0,95.0
400.0,110.0
401.0,443.0
401.0,258.0
401.0,645.0
401.0,890.0
401.0,123.0
401.0,160.0
401.0,475.0
401.0,507.0
401.0,55.0
401.0,510.0
401.0,752.0
401.0,286.0
402.0,296.0
402.0,745.0
402.0,638.0
402.0,730.0
402.0,158.0
402.0,810.0
402.0,482.0
402.0,875.0
402.0,621.0
402.0,212.0
402.0,383.0
402.0,619.0
403.0,16.0
403.0,947.0
403.0,681.0
403.0,914.0
403.0,596.0
403.0,626.0
403.0,114.0
403.0,520.0
403.0,43.0
403.0,563.0
403.0,727.0
403.0,1022.0
404.0,372.0
404.0,339.0
404.0,264.0
404.0,808.0
404.0,739.0
404.0,51.0
404.0,44.0
404.0,481.0
404.0,118.0
404.0,642.0
404.0,104.0
404.0,586.0
405.0,137.0
405.0,892.0
405.0,3.0
405.0,815.0
405.0,850.0
405.0,660.0
405.0,285.0
405.0,156.0
405.0,445.0
405.0,814.0
405.0,287.0
405.0,192.0
406.0,173.0
406.0,613.0
406.0,660.0
406.0,180.0
406.0,80.0
406.0,317.0
406.0,331.0
406.0,510.0
406.0,564.0
406.0,182.0
406.0,409.0
406.0,788.0
407.0,310.0
407.0,384.0
407.0,748.0
407.0,415.0
407.0,976.0
407.0,584.0
407.0,581.0
407.0,559.0
407.0,0.0
407.0,760.0
407.0,777.0
407.0,907.0
408.0,541.0
408.0,914.0
408.0,218.0
408.0,525.0
408.0,620.0
408.0,827.0
408.0,1003.0
408.0,997.0
408.0,878.0
408.0,729.0
408.0,23.0
408.0,128.0
409.0,957.0
409.0,317.0
409.0,108.0
409.0,269.0
409.0,142.0
409.0,385.0
409.0,591.0
409.0,146.0
409.0,613.0
409.0,726.0
409.0,831.0
409.0,644.0
410.0,940.0
410.0,215.0
410.0,256.0
410.0,172.0
410.0,953.0
410.0,84.0
410.0,932.0
410.0,268.0
410.0,31.0
410.0,379.0
410.0,929.0
410.0,817.0
411.0,290.0
411.0,105.0
411.0,643.0
411.0,239.0
411.0,681.0
411.0,743.0
411.0,651.0
411.0,779.0
411.0,327.0
411.0,24.0
411.0,131.0
411.0,302.0
412.0,919.0
412.0,645.0
412.0,540.0
412.0,992.0
412.0,913.0
412.0,69.0
412.0,444.0
412.0,226.0
412.0,724.0
412.0,893.0
412.0,107.0
412.0,826.0
413.0,28.0
413.0,209.0
413.0,64.0
413.0,139.0
413.0,564.0
413.0,595.0
413.0,328.0
413.0,778.0
413.0,433.0
413.0,781.0
413.0,685.0
413.0,878.0
414.0,168.0
414.0,584.0
414.0,944.0
414.0,853.0
414.0,592.0
414.0,571.0
414.0,531.0
414.0,695.0
414.0,15.0
414.0,740.0
414.0,165.0
414.0,42.0
415.0,267.0
415.0,566.0
415.0,874.0
415.0,412.0
415.0,9.0
415.0,367.0
415.0,430.0
415.0,309.0
415.0,618.0
415.0,408.0
415.0,607.0
415.0,419.0
416.0,36.0
416.0,746.0
416.0,95.0
416.0,575.0
416.0,753.0
416.0,360.0
416.0,830.0
416.0,915.0
416.0,842.0
416.0,428.0
416.0,529.0
416.0,946.0
417.0,123.0
417.0,365.0
417.0,896.0
417.0,238.0
417.0,903.0
417.0,469.0
417.0,846.0
417.0,724.0
417.0,1020.0
417.0,126.0
417.0,572.0
417.0,994.0
418.0,187.0
418.0,322.0
418.0,698.0
418.0,104.0
418.0,766.0
418.0,429.0
418.0,791.0
418.0,280.0
418.0,920.0
418.0,150.0
418.0,361.0
418.0,23.0
419.0,943.0
419.0,262.0
419.0,11.0
419.0,691.0
419.0,393.0
419.0,1032.0
419.0,827.0
419.0,75.0
419.0,247.0
419.0,417.0
419.0,444.0
419.0,819.0
420.0,501.0
420.0,75.0
420.0,1017.0
420.0,651.0
420.0,196.0
420.0,759.0
420.0,427.0
420.0,507.0
420.0,165.0
420.0,530.0
420.0,473.0
420.0,423.0
421.0,61.0
421.0,857.0
421.0,79.0
421.0,245.0
421.0,78.0
421.0,434.0
421.0,573.0
421.0,591.0
421.0,66.0
421.0,381.0
421.0,660.0
421.0,478.0
422.0,751.0
422.0,309.0
422.0,369.0
422.0,568.0
422.0,824.0
422.0,834.0
422.0,186.0
422.0,920.0
422.0,489.0
422.0,1010.0
422.0,76.0
422.0,503.0
423.0,994.0
423.0,440.0
423.0,252.0
423.0,522.0
423.0,25.0
423.0,146.0
423.0,892.0
423.0,41.0
423.0,330.0
423.0,203.0
423.0,292.0
423.0,232.0
424.0,87.0
424.0,916.0
424.0,1007.0
424.0,462.0
424.0,103.0
424.0,947.0
424.0,517.0
424.0,845.0
424.0,176.0
424.0,463.0
424.0,140.0
424.0,579.0
425.0,173.0
425.0,463.0
425.0,649.0
425.0,737.0
425.0,676.0
425.0,940.0
425.0,350.0
425.0,839.0
425.0,619.0
425.0,656.0
425.0,61.0
425.0,646.0
426.0,415.0
426.0,770.0
426.0,104.0
426.0,505.0
426.0,1003.0
426.0,822.0
426.0,517.0
426.0,329.0
426.0,603.0
426.0,784.0
426.0,326.0
426.0,418.0
427.0,431.0
427.0,648.0
427.0,363.0
427.0,159.0
427.0,856.0
427.0,250.0
427.0,540.0
427.0,368.0
427.0,193.0
427.0,583.0
427.0,1009.0
427.0,235.0
428.0,746.0
428.0,327.0
428.0,265.0
428.0,553.0
428.0,861.0
428.0,610.0
428.0,235.0
428.0,514.0
428.0,333.0
428.0,625.0
428.0,245.0
428.0,217.0
429.0,895.0
429.0,333.0
429.0,1000.0
429.0,506.0
429.0,267.0
429.0,85.0
429.0,882.0
429.0,193.0
429.0,329.0
429.0,682.0
429.0,517.0
429.0,549.0
430.0,159.0
430.0,884.0
430.0,136.0
430.0,860.0
430.0,773.0
430.0,405.0
430.0,565.0
430.0,620.0
430.0,531.0
430.0,684.0
430.0,912.0
430.0,970.0
431.0,799.0
431.0,793.0
431.0,964.0
431.0,517.0
431.0,1004.0
431.0,784.0
431.0,266.0
431.0,44.0
431.0,154.0
431.0,665.0
431.0,925.0
431.0,198.0
432.0,99.0
432.0,133.0
432.0,602.0
432.0,801.0
432.0,968.0
432.0,564.0
432.0,418.0
432.0,639.0
432.0,45.0
432.0,597.0
432.0,552.0
432.0,809.0
433.0,197.0
433.0,437.0
433.0,841.0
433.0,306.0
433.0,490.0
433.0,762.0
433.0,770.0
433.0,837.0
433.0,382.0
433.0,59.0
433.0,727.0
433.0,325.0
434.0,263.0
434.0,658.0
434.0,714.0
434.0,975.0
434.0,170.0
434.0,683.0
434.0,279.0
434.0,922.0
434.0,205.0
434.0,511.0
434.0,247.0
434.0,976.0
435.0,678.0
435.0,560.0
435.0,563.0
435.0,634.0
435.0,369.0
435.0,20.0
435.0,688.0
435.0,965.0
435.0,788.0
435.0,77.0
435.0,638.0
435.0,454.0
436.0,32.0
436.0,894.0
436.0,731.0
436.0,96.0
436.0,691.0
436.0,638.0
436.0,695.0
436.0,922.0
436.0,430.0
436.0,423.0
436.0,777.0
436.0,207.0
437.0,71.0
437.0,815.0
437.0,101.0
437.0,885.0
437.0,316.0
437.0,1002.0
437.0,467.0
437.0,209.0
437.0,10.0
437.0,872.0
437.0,798.0
437.0,629.0
438.0,895.0
438.0,712.0
438.0,15.0
438.0,1007.0
438.0,991.0
438.0,994.0
438.0,217.0
438.0,739.0
438.0,486.0
438.0,705.0
438.0,59.0
438.0,660.0
439.0,717.0
439.0,1002.0
439.0,374.0
439.0,314.0
439.0,42.0
439.0,802.0
439.0,113.0
439.0,926.0
439.0,1011.0
439.0,813.0
439.0,855.0
439.0,790.0
440.0,131.0
440.0,1031.0
440.0,19.0
440.0,370.0
440.0,907.0
440.0,691.0
440.0,944.0
440.0,112.0
440.0,1010.0
440.0,283.0
440.0,217.0
440.0,736.0
441.0,53.0
441.0,111.0
441.0,24.0
441.0,561.0
441.0,93.0
441.0,572.0
441.0,308.0
441.0,31.0
441.0,193.0
441.0,999.0
441.0,398.0
441.0,1.0
442.0,539.0
442.0,974.0
442.0,82.0
442.0,233.0
442.0,571.0
442.0,890.0
442.0,598.0
442.0,866.0
442.0,50.0
442.0,787.0
442.0,319.0
442.0,764.0
443.0,723.0
443.0,881.0
443.0,625.0
443.0,283.0
443.0,702.0
443.0,11.0
443.0,480.0
443.0,303.0
443.0,399.0
443.0,831.0
443.0,535.0
443.0,854.0
444.0,183.0
444.0,860.0
444.0,358.0
444.0,827.0
444.0,77.0
444.0,383.0
444.0,963.0
444.0,523.0
444.0,922.0
444.0,270.0
444.0,417.0
444.0,16.0
445.0,292.0
445.0,336.0
445.0,71.0
445.0,23.0
445.0,232.0
445.0,9.0
445.0,102.0
445.0,726.0
445.0,979.0
445.0,563.0
445.0,266.0
445.0,341.0
446.0,130.0
446.0,91.0
446.0,1004.0
446.0,778.0
446.0,57.0
446.0,309.0
446.0,345.0
446.0,162.0
446.0,993.0
446.0,293.0
446.0,354.0
446.0,540.0
447.0,532.0
447.0,650.0
447.0,779.0
447.0,163.0
447.0,191.0
447.0,623.0
447.0,322.0
447.0,519.0
447.0,910.0
447.0,272.0
447.0,346.0
447.0,528.0
448.0,262.0
448.0,403.0
448.0,468.0
448.0,936.0
448.0,365.0
448.0,613.0
448.0,311.0
448.0,637.0
448.0,270.0
448.0,798.0
448.0,947.0
448.0,460.0
449.0,694.0
449.0,948.0
449.0,545.0
449.0,561.0
449.0,248.0
449.0,845.0
449.0,506.0
449.0,887.0
449.0,778.0
449.0,232.0
449.0,629.0
449.0,609.0
450.0,724.0
450.0,953.0
450.0,613.0
450.0,475.0
450.0,745.0
450.0,691.0
450.0,468.0
450.0,385.0
450.0,169.0
450.0,188.0
450.0,725.0
450.0,296.0
451.0,230.0
451.0,192.0
451.0,762.0
451.0,709.0
451.0,314.0
451.0,390.0
451.0,316.0
451.0,92.0
451.0,685.0
451.0,325.0
451.0,904.0
451.0,351.0
452.0,1021.0
452.0,921.0
452.0,572.0
452.0,364.0
452.0,404.0
452.0,917.0
452.0,531.0
452.0,185.0
452.0,386.0
452.0,1011.0
452.0,252.0
452.0,871.0
453.0,77.0
453.0,300.0
453.0,228.0
453.0,344.0
453.0,219.0
453.0,910.0
453.0,60.0
453.0,891.0
453.0,873.0
453.0,9.0
453.0,431.0
453.0,366.0
454.0,908.0
454.0,688.0
454.0,74.0
454.0,118.0
454.0,202.0
454.0,744.0
454.0,346.0
454.0,393.0
454.0,1030.0
454.0,779.0
454.0,743.0
454.0,171.0
455.0,960.0
455.0,169.0
455.0,122.0
455.0,642.0
455.0,931.0
455.0,1030.0
455.0,524.0
455.0,1005.0
455.0,609.0
455.0,149.0
455.0,242.0
455.0,743.0
456.0,773.0
456.0,449.0
456.0,95.0
456.0,728.0
456.0,126.0
456.0,879.0
456.0,927.0
456.0,17.0
456.0,117.0
456.0,110.0
456.0,988.0
456.0,873.0
457.0,590.0
457.0,60.0
457.0,1018.0
457.0,742.0
457.0,324.0
457.0,479.0
457.0,472.0
457.0,165.0
457.0,286.0
457.0,171.0
457.0,1028.0
457.0,751.0
458.0,146.0
458.0,469.0
458.0,327.0
458.0,209.0
458.0,695.0
458.0,934.0
458.0,878.0
458.0,813.0
458.0,699.0
458.0,314.0
458.0,54.0
458.0,561.0
459.0,270.0
459.0,564.0
459.0,800.0
459.0,957.0
459.0,872.0
459.0,782.0
459.0,831.0
459.0,885.0
459.0,676.0
459.0,903.0
459.0,613.0
459.0,311.0
460.0,370.0
460.0,490.0
460.0,318.0
460.0,956.0
460.0,213.0
460.0,336.0
460.0,397.0
460.0,6.0
460.0,660.0
460.0,296.0
460.0,923.0
460.0,9.0
461.0,855.0
461.0,498.0
461.0,823.0
461.0,286.0
461.0,904.0
461.0,722.0
461.0,341.0
461.0,354.0
461.0,248.0
461.0,572.0
461.0,17.0
461.0,632.0
462.0,414.0
462.0,290.0
462.0,449.0
462.0,102.0
462.0,805.0
462.0,862.0
462.0,754.0
462.0,684.0
462.0,259.0
462.0,996.0
462.0,1012.0
462.0,605.0
463.0,592.0
463.0,130.0
463.0,221.0
463.0,12.0
463.0,744.0
463.0,425.0
463.0,281.0
463.0,530.0
463.0,466.0
463.0,545.0
463.0,373.0
463.0,427.0
464.0,566.0
464.0,319.0
464.0,407.0
464.0,265.0
464.0,178.0
464.0,962.0
464.0,978.0
464.0,960.0
464.0,848.0
464.0,1018.0
464.0,875.0
464.0,478.0
465.0,833.0
465.0,355.0
465.0,780.0
465.0,135.0
465.0,985.0
465.0,29.0
465.0,536.0
465.0,2.0
465.0,775.0
465.0,928.0
465.0,247.0
465.0,208.0
466.0,625.0
466.0,954.0
466.0,1020.0
466.0,130.0
466.0,1031.0
466.0,662.0
466.0,832.0
466.0,959.0
466.0,718.0
466.0,83.0
466.0,828.0
466.0,894.0
467.0,728.0
467.0,259.0
467.0,209.0
467.0,904.0
467.0,314.0
467.0,988.0
467.0,1012.0
467.0,939.0
467.0,948.0
467.0,239.0
467.0,614.0
467.0,756.0
468.0,387.0
468.0,282.0
468.0,66.0
468.0,903.0
468.0,510.0
468.0,262.0
468.0,911.0
468.0,143.0
468.0,645.0
468.0,210.0
468.0,797.0
468.0,534.0
469.0,230.0
469.0,726.0
469.0,719.0
469.0,142.0
469.0,132.0
469.0,248.0
469.0,389.0
469.0,934.0
469.0,96.0
469.0,290.0
469.0,632.0
469.0,153.0
470.0,847.0
470.0,830.0
470.0,215.0
470.0,492.0
470.0,523.0
470.0,466.0
470.0,373.0
470.0,182.0
470.0,839.0
470.0,188.0
470.0,974.0
470.0,944.0
471.0,948.0
471.0,845.0
471.0,46.0
471.0,506.0
471.0,704.0
471.0,49.0
471.0,45.0
471.0,476.0
471.0,124.0
471.0,657.0
471.0,1018.0
471.0,429.0
472.0,785.0
472.0,729.0
472.0,38.0
472.0,946.0
472.0,479.0
472.0,565.0
472.0,261.0
472.0,674.0
472.0,126.0
472.0,959.0
472.0,789.0
472.0,1013.0
473.0,428.0
473.0,290.0
473.0,283.0
473.0,728.0
473.0,210.0
473.0,434.0
473.0,224.0
473.0,119.0
473.0,620.0
473.0,994.0
473.0,65.0
473.0,928.0
474.0,93.0
474.0,386.0
474.0,663.0
474.0,284.0
474.0,233.0
474.0,693.0
474.0,85.0
474.0,859.0
474.0,1.0
474.0,917.0
474.0,763.0
474.0,968.0
475.0,831.0
475.0,193.0
475.0,78.0
475.0,59.0
475.0,989.0
475.0,98.0
475.0,412.0
475.0,682.0
475.0,153.0
475.0,407.0
475.0,888.0
475.0,799.0
476.0,703.0
476.0,695.0
476.0,710.0
476.0,214.0
476.0,165.0
476.0,400.0
476.0,429.0
476.0,293.0
476.0,731.0
476.0,471.0
476.0,255.0
476.0,677.0
477.0,180.0
477.0,573.0
477.0,266.0
477.0,409.0
477.0,282.0
477.0,42.0
477.0,128.0
477.0,628.0
477.0,66.0
477.0,930.0
477.0,174.0
477.0,1020.0
478.0,90.0
478.0,534.0
478.0,585.0
478.0,122.0
478.0,308.0
478.0,573.0
478.0,78.0
478.0,826.0
478.0,911.0
478.0,528.0
478.0,925.0
478.0,174.0
479.0,332.0
479.0,25.0
479.0,91.0
479.0,104.0
479.0,853.0
479.0,932.0
479.0,491.0
479.0,98.0
479.0,690.0
479.0,756.0
479.0,781.0
479.0,78.0
480.0,478.0
480.0,465.0
480.0,504.0
480.0,385.0
480.0,116.0
480.0,358.0
480.0,107.0
480.0,810.0
480.0,379.0
480.0,775.0
480.0,854.0
480.0,661.0
481.0,941.0
481.0,205.0
481.0,75.0
481.0,25.0
481.0,153.0
481.0,546.0
481.0,61.0
481.0,491.0
481.0,563.0
481.0,513.0
481.0,629.0
481.0,211.0
482.0,24.0
482.0,913.0
482.0,837.0
482.0,514.0
482.0,187.0
482.0,228.0
482.0,871.0
482.0,541.0
482.0,758.0
482.0,78.0
482.0,103.0
482.0,464.0
483.0,219.0
483.0,541.0
483.0,77.0
483.0,747.0
483.0,507.0
483.0,383.0
483.0,880.0
483.0,799.0
483.0,932.0
483.0,412.0
483.0,369.0
483.0,1009.0
484.0,328.0
484.0,728.0
484.0,576.0
484.0,68.0
484.0,28.0
484.0,413.0
484.0,48.0
484.0,892.0
484.0,712.0
484.0,537.0
484.0,397.0
484.0,212.0
485.0,622.0
485.0,293.0
485.0,838.0
485.0,498.0
485.0,639.0
485.0,426.0
485.0,767.0
485.0,94.0
485.0,429.0
485.0,428.0
485.0,360.0
485.0,1017.0
486.0,739.0
486.0,61.0
486.0,932.0
486.0,967.0
486.0,527.0
486.0,836.0
486.0,624.0
486.0,95.0
486.0,244.0
486.0,214.0
486.0,25.0
486.0,415.0
487.0,839.0
487.0,270.0
487.0,724.0
487.0,419.0
487.0,782.0
487.0,142.0
487.0,854.0
487.0,613.0
487.0,819.0
487.0,234.0
487.0,65.0
487.0,893.0
488.0,136.0
488.0,668.0
488.0,460.0
488.0,207.0
488.0,362.0
488.0,405.0
488.0,1034.0
488.0,98.0
488.0,716.0
488.0,963.0
488.0,957.0
488.0,262.0
489.0,485.0
489.0,402.0
489.0,271.0
489.0,369.0
489.0,344.0
489.0,294.0
489.0,52.0
489.0,74.0
489.0,683.0
489.0,60.0
489.0,257.0
489.0,187.0
490.0,857.0
490.0,945.0
490.0,611.0
490.0,958.0
490.0,518.0
490.0,681.0
490.0,341.0
490.0,941.0
490.0,451.0
490.0,868.0
490.0,1023.0
490.0,735.0
491.0,1019.0
491.0,614.0
491.0,795.0
491.0,880.0
491.0,473.0
491.0,261.0
491.0,699.0
491.0,744.0
491.0,970.0
491.0,556.0
491.0,192.0
491.0,428.0
492.0,655.0
492.0,715.0
492.0,742.0
492.0,721.0
492.0,950.0
492.0,749.0
492.0,418.0
492.0,927.0
492.0,926.0
492.0,984.0
492.0,743.0
492.0,838.0
493.0,466.0
493.0,311.0
493.0,944.0
493.0,553.0
493.0,545.0
493.0,374.0
493.0,231.0
493.0,412.0
493.0,235.0
493.0,953.0
493.0,69.0
493.0,66.0
494.0,414.0
494.0,874.0
494.0,642.0
494.0,42.0
494.0,756.0
494.0,925.0
494.0,1012.0
494.0,361.0
494.0,360.0
494.0,969.0
494.0,949.0
494.0,228.0
495.0,653.0
495.0,551.0
495.0,696.0
495.0,223.0
495.0,851.0
495.0,449.0
495.0,376.0
495.0,103.0
495.0,886.0
495.0,728.0
495.0,14.0
495.0,503.0
496.0,928.0
496.0,661.0
496.0,105.0
496.0,901.0
496.0,287.0
496.0,952.0
496.0,504.0
496.0,310.0
496.0,245.0
496.0,555.0
496.0,560.0
496.0,1010.0
497.0,739.0
497.0,853.0
497.0,477.0
497.0,155.0
497.0,165.0
497.0,637.0
497.0,852.0
497.0,805.0
497.0,925.0
497.0,944.0
497.0,667.0
497.0,427.0
498.0,404.0
498.0,829.0
498.0,485.0
498.0,521.0
498.0,812.0
498.0,643.0
498.0,94.0
498.0,861.0
498.0,905.0
498.0,991.0
498.0,112.0
498.0,38.0
499.0,330.0
499.0,176.0
499.0,95.0
499.0,359.0
499.0,923.0
499.0,131.0
499.0,863.0
499.0,473.0
499.0,266.0
499.0,877.0
499.0,712.0
499.0,795.0
500.0,389.0
500.0,87.0
500.0,334.0
500.0,102.0
500.0,230.0
500.0,123.0
500.0,299.0
500.0,401.0
500.0,913.0
500.0,922.0
500.0,941.0
500.0,164.0
501.0,56.0
501.0,438.0
501.0,681.0
501.0,332.0
501.0,975.0
501.0,1006.0
501.0,668.0
501.0,407.0
501.0,78.0
501.0,513.0
501.0,964.0
501.0,500.0
502.0,367.0
502.0,901.0
502.0,905.0
502.0,141.0
502.0,807.0
502.0,105.0
502.0,550.0
502.0,743.0
502.0,251.0
502.0,1018.0
502.0,795.0
502.0,1003.0
503.0,905.0
503.0,67.0
503.0,728.0
503.0,47.0
503.0,78.0
503.0,233.0
503.0,719.0
503.0,114.0
503.0,700.0
503.0,840.0
503.0,812.0
503.0,609.0
504.0,331.0
504.0,785.0
504.0,463.0
504.0,497.0
504.0,176.0
504.0,261.0
504.0,701.0
504.0,352.0
504.0,89.0
504.0,844.0
504.0,884.0
504.0,996.0
505.0,49.0
505.0,14.0
505.0,124.0
505.0,130.0
505.0,333.0
505.0,298.0
505.0,988.0
505.0,821.0
505.0,864.0
505.0,429.0
505.0,578.0
505.0,319.0
506.0,432.0
506.0,994.0
506.0,105.0
506.0,801.0
506.0,199.0
506.0,517.0
506.0,927.0
506.0,1019.0
506.0,345.0
506.0,1033.0
506.0,766.0
506.0,982.0
507.0,455.0
507.0,79.0
507.0,370.0
507.0,213.0
507.0,599.0
507.0,70.0
507.0,463.0
507.0,295.0
507.0,496.0
507.0,620.0
507.0,838.0
507.0,913.0
508.0,535.0
508.0,238.0
508.0,1032.0
508.0,13.0
508.0,523.0
508.0,746.0
508.0,827.0
508.0,754.0
508.0,444.0
508.0,90.0
508.0,752.0
508.0,893.0
509.0,916.0
509.0,966.0
509.0,131.0
509.0,999.0
509.0,1008.0
509.0,705.0
509.0,9.0
509.0,550.0
509.0,259.0
509.0,791.0
509.0,927.0
509.0,456.0
510.0,409.0
510.0,839.0
510.0,204.0
510.0,998.0
510.0,879.0
510.0,59.0
510.0,358.0
510.0,126.0
510.0,854.0
510.0,210.0
510.0,307.0
510.0,919.0
511.0,824.0
511.0,848.0
511.0,618.0
511.0,981.0
511.0,83.0
511.0,719.0
511.0,323.0
511.0,393.0
511.0,919.0
511.0,368.0
511.0,384.0
511.0,881.0
512.0,683.0
512.0,513.0
512.0,584.0
512.0,501.0
512.0,598.0
512.0,975.0
512.0,530.0
512.0,707.0
512.0,558.0
512.0,440.0
512.0,408.0
512.0,913.0
513.0,1003.0
513.0,925.0
513.0,127.0
513.0,85.0
513.0,687.0
513.0,538.0
513.0,738.0
513.0,1019.0
513.0,514.0
513.0,1007.0
513.0,933.0
513.0,961.0
514.0,530.0
514.0,252.0
514.0,954.0
514.0,224.0
514.0,454.0
514.0,974.0
514.0,581.0
514.0,678.0
514.0,834.0
514.0,157.0
514.0,516.0
514.0,573.0
515.0,205.0
515.0,330.0
515.0,127.0
515.0,445.0
515.0,369.0
515.0,869.0
515.0,853.0
515.0,52.0
515.0,259.0
515.0,159.0
515.0,847.0
515.0,204.0
516.0,710.0
516.0,642.0
516.0,700.0
516.0,690.0
516.0,496.0
516.0,260.0
516.0,948.0
516.0,208.0
516.0,435.0
516.0,695.0
516.0,625.0
516.0,926.0
517.0,994.0
517.0,247.0
517.0,438.0
517.0,259.0
517.0,280.0
517.0,557.0
517.0,587.0
517.0,647.0
517.0,770.0
517.0,404.0
517.0,25.0
517.0,318.0
518.0,439.0
518.0,715.0
518.0,614.0
518.0,624.0
518.0,791.0
518.0,934.0
518.0,706.0
518.0,616.0
518.0,930.0
518.0,129.0
518.0,760.0
518.0,749.0
519.0,780.0
519.0,291.0
519.0,96.0
519.0,952.0
519.0,687.0
519.0,810.0
519.0,741.0
519.0,39.0
519.0,525.0
519.0,548.0
519.0,583.0
519.0,758.0
520.0,388.0
520.0,153.0
520.0,139.0
520.0,375.0
520.0,152.0
520.0,413.0
520.0,680.0
520.0,595.0
520.0,685.0
520.0,606.0
520.0,957.0
520.0,283.0
521.0,345.0
521.0,988.0
521.0,293.0
521.0,1014.0
521.0,395.0
521.0,400.0
521.0,818.0
521.0,99.0
521.0,347.0
521.0,694.0
521.0,432.0
521.0,137.0
522.0,119.0
522.0,214.0
522.0,27.0
522.0,479.0
522.0,418.0
522.0,44.0
522.0,286.0
522.0,317.0
522.0,666.0
522.0,803.0
522.0,874.0
522.0,597.0
523.0,205.0
523.0,804.0
523.0,618.0
523.0,61.0
523.0,501.0
523.0,691.0
523.0,480.0
523.0,427.0
523.0,318.0
523.0,846.0
523.0,218.0
523.0,475.0
524.0,971.0
524.0,243.0
524.0,863.0
524.0,716.0
524.0,940.0
524.0,920.0
524.0,56.0
524.0,332.0
524.0,514.0
524.0,629.0
524.0,515.0
524.0,659.0
525.0,749.0
525.0,650.0
525.0,764.0
525.0,51.0
525.0,623.0
525.0,671.0
525.0,697.0
525.0,1017.0
525.0,977.0
525.0,655.0
525.0,442.0
525.0,366.0
526.0,615.0
526.0,136.0
526.0,583.0
526.0,831.0
526.0,843.0
526.0,508.0
526.0,649.0
526.0,425.0
526.0,405.0
526.0,857.0
526.0,757.0
526.0,54.0
527.0,140.0
527.0,627.0
527.0,449.0
527.0,456.0
527.0,707.0
527.0,364.0
527.0,628.0
527.0,95.0
527.0,890.0
527.0,781.0
527.0,216.0
527.0,556.0
528.0,238.0
528.0,421.0
528.0,415.0
528.0,11.0
528.0,90.0
528.0,940.0
528.0,592.0
528.0,535.0
528.0,425.0
528.0,388.0
528.0,816.0
528.0,553.0
529.0,1010.0
529.0,525.0
529.0,653.0
529.0,392.0
529.0,429.0
529.0,697.0
529.0,49.0
529.0,255.0
529.0,864.0
529.0,736.0
529.0,593.0
529.0,79.0
530.0,853.0
530.0,341.0
530.0,664.0
530.0,715.0
530.0,860.0
530.0,475.0
530.0,862.0
530.0,374.0
530.0,512.0
530.0,615.0
530.0,640.0
530.0,874.0
531.0,456.0
531.0,298.0
531.0,310.0
531.0,994.0
531.0,733.0
531.0,765.0
531.0,978.0
531.0,512.0
531.0,995.0
531.0,317.0
531.0,607.0
531.0,731.0
532.0,873.0
532.0,875.0
532.0,761.0
532.0,971.0
532.0,936.0
532.0,570.0
532.0,213.0
532.0,638.0
532.0,417.0
532.0,714.0
532.0,39.0
532.0,183.0
533.0,658.0
533.0,662.0
533.0,522.0
533.0,352.0
533.0,537.0
533.0,23.0
533.0,380.0
533.0,78.0
533.0,287.0
533.0,697.0
533.0,1018.0
533.0,837.0
534.0,937.0
534.0,980.0
534.0,888.0
534.0,68.0
534.0,89.0
534.0,975.0
534.0,143.0
534.0,209.0
534.0,431.0
534.0,794.0
534.0,564.0
534.0,21.0
535.0,791.0
535.0,656.0
535.0,96.0
535.0,536.0
535.0,752.0
535.0,619.0
535.0,148.0
535.0,563.0
535.0,569.0
535.0,986.0
535.0,212.0
535.0,44.0
536.0,434.0
536.0,781.0
536.0,637.0
536.0,74.0
536.0,84.0
536.0,119.0
536.0,507.0
536.0,115.0
536.0,874.0
536.0,13.0
536.0,985.0
536.0,875.0
537.0,624.0
537.0,1020.0
537.0,782.0
537.0,462.0
537.0,707.0
537.0,609.0
537.0,1012.0
537.0,66.0
537.0,244.0
537.0,460.0
537.0,189.0
537.0,890.0
538.0,157.0
538.0,767.0
538.0,710.0
538.0,667.0
538.0,969.0
538.0,180.0
538.0,19.0
538.0,980.0
538.0,970.0
538.0,396.0
538.0,829.0
538.0,903.0
539.0,208.0
539.0,215.0
539.0,25.0
539.0,216.0
539.0,332.0
539.0,543.0
539.0,961.0
539.0,835.0
539.0,103.0
539.0,890.0
539.0,467.0
539.0,4.0
540.0,135.0
540.0,964.0
540.0,290.0
540.0,895.0
540.0,667.0
540.0,1020.0
540.0,330.0
540.0,753.0
540.0,879.0
540.0,549.0
540.0,706.0
540.0,431.0
541.0,753.0
541.0,420.0
541.0,434.0
541.0,191.0
541.0,344.0
541.0,594.0
541.0,231.0
541.0,103.0
541.0,337.0
541.0,969.0
541.0,636.0
541.0,820.0
542.0,681.0
542.0,211.0
542.0,123.0
542.0,434.0
542.0,862.0
542.0,705.0
542.0,863.0
542.0,586.0
542.0,329.0
542.0,939.0
542.0,738.0
542.0,755.0
543.0,167.0
543.0,464.0
543.0,479.0
543.0,1006.0
543.0,156.0
543.0,126.0
543.0,938.0
543.0,660.0
543.0,837.0
543.0,933.0
543.0,15.0
543.0,532.0
544.0,223.0
544.0,714.0
544.0,674.0
544.0,653.0
544.0,536.0
544.0,453.0
544.0,622.0
544.0,72.0
544.0,323.0
544.0,916.0
544.0,949.0
544.0,751.0
545.0,769.0
545.0,574.0
545.0,565.0
545.0,712.0
545.0,154.0
545.0,609.0
545.0,417.0
545.0,900.0
545.0,829.0
545.0,883.0
545.0,684.0
545.0,359.0
546.0,922.0
546.0,280.0
546.0,9.0
546.0,696.0
546.0,1007.0
546.0,651.0
546.0,997.0
546.0,907.0
546.0,944.0
546.0,150.0
546.0,220.0
546.0,383.0
547.0,906.0
547.0,887.0
547.0,227.0
547.0,492.0
547.0,837.0
547.0,977.0
547.0,779.0
547.0,864.0
547.0,322.0
547.0,4.0
547.0,982.0
547.0,329.0
548.0,83.0
548.0,410.0
548.0,900.0
548.0,619.0
548.0,780.0
548.0,990.0
548.0,944.0
548.0,268.0
548.0,532.0
548.0,47.0
548.0,610.0
548.0,440.0
549.0,360.0
549.0,801.0
549.0,168.0
549.0,791.0
549.0,216.0
549.0,932.0
549.0,354.0
549.0,87.0
549.0,682.0
549.0,492.0
549.0,366.0
549.0,70.0
550.0,853.0
550.0,622.0
550.0,61.0
550.0,445.0
550.0,288.0
550.0,877.0
550.0,573.0
550.0,204.0
550.0,494.0
550.0,755.0
550.0,942.0
550.0,919.0
551.0,905.0
551.0,167.0
551.0,1028.0
551.0,95.0
551.0,376.0
551.0,547.0
551.0,195.0
551.0,277.0
551.0,392.0
551.0,915.0
551.0,812.0
551.0,295.0
552.0,996.0
552.0,701.0
552.0,163.0
552.0,1012.0
552.0,244.0
552.0,276.0
552.0,818.0
552.0,710.0
552.0,414.0
552.0,584.0
552.0,933.0
552.0,991.0
553.0,515.0
553.0,830.0
553.0,884.0
553.0,279.0
553.0,1031.0
553.0,187.0
553.0,991.0
553.0,523.0
553.0,846.0
553.0,307.0
553.0,777.0
553.0,921.0
554.0,1035.0
554.0,33.0
554.0,165.0
554.0,1019.0
554.0,933.0
554.0,803.0
554.0,127.0
554.0,357.0
554.0,969.0
554.0,504.0
554.0,565.0
554.0,204.0
555.0,260.0
555.0,246.0
555.0,538.0
555.0,886.0
555.0,963.0
555.0,780.0
555.0,18.0
555.0,928.0
555.0,673.0
555.0,633.0
555.0,544.0
555.0,283.0
556.0,243.0
556.0,732.0
556.0,430.0
556.0,157.0
556.0,853.0
556.0,712.0
556.0,479.0
556.0,707.0
556.0,61.0
556.0,668.0
556.0,1007.0
556.0,637.0
557.0,733.0
557.0,82.0
557.0,301.0
557.0,795.0
557.0,317.0
557.0,651.0
557.0,612.0
557.0,171.0
557.0,734.0
557.0,851.0
557.0,991.0
557.0,366.0
558.0,154.0
558.0,473.0
558.0,913.0
558.0,515.0
558.0,839.0
558.0,845.0
558.0,973.0
558.0,1031.0
558.0,308.0
558.0,788.0
558.0,748.0
558.0,736.0
559.0,605.0
559.0,69.0
559.0,534.0
559.0,384.0
559.0,279.0
559.0,357.0
559.0,645.0
559.0,57.0
559.0,127.0
559.0,592.0
559.0,436.0
559.0,752.0
560.0,538.0
560.0,650.0
560.0,416.0
560.0,335.0
560.0,1017.0
560.0,909.0
560.0,72.0
560.0,817.0
560.0,295.0
560.0,610.0
560.0,597.0
560.0,453.0
561.0,763.0
561.0,130.0
561.0,97.0
561.0,627.0
561.0,342.0
561.0,579.0
561.0,101.0
561.0,872.0
561.0,108.0
561.0,968.0
561.0,685.0
561.0,527.0
562.0,799.0
562.0,269.0
562.0,350.0
562.0,468.0
562.0,417.0
562.0,774.0
562.0,832.0
562.0,6.0
562.0,311.0
562.0,843.0
562.0,938.0
562.0,477.0
563.0,684.0
563.0,574.0
563.0,136.0
563.0,300.0
563.0,0.0
563.0,978.0
563.0,331.0
563.0,866.0
563.0,777.0
563.0,359.0
563.0,9.0
563.0,372.0
564.0,553.0
564.0,253.0
564.0,68.0
564.0,844.0
564.0,596.0
564.0,934.0
564.0,144.0
564.0,874.0
564.0,102.0
564.0,819.0
564.0,1022.0
564.0,512.0
565.0,370.0
565.0,835.0
565.0,692.0
565.0,823.0
565.0,125.0
565.0,553.0
565.0,75.0
565.0,884.0
565.0,600.0
565.0,554.0
565.0,672.0
565.0,586.0
566.0,889.0
566.0,682.0
566.0,692.0
566.0,994.0
566.0,172.0
566.0,440.0
566.0,984.0
566.0,163.0
566.0,445.0
566.0,658.0
566.0,894.0
566.0,979.0
567.0,999.0
567.0,426.0
567.0,1020.0
567.0,187.0
567.0,62.0
567.0,349.0
567.0,904.0
567.0,607.0
567.0,132.0
567.0,249.0
567.0,691.0
567.0,518.0
568.0,472.0
568.0,692.0
568.0,105.0
568.0,909.0
568.0,579.0
568.0,514.0
568.0,34.0
568.0,851.0
568.0,495.0
568.0,14.0
568.0,838.0
568.0,695.0
569.0,399.0
569.0,272.0
569.0,810.0
569.0,263.0
569.0,1032.0
569.0,962.0
569.0,379.0
569.0,940.0
569.0,858.0
569.0,1005.0
569.0,721.0
569.0,646.0
570.0,353.0
570.0,909.0
570.0,901.0
570.0,513.0
570.0,138.0
570.0,44.0
570.0,242.0
570.0,496.0
570.0,747.0
570.0,110.0
570.0,997.0
570.0,886.0
571.0,932.0
571.0,41.0
571.0,211.0
571.0,334.0
571.0,737.0
571.0,304.0
571.0,629.0
571.0,887.0
571.0,795.0
571.0,587.0
571.0,545.0
571.0,921.0
572.0,1021.0
572.0,158.0
572.0,602.0
572.0,177.0
572.0,371.0
572.0,386.0
572.0,927.0
572.0,276.0
572.0,187.0
572.0,140.0
572.0,693.0
572.0,261.0
573.0,106.0
573.0,484.0
573.0,148.0
573.0,416.0
573.0,243.0
573.0,559.0
573.0,254.0
573.0,59.0
573.0,630.0
573.0,1000.0
573.0,342.0
573.0,235.0
574.0,583.0
574.0,537.0
574.0,279.0
574.0,667.0
574.0,623.0
574.0,932.0
574.0,501.0
574.0,795.0
574.0,900.0
574.0,668.0
574.0,468.0
574.0,863.0
575.0,119.0
575.0,525.0
575.0,462.0
575.0,815.0
575.0,367.0
575.0,208.0
575.0,932.0
575.0,942.0
575.0,662.0
575.0,514.0
575.0,330.0
575.0,571.0
576.0,934.0
576.0,956.0
576.0,341.0
576.0,813.0
576.0,615.0
576.0,477.0
576.0,12.0
576.0,111.0
576.0,616.0
576.0,664.0
576.0,329.0
576.0,573.0
577.0,565.0
577.0,710.0
577.0,1029.0
577.0,70.0
577.0,738.0
577.0,949.0
577.0,1004.0
577.0,541.0
577.0,533.0
577.0,51.0
577.0,794.0
577.0,4.0
578.0,242.0
578.0,503.0
578.0,214.0
578.0,336.0
578.0,525.0
578.0,655.0
578.0,20.0
578.0,219.0
578.0,422.0
578.0,808.0
578.0,1018.0
578.0,227.0
579.0,461.0
579.0,24.0
579.0,78.0
579.0,185.0
579.0,467.0
579.0,575.0
579.0,778.0
579.0,871.0
579.0,395.0
579.0,162.0
579.0,438.0
579.0,242.0
580.0,797.0
580.0,819.0
580.0,804.0
580.0,938.0
580.0,673.0
580.0,543.0
580.0,775.0
580.0,860.0
580.0,752.0
580.0,723.0
580.0,381.0
580.0,857.0
581.0,327.0
581.0,803.0
581.0,764.0
581.0,313.0
581.0,242.0
581.0,900.0
581.0,950.0
581.0,50.0
581.0,292.0
581.0,516.0
581.0,851.0
581.0,115.0
582.0,912.0
582.0,631.0
582.0,205.0
582.0,35.0
582.0,60.0
582.0,492.0
582.0,289.0
582.0,916.0
582.0,138.0
582.0,323.0
582.0,688.0
582.0,738.0
583.0,954.0
583.0,1029.0
583.0,992.0
583.0,842.0
583.0,722.0
583.0,903.0
583.0,976.0
583.0,624.0
583.0,981.0
583.0,267.0
583.0,866.0
583.0,839.0
584.0,51.0
584.0,664.0
584.0,553.0
584.0,309.0
584.0,830.0
584.0,299.0
584.0,313.0
584.0,961.0
584.0,979.0
584.0,683.0
584.0,261.0
584.0,44.0
585.0,827.0
585.0,884.0
585.0,64.0
585.0,460.0
585.0,986.0
585.0,981.0
585.0,116.0
585.0,86.0
585.0,406.0
585.0,305.0
585.0,350.0
585.0,641.0
586.0,883.0
586.0,837.0
586.0,491.0
586.0,970.0
586.0,1023.0
586.0,418.0
586.0,290.0
586.0,514.0
586.0,503.0
586.0,210.0
586.0,462.0
586.0,856.0
587.0,846.0
587.0,972.0
587.0,801.0
587.0,579.0
587.0,822.0
587.0,41.0
587.0,791.0
587.0,350.0
587.0,93.0
587.0,705.0
587.0,509.0
587.0,868.0
588.0,669.0
588.0,814.0
588.0,617.0
588.0,320.0
588.0,152.0
588.0,190.0
588.0,912.0
588.0,184.0
588.0,841.0
588.0,139.0
588.0,262.0
588.0,321.0
589.0,379.0
589.0,2.0
589.0,7.0
589.0,219.0
589.0,983.0
589.0,265.0
589.0,761.0
589.0,946.0
589.0,213.0
589.0,303.0
589.0,116.0
589.0,443.0
590.0,849.0
590.0,172.0
590.0,634.0
590.0,945.0
590.0,908.0
590.0,764.0
590.0,954.0
590.0,39.0
590.0,256.0
590.0,848.0
590.0,271.0
590.0,74.0
591.0,953.0
591.0,534.0
591.0,814.0
591.0,447.0
591.0,250.0
591.0,555.0
591.0,956.0
591.0,752.0
591.0,90.0
591.0,826.0
591.0,174.0
591.0,986.0
592.0,665.0
592.0,911.0
592.0,98.0
592.0,524.0
592.0,620.0
592.0,662.0
592.0,625.0
592.0,618.0
592.0,61.0
592.0,431.0
592.0,777.0
592.0,361.0
593.0,335.0
593.0,53.0
593.0,663.0
593.0,918.0
593.0,575.0
593.0,293.0
593.0,132.0
593.0,386.0
593.0,579.0
593.0,904.0
593.0,93.0
593.0,329.0
594.0,250.0
594.0,104.0
594.0,507.0
594.0,466.0
594.0,565.0
594.0,560.0
594.0,586.0
594.0,1020.0
594.0,44.0
594.0,407.0
594.0,889.0
594.0,954.0
595.0,164.0
595.0,127.0
595.0,774.0
595.0,872.0
595.0,726.0
595.0,632.0
595.0,841.0
595.0,269.0
595.0,735.0
595.0,413.0
595.0,1011.0
595.0,679.0
596.0,934.0
596.0,321.0
596.0,895.0
596.0,48.0
596.0,708.0
596.0,309.0
596.0,955.0
596.0,926.0
596.0,715.0
596.0,748.0
596.0,867.0
596.0,615.0
597.0,803.0
597.0,400.0
597.0,94.0
597.0,494.0
597.0,1003.0
597.0,732.0
597.0,922.0
597.0,905.0
597.0,486.0
597.0,507.0
597.0,187.0
597.0,740.0
598.0,290.0
598.0,415.0
598.0,135.0
598.0,24.0
598.0,408.0
598.0,970.0
598.0,772.0
598.0,609.0
598.0,363.0
598.0,222.0
598.0,96.0
598.0,787.0
599.0,302.0
599.0,356.0
599.0,665.0
599.0,222.0
599.0,961.0
599.0,554.0
599.0,245.0
599.0,91.0
599.0,787.0
599.0,662.0
599.0,73.0
599.0,959.0
600.0,485.0
600.0,104.0
600.0,277.0
600.0,495.0
600.0,789.0
600.0,697.0
600.0,415.0
600.0,977.0
600.0,300.0
600.0,599.0
600.0,181.0
600.0,422.0
601.0,930.0
601.0,767.0
601.0,458.0
601.0,230.0
601.0,509.0
601.0,262.0
601.0,150.0
601.0,868.0
601.0,939.0
601.0,587.0
601.0,709.0
601.0,316.0
602.0,934.0
602.0,823.0
602.0,521.0
602.0,432.0
602.0,239.0
602.0,864.0
602.0,5.0
602.0,766.0
602.0,103.0
602.0,426.0
602.0,345.0
602.0,811.0
603.0,91.0
603.0,1000.0
603.0,102.0
603.0,1006.0
603.0,220.0
603.0,553.0
603.0,363.0
603.0,530.0
603.0,301.0
603.0,509.0
603.0,813.0
603.0,895.0
604.0,715.0
604.0,756.0
604.0,593.0
604.0,617.0
604.0,841.0
604.0,92.0
604.0,762.0
604.0,132.0
604.0,540.0
604.0,41.0
604.0,515.0
604.0,114.0
605.0,320.0
605.0,749.0
605.0,259.0
605.0,131.0
605.0,887.0
605.0,1031.0
605.0,862.0
605.0,539.0
605.0,945.0
605.0,870.0
605.0,198.0
605.0,597.0
606.0,28.0
606.0,980.0
606.0,841.0
606.0,802.0
606.0,576.0
606.0,4.0
606.0,439.0
606.0,451.0
606.0,153.0
606.0,565.0
606.0,59.0
606.0,40.0
607.0,867.0
607.0,592.0
607.0,363.0
607.0,877.0
607.0,759.0
607.0,56.0
607.0,664.0
607.0,932.0
607.0,1016.0
607.0,499.0
607.0,217.0
607.0,731.0
608.0,142.0
608.0,631.0
608.0,370.0
608.0,286.0
608.0,533.0
608.0,44.0
608.0,543.0
608.0,552.0
608.0,575.0
608.0,136.0
608.0,491.0
608.0,70.0
609.0,934.0
609.0,547.0
609.0,491.0
609.0,292.0
609.0,513.0
609.0,970.0
609.0,911.0
609.0,537.0
609.0,296.0
609.0,102.0
609.0,1003.0
609.0,546.0
610.0,34.0
610.0,938.0
610.0,193.0
610.0,369.0
610.0,714.0
610.0,898.0
610.0,496.0
610.0,861.0
610.0,635.0
610.0,366.0
610.0,130.0
610.0,686.0
611.0,317.0
611.0,615.0
611.0,828.0
611.0,955.0
611.0,421.0
611.0,156.0
611.0,96.0
611.0,142.0
611.0,397.0
611.0,570.0
611.0,572.0
611.0,769.0
612.0,337.0
612.0,577.0
612.0,692.0
612.0,119.0
612.0,794.0
612.0,1029.0
612.0,205.0
612.0,290.0
612.0,697.0
612.0,357.0
612.0,98.0
612.0,165.0
613.0,782.0
613.0,799.0
613.0,321.0
613.0,207.0
613.0,262.0
613.0,403.0
613.0,372.0
613.0,11.0
613.0,285.0
613.0,797.0
613.0,122.0
613.0,826.0
614.0,894.0
614.0,974.0
614.0,499.0
614.0,1000.0
614.0,41.0
614.0,311.0
614.0,1023.0
614.0,790.0
614.0,306.0
614.0,91.0
614.0,326.0
614.0,317.0
615.0,786.0
615.0,752.0
615.0,550.0
615.0,907.0
615.0,668.0
615.0,306.0
615.0,490.0
615.0,957.0
615.0,41.0
615.0,726.0
615.0,604.0
615.0,297.0
616.0,798.0
616.0,685.0
616.0,802.0
616.0,973.0
616.0,595.0
616.0,855.0
616.0,341.0
616.0,611.0
616.0,92.0
616.0,230.0
616.0,169.0
616.0,1026.0
617.0,709.0
617.0,595.0
617.0,832.0
617.0,59.0
617.0,606.0
617.0,375.0
617.0,408.0
617.0,955.0
617.0,348.0
617.0,903.0
617.0,152.0
617.0,814.0
618.0,483.0
618.0,205.0
618.0,82.0
618.0,1004.0
618.0,1000.0
618.0,299.0
618.0,536.0
618.0,71.0
618.0,332.0
618.0,752.0
618.0,157.0
618.0,559.0
619.0,213.0
619.0,234.0
619.0,810.0
619.0,847.0
619.0,580.0
619.0,207.0
619.0,465.0
619.0,943.0
619.0,37.0
619.0,288.0
619.0,1032.0
619.0,621.0
620.0,749.0
620.0,959.0
620.0,368.0
620.0,935.0
620.0,77.0
620.0,715.0
620.0,648.0
620.0,609.0
620.0,357.0
620.0,30.0
620.0,996.0
620.0,1035.0
621.0,265.0
621.0,188.0
621.0,2.0
621.0,22.0
621.0,480.0
621.0,416.0
621.0,98.0
621.0,251.0
621.0,263.0
621.0,631.0
621.0,6.0
621.0,933.0
622.0,424.0
622.0,121.0
622.0,772.0
622.0,364.0
622.0,49.0
622.0,610.0
622.0,111.0
622.0,91.0
622.0,216.0
622.0,993.0
622.0,127.0
622.0,414.0
623.0,366.0
623.0,357.0
623.0,224.0
623.0,191.0
623.0,123.0
623.0,686.0
623.0,411.0
623.0,104.0
623.0,865.0
623.0,435.0
623.0,434.0
623.0,807.0
624.0,581.0
624.0,111.0
624.0,820.0
624.0,507.0
624.0,970.0
624.0,976.0
624.0,308.0
624.0,159.0
624.0,176.0
624.0,233.0
624.0,12.0
624.0,845.0
625.0,665.0
625.0,319.0
625.0,978.0
625.0,1030.0
625.0,866.0
625.0,919.0
625.0,218.0
625.0,746.0
625.0,250.0
625.0,357.0
625.0,326.0
625.0,1024.0
626.0,534.0
626.0,190.0
626.0,617.0
626.0,192.0
626.0,644.0
626.0,699.0
626.0,1022.0
626.0,468.0
626.0,717.0
626.0,609.0
626.0,23.0
626.0,768.0
627.0,199.0
627.0,138.0
627.0,710.0
627.0,241.0
627.0,45.0
627.0,766.0
627.0,835.0
627.0,354.0
627.0,58.0
627.0,185.0
627.0,821.0
627.0,100.0
628.0,641.0
628.0,769.0
628.0,331.0
628.0,232.0
628.0,413.0
628.0,878.0
628.0,1012.0
628.0,387.0
628.0,595.0
628.0,925.0
628.0,490.0
628.0,739.0
629.0,549.0
629.0,330.0
629.0,719.0
629.0,542.0
629.0,180.0
629.0,760.0
629.0,56.0
629.0,916.0
629.0,513.0
629.0,1023.0
629.0,239.0
629.0,411.0
630.0,681.0
630.0,144.0
630.0,850.0
630.0,248.0
630.0,897.0
630.0,153.0
630.0,484.0
630.0,615.0
630.0,539.0
630.0,869.0
630.0,313.0
630.0,980.0
631.0,501.0
631.0,598.0
631.0,804.0
631.0,638.0
631.0,973.0
631.0,894.0
631.0,929.0
631.0,135.0
631.0,636.0
631.0,594.0
631.0,533.0
631.0,1009.0
632.0,870.0
632.0,708.0
632.0,204.0
632.0,190.0
632.0,1031.0
632.0,325.0
632.0,601.0
632.0,167.0
632.0,338.0
632.0,941.0
632.0,576.0
632.0,924.0
633.0,251.0
633.0,780.0
633.0,623.0
633.0,502.0
633.0,60.0
633.0,435.0
633.0,532.0
633.0,598.0
633.0,393.0
633.0,582.0
633.0,635.0
633.0,722.0
634.0,422.0
634.0,817.0
634.0,436.0
634.0,96.0
634.0,881.0
634.0,674.0
634.0,758.0
634.0,886.0
634.0,650.0
634.0,360.0
634.0,730.0
634.0,410.0
635.0,806.0
635.0,284.0
635.0,688.0
635.0,785.0
635.0,455.0
635.0,66.0
635.0,302.0
635.0,165.0
635.0,392.0
635.0,12.0
635.0,505.0
635.0,568.0
636.0,808.0
636.0,319.0
636.0,875.0
636.0,566.0
636.0,931.0
636.0,902.0
636.0,682.0
636.0,672.0
636.0,997.0
636.0,55.0
636.0,273.0
636.0,785.0
637.0,778.0
637.0,1004.0
637.0,94.0
637.0,395.0
637.0,844.0
637.0,698.0
637.0,791.0
637.0,820.0
637.0,352.0
637.0,970.0
637.0,462.0
637.0,332.0
638.0,205.0
638.0,965.0
638.0,963.0
638.0,555.0
638.0,732.0
638.0,484.0
638.0,301.0
638.0,290.0
638.0,1031.0
638.0,369.0
638.0,773.0
638.0,126.0
639.0,432.0
639.0,787.0
639.0,199.0
639.0,255.0
639.0,386.0
639.0,93.0
639.0,400.0
639.0,793.0
639.0,53.0
639.0,481.0
639.0,969.0
639.0,1012.0
640.0,331.0
640.0,168.0
640.0,107.0
640.0,853.0
640.0,1019.0
640.0,301.0
640.0,756.0
640.0,136.0
640.0,326.0
640.0,905.0
640.0,1006.0
640.0,1025.0
641.0,956.0
641.0,715.0
641.0,757.0
641.0,403.0
641.0,405.0
641.0,515.0
641.0,880.0
641.0,193.0
641.0,470.0
641.0,646.0
641.0,152.0
641.0,181.0
642.0,637.0
642.0,952.0
642.0,556.0
642.0,552.0
642.0,1008.0
642.0,157.0
642.0,894.0
642.0,845.0
642.0,549.0
642.0,857.0
642.0,429.0
642.0,992.0
643.0,503.0
643.0,931.0
643.0,472.0
643.0,916.0
643.0,516.0
643.0,34.0
643.0,612.0
643.0,808.0
643.0,866.0
643.0,327.0
643.0,525.0
643.0,655.0
644.0,855.0
644.0,616.0
644.0,520.0
644.0,878.0
644.0,197.0
644.0,26.0
644.0,258.0
644.0,348.0
644.0,896.0
644.0,153.0
644.0,92.0
644.0,726.0
645.0,87.0
645.0,362.0
645.0,942.0
645.0,690.0
645.0,989.0
645.0,273.0
645.0,953.0
645.0,267.0
645.0,794.0
645.0,69.0
645.0,126.0
645.0,788.0
646.0,971.0
646.0,1034.0
646.0,656.0
646.0,640.0
646.0,782.0
646.0,308.0
646.0,745.0
646.0,960.0
646.0,827.0
646.0,857.0
646.0,328.0
646.0,136.0
647.0,853.0
647.0,766.0
647.0,506.0
647.0,45.0
647.0,895.0
647.0,310.0
647.0,8.0
647.0,993.0
647.0,162.0
647.0,870.0
647.0,602.0
647.0,225.0
648.0,773.0
648.0,436.0
648.0,490.0
648.0,1008.0
648.0,979.0
648.0,335.0
648.0,902.0
648.0,942.0
648.0,241.0
648.0,549.0
648.0,59.0
648.0,444.0
649.0,580.0
649.0,142.0
649.0,854.0
649.0,408.0
649.0,362.0
649.0,16.0
649.0,343.0
649.0,660.0
649.0,826.0
649.0,613.0
649.0,1032.0
649.0,943.0
650.0,825.0
650.0,729.0
650.0,849.0
650.0,670.0
650.0,772.0
650.0,435.0
650.0,77.0
650.0,893.0
650.0,714.0
650.0,920.0
650.0,84.0
650.0,876.0
651.0,625.0
651.0,803.0
651.0,1007.0
651.0,696.0
651.0,55.0
651.0,697.0
651.0,710.0
651.0,701.0
651.0,175.0
651.0,856.0
651.0,361.0
651.0,722.0
652.0,707.0
652.0,298.0
652.0,926.0
652.0,1019.0
652.0,176.0
652.0,438.0
652.0,944.0
652.0,603.0
652.0,220.0
652.0,341.0
652.0,56.0
652.0,553.0
653.0,34.0
653.0,891.0
653.0,134.0
653.0,544.0
653.0,825.0
653.0,422.0
653.0,783.0
653.0,284.0
653.0,635.0
653.0,95.0
653.0,195.0
653.0,428.0
654.0,464.0
654.0,451.0
654.0,5.0
654.0,644.0
654.0,813.0
654.0,802.0
654.0,459.0
654.0,841.0
654.0,185.0
654.0,71.0
654.0,768.0
654.0,953.0
655.0,95.0
655.0,721.0
655.0,932.0
655.0,732.0
655.0,497.0
655.0,1002.0
655.0,80.0
655.0,113.0
655.0,371.0
655.0,944.0
655.0,42.0
655.0,658.0
656.0,357.0
656.0,148.0
656.0,824.0
656.0,724.0
656.0,981.0
656.0,911.0
656.0,399.0
656.0,987.0
656.0,960.0
656.0,723.0
656.0,788.0
656.0,649.0
657.0,485.0
657.0,72.0
657.0,302.0
657.0,334.0
657.0,371.0
657.0,575.0
657.0,227.0
657.0,141.0
657.0,622.0
657.0,105.0
657.0,171.0
657.0,279.0
658.0,990.0
658.0,473.0
658.0,59.0
658.0,215.0
658.0,764.0
658.0,553.0
658.0,964.0
658.0,387.0
658.0,221.0
658.0,397.0
658.0,27.0
658.0,636.0
659.0,23.0
659.0,290.0
659.0,537.0
659.0,442.0
659.0,1019.0
659.0,991.0
659.0,890.0
659.0,845.0
659.0,203.0
659.0,932.0
659.0,268.0
659.0,107.0
660.0,788.0
660.0,1004.0
660.0,30.0
660.0,774.0
660.0,486.0
660.0,945.0
660.0,174.0
660.0,615.0
660.0,372.0
660.0,6.0
660.0,287.0
660.0,669.0
661.0,534.0
661.0,13.0
661.0,990.0
661.0,631.0
661.0,271.0
661.0,36.0
661.0,443.0
661.0,491.0
661.0,932.0
661.0,772.0
661.0,816.0
661.0,275.0
662.0,887.0
662.0,785.0
662.0,466.0
662.0,423.0
662.0,919.0
662.0,381.0
662.0,514.0
662.0,845.0
662.0,795.0
662.0,942.0
662.0,802.0
662.0,933.0
663.0,993.0
663.0,766.0
663.0,822.0
663.0,587.0
663.0,315.0
663.0,452.0
663.0,946.0
663.0,855.0
663.0,99.0
663.0,859.0
663.0,486.0
663.0,972.0
664.0,78.0
664.0,552.0
664.0,253.0
664.0,926.0
664.0,450.0
664.0,515.0
664.0,611.0
664.0,475.0
664.0,586.0
664.0,955.0
664.0,490.0
664.0,258.0
665.0,777.0
665.0,866.0
665.0,984.0
665.0,1006.0
665.0,541.0
665.0,36.0
665.0,507.0
665.0,104.0
665.0,862.0
665.0,690.0
665.0,896.0
665.0,68.0
666.0,391.0
666.0,753.0
666.0,536.0
666.0,874.0
666.0,178.0
666.0,268.0
666.0,36.0
666.0,719.0
666.0,455.0
666.0,454.0
666.0,66.0
666.0,952.0
667.0,44.0
667.0,143.0
667.0,378.0
667.0,286.0
667.0,153.0
667.0,214.0
667.0,997.0
667.0,126.0
667.0,828.0
667.0,380.0
667.0,942.0
667.0,531.0
668.0,374.0
668.0,290.0
668.0,370.0
668.0,691.0
668.0,913.0
668.0,206.0
668.0,1008.0
668.0,332.0
668.0,667.0
668.0,731.0
668.0,845.0
668.0,662.0
669.0,147.0
669.0,595.0
669.0,768.0
669.0,880.0
669.0,348.0
669.0,488.0
669.0,80.0
669.0,958.0
669.0,406.0
669.0,382.0
669.0,763.0
669.0,564.0
670.0,222.0
670.0,976.0
670.0,997.0
670.0,991.0
670.0,59.0
670.0,361.0
670.0,370.0
670.0,761.0
670.0,631.0
670.0,411.0
670.0,414.0
670.0,638.0
671.0,312.0
671.0,779.0
671.0,806.0
671.0,609.0
671.0,453.0
671.0,698.0
671.0,678.0
671.0,23.0
671.0,8.0
671.0,219.0
671.0,50.0
671.0,607.0
672.0,795.0
672.0,427.0
672.0,479.0
672.0,945.0
672.0,805.0
672.0,304.0
672.0,736.0
672.0,360.0
672.0,307.0
672.0,913.0
672.0,336.0
672.0,442.0
673.0,12.0
673.0,711.0
673.0,661.0
673.0,519.0
673.0,381.0
673.0,246.0
673.0,13.0
673.0,1001.0
673.0,621.0
673.0,702.0
673.0,848.0
673.0,785.0
674.0,933.0
674.0,260.0
674.0,317.0
674.0,849.0
674.0,544.0
674.0,512.0
674.0,294.0
674.0,560.0
674.0,82.0
674.0,812.0
674.0,203.0
674.0,569.0
675.0,316.0
675.0,426.0
675.0,878.0
675.0,91.0
675.0,88.0
675.0,593.0
675.0,259.0
675.0,200.0
675.0,216.0
675.0,813.0
675.0,1011.0
675.0,456.0
676.0,28.0
676.0,771.0
676.0,892.0
676.0,144.0
676.0,201.0
676.0,114.0
676.0,525.0
676.0,679.0
676.0,180.0
676.0,814.0
676.0,147.0
676.0,562.0
677.0,476.0
677.0,333.0
677.0,1010.0
677.0,404.0
677.0,692.0
677.0,959.0
677.0,377.0
677.0,829.0
677.0,432.0
677.0,982.0
677.0,8.0
677.0,793.0
678.0,502.0
678.0,50.0
678.0,517.0
678.0,20.0
678.0,337.0
678.0,984.0
678.0,429.0
678.0,577.0
678.0,1028.0
678.0,219.0
678.0,280.0
678.0,340.0
679.0,320.0
679.0,718.0
679.0,625.0
679.0,923.0
679.0,726.0
679.0,957.0
679.0,348.0
679.0,201.0
679.0,401.0
679.0,282.0
679.0,995.0
679.0,461.0
680.0,103.0
680.0,121.0
680.0,1023.0
680.0,769.0
680.0,345.0
680.0,248.0
680.0,17.0
680.0,828.0
680.0,958.0
680.0,614.0
680.0,139.0
680.0,955.0
681.0,368.0
681.0,342.0
681.0,299.0
681.0,662.0
681.0,156.0
681.0,1023.0
681.0,608.0
681.0,934.0
681.0,955.0
681.0,179.0
681.0,430.0
681.0,59.0
682.0,553.0
682.0,731.0
682.0,755.0
682.0,764.0
682.0,808.0
682.0,181.0
682.0,825.0
682.0,50.0
682.0,416.0
682.0,544.0
682.0,245.0
682.0,280.0
683.0,964.0
683.0,662.0
683.0,287.0
683.0,543.0
683.0,730.0
683.0,967.0
683.0,892.0
683.0,717.0
683.0,659.0
683.0,899.0
683.0,1017.0
683.0,524.0
684.0,69.0
684.0,34.0
684.0,731.0
684.0,267.0
684.0,584.0
684.0,12.0
684.0,979.0
684.0,424.0
684.0,694.0
684.0,343.0
684.0,556.0
684.0,738.0
685.0,352.0
685.0,139.0
685.0,689.0
685.0,230.0
685.0,654.0
685.0,469.0
685.0,616.0
685.0,97.0
685.0,644.0
685.0,321.0
685.0,428.0
685.0,691.0
686.0,36.0
686.0,81.0
686.0,552.0
686.0,154.0
686.0,434.0
686.0,0.0
686.0,682.0
686.0,1025.0
686.0,224.0
686.0,883.0
686.0,473.0
686.0,743.0
687.0,395.0
687.0,501.0
687.0,895.0
687.0,408.0
687.0,278.0
687.0,573.0
687.0,219.0
687.0,636.0
687.0,565.0
687.0,542.0
687.0,934.0
687.0,407.0
688.0,557.0
688.0,383.0
688.0,1001.0
688.0,454.0
688.0,794.0
688.0,1009.0
688.0,849.0
688.0,861.0
688.0,300.0
688.0,577.0
688.0,202.0
688.0,1024.0
689.0,727.0
689.0,131.0
689.0,872.0
689.0,855.0
689.0,461.0
689.0,313.0
689.0,608.0
689.0,145.0
689.0,1002.0
689.0,999.0
689.0,604.0
689.0,798.0
690.0,756.0
690.0,310.0
690.0,163.0
690.0,380.0
690.0,374.0
690.0,721.0
690.0,711.0
690.0,762.0
690.0,68.0
690.0,845.0
690.0,15.0
690.0,608.0
691.0,902.0
691.0,970.0
691.0,718.0
691.0,513.0
691.0,42.0
691.0,815.0
691.0,926.0
691.0,717.0
691.0,1000.0
691.0,462.0
691.0,894.0
691.0,221.0
692.0,687.0
692.0,501.0
692.0,672.0
692.0,339.0
692.0,932.0
692.0,335.0
692.0,219.0
692.0,168.0
692.0,50.0
692.0,75.0
692.0,504.0
692.0,456.0
693.0,293.0
693.0,728.0
693.0,432.0
693.0,859.0
693.0,50.0
693.0,441.0
693.0,887.0
693.0,110.0
693.0,164.0
693.0,225.0
693.0,492.0
693.0,763.0
694.0,815.0
694.0,972.0
694.0,432.0
694.0,45.0
694.0,1027.0
694.0,531.0
694.0,1009.0
694.0,917.0
694.0,856.0
694.0,189.0
694.0,767.0
694.0,69.0
695.0,749.0
695.0,877.0
695.0,832.0
695.0,603.0
695.0,438.0
695.0,584.0
695.0,42.0
695.0,436.0
695.0,430.0
695.0,119.0
695.0,888.0
695.0,290.0
696.0,1013.0
696.0,507.0
696.0,711.0
696.0,50.0
696.0,544.0
696.0,721.0
696.0,356.0
696.0,862.0
696.0,895.0
696.0,861.0
696.0,457.0
696.0,578.0
697.0,546.0
697.0,875.0
697.0,692.0
697.0,422.0
697.0,482.0
697.0,442.0
697.0,503.0
697.0,70.0
697.0,20.0
697.0,747.0
697.0,922.0
697.0,642.0
698.0,168.0
698.0,803.0
698.0,1010.0
698.0,900.0
698.0,506.0
698.0,329.0
698.0,49.0
698.0,1019.0
698.0,38.0
698.0,927.0
698.0,853.0
698.0,991.0
699.0,413.0
699.0,867.0
699.0,19.0
699.0,518.0
699.0,458.0
699.0,65.0
699.0,102.0
699.0,208.0
699.0,1022.0
699.0,131.0
699.0,504.0
699.0,484.0
700.0,168.0
700.0,440.0
700.0,704.0
700.0,233.0
700.0,657.0
700.0,801.0
700.0,376.0
700.0,890.0
700.0,1024.0
700.0,140.0
700.0,835.0
700.0,418.0
701.0,266.0
701.0,642.0
701.0,126.0
701.0,659.0
701.0,322.0
701.0,307.0
701.0,905.0
701.0,538.0
701.0,599.0
701.0,292.0
701.0,496.0
701.0,242.0
702.0,402.0
702.0,621.0
702.0,997.0
702.0,222.0
702.0,464.0
702.0,759.0
702.0,13.0
702.0,569.0
702.0,893.0
702.0,741.0
702.0,745.0
702.0,251.0
703.0,505.0
703.0,52.0
703.0,486.0
703.0,916.0
703.0,910.0
703.0,852.0
703.0,58.0
703.0,984.0
703.0,920.0
703.0,600.0
703.0,764.0
703.0,829.0
704.0,134.0
704.0,368.0
704.0,801.0
704.0,24.0
704.0,46.0
704.0,104.0
704.0,829.0
704.0,521.0
704.0,396.0
704.0,457.0
704.0,653.0
704.0,376.0
705.0,531.0
705.0,542.0
705.0,296.0
705.0,655.0
705.0,157.0
705.0,609.0
705.0,959.0
705.0,491.0
705.0,815.0
705.0,232.0
705.0,728.0
705.0,622.0
706.0,431.0
706.0,564.0
706.0,273.0
706.0,586.0
706.0,308.0
706.0,563.0
706.0,163.0
706.0,6.0
706.0,15.0
706.0,574.0
706.0,1004.0
706.0,553.0
707.0,279.0
707.0,946.0
707.0,989.0
707.0,684.0
707.0,942.0
707.0,990.0
707.0,1012.0
707.0,556.0
707.0,1014.0
707.0,102.0
707.0,1016.0
707.0,987.0
708.0,512.0
708.0,458.0
708.0,707.0
708.0,299.0
708.0,352.0
708.0,331.0
708.0,571.0
708.0,955.0
708.0,411.0
708.0,993.0
708.0,769.0
708.0,198.0
709.0,717.0
709.0,109.0
709.0,796.0
709.0,200.0
709.0,850.0
709.0,606.0
709.0,798.0
709.0,240.0
709.0,88.0
709.0,927.0
709.0,100.0
709.0,145.0
710.0,594.0
710.0,781.0
710.0,47.0
710.0,359.0
710.0,234.0
710.0,925.0
710.0,928.0
710.0,154.0
710.0,369.0
710.0,982.0
710.0,72.0
710.0,597.0
711.0,181.0
711.0,583.0
711.0,317.0
711.0,782.0
711.0,468.0
711.0,56.0
711.0,739.0
711.0,702.0
711.0,30.0
711.0,102.0
711.0,683.0
711.0,861.0
712.0,629.0
712.0,449.0
712.0,652.0
712.0,795.0
712.0,477.0
712.0,19.0
712.0,760.0
712.0,533.0
712.0,307.0
712.0,9.0
712.0,327.0
712.0,208.0
713.0,542.0
713.0,38.0
713.0,220.0
713.0,1018.0
713.0,294.0
713.0,227.0
713.0,463.0
713.0,549.0
713.0,112.0
713.0,187.0
713.0,275.0
713.0,916.0
714.0,634.0
714.0,780.0
714.0,124.0
714.0,454.0
714.0,294.0
714.0,74.0
714.0,625.0
714.0,72.0
714.0,910.0
714.0,710.0
714.0,33.0
714.0,183.0
715.0,712.0
715.0,397.0
715.0,790.0
715.0,959.0
715.0,80.0
715.0,553.0
715.0,614.0
715.0,394.0
715.0,269.0
715.0,299.0
715.0,458.0
715.0,261.0
716.0,385.0
716.0,348.0
716.0,144.0
716.0,154.0
716.0,842.0
716.0,139.0
716.0,409.0
716.0,375.0
716.0,1034.0
716.0,520.0
716.0,192.0
716.0,641.0
717.0,499.0
717.0,308.0
717.0,648.0
717.0,707.0
717.0,564.0
717.0,596.0
717.0,896.0
717.0,556.0
717.0,760.0
717.0,934.0
717.0,903.0
717.0,767.0
718.0,431.0
718.0,445.0
718.0,592.0
718.0,187.0
718.0,707.0
718.0,565.0
718.0,659.0
718.0,513.0
718.0,996.0
718.0,764.0
718.0,269.0
718.0,115.0
719.0,933.0
719.0,592.0
719.0,169.0
719.0,736.0
719.0,514.0
719.0,519.0
719.0,1023.0
719.0,359.0
719.0,643.0
719.0,440.0
719.0,497.0
719.0,697.0
720.0,448.0
720.0,934.0
720.0,800.0
720.0,206.0
720.0,382.0
720.0,174.0
720.0,173.0
720.0,142.0
720.0,106.0
720.0,351.0
720.0,914.0
720.0,76.0
721.0,496.0
721.0,104.0
721.0,764.0
721.0,244.0
721.0,151.0
721.0,1016.0
721.0,910.0
721.0,261.0
721.0,199.0
721.0,777.0
721.0,286.0
721.0,864.0
722.0,784.0
722.0,330.0
722.0,383.0
722.0,73.0
722.0,871.0
722.0,63.0
722.0,315.0
722.0,309.0
722.0,244.0
722.0,335.0
722.0,104.0
722.0,516.0
723.0,951.0
723.0,651.0
723.0,911.0
723.0,668.0
723.0,409.0
723.0,160.0
723.0,69.0
723.0,692.0
723.0,424.0
723.0,372.0
723.0,580.0
723.0,368.0
724.0,866.0
724.0,576.0
724.0,126.0
724.0,412.0
724.0,1008.0
724.0,102.0
724.0,953.0
724.0,450.0
724.0,827.0
724.0,773.0
724.0,648.0
724.0,879.0
725.0,89.0
725.0,146.0
725.0,785.0
725.0,717.0
725.0,856.0
725.0,425.0
725.0,440.0
725.0,715.0
725.0,850.0
725.0,190.0
725.0,65.0
725.0,29.0
726.0,774.0
726.0,412.0
726.0,365.0
726.0,43.0
726.0,790.0
726.0,19.0
726.0,120.0
726.0,48.0
726.0,617.0
726.0,153.0
726.0,108.0
726.0,735.0
727.0,325.0
727.0,382.0
727.0,652.0
727.0,147.0
727.0,762.0
727.0,40.0
727.0,64.0
727.0,771.0
727.0,120.0
727.0,675.0
727.0,190.0
727.0,142.0
728.0,91.0
728.0,860.0
728.0,42.0
728.0,319.0
728.0,835.0
728.0,51.0
728.0,499.0
728.0,713.0
728.0,199.0
728.0,169.0
728.0,722.0
728.0,662.0
729.0,266.0
729.0,919.0
729.0,658.0
729.0,524.0
729.0,457.0
729.0,974.0
729.0,286.0
729.0,929.0
729.0,181.0
729.0,29.0
729.0,151.0
729.0,307.0
730.0,37.0
730.0,1001.0
730.0,908.0
730.0,590.0
730.0,96.0
730.0,1024.0
730.0,824.0
730.0,265.0
730.0,295.0
730.0,978.0
730.0,319.0
730.0,344.0
731.0,996.0
731.0,353.0
731.0,662.0
731.0,747.0
731.0,384.0
731.0,187.0
731.0,438.0
731.0,860.0
731.0,339.0
731.0,483.0
731.0,266.0
731.0,916.0
732.0,254.0
732.0,862.0
732.0,69.0
732.0,991.0
732.0,258.0
732.0,290.0
732.0,568.0
732.0,151.0
732.0,4.0
732.0,628.0
732.0,368.0
732.0,642.0
733.0,9.0
733.0,479.0
733.0,655.0
733.0,623.0
733.0,159.0
733.0,82.0
733.0,383.0
733.0,830.0
733.0,772.0
733.0,149.0
733.0,932.0
733.0,586.0
734.0,257.0
734.0,829.0
734.0,578.0
734.0,56.0
734.0,580.0
734.0,228.0
734.0,657.0
734.0,909.0
734.0,416.0
734.0,590.0
734.0,787.0
734.0,682.0
735.0,864.0
735.0,91.0
735.0,467.0
735.0,248.0
735.0,790.0
735.0,351.0
735.0,298.0
735.0,65.0
735.0,540.0
735.0,190.0
735.0,518.0
735.0,1027.0
736.0,397.0
736.0,428.0
736.0,570.0
736.0,642.0
736.0,308.0
736.0,312.0
736.0,827.0
736.0,744.0
736.0,15.0
736.0,279.0
736.0,512.0
736.0,991.0
737.0,143.0
737.0,328.0
737.0,463.0
737.0,363.0
737.0,955.0
737.0,3.0
737.0,545.0
737.0,799.0
737.0,130.0
737.0,720.0
737.0,987.0
737.0,168.0
738.0,168.0
738.0,301.0
738.0,651.0
738.0,852.0
738.0,838.0
738.0,486.0
738.0,607.0
738.0,659.0
738.0,565.0
738.0,69.0
738.0,331.0
738.0,501.0
739.0,587.0
739.0,351.0
739.0,586.0
739.0,852.0
739.0,516.0
739.0,805.0
739.0,24.0
739.0,6.0
739.0,196.0
739.0,505.0
739.0,211.0
739.0,1020.0
740.0,252.0
740.0,291.0
740.0,883.0
740.0,171.0
740.0,111.0
740.0,591.0
740.0,880.0
740.0,838.0
740.0,1014.0
740.0,815.0
740.0,695.0
740.0,430.0
741.0,589.0
741.0,661.0
741.0,963.0
741.0,846.0
741.0,83.0
741.0,203.0
741.0,883.0
741.0,289.0
741.0,761.0
741.0,37.0
741.0,621.0
741.0,519.0
742.0,241.0
742.0,674.0
742.0,150.0
742.0,322.0
742.0,187.0
742.0,836.0
742.0,204.0
742.0,818.0
742.0,158.0
742.0,516.0
742.0,1004.0
742.0,629.0
743.0,829.0
743.0,44.0
743.0,301.0
743.0,377.0
743.0,73.0
743.0,203.0
743.0,785.0
743.0,670.0
743.0,138.0
743.0,816.0
743.0,1013.0
743.0,553.0
744.0,954.0
744.0,416.0
744.0,844.0
744.0,522.0
744.0,12.0
744.0,570.0
744.0,128.0
744.0,167.0
744.0,407.0
744.0,815.0
744.0,514.0
744.0,378.0
745.0,355.0
745.0,656.0
745.0,591.0
745.0,618.0
745.0,59.0
745.0,156.0
745.0,938.0
745.0,842.0
745.0,267.0
745.0,530.0
745.0,953.0
745.0,412.0
746.0,359.0
746.0,559.0
746.0,994.0
746.0,935.0
746.0,883.0
746.0,652.0
746.0,837.0
746.0,645.0
746.0,778.0
746.0,369.0
746.0,522.0
746.0,224.0
747.0,566.0
747.0,973.0
747.0,753.0
747.0,250.0
747.0,163.0
747.0,96.0
747.0,183.0
747.0,686.0
747.0,77.0
747.0,193.0
747.0,268.0
747.0,191.0
748.0,307.0
748.0,378.0
748.0,146.0
748.0,863.0
748.0,164.0
748.0,163.0
748.0,933.0
748.0,667.0
748.0,524.0
748.0,466.0
748.0,359.0
748.0,111.0
749.0,913.0
749.0,320.0
749.0,494.0
749.0,967.0
749.0,309.0
749.0,693.0
749.0,414.0
749.0,245.0
749.0,565.0
749.0,15.0
749.0,165.0
749.0,973.0
750.0,839.0
750.0,580.0
750.0,407.0
750.0,37.0
750.0,84.0
750.0,649.0
750.0,75.0
750.0,591.0
750.0,508.0
750.0,234.0
750.0,819.0
750.0,645.0
751.0,891.0
751.0,1018.0
751.0,422.0
751.0,990.0
751.0,544.0
751.0,643.0
751.0,310.0
751.0,864.0
751.0,324.0
751.0,482.0
751.0,275.0
751.0,376.0
752.0,234.0
752.0,788.0
752.0,16.0
752.0,480.0
752.0,212.0
752.0,911.0
752.0,148.0
752.0,936.0
752.0,373.0
752.0,775.0
752.0,803.0
752.0,724.0
753.0,658.0
753.0,928.0
753.0,790.0
753.0,76.0
753.0,566.0
753.0,978.0
753.0,511.0
753.0,126.0
753.0,103.0
753.0,559.0
753.0,389.0
753.0,228.0
754.0,317.0
754.0,939.0
754.0,969.0
754.0,554.0
754.0,629.0
754.0,203.0
754.0,291.0
754.0,923.0
754.0,1009.0
754.0,470.0
754.0,182.0
754.0,256.0
755.0,777.0
755.0,1035.0
755.0,623.0
755.0,75.0
755.0,550.0
755.0,909.0
755.0,443.0
755.0,370.0
755.0,538.0
755.0,9.0
755.0,873.0
755.0,363.0
756.0,725.0
756.0,143.0
756.0,198.0
756.0,527.0
756.0,24.0
756.0,970.0
756.0,397.0
756.0,765.0
756.0,552.0
756.0,386.0
756.0,374.0
756.0,947.0
757.0,857.0
757.0,641.0
757.0,59.0
757.0,98.0
757.0,106.0
757.0,947.0
757.0,373.0
757.0,799.0
757.0,826.0
757.0,899.0
757.0,305.0
757.0,892.0
758.0,761.0
758.0,825.0
758.0,590.0
758.0,848.0
758.0,266.0
758.0,163.0
758.0,729.0
758.0,35.0
758.0,83.0
758.0,1028.0
758.0,511.0
758.0,138.0
759.0,779.0
759.0,479.0
759.0,310.0
759.0,254.0
759.0,533.0
759.0,441.0
759.0,722.0
759.0,4.0
759.0,215.0
759.0,527.0
759.0,652.0
759.0,1017.0
760.0,809.0
760.0,664.0
760.0,634.0
760.0,815.0
760.0,690.0
760.0,605.0
760.0,331.0
760.0,438.0
760.0,599.0
760.0,596.0
760.0,137.0
760.0,332.0
761.0,37.0
761.0,967.0
761.0,402.0
761.0,661.0
761.0,59.0
761.0,206.0
761.0,483.0
761.0,261.0
761.0,911.0
761.0,548.0
761.0,935.0
761.0,355.0
762.0,382.0
762.0,738.0
762.0,1000.0
762.0,855.0
762.0,248.0
762.0,939.0
762.0,617.0
762.0,314.0
762.0,500.0
762.0,689.0
762.0,685.0
762.0,644.0
763.0,334.0
763.0,458.0
763.0,878.0
763.0,601.0
763.0,879.0
763.0,327.0
763.0,917.0
763.0,461.0
763.0,939.0
763.0,320.0
763.0,249.0
763.0,769.0
764.0,155.0
764.0,670.0
764.0,659.0
764.0,352.0
764.0,111.0
764.0,75.0
764.0,9.0
764.0,496.0
764.0,363.0
764.0,860.0
764.0,763.0
764.0,194.0
765.0,337.0
765.0,136.0
765.0,552.0
765.0,967.0
765.0,47.0
765.0,225.0
765.0,612.0
765.0,787.0
765.0,954.0
765.0,637.0
765.0,360.0
765.0,418.0
766.0,99.0
766.0,45.0
766.0,137.0
766.0,602.0
766.0,486.0
766.0,517.0
766.0,988.0
766.0,199.0
766.0,801.0
766.0,822.0
766.0,836.0
766.0,25.0
767.0,59.0
767.0,426.0
767.0,934.0
767.0,962.0
767.0,387.0
767.0,31.0
767.0,834.0
767.0,778.0
767.0,708.0
767.0,542.0
767.0,993.0
767.0,228.0
768.0,413.0
768.0,654.0
768.0,1015.0
768.0,726.0
768.0,986.0
768.0,405.0
768.0,955.0
768.0,841.0
768.0,117.0
768.0,306.0
768.0,43.0
768.0,197.0
769.0,189.0
769.0,256.0
769.0,941.0
769.0,179.0
769.0,975.0
769.0,387.0
769.0,869.0
769.0,1016.0
769.0,290.0
769.0,867.0
769.0,473.0
769.0,167.0
770.0,486.0
770.0,449.0
770.0,418.0
770.0,1021.0
770.0,404.0
770.0,322.0
770.0,1009.0
770.0,988.0
770.0,187.0
770.0,411.0
770.0,214.0
770.0,140.0
771.0,68.0
771.0,282.0
771.0,262.0
771.0,204.0
771.0,197.0
771.0,652.0
771.0,626.0
771.0,605.0
771.0,375.0
771.0,1022.0
771.0,628.0
771.0,43.0
772.0,272.0
772.0,935.0
772.0,96.0
772.0,83.0
772.0,507.0
772.0,363.0
772.0,634.0
772.0,636.0
772.0,730.0
772.0,743.0
772.0,985.0
772.0,1012.0
773.0,33.0
773.0,889.0
773.0,705.0
773.0,795.0
773.0,697.0
773.0,852.0
773.0,269.0
773.0,226.0
773.0,507.0
773.0,218.0
773.0,491.0
773.0,160.0
774.0,608.0
774.0,54.0
774.0,995.0
774.0,900.0
774.0,862.0
774.0,253.0
774.0,438.0
774.0,372.0
774.0,715.0
774.0,3.0
774.0,179.0
774.0,512.0
775.0,22.0
775.0,450.0
775.0,90.0
775.0,384.0
775.0,59.0
775.0,510.0
775.0,281.0
775.0,12.0
775.0,9.0
775.0,250.0
775.0,1032.0
775.0,962.0
776.0,29.0
776.0,955.0
776.0,562.0
776.0,409.0
776.0,173.0
776.0,21.0
776.0,128.0
776.0,613.0
776.0,174.0
776.0,679.0
776.0,1022.0
776.0,931.0
777.0,377.0
777.0,468.0
777.0,869.0
777.0,1014.0
777.0,755.0
777.0,996.0
777.0,894.0
777.0,979.0
777.0,126.0
777.0,235.0
777.0,533.0
777.0,662.0
778.0,309.0
778.0,280.0
778.0,456.0
778.0,625.0
778.0,945.0
778.0,167.0
778.0,347.0
778.0,225.0
778.0,10.0
778.0,527.0
778.0,481.0
778.0,917.0
779.0,598.0
779.0,396.0
779.0,502.0
779.0,840.0
779.0,690.0
779.0,155.0
779.0,1007.0
779.0,623.0
779.0,898.0
779.0,360.0
779.0,275.0
779.0,785.0
780.0,435.0
780.0,825.0
780.0,875.0
780.0,402.0
780.0,344.0
780.0,7.0
780.0,183.0
780.0,251.0
780.0,393.0
780.0,761.0
780.0,464.0
780.0,294.0
781.0,860.0
781.0,374.0
781.0,625.0
781.0,360.0
781.0,378.0
781.0,1012.0
781.0,614.0
781.0,78.0
781.0,599.0
781.0,308.0
781.0,717.0
781.0,932.0
782.0,526.0
782.0,826.0
782.0,142.0
782.0,350.0
782.0,425.0
782.0,504.0
782.0,591.0
782.0,236.0
782.0,725.0
782.0,877.0
782.0,381.0
782.0,320.0
783.0,568.0
783.0,422.0
783.0,47.0
783.0,702.0
783.0,435.0
783.0,873.0
783.0,302.0
783.0,524.0
783.0,891.0
783.0,812.0
783.0,154.0
783.0,271.0
784.0,811.0
784.0,432.0
784.0,796.0
784.0,836.0
784.0,868.0
784.0,567.0
784.0,85.0
784.0,113.0
784.0,927.0
784.0,1033.0
784.0,871.0
784.0,352.0
785.0,977.0
785.0,205.0
785.0,186.0
785.0,643.0
785.0,502.0
785.0,986.0
785.0,203.0
785.0,175.0
785.0,719.0
785.0,163.0
785.0,578.0
785.0,319.0
786.0,144.0
786.0,142.0
786.0,197.0
786.0,1015.0
786.0,365.0
786.0,942.0
786.0,588.0
786.0,842.0
786.0,281.0
786.0,106.0
786.0,283.0
786.0,3.0
787.0,0.0
787.0,359.0
787.0,472.0
787.0,157.0
787.0,948.0
787.0,166.0
787.0,577.0
787.0,512.0
787.0,503.0
787.0,491.0
787.0,423.0
787.0,60.0
788.0,845.0
788.0,243.0
788.0,619.0
788.0,460.0
788.0,406.0
788.0,748.0
788.0,343.0
788.0,785.0
788.0,155.0
788.0,952.0
788.0,867.0
788.0,794.0
789.0,622.0
789.0,472.0
789.0,333.0
789.0,570.0
789.0,252.0
789.0,905.0
789.0,1031.0
789.0,851.0
789.0,514.0
789.0,171.0
789.0,300.0
789.0,546.0
790.0,550.0
790.0,438.0
790.0,363.0
790.0,563.0
790.0,349.0
790.0,336.0
790.0,594.0
790.0,1020.0
790.0,895.0
790.0,715.0
790.0,307.0
790.0,960.0
791.0,572.0
791.0,404.0
791.0,139.0
791.0,57.0
791.0,765.0
791.0,970.0
791.0,961.0
791.0,609.0
791.0,966.0
791.0,959.0
791.0,1016.0
791.0,852.0
792.0,971.0
792.0,516.0
792.0,910.0
792.0,993.0
792.0,734.0
792.0,49.0
792.0,47.0
792.0,574.0
792.0,948.0
792.0,977.0
792.0,808.0
792.0,472.0
793.0,694.0
793.0,25.0
793.0,229.0
793.0,441.0
793.0,1.0
793.0,639.0
793.0,603.0
793.0,972.0
793.0,225.0
793.0,836.0
793.0,801.0
793.0,924.0
794.0,608.0
794.0,290.0
794.0,443.0
794.0,953.0
794.0,523.0
794.0,528.0
794.0,933.0
794.0,732.0
794.0,71.0
794.0,319.0
794.0,385.0
794.0,946.0
795.0,765.0
795.0,107.0
795.0,407.0
795.0,977.0
795.0,845.0
795.0,512.0
795.0,667.0
795.0,127.0
795.0,835.0
795.0,283.0
795.0,330.0
795.0,779.0
796.0,239.0
796.0,601.0
796.0,835.0
796.0,63.0
796.0,855.0
796.0,417.0
796.0,361.0
796.0,249.0
796.0,738.0
796.0,17.0
796.0,237.0
796.0,790.0
797.0,362.0
797.0,488.0
797.0,613.0
797.0,799.0
797.0,975.0
797.0,152.0
797.0,591.0
797.0,438.0
797.0,800.0
797.0,964.0
797.0,173.0
797.0,413.0
798.0,177.0
798.0,200.0
798.0,239.0
798.0,699.0
798.0,469.0
798.0,461.0
798.0,828.0
798.0,855.0
798.0,132.0
798.0,129.0
798.0,61.0
798.0,109.0
799.0,385.0
799.0,683.0
799.0,955.0
799.0,952.0
799.0,959.0
799.0,267.0
799.0,336.0
799.0,102.0
799.0,444.0
799.0,1014.0
799.0,78.0
799.0,962.0
800.0,676.0
800.0,243.0
800.0,924.0
800.0,559.0
800.0,477.0
800.0,768.0
800.0,814.0
800.0,26.0
800.0,669.0
800.0,510.0
800.0,173.0
800.0,86.0
801.0,672.0
801.0,225.0
801.0,517.0
801.0,58.0
801.0,449.0
801.0,904.0
801.0,607.0
801.0,283.0
801.0,539.0
801.0,486.0
801.0,426.0
801.0,767.0
802.0,441.0
802.0,397.0
802.0,114.0
802.0,451.0
802.0,314.0
802.0,709.0
802.0,230.0
802.0,306.0
802.0,461.0
802.0,850.0
802.0,433.0
802.0,209.0
803.0,0.0
803.0,486.0
803.0,719.0
803.0,856.0
803.0,244.0
803.0,155.0
803.0,690.0
803.0,1016.0
803.0,252.0
803.0,463.0
803.0,721.0
803.0,682.0
804.0,723.0
804.0,470.0
804.0,460.0
804.0,992.0
804.0,935.0
804.0,285.0
804.0,892.0
804.0,215.0
804.0,919.0
804.0,736.0
804.0,297.0
804.0,90.0
805.0,116.0
805.0,479.0
805.0,239.0
805.0,59.0
805.0,1031.0
805.0,15.0
805.0,955.0
805.0,117.0
805.0,494.0
805.0,853.0
805.0,691.0
805.0,931.0
806.0,203.0
806.0,435.0
806.0,453.0
806.0,643.0
806.0,118.0
806.0,76.0
806.0,295.0
806.0,157.0
806.0,789.0
806.0,27.0
806.0,650.0
806.0,807.0
807.0,72.0
807.0,806.0
807.0,136.0
807.0,275.0
807.0,891.0
807.0,714.0
807.0,171.0
807.0,582.0
807.0,627.0
807.0,1024.0
807.0,623.0
807.0,333.0
808.0,809.0
808.0,516.0
808.0,337.0
808.0,702.0
808.0,27.0
808.0,91.0
808.0,765.0
808.0,806.0
808.0,138.0
808.0,370.0
808.0,41.0
808.0,377.0
809.0,655.0
809.0,778.0
809.0,931.0
809.0,721.0
809.0,345.0
809.0,988.0
809.0,961.0
809.0,67.0
809.0,424.0
809.0,992.0
809.0,38.0
809.0,587.0
810.0,22.0
810.0,95.0
810.0,283.0
810.0,974.0
810.0,399.0
810.0,218.0
810.0,621.0
810.0,569.0
810.0,96.0
810.0,684.0
810.0,911.0
810.0,559.0
811.0,474.0
811.0,505.0
811.0,97.0
811.0,966.0
811.0,418.0
811.0,540.0
811.0,199.0
811.0,870.0
811.0,62.0
811.0,50.0
811.0,345.0
811.0,593.0
812.0,256.0
812.0,683.0
812.0,911.0
812.0,623.0
812.0,906.0
812.0,275.0
812.0,730.0
812.0,65.0
812.0,935.0
812.0,901.0
812.0,454.0
812.0,295.0
813.0,890.0
813.0,153.0
813.0,254.0
813.0,380.0
813.0,253.0
813.0,576.0
813.0,16.0
813.0,887.0
813.0,907.0
813.0,71.0
813.0,469.0
813.0,259.0
814.0,685.0
814.0,850.0
814.0,262.0
814.0,935.0
814.0,669.0
814.0,743.0
814.0,768.0
814.0,978.0
814.0,545.0
814.0,892.0
814.0,980.0
814.0,201.0
815.0,658.0
815.0,553.0
815.0,558.0
815.0,834.0
815.0,414.0
815.0,836.0
815.0,138.0
815.0,740.0
815.0,203.0
815.0,220.0
815.0,156.0
815.0,127.0
816.0,383.0
816.0,340.0
816.0,384.0
816.0,794.0
816.0,985.0
816.0,256.0
816.0,289.0
816.0,494.0
816.0,729.0
816.0,780.0
816.0,246.0
816.0,634.0
817.0,935.0
817.0,848.0
817.0,929.0
817.0,191.0
817.0,194.0
817.0,435.0
817.0,251.0
817.0,353.0
817.0,323.0
817.0,773.0
817.0,1028.0
817.0,532.0
818.0,257.0
818.0,229.0
818.0,12.0
818.0,623.0
818.0,366.0
818.0,544.0
818.0,829.0
818.0,73.0
818.0,984.0
818.0,277.0
818.0,787.0
818.0,85.0
819.0,649.0
819.0,867.0
819.0,691.0
819.0,987.0
819.0,369.0
819.0,998.0
819.0,724.0
819.0,425.0
819.0,3.0
819.0,680.0
819.0,173.0
819.0,962.0
820.0,430.0
820.0,75.0
820.0,667.0
820.0,420.0
820.0,933.0
820.0,747.0
820.0,479.0
820.0,138.0
820.0,683.0
820.0,130.0
820.0,203.0
820.0,491.0
821.0,765.0
821.0,336.0
821.0,868.0
821.0,78.0
821.0,276.0
821.0,325.0
821.0,988.0
821.0,65.0
821.0,966.0
821.0,334.0
821.0,593.0
821.0,845.0
822.0,432.0
822.0,252.0
822.0,255.0
822.0,870.0
822.0,293.0
822.0,1.0
822.0,274.0
822.0,602.0
822.0,627.0
822.0,386.0
822.0,852.0
822.0,244.0
823.0,890.0
823.0,117.0
823.0,15.0
823.0,956.0
823.0,211.0
823.0,1033.0
823.0,57.0
823.0,682.0
823.0,563.0
823.0,602.0
823.0,481.0
823.0,518.0
824.0,4.0
824.0,243.0
824.0,64.0
824.0,737.0
824.0,929.0
824.0,985.0
824.0,682.0
824.0,672.0
824.0,723.0
824.0,781.0
824.0,611.0
824.0,989.0
825.0,256.0
825.0,780.0
825.0,246.0
825.0,373.0
825.0,523.0
825.0,806.0
825.0,761.0
825.0,175.0
825.0,546.0
825.0,195.0
825.0,410.0
825.0,466.0
826.0,128.0
826.0,895.0
826.0,108.0
826.0,484.0
826.0,764.0
826.0,401.0
826.0,169.0
826.0,440.0
826.0,174.0
826.0,523.0
826.0,160.0
826.0,775.0
827.0,553.0
827.0,318.0
827.0,374.0
827.0,854.0
827.0,445.0
827.0,279.0
827.0,267.0
827.0,971.0
827.0,401.0
827.0,912.0
827.0,119.0
827.0,408.0
828.0,1015.0
828.0,189.0
828.0,711.0
828.0,839.0
828.0,499.0
828.0,660.0
828.0,16.0
828.0,12.0
828.0,536.0
828.0,979.0
828.0,212.0
828.0,68.0
829.0,694.0
829.0,698.0
829.0,739.0
829.0,138.0
829.0,565.0
829.0,371.0
829.0,982.0
829.0,284.0
829.0,335.0
829.0,517.0
829.0,491.0
829.0,865.0
830.0,711.0
830.0,464.0
830.0,739.0
830.0,91.0
830.0,524.0
830.0,23.0
830.0,442.0
830.0,610.0
830.0,686.0
830.0,554.0
830.0,856.0
830.0,981.0
831.0,603.0
831.0,480.0
831.0,535.0
831.0,963.0
831.0,397.0
831.0,311.0
831.0,488.0
831.0,147.0
831.0,611.0
831.0,563.0
831.0,528.0
831.0,285.0
832.0,438.0
832.0,93.0
832.0,189.0
832.0,637.0
832.0,538.0
832.0,40.0
832.0,959.0
832.0,989.0
832.0,605.0
832.0,835.0
832.0,385.0
832.0,20.0
833.0,580.0
833.0,16.0
833.0,537.0
833.0,589.0
833.0,291.0
833.0,810.0
833.0,355.0
833.0,708.0
833.0,825.0
833.0,569.0
833.0,247.0
833.0,585.0
834.0,301.0
834.0,498.0
834.0,705.0
834.0,428.0
834.0,657.0
834.0,436.0
834.0,411.0
834.0,579.0
834.0,742.0
834.0,211.0
834.0,537.0
834.0,905.0
835.0,970.0
835.0,292.0
835.0,801.0
835.0,648.0
835.0,655.0
835.0,862.0
835.0,492.0
835.0,988.0
835.0,378.0
835.0,24.0
835.0,575.0
835.0,861.0
836.0,1021.0
836.0,208.0
836.0,110.0
836.0,456.0
836.0,112.0
836.0,424.0
836.0,622.0
836.0,978.0
836.0,852.0
836.0,1012.0
836.0,805.0
836.0,567.0
837.0,831.0
837.0,408.0
837.0,319.0
837.0,145.0
837.0,290.0
837.0,640.0
837.0,749.0
837.0,834.0
837.0,117.0
837.0,964.0
837.0,955.0
837.0,334.0
838.0,988.0
838.0,1025.0
838.0,643.0
838.0,42.0
838.0,138.0
838.0,492.0
838.0,809.0
838.0,280.0
838.0,1004.0
838.0,942.0
838.0,706.0
838.0,575.0
839.0,215.0
839.0,431.0
839.0,537.0
839.0,349.0
839.0,330.0
839.0,491.0
839.0,814.0
839.0,188.0
839.0,267.0
839.0,718.0
839.0,528.0
839.0,218.0
840.0,663.0
840.0,713.0
840.0,950.0
840.0,309.0
840.0,252.0
840.0,698.0
840.0,945.0
840.0,322.0
840.0,504.0
840.0,162.0
840.0,544.0
840.0,1008.0
841.0,120.0
841.0,613.0
841.0,325.0
841.0,595.0
841.0,980.0
841.0,348.0
841.0,3.0
841.0,230.0
841.0,802.0
841.0,390.0
841.0,306.0
841.0,768.0
842.0,41.0
842.0,954.0
842.0,467.0
842.0,980.0
842.0,273.0
842.0,660.0
842.0,1022.0
842.0,254.0
842.0,717.0
842.0,804.0
842.0,611.0
842.0,947.0
843.0,660.0
843.0,180.0
843.0,1034.0
843.0,282.0
843.0,562.0
843.0,350.0
843.0,936.0
843.0,564.0
843.0,247.0
843.0,757.0
843.0,957.0
843.0,238.0
844.0,15.0
844.0,208.0
844.0,584.0
844.0,368.0
844.0,75.0
844.0,154.0
844.0,571.0
844.0,231.0
844.0,304.0
844.0,308.0
844.0,1012.0
844.0,655.0
845.0,820.0
845.0,639.0
845.0,159.0
845.0,423.0
845.0,4.0
845.0,691.0
845.0,900.0
845.0,221.0
845.0,665.0
845.0,531.0
845.0,603.0
845.0,542.0
846.0,931.0
846.0,667.0
846.0,682.0
846.0,838.0
846.0,1006.0
846.0,507.0
846.0,61.0
846.0,183.0
846.0,744.0
846.0,428.0
846.0,746.0
846.0,449.0
847.0,718.0
847.0,357.0
847.0,250.0
847.0,481.0
847.0,212.0
847.0,552.0
847.0,935.0
847.0,537.0
847.0,182.0
847.0,559.0
847.0,713.0
847.0,80.0
848.0,399.0
848.0,77.0
848.0,656.0
848.0,281.0
848.0,920.0
848.0,710.0
848.0,317.0
848.0,876.0
848.0,1005.0
848.0,979.0
848.0,938.0
848.0,539.0
849.0,686.0
849.0,732.0
849.0,747.0
849.0,35.0
849.0,858.0
849.0,271.0
849.0,752.0
849.0,881.0
849.0,938.0
849.0,825.0
849.0,658.0
849.0,929.0
850.0,961.0
850.0,855.0
850.0,0.0
850.0,892.0
850.0,774.0
850.0,814.0
850.0,57.0
850.0,562.0
850.0,71.0
850.0,715.0
850.0,298.0
850.0,67.0
851.0,124.0
851.0,766.0
851.0,376.0
851.0,495.0
851.0,600.0
851.0,546.0
851.0,52.0
851.0,277.0
851.0,915.0
851.0,653.0
851.0,312.0
851.0,191.0
852.0,1011.0
852.0,319.0
852.0,687.0
852.0,212.0
852.0,499.0
852.0,241.0
852.0,700.0
852.0,326.0
852.0,740.0
852.0,787.0
852.0,803.0
852.0,189.0
853.0,837.0
853.0,575.0
853.0,290.0
853.0,187.0
853.0,620.0
853.0,711.0
853.0,922.0
853.0,368.0
853.0,166.0
853.0,552.0
853.0,351.0
853.0,929.0
854.0,649.0
854.0,477.0
854.0,373.0
854.0,23.0
854.0,991.0
854.0,890.0
854.0,943.0
854.0,788.0
854.0,591.0
854.0,258.0
854.0,9.0
854.0,415.0
855.0,630.0
855.0,605.0
855.0,469.0
855.0,153.0
855.0,955.0
855.0,217.0
855.0,735.0
855.0,878.0
855.0,709.0
855.0,394.0
855.0,968.0
855.0,1026.0
856.0,836.0
856.0,125.0
856.0,633.0
856.0,499.0
856.0,438.0
856.0,571.0
856.0,1006.0
856.0,1004.0
856.0,374.0
856.0,994.0
856.0,933.0
856.0,150.0
857.0,543.0
857.0,958.0
857.0,205.0
857.0,980.0
857.0,270.0
857.0,207.0
857.0,291.0
857.0,29.0
857.0,350.0
857.0,373.0
857.0,652.0
857.0,438.0
858.0,876.0
858.0,1006.0
858.0,779.0
858.0,7.0
858.0,251.0
858.0,383.0
858.0,741.0
858.0,447.0
858.0,714.0
858.0,391.0
858.0,272.0
858.0,673.0
859.0,972.0
859.0,345.0
859.0,1021.0
859.0,31.0
859.0,784.0
859.0,88.0
859.0,509.0
859.0,709.0
859.0,918.0
859.0,627.0
859.0,439.0
859.0,278.0
860.0,574.0
860.0,57.0
860.0,102.0
860.0,80.0
860.0,226.0
860.0,326.0
860.0,798.0
860.0,420.0
860.0,206.0
860.0,169.0
860.0,536.0
860.0,874.0
861.0,516.0
861.0,952.0
861.0,557.0
861.0,196.0
861.0,612.0
861.0,416.0
861.0,623.0
861.0,688.0
861.0,66.0
861.0,429.0
861.0,692.0
861.0,943.0
862.0,15.0
862.0,119.0
862.0,162.0
862.0,467.0
862.0,416.0
862.0,879.0
862.0,988.0
862.0,863.0
862.0,1010.0
862.0,363.0
862.0,258.0
862.0,217.0
863.0,276.0
863.0,853.0
863.0,512.0
863.0,809.0
863.0,932.0
863.0,278.0
863.0,773.0
863.0,1030.0
863.0,479.0
863.0,430.0
863.0,524.0
863.0,923.0
864.0,265.0
864.0,807.0
864.0,982.0
864.0,932.0
864.0,157.0
864.0,840.0
864.0,277.0
864.0,836.0
864.0,396.0
864.0,674.0
864.0,492.0
864.0,333.0
865.0,57.0
865.0,738.0
865.0,811.0
865.0,189.0
865.0,463.0
865.0,486.0
865.0,46.0
865.0,429.0
865.0,705.0
865.0,94.0
865.0,721.0
865.0,166.0
866.0,196.0
866.0,267.0
866.0,44.0
866.0,975.0
866.0,164.0
866.0,563.0
866.0,450.0
866.0,94.0
866.0,181.0
866.0,479.0
866.0,1019.0
866.0,254.0
867.0,258.0
867.0,137.0
867.0,628.0
867.0,102.0
867.0,668.0
867.0,313.0
867.0,176.0
867.0,903.0
867.0,684.0
867.0,326.0
867.0,659.0
867.0,592.0
868.0,973.0
868.0,1019.0
868.0,482.0
868.0,63.0
868.0,91.0
868.0,705.0
868.0,917.0
868.0,732.0
868.0,740.0
868.0,352.0
868.0,177.0
868.0,832.0
869.0,370.0
869.0,430.0
869.0,735.0
869.0,624.0
869.0,571.0
869.0,773.0
869.0,615.0
869.0,434.0
869.0,170.0
869.0,1000.0
869.0,431.0
869.0,683.0
870.0,949.0
870.0,722.0
870.0,93.0
870.0,927.0
870.0,446.0
870.0,456.0
870.0,101.0
870.0,307.0
870.0,100.0
870.0,386.0
870.0,312.0
870.0,1012.0
871.0,993.0
871.0,736.0
871.0,182.0
871.0,587.0
871.0,767.0
871.0,811.0
871.0,864.0
871.0,423.0
871.0,264.0
871.0,836.0
871.0,597.0
871.0,728.0
872.0,923.0
872.0,200.0
872.0,180.0
872.0,352.0
872.0,456.0
872.0,458.0
872.0,144.0
872.0,762.0
872.0,691.0
872.0,941.0
872.0,467.0
872.0,586.0
873.0,502.0
873.0,849.0
873.0,901.0
873.0,792.0
873.0,785.0
873.0,222.0
873.0,416.0
873.0,202.0
873.0,820.0
873.0,141.0
873.0,33.0
873.0,852.0
874.0,638.0
874.0,123.0
874.0,397.0
874.0,687.0
874.0,370.0
874.0,929.0
874.0,781.0
874.0,898.0
874.0,931.0
874.0,883.0
874.0,204.0
874.0,55.0
875.0,246.0
875.0,9.0
875.0,36.0
875.0,251.0
875.0,952.0
875.0,730.0
875.0,960.0
875.0,1032.0
875.0,303.0
875.0,935.0
875.0,13.0
875.0,370.0
876.0,379.0
876.0,275.0
876.0,410.0
876.0,246.0
876.0,670.0
876.0,555.0
876.0,251.0
876.0,443.0
876.0,584.0
876.0,952.0
876.0,951.0
876.0,37.0
877.0,430.0
877.0,212.0
877.0,900.0
877.0,674.0
877.0,744.0
877.0,203.0
877.0,473.0
877.0,1003.0
877.0,179.0
877.0,1014.0
877.0,945.0
877.0,894.0
878.0,456.0
878.0,615.0
878.0,65.0
878.0,904.0
878.0,321.0
878.0,10.0
878.0,518.0
878.0,95.0
878.0,847.0
878.0,550.0
878.0,137.0
878.0,941.0
879.0,853.0
879.0,844.0
879.0,423.0
879.0,67.0
879.0,629.0
879.0,370.0
879.0,1025.0
879.0,586.0
879.0,179.0
879.0,170.0
879.0,449.0
879.0,620.0
880.0,127.0
880.0,760.0
880.0,947.0
880.0,573.0
880.0,948.0
880.0,550.0
880.0,226.0
880.0,380.0
880.0,89.0
880.0,850.0
880.0,768.0
880.0,953.0
881.0,205.0
881.0,22.0
881.0,929.0
881.0,122.0
881.0,81.0
881.0,224.0
881.0,1027.0
881.0,84.0
881.0,82.0
881.0,1016.0
881.0,812.0
881.0,182.0
882.0,490.0
882.0,335.0
882.0,227.0
882.0,602.0
882.0,521.0
882.0,65.0
882.0,506.0
882.0,432.0
882.0,657.0
882.0,713.0
882.0,512.0
882.0,426.0
883.0,581.0
883.0,131.0
883.0,912.0
883.0,939.0
883.0,335.0
883.0,902.0
883.0,38.0
883.0,167.0
883.0,257.0
883.0,405.0
883.0,584.0
883.0,790.0
884.0,473.0
884.0,715.0
884.0,596.0
884.0,725.0
884.0,335.0
884.0,759.0
884.0,871.0
884.0,629.0
884.0,268.0
884.0,805.0
884.0,79.0
884.0,970.0
885.0,782.0
885.0,613.0
885.0,184.0
885.0,588.0
885.0,488.0
885.0,649.0
885.0,814.0
885.0,142.0
885.0,409.0
885.0,679.0
885.0,726.0
885.0,1034.0
886.0,578.0
886.0,660.0
886.0,435.0
886.0,167.0
886.0,633.0
886.0,384.0
886.0,949.0
886.0,369.0
886.0,983.0
886.0,889.0
886.0,323.0
886.0,910.0
887.0,868.0
887.0,196.0
887.0,330.0
887.0,924.0
887.0,606.0
887.0,261.0
887.0,323.0
887.0,299.0
887.0,127.0
887.0,756.0
887.0,450.0
887.0,862.0
888.0,802.0
888.0,587.0
888.0,484.0
888.0,740.0
888.0,65.0
888.0,378.0
888.0,961.0
888.0,374.0
888.0,760.0
888.0,887.0
888.0,708.0
888.0,970.0
889.0,785.0
889.0,1008.0
889.0,56.0
889.0,475.0
889.0,985.0
889.0,415.0
889.0,655.0
889.0,196.0
889.0,820.0
889.0,717.0
889.0,749.0
889.0,136.0
890.0,1019.0
890.0,805.0
890.0,863.0
890.0,773.0
890.0,69.0
890.0,503.0
890.0,329.0
890.0,662.0
890.0,925.0
890.0,417.0
890.0,334.0
890.0,176.0
891.0,584.0
891.0,107.0
891.0,696.0
891.0,171.0
891.0,223.0
891.0,422.0
891.0,806.0
891.0,276.0
891.0,46.0
891.0,14.0
891.0,489.0
891.0,751.0
892.0,459.0
892.0,552.0
892.0,880.0
892.0,899.0
892.0,827.0
892.0,350.0
892.0,156.0
892.0,397.0
892.0,438.0
892.0,420.0
892.0,192.0
892.0,71.0
893.0,723.0
893.0,358.0
893.0,974.0
893.0,745.0
893.0,874.0
893.0,788.0
893.0,775.0
893.0,142.0
893.0,528.0
893.0,155.0
893.0,156.0
893.0,153.0
894.0,525.0
894.0,729.0
894.0,29.0
894.0,883.0
894.0,765.0
894.0,711.0
894.0,273.0
894.0,819.0
894.0,220.0
894.0,1029.0
894.0,934.0
894.0,497.0
895.0,687.0
895.0,513.0
895.0,51.0
895.0,756.0
895.0,979.0
895.0,640.0
895.0,217.0
895.0,269.0
895.0,558.0
895.0,853.0
895.0,65.0
895.0,296.0
896.0,630.0
896.0,596.0
896.0,388.0
896.0,198.0
896.0,200.0
896.0,798.0
896.0,963.0
896.0,65.0
896.0,351.0
896.0,912.0
896.0,490.0
896.0,648.0
897.0,496.0
897.0,77.0
897.0,559.0
897.0,70.0
897.0,434.0
897.0,997.0
897.0,960.0
897.0,670.0
897.0,479.0
897.0,794.0
897.0,702.0
897.0,508.0
898.0,302.0
898.0,295.0
898.0,949.0
898.0,1020.0
898.0,471.0
898.0,14.0
898.0,713.0
898.0,52.0
898.0,751.0
898.0,517.0
898.0,983.0
898.0,551.0
899.0,782.0
899.0,781.0
899.0,607.0
899.0,184.0
899.0,804.0
899.0,43.0
899.0,841.0
899.0,615.0
899.0,1015.0
899.0,717.0
899.0,726.0
899.0,681.0
900.0,563.0
900.0,847.0
900.0,370.0
900.0,706.0
900.0,203.0
900.0,887.0
900.0,29.0
900.0,66.0
900.0,507.0
900.0,668.0
900.0,742.0
900.0,863.0
901.0,557.0
901.0,24.0
901.0,449.0
901.0,830.0
901.0,227.0
901.0,96.0
901.0,721.0
901.0,151.0
901.0,874.0
901.0,300.0
901.0,294.0
901.0,818.0
902.0,133.0
902.0,256.0
902.0,746.0
902.0,330.0
902.0,66.0
902.0,637.0
902.0,395.0
902.0,603.0
902.0,659.0
902.0,839.0
902.0,856.0
902.0,877.0
903.0,596.0
903.0,413.0
903.0,61.0
903.0,987.0
903.0,143.0
903.0,899.0
903.0,769.0
903.0,890.0
903.0,1023.0
903.0,331.0
903.0,299.0
903.0,599.0
904.0,63.0
904.0,888.0
904.0,930.0
904.0,675.0
904.0,467.0
904.0,579.0
904.0,93.0
904.0,161.0
904.0,1021.0
904.0,796.0
904.0,693.0
904.0,918.0
905.0,860.0
905.0,700.0
905.0,423.0
905.0,1027.0
905.0,378.0
905.0,805.0
905.0,168.0
905.0,948.0
905.0,732.0
905.0,514.0
905.0,565.0
905.0,486.0
906.0,14.0
906.0,651.0
906.0,694.0
906.0,557.0
906.0,1001.0
906.0,696.0
906.0,61.0
906.0,219.0
906.0,308.0
906.0,916.0
906.0,670.0
906.0,683.0
907.0,820.0
907.0,131.0
907.0,287.0
907.0,292.0
907.0,1006.0
907.0,894.0
907.0,513.0
907.0,754.0
907.0,856.0
907.0,791.0
907.0,276.0
907.0,119.0
908.0,667.0
908.0,757.0
908.0,246.0
908.0,686.0
908.0,997.0
908.0,447.0
908.0,761.0
908.0,897.0
908.0,483.0
908.0,748.0
908.0,340.0
908.0,135.0
909.0,922.0
909.0,1025.0
909.0,52.0
909.0,57.0
909.0,972.0
909.0,300.0
909.0,873.0
909.0,502.0
909.0,383.0
909.0,233.0
909.0,713.0
909.0,277.0
910.0,682.0
910.0,983.0
910.0,713.0
910.0,138.0
910.0,704.0
910.0,344.0
910.0,702.0
910.0,583.0
910.0,973.0
910.0,231.0
910.0,453.0
910.0,555.0
911.0,979.0
911.0,867.0
911.0,962.0
911.0,731.0
911.0,729.0
911.0,174.0
911.0,752.0
911.0,215.0
911.0,995.0
911.0,480.0
911.0,914.0
911.0,421.0
912.0,553.0
912.0,23.0
912.0,189.0
912.0,330.0
912.0,1006.0
912.0,877.0
912.0,256.0
912.0,866.0
912.0,790.0
912.0,74.0
912.0,75.0
912.0,925.0
913.0,27.0
913.0,714.0
913.0,283.0
913.0,692.0
913.0,374.0
913.0,890.0
913.0,275.0
913.0,970.0
913.0,732.0
913.0,568.0
913.0,481.0
913.0,231.0
914.0,978.0
914.0,535.0
914.0,64.0
914.0,608.0
914.0,490.0
914.0,373.0
914.0,745.0
914.0,781.0
914.0,573.0
914.0,285.0
914.0,267.0
914.0,723.0
915.0,807.0
915.0,345.0
915.0,44.0
915.0,851.0
915.0,195.0
915.0,457.0
915.0,337.0
915.0,229.0
915.0,881.0
915.0,910.0
915.0,472.0
915.0,324.0
916.0,46.0
916.0,130.0
916.0,503.0
916.0,694.0
916.0,1006.0
916.0,853.0
916.0,371.0
916.0,73.0
916.0,568.0
916.0,608.0
916.0,227.0
916.0,483.0
917.0,497.0
917.0,264.0
917.0,332.0
917.0,793.0
917.0,1021.0
917.0,112.0
917.0,811.0
917.0,485.0
917.0,140.0
917.0,225.0
917.0,602.0
917.0,927.0
918.0,767.0
918.0,872.0
918.0,870.0
918.0,486.0
918.0,200.0
918.0,572.0
918.0,360.0
918.0,137.0
918.0,809.0
918.0,917.0
918.0,359.0
918.0,735.0
919.0,32.0
919.0,900.0
919.0,287.0
919.0,620.0
919.0,944.0
919.0,973.0
919.0,1005.0
919.0,860.0
919.0,78.0
919.0,990.0
919.0,4.0
919.0,383.0
920.0,568.0
920.0,502.0
920.0,949.0
920.0,636.0
920.0,324.0
920.0,479.0
920.0,112.0
920.0,498.0
920.0,1029.0
920.0,280.0
920.0,997.0
920.0,581.0
921.0,1008.0
921.0,187.0
921.0,546.0
921.0,514.0
921.0,30.0
921.0,874.0
921.0,524.0
921.0,341.0
921.0,830.0
921.0,434.0
921.0,198.0
921.0,475.0
922.0,731.0
922.0,535.0
922.0,846.0
922.0,404.0
922.0,697.0
922.0,755.0
922.0,334.0
922.0,431.0
922.0,24.0
922.0,1029.0
922.0,701.0
922.0,554.0
923.0,874.0
923.0,238.0
923.0,732.0
923.0,460.0
923.0,772.0
923.0,226.0
923.0,341.0
923.0,331.0
923.0,210.0
923.0,738.0
923.0,749.0
923.0,42.0
924.0,574.0
924.0,248.0
924.0,59.0
924.0,847.0
924.0,1005.0
924.0,813.0
924.0,143.0
924.0,634.0
924.0,150.0
924.0,707.0
924.0,534.0
924.0,845.0
925.0,313.0
925.0,25.0
925.0,188.0
925.0,107.0
925.0,997.0
925.0,163.0
925.0,706.0
925.0,473.0
925.0,832.0
925.0,103.0
925.0,648.0
925.0,232.0
926.0,504.0
926.0,212.0
926.0,68.0
926.0,691.0
926.0,754.0
926.0,989.0
926.0,769.0
926.0,880.0
926.0,491.0
926.0,108.0
926.0,1016.0
926.0,955.0
927.0,805.0
927.0,639.0
927.0,565.0
927.0,100.0
927.0,449.0
927.0,150.0
927.0,158.0
927.0,411.0
927.0,711.0
927.0,298.0
927.0,864.0
927.0,793.0
928.0,714.0
928.0,824.0
928.0,597.0
928.0,874.0
928.0,472.0
928.0,438.0
928.0,373.0
928.0,369.0
928.0,411.0
928.0,483.0
928.0,541.0
928.0,115.0
929.0,928.0
929.0,580.0
929.0,837.0
929.0,925.0
929.0,464.0
929.0,213.0
929.0,290.0
929.0,435.0
929.0,12.0
929.0,363.0
929.0,997.0
929.0,355.0
930.0,314.0
930.0,1021.0
930.0,887.0
930.0,394.0
930.0,336.0
930.0,509.0
930.0,62.0
930.0,883.0
930.0,606.0
930.0,863.0
930.0,1012.0
930.0,230.0
931.0,852.0
931.0,383.0
931.0,217.0
931.0,84.0
931.0,942.0
931.0,754.0
931.0,559.0
931.0,261.0
931.0,332.0
931.0,678.0
931.0,214.0
931.0,599.0
932.0,387.0
932.0,370.0
932.0,286.0
932.0,121.0
932.0,921.0
932.0,155.0
932.0,383.0
932.0,66.0
932.0,513.0
932.0,252.0
932.0,334.0
932.0,744.0
933.0,808.0
933.0,967.0
933.0,609.0
933.0,773.0
933.0,662.0
933.0,374.0
933.0,705.0
933.0,914.0
933.0,290.0
933.0,583.0
933.0,181.0
933.0,310.0
934.0,119.0
934.0,107.0
934.0,113.0
934.0,628.0
934.0,576.0
934.0,17.0
934.0,868.0
934.0,336.0
934.0,790.0
934.0,955.0
934.0,428.0
934.0,644.0
935.0,619.0
935.0,522.0
935.0,434.0
935.0,391.0
935.0,463.0
935.0,758.0
935.0,491.0
935.0,631.0
935.0,548.0
935.0,747.0
935.0,1013.0
935.0,638.0
936.0,406.0
936.0,776.0
936.0,401.0
936.0,745.0
936.0,724.0
936.0,21.0
936.0,247.0
936.0,329.0
936.0,291.0
936.0,804.0
936.0,405.0
936.0,487.0
937.0,206.0
937.0,804.0
937.0,943.0
937.0,729.0
937.0,84.0
937.0,897.0
937.0,508.0
937.0,1005.0
937.0,535.0
937.0,873.0
937.0,662.0
937.0,523.0
938.0,718.0
938.0,733.0
938.0,981.0
938.0,32.0
938.0,826.0
938.0,542.0
938.0,235.0
938.0,682.0
938.0,931.0
938.0,895.0
938.0,43.0
938.0,215.0
939.0,164.0
939.0,872.0
939.0,351.0
939.0,110.0
939.0,112.0
939.0,424.0
939.0,500.0
939.0,473.0
939.0,415.0
939.0,938.0
939.0,497.0
939.0,672.0
940.0,589.0
940.0,777.0
940.0,83.0
940.0,443.0
940.0,1022.0
940.0,937.0
940.0,272.0
940.0,618.0
940.0,374.0
940.0,956.0
940.0,355.0
940.0,288.0
941.0,832.0
941.0,54.0
941.0,241.0
941.0,531.0
941.0,387.0
941.0,330.0
941.0,397.0
941.0,821.0
941.0,89.0
941.0,563.0
941.0,378.0
941.0,895.0
942.0,146.0
942.0,989.0
942.0,959.0
942.0,233.0
942.0,513.0
942.0,327.0
942.0,591.0
942.0,115.0
942.0,217.0
942.0,286.0
942.0,343.0
942.0,203.0
943.0,83.0
943.0,412.0
943.0,819.0
943.0,80.0
943.0,832.0
943.0,723.0
943.0,373.0
943.0,236.0
943.0,263.0
943.0,750.0
943.0,831.0
943.0,684.0
944.0,808.0
944.0,334.0
944.0,1012.0
944.0,383.0
944.0,4.0
944.0,15.0
944.0,659.0
944.0,958.0
944.0,214.0
944.0,66.0
944.0,994.0
944.0,182.0
945.0,4.0
945.0,243.0
945.0,283.0
945.0,307.0
945.0,15.0
945.0,612.0
945.0,725.0
945.0,900.0
945.0,217.0
945.0,102.0
945.0,781.0
945.0,241.0
946.0,179.0
946.0,612.0
946.0,80.0
946.0,874.0
946.0,287.0
946.0,310.0
946.0,119.0
946.0,594.0
946.0,436.0
946.0,97.0
946.0,212.0
946.0,168.0
947.0,987.0
947.0,466.0
947.0,658.0
947.0,42.0
947.0,837.0
947.0,573.0
947.0,589.0
947.0,737.0
947.0,900.0
947.0,923.0
947.0,946.0
947.0,769.0
948.0,81.0
948.0,327.0
948.0,136.0
948.0,140.0
948.0,662.0
948.0,967.0
948.0,449.0
948.0,296.0
948.0,436.0
948.0,991.0
948.0,608.0
948.0,895.0
949.0,929.0
949.0,634.0
949.0,369.0
949.0,205.0
949.0,310.0
949.0,472.0
949.0,623.0
949.0,734.0
949.0,894.0
949.0,570.0
949.0,165.0
949.0,191.0
950.0,357.0
950.0,698.0
950.0,319.0
950.0,1024.0
950.0,527.0
950.0,607.0
950.0,208.0
950.0,539.0
950.0,248.0
950.0,572.0
950.0,834.0
950.0,168.0
951.0,272.0
951.0,410.0
951.0,578.0
951.0,13.0
951.0,548.0
951.0,858.0
951.0,817.0
951.0,778.0
951.0,661.0
951.0,730.0
951.0,532.0
951.0,470.0
952.0,541.0
952.0,268.0
952.0,194.0
952.0,301.0
952.0,749.0
952.0,172.0
952.0,151.0
952.0,985.0
952.0,25.0
952.0,913.0
952.0,84.0
952.0,346.0
953.0,733.0
953.0,42.0
953.0,737.0
953.0,794.0
953.0,6.0
953.0,799.0
953.0,258.0
953.0,160.0
953.0,470.0
953.0,749.0
953.0,281.0
953.0,1000.0
954.0,206.0
954.0,1006.0
954.0,368.0
954.0,307.0
954.0,691.0
954.0,78.0
954.0,296.0
954.0,624.0
954.0,887.0
954.0,1019.0
954.0,149.0
954.0,765.0
955.0,299.0
955.0,949.0
955.0,706.0
955.0,182.0
955.0,189.0
955.0,978.0
955.0,318.0
955.0,877.0
955.0,743.0
955.0,712.0
955.0,214.0
955.0,725.0
956.0,856.0
956.0,827.0
956.0,156.0
956.0,107.0
956.0,169.0
956.0,987.0
956.0,596.0
956.0,667.0
956.0,318.0
956.0,924.0
956.0,226.0
956.0,580.0
957.0,947.0
957.0,201.0
957.0,776.0
957.0,362.0
957.0,720.0
957.0,86.0
957.0,508.0
957.0,981.0
957.0,899.0
957.0,114.0
957.0,448.0
957.0,106.0
958.0,1004.0
958.0,769.0
958.0,614.0
958.0,380.0
958.0,946.0
958.0,423.0
958.0,504.0
958.0,611.0
958.0,79.0
958.0,349.0
958.0,956.0
958.0,813.0
959.0,933.0
959.0,714.0
959.0,732.0
959.0,242.0
959.0,614.0
959.0,539.0
959.0,1009.0
959.0,945.0
959.0,154.0
959.0,755.0
959.0,577.0
959.0,890.0
960.0,575.0
960.0,794.0
960.0,466.0
960.0,900.0
960.0,557.0
960.0,940.0
960.0,33.0
960.0,312.0
960.0,894.0
960.0,574.0
960.0,570.0
960.0,542.0
961.0,57.0
961.0,339.0
961.0,374.0
961.0,793.0
961.0,1007.0
961.0,482.0
961.0,691.0
961.0,803.0
961.0,363.0
961.0,491.0
961.0,42.0
961.0,25.0
962.0,794.0
962.0,101.0
962.0,66.0
962.0,998.0
962.0,631.0
962.0,723.0
962.0,995.0
962.0,986.0
962.0,401.0
962.0,301.0
962.0,774.0
962.0,207.0
963.0,343.0
963.0,355.0
963.0,623.0
963.0,911.0
963.0,794.0
963.0,889.0
963.0,2.0
963.0,820.0
963.0,812.0
963.0,7.0
963.0,658.0
963.0,362.0
964.0,319.0
964.0,592.0
964.0,625.0
964.0,668.0
964.0,253.0
964.0,1029.0
964.0,279.0
964.0,47.0
964.0,317.0
964.0,755.0
964.0,27.0
964.0,711.0
965.0,759.0
965.0,764.0
965.0,7.0
965.0,986.0
965.0,758.0
965.0,834.0
965.0,935.0
965.0,196.0
965.0,516.0
965.0,259.0
965.0,1017.0
965.0,412.0
966.0,821.0
966.0,722.0
966.0,137.0
966.0,150.0
966.0,162.0
966.0,588.0
966.0,765.0
966.0,30.0
966.0,878.0
966.0,629.0
966.0,461.0
966.0,689.0
967.0,939.0
967.0,665.0
967.0,466.0
967.0,176.0
967.0,371.0
967.0,494.0
967.0,624.0
967.0,978.0
967.0,479.0
967.0,860.0
967.0,444.0
967.0,987.0
968.0,735.0
968.0,225.0
968.0,209.0
968.0,863.0
968.0,522.0
968.0,452.0
968.0,150.0
968.0,830.0
968.0,474.0
968.0,53.0
968.0,237.0
968.0,823.0
969.0,319.0
969.0,830.0
969.0,687.0
969.0,280.0
969.0,138.0
969.0,870.0
969.0,721.0
969.0,970.0
969.0,967.0
969.0,279.0
969.0,155.0
969.0,75.0
970.0,866.0
970.0,146.0
970.0,538.0
970.0,383.0
970.0,224.0
970.0,500.0
970.0,986.0
970.0,725.0
970.0,1020.0
970.0,198.0
970.0,732.0
970.0,566.0
971.0,981.0
971.0,304.0
971.0,711.0
971.0,279.0
971.0,735.0
971.0,310.0
971.0,228.0
971.0,925.0
971.0,55.0
971.0,788.0
971.0,536.0
971.0,737.0
972.0,100.0
972.0,209.0
972.0,211.0
972.0,309.0
972.0,883.0
972.0,162.0
972.0,392.0
972.0,274.0
972.0,58.0
972.0,572.0
972.0,364.0
972.0,185.0
973.0,299.0
973.0,513.0
973.0,748.0
973.0,958.0
973.0,151.0
973.0,732.0
973.0,407.0
973.0,4.0
973.0,483.0
973.0,296.0
973.0,279.0
973.0,319.0
974.0,146.0
974.0,731.0
974.0,929.0
974.0,861.0
974.0,566.0
974.0,508.0
974.0,553.0
974.0,269.0
974.0,574.0
974.0,427.0
974.0,592.0
974.0,992.0
975.0,838.0
975.0,728.0
975.0,169.0
975.0,842.0
975.0,1016.0
975.0,29.0
975.0,991.0
975.0,724.0
975.0,659.0
975.0,368.0
975.0,707.0
975.0,336.0
976.0,774.0
976.0,573.0
976.0,869.0
976.0,699.0
976.0,862.0
976.0,279.0
976.0,204.0
976.0,902.0
976.0,70.0
976.0,680.0
976.0,594.0
976.0,625.0
977.0,296.0
977.0,503.0
977.0,577.0
977.0,310.0
977.0,335.0
977.0,422.0
977.0,642.0
977.0,969.0
977.0,599.0
977.0,525.0
977.0,1025.0
977.0,411.0
978.0,481.0
978.0,926.0
978.0,917.0
978.0,553.0
978.0,624.0
978.0,235.0
978.0,581.0
978.0,193.0
978.0,672.0
978.0,945.0
978.0,407.0
978.0,283.0
979.0,220.0
979.0,359.0
979.0,460.0
979.0,210.0
979.0,373.0
979.0,895.0
979.0,860.0
979.0,799.0
979.0,19.0
979.0,165.0
979.0,706.0
979.0,327.0
980.0,433.0
980.0,947.0
980.0,405.0
980.0,394.0
980.0,144.0
980.0,19.0
980.0,615.0
980.0,786.0
980.0,221.0
980.0,208.0
980.0,311.0
980.0,652.0
981.0,215.0
981.0,261.0
981.0,268.0
981.0,877.0
981.0,79.0
981.0,156.0
981.0,745.0
981.0,147.0
981.0,326.0
981.0,960.0
981.0,852.0
981.0,536.0
982.0,498.0
982.0,429.0
982.0,242.0
982.0,791.0
982.0,1.0
982.0,426.0
982.0,698.0
982.0,1007.0
982.0,525.0
982.0,333.0
982.0,411.0
982.0,1018.0
983.0,455.0
983.0,990.0
983.0,178.0
983.0,205.0
983.0,886.0
983.0,391.0
983.0,489.0
983.0,383.0
983.0,301.0
983.0,557.0
983.0,944.0
983.0,559.0
984.0,840.0
984.0,779.0
984.0,361.0
984.0,1025.0
984.0,322.0
984.0,396.0
984.0,130.0
984.0,1035.0
984.0,927.0
984.0,233.0
984.0,498.0
984.0,1028.0
985.0,894.0
985.0,952.0
985.0,218.0
985.0,1028.0
985.0,530.0
985.0,546.0
985.0,369.0
985.0,817.0
985.0,755.0
985.0,670.0
985.0,202.0
985.0,752.0
986.0,845.0
986.0,16.0
986.0,343.0
986.0,83.0
986.0,611.0
986.0,971.0
986.0,861.0
986.0,1016.0
986.0,372.0
986.0,156.0
986.0,731.0
986.0,566.0
987.0,196.0
987.0,699.0
987.0,388.0
987.0,1034.0
987.0,822.0
987.0,156.0
987.0,664.0
987.0,530.0
987.0,475.0
987.0,477.0
987.0,478.0
987.0,304.0
988.0,58.0
988.0,956.0
988.0,509.0
988.0,993.0
988.0,895.0
988.0,164.0
988.0,556.0
988.0,969.0
988.0,612.0
988.0,504.0
988.0,501.0
988.0,446.0
989.0,131.0
989.0,150.0
989.0,296.0
989.0,753.0
989.0,948.0
989.0,61.0
989.0,214.0
989.0,143.0
989.0,894.0
989.0,805.0
989.0,4.0
989.0,837.0
990.0,489.0
990.0,384.0
990.0,659.0
990.0,256.0
990.0,781.0
990.0,410.0
990.0,158.0
990.0,84.0
990.0,733.0
990.0,901.0
990.0,692.0
990.0,631.0
991.0,566.0
991.0,710.0
991.0,146.0
991.0,6.0
991.0,1020.0
991.0,799.0
991.0,309.0
991.0,1035.0
991.0,415.0
991.0,463.0
991.0,370.0
991.0,125.0
992.0,773.0
992.0,75.0
992.0,955.0
992.0,15.0
992.0,565.0
992.0,747.0
992.0,846.0
992.0,226.0
992.0,1017.0
992.0,640.0
992.0,837.0
992.0,157.0
993.0,543.0
993.0,1023.0
993.0,502.0
993.0,905.0
993.0,85.0
993.0,220.0
993.0,787.0
993.0,927.0
993.0,722.0
993.0,441.0
993.0,452.0
993.0,1025.0
994.0,658.0
994.0,276.0
994.0,708.0
994.0,670.0
994.0,677.0
994.0,795.0
994.0,304.0
994.0,470.0
994.0,513.0
994.0,44.0
994.0,683.0
994.0,29.0
995.0,64.0
995.0,526.0
995.0,508.0
995.0,419.0
995.0,613.0
995.0,750.0
995.0,589.0
995.0,797.0
995.0,190.0
995.0,591.0
995.0,725.0
995.0,86.0
996.0,907.0
996.0,395.0
996.0,603.0
996.0,554.0
996.0,530.0
996.0,838.0
996.0,932.0
996.0,244.0
996.0,558.0
996.0,1016.0
996.0,261.0
996.0,959.0
997.0,772.0
997.0,994.0
997.0,855.0
997.0,55.0
997.0,952.0
997.0,445.0
997.0,998.0
997.0,421.0
997.0,900.0
997.0,569.0
997.0,929.0
997.0,631.0
998.0,402.0
998.0,184.0
998.0,892.0
998.0,465.0
998.0,769.0
998.0,731.0
998.0,381.0
998.0,508.0
998.0,893.0
998.0,207.0
998.0,270.0
998.0,684.0
999.0,681.0
999.0,166.0
999.0,200.0
999.0,988.0
999.0,10.0
999.0,499.0
999.0,904.0
999.0,941.0
999.0,24.0
999.0,763.0
999.0,338.0
999.0,282.0
1000.0,660.0
1000.0,6.0
1000.0,1019.0
1000.0,837.0
1000.0,460.0
1000.0,151.0
1000.0,417.0
1000.0,9.0
1000.0,769.0
1000.0,0.0
1000.0,755.0
1000.0,731.0
1001.0,271.0
1001.0,29.0
1001.0,98.0
1001.0,56.0
1001.0,294.0
1001.0,691.0
1001.0,759.0
1001.0,816.0
1001.0,72.0
1001.0,666.0
1001.0,783.0
1001.0,590.0
1002.0,17.0
1002.0,449.0
1002.0,932.0
1002.0,162.0
1002.0,362.0
1002.0,976.0
1002.0,632.0
1002.0,543.0
1002.0,958.0
1002.0,611.0
1002.0,65.0
1002.0,680.0
1003.0,163.0
1003.0,852.0
1003.0,624.0
1003.0,474.0
1003.0,438.0
1003.0,61.0
1003.0,834.0
1003.0,552.0
1003.0,1031.0
1003.0,809.0
1003.0,326.0
1003.0,925.0
1004.0,609.0
1004.0,250.0
1004.0,258.0
1004.0,847.0
1004.0,395.0
1004.0,717.0
1004.0,991.0
1004.0,415.0
1004.0,208.0
1004.0,681.0
1004.0,539.0
1004.0,1002.0
1005.0,875.0
1005.0,985.0
1005.0,897.0
1005.0,183.0
1005.0,835.0
1005.0,460.0
1005.0,848.0
1005.0,266.0
1005.0,638.0
1005.0,729.0
1005.0,178.0
1005.0,213.0
1006.0,119.0
1006.0,227.0
1006.0,367.0
1006.0,527.0
1006.0,149.0
1006.0,530.0
1006.0,919.0
1006.0,193.0
1006.0,691.0
1006.0,759.0
1006.0,235.0
1006.0,976.0
1007.0,315.0
1007.0,767.0
1007.0,516.0
1007.0,94.0
1007.0,47.0
1007.0,581.0
1007.0,30.0
1007.0,367.0
1007.0,692.0
1007.0,1009.0
1007.0,862.0
1007.0,553.0
1008.0,12.0
1008.0,607.0
1008.0,701.0
1008.0,516.0
1008.0,820.0
1008.0,228.0
1008.0,862.0
1008.0,473.0
1008.0,565.0
1008.0,687.0
1008.0,695.0
1008.0,108.0
1009.0,755.0
1009.0,565.0
1009.0,479.0
1009.0,756.0
1009.0,336.0
1009.0,6.0
1009.0,967.0
1009.0,27.0
1009.0,313.0
1009.0,906.0
1009.0,203.0
1009.0,501.0
1010.0,322.0
1010.0,427.0
1010.0,310.0
1010.0,446.0
1010.0,254.0
1010.0,420.0
1010.0,684.0
1010.0,516.0
1010.0,840.0
1010.0,335.0
1010.0,72.0
1010.0,624.0
1011.0,131.0
1011.0,252.0
1011.0,324.0
1011.0,158.0
1011.0,298.0
1011.0,304.0
1011.0,30.0
1011.0,154.0
1011.0,321.0
1011.0,17.0
1011.0,628.0
1011.0,637.0
1012.0,42.0
1012.0,706.0
1012.0,131.0
1012.0,690.0
1012.0,292.0
1012.0,545.0
1012.0,479.0
1012.0,368.0
1012.0,530.0
1012.0,902.0
1012.0,705.0
1012.0,83.0
1013.0,191.0
1013.0,107.0
1013.0,560.0
1013.0,668.0
1013.0,300.0
1013.0,273.0
1013.0,546.0
1013.0,594.0
1013.0,623.0
1013.0,491.0
1013.0,599.0
1013.0,166.0
1014.0,738.0
1014.0,835.0
1014.0,163.0
1014.0,803.0
1014.0,424.0
1014.0,17.0
1014.0,466.0
1014.0,167.0
1014.0,731.0
1014.0,1004.0
1014.0,946.0
1014.0,504.0
1015.0,630.0
1015.0,595.0
1015.0,768.0
1015.0,970.0
1015.0,382.0
1015.0,197.0
1015.0,114.0
1015.0,616.0
1015.0,541.0
1015.0,152.0
1015.0,86.0
1015.0,705.0
1016.0,395.0
1016.0,163.0
1016.0,296.0
1016.0,652.0
1016.0,258.0
1016.0,700.0
1016.0,1008.0
1016.0,672.0
1016.0,203.0
1016.0,909.0
1016.0,361.0
1016.0,481.0
1017.0,20.0
1017.0,353.0
1017.0,610.0
1017.0,866.0
1017.0,749.0
1017.0,157.0
1017.0,721.0
1017.0,44.0
1017.0,928.0
1017.0,686.0
1017.0,631.0
1017.0,658.0
1018.0,873.0
1018.0,573.0
1018.0,186.0
1018.0,700.0
1018.0,600.0
1018.0,377.0
1018.0,901.0
1018.0,610.0
1018.0,779.0
1018.0,874.0
1018.0,787.0
1018.0,929.0
1019.0,374.0
1019.0,235.0
1019.0,261.0
1019.0,581.0
1019.0,309.0
1019.0,56.0
1019.0,837.0
1019.0,609.0
1019.0,203.0
1019.0,691.0
1019.0,862.0
1019.0,176.0
1020.0,367.0
1020.0,895.0
1020.0,989.0
1020.0,324.0
1020.0,278.0
1020.0,217.0
1020.0,760.0
1020.0,332.0
1020.0,863.0
1020.0,182.0
1020.0,756.0
1020.0,127.0
1021.0,31.0
1021.0,326.0
1021.0,917.0
1021.0,364.0
1021.0,527.0
1021.0,254.0
1021.0,870.0
1021.0,793.0
1021.0,498.0
1021.0,452.0
1021.0,85.0
1021.0,871.0
1022.0,297.0
1022.0,484.0
1022.0,896.0
1022.0,641.0
1022.0,409.0
1022.0,488.0
1022.0,957.0
1022.0,144.0
1022.0,174.0
1022.0,477.0
1022.0,737.0
1022.0,406.0
1023.0,21.0
1023.0,550.0
1023.0,852.0
1023.0,131.0
1023.0,556.0
1023.0,143.0
1023.0,583.0
1023.0,139.0
1023.0,601.0
1023.0,878.0
1023.0,737.0
1023.0,41.0
1024.0,331.0
1024.0,47.0
1024.0,369.0
1024.0,949.0
1024.0,1017.0
1024.0,52.0
1024.0,482.0
1024.0,969.0
1024.0,756.0
1024.0,559.0
1024.0,852.0
1024.0,536.0
1025.0,170.0
1025.0,279.0
1025.0,334.0
1025.0,609.0
1025.0,812.0
1025.0,916.0
1025.0,1010.0
1025.0,296.0
1025.0,1027.0
1025.0,368.0
1025.0,414.0
1025.0,666.0
1026.0,728.0
1026.0,139.0
1026.0,1002.0
1026.0,574.0
1026.0,654.0
1026.0,1029.0
1026.0,715.0
1026.0,292.0
1026.0,576.0
1026.0,439.0
1026.0,230.0
1026.0,88.0
1027.0,553.0
1027.0,922.0
1027.0,847.0
1027.0,214.0
1027.0,622.0
1027.0,1000.0
1027.0,533.0
1027.0,29.0
1027.0,25.0
1027.0,96.0
1027.0,952.0
1027.0,374.0
1028.0,545.0
1028.0,906.0
1028.0,633.0
1028.0,792.0
1028.0,714.0
1028.0,455.0
1028.0,807.0
1028.0,983.0
1028.0,920.0
1028.0,568.0
1028.0,34.0
1028.0,629.0
1029.0,427.0
1029.0,395.0
1029.0,764.0
1029.0,662.0
1029.0,922.0
1029.0,725.0
1029.0,599.0
1029.0,754.0
1029.0,933.0
1029.0,786.0
1029.0,193.0
1029.0,1017.0
1030.0,530.0
1030.0,907.0
1030.0,815.0
1030.0,950.0
1030.0,66.0
1030.0,507.0
1030.0,76.0
1030.0,622.0
1030.0,430.0
1030.0,874.0
1030.0,149.0
1030.0,245.0
1031.0,996.0
1031.0,273.0
1031.0,914.0
1031.0,203.0
1031.0,408.0
1031.0,889.0
1031.0,423.0
1031.0,176.0
1031.0,470.0
1031.0,360.0
1031.0,1035.0
1031.0,516.0
1032.0,963.0
1032.0,126.0
1032.0,13.0
1032.0,548.0
1032.0,833.0
1032.0,528.0
1032.0,236.0
1032.0,752.0
1032.0,754.0
1032.0,487.0
1032.0,33.0
1032.0,645.0
1033.0,140.0
1033.0,977.0
1033.0,293.0
1033.0,793.0
1033.0,823.0
1033.0,278.0
1033.0,567.0
1033.0,351.0
1033.0,993.0
1033.0,439.0
1033.0,93.0
1033.0,345.0
1034.0,226.0
1034.0,139.0
1034.0,192.0
1034.0,588.0
1034.0,403.0
1034.0,287.0
1034.0,348.0
1034.0,405.0
1034.0,437.0
1034.0,837.0
1034.0,198.0
1034.0,86.0
1035.0,712.0
1035.0,196.0
1035.0,56.0
1035.0,466.0
1035.0,32.0
1035.0,228.0
1035.0,684.0
1035.0,1004.0
1035.0,902.0
1035.0,463.0
1035.0,168.0
1035.0,686.0
594.0,0.0
307.0,0.0
208.0,0.0
220.0,0.0
203.0,0.0
44.0,0.0
907.0,0.0
638.0,0.0
150.0,0.0
245.0,0.0
336.0,0.0
820.0,0.0
836.0,1.0
653.0,1.0
999.0,1.0
63.0,1.0
347.0,1.0
663.0,1.0
968.0,1.0
225.0,1.0
53.0,1.0
211.0,1.0
242.0,1.0
982.0,1.0
267.0,2.0
443.0,2.0
911.0,2.0
236.0,2.0
13.0,2.0
962.0,2.0
702.0,2.0
22.0,2.0
960.0,2.0
385.0,2.0
340.0,2.0
940.0,2.0
197.0,3.0
712.0,3.0
358.0,3.0
707.0,3.0
298.0,3.0
720.0,3.0
1009.0,3.0
239.0,3.0
985.0,3.0
621.0,3.0
805.0,3.0
180.0,3.0
241.0,4.0
874.0,4.0
683.0,4.0
301.0,4.0
250.0,4.0
156.0,4.0
638.0,4.0
310.0,4.0
603.0,4.0
154.0,4.0
718.0,4.0
559.0,4.0
31.0,5.0
97.0,5.0
164.0,5.0
104.0,5.0
811.0,5.0
602.0,5.0
593.0,5.0
414.0,5.0
993.0,5.0
859.0,5.0
471.0,5.0
165.0,5.0
953.0,6.0
717.0,6.0
80.0,6.0
618.0,6.0
318.0,6.0
3.0,6.0
1023.0,6.0
20.0,6.0
974.0,6.0
607.0,6.0
131.0,6.0
313.0,6.0
761.0,7.0
303.0,7.0
519.0,7.0
867.0,7.0
213.0,7.0
238.0,7.0
1008.0,7.0
39.0,7.0
940.0,7.0
2.0,7.0
355.0,7.0
13.0,7.0
496.0,8.0
982.0,8.0
49.0,8.0
703.0,8.0
396.0,8.0
818.0,8.0
185.0,8.0
694.0,8.0
471.0,8.0
99.0,8.0
871.0,8.0
429.0,8.0
581.0,9.0
329.0,9.0
383.0,9.0
384.0,9.0
515.0,9.0
269.0,9.0
513.0,9.0
852.0,9.0
149.0,9.0
301.0,9.0
228.0,9.0
672.0,9.0
439.0,10.0
958.0,10.0
762.0,10.0
69.0,10.0
550.0,10.0
567.0,10.0
314.0,10.0
727.0,10.0
137.0,10.0
6.0,10.0
896.0,10.0
564.0,10.0
355.0,11.0
460.0,11.0
688.0,11.0
528.0,11.0
636.0,11.0
962.0,11.0
745.0,11.0
943.0,11.0
234.0,11.0
788.0,11.0
419.0,11.0
992.0,11.0
959.0,12.0
697.0,12.0
78.0,12.0
650.0,12.0
466.0,12.0
82.0,12.0
739.0,12.0
224.0,12.0
138.0,12.0
994.0,12.0
803.0,12.0
309.0,12.0
631.0,13.0
222.0,13.0
548.0,13.0
557.0,13.0
330.0,13.0
410.0,13.0
782.0,13.0
573.0,13.0
788.0,13.0
344.0,13.0
74.0,13.0
931.0,13.0
891.0,14.0
453.0,14.0
792.0,14.0
277.0,14.0
219.0,14.0
435.0,14.0
787.0,14.0
624.0,14.0
623.0,14.0
333.0,14.0
818.0,14.0
134.0,14.0
296.0,15.0
633.0,15.0
925.0,15.0
77.0,15.0
894.0,15.0
884.0,15.0
805.0,15.0
690.0,15.0
888.0,15.0
608.0,15.0
907.0,15.0
695.0,15.0
958.0,16.0
692.0,16.0
717.0,16.0
11.0,16.0
236.0,16.0
646.0,16.0
894.0,16.0
938.0,16.0
370.0,16.0
385.0,16.0
128.0,16.0
419.0,16.0
632.0,17.0
439.0,17.0
930.0,17.0
771.0,17.0
570.0,17.0
239.0,17.0
467.0,17.0
708.0,17.0
542.0,17.0
975.0,17.0
941.0,17.0
727.0,17.0
435.0,18.0
751.0,18.0
202.0,18.0
610.0,18.0
31.0,18.0
633.0,18.0
195.0,18.0
333.0,18.0
295.0,18.0
312.0,18.0
324.0,18.0
72.0,18.0
1029.0,19.0
945.0,19.0
66.0,19.0
978.0,19.0
857.0,19.0
846.0,19.0
630.0,19.0
460.0,19.0
155.0,19.0
534.0,19.0
832.0,19.0
490.0,19.0
220.0,20.0
556.0,20.0
191.0,20.0
608.0,20.0
25.0,20.0
430.0,20.0
111.0,20.0
743.0,20.0
959.0,20.0
155.0,20.0
407.0,20.0
954.0,20.0
311.0,21.0
375.0,21.0
591.0,21.0
716.0,21.0
152.0,21.0
842.0,21.0
128.0,21.0
68.0,21.0
468.0,21.0
534.0,21.0
628.0,21.0
114.0,21.0
218.0,22.0
212.0,22.0
384.0,22.0
965.0,22.0
953.0,22.0
732.0,22.0
176.0,22.0
217.0,22.0
777.0,22.0
135.0,22.0
711.0,22.0
258.0,22.0
777.0,23.0
450.0,23.0
357.0,23.0
630.0,23.0
795.0,23.0
622.0,23.0
501.0,23.0
914.0,23.0
670.0,23.0
98.0,23.0
607.0,23.0
1014.0,23.0
327.0,24.0
956.0,24.0
809.0,24.0
155.0,24.0
597.0,24.0
19.0,24.0
220.0,24.0
170.0,24.0
687.0,24.0
83.0,24.0
154.0,24.0
609.0,24.0
690.0,25.0
530.0,25.0
24.0,25.0
185.0,25.0
591.0,25.0
492.0,25.0
710.0,25.0
495.0,25.0
279.0,25.0
742.0,25.0
672.0,25.0
539.0,25.0
1002.0,26.0
595.0,26.0
554.0,26.0
768.0,26.0
771.0,26.0
841.0,26.0
1034.0,26.0
459.0,26.0
802.0,26.0
177.0,26.0
201.0,26.0
10.0,26.0
501.0,27.0
395.0,27.0
845.0,27.0
581.0,27.0
298.0,27.0
414.0,27.0
250.0,27.0
387.0,27.0
342.0,27.0
815.0,27.0
740.0,27.0
75.0,27.0
604.0,28.0
865.0,28.0
923.0,28.0
815.0,28.0
664.0,28.0
120.0,28.0
89.0,28.0
771.0,28.0
740.0,28.0
306.0,28.0
30.0,28.0
19.0,28.0
777.0,29.0
1006.0,29.0
989.0,29.0
976.0,29.0
402.0,29.0
276.0,29.0
160.0,29.0
146.0,29.0
311.0,29.0
80.0,29.0
946.0,29.0
1008.0,29.0
512.0,30.0
242.0,30.0
254.0,30.0
370.0,30.0
430.0,30.0
865.0,30.0
1013.0,30.0
624.0,30.0
1014.0,30.0
423.0,30.0
264.0,30.0
923.0,30.0
513.0,31.0
329.0,31.0
196.0,31.0
809.0,31.0
99.0,31.0
871.0,31.0
999.0,31.0
934.0,31.0
988.0,31.0
386.0,31.0
42.0,31.0
597.0,31.0
846.0,32.0
570.0,32.0
170.0,32.0
332.0,32.0
181.0,32.0
592.0,32.0
753.0,32.0
20.0,32.0
524.0,32.0
1005.0,32.0
372.0,32.0
586.0,32.0
341.0,33.0
886.0,33.0
787.0,33.0
565.0,33.0
858.0,33.0
340.0,33.0
214.0,33.0
560.0,33.0
347.0,33.0
399.0,33.0
283.0,33.0
420.0,33.0
159.0,34.0
598.0,34.0
391.0,34.0
657.0,34.0
916.0,34.0
929.0,34.0
257.0,34.0
38.0,34.0
600.0,34.0
330.0,34.0
78.0,34.0
333.0,34.0
514.0,35.0
915.0,35.0
435.0,35.0
1001.0,35.0
901.0,35.0
688.0,35.0
935.0,35.0
635.0,35.0
785.0,35.0
33.0,35.0
730.0,35.0
990.0,35.0
136.0,36.0
76.0,36.0
265.0,36.0
633.0,36.0
246.0,36.0
220.0,36.0
590.0,36.0
78.0,36.0
634.0,36.0
889.0,36.0
615.0,36.0
730.0,36.0
33.0,37.0
1005.0,37.0
794.0,37.0
294.0,37.0
340.0,37.0
223.0,37.0
723.0,37.0
300.0,37.0
661.0,37.0
231.0,37.0
453.0,37.0
272.0,37.0
490.0,38.0
599.0,38.0
512.0,38.0
547.0,38.0
56.0,38.0
491.0,38.0
701.0,38.0
634.0,38.0
865.0,38.0
418.0,38.0
1010.0,38.0
577.0,38.0
355.0,39.0
528.0,39.0
170.0,39.0
532.0,39.0
410.0,39.0
178.0,39.0
893.0,39.0
346.0,39.0
849.0,39.0
758.0,39.0
761.0,39.0
718.0,39.0
541.0,40.0
588.0,40.0
687.0,40.0
720.0,40.0
321.0,40.0
221.0,40.0
201.0,40.0
29.0,40.0
375.0,40.0
282.0,40.0
841.0,40.0
712.0,40.0
349.0,41.0
804.0,41.0
6.0,41.0
19.0,41.0
16.0,41.0
239.0,41.0
863.0,41.0
534.0,41.0
847.0,41.0
287.0,41.0
210.0,41.0
903.0,41.0
1031.0,42.0
292.0,42.0
1012.0,42.0
123.0,42.0
756.0,42.0
815.0,42.0
996.0,42.0
31.0,42.0
27.0,42.0
571.0,42.0
624.0,42.0
51.0,42.0
21.0,43.0
550.0,43.0
152.0,43.0
375.0,43.0
218.0,43.0
588.0,43.0
144.0,43.0
142.0,43.0
771.0,43.0
957.0,43.0
632.0,43.0
180.0,43.0
427.0,44.0
565.0,44.0
743.0,44.0
922.0,44.0
747.0,44.0
280.0,44.0
516.0,44.0
657.0,44.0
696.0,44.0
820.0,44.0
283.0,44.0
873.0,44.0
498.0,45.0
703.0,45.0
166.0,45.0
793.0,45.0
602.0,45.0
677.0,45.0
506.0,45.0
225.0,45.0
277.0,45.0
518.0,45.0
578.0,45.0
882.0,45.0
739.0,46.0
471.0,46.0
840.0,46.0
426.0,46.0
743.0,46.0
713.0,46.0
72.0,46.0
851.0,46.0
997.0,46.0
423.0,46.0
337.0,46.0
302.0,46.0
1016.0,47.0
991.0,47.0
599.0,47.0
442.0,47.0
74.0,47.0
157.0,47.0
701.0,47.0
781.0,47.0
906.0,47.0
1029.0,47.0
361.0,47.0
612.0,47.0
869.0,48.0
282.0,48.0
746.0,48.0
4.0,48.0
912.0,48.0
65.0,48.0
307.0,48.0
232.0,48.0
573.0,48.0
54.0,48.0
19.0,48.0
707.0,48.0
678.0,49.0
356.0,49.0
418.0,49.0
431.0,49.0
498.0,49.0
653.0,49.0
867.0,49.0
505.0,49.0
322.0,49.0
187.0,49.0
60.0,49.0
476.0,49.0
722.0,50.0
44.0,50.0
777.0,50.0
163.0,50.0
67.0,50.0
1020.0,50.0
652.0,50.0
138.0,50.0
608.0,50.0
339.0,50.0
961.0,50.0
640.0,50.0
944.0,51.0
334.0,51.0
740.0,51.0
538.0,51.0
1012.0,51.0
994.0,51.0
1017.0,51.0
906.0,51.0
873.0,51.0
25.0,51.0
996.0,51.0
982.0,51.0
1018.0,52.0
35.0,52.0
119.0,52.0
416.0,52.0
219.0,52.0
600.0,52.0
8.0,52.0
171.0,52.0
789.0,52.0
898.0,52.0
195.0,52.0
392.0,52.0
400.0,53.0
100.0,53.0
216.0,53.0
796.0,53.0
859.0,53.0
62.0,53.0
94.0,53.0
418.0,53.0
315.0,53.0
988.0,53.0
996.0,53.0
5.0,53.0
253.0,54.0
226.0,54.0
880.0,54.0
914.0,54.0
339.0,54.0
664.0,54.0
718.0,54.0
468.0,54.0
814.0,54.0
41.0,54.0
564.0,54.0
690.0,54.0
189.0,55.0
310.0,55.0
845.0,55.0
163.0,55.0
918.0,55.0
57.0,55.0
889.0,55.0
530.0,55.0
98.0,55.0
954.0,55.0
723.0,55.0
254.0,55.0
290.0,56.0
494.0,56.0
364.0,56.0
19.0,56.0
438.0,56.0
15.0,56.0
687.0,56.0
830.0,56.0
683.0,56.0
466.0,56.0
608.0,56.0
220.0,56.0
217.0,57.0
287.0,57.0
158.0,57.0
537.0,57.0
972.0,57.0
636.0,57.0
301.0,57.0
428.0,57.0
278.0,57.0
517.0,57.0
30.0,57.0
222.0,57.0
225.0,58.0
505.0,58.0
400.0,58.0
791.0,58.0
655.0,58.0
766.0,58.0
347.0,58.0
823.0,58.0
485.0,58.0
829.0,58.0
993.0,58.0
99.0,58.0
258.0,59.0
839.0,59.0
992.0,59.0
408.0,59.0
819.0,59.0
226.0,59.0
945.0,59.0
611.0,59.0
494.0,59.0
589.0,59.0
204.0,59.0
846.0,59.0
730.0,60.0
457.0,60.0
546.0,60.0
76.0,60.0
435.0,60.0
346.0,60.0
633.0,60.0
214.0,60.0
758.0,60.0
178.0,60.0
812.0,60.0
482.0,60.0
845.0,61.0
894.0,61.0
158.0,61.0
923.0,61.0
926.0,61.0
98.0,61.0
217.0,61.0
620.0,61.0
711.0,61.0
774.0,61.0
531.0,61.0
125.0,61.0
461.0,62.0
966.0,62.0
284.0,62.0
561.0,62.0
700.0,62.0
927.0,62.0
249.0,62.0
67.0,62.0
675.0,62.0
225.0,62.0
587.0,62.0
400.0,62.0
88.0,63.0
509.0,63.0
632.0,63.0
706.0,63.0
491.0,63.0
675.0,63.0
567.0,63.0
62.0,63.0
734.0,63.0
579.0,63.0
299.0,63.0
581.0,63.0
358.0,64.0
797.0,64.0
108.0,64.0
153.0,64.0
397.0,64.0
487.0,64.0
180.0,64.0
173.0,64.0
911.0,64.0
757.0,64.0
649.0,64.0
776.0,64.0
804.0,65.0
790.0,65.0
802.0,65.0
769.0,65.0
161.0,65.0
878.0,65.0
153.0,65.0
850.0,65.0
648.0,65.0
572.0,65.0
616.0,65.0
581.0,65.0
438.0,66.0
658.0,66.0
378.0,66.0
559.0,66.0
473.0,66.0
269.0,66.0
599.0,66.0
925.0,66.0
707.0,66.0
81.0,66.0
990.0,66.0
759.0,66.0
642.0,67.0
979.0,67.0
138.0,67.0
261.0,67.0
710.0,67.0
189.0,67.0
592.0,67.0
525.0,67.0
254.0,67.0
170.0,67.0
136.0,67.0
332.0,67.0
968.0,68.0
717.0,68.0
754.0,68.0
504.0,68.0
896.0,68.0
958.0,68.0
907.0,68.0
689.0,68.0
71.0,68.0
1023.0,68.0
287.0,68.0
573.0,68.0
138.0,69.0
753.0,69.0
956.0,69.0
645.0,69.0
484.0,69.0
180.0,69.0
880.0,69.0
892.0,69.0
512.0,69.0
845.0,69.0
445.0,69.0
169.0,69.0
273.0,70.0
188.0,70.0
808.0,70.0
412.0,70.0
483.0,70.0
558.0,70.0
638.0,70.0
154.0,70.0
130.0,70.0
317.0,70.0
254.0,70.0
981.0,70.0
421.0,71.0
715.0,71.0
296.0,71.0
221.0,71.0
616.0,71.0
756.0,71.0
844.0,71.0
571.0,71.0
1023.0,71.0
388.0,71.0
979.0,71.0
403.0,71.0
331.0,72.0
866.0,72.0
610.0,72.0
366.0,72.0
159.0,72.0
449.0,72.0
744.0,72.0
643.0,72.0
873.0,72.0
634.0,72.0
453.0,72.0
46.0,72.0
1006.0,73.0
168.0,73.0
1030.0,73.0
497.0,73.0
522.0,73.0
710.0,73.0
748.0,73.0
56.0,73.0
596.0,73.0
970.0,73.0
701.0,73.0
787.0,73.0
307.0,74.0
507.0,74.0
96.0,74.0
250.0,74.0
482.0,74.0
511.0,74.0
524.0,74.0
979.0,74.0
787.0,74.0
634.0,74.0
612.0,74.0
251.0,74.0
1031.0,75.0
6.0,75.0
404.0,75.0
1023.0,75.0
331.0,75.0
541.0,75.0
894.0,75.0
944.0,75.0
967.0,75.0
261.0,75.0
718.0,75.0
243.0,75.0
507.0,76.0
491.0,76.0
251.0,76.0
273.0,76.0
874.0,76.0
997.0,76.0
1035.0,76.0
817.0,76.0
175.0,76.0
486.0,76.0
265.0,76.0
743.0,76.0
935.0,77.0
33.0,77.0
541.0,77.0
69.0,77.0
317.0,77.0
960.0,77.0
526.0,77.0
684.0,77.0
919.0,77.0
1003.0,77.0
985.0,77.0
965.0,77.0
945.0,78.0
331.0,78.0
142.0,78.0
307.0,78.0
463.0,78.0
203.0,78.0
266.0,78.0
95.0,78.0
563.0,78.0
353.0,78.0
304.0,78.0
961.0,78.0
680.0,79.0
462.0,79.0
301.0,79.0
725.0,79.0
6.0,79.0
989.0,79.0
827.0,79.0
463.0,79.0
1000.0,79.0
553.0,79.0
624.0,79.0
717.0,79.0
281.0,80.0
497.0,80.0
4.0,80.0
655.0,80.0
933.0,80.0
912.0,80.0
66.0,80.0
48.0,80.0
257.0,80.0
573.0,80.0
967.0,80.0
203.0,80.0
377.0,81.0
507.0,81.0
112.0,81.0
82.0,81.0
157.0,81.0
183.0,81.0
35.0,81.0
188.0,81.0
1013.0,81.0
631.0,81.0
566.0,81.0
636.0,81.0
203.0,82.0
1007.0,82.0
729.0,82.0
708.0,82.0
719.0,82.0
383.0,82.0
307.0,82.0
935.0,82.0
96.0,82.0
1027.0,82.0
952.0,82.0
81.0,82.0
815.0,83.0
330.0,83.0
171.0,83.0
531.0,83.0
777.0,83.0
146.0,83.0
32.0,83.0
75.0,83.0
193.0,83.0
958.0,83.0
856.0,83.0
310.0,83.0
463.0,84.0
760.0,84.0
1005.0,84.0
13.0,84.0
465.0,84.0
254.0,84.0
397.0,84.0
69.0,84.0
625.0,84.0
772.0,84.0
825.0,84.0
260.0,84.0
693.0,85.0
987.0,85.0
337.0,85.0
158.0,85.0
1013.0,85.0
485.0,85.0
538.0,85.0
840.0,85.0
345.0,85.0
982.0,85.0
199.0,85.0
436.0,85.0
305.0,86.0
405.0,86.0
676.0,86.0
885.0,86.0
3.0,86.0
510.0,86.0
423.0,86.0
562.0,86.0
957.0,86.0
804.0,86.0
656.0,86.0
1022.0,86.0
527.0,87.0
769.0,87.0
738.0,87.0
926.0,87.0
208.0,87.0
690.0,87.0
969.0,87.0
119.0,87.0
24.0,87.0
494.0,87.0
907.0,87.0
540.0,87.0
655.0,88.0
199.0,88.0
796.0,88.0
452.0,88.0
364.0,88.0
129.0,88.0
904.0,88.0
110.0,88.0
637.0,88.0
931.0,88.0
941.0,88.0
338.0,88.0
3.0,89.0
797.0,89.0
1034.0,89.0
258.0,89.0
0.0,89.0
190.0,89.0
378.0,89.0
412.0,89.0
464.0,89.0
569.0,89.0
987.0,89.0
28.0,89.0
820.0,90.0
962.0,90.0
618.0,90.0
645.0,90.0
222.0,90.0
56.0,90.0
41.0,90.0
723.0,90.0
135.0,90.0
799.0,90.0
281.0,90.0
122.0,90.0
61.0,91.0
469.0,91.0
545.0,91.0
99.0,91.0
821.0,91.0
708.0,91.0
331.0,91.0
902.0,91.0
338.0,91.0
179.0,91.0
853.0,91.0
360.0,91.0
121.0,92.0
182.0,92.0
946.0,92.0
209.0,92.0
330.0,92.0
152.0,92.0
48.0,92.0
616.0,92.0
626.0,92.0
685.0,92.0
796.0,92.0
26.0,92.0
700.0,93.0
693.0,93.0
972.0,93.0
313.0,93.0
4.0,93.0
639.0,93.0
855.0,93.0
829.0,93.0
446.0,93.0
1033.0,93.0
318.0,93.0
315.0,93.0
220.0,94.0
163.0,94.0
625.0,94.0
1003.0,94.0
498.0,94.0
490.0,94.0
415.0,94.0
242.0,94.0
304.0,94.0
231.0,94.0
838.0,94.0
50.0,94.0
463.0,95.0
210.0,95.0
954.0,95.0
561.0,95.0
563.0,95.0
734.0,95.0
440.0,95.0
256.0,95.0
542.0,95.0
283.0,95.0
119.0,95.0
712.0,95.0
273.0,96.0
881.0,96.0
552.0,96.0
172.0,96.0
402.0,96.0
288.0,96.0
205.0,96.0
12.0,96.0
614.0,96.0
1027.0,96.0
840.0,96.0
70.0,96.0
701.0,97.0
853.0,97.0
308.0,97.0
461.0,97.0
187.0,97.0
868.0,97.0
164.0,97.0
477.0,97.0
462.0,97.0
955.0,97.0
61.0,97.0
433.0,97.0
384.0,98.0
56.0,98.0
556.0,98.0
874.0,98.0
733.0,98.0
83.0,98.0
928.0,98.0
1000.0,98.0
658.0,98.0
378.0,98.0
670.0,98.0
541.0,98.0
639.0,99.0
766.0,99.0
85.0,99.0
1025.0,99.0
414.0,99.0
45.0,99.0
345.0,99.0
506.0,99.0
187.0,99.0
795.0,99.0
371.0,99.0
5.0,99.0
208.0,100.0
133.0,100.0
474.0,100.0
53.0,100.0
255.0,100.0
1033.0,100.0
615.0,100.0
693.0,100.0
845.0,100.0
58.0,100.0
784.0,100.0
452.0,100.0
930.0,101.0
802.0,101.0
722.0,101.0
501.0,101.0
209.0,101.0
1011.0,101.0
509.0,101.0
132.0,101.0
354.0,101.0
796.0,101.0
485.0,101.0
896.0,101.0
283.0,102.0
182.0,102.0
711.0,102.0
722.0,102.0
725.0,102.0
773.0,102.0
662.0,102.0
583.0,102.0
655.0,102.0
23.0,102.0
290.0,102.0
877.0,102.0
107.0,103.0
168.0,103.0
765.0,103.0
1007.0,103.0
476.0,103.0
49.0,103.0
721.0,103.0
883.0,103.0
564.0,103.0
624.0,103.0
167.0,103.0
982.0,103.0
806.0,104.0
959.0,104.0
838.0,104.0
38.0,104.0
657.0,104.0
274.0,104.0
840.0,104.0
793.0,104.0
225.0,104.0
950.0,104.0
396.0,104.0
492.0,104.0
455.0,105.0
525.0,105.0
34.0,105.0
635.0,105.0
124.0,105.0
549.0,105.0
920.0,105.0
219.0,105.0
901.0,105.0
544.0,105.0
15.0,105.0
984.0,105.0
814.0,106.0
321.0,106.0
477.0,106.0
350.0,106.0
125.0,106.0
459.0,106.0
797.0,106.0
201.0,106.0
305.0,106.0
776.0,106.0
679.0,106.0
957.0,106.0
159.0,107.0
331.0,107.0
126.0,107.0
574.0,107.0
959.0,107.0
866.0,107.0
587.0,107.0
380.0,107.0
708.0,107.0
30.0,107.0
440.0,107.0
154.0,107.0
343.0,108.0
975.0,108.0
150.0,108.0
409.0,108.0
960.0,108.0
408.0,108.0
236.0,108.0
16.0,108.0
611.0,108.0
971.0,108.0
510.0,108.0
769.0,108.0
145.0,109.0
742.0,109.0
316.0,109.0
793.0,109.0
193.0,109.0
325.0,109.0
120.0,109.0
177.0,109.0
518.0,109.0
456.0,109.0
601.0,109.0
632.0,109.0
690.0,110.0
694.0,110.0
784.0,110.0
364.0,110.0
721.0,110.0
705.0,110.0
185.0,110.0
1023.0,110.0
870.0,110.0
293.0,110.0
101.0,110.0
939.0,110.0
157.0,111.0
765.0,111.0
659.0,111.0
336.0,111.0
313.0,111.0
252.0,111.0
1007.0,111.0
497.0,111.0
389.0,111.0
414.0,111.0
1004.0,111.0
226.0,111.0
917.0,112.0
978.0,112.0
955.0,112.0
479.0,112.0
170.0,112.0
367.0,112.0
73.0,112.0
492.0,112.0
138.0,112.0
387.0,112.0
380.0,112.0
241.0,112.0
24.0,113.0
196.0,113.0
545.0,113.0
114.0,113.0
252.0,113.0
1023.0,113.0
309.0,113.0
494.0,113.0
17.0,113.0
994.0,113.0
282.0,113.0
32.0,113.0
644.0,114.0
326.0,114.0
459.0,114.0
699.0,114.0
980.0,114.0
1023.0,114.0
147.0,114.0
282.0,114.0
595.0,114.0
348.0,114.0
142.0,114.0
41.0,114.0
440.0,115.0
595.0,115.0
625.0,115.0
113.0,115.0
607.0,115.0
160.0,115.0
61.0,115.0
755.0,115.0
157.0,115.0
1023.0,115.0
473.0,115.0
537.0,115.0
385.0,116.0
455.0,116.0
156.0,116.0
450.0,116.0
203.0,116.0
621.0,116.0
989.0,116.0
928.0,116.0
218.0,116.0
848.0,116.0
645.0,116.0
788.0,116.0
296.0,117.0
768.0,117.0
932.0,117.0
903.0,117.0
335.0,117.0
408.0,117.0
483.0,117.0
921.0,117.0
583.0,117.0
380.0,117.0
54.0,117.0
946.0,117.0
666.0,118.0
245.0,118.0
582.0,118.0
983.0,118.0
610.0,118.0
302.0,118.0
587.0,118.0
597.0,118.0
294.0,118.0
412.0,118.0
344.0,118.0
196.0,118.0
244.0,119.0
799.0,119.0
1029.0,119.0
463.0,119.0
860.0,119.0
304.0,119.0
380.0,119.0
25.0,119.0
931.0,119.0
681.0,119.0
466.0,119.0
127.0,119.0
595.0,120.0
108.0,120.0
717.0,120.0
314.0,120.0
269.0,120.0
433.0,120.0
857.0,120.0
147.0,120.0
681.0,120.0
43.0,120.0
724.0,120.0
654.0,120.0
449.0,121.0
313.0,121.0
790.0,121.0
584.0,121.0
161.0,121.0
463.0,121.0
137.0,121.0
809.0,121.0
253.0,121.0
640.0,121.0
871.0,121.0
407.0,121.0
889.0,122.0
867.0,122.0
90.0,122.0
956.0,122.0
875.0,122.0
963.0,122.0
203.0,122.0
482.0,122.0
372.0,122.0
480.0,122.0
911.0,122.0
566.0,122.0
719.0,123.0
357.0,123.0
839.0,123.0
87.0,123.0
667.0,123.0
232.0,123.0
24.0,123.0
837.0,123.0
779.0,123.0
387.0,123.0
868.0,123.0
228.0,123.0
898.0,124.0
498.0,124.0
49.0,124.0
50.0,124.0
529.0,124.0
851.0,124.0
546.0,124.0
703.0,124.0
471.0,124.0
481.0,124.0
734.0,124.0
324.0,124.0
79.0,125.0
74.0,125.0
175.0,125.0
860.0,125.0
796.0,125.0
493.0,125.0
445.0,125.0
156.0,125.0
892.0,125.0
466.0,125.0
135.0,125.0
735.0,125.0
989.0,126.0
559.0,126.0
220.0,126.0
156.0,126.0
618.0,126.0
385.0,126.0
486.0,126.0
326.0,126.0
477.0,126.0
401.0,126.0
1000.0,126.0
387.0,126.0
419.0,127.0
586.0,127.0
66.0,127.0
813.0,127.0
513.0,127.0
444.0,127.0
981.0,127.0
1008.0,127.0
977.0,127.0
524.0,127.0
620.0,127.0
731.0,127.0
173.0,128.0
857.0,128.0
163.0,128.0
420.0,128.0
9.0,128.0
54.0,128.0
192.0,128.0
403.0,128.0
388.0,128.0
786.0,128.0
172.0,128.0
428.0,128.0
802.0,129.0
145.0,129.0
576.0,129.0
1002.0,129.0
113.0,129.0
832.0,129.0
878.0,129.0
292.0,129.0
314.0,129.0
616.0,129.0
735.0,129.0
455.0,129.0
687.0,130.0
267.0,130.0
298.0,130.0
47.0,130.0
301.0,130.0
877.0,130.0
261.0,130.0
193.0,130.0
574.0,130.0
436.0,130.0
754.0,130.0
659.0,130.0
587.0,131.0
593.0,131.0
163.0,131.0
470.0,131.0
708.0,131.0
737.0,131.0
408.0,131.0
493.0,131.0
232.0,131.0
396.0,131.0
87.0,131.0
596.0,131.0
648.0,132.0
65.0,132.0
695.0,132.0
184.0,132.0
769.0,132.0
774.0,132.0
397.0,132.0
606.0,132.0
430.0,132.0
717.0,132.0
351.0,132.0
248.0,132.0
199.0,133.0
710.0,133.0
309.0,133.0
663.0,133.0
1003.0,133.0
647.0,133.0
34.0,133.0
671.0,133.0
46.0,133.0
770.0,133.0
703.0,133.0
846.0,133.0
704.0,134.0
864.0,134.0
977.0,134.0
770.0,134.0
18.0,134.0
123.0,134.0
568.0,134.0
229.0,134.0
255.0,134.0
53.0,134.0
505.0,134.0
471.0,134.0
383.0,135.0
599.0,135.0
810.0,135.0
260.0,135.0
908.0,135.0
746.0,135.0
937.0,135.0
378.0,135.0
94.0,135.0
1005.0,135.0
357.0,135.0
619.0,135.0
42.0,136.0
528.0,136.0
380.0,136.0
956.0,136.0
172.0,136.0
107.0,136.0
75.0,136.0
502.0,136.0
997.0,136.0
430.0,136.0
103.0,136.0
897.0,136.0
624.0,137.0
629.0,137.0
309.0,137.0
933.0,137.0
738.0,137.0
964.0,137.0
259.0,137.0
164.0,137.0
121.0,137.0
209.0,137.0
668.0,137.0
988.0,137.0
743.0,138.0
504.0,138.0
9.0,138.0
779.0,138.0
20.0,138.0
440.0,138.0
322.0,138.0
187.0,138.0
530.0,138.0
279.0,138.0
57.0,138.0
359.0,138.0
926.0,139.0
527.0,139.0
161.0,139.0
328.0,139.0
299.0,139.0
778.0,139.0
336.0,139.0
745.0,139.0
347.0,139.0
947.0,139.0
821.0,139.0
240.0,139.0
530.0,140.0
481.0,140.0
632.0,140.0
42.0,140.0
818.0,140.0
139.0,140.0
158.0,140.0
193.0,140.0
364.0,140.0
445.0,140.0
395.0,140.0
749.0,140.0
546.0,141.0
400.0,141.0
329.0,141.0
932.0,141.0
377.0,141.0
331.0,141.0
772.0,141.0
472.0,141.0
873.0,141.0
454.0,141.0
83.0,141.0
808.0,141.0
1022.0,142.0
538.0,142.0
902.0,142.0
562.0,142.0
281.0,142.0
106.0,142.0
388.0,142.0
964.0,142.0
468.0,142.0
59.0,142.0
725.0,142.0
311.0,142.0
869.0,143.0
1031.0,143.0
438.0,143.0
935.0,143.0
430.0,143.0
330.0,143.0
329.0,143.0
326.0,143.0
740.0,143.0
372.0,143.0
712.0,143.0
790.0,143.0
587.0,144.0
336.0,144.0
800.0,144.0
979.0,144.0
726.0,144.0
282.0,144.0
321.0,144.0
615.0,144.0
160.0,144.0
59.0,144.0
814.0,144.0
562.0,144.0
461.0,145.0
413.0,145.0
293.0,145.0
398.0,145.0
230.0,145.0
567.0,145.0
177.0,145.0
10.0,145.0
240.0,145.0
628.0,145.0
129.0,145.0
836.0,145.0
659.0,146.0
975.0,146.0
335.0,146.0
607.0,146.0
436.0,146.0
672.0,146.0
357.0,146.0
603.0,146.0
331.0,146.0
466.0,146.0
374.0,146.0
361.0,146.0
814.0,147.0
23.0,147.0
798.0,147.0
394.0,147.0
576.0,147.0
867.0,147.0
298.0,147.0
771.0,147.0
259.0,147.0
120.0,147.0
365.0,147.0
626.0,147.0
381.0,148.0
893.0,148.0
409.0,148.0
854.0,148.0
334.0,148.0
646.0,148.0
447.0,148.0
246.0,148.0
238.0,148.0
507.0,148.0
986.0,148.0
733.0,148.0
746.0,149.0
974.0,149.0
933.0,149.0
359.0,149.0
332.0,149.0
824.0,149.0
205.0,149.0
839.0,149.0
566.0,149.0
126.0,149.0
648.0,149.0
489.0,149.0
744.0,150.0
296.0,150.0
967.0,150.0
220.0,150.0
1009.0,150.0
361.0,150.0
414.0,150.0
662.0,150.0
286.0,150.0
214.0,150.0
221.0,150.0
204.0,150.0
150.0,151.0
746.0,151.0
416.0,151.0
169.0,151.0
81.0,151.0
592.0,151.0
1012.0,151.0
79.0,151.0
149.0,151.0
256.0,151.0
994.0,151.0
559.0,151.0
153.0,152.0
868.0,152.0
306.0,152.0
375.0,152.0
190.0,152.0
254.0,152.0
880.0,152.0
200.0,152.0
716.0,152.0
114.0,152.0
899.0,152.0
947.0,152.0
484.0,153.0
479.0,153.0
125.0,153.0
626.0,153.0
477.0,153.0
469.0,153.0
847.0,153.0
221.0,153.0
69.0,153.0
318.0,153.0
394.0,153.0
958.0,153.0
970.0,154.0
219.0,154.0
790.0,154.0
117.0,154.0
524.0,154.0
571.0,154.0
65.0,154.0
490.0,154.0
530.0,154.0
695.0,154.0
917.0,154.0
131.0,154.0
339.0,155.0
932.0,155.0
830.0,155.0
805.0,155.0
948.0,155.0
733.0,155.0
866.0,155.0
473.0,155.0
743.0,155.0
1000.0,155.0
203.0,155.0
91.0,155.0
979.0,156.0
420.0,156.0
107.0,156.0
419.0,156.0
407.0,156.0
745.0,156.0
47.0,156.0
438.0,156.0
949.0,156.0
980.0,156.0
106.0,156.0
470.0,156.0
795.0,157.0
111.0,157.0
772.0,157.0
151.0,157.0
250.0,157.0
176.0,157.0
592.0,157.0
312.0,157.0
978.0,157.0
701.0,157.0
291.0,157.0
460.0,157.0
244.0,158.0
834.0,158.0
890.0,158.0
95.0,158.0
495.0,158.0
472.0,158.0
701.0,158.0
793.0,158.0
777.0,158.0
778.0,158.0
24.0,158.0
85.0,158.0
94.0,159.0
533.0,159.0
328.0,159.0
115.0,159.0
537.0,159.0
119.0,159.0
210.0,159.0
749.0,159.0
748.0,159.0
283.0,159.0
856.0,159.0
102.0,159.0
281.0,160.0
645.0,160.0
69.0,160.0
361.0,160.0
373.0,160.0
84.0,160.0
465.0,160.0
254.0,160.0
116.0,160.0
648.0,160.0
722.0,160.0
954.0,160.0
387.0,161.0
360.0,161.0
847.0,161.0
878.0,161.0
796.0,161.0
706.0,161.0
382.0,161.0
413.0,161.0
65.0,161.0
123.0,161.0
771.0,161.0
941.0,161.0
133.0,162.0
423.0,162.0
917.0,162.0
225.0,162.0
518.0,162.0
1033.0,162.0
939.0,162.0
104.0,162.0
862.0,162.0
400.0,162.0
870.0,162.0
721.0,162.0
648.0,163.0
345.0,163.0
291.0,163.0
687.0,163.0
431.0,163.0
838.0,163.0
75.0,163.0
596.0,163.0
712.0,163.0
747.0,163.0
873.0,163.0
308.0,163.0
801.0,164.0
456.0,164.0
352.0,164.0
414.0,164.0
166.0,164.0
360.0,164.0
97.0,164.0
386.0,164.0
680.0,164.0
239.0,164.0
749.0,164.0
1003.0,164.0
231.0,165.0
280.0,165.0
242.0,165.0
308.0,165.0
55.0,165.0
686.0,165.0
838.0,165.0
331.0,165.0
466.0,165.0
744.0,165.0
848.0,165.0
701.0,165.0
67.0,166.0
540.0,166.0
368.0,166.0
227.0,166.0
123.0,166.0
452.0,166.0
1.0,166.0
148.0,166.0
42.0,166.0
877.0,166.0
226.0,166.0
740.0,166.0
599.0,167.0
640.0,167.0
491.0,167.0
672.0,167.0
395.0,167.0
578.0,167.0
533.0,167.0
168.0,167.0
874.0,167.0
94.0,167.0
326.0,167.0
905.0,167.0
884.0,168.0
553.0,168.0
104.0,168.0
961.0,168.0
900.0,168.0
254.0,168.0
167.0,168.0
731.0,168.0
212.0,168.0
633.0,168.0
862.0,168.0
950.0,168.0
339.0,169.0
878.0,169.0
987.0,169.0
98.0,169.0
296.0,169.0
775.0,169.0
545.0,169.0
534.0,169.0
914.0,169.0
401.0,169.0
16.0,169.0
936.0,169.0
12.0,170.0
696.0,170.0
111.0,170.0
155.0,170.0
430.0,170.0
196.0,170.0
181.0,170.0
614.0,170.0
163.0,170.0
407.0,170.0
276.0,170.0
24.0,170.0
861.0,171.0
1030.0,171.0
38.0,171.0
740.0,171.0
431.0,171.0
650.0,171.0
1018.0,171.0
424.0,171.0
901.0,171.0
489.0,171.0
622.0,171.0
662.0,171.0
926.0,172.0
960.0,172.0
115.0,172.0
231.0,172.0
765.0,172.0
824.0,172.0
111.0,172.0
382.0,172.0
848.0,172.0
938.0,172.0
649.0,172.0
283.0,172.0
613.0,173.0
745.0,173.0
80.0,173.0
782.0,173.0
215.0,173.0
362.0,173.0
89.0,173.0
526.0,173.0
899.0,173.0
569.0,173.0
297.0,173.0
995.0,173.0
775.0,174.0
288.0,174.0
854.0,174.0
412.0,174.0
83.0,174.0
406.0,174.0
645.0,174.0
480.0,174.0
714.0,174.0
618.0,174.0
934.0,174.0
857.0,174.0
836.0,175.0
985.0,175.0
707.0,175.0
357.0,175.0
897.0,175.0
436.0,175.0
185.0,175.0
816.0,175.0
631.0,175.0
236.0,175.0
332.0,175.0
280.0,175.0
1008.0,176.0
563.0,176.0
706.0,176.0
895.0,176.0
608.0,176.0
660.0,176.0
846.0,176.0
738.0,176.0
959.0,176.0
584.0,176.0
556.0,176.0
845.0,176.0
113.0,177.0
872.0,177.0
451.0,177.0
596.0,177.0
28.0,177.0
200.0,177.0
542.0,177.0
896.0,177.0
689.0,177.0
558.0,177.0
941.0,177.0
296.0,177.0
74.0,178.0
848.0,178.0
251.0,178.0
643.0,178.0
294.0,178.0
729.0,178.0
743.0,178.0
402.0,178.0
242.0,178.0
564.0,178.0
569.0,178.0
183.0,178.0
1030.0,179.0
668.0,179.0
240.0,179.0
388.0,179.0
1004.0,179.0
117.0,179.0
414.0,179.0
598.0,179.0
491.0,179.0
61.0,179.0
490.0,179.0
907.0,179.0
373.0,180.0
381.0,180.0
660.0,180.0
724.0,180.0
888.0,180.0
869.0,180.0
198.0,180.0
419.0,180.0
296.0,180.0
144.0,180.0
757.0,180.0
473.0,180.0
30.0,181.0
699.0,181.0
733.0,181.0
83.0,181.0
294.0,181.0
370.0,181.0
464.0,181.0
686.0,181.0
440.0,181.0
497.0,181.0
565.0,181.0
218.0,181.0
68.0,182.0
744.0,182.0
530.0,182.0
842.0,182.0
327.0,182.0
174.0,182.0
219.0,182.0
54.0,182.0
270.0,182.0
243.0,182.0
545.0,182.0
813.0,182.0
714.0,183.0
772.0,183.0
789.0,183.0
933.0,183.0
402.0,183.0
483.0,183.0
1012.0,183.0
952.0,183.0
363.0,183.0
416.0,183.0
296.0,183.0
18.0,183.0
308.0,184.0
484.0,184.0
86.0,184.0
311.0,184.0
562.0,184.0
624.0,184.0
832.0,184.0
382.0,184.0
182.0,184.0
192.0,184.0
716.0,184.0
348.0,184.0
587.0,185.0
309.0,185.0
208.0,185.0
452.0,185.0
62.0,185.0
424.0,185.0
441.0,185.0
93.0,185.0
225.0,185.0
793.0,185.0
133.0,185.0
955.0,185.0
551.0,186.0
921.0,186.0
557.0,186.0
851.0,186.0
35.0,186.0
1029.0,186.0
196.0,186.0
333.0,186.0
498.0,186.0
961.0,186.0
647.0,186.0
376.0,186.0
380.0,187.0
731.0,187.0
232.0,187.0
687.0,187.0
902.0,187.0
530.0,187.0
189.0,187.0
332.0,187.0
299.0,187.0
790.0,187.0
835.0,187.0
339.0,187.0
269.0,188.0
466.0,188.0
1015.0,188.0
632.0,188.0
146.0,188.0
732.0,188.0
317.0,188.0
928.0,188.0
724.0,188.0
504.0,188.0
853.0,188.0
773.0,188.0
865.0,189.0
926.0,189.0
55.0,189.0
286.0,189.0
550.0,189.0
710.0,189.0
791.0,189.0
15.0,189.0
603.0,189.0
380.0,189.0
1027.0,189.0
805.0,189.0
177.0,190.0
814.0,190.0
588.0,190.0
615.0,190.0
152.0,190.0
287.0,190.0
166.0,190.0
760.0,190.0
197.0,190.0
699.0,190.0
405.0,190.0
314.0,190.0
290.0,191.0
651.0,191.0
470.0,191.0
423.0,191.0
718.0,191.0
165.0,191.0
175.0,191.0
138.0,191.0
383.0,191.0
1028.0,191.0
897.0,191.0
996.0,191.0
159.0,192.0
903.0,192.0
562.0,192.0
460.0,192.0
754.0,192.0
40.0,192.0
180.0,192.0
814.0,192.0
26.0,192.0
144.0,192.0
368.0,192.0
626.0,192.0
603.0,193.0
319.0,193.0
352.0,193.0
243.0,193.0
907.0,193.0
975.0,193.0
287.0,193.0
552.0,193.0
79.0,193.0
599.0,193.0
652.0,193.0
203.0,193.0
610.0,194.0
77.0,194.0
541.0,194.0
673.0,194.0
462.0,194.0
323.0,194.0
175.0,194.0
36.0,194.0
149.0,194.0
810.0,194.0
634.0,194.0
708.0,194.0
495.0,195.0
337.0,195.0
694.0,195.0
312.0,195.0
49.0,195.0
377.0,195.0
233.0,195.0
46.0,195.0
506.0,195.0
229.0,195.0
302.0,195.0
792.0,195.0
748.0,196.0
329.0,196.0
979.0,196.0
47.0,196.0
926.0,196.0
777.0,196.0
296.0,196.0
608.0,196.0
280.0,196.0
708.0,196.0
540.0,196.0
304.0,196.0
1014.0,197.0
842.0,197.0
65.0,197.0
727.0,197.0
768.0,197.0
362.0,197.0
216.0,197.0
33.0,197.0
54.0,197.0
999.0,197.0
771.0,197.0
606.0,197.0
456.0,198.0
143.0,198.0
1008.0,198.0
363.0,198.0
879.0,198.0
476.0,198.0
509.0,198.0
695.0,198.0
1010.0,198.0
146.0,198.0
298.0,198.0
605.0,198.0
158.0,199.0
504.0,199.0
274.0,199.0
972.0,199.0
427.0,199.0
587.0,199.0
984.0,199.0
438.0,199.0
917.0,199.0
593.0,199.0
414.0,199.0
85.0,199.0
387.0,200.0
709.0,200.0
137.0,200.0
930.0,200.0
225.0,200.0
230.0,200.0
763.0,200.0
446.0,200.0
624.0,200.0
837.0,200.0
675.0,200.0
237.0,200.0
695.0,201.0
21.0,201.0
425.0,201.0
843.0,201.0
405.0,201.0
262.0,201.0
214.0,201.0
306.0,201.0
317.0,201.0
1025.0,201.0
358.0,201.0
235.0,201.0
67.0,202.0
807.0,202.0
635.0,202.0
72.0,202.0
502.0,202.0
977.0,202.0
495.0,202.0
186.0,202.0
744.0,202.0
482.0,202.0
77.0,202.0
1028.0,202.0
122.0,203.0
119.0,203.0
574.0,203.0
926.0,203.0
625.0,203.0
973.0,203.0
846.0,203.0
1007.0,203.0
301.0,203.0
243.0,203.0
304.0,203.0
56.0,203.0
967.0,204.0
612.0,204.0
433.0,204.0
166.0,204.0
527.0,204.0
892.0,204.0
863.0,204.0
579.0,204.0
95.0,204.0
1000.0,204.0
727.0,204.0
706.0,204.0
70.0,205.0
711.0,205.0
808.0,205.0
310.0,205.0
221.0,205.0
560.0,205.0
273.0,205.0
126.0,205.0
98.0,205.0
523.0,205.0
198.0,205.0
224.0,205.0
4.0,206.0
890.0,206.0
668.0,206.0
799.0,206.0
932.0,206.0
269.0,206.0
1030.0,206.0
188.0,206.0
860.0,206.0
976.0,206.0
131.0,206.0
370.0,206.0
723.0,207.0
667.0,207.0
819.0,207.0
790.0,207.0
786.0,207.0
496.0,207.0
776.0,207.0
536.0,207.0
16.0,207.0
421.0,207.0
775.0,207.0
425.0,207.0
871.0,208.0
73.0,208.0
874.0,208.0
565.0,208.0
481.0,208.0
803.0,208.0
85.0,208.0
950.0,208.0
852.0,208.0
578.0,208.0
732.0,208.0
801.0,208.0
939.0,209.0
269.0,209.0
567.0,209.0
327.0,209.0
870.0,209.0
429.0,209.0
918.0,209.0
616.0,209.0
966.0,209.0
211.0,209.0
628.0,209.0
549.0,209.0
1002.0,210.0
276.0,210.0
708.0,210.0
265.0,210.0
102.0,210.0
149.0,210.0
165.0,210.0
466.0,210.0
378.0,210.0
29.0,210.0
691.0,210.0
875.0,210.0
486.0,211.0
678.0,211.0
739.0,211.0
199.0,211.0
844.0,211.0
334.0,211.0
837.0,211.0
87.0,211.0
329.0,211.0
608.0,211.0
130.0,211.0
182.0,211.0
979.0,212.0
911.0,212.0
32.0,212.0
553.0,212.0
210.0,212.0
889.0,212.0
697.0,212.0
267.0,212.0
743.0,212.0
434.0,212.0
1020.0,212.0
618.0,212.0
890.0,213.0
95.0,213.0
379.0,213.0
937.0,213.0
646.0,213.0
226.0,213.0
976.0,213.0
36.0,213.0
824.0,213.0
272.0,213.0
511.0,213.0
135.0,213.0
988.0,214.0
486.0,214.0
1020.0,214.0
973.0,214.0
954.0,214.0
102.0,214.0
357.0,214.0
513.0,214.0
884.0,214.0
706.0,214.0
313.0,214.0
862.0,214.0
681.0,215.0
286.0,215.0
228.0,215.0
205.0,215.0
193.0,215.0
715.0,215.0
234.0,215.0
460.0,215.0
769.0,215.0
877.0,215.0
479.0,215.0
378.0,215.0
332.0,216.0
766.0,216.0
424.0,216.0
837.0,216.0
739.0,216.0
527.0,216.0
352.0,216.0
103.0,216.0
865.0,216.0
481.0,216.0
1007.0,216.0
68.0,216.0
276.0,217.0
283.0,217.0
640.0,217.0
179.0,217.0
880.0,217.0
286.0,217.0
292.0,217.0
1006.0,217.0
718.0,217.0
868.0,217.0
979.0,217.0
150.0,217.0
748.0,218.0
1000.0,218.0
70.0,218.0
212.0,218.0
989.0,218.0
869.0,218.0
232.0,218.0
632.0,218.0
799.0,218.0
777.0,218.0
523.0,218.0
420.0,218.0
279.0,219.0
688.0,219.0
476.0,219.0
753.0,219.0
695.0,219.0
539.0,219.0
330.0,219.0
310.0,219.0
1010.0,219.0
713.0,219.0
301.0,219.0
977.0,219.0
473.0,220.0
307.0,220.0
463.0,220.0
167.0,220.0
992.0,220.0
66.0,220.0
945.0,220.0
57.0,220.0
933.0,220.0
150.0,220.0
568.0,220.0
533.0,220.0
922.0,221.0
168.0,221.0
151.0,221.0
228.0,221.0
493.0,221.0
934.0,221.0
571.0,221.0
607.0,221.0
102.0,221.0
932.0,221.0
380.0,221.0
414.0,221.0
983.0,222.0
178.0,222.0
22.0,222.0
985.0,222.0
175.0,222.0
590.0,222.0
294.0,222.0
575.0,222.0
621.0,222.0
191.0,222.0
594.0,222.0
990.0,222.0
489.0,223.0
252.0,223.0
783.0,223.0
898.0,223.0
714.0,223.0
835.0,223.0
481.0,223.0
688.0,223.0
377.0,223.0
72.0,223.0
557.0,223.0
105.0,223.0
38.0,224.0
658.0,224.0
773.0,224.0
875.0,224.0
698.0,224.0
808.0,224.0
636.0,224.0
696.0,224.0
175.0,224.0
648.0,224.0
241.0,224.0
257.0,224.0
62.0,225.0
368.0,225.0
6.0,225.0
5.0,225.0
647.0,225.0
0.0,225.0
474.0,225.0
1021.0,225.0
988.0,225.0
104.0,225.0
46.0,225.0
45.0,225.0
196.0,226.0
779.0,226.0
423.0,226.0
625.0,226.0
820.0,226.0
642.0,226.0
127.0,226.0
852.0,226.0
288.0,226.0
670.0,226.0
119.0,226.0
931.0,226.0
767.0,227.0
24.0,227.0
950.0,227.0
418.0,227.0
734.0,227.0
233.0,227.0
554.0,227.0
547.0,227.0
51.0,227.0
1029.0,227.0
698.0,227.0
959.0,227.0
537.0,228.0
809.0,228.0
1016.0,228.0
440.0,228.0
670.0,228.0
167.0,228.0
837.0,228.0
902.0,228.0
907.0,228.0
989.0,228.0
342.0,228.0
292.0,228.0
916.0,229.0
933.0,229.0
698.0,229.0
94.0,229.0
522.0,229.0
864.0,229.0
547.0,229.0
392.0,229.0
671.0,229.0
635.0,229.0
677.0,229.0
529.0,229.0
604.0,230.0
31.0,230.0
941.0,230.0
685.0,230.0
109.0,230.0
888.0,230.0
413.0,230.0
930.0,230.0
855.0,230.0
802.0,230.0
132.0,230.0
1010.0,230.0
807.0,231.0
745.0,231.0
319.0,231.0
280.0,231.0
753.0,231.0
227.0,231.0
764.0,231.0
732.0,231.0
996.0,231.0
674.0,231.0
698.0,231.0
765.0,231.0
137.0,232.0
110.0,232.0
597.0,232.0
47.0,232.0
860.0,232.0
759.0,232.0
164.0,232.0
924.0,232.0
360.0,232.0
20.0,232.0
809.0,232.0
282.0,232.0
1024.0,233.0
864.0,233.0
442.0,233.0
252.0,233.0
932.0,233.0
411.0,233.0
427.0,233.0
133.0,233.0
103.0,233.0
227.0,233.0
603.0,233.0
334.0,233.0
819.0,234.0
207.0,234.0
311.0,234.0
831.0,234.0
794.0,234.0
953.0,234.0
385.0,234.0
591.0,234.0
998.0,234.0
515.0,234.0
480.0,234.0
478.0,234.0
428.0,235.0
388.0,235.0
929.0,235.0
989.0,235.0
707.0,235.0
430.0,235.0
183.0,235.0
210.0,235.0
473.0,235.0
373.0,235.0
974.0,235.0
501.0,235.0
962.0,236.0
750.0,236.0
843.0,236.0
819.0,236.0
718.0,236.0
645.0,236.0
275.0,236.0
90.0,236.0
788.0,236.0
363.0,236.0
238.0,236.0
263.0,236.0
742.0,237.0
680.0,237.0
309.0,237.0
760.0,237.0
597.0,237.0
654.0,237.0
456.0,237.0
88.0,237.0
407.0,237.0
865.0,237.0
394.0,237.0
31.0,237.0
285.0,238.0
833.0,238.0
160.0,238.0
480.0,238.0
213.0,238.0
116.0,238.0
268.0,238.0
530.0,238.0
487.0,238.0
911.0,238.0
945.0,238.0
406.0,238.0
397.0,239.0
139.0,239.0
68.0,239.0
313.0,239.0
880.0,239.0
320.0,239.0
514.0,239.0
93.0,239.0
680.0,239.0
198.0,239.0
137.0,239.0
65.0,239.0
461.0,240.0
689.0,240.0
1020.0,240.0
966.0,240.0
109.0,240.0
132.0,240.0
1002.0,240.0
467.0,240.0
26.0,240.0
605.0,240.0
200.0,240.0
1006.0,240.0
985.0,241.0
558.0,241.0
326.0,241.0
552.0,241.0
556.0,241.0
374.0,241.0
88.0,241.0
553.0,241.0
887.0,241.0
313.0,241.0
308.0,241.0
176.0,241.0
494.0,242.0
496.0,242.0
73.0,242.0
304.0,242.0
522.0,242.0
367.0,242.0
286.0,242.0
188.0,242.0
78.0,242.0
290.0,242.0
1007.0,242.0
566.0,242.0
748.0,243.0
304.0,243.0
420.0,243.0
1004.0,243.0
215.0,243.0
954.0,243.0
556.0,243.0
466.0,243.0
558.0,243.0
102.0,243.0
904.0,243.0
846.0,243.0
481.0,244.0
503.0,244.0
67.0,244.0
479.0,244.0
286.0,244.0
805.0,244.0
539.0,244.0
896.0,244.0
534.0,244.0
705.0,244.0
932.0,244.0
596.0,244.0
47.0,245.0
220.0,245.0
353.0,245.0
658.0,245.0
975.0,245.0
997.0,245.0
994.0,245.0
57.0,245.0
78.0,245.0
12.0,245.0
747.0,245.0
764.0,245.0
1005.0,246.0
741.0,246.0
623.0,246.0
816.0,246.0
582.0,246.0
361.0,246.0
251.0,246.0
323.0,246.0
578.0,246.0
881.0,246.0
77.0,246.0
483.0,246.0
893.0,247.0
7.0,247.0
443.0,247.0
619.0,247.0
402.0,247.0
810.0,247.0
156.0,247.0
393.0,247.0
833.0,247.0
552.0,247.0
148.0,247.0
875.0,247.0
880.0,248.0
113.0,248.0
735.0,248.0
576.0,248.0
899.0,248.0
477.0,248.0
19.0,248.0
803.0,248.0
57.0,248.0
617.0,248.0
628.0,248.0
626.0,248.0
675.0,249.0
42.0,249.0
999.0,249.0
200.0,249.0
225.0,249.0
809.0,249.0
452.0,249.0
274.0,249.0
316.0,249.0
1019.0,249.0
248.0,249.0
627.0,249.0
363.0,250.0
130.0,250.0
976.0,250.0
522.0,250.0
718.0,250.0
880.0,250.0
610.0,250.0
256.0,250.0
729.0,250.0
466.0,250.0
961.0,250.0
787.0,250.0
734.0,251.0
340.0,251.0
528.0,251.0
938.0,251.0
96.0,251.0
453.0,251.0
780.0,251.0
346.0,251.0
590.0,251.0
84.0,251.0
13.0,251.0
222.0,251.0
61.0,252.0
513.0,252.0
987.0,252.0
1.0,252.0
795.0,252.0
278.0,252.0
567.0,252.0
852.0,252.0
24.0,252.0
982.0,252.0
700.0,252.0
971.0,252.0
850.0,253.0
699.0,253.0
941.0,253.0
107.0,253.0
179.0,253.0
208.0,253.0
188.0,253.0
664.0,253.0
97.0,253.0
687.0,253.0
17.0,253.0
878.0,253.0
692.0,254.0
103.0,254.0
66.0,254.0
189.0,254.0
301.0,254.0
687.0,254.0
624.0,254.0
563.0,254.0
948.0,254.0
533.0,254.0
732.0,254.0
994.0,254.0
713.0,255.0
476.0,255.0
882.0,255.0
766.0,255.0
700.0,255.0
829.0,255.0
264.0,255.0
85.0,255.0
677.0,255.0
428.0,255.0
99.0,255.0
742.0,255.0
172.0,256.0
213.0,256.0
70.0,256.0
854.0,256.0
251.0,256.0
666.0,256.0
849.0,256.0
260.0,256.0
625.0,256.0
812.0,256.0
272.0,256.0
928.0,256.0
785.0,257.0
34.0,257.0
1029.0,257.0
770.0,257.0
888.0,257.0
194.0,257.0
696.0,257.0
758.0,257.0
949.0,257.0
224.0,257.0
931.0,257.0
941.0,257.0
656.0,258.0
151.0,258.0
715.0,258.0
121.0,258.0
557.0,258.0
907.0,258.0
282.0,258.0
667.0,258.0
362.0,258.0
445.0,258.0
706.0,258.0
226.0,258.0
380.0,259.0
424.0,259.0
230.0,259.0
109.0,259.0
862.0,259.0
330.0,259.0
159.0,259.0
423.0,259.0
438.0,259.0
123.0,259.0
818.0,259.0
497.0,259.0
634.0,260.0
831.0,260.0
33.0,260.0
302.0,260.0
37.0,260.0
659.0,260.0
861.0,260.0
674.0,260.0
818.0,260.0
393.0,260.0
650.0,260.0
205.0,260.0
948.0,261.0
805.0,261.0
286.0,261.0
194.0,261.0
430.0,261.0
554.0,261.0
830.0,261.0
749.0,261.0
407.0,261.0
363.0,261.0
360.0,261.0
491.0,261.0
617.0,262.0
885.0,262.0
980.0,262.0
328.0,262.0
174.0,262.0
1034.0,262.0
348.0,262.0
826.0,262.0
350.0,262.0
144.0,262.0
282.0,262.0
96.0,262.0
267.0,263.0
64.0,263.0
480.0,263.0
833.0,263.0
29.0,263.0
998.0,263.0
110.0,263.0
842.0,263.0
810.0,263.0
974.0,263.0
487.0,263.0
619.0,263.0
1021.0,264.0
898.0,264.0
994.0,264.0
387.0,264.0
678.0,264.0
1003.0,264.0
329.0,264.0
766.0,264.0
278.0,264.0
423.0,264.0
527.0,264.0
791.0,264.0
668.0,265.0
696.0,265.0
35.0,265.0
747.0,265.0
965.0,265.0
875.0,265.0
369.0,265.0
618.0,265.0
203.0,265.0
289.0,265.0
136.0,265.0
764.0,265.0
609.0,266.0
971.0,266.0
620.0,266.0
304.0,266.0
318.0,266.0
764.0,266.0
748.0,266.0
191.0,266.0
665.0,266.0
919.0,266.0
981.0,266.0
491.0,266.0
825.0,267.0
816.0,267.0
156.0,267.0
409.0,267.0
218.0,267.0
151.0,267.0
960.0,267.0
821.0,267.0
1016.0,267.0
914.0,267.0
986.0,267.0
412.0,267.0
661.0,268.0
666.0,268.0
758.0,268.0
851.0,268.0
250.0,268.0
929.0,268.0
749.0,268.0
205.0,268.0
222.0,268.0
659.0,268.0
393.0,268.0
74.0,268.0
923.0,269.0
407.0,269.0
108.0,269.0
243.0,269.0
442.0,269.0
571.0,269.0
127.0,269.0
929.0,269.0
501.0,269.0
475.0,269.0
926.0,269.0
743.0,269.0
127.0,270.0
814.0,270.0
290.0,270.0
510.0,270.0
215.0,270.0
591.0,270.0
56.0,270.0
790.0,270.0
812.0,270.0
41.0,270.0
417.0,270.0
455.0,270.0
250.0,271.0
555.0,271.0
346.0,271.0
929.0,271.0
289.0,271.0
319.0,271.0
72.0,271.0
294.0,271.0
420.0,271.0
454.0,271.0
175.0,271.0
657.0,271.0
178.0,272.0
275.0,272.0
532.0,272.0
761.0,272.0
621.0,272.0
633.0,272.0
758.0,272.0
951.0,272.0
246.0,272.0
410.0,272.0
688.0,272.0
673.0,272.0
686.0,273.0
212.0,273.0
753.0,273.0
111.0,273.0
502.0,273.0
503.0,273.0
1017.0,273.0
666.0,273.0
397.0,273.0
231.0,273.0
697.0,273.0
994.0,273.0
517.0,274.0
364.0,274.0
132.0,274.0
85.0,274.0
972.0,274.0
597.0,274.0
767.0,274.0
705.0,274.0
581.0,274.0
278.0,274.0
185.0,274.0
629.0,274.0
764.0,275.0
840.0,275.0
785.0,275.0
75.0,275.0
39.0,275.0
37.0,275.0
507.0,275.0
265.0,275.0
0.0,275.0
268.0,275.0
942.0,275.0
300.0,275.0
440.0,276.0
154.0,276.0
205.0,276.0
749.0,276.0
712.0,276.0
883.0,276.0
913.0,276.0
887.0,276.0
862.0,276.0
770.0,276.0
710.0,276.0
330.0,276.0
327.0,277.0
519.0,277.0
322.0,277.0
988.0,277.0
643.0,277.0
678.0,277.0
337.0,277.0
749.0,277.0
186.0,277.0
792.0,277.0
49.0,277.0
19.0,277.0
497.0,278.0
155.0,278.0
124.0,278.0
964.0,278.0
351.0,278.0
705.0,278.0
832.0,278.0
338.0,278.0
165.0,278.0
852.0,278.0
870.0,278.0
404.0,278.0
579.0,279.0
942.0,279.0
189.0,279.0
894.0,279.0
781.0,279.0
231.0,279.0
881.0,279.0
411.0,279.0
15.0,279.0
115.0,279.0
168.0,279.0
533.0,279.0
557.0,280.0
696.0,280.0
785.0,280.0
366.0,280.0
575.0,280.0
682.0,280.0
504.0,280.0
993.0,280.0
906.0,280.0
38.0,280.0
34.0,280.0
442.0,280.0
748.0,281.0
402.0,281.0
797.0,281.0
733.0,281.0
388.0,281.0
826.0,281.0
987.0,281.0
745.0,281.0
956.0,281.0
142.0,281.0
117.0,281.0
283.0,281.0
679.0,282.0
43.0,282.0
588.0,282.0
320.0,282.0
184.0,282.0
899.0,282.0
207.0,282.0
737.0,282.0
57.0,282.0
28.0,282.0
488.0,282.0
1003.0,282.0
533.0,283.0
463.0,283.0
1009.0,283.0
185.0,283.0
285.0,283.0
102.0,283.0
55.0,283.0
301.0,283.0
334.0,283.0
482.0,283.0
690.0,283.0
331.0,283.0
38.0,284.0
805.0,284.0
954.0,284.0
356.0,284.0
581.0,284.0
991.0,284.0
592.0,284.0
449.0,284.0
959.0,284.0
835.0,284.0
233.0,284.0
765.0,284.0
559.0,285.0
66.0,285.0
724.0,285.0
535.0,285.0
16.0,285.0
750.0,285.0
234.0,285.0
854.0,285.0
478.0,285.0
923.0,285.0
911.0,285.0
746.0,285.0
310.0,286.0
132.0,286.0
805.0,286.0
146.0,286.0
83.0,286.0
992.0,286.0
574.0,286.0
167.0,286.0
524.0,286.0
913.0,286.0
746.0,286.0
938.0,286.0
759.0,287.0
763.0,287.0
341.0,287.0
712.0,287.0
538.0,287.0
221.0,287.0
624.0,287.0
1014.0,287.0
170.0,287.0
516.0,287.0
421.0,287.0
327.0,287.0
774.0,288.0
212.0,288.0
1005.0,288.0
82.0,288.0
931.0,288.0
310.0,288.0
150.0,288.0
874.0,288.0
334.0,288.0
747.0,288.0
343.0,288.0
565.0,288.0
35.0,289.0
780.0,289.0
260.0,289.0
582.0,289.0
360.0,289.0
714.0,289.0
205.0,289.0
280.0,289.0
74.0,289.0
1001.0,289.0
482.0,289.0
590.0,289.0
672.0,290.0
12.0,290.0
319.0,290.0
334.0,290.0
896.0,290.0
248.0,290.0
924.0,290.0
361.0,290.0
78.0,290.0
189.0,290.0
1008.0,290.0
56.0,290.0
410.0,291.0
938.0,291.0
160.0,291.0
351.0,291.0
412.0,291.0
259.0,291.0
29.0,291.0
976.0,291.0
480.0,291.0
445.0,291.0
658.0,291.0
1031.0,291.0
700.0,292.0
978.0,292.0
368.0,292.0
87.0,292.0
575.0,292.0
276.0,292.0
554.0,292.0
862.0,292.0
456.0,292.0
717.0,292.0
931.0,292.0
907.0,292.0
917.0,293.0
593.0,293.0
822.0,293.0
100.0,293.0
527.0,293.0
441.0,293.0
99.0,293.0
811.0,293.0
347.0,293.0
904.0,293.0
865.0,293.0
968.0,293.0
366.0,294.0
95.0,294.0
183.0,294.0
637.0,294.0
559.0,294.0
482.0,294.0
455.0,294.0
1005.0,294.0
496.0,294.0
971.0,294.0
428.0,294.0
658.0,294.0
118.0,295.0
544.0,295.0
910.0,295.0
747.0,295.0
37.0,295.0
49.0,295.0
257.0,295.0
223.0,295.0
785.0,295.0
883.0,295.0
582.0,295.0
1024.0,295.0
196.0,296.0
902.0,296.0
63.0,296.0
286.0,296.0
925.0,296.0
449.0,296.0
341.0,296.0
887.0,296.0
159.0,296.0
182.0,296.0
805.0,296.0
370.0,296.0
350.0,297.0
147.0,297.0
860.0,297.0
613.0,297.0
797.0,297.0
510.0,297.0
270.0,297.0
526.0,297.0
964.0,297.0
536.0,297.0
212.0,297.0
382.0,297.0
438.0,298.0
556.0,298.0
149.0,298.0
844.0,298.0
708.0,298.0
493.0,298.0
12.0,298.0
209.0,298.0
301.0,298.0
30.0,298.0
512.0,298.0
332.0,298.0
896.0,299.0
845.0,299.0
769.0,299.0
292.0,299.0
973.0,299.0
153.0,299.0
558.0,299.0
966.0,299.0
946.0,299.0
947.0,299.0
912.0,299.0
75.0,299.0
651.0,300.0
1018.0,300.0
622.0,300.0
383.0,300.0
743.0,300.0
812.0,300.0
544.0,300.0
910.0,300.0
673.0,300.0
889.0,300.0
454.0,300.0
555.0,300.0
573.0,301.0
210.0,301.0
718.0,301.0
1023.0,301.0
0.0,301.0
1031.0,301.0
755.0,301.0
318.0,301.0
732.0,301.0
875.0,301.0
928.0,301.0
206.0,301.0
470.0,302.0
551.0,302.0
195.0,302.0
1013.0,302.0
682.0,302.0
72.0,302.0
367.0,302.0
787.0,302.0
51.0,302.0
454.0,302.0
141.0,302.0
915.0,302.0
379.0,303.0
399.0,303.0
574.0,303.0
702.0,303.0
37.0,303.0
1005.0,303.0
950.0,303.0
172.0,303.0
381.0,303.0
752.0,303.0
754.0,303.0
177.0,303.0
1006.0,304.0
598.0,304.0
733.0,304.0
299.0,304.0
1027.0,304.0
989.0,304.0
389.0,304.0
82.0,304.0
956.0,304.0
193.0,304.0
1014.0,304.0
41.0,304.0
102.0,305.0
425.0,305.0
77.0,305.0
526.0,305.0
448.0,305.0
468.0,305.0
299.0,305.0
412.0,305.0
585.0,305.0
90.0,305.0
776.0,305.0
775.0,305.0
262.0,306.0
137.0,306.0
726.0,306.0
239.0,306.0
669.0,306.0
1022.0,306.0
708.0,306.0
120.0,306.0
321.0,306.0
325.0,306.0
676.0,306.0
903.0,306.0
609.0,307.0
167.0,307.0
143.0,307.0
470.0,307.0
584.0,307.0
168.0,307.0
583.0,307.0
805.0,307.0
574.0,307.0
292.0,307.0
668.0,307.0
119.0,307.0
805.0,308.0
78.0,308.0
803.0,308.0
912.0,308.0
695.0,308.0
462.0,308.0
361.0,308.0
1009.0,308.0
925.0,308.0
732.0,308.0
584.0,308.0
628.0,308.0
887.0,309.0
701.0,309.0
791.0,309.0
1009.0,309.0
351.0,309.0
276.0,309.0
27.0,309.0
765.0,309.0
65.0,309.0
138.0,309.0
34.0,309.0
778.0,309.0
372.0,310.0
290.0,310.0
1009.0,310.0
78.0,310.0
207.0,310.0
1019.0,310.0
861.0,310.0
353.0,310.0
507.0,310.0
127.0,310.0
1030.0,310.0
9.0,310.0
562.0,311.0
190.0,311.0
958.0,311.0
583.0,311.0
156.0,311.0
493.0,311.0
484.0,311.0
174.0,311.0
375.0,311.0
580.0,311.0
250.0,311.0
320.0,311.0
792.0,312.0
635.0,312.0
984.0,312.0
46.0,312.0
977.0,312.0
233.0,312.0
653.0,312.0
154.0,312.0
886.0,312.0
806.0,312.0
922.0,312.0
195.0,312.0
975.0,313.0
883.0,313.0
592.0,313.0
705.0,313.0
979.0,313.0
581.0,313.0
667.0,313.0
1009.0,313.0
319.0,313.0
880.0,313.0
890.0,313.0
34.0,313.0
252.0,314.0
139.0,314.0
676.0,314.0
299.0,314.0
230.0,314.0
440.0,314.0
852.0,314.0
632.0,314.0
628.0,314.0
245.0,314.0
804.0,314.0
850.0,314.0
648.0,315.0
587.0,315.0
871.0,315.0
45.0,315.0
354.0,315.0
834.0,315.0
446.0,315.0
162.0,315.0
547.0,315.0
185.0,315.0
143.0,315.0
452.0,315.0
439.0,316.0
398.0,316.0
109.0,316.0
878.0,316.0
527.0,316.0
870.0,316.0
490.0,316.0
999.0,316.0
904.0,316.0
349.0,316.0
709.0,316.0
749.0,316.0
224.0,317.0
756.0,317.0
393.0,317.0
275.0,317.0
893.0,317.0
267.0,317.0
33.0,317.0
655.0,317.0
435.0,317.0
12.0,317.0
381.0,317.0
960.0,317.0
813.0,318.0
895.0,318.0
154.0,318.0
430.0,318.0
218.0,318.0
764.0,318.0
261.0,318.0
117.0,318.0
708.0,318.0
584.0,318.0
545.0,318.0
182.0,318.0
170.0,319.0
1002.0,319.0
44.0,319.0
361.0,319.0
996.0,319.0
655.0,319.0
56.0,319.0
740.0,319.0
686.0,319.0
115.0,319.0
1008.0,319.0
217.0,319.0
318.0,320.0
899.0,320.0
108.0,320.0
771.0,320.0
617.0,320.0
562.0,320.0
142.0,320.0
991.0,320.0
1019.0,320.0
156.0,320.0
534.0,320.0
375.0,320.0
320.0,321.0
413.0,321.0
679.0,321.0
616.0,321.0
892.0,321.0
1034.0,321.0
779.0,321.0
860.0,321.0
644.0,321.0
26.0,321.0
109.0,321.0
197.0,321.0
655.0,322.0
324.0,322.0
492.0,322.0
38.0,322.0
549.0,322.0
933.0,322.0
214.0,322.0
805.0,322.0
141.0,322.0
352.0,322.0
166.0,322.0
255.0,322.0
96.0,323.0
579.0,323.0
825.0,323.0
268.0,323.0
794.0,323.0
291.0,323.0
710.0,323.0
428.0,323.0
33.0,323.0
178.0,323.0
875.0,323.0
979.0,323.0
67.0,324.0
636.0,324.0
783.0,324.0
544.0,324.0
275.0,324.0
513.0,324.0
300.0,324.0
714.0,324.0
457.0,324.0
118.0,324.0
820.0,324.0
479.0,324.0
774.0,325.0
197.0,325.0
117.0,325.0
632.0,325.0
92.0,325.0
56.0,325.0
153.0,325.0
685.0,325.0
179.0,325.0
31.0,325.0
129.0,325.0
162.0,325.0
992.0,326.0
217.0,326.0
79.0,326.0
571.0,326.0
790.0,326.0
586.0,326.0
852.0,326.0
292.0,326.0
660.0,326.0
896.0,326.0
364.0,326.0
305.0,326.0
599.0,327.0
130.0,327.0
956.0,327.0
292.0,327.0
607.0,327.0
563.0,327.0
554.0,327.0
243.0,327.0
442.0,327.0
154.0,327.0
266.0,327.0
790.0,327.0
1007.0,328.0
269.0,328.0
678.0,328.0
397.0,328.0
769.0,328.0
717.0,328.0
109.0,328.0
971.0,328.0
140.0,328.0
427.0,328.0
588.0,328.0
1002.0,328.0
834.0,329.0
648.0,329.0
778.0,329.0
101.0,329.0
104.0,329.0
736.0,329.0
486.0,329.0
668.0,329.0
126.0,329.0
394.0,329.0
78.0,329.0
877.0,329.0
624.0,330.0
380.0,330.0
945.0,330.0
755.0,330.0
592.0,330.0
932.0,330.0
286.0,330.0
895.0,330.0
652.0,330.0
976.0,330.0
367.0,330.0
935.0,330.0
431.0,331.0
890.0,331.0
98.0,331.0
491.0,331.0
170.0,331.0
241.0,331.0
310.0,331.0
380.0,331.0
23.0,331.0
499.0,331.0
287.0,331.0
668.0,331.0
423.0,332.0
764.0,332.0
12.0,332.0
823.0,332.0
865.0,332.0
279.0,332.0
161.0,332.0
853.0,332.0
143.0,332.0
298.0,332.0
691.0,332.0
706.0,332.0
607.0,333.0
312.0,333.0
733.0,333.0
714.0,333.0
227.0,333.0
34.0,333.0
324.0,333.0
544.0,333.0
356.0,333.0
1025.0,333.0
643.0,333.0
807.0,333.0
1009.0,334.0
668.0,334.0
24.0,334.0
1006.0,334.0
494.0,334.0
612.0,334.0
946.0,334.0
791.0,334.0
112.0,334.0
895.0,334.0
978.0,334.0
73.0,334.0
530.0,335.0
220.0,335.0
948.0,335.0
56.0,335.0
642.0,335.0
250.0,335.0
548.0,335.0
824.0,335.0
47.0,335.0
162.0,335.0
977.0,335.0
322.0,335.0
359.0,336.0
460.0,336.0
250.0,336.0
707.0,336.0
508.0,336.0
79.0,336.0
971.0,336.0
975.0,336.0
239.0,336.0
91.0,336.0
648.0,336.0
777.0,336.0
377.0,337.0
335.0,337.0
191.0,337.0
492.0,337.0
280.0,337.0
124.0,337.0
703.0,337.0
312.0,337.0
20.0,337.0
672.0,337.0
1003.0,337.0
748.0,337.0
845.0,338.0
99.0,338.0
675.0,338.0
101.0,338.0
200.0,338.0
31.0,338.0
121.0,338.0
12.0,338.0
177.0,338.0
796.0,338.0
394.0,338.0
240.0,338.0
12.0,339.0
27.0,339.0
220.0,339.0
74.0,339.0
501.0,339.0
1032.0,339.0
522.0,339.0
103.0,339.0
470.0,339.0
561.0,339.0
93.0,339.0
151.0,339.0
555.0,340.0
730.0,340.0
990.0,340.0
949.0,340.0
631.0,340.0
590.0,340.0
816.0,340.0
32.0,340.0
650.0,340.0
271.0,340.0
780.0,340.0
52.0,340.0
903.0,341.0
319.0,341.0
120.0,341.0
539.0,341.0
942.0,341.0
67.0,341.0
198.0,341.0
248.0,341.0
691.0,341.0
352.0,341.0
755.0,341.0
664.0,341.0
913.0,342.0
48.0,342.0
408.0,342.0
120.0,342.0
878.0,342.0
624.0,342.0
575.0,342.0
711.0,342.0
736.0,342.0
170.0,342.0
664.0,342.0
992.0,342.0
189.0,343.0
964.0,343.0
592.0,343.0
167.0,343.0
455.0,343.0
856.0,343.0
656.0,343.0
773.0,343.0
181.0,343.0
373.0,343.0
981.0,343.0
80.0,343.0
193.0,344.0
368.0,344.0
937.0,344.0
38.0,344.0
661.0,344.0
714.0,344.0
908.0,344.0
758.0,344.0
919.0,344.0
265.0,344.0
780.0,344.0
631.0,344.0
811.0,345.0
386.0,345.0
58.0,345.0
389.0,345.0
921.0,345.0
834.0,345.0
766.0,345.0
400.0,345.0
45.0,345.0
1033.0,345.0
801.0,345.0
778.0,345.0
13.0,346.0
1001.0,346.0
935.0,346.0
72.0,346.0
875.0,346.0
256.0,346.0
344.0,346.0
246.0,346.0
273.0,346.0
447.0,346.0
136.0,346.0
729.0,346.0
1033.0,347.0
766.0,347.0
239.0,347.0
677.0,347.0
199.0,347.0
133.0,347.0
881.0,347.0
277.0,347.0
811.0,347.0
939.0,347.0
822.0,347.0
93.0,347.0
144.0,348.0
531.0,348.0
768.0,348.0
679.0,348.0
120.0,348.0
92.0,348.0
147.0,348.0
321.0,348.0
520.0,348.0
878.0,348.0
699.0,348.0
814.0,348.0
131.0,349.0
609.0,349.0
760.0,349.0
123.0,349.0
934.0,349.0
565.0,349.0
637.0,349.0
821.0,349.0
680.0,349.0
795.0,349.0
844.0,349.0
417.0,349.0
1022.0,350.0
720.0,350.0
106.0,350.0
406.0,350.0
64.0,350.0
1008.0,350.0
726.0,350.0
198.0,350.0
448.0,350.0
526.0,350.0
679.0,350.0
727.0,350.0
132.0,351.0
259.0,351.0
309.0,351.0
956.0,351.0
628.0,351.0
140.0,351.0
164.0,351.0
992.0,351.0
216.0,351.0
110.0,351.0
235.0,351.0
274.0,351.0
821.0,352.0
232.0,352.0
25.0,352.0
584.0,352.0
863.0,352.0
211.0,352.0
815.0,352.0
117.0,352.0
542.0,352.0
950.0,352.0
966.0,352.0
642.0,352.0
391.0,353.0
845.0,353.0
730.0,353.0
648.0,353.0
243.0,353.0
631.0,353.0
363.0,353.0
670.0,353.0
168.0,353.0
625.0,353.0
570.0,353.0
317.0,353.0
498.0,354.0
400.0,354.0
509.0,354.0
694.0,354.0
954.0,354.0
770.0,354.0
982.0,354.0
347.0,354.0
46.0,354.0
91.0,354.0
386.0,354.0
237.0,354.0
511.0,355.0
443.0,355.0
1006.0,355.0
794.0,355.0
1026.0,355.0
723.0,355.0
569.0,355.0
465.0,355.0
876.0,355.0
36.0,355.0
857.0,355.0
911.0,355.0
363.0,356.0
196.0,356.0
292.0,356.0
284.0,356.0
430.0,356.0
428.0,356.0
791.0,356.0
503.0,356.0
168.0,356.0
25.0,356.0
764.0,356.0
278.0,356.0
942.0,357.0
591.0,357.0
47.0,357.0
928.0,357.0
531.0,357.0
630.0,357.0
430.0,357.0
584.0,357.0
994.0,357.0
70.0,357.0
691.0,357.0
44.0,357.0
957.0,358.0
359.0,358.0
797.0,358.0
757.0,358.0
899.0,358.0
885.0,358.0
750.0,358.0
617.0,358.0
281.0,358.0
1014.0,358.0
64.0,358.0
664.0,358.0
135.0,359.0
659.0,359.0
327.0,359.0
926.0,359.0
466.0,359.0
188.0,359.0
482.0,359.0
887.0,359.0
107.0,359.0
363.0,359.0
853.0,359.0
953.0,359.0
421.0,360.0
540.0,360.0
845.0,360.0
291.0,360.0
863.0,360.0
533.0,360.0
553.0,360.0
989.0,360.0
895.0,360.0
950.0,360.0
820.0,360.0
655.0,360.0
558.0,361.0
127.0,361.0
665.0,361.0
203.0,361.0
856.0,361.0
513.0,361.0
307.0,361.0
586.0,361.0
319.0,361.0
738.0,361.0
334.0,361.0
378.0,361.0
753.0,362.0
381.0,362.0
358.0,362.0
797.0,362.0
953.0,362.0
936.0,362.0
957.0,362.0
914.0,362.0
311.0,362.0
843.0,362.0
676.0,362.0
448.0,362.0
928.0,363.0
301.0,363.0
887.0,363.0
479.0,363.0
566.0,363.0
245.0,363.0
334.0,363.0
609.0,363.0
730.0,363.0
180.0,363.0
729.0,363.0
846.0,363.0
111.0,364.0
255.0,364.0
12.0,364.0
950.0,364.0
722.0,364.0
836.0,364.0
216.0,364.0
154.0,364.0
969.0,364.0
121.0,364.0
104.0,364.0
158.0,364.0
177.0,365.0
771.0,365.0
145.0,365.0
644.0,365.0
588.0,365.0
669.0,365.0
762.0,365.0
726.0,365.0
626.0,365.0
433.0,365.0
768.0,365.0
664.0,365.0
734.0,366.0
643.0,366.0
983.0,366.0
416.0,366.0
361.0,366.0
540.0,366.0
496.0,366.0
844.0,366.0
82.0,366.0
245.0,366.0
1013.0,366.0
700.0,366.0
416.0,367.0
377.0,367.0
558.0,367.0
773.0,367.0
829.0,367.0
544.0,367.0
336.0,367.0
1008.0,367.0
664.0,367.0
309.0,367.0
276.0,367.0
804.0,367.0
408.0,368.0
902.0,368.0
310.0,368.0
584.0,368.0
604.0,368.0
254.0,368.0
79.0,368.0
554.0,368.0
473.0,368.0
772.0,368.0
287.0,368.0
954.0,368.0
638.0,369.0
764.0,369.0
433.0,369.0
569.0,369.0
631.0,369.0
165.0,369.0
457.0,369.0
730.0,369.0
301.0,369.0
291.0,369.0
323.0,369.0
24.0,369.0
235.0,370.0
546.0,370.0
574.0,370.0
931.0,370.0
981.0,370.0
672.0,370.0
307.0,370.0
837.0,370.0
1016.0,370.0
368.0,370.0
919.0,370.0
547.0,370.0
822.0,371.0
1007.0,371.0
781.0,371.0
514.0,371.0
4.0,371.0
909.0,371.0
993.0,371.0
504.0,371.0
739.0,371.0
809.0,371.0
233.0,371.0
672.0,371.0
1000.0,372.0
884.0,372.0
261.0,372.0
411.0,372.0
107.0,372.0
330.0,372.0
382.0,372.0
210.0,372.0
226.0,372.0
1023.0,372.0
408.0,372.0
913.0,372.0
962.0,373.0
439.0,373.0
450.0,373.0
772.0,373.0
563.0,373.0
82.0,373.0
645.0,373.0
975.0,373.0
194.0,373.0
266.0,373.0
875.0,373.0
148.0,373.0
887.0,374.0
890.0,374.0
1027.0,374.0
61.0,374.0
215.0,374.0
994.0,374.0
339.0,374.0
773.0,374.0
1030.0,374.0
416.0,374.0
169.0,374.0
407.0,374.0
745.0,375.0
832.0,375.0
282.0,375.0
993.0,375.0
358.0,375.0
520.0,375.0
382.0,375.0
1015.0,375.0
484.0,375.0
771.0,375.0
147.0,375.0
899.0,375.0
14.0,376.0
837.0,376.0
549.0,376.0
277.0,376.0
392.0,376.0
363.0,376.0
312.0,376.0
20.0,376.0
529.0,376.0
284.0,376.0
422.0,376.0
195.0,376.0
103.0,377.0
472.0,377.0
245.0,377.0
20.0,377.0
502.0,377.0
516.0,377.0
982.0,377.0
1027.0,377.0
583.0,377.0
840.0,377.0
141.0,377.0
809.0,377.0
269.0,378.0
178.0,378.0
203.0,378.0
134.0,378.0
877.0,378.0
7.0,378.0
553.0,378.0
743.0,378.0
170.0,378.0
427.0,378.0
0.0,378.0
307.0,378.0
254.0,379.0
443.0,379.0
4.0,379.0
273.0,379.0
534.0,379.0
353.0,379.0
82.0,379.0
940.0,379.0
536.0,379.0
303.0,379.0
136.0,379.0
116.0,379.0
790.0,380.0
193.0,380.0
214.0,380.0
1004.0,380.0
760.0,380.0
65.0,380.0
926.0,380.0
412.0,380.0
287.0,380.0
616.0,380.0
388.0,380.0
374.0,380.0
160.0,381.0
794.0,381.0
445.0,381.0
580.0,381.0
478.0,381.0
775.0,381.0
962.0,381.0
116.0,381.0
450.0,381.0
745.0,381.0
980.0,381.0
963.0,381.0
306.0,382.0
646.0,382.0
403.0,382.0
760.0,382.0
1034.0,382.0
190.0,382.0
472.0,382.0
499.0,382.0
388.0,382.0
786.0,382.0
961.0,382.0
842.0,382.0
691.0,383.0
87.0,383.0
286.0,383.0
1014.0,383.0
598.0,383.0
301.0,383.0
688.0,383.0
205.0,383.0
226.0,383.0
74.0,383.0
212.0,383.0
369.0,383.0
794.0,384.0
212.0,384.0
69.0,384.0
281.0,384.0
717.0,384.0
76.0,384.0
1010.0,384.0
895.0,384.0
974.0,384.0
445.0,384.0
775.0,384.0
363.0,384.0
854.0,385.0
267.0,385.0
752.0,385.0
835.0,385.0
731.0,385.0
389.0,385.0
712.0,385.0
154.0,385.0
646.0,385.0
559.0,385.0
986.0,385.0
745.0,385.0
17.0,386.0
1021.0,386.0
595.0,386.0
93.0,386.0
859.0,386.0
293.0,386.0
509.0,386.0
572.0,386.0
927.0,386.0
778.0,386.0
707.0,386.0
345.0,386.0
154.0,387.0
209.0,387.0
609.0,387.0
587.0,387.0
698.0,387.0
918.0,387.0
754.0,387.0
566.0,387.0
328.0,387.0
326.0,387.0
795.0,387.0
1000.0,387.0
390.0,388.0
116.0,388.0
190.0,388.0
899.0,388.0
215.0,388.0
718.0,388.0
580.0,388.0
641.0,388.0
181.0,388.0
925.0,388.0
80.0,388.0
192.0,388.0
380.0,389.0
319.0,389.0
318.0,389.0
887.0,389.0
839.0,389.0
1003.0,389.0
515.0,389.0
829.0,389.0
576.0,389.0
41.0,389.0
883.0,389.0
469.0,389.0
26.0,390.0
543.0,390.0
451.0,390.0
397.0,390.0
92.0,390.0
685.0,390.0
109.0,390.0
40.0,390.0
939.0,390.0
3.0,390.0
579.0,390.0
254.0,390.0
812.0,391.0
1018.0,391.0
553.0,391.0
60.0,391.0
541.0,391.0
472.0,391.0
453.0,391.0
916.0,391.0
9.0,391.0
643.0,391.0
479.0,391.0
787.0,391.0
994.0,392.0
277.0,392.0
52.0,392.0
356.0,392.0
420.0,392.0
565.0,392.0
141.0,392.0
324.0,392.0
721.0,392.0
20.0,392.0
302.0,392.0
49.0,392.0
643.0,393.0
772.0,393.0
730.0,393.0
411.0,393.0
353.0,393.0
260.0,393.0
935.0,393.0
183.0,393.0
569.0,393.0
548.0,393.0
634.0,393.0
1035.0,393.0
458.0,394.0
601.0,394.0
581.0,394.0
55.0,394.0
539.0,394.0
695.0,394.0
870.0,394.0
132.0,394.0
17.0,394.0
467.0,394.0
154.0,394.0
518.0,394.0
672.0,395.0
259.0,395.0
502.0,395.0
360.0,395.0
990.0,395.0
944.0,395.0
123.0,395.0
501.0,395.0
69.0,395.0
380.0,395.0
445.0,395.0
538.0,395.0
308.0,396.0
888.0,396.0
977.0,396.0
498.0,396.0
700.0,396.0
1030.0,396.0
395.0,396.0
208.0,396.0
988.0,396.0
505.0,396.0
829.0,396.0
356.0,396.0
467.0,397.0
241.0,397.0
583.0,397.0
545.0,397.0
967.0,397.0
845.0,397.0
842.0,397.0
207.0,397.0
305.0,397.0
689.0,397.0
19.0,397.0
179.0,397.0
10.0,398.0
693.0,398.0
796.0,398.0
768.0,398.0
437.0,398.0
675.0,398.0
715.0,398.0
24.0,398.0
278.0,398.0
240.0,398.0
662.0,398.0
930.0,398.0
916.0,399.0
207.0,399.0
55.0,399.0
535.0,399.0
22.0,399.0
929.0,399.0
2.0,399.0
465.0,399.0
854.0,399.0
4.0,399.0
858.0,399.0
831.0,399.0
811.0,400.0
967.0,400.0
456.0,400.0
239.0,400.0
185.0,400.0
929.0,400.0
722.0,400.0
968.0,400.0
993.0,400.0
162.0,400.0
95.0,400.0
110.0,400.0
443.0,401.0
258.0,401.0
645.0,401.0
890.0,401.0
123.0,401.0
160.0,401.0
475.0,401.0
507.0,401.0
55.0,401.0
510.0,401.0
752.0,401.0
286.0,401.0
296.0,402.0
745.0,402.0
638.0,402.0
730.0,402.0
158.0,402.0
810.0,402.0
482.0,402.0
875.0,402.0
621.0,402.0
212.0,402.0
383.0,402.0
619.0,402.0
16.0,403.0
947.0,403.0
681.0,403.0
914.0,403.0
596.0,403.0
626.0,403.0
114.0,403.0
520.0,403.0
43.0,403.0
563.0,403.0
727.0,403.0
1022.0,403.0
372.0,404.0
339.0,404.0
264.0,404.0
808.0,404.0
739.0,404.0
51.0,404.0
44.0,404.0
481.0,404.0
118.0,404.0
642.0,404.0
104.0,404.0
586.0,404.0
137.0,405.0
892.0,405.0
3.0,405.0
815.0,405.0
850.0,405.0
660.0,405.0
285.0,405.0
156.0,405.0
445.0,405.0
814.0,405.0
287.0,405.0
192.0,405.0
173.0,406.0
613.0,406.0
660.0,406.0
180.0,406.0
80.0,406.0
317.0,406.0
331.0,406.0
510.0,406.0
564.0,406.0
182.0,406.0
409.0,406.0
788.0,406.0
310.0,407.0
384.0,407.0
748.0,407.0
415.0,407.0
976.0,407.0
584.0,407.0
581.0,407.0
559.0,407.0
0.0,407.0
760.0,407.0
777.0,407.0
907.0,407.0
541.0,408.0
914.0,408.0
218.0,408.0
525.0,408.0
620.0,408.0
827.0,408.0
1003.0,408.0
997.0,408.0
878.0,408.0
729.0,408.0
23.0,408.0
128.0,408.0
957.0,409.0
317.0,409.0
108.0,409.0
269.0,409.0
142.0,409.0
385.0,409.0
591.0,409.0
146.0,409.0
613.0,409.0
726.0,409.0
831.0,409.0
644.0,409.0
940.0,410.0
215.0,410.0
256.0,410.0
172.0,410.0
953.0,410.0
84.0,410.0
932.0,410.0
268.0,410.0
31.0,410.0
379.0,410.0
929.0,410.0
817.0,410.0
290.0,411.0
105.0,411.0
643.0,411.0
239.0,411.0
681.0,411.0
743.0,411.0
651.0,411.0
779.0,411.0
327.0,411.0
24.0,411.0
131.0,411.0
302.0,411.0
919.0,412.0
645.0,412.0
540.0,412.0
992.0,412.0
913.0,412.0
69.0,412.0
444.0,412.0
226.0,412.0
724.0,412.0
893.0,412.0
107.0,412.0
826.0,412.0
28.0,413.0
209.0,413.0
64.0,413.0
139.0,413.0
564.0,413.0
595.0,413.0
328.0,413.0
778.0,413.0
433.0,413.0
781.0,413.0
685.0,413.0
878.0,413.0
168.0,414.0
584.0,414.0
944.0,414.0
853.0,414.0
592.0,414.0
571.0,414.0
531.0,414.0
695.0,414.0
15.0,414.0
740.0,414.0
165.0,414.0
42.0,414.0
267.0,415.0
566.0,415.0
874.0,415.0
412.0,415.0
9.0,415.0
367.0,415.0
430.0,415.0
309.0,415.0
618.0,415.0
408.0,415.0
607.0,415.0
419.0,415.0
36.0,416.0
746.0,416.0
95.0,416.0
575.0,416.0
753.0,416.0
360.0,416.0
830.0,416.0
915.0,416.0
842.0,416.0
428.0,416.0
529.0,416.0
946.0,416.0
123.0,417.0
365.0,417.0
896.0,417.0
238.0,417.0
903.0,417.0
469.0,417.0
846.0,417.0
724.0,417.0
1020.0,417.0
126.0,417.0
572.0,417.0
994.0,417.0
187.0,418.0
322.0,418.0
698.0,418.0
104.0,418.0
766.0,418.0
429.0,418.0
791.0,418.0
280.0,418.0
920.0,418.0
150.0,418.0
361.0,418.0
23.0,418.0
943.0,419.0
262.0,419.0
11.0,419.0
691.0,419.0
393.0,419.0
1032.0,419.0
827.0,419.0
75.0,419.0
247.0,419.0
417.0,419.0
444.0,419.0
819.0,419.0
501.0,420.0
75.0,420.0
1017.0,420.0
651.0,420.0
196.0,420.0
759.0,420.0
427.0,420.0
507.0,420.0
165.0,420.0
530.0,420.0
473.0,420.0
423.0,420.0
61.0,421.0
857.0,421.0
79.0,421.0
245.0,421.0
78.0,421.0
434.0,421.0
573.0,421.0
591.0,421.0
66.0,421.0
381.0,421.0
660.0,421.0
478.0,421.0
751.0,422.0
309.0,422.0
369.0,422.0
568.0,422.0
824.0,422.0
834.0,422.0
186.0,422.0
920.0,422.0
489.0,422.0
1010.0,422.0
76.0,422.0
503.0,422.0
994.0,423.0
440.0,423.0
252.0,423.0
522.0,423.0
25.0,423.0
146.0,423.0
892.0,423.0
41.0,423.0
330.0,423.0
203.0,423.0
292.0,423.0
232.0,423.0
87.0,424.0
916.0,424.0
1007.0,424.0
462.0,424.0
103.0,424.0
947.0,424.0
517.0,424.0
845.0,424.0
176.0,424.0
463.0,424.0
140.0,424.0
579.0,424.0
173.0,425.0
463.0,425.0
649.0,425.0
737.0,425.0
676.0,425.0
940.0,425.0
350.0,425.0
839.0,425.0
619.0,425.0
656.0,425.0
61.0,425.0
646.0,425.0
415.0,426.0
770.0,426.0
104.0,426.0
505.0,426.0
1003.0,426.0
822.0,426.0
517.0,426.0
329.0,426.0
603.0,426.0
784.0,426.0
326.0,426.0
418.0,426.0
431.0,427.0
648.0,427.0
363.0,427.0
159.0,427.0
856.0,427.0
250.0,427.0
540.0,427.0
368.0,427.0
193.0,427.0
583.0,427.0
1009.0,427.0
235.0,427.0
746.0,428.0
327.0,428.0
265.0,428.0
553.0,428.0
861.0,428.0
610.0,428.0
235.0,428.0
514.0,428.0
333.0,428.0
625.0,428.0
245.0,428.0
217.0,428.0
895.0,429.0
333.0,429.0
1000.0,429.0
506.0,429.0
267.0,429.0
85.0,429.0
882.0,429.0
193.0,429.0
329.0,429.0
682.0,429.0
517.0,429.0
549.0,429.0
159.0,430.0
884.0,430.0
136.0,430.0
860.0,430.0
773.0,430.0
405.0,430.0
565.0,430.0
620.0,430.0
531.0,430.0
684.0,430.0
912.0,430.0
970.0,430.0
799.0,431.0
793.0,431.0
964.0,431.0
517.0,431.0
1004.0,431.0
784.0,431.0
266.0,431.0
44.0,431.0
154.0,431.0
665.0,431.0
925.0,431.0
198.0,431.0
99.0,432.0
133.0,432.0
602.0,432.0
801.0,432.0
968.0,432.0
564.0,432.0
418.0,432.0
639.0,432.0
45.0,432.0
597.0,432.0
552.0,432.0
809.0,432.0
197.0,433.0
437.0,433.0
841.0,433.0
306.0,433.0
490.0,433.0
762.0,433.0
770.0,433.0
837.0,433.0
382.0,433.0
59.0,433.0
727.0,433.0
325.0,433.0
263.0,434.0
658.0,434.0
714.0,434.0
975.0,434.0
170.0,434.0
683.0,434.0
279.0,434.0
922.0,434.0
205.0,434.0
511.0,434.0
247.0,434.0
976.0,434.0
678.0,435.0
560.0,435.0
563.0,435.0
634.0,435.0
369.0,435.0
20.0,435.0
688.0,435.0
965.0,435.0
788.0,435.0
77.0,435.0
638.0,435.0
454.0,435.0
32.0,436.0
894.0,436.0
731.0,436.0
96.0,436.0
691.0,436.0
638.0,436.0
695.0,436.0
922.0,436.0
430.0,436.0
423.0,436.0
777.0,436.0
207.0,436.0
71.0,437.0
815.0,437.0
101.0,437.0
885.0,437.0
316.0,437.0
1002.0,437.0
467.0,437.0
209.0,437.0
10.0,437.0
872.0,437.0
798.0,437.0
629.0,437.0
895.0,438.0
712.0,438.0
15.0,438.0
1007.0,438.0
991.0,438.0
994.0,438.0
217.0,438.0
739.0,438.0
486.0,438.0
705.0,438.0
59.0,438.0
660.0,438.0
717.0,439.0
1002.0,439.0
374.0,439.0
314.0,439.0
42.0,439.0
802.0,439.0
113.0,439.0
926.0,439.0
1011.0,439.0
813.0,439.0
855.0,439.0
790.0,439.0
131.0,440.0
1031.0,440.0
19.0,440.0
370.0,440.0
907.0,440.0
691.0,440.0
944.0,440.0
112.0,440.0
1010.0,440.0
283.0,440.0
217.0,440.0
736.0,440.0
53.0,441.0
111.0,441.0
24.0,441.0
561.0,441.0
93.0,441.0
572.0,441.0
308.0,441.0
31.0,441.0
193.0,441.0
999.0,441.0
398.0,441.0
1.0,441.0
539.0,442.0
974.0,442.0
82.0,442.0
233.0,442.0
571.0,442.0
890.0,442.0
598.0,442.0
866.0,442.0
50.0,442.0
787.0,442.0
319.0,442.0
764.0,442.0
723.0,443.0
881.0,443.0
625.0,443.0
283.0,443.0
702.0,443.0
11.0,443.0
480.0,443.0
303.0,443.0
399.0,443.0
831.0,443.0
535.0,443.0
854.0,443.0
183.0,444.0
860.0,444.0
358.0,444.0
827.0,444.0
77.0,444.0
383.0,444.0
963.0,444.0
523.0,444.0
922.0,444.0
270.0,444.0
417.0,444.0
16.0,444.0
292.0,445.0
336.0,445.0
71.0,445.0
23.0,445.0
232.0,445.0
9.0,445.0
102.0,445.0
726.0,445.0
979.0,445.0
563.0,445.0
266.0,445.0
341.0,445.0
130.0,446.0
91.0,446.0
1004.0,446.0
778.0,446.0
57.0,446.0
309.0,446.0
345.0,446.0
162.0,446.0
993.0,446.0
293.0,446.0
354.0,446.0
540.0,446.0
532.0,447.0
650.0,447.0
779.0,447.0
163.0,447.0
191.0,447.0
623.0,447.0
322.0,447.0
519.0,447.0
910.0,447.0
272.0,447.0
346.0,447.0
528.0,447.0
262.0,448.0
403.0,448.0
468.0,448.0
936.0,448.0
365.0,448.0
613.0,448.0
311.0,448.0
637.0,448.0
270.0,448.0
798.0,448.0
947.0,448.0
460.0,448.0
694.0,449.0
948.0,449.0
545.0,449.0
561.0,449.0
248.0,449.0
845.0,449.0
506.0,449.0
887.0,449.0
778.0,449.0
232.0,449.0
629.0,449.0
609.0,449.0
724.0,450.0
953.0,450.0
613.0,450.0
475.0,450.0
745.0,450.0
691.0,450.0
468.0,450.0
385.0,450.0
169.0,450.0
188.0,450.0
725.0,450.0
296.0,450.0
230.0,451.0
192.0,451.0
762.0,451.0
709.0,451.0
314.0,451.0
390.0,451.0
316.0,451.0
92.0,451.0
685.0,451.0
325.0,451.0
904.0,451.0
351.0,451.0
1021.0,452.0
921.0,452.0
572.0,452.0
364.0,452.0
404.0,452.0
917.0,452.0
531.0,452.0
185.0,452.0
386.0,452.0
1011.0,452.0
252.0,452.0
871.0,452.0
77.0,453.0
300.0,453.0
228.0,453.0
344.0,453.0
219.0,453.0
910.0,453.0
60.0,453.0
891.0,453.0
873.0,453.0
9.0,453.0
431.0,453.0
366.0,453.0
908.0,454.0
688.0,454.0
74.0,454.0
118.0,454.0
202.0,454.0
744.0,454.0
346.0,454.0
393.0,454.0
1030.0,454.0
779.0,454.0
743.0,454.0
171.0,454.0
960.0,455.0
169.0,455.0
122.0,455.0
642.0,455.0
931.0,455.0
1030.0,455.0
524.0,455.0
1005.0,455.0
609.0,455.0
149.0,455.0
242.0,455.0
743.0,455.0
773.0,456.0
449.0,456.0
95.0,456.0
728.0,456.0
126.0,456.0
879.0,456.0
927.0,456.0
17.0,456.0
117.0,456.0
110.0,456.0
988.0,456.0
873.0,456.0
590.0,457.0
60.0,457.0
1018.0,457.0
742.0,457.0
324.0,457.0
479.0,457.0
472.0,457.0
165.0,457.0
286.0,457.0
171.0,457.0
1028.0,457.0
751.0,457.0
146.0,458.0
469.0,458.0
327.0,458.0
209.0,458.0
695.0,458.0
934.0,458.0
878.0,458.0
813.0,458.0
699.0,458.0
314.0,458.0
54.0,458.0
561.0,458.0
270.0,459.0
564.0,459.0
800.0,459.0
957.0,459.0
872.0,459.0
782.0,459.0
831.0,459.0
885.0,459.0
676.0,459.0
903.0,459.0
613.0,459.0
311.0,459.0
370.0,460.0
490.0,460.0
318.0,460.0
956.0,460.0
213.0,460.0
336.0,460.0
397.0,460.0
6.0,460.0
660.0,460.0
296.0,460.0
923.0,460.0
9.0,460.0
855.0,461.0
498.0,461.0
823.0,461.0
286.0,461.0
904.0,461.0
722.0,461.0
341.0,461.0
354.0,461.0
248.0,461.0
572.0,461.0
17.0,461.0
632.0,461.0
414.0,462.0
290.0,462.0
449.0,462.0
102.0,462.0
805.0,462.0
862.0,462.0
754.0,462.0
684.0,462.0
259.0,462.0
996.0,462.0
1012.0,462.0
605.0,462.0
592.0,463.0
130.0,463.0
221.0,463.0
12.0,463.0
744.0,463.0
425.0,463.0
281.0,463.0
530.0,463.0
466.0,463.0
545.0,463.0
373.0,463.0
427.0,463.0
566.0,464.0
319.0,464.0
407.0,464.0
265.0,464.0
178.0,464.0
962.0,464.0
978.0,464.0
960.0,464.0
848.0,464.0
1018.0,464.0
875.0,464.0
478.0,464.0
833.0,465.0
355.0,465.0
780.0,465.0
135.0,465.0
985.0,465.0
29.0,465.0
536.0,465.0
2.0,465.0
775.0,465.0
928.0,465.0
247.0,465.0
208.0,465.0
625.0,466.0
954.0,466.0
1020.0,466.0
130.0,466.0
1031.0,466.0
662.0,466.0
832.0,466.0
959.0,466.0
718.0,466.0
83.0,466.0
828.0,466.0
894.0,466.0
728.0,467.0
259.0,467.0
209.0,467.0
904.0,467.0
314.0,467.0
988.0,467.0
1012.0,467.0
939.0,467.0
948.0,467.0
239.0,467.0
614.0,467.0
756.0,467.0
387.0,468.0
282.0,468.0
66.0,468.0
903.0,468.0
510.0,468.0
262.0,468.0
911.0,468.0
143.0,468.0
645.0,468.0
210.0,468.0
797.0,468.0
534.0,468.0
230.0,469.0
726.0,469.0
719.0,469.0
142.0,469.0
132.0,469.0
248.0,469.0
389.0,469.0
934.0,469.0
96.0,469.0
290.0,469.0
632.0,469.0
153.0,469.0
847.0,470.0
830.0,470.0
215.0,470.0
492.0,470.0
523.0,470.0
466.0,470.0
373.0,470.0
182.0,470.0
839.0,470.0
188.0,470.0
974.0,470.0
944.0,470.0
948.0,471.0
845.0,471.0
46.0,471.0
506.0,471.0
704.0,471.0
49.0,471.0
45.0,471.0
476.0,471.0
124.0,471.0
657.0,471.0
1018.0,471.0
429.0,471.0
785.0,472.0
729.0,472.0
38.0,472.0
946.0,472.0
479.0,472.0
565.0,472.0
261.0,472.0
674.0,472.0
126.0,472.0
959.0,472.0
789.0,472.0
1013.0,472.0
428.0,473.0
290.0,473.0
283.0,473.0
728.0,473.0
210.0,473.0
434.0,473.0
224.0,473.0
119.0,473.0
620.0,473.0
994.0,473.0
65.0,473.0
928.0,473.0
93.0,474.0
386.0,474.0
663.0,474.0
284.0,474.0
233.0,474.0
693.0,474.0
85.0,474.0
859.0,474.0
1.0,474.0
917.0,474.0
763.0,474.0
968.0,474.0
831.0,475.0
193.0,475.0
78.0,475.0
59.0,475.0
989.0,475.0
98.0,475.0
412.0,475.0
682.0,475.0
153.0,475.0
407.0,475.0
888.0,475.0
799.0,475.0
703.0,476.0
695.0,476.0
710.0,476.0
214.0,476.0
165.0,476.0
400.0,476.0
429.0,476.0
293.0,476.0
731.0,476.0
471.0,476.0
255.0,476.0
677.0,476.0
180.0,477.0
573.0,477.0
266.0,477.0
409.0,477.0
282.0,477.0
42.0,477.0
128.0,477.0
628.0,477.0
66.0,477.0
930.0,477.0
174.0,477.0
1020.0,477.0
90.0,478.0
534.0,478.0
585.0,478.0
122.0,478.0
308.0,478.0
573.0,478.0
78.0,478.0
826.0,478.0
911.0,478.0
528.0,478.0
925.0,478.0
174.0,478.0
332.0,479.0
25.0,479.0
91.0,479.0
104.0,479.0
853.0,479.0
932.0,479.0
491.0,479.0
98.0,479.0
690.0,479.0
756.0,479.0
781.0,479.0
78.0,479.0
478.0,480.0
465.0,480.0
504.0,480.0
385.0,480.0
116.0,480.0
358.0,480.0
107.0,480.0
810.0,480.0
379.0,480.0
775.0,480.0
854.0,480.0
661.0,480.0
941.0,481.0
205.0,481.0
75.0,481.0
25.0,481.0
153.0,481.0
546.0,481.0
61.0,481.0
491.0,481.0
563.0,481.0
513.0,481.0
629.0,481.0
211.0,481.0
24.0,482.0
913.0,482.0
837.0,482.0
514.0,482.0
187.0,482.0
228.0,482.0
871.0,482.0
541.0,482.0
758.0,482.0
78.0,482.0
103.0,482.0
464.0,482.0
219.0,483.0
541.0,483.0
77.0,483.0
747.0,483.0
507.0,483.0
383.0,483.0
880.0,483.0
799.0,483.0
932.0,483.0
412.0,483.0
369.0,483.0
1009.0,483.0
328.0,484.0
728.0,484.0
576.0,484.0
68.0,484.0
28.0,484.0
413.0,484.0
48.0,484.0
892.0,484.0
712.0,484.0
537.0,484.0
397.0,484.0
212.0,484.0
622.0,485.0
293.0,485.0
838.0,485.0
498.0,485.0
639.0,485.0
426.0,485.0
767.0,485.0
94.0,485.0
429.0,485.0
428.0,485.0
360.0,485.0
1017.0,485.0
739.0,486.0
61.0,486.0
932.0,486.0
967.0,486.0
527.0,486.0
836.0,486.0
624.0,486.0
95.0,486.0
244.0,486.0
214.0,486.0
25.0,486.0
415.0,486.0
839.0,487.0
270.0,487.0
724.0,487.0
419.0,487.0
782.0,487.0
142.0,487.0
854.0,487.0
613.0,487.0
819.0,487.0
234.0,487.0
65.0,487.0
893.0,487.0
136.0,488.0
668.0,488.0
460.0,488.0
207.0,488.0
362.0,488.0
405.0,488.0
1034.0,488.0
98.0,488.0
716.0,488.0
963.0,488.0
957.0,488.0
262.0,488.0
485.0,489.0
402.0,489.0
271.0,489.0
369.0,489.0
344.0,489.0
294.0,489.0
52.0,489.0
74.0,489.0
683.0,489.0
60.0,489.0
257.0,489.0
187.0,489.0
857.0,490.0
945.0,490.0
611.0,490.0
958.0,490.0
518.0,490.0
681.0,490.0
341.0,490.0
941.0,490.0
451.0,490.0
868.0,490.0
1023.0,490.0
735.0,490.0
1019.0,491.0
614.0,491.0
795.0,491.0
880.0,491.0
473.0,491.0
261.0,491.0
699.0,491.0
744.0,491.0
970.0,491.0
556.0,491.0
192.0,491.0
428.0,491.0
655.0,492.0
715.0,492.0
742.0,492.0
721.0,492.0
950.0,492.0
749.0,492.0
418.0,492.0
927.0,492.0
926.0,492.0
984.0,492.0
743.0,492.0
838.0,492.0
466.0,493.0
311.0,493.0
944.0,493.0
553.0,493.0
545.0,493.0
374.0,493.0
231.0,493.0
412.0,493.0
235.0,493.0
953.0,493.0
69.0,493.0
66.0,493.0
414.0,494.0
874.0,494.0
642.0,494.0
42.0,494.0
756.0,494.0
925.0,494.0
1012.0,494.0
361.0,494.0
360.0,494.0
969.0,494.0
949.0,494.0
228.0,494.0
653.0,495.0
551.0,495.0
696.0,495.0
223.0,495.0
851.0,495.0
449.0,495.0
376.0,495.0
103.0,495.0
886.0,495.0
728.0,495.0
14.0,495.0
503.0,495.0
928.0,496.0
661.0,496.0
105.0,496.0
901.0,496.0
287.0,496.0
952.0,496.0
504.0,496.0
310.0,496.0
245.0,496.0
555.0,496.0
560.0,496.0
1010.0,496.0
739.0,497.0
853.0,497.0
477.0,497.0
155.0,497.0
165.0,497.0
637.0,497.0
852.0,497.0
805.0,497.0
925.0,497.0
944.0,497.0
667.0,497.0
427.0,497.0
404.0,498.0
829.0,498.0
485.0,498.0
521.0,498.0
812.0,498.0
643.0,498.0
94.0,498.0
861.0,498.0
905.0,498.0
991.0,498.0
112.0,498.0
38.0,498.0
330.0,499.0
176.0,499.0
95.0,499.0
359.0,499.0
923.0,499.0
131.0,499.0
863.0,499.0
473.0,499.0
266.0,499.0
877.0,499.0
712.0,499.0
795.0,499.0
389.0,500.0
87.0,500.0
334.0,500.0
102.0,500.0
230.0,500.0
123.0,500.0
299.0,500.0
401.0,500.0
913.0,500.0
922.0,500.0
941.0,500.0
164.0,500.0
56.0,501.0
438.0,501.0
681.0,501.0
332.0,501.0
975.0,501.0
1006.0,501.0
668.0,501.0
407.0,501.0
78.0,501.0
513.0,501.0
964.0,501.0
500.0,501.0
367.0,502.0
901.0,502.0
905.0,502.0
141.0,502.0
807.0,502.0
105.0,502.0
550.0,502.0
743.0,502.0
251.0,502.0
1018.0,502.0
795.0,502.0
1003.0,502.0
905.0,503.0
67.0,503.0
728.0,503.0
47.0,503.0
78.0,503.0
233.0,503.0
719.0,503.0
114.0,503.0
700.0,503.0
840.0,503.0
812.0,503.0
609.0,503.0
331.0,504.0
785.0,504.0
463.0,504.0
497.0,504.0
176.0,504.0
261.0,504.0
701.0,504.0
352.0,504.0
89.0,504.0
844.0,504.0
884.0,504.0
996.0,504.0
49.0,505.0
14.0,505.0
124.0,505.0
130.0,505.0
333.0,505.0
298.0,505.0
988.0,505.0
821.0,505.0
864.0,505.0
429.0,505.0
578.0,505.0
319.0,505.0
432.0,506.0
994.0,506.0
105.0,506.0
801.0,506.0
199.0,506.0
517.0,506.0
927.0,506.0
1019.0,506.0
345.0,506.0
1033.0,506.0
766.0,506.0
982.0,506.0
455.0,507.0
79.0,507.0
370.0,507.0
213.0,507.0
599.0,507.0
70.0,507.0
463.0,507.0
295.0,507.0
496.0,507.0
620.0,507.0
838.0,507.0
913.0,507.0
535.0,508.0
238.0,508.0
1032.0,508.0
13.0,508.0
523.0,508.0
746.0,508.0
827.0,508.0
754.0,508.0
444.0,508.0
90.0,508.0
752.0,508.0
893.0,508.0
916.0,509.0
966.0,509.0
131.0,509.0
999.0,509.0
1008.0,509.0
705.0,509.0
9.0,509.0
550.0,509.0
259.0,509.0
791.0,509.0
927.0,509.0
456.0,509.0
409.0,510.0
839.0,510.0
204.0,510.0
998.0,510.0
879.0,510.0
59.0,510.0
358.0,510.0
126.0,510.0
854.0,510.0
210.0,510.0
307.0,510.0
919.0,510.0
824.0,511.0
848.0,511.0
618.0,511.0
981.0,511.0
83.0,511.0
719.0,511.0
323.0,511.0
393.0,511.0
919.0,511.0
368.0,511.0
384.0,511.0
881.0,511.0
683.0,512.0
513.0,512.0
584.0,512.0
501.0,512.0
598.0,512.0
975.0,512.0
530.0,512.0
707.0,512.0
558.0,512.0
440.0,512.0
408.0,512.0
913.0,512.0
1003.0,513.0
925.0,513.0
127.0,513.0
85.0,513.0
687.0,513.0
538.0,513.0
738.0,513.0
1019.0,513.0
514.0,513.0
1007.0,513.0
933.0,513.0
961.0,513.0
530.0,514.0
252.0,514.0
954.0,514.0
224.0,514.0
454.0,514.0
974.0,514.0
581.0,514.0
678.0,514.0
834.0,514.0
157.0,514.0
516.0,514.0
573.0,514.0
205.0,515.0
330.0,515.0
127.0,515.0
445.0,515.0
369.0,515.0
869.0,515.0
853.0,515.0
52.0,515.0
259.0,515.0
159.0,515.0
847.0,515.0
204.0,515.0
710.0,516.0
642.0,516.0
700.0,516.0
690.0,516.0
496.0,516.0
260.0,516.0
948.0,516.0
208.0,516.0
435.0,516.0
695.0,516.0
625.0,516.0
926.0,516.0
994.0,517.0
247.0,517.0
438.0,517.0
259.0,517.0
280.0,517.0
557.0,517.0
587.0,517.0
647.0,517.0
770.0,517.0
404.0,517.0
25.0,517.0
318.0,517.0
439.0,518.0
715.0,518.0
614.0,518.0
624.0,518.0
791.0,518.0
934.0,518.0
706.0,518.0
616.0,518.0
930.0,518.0
129.0,518.0
760.0,518.0
749.0,518.0
780.0,519.0
291.0,519.0
96.0,519.0
952.0,519.0
687.0,519.0
810.0,519.0
741.0,519.0
39.0,519.0
525.0,519.0
548.0,519.0
583.0,519.0
758.0,519.0
388.0,520.0
153.0,520.0
139.0,520.0
375.0,520.0
152.0,520.0
413.0,520.0
680.0,520.0
595.0,520.0
685.0,520.0
606.0,520.0
957.0,520.0
283.0,520.0
345.0,521.0
988.0,521.0
293.0,521.0
1014.0,521.0
395.0,521.0
400.0,521.0
818.0,521.0
99.0,521.0
347.0,521.0
694.0,521.0
432.0,521.0
137.0,521.0
119.0,522.0
214.0,522.0
27.0,522.0
479.0,522.0
418.0,522.0
44.0,522.0
286.0,522.0
317.0,522.0
666.0,522.0
803.0,522.0
874.0,522.0
597.0,522.0
205.0,523.0
804.0,523.0
618.0,523.0
61.0,523.0
501.0,523.0
691.0,523.0
480.0,523.0
427.0,523.0
318.0,523.0
846.0,523.0
218.0,523.0
475.0,523.0
971.0,524.0
243.0,524.0
863.0,524.0
716.0,524.0
940.0,524.0
920.0,524.0
56.0,524.0
332.0,524.0
514.0,524.0
629.0,524.0
515.0,524.0
659.0,524.0
749.0,525.0
650.0,525.0
764.0,525.0
51.0,525.0
623.0,525.0
671.0,525.0
697.0,525.0
1017.0,525.0
977.0,525.0
655.0,525.0
442.0,525.0
366.0,525.0
615.0,526.0
136.0,526.0
583.0,526.0
831.0,526.0
843.0,526.0
508.0,526.0
649.0,526.0
425.0,526.0
405.0,526.0
857.0,526.0
757.0,526.0
54.0,526.0
140.0,527.0
627.0,527.0
449.0,527.0
456.0,527.0
707.0,527.0
364.0,527.0
628.0,527.0
95.0,527.0
890.0,527.0
781.0,527.0
216.0,527.0
556.0,527.0
238.0,528.0
421.0,528.0
415.0,528.0
11.0,528.0
90.0,528.0
940.0,528.0
592.0,528.0
535.0,528.0
425.0,528.0
388.0,528.0
816.0,528.0
553.0,528.0
1010.0,529.0
525.0,529.0
653.0,529.0
392.0,529.0
429.0,529.0
697.0,529.0
49.0,529.0
255.0,529.0
864.0,529.0
736.0,529.0
593.0,529.0
79.0,529.0
853.0,530.0
341.0,530.0
664.0,530.0
715.0,530.0
860.0,530.0
475.0,530.0
862.0,530.0
374.0,530.0
512.0,530.0
615.0,530.0
640.0,530.0
874.0,530.0
456.0,531.0
298.0,531.0
310.0,531.0
994.0,531.0
733.0,531.0
765.0,531.0
978.0,531.0
512.0,531.0
995.0,531.0
317.0,531.0
607.0,531.0
731.0,531.0
873.0,532.0
875.0,532.0
761.0,532.0
971.0,532.0
936.0,532.0
570.0,532.0
213.0,532.0
638.0,532.0
417.0,532.0
714.0,532.0
39.0,532.0
183.0,532.0
658.0,533.0
662.0,533.0
522.0,533.0
352.0,533.0
537.0,533.0
23.0,533.0
380.0,533.0
78.0,533.0
287.0,533.0
697.0,533.0
1018.0,533.0
837.0,533.0
937.0,534.0
980.0,534.0
888.0,534.0
68.0,534.0
89.0,534.0
975.0,534.0
143.0,534.0
209.0,534.0
431.0,534.0
794.0,534.0
564.0,534.0
21.0,534.0
791.0,535.0
656.0,535.0
96.0,535.0
536.0,535.0
752.0,535.0
619.0,535.0
148.0,535.0
563.0,535.0
569.0,535.0
986.0,535.0
212.0,535.0
44.0,535.0
434.0,536.0
781.0,536.0
637.0,536.0
74.0,536.0
84.0,536.0
119.0,536.0
507.0,536.0
115.0,536.0
874.0,536.0
13.0,536.0
985.0,536.0
875.0,536.0
624.0,537.0
1020.0,537.0
782.0,537.0
462.0,537.0
707.0,537.0
609.0,537.0
1012.0,537.0
66.0,537.0
244.0,537.0
460.0,537.0
189.0,537.0
890.0,537.0
157.0,538.0
767.0,538.0
710.0,538.0
667.0,538.0
969.0,538.0
180.0,538.0
19.0,538.0
980.0,538.0
970.0,538.0
396.0,538.0
829.0,538.0
903.0,538.0
208.0,539.0
215.0,539.0
25.0,539.0
216.0,539.0
332.0,539.0
543.0,539.0
961.0,539.0
835.0,539.0
103.0,539.0
890.0,539.0
467.0,539.0
4.0,539.0
135.0,540.0
964.0,540.0
290.0,540.0
895.0,540.0
667.0,540.0
1020.0,540.0
330.0,540.0
753.0,540.0
879.0,540.0
549.0,540.0
706.0,540.0
431.0,540.0
753.0,541.0
420.0,541.0
434.0,541.0
191.0,541.0
344.0,541.0
594.0,541.0
231.0,541.0
103.0,541.0
337.0,541.0
969.0,541.0
636.0,541.0
820.0,541.0
681.0,542.0
211.0,542.0
123.0,542.0
434.0,542.0
862.0,542.0
705.0,542.0
863.0,542.0
586.0,542.0
329.0,542.0
939.0,542.0
738.0,542.0
755.0,542.0
167.0,543.0
464.0,543.0
479.0,543.0
1006.0,543.0
156.0,543.0
126.0,543.0
938.0,543.0
660.0,543.0
837.0,543.0
933.0,543.0
15.0,543.0
532.0,543.0
223.0,544.0
714.0,544.0
674.0,544.0
653.0,544.0
536.0,544.0
453.0,544.0
622.0,544.0
72.0,544.0
323.0,544.0
916.0,544.0
949.0,544.0
751.0,544.0
769.0,545.0
574.0,545.0
565.0,545.0
712.0,545.0
154.0,545.0
609.0,545.0
417.0,545.0
900.0,545.0
829.0,545.0
883.0,545.0
684.0,545.0
359.0,545.0
922.0,546.0
280.0,546.0
9.0,546.0
696.0,546.0
1007.0,546.0
651.0,546.0
997.0,546.0
907.0,546.0
944.0,546.0
150.0,546.0
220.0,546.0
383.0,546.0
906.0,547.0
887.0,547.0
227.0,547.0
492.0,547.0
837.0,547.0
977.0,547.0
779.0,547.0
864.0,547.0
322.0,547.0
4.0,547.0
982.0,547.0
329.0,547.0
83.0,548.0
410.0,548.0
900.0,548.0
619.0,548.0
780.0,548.0
990.0,548.0
944.0,548.0
268.0,548.0
532.0,548.0
47.0,548.0
610.0,548.0
440.0,548.0
360.0,549.0
801.0,549.0
168.0,549.0
791.0,549.0
216.0,549.0
932.0,549.0
354.0,549.0
87.0,549.0
682.0,549.0
492.0,549.0
366.0,549.0
70.0,549.0
853.0,550.0
622.0,550.0
61.0,550.0
445.0,550.0
288.0,550.0
877.0,550.0
573.0,550.0
204.0,550.0
494.0,550.0
755.0,550.0
942.0,550.0
919.0,550.0
905.0,551.0
167.0,551.0
1028.0,551.0
95.0,551.0
376.0,551.0
547.0,551.0
195.0,551.0
277.0,551.0
392.0,551.0
915.0,551.0
812.0,551.0
295.0,551.0
996.0,552.0
701.0,552.0
163.0,552.0
1012.0,552.0
244.0,552.0
276.0,552.0
818.0,552.0
710.0,552.0
414.0,552.0
584.0,552.0
933.0,552.0
991.0,552.0
515.0,553.0
830.0,553.0
884.0,553.0
279.0,553.0
1031.0,553.0
187.0,553.0
991.0,553.0
523.0,553.0
846.0,553.0
307.0,553.0
777.0,553.0
921.0,553.0
1035.0,554.0
33.0,554.0
165.0,554.0
1019.0,554.0
933.0,554.0
803.0,554.0
127.0,554.0
357.0,554.0
969.0,554.0
504.0,554.0
565.0,554.0
204.0,554.0
260.0,555.0
246.0,555.0
538.0,555.0
886.0,555.0
963.0,555.0
780.0,555.0
18.0,555.0
928.0,555.0
673.0,555.0
633.0,555.0
544.0,555.0
283.0,555.0
243.0,556.0
732.0,556.0
430.0,556.0
157.0,556.0
853.0,556.0
712.0,556.0
479.0,556.0
707.0,556.0
61.0,556.0
668.0,556.0
1007.0,556.0
637.0,556.0
733.0,557.0
82.0,557.0
301.0,557.0
795.0,557.0
317.0,557.0
651.0,557.0
612.0,557.0
171.0,557.0
734.0,557.0
851.0,557.0
991.0,557.0
366.0,557.0
154.0,558.0
473.0,558.0
913.0,558.0
515.0,558.0
839.0,558.0
845.0,558.0
973.0,558.0
1031.0,558.0
308.0,558.0
788.0,558.0
748.0,558.0
736.0,558.0
605.0,559.0
69.0,559.0
534.0,559.0
384.0,559.0
279.0,559.0
357.0,559.0
645.0,559.0
57.0,559.0
127.0,559.0
592.0,559.0
436.0,559.0
752.0,559.0
538.0,560.0
650.0,560.0
416.0,560.0
335.0,560.0
1017.0,560.0
909.0,560.0
72.0,560.0
817.0,560.0
295.0,560.0
610.0,560.0
597.0,560.0
453.0,560.0
763.0,561.0
130.0,561.0
97.0,561.0
627.0,561.0
342.0,561.0
579.0,561.0
101.0,561.0
872.0,561.0
108.0,561.0
968.0,561.0
685.0,561.0
527.0,561.0
799.0,562.0
269.0,562.0
350.0,562.0
468.0,562.0
417.0,562.0
774.0,562.0
832.0,562.0
6.0,562.0
311.0,562.0
843.0,562.0
938.0,562.0
477.0,562.0
684.0,563.0
574.0,563.0
136.0,563.0
300.0,563.0
0.0,563.0
978.0,563.0
331.0,563.0
866.0,563.0
777.0,563.0
359.0,563.0
9.0,563.0
372.0,563.0
553.0,564.0
253.0,564.0
68.0,564.0
844.0,564.0
596.0,564.0
934.0,564.0
144.0,564.0
874.0,564.0
102.0,564.0
819.0,564.0
1022.0,564.0
512.0,564.0
370.0,565.0
835.0,565.0
692.0,565.0
823.0,565.0
125.0,565.0
553.0,565.0
75.0,565.0
884.0,565.0
600.0,565.0
554.0,565.0
672.0,565.0
586.0,565.0
889.0,566.0
682.0,566.0
692.0,566.0
994.0,566.0
172.0,566.0
440.0,566.0
984.0,566.0
163.0,566.0
445.0,566.0
658.0,566.0
894.0,566.0
979.0,566.0
999.0,567.0
426.0,567.0
1020.0,567.0
187.0,567.0
62.0,567.0
349.0,567.0
904.0,567.0
607.0,567.0
132.0,567.0
249.0,567.0
691.0,567.0
518.0,567.0
472.0,568.0
692.0,568.0
105.0,568.0
909.0,568.0
579.0,568.0
514.0,568.0
34.0,568.0
851.0,568.0
495.0,568.0
14.0,568.0
838.0,568.0
695.0,568.0
399.0,569.0
272.0,569.0
810.0,569.0
263.0,569.0
1032.0,569.0
962.0,569.0
379.0,569.0
940.0,569.0
858.0,569.0
1005.0,569.0
721.0,569.0
646.0,569.0
353.0,570.0
909.0,570.0
901.0,570.0
513.0,570.0
138.0,570.0
44.0,570.0
242.0,570.0
496.0,570.0
747.0,570.0
110.0,570.0
997.0,570.0
886.0,570.0
932.0,571.0
41.0,571.0
211.0,571.0
334.0,571.0
737.0,571.0
304.0,571.0
629.0,571.0
887.0,571.0
795.0,571.0
587.0,571.0
545.0,571.0
921.0,571.0
1021.0,572.0
158.0,572.0
602.0,572.0
177.0,572.0
371.0,572.0
386.0,572.0
927.0,572.0
276.0,572.0
187.0,572.0
140.0,572.0
693.0,572.0
261.0,572.0
106.0,573.0
484.0,573.0
148.0,573.0
416.0,573.0
243.0,573.0
559.0,573.0
254.0,573.0
59.0,573.0
630.0,573.0
1000.0,573.0
342.0,573.0
235.0,573.0
583.0,574.0
537.0,574.0
279.0,574.0
667.0,574.0
623.0,574.0
932.0,574.0
501.0,574.0
795.0,574.0
900.0,574.0
668.0,574.0
468.0,574.0
863.0,574.0
119.0,575.0
525.0,575.0
462.0,575.0
815.0,575.0
367.0,575.0
208.0,575.0
932.0,575.0
942.0,575.0
662.0,575.0
514.0,575.0
330.0,575.0
571.0,575.0
934.0,576.0
956.0,576.0
341.0,576.0
813.0,576.0
615.0,576.0
477.0,576.0
12.0,576.0
111.0,576.0
616.0,576.0
664.0,576.0
329.0,576.0
573.0,576.0
565.0,577.0
710.0,577.0
1029.0,577.0
70.0,577.0
738.0,577.0
949.0,577.0
1004.0,577.0
541.0,577.0
533.0,577.0
51.0,577.0
794.0,577.0
4.0,577.0
242.0,578.0
503.0,578.0
214.0,578.0
336.0,578.0
525.0,578.0
655.0,578.0
20.0,578.0
219.0,578.0
422.0,578.0
808.0,578.0
1018.0,578.0
227.0,578.0
461.0,579.0
24.0,579.0
78.0,579.0
185.0,579.0
467.0,579.0
575.0,579.0
778.0,579.0
871.0,579.0
395.0,579.0
162.0,579.0
438.0,579.0
242.0,579.0
797.0,580.0
819.0,580.0
804.0,580.0
938.0,580.0
673.0,580.0
543.0,580.0
775.0,580.0
860.0,580.0
752.0,580.0
723.0,580.0
381.0,580.0
857.0,580.0
327.0,581.0
803.0,581.0
764.0,581.0
313.0,581.0
242.0,581.0
900.0,581.0
950.0,581.0
50.0,581.0
292.0,581.0
516.0,581.0
851.0,581.0
115.0,581.0
912.0,582.0
631.0,582.0
205.0,582.0
35.0,582.0
60.0,582.0
492.0,582.0
289.0,582.0
916.0,582.0
138.0,582.0
323.0,582.0
688.0,582.0
738.0,582.0
954.0,583.0
1029.0,583.0
992.0,583.0
842.0,583.0
722.0,583.0
903.0,583.0
976.0,583.0
624.0,583.0
981.0,583.0
267.0,583.0
866.0,583.0
839.0,583.0
51.0,584.0
664.0,584.0
553.0,584.0
309.0,584.0
830.0,584.0
299.0,584.0
313.0,584.0
961.0,584.0
979.0,584.0
683.0,584.0
261.0,584.0
44.0,584.0
827.0,585.0
884.0,585.0
64.0,585.0
460.0,585.0
986.0,585.0
981.0,585.0
116.0,585.0
86.0,585.0
406.0,585.0
305.0,585.0
350.0,585.0
641.0,585.0
883.0,586.0
837.0,586.0
491.0,586.0
970.0,586.0
1023.0,586.0
418.0,586.0
290.0,586.0
514.0,586.0
503.0,586.0
210.0,586.0
462.0,586.0
856.0,586.0
846.0,587.0
972.0,587.0
801.0,587.0
579.0,587.0
822.0,587.0
41.0,587.0
791.0,587.0
350.0,587.0
93.0,587.0
705.0,587.0
509.0,587.0
868.0,587.0
669.0,588.0
814.0,588.0
617.0,588.0
320.0,588.0
152.0,588.0
190.0,588.0
912.0,588.0
184.0,588.0
841.0,588.0
139.0,588.0
262.0,588.0
321.0,588.0
379.0,589.0
2.0,589.0
7.0,589.0
219.0,589.0
983.0,589.0
265.0,589.0
761.0,589.0
946.0,589.0
213.0,589.0
303.0,589.0
116.0,589.0
443.0,589.0
849.0,590.0
172.0,590.0
634.0,590.0
945.0,590.0
908.0,590.0
764.0,590.0
954.0,590.0
39.0,590.0
256.0,590.0
848.0,590.0
271.0,590.0
74.0,590.0
953.0,591.0
534.0,591.0
814.0,591.0
447.0,591.0
250.0,591.0
555.0,591.0
956.0,591.0
752.0,591.0
90.0,591.0
826.0,591.0
174.0,591.0
986.0,591.0
665.0,592.0
911.0,592.0
98.0,592.0
524.0,592.0
620.0,592.0
662.0,592.0
625.0,592.0
618.0,592.0
61.0,592.0
431.0,592.0
777.0,592.0
361.0,592.0
335.0,593.0
53.0,593.0
663.0,593.0
918.0,593.0
575.0,593.0
293.0,593.0
132.0,593.0
386.0,593.0
579.0,593.0
904.0,593.0
93.0,593.0
329.0,593.0
250.0,594.0
104.0,594.0
507.0,594.0
466.0,594.0
565.0,594.0
560.0,594.0
586.0,594.0
1020.0,594.0
44.0,594.0
407.0,594.0
889.0,594.0
954.0,594.0
164.0,595.0
127.0,595.0
774.0,595.0
872.0,595.0
726.0,595.0
632.0,595.0
841.0,595.0
269.0,595.0
735.0,595.0
413.0,595.0
1011.0,595.0
679.0,595.0
934.0,596.0
321.0,596.0
895.0,596.0
48.0,596.0
708.0,596.0
309.0,596.0
955.0,596.0
926.0,596.0
715.0,596.0
748.0,596.0
867.0,596.0
615.0,596.0
803.0,597.0
400.0,597.0
94.0,597.0
494.0,597.0
1003.0,597.0
732.0,597.0
922.0,597.0
905.0,597.0
486.0,597.0
507.0,597.0
187.0,597.0
740.0,597.0
290.0,598.0
415.0,598.0
135.0,598.0
24.0,598.0
408.0,598.0
970.0,598.0
772.0,598.0
609.0,598.0
363.0,598.0
222.0,598.0
96.0,598.0
787.0,598.0
302.0,599.0
356.0,599.0
665.0,599.0
222.0,599.0
961.0,599.0
554.0,599.0
245.0,599.0
91.0,599.0
787.0,599.0
662.0,599.0
73.0,599.0
959.0,599.0
485.0,600.0
104.0,600.0
277.0,600.0
495.0,600.0
789.0,600.0
697.0,600.0
415.0,600.0
977.0,600.0
300.0,600.0
599.0,600.0
181.0,600.0
422.0,600.0
930.0,601.0
767.0,601.0
458.0,601.0
230.0,601.0
509.0,601.0
262.0,601.0
150.0,601.0
868.0,601.0
939.0,601.0
587.0,601.0
709.0,601.0
316.0,601.0
934.0,602.0
823.0,602.0
521.0,602.0
432.0,602.0
239.0,602.0
864.0,602.0
5.0,602.0
766.0,602.0
103.0,602.0
426.0,602.0
345.0,602.0
811.0,602.0
91.0,603.0
1000.0,603.0
102.0,603.0
1006.0,603.0
220.0,603.0
553.0,603.0
363.0,603.0
530.0,603.0
301.0,603.0
509.0,603.0
813.0,603.0
895.0,603.0
715.0,604.0
756.0,604.0
593.0,604.0
617.0,604.0
841.0,604.0
92.0,604.0
762.0,604.0
132.0,604.0
540.0,604.0
41.0,604.0
515.0,604.0
114.0,604.0
320.0,605.0
749.0,605.0
259.0,605.0
131.0,605.0
887.0,605.0
1031.0,605.0
862.0,605.0
539.0,605.0
945.0,605.0
870.0,605.0
198.0,605.0
597.0,605.0
28.0,606.0
980.0,606.0
841.0,606.0
802.0,606.0
576.0,606.0
4.0,606.0
439.0,606.0
451.0,606.0
153.0,606.0
565.0,606.0
59.0,606.0
40.0,606.0
867.0,607.0
592.0,607.0
363.0,607.0
877.0,607.0
759.0,607.0
56.0,607.0
664.0,607.0
932.0,607.0
1016.0,607.0
499.0,607.0
217.0,607.0
731.0,607.0
142.0,608.0
631.0,608.0
370.0,608.0
286.0,608.0
533.0,608.0
44.0,608.0
543.0,608.0
552.0,608.0
575.0,608.0
136.0,608.0
491.0,608.0
70.0,608.0
934.0,609.0
547.0,609.0
491.0,609.0
292.0,609.0
513.0,609.0
970.0,609.0
911.0,609.0
537.0,609.0
296.0,609.0
102.0,609.0
1003.0,609.0
546.0,609.0
34.0,610.0
938.0,610.0
193.0,610.0
369.0,610.0
714.0,610.0
898.0,610.0
496.0,610.0
861.0,610.0
635.0,610.0
366.0,610.0
130.0,610.0
686.0,610.0
317.0,611.0
615.0,611.0
828.0,611.0
955.0,611.0
421.0,611.0
156.0,611.0
96.0,611.0
142.0,611.0
397.0,611.0
570.0,611.0
572.0,611.0
769.0,611.0
337.0,612.0
577.0,612.0
692.0,612.0
119.0,612.0
794.0,612.0
1029.0,612.0
205.0,612.0
290.0,612.0
697.0,612.0
357.0,612.0
98.0,612.0
165.0,612.0
782.0,613.0
799.0,613.0
321.0,613.0
207.0,613.0
262.0,613.0
403.0,613.0
372.0,613.0
11.0,613.0
285.0,613.0
797.0,613.0
122.0,613.0
826.0,613.0
894.0,614.0
974.0,614.0
499.0,614.0
1000.0,614.0
41.0,614.0
311.0,614.0
1023.0,614.0
790.0,614.0
306.0,614.0
91.0,614.0
326.0,614.0
317.0,614.0
786.0,615.0
752.0,615.0
550.0,615.0
907.0,615.0
668.0,615.0
306.0,615.0
490.0,615.0
957.0,615.0
41.0,615.0
726.0,615.0
604.0,615.0
297.0,615.0
798.0,616.0
685.0,616.0
802.0,616.0
973.0,616.0
595.0,616.0
855.0,616.0
341.0,616.0
611.0,616.0
92.0,616.0
230.0,616.0
169.0,616.0
1026.0,616.0
709.0,617.0
595.0,617.0
832.0,617.0
59.0,617.0
606.0,617.0
375.0,617.0
408.0,617.0
955.0,617.0
348.0,617.0
903.0,617.0
152.0,617.0
814.0,617.0
483.0,618.0
205.0,618.0
82.0,618.0
1004.0,618.0
1000.0,618.0
299.0,618.0
536.0,618.0
71.0,618.0
332.0,618.0
752.0,618.0
157.0,618.0
559.0,618.0
213.0,619.0
234.0,619.0
810.0,619.0
847.0,619.0
580.0,619.0
207.0,619.0
465.0,619.0
943.0,619.0
37.0,619.0
288.0,619.0
1032.0,619.0
621.0,619.0
749.0,620.0
959.0,620.0
368.0,620.0
935.0,620.0
77.0,620.0
715.0,620.0
648.0,620.0
609.0,620.0
357.0,620.0
30.0,620.0
996.0,620.0
1035.0,620.0
265.0,621.0
188.0,621.0
2.0,621.0
22.0,621.0
480.0,621.0
416.0,621.0
98.0,621.0
251.0,621.0
263.0,621.0
631.0,621.0
6.0,621.0
933.0,621.0
424.0,622.0
121.0,622.0
772.0,622.0
364.0,622.0
49.0,622.0
610.0,622.0
111.0,622.0
91.0,622.0
216.0,622.0
993.0,622.0
127.0,622.0
414.0,622.0
366.0,623.0
357.0,623.0
224.0,623.0
191.0,623.0
123.0,623.0
686.0,623.0
411.0,623.0
104.0,623.0
865.0,623.0
435.0,623.0
434.0,623.0
807.0,623.0
581.0,624.0
111.0,624.0
820.0,624.0
507.0,624.0
970.0,624.0
976.0,624.0
308.0,624.0
159.0,624.0
176.0,624.0
233.0,624.0
12.0,624.0
845.0,624.0
665.0,625.0
319.0,625.0
978.0,625.0
1030.0,625.0
866.0,625.0
919.0,625.0
218.0,625.0
746.0,625.0
250.0,625.0
357.0,625.0
326.0,625.0
1024.0,625.0
534.0,626.0
190.0,626.0
617.0,626.0
192.0,626.0
644.0,626.0
699.0,626.0
1022.0,626.0
468.0,626.0
717.0,626.0
609.0,626.0
23.0,626.0
768.0,626.0
199.0,627.0
138.0,627.0
710.0,627.0
241.0,627.0
45.0,627.0
766.0,627.0
835.0,627.0
354.0,627.0
58.0,627.0
185.0,627.0
821.0,627.0
100.0,627.0
641.0,628.0
769.0,628.0
331.0,628.0
232.0,628.0
413.0,628.0
878.0,628.0
1012.0,628.0
387.0,628.0
595.0,628.0
925.0,628.0
490.0,628.0
739.0,628.0
549.0,629.0
330.0,629.0
719.0,629.0
542.0,629.0
180.0,629.0
760.0,629.0
56.0,629.0
916.0,629.0
513.0,629.0
1023.0,629.0
239.0,629.0
411.0,629.0
681.0,630.0
144.0,630.0
850.0,630.0
248.0,630.0
897.0,630.0
153.0,630.0
484.0,630.0
615.0,630.0
539.0,630.0
869.0,630.0
313.0,630.0
980.0,630.0
501.0,631.0
598.0,631.0
804.0,631.0
638.0,631.0
973.0,631.0
894.0,631.0
929.0,631.0
135.0,631.0
636.0,631.0
594.0,631.0
533.0,631.0
1009.0,631.0
870.0,632.0
708.0,632.0
204.0,632.0
190.0,632.0
1031.0,632.0
325.0,632.0
601.0,632.0
167.0,632.0
338.0,632.0
941.0,632.0
576.0,632.0
924.0,632.0
251.0,633.0
780.0,633.0
623.0,633.0
502.0,633.0
60.0,633.0
435.0,633.0
532.0,633.0
598.0,633.0
393.0,633.0
582.0,633.0
635.0,633.0
722.0,633.0
422.0,634.0
817.0,634.0
436.0,634.0
96.0,634.0
881.0,634.0
674.0,634.0
758.0,634.0
886.0,634.0
650.0,634.0
360.0,634.0
730.0,634.0
410.0,634.0
806.0,635.0
284.0,635.0
688.0,635.0
785.0,635.0
455.0,635.0
66.0,635.0
302.0,635.0
165.0,635.0
392.0,635.0
12.0,635.0
505.0,635.0
568.0,635.0
808.0,636.0
319.0,636.0
875.0,636.0
566.0,636.0
931.0,636.0
902.0,636.0
682.0,636.0
672.0,636.0
997.0,636.0
55.0,636.0
273.0,636.0
785.0,636.0
778.0,637.0
1004.0,637.0
94.0,637.0
395.0,637.0
844.0,637.0
698.0,637.0
791.0,637.0
820.0,637.0
352.0,637.0
970.0,637.0
462.0,637.0
332.0,637.0
205.0,638.0
965.0,638.0
963.0,638.0
555.0,638.0
732.0,638.0
484.0,638.0
301.0,638.0
290.0,638.0
1031.0,638.0
369.0,638.0
773.0,638.0
126.0,638.0
432.0,639.0
787.0,639.0
199.0,639.0
255.0,639.0
386.0,639.0
93.0,639.0
400.0,639.0
793.0,639.0
53.0,639.0
481.0,639.0
969.0,639.0
1012.0,639.0
331.0,640.0
168.0,640.0
107.0,640.0
853.0,640.0
1019.0,640.0
301.0,640.0
756.0,640.0
136.0,640.0
326.0,640.0
905.0,640.0
1006.0,640.0
1025.0,640.0
956.0,641.0
715.0,641.0
757.0,641.0
403.0,641.0
405.0,641.0
515.0,641.0
880.0,641.0
193.0,641.0
470.0,641.0
646.0,641.0
152.0,641.0
181.0,641.0
637.0,642.0
952.0,642.0
556.0,642.0
552.0,642.0
1008.0,642.0
157.0,642.0
894.0,642.0
845.0,642.0
549.0,642.0
857.0,642.0
429.0,642.0
992.0,642.0
503.0,643.0
931.0,643.0
472.0,643.0
916.0,643.0
516.0,643.0
34.0,643.0
612.0,643.0
808.0,643.0
866.0,643.0
327.0,643.0
525.0,643.0
655.0,643.0
855.0,644.0
616.0,644.0
520.0,644.0
878.0,644.0
197.0,644.0
26.0,644.0
258.0,644.0
348.0,644.0
896.0,644.0
153.0,644.0
92.0,644.0
726.0,644.0
87.0,645.0
362.0,645.0
942.0,645.0
690.0,645.0
989.0,645.0
273.0,645.0
953.0,645.0
267.0,645.0
794.0,645.0
69.0,645.0
126.0,645.0
788.0,645.0
971.0,646.0
1034.0,646.0
656.0,646.0
640.0,646.0
782.0,646.0
308.0,646.0
745.0,646.0
960.0,646.0
827.0,646.0
857.0,646.0
328.0,646.0
136.0,646.0
853.0,647.0
766.0,647.0
506.0,647.0
45.0,647.0
895.0,647.0
310.0,647.0
8.0,647.0
993.0,647.0
162.0,647.0
870.0,647.0
602.0,647.0
225.0,647.0
773.0,648.0
436.0,648.0
490.0,648.0
1008.0,648.0
979.0,648.0
335.0,648.0
902.0,648.0
942.0,648.0
241.0,648.0
549.0,648.0
59.0,648.0
444.0,648.0
580.0,649.0
142.0,649.0
854.0,649.0
408.0,649.0
362.0,649.0
16.0,649.0
343.0,649.0
660.0,649.0
826.0,649.0
613.0,649.0
1032.0,649.0
943.0,649.0
825.0,650.0
729.0,650.0
849.0,650.0
670.0,650.0
772.0,650.0
435.0,650.0
77.0,650.0
893.0,650.0
714.0,650.0
920.0,650.0
84.0,650.0
876.0,650.0
625.0,651.0
803.0,651.0
1007.0,651.0
696.0,651.0
55.0,651.0
697.0,651.0
710.0,651.0
701.0,651.0
175.0,651.0
856.0,651.0
361.0,651.0
722.0,651.0
707.0,652.0
298.0,652.0
926.0,652.0
1019.0,652.0
176.0,652.0
438.0,652.0
944.0,652.0
603.0,652.0
220.0,652.0
341.0,652.0
56.0,652.0
553.0,652.0
34.0,653.0
891.0,653.0
134.0,653.0
544.0,653.0
825.0,653.0
422.0,653.0
783.0,653.0
284.0,653.0
635.0,653.0
95.0,653.0
195.0,653.0
428.0,653.0
464.0,654.0
451.0,654.0
5.0,654.0
644.0,654.0
813.0,654.0
802.0,654.0
459.0,654.0
841.0,654.0
185.0,654.0
71.0,654.0
768.0,654.0
953.0,654.0
95.0,655.0
721.0,655.0
932.0,655.0
732.0,655.0
497.0,655.0
1002.0,655.0
80.0,655.0
113.0,655.0
371.0,655.0
944.0,655.0
42.0,655.0
658.0,655.0
357.0,656.0
148.0,656.0
824.0,656.0
724.0,656.0
981.0,656.0
911.0,656.0
399.0,656.0
987.0,656.0
960.0,656.0
723.0,656.0
788.0,656.0
649.0,656.0
485.0,657.0
72.0,657.0
302.0,657.0
334.0,657.0
371.0,657.0
575.0,657.0
227.0,657.0
141.0,657.0
622.0,657.0
105.0,657.0
171.0,657.0
279.0,657.0
990.0,658.0
473.0,658.0
59.0,658.0
215.0,658.0
764.0,658.0
553.0,658.0
964.0,658.0
387.0,658.0
221.0,658.0
397.0,658.0
27.0,658.0
636.0,658.0
23.0,659.0
290.0,659.0
537.0,659.0
442.0,659.0
1019.0,659.0
991.0,659.0
890.0,659.0
845.0,659.0
203.0,659.0
932.0,659.0
268.0,659.0
107.0,659.0
788.0,660.0
1004.0,660.0
30.0,660.0
774.0,660.0
486.0,660.0
945.0,660.0
174.0,660.0
615.0,660.0
372.0,660.0
6.0,660.0
287.0,660.0
669.0,660.0
534.0,661.0
13.0,661.0
990.0,661.0
631.0,661.0
271.0,661.0
36.0,661.0
443.0,661.0
491.0,661.0
932.0,661.0
772.0,661.0
816.0,661.0
275.0,661.0
887.0,662.0
785.0,662.0
466.0,662.0
423.0,662.0
919.0,662.0
381.0,662.0
514.0,662.0
845.0,662.0
795.0,662.0
942.0,662.0
802.0,662.0
933.0,662.0
993.0,663.0
766.0,663.0
822.0,663.0
587.0,663.0
315.0,663.0
452.0,663.0
946.0,663.0
855.0,663.0
99.0,663.0
859.0,663.0
486.0,663.0
972.0,663.0
78.0,664.0
552.0,664.0
253.0,664.0
926.0,664.0
450.0,664.0
515.0,664.0
611.0,664.0
475.0,664.0
586.0,664.0
955.0,664.0
490.0,664.0
258.0,664.0
777.0,665.0
866.0,665.0
984.0,665.0
1006.0,665.0
541.0,665.0
36.0,665.0
507.0,665.0
104.0,665.0
862.0,665.0
690.0,665.0
896.0,665.0
68.0,665.0
391.0,666.0
753.0,666.0
536.0,666.0
874.0,666.0
178.0,666.0
268.0,666.0
36.0,666.0
719.0,666.0
455.0,666.0
454.0,666.0
66.0,666.0
952.0,666.0
44.0,667.0
143.0,667.0
378.0,667.0
286.0,667.0
153.0,667.0
214.0,667.0
997.0,667.0
126.0,667.0
828.0,667.0
380.0,667.0
942.0,667.0
531.0,667.0
374.0,668.0
290.0,668.0
370.0,668.0
691.0,668.0
913.0,668.0
206.0,668.0
1008.0,668.0
332.0,668.0
667.0,668.0
731.0,668.0
845.0,668.0
662.0,668.0
147.0,669.0
595.0,669.0
768.0,669.0
880.0,669.0
348.0,669.0
488.0,669.0
80.0,669.0
958.0,669.0
406.0,669.0
382.0,669.0
763.0,669.0
564.0,669.0
222.0,670.0
976.0,670.0
997.0,670.0
991.0,670.0
59.0,670.0
361.0,670.0
370.0,670.0
761.0,670.0
631.0,670.0
411.0,670.0
414.0,670.0
638.0,670.0
312.0,671.0
779.0,671.0
806.0,671.0
609.0,671.0
453.0,671.0
698.0,671.0
678.0,671.0
23.0,671.0
8.0,671.0
219.0,671.0
50.0,671.0
607.0,671.0
795.0,672.0
427.0,672.0
479.0,672.0
945.0,672.0
805.0,672.0
304.0,672.0
736.0,672.0
360.0,672.0
307.0,672.0
913.0,672.0
336.0,672.0
442.0,672.0
12.0,673.0
711.0,673.0
661.0,673.0
519.0,673.0
381.0,673.0
246.0,673.0
13.0,673.0
1001.0,673.0
621.0,673.0
702.0,673.0
848.0,673.0
785.0,673.0
933.0,674.0
260.0,674.0
317.0,674.0
849.0,674.0
544.0,674.0
512.0,674.0
294.0,674.0
560.0,674.0
82.0,674.0
812.0,674.0
203.0,674.0
569.0,674.0
316.0,675.0
426.0,675.0
878.0,675.0
91.0,675.0
88.0,675.0
593.0,675.0
259.0,675.0
200.0,675.0
216.0,675.0
813.0,675.0
1011.0,675.0
456.0,675.0
28.0,676.0
771.0,676.0
892.0,676.0
144.0,676.0
201.0,676.0
114.0,676.0
525.0,676.0
679.0,676.0
180.0,676.0
814.0,676.0
147.0,676.0
562.0,676.0
476.0,677.0
333.0,677.0
1010.0,677.0
404.0,677.0
692.0,677.0
959.0,677.0
377.0,677.0
829.0,677.0
432.0,677.0
982.0,677.0
8.0,677.0
793.0,677.0
502.0,678.0
50.0,678.0
517.0,678.0
20.0,678.0
337.0,678.0
984.0,678.0
429.0,678.0
577.0,678.0
1028.0,678.0
219.0,678.0
280.0,678.0
340.0,678.0
320.0,679.0
718.0,679.0
625.0,679.0
923.0,679.0
726.0,679.0
957.0,679.0
348.0,679.0
201.0,679.0
401.0,679.0
282.0,679.0
995.0,679.0
461.0,679.0
103.0,680.0
121.0,680.0
1023.0,680.0
769.0,680.0
345.0,680.0
248.0,680.0
17.0,680.0
828.0,680.0
958.0,680.0
614.0,680.0
139.0,680.0
955.0,680.0
368.0,681.0
342.0,681.0
299.0,681.0
662.0,681.0
156.0,681.0
1023.0,681.0
608.0,681.0
934.0,681.0
955.0,681.0
179.0,681.0
430.0,681.0
59.0,681.0
553.0,682.0
731.0,682.0
755.0,682.0
764.0,682.0
808.0,682.0
181.0,682.0
825.0,682.0
50.0,682.0
416.0,682.0
544.0,682.0
245.0,682.0
280.0,682.0
964.0,683.0
662.0,683.0
287.0,683.0
543.0,683.0
730.0,683.0
967.0,683.0
892.0,683.0
717.0,683.0
659.0,683.0
899.0,683.0
1017.0,683.0
524.0,683.0
69.0,684.0
34.0,684.0
731.0,684.0
267.0,684.0
584.0,684.0
12.0,684.0
979.0,684.0
424.0,684.0
694.0,684.0
343.0,684.0
556.0,684.0
738.0,684.0
352.0,685.0
139.0,685.0
689.0,685.0
230.0,685.0
654.0,685.0
469.0,685.0
616.0,685.0
97.0,685.0
644.0,685.0
321.0,685.0
428.0,685.0
691.0,685.0
36.0,686.0
81.0,686.0
552.0,686.0
154.0,686.0
434.0,686.0
0.0,686.0
682.0,686.0
1025.0,686.0
224.0,686.0
883.0,686.0
473.0,686.0
743.0,686.0
395.0,687.0
501.0,687.0
895.0,687.0
408.0,687.0
278.0,687.0
573.0,687.0
219.0,687.0
636.0,687.0
565.0,687.0
542.0,687.0
934.0,687.0
407.0,687.0
557.0,688.0
383.0,688.0
1001.0,688.0
454.0,688.0
794.0,688.0
1009.0,688.0
849.0,688.0
861.0,688.0
300.0,688.0
577.0,688.0
202.0,688.0
1024.0,688.0
727.0,689.0
131.0,689.0
872.0,689.0
855.0,689.0
461.0,689.0
313.0,689.0
608.0,689.0
145.0,689.0
1002.0,689.0
999.0,689.0
604.0,689.0
798.0,689.0
756.0,690.0
310.0,690.0
163.0,690.0
380.0,690.0
374.0,690.0
721.0,690.0
711.0,690.0
762.0,690.0
68.0,690.0
845.0,690.0
15.0,690.0
608.0,690.0
902.0,691.0
970.0,691.0
718.0,691.0
513.0,691.0
42.0,691.0
815.0,691.0
926.0,691.0
717.0,691.0
1000.0,691.0
462.0,691.0
894.0,691.0
221.0,691.0
687.0,692.0
501.0,692.0
672.0,692.0
339.0,692.0
932.0,692.0
335.0,692.0
219.0,692.0
168.0,692.0
50.0,692.0
75.0,692.0
504.0,692.0
456.0,692.0
293.0,693.0
728.0,693.0
432.0,693.0
859.0,693.0
50.0,693.0
441.0,693.0
887.0,693.0
110.0,693.0
164.0,693.0
225.0,693.0
492.0,693.0
763.0,693.0
815.0,694.0
972.0,694.0
432.0,694.0
45.0,694.0
1027.0,694.0
531.0,694.0
1009.0,694.0
917.0,694.0
856.0,694.0
189.0,694.0
767.0,694.0
69.0,694.0
749.0,695.0
877.0,695.0
832.0,695.0
603.0,695.0
438.0,695.0
584.0,695.0
42.0,695.0
436.0,695.0
430.0,695.0
119.0,695.0
888.0,695.0
290.0,695.0
1013.0,696.0
507.0,696.0
711.0,696.0
50.0,696.0
544.0,696.0
721.0,696.0
356.0,696.0
862.0,696.0
895.0,696.0
861.0,696.0
457.0,696.0
578.0,696.0
546.0,697.0
875.0,697.0
692.0,697.0
422.0,697.0
482.0,697.0
442.0,697.0
503.0,697.0
70.0,697.0
20.0,697.0
747.0,697.0
922.0,697.0
642.0,697.0
168.0,698.0
803.0,698.0
1010.0,698.0
900.0,698.0
506.0,698.0
329.0,698.0
49.0,698.0
1019.0,698.0
38.0,698.0
927.0,698.0
853.0,698.0
991.0,698.0
413.0,699.0
867.0,699.0
19.0,699.0
518.0,699.0
458.0,699.0
65.0,699.0
102.0,699.0
208.0,699.0
1022.0,699.0
131.0,699.0
504.0,699.0
484.0,699.0
168.0,700.0
440.0,700.0
704.0,700.0
233.0,700.0
657.0,700.0
801.0,700.0
376.0,700.0
890.0,700.0
1024.0,700.0
140.0,700.0
835.0,700.0
418.0,700.0
266.0,701.0
642.0,701.0
126.0,701.0
659.0,701.0
322.0,701.0
307.0,701.0
905.0,701.0
538.0,701.0
599.0,701.0
292.0,701.0
496.0,701.0
242.0,701.0
402.0,702.0
621.0,702.0
997.0,702.0
222.0,702.0
464.0,702.0
759.0,702.0
13.0,702.0
569.0,702.0
893.0,702.0
741.0,702.0
745.0,702.0
251.0,702.0
505.0,703.0
52.0,703.0
486.0,703.0
916.0,703.0
910.0,703.0
852.0,703.0
58.0,703.0
984.0,703.0
920.0,703.0
600.0,703.0
764.0,703.0
829.0,703.0
134.0,704.0
368.0,704.0
801.0,704.0
24.0,704.0
46.0,704.0
104.0,704.0
829.0,704.0
521.0,704.0
396.0,704.0
457.0,704.0
653.0,704.0
376.0,704.0
531.0,705.0
542.0,705.0
296.0,705.0
655.0,705.0
157.0,705.0
609.0,705.0
959.0,705.0
491.0,705.0
815.0,705.0
232.0,705.0
728.0,705.0
622.0,705.0
431.0,706.0
564.0,706.0
273.0,706.0
586.0,706.0
308.0,706.0
563.0,706.0
163.0,706.0
6.0,706.0
15.0,706.0
574.0,706.0
1004.0,706.0
553.0,706.0
279.0,707.0
946.0,707.0
989.0,707.0
684.0,707.0
942.0,707.0
990.0,707.0
1012.0,707.0
556.0,707.0
1014.0,707.0
102.0,707.0
1016.0,707.0
987.0,707.0
512.0,708.0
458.0,708.0
707.0,708.0
299.0,708.0
352.0,708.0
331.0,708.0
571.0,708.0
955.0,708.0
411.0,708.0
993.0,708.0
769.0,708.0
198.0,708.0
717.0,709.0
109.0,709.0
796.0,709.0
200.0,709.0
850.0,709.0
606.0,709.0
798.0,709.0
240.0,709.0
88.0,709.0
927.0,709.0
100.0,709.0
145.0,709.0
594.0,710.0
781.0,710.0
47.0,710.0
359.0,710.0
234.0,710.0
925.0,710.0
928.0,710.0
154.0,710.0
369.0,710.0
982.0,710.0
72.0,710.0
597.0,710.0
181.0,711.0
583.0,711.0
317.0,711.0
782.0,711.0
468.0,711.0
56.0,711.0
739.0,711.0
702.0,711.0
30.0,711.0
102.0,711.0
683.0,711.0
861.0,711.0
629.0,712.0
449.0,712.0
652.0,712.0
795.0,712.0
477.0,712.0
19.0,712.0
760.0,712.0
533.0,712.0
307.0,712.0
9.0,712.0
327.0,712.0
208.0,712.0
542.0,713.0
38.0,713.0
220.0,713.0
1018.0,713.0
294.0,713.0
227.0,713.0
463.0,713.0
549.0,713.0
112.0,713.0
187.0,713.0
275.0,713.0
916.0,713.0
634.0,714.0
780.0,714.0
124.0,714.0
454.0,714.0
294.0,714.0
74.0,714.0
625.0,714.0
72.0,714.0
910.0,714.0
710.0,714.0
33.0,714.0
183.0,714.0
712.0,715.0
397.0,715.0
790.0,715.0
959.0,715.0
80.0,715.0
553.0,715.0
614.0,715.0
394.0,715.0
269.0,715.0
299.0,715.0
458.0,715.0
261.0,715.0
385.0,716.0
348.0,716.0
144.0,716.0
154.0,716.0
842.0,716.0
139.0,716.0
409.0,716.0
375.0,716.0
1034.0,716.0
520.0,716.0
192.0,716.0
641.0,716.0
499.0,717.0
308.0,717.0
648.0,717.0
707.0,717.0
564.0,717.0
596.0,717.0
896.0,717.0
556.0,717.0
760.0,717.0
934.0,717.0
903.0,717.0
767.0,717.0
431.0,718.0
445.0,718.0
592.0,718.0
187.0,718.0
707.0,718.0
565.0,718.0
659.0,718.0
513.0,718.0
996.0,718.0
764.0,718.0
269.0,718.0
115.0,718.0
933.0,719.0
592.0,719.0
169.0,719.0
736.0,719.0
514.0,719.0
519.0,719.0
1023.0,719.0
359.0,719.0
643.0,719.0
440.0,719.0
497.0,719.0
697.0,719.0
448.0,720.0
934.0,720.0
800.0,720.0
206.0,720.0
382.0,720.0
174.0,720.0
173.0,720.0
142.0,720.0
106.0,720.0
351.0,720.0
914.0,720.0
76.0,720.0
496.0,721.0
104.0,721.0
764.0,721.0
244.0,721.0
151.0,721.0
1016.0,721.0
910.0,721.0
261.0,721.0
199.0,721.0
777.0,721.0
286.0,721.0
864.0,721.0
784.0,722.0
330.0,722.0
383.0,722.0
73.0,722.0
871.0,722.0
63.0,722.0
315.0,722.0
309.0,722.0
244.0,722.0
335.0,722.0
104.0,722.0
516.0,722.0
951.0,723.0
651.0,723.0
911.0,723.0
668.0,723.0
409.0,723.0
160.0,723.0
69.0,723.0
692.0,723.0
424.0,723.0
372.0,723.0
580.0,723.0
368.0,723.0
866.0,724.0
576.0,724.0
126.0,724.0
412.0,724.0
1008.0,724.0
102.0,724.0
953.0,724.0
450.0,724.0
827.0,724.0
773.0,724.0
648.0,724.0
879.0,724.0
89.0,725.0
146.0,725.0
785.0,725.0
717.0,725.0
856.0,725.0
425.0,725.0
440.0,725.0
715.0,725.0
850.0,725.0
190.0,725.0
65.0,725.0
29.0,725.0
774.0,726.0
412.0,726.0
365.0,726.0
43.0,726.0
790.0,726.0
19.0,726.0
120.0,726.0
48.0,726.0
617.0,726.0
153.0,726.0
108.0,726.0
735.0,726.0
325.0,727.0
382.0,727.0
652.0,727.0
147.0,727.0
762.0,727.0
40.0,727.0
64.0,727.0
771.0,727.0
120.0,727.0
675.0,727.0
190.0,727.0
142.0,727.0
91.0,728.0
860.0,728.0
42.0,728.0
319.0,728.0
835.0,728.0
51.0,728.0
499.0,728.0
713.0,728.0
199.0,728.0
169.0,728.0
722.0,728.0
662.0,728.0
266.0,729.0
919.0,729.0
658.0,729.0
524.0,729.0
457.0,729.0
974.0,729.0
286.0,729.0
929.0,729.0
181.0,729.0
29.0,729.0
151.0,729.0
307.0,729.0
37.0,730.0
1001.0,730.0
908.0,730.0
590.0,730.0
96.0,730.0
1024.0,730.0
824.0,730.0
265.0,730.0
295.0,730.0
978.0,730.0
319.0,730.0
344.0,730.0
996.0,731.0
353.0,731.0
662.0,731.0
747.0,731.0
384.0,731.0
187.0,731.0
438.0,731.0
860.0,731.0
339.0,731.0
483.0,731.0
266.0,731.0
916.0,731.0
254.0,732.0
862.0,732.0
69.0,732.0
991.0,732.0
258.0,732.0
290.0,732.0
568.0,732.0
151.0,732.0
4.0,732.0
628.0,732.0
368.0,732.0
642.0,732.0
9.0,733.0
479.0,733.0
655.0,733.0
623.0,733.0
159.0,733.0
82.0,733.0
383.0,733.0
830.0,733.0
772.0,733.0
149.0,733.0
932.0,733.0
586.0,733.0
257.0,734.0
829.0,734.0
578.0,734.0
56.0,734.0
580.0,734.0
228.0,734.0
657.0,734.0
909.0,734.0
416.0,734.0
590.0,734.0
787.0,734.0
682.0,734.0
864.0,735.0
91.0,735.0
467.0,735.0
248.0,735.0
790.0,735.0
351.0,735.0
298.0,735.0
65.0,735.0
540.0,735.0
190.0,735.0
518.0,735.0
1027.0,735.0
397.0,736.0
428.0,736.0
570.0,736.0
642.0,736.0
308.0,736.0
312.0,736.0
827.0,736.0
744.0,736.0
15.0,736.0
279.0,736.0
512.0,736.0
991.0,736.0
143.0,737.0
328.0,737.0
463.0,737.0
363.0,737.0
955.0,737.0
3.0,737.0
545.0,737.0
799.0,737.0
130.0,737.0
720.0,737.0
987.0,737.0
168.0,737.0
168.0,738.0
301.0,738.0
651.0,738.0
852.0,738.0
838.0,738.0
486.0,738.0
607.0,738.0
659.0,738.0
565.0,738.0
69.0,738.0
331.0,738.0
501.0,738.0
587.0,739.0
351.0,739.0
586.0,739.0
852.0,739.0
516.0,739.0
805.0,739.0
24.0,739.0
6.0,739.0
196.0,739.0
505.0,739.0
211.0,739.0
1020.0,739.0
252.0,740.0
291.0,740.0
883.0,740.0
171.0,740.0
111.0,740.0
591.0,740.0
880.0,740.0
838.0,740.0
1014.0,740.0
815.0,740.0
695.0,740.0
430.0,740.0
589.0,741.0
661.0,741.0
963.0,741.0
846.0,741.0
83.0,741.0
203.0,741.0
883.0,741.0
289.0,741.0
761.0,741.0
37.0,741.0
621.0,741.0
519.0,741.0
241.0,742.0
674.0,742.0
150.0,742.0
322.0,742.0
187.0,742.0
836.0,742.0
204.0,742.0
818.0,742.0
158.0,742.0
516.0,742.0
1004.0,742.0
629.0,742.0
829.0,743.0
44.0,743.0
301.0,743.0
377.0,743.0
73.0,743.0
203.0,743.0
785.0,743.0
670.0,743.0
138.0,743.0
816.0,743.0
1013.0,743.0
553.0,743.0
954.0,744.0
416.0,744.0
844.0,744.0
522.0,744.0
12.0,744.0
570.0,744.0
128.0,744.0
167.0,744.0
407.0,744.0
815.0,744.0
514.0,744.0
378.0,744.0
355.0,745.0
656.0,745.0
591.0,745.0
618.0,745.0
59.0,745.0
156.0,745.0
938.0,745.0
842.0,745.0
267.0,745.0
530.0,745.0
953.0,745.0
412.0,745.0
359.0,746.0
559.0,746.0
994.0,746.0
935.0,746.0
883.0,746.0
652.0,746.0
837.0,746.0
645.0,746.0
778.0,746.0
369.0,746.0
522.0,746.0
224.0,746.0
566.0,747.0
973.0,747.0
753.0,747.0
250.0,747.0
163.0,747.0
96.0,747.0
183.0,747.0
686.0,747.0
77.0,747.0
193.0,747.0
268.0,747.0
191.0,747.0
307.0,748.0
378.0,748.0
146.0,748.0
863.0,748.0
164.0,748.0
163.0,748.0
933.0,748.0
667.0,748.0
524.0,748.0
466.0,748.0
359.0,748.0
111.0,748.0
913.0,749.0
320.0,749.0
494.0,749.0
967.0,749.0
309.0,749.0
693.0,749.0
414.0,749.0
245.0,749.0
565.0,749.0
15.0,749.0
165.0,749.0
973.0,749.0
839.0,750.0
580.0,750.0
407.0,750.0
37.0,750.0
84.0,750.0
649.0,750.0
75.0,750.0
591.0,750.0
508.0,750.0
234.0,750.0
819.0,750.0
645.0,750.0
891.0,751.0
1018.0,751.0
422.0,751.0
990.0,751.0
544.0,751.0
643.0,751.0
310.0,751.0
864.0,751.0
324.0,751.0
482.0,751.0
275.0,751.0
376.0,751.0
234.0,752.0
788.0,752.0
16.0,752.0
480.0,752.0
212.0,752.0
911.0,752.0
148.0,752.0
936.0,752.0
373.0,752.0
775.0,752.0
803.0,752.0
724.0,752.0
658.0,753.0
928.0,753.0
790.0,753.0
76.0,753.0
566.0,753.0
978.0,753.0
511.0,753.0
126.0,753.0
103.0,753.0
559.0,753.0
389.0,753.0
228.0,753.0
317.0,754.0
939.0,754.0
969.0,754.0
554.0,754.0
629.0,754.0
203.0,754.0
291.0,754.0
923.0,754.0
1009.0,754.0
470.0,754.0
182.0,754.0
256.0,754.0
777.0,755.0
1035.0,755.0
623.0,755.0
75.0,755.0
550.0,755.0
909.0,755.0
443.0,755.0
370.0,755.0
538.0,755.0
9.0,755.0
873.0,755.0
363.0,755.0
725.0,756.0
143.0,756.0
198.0,756.0
527.0,756.0
24.0,756.0
970.0,756.0
397.0,756.0
765.0,756.0
552.0,756.0
386.0,756.0
374.0,756.0
947.0,756.0
857.0,757.0
641.0,757.0
59.0,757.0
98.0,757.0
106.0,757.0
947.0,757.0
373.0,757.0
799.0,757.0
826.0,757.0
899.0,757.0
305.0,757.0
892.0,757.0
761.0,758.0
825.0,758.0
590.0,758.0
848.0,758.0
266.0,758.0
163.0,758.0
729.0,758.0
35.0,758.0
83.0,758.0
1028.0,758.0
511.0,758.0
138.0,758.0
779.0,759.0
479.0,759.0
310.0,759.0
254.0,759.0
533.0,759.0
441.0,759.0
722.0,759.0
4.0,759.0
215.0,759.0
527.0,759.0
652.0,759.0
1017.0,759.0
809.0,760.0
664.0,760.0
634.0,760.0
815.0,760.0
690.0,760.0
605.0,760.0
331.0,760.0
438.0,760.0
599.0,760.0
596.0,760.0
137.0,760.0
332.0,760.0
37.0,761.0
967.0,761.0
402.0,761.0
661.0,761.0
59.0,761.0
206.0,761.0
483.0,761.0
261.0,761.0
911.0,761.0
548.0,761.0
935.0,761.0
355.0,761.0
382.0,762.0
738.0,762.0
1000.0,762.0
855.0,762.0
248.0,762.0
939.0,762.0
617.0,762.0
314.0,762.0
500.0,762.0
689.0,762.0
685.0,762.0
644.0,762.0
334.0,763.0
458.0,763.0
878.0,763.0
601.0,763.0
879.0,763.0
327.0,763.0
917.0,763.0
461.0,763.0
939.0,763.0
320.0,763.0
249.0,763.0
769.0,763.0
155.0,764.0
670.0,764.0
659.0,764.0
352.0,764.0
111.0,764.0
75.0,764.0
9.0,764.0
496.0,764.0
363.0,764.0
860.0,764.0
763.0,764.0
194.0,764.0
337.0,765.0
136.0,765.0
552.0,765.0
967.0,765.0
47.0,765.0
225.0,765.0
612.0,765.0
787.0,765.0
954.0,765.0
637.0,765.0
360.0,765.0
418.0,765.0
99.0,766.0
45.0,766.0
137.0,766.0
602.0,766.0
486.0,766.0
517.0,766.0
988.0,766.0
199.0,766.0
801.0,766.0
822.0,766.0
836.0,766.0
25.0,766.0
59.0,767.0
426.0,767.0
934.0,767.0
962.0,767.0
387.0,767.0
31.0,767.0
834.0,767.0
778.0,767.0
708.0,767.0
542.0,767.0
993.0,767.0
228.0,767.0
413.0,768.0
654.0,768.0
1015.0,768.0
726.0,768.0
986.0,768.0
405.0,768.0
955.0,768.0
841.0,768.0
117.0,768.0
306.0,768.0
43.0,768.0
197.0,768.0
189.0,769.0
256.0,769.0
941.0,769.0
179.0,769.0
975.0,769.0
387.0,769.0
869.0,769.0
1016.0,769.0
290.0,769.0
867.0,769.0
473.0,769.0
167.0,769.0
486.0,770.0
449.0,770.0
418.0,770.0
1021.0,770.0
404.0,770.0
322.0,770.0
1009.0,770.0
988.0,770.0
187.0,770.0
411.0,770.0
214.0,770.0
140.0,770.0
68.0,771.0
282.0,771.0
262.0,771.0
204.0,771.0
197.0,771.0
652.0,771.0
626.0,771.0
605.0,771.0
375.0,771.0
1022.0,771.0
628.0,771.0
43.0,771.0
272.0,772.0
935.0,772.0
96.0,772.0
83.0,772.0
507.0,772.0
363.0,772.0
634.0,772.0
636.0,772.0
730.0,772.0
743.0,772.0
985.0,772.0
1012.0,772.0
33.0,773.0
889.0,773.0
705.0,773.0
795.0,773.0
697.0,773.0
852.0,773.0
269.0,773.0
226.0,773.0
507.0,773.0
218.0,773.0
491.0,773.0
160.0,773.0
608.0,774.0
54.0,774.0
995.0,774.0
900.0,774.0
862.0,774.0
253.0,774.0
438.0,774.0
372.0,774.0
715.0,774.0
3.0,774.0
179.0,774.0
512.0,774.0
22.0,775.0
450.0,775.0
90.0,775.0
384.0,775.0
59.0,775.0
510.0,775.0
281.0,775.0
12.0,775.0
9.0,775.0
250.0,775.0
1032.0,775.0
962.0,775.0
29.0,776.0
955.0,776.0
562.0,776.0
409.0,776.0
173.0,776.0
21.0,776.0
128.0,776.0
613.0,776.0
174.0,776.0
679.0,776.0
1022.0,776.0
931.0,776.0
377.0,777.0
468.0,777.0
869.0,777.0
1014.0,777.0
755.0,777.0
996.0,777.0
894.0,777.0
979.0,777.0
126.0,777.0
235.0,777.0
533.0,777.0
662.0,777.0
309.0,778.0
280.0,778.0
456.0,778.0
625.0,778.0
945.0,778.0
167.0,778.0
347.0,778.0
225.0,778.0
10.0,778.0
527.0,778.0
481.0,778.0
917.0,778.0
598.0,779.0
396.0,779.0
502.0,779.0
840.0,779.0
690.0,779.0
155.0,779.0
1007.0,779.0
623.0,779.0
898.0,779.0
360.0,779.0
275.0,779.0
785.0,779.0
435.0,780.0
825.0,780.0
875.0,780.0
402.0,780.0
344.0,780.0
7.0,780.0
183.0,780.0
251.0,780.0
393.0,780.0
761.0,780.0
464.0,780.0
294.0,780.0
860.0,781.0
374.0,781.0
625.0,781.0
360.0,781.0
378.0,781.0
1012.0,781.0
614.0,781.0
78.0,781.0
599.0,781.0
308.0,781.0
717.0,781.0
932.0,781.0
526.0,782.0
826.0,782.0
142.0,782.0
350.0,782.0
425.0,782.0
504.0,782.0
591.0,782.0
236.0,782.0
725.0,782.0
877.0,782.0
381.0,782.0
320.0,782.0
568.0,783.0
422.0,783.0
47.0,783.0
702.0,783.0
435.0,783.0
873.0,783.0
302.0,783.0
524.0,783.0
891.0,783.0
812.0,783.0
154.0,783.0
271.0,783.0
811.0,784.0
432.0,784.0
796.0,784.0
836.0,784.0
868.0,784.0
567.0,784.0
85.0,784.0
113.0,784.0
927.0,784.0
1033.0,784.0
871.0,784.0
352.0,784.0
977.0,785.0
205.0,785.0
186.0,785.0
643.0,785.0
502.0,785.0
986.0,785.0
203.0,785.0
175.0,785.0
719.0,785.0
163.0,785.0
578.0,785.0
319.0,785.0
144.0,786.0
142.0,786.0
197.0,786.0
1015.0,786.0
365.0,786.0
942.0,786.0
588.0,786.0
842.0,786.0
281.0,786.0
106.0,786.0
283.0,786.0
3.0,786.0
0.0,787.0
359.0,787.0
472.0,787.0
157.0,787.0
948.0,787.0
166.0,787.0
577.0,787.0
512.0,787.0
503.0,787.0
491.0,787.0
423.0,787.0
60.0,787.0
845.0,788.0
243.0,788.0
619.0,788.0
460.0,788.0
406.0,788.0
748.0,788.0
343.0,788.0
785.0,788.0
155.0,788.0
952.0,788.0
867.0,788.0
794.0,788.0
622.0,789.0
472.0,789.0
333.0,789.0
570.0,789.0
252.0,789.0
905.0,789.0
1031.0,789.0
851.0,789.0
514.0,789.0
171.0,789.0
300.0,789.0
546.0,789.0
550.0,790.0
438.0,790.0
363.0,790.0
563.0,790.0
349.0,790.0
336.0,790.0
594.0,790.0
1020.0,790.0
895.0,790.0
715.0,790.0
307.0,790.0
960.0,790.0
572.0,791.0
404.0,791.0
139.0,791.0
57.0,791.0
765.0,791.0
970.0,791.0
961.0,791.0
609.0,791.0
966.0,791.0
959.0,791.0
1016.0,791.0
852.0,791.0
971.0,792.0
516.0,792.0
910.0,792.0
993.0,792.0
734.0,792.0
49.0,792.0
47.0,792.0
574.0,792.0
948.0,792.0
977.0,792.0
808.0,792.0
472.0,792.0
694.0,793.0
25.0,793.0
229.0,793.0
441.0,793.0
1.0,793.0
639.0,793.0
603.0,793.0
972.0,793.0
225.0,793.0
836.0,793.0
801.0,793.0
924.0,793.0
608.0,794.0
290.0,794.0
443.0,794.0
953.0,794.0
523.0,794.0
528.0,794.0
933.0,794.0
732.0,794.0
71.0,794.0
319.0,794.0
385.0,794.0
946.0,794.0
765.0,795.0
107.0,795.0
407.0,795.0
977.0,795.0
845.0,795.0
512.0,795.0
667.0,795.0
127.0,795.0
835.0,795.0
283.0,795.0
330.0,795.0
779.0,795.0
239.0,796.0
601.0,796.0
835.0,796.0
63.0,796.0
855.0,796.0
417.0,796.0
361.0,796.0
249.0,796.0
738.0,796.0
17.0,796.0
237.0,796.0
790.0,796.0
362.0,797.0
488.0,797.0
613.0,797.0
799.0,797.0
975.0,797.0
152.0,797.0
591.0,797.0
438.0,797.0
800.0,797.0
964.0,797.0
173.0,797.0
413.0,797.0
177.0,798.0
200.0,798.0
239.0,798.0
699.0,798.0
469.0,798.0
461.0,798.0
828.0,798.0
855.0,798.0
132.0,798.0
129.0,798.0
61.0,798.0
109.0,798.0
385.0,799.0
683.0,799.0
955.0,799.0
952.0,799.0
959.0,799.0
267.0,799.0
336.0,799.0
102.0,799.0
444.0,799.0
1014.0,799.0
78.0,799.0
962.0,799.0
676.0,800.0
243.0,800.0
924.0,800.0
559.0,800.0
477.0,800.0
768.0,800.0
814.0,800.0
26.0,800.0
669.0,800.0
510.0,800.0
173.0,800.0
86.0,800.0
672.0,801.0
225.0,801.0
517.0,801.0
58.0,801.0
449.0,801.0
904.0,801.0
607.0,801.0
283.0,801.0
539.0,801.0
486.0,801.0
426.0,801.0
767.0,801.0
441.0,802.0
397.0,802.0
114.0,802.0
451.0,802.0
314.0,802.0
709.0,802.0
230.0,802.0
306.0,802.0
461.0,802.0
850.0,802.0
433.0,802.0
209.0,802.0
0.0,803.0
486.0,803.0
719.0,803.0
856.0,803.0
244.0,803.0
155.0,803.0
690.0,803.0
1016.0,803.0
252.0,803.0
463.0,803.0
721.0,803.0
682.0,803.0
723.0,804.0
470.0,804.0
460.0,804.0
992.0,804.0
935.0,804.0
285.0,804.0
892.0,804.0
215.0,804.0
919.0,804.0
736.0,804.0
297.0,804.0
90.0,804.0
116.0,805.0
479.0,805.0
239.0,805.0
59.0,805.0
1031.0,805.0
15.0,805.0
955.0,805.0
117.0,805.0
494.0,805.0
853.0,805.0
691.0,805.0
931.0,805.0
203.0,806.0
435.0,806.0
453.0,806.0
643.0,806.0
118.0,806.0
76.0,806.0
295.0,806.0
157.0,806.0
789.0,806.0
27.0,806.0
650.0,806.0
807.0,806.0
72.0,807.0
806.0,807.0
136.0,807.0
275.0,807.0
891.0,807.0
714.0,807.0
171.0,807.0
582.0,807.0
627.0,807.0
1024.0,807.0
623.0,807.0
333.0,807.0
809.0,808.0
516.0,808.0
337.0,808.0
702.0,808.0
27.0,808.0
91.0,808.0
765.0,808.0
806.0,808.0
138.0,808.0
370.0,808.0
41.0,808.0
377.0,808.0
655.0,809.0
778.0,809.0
931.0,809.0
721.0,809.0
345.0,809.0
988.0,809.0
961.0,809.0
67.0,809.0
424.0,809.0
992.0,809.0
38.0,809.0
587.0,809.0
22.0,810.0
95.0,810.0
283.0,810.0
974.0,810.0
399.0,810.0
218.0,810.0
621.0,810.0
569.0,810.0
96.0,810.0
684.0,810.0
911.0,810.0
559.0,810.0
474.0,811.0
505.0,811.0
97.0,811.0
966.0,811.0
418.0,811.0
540.0,811.0
199.0,811.0
870.0,811.0
62.0,811.0
50.0,811.0
345.0,811.0
593.0,811.0
256.0,812.0
683.0,812.0
911.0,812.0
623.0,812.0
906.0,812.0
275.0,812.0
730.0,812.0
65.0,812.0
935.0,812.0
901.0,812.0
454.0,812.0
295.0,812.0
890.0,813.0
153.0,813.0
254.0,813.0
380.0,813.0
253.0,813.0
576.0,813.0
16.0,813.0
887.0,813.0
907.0,813.0
71.0,813.0
469.0,813.0
259.0,813.0
685.0,814.0
850.0,814.0
262.0,814.0
935.0,814.0
669.0,814.0
743.0,814.0
768.0,814.0
978.0,814.0
545.0,814.0
892.0,814.0
980.0,814.0
201.0,814.0
658.0,815.0
553.0,815.0
558.0,815.0
834.0,815.0
414.0,815.0
836.0,815.0
138.0,815.0
740.0,815.0
203.0,815.0
220.0,815.0
156.0,815.0
127.0,815.0
383.0,816.0
340.0,816.0
384.0,816.0
794.0,816.0
985.0,816.0
256.0,816.0
289.0,816.0
494.0,816.0
729.0,816.0
780.0,816.0
246.0,816.0
634.0,816.0
935.0,817.0
848.0,817.0
929.0,817.0
191.0,817.0
194.0,817.0
435.0,817.0
251.0,817.0
353.0,817.0
323.0,817.0
773.0,817.0
1028.0,817.0
532.0,817.0
257.0,818.0
229.0,818.0
12.0,818.0
623.0,818.0
366.0,818.0
544.0,818.0
829.0,818.0
73.0,818.0
984.0,818.0
277.0,818.0
787.0,818.0
85.0,818.0
649.0,819.0
867.0,819.0
691.0,819.0
987.0,819.0
369.0,819.0
998.0,819.0
724.0,819.0
425.0,819.0
3.0,819.0
680.0,819.0
173.0,819.0
962.0,819.0
430.0,820.0
75.0,820.0
667.0,820.0
420.0,820.0
933.0,820.0
747.0,820.0
479.0,820.0
138.0,820.0
683.0,820.0
130.0,820.0
203.0,820.0
491.0,820.0
765.0,821.0
336.0,821.0
868.0,821.0
78.0,821.0
276.0,821.0
325.0,821.0
988.0,821.0
65.0,821.0
966.0,821.0
334.0,821.0
593.0,821.0
845.0,821.0
432.0,822.0
252.0,822.0
255.0,822.0
870.0,822.0
293.0,822.0
1.0,822.0
274.0,822.0
602.0,822.0
627.0,822.0
386.0,822.0
852.0,822.0
244.0,822.0
890.0,823.0
117.0,823.0
15.0,823.0
956.0,823.0
211.0,823.0
1033.0,823.0
57.0,823.0
682.0,823.0
563.0,823.0
602.0,823.0
481.0,823.0
518.0,823.0
4.0,824.0
243.0,824.0
64.0,824.0
737.0,824.0
929.0,824.0
985.0,824.0
682.0,824.0
672.0,824.0
723.0,824.0
781.0,824.0
611.0,824.0
989.0,824.0
256.0,825.0
780.0,825.0
246.0,825.0
373.0,825.0
523.0,825.0
806.0,825.0
761.0,825.0
175.0,825.0
546.0,825.0
195.0,825.0
410.0,825.0
466.0,825.0
128.0,826.0
895.0,826.0
108.0,826.0
484.0,826.0
764.0,826.0
401.0,826.0
169.0,826.0
440.0,826.0
174.0,826.0
523.0,826.0
160.0,826.0
775.0,826.0
553.0,827.0
318.0,827.0
374.0,827.0
854.0,827.0
445.0,827.0
279.0,827.0
267.0,827.0
971.0,827.0
401.0,827.0
912.0,827.0
119.0,827.0
408.0,827.0
1015.0,828.0
189.0,828.0
711.0,828.0
839.0,828.0
499.0,828.0
660.0,828.0
16.0,828.0
12.0,828.0
536.0,828.0
979.0,828.0
212.0,828.0
68.0,828.0
694.0,829.0
698.0,829.0
739.0,829.0
138.0,829.0
565.0,829.0
371.0,829.0
982.0,829.0
284.0,829.0
335.0,829.0
517.0,829.0
491.0,829.0
865.0,829.0
711.0,830.0
464.0,830.0
739.0,830.0
91.0,830.0
524.0,830.0
23.0,830.0
442.0,830.0
610.0,830.0
686.0,830.0
554.0,830.0
856.0,830.0
981.0,830.0
603.0,831.0
480.0,831.0
535.0,831.0
963.0,831.0
397.0,831.0
311.0,831.0
488.0,831.0
147.0,831.0
611.0,831.0
563.0,831.0
528.0,831.0
285.0,831.0
438.0,832.0
93.0,832.0
189.0,832.0
637.0,832.0
538.0,832.0
40.0,832.0
959.0,832.0
989.0,832.0
605.0,832.0
835.0,832.0
385.0,832.0
20.0,832.0
580.0,833.0
16.0,833.0
537.0,833.0
589.0,833.0
291.0,833.0
810.0,833.0
355.0,833.0
708.0,833.0
825.0,833.0
569.0,833.0
247.0,833.0
585.0,833.0
301.0,834.0
498.0,834.0
705.0,834.0
428.0,834.0
657.0,834.0
436.0,834.0
411.0,834.0
579.0,834.0
742.0,834.0
211.0,834.0
537.0,834.0
905.0,834.0
970.0,835.0
292.0,835.0
801.0,835.0
648.0,835.0
655.0,835.0
862.0,835.0
492.0,835.0
988.0,835.0
378.0,835.0
24.0,835.0
575.0,835.0
861.0,835.0
1021.0,836.0
208.0,836.0
110.0,836.0
456.0,836.0
112.0,836.0
424.0,836.0
622.0,836.0
978.0,836.0
852.0,836.0
1012.0,836.0
805.0,836.0
567.0,836.0
831.0,837.0
408.0,837.0
319.0,837.0
145.0,837.0
290.0,837.0
640.0,837.0
749.0,837.0
834.0,837.0
117.0,837.0
964.0,837.0
955.0,837.0
334.0,837.0
988.0,838.0
1025.0,838.0
643.0,838.0
42.0,838.0
138.0,838.0
492.0,838.0
809.0,838.0
280.0,838.0
1004.0,838.0
942.0,838.0
706.0,838.0
575.0,838.0
215.0,839.0
431.0,839.0
537.0,839.0
349.0,839.0
330.0,839.0
491.0,839.0
814.0,839.0
188.0,839.0
267.0,839.0
718.0,839.0
528.0,839.0
218.0,839.0
663.0,840.0
713.0,840.0
950.0,840.0
309.0,840.0
252.0,840.0
698.0,840.0
945.0,840.0
322.0,840.0
504.0,840.0
162.0,840.0
544.0,840.0
1008.0,840.0
120.0,841.0
613.0,841.0
325.0,841.0
595.0,841.0
980.0,841.0
348.0,841.0
3.0,841.0
230.0,841.0
802.0,841.0
390.0,841.0
306.0,841.0
768.0,841.0
41.0,842.0
954.0,842.0
467.0,842.0
980.0,842.0
273.0,842.0
660.0,842.0
1022.0,842.0
254.0,842.0
717.0,842.0
804.0,842.0
611.0,842.0
947.0,842.0
660.0,843.0
180.0,843.0
1034.0,843.0
282.0,843.0
562.0,843.0
350.0,843.0
936.0,843.0
564.0,843.0
247.0,843.0
757.0,843.0
957.0,843.0
238.0,843.0
15.0,844.0
208.0,844.0
584.0,844.0
368.0,844.0
75.0,844.0
154.0,844.0
571.0,844.0
231.0,844.0
304.0,844.0
308.0,844.0
1012.0,844.0
655.0,844.0
820.0,845.0
639.0,845.0
159.0,845.0
423.0,845.0
4.0,845.0
691.0,845.0
900.0,845.0
221.0,845.0
665.0,845.0
531.0,845.0
603.0,845.0
542.0,845.0
931.0,846.0
667.0,846.0
682.0,846.0
838.0,846.0
1006.0,846.0
507.0,846.0
61.0,846.0
183.0,846.0
744.0,846.0
428.0,846.0
746.0,846.0
449.0,846.0
718.0,847.0
357.0,847.0
250.0,847.0
481.0,847.0
212.0,847.0
552.0,847.0
935.0,847.0
537.0,847.0
182.0,847.0
559.0,847.0
713.0,847.0
80.0,847.0
399.0,848.0
77.0,848.0
656.0,848.0
281.0,848.0
920.0,848.0
710.0,848.0
317.0,848.0
876.0,848.0
1005.0,848.0
979.0,848.0
938.0,848.0
539.0,848.0
686.0,849.0
732.0,849.0
747.0,849.0
35.0,849.0
858.0,849.0
271.0,849.0
752.0,849.0
881.0,849.0
938.0,849.0
825.0,849.0
658.0,849.0
929.0,849.0
961.0,850.0
855.0,850.0
0.0,850.0
892.0,850.0
774.0,850.0
814.0,850.0
57.0,850.0
562.0,850.0
71.0,850.0
715.0,850.0
298.0,850.0
67.0,850.0
124.0,851.0
766.0,851.0
376.0,851.0
495.0,851.0
600.0,851.0
546.0,851.0
52.0,851.0
277.0,851.0
915.0,851.0
653.0,851.0
312.0,851.0
191.0,851.0
1011.0,852.0
319.0,852.0
687.0,852.0
212.0,852.0
499.0,852.0
241.0,852.0
700.0,852.0
326.0,852.0
740.0,852.0
787.0,852.0
803.0,852.0
189.0,852.0
837.0,853.0
575.0,853.0
290.0,853.0
187.0,853.0
620.0,853.0
711.0,853.0
922.0,853.0
368.0,853.0
166.0,853.0
552.0,853.0
351.0,853.0
929.0,853.0
649.0,854.0
477.0,854.0
373.0,854.0
23.0,854.0
991.0,854.0
890.0,854.0
943.0,854.0
788.0,854.0
591.0,854.0
258.0,854.0
9.0,854.0
415.0,854.0
630.0,855.0
605.0,855.0
469.0,855.0
153.0,855.0
955.0,855.0
217.0,855.0
735.0,855.0
878.0,855.0
709.0,855.0
394.0,855.0
968.0,855.0
1026.0,855.0
836.0,856.0
125.0,856.0
633.0,856.0
499.0,856.0
438.0,856.0
571.0,856.0
1006.0,856.0
1004.0,856.0
374.0,856.0
994.0,856.0
933.0,856.0
150.0,856.0
543.0,857.0
958.0,857.0
205.0,857.0
980.0,857.0
270.0,857.0
207.0,857.0
291.0,857.0
29.0,857.0
350.0,857.0
373.0,857.0
652.0,857.0
438.0,857.0
876.0,858.0
1006.0,858.0
779.0,858.0
7.0,858.0
251.0,858.0
383.0,858.0
741.0,858.0
447.0,858.0
714.0,858.0
391.0,858.0
272.0,858.0
673.0,858.0
972.0,859.0
345.0,859.0
1021.0,859.0
31.0,859.0
784.0,859.0
88.0,859.0
509.0,859.0
709.0,859.0
918.0,859.0
627.0,859.0
439.0,859.0
278.0,859.0
574.0,860.0
57.0,860.0
102.0,860.0
80.0,860.0
226.0,860.0
326.0,860.0
798.0,860.0
420.0,860.0
206.0,860.0
169.0,860.0
536.0,860.0
874.0,860.0
516.0,861.0
952.0,861.0
557.0,861.0
196.0,861.0
612.0,861.0
416.0,861.0
623.0,861.0
688.0,861.0
66.0,861.0
429.0,861.0
692.0,861.0
943.0,861.0
15.0,862.0
119.0,862.0
162.0,862.0
467.0,862.0
416.0,862.0
879.0,862.0
988.0,862.0
863.0,862.0
1010.0,862.0
363.0,862.0
258.0,862.0
217.0,862.0
276.0,863.0
853.0,863.0
512.0,863.0
809.0,863.0
932.0,863.0
278.0,863.0
773.0,863.0
1030.0,863.0
479.0,863.0
430.0,863.0
524.0,863.0
923.0,863.0
265.0,864.0
807.0,864.0
982.0,864.0
932.0,864.0
157.0,864.0
840.0,864.0
277.0,864.0
836.0,864.0
396.0,864.0
674.0,864.0
492.0,864.0
333.0,864.0
57.0,865.0
738.0,865.0
811.0,865.0
189.0,865.0
463.0,865.0
486.0,865.0
46.0,865.0
429.0,865.0
705.0,865.0
94.0,865.0
721.0,865.0
166.0,865.0
196.0,866.0
267.0,866.0
44.0,866.0
975.0,866.0
164.0,866.0
563.0,866.0
450.0,866.0
94.0,866.0
181.0,866.0
479.0,866.0
1019.0,866.0
254.0,866.0
258.0,867.0
137.0,867.0
628.0,867.0
102.0,867.0
668.0,867.0
313.0,867.0
176.0,867.0
903.0,867.0
684.0,867.0
326.0,867.0
659.0,867.0
592.0,867.0
973.0,868.0
1019.0,868.0
482.0,868.0
63.0,868.0
91.0,868.0
705.0,868.0
917.0,868.0
732.0,868.0
740.0,868.0
352.0,868.0
177.0,868.0
832.0,868.0
370.0,869.0
430.0,869.0
735.0,869.0
624.0,869.0
571.0,869.0
773.0,869.0
615.0,869.0
434.0,869.0
170.0,869.0
1000.0,869.0
431.0,869.0
683.0,869.0
949.0,870.0
722.0,870.0
93.0,870.0
927.0,870.0
446.0,870.0
456.0,870.0
101.0,870.0
307.0,870.0
100.0,870.0
386.0,870.0
312.0,870.0
1012.0,870.0
993.0,871.0
736.0,871.0
182.0,871.0
587.0,871.0
767.0,871.0
811.0,871.0
864.0,871.0
423.0,871.0
264.0,871.0
836.0,871.0
597.0,871.0
728.0,871.0
923.0,872.0
200.0,872.0
180.0,872.0
352.0,872.0
456.0,872.0
458.0,872.0
144.0,872.0
762.0,872.0
691.0,872.0
941.0,872.0
467.0,872.0
586.0,872.0
502.0,873.0
849.0,873.0
901.0,873.0
792.0,873.0
785.0,873.0
222.0,873.0
416.0,873.0
202.0,873.0
820.0,873.0
141.0,873.0
33.0,873.0
852.0,873.0
638.0,874.0
123.0,874.0
397.0,874.0
687.0,874.0
370.0,874.0
929.0,874.0
781.0,874.0
898.0,874.0
931.0,874.0
883.0,874.0
204.0,874.0
55.0,874.0
246.0,875.0
9.0,875.0
36.0,875.0
251.0,875.0
952.0,875.0
730.0,875.0
960.0,875.0
1032.0,875.0
303.0,875.0
935.0,875.0
13.0,875.0
370.0,875.0
379.0,876.0
275.0,876.0
410.0,876.0
246.0,876.0
670.0,876.0
555.0,876.0
251.0,876.0
443.0,876.0
584.0,876.0
952.0,876.0
951.0,876.0
37.0,876.0
430.0,877.0
212.0,877.0
900.0,877.0
674.0,877.0
744.0,877.0
203.0,877.0
473.0,877.0
1003.0,877.0
179.0,877.0
1014.0,877.0
945.0,877.0
894.0,877.0
456.0,878.0
615.0,878.0
65.0,878.0
904.0,878.0
321.0,878.0
10.0,878.0
518.0,878.0
95.0,878.0
847.0,878.0
550.0,878.0
137.0,878.0
941.0,878.0
853.0,879.0
844.0,879.0
423.0,879.0
67.0,879.0
629.0,879.0
370.0,879.0
1025.0,879.0
586.0,879.0
179.0,879.0
170.0,879.0
449.0,879.0
620.0,879.0
127.0,880.0
760.0,880.0
947.0,880.0
573.0,880.0
948.0,880.0
550.0,880.0
226.0,880.0
380.0,880.0
89.0,880.0
850.0,880.0
768.0,880.0
953.0,880.0
205.0,881.0
22.0,881.0
929.0,881.0
122.0,881.0
81.0,881.0
224.0,881.0
1027.0,881.0
84.0,881.0
82.0,881.0
1016.0,881.0
812.0,881.0
182.0,881.0
490.0,882.0
335.0,882.0
227.0,882.0
602.0,882.0
521.0,882.0
65.0,882.0
506.0,882.0
432.0,882.0
657.0,882.0
713.0,882.0
512.0,882.0
426.0,882.0
581.0,883.0
131.0,883.0
912.0,883.0
939.0,883.0
335.0,883.0
902.0,883.0
38.0,883.0
167.0,883.0
257.0,883.0
405.0,883.0
584.0,883.0
790.0,883.0
473.0,884.0
715.0,884.0
596.0,884.0
725.0,884.0
335.0,884.0
759.0,884.0
871.0,884.0
629.0,884.0
268.0,884.0
805.0,884.0
79.0,884.0
970.0,884.0
782.0,885.0
613.0,885.0
184.0,885.0
588.0,885.0
488.0,885.0
649.0,885.0
814.0,885.0
142.0,885.0
409.0,885.0
679.0,885.0
726.0,885.0
1034.0,885.0
578.0,886.0
660.0,886.0
435.0,886.0
167.0,886.0
633.0,886.0
384.0,886.0
949.0,886.0
369.0,886.0
983.0,886.0
889.0,886.0
323.0,886.0
910.0,886.0
868.0,887.0
196.0,887.0
330.0,887.0
924.0,887.0
606.0,887.0
261.0,887.0
323.0,887.0
299.0,887.0
127.0,887.0
756.0,887.0
450.0,887.0
862.0,887.0
802.0,888.0
587.0,888.0
484.0,888.0
740.0,888.0
65.0,888.0
378.0,888.0
961.0,888.0
374.0,888.0
760.0,888.0
887.0,888.0
708.0,888.0
970.0,888.0
785.0,889.0
1008.0,889.0
56.0,889.0
475.0,889.0
985.0,889.0
415.0,889.0
655.0,889.0
196.0,889.0
820.0,889.0
717.0,889.0
749.0,889.0
136.0,889.0
1019.0,890.0
805.0,890.0
863.0,890.0
773.0,890.0
69.0,890.0
503.0,890.0
329.0,890.0
662.0,890.0
925.0,890.0
417.0,890.0
334.0,890.0
176.0,890.0
584.0,891.0
107.0,891.0
696.0,891.0
171.0,891.0
223.0,891.0
422.0,891.0
806.0,891.0
276.0,891.0
46.0,891.0
14.0,891.0
489.0,891.0
751.0,891.0
459.0,892.0
552.0,892.0
880.0,892.0
899.0,892.0
827.0,892.0
350.0,892.0
156.0,892.0
397.0,892.0
438.0,892.0
420.0,892.0
192.0,892.0
71.0,892.0
723.0,893.0
358.0,893.0
974.0,893.0
745.0,893.0
874.0,893.0
788.0,893.0
775.0,893.0
142.0,893.0
528.0,893.0
155.0,893.0
156.0,893.0
153.0,893.0
525.0,894.0
729.0,894.0
29.0,894.0
883.0,894.0
765.0,894.0
711.0,894.0
273.0,894.0
819.0,894.0
220.0,894.0
1029.0,894.0
934.0,894.0
497.0,894.0
687.0,895.0
513.0,895.0
51.0,895.0
756.0,895.0
979.0,895.0
640.0,895.0
217.0,895.0
269.0,895.0
558.0,895.0
853.0,895.0
65.0,895.0
296.0,895.0
630.0,896.0
596.0,896.0
388.0,896.0
198.0,896.0
200.0,896.0
798.0,896.0
963.0,896.0
65.0,896.0
351.0,896.0
912.0,896.0
490.0,896.0
648.0,896.0
496.0,897.0
77.0,897.0
559.0,897.0
70.0,897.0
434.0,897.0
997.0,897.0
960.0,897.0
670.0,897.0
479.0,897.0
794.0,897.0
702.0,897.0
508.0,897.0
302.0,898.0
295.0,898.0
949.0,898.0
1020.0,898.0
471.0,898.0
14.0,898.0
713.0,898.0
52.0,898.0
751.0,898.0
517.0,898.0
983.0,898.0
551.0,898.0
782.0,899.0
781.0,899.0
607.0,899.0
184.0,899.0
804.0,899.0
43.0,899.0
841.0,899.0
615.0,899.0
1015.0,899.0
717.0,899.0
726.0,899.0
681.0,899.0
563.0,900.0
847.0,900.0
370.0,900.0
706.0,900.0
203.0,900.0
887.0,900.0
29.0,900.0
66.0,900.0
507.0,900.0
668.0,900.0
742.0,900.0
863.0,900.0
557.0,901.0
24.0,901.0
449.0,901.0
830.0,901.0
227.0,901.0
96.0,901.0
721.0,901.0
151.0,901.0
874.0,901.0
300.0,901.0
294.0,901.0
818.0,901.0
133.0,902.0
256.0,902.0
746.0,902.0
330.0,902.0
66.0,902.0
637.0,902.0
395.0,902.0
603.0,902.0
659.0,902.0
839.0,902.0
856.0,902.0
877.0,902.0
596.0,903.0
413.0,903.0
61.0,903.0
987.0,903.0
143.0,903.0
899.0,903.0
769.0,903.0
890.0,903.0
1023.0,903.0
331.0,903.0
299.0,903.0
599.0,903.0
63.0,904.0
888.0,904.0
930.0,904.0
675.0,904.0
467.0,904.0
579.0,904.0
93.0,904.0
161.0,904.0
1021.0,904.0
796.0,904.0
693.0,904.0
918.0,904.0
860.0,905.0
700.0,905.0
423.0,905.0
1027.0,905.0
378.0,905.0
805.0,905.0
168.0,905.0
948.0,905.0
732.0,905.0
514.0,905.0
565.0,905.0
486.0,905.0
14.0,906.0
651.0,906.0
694.0,906.0
557.0,906.0
1001.0,906.0
696.0,906.0
61.0,906.0
219.0,906.0
308.0,906.0
916.0,906.0
670.0,906.0
683.0,906.0
820.0,907.0
131.0,907.0
287.0,907.0
292.0,907.0
1006.0,907.0
894.0,907.0
513.0,907.0
754.0,907.0
856.0,907.0
791.0,907.0
276.0,907.0
119.0,907.0
667.0,908.0
757.0,908.0
246.0,908.0
686.0,908.0
997.0,908.0
447.0,908.0
761.0,908.0
897.0,908.0
483.0,908.0
748.0,908.0
340.0,908.0
135.0,908.0
922.0,909.0
1025.0,909.0
52.0,909.0
57.0,909.0
972.0,909.0
300.0,909.0
873.0,909.0
502.0,909.0
383.0,909.0
233.0,909.0
713.0,909.0
277.0,909.0
682.0,910.0
983.0,910.0
713.0,910.0
138.0,910.0
704.0,910.0
344.0,910.0
702.0,910.0
583.0,910.0
973.0,910.0
231.0,910.0
453.0,910.0
555.0,910.0
979.0,911.0
867.0,911.0
962.0,911.0
731.0,911.0
729.0,911.0
174.0,911.0
752.0,911.0
215.0,911.0
995.0,911.0
480.0,911.0
914.0,911.0
421.0,911.0
553.0,912.0
23.0,912.0
189.0,912.0
330.0,912.0
1006.0,912.0
877.0,912.0
256.0,912.0
866.0,912.0
790.0,912.0
74.0,912.0
75.0,912.0
925.0,912.0
27.0,913.0
714.0,913.0
283.0,913.0
692.0,913.0
374.0,913.0
890.0,913.0
275.0,913.0
970.0,913.0
732.0,913.0
568.0,913.0
481.0,913.0
231.0,913.0
978.0,914.0
535.0,914.0
64.0,914.0
608.0,914.0
490.0,914.0
373.0,914.0
745.0,914.0
781.0,914.0
573.0,914.0
285.0,914.0
267.0,914.0
723.0,914.0
807.0,915.0
345.0,915.0
44.0,915.0
851.0,915.0
195.0,915.0
457.0,915.0
337.0,915.0
229.0,915.0
881.0,915.0
910.0,915.0
472.0,915.0
324.0,915.0
46.0,916.0
130.0,916.0
503.0,916.0
694.0,916.0
1006.0,916.0
853.0,916.0
371.0,916.0
73.0,916.0
568.0,916.0
608.0,916.0
227.0,916.0
483.0,916.0
497.0,917.0
264.0,917.0
332.0,917.0
793.0,917.0
1021.0,917.0
112.0,917.0
811.0,917.0
485.0,917.0
140.0,917.0
225.0,917.0
602.0,917.0
927.0,917.0
767.0,918.0
872.0,918.0
870.0,918.0
486.0,918.0
200.0,918.0
572.0,918.0
360.0,918.0
137.0,918.0
809.0,918.0
917.0,918.0
359.0,918.0
735.0,918.0
32.0,919.0
900.0,919.0
287.0,919.0
620.0,919.0
944.0,919.0
973.0,919.0
1005.0,919.0
860.0,919.0
78.0,919.0
990.0,919.0
4.0,919.0
383.0,919.0
568.0,920.0
502.0,920.0
949.0,920.0
636.0,920.0
324.0,920.0
479.0,920.0
112.0,920.0
498.0,920.0
1029.0,920.0
280.0,920.0
997.0,920.0
581.0,920.0
1008.0,921.0
187.0,921.0
546.0,921.0
514.0,921.0
30.0,921.0
874.0,921.0
524.0,921.0
341.0,921.0
830.0,921.0
434.0,921.0
198.0,921.0
475.0,921.0
731.0,922.0
535.0,922.0
846.0,922.0
404.0,922.0
697.0,922.0
755.0,922.0
334.0,922.0
431.0,922.0
24.0,922.0
1029.0,922.0
701.0,922.0
554.0,922.0
874.0,923.0
238.0,923.0
732.0,923.0
460.0,923.0
772.0,923.0
226.0,923.0
341.0,923.0
331.0,923.0
210.0,923.0
738.0,923.0
749.0,923.0
42.0,923.0
574.0,924.0
248.0,924.0
59.0,924.0
847.0,924.0
1005.0,924.0
813.0,924.0
143.0,924.0
634.0,924.0
150.0,924.0
707.0,924.0
534.0,924.0
845.0,924.0
313.0,925.0
25.0,925.0
188.0,925.0
107.0,925.0
997.0,925.0
163.0,925.0
706.0,925.0
473.0,925.0
832.0,925.0
103.0,925.0
648.0,925.0
232.0,925.0
504.0,926.0
212.0,926.0
68.0,926.0
691.0,926.0
754.0,926.0
989.0,926.0
769.0,926.0
880.0,926.0
491.0,926.0
108.0,926.0
1016.0,926.0
955.0,926.0
805.0,927.0
639.0,927.0
565.0,927.0
100.0,927.0
449.0,927.0
150.0,927.0
158.0,927.0
411.0,927.0
711.0,927.0
298.0,927.0
864.0,927.0
793.0,927.0
714.0,928.0
824.0,928.0
597.0,928.0
874.0,928.0
472.0,928.0
438.0,928.0
373.0,928.0
369.0,928.0
411.0,928.0
483.0,928.0
541.0,928.0
115.0,928.0
928.0,929.0
580.0,929.0
837.0,929.0
925.0,929.0
464.0,929.0
213.0,929.0
290.0,929.0
435.0,929.0
12.0,929.0
363.0,929.0
997.0,929.0
355.0,929.0
314.0,930.0
1021.0,930.0
887.0,930.0
394.0,930.0
336.0,930.0
509.0,930.0
62.0,930.0
883.0,930.0
606.0,930.0
863.0,930.0
1012.0,930.0
230.0,930.0
852.0,931.0
383.0,931.0
217.0,931.0
84.0,931.0
942.0,931.0
754.0,931.0
559.0,931.0
261.0,931.0
332.0,931.0
678.0,931.0
214.0,931.0
599.0,931.0
387.0,932.0
370.0,932.0
286.0,932.0
121.0,932.0
921.0,932.0
155.0,932.0
383.0,932.0
66.0,932.0
513.0,932.0
252.0,932.0
334.0,932.0
744.0,932.0
808.0,933.0
967.0,933.0
609.0,933.0
773.0,933.0
662.0,933.0
374.0,933.0
705.0,933.0
914.0,933.0
290.0,933.0
583.0,933.0
181.0,933.0
310.0,933.0
119.0,934.0
107.0,934.0
113.0,934.0
628.0,934.0
576.0,934.0
17.0,934.0
868.0,934.0
336.0,934.0
790.0,934.0
955.0,934.0
428.0,934.0
644.0,934.0
619.0,935.0
522.0,935.0
434.0,935.0
391.0,935.0
463.0,935.0
758.0,935.0
491.0,935.0
631.0,935.0
548.0,935.0
747.0,935.0
1013.0,935.0
638.0,935.0
406.0,936.0
776.0,936.0
401.0,936.0
745.0,936.0
724.0,936.0
21.0,936.0
247.0,936.0
329.0,936.0
291.0,936.0
804.0,936.0
405.0,936.0
487.0,936.0
206.0,937.0
804.0,937.0
943.0,937.0
729.0,937.0
84.0,937.0
897.0,937.0
508.0,937.0
1005.0,937.0
535.0,937.0
873.0,937.0
662.0,937.0
523.0,937.0
718.0,938.0
733.0,938.0
981.0,938.0
32.0,938.0
826.0,938.0
542.0,938.0
235.0,938.0
682.0,938.0
931.0,938.0
895.0,938.0
43.0,938.0
215.0,938.0
164.0,939.0
872.0,939.0
351.0,939.0
110.0,939.0
112.0,939.0
424.0,939.0
500.0,939.0
473.0,939.0
415.0,939.0
938.0,939.0
497.0,939.0
672.0,939.0
589.0,940.0
777.0,940.0
83.0,940.0
443.0,940.0
1022.0,940.0
937.0,940.0
272.0,940.0
618.0,940.0
374.0,940.0
956.0,940.0
355.0,940.0
288.0,940.0
832.0,941.0
54.0,941.0
241.0,941.0
531.0,941.0
387.0,941.0
330.0,941.0
397.0,941.0
821.0,941.0
89.0,941.0
563.0,941.0
378.0,941.0
895.0,941.0
146.0,942.0
989.0,942.0
959.0,942.0
233.0,942.0
513.0,942.0
327.0,942.0
591.0,942.0
115.0,942.0
217.0,942.0
286.0,942.0
343.0,942.0
203.0,942.0
83.0,943.0
412.0,943.0
819.0,943.0
80.0,943.0
832.0,943.0
723.0,943.0
373.0,943.0
236.0,943.0
263.0,943.0
750.0,943.0
831.0,943.0
684.0,943.0
808.0,944.0
334.0,944.0
1012.0,944.0
383.0,944.0
4.0,944.0
15.0,944.0
659.0,944.0
958.0,944.0
214.0,944.0
66.0,944.0
994.0,944.0
182.0,944.0
4.0,945.0
243.0,945.0
283.0,945.0
307.0,945.0
15.0,945.0
612.0,945.0
725.0,945.0
900.0,945.0
217.0,945.0
102.0,945.0
781.0,945.0
241.0,945.0
179.0,946.0
612.0,946.0
80.0,946.0
874.0,946.0
287.0,946.0
310.0,946.0
119.0,946.0
594.0,946.0
436.0,946.0
97.0,946.0
212.0,946.0
168.0,946.0
987.0,947.0
466.0,947.0
658.0,947.0
42.0,947.0
837.0,947.0
573.0,947.0
589.0,947.0
737.0,947.0
900.0,947.0
923.0,947.0
946.0,947.0
769.0,947.0
81.0,948.0
327.0,948.0
136.0,948.0
140.0,948.0
662.0,948.0
967.0,948.0
449.0,948.0
296.0,948.0
436.0,948.0
991.0,948.0
608.0,948.0
895.0,948.0
929.0,949.0
634.0,949.0
369.0,949.0
205.0,949.0
310.0,949.0
472.0,949.0
623.0,949.0
734.0,949.0
894.0,949.0
570.0,949.0
165.0,949.0
191.0,949.0
357.0,950.0
698.0,950.0
319.0,950.0
1024.0,950.0
527.0,950.0
607.0,950.0
208.0,950.0
539.0,950.0
248.0,950.0
572.0,950.0
834.0,950.0
168.0,950.0
272.0,951.0
410.0,951.0
578.0,951.0
13.0,951.0
548.0,951.0
858.0,951.0
817.0,951.0
778.0,951.0
661.0,951.0
730.0,951.0
532.0,951.0
470.0,951.0
541.0,952.0
268.0,952.0
194.0,952.0
301.0,952.0
749.0,952.0
172.0,952.0
151.0,952.0
985.0,952.0
25.0,952.0
913.0,952.0
84.0,952.0
346.0,952.0
733.0,953.0
42.0,953.0
737.0,953.0
794.0,953.0
6.0,953.0
799.0,953.0
258.0,953.0
160.0,953.0
470.0,953.0
749.0,953.0
281.0,953.0
1000.0,953.0
206.0,954.0
1006.0,954.0
368.0,954.0
307.0,954.0
691.0,954.0
78.0,954.0
296.0,954.0
624.0,954.0
887.0,954.0
1019.0,954.0
149.0,954.0
765.0,954.0
299.0,955.0
949.0,955.0
706.0,955.0
182.0,955.0
189.0,955.0
978.0,955.0
318.0,955.0
877.0,955.0
743.0,955.0
712.0,955.0
214.0,955.0
725.0,955.0
856.0,956.0
827.0,956.0
156.0,956.0
107.0,956.0
169.0,956.0
987.0,956.0
596.0,956.0
667.0,956.0
318.0,956.0
924.0,956.0
226.0,956.0
580.0,956.0
947.0,957.0
201.0,957.0
776.0,957.0
362.0,957.0
720.0,957.0
86.0,957.0
508.0,957.0
981.0,957.0
899.0,957.0
114.0,957.0
448.0,957.0
106.0,957.0
1004.0,958.0
769.0,958.0
614.0,958.0
380.0,958.0
946.0,958.0
423.0,958.0
504.0,958.0
611.0,958.0
79.0,958.0
349.0,958.0
956.0,958.0
813.0,958.0
933.0,959.0
714.0,959.0
732.0,959.0
242.0,959.0
614.0,959.0
539.0,959.0
1009.0,959.0
945.0,959.0
154.0,959.0
755.0,959.0
577.0,959.0
890.0,959.0
575.0,960.0
794.0,960.0
466.0,960.0
900.0,960.0
557.0,960.0
940.0,960.0
33.0,960.0
312.0,960.0
894.0,960.0
574.0,960.0
570.0,960.0
542.0,960.0
57.0,961.0
339.0,961.0
374.0,961.0
793.0,961.0
1007.0,961.0
482.0,961.0
691.0,961.0
803.0,961.0
363.0,961.0
491.0,961.0
42.0,961.0
25.0,961.0
794.0,962.0
101.0,962.0
66.0,962.0
998.0,962.0
631.0,962.0
723.0,962.0
995.0,962.0
986.0,962.0
401.0,962.0
301.0,962.0
774.0,962.0
207.0,962.0
343.0,963.0
355.0,963.0
623.0,963.0
911.0,963.0
794.0,963.0
889.0,963.0
2.0,963.0
820.0,963.0
812.0,963.0
7.0,963.0
658.0,963.0
362.0,963.0
319.0,964.0
592.0,964.0
625.0,964.0
668.0,964.0
253.0,964.0
1029.0,964.0
279.0,964.0
47.0,964.0
317.0,964.0
755.0,964.0
27.0,964.0
711.0,964.0
759.0,965.0
764.0,965.0
7.0,965.0
986.0,965.0
758.0,965.0
834.0,965.0
935.0,965.0
196.0,965.0
516.0,965.0
259.0,965.0
1017.0,965.0
412.0,965.0
821.0,966.0
722.0,966.0
137.0,966.0
150.0,966.0
162.0,966.0
588.0,966.0
765.0,966.0
30.0,966.0
878.0,966.0
629.0,966.0
461.0,966.0
689.0,966.0
939.0,967.0
665.0,967.0
466.0,967.0
176.0,967.0
371.0,967.0
494.0,967.0
624.0,967.0
978.0,967.0
479.0,967.0
860.0,967.0
444.0,967.0
987.0,967.0
735.0,968.0
225.0,968.0
209.0,968.0
863.0,968.0
522.0,968.0
452.0,968.0
150.0,968.0
830.0,968.0
474.0,968.0
53.0,968.0
237.0,968.0
823.0,968.0
319.0,969.0
830.0,969.0
687.0,969.0
280.0,969.0
138.0,969.0
870.0,969.0
721.0,969.0
970.0,969.0
967.0,969.0
279.0,969.0
155.0,969.0
75.0,969.0
866.0,970.0
146.0,970.0
538.0,970.0
383.0,970.0
224.0,970.0
500.0,970.0
986.0,970.0
725.0,970.0
1020.0,970.0
198.0,970.0
732.0,970.0
566.0,970.0
981.0,971.0
304.0,971.0
711.0,971.0
279.0,971.0
735.0,971.0
310.0,971.0
228.0,971.0
925.0,971.0
55.0,971.0
788.0,971.0
536.0,971.0
737.0,971.0
100.0,972.0
209.0,972.0
211.0,972.0
309.0,972.0
883.0,972.0
162.0,972.0
392.0,972.0
274.0,972.0
58.0,972.0
572.0,972.0
364.0,972.0
185.0,972.0
299.0,973.0
513.0,973.0
748.0,973.0
958.0,973.0
151.0,973.0
732.0,973.0
407.0,973.0
4.0,973.0
483.0,973.0
296.0,973.0
279.0,973.0
319.0,973.0
146.0,974.0
731.0,974.0
929.0,974.0
861.0,974.0
566.0,974.0
508.0,974.0
553.0,974.0
269.0,974.0
574.0,974.0
427.0,974.0
592.0,974.0
992.0,974.0
838.0,975.0
728.0,975.0
169.0,975.0
842.0,975.0
1016.0,975.0
29.0,975.0
991.0,975.0
724.0,975.0
659.0,975.0
368.0,975.0
707.0,975.0
336.0,975.0
774.0,976.0
573.0,976.0
869.0,976.0
699.0,976.0
862.0,976.0
279.0,976.0
204.0,976.0
902.0,976.0
70.0,976.0
680.0,976.0
594.0,976.0
625.0,976.0
296.0,977.0
503.0,977.0
577.0,977.0
310.0,977.0
335.0,977.0
422.0,977.0
642.0,977.0
969.0,977.0
599.0,977.0
525.0,977.0
1025.0,977.0
411.0,977.0
481.0,978.0
926.0,978.0
917.0,978.0
553.0,978.0
624.0,978.0
235.0,978.0
581.0,978.0
193.0,978.0
672.0,978.0
945.0,978.0
407.0,978.0
283.0,978.0
220.0,979.0
359.0,979.0
460.0,979.0
210.0,979.0
373.0,979.0
895.0,979.0
860.0,979.0
799.0,979.0
19.0,979.0
165.0,979.0
706.0,979.0
327.0,979.0
433.0,980.0
947.0,980.0
405.0,980.0
394.0,980.0
144.0,980.0
19.0,980.0
615.0,980.0
786.0,980.0
221.0,980.0
208.0,980.0
311.0,980.0
652.0,980.0
215.0,981.0
261.0,981.0
268.0,981.0
877.0,981.0
79.0,981.0
156.0,981.0
745.0,981.0
147.0,981.0
326.0,981.0
960.0,981.0
852.0,981.0
536.0,981.0
498.0,982.0
429.0,982.0
242.0,982.0
791.0,982.0
1.0,982.0
426.0,982.0
698.0,982.0
1007.0,982.0
525.0,982.0
333.0,982.0
411.0,982.0
1018.0,982.0
455.0,983.0
990.0,983.0
178.0,983.0
205.0,983.0
886.0,983.0
391.0,983.0
489.0,983.0
383.0,983.0
301.0,983.0
557.0,983.0
944.0,983.0
559.0,983.0
840.0,984.0
779.0,984.0
361.0,984.0
1025.0,984.0
322.0,984.0
396.0,984.0
130.0,984.0
1035.0,984.0
927.0,984.0
233.0,984.0
498.0,984.0
1028.0,984.0
894.0,985.0
952.0,985.0
218.0,985.0
1028.0,985.0
530.0,985.0
546.0,985.0
369.0,985.0
817.0,985.0
755.0,985.0
670.0,985.0
202.0,985.0
752.0,985.0
845.0,986.0
16.0,986.0
343.0,986.0
83.0,986.0
611.0,986.0
971.0,986.0
861.0,986.0
1016.0,986.0
372.0,986.0
156.0,986.0
731.0,986.0
566.0,986.0
196.0,987.0
699.0,987.0
388.0,987.0
1034.0,987.0
822.0,987.0
156.0,987.0
664.0,987.0
530.0,987.0
475.0,987.0
477.0,987.0
478.0,987.0
304.0,987.0
58.0,988.0
956.0,988.0
509.0,988.0
993.0,988.0
895.0,988.0
164.0,988.0
556.0,988.0
969.0,988.0
612.0,988.0
504.0,988.0
501.0,988.0
446.0,988.0
131.0,989.0
150.0,989.0
296.0,989.0
753.0,989.0
948.0,989.0
61.0,989.0
214.0,989.0
143.0,989.0
894.0,989.0
805.0,989.0
4.0,989.0
837.0,989.0
489.0,990.0
384.0,990.0
659.0,990.0
256.0,990.0
781.0,990.0
410.0,990.0
158.0,990.0
84.0,990.0
733.0,990.0
901.0,990.0
692.0,990.0
631.0,990.0
566.0,991.0
710.0,991.0
146.0,991.0
6.0,991.0
1020.0,991.0
799.0,991.0
309.0,991.0
1035.0,991.0
415.0,991.0
463.0,991.0
370.0,991.0
125.0,991.0
773.0,992.0
75.0,992.0
955.0,992.0
15.0,992.0
565.0,992.0
747.0,992.0
846.0,992.0
226.0,992.0
1017.0,992.0
640.0,992.0
837.0,992.0
157.0,992.0
543.0,993.0
1023.0,993.0
502.0,993.0
905.0,993.0
85.0,993.0
220.0,993.0
787.0,993.0
927.0,993.0
722.0,993.0
441.0,993.0
452.0,993.0
1025.0,993.0
658.0,994.0
276.0,994.0
708.0,994.0
670.0,994.0
677.0,994.0
795.0,994.0
304.0,994.0
470.0,994.0
513.0,994.0
44.0,994.0
683.0,994.0
29.0,994.0
64.0,995.0
526.0,995.0
508.0,995.0
419.0,995.0
613.0,995.0
750.0,995.0
589.0,995.0
797.0,995.0
190.0,995.0
591.0,995.0
725.0,995.0
86.0,995.0
907.0,996.0
395.0,996.0
603.0,996.0
554.0,996.0
530.0,996.0
838.0,996.0
932.0,996.0
244.0,996.0
558.0,996.0
1016.0,996.0
261.0,996.0
959.0,996.0
772.0,997.0
994.0,997.0
855.0,997.0
55.0,997.0
952.0,997.0
445.0,997.0
998.0,997.0
421.0,997.0
900.0,997.0
569.0,997.0
929.0,997.0
631.0,997.0
402.0,998.0
184.0,998.0
892.0,998.0
465.0,998.0
769.0,998.0
731.0,998.0
381.0,998.0
508.0,998.0
893.0,998.0
207.0,998.0
270.0,998.0
684.0,998.0
681.0,999.0
166.0,999.0
200.0,999.0
988.0,999.0
10.0,999.0
499.0,999.0
904.0,999.0
941.0,999.0
24.0,999.0
763.0,999.0
338.0,999.0
282.0,999.0
660.0,1000.0
6.0,1000.0
1019.0,1000.0
837.0,1000.0
460.0,1000.0
151.0,1000.0
417.0,1000.0
9.0,1000.0
769.0,1000.0
0.0,1000.0
755.0,1000.0
731.0,1000.0
271.0,1001.0
29.0,1001.0
98.0,1001.0
56.0,1001.0
294.0,1001.0
691.0,1001.0
759.0,1001.0
816.0,1001.0
72.0,1001.0
666.0,1001.0
783.0,1001.0
590.0,1001.0
17.0,1002.0
449.0,1002.0
932.0,1002.0
162.0,1002.0
362.0,1002.0
976.0,1002.0
632.0,1002.0
543.0,1002.0
958.0,1002.0
611.0,1002.0
65.0,1002.0
680.0,1002.0
163.0,1003.0
852.0,1003.0
624.0,1003.0
474.0,1003.0
438.0,1003.0
61.0,1003.0
834.0,1003.0
552.0,1003.0
1031.0,1003.0
809.0,1003.0
326.0,1003.0
925.0,1003.0
609.0,1004.0
250.0,1004.0
258.0,1004.0
847.0,1004.0
395.0,1004.0
717.0,1004.0
991.0,1004.0
415.0,1004.0
208.0,1004.0
681.0,1004.0
539.0,1004.0
1002.0,1004.0
875.0,1005.0
985.0,1005.0
897.0,1005.0
183.0,1005.0
835.0,1005.0
460.0,1005.0
848.0,1005.0
266.0,1005.0
638.0,1005.0
729.0,1005.0
178.0,1005.0
213.0,1005.0
119.0,1006.0
227.0,1006.0
367.0,1006.0
527.0,1006.0
149.0,1006.0
530.0,1006.0
919.0,1006.0
193.0,1006.0
691.0,1006.0
759.0,1006.0
235.0,1006.0
976.0,1006.0
315.0,1007.0
767.0,1007.0
516.0,1007.0
94.0,1007.0
47.0,1007.0
581.0,1007.0
30.0,1007.0
367.0,1007.0
692.0,1007.0
1009.0,1007.0
862.0,1007.0
553.0,1007.0
12.0,1008.0
607.0,1008.0
701.0,1008.0
516.0,1008.0
820.0,1008.0
228.0,1008.0
862.0,1008.0
473.0,1008.0
565.0,1008.0
687.0,1008.0
695.0,1008.0
108.0,1008.0
755.0,1009.0
565.0,1009.0
479.0,1009.0
756.0,1009.0
336.0,1009.0
6.0,1009.0
967.0,1009.0
27.0,1009.0
313.0,1009.0
906.0,1009.0
203.0,1009.0
501.0,1009.0
322.0,1010.0
427.0,1010.0
310.0,1010.0
446.0,1010.0
254.0,1010.0
420.0,1010.0
684.0,1010.0
516.0,1010.0
840.0,1010.0
335.0,1010.0
72.0,1010.0
624.0,1010.0
131.0,1011.0
252.0,1011.0
324.0,1011.0
158.0,1011.0
298.0,1011.0
304.0,1011.0
30.0,1011.0
154.0,1011.0
321.0,1011.0
17.0,1011.0
628.0,1011.0
637.0,1011.0
42.0,1012.0
706.0,1012.0
131.0,1012.0
690.0,1012.0
292.0,1012.0
545.0,1012.0
479.0,1012.0
368.0,1012.0
530.0,1012.0
902.0,1012.0
705.0,1012.0
83.0,1012.0
191.0,1013.0
107.0,1013.0
560.0,1013.0
668.0,1013.0
300.0,1013.0
273.0,1013.0
546.0,1013.0
594.0,1013.0
623.0,1013.0
491.0,1013.0
599.0,1013.0
166.0,1013.0
738.0,1014.0
835.0,1014.0
163.0,1014.0
803.0,1014.0
424.0,1014.0
17.0,1014.0
466.0,1014.0
167.0,1014.0
731.0,1014.0
1004.0,1014.0
946.0,1014.0
504.0,1014.0
630.0,1015.0
595.0,1015.0
768.0,1015.0
970.0,1015.0
382.0,1015.0
197.0,1015.0
114.0,1015.0
616.0,1015.0
541.0,1015.0
152.0,1015.0
86.0,1015.0
705.0,1015.0
395.0,1016.0
163.0,1016.0
296.0,1016.0
652.0,1016.0
258.0,1016.0
700.0,1016.0
1008.0,1016.0
672.0,1016.0
203.0,1016.0
909.0,1016.0
361.0,1016.0
481.0,1016.0
20.0,1017.0
353.0,1017.0
610.0,1017.0
866.0,1017.0
749.0,1017.0
157.0,1017.0
721.0,1017.0
44.0,1017.0
928.0,1017.0
686.0,1017.0
631.0,1017.0
658.0,1017.0
873.0,1018.0
573.0,1018.0
186.0,1018.0
700.0,1018.0
600.0,1018.0
377.0,1018.0
901.0,1018.0
610.0,1018.0
779.0,1018.0
874.0,1018.0
787.0,1018.0
929.0,1018.0
374.0,1019.0
235.0,1019.0
261.0,1019.0
581.0,1019.0
309.0,1019.0
56.0,1019.0
837.0,1019.0
609.0,1019.0
203.0,1019.0
691.0,1019.0
862.0,1019.0
176.0,1019.0
367.0,1020.0
895.0,1020.0
989.0,1020.0
324.0,1020.0
278.0,1020.0
217.0,1020.0
760.0,1020.0
332.0,1020.0
863.0,1020.0
182.0,1020.0
756.0,1020.0
127.0,1020.0
31.0,1021.0
326.0,1021.0
917.0,1021.0
364.0,1021.0
527.0,1021.0
254.0,1021.0
870.0,1021.0
793.0,1021.0
498.0,1021.0
452.0,1021.0
85.0,1021.0
871.0,1021.0
297.0,1022.0
484.0,1022.0
896.0,1022.0
641.0,1022.0
409.0,1022.0
488.0,1022.0
957.0,1022.0
144.0,1022.0
174.0,1022.0
477.0,1022.0
737.0,1022.0
406.0,1022.0
21.0,1023.0
550.0,1023.0
852.0,1023.0
131.0,1023.0
556.0,1023.0
143.0,1023.0
583.0,1023.0
139.0,1023.0
601.0,1023.0
878.0,1023.0
737.0,1023.0
41.0,1023.0
331.0,1024.0
47.0,1024.0
369.0,1024.0
949.0,1024.0
1017.0,1024.0
52.0,1024.0
482.0,1024.0
969.0,1024.0
756.0,1024.0
559.0,1024.0
852.0,1024.0
536.0,1024.0
170.0,1025.0
279.0,1025.0
334.0,1025.0
609.0,1025.0
812.0,1025.0
916.0,1025.0
1010.0,1025.0
296.0,1025.0
1027.0,1025.0
368.0,1025.0
414.0,1025.0
666.0,1025.0
728.0,1026.0
139.0,1026.0
1002.0,1026.0
574.0,1026.0
654.0,1026.0
1029.0,1026.0
715.0,1026.0
292.0,1026.0
576.0,1026.0
439.0,1026.0
230.0,1026.0
88.0,1026.0
553.0,1027.0
922.0,1027.0
847.0,1027.0
214.0,1027.0
622.0,1027.0
1000.0,1027.0
533.0,1027.0
29.0,1027.0
25.0,1027.0
96.0,1027.0
952.0,1027.0
374.0,1027.0
545.0,1028.0
906.0,1028.0
633.0,1028.0
792.0,1028.0
714.0,1028.0
455.0,1028.0
807.0,1028.0
983.0,1028.0
920.0,1028.0
568.0,1028.0
34.0,1028.0
629.0,1028.0
427.0,1029.0
395.0,1029.0
764.0,1029.0
662.0,1029.0
922.0,1029.0
725.0,1029.0
599.0,1029.0
754.0,1029.0
933.0,1029.0
786.0,1029.0
193.0,1029.0
1017.0,1029.0
530.0,1030.0
907.0,1030.0
815.0,1030.0
950.0,1030.0
66.0,1030.0
507.0,1030.0
76.0,1030.0
622.0,1030.0
430.0,1030.0
874.0,1030.0
149.0,1030.0
245.0,1030.0
996.0,1031.0
273.0,1031.0
914.0,1031.0
203.0,1031.0
408.0,1031.0
889.0,1031.0
423.0,1031.0
176.0,1031.0
470.0,1031.0
360.0,1031.0
1035.0,1031.0
516.0,1031.0
963.0,1032.0
126.0,1032.0
13.0,1032.0
548.0,1032.0
833.0,1032.0
528.0,1032.0
236.0,1032.0
752.0,1032.0
754.0,1032.0
487.0,1032.0
33.0,1032.0
645.0,1032.0
140.0,1033.0
977.0,1033.0
293.0,1033.0
793.0,1033.0
823.0,1033.0
278.0,1033.0
567.0,1033.0
351.0,1033.0
993.0,1033.0
439.0,1033.0
93.0,1033.0
345.0,1033.0
226.0,1034.0
139.0,1034.0
192.0,1034.0
588.0,1034.0
403.0,1034.0
287.0,1034.0
348.0,1034.0
405.0,1034.0
437.0,1034.0
837.0,1034.0
198.0,1034.0
86.0,1034.0
712.0,1035.0
196.0,1035.0
56.0,1035.0
466.0,1035.0
32.0,1035.0
228.0,1035.0
684.0,1035.0
1004.0,1035.0
902.0,1035.0
463.0,1035.0
168.0,1035.0
686.0,1035.0
