i,j
0.0,1096.0
0.0,129.0
0.0,900.0
0.0,539.0
0.0,1368.0
1.0,1202.0
1.0,728.0
1.0,498.0
1.0,1150.0
1.0,954.0
2.0,1129.0
2.0,278.0
2.0,160.0
2.0,820.0
2.0,1210.0
3.0,161.0
3.0,238.0
3.0,306.0
3.0,264.0
3.0,113.0
4.0,886.0
4.0,760.0
4.0,1031.0
4.0,404.0
4.0,1126.0
5.0,542.0
5.0,1125.0
5.0,1361.0
5.0,653.0
5.0,1075.0
6.0,633.0
6.0,1012.0
6.0,1407.0
6.0,1244.0
6.0,317.0
7.0,1158.0
7.0,174.0
7.0,906.0
7.0,702.0
7.0,742.0
8.0,1347.0
8.0,320.0
8.0,402.0
8.0,1055.0
8.0,1115.0
9.0,1049.0
9.0,1381.0
9.0,946.0
9.0,1070.0
9.0,630.0
10.0,983.0
10.0,1236.0
10.0,1185.0
10.0,1340.0
10.0,1336.0
11.0,310.0
11.0,1167.0
11.0,1410.0
11.0,50.0
11.0,460.0
12.0,949.0
12.0,910.0
12.0,762.0
12.0,724.0
12.0,68.0
13.0,624.0
13.0,147.0
13.0,77.0
13.0,140.0
13.0,1430.0
14.0,530.0
14.0,1115.0
14.0,55.0
14.0,490.0
14.0,357.0
15.0,548.0
15.0,468.0
15.0,638.0
15.0,808.0
15.0,828.0
16.0,1322.0
16.0,932.0
16.0,803.0
16.0,895.0
16.0,1060.0
17.0,284.0
17.0,1173.0
17.0,1299.0
17.0,1463.0
17.0,42.0
18.0,157.0
18.0,1166.0
18.0,1310.0
18.0,288.0
18.0,400.0
19.0,1078.0
19.0,981.0
19.0,777.0
19.0,1305.0
19.0,1024.0
20.0,98.0
20.0,299.0
20.0,243.0
20.0,1171.0
20.0,1272.0
21.0,1386.0
21.0,1435.0
21.0,1508.0
21.0,1238.0
21.0,608.0
22.0,832.0
22.0,266.0
22.0,87.0
22.0,232.0
22.0,1287.0
23.0,766.0
23.0,1471.0
23.0,556.0
23.0,724.0
23.0,887.0
24.0,1197.0
24.0,849.0
24.0,1103.0
24.0,240.0
24.0,757.0
25.0,1089.0
25.0,1476.0
25.0,771.0
25.0,1170.0
25.0,712.0
26.0,1027.0
26.0,1400.0
26.0,832.0
26.0,1058.0
26.0,891.0
27.0,1297.0
27.0,9.0
27.0,715.0
27.0,1422.0
27.0,1473.0
28.0,1355.0
28.0,1291.0
28.0,1112.0
28.0,119.0
28.0,1254.0
29.0,390.0
29.0,1442.0
29.0,27.0
29.0,496.0
29.0,530.0
30.0,223.0
30.0,1277.0
30.0,440.0
30.0,100.0
30.0,536.0
31.0,349.0
31.0,755.0
31.0,380.0
31.0,1354.0
31.0,512.0
32.0,157.0
32.0,1166.0
32.0,658.0
32.0,116.0
32.0,275.0
33.0,1039.0
33.0,1369.0
33.0,233.0
33.0,436.0
33.0,1179.0
34.0,1144.0
34.0,941.0
34.0,1013.0
34.0,1242.0
34.0,380.0
35.0,1200.0
35.0,1015.0
35.0,967.0
35.0,946.0
35.0,726.0
36.0,404.0
36.0,395.0
36.0,495.0
36.0,549.0
36.0,1271.0
37.0,1254.0
37.0,556.0
37.0,642.0
37.0,315.0
37.0,605.0
38.0,419.0
38.0,742.0
38.0,694.0
38.0,235.0
38.0,1222.0
39.0,99.0
39.0,600.0
39.0,1409.0
39.0,238.0
39.0,853.0
40.0,96.0
40.0,1180.0
40.0,771.0
40.0,962.0
40.0,475.0
41.0,919.0
41.0,891.0
41.0,1058.0
41.0,371.0
41.0,1400.0
42.0,852.0
42.0,735.0
42.0,747.0
42.0,650.0
42.0,585.0
43.0,164.0
43.0,568.0
43.0,443.0
43.0,733.0
43.0,1304.0
44.0,1106.0
44.0,1079.0
44.0,1366.0
44.0,835.0
44.0,1356.0
45.0,713.0
45.0,246.0
45.0,1495.0
45.0,503.0
45.0,139.0
46.0,664.0
46.0,686.0
46.0,886.0
46.0,398.0
46.0,1079.0
47.0,868.0
47.0,287.0
47.0,1043.0
47.0,1514.0
47.0,738.0
48.0,1010.0
48.0,1088.0
48.0,143.0
48.0,1072.0
48.0,612.0
49.0,190.0
49.0,1033.0
49.0,155.0
49.0,115.0
49.0,719.0
50.0,1269.0
50.0,146.0
50.0,652.0
50.0,1494.0
50.0,640.0
51.0,489.0
51.0,442.0
51.0,1361.0
51.0,1324.0
51.0,846.0
52.0,1186.0
52.0,1293.0
52.0,263.0
52.0,1229.0
52.0,1303.0
53.0,1442.0
53.0,330.0
53.0,530.0
53.0,95.0
53.0,1032.0
54.0,1062.0
54.0,884.0
54.0,713.0
54.0,601.0
54.0,1222.0
55.0,808.0
55.0,1181.0
55.0,1462.0
55.0,483.0
55.0,1092.0
56.0,1404.0
56.0,141.0
56.0,528.0
56.0,249.0
56.0,1098.0
57.0,820.0
57.0,1392.0
57.0,456.0
57.0,622.0
57.0,42.0
58.0,106.0
58.0,442.0
58.0,1461.0
58.0,1260.0
58.0,247.0
59.0,472.0
59.0,296.0
59.0,6.0
59.0,8.0
59.0,1513.0
60.0,1217.0
60.0,219.0
60.0,1290.0
60.0,62.0
60.0,1360.0
61.0,1339.0
61.0,1053.0
61.0,271.0
61.0,328.0
61.0,998.0
62.0,1418.0
62.0,244.0
62.0,555.0
62.0,228.0
62.0,1217.0
63.0,1215.0
63.0,440.0
63.0,1107.0
63.0,807.0
63.0,827.0
64.0,1039.0
64.0,1050.0
64.0,1254.0
64.0,900.0
64.0,1136.0
65.0,451.0
65.0,1479.0
65.0,492.0
65.0,578.0
65.0,790.0
66.0,276.0
66.0,883.0
66.0,542.0
66.0,486.0
66.0,1226.0
67.0,695.0
67.0,347.0
67.0,1348.0
67.0,652.0
67.0,1119.0
68.0,629.0
68.0,1035.0
68.0,646.0
68.0,556.0
68.0,1101.0
69.0,921.0
69.0,213.0
69.0,1398.0
69.0,189.0
69.0,1496.0
70.0,1441.0
70.0,841.0
70.0,1126.0
70.0,327.0
70.0,361.0
71.0,836.0
71.0,1317.0
71.0,1143.0
71.0,84.0
71.0,166.0
72.0,1164.0
72.0,1000.0
72.0,281.0
72.0,1389.0
72.0,10.0
73.0,822.0
73.0,1274.0
73.0,90.0
73.0,384.0
73.0,1150.0
74.0,667.0
74.0,872.0
74.0,998.0
74.0,915.0
74.0,89.0
75.0,419.0
75.0,1019.0
75.0,965.0
75.0,1316.0
75.0,1312.0
76.0,477.0
76.0,37.0
76.0,836.0
76.0,111.0
76.0,1479.0
77.0,199.0
77.0,1146.0
77.0,875.0
77.0,1019.0
77.0,1069.0
78.0,328.0
78.0,286.0
78.0,137.0
78.0,304.0
78.0,5.0
79.0,1224.0
79.0,1033.0
79.0,95.0
79.0,1505.0
79.0,1004.0
80.0,419.0
80.0,713.0
80.0,905.0
80.0,124.0
80.0,387.0
81.0,237.0
81.0,145.0
81.0,149.0
81.0,1498.0
81.0,911.0
82.0,224.0
82.0,588.0
82.0,109.0
82.0,1484.0
82.0,70.0
83.0,631.0
83.0,1063.0
83.0,1114.0
83.0,1247.0
83.0,1182.0
84.0,170.0
84.0,297.0
84.0,768.0
84.0,1417.0
84.0,831.0
85.0,649.0
85.0,1080.0
85.0,31.0
85.0,1489.0
85.0,167.0
86.0,888.0
86.0,424.0
86.0,1377.0
86.0,686.0
86.0,996.0
87.0,322.0
87.0,1078.0
87.0,482.0
87.0,763.0
87.0,1065.0
88.0,660.0
88.0,1189.0
88.0,466.0
88.0,291.0
88.0,484.0
89.0,504.0
89.0,1261.0
89.0,1251.0
89.0,667.0
89.0,1339.0
90.0,1468.0
90.0,1353.0
90.0,1231.0
90.0,1456.0
90.0,718.0
91.0,153.0
91.0,1375.0
91.0,1199.0
91.0,983.0
91.0,866.0
92.0,887.0
92.0,71.0
92.0,830.0
92.0,1504.0
92.0,635.0
93.0,1419.0
93.0,999.0
93.0,627.0
93.0,445.0
93.0,418.0
94.0,505.0
94.0,1353.0
94.0,305.0
94.0,384.0
94.0,1040.0
95.0,210.0
95.0,978.0
95.0,1489.0
95.0,1047.0
95.0,34.0
96.0,241.0
96.0,452.0
96.0,962.0
96.0,770.0
96.0,264.0
97.0,88.0
97.0,1477.0
97.0,907.0
97.0,308.0
97.0,886.0
98.0,299.0
98.0,751.0
98.0,1510.0
98.0,243.0
98.0,1066.0
99.0,192.0
99.0,554.0
99.0,365.0
99.0,314.0
99.0,583.0
100.0,239.0
100.0,645.0
100.0,932.0
100.0,223.0
100.0,902.0
101.0,373.0
101.0,1173.0
101.0,1299.0
101.0,1089.0
101.0,1500.0
102.0,1366.0
102.0,1198.0
102.0,1367.0
102.0,530.0
102.0,1279.0
103.0,494.0
103.0,415.0
103.0,489.0
103.0,968.0
103.0,229.0
104.0,414.0
104.0,1255.0
104.0,698.0
104.0,281.0
104.0,199.0
105.0,654.0
105.0,1466.0
105.0,1234.0
105.0,114.0
105.0,379.0
106.0,663.0
106.0,940.0
106.0,418.0
106.0,1252.0
106.0,609.0
107.0,1185.0
107.0,91.0
107.0,828.0
107.0,1513.0
107.0,1140.0
108.0,1504.0
108.0,289.0
108.0,647.0
108.0,607.0
108.0,910.0
109.0,1152.0
109.0,1036.0
109.0,446.0
109.0,417.0
109.0,172.0
110.0,642.0
110.0,1254.0
110.0,23.0
110.0,1136.0
110.0,148.0
111.0,646.0
111.0,76.0
111.0,68.0
111.0,23.0
111.0,1479.0
112.0,949.0
112.0,696.0
112.0,444.0
112.0,344.0
112.0,1154.0
113.0,579.0
113.0,485.0
113.0,916.0
113.0,58.0
113.0,627.0
114.0,367.0
114.0,1427.0
114.0,1131.0
114.0,564.0
114.0,52.0
115.0,287.0
115.0,804.0
115.0,705.0
115.0,1371.0
115.0,632.0
116.0,487.0
116.0,288.0
116.0,461.0
116.0,1042.0
116.0,1107.0
117.0,529.0
117.0,454.0
117.0,789.0
117.0,1501.0
117.0,926.0
118.0,1258.0
118.0,1367.0
118.0,158.0
118.0,978.0
118.0,1033.0
119.0,658.0
119.0,400.0
119.0,619.0
119.0,279.0
119.0,1042.0
120.0,197.0
120.0,994.0
120.0,1234.0
120.0,276.0
120.0,347.0
121.0,1143.0
121.0,962.0
121.0,144.0
121.0,989.0
121.0,1359.0
122.0,301.0
122.0,191.0
122.0,807.0
122.0,861.0
122.0,628.0
123.0,177.0
123.0,795.0
123.0,253.0
123.0,802.0
123.0,1441.0
124.0,758.0
124.0,1098.0
124.0,905.0
124.0,1107.0
124.0,693.0
125.0,742.0
125.0,1429.0
125.0,312.0
125.0,1357.0
125.0,1311.0
126.0,1324.0
126.0,1307.0
126.0,46.0
126.0,476.0
126.0,1218.0
127.0,612.0
127.0,233.0
127.0,143.0
127.0,1072.0
127.0,299.0
128.0,430.0
128.0,1167.0
128.0,494.0
128.0,1460.0
128.0,309.0
129.0,855.0
129.0,639.0
129.0,551.0
129.0,1101.0
129.0,1172.0
130.0,237.0
130.0,1108.0
130.0,1436.0
130.0,662.0
130.0,326.0
131.0,476.0
131.0,670.0
131.0,1280.0
131.0,310.0
131.0,1494.0
132.0,411.0
132.0,795.0
132.0,191.0
132.0,1096.0
132.0,807.0
133.0,870.0
133.0,484.0
133.0,1260.0
133.0,205.0
133.0,217.0
134.0,879.0
134.0,807.0
134.0,389.0
134.0,510.0
134.0,487.0
135.0,407.0
135.0,1225.0
135.0,1309.0
135.0,320.0
135.0,240.0
136.0,1029.0
136.0,1124.0
136.0,1057.0
136.0,687.0
136.0,24.0
137.0,164.0
137.0,304.0
137.0,733.0
137.0,854.0
137.0,1269.0
138.0,1132.0
138.0,659.0
138.0,69.0
138.0,1496.0
138.0,197.0
139.0,958.0
139.0,1404.0
139.0,94.0
139.0,1315.0
139.0,692.0
140.0,147.0
140.0,21.0
140.0,562.0
140.0,818.0
140.0,1238.0
141.0,1311.0
141.0,545.0
141.0,710.0
141.0,879.0
141.0,274.0
142.0,799.0
142.0,628.0
142.0,807.0
142.0,1146.0
142.0,411.0
143.0,874.0
143.0,449.0
143.0,116.0
143.0,275.0
143.0,461.0
144.0,865.0
144.0,783.0
144.0,121.0
144.0,173.0
144.0,251.0
145.0,46.0
145.0,205.0
145.0,130.0
145.0,886.0
145.0,957.0
146.0,1269.0
146.0,67.0
146.0,363.0
146.0,773.0
146.0,1230.0
147.0,753.0
147.0,13.0
147.0,333.0
147.0,357.0
147.0,234.0
148.0,639.0
148.0,1091.0
148.0,924.0
148.0,844.0
148.0,196.0
149.0,1483.0
149.0,1061.0
149.0,860.0
149.0,81.0
149.0,1477.0
150.0,1395.0
150.0,684.0
150.0,1109.0
150.0,142.0
150.0,296.0
151.0,745.0
151.0,842.0
151.0,1248.0
151.0,996.0
151.0,1152.0
152.0,1006.0
152.0,1475.0
152.0,421.0
152.0,403.0
152.0,340.0
153.0,217.0
153.0,384.0
153.0,1057.0
153.0,450.0
153.0,193.0
154.0,1159.0
154.0,1078.0
154.0,812.0
154.0,574.0
154.0,1514.0
155.0,524.0
155.0,1435.0
155.0,1056.0
155.0,780.0
155.0,1095.0
156.0,37.0
156.0,643.0
156.0,1062.0
156.0,129.0
156.0,1316.0
157.0,959.0
157.0,400.0
157.0,658.0
157.0,1188.0
157.0,908.0
158.0,1196.0
158.0,34.0
158.0,285.0
158.0,755.0
158.0,1258.0
159.0,1068.0
159.0,711.0
159.0,93.0
159.0,1025.0
159.0,314.0
160.0,1165.0
160.0,344.0
160.0,1256.0
160.0,1054.0
160.0,540.0
161.0,1264.0
161.0,40.0
161.0,117.0
161.0,989.0
161.0,1014.0
162.0,1074.0
162.0,973.0
162.0,296.0
162.0,1174.0
162.0,516.0
163.0,1300.0
163.0,645.0
163.0,1178.0
163.0,412.0
163.0,1282.0
164.0,896.0
164.0,11.0
164.0,43.0
164.0,78.0
164.0,1335.0
165.0,828.0
165.0,1468.0
165.0,610.0
165.0,1092.0
165.0,890.0
166.0,928.0
166.0,1317.0
166.0,766.0
166.0,639.0
166.0,71.0
167.0,232.0
167.0,1086.0
167.0,649.0
167.0,285.0
167.0,1492.0
168.0,195.0
168.0,1086.0
168.0,1341.0
168.0,558.0
168.0,1118.0
169.0,688.0
169.0,351.0
169.0,312.0
169.0,174.0
169.0,923.0
170.0,368.0
170.0,709.0
170.0,358.0
170.0,1363.0
170.0,292.0
171.0,1196.0
171.0,978.0
171.0,53.0
171.0,1135.0
171.0,898.0
172.0,1271.0
172.0,46.0
172.0,1163.0
172.0,133.0
172.0,94.0
173.0,92.0
173.0,830.0
173.0,297.0
173.0,251.0
173.0,108.0
174.0,1232.0
174.0,862.0
174.0,694.0
174.0,545.0
174.0,884.0
175.0,674.0
175.0,88.0
175.0,337.0
175.0,1481.0
175.0,309.0
176.0,1022.0
176.0,1230.0
176.0,1030.0
176.0,51.0
176.0,192.0
177.0,94.0
177.0,739.0
177.0,870.0
177.0,1103.0
177.0,391.0
178.0,189.0
178.0,654.0
178.0,1045.0
178.0,659.0
178.0,1439.0
179.0,1230.0
179.0,1428.0
179.0,480.0
179.0,1207.0
179.0,823.0
180.0,787.0
180.0,1400.0
180.0,1352.0
180.0,785.0
180.0,481.0
181.0,418.0
181.0,176.0
181.0,1229.0
181.0,841.0
181.0,663.0
182.0,635.0
182.0,292.0
182.0,1008.0
182.0,1111.0
182.0,313.0
183.0,1416.0
183.0,1474.0
183.0,708.0
183.0,1024.0
183.0,1275.0
184.0,210.0
184.0,433.0
184.0,884.0
184.0,464.0
184.0,938.0
185.0,1048.0
185.0,1142.0
185.0,273.0
185.0,258.0
185.0,360.0
186.0,926.0
186.0,194.0
186.0,1237.0
186.0,893.0
186.0,1375.0
187.0,362.0
187.0,615.0
187.0,1438.0
187.0,408.0
187.0,527.0
188.0,479.0
188.0,1422.0
188.0,913.0
188.0,1226.0
188.0,631.0
189.0,568.0
189.0,1125.0
189.0,620.0
189.0,1269.0
189.0,323.0
190.0,1095.0
190.0,95.0
190.0,864.0
190.0,690.0
190.0,1284.0
191.0,134.0
191.0,557.0
191.0,436.0
191.0,1176.0
191.0,813.0
192.0,519.0
192.0,450.0
192.0,695.0
192.0,1419.0
192.0,418.0
193.0,9.0
193.0,384.0
193.0,967.0
193.0,446.0
193.0,1038.0
194.0,269.0
194.0,314.0
194.0,1049.0
194.0,1401.0
194.0,1407.0
195.0,763.0
195.0,929.0
195.0,945.0
195.0,154.0
195.0,1145.0
196.0,214.0
196.0,813.0
196.0,338.0
196.0,949.0
196.0,529.0
197.0,1412.0
197.0,1125.0
197.0,120.0
197.0,78.0
197.0,189.0
198.0,591.0
198.0,1369.0
198.0,948.0
198.0,235.0
198.0,125.0
199.0,964.0
199.0,630.0
199.0,1227.0
199.0,1041.0
199.0,1353.0
200.0,190.0
200.0,399.0
200.0,868.0
200.0,1133.0
200.0,1013.0
201.0,692.0
201.0,1015.0
201.0,293.0
201.0,90.0
201.0,700.0
202.0,114.0
202.0,903.0
202.0,1466.0
202.0,212.0
202.0,810.0
203.0,650.0
203.0,735.0
203.0,1251.0
203.0,42.0
203.0,1173.0
204.0,1394.0
204.0,178.0
204.0,903.0
204.0,593.0
204.0,379.0
205.0,1397.0
205.0,6.0
205.0,531.0
205.0,732.0
205.0,326.0
206.0,1164.0
206.0,595.0
206.0,1231.0
206.0,842.0
206.0,976.0
207.0,307.0
207.0,1064.0
207.0,1247.0
207.0,631.0
207.0,1203.0
208.0,1210.0
208.0,2.0
208.0,1111.0
208.0,1008.0
208.0,278.0
209.0,398.0
209.0,446.0
209.0,517.0
209.0,1276.0
209.0,1314.0
210.0,228.0
210.0,79.0
210.0,239.0
210.0,1360.0
210.0,1187.0
211.0,79.0
211.0,1187.0
211.0,118.0
211.0,228.0
211.0,1067.0
212.0,697.0
212.0,202.0
212.0,1275.0
212.0,394.0
212.0,968.0
213.0,69.0
213.0,994.0
213.0,1234.0
213.0,5.0
213.0,120.0
214.0,634.0
214.0,671.0
214.0,1421.0
214.0,429.0
214.0,338.0
215.0,1413.0
215.0,157.0
215.0,1292.0
215.0,1291.0
215.0,1310.0
216.0,286.0
216.0,1234.0
216.0,752.0
216.0,1515.0
216.0,568.0
217.0,767.0
217.0,964.0
217.0,562.0
217.0,1512.0
217.0,508.0
218.0,202.0
218.0,1024.0
218.0,903.0
218.0,204.0
218.0,708.0
219.0,898.0
219.0,210.0
219.0,244.0
219.0,228.0
219.0,1013.0
220.0,250.0
220.0,1050.0
220.0,629.0
220.0,1174.0
220.0,1107.0
221.0,745.0
221.0,281.0
221.0,1029.0
221.0,1126.0
221.0,246.0
222.0,942.0
222.0,55.0
222.0,687.0
222.0,851.0
222.0,1181.0
223.0,433.0
223.0,743.0
223.0,567.0
223.0,1257.0
223.0,355.0
224.0,86.0
224.0,633.0
224.0,944.0
224.0,996.0
224.0,1513.0
225.0,1373.0
225.0,1486.0
225.0,1470.0
225.0,170.0
225.0,1100.0
226.0,982.0
226.0,229.0
226.0,1125.0
226.0,138.0
226.0,197.0
227.0,672.0
227.0,383.0
227.0,908.0
227.0,37.0
227.0,1074.0
228.0,1418.0
228.0,219.0
228.0,210.0
228.0,463.0
228.0,685.0
229.0,5.0
229.0,1125.0
229.0,1303.0
229.0,1141.0
229.0,653.0
230.0,883.0
230.0,231.0
230.0,880.0
230.0,1361.0
230.0,1462.0
231.0,1422.0
231.0,1307.0
231.0,410.0
231.0,911.0
231.0,741.0
232.0,19.0
232.0,168.0
232.0,755.0
232.0,1080.0
232.0,637.0
233.0,458.0
233.0,124.0
233.0,892.0
233.0,440.0
233.0,1259.0
234.0,1195.0
234.0,1503.0
234.0,1244.0
234.0,199.0
234.0,413.0
235.0,545.0
235.0,742.0
235.0,63.0
235.0,767.0
235.0,979.0
236.0,1468.0
236.0,445.0
236.0,508.0
236.0,1353.0
236.0,897.0
237.0,1371.0
237.0,326.0
237.0,1441.0
237.0,1498.0
237.0,1437.0
238.0,475.0
238.0,1432.0
238.0,319.0
238.0,84.0
238.0,93.0
239.0,1060.0
239.0,361.0
239.0,1268.0
239.0,141.0
239.0,651.0
240.0,863.0
240.0,483.0
240.0,1148.0
240.0,281.0
240.0,1281.0
241.0,964.0
241.0,1068.0
241.0,1037.0
241.0,1197.0
241.0,1425.0
242.0,575.0
242.0,1014.0
242.0,203.0
242.0,101.0
242.0,1089.0
243.0,163.0
243.0,1171.0
243.0,1300.0
243.0,1510.0
243.0,1151.0
244.0,321.0
244.0,439.0
244.0,228.0
244.0,1004.0
244.0,1360.0
245.0,1374.0
245.0,860.0
245.0,421.0
245.0,662.0
245.0,698.0
246.0,774.0
246.0,417.0
246.0,376.0
246.0,1185.0
246.0,692.0
247.0,360.0
247.0,476.0
247.0,1428.0
247.0,480.0
247.0,560.0
248.0,829.0
248.0,485.0
248.0,1312.0
248.0,815.0
248.0,1154.0
249.0,767.0
249.0,1377.0
249.0,562.0
249.0,753.0
249.0,592.0
250.0,447.0
250.0,436.0
250.0,488.0
250.0,1107.0
250.0,302.0
251.0,786.0
251.0,1497.0
251.0,409.0
251.0,709.0
251.0,467.0
252.0,1450.0
252.0,505.0
252.0,909.0
252.0,1070.0
252.0,873.0
253.0,678.0
253.0,329.0
253.0,488.0
253.0,389.0
253.0,1136.0
254.0,1444.0
254.0,165.0
254.0,135.0
254.0,153.0
254.0,870.0
255.0,1034.0
255.0,120.0
255.0,460.0
255.0,146.0
255.0,310.0
256.0,831.0
256.0,997.0
256.0,820.0
256.0,1500.0
256.0,1210.0
257.0,172.0
257.0,269.0
257.0,989.0
257.0,770.0
257.0,962.0
258.0,583.0
258.0,317.0
258.0,15.0
258.0,1419.0
258.0,193.0
259.0,1465.0
259.0,813.0
259.0,724.0
259.0,1085.0
259.0,389.0
260.0,549.0
260.0,727.0
260.0,907.0
260.0,402.0
260.0,774.0
261.0,415.0
261.0,1186.0
261.0,955.0
261.0,105.0
261.0,741.0
262.0,196.0
262.0,844.0
262.0,1035.0
262.0,23.0
262.0,12.0
263.0,1398.0
263.0,52.0
263.0,880.0
263.0,1361.0
263.0,616.0
264.0,571.0
264.0,1180.0
264.0,438.0
264.0,39.0
264.0,857.0
265.0,1189.0
265.0,417.0
265.0,1379.0
265.0,1283.0
265.0,1323.0
266.0,22.0
266.0,87.0
266.0,1321.0
266.0,919.0
266.0,782.0
267.0,413.0
267.0,948.0
267.0,1212.0
267.0,75.0
267.0,1435.0
268.0,387.0
268.0,1311.0
268.0,1211.0
268.0,1222.0
268.0,1431.0
269.0,257.0
269.0,455.0
269.0,1415.0
269.0,1140.0
269.0,889.0
270.0,582.0
270.0,1286.0
270.0,882.0
270.0,635.0
270.0,358.0
271.0,1339.0
271.0,667.0
271.0,137.0
271.0,1170.0
271.0,1410.0
272.0,754.0
272.0,570.0
272.0,520.0
272.0,911.0
272.0,352.0
273.0,1343.0
273.0,819.0
273.0,1462.0
273.0,240.0
273.0,466.0
274.0,718.0
274.0,249.0
274.0,1255.0
274.0,673.0
274.0,201.0
275.0,990.0
275.0,960.0
275.0,215.0
275.0,1010.0
275.0,28.0
276.0,1167.0
276.0,489.0
276.0,597.0
276.0,568.0
276.0,825.0
277.0,1348.0
277.0,689.0
277.0,427.0
277.0,565.0
277.0,498.0
278.0,768.0
278.0,368.0
278.0,917.0
278.0,1117.0
278.0,581.0
279.0,447.0
279.0,658.0
279.0,1458.0
279.0,116.0
279.0,275.0
280.0,848.0
280.0,1252.0
280.0,393.0
280.0,277.0
280.0,58.0
281.0,947.0
281.0,1236.0
281.0,1384.0
281.0,1068.0
281.0,1070.0
282.0,1415.0
282.0,1154.0
282.0,1383.0
282.0,112.0
282.0,677.0
283.0,225.0
283.0,813.0
283.0,1318.0
283.0,887.0
283.0,364.0
284.0,1392.0
284.0,89.0
284.0,769.0
284.0,846.0
284.0,560.0
285.0,706.0
285.0,158.0
285.0,941.0
285.0,1133.0
285.0,1338.0
286.0,120.0
286.0,189.0
286.0,1234.0
286.0,197.0
286.0,982.0
287.0,845.0
287.0,1514.0
287.0,763.0
287.0,428.0
287.0,195.0
288.0,1088.0
288.0,1010.0
288.0,619.0
288.0,1188.0
288.0,931.0
289.0,857.0
289.0,885.0
289.0,319.0
289.0,3.0
289.0,789.0
290.0,883.0
290.0,231.0
290.0,968.0
290.0,105.0
290.0,188.0
291.0,1387.0
291.0,880.0
291.0,835.0
291.0,1452.0
291.0,497.0
292.0,970.0
292.0,238.0
292.0,792.0
292.0,831.0
292.0,182.0
293.0,774.0
293.0,6.0
293.0,596.0
293.0,1327.0
293.0,1026.0
294.0,1249.0
294.0,658.0
294.0,28.0
294.0,18.0
294.0,119.0
295.0,506.0
295.0,1122.0
295.0,736.0
295.0,1280.0
295.0,535.0
296.0,1507.0
296.0,366.0
296.0,1036.0
296.0,1068.0
296.0,1208.0
297.0,1143.0
297.0,251.0
297.0,270.0
297.0,225.0
297.0,1100.0
298.0,1161.0
298.0,118.0
298.0,525.0
298.0,1386.0
298.0,1328.0
299.0,1171.0
299.0,1411.0
299.0,412.0
299.0,243.0
299.0,751.0
300.0,212.0
300.0,1131.0
300.0,593.0
300.0,343.0
300.0,1427.0
301.0,75.0
301.0,1148.0
301.0,861.0
301.0,762.0
301.0,235.0
302.0,312.0
302.0,250.0
302.0,1443.0
302.0,436.0
302.0,908.0
303.0,1018.0
303.0,1263.0
303.0,431.0
303.0,1510.0
303.0,1259.0
304.0,733.0
304.0,164.0
304.0,1410.0
304.0,856.0
304.0,137.0
305.0,341.0
305.0,767.0
305.0,1475.0
305.0,1511.0
305.0,59.0
306.0,1390.0
306.0,324.0
306.0,3.0
306.0,644.0
306.0,1.0
307.0,1203.0
307.0,149.0
307.0,1460.0
307.0,1201.0
307.0,955.0
308.0,801.0
308.0,188.0
308.0,940.0
308.0,307.0
308.0,881.0
309.0,479.0
309.0,1189.0
309.0,546.0
309.0,1351.0
309.0,386.0
310.0,640.0
310.0,1230.0
310.0,769.0
310.0,1288.0
310.0,1494.0
311.0,887.0
311.0,68.0
311.0,855.0
311.0,488.0
311.0,924.0
312.0,679.0
312.0,751.0
312.0,743.0
312.0,437.0
312.0,1158.0
313.0,970.0
313.0,600.0
313.0,730.0
313.0,84.0
313.0,238.0
314.0,193.0
314.0,964.0
314.0,889.0
314.0,1315.0
314.0,484.0
315.0,639.0
315.0,492.0
315.0,1424.0
315.0,928.0
315.0,656.0
316.0,482.0
316.0,594.0
316.0,577.0
316.0,738.0
316.0,929.0
317.0,1433.0
317.0,534.0
317.0,1370.0
317.0,177.0
317.0,1070.0
318.0,839.0
318.0,677.0
318.0,1146.0
318.0,822.0
318.0,508.0
319.0,264.0
319.0,1183.0
319.0,324.0
319.0,289.0
319.0,438.0
320.0,1512.0
320.0,954.0
320.0,305.0
320.0,107.0
320.0,916.0
321.0,941.0
321.0,1282.0
321.0,1402.0
321.0,561.0
321.0,79.0
322.0,929.0
322.0,22.0
322.0,1321.0
322.0,1270.0
322.0,1305.0
323.0,1125.0
323.0,542.0
323.0,750.0
323.0,1186.0
323.0,507.0
324.0,1180.0
324.0,1207.0
324.0,1314.0
324.0,1276.0
324.0,534.0
325.0,1389.0
325.0,165.0
325.0,1512.0
325.0,1046.0
325.0,1453.0
326.0,497.0
326.0,705.0
326.0,1452.0
326.0,549.0
326.0,886.0
327.0,398.0
327.0,1475.0
327.0,1228.0
327.0,803.0
327.0,518.0
328.0,915.0
328.0,425.0
328.0,271.0
328.0,74.0
328.0,61.0
329.0,861.0
329.0,965.0
329.0,0.0
329.0,1062.0
329.0,411.0
330.0,641.0
330.0,704.0
330.0,755.0
330.0,1013.0
330.0,1242.0
331.0,422.0
331.0,1214.0
331.0,1467.0
331.0,372.0
331.0,37.0
332.0,1366.0
332.0,287.0
332.0,195.0
332.0,1402.0
332.0,1079.0
333.0,1430.0
333.0,268.0
333.0,624.0
333.0,933.0
333.0,1454.0
334.0,1120.0
334.0,829.0
334.0,435.0
334.0,177.0
334.0,621.0
335.0,659.0
335.0,138.0
335.0,1076.0
335.0,216.0
335.0,569.0
336.0,1075.0
336.0,697.0
336.0,481.0
336.0,1275.0
336.0,1332.0
337.0,674.0
337.0,1366.0
337.0,1279.0
337.0,1302.0
337.0,44.0
338.0,259.0
338.0,976.0
338.0,1235.0
338.0,246.0
338.0,1091.0
339.0,775.0
339.0,351.0
339.0,147.0
339.0,1151.0
339.0,437.0
340.0,224.0
340.0,1104.0
340.0,70.0
340.0,791.0
340.0,684.0
341.0,1197.0
341.0,1503.0
341.0,490.0
341.0,254.0
341.0,86.0
342.0,1322.0
342.0,1069.0
342.0,1154.0
342.0,1421.0
342.0,1450.0
343.0,1400.0
343.0,632.0
343.0,1131.0
343.0,785.0
343.0,1352.0
344.0,1049.0
344.0,259.0
344.0,802.0
344.0,529.0
344.0,847.0
345.0,431.0
345.0,1300.0
345.0,1240.0
345.0,437.0
345.0,125.0
346.0,1275.0
346.0,183.0
346.0,1332.0
346.0,1416.0
346.0,1024.0
347.0,1234.0
347.0,1382.0
347.0,695.0
347.0,1155.0
347.0,229.0
348.0,1073.0
348.0,1467.0
348.0,1301.0
348.0,0.0
348.0,1050.0
349.0,945.0
349.0,1346.0
349.0,637.0
349.0,482.0
349.0,558.0
350.0,1302.0
350.0,755.0
350.0,200.0
350.0,1489.0
350.0,1333.0
351.0,624.0
351.0,938.0
351.0,679.0
351.0,359.0
351.0,1158.0
352.0,945.0
352.0,337.0
352.0,632.0
352.0,1354.0
352.0,1356.0
353.0,1501.0
353.0,344.0
353.0,1421.0
353.0,1096.0
353.0,989.0
354.0,1416.0
354.0,1427.0
354.0,202.0
354.0,1169.0
354.0,1009.0
355.0,969.0
355.0,351.0
355.0,590.0
355.0,975.0
355.0,1239.0
356.0,389.0
356.0,1085.0
356.0,262.0
356.0,409.0
356.0,1368.0
357.0,1306.0
357.0,1271.0
357.0,1453.0
357.0,1194.0
357.0,1371.0
358.0,1486.0
358.0,894.0
358.0,847.0
358.0,581.0
358.0,901.0
359.0,617.0
359.0,1277.0
359.0,874.0
359.0,950.0
359.0,1188.0
360.0,692.0
360.0,600.0
360.0,1156.0
360.0,468.0
360.0,526.0
361.0,806.0
361.0,366.0
361.0,954.0
361.0,779.0
361.0,621.0
362.0,1090.0
362.0,72.0
362.0,222.0
362.0,1123.0
362.0,46.0
363.0,1261.0
363.0,310.0
363.0,146.0
363.0,921.0
363.0,748.0
364.0,144.0
364.0,500.0
364.0,283.0
364.0,762.0
364.0,292.0
365.0,1330.0
365.0,314.0
365.0,40.0
365.0,96.0
365.0,543.0
366.0,1164.0
366.0,592.0
366.0,1124.0
366.0,977.0
366.0,1350.0
367.0,1466.0
367.0,1131.0
367.0,396.0
367.0,336.0
367.0,415.0
368.0,1373.0
368.0,173.0
368.0,1149.0
368.0,208.0
368.0,1485.0
369.0,1196.0
369.0,380.0
369.0,171.0
369.0,1338.0
369.0,1135.0
370.0,1150.0
370.0,984.0
370.0,557.0
370.0,1475.0
370.0,503.0
371.0,903.0
371.0,777.0
371.0,840.0
371.0,682.0
371.0,1493.0
372.0,488.0
372.0,1096.0
372.0,762.0
372.0,1128.0
372.0,516.0
373.0,131.0
373.0,748.0
373.0,872.0
373.0,453.0
373.0,1410.0
374.0,824.0
374.0,1281.0
374.0,258.0
374.0,588.0
374.0,638.0
375.0,1144.0
375.0,1346.0
375.0,158.0
375.0,1399.0
375.0,168.0
376.0,1098.0
376.0,153.0
376.0,1148.0
376.0,340.0
376.0,587.0
377.0,333.0
377.0,385.0
377.0,1309.0
377.0,902.0
377.0,1238.0
378.0,937.0
378.0,632.0
378.0,1102.0
378.0,532.0
378.0,1356.0
379.0,396.0
379.0,708.0
379.0,204.0
379.0,202.0
379.0,903.0
380.0,927.0
380.0,1480.0
380.0,285.0
380.0,168.0
380.0,512.0
381.0,611.0
381.0,421.0
381.0,1236.0
381.0,1090.0
381.0,177.0
382.0,931.0
382.0,303.0
382.0,826.0
382.0,1158.0
382.0,355.0
383.0,227.0
383.0,657.0
383.0,973.0
383.0,672.0
383.0,605.0
384.0,1383.0
384.0,109.0
384.0,340.0
384.0,1453.0
384.0,1146.0
385.0,150.0
385.0,186.0
385.0,954.0
385.0,457.0
385.0,1176.0
386.0,739.0
386.0,944.0
386.0,869.0
386.0,147.0
386.0,495.0
387.0,589.0
387.0,803.0
387.0,199.0
387.0,141.0
387.0,327.0
388.0,653.0
388.0,1045.0
388.0,982.0
388.0,541.0
388.0,1308.0
389.0,515.0
389.0,765.0
389.0,970.0
389.0,122.0
389.0,828.0
390.0,1038.0
390.0,1228.0
390.0,1278.0
390.0,1450.0
390.0,187.0
391.0,1353.0
391.0,829.0
391.0,1237.0
391.0,806.0
391.0,793.0
392.0,569.0
392.0,1439.0
392.0,1388.0
392.0,1308.0
392.0,982.0
393.0,686.0
393.0,756.0
393.0,565.0
393.0,720.0
393.0,153.0
394.0,1024.0
394.0,354.0
394.0,1352.0
394.0,1219.0
394.0,1427.0
395.0,911.0
395.0,574.0
395.0,91.0
395.0,501.0
395.0,1325.0
396.0,1021.0
396.0,1466.0
396.0,1141.0
396.0,708.0
396.0,1116.0
397.0,273.0
397.0,916.0
397.0,700.0
397.0,6.0
397.0,946.0
398.0,414.0
398.0,1139.0
398.0,1477.0
398.0,1436.0
398.0,390.0
399.0,991.0
399.0,95.0
399.0,1004.0
399.0,1242.0
399.0,1290.0
400.0,1188.0
400.0,1355.0
400.0,1292.0
400.0,1052.0
400.0,1291.0
401.0,877.0
401.0,652.0
401.0,469.0
401.0,985.0
401.0,769.0
402.0,1046.0
402.0,611.0
402.0,728.0
402.0,1079.0
402.0,837.0
403.0,149.0
403.0,147.0
403.0,1456.0
403.0,1435.0
403.0,407.0
404.0,1038.0
404.0,140.0
404.0,1293.0
404.0,410.0
404.0,686.0
405.0,701.0
405.0,1261.0
405.0,914.0
405.0,480.0
405.0,854.0
406.0,282.0
406.0,257.0
406.0,1298.0
406.0,1012.0
406.0,186.0
407.0,731.0
407.0,450.0
407.0,1000.0
407.0,1026.0
407.0,1453.0
408.0,498.0
408.0,848.0
408.0,1030.0
408.0,489.0
408.0,1348.0
409.0,783.0
409.0,976.0
409.0,1295.0
409.0,12.0
409.0,338.0
410.0,497.0
410.0,36.0
410.0,631.0
410.0,188.0
410.0,1452.0
411.0,1215.0
411.0,1469.0
411.0,930.0
411.0,1316.0
411.0,253.0
412.0,1077.0
412.0,1282.0
412.0,163.0
412.0,1178.0
412.0,899.0
413.0,841.0
413.0,984.0
413.0,863.0
413.0,240.0
413.0,1148.0
414.0,963.0
414.0,1163.0
414.0,1507.0
414.0,1225.0
414.0,325.0
415.0,1193.0
415.0,1427.0
415.0,1190.0
415.0,1452.0
415.0,725.0
416.0,944.0
416.0,135.0
416.0,1344.0
416.0,1278.0
416.0,611.0
417.0,757.0
417.0,1343.0
417.0,390.0
417.0,466.0
417.0,1064.0
418.0,689.0
418.0,176.0
418.0,519.0
418.0,1326.0
418.0,82.0
419.0,301.0
419.0,1414.0
419.0,683.0
419.0,45.0
419.0,147.0
420.0,88.0
420.0,1190.0
420.0,448.0
420.0,955.0
420.0,1038.0
421.0,91.0
421.0,718.0
421.0,152.0
421.0,245.0
421.0,867.0
422.0,642.0
422.0,1245.0
422.0,1467.0
422.0,1127.0
422.0,1214.0
423.0,1126.0
423.0,252.0
423.0,1353.0
423.0,1157.0
423.0,1150.0
424.0,246.0
424.0,404.0
424.0,136.0
424.0,281.0
424.0,1126.0
425.0,146.0
425.0,405.0
425.0,636.0
425.0,1167.0
425.0,363.0
426.0,1481.0
426.0,102.0
426.0,530.0
426.0,804.0
426.0,154.0
427.0,506.0
427.0,1461.0
427.0,1003.0
427.0,1451.0
427.0,181.0
428.0,603.0
428.0,195.0
428.0,980.0
428.0,155.0
428.0,1402.0
429.0,551.0
429.0,75.0
429.0,434.0
429.0,601.0
429.0,814.0
430.0,1423.0
430.0,1348.0
430.0,493.0
430.0,921.0
430.0,957.0
431.0,303.0
431.0,612.0
431.0,1263.0
431.0,931.0
431.0,48.0
432.0,1076.0
432.0,1132.0
432.0,1439.0
432.0,982.0
432.0,1116.0
433.0,21.0
433.0,713.0
433.0,524.0
433.0,457.0
433.0,879.0
434.0,429.0
434.0,1050.0
434.0,734.0
434.0,1062.0
434.0,63.0
435.0,1433.0
435.0,726.0
435.0,1087.0
435.0,909.0
435.0,1165.0
436.0,1414.0
436.0,487.0
436.0,1259.0
436.0,950.0
436.0,461.0
437.0,333.0
437.0,772.0
437.0,938.0
437.0,1018.0
437.0,590.0
438.0,247.0
438.0,1089.0
438.0,1014.0
438.0,1509.0
438.0,644.0
439.0,1013.0
439.0,1354.0
439.0,1099.0
439.0,369.0
439.0,200.0
440.0,975.0
440.0,743.0
440.0,906.0
440.0,536.0
440.0,464.0
441.0,1272.0
441.0,1178.0
441.0,1217.0
441.0,1459.0
441.0,244.0
442.0,5.0
442.0,430.0
442.0,58.0
442.0,420.0
442.0,1190.0
443.0,164.0
443.0,856.0
443.0,733.0
443.0,78.0
443.0,1464.0
444.0,946.0
444.0,613.0
444.0,1268.0
444.0,1197.0
444.0,648.0
445.0,455.0
445.0,1037.0
445.0,1070.0
445.0,926.0
445.0,1055.0
446.0,86.0
446.0,956.0
446.0,1445.0
446.0,1148.0
446.0,1228.0
447.0,33.0
447.0,1042.0
447.0,617.0
447.0,64.0
447.0,28.0
448.0,1280.0
448.0,535.0
448.0,1122.0
448.0,50.0
448.0,1207.0
449.0,1072.0
449.0,431.0
449.0,1011.0
449.0,797.0
449.0,461.0
450.0,1023.0
450.0,1113.0
450.0,416.0
450.0,472.0
450.0,1137.0
451.0,477.0
451.0,1172.0
451.0,656.0
451.0,578.0
451.0,173.0
452.0,96.0
452.0,435.0
452.0,789.0
452.0,24.0
452.0,353.0
453.0,179.0
453.0,853.0
453.0,872.0
453.0,50.0
453.0,1451.0
454.0,602.0
454.0,756.0
454.0,529.0
454.0,583.0
454.0,96.0
455.0,583.0
455.0,1237.0
455.0,108.0
455.0,160.0
455.0,194.0
456.0,469.0
456.0,1129.0
456.0,585.0
456.0,566.0
456.0,820.0
457.0,895.0
457.0,1256.0
457.0,1146.0
457.0,700.0
457.0,681.0
458.0,1215.0
458.0,75.0
458.0,1098.0
458.0,573.0
458.0,235.0
459.0,835.0
459.0,1366.0
459.0,352.0
459.0,632.0
459.0,936.0
460.0,1230.0
460.0,517.0
460.0,405.0
460.0,652.0
460.0,1412.0
461.0,702.0
461.0,116.0
461.0,127.0
461.0,223.0
461.0,908.0
462.0,163.0
462.0,1411.0
462.0,1459.0
462.0,834.0
462.0,1077.0
463.0,1333.0
463.0,332.0
463.0,316.0
463.0,375.0
463.0,782.0
464.0,1158.0
464.0,184.0
464.0,1192.0
464.0,1195.0
464.0,1060.0
465.0,86.0
465.0,9.0
465.0,27.0
465.0,317.0
465.0,850.0
466.0,165.0
466.0,1015.0
466.0,318.0
466.0,526.0
466.0,8.0
467.0,1143.0
467.0,297.0
467.0,1044.0
467.0,173.0
467.0,607.0
468.0,40.0
468.0,693.0
468.0,454.0
468.0,1264.0
468.0,926.0
469.0,25.0
469.0,853.0
469.0,1129.0
469.0,1334.0
469.0,256.0
470.0,483.0
470.0,1148.0
470.0,860.0
470.0,1248.0
470.0,592.0
471.0,538.0
471.0,276.0
471.0,216.0
471.0,286.0
471.0,120.0
472.0,1164.0
472.0,1347.0
472.0,82.0
472.0,1000.0
472.0,59.0
473.0,965.0
473.0,80.0
473.0,458.0
473.0,364.0
473.0,1316.0
474.0,878.0
474.0,1036.0
474.0,916.0
474.0,445.0
474.0,1379.0
475.0,1432.0
475.0,514.0
475.0,365.0
475.0,117.0
475.0,374.0
476.0,310.0
476.0,480.0
476.0,848.0
476.0,1335.0
476.0,1252.0
477.0,836.0
477.0,1467.0
477.0,315.0
477.0,1479.0
477.0,492.0
478.0,382.0
478.0,1066.0
478.0,299.0
478.0,1217.0
478.0,20.0
479.0,953.0
479.0,497.0
479.0,403.0
479.0,145.0
479.0,1437.0
480.0,1190.0
480.0,1122.0
480.0,448.0
480.0,1280.0
480.0,192.0
481.0,1275.0
481.0,1474.0
481.0,1182.0
481.0,708.0
481.0,777.0
482.0,1065.0
482.0,1399.0
482.0,322.0
482.0,971.0
482.0,722.0
483.0,314.0
483.0,633.0
483.0,613.0
483.0,1268.0
483.0,199.0
484.0,957.0
484.0,1201.0
484.0,499.0
484.0,139.0
484.0,1390.0
485.0,165.0
485.0,324.0
485.0,86.0
485.0,1419.0
485.0,720.0
486.0,955.0
486.0,1126.0
486.0,498.0
486.0,308.0
486.0,1477.0
487.0,1138.0
487.0,434.0
487.0,191.0
487.0,473.0
487.0,734.0
488.0,1471.0
488.0,1082.0
488.0,1479.0
488.0,928.0
488.0,855.0
489.0,1285.0
489.0,1168.0
489.0,1304.0
489.0,1167.0
489.0,276.0
490.0,1208.0
490.0,1478.0
490.0,1274.0
490.0,850.0
490.0,1268.0
491.0,897.0
491.0,151.0
491.0,726.0
491.0,1148.0
491.0,1336.0
492.0,1449.0
492.0,111.0
492.0,582.0
492.0,821.0
492.0,539.0
493.0,308.0
493.0,691.0
493.0,1226.0
493.0,1190.0
493.0,66.0
494.0,188.0
494.0,430.0
494.0,58.0
494.0,1226.0
494.0,627.0
495.0,362.0
495.0,940.0
495.0,744.0
495.0,944.0
495.0,935.0
496.0,1159.0
496.0,1016.0
496.0,428.0
496.0,27.0
496.0,1306.0
497.0,326.0
497.0,133.0
497.0,565.0
497.0,5.0
497.0,664.0
498.0,398.0
498.0,247.0
498.0,1201.0
498.0,565.0
498.0,58.0
499.0,1064.0
499.0,983.0
499.0,549.0
499.0,81.0
499.0,91.0
500.0,1035.0
500.0,356.0
500.0,830.0
500.0,910.0
500.0,492.0
501.0,497.0
501.0,1247.0
501.0,1203.0
501.0,470.0
501.0,520.0
502.0,642.0
502.0,1184.0
502.0,492.0
502.0,855.0
502.0,657.0
503.0,1311.0
503.0,45.0
503.0,1429.0
503.0,397.0
503.0,515.0
504.0,328.0
504.0,998.0
504.0,667.0
504.0,723.0
504.0,915.0
505.0,398.0
505.0,1425.0
505.0,1209.0
505.0,252.0
505.0,1278.0
506.0,181.0
506.0,1230.0
506.0,1280.0
506.0,985.0
506.0,1382.0
507.0,544.0
507.0,494.0
507.0,787.0
507.0,231.0
507.0,913.0
508.0,851.0
508.0,1378.0
508.0,947.0
508.0,466.0
508.0,1375.0
509.0,1026.0
509.0,1386.0
509.0,561.0
509.0,95.0
509.0,668.0
510.0,259.0
510.0,409.0
510.0,1085.0
510.0,406.0
510.0,734.0
511.0,600.0
511.0,553.0
511.0,159.0
511.0,885.0
511.0,40.0
512.0,232.0
512.0,31.0
512.0,1118.0
512.0,167.0
512.0,1133.0
513.0,613.0
513.0,770.0
513.0,1054.0
513.0,109.0
513.0,534.0
514.0,1298.0
514.0,828.0
514.0,112.0
514.0,833.0
514.0,1101.0
515.0,1329.0
515.0,75.0
515.0,948.0
515.0,742.0
515.0,1098.0
516.0,1020.0
516.0,591.0
516.0,502.0
516.0,311.0
516.0,129.0
517.0,1348.0
517.0,313.0
517.0,670.0
517.0,1122.0
517.0,819.0
518.0,780.0
518.0,1195.0
518.0,690.0
518.0,764.0
518.0,1440.0
519.0,238.0
519.0,374.0
519.0,1432.0
519.0,873.0
519.0,498.0
520.0,1435.0
520.0,426.0
520.0,1159.0
520.0,1481.0
520.0,403.0
521.0,17.0
521.0,1463.0
521.0,1363.0
521.0,50.0
521.0,1251.0
522.0,62.0
522.0,898.0
522.0,158.0
522.0,439.0
522.0,244.0
523.0,1423.0
523.0,1177.0
523.0,1124.0
523.0,1453.0
523.0,1191.0
524.0,704.0
524.0,1121.0
524.0,298.0
524.0,716.0
524.0,1360.0
525.0,1372.0
525.0,239.0
525.0,776.0
525.0,333.0
525.0,1420.0
526.0,759.0
526.0,1.0
526.0,374.0
526.0,254.0
526.0,381.0
527.0,957.0
527.0,36.0
527.0,1498.0
527.0,205.0
527.0,851.0
528.0,1344.0
528.0,587.0
528.0,802.0
528.0,38.0
528.0,246.0
529.0,258.0
529.0,813.0
529.0,134.0
529.0,551.0
529.0,965.0
530.0,927.0
530.0,520.0
530.0,608.0
530.0,532.0
530.0,496.0
531.0,1262.0
531.0,172.0
531.0,495.0
531.0,737.0
531.0,88.0
532.0,27.0
532.0,1366.0
532.0,459.0
532.0,154.0
532.0,1106.0
533.0,101.0
533.0,3.0
533.0,560.0
533.0,805.0
533.0,1299.0
534.0,236.0
534.0,365.0
534.0,1225.0
534.0,1507.0
534.0,24.0
535.0,453.0
535.0,1207.0
535.0,25.0
535.0,295.0
535.0,50.0
536.0,545.0
536.0,892.0
536.0,1311.0
536.0,884.0
536.0,339.0
537.0,413.0
537.0,133.0
537.0,273.0
537.0,1503.0
537.0,1030.0
538.0,1030.0
538.0,286.0
538.0,1515.0
538.0,1155.0
538.0,1464.0
539.0,821.0
539.0,166.0
539.0,148.0
539.0,1471.0
539.0,68.0
540.0,802.0
540.0,296.0
540.0,1120.0
540.0,503.0
540.0,56.0
541.0,178.0
541.0,659.0
541.0,388.0
541.0,392.0
541.0,1496.0
542.0,563.0
542.0,323.0
542.0,1303.0
542.0,1186.0
542.0,1234.0
543.0,465.0
543.0,234.0
543.0,1227.0
543.0,841.0
543.0,217.0
544.0,801.0
544.0,886.0
544.0,343.0
544.0,105.0
544.0,290.0
545.0,764.0
545.0,125.0
545.0,710.0
545.0,1316.0
545.0,100.0
546.0,544.0
546.0,415.0
546.0,860.0
546.0,697.0
546.0,1422.0
547.0,1426.0
547.0,1430.0
547.0,1345.0
547.0,1224.0
547.0,898.0
548.0,353.0
548.0,1012.0
548.0,1087.0
548.0,909.0
548.0,770.0
549.0,886.0
549.0,88.0
549.0,1297.0
549.0,91.0
549.0,149.0
550.0,97.0
550.0,1137.0
550.0,665.0
550.0,402.0
550.0,822.0
551.0,108.0
551.0,783.0
551.0,671.0
551.0,529.0
551.0,762.0
552.0,54.0
552.0,950.0
552.0,1431.0
552.0,1277.0
552.0,694.0
553.0,805.0
553.0,771.0
553.0,455.0
553.0,39.0
553.0,920.0
554.0,1375.0
554.0,613.0
554.0,99.0
554.0,374.0
554.0,186.0
555.0,462.0
555.0,1250.0
555.0,62.0
555.0,1418.0
555.0,1178.0
556.0,642.0
556.0,372.0
556.0,1020.0
556.0,1091.0
556.0,1172.0
557.0,123.0
557.0,240.0
557.0,142.0
557.0,1433.0
557.0,1377.0
558.0,1399.0
558.0,1341.0
558.0,1480.0
558.0,594.0
558.0,47.0
559.0,1436.0
559.0,4.0
559.0,9.0
559.0,1438.0
559.0,1371.0
560.0,712.0
560.0,1094.0
560.0,1003.0
560.0,306.0
560.0,689.0
561.0,934.0
561.0,1345.0
561.0,1242.0
561.0,118.0
561.0,228.0
562.0,863.0
562.0,175.0
562.0,1000.0
562.0,1023.0
562.0,14.0
563.0,1122.0
563.0,1234.0
563.0,393.0
563.0,128.0
563.0,1064.0
564.0,1303.0
564.0,1045.0
564.0,52.0
564.0,1186.0
564.0,138.0
565.0,1252.0
565.0,1490.0
565.0,483.0
565.0,1478.0
565.0,36.0
566.0,997.0
566.0,1129.0
566.0,622.0
566.0,57.0
566.0,917.0
567.0,1161.0
567.0,239.0
567.0,624.0
567.0,1420.0
567.0,518.0
568.0,1494.0
568.0,120.0
568.0,695.0
568.0,69.0
568.0,1193.0
569.0,1116.0
569.0,392.0
569.0,1439.0
569.0,541.0
569.0,178.0
570.0,1262.0
570.0,721.0
570.0,1181.0
570.0,1397.0
570.0,421.0
571.0,857.0
571.0,438.0
571.0,712.0
571.0,468.0
571.0,96.0
572.0,740.0
572.0,1507.0
572.0,1327.0
572.0,613.0
572.0,519.0
573.0,1431.0
573.0,1429.0
573.0,1364.0
573.0,950.0
573.0,1158.0
574.0,754.0
574.0,1397.0
574.0,83.0
574.0,549.0
574.0,272.0
575.0,820.0
575.0,796.0
575.0,580.0
575.0,792.0
575.0,675.0
576.0,834.0
576.0,244.0
576.0,612.0
576.0,1418.0
576.0,547.0
577.0,1302.0
577.0,322.0
577.0,971.0
577.0,980.0
577.0,1514.0
578.0,65.0
578.0,477.0
578.0,492.0
578.0,790.0
578.0,656.0
579.0,474.0
579.0,153.0
579.0,341.0
579.0,686.0
579.0,1202.0
580.0,857.0
580.0,553.0
580.0,25.0
580.0,885.0
580.0,374.0
581.0,1002.0
581.0,1485.0
581.0,1149.0
581.0,1008.0
581.0,182.0
582.0,635.0
582.0,251.0
582.0,1117.0
582.0,1318.0
582.0,225.0
583.0,523.0
583.0,543.0
583.0,613.0
583.0,870.0
583.0,418.0
584.0,587.0
584.0,267.0
584.0,1029.0
584.0,385.0
584.0,77.0
585.0,1223.0
585.0,735.0
585.0,1221.0
585.0,456.0
585.0,1392.0
586.0,191.0
586.0,965.0
586.0,129.0
586.0,338.0
586.0,802.0
587.0,1403.0
587.0,713.0
587.0,884.0
587.0,419.0
587.0,948.0
588.0,221.0
588.0,490.0
588.0,8.0
588.0,1397.0
588.0,1197.0
589.0,1386.0
589.0,696.0
589.0,1322.0
589.0,692.0
589.0,1236.0
590.0,1372.0
590.0,775.0
590.0,1077.0
590.0,355.0
590.0,772.0
591.0,127.0
591.0,678.0
591.0,250.0
591.0,473.0
591.0,959.0
592.0,799.0
592.0,9.0
592.0,700.0
592.0,806.0
592.0,873.0
593.0,218.0
593.0,346.0
593.0,1007.0
593.0,1131.0
593.0,379.0
594.0,195.0
594.0,738.0
594.0,1043.0
594.0,1294.0
594.0,316.0
595.0,1281.0
595.0,1322.0
595.0,1068.0
595.0,249.0
595.0,505.0
596.0,470.0
596.0,1209.0
596.0,1309.0
596.0,407.0
596.0,474.0
597.0,128.0
597.0,563.0
597.0,1234.0
597.0,1266.0
597.0,848.0
598.0,1108.0
598.0,21.0
598.0,1284.0
598.0,81.0
598.0,760.0
599.0,1079.0
599.0,911.0
599.0,871.0
599.0,837.0
599.0,527.0
600.0,438.0
600.0,1014.0
600.0,634.0
600.0,571.0
600.0,939.0
601.0,233.0
601.0,387.0
601.0,38.0
601.0,979.0
601.0,552.0
602.0,870.0
602.0,474.0
602.0,361.0
602.0,55.0
602.0,873.0
603.0,27.0
603.0,721.0
603.0,1032.0
603.0,307.0
603.0,530.0
604.0,561.0
604.0,1242.0
604.0,1342.0
604.0,558.0
604.0,1489.0
605.0,1073.0
605.0,680.0
605.0,973.0
605.0,383.0
605.0,65.0
606.0,332.0
606.0,715.0
606.0,1296.0
606.0,1393.0
606.0,175.0
607.0,729.0
607.0,282.0
607.0,353.0
607.0,1055.0
607.0,257.0
608.0,1437.0
608.0,570.0
608.0,603.0
608.0,1006.0
608.0,1482.0
609.0,1293.0
609.0,347.0
609.0,1218.0
609.0,1201.0
609.0,652.0
610.0,870.0
610.0,800.0
610.0,615.0
610.0,474.0
610.0,293.0
611.0,983.0
611.0,1041.0
611.0,249.0
611.0,794.0
611.0,809.0
612.0,169.0
612.0,303.0
612.0,174.0
612.0,1232.0
612.0,382.0
613.0,1037.0
613.0,398.0
613.0,588.0
613.0,909.0
613.0,317.0
614.0,419.0
614.0,1019.0
614.0,1244.0
614.0,589.0
614.0,267.0
615.0,870.0
615.0,867.0
615.0,82.0
615.0,483.0
615.0,252.0
616.0,398.0
616.0,36.0
616.0,1093.0
616.0,1387.0
616.0,192.0
617.0,1413.0
617.0,372.0
617.0,781.0
617.0,1385.0
617.0,122.0
618.0,373.0
618.0,42.0
618.0,1288.0
618.0,735.0
618.0,747.0
619.0,1291.0
619.0,447.0
619.0,1188.0
619.0,1052.0
619.0,400.0
620.0,1155.0
620.0,985.0
620.0,1412.0
620.0,880.0
620.0,640.0
621.0,1197.0
621.0,109.0
621.0,849.0
621.0,1202.0
621.0,423.0
622.0,566.0
622.0,585.0
622.0,917.0
622.0,1223.0
622.0,1117.0
623.0,109.0
623.0,222.0
623.0,1041.0
623.0,793.0
623.0,794.0
624.0,1502.0
624.0,30.0
624.0,743.0
624.0,879.0
624.0,975.0
625.0,1284.0
625.0,56.0
625.0,995.0
625.0,641.0
625.0,1408.0
626.0,1104.0
626.0,550.0
626.0,937.0
626.0,421.0
626.0,1365.0
627.0,404.0
627.0,1000.0
627.0,788.0
627.0,445.0
627.0,398.0
628.0,1511.0
628.0,1019.0
628.0,135.0
628.0,827.0
628.0,77.0
629.0,1050.0
629.0,1385.0
629.0,900.0
629.0,0.0
629.0,487.0
630.0,1512.0
630.0,236.0
630.0,1462.0
630.0,1.0
630.0,1343.0
631.0,291.0
631.0,1102.0
631.0,727.0
631.0,886.0
631.0,913.0
632.0,1114.0
632.0,1102.0
632.0,1247.0
632.0,606.0
632.0,858.0
633.0,318.0
633.0,1336.0
633.0,1028.0
633.0,206.0
633.0,361.0
634.0,435.0
634.0,1421.0
634.0,831.0
634.0,909.0
634.0,1298.0
635.0,1317.0
635.0,581.0
635.0,270.0
635.0,1470.0
635.0,170.0
636.0,448.0
636.0,985.0
636.0,1280.0
636.0,506.0
636.0,295.0
637.0,232.0
637.0,167.0
637.0,349.0
637.0,53.0
637.0,168.0
638.0,452.0
638.0,444.0
638.0,40.0
638.0,1048.0
638.0,805.0
639.0,924.0
639.0,1172.0
639.0,1471.0
639.0,1091.0
639.0,1264.0
640.0,67.0
640.0,1155.0
640.0,1119.0
640.0,310.0
640.0,1382.0
641.0,155.0
641.0,1284.0
641.0,496.0
641.0,983.0
641.0,716.0
642.0,813.0
642.0,502.0
642.0,1136.0
642.0,1101.0
642.0,928.0
643.0,1012.0
643.0,338.0
643.0,1465.0
643.0,487.0
643.0,196.0
644.0,949.0
644.0,1432.0
644.0,1055.0
644.0,560.0
644.0,1014.0
645.0,1060.0
645.0,864.0
645.0,245.0
645.0,1192.0
645.0,1238.0
646.0,356.0
646.0,311.0
646.0,1267.0
646.0,450.0
646.0,262.0
647.0,962.0
647.0,1314.0
647.0,711.0
647.0,418.0
647.0,1326.0
648.0,1023.0
648.0,1262.0
648.0,185.0
648.0,1092.0
648.0,490.0
649.0,1099.0
649.0,350.0
649.0,512.0
649.0,637.0
649.0,380.0
650.0,1230.0
650.0,1288.0
650.0,1233.0
650.0,1339.0
650.0,823.0
651.0,1187.0
651.0,645.0
651.0,223.0
651.0,1456.0
651.0,239.0
652.0,723.0
652.0,295.0
652.0,1230.0
652.0,1280.0
652.0,985.0
653.0,103.0
653.0,640.0
653.0,542.0
653.0,207.0
653.0,1361.0
654.0,1394.0
654.0,432.0
654.0,1466.0
654.0,1071.0
654.0,1116.0
655.0,1221.0
655.0,1359.0
655.0,1299.0
655.0,1334.0
655.0,17.0
656.0,65.0
656.0,821.0
656.0,473.0
656.0,0.0
656.0,227.0
657.0,836.0
657.0,1020.0
657.0,1467.0
657.0,973.0
657.0,678.0
658.0,1291.0
658.0,294.0
658.0,619.0
658.0,215.0
658.0,1107.0
659.0,982.0
659.0,569.0
659.0,432.0
659.0,541.0
659.0,1045.0
660.0,308.0
660.0,479.0
660.0,741.0
660.0,1031.0
660.0,749.0
661.0,1058.0
661.0,371.0
661.0,778.0
661.0,300.0
661.0,777.0
662.0,721.0
662.0,1503.0
662.0,245.0
662.0,611.0
662.0,152.0
663.0,106.0
663.0,187.0
663.0,1457.0
663.0,609.0
663.0,1375.0
664.0,774.0
664.0,1378.0
664.0,446.0
664.0,570.0
664.0,1201.0
665.0,260.0
665.0,188.0
665.0,839.0
665.0,237.0
665.0,1293.0
666.0,1284.0
666.0,496.0
666.0,1056.0
666.0,155.0
666.0,1006.0
667.0,1339.0
667.0,748.0
667.0,74.0
667.0,271.0
667.0,853.0
668.0,1060.0
668.0,1067.0
668.0,1345.0
668.0,995.0
668.0,719.0
669.0,393.0
669.0,1153.0
669.0,739.0
669.0,774.0
669.0,788.0
670.0,636.0
670.0,179.0
670.0,11.0
670.0,1335.0
670.0,131.0
671.0,112.0
671.0,1012.0
671.0,529.0
671.0,196.0
671.0,248.0
672.0,1073.0
672.0,227.0
672.0,1214.0
672.0,680.0
672.0,605.0
673.0,81.0
673.0,842.0
673.0,866.0
673.0,1358.0
673.0,1000.0
674.0,27.0
674.0,1393.0
674.0,804.0
674.0,154.0
674.0,1114.0
675.0,703.0
675.0,1382.0
675.0,101.0
675.0,1363.0
675.0,993.0
676.0,243.0
676.0,590.0
676.0,906.0
676.0,1253.0
676.0,1240.0
677.0,136.0
677.0,1512.0
677.0,1092.0
677.0,930.0
677.0,1281.0
678.0,329.0
678.0,0.0
678.0,132.0
678.0,928.0
678.0,1051.0
679.0,938.0
679.0,169.0
679.0,688.0
679.0,931.0
679.0,1250.0
680.0,672.0
680.0,657.0
680.0,973.0
680.0,516.0
680.0,64.0
681.0,1311.0
681.0,13.0
681.0,147.0
681.0,1006.0
681.0,1344.0
682.0,1007.0
682.0,777.0
682.0,371.0
682.0,1027.0
682.0,1352.0
683.0,884.0
683.0,80.0
683.0,1431.0
683.0,1456.0
683.0,838.0
684.0,958.0
684.0,217.0
684.0,1453.0
684.0,199.0
684.0,1404.0
685.0,79.0
685.0,60.0
685.0,576.0
685.0,706.0
685.0,62.0
686.0,1093.0
686.0,260.0
686.0,1104.0
686.0,825.0
686.0,1278.0
687.0,172.0
687.0,1441.0
687.0,897.0
687.0,1314.0
687.0,82.0
688.0,7.0
688.0,966.0
688.0,169.0
688.0,679.0
688.0,1232.0
689.0,176.0
689.0,505.0
689.0,977.0
689.0,360.0
689.0,572.0
690.0,934.0
690.0,1032.0
690.0,1016.0
690.0,200.0
690.0,155.0
691.0,489.0
691.0,563.0
691.0,597.0
691.0,263.0
691.0,1226.0
692.0,199.0
692.0,1283.0
692.0,946.0
692.0,252.0
692.0,916.0
693.0,1421.0
693.0,1081.0
693.0,529.0
693.0,758.0
693.0,344.0
694.0,54.0
694.0,1176.0
694.0,906.0
694.0,1097.0
694.0,33.0
695.0,568.0
695.0,1155.0
695.0,1477.0
695.0,1190.0
695.0,1307.0
696.0,1206.0
696.0,806.0
696.0,916.0
696.0,791.0
696.0,1475.0
697.0,1434.0
697.0,1427.0
697.0,1009.0
697.0,1169.0
697.0,1472.0
698.0,29.0
698.0,961.0
698.0,274.0
698.0,1371.0
698.0,1115.0
699.0,848.0
699.0,427.0
699.0,448.0
699.0,1213.0
699.0,974.0
700.0,151.0
700.0,56.0
700.0,14.0
700.0,1059.0
700.0,240.0
701.0,164.0
701.0,471.0
701.0,363.0
701.0,1410.0
701.0,733.0
702.0,601.0
702.0,127.0
702.0,874.0
702.0,7.0
702.0,1259.0
703.0,796.0
703.0,453.0
703.0,735.0
703.0,667.0
703.0,521.0
704.0,1258.0
704.0,200.0
704.0,1047.0
704.0,1242.0
704.0,1013.0
705.0,531.0
705.0,791.0
705.0,1137.0
705.0,1038.0
705.0,291.0
706.0,350.0
706.0,200.0
706.0,1067.0
706.0,85.0
706.0,690.0
707.0,810.0
707.0,1216.0
707.0,19.0
707.0,778.0
707.0,682.0
708.0,218.0
708.0,810.0
708.0,394.0
708.0,1024.0
708.0,746.0
709.0,358.0
709.0,1012.0
709.0,847.0
709.0,1317.0
709.0,811.0
710.0,301.0
710.0,601.0
710.0,1176.0
710.0,235.0
710.0,807.0
711.0,159.0
711.0,181.0
711.0,583.0
711.0,1037.0
711.0,644.0
712.0,40.0
712.0,1280.0
712.0,3.0
712.0,438.0
712.0,96.0
713.0,1152.0
713.0,681.0
713.0,614.0
713.0,75.0
713.0,710.0
714.0,1212.0
714.0,1498.0
714.0,1255.0
714.0,626.0
714.0,794.0
715.0,594.0
715.0,835.0
715.0,606.0
715.0,845.0
715.0,1290.0
716.0,1345.0
716.0,1342.0
716.0,713.0
716.0,991.0
716.0,79.0
717.0,899.0
717.0,1459.0
717.0,60.0
717.0,1217.0
717.0,351.0
718.0,70.0
718.0,27.0
718.0,1441.0
718.0,818.0
718.0,1367.0
719.0,190.0
719.0,1257.0
719.0,1282.0
719.0,49.0
719.0,1328.0
720.0,999.0
720.0,277.0
720.0,944.0
720.0,109.0
720.0,745.0
721.0,1296.0
721.0,918.0
721.0,1358.0
721.0,633.0
721.0,1029.0
722.0,1106.0
722.0,594.0
722.0,87.0
722.0,232.0
722.0,1065.0
723.0,1428.0
723.0,735.0
723.0,1230.0
723.0,453.0
723.0,877.0
724.0,134.0
724.0,586.0
724.0,540.0
724.0,1176.0
724.0,409.0
725.0,1131.0
725.0,178.0
725.0,659.0
725.0,105.0
725.0,750.0
726.0,1228.0
726.0,1098.0
726.0,320.0
726.0,194.0
726.0,246.0
727.0,1246.0
727.0,1079.0
727.0,1490.0
727.0,97.0
727.0,130.0
728.0,1276.0
728.0,1419.0
728.0,1227.0
728.0,633.0
728.0,1202.0
729.0,1064.0
729.0,1444.0
729.0,136.0
729.0,584.0
729.0,958.0
730.0,242.0
730.0,997.0
730.0,182.0
730.0,1359.0
730.0,1476.0
731.0,6.0
731.0,341.0
731.0,888.0
731.0,918.0
731.0,1389.0
732.0,1503.0
732.0,24.0
732.0,1092.0
732.0,878.0
732.0,863.0
733.0,701.0
733.0,1261.0
733.0,1464.0
733.0,856.0
733.0,137.0
734.0,965.0
734.0,191.0
734.0,214.0
734.0,68.0
734.0,409.0
735.0,703.0
735.0,747.0
735.0,1183.0
735.0,17.0
735.0,998.0
736.0,1457.0
736.0,1390.0
736.0,306.0
736.0,106.0
736.0,1000.0
737.0,870.0
737.0,860.0
737.0,1276.0
737.0,1503.0
737.0,1375.0
738.0,763.0
738.0,674.0
738.0,606.0
738.0,594.0
738.0,1480.0
739.0,423.0
739.0,1046.0
739.0,265.0
739.0,1331.0
739.0,745.0
740.0,1347.0
740.0,870.0
740.0,1397.0
740.0,759.0
740.0,325.0
741.0,1021.0
741.0,631.0
741.0,1455.0
741.0,396.0
741.0,968.0
742.0,339.0
742.0,710.0
742.0,862.0
742.0,268.0
742.0,1017.0
743.0,645.0
743.0,1282.0
743.0,668.0
743.0,339.0
743.0,1192.0
744.0,732.0
744.0,172.0
744.0,1055.0
744.0,963.0
744.0,1150.0
745.0,1419.0
745.0,416.0
745.0,491.0
745.0,1425.0
745.0,8.0
746.0,204.0
746.0,810.0
746.0,1308.0
746.0,1071.0
746.0,379.0
747.0,1463.0
747.0,575.0
747.0,517.0
747.0,618.0
747.0,1299.0
748.0,1410.0
748.0,986.0
748.0,993.0
748.0,1261.0
748.0,1204.0
749.0,982.0
749.0,1460.0
749.0,994.0
749.0,1175.0
749.0,52.0
750.0,546.0
750.0,881.0
750.0,308.0
750.0,114.0
750.0,1102.0
751.0,1411.0
751.0,382.0
751.0,1272.0
751.0,1105.0
751.0,1282.0
752.0,471.0
752.0,216.0
752.0,620.0
752.0,1515.0
752.0,43.0
753.0,16.0
753.0,803.0
753.0,274.0
753.0,1357.0
753.0,895.0
754.0,1442.0
754.0,1108.0
754.0,674.0
754.0,1294.0
754.0,1446.0
755.0,1133.0
755.0,1492.0
755.0,285.0
755.0,369.0
755.0,1354.0
756.0,572.0
756.0,1428.0
756.0,179.0
756.0,962.0
756.0,117.0
757.0,977.0
757.0,1484.0
757.0,732.0
757.0,165.0
757.0,1256.0
758.0,112.0
758.0,729.0
758.0,282.0
758.0,827.0
758.0,724.0
759.0,1154.0
759.0,1054.0
759.0,1433.0
759.0,977.0
759.0,1331.0
760.0,327.0
760.0,549.0
760.0,662.0
760.0,1203.0
760.0,395.0
761.0,482.0
761.0,375.0
761.0,722.0
761.0,1354.0
761.0,868.0
762.0,356.0
762.0,671.0
762.0,1220.0
762.0,887.0
762.0,12.0
763.0,558.0
763.0,195.0
763.0,1489.0
763.0,868.0
763.0,1043.0
764.0,1238.0
764.0,433.0
764.0,184.0
764.0,140.0
764.0,13.0
765.0,305.0
765.0,252.0
765.0,809.0
765.0,562.0
765.0,1057.0
766.0,71.0
766.0,283.0
766.0,1172.0
766.0,492.0
766.0,539.0
767.0,1473.0
767.0,35.0
767.0,744.0
767.0,615.0
767.0,73.0
768.0,2.0
768.0,1117.0
768.0,1111.0
768.0,917.0
768.0,1210.0
769.0,1269.0
769.0,159.0
769.0,476.0
769.0,1122.0
769.0,489.0
770.0,99.0
770.0,554.0
770.0,1323.0
770.0,638.0
770.0,186.0
771.0,1334.0
771.0,730.0
771.0,655.0
771.0,319.0
771.0,1476.0
772.0,590.0
772.0,243.0
772.0,892.0
772.0,899.0
772.0,775.0
773.0,146.0
773.0,733.0
773.0,568.0
773.0,506.0
773.0,1412.0
774.0,562.0
774.0,1054.0
774.0,10.0
774.0,9.0
774.0,1248.0
775.0,1192.0
775.0,1282.0
775.0,651.0
775.0,1171.0
775.0,624.0
776.0,1282.0
776.0,1430.0
776.0,1161.0
776.0,1195.0
776.0,1349.0
777.0,661.0
777.0,1007.0
777.0,682.0
777.0,1493.0
777.0,180.0
778.0,682.0
778.0,1480.0
778.0,41.0
778.0,980.0
778.0,661.0
779.0,1036.0
779.0,249.0
779.0,193.0
779.0,526.0
779.0,199.0
780.0,641.0
780.0,1056.0
780.0,357.0
780.0,625.0
780.0,1284.0
781.0,1355.0
781.0,1291.0
781.0,275.0
781.0,1136.0
781.0,1188.0
782.0,1134.0
782.0,1287.0
782.0,1362.0
782.0,951.0
782.0,981.0
783.0,1433.0
783.0,634.0
783.0,671.0
783.0,548.0
783.0,338.0
784.0,1465.0
784.0,759.0
784.0,1377.0
784.0,1415.0
784.0,75.0
785.0,1027.0
785.0,544.0
785.0,343.0
785.0,1182.0
785.0,1216.0
786.0,1504.0
786.0,582.0
786.0,1486.0
786.0,709.0
786.0,364.0
787.0,212.0
787.0,41.0
787.0,1472.0
787.0,336.0
787.0,674.0
788.0,519.0
788.0,55.0
788.0,737.0
788.0,24.0
788.0,863.0
789.0,353.0
789.0,1156.0
789.0,600.0
789.0,910.0
789.0,976.0
790.0,451.0
790.0,477.0
790.0,656.0
790.0,65.0
790.0,578.0
791.0,9.0
791.0,1209.0
791.0,413.0
791.0,366.0
791.0,1353.0
792.0,25.0
792.0,1509.0
792.0,292.0
792.0,283.0
792.0,1251.0
793.0,1405.0
793.0,1137.0
793.0,149.0
793.0,86.0
793.0,384.0
794.0,73.0
794.0,791.0
794.0,474.0
794.0,767.0
794.0,800.0
795.0,150.0
795.0,191.0
795.0,827.0
795.0,1415.0
795.0,262.0
796.0,256.0
796.0,161.0
796.0,1334.0
796.0,1463.0
796.0,242.0
797.0,1088.0
797.0,215.0
797.0,1010.0
797.0,288.0
797.0,18.0
798.0,823.0
798.0,271.0
798.0,1410.0
798.0,748.0
798.0,373.0
799.0,14.0
799.0,1211.0
799.0,850.0
799.0,802.0
799.0,1231.0
800.0,870.0
800.0,361.0
800.0,93.0
800.0,819.0
800.0,222.0
801.0,309.0
801.0,1325.0
801.0,83.0
801.0,741.0
801.0,290.0
802.0,1312.0
802.0,765.0
802.0,1384.0
802.0,557.0
802.0,1415.0
803.0,1098.0
803.0,139.0
803.0,1148.0
803.0,376.0
803.0,107.0
804.0,1367.0
804.0,91.0
804.0,115.0
804.0,625.0
804.0,21.0
805.0,313.0
805.0,857.0
805.0,792.0
805.0,970.0
805.0,1014.0
806.0,6.0
806.0,9.0
806.0,1256.0
806.0,615.0
806.0,878.0
807.0,268.0
807.0,124.0
807.0,827.0
807.0,411.0
807.0,1292.0
808.0,570.0
808.0,398.0
808.0,784.0
808.0,199.0
808.0,767.0
809.0,1358.0
809.0,1255.0
809.0,403.0
809.0,1336.0
809.0,537.0
810.0,1169.0
810.0,204.0
810.0,593.0
810.0,1102.0
810.0,1472.0
811.0,1497.0
811.0,553.0
811.0,1417.0
811.0,1448.0
811.0,1424.0
812.0,715.0
812.0,1393.0
812.0,102.0
812.0,1480.0
812.0,845.0
813.0,762.0
813.0,12.0
813.0,529.0
813.0,634.0
813.0,338.0
814.0,930.0
814.0,540.0
814.0,1301.0
814.0,63.0
814.0,965.0
815.0,1401.0
815.0,909.0
815.0,1377.0
815.0,1154.0
815.0,1415.0
816.0,274.0
816.0,1164.0
816.0,1265.0
816.0,1508.0
816.0,1336.0
817.0,1056.0
817.0,567.0
817.0,1189.0
817.0,1442.0
817.0,321.0
818.0,21.0
818.0,79.0
818.0,1372.0
818.0,625.0
818.0,961.0
819.0,252.0
819.0,499.0
819.0,136.0
819.0,1037.0
819.0,240.0
820.0,1392.0
820.0,876.0
820.0,580.0
820.0,1334.0
820.0,796.0
821.0,110.0
821.0,1245.0
821.0,556.0
821.0,1051.0
821.0,315.0
822.0,390.0
822.0,1148.0
822.0,1260.0
822.0,1478.0
822.0,839.0
823.0,993.0
823.0,735.0
823.0,74.0
823.0,872.0
823.0,650.0
824.0,943.0
824.0,295.0
824.0,480.0
824.0,736.0
824.0,1001.0
825.0,1262.0
825.0,72.0
825.0,1446.0
825.0,1206.0
825.0,714.0
826.0,1018.0
826.0,1066.0
826.0,1011.0
826.0,1263.0
826.0,612.0
827.0,411.0
827.0,802.0
827.0,528.0
827.0,795.0
827.0,1215.0
828.0,342.0
828.0,1235.0
828.0,890.0
828.0,409.0
828.0,1087.0
829.0,671.0
829.0,1329.0
829.0,185.0
829.0,1433.0
829.0,893.0
830.0,92.0
830.0,356.0
830.0,311.0
830.0,551.0
830.0,283.0
831.0,1149.0
831.0,1448.0
831.0,1243.0
831.0,1476.0
831.0,182.0
832.0,1078.0
832.0,891.0
832.0,316.0
832.0,1294.0
832.0,919.0
833.0,15.0
833.0,342.0
833.0,1312.0
833.0,1513.0
833.0,257.0
834.0,184.0
834.0,412.0
834.0,462.0
834.0,1253.0
834.0,30.0
835.0,1175.0
835.0,47.0
835.0,1084.0
835.0,1114.0
835.0,1108.0
836.0,492.0
836.0,111.0
836.0,451.0
836.0,582.0
836.0,1479.0
837.0,1478.0
837.0,104.0
837.0,1268.0
837.0,1444.0
837.0,374.0
838.0,77.0
838.0,80.0
838.0,235.0
838.0,1357.0
838.0,1239.0
839.0,1315.0
839.0,234.0
839.0,589.0
839.0,1453.0
839.0,340.0
840.0,919.0
840.0,661.0
840.0,777.0
840.0,1493.0
840.0,778.0
841.0,816.0
841.0,1126.0
841.0,1185.0
841.0,800.0
841.0,849.0
842.0,72.0
842.0,1268.0
842.0,390.0
842.0,1405.0
842.0,1293.0
843.0,1043.0
843.0,558.0
843.0,1341.0
843.0,594.0
843.0,287.0
844.0,110.0
844.0,1020.0
844.0,37.0
844.0,162.0
844.0,23.0
845.0,936.0
845.0,428.0
845.0,763.0
845.0,287.0
845.0,352.0
846.0,652.0
846.0,1155.0
846.0,50.0
846.0,401.0
846.0,189.0
847.0,831.0
847.0,1448.0
847.0,1318.0
847.0,1267.0
847.0,1497.0
848.0,597.0
848.0,442.0
848.0,51.0
848.0,1451.0
848.0,1457.0
849.0,788.0
849.0,273.0
849.0,1248.0
849.0,822.0
849.0,1384.0
850.0,1350.0
850.0,895.0
850.0,1473.0
850.0,996.0
850.0,1212.0
851.0,55.0
851.0,361.0
851.0,1262.0
851.0,774.0
851.0,1191.0
852.0,1210.0
852.0,203.0
852.0,876.0
852.0,667.0
852.0,17.0
853.0,1359.0
853.0,1476.0
853.0,872.0
853.0,40.0
853.0,655.0
854.0,443.0
854.0,1204.0
854.0,164.0
854.0,1410.0
854.0,733.0
855.0,488.0
855.0,162.0
855.0,372.0
855.0,1074.0
855.0,1136.0
856.0,1515.0
856.0,405.0
856.0,1304.0
856.0,43.0
856.0,701.0
857.0,1476.0
857.0,454.0
857.0,1330.0
857.0,885.0
857.0,1221.0
858.0,1046.0
858.0,1265.0
858.0,803.0
858.0,384.0
858.0,875.0
859.0,1313.0
859.0,1052.0
859.0,1188.0
859.0,1074.0
859.0,1050.0
860.0,1445.0
860.0,483.0
860.0,721.0
860.0,1038.0
860.0,1490.0
861.0,1152.0
861.0,930.0
861.0,1012.0
861.0,827.0
861.0,282.0
862.0,1431.0
862.0,457.0
862.0,38.0
862.0,411.0
862.0,1277.0
863.0,341.0
863.0,446.0
863.0,1231.0
863.0,860.0
863.0,732.0
864.0,1426.0
864.0,235.0
864.0,1349.0
864.0,524.0
864.0,838.0
865.0,121.0
865.0,1267.0
865.0,1318.0
865.0,383.0
865.0,1044.0
866.0,673.0
866.0,1090.0
866.0,598.0
866.0,912.0
866.0,1508.0
867.0,684.0
867.0,947.0
867.0,1255.0
867.0,466.0
867.0,390.0
868.0,53.0
868.0,349.0
868.0,200.0
868.0,1144.0
868.0,1016.0
869.0,55.0
869.0,1378.0
869.0,572.0
869.0,1343.0
869.0,82.0
870.0,1484.0
870.0,1453.0
870.0,1070.0
870.0,967.0
870.0,728.0
871.0,470.0
871.0,870.0
871.0,1390.0
871.0,281.0
871.0,423.0
872.0,1155.0
872.0,985.0
872.0,670.0
872.0,1230.0
872.0,723.0
873.0,1148.0
873.0,1450.0
873.0,217.0
873.0,1057.0
873.0,615.0
874.0,1310.0
874.0,797.0
874.0,966.0
874.0,116.0
874.0,676.0
875.0,10.0
875.0,201.0
875.0,1206.0
875.0,1194.0
875.0,871.0
876.0,242.0
876.0,831.0
876.0,796.0
876.0,768.0
876.0,42.0
877.0,1251.0
877.0,939.0
877.0,986.0
877.0,1299.0
877.0,747.0
878.0,1036.0
878.0,1262.0
878.0,1343.0
878.0,1023.0
878.0,543.0
879.0,80.0
879.0,742.0
879.0,1295.0
879.0,305.0
879.0,1328.0
880.0,653.0
880.0,323.0
880.0,597.0
880.0,493.0
880.0,1307.0
881.0,1490.0
881.0,660.0
881.0,126.0
881.0,913.0
881.0,609.0
882.0,456.0
882.0,208.0
882.0,1002.0
882.0,1470.0
882.0,894.0
883.0,955.0
883.0,66.0
883.0,128.0
883.0,597.0
883.0,943.0
884.0,614.0
884.0,30.0
884.0,1019.0
884.0,1295.0
884.0,464.0
885.0,511.0
885.0,438.0
885.0,962.0
885.0,365.0
885.0,1409.0
886.0,744.0
886.0,860.0
886.0,1189.0
886.0,1397.0
886.0,565.0
887.0,539.0
887.0,766.0
887.0,492.0
887.0,129.0
887.0,830.0
888.0,1309.0
888.0,1148.0
888.0,1246.0
888.0,1343.0
888.0,596.0
889.0,334.0
889.0,996.0
889.0,1319.0
889.0,1421.0
889.0,770.0
890.0,583.0
890.0,557.0
890.0,342.0
890.0,104.0
890.0,186.0
891.0,1027.0
891.0,546.0
891.0,180.0
891.0,1472.0
891.0,1362.0
892.0,54.0
892.0,742.0
892.0,1158.0
892.0,235.0
892.0,210.0
893.0,828.0
893.0,177.0
893.0,236.0
893.0,505.0
893.0,35.0
894.0,581.0
894.0,1149.0
894.0,901.0
894.0,208.0
894.0,1485.0
895.0,764.0
895.0,496.0
895.0,56.0
895.0,1495.0
895.0,1283.0
896.0,493.0
896.0,78.0
896.0,752.0
896.0,197.0
896.0,1304.0
897.0,327.0
897.0,1498.0
897.0,1227.0
897.0,94.0
897.0,472.0
898.0,79.0
898.0,462.0
898.0,244.0
898.0,62.0
898.0,60.0
899.0,1077.0
899.0,1300.0
899.0,834.0
899.0,688.0
899.0,1459.0
900.0,1292.0
900.0,1385.0
900.0,250.0
900.0,372.0
900.0,37.0
901.0,297.0
901.0,1470.0
901.0,766.0
901.0,1273.0
901.0,1449.0
902.0,154.0
902.0,1502.0
902.0,1211.0
902.0,503.0
902.0,713.0
903.0,1131.0
903.0,105.0
903.0,654.0
903.0,379.0
903.0,1071.0
904.0,919.0
904.0,332.0
904.0,980.0
904.0,1505.0
904.0,1084.0
905.0,807.0
905.0,1469.0
905.0,587.0
905.0,38.0
905.0,515.0
906.0,1151.0
906.0,742.0
906.0,775.0
906.0,679.0
906.0,975.0
907.0,1274.0
907.0,1113.0
907.0,260.0
907.0,424.0
907.0,788.0
908.0,275.0
908.0,447.0
908.0,797.0
908.0,1291.0
908.0,1011.0
909.0,201.0
909.0,890.0
909.0,949.0
909.0,1433.0
909.0,1401.0
910.0,1501.0
910.0,634.0
910.0,196.0
910.0,313.0
910.0,1044.0
911.0,1387.0
911.0,410.0
911.0,741.0
911.0,527.0
911.0,727.0
912.0,518.0
912.0,1336.0
912.0,1508.0
912.0,858.0
912.0,1482.0
913.0,1226.0
913.0,308.0
913.0,881.0
913.0,207.0
913.0,230.0
914.0,1464.0
914.0,164.0
914.0,286.0
914.0,443.0
914.0,733.0
915.0,1339.0
915.0,798.0
915.0,67.0
915.0,271.0
915.0,748.0
916.0,1070.0
916.0,1415.0
916.0,1353.0
916.0,726.0
916.0,1475.0
917.0,585.0
917.0,1111.0
917.0,2.0
917.0,1221.0
917.0,1485.0
918.0,193.0
918.0,1353.0
918.0,55.0
918.0,1164.0
918.0,1185.0
919.0,371.0
919.0,1027.0
919.0,927.0
919.0,1493.0
919.0,346.0
920.0,1089.0
920.0,214.0
920.0,238.0
920.0,511.0
920.0,452.0
921.0,1382.0
921.0,538.0
921.0,1119.0
921.0,620.0
921.0,1155.0
922.0,1265.0
922.0,946.0
922.0,1019.0
922.0,1379.0
922.0,73.0
923.0,612.0
923.0,1158.0
923.0,1232.0
923.0,312.0
923.0,742.0
924.0,1368.0
924.0,865.0
924.0,639.0
924.0,12.0
924.0,148.0
925.0,1344.0
925.0,45.0
925.0,1502.0
925.0,992.0
925.0,838.0
926.0,186.0
926.0,1256.0
926.0,1343.0
926.0,1475.0
926.0,916.0
927.0,463.0
927.0,594.0
927.0,1145.0
927.0,1354.0
927.0,1198.0
928.0,458.0
928.0,973.0
928.0,502.0
928.0,1096.0
928.0,488.0
929.0,577.0
929.0,558.0
929.0,1065.0
929.0,1305.0
929.0,1341.0
930.0,132.0
930.0,1154.0
930.0,758.0
930.0,557.0
930.0,75.0
931.0,1510.0
931.0,612.0
931.0,775.0
931.0,966.0
931.0,1232.0
932.0,152.0
932.0,7.0
932.0,1212.0
932.0,21.0
932.0,1430.0
933.0,838.0
933.0,339.0
933.0,645.0
933.0,884.0
933.0,125.0
934.0,524.0
934.0,666.0
934.0,858.0
934.0,922.0
934.0,530.0
935.0,953.0
935.0,1271.0
935.0,897.0
935.0,1148.0
935.0,863.0
936.0,851.0
936.0,81.0
936.0,520.0
936.0,1203.0
936.0,665.0
937.0,632.0
937.0,337.0
937.0,1031.0
937.0,272.0
937.0,664.0
938.0,1240.0
938.0,1192.0
938.0,590.0
938.0,440.0
938.0,775.0
939.0,1053.0
939.0,1147.0
939.0,476.0
939.0,306.0
939.0,1170.0
940.0,1499.0
940.0,559.0
940.0,495.0
940.0,943.0
940.0,1185.0
941.0,604.0
941.0,1013.0
941.0,1492.0
941.0,239.0
941.0,1341.0
942.0,1268.0
942.0,152.0
942.0,1323.0
942.0,1236.0
942.0,254.0
943.0,731.0
943.0,254.0
943.0,398.0
943.0,954.0
943.0,446.0
944.0,977.0
944.0,1320.0
944.0,109.0
944.0,149.0
944.0,483.0
945.0,1294.0
945.0,606.0
945.0,1341.0
945.0,1356.0
945.0,1366.0
946.0,1445.0
946.0,142.0
946.0,1397.0
946.0,1512.0
946.0,1425.0
947.0,107.0
947.0,1120.0
947.0,1344.0
947.0,1209.0
947.0,305.0
948.0,246.0
948.0,510.0
948.0,1403.0
948.0,1211.0
948.0,419.0
949.0,510.0
949.0,909.0
949.0,1228.0
949.0,112.0
949.0,123.0
950.0,1017.0
950.0,1039.0
950.0,772.0
950.0,1097.0
950.0,905.0
951.0,919.0
951.0,981.0
951.0,1216.0
951.0,722.0
951.0,804.0
952.0,1174.0
952.0,591.0
952.0,23.0
952.0,1112.0
952.0,900.0
953.0,801.0
953.0,1351.0
953.0,408.0
953.0,109.0
953.0,720.0
954.0,185.0
954.0,1384.0
954.0,334.0
954.0,1181.0
954.0,1236.0
955.0,361.0
955.0,741.0
955.0,1139.0
955.0,616.0
955.0,497.0
956.0,177.0
956.0,794.0
956.0,1199.0
956.0,1384.0
956.0,849.0
957.0,664.0
957.0,97.0
957.0,128.0
957.0,1437.0
957.0,1378.0
958.0,305.0
958.0,552.0
958.0,258.0
958.0,1231.0
958.0,1109.0
959.0,591.0
959.0,900.0
959.0,1096.0
959.0,629.0
959.0,1413.0
960.0,33.0
960.0,781.0
960.0,220.0
960.0,1413.0
960.0,617.0
961.0,825.0
961.0,1189.0
961.0,240.0
961.0,1374.0
961.0,1106.0
962.0,712.0
962.0,770.0
962.0,99.0
962.0,756.0
962.0,1432.0
963.0,280.0
963.0,944.0
963.0,1113.0
963.0,1389.0
963.0,967.0
964.0,628.0
964.0,916.0
964.0,1029.0
964.0,236.0
964.0,153.0
965.0,123.0
965.0,734.0
965.0,122.0
965.0,311.0
965.0,795.0
966.0,742.0
966.0,702.0
966.0,1160.0
966.0,1072.0
966.0,174.0
967.0,9.0
967.0,1163.0
967.0,774.0
967.0,592.0
967.0,1512.0
968.0,749.0
968.0,507.0
968.0,300.0
968.0,599.0
968.0,1141.0
969.0,140.0
969.0,525.0
969.0,764.0
969.0,518.0
969.0,1372.0
970.0,831.0
970.0,313.0
970.0,1448.0
970.0,885.0
970.0,84.0
971.0,47.0
971.0,1134.0
971.0,349.0
971.0,738.0
971.0,558.0
972.0,208.0
972.0,865.0
972.0,581.0
972.0,1417.0
972.0,1210.0
973.0,1467.0
973.0,64.0
973.0,1245.0
973.0,1136.0
973.0,492.0
974.0,663.0
974.0,442.0
974.0,695.0
974.0,1003.0
974.0,1451.0
975.0,775.0
975.0,1502.0
975.0,355.0
975.0,233.0
975.0,174.0
976.0,829.0
976.0,435.0
976.0,193.0
976.0,1220.0
976.0,1055.0
977.0,1113.0
977.0,93.0
977.0,1081.0
977.0,808.0
977.0,254.0
978.0,1033.0
978.0,1489.0
978.0,330.0
978.0,439.0
978.0,868.0
979.0,1222.0
979.0,862.0
979.0,536.0
979.0,552.0
979.0,124.0
980.0,1302.0
980.0,835.0
980.0,840.0
980.0,631.0
980.0,19.0
981.0,951.0
981.0,558.0
981.0,1078.0
981.0,354.0
981.0,332.0
982.0,1308.0
982.0,659.0
982.0,1132.0
982.0,541.0
982.0,1076.0
983.0,774.0
983.0,281.0
983.0,341.0
983.0,1503.0
983.0,948.0
984.0,1401.0
984.0,320.0
984.0,543.0
984.0,1046.0
984.0,996.0
985.0,747.0
985.0,1053.0
985.0,310.0
985.0,460.0
985.0,506.0
986.0,1261.0
986.0,1410.0
986.0,985.0
986.0,733.0
986.0,373.0
987.0,980.0
987.0,332.0
987.0,115.0
987.0,1106.0
987.0,1402.0
988.0,369.0
988.0,463.0
988.0,349.0
988.0,512.0
988.0,761.0
989.0,468.0
989.0,1424.0
989.0,455.0
989.0,783.0
989.0,634.0
990.0,1188.0
990.0,1291.0
990.0,32.0
990.0,279.0
990.0,1254.0
991.0,1192.0
991.0,716.0
991.0,776.0
991.0,437.0
991.0,509.0
992.0,1232.0
992.0,1396.0
992.0,1062.0
992.0,419.0
992.0,909.0
993.0,618.0
993.0,1288.0
993.0,271.0
993.0,203.0
993.0,747.0
994.0,494.0
994.0,691.0
994.0,1168.0
994.0,1307.0
994.0,1412.0
995.0,1426.0
995.0,864.0
995.0,625.0
995.0,1004.0
995.0,1290.0
996.0,610.0
996.0,465.0
996.0,1384.0
996.0,1442.0
996.0,1212.0
997.0,1448.0
997.0,57.0
997.0,575.0
997.0,1117.0
997.0,1417.0
998.0,1261.0
998.0,650.0
998.0,203.0
998.0,735.0
998.0,636.0
999.0,82.0
999.0,1185.0
999.0,1370.0
999.0,1.0
999.0,944.0
1000.0,1113.0
1000.0,1124.0
1000.0,1278.0
1000.0,871.0
1000.0,851.0
1001.0,1003.0
1001.0,450.0
1001.0,1274.0
1001.0,479.0
1001.0,1406.0
1002.0,451.0
1002.0,901.0
1002.0,1485.0
1002.0,1470.0
1002.0,1486.0
1003.0,51.0
1003.0,1001.0
1003.0,159.0
1003.0,181.0
1003.0,176.0
1004.0,547.0
1004.0,1224.0
1004.0,211.0
1004.0,321.0
1004.0,298.0
1005.0,1420.0
1005.0,1506.0
1005.0,1227.0
1005.0,496.0
1005.0,1357.0
1006.0,858.0
1006.0,1236.0
1006.0,755.0
1006.0,1056.0
1006.0,91.0
1007.0,183.0
1007.0,778.0
1007.0,354.0
1007.0,346.0
1007.0,787.0
1008.0,894.0
1008.0,882.0
1008.0,622.0
1008.0,1485.0
1008.0,1149.0
1009.0,1275.0
1009.0,394.0
1009.0,346.0
1009.0,1422.0
1009.0,183.0
1010.0,400.0
1010.0,1310.0
1010.0,18.0
1010.0,1263.0
1010.0,48.0
1011.0,20.0
1011.0,431.0
1011.0,1066.0
1011.0,1459.0
1011.0,874.0
1012.0,976.0
1012.0,1220.0
1012.0,136.0
1012.0,814.0
1012.0,389.0
1013.0,79.0
1013.0,1354.0
1013.0,755.0
1013.0,868.0
1013.0,1004.0
1014.0,3.0
1014.0,792.0
1014.0,176.0
1014.0,580.0
1014.0,40.0
1015.0,1090.0
1015.0,873.0
1015.0,258.0
1015.0,1124.0
1015.0,153.0
1016.0,641.0
1016.0,1505.0
1016.0,1198.0
1016.0,666.0
1016.0,1005.0
1017.0,1263.0
1017.0,198.0
1017.0,355.0
1017.0,923.0
1017.0,174.0
1018.0,1151.0
1018.0,1459.0
1018.0,382.0
1018.0,1158.0
1018.0,1250.0
1019.0,1329.0
1019.0,822.0
1019.0,922.0
1019.0,584.0
1019.0,80.0
1020.0,1172.0
1020.0,92.0
1020.0,1096.0
1020.0,487.0
1020.0,262.0
1021.0,903.0
1021.0,26.0
1021.0,697.0
1021.0,212.0
1021.0,1108.0
1022.0,736.0
1022.0,798.0
1022.0,256.0
1022.0,675.0
1022.0,264.0
1023.0,1331.0
1023.0,1137.0
1023.0,977.0
1023.0,1389.0
1023.0,1281.0
1024.0,202.0
1024.0,394.0
1024.0,593.0
1024.0,481.0
1024.0,354.0
1025.0,1401.0
1025.0,1048.0
1025.0,423.0
1025.0,1057.0
1025.0,829.0
1026.0,570.0
1026.0,245.0
1026.0,1374.0
1026.0,1441.0
1026.0,850.0
1027.0,832.0
1027.0,19.0
1027.0,891.0
1027.0,778.0
1027.0,1058.0
1028.0,417.0
1028.0,1164.0
1028.0,151.0
1028.0,684.0
1028.0,1453.0
1029.0,1403.0
1029.0,728.0
1029.0,444.0
1029.0,592.0
1029.0,767.0
1030.0,499.0
1030.0,1218.0
1030.0,133.0
1030.0,1.0
1030.0,365.0
1031.0,1175.0
1031.0,1203.0
1031.0,188.0
1031.0,1325.0
1031.0,546.0
1032.0,598.0
1032.0,34.0
1032.0,603.0
1032.0,819.0
1032.0,1056.0
1033.0,1426.0
1033.0,1187.0
1033.0,79.0
1033.0,776.0
1033.0,53.0
1034.0,915.0
1034.0,255.0
1034.0,363.0
1034.0,1410.0
1034.0,425.0
1035.0,836.0
1035.0,12.0
1035.0,813.0
1035.0,71.0
1035.0,148.0
1036.0,596.0
1036.0,8.0
1036.0,470.0
1036.0,765.0
1036.0,1407.0
1037.0,621.0
1037.0,893.0
1037.0,194.0
1037.0,870.0
1037.0,1220.0
1038.0,897.0
1038.0,490.0
1038.0,224.0
1038.0,1498.0
1038.0,918.0
1039.0,253.0
1039.0,1384.0
1039.0,1469.0
1039.0,1292.0
1039.0,503.0
1040.0,1126.0
1040.0,366.0
1040.0,1029.0
1040.0,413.0
1040.0,1103.0
1041.0,753.0
1041.0,860.0
1041.0,490.0
1041.0,595.0
1041.0,224.0
1042.0,960.0
1042.0,710.0
1042.0,1249.0
1042.0,908.0
1042.0,1364.0
1043.0,929.0
1043.0,272.0
1043.0,1294.0
1043.0,47.0
1043.0,980.0
1044.0,1424.0
1044.0,364.0
1044.0,467.0
1044.0,970.0
1044.0,830.0
1045.0,388.0
1045.0,1308.0
1045.0,392.0
1045.0,1116.0
1045.0,541.0
1046.0,281.0
1046.0,318.0
1046.0,483.0
1046.0,374.0
1046.0,135.0
1047.0,1505.0
1047.0,369.0
1047.0,1099.0
1047.0,1258.0
1047.0,522.0
1048.0,317.0
1048.0,1142.0
1048.0,96.0
1048.0,269.0
1048.0,257.0
1049.0,107.0
1049.0,1150.0
1049.0,1453.0
1049.0,1041.0
1049.0,1512.0
1050.0,1174.0
1050.0,1254.0
1050.0,1107.0
1050.0,952.0
1050.0,329.0
1051.0,1245.0
1051.0,1136.0
1051.0,110.0
1051.0,642.0
1051.0,928.0
1052.0,1313.0
1052.0,302.0
1052.0,859.0
1052.0,1355.0
1052.0,781.0
1053.0,1001.0
1053.0,703.0
1053.0,453.0
1053.0,985.0
1053.0,480.0
1054.0,1202.0
1054.0,259.0
1054.0,1206.0
1054.0,977.0
1054.0,870.0
1055.0,849.0
1055.0,946.0
1055.0,579.0
1055.0,293.0
1055.0,1.0
1056.0,520.0
1056.0,1005.0
1056.0,641.0
1056.0,1367.0
1056.0,1508.0
1057.0,681.0
1057.0,767.0
1057.0,557.0
1057.0,791.0
1057.0,1028.0
1058.0,891.0
1058.0,832.0
1058.0,1027.0
1058.0,707.0
1058.0,840.0
1059.0,743.0
1059.0,875.0
1059.0,1499.0
1059.0,753.0
1059.0,56.0
1060.0,1195.0
1060.0,377.0
1060.0,298.0
1060.0,1239.0
1060.0,651.0
1061.0,195.0
1061.0,794.0
1061.0,1106.0
1061.0,337.0
1061.0,272.0
1062.0,586.0
1062.0,198.0
1062.0,301.0
1062.0,1107.0
1062.0,1369.0
1063.0,212.0
1063.0,188.0
1063.0,1400.0
1063.0,1332.0
1063.0,1169.0
1064.0,508.0
1064.0,277.0
1064.0,565.0
1064.0,414.0
1064.0,1203.0
1065.0,375.0
1065.0,722.0
1065.0,971.0
1065.0,22.0
1065.0,19.0
1066.0,751.0
1066.0,143.0
1066.0,1411.0
1066.0,1018.0
1066.0,20.0
1067.0,555.0
1067.0,899.0
1067.0,1290.0
1067.0,576.0
1067.0,228.0
1068.0,257.0
1068.0,889.0
1068.0,161.0
1068.0,1433.0
1068.0,1329.0
1069.0,767.0
1069.0,423.0
1069.0,413.0
1069.0,501.0
1069.0,1029.0
1070.0,588.0
1070.0,1154.0
1070.0,1049.0
1070.0,1177.0
1070.0,193.0
1071.0,1125.0
1071.0,654.0
1071.0,1398.0
1071.0,392.0
1071.0,1308.0
1072.0,1232.0
1072.0,449.0
1072.0,143.0
1072.0,18.0
1072.0,702.0
1073.0,680.0
1073.0,383.0
1073.0,973.0
1073.0,781.0
1073.0,64.0
1074.0,821.0
1074.0,516.0
1074.0,1082.0
1074.0,68.0
1074.0,642.0
1075.0,903.0
1075.0,323.0
1075.0,261.0
1075.0,968.0
1075.0,415.0
1076.0,120.0
1076.0,1125.0
1076.0,659.0
1076.0,1132.0
1076.0,178.0
1077.0,576.0
1077.0,163.0
1077.0,555.0
1077.0,1178.0
1077.0,437.0
1078.0,835.0
1078.0,19.0
1078.0,832.0
1078.0,1346.0
1078.0,1058.0
1079.0,1325.0
1079.0,479.0
1079.0,395.0
1079.0,133.0
1079.0,410.0
1080.0,1492.0
1080.0,350.0
1080.0,761.0
1080.0,285.0
1080.0,1118.0
1081.0,614.0
1081.0,588.0
1081.0,770.0
1081.0,474.0
1081.0,147.0
1082.0,1074.0
1082.0,1385.0
1082.0,516.0
1082.0,900.0
1082.0,372.0
1083.0,969.0
1083.0,327.0
1083.0,503.0
1083.0,1328.0
1083.0,333.0
1084.0,835.0
1084.0,352.0
1084.0,1058.0
1084.0,336.0
1084.0,715.0
1085.0,802.0
1085.0,510.0
1085.0,1154.0
1085.0,376.0
1085.0,1165.0
1086.0,1270.0
1086.0,722.0
1086.0,1134.0
1086.0,463.0
1086.0,1065.0
1087.0,198.0
1087.0,1312.0
1087.0,828.0
1087.0,815.0
1087.0,344.0
1088.0,1310.0
1088.0,619.0
1088.0,215.0
1088.0,48.0
1088.0,1010.0
1089.0,1022.0
1089.0,313.0
1089.0,25.0
1089.0,1170.0
1089.0,1500.0
1090.0,1036.0
1090.0,1331.0
1090.0,446.0
1090.0,1483.0
1090.0,633.0
1091.0,1385.0
1091.0,965.0
1091.0,539.0
1091.0,129.0
1091.0,148.0
1092.0,1163.0
1092.0,731.0
1092.0,24.0
1092.0,870.0
1092.0,648.0
1093.0,881.0
1093.0,611.0
1093.0,307.0
1093.0,534.0
1093.0,1038.0
1094.0,1147.0
1094.0,647.0
1094.0,609.0
1094.0,670.0
1094.0,1428.0
1095.0,1033.0
1095.0,1144.0
1095.0,606.0
1095.0,1005.0
1095.0,763.0
1096.0,1385.0
1096.0,487.0
1096.0,1062.0
1096.0,0.0
1096.0,1128.0
1097.0,1487.0
1097.0,372.0
1097.0,1039.0
1097.0,233.0
1097.0,116.0
1098.0,676.0
1098.0,1152.0
1098.0,124.0
1098.0,377.0
1098.0,1440.0
1099.0,200.0
1099.0,755.0
1099.0,330.0
1099.0,439.0
1099.0,1013.0
1100.0,709.0
1100.0,1143.0
1100.0,182.0
1100.0,1485.0
1100.0,283.0
1101.0,1479.0
1101.0,1091.0
1101.0,1035.0
1101.0,910.0
1101.0,71.0
1102.0,46.0
1102.0,1175.0
1102.0,1182.0
1102.0,631.0
1102.0,188.0
1103.0,381.0
1103.0,153.0
1103.0,376.0
1103.0,1331.0
1103.0,1468.0
1104.0,570.0
1104.0,222.0
1104.0,686.0
1104.0,867.0
1104.0,1026.0
1105.0,1017.0
1105.0,1077.0
1105.0,755.0
1105.0,1178.0
1105.0,1018.0
1106.0,1508.0
1106.0,1452.0
1106.0,886.0
1106.0,532.0
1106.0,1408.0
1107.0,1404.0
1107.0,900.0
1107.0,33.0
1107.0,434.0
1107.0,220.0
1108.0,532.0
1108.0,911.0
1108.0,115.0
1108.0,4.0
1108.0,1446.0
1109.0,871.0
1109.0,387.0
1109.0,1227.0
1109.0,391.0
1109.0,139.0
1110.0,55.0
1110.0,806.0
1110.0,849.0
1110.0,414.0
1110.0,1375.0
1111.0,1210.0
1111.0,1286.0
1111.0,297.0
1111.0,917.0
1111.0,622.0
1112.0,1249.0
1112.0,1413.0
1112.0,1052.0
1112.0,156.0
1112.0,678.0
1113.0,626.0
1113.0,1375.0
1113.0,1331.0
1113.0,94.0
1113.0,954.0
1114.0,378.0
1114.0,83.0
1114.0,459.0
1114.0,1356.0
1114.0,337.0
1115.0,1227.0
1115.0,1016.0
1115.0,1478.0
1115.0,922.0
1115.0,1164.0
1116.0,432.0
1116.0,1388.0
1116.0,392.0
1116.0,1439.0
1116.0,659.0
1117.0,1448.0
1117.0,581.0
1117.0,917.0
1117.0,1129.0
1117.0,313.0
1118.0,988.0
1118.0,232.0
1118.0,761.0
1118.0,763.0
1118.0,512.0
1119.0,1125.0
1119.0,568.0
1119.0,1289.0
1119.0,1234.0
1119.0,276.0
1120.0,201.0
1120.0,457.0
1120.0,557.0
1120.0,984.0
1120.0,1209.0
1121.0,1284.0
1121.0,1016.0
1121.0,780.0
1121.0,532.0
1121.0,321.0
1122.0,963.0
1122.0,448.0
1122.0,1041.0
1122.0,1155.0
1122.0,1201.0
1123.0,1236.0
1123.0,450.0
1123.0,391.0
1123.0,1283.0
1123.0,944.0
1124.0,199.0
1124.0,1137.0
1124.0,194.0
1124.0,767.0
1124.0,252.0
1125.0,542.0
1125.0,5.0
1125.0,691.0
1125.0,120.0
1125.0,1307.0
1126.0,1484.0
1126.0,1508.0
1126.0,135.0
1126.0,1379.0
1126.0,893.0
1127.0,1051.0
1127.0,642.0
1127.0,781.0
1127.0,802.0
1127.0,227.0
1128.0,1385.0
1128.0,356.0
1128.0,855.0
1128.0,1020.0
1128.0,516.0
1129.0,1223.0
1129.0,256.0
1129.0,622.0
1129.0,997.0
1129.0,1210.0
1130.0,347.0
1130.0,126.0
1130.0,695.0
1130.0,67.0
1130.0,848.0
1131.0,593.0
1131.0,1472.0
1131.0,261.0
1131.0,787.0
1131.0,1219.0
1132.0,388.0
1132.0,564.0
1132.0,1076.0
1132.0,569.0
1132.0,1186.0
1133.0,399.0
1133.0,755.0
1133.0,1492.0
1133.0,1099.0
1133.0,158.0
1134.0,1305.0
1134.0,47.0
1134.0,19.0
1134.0,87.0
1134.0,971.0
1135.0,1196.0
1135.0,210.0
1135.0,369.0
1135.0,439.0
1135.0,898.0
1136.0,539.0
1136.0,1074.0
1136.0,1467.0
1136.0,1245.0
1136.0,447.0
1137.0,1343.0
1137.0,1441.0
1137.0,943.0
1137.0,1260.0
1137.0,1148.0
1138.0,436.0
1138.0,487.0
1138.0,473.0
1138.0,1074.0
1138.0,253.0
1139.0,325.0
1139.0,1030.0
1139.0,398.0
1139.0,495.0
1139.0,1137.0
1140.0,759.0
1140.0,588.0
1140.0,15.0
1140.0,1432.0
1140.0,648.0
1141.0,1427.0
1141.0,1303.0
1141.0,564.0
1141.0,261.0
1141.0,968.0
1142.0,1209.0
1142.0,445.0
1142.0,1068.0
1142.0,94.0
1142.0,365.0
1143.0,1317.0
1143.0,830.0
1143.0,251.0
1143.0,1149.0
1143.0,1417.0
1144.0,200.0
1144.0,1032.0
1144.0,1145.0
1144.0,1341.0
1144.0,1489.0
1145.0,738.0
1145.0,496.0
1145.0,1056.0
1145.0,520.0
1145.0,1402.0
1146.0,1450.0
1146.0,984.0
1146.0,1315.0
1146.0,10.0
1146.0,474.0
1147.0,1126.0
1147.0,939.0
1147.0,644.0
1147.0,165.0
1147.0,324.0
1148.0,240.0
1148.0,543.0
1148.0,942.0
1148.0,765.0
1148.0,317.0
1149.0,894.0
1149.0,1485.0
1149.0,768.0
1149.0,1008.0
1149.0,581.0
1150.0,384.0
1150.0,851.0
1150.0,1248.0
1150.0,104.0
1150.0,495.0
1151.0,437.0
1151.0,1240.0
1151.0,1017.0
1151.0,1411.0
1151.0,1300.0
1152.0,933.0
1152.0,1098.0
1152.0,1499.0
1152.0,1322.0
1152.0,1379.0
1153.0,1507.0
1153.0,627.0
1153.0,1041.0
1153.0,209.0
1153.0,1113.0
1154.0,361.0
1154.0,185.0
1154.0,1055.0
1154.0,841.0
1154.0,1220.0
1155.0,640.0
1155.0,1201.0
1155.0,67.0
1155.0,146.0
1155.0,11.0
1156.0,756.0
1156.0,96.0
1156.0,475.0
1156.0,15.0
1156.0,580.0
1157.0,570.0
1157.0,983.0
1157.0,626.0
1157.0,172.0
1157.0,224.0
1158.0,1018.0
1158.0,892.0
1158.0,54.0
1158.0,312.0
1158.0,1240.0
1159.0,1514.0
1159.0,715.0
1159.0,835.0
1159.0,606.0
1159.0,1366.0
1160.0,992.0
1160.0,601.0
1160.0,1018.0
1160.0,355.0
1160.0,688.0
1161.0,681.0
1161.0,100.0
1161.0,56.0
1161.0,223.0
1161.0,1056.0
1162.0,448.0
1162.0,401.0
1162.0,846.0
1162.0,1053.0
1162.0,652.0
1163.0,1425.0
1163.0,1148.0
1163.0,423.0
1163.0,505.0
1163.0,888.0
1164.0,94.0
1164.0,794.0
1164.0,1468.0
1164.0,822.0
1164.0,1069.0
1165.0,305.0
1165.0,677.0
1165.0,1445.0
1165.0,984.0
1165.0,1057.0
1166.0,658.0
1166.0,1364.0
1166.0,1188.0
1166.0,1458.0
1166.0,1088.0
1167.0,1119.0
1167.0,1003.0
1167.0,430.0
1167.0,563.0
1167.0,695.0
1168.0,213.0
1168.0,276.0
1168.0,120.0
1168.0,1234.0
1168.0,994.0
1169.0,1075.0
1169.0,1175.0
1169.0,1182.0
1169.0,343.0
1169.0,904.0
1170.0,824.0
1170.0,247.0
1170.0,533.0
1170.0,1299.0
1170.0,675.0
1171.0,717.0
1171.0,243.0
1171.0,1300.0
1171.0,462.0
1171.0,834.0
1172.0,409.0
1172.0,283.0
1172.0,1471.0
1172.0,639.0
1172.0,1035.0
1173.0,1299.0
1173.0,319.0
1173.0,1334.0
1173.0,533.0
1173.0,675.0
1174.0,253.0
1174.0,678.0
1174.0,859.0
1174.0,1443.0
1174.0,487.0
1175.0,378.0
1175.0,1106.0
1175.0,937.0
1175.0,715.0
1175.0,231.0
1176.0,63.0
1176.0,193.0
1176.0,458.0
1176.0,540.0
1176.0,1316.0
1177.0,1201.0
1177.0,280.0
1177.0,1064.0
1177.0,1130.0
1177.0,498.0
1178.0,1360.0
1178.0,412.0
1178.0,555.0
1178.0,243.0
1178.0,1171.0
1179.0,75.0
1179.0,514.0
1179.0,1469.0
1179.0,1431.0
1179.0,434.0
1180.0,560.0
1180.0,295.0
1180.0,1.0
1180.0,1147.0
1180.0,176.0
1181.0,446.0
1181.0,1473.0
1181.0,1478.0
1181.0,341.0
1181.0,897.0
1182.0,300.0
1182.0,1400.0
1182.0,1422.0
1182.0,1474.0
1182.0,787.0
1183.0,1014.0
1183.0,1022.0
1183.0,939.0
1183.0,533.0
1183.0,853.0
1184.0,331.0
1184.0,680.0
1184.0,629.0
1184.0,1385.0
1184.0,227.0
1185.0,1425.0
1185.0,55.0
1185.0,494.0
1185.0,508.0
1185.0,1265.0
1186.0,229.0
1186.0,1125.0
1186.0,103.0
1186.0,263.0
1186.0,1266.0
1187.0,524.0
1187.0,1360.0
1187.0,716.0
1187.0,1258.0
1187.0,547.0
1188.0,400.0
1188.0,1249.0
1188.0,619.0
1188.0,908.0
1188.0,275.0
1189.0,72.0
1189.0,245.0
1189.0,1059.0
1189.0,501.0
1189.0,714.0
1190.0,277.0
1190.0,498.0
1190.0,393.0
1190.0,1201.0
1190.0,1252.0
1191.0,819.0
1191.0,1040.0
1191.0,416.0
1191.0,531.0
1191.0,897.0
1192.0,753.0
1192.0,719.0
1192.0,668.0
1192.0,345.0
1192.0,30.0
1193.0,982.0
1193.0,388.0
1193.0,1132.0
1193.0,1076.0
1193.0,178.0
1194.0,1260.0
1194.0,803.0
1194.0,246.0
1194.0,614.0
1194.0,1483.0
1195.0,377.0
1195.0,268.0
1195.0,1152.0
1195.0,1403.0
1195.0,147.0
1196.0,1224.0
1196.0,1135.0
1196.0,704.0
1196.0,95.0
1196.0,1013.0
1197.0,374.0
1197.0,185.0
1197.0,630.0
1197.0,819.0
1197.0,35.0
1198.0,190.0
1198.0,716.0
1198.0,49.0
1198.0,690.0
1198.0,818.0
1199.0,1365.0
1199.0,956.0
1199.0,753.0
1199.0,387.0
1199.0,1281.0
1200.0,470.0
1200.0,630.0
1200.0,491.0
1200.0,1283.0
1200.0,281.0
1201.0,393.0
1201.0,51.0
1201.0,498.0
1201.0,280.0
1201.0,489.0
1202.0,391.0
1202.0,916.0
1202.0,1389.0
1202.0,508.0
1202.0,1351.0
1203.0,307.0
1203.0,497.0
1203.0,1102.0
1203.0,410.0
1203.0,1442.0
1204.0,401.0
1204.0,652.0
1204.0,877.0
1204.0,748.0
1204.0,1261.0
1205.0,186.0
1205.0,553.0
1205.0,857.0
1205.0,1147.0
1205.0,644.0
1206.0,737.0
1206.0,673.0
1206.0,1436.0
1206.0,70.0
1206.0,450.0
1207.0,1094.0
1207.0,647.0
1207.0,448.0
1207.0,1406.0
1207.0,1122.0
1208.0,374.0
1208.0,1110.0
1208.0,819.0
1208.0,1327.0
1208.0,1150.0
1209.0,414.0
1209.0,1274.0
1209.0,897.0
1209.0,531.0
1209.0,1005.0
1210.0,57.0
1210.0,278.0
1210.0,768.0
1210.0,1129.0
1210.0,1286.0
1211.0,239.0
1211.0,1511.0
1211.0,1337.0
1211.0,803.0
1211.0,884.0
1212.0,249.0
1212.0,465.0
1212.0,692.0
1212.0,1436.0
1212.0,21.0
1213.0,699.0
1213.0,740.0
1213.0,1438.0
1213.0,1335.0
1213.0,939.0
1214.0,642.0
1214.0,422.0
1214.0,1127.0
1214.0,331.0
1214.0,1467.0
1215.0,429.0
1215.0,80.0
1215.0,339.0
1215.0,905.0
1215.0,455.0
1216.0,1027.0
1216.0,778.0
1216.0,707.0
1216.0,891.0
1216.0,782.0
1217.0,624.0
1217.0,60.0
1217.0,1250.0
1217.0,1067.0
1217.0,1360.0
1218.0,209.0
1218.0,1177.0
1218.0,1477.0
1218.0,550.0
1218.0,1348.0
1219.0,394.0
1219.0,787.0
1219.0,354.0
1219.0,180.0
1219.0,708.0
1220.0,206.0
1220.0,677.0
1220.0,1081.0
1220.0,543.0
1220.0,320.0
1221.0,368.0
1221.0,917.0
1221.0,278.0
1221.0,768.0
1221.0,2.0
1222.0,458.0
1222.0,1277.0
1222.0,377.0
1222.0,742.0
1222.0,710.0
1223.0,566.0
1223.0,278.0
1223.0,997.0
1223.0,1363.0
1223.0,622.0
1224.0,706.0
1224.0,1135.0
1224.0,1290.0
1224.0,704.0
1224.0,158.0
1225.0,327.0
1225.0,700.0
1225.0,1274.0
1225.0,1503.0
1225.0,788.0
1226.0,597.0
1226.0,420.0
1226.0,276.0
1226.0,494.0
1226.0,486.0
1227.0,897.0
1227.0,1344.0
1227.0,1281.0
1227.0,201.0
1227.0,1315.0
1228.0,135.0
1228.0,1200.0
1228.0,839.0
1228.0,1283.0
1228.0,726.0
1229.0,957.0
1229.0,695.0
1229.0,1361.0
1229.0,1268.0
1229.0,1406.0
1230.0,670.0
1230.0,131.0
1230.0,769.0
1230.0,295.0
1230.0,723.0
1231.0,841.0
1231.0,1109.0
1231.0,201.0
1231.0,1344.0
1231.0,595.0
1232.0,461.0
1232.0,1502.0
1232.0,235.0
1232.0,169.0
1232.0,1380.0
1233.0,1339.0
1233.0,667.0
1233.0,17.0
1233.0,823.0
1233.0,962.0
1234.0,213.0
1234.0,691.0
1234.0,1130.0
1234.0,120.0
1234.0,542.0
1235.0,1340.0
1235.0,1421.0
1235.0,828.0
1235.0,1395.0
1235.0,1433.0
1236.0,70.0
1236.0,24.0
1236.0,470.0
1236.0,1046.0
1236.0,774.0
1237.0,1298.0
1237.0,949.0
1237.0,514.0
1237.0,770.0
1237.0,693.0
1238.0,135.0
1238.0,1506.0
1238.0,75.0
1238.0,818.0
1238.0,932.0
1239.0,1328.0
1239.0,933.0
1239.0,590.0
1239.0,584.0
1239.0,964.0
1240.0,923.0
1240.0,174.0
1240.0,1151.0
1240.0,688.0
1240.0,679.0
1241.0,1486.0
1241.0,1449.0
1241.0,635.0
1241.0,270.0
1241.0,358.0
1242.0,285.0
1242.0,1426.0
1242.0,547.0
1242.0,53.0
1242.0,118.0
1243.0,1273.0
1243.0,790.0
1243.0,451.0
1243.0,297.0
1243.0,170.0
1244.0,841.0
1244.0,1164.0
1244.0,1379.0
1244.0,1475.0
1244.0,592.0
1245.0,1467.0
1245.0,734.0
1245.0,1385.0
1245.0,855.0
1245.0,973.0
1246.0,252.0
1246.0,897.0
1246.0,851.0
1246.0,1113.0
1246.0,873.0
1247.0,272.0
1247.0,404.0
1247.0,1447.0
1247.0,936.0
1247.0,337.0
1248.0,416.0
1248.0,1478.0
1248.0,224.0
1248.0,1274.0
1248.0,684.0
1249.0,1052.0
1249.0,1240.0
1249.0,1292.0
1249.0,1413.0
1249.0,925.0
1250.0,1224.0
1250.0,834.0
1250.0,98.0
1250.0,1253.0
1250.0,1018.0
1251.0,1204.0
1251.0,469.0
1251.0,618.0
1251.0,284.0
1251.0,1476.0
1252.0,471.0
1252.0,837.0
1252.0,1177.0
1252.0,888.0
1252.0,1037.0
1253.0,98.0
1253.0,143.0
1253.0,1300.0
1253.0,567.0
1253.0,834.0
1254.0,672.0
1254.0,1107.0
1254.0,348.0
1254.0,1414.0
1254.0,23.0
1255.0,293.0
1255.0,721.0
1255.0,1379.0
1255.0,1371.0
1255.0,961.0
1256.0,306.0
1256.0,389.0
1256.0,273.0
1256.0,964.0
1256.0,224.0
1257.0,333.0
1257.0,1431.0
1257.0,1295.0
1257.0,298.0
1257.0,440.0
1258.0,991.0
1258.0,1492.0
1258.0,690.0
1258.0,79.0
1258.0,668.0
1259.0,1042.0
1259.0,679.0
1259.0,992.0
1259.0,143.0
1259.0,275.0
1260.0,217.0
1260.0,165.0
1260.0,86.0
1260.0,390.0
1260.0,1041.0
1261.0,986.0
1261.0,620.0
1261.0,701.0
1261.0,146.0
1261.0,636.0
1262.0,806.0
1262.0,340.0
1262.0,1068.0
1262.0,176.0
1262.0,967.0
1263.0,461.0
1263.0,931.0
1263.0,116.0
1263.0,18.0
1263.0,143.0
1264.0,194.0
1264.0,1156.0
1264.0,759.0
1264.0,989.0
1264.0,1048.0
1265.0,922.0
1265.0,1041.0
1265.0,1194.0
1265.0,918.0
1265.0,1040.0
1266.0,1412.0
1266.0,736.0
1266.0,120.0
1266.0,493.0
1266.0,597.0
1267.0,1317.0
1267.0,583.0
1267.0,766.0
1267.0,297.0
1267.0,830.0
1268.0,867.0
1268.0,151.0
1268.0,518.0
1268.0,537.0
1268.0,334.0
1269.0,405.0
1269.0,476.0
1269.0,856.0
1269.0,1155.0
1269.0,1207.0
1270.0,988.0
1270.0,482.0
1270.0,349.0
1270.0,232.0
1270.0,782.0
1271.0,139.0
1271.0,935.0
1271.0,621.0
1271.0,1000.0
1271.0,794.0
1272.0,1217.0
1272.0,1411.0
1272.0,441.0
1272.0,98.0
1272.0,1171.0
1273.0,358.0
1273.0,315.0
1273.0,582.0
1273.0,847.0
1273.0,1035.0
1274.0,1212.0
1274.0,610.0
1274.0,1070.0
1274.0,201.0
1274.0,1225.0
1275.0,682.0
1275.0,1009.0
1275.0,394.0
1275.0,1352.0
1275.0,1219.0
1276.0,1264.0
1276.0,954.0
1276.0,728.0
1276.0,485.0
1276.0,1123.0
1277.0,7.0
1277.0,838.0
1277.0,528.0
1277.0,950.0
1277.0,515.0
1278.0,1370.0
1278.0,1260.0
1278.0,718.0
1278.0,1139.0
1278.0,221.0
1279.0,291.0
1279.0,1402.0
1279.0,520.0
1279.0,332.0
1279.0,1106.0
1280.0,535.0
1280.0,699.0
1280.0,1162.0
1280.0,1003.0
1280.0,295.0
1281.0,435.0
1281.0,318.0
1281.0,224.0
1281.0,1070.0
1281.0,765.0
1282.0,864.0
1282.0,312.0
1282.0,1060.0
1282.0,464.0
1282.0,345.0
1283.0,91.0
1283.0,1260.0
1283.0,490.0
1283.0,888.0
1283.0,1056.0
1284.0,1056.0
1284.0,95.0
1284.0,608.0
1284.0,760.0
1284.0,934.0
1285.0,652.0
1285.0,66.0
1285.0,1324.0
1285.0,880.0
1285.0,126.0
1286.0,368.0
1286.0,225.0
1286.0,251.0
1286.0,894.0
1286.0,84.0
1287.0,1321.0
1287.0,782.0
1287.0,981.0
1287.0,951.0
1287.0,322.0
1288.0,1233.0
1288.0,453.0
1288.0,1261.0
1288.0,11.0
1288.0,993.0
1289.0,1001.0
1289.0,798.0
1289.0,427.0
1289.0,921.0
1289.0,699.0
1290.0,228.0
1290.0,210.0
1290.0,864.0
1290.0,211.0
1290.0,1342.0
1291.0,157.0
1291.0,279.0
1291.0,658.0
1291.0,1249.0
1291.0,1364.0
1292.0,1487.0
1292.0,1458.0
1292.0,1254.0
1292.0,1052.0
1292.0,1072.0
1293.0,907.0
1293.0,562.0
1293.0,1378.0
1293.0,1209.0
1293.0,309.0
1294.0,763.0
1294.0,1302.0
1294.0,606.0
1294.0,1078.0
1294.0,981.0
1295.0,377.0
1295.0,38.0
1295.0,879.0
1295.0,1176.0
1295.0,979.0
1296.0,1297.0
1296.0,1061.0
1296.0,907.0
1296.0,608.0
1296.0,1175.0
1297.0,307.0
1297.0,1247.0
1297.0,763.0
1297.0,1108.0
1297.0,1279.0
1298.0,789.0
1298.0,634.0
1298.0,1085.0
1298.0,510.0
1298.0,551.0
1299.0,176.0
1299.0,117.0
1299.0,1022.0
1299.0,1173.0
1299.0,675.0
1300.0,834.0
1300.0,555.0
1300.0,211.0
1300.0,547.0
1300.0,576.0
1301.0,1107.0
1301.0,900.0
1301.0,862.0
1301.0,1465.0
1301.0,1176.0
1302.0,661.0
1302.0,175.0
1302.0,1084.0
1302.0,1455.0
1302.0,606.0
1303.0,564.0
1303.0,1132.0
1303.0,263.0
1303.0,114.0
1303.0,213.0
1304.0,164.0
1304.0,43.0
1304.0,1464.0
1304.0,1515.0
1304.0,914.0
1305.0,1356.0
1305.0,1346.0
1305.0,1480.0
1305.0,266.0
1305.0,371.0
1306.0,809.0
1306.0,290.0
1306.0,911.0
1306.0,1456.0
1306.0,1336.0
1307.0,5.0
1307.0,994.0
1307.0,542.0
1307.0,263.0
1307.0,430.0
1308.0,1045.0
1308.0,1388.0
1308.0,1116.0
1308.0,982.0
1308.0,432.0
1309.0,1293.0
1309.0,888.0
1309.0,1319.0
1309.0,217.0
1309.0,1069.0
1310.0,1010.0
1310.0,449.0
1310.0,431.0
1310.0,1072.0
1310.0,288.0
1311.0,30.0
1311.0,884.0
1311.0,223.0
1311.0,1194.0
1311.0,1295.0
1312.0,1433.0
1312.0,1421.0
1312.0,1415.0
1312.0,1165.0
1312.0,1081.0
1313.0,32.0
1313.0,279.0
1313.0,294.0
1313.0,1249.0
1313.0,1088.0
1314.0,613.0
1314.0,1389.0
1314.0,554.0
1314.0,870.0
1314.0,362.0
1315.0,1200.0
1315.0,1483.0
1315.0,136.0
1315.0,967.0
1315.0,946.0
1316.0,795.0
1316.0,875.0
1316.0,301.0
1316.0,1138.0
1316.0,1222.0
1317.0,173.0
1317.0,1497.0
1317.0,283.0
1317.0,292.0
1317.0,1100.0
1318.0,283.0
1318.0,1154.0
1318.0,811.0
1318.0,786.0
1318.0,1044.0
1319.0,534.0
1319.0,160.0
1319.0,344.0
1319.0,759.0
1319.0,1421.0
1320.0,531.0
1320.0,562.0
1320.0,224.0
1320.0,193.0
1320.0,136.0
1321.0,22.0
1321.0,1305.0
1321.0,375.0
1321.0,482.0
1321.0,722.0
1322.0,791.0
1322.0,729.0
1322.0,267.0
1322.0,445.0
1322.0,139.0
1323.0,1453.0
1323.0,803.0
1323.0,1197.0
1323.0,871.0
1323.0,342.0
1324.0,126.0
1324.0,542.0
1324.0,563.0
1324.0,1412.0
1324.0,1266.0
1325.0,886.0
1325.0,881.0
1325.0,231.0
1325.0,741.0
1325.0,632.0
1326.0,824.0
1326.0,543.0
1326.0,889.0
1326.0,258.0
1326.0,1030.0
1327.0,647.0
1327.0,159.0
1327.0,374.0
1327.0,236.0
1327.0,240.0
1328.0,1311.0
1328.0,1083.0
1328.0,1195.0
1328.0,1384.0
1328.0,1381.0
1329.0,241.0
1329.0,248.0
1329.0,505.0
1329.0,1087.0
1329.0,236.0
1330.0,1025.0
1330.0,583.0
1330.0,306.0
1330.0,553.0
1330.0,360.0
1331.0,35.0
1331.0,391.0
1331.0,1191.0
1331.0,897.0
1331.0,630.0
1332.0,183.0
1332.0,352.0
1332.0,1114.0
1332.0,1472.0
1332.0,749.0
1333.0,843.0
1333.0,812.0
1333.0,530.0
1333.0,47.0
1333.0,1305.0
1334.0,101.0
1334.0,1170.0
1334.0,57.0
1334.0,820.0
1334.0,284.0
1335.0,1213.0
1335.0,452.0
1335.0,67.0
1335.0,179.0
1335.0,113.0
1336.0,1344.0
1336.0,809.0
1336.0,673.0
1336.0,608.0
1336.0,495.0
1337.0,450.0
1337.0,922.0
1337.0,1152.0
1337.0,912.0
1337.0,1420.0
1338.0,171.0
1338.0,706.0
1338.0,1133.0
1338.0,439.0
1338.0,1080.0
1339.0,504.0
1339.0,650.0
1339.0,1261.0
1339.0,667.0
1339.0,1233.0
1340.0,320.0
1340.0,1395.0
1340.0,1319.0
1340.0,1475.0
1340.0,1146.0
1341.0,463.0
1341.0,287.0
1341.0,603.0
1341.0,843.0
1341.0,594.0
1342.0,95.0
1342.0,561.0
1342.0,991.0
1342.0,1187.0
1342.0,1033.0
1343.0,1488.0
1343.0,726.0
1343.0,1512.0
1343.0,1450.0
1343.0,1483.0
1344.0,491.0
1344.0,692.0
1344.0,587.0
1344.0,1244.0
1344.0,1491.0
1345.0,1121.0
1345.0,524.0
1345.0,651.0
1345.0,775.0
1345.0,1187.0
1346.0,971.0
1346.0,1305.0
1346.0,1065.0
1346.0,22.0
1346.0,1333.0
1347.0,1139.0
1347.0,384.0
1347.0,579.0
1347.0,943.0
1347.0,1262.0
1348.0,1457.0
1348.0,237.0
1348.0,280.0
1348.0,647.0
1348.0,408.0
1349.0,884.0
1349.0,1420.0
1349.0,1282.0
1349.0,239.0
1349.0,1430.0
1350.0,1227.0
1350.0,1150.0
1350.0,1450.0
1350.0,1503.0
1350.0,94.0
1351.0,1461.0
1351.0,860.0
1351.0,1387.0
1351.0,209.0
1351.0,386.0
1352.0,945.0
1352.0,1058.0
1352.0,300.0
1352.0,891.0
1352.0,332.0
1353.0,135.0
1353.0,470.0
1353.0,562.0
1353.0,281.0
1353.0,1236.0
1354.0,941.0
1354.0,439.0
1354.0,1080.0
1354.0,1133.0
1354.0,1338.0
1355.0,400.0
1355.0,959.0
1355.0,447.0
1355.0,859.0
1355.0,409.0
1356.0,352.0
1356.0,904.0
1356.0,1294.0
1356.0,1114.0
1356.0,1480.0
1357.0,1506.0
1357.0,932.0
1357.0,457.0
1357.0,614.0
1357.0,298.0
1358.0,245.0
1358.0,419.0
1358.0,426.0
1358.0,136.0
1358.0,1164.0
1359.0,712.0
1359.0,101.0
1359.0,438.0
1359.0,1334.0
1359.0,1022.0
1360.0,163.0
1360.0,555.0
1360.0,345.0
1360.0,98.0
1360.0,772.0
1361.0,1285.0
1361.0,126.0
1361.0,347.0
1361.0,67.0
1361.0,310.0
1362.0,919.0
1362.0,697.0
1362.0,981.0
1362.0,266.0
1362.0,1305.0
1363.0,655.0
1363.0,1392.0
1363.0,284.0
1363.0,89.0
1363.0,469.0
1364.0,32.0
1364.0,215.0
1364.0,1355.0
1364.0,294.0
1364.0,990.0
1365.0,822.0
1365.0,744.0
1365.0,72.0
1365.0,1397.0
1365.0,1374.0
1366.0,606.0
1366.0,1393.0
1366.0,804.0
1366.0,1061.0
1366.0,1297.0
1367.0,934.0
1367.0,1347.0
1367.0,673.0
1367.0,1481.0
1367.0,29.0
1368.0,1156.0
1368.0,71.0
1368.0,214.0
1368.0,356.0
1368.0,671.0
1369.0,487.0
1369.0,132.0
1369.0,591.0
1369.0,434.0
1369.0,884.0
1370.0,1453.0
1370.0,732.0
1370.0,634.0
1370.0,374.0
1370.0,1379.0
1371.0,205.0
1371.0,721.0
1371.0,718.0
1371.0,21.0
1371.0,499.0
1372.0,1195.0
1372.0,991.0
1372.0,933.0
1372.0,624.0
1372.0,1192.0
1373.0,847.0
1373.0,1286.0
1373.0,1002.0
1373.0,1100.0
1373.0,297.0
1374.0,983.0
1374.0,404.0
1374.0,1384.0
1374.0,44.0
1374.0,73.0
1375.0,1484.0
1375.0,999.0
1375.0,201.0
1375.0,1501.0
1375.0,81.0
1376.0,534.0
1376.0,495.0
1376.0,113.0
1376.0,176.0
1376.0,1038.0
1377.0,1322.0
1377.0,248.0
1377.0,958.0
1377.0,1483.0
1377.0,124.0
1378.0,669.0
1378.0,444.0
1378.0,623.0
1378.0,498.0
1378.0,918.0
1379.0,1473.0
1379.0,80.0
1379.0,318.0
1379.0,589.0
1379.0,825.0
1380.0,874.0
1380.0,1414.0
1380.0,302.0
1380.0,966.0
1380.0,359.0
1381.0,681.0
1381.0,809.0
1381.0,6.0
1381.0,1256.0
1381.0,444.0
1382.0,640.0
1382.0,1230.0
1382.0,347.0
1382.0,723.0
1382.0,1155.0
1383.0,1384.0
1383.0,327.0
1383.0,16.0
1383.0,794.0
1383.0,774.0
1384.0,1109.0
1384.0,152.0
1384.0,305.0
1384.0,272.0
1384.0,878.0
1385.0,162.0
1385.0,1301.0
1385.0,1073.0
1385.0,1096.0
1385.0,1136.0
1386.0,518.0
1386.0,1115.0
1386.0,90.0
1386.0,77.0
1386.0,1506.0
1387.0,395.0
1387.0,497.0
1387.0,544.0
1387.0,145.0
1387.0,1490.0
1388.0,1045.0
1388.0,1116.0
1388.0,654.0
1388.0,392.0
1388.0,982.0
1389.0,1206.0
1389.0,59.0
1389.0,505.0
1389.0,1113.0
1389.0,274.0
1390.0,1201.0
1390.0,1406.0
1390.0,1003.0
1390.0,565.0
1390.0,663.0
1391.0,1481.0
1391.0,1063.0
1391.0,968.0
1391.0,953.0
1391.0,660.0
1392.0,42.0
1392.0,256.0
1392.0,1334.0
1392.0,997.0
1392.0,820.0
1393.0,378.0
1393.0,715.0
1393.0,1366.0
1393.0,1514.0
1393.0,1198.0
1394.0,1071.0
1394.0,725.0
1394.0,432.0
1394.0,1116.0
1394.0,379.0
1395.0,1200.0
1395.0,1491.0
1395.0,186.0
1395.0,1227.0
1395.0,1176.0
1396.0,7.0
1396.0,436.0
1396.0,1487.0
1396.0,573.0
1396.0,1160.0
1397.0,1438.0
1397.0,1202.0
1397.0,1104.0
1397.0,956.0
1397.0,610.0
1398.0,114.0
1398.0,725.0
1398.0,1125.0
1398.0,1116.0
1398.0,569.0
1399.0,1033.0
1399.0,1305.0
1399.0,1118.0
1399.0,232.0
1399.0,168.0
1400.0,968.0
1400.0,1084.0
1400.0,1332.0
1400.0,1447.0
1400.0,708.0
1401.0,1344.0
1401.0,1046.0
1401.0,1491.0
1401.0,1081.0
1401.0,534.0
1402.0,598.0
1402.0,1297.0
1402.0,532.0
1402.0,832.0
1402.0,266.0
1403.0,112.0
1403.0,540.0
1403.0,1404.0
1403.0,862.0
1403.0,124.0
1404.0,753.0
1404.0,964.0
1404.0,1098.0
1404.0,305.0
1404.0,423.0
1405.0,274.0
1405.0,1374.0
1405.0,596.0
1405.0,1478.0
1405.0,245.0
1406.0,1335.0
1406.0,181.0
1406.0,1001.0
1406.0,448.0
1406.0,620.0
1407.0,523.0
1407.0,93.0
1407.0,1218.0
1407.0,1003.0
1407.0,185.0
1408.0,570.0
1408.0,623.0
1408.0,81.0
1408.0,1036.0
1408.0,446.0
1409.0,1276.0
1409.0,306.0
1409.0,289.0
1409.0,1501.0
1409.0,1068.0
1410.0,798.0
1410.0,271.0
1410.0,1382.0
1410.0,11.0
1410.0,430.0
1411.0,1171.0
1411.0,751.0
1411.0,1105.0
1411.0,20.0
1411.0,1272.0
1412.0,921.0
1412.0,994.0
1412.0,126.0
1412.0,538.0
1412.0,146.0
1413.0,874.0
1413.0,960.0
1413.0,1364.0
1413.0,908.0
1413.0,1396.0
1414.0,960.0
1414.0,1443.0
1414.0,473.0
1414.0,1107.0
1414.0,1364.0
1415.0,391.0
1415.0,767.0
1415.0,1421.0
1415.0,201.0
1415.0,70.0
1416.0,1009.0
1416.0,593.0
1416.0,1024.0
1416.0,1007.0
1416.0,1472.0
1417.0,1424.0
1417.0,581.0
1417.0,467.0
1417.0,1286.0
1417.0,84.0
1418.0,576.0
1418.0,62.0
1418.0,1047.0
1418.0,244.0
1418.0,1258.0
1419.0,445.0
1419.0,1327.0
1419.0,531.0
1419.0,1348.0
1419.0,554.0
1420.0,668.0
1420.0,1430.0
1420.0,1284.0
1420.0,1384.0
1420.0,234.0
1421.0,947.0
1421.0,334.0
1421.0,889.0
1421.0,1312.0
1421.0,770.0
1422.0,336.0
1422.0,1102.0
1422.0,1182.0
1422.0,546.0
1422.0,1141.0
1423.0,538.0
1423.0,310.0
1423.0,663.0
1423.0,192.0
1423.0,476.0
1424.0,467.0
1424.0,292.0
1424.0,1101.0
1424.0,270.0
1424.0,511.0
1425.0,946.0
1425.0,1468.0
1425.0,1103.0
1425.0,1350.0
1425.0,873.0
1426.0,184.0
1426.0,1290.0
1426.0,1083.0
1426.0,509.0
1426.0,995.0
1427.0,103.0
1427.0,396.0
1427.0,1434.0
1427.0,891.0
1427.0,546.0
1428.0,374.0
1428.0,689.0
1428.0,519.0
1428.0,55.0
1428.0,295.0
1429.0,1037.0
1429.0,411.0
1429.0,1176.0
1429.0,828.0
1429.0,397.0
1430.0,884.0
1430.0,509.0
1430.0,1192.0
1430.0,1420.0
1430.0,13.0
1431.0,1083.0
1431.0,1215.0
1431.0,552.0
1431.0,1328.0
1431.0,268.0
1432.0,712.0
1432.0,238.0
1432.0,543.0
1432.0,452.0
1432.0,534.0
1433.0,384.0
1433.0,470.0
1433.0,841.0
1433.0,160.0
1433.0,374.0
1434.0,1472.0
1434.0,212.0
1434.0,810.0
1434.0,1021.0
1434.0,1219.0
1435.0,155.0
1435.0,625.0
1435.0,866.0
1435.0,1026.0
1435.0,13.0
1436.0,626.0
1436.0,403.0
1436.0,592.0
1436.0,1453.0
1436.0,1508.0
1437.0,1123.0
1437.0,207.0
1437.0,793.0
1437.0,1460.0
1437.0,479.0
1438.0,1331.0
1438.0,1092.0
1438.0,878.0
1438.0,1246.0
1438.0,402.0
1439.0,1116.0
1439.0,432.0
1439.0,178.0
1439.0,1075.0
1439.0,392.0
1440.0,465.0
1440.0,1083.0
1440.0,14.0
1440.0,799.0
1440.0,1337.0
1441.0,474.0
1441.0,361.0
1441.0,912.0
1441.0,10.0
1441.0,387.0
1442.0,1405.0
1442.0,817.0
1442.0,608.0
1442.0,155.0
1442.0,625.0
1443.0,174.0
1443.0,1107.0
1443.0,1039.0
1443.0,1232.0
1443.0,411.0
1444.0,1191.0
1444.0,249.0
1444.0,135.0
1444.0,674.0
1444.0,531.0
1445.0,221.0
1445.0,983.0
1445.0,470.0
1445.0,996.0
1445.0,305.0
1446.0,1445.0
1446.0,88.0
1446.0,664.0
1446.0,760.0
1446.0,501.0
1447.0,1427.0
1447.0,697.0
1447.0,1400.0
1447.0,343.0
1447.0,1058.0
1448.0,1286.0
1448.0,876.0
1448.0,1417.0
1448.0,438.0
1448.0,292.0
1449.0,1100.0
1449.0,1273.0
1449.0,477.0
1449.0,656.0
1449.0,790.0
1450.0,554.0
1450.0,602.0
1450.0,296.0
1450.0,737.0
1450.0,1185.0
1451.0,66.0
1451.0,620.0
1451.0,247.0
1451.0,1361.0
1451.0,347.0
1452.0,1203.0
1452.0,130.0
1452.0,97.0
1452.0,424.0
1452.0,410.0
1453.0,153.0
1453.0,1028.0
1453.0,615.0
1453.0,669.0
1453.0,779.0
1454.0,1060.0
1454.0,1151.0
1454.0,775.0
1454.0,437.0
1454.0,884.0
1455.0,83.0
1455.0,272.0
1455.0,202.0
1455.0,1102.0
1455.0,1391.0
1456.0,780.0
1456.0,298.0
1456.0,1405.0
1456.0,1468.0
1456.0,1195.0
1457.0,1289.0
1457.0,479.0
1457.0,1428.0
1457.0,563.0
1457.0,1278.0
1458.0,1291.0
1458.0,447.0
1458.0,157.0
1458.0,1174.0
1458.0,658.0
1459.0,899.0
1459.0,1105.0
1459.0,449.0
1459.0,1171.0
1459.0,1217.0
1460.0,1093.0
1460.0,1348.0
1460.0,1130.0
1460.0,402.0
1460.0,260.0
1461.0,1490.0
1461.0,501.0
1461.0,51.0
1461.0,1293.0
1461.0,663.0
1462.0,505.0
1462.0,1268.0
1462.0,416.0
1462.0,869.0
1462.0,870.0
1463.0,425.0
1463.0,42.0
1463.0,730.0
1463.0,735.0
1463.0,203.0
1464.0,640.0
1464.0,216.0
1464.0,856.0
1464.0,78.0
1464.0,255.0
1465.0,429.0
1465.0,1329.0
1465.0,965.0
1465.0,1062.0
1465.0,196.0
1466.0,1116.0
1466.0,1394.0
1466.0,396.0
1466.0,114.0
1466.0,725.0
1467.0,422.0
1467.0,1127.0
1467.0,516.0
1467.0,65.0
1467.0,383.0
1468.0,983.0
1468.0,1206.0
1468.0,996.0
1468.0,1450.0
1468.0,800.0
1469.0,807.0
1469.0,1316.0
1469.0,125.0
1469.0,1179.0
1469.0,409.0
1470.0,901.0
1470.0,368.0
1470.0,166.0
1470.0,1241.0
1470.0,358.0
1471.0,646.0
1471.0,556.0
1471.0,924.0
1471.0,762.0
1471.0,500.0
1472.0,1493.0
1472.0,1219.0
1472.0,1009.0
1472.0,212.0
1472.0,481.0
1473.0,107.0
1473.0,822.0
1473.0,1484.0
1473.0,381.0
1473.0,595.0
1474.0,980.0
1474.0,1400.0
1474.0,180.0
1474.0,697.0
1474.0,810.0
1475.0,1383.0
1475.0,135.0
1475.0,505.0
1475.0,1381.0
1475.0,1231.0
1476.0,533.0
1476.0,1170.0
1476.0,1299.0
1476.0,40.0
1476.0,1359.0
1477.0,133.0
1477.0,1123.0
1477.0,705.0
1477.0,414.0
1477.0,281.0
1478.0,996.0
1478.0,1283.0
1478.0,1197.0
1478.0,274.0
1478.0,1468.0
1479.0,76.0
1479.0,477.0
1479.0,225.0
1479.0,836.0
1479.0,855.0
1480.0,843.0
1480.0,195.0
1480.0,1134.0
1480.0,1366.0
1480.0,1099.0
1481.0,804.0
1481.0,714.0
1481.0,426.0
1481.0,574.0
1481.0,175.0
1482.0,1006.0
1482.0,760.0
1482.0,1358.0
1482.0,608.0
1482.0,961.0
1483.0,1057.0
1483.0,1315.0
1483.0,296.0
1483.0,444.0
1483.0,1139.0
1484.0,870.0
1484.0,55.0
1484.0,1248.0
1484.0,1208.0
1484.0,1041.0
1485.0,1008.0
1485.0,894.0
1485.0,1149.0
1485.0,581.0
1485.0,1241.0
1486.0,635.0
1486.0,358.0
1486.0,1100.0
1486.0,709.0
1486.0,76.0
1487.0,473.0
1487.0,814.0
1487.0,1107.0
1487.0,33.0
1487.0,1301.0
1488.0,1453.0
1488.0,273.0
1488.0,621.0
1488.0,86.0
1488.0,1028.0
1489.0,1144.0
1489.0,34.0
1489.0,49.0
1489.0,868.0
1489.0,380.0
1490.0,386.0
1490.0,1376.0
1490.0,793.0
1490.0,1104.0
1490.0,886.0
1491.0,726.0
1491.0,784.0
1491.0,595.0
1491.0,1120.0
1491.0,1444.0
1492.0,755.0
1492.0,49.0
1492.0,171.0
1492.0,898.0
1492.0,399.0
1493.0,661.0
1493.0,777.0
1493.0,1219.0
1493.0,682.0
1493.0,1027.0
1494.0,773.0
1494.0,1382.0
1494.0,691.0
1494.0,131.0
1494.0,310.0
1495.0,1154.0
1495.0,1109.0
1495.0,1430.0
1495.0,1396.0
1495.0,1220.0
1496.0,1186.0
1496.0,1141.0
1496.0,968.0
1496.0,1398.0
1496.0,323.0
1497.0,847.0
1497.0,910.0
1497.0,805.0
1497.0,1143.0
1497.0,166.0
1498.0,1028.0
1498.0,145.0
1498.0,1137.0
1498.0,395.0
1498.0,237.0
1499.0,753.0
1499.0,803.0
1499.0,1211.0
1499.0,1098.0
1499.0,838.0
1500.0,1363.0
1500.0,1089.0
1500.0,519.0
1500.0,792.0
1500.0,575.0
1501.0,889.0
1501.0,314.0
1501.0,1140.0
1501.0,96.0
1501.0,1298.0
1502.0,591.0
1502.0,174.0
1502.0,125.0
1502.0,906.0
1502.0,1316.0
1503.0,940.0
1503.0,151.0
1503.0,172.0
1503.0,1000.0
1503.0,841.0
1504.0,356.0
1504.0,92.0
1504.0,500.0
1504.0,1140.0
1504.0,173.0
1505.0,704.0
1505.0,118.0
1505.0,561.0
1505.0,1342.0
1505.0,604.0
1506.0,1337.0
1506.0,946.0
1506.0,884.0
1506.0,1440.0
1506.0,140.0
1507.0,194.0
1507.0,1389.0
1507.0,423.0
1507.0,728.0
1507.0,236.0
1508.0,1442.0
1508.0,378.0
1508.0,199.0
1508.0,501.0
1508.0,10.0
1509.0,712.0
1509.0,893.0
1509.0,1327.0
1509.0,1432.0
1509.0,1276.0
1510.0,312.0
1510.0,382.0
1510.0,1250.0
1510.0,1263.0
1510.0,1300.0
1511.0,1206.0
1511.0,916.0
1511.0,1109.0
1511.0,595.0
1511.0,107.0
1512.0,59.0
1512.0,1023.0
1512.0,465.0
1512.0,1200.0
1512.0,1375.0
1513.0,1040.0
1513.0,24.0
1513.0,317.0
1513.0,1248.0
1513.0,677.0
1514.0,1032.0
1514.0,102.0
1514.0,530.0
1514.0,532.0
1514.0,594.0
1515.0,752.0
1515.0,1304.0
1515.0,471.0
1515.0,216.0
1515.0,896.0
1096.0,0.0
129.0,0.0
900.0,0.0
539.0,0.0
1368.0,0.0
1202.0,1.0
728.0,1.0
498.0,1.0
1150.0,1.0
954.0,1.0
1129.0,2.0
278.0,2.0
160.0,2.0
820.0,2.0
1210.0,2.0
161.0,3.0
238.0,3.0
306.0,3.0
264.0,3.0
113.0,3.0
886.0,4.0
760.0,4.0
1031.0,4.0
404.0,4.0
1126.0,4.0
542.0,5.0
1125.0,5.0
1361.0,5.0
653.0,5.0
1075.0,5.0
633.0,6.0
1012.0,6.0
1407.0,6.0
1244.0,6.0
317.0,6.0
1158.0,7.0
174.0,7.0
906.0,7.0
702.0,7.0
742.0,7.0
1347.0,8.0
320.0,8.0
402.0,8.0
1055.0,8.0
1115.0,8.0
1049.0,9.0
1381.0,9.0
946.0,9.0
1070.0,9.0
630.0,9.0
983.0,10.0
1236.0,10.0
1185.0,10.0
1340.0,10.0
1336.0,10.0
310.0,11.0
1167.0,11.0
1410.0,11.0
50.0,11.0
460.0,11.0
949.0,12.0
910.0,12.0
762.0,12.0
724.0,12.0
68.0,12.0
624.0,13.0
147.0,13.0
77.0,13.0
140.0,13.0
1430.0,13.0
530.0,14.0
1115.0,14.0
55.0,14.0
490.0,14.0
357.0,14.0
548.0,15.0
468.0,15.0
638.0,15.0
808.0,15.0
828.0,15.0
1322.0,16.0
932.0,16.0
803.0,16.0
895.0,16.0
1060.0,16.0
284.0,17.0
1173.0,17.0
1299.0,17.0
1463.0,17.0
42.0,17.0
157.0,18.0
1166.0,18.0
1310.0,18.0
288.0,18.0
400.0,18.0
1078.0,19.0
981.0,19.0
777.0,19.0
1305.0,19.0
1024.0,19.0
98.0,20.0
299.0,20.0
243.0,20.0
1171.0,20.0
1272.0,20.0
1386.0,21.0
1435.0,21.0
1508.0,21.0
1238.0,21.0
608.0,21.0
832.0,22.0
266.0,22.0
87.0,22.0
232.0,22.0
1287.0,22.0
766.0,23.0
1471.0,23.0
556.0,23.0
724.0,23.0
887.0,23.0
1197.0,24.0
849.0,24.0
1103.0,24.0
240.0,24.0
757.0,24.0
1089.0,25.0
1476.0,25.0
771.0,25.0
1170.0,25.0
712.0,25.0
1027.0,26.0
1400.0,26.0
832.0,26.0
1058.0,26.0
891.0,26.0
1297.0,27.0
9.0,27.0
715.0,27.0
1422.0,27.0
1473.0,27.0
1355.0,28.0
1291.0,28.0
1112.0,28.0
119.0,28.0
1254.0,28.0
390.0,29.0
1442.0,29.0
27.0,29.0
496.0,29.0
530.0,29.0
223.0,30.0
1277.0,30.0
440.0,30.0
100.0,30.0
536.0,30.0
349.0,31.0
755.0,31.0
380.0,31.0
1354.0,31.0
512.0,31.0
157.0,32.0
1166.0,32.0
658.0,32.0
116.0,32.0
275.0,32.0
1039.0,33.0
1369.0,33.0
233.0,33.0
436.0,33.0
1179.0,33.0
1144.0,34.0
941.0,34.0
1013.0,34.0
1242.0,34.0
380.0,34.0
1200.0,35.0
1015.0,35.0
967.0,35.0
946.0,35.0
726.0,35.0
404.0,36.0
395.0,36.0
495.0,36.0
549.0,36.0
1271.0,36.0
1254.0,37.0
556.0,37.0
642.0,37.0
315.0,37.0
605.0,37.0
419.0,38.0
742.0,38.0
694.0,38.0
235.0,38.0
1222.0,38.0
99.0,39.0
600.0,39.0
1409.0,39.0
238.0,39.0
853.0,39.0
96.0,40.0
1180.0,40.0
771.0,40.0
962.0,40.0
475.0,40.0
919.0,41.0
891.0,41.0
1058.0,41.0
371.0,41.0
1400.0,41.0
852.0,42.0
735.0,42.0
747.0,42.0
650.0,42.0
585.0,42.0
164.0,43.0
568.0,43.0
443.0,43.0
733.0,43.0
1304.0,43.0
1106.0,44.0
1079.0,44.0
1366.0,44.0
835.0,44.0
1356.0,44.0
713.0,45.0
246.0,45.0
1495.0,45.0
503.0,45.0
139.0,45.0
664.0,46.0
686.0,46.0
886.0,46.0
398.0,46.0
1079.0,46.0
868.0,47.0
287.0,47.0
1043.0,47.0
1514.0,47.0
738.0,47.0
1010.0,48.0
1088.0,48.0
143.0,48.0
1072.0,48.0
612.0,48.0
190.0,49.0
1033.0,49.0
155.0,49.0
115.0,49.0
719.0,49.0
1269.0,50.0
146.0,50.0
652.0,50.0
1494.0,50.0
640.0,50.0
489.0,51.0
442.0,51.0
1361.0,51.0
1324.0,51.0
846.0,51.0
1186.0,52.0
1293.0,52.0
263.0,52.0
1229.0,52.0
1303.0,52.0
1442.0,53.0
330.0,53.0
530.0,53.0
95.0,53.0
1032.0,53.0
1062.0,54.0
884.0,54.0
713.0,54.0
601.0,54.0
1222.0,54.0
808.0,55.0
1181.0,55.0
1462.0,55.0
483.0,55.0
1092.0,55.0
1404.0,56.0
141.0,56.0
528.0,56.0
249.0,56.0
1098.0,56.0
820.0,57.0
1392.0,57.0
456.0,57.0
622.0,57.0
42.0,57.0
106.0,58.0
442.0,58.0
1461.0,58.0
1260.0,58.0
247.0,58.0
472.0,59.0
296.0,59.0
6.0,59.0
8.0,59.0
1513.0,59.0
1217.0,60.0
219.0,60.0
1290.0,60.0
62.0,60.0
1360.0,60.0
1339.0,61.0
1053.0,61.0
271.0,61.0
328.0,61.0
998.0,61.0
1418.0,62.0
244.0,62.0
555.0,62.0
228.0,62.0
1217.0,62.0
1215.0,63.0
440.0,63.0
1107.0,63.0
807.0,63.0
827.0,63.0
1039.0,64.0
1050.0,64.0
1254.0,64.0
900.0,64.0
1136.0,64.0
451.0,65.0
1479.0,65.0
492.0,65.0
578.0,65.0
790.0,65.0
276.0,66.0
883.0,66.0
542.0,66.0
486.0,66.0
1226.0,66.0
695.0,67.0
347.0,67.0
1348.0,67.0
652.0,67.0
1119.0,67.0
629.0,68.0
1035.0,68.0
646.0,68.0
556.0,68.0
1101.0,68.0
921.0,69.0
213.0,69.0
1398.0,69.0
189.0,69.0
1496.0,69.0
1441.0,70.0
841.0,70.0
1126.0,70.0
327.0,70.0
361.0,70.0
836.0,71.0
1317.0,71.0
1143.0,71.0
84.0,71.0
166.0,71.0
1164.0,72.0
1000.0,72.0
281.0,72.0
1389.0,72.0
10.0,72.0
822.0,73.0
1274.0,73.0
90.0,73.0
384.0,73.0
1150.0,73.0
667.0,74.0
872.0,74.0
998.0,74.0
915.0,74.0
89.0,74.0
419.0,75.0
1019.0,75.0
965.0,75.0
1316.0,75.0
1312.0,75.0
477.0,76.0
37.0,76.0
836.0,76.0
111.0,76.0
1479.0,76.0
199.0,77.0
1146.0,77.0
875.0,77.0
1019.0,77.0
1069.0,77.0
328.0,78.0
286.0,78.0
137.0,78.0
304.0,78.0
5.0,78.0
1224.0,79.0
1033.0,79.0
95.0,79.0
1505.0,79.0
1004.0,79.0
419.0,80.0
713.0,80.0
905.0,80.0
124.0,80.0
387.0,80.0
237.0,81.0
145.0,81.0
149.0,81.0
1498.0,81.0
911.0,81.0
224.0,82.0
588.0,82.0
109.0,82.0
1484.0,82.0
70.0,82.0
631.0,83.0
1063.0,83.0
1114.0,83.0
1247.0,83.0
1182.0,83.0
170.0,84.0
297.0,84.0
768.0,84.0
1417.0,84.0
831.0,84.0
649.0,85.0
1080.0,85.0
31.0,85.0
1489.0,85.0
167.0,85.0
888.0,86.0
424.0,86.0
1377.0,86.0
686.0,86.0
996.0,86.0
322.0,87.0
1078.0,87.0
482.0,87.0
763.0,87.0
1065.0,87.0
660.0,88.0
1189.0,88.0
466.0,88.0
291.0,88.0
484.0,88.0
504.0,89.0
1261.0,89.0
1251.0,89.0
667.0,89.0
1339.0,89.0
1468.0,90.0
1353.0,90.0
1231.0,90.0
1456.0,90.0
718.0,90.0
153.0,91.0
1375.0,91.0
1199.0,91.0
983.0,91.0
866.0,91.0
887.0,92.0
71.0,92.0
830.0,92.0
1504.0,92.0
635.0,92.0
1419.0,93.0
999.0,93.0
627.0,93.0
445.0,93.0
418.0,93.0
505.0,94.0
1353.0,94.0
305.0,94.0
384.0,94.0
1040.0,94.0
210.0,95.0
978.0,95.0
1489.0,95.0
1047.0,95.0
34.0,95.0
241.0,96.0
452.0,96.0
962.0,96.0
770.0,96.0
264.0,96.0
88.0,97.0
1477.0,97.0
907.0,97.0
308.0,97.0
886.0,97.0
299.0,98.0
751.0,98.0
1510.0,98.0
243.0,98.0
1066.0,98.0
192.0,99.0
554.0,99.0
365.0,99.0
314.0,99.0
583.0,99.0
239.0,100.0
645.0,100.0
932.0,100.0
223.0,100.0
902.0,100.0
373.0,101.0
1173.0,101.0
1299.0,101.0
1089.0,101.0
1500.0,101.0
1366.0,102.0
1198.0,102.0
1367.0,102.0
530.0,102.0
1279.0,102.0
494.0,103.0
415.0,103.0
489.0,103.0
968.0,103.0
229.0,103.0
414.0,104.0
1255.0,104.0
698.0,104.0
281.0,104.0
199.0,104.0
654.0,105.0
1466.0,105.0
1234.0,105.0
114.0,105.0
379.0,105.0
663.0,106.0
940.0,106.0
418.0,106.0
1252.0,106.0
609.0,106.0
1185.0,107.0
91.0,107.0
828.0,107.0
1513.0,107.0
1140.0,107.0
1504.0,108.0
289.0,108.0
647.0,108.0
607.0,108.0
910.0,108.0
1152.0,109.0
1036.0,109.0
446.0,109.0
417.0,109.0
172.0,109.0
642.0,110.0
1254.0,110.0
23.0,110.0
1136.0,110.0
148.0,110.0
646.0,111.0
76.0,111.0
68.0,111.0
23.0,111.0
1479.0,111.0
949.0,112.0
696.0,112.0
444.0,112.0
344.0,112.0
1154.0,112.0
579.0,113.0
485.0,113.0
916.0,113.0
58.0,113.0
627.0,113.0
367.0,114.0
1427.0,114.0
1131.0,114.0
564.0,114.0
52.0,114.0
287.0,115.0
804.0,115.0
705.0,115.0
1371.0,115.0
632.0,115.0
487.0,116.0
288.0,116.0
461.0,116.0
1042.0,116.0
1107.0,116.0
529.0,117.0
454.0,117.0
789.0,117.0
1501.0,117.0
926.0,117.0
1258.0,118.0
1367.0,118.0
158.0,118.0
978.0,118.0
1033.0,118.0
658.0,119.0
400.0,119.0
619.0,119.0
279.0,119.0
1042.0,119.0
197.0,120.0
994.0,120.0
1234.0,120.0
276.0,120.0
347.0,120.0
1143.0,121.0
962.0,121.0
144.0,121.0
989.0,121.0
1359.0,121.0
301.0,122.0
191.0,122.0
807.0,122.0
861.0,122.0
628.0,122.0
177.0,123.0
795.0,123.0
253.0,123.0
802.0,123.0
1441.0,123.0
758.0,124.0
1098.0,124.0
905.0,124.0
1107.0,124.0
693.0,124.0
742.0,125.0
1429.0,125.0
312.0,125.0
1357.0,125.0
1311.0,125.0
1324.0,126.0
1307.0,126.0
46.0,126.0
476.0,126.0
1218.0,126.0
612.0,127.0
233.0,127.0
143.0,127.0
1072.0,127.0
299.0,127.0
430.0,128.0
1167.0,128.0
494.0,128.0
1460.0,128.0
309.0,128.0
855.0,129.0
639.0,129.0
551.0,129.0
1101.0,129.0
1172.0,129.0
237.0,130.0
1108.0,130.0
1436.0,130.0
662.0,130.0
326.0,130.0
476.0,131.0
670.0,131.0
1280.0,131.0
310.0,131.0
1494.0,131.0
411.0,132.0
795.0,132.0
191.0,132.0
1096.0,132.0
807.0,132.0
870.0,133.0
484.0,133.0
1260.0,133.0
205.0,133.0
217.0,133.0
879.0,134.0
807.0,134.0
389.0,134.0
510.0,134.0
487.0,134.0
407.0,135.0
1225.0,135.0
1309.0,135.0
320.0,135.0
240.0,135.0
1029.0,136.0
1124.0,136.0
1057.0,136.0
687.0,136.0
24.0,136.0
164.0,137.0
304.0,137.0
733.0,137.0
854.0,137.0
1269.0,137.0
1132.0,138.0
659.0,138.0
69.0,138.0
1496.0,138.0
197.0,138.0
958.0,139.0
1404.0,139.0
94.0,139.0
1315.0,139.0
692.0,139.0
147.0,140.0
21.0,140.0
562.0,140.0
818.0,140.0
1238.0,140.0
1311.0,141.0
545.0,141.0
710.0,141.0
879.0,141.0
274.0,141.0
799.0,142.0
628.0,142.0
807.0,142.0
1146.0,142.0
411.0,142.0
874.0,143.0
449.0,143.0
116.0,143.0
275.0,143.0
461.0,143.0
865.0,144.0
783.0,144.0
121.0,144.0
173.0,144.0
251.0,144.0
46.0,145.0
205.0,145.0
130.0,145.0
886.0,145.0
957.0,145.0
1269.0,146.0
67.0,146.0
363.0,146.0
773.0,146.0
1230.0,146.0
753.0,147.0
13.0,147.0
333.0,147.0
357.0,147.0
234.0,147.0
639.0,148.0
1091.0,148.0
924.0,148.0
844.0,148.0
196.0,148.0
1483.0,149.0
1061.0,149.0
860.0,149.0
81.0,149.0
1477.0,149.0
1395.0,150.0
684.0,150.0
1109.0,150.0
142.0,150.0
296.0,150.0
745.0,151.0
842.0,151.0
1248.0,151.0
996.0,151.0
1152.0,151.0
1006.0,152.0
1475.0,152.0
421.0,152.0
403.0,152.0
340.0,152.0
217.0,153.0
384.0,153.0
1057.0,153.0
450.0,153.0
193.0,153.0
1159.0,154.0
1078.0,154.0
812.0,154.0
574.0,154.0
1514.0,154.0
524.0,155.0
1435.0,155.0
1056.0,155.0
780.0,155.0
1095.0,155.0
37.0,156.0
643.0,156.0
1062.0,156.0
129.0,156.0
1316.0,156.0
959.0,157.0
400.0,157.0
658.0,157.0
1188.0,157.0
908.0,157.0
1196.0,158.0
34.0,158.0
285.0,158.0
755.0,158.0
1258.0,158.0
1068.0,159.0
711.0,159.0
93.0,159.0
1025.0,159.0
314.0,159.0
1165.0,160.0
344.0,160.0
1256.0,160.0
1054.0,160.0
540.0,160.0
1264.0,161.0
40.0,161.0
117.0,161.0
989.0,161.0
1014.0,161.0
1074.0,162.0
973.0,162.0
296.0,162.0
1174.0,162.0
516.0,162.0
1300.0,163.0
645.0,163.0
1178.0,163.0
412.0,163.0
1282.0,163.0
896.0,164.0
11.0,164.0
43.0,164.0
78.0,164.0
1335.0,164.0
828.0,165.0
1468.0,165.0
610.0,165.0
1092.0,165.0
890.0,165.0
928.0,166.0
1317.0,166.0
766.0,166.0
639.0,166.0
71.0,166.0
232.0,167.0
1086.0,167.0
649.0,167.0
285.0,167.0
1492.0,167.0
195.0,168.0
1086.0,168.0
1341.0,168.0
558.0,168.0
1118.0,168.0
688.0,169.0
351.0,169.0
312.0,169.0
174.0,169.0
923.0,169.0
368.0,170.0
709.0,170.0
358.0,170.0
1363.0,170.0
292.0,170.0
1196.0,171.0
978.0,171.0
53.0,171.0
1135.0,171.0
898.0,171.0
1271.0,172.0
46.0,172.0
1163.0,172.0
133.0,172.0
94.0,172.0
92.0,173.0
830.0,173.0
297.0,173.0
251.0,173.0
108.0,173.0
1232.0,174.0
862.0,174.0
694.0,174.0
545.0,174.0
884.0,174.0
674.0,175.0
88.0,175.0
337.0,175.0
1481.0,175.0
309.0,175.0
1022.0,176.0
1230.0,176.0
1030.0,176.0
51.0,176.0
192.0,176.0
94.0,177.0
739.0,177.0
870.0,177.0
1103.0,177.0
391.0,177.0
189.0,178.0
654.0,178.0
1045.0,178.0
659.0,178.0
1439.0,178.0
1230.0,179.0
1428.0,179.0
480.0,179.0
1207.0,179.0
823.0,179.0
787.0,180.0
1400.0,180.0
1352.0,180.0
785.0,180.0
481.0,180.0
418.0,181.0
176.0,181.0
1229.0,181.0
841.0,181.0
663.0,181.0
635.0,182.0
292.0,182.0
1008.0,182.0
1111.0,182.0
313.0,182.0
1416.0,183.0
1474.0,183.0
708.0,183.0
1024.0,183.0
1275.0,183.0
210.0,184.0
433.0,184.0
884.0,184.0
464.0,184.0
938.0,184.0
1048.0,185.0
1142.0,185.0
273.0,185.0
258.0,185.0
360.0,185.0
926.0,186.0
194.0,186.0
1237.0,186.0
893.0,186.0
1375.0,186.0
362.0,187.0
615.0,187.0
1438.0,187.0
408.0,187.0
527.0,187.0
479.0,188.0
1422.0,188.0
913.0,188.0
1226.0,188.0
631.0,188.0
568.0,189.0
1125.0,189.0
620.0,189.0
1269.0,189.0
323.0,189.0
1095.0,190.0
95.0,190.0
864.0,190.0
690.0,190.0
1284.0,190.0
134.0,191.0
557.0,191.0
436.0,191.0
1176.0,191.0
813.0,191.0
519.0,192.0
450.0,192.0
695.0,192.0
1419.0,192.0
418.0,192.0
9.0,193.0
384.0,193.0
967.0,193.0
446.0,193.0
1038.0,193.0
269.0,194.0
314.0,194.0
1049.0,194.0
1401.0,194.0
1407.0,194.0
763.0,195.0
929.0,195.0
945.0,195.0
154.0,195.0
1145.0,195.0
214.0,196.0
813.0,196.0
338.0,196.0
949.0,196.0
529.0,196.0
1412.0,197.0
1125.0,197.0
120.0,197.0
78.0,197.0
189.0,197.0
591.0,198.0
1369.0,198.0
948.0,198.0
235.0,198.0
125.0,198.0
964.0,199.0
630.0,199.0
1227.0,199.0
1041.0,199.0
1353.0,199.0
190.0,200.0
399.0,200.0
868.0,200.0
1133.0,200.0
1013.0,200.0
692.0,201.0
1015.0,201.0
293.0,201.0
90.0,201.0
700.0,201.0
114.0,202.0
903.0,202.0
1466.0,202.0
212.0,202.0
810.0,202.0
650.0,203.0
735.0,203.0
1251.0,203.0
42.0,203.0
1173.0,203.0
1394.0,204.0
178.0,204.0
903.0,204.0
593.0,204.0
379.0,204.0
1397.0,205.0
6.0,205.0
531.0,205.0
732.0,205.0
326.0,205.0
1164.0,206.0
595.0,206.0
1231.0,206.0
842.0,206.0
976.0,206.0
307.0,207.0
1064.0,207.0
1247.0,207.0
631.0,207.0
1203.0,207.0
1210.0,208.0
2.0,208.0
1111.0,208.0
1008.0,208.0
278.0,208.0
398.0,209.0
446.0,209.0
517.0,209.0
1276.0,209.0
1314.0,209.0
228.0,210.0
79.0,210.0
239.0,210.0
1360.0,210.0
1187.0,210.0
79.0,211.0
1187.0,211.0
118.0,211.0
228.0,211.0
1067.0,211.0
697.0,212.0
202.0,212.0
1275.0,212.0
394.0,212.0
968.0,212.0
69.0,213.0
994.0,213.0
1234.0,213.0
5.0,213.0
120.0,213.0
634.0,214.0
671.0,214.0
1421.0,214.0
429.0,214.0
338.0,214.0
1413.0,215.0
157.0,215.0
1292.0,215.0
1291.0,215.0
1310.0,215.0
286.0,216.0
1234.0,216.0
752.0,216.0
1515.0,216.0
568.0,216.0
767.0,217.0
964.0,217.0
562.0,217.0
1512.0,217.0
508.0,217.0
202.0,218.0
1024.0,218.0
903.0,218.0
204.0,218.0
708.0,218.0
898.0,219.0
210.0,219.0
244.0,219.0
228.0,219.0
1013.0,219.0
250.0,220.0
1050.0,220.0
629.0,220.0
1174.0,220.0
1107.0,220.0
745.0,221.0
281.0,221.0
1029.0,221.0
1126.0,221.0
246.0,221.0
942.0,222.0
55.0,222.0
687.0,222.0
851.0,222.0
1181.0,222.0
433.0,223.0
743.0,223.0
567.0,223.0
1257.0,223.0
355.0,223.0
86.0,224.0
633.0,224.0
944.0,224.0
996.0,224.0
1513.0,224.0
1373.0,225.0
1486.0,225.0
1470.0,225.0
170.0,225.0
1100.0,225.0
982.0,226.0
229.0,226.0
1125.0,226.0
138.0,226.0
197.0,226.0
672.0,227.0
383.0,227.0
908.0,227.0
37.0,227.0
1074.0,227.0
1418.0,228.0
219.0,228.0
210.0,228.0
463.0,228.0
685.0,228.0
5.0,229.0
1125.0,229.0
1303.0,229.0
1141.0,229.0
653.0,229.0
883.0,230.0
231.0,230.0
880.0,230.0
1361.0,230.0
1462.0,230.0
1422.0,231.0
1307.0,231.0
410.0,231.0
911.0,231.0
741.0,231.0
19.0,232.0
168.0,232.0
755.0,232.0
1080.0,232.0
637.0,232.0
458.0,233.0
124.0,233.0
892.0,233.0
440.0,233.0
1259.0,233.0
1195.0,234.0
1503.0,234.0
1244.0,234.0
199.0,234.0
413.0,234.0
545.0,235.0
742.0,235.0
63.0,235.0
767.0,235.0
979.0,235.0
1468.0,236.0
445.0,236.0
508.0,236.0
1353.0,236.0
897.0,236.0
1371.0,237.0
326.0,237.0
1441.0,237.0
1498.0,237.0
1437.0,237.0
475.0,238.0
1432.0,238.0
319.0,238.0
84.0,238.0
93.0,238.0
1060.0,239.0
361.0,239.0
1268.0,239.0
141.0,239.0
651.0,239.0
863.0,240.0
483.0,240.0
1148.0,240.0
281.0,240.0
1281.0,240.0
964.0,241.0
1068.0,241.0
1037.0,241.0
1197.0,241.0
1425.0,241.0
575.0,242.0
1014.0,242.0
203.0,242.0
101.0,242.0
1089.0,242.0
163.0,243.0
1171.0,243.0
1300.0,243.0
1510.0,243.0
1151.0,243.0
321.0,244.0
439.0,244.0
228.0,244.0
1004.0,244.0
1360.0,244.0
1374.0,245.0
860.0,245.0
421.0,245.0
662.0,245.0
698.0,245.0
774.0,246.0
417.0,246.0
376.0,246.0
1185.0,246.0
692.0,246.0
360.0,247.0
476.0,247.0
1428.0,247.0
480.0,247.0
560.0,247.0
829.0,248.0
485.0,248.0
1312.0,248.0
815.0,248.0
1154.0,248.0
767.0,249.0
1377.0,249.0
562.0,249.0
753.0,249.0
592.0,249.0
447.0,250.0
436.0,250.0
488.0,250.0
1107.0,250.0
302.0,250.0
786.0,251.0
1497.0,251.0
409.0,251.0
709.0,251.0
467.0,251.0
1450.0,252.0
505.0,252.0
909.0,252.0
1070.0,252.0
873.0,252.0
678.0,253.0
329.0,253.0
488.0,253.0
389.0,253.0
1136.0,253.0
1444.0,254.0
165.0,254.0
135.0,254.0
153.0,254.0
870.0,254.0
1034.0,255.0
120.0,255.0
460.0,255.0
146.0,255.0
310.0,255.0
831.0,256.0
997.0,256.0
820.0,256.0
1500.0,256.0
1210.0,256.0
172.0,257.0
269.0,257.0
989.0,257.0
770.0,257.0
962.0,257.0
583.0,258.0
317.0,258.0
15.0,258.0
1419.0,258.0
193.0,258.0
1465.0,259.0
813.0,259.0
724.0,259.0
1085.0,259.0
389.0,259.0
549.0,260.0
727.0,260.0
907.0,260.0
402.0,260.0
774.0,260.0
415.0,261.0
1186.0,261.0
955.0,261.0
105.0,261.0
741.0,261.0
196.0,262.0
844.0,262.0
1035.0,262.0
23.0,262.0
12.0,262.0
1398.0,263.0
52.0,263.0
880.0,263.0
1361.0,263.0
616.0,263.0
571.0,264.0
1180.0,264.0
438.0,264.0
39.0,264.0
857.0,264.0
1189.0,265.0
417.0,265.0
1379.0,265.0
1283.0,265.0
1323.0,265.0
22.0,266.0
87.0,266.0
1321.0,266.0
919.0,266.0
782.0,266.0
413.0,267.0
948.0,267.0
1212.0,267.0
75.0,267.0
1435.0,267.0
387.0,268.0
1311.0,268.0
1211.0,268.0
1222.0,268.0
1431.0,268.0
257.0,269.0
455.0,269.0
1415.0,269.0
1140.0,269.0
889.0,269.0
582.0,270.0
1286.0,270.0
882.0,270.0
635.0,270.0
358.0,270.0
1339.0,271.0
667.0,271.0
137.0,271.0
1170.0,271.0
1410.0,271.0
754.0,272.0
570.0,272.0
520.0,272.0
911.0,272.0
352.0,272.0
1343.0,273.0
819.0,273.0
1462.0,273.0
240.0,273.0
466.0,273.0
718.0,274.0
249.0,274.0
1255.0,274.0
673.0,274.0
201.0,274.0
990.0,275.0
960.0,275.0
215.0,275.0
1010.0,275.0
28.0,275.0
1167.0,276.0
489.0,276.0
597.0,276.0
568.0,276.0
825.0,276.0
1348.0,277.0
689.0,277.0
427.0,277.0
565.0,277.0
498.0,277.0
768.0,278.0
368.0,278.0
917.0,278.0
1117.0,278.0
581.0,278.0
447.0,279.0
658.0,279.0
1458.0,279.0
116.0,279.0
275.0,279.0
848.0,280.0
1252.0,280.0
393.0,280.0
277.0,280.0
58.0,280.0
947.0,281.0
1236.0,281.0
1384.0,281.0
1068.0,281.0
1070.0,281.0
1415.0,282.0
1154.0,282.0
1383.0,282.0
112.0,282.0
677.0,282.0
225.0,283.0
813.0,283.0
1318.0,283.0
887.0,283.0
364.0,283.0
1392.0,284.0
89.0,284.0
769.0,284.0
846.0,284.0
560.0,284.0
706.0,285.0
158.0,285.0
941.0,285.0
1133.0,285.0
1338.0,285.0
120.0,286.0
189.0,286.0
1234.0,286.0
197.0,286.0
982.0,286.0
845.0,287.0
1514.0,287.0
763.0,287.0
428.0,287.0
195.0,287.0
1088.0,288.0
1010.0,288.0
619.0,288.0
1188.0,288.0
931.0,288.0
857.0,289.0
885.0,289.0
319.0,289.0
3.0,289.0
789.0,289.0
883.0,290.0
231.0,290.0
968.0,290.0
105.0,290.0
188.0,290.0
1387.0,291.0
880.0,291.0
835.0,291.0
1452.0,291.0
497.0,291.0
970.0,292.0
238.0,292.0
792.0,292.0
831.0,292.0
182.0,292.0
774.0,293.0
6.0,293.0
596.0,293.0
1327.0,293.0
1026.0,293.0
1249.0,294.0
658.0,294.0
28.0,294.0
18.0,294.0
119.0,294.0
506.0,295.0
1122.0,295.0
736.0,295.0
1280.0,295.0
535.0,295.0
1507.0,296.0
366.0,296.0
1036.0,296.0
1068.0,296.0
1208.0,296.0
1143.0,297.0
251.0,297.0
270.0,297.0
225.0,297.0
1100.0,297.0
1161.0,298.0
118.0,298.0
525.0,298.0
1386.0,298.0
1328.0,298.0
1171.0,299.0
1411.0,299.0
412.0,299.0
243.0,299.0
751.0,299.0
212.0,300.0
1131.0,300.0
593.0,300.0
343.0,300.0
1427.0,300.0
75.0,301.0
1148.0,301.0
861.0,301.0
762.0,301.0
235.0,301.0
312.0,302.0
250.0,302.0
1443.0,302.0
436.0,302.0
908.0,302.0
1018.0,303.0
1263.0,303.0
431.0,303.0
1510.0,303.0
1259.0,303.0
733.0,304.0
164.0,304.0
1410.0,304.0
856.0,304.0
137.0,304.0
341.0,305.0
767.0,305.0
1475.0,305.0
1511.0,305.0
59.0,305.0
1390.0,306.0
324.0,306.0
3.0,306.0
644.0,306.0
1.0,306.0
1203.0,307.0
149.0,307.0
1460.0,307.0
1201.0,307.0
955.0,307.0
801.0,308.0
188.0,308.0
940.0,308.0
307.0,308.0
881.0,308.0
479.0,309.0
1189.0,309.0
546.0,309.0
1351.0,309.0
386.0,309.0
640.0,310.0
1230.0,310.0
769.0,310.0
1288.0,310.0
1494.0,310.0
887.0,311.0
68.0,311.0
855.0,311.0
488.0,311.0
924.0,311.0
679.0,312.0
751.0,312.0
743.0,312.0
437.0,312.0
1158.0,312.0
970.0,313.0
600.0,313.0
730.0,313.0
84.0,313.0
238.0,313.0
193.0,314.0
964.0,314.0
889.0,314.0
1315.0,314.0
484.0,314.0
639.0,315.0
492.0,315.0
1424.0,315.0
928.0,315.0
656.0,315.0
482.0,316.0
594.0,316.0
577.0,316.0
738.0,316.0
929.0,316.0
1433.0,317.0
534.0,317.0
1370.0,317.0
177.0,317.0
1070.0,317.0
839.0,318.0
677.0,318.0
1146.0,318.0
822.0,318.0
508.0,318.0
264.0,319.0
1183.0,319.0
324.0,319.0
289.0,319.0
438.0,319.0
1512.0,320.0
954.0,320.0
305.0,320.0
107.0,320.0
916.0,320.0
941.0,321.0
1282.0,321.0
1402.0,321.0
561.0,321.0
79.0,321.0
929.0,322.0
22.0,322.0
1321.0,322.0
1270.0,322.0
1305.0,322.0
1125.0,323.0
542.0,323.0
750.0,323.0
1186.0,323.0
507.0,323.0
1180.0,324.0
1207.0,324.0
1314.0,324.0
1276.0,324.0
534.0,324.0
1389.0,325.0
165.0,325.0
1512.0,325.0
1046.0,325.0
1453.0,325.0
497.0,326.0
705.0,326.0
1452.0,326.0
549.0,326.0
886.0,326.0
398.0,327.0
1475.0,327.0
1228.0,327.0
803.0,327.0
518.0,327.0
915.0,328.0
425.0,328.0
271.0,328.0
74.0,328.0
61.0,328.0
861.0,329.0
965.0,329.0
0.0,329.0
1062.0,329.0
411.0,329.0
641.0,330.0
704.0,330.0
755.0,330.0
1013.0,330.0
1242.0,330.0
422.0,331.0
1214.0,331.0
1467.0,331.0
372.0,331.0
37.0,331.0
1366.0,332.0
287.0,332.0
195.0,332.0
1402.0,332.0
1079.0,332.0
1430.0,333.0
268.0,333.0
624.0,333.0
933.0,333.0
1454.0,333.0
1120.0,334.0
829.0,334.0
435.0,334.0
177.0,334.0
621.0,334.0
659.0,335.0
138.0,335.0
1076.0,335.0
216.0,335.0
569.0,335.0
1075.0,336.0
697.0,336.0
481.0,336.0
1275.0,336.0
1332.0,336.0
674.0,337.0
1366.0,337.0
1279.0,337.0
1302.0,337.0
44.0,337.0
259.0,338.0
976.0,338.0
1235.0,338.0
246.0,338.0
1091.0,338.0
775.0,339.0
351.0,339.0
147.0,339.0
1151.0,339.0
437.0,339.0
224.0,340.0
1104.0,340.0
70.0,340.0
791.0,340.0
684.0,340.0
1197.0,341.0
1503.0,341.0
490.0,341.0
254.0,341.0
86.0,341.0
1322.0,342.0
1069.0,342.0
1154.0,342.0
1421.0,342.0
1450.0,342.0
1400.0,343.0
632.0,343.0
1131.0,343.0
785.0,343.0
1352.0,343.0
1049.0,344.0
259.0,344.0
802.0,344.0
529.0,344.0
847.0,344.0
431.0,345.0
1300.0,345.0
1240.0,345.0
437.0,345.0
125.0,345.0
1275.0,346.0
183.0,346.0
1332.0,346.0
1416.0,346.0
1024.0,346.0
1234.0,347.0
1382.0,347.0
695.0,347.0
1155.0,347.0
229.0,347.0
1073.0,348.0
1467.0,348.0
1301.0,348.0
0.0,348.0
1050.0,348.0
945.0,349.0
1346.0,349.0
637.0,349.0
482.0,349.0
558.0,349.0
1302.0,350.0
755.0,350.0
200.0,350.0
1489.0,350.0
1333.0,350.0
624.0,351.0
938.0,351.0
679.0,351.0
359.0,351.0
1158.0,351.0
945.0,352.0
337.0,352.0
632.0,352.0
1354.0,352.0
1356.0,352.0
1501.0,353.0
344.0,353.0
1421.0,353.0
1096.0,353.0
989.0,353.0
1416.0,354.0
1427.0,354.0
202.0,354.0
1169.0,354.0
1009.0,354.0
969.0,355.0
351.0,355.0
590.0,355.0
975.0,355.0
1239.0,355.0
389.0,356.0
1085.0,356.0
262.0,356.0
409.0,356.0
1368.0,356.0
1306.0,357.0
1271.0,357.0
1453.0,357.0
1194.0,357.0
1371.0,357.0
1486.0,358.0
894.0,358.0
847.0,358.0
581.0,358.0
901.0,358.0
617.0,359.0
1277.0,359.0
874.0,359.0
950.0,359.0
1188.0,359.0
692.0,360.0
600.0,360.0
1156.0,360.0
468.0,360.0
526.0,360.0
806.0,361.0
366.0,361.0
954.0,361.0
779.0,361.0
621.0,361.0
1090.0,362.0
72.0,362.0
222.0,362.0
1123.0,362.0
46.0,362.0
1261.0,363.0
310.0,363.0
146.0,363.0
921.0,363.0
748.0,363.0
144.0,364.0
500.0,364.0
283.0,364.0
762.0,364.0
292.0,364.0
1330.0,365.0
314.0,365.0
40.0,365.0
96.0,365.0
543.0,365.0
1164.0,366.0
592.0,366.0
1124.0,366.0
977.0,366.0
1350.0,366.0
1466.0,367.0
1131.0,367.0
396.0,367.0
336.0,367.0
415.0,367.0
1373.0,368.0
173.0,368.0
1149.0,368.0
208.0,368.0
1485.0,368.0
1196.0,369.0
380.0,369.0
171.0,369.0
1338.0,369.0
1135.0,369.0
1150.0,370.0
984.0,370.0
557.0,370.0
1475.0,370.0
503.0,370.0
903.0,371.0
777.0,371.0
840.0,371.0
682.0,371.0
1493.0,371.0
488.0,372.0
1096.0,372.0
762.0,372.0
1128.0,372.0
516.0,372.0
131.0,373.0
748.0,373.0
872.0,373.0
453.0,373.0
1410.0,373.0
824.0,374.0
1281.0,374.0
258.0,374.0
588.0,374.0
638.0,374.0
1144.0,375.0
1346.0,375.0
158.0,375.0
1399.0,375.0
168.0,375.0
1098.0,376.0
153.0,376.0
1148.0,376.0
340.0,376.0
587.0,376.0
333.0,377.0
385.0,377.0
1309.0,377.0
902.0,377.0
1238.0,377.0
937.0,378.0
632.0,378.0
1102.0,378.0
532.0,378.0
1356.0,378.0
396.0,379.0
708.0,379.0
204.0,379.0
202.0,379.0
903.0,379.0
927.0,380.0
1480.0,380.0
285.0,380.0
168.0,380.0
512.0,380.0
611.0,381.0
421.0,381.0
1236.0,381.0
1090.0,381.0
177.0,381.0
931.0,382.0
303.0,382.0
826.0,382.0
1158.0,382.0
355.0,382.0
227.0,383.0
657.0,383.0
973.0,383.0
672.0,383.0
605.0,383.0
1383.0,384.0
109.0,384.0
340.0,384.0
1453.0,384.0
1146.0,384.0
150.0,385.0
186.0,385.0
954.0,385.0
457.0,385.0
1176.0,385.0
739.0,386.0
944.0,386.0
869.0,386.0
147.0,386.0
495.0,386.0
589.0,387.0
803.0,387.0
199.0,387.0
141.0,387.0
327.0,387.0
653.0,388.0
1045.0,388.0
982.0,388.0
541.0,388.0
1308.0,388.0
515.0,389.0
765.0,389.0
970.0,389.0
122.0,389.0
828.0,389.0
1038.0,390.0
1228.0,390.0
1278.0,390.0
1450.0,390.0
187.0,390.0
1353.0,391.0
829.0,391.0
1237.0,391.0
806.0,391.0
793.0,391.0
569.0,392.0
1439.0,392.0
1388.0,392.0
1308.0,392.0
982.0,392.0
686.0,393.0
756.0,393.0
565.0,393.0
720.0,393.0
153.0,393.0
1024.0,394.0
354.0,394.0
1352.0,394.0
1219.0,394.0
1427.0,394.0
911.0,395.0
574.0,395.0
91.0,395.0
501.0,395.0
1325.0,395.0
1021.0,396.0
1466.0,396.0
1141.0,396.0
708.0,396.0
1116.0,396.0
273.0,397.0
916.0,397.0
700.0,397.0
6.0,397.0
946.0,397.0
414.0,398.0
1139.0,398.0
1477.0,398.0
1436.0,398.0
390.0,398.0
991.0,399.0
95.0,399.0
1004.0,399.0
1242.0,399.0
1290.0,399.0
1188.0,400.0
1355.0,400.0
1292.0,400.0
1052.0,400.0
1291.0,400.0
877.0,401.0
652.0,401.0
469.0,401.0
985.0,401.0
769.0,401.0
1046.0,402.0
611.0,402.0
728.0,402.0
1079.0,402.0
837.0,402.0
149.0,403.0
147.0,403.0
1456.0,403.0
1435.0,403.0
407.0,403.0
1038.0,404.0
140.0,404.0
1293.0,404.0
410.0,404.0
686.0,404.0
701.0,405.0
1261.0,405.0
914.0,405.0
480.0,405.0
854.0,405.0
282.0,406.0
257.0,406.0
1298.0,406.0
1012.0,406.0
186.0,406.0
731.0,407.0
450.0,407.0
1000.0,407.0
1026.0,407.0
1453.0,407.0
498.0,408.0
848.0,408.0
1030.0,408.0
489.0,408.0
1348.0,408.0
783.0,409.0
976.0,409.0
1295.0,409.0
12.0,409.0
338.0,409.0
497.0,410.0
36.0,410.0
631.0,410.0
188.0,410.0
1452.0,410.0
1215.0,411.0
1469.0,411.0
930.0,411.0
1316.0,411.0
253.0,411.0
1077.0,412.0
1282.0,412.0
163.0,412.0
1178.0,412.0
899.0,412.0
841.0,413.0
984.0,413.0
863.0,413.0
240.0,413.0
1148.0,413.0
963.0,414.0
1163.0,414.0
1507.0,414.0
1225.0,414.0
325.0,414.0
1193.0,415.0
1427.0,415.0
1190.0,415.0
1452.0,415.0
725.0,415.0
944.0,416.0
135.0,416.0
1344.0,416.0
1278.0,416.0
611.0,416.0
757.0,417.0
1343.0,417.0
390.0,417.0
466.0,417.0
1064.0,417.0
689.0,418.0
176.0,418.0
519.0,418.0
1326.0,418.0
82.0,418.0
301.0,419.0
1414.0,419.0
683.0,419.0
45.0,419.0
147.0,419.0
88.0,420.0
1190.0,420.0
448.0,420.0
955.0,420.0
1038.0,420.0
91.0,421.0
718.0,421.0
152.0,421.0
245.0,421.0
867.0,421.0
642.0,422.0
1245.0,422.0
1467.0,422.0
1127.0,422.0
1214.0,422.0
1126.0,423.0
252.0,423.0
1353.0,423.0
1157.0,423.0
1150.0,423.0
246.0,424.0
404.0,424.0
136.0,424.0
281.0,424.0
1126.0,424.0
146.0,425.0
405.0,425.0
636.0,425.0
1167.0,425.0
363.0,425.0
1481.0,426.0
102.0,426.0
530.0,426.0
804.0,426.0
154.0,426.0
506.0,427.0
1461.0,427.0
1003.0,427.0
1451.0,427.0
181.0,427.0
603.0,428.0
195.0,428.0
980.0,428.0
155.0,428.0
1402.0,428.0
551.0,429.0
75.0,429.0
434.0,429.0
601.0,429.0
814.0,429.0
1423.0,430.0
1348.0,430.0
493.0,430.0
921.0,430.0
957.0,430.0
303.0,431.0
612.0,431.0
1263.0,431.0
931.0,431.0
48.0,431.0
1076.0,432.0
1132.0,432.0
1439.0,432.0
982.0,432.0
1116.0,432.0
21.0,433.0
713.0,433.0
524.0,433.0
457.0,433.0
879.0,433.0
429.0,434.0
1050.0,434.0
734.0,434.0
1062.0,434.0
63.0,434.0
1433.0,435.0
726.0,435.0
1087.0,435.0
909.0,435.0
1165.0,435.0
1414.0,436.0
487.0,436.0
1259.0,436.0
950.0,436.0
461.0,436.0
333.0,437.0
772.0,437.0
938.0,437.0
1018.0,437.0
590.0,437.0
247.0,438.0
1089.0,438.0
1014.0,438.0
1509.0,438.0
644.0,438.0
1013.0,439.0
1354.0,439.0
1099.0,439.0
369.0,439.0
200.0,439.0
975.0,440.0
743.0,440.0
906.0,440.0
536.0,440.0
464.0,440.0
1272.0,441.0
1178.0,441.0
1217.0,441.0
1459.0,441.0
244.0,441.0
5.0,442.0
430.0,442.0
58.0,442.0
420.0,442.0
1190.0,442.0
164.0,443.0
856.0,443.0
733.0,443.0
78.0,443.0
1464.0,443.0
946.0,444.0
613.0,444.0
1268.0,444.0
1197.0,444.0
648.0,444.0
455.0,445.0
1037.0,445.0
1070.0,445.0
926.0,445.0
1055.0,445.0
86.0,446.0
956.0,446.0
1445.0,446.0
1148.0,446.0
1228.0,446.0
33.0,447.0
1042.0,447.0
617.0,447.0
64.0,447.0
28.0,447.0
1280.0,448.0
535.0,448.0
1122.0,448.0
50.0,448.0
1207.0,448.0
1072.0,449.0
431.0,449.0
1011.0,449.0
797.0,449.0
461.0,449.0
1023.0,450.0
1113.0,450.0
416.0,450.0
472.0,450.0
1137.0,450.0
477.0,451.0
1172.0,451.0
656.0,451.0
578.0,451.0
173.0,451.0
96.0,452.0
435.0,452.0
789.0,452.0
24.0,452.0
353.0,452.0
179.0,453.0
853.0,453.0
872.0,453.0
50.0,453.0
1451.0,453.0
602.0,454.0
756.0,454.0
529.0,454.0
583.0,454.0
96.0,454.0
583.0,455.0
1237.0,455.0
108.0,455.0
160.0,455.0
194.0,455.0
469.0,456.0
1129.0,456.0
585.0,456.0
566.0,456.0
820.0,456.0
895.0,457.0
1256.0,457.0
1146.0,457.0
700.0,457.0
681.0,457.0
1215.0,458.0
75.0,458.0
1098.0,458.0
573.0,458.0
235.0,458.0
835.0,459.0
1366.0,459.0
352.0,459.0
632.0,459.0
936.0,459.0
1230.0,460.0
517.0,460.0
405.0,460.0
652.0,460.0
1412.0,460.0
702.0,461.0
116.0,461.0
127.0,461.0
223.0,461.0
908.0,461.0
163.0,462.0
1411.0,462.0
1459.0,462.0
834.0,462.0
1077.0,462.0
1333.0,463.0
332.0,463.0
316.0,463.0
375.0,463.0
782.0,463.0
1158.0,464.0
184.0,464.0
1192.0,464.0
1195.0,464.0
1060.0,464.0
86.0,465.0
9.0,465.0
27.0,465.0
317.0,465.0
850.0,465.0
165.0,466.0
1015.0,466.0
318.0,466.0
526.0,466.0
8.0,466.0
1143.0,467.0
297.0,467.0
1044.0,467.0
173.0,467.0
607.0,467.0
40.0,468.0
693.0,468.0
454.0,468.0
1264.0,468.0
926.0,468.0
25.0,469.0
853.0,469.0
1129.0,469.0
1334.0,469.0
256.0,469.0
483.0,470.0
1148.0,470.0
860.0,470.0
1248.0,470.0
592.0,470.0
538.0,471.0
276.0,471.0
216.0,471.0
286.0,471.0
120.0,471.0
1164.0,472.0
1347.0,472.0
82.0,472.0
1000.0,472.0
59.0,472.0
965.0,473.0
80.0,473.0
458.0,473.0
364.0,473.0
1316.0,473.0
878.0,474.0
1036.0,474.0
916.0,474.0
445.0,474.0
1379.0,474.0
1432.0,475.0
514.0,475.0
365.0,475.0
117.0,475.0
374.0,475.0
310.0,476.0
480.0,476.0
848.0,476.0
1335.0,476.0
1252.0,476.0
836.0,477.0
1467.0,477.0
315.0,477.0
1479.0,477.0
492.0,477.0
382.0,478.0
1066.0,478.0
299.0,478.0
1217.0,478.0
20.0,478.0
953.0,479.0
497.0,479.0
403.0,479.0
145.0,479.0
1437.0,479.0
1190.0,480.0
1122.0,480.0
448.0,480.0
1280.0,480.0
192.0,480.0
1275.0,481.0
1474.0,481.0
1182.0,481.0
708.0,481.0
777.0,481.0
1065.0,482.0
1399.0,482.0
322.0,482.0
971.0,482.0
722.0,482.0
314.0,483.0
633.0,483.0
613.0,483.0
1268.0,483.0
199.0,483.0
957.0,484.0
1201.0,484.0
499.0,484.0
139.0,484.0
1390.0,484.0
165.0,485.0
324.0,485.0
86.0,485.0
1419.0,485.0
720.0,485.0
955.0,486.0
1126.0,486.0
498.0,486.0
308.0,486.0
1477.0,486.0
1138.0,487.0
434.0,487.0
191.0,487.0
473.0,487.0
734.0,487.0
1471.0,488.0
1082.0,488.0
1479.0,488.0
928.0,488.0
855.0,488.0
1285.0,489.0
1168.0,489.0
1304.0,489.0
1167.0,489.0
276.0,489.0
1208.0,490.0
1478.0,490.0
1274.0,490.0
850.0,490.0
1268.0,490.0
897.0,491.0
151.0,491.0
726.0,491.0
1148.0,491.0
1336.0,491.0
1449.0,492.0
111.0,492.0
582.0,492.0
821.0,492.0
539.0,492.0
308.0,493.0
691.0,493.0
1226.0,493.0
1190.0,493.0
66.0,493.0
188.0,494.0
430.0,494.0
58.0,494.0
1226.0,494.0
627.0,494.0
362.0,495.0
940.0,495.0
744.0,495.0
944.0,495.0
935.0,495.0
1159.0,496.0
1016.0,496.0
428.0,496.0
27.0,496.0
1306.0,496.0
326.0,497.0
133.0,497.0
565.0,497.0
5.0,497.0
664.0,497.0
398.0,498.0
247.0,498.0
1201.0,498.0
565.0,498.0
58.0,498.0
1064.0,499.0
983.0,499.0
549.0,499.0
81.0,499.0
91.0,499.0
1035.0,500.0
356.0,500.0
830.0,500.0
910.0,500.0
492.0,500.0
497.0,501.0
1247.0,501.0
1203.0,501.0
470.0,501.0
520.0,501.0
642.0,502.0
1184.0,502.0
492.0,502.0
855.0,502.0
657.0,502.0
1311.0,503.0
45.0,503.0
1429.0,503.0
397.0,503.0
515.0,503.0
328.0,504.0
998.0,504.0
667.0,504.0
723.0,504.0
915.0,504.0
398.0,505.0
1425.0,505.0
1209.0,505.0
252.0,505.0
1278.0,505.0
181.0,506.0
1230.0,506.0
1280.0,506.0
985.0,506.0
1382.0,506.0
544.0,507.0
494.0,507.0
787.0,507.0
231.0,507.0
913.0,507.0
851.0,508.0
1378.0,508.0
947.0,508.0
466.0,508.0
1375.0,508.0
1026.0,509.0
1386.0,509.0
561.0,509.0
95.0,509.0
668.0,509.0
259.0,510.0
409.0,510.0
1085.0,510.0
406.0,510.0
734.0,510.0
600.0,511.0
553.0,511.0
159.0,511.0
885.0,511.0
40.0,511.0
232.0,512.0
31.0,512.0
1118.0,512.0
167.0,512.0
1133.0,512.0
613.0,513.0
770.0,513.0
1054.0,513.0
109.0,513.0
534.0,513.0
1298.0,514.0
828.0,514.0
112.0,514.0
833.0,514.0
1101.0,514.0
1329.0,515.0
75.0,515.0
948.0,515.0
742.0,515.0
1098.0,515.0
1020.0,516.0
591.0,516.0
502.0,516.0
311.0,516.0
129.0,516.0
1348.0,517.0
313.0,517.0
670.0,517.0
1122.0,517.0
819.0,517.0
780.0,518.0
1195.0,518.0
690.0,518.0
764.0,518.0
1440.0,518.0
238.0,519.0
374.0,519.0
1432.0,519.0
873.0,519.0
498.0,519.0
1435.0,520.0
426.0,520.0
1159.0,520.0
1481.0,520.0
403.0,520.0
17.0,521.0
1463.0,521.0
1363.0,521.0
50.0,521.0
1251.0,521.0
62.0,522.0
898.0,522.0
158.0,522.0
439.0,522.0
244.0,522.0
1423.0,523.0
1177.0,523.0
1124.0,523.0
1453.0,523.0
1191.0,523.0
704.0,524.0
1121.0,524.0
298.0,524.0
716.0,524.0
1360.0,524.0
1372.0,525.0
239.0,525.0
776.0,525.0
333.0,525.0
1420.0,525.0
759.0,526.0
1.0,526.0
374.0,526.0
254.0,526.0
381.0,526.0
957.0,527.0
36.0,527.0
1498.0,527.0
205.0,527.0
851.0,527.0
1344.0,528.0
587.0,528.0
802.0,528.0
38.0,528.0
246.0,528.0
258.0,529.0
813.0,529.0
134.0,529.0
551.0,529.0
965.0,529.0
927.0,530.0
520.0,530.0
608.0,530.0
532.0,530.0
496.0,530.0
1262.0,531.0
172.0,531.0
495.0,531.0
737.0,531.0
88.0,531.0
27.0,532.0
1366.0,532.0
459.0,532.0
154.0,532.0
1106.0,532.0
101.0,533.0
3.0,533.0
560.0,533.0
805.0,533.0
1299.0,533.0
236.0,534.0
365.0,534.0
1225.0,534.0
1507.0,534.0
24.0,534.0
453.0,535.0
1207.0,535.0
25.0,535.0
295.0,535.0
50.0,535.0
545.0,536.0
892.0,536.0
1311.0,536.0
884.0,536.0
339.0,536.0
413.0,537.0
133.0,537.0
273.0,537.0
1503.0,537.0
1030.0,537.0
1030.0,538.0
286.0,538.0
1515.0,538.0
1155.0,538.0
1464.0,538.0
821.0,539.0
166.0,539.0
148.0,539.0
1471.0,539.0
68.0,539.0
802.0,540.0
296.0,540.0
1120.0,540.0
503.0,540.0
56.0,540.0
178.0,541.0
659.0,541.0
388.0,541.0
392.0,541.0
1496.0,541.0
563.0,542.0
323.0,542.0
1303.0,542.0
1186.0,542.0
1234.0,542.0
465.0,543.0
234.0,543.0
1227.0,543.0
841.0,543.0
217.0,543.0
801.0,544.0
886.0,544.0
343.0,544.0
105.0,544.0
290.0,544.0
764.0,545.0
125.0,545.0
710.0,545.0
1316.0,545.0
100.0,545.0
544.0,546.0
415.0,546.0
860.0,546.0
697.0,546.0
1422.0,546.0
1426.0,547.0
1430.0,547.0
1345.0,547.0
1224.0,547.0
898.0,547.0
353.0,548.0
1012.0,548.0
1087.0,548.0
909.0,548.0
770.0,548.0
886.0,549.0
88.0,549.0
1297.0,549.0
91.0,549.0
149.0,549.0
97.0,550.0
1137.0,550.0
665.0,550.0
402.0,550.0
822.0,550.0
108.0,551.0
783.0,551.0
671.0,551.0
529.0,551.0
762.0,551.0
54.0,552.0
950.0,552.0
1431.0,552.0
1277.0,552.0
694.0,552.0
805.0,553.0
771.0,553.0
455.0,553.0
39.0,553.0
920.0,553.0
1375.0,554.0
613.0,554.0
99.0,554.0
374.0,554.0
186.0,554.0
462.0,555.0
1250.0,555.0
62.0,555.0
1418.0,555.0
1178.0,555.0
642.0,556.0
372.0,556.0
1020.0,556.0
1091.0,556.0
1172.0,556.0
123.0,557.0
240.0,557.0
142.0,557.0
1433.0,557.0
1377.0,557.0
1399.0,558.0
1341.0,558.0
1480.0,558.0
594.0,558.0
47.0,558.0
1436.0,559.0
4.0,559.0
9.0,559.0
1438.0,559.0
1371.0,559.0
712.0,560.0
1094.0,560.0
1003.0,560.0
306.0,560.0
689.0,560.0
934.0,561.0
1345.0,561.0
1242.0,561.0
118.0,561.0
228.0,561.0
863.0,562.0
175.0,562.0
1000.0,562.0
1023.0,562.0
14.0,562.0
1122.0,563.0
1234.0,563.0
393.0,563.0
128.0,563.0
1064.0,563.0
1303.0,564.0
1045.0,564.0
52.0,564.0
1186.0,564.0
138.0,564.0
1252.0,565.0
1490.0,565.0
483.0,565.0
1478.0,565.0
36.0,565.0
997.0,566.0
1129.0,566.0
622.0,566.0
57.0,566.0
917.0,566.0
1161.0,567.0
239.0,567.0
624.0,567.0
1420.0,567.0
518.0,567.0
1494.0,568.0
120.0,568.0
695.0,568.0
69.0,568.0
1193.0,568.0
1116.0,569.0
392.0,569.0
1439.0,569.0
541.0,569.0
178.0,569.0
1262.0,570.0
721.0,570.0
1181.0,570.0
1397.0,570.0
421.0,570.0
857.0,571.0
438.0,571.0
712.0,571.0
468.0,571.0
96.0,571.0
740.0,572.0
1507.0,572.0
1327.0,572.0
613.0,572.0
519.0,572.0
1431.0,573.0
1429.0,573.0
1364.0,573.0
950.0,573.0
1158.0,573.0
754.0,574.0
1397.0,574.0
83.0,574.0
549.0,574.0
272.0,574.0
820.0,575.0
796.0,575.0
580.0,575.0
792.0,575.0
675.0,575.0
834.0,576.0
244.0,576.0
612.0,576.0
1418.0,576.0
547.0,576.0
1302.0,577.0
322.0,577.0
971.0,577.0
980.0,577.0
1514.0,577.0
65.0,578.0
477.0,578.0
492.0,578.0
790.0,578.0
656.0,578.0
474.0,579.0
153.0,579.0
341.0,579.0
686.0,579.0
1202.0,579.0
857.0,580.0
553.0,580.0
25.0,580.0
885.0,580.0
374.0,580.0
1002.0,581.0
1485.0,581.0
1149.0,581.0
1008.0,581.0
182.0,581.0
635.0,582.0
251.0,582.0
1117.0,582.0
1318.0,582.0
225.0,582.0
523.0,583.0
543.0,583.0
613.0,583.0
870.0,583.0
418.0,583.0
587.0,584.0
267.0,584.0
1029.0,584.0
385.0,584.0
77.0,584.0
1223.0,585.0
735.0,585.0
1221.0,585.0
456.0,585.0
1392.0,585.0
191.0,586.0
965.0,586.0
129.0,586.0
338.0,586.0
802.0,586.0
1403.0,587.0
713.0,587.0
884.0,587.0
419.0,587.0
948.0,587.0
221.0,588.0
490.0,588.0
8.0,588.0
1397.0,588.0
1197.0,588.0
1386.0,589.0
696.0,589.0
1322.0,589.0
692.0,589.0
1236.0,589.0
1372.0,590.0
775.0,590.0
1077.0,590.0
355.0,590.0
772.0,590.0
127.0,591.0
678.0,591.0
250.0,591.0
473.0,591.0
959.0,591.0
799.0,592.0
9.0,592.0
700.0,592.0
806.0,592.0
873.0,592.0
218.0,593.0
346.0,593.0
1007.0,593.0
1131.0,593.0
379.0,593.0
195.0,594.0
738.0,594.0
1043.0,594.0
1294.0,594.0
316.0,594.0
1281.0,595.0
1322.0,595.0
1068.0,595.0
249.0,595.0
505.0,595.0
470.0,596.0
1209.0,596.0
1309.0,596.0
407.0,596.0
474.0,596.0
128.0,597.0
563.0,597.0
1234.0,597.0
1266.0,597.0
848.0,597.0
1108.0,598.0
21.0,598.0
1284.0,598.0
81.0,598.0
760.0,598.0
1079.0,599.0
911.0,599.0
871.0,599.0
837.0,599.0
527.0,599.0
438.0,600.0
1014.0,600.0
634.0,600.0
571.0,600.0
939.0,600.0
233.0,601.0
387.0,601.0
38.0,601.0
979.0,601.0
552.0,601.0
870.0,602.0
474.0,602.0
361.0,602.0
55.0,602.0
873.0,602.0
27.0,603.0
721.0,603.0
1032.0,603.0
307.0,603.0
530.0,603.0
561.0,604.0
1242.0,604.0
1342.0,604.0
558.0,604.0
1489.0,604.0
1073.0,605.0
680.0,605.0
973.0,605.0
383.0,605.0
65.0,605.0
332.0,606.0
715.0,606.0
1296.0,606.0
1393.0,606.0
175.0,606.0
729.0,607.0
282.0,607.0
353.0,607.0
1055.0,607.0
257.0,607.0
1437.0,608.0
570.0,608.0
603.0,608.0
1006.0,608.0
1482.0,608.0
1293.0,609.0
347.0,609.0
1218.0,609.0
1201.0,609.0
652.0,609.0
870.0,610.0
800.0,610.0
615.0,610.0
474.0,610.0
293.0,610.0
983.0,611.0
1041.0,611.0
249.0,611.0
794.0,611.0
809.0,611.0
169.0,612.0
303.0,612.0
174.0,612.0
1232.0,612.0
382.0,612.0
1037.0,613.0
398.0,613.0
588.0,613.0
909.0,613.0
317.0,613.0
419.0,614.0
1019.0,614.0
1244.0,614.0
589.0,614.0
267.0,614.0
870.0,615.0
867.0,615.0
82.0,615.0
483.0,615.0
252.0,615.0
398.0,616.0
36.0,616.0
1093.0,616.0
1387.0,616.0
192.0,616.0
1413.0,617.0
372.0,617.0
781.0,617.0
1385.0,617.0
122.0,617.0
373.0,618.0
42.0,618.0
1288.0,618.0
735.0,618.0
747.0,618.0
1291.0,619.0
447.0,619.0
1188.0,619.0
1052.0,619.0
400.0,619.0
1155.0,620.0
985.0,620.0
1412.0,620.0
880.0,620.0
640.0,620.0
1197.0,621.0
109.0,621.0
849.0,621.0
1202.0,621.0
423.0,621.0
566.0,622.0
585.0,622.0
917.0,622.0
1223.0,622.0
1117.0,622.0
109.0,623.0
222.0,623.0
1041.0,623.0
793.0,623.0
794.0,623.0
1502.0,624.0
30.0,624.0
743.0,624.0
879.0,624.0
975.0,624.0
1284.0,625.0
56.0,625.0
995.0,625.0
641.0,625.0
1408.0,625.0
1104.0,626.0
550.0,626.0
937.0,626.0
421.0,626.0
1365.0,626.0
404.0,627.0
1000.0,627.0
788.0,627.0
445.0,627.0
398.0,627.0
1511.0,628.0
1019.0,628.0
135.0,628.0
827.0,628.0
77.0,628.0
1050.0,629.0
1385.0,629.0
900.0,629.0
0.0,629.0
487.0,629.0
1512.0,630.0
236.0,630.0
1462.0,630.0
1.0,630.0
1343.0,630.0
291.0,631.0
1102.0,631.0
727.0,631.0
886.0,631.0
913.0,631.0
1114.0,632.0
1102.0,632.0
1247.0,632.0
606.0,632.0
858.0,632.0
318.0,633.0
1336.0,633.0
1028.0,633.0
206.0,633.0
361.0,633.0
435.0,634.0
1421.0,634.0
831.0,634.0
909.0,634.0
1298.0,634.0
1317.0,635.0
581.0,635.0
270.0,635.0
1470.0,635.0
170.0,635.0
448.0,636.0
985.0,636.0
1280.0,636.0
506.0,636.0
295.0,636.0
232.0,637.0
167.0,637.0
349.0,637.0
53.0,637.0
168.0,637.0
452.0,638.0
444.0,638.0
40.0,638.0
1048.0,638.0
805.0,638.0
924.0,639.0
1172.0,639.0
1471.0,639.0
1091.0,639.0
1264.0,639.0
67.0,640.0
1155.0,640.0
1119.0,640.0
310.0,640.0
1382.0,640.0
155.0,641.0
1284.0,641.0
496.0,641.0
983.0,641.0
716.0,641.0
813.0,642.0
502.0,642.0
1136.0,642.0
1101.0,642.0
928.0,642.0
1012.0,643.0
338.0,643.0
1465.0,643.0
487.0,643.0
196.0,643.0
949.0,644.0
1432.0,644.0
1055.0,644.0
560.0,644.0
1014.0,644.0
1060.0,645.0
864.0,645.0
245.0,645.0
1192.0,645.0
1238.0,645.0
356.0,646.0
311.0,646.0
1267.0,646.0
450.0,646.0
262.0,646.0
962.0,647.0
1314.0,647.0
711.0,647.0
418.0,647.0
1326.0,647.0
1023.0,648.0
1262.0,648.0
185.0,648.0
1092.0,648.0
490.0,648.0
1099.0,649.0
350.0,649.0
512.0,649.0
637.0,649.0
380.0,649.0
1230.0,650.0
1288.0,650.0
1233.0,650.0
1339.0,650.0
823.0,650.0
1187.0,651.0
645.0,651.0
223.0,651.0
1456.0,651.0
239.0,651.0
723.0,652.0
295.0,652.0
1230.0,652.0
1280.0,652.0
985.0,652.0
103.0,653.0
640.0,653.0
542.0,653.0
207.0,653.0
1361.0,653.0
1394.0,654.0
432.0,654.0
1466.0,654.0
1071.0,654.0
1116.0,654.0
1221.0,655.0
1359.0,655.0
1299.0,655.0
1334.0,655.0
17.0,655.0
65.0,656.0
821.0,656.0
473.0,656.0
0.0,656.0
227.0,656.0
836.0,657.0
1020.0,657.0
1467.0,657.0
973.0,657.0
678.0,657.0
1291.0,658.0
294.0,658.0
619.0,658.0
215.0,658.0
1107.0,658.0
982.0,659.0
569.0,659.0
432.0,659.0
541.0,659.0
1045.0,659.0
308.0,660.0
479.0,660.0
741.0,660.0
1031.0,660.0
749.0,660.0
1058.0,661.0
371.0,661.0
778.0,661.0
300.0,661.0
777.0,661.0
721.0,662.0
1503.0,662.0
245.0,662.0
611.0,662.0
152.0,662.0
106.0,663.0
187.0,663.0
1457.0,663.0
609.0,663.0
1375.0,663.0
774.0,664.0
1378.0,664.0
446.0,664.0
570.0,664.0
1201.0,664.0
260.0,665.0
188.0,665.0
839.0,665.0
237.0,665.0
1293.0,665.0
1284.0,666.0
496.0,666.0
1056.0,666.0
155.0,666.0
1006.0,666.0
1339.0,667.0
748.0,667.0
74.0,667.0
271.0,667.0
853.0,667.0
1060.0,668.0
1067.0,668.0
1345.0,668.0
995.0,668.0
719.0,668.0
393.0,669.0
1153.0,669.0
739.0,669.0
774.0,669.0
788.0,669.0
636.0,670.0
179.0,670.0
11.0,670.0
1335.0,670.0
131.0,670.0
112.0,671.0
1012.0,671.0
529.0,671.0
196.0,671.0
248.0,671.0
1073.0,672.0
227.0,672.0
1214.0,672.0
680.0,672.0
605.0,672.0
81.0,673.0
842.0,673.0
866.0,673.0
1358.0,673.0
1000.0,673.0
27.0,674.0
1393.0,674.0
804.0,674.0
154.0,674.0
1114.0,674.0
703.0,675.0
1382.0,675.0
101.0,675.0
1363.0,675.0
993.0,675.0
243.0,676.0
590.0,676.0
906.0,676.0
1253.0,676.0
1240.0,676.0
136.0,677.0
1512.0,677.0
1092.0,677.0
930.0,677.0
1281.0,677.0
329.0,678.0
0.0,678.0
132.0,678.0
928.0,678.0
1051.0,678.0
938.0,679.0
169.0,679.0
688.0,679.0
931.0,679.0
1250.0,679.0
672.0,680.0
657.0,680.0
973.0,680.0
516.0,680.0
64.0,680.0
1311.0,681.0
13.0,681.0
147.0,681.0
1006.0,681.0
1344.0,681.0
1007.0,682.0
777.0,682.0
371.0,682.0
1027.0,682.0
1352.0,682.0
884.0,683.0
80.0,683.0
1431.0,683.0
1456.0,683.0
838.0,683.0
958.0,684.0
217.0,684.0
1453.0,684.0
199.0,684.0
1404.0,684.0
79.0,685.0
60.0,685.0
576.0,685.0
706.0,685.0
62.0,685.0
1093.0,686.0
260.0,686.0
1104.0,686.0
825.0,686.0
1278.0,686.0
172.0,687.0
1441.0,687.0
897.0,687.0
1314.0,687.0
82.0,687.0
7.0,688.0
966.0,688.0
169.0,688.0
679.0,688.0
1232.0,688.0
176.0,689.0
505.0,689.0
977.0,689.0
360.0,689.0
572.0,689.0
934.0,690.0
1032.0,690.0
1016.0,690.0
200.0,690.0
155.0,690.0
489.0,691.0
563.0,691.0
597.0,691.0
263.0,691.0
1226.0,691.0
199.0,692.0
1283.0,692.0
946.0,692.0
252.0,692.0
916.0,692.0
1421.0,693.0
1081.0,693.0
529.0,693.0
758.0,693.0
344.0,693.0
54.0,694.0
1176.0,694.0
906.0,694.0
1097.0,694.0
33.0,694.0
568.0,695.0
1155.0,695.0
1477.0,695.0
1190.0,695.0
1307.0,695.0
1206.0,696.0
806.0,696.0
916.0,696.0
791.0,696.0
1475.0,696.0
1434.0,697.0
1427.0,697.0
1009.0,697.0
1169.0,697.0
1472.0,697.0
29.0,698.0
961.0,698.0
274.0,698.0
1371.0,698.0
1115.0,698.0
848.0,699.0
427.0,699.0
448.0,699.0
1213.0,699.0
974.0,699.0
151.0,700.0
56.0,700.0
14.0,700.0
1059.0,700.0
240.0,700.0
164.0,701.0
471.0,701.0
363.0,701.0
1410.0,701.0
733.0,701.0
601.0,702.0
127.0,702.0
874.0,702.0
7.0,702.0
1259.0,702.0
796.0,703.0
453.0,703.0
735.0,703.0
667.0,703.0
521.0,703.0
1258.0,704.0
200.0,704.0
1047.0,704.0
1242.0,704.0
1013.0,704.0
531.0,705.0
791.0,705.0
1137.0,705.0
1038.0,705.0
291.0,705.0
350.0,706.0
200.0,706.0
1067.0,706.0
85.0,706.0
690.0,706.0
810.0,707.0
1216.0,707.0
19.0,707.0
778.0,707.0
682.0,707.0
218.0,708.0
810.0,708.0
394.0,708.0
1024.0,708.0
746.0,708.0
358.0,709.0
1012.0,709.0
847.0,709.0
1317.0,709.0
811.0,709.0
301.0,710.0
601.0,710.0
1176.0,710.0
235.0,710.0
807.0,710.0
159.0,711.0
181.0,711.0
583.0,711.0
1037.0,711.0
644.0,711.0
40.0,712.0
1280.0,712.0
3.0,712.0
438.0,712.0
96.0,712.0
1152.0,713.0
681.0,713.0
614.0,713.0
75.0,713.0
710.0,713.0
1212.0,714.0
1498.0,714.0
1255.0,714.0
626.0,714.0
794.0,714.0
594.0,715.0
835.0,715.0
606.0,715.0
845.0,715.0
1290.0,715.0
1345.0,716.0
1342.0,716.0
713.0,716.0
991.0,716.0
79.0,716.0
899.0,717.0
1459.0,717.0
60.0,717.0
1217.0,717.0
351.0,717.0
70.0,718.0
27.0,718.0
1441.0,718.0
818.0,718.0
1367.0,718.0
190.0,719.0
1257.0,719.0
1282.0,719.0
49.0,719.0
1328.0,719.0
999.0,720.0
277.0,720.0
944.0,720.0
109.0,720.0
745.0,720.0
1296.0,721.0
918.0,721.0
1358.0,721.0
633.0,721.0
1029.0,721.0
1106.0,722.0
594.0,722.0
87.0,722.0
232.0,722.0
1065.0,722.0
1428.0,723.0
735.0,723.0
1230.0,723.0
453.0,723.0
877.0,723.0
134.0,724.0
586.0,724.0
540.0,724.0
1176.0,724.0
409.0,724.0
1131.0,725.0
178.0,725.0
659.0,725.0
105.0,725.0
750.0,725.0
1228.0,726.0
1098.0,726.0
320.0,726.0
194.0,726.0
246.0,726.0
1246.0,727.0
1079.0,727.0
1490.0,727.0
97.0,727.0
130.0,727.0
1276.0,728.0
1419.0,728.0
1227.0,728.0
633.0,728.0
1202.0,728.0
1064.0,729.0
1444.0,729.0
136.0,729.0
584.0,729.0
958.0,729.0
242.0,730.0
997.0,730.0
182.0,730.0
1359.0,730.0
1476.0,730.0
6.0,731.0
341.0,731.0
888.0,731.0
918.0,731.0
1389.0,731.0
1503.0,732.0
24.0,732.0
1092.0,732.0
878.0,732.0
863.0,732.0
701.0,733.0
1261.0,733.0
1464.0,733.0
856.0,733.0
137.0,733.0
965.0,734.0
191.0,734.0
214.0,734.0
68.0,734.0
409.0,734.0
703.0,735.0
747.0,735.0
1183.0,735.0
17.0,735.0
998.0,735.0
1457.0,736.0
1390.0,736.0
306.0,736.0
106.0,736.0
1000.0,736.0
870.0,737.0
860.0,737.0
1276.0,737.0
1503.0,737.0
1375.0,737.0
763.0,738.0
674.0,738.0
606.0,738.0
594.0,738.0
1480.0,738.0
423.0,739.0
1046.0,739.0
265.0,739.0
1331.0,739.0
745.0,739.0
1347.0,740.0
870.0,740.0
1397.0,740.0
759.0,740.0
325.0,740.0
1021.0,741.0
631.0,741.0
1455.0,741.0
396.0,741.0
968.0,741.0
339.0,742.0
710.0,742.0
862.0,742.0
268.0,742.0
1017.0,742.0
645.0,743.0
1282.0,743.0
668.0,743.0
339.0,743.0
1192.0,743.0
732.0,744.0
172.0,744.0
1055.0,744.0
963.0,744.0
1150.0,744.0
1419.0,745.0
416.0,745.0
491.0,745.0
1425.0,745.0
8.0,745.0
204.0,746.0
810.0,746.0
1308.0,746.0
1071.0,746.0
379.0,746.0
1463.0,747.0
575.0,747.0
517.0,747.0
618.0,747.0
1299.0,747.0
1410.0,748.0
986.0,748.0
993.0,748.0
1261.0,748.0
1204.0,748.0
982.0,749.0
1460.0,749.0
994.0,749.0
1175.0,749.0
52.0,749.0
546.0,750.0
881.0,750.0
308.0,750.0
114.0,750.0
1102.0,750.0
1411.0,751.0
382.0,751.0
1272.0,751.0
1105.0,751.0
1282.0,751.0
471.0,752.0
216.0,752.0
620.0,752.0
1515.0,752.0
43.0,752.0
16.0,753.0
803.0,753.0
274.0,753.0
1357.0,753.0
895.0,753.0
1442.0,754.0
1108.0,754.0
674.0,754.0
1294.0,754.0
1446.0,754.0
1133.0,755.0
1492.0,755.0
285.0,755.0
369.0,755.0
1354.0,755.0
572.0,756.0
1428.0,756.0
179.0,756.0
962.0,756.0
117.0,756.0
977.0,757.0
1484.0,757.0
732.0,757.0
165.0,757.0
1256.0,757.0
112.0,758.0
729.0,758.0
282.0,758.0
827.0,758.0
724.0,758.0
1154.0,759.0
1054.0,759.0
1433.0,759.0
977.0,759.0
1331.0,759.0
327.0,760.0
549.0,760.0
662.0,760.0
1203.0,760.0
395.0,760.0
482.0,761.0
375.0,761.0
722.0,761.0
1354.0,761.0
868.0,761.0
356.0,762.0
671.0,762.0
1220.0,762.0
887.0,762.0
12.0,762.0
558.0,763.0
195.0,763.0
1489.0,763.0
868.0,763.0
1043.0,763.0
1238.0,764.0
433.0,764.0
184.0,764.0
140.0,764.0
13.0,764.0
305.0,765.0
252.0,765.0
809.0,765.0
562.0,765.0
1057.0,765.0
71.0,766.0
283.0,766.0
1172.0,766.0
492.0,766.0
539.0,766.0
1473.0,767.0
35.0,767.0
744.0,767.0
615.0,767.0
73.0,767.0
2.0,768.0
1117.0,768.0
1111.0,768.0
917.0,768.0
1210.0,768.0
1269.0,769.0
159.0,769.0
476.0,769.0
1122.0,769.0
489.0,769.0
99.0,770.0
554.0,770.0
1323.0,770.0
638.0,770.0
186.0,770.0
1334.0,771.0
730.0,771.0
655.0,771.0
319.0,771.0
1476.0,771.0
590.0,772.0
243.0,772.0
892.0,772.0
899.0,772.0
775.0,772.0
146.0,773.0
733.0,773.0
568.0,773.0
506.0,773.0
1412.0,773.0
562.0,774.0
1054.0,774.0
10.0,774.0
9.0,774.0
1248.0,774.0
1192.0,775.0
1282.0,775.0
651.0,775.0
1171.0,775.0
624.0,775.0
1282.0,776.0
1430.0,776.0
1161.0,776.0
1195.0,776.0
1349.0,776.0
661.0,777.0
1007.0,777.0
682.0,777.0
1493.0,777.0
180.0,777.0
682.0,778.0
1480.0,778.0
41.0,778.0
980.0,778.0
661.0,778.0
1036.0,779.0
249.0,779.0
193.0,779.0
526.0,779.0
199.0,779.0
641.0,780.0
1056.0,780.0
357.0,780.0
625.0,780.0
1284.0,780.0
1355.0,781.0
1291.0,781.0
275.0,781.0
1136.0,781.0
1188.0,781.0
1134.0,782.0
1287.0,782.0
1362.0,782.0
951.0,782.0
981.0,782.0
1433.0,783.0
634.0,783.0
671.0,783.0
548.0,783.0
338.0,783.0
1465.0,784.0
759.0,784.0
1377.0,784.0
1415.0,784.0
75.0,784.0
1027.0,785.0
544.0,785.0
343.0,785.0
1182.0,785.0
1216.0,785.0
1504.0,786.0
582.0,786.0
1486.0,786.0
709.0,786.0
364.0,786.0
212.0,787.0
41.0,787.0
1472.0,787.0
336.0,787.0
674.0,787.0
519.0,788.0
55.0,788.0
737.0,788.0
24.0,788.0
863.0,788.0
353.0,789.0
1156.0,789.0
600.0,789.0
910.0,789.0
976.0,789.0
451.0,790.0
477.0,790.0
656.0,790.0
65.0,790.0
578.0,790.0
9.0,791.0
1209.0,791.0
413.0,791.0
366.0,791.0
1353.0,791.0
25.0,792.0
1509.0,792.0
292.0,792.0
283.0,792.0
1251.0,792.0
1405.0,793.0
1137.0,793.0
149.0,793.0
86.0,793.0
384.0,793.0
73.0,794.0
791.0,794.0
474.0,794.0
767.0,794.0
800.0,794.0
150.0,795.0
191.0,795.0
827.0,795.0
1415.0,795.0
262.0,795.0
256.0,796.0
161.0,796.0
1334.0,796.0
1463.0,796.0
242.0,796.0
1088.0,797.0
215.0,797.0
1010.0,797.0
288.0,797.0
18.0,797.0
823.0,798.0
271.0,798.0
1410.0,798.0
748.0,798.0
373.0,798.0
14.0,799.0
1211.0,799.0
850.0,799.0
802.0,799.0
1231.0,799.0
870.0,800.0
361.0,800.0
93.0,800.0
819.0,800.0
222.0,800.0
309.0,801.0
1325.0,801.0
83.0,801.0
741.0,801.0
290.0,801.0
1312.0,802.0
765.0,802.0
1384.0,802.0
557.0,802.0
1415.0,802.0
1098.0,803.0
139.0,803.0
1148.0,803.0
376.0,803.0
107.0,803.0
1367.0,804.0
91.0,804.0
115.0,804.0
625.0,804.0
21.0,804.0
313.0,805.0
857.0,805.0
792.0,805.0
970.0,805.0
1014.0,805.0
6.0,806.0
9.0,806.0
1256.0,806.0
615.0,806.0
878.0,806.0
268.0,807.0
124.0,807.0
827.0,807.0
411.0,807.0
1292.0,807.0
570.0,808.0
398.0,808.0
784.0,808.0
199.0,808.0
767.0,808.0
1358.0,809.0
1255.0,809.0
403.0,809.0
1336.0,809.0
537.0,809.0
1169.0,810.0
204.0,810.0
593.0,810.0
1102.0,810.0
1472.0,810.0
1497.0,811.0
553.0,811.0
1417.0,811.0
1448.0,811.0
1424.0,811.0
715.0,812.0
1393.0,812.0
102.0,812.0
1480.0,812.0
845.0,812.0
762.0,813.0
12.0,813.0
529.0,813.0
634.0,813.0
338.0,813.0
930.0,814.0
540.0,814.0
1301.0,814.0
63.0,814.0
965.0,814.0
1401.0,815.0
909.0,815.0
1377.0,815.0
1154.0,815.0
1415.0,815.0
274.0,816.0
1164.0,816.0
1265.0,816.0
1508.0,816.0
1336.0,816.0
1056.0,817.0
567.0,817.0
1189.0,817.0
1442.0,817.0
321.0,817.0
21.0,818.0
79.0,818.0
1372.0,818.0
625.0,818.0
961.0,818.0
252.0,819.0
499.0,819.0
136.0,819.0
1037.0,819.0
240.0,819.0
1392.0,820.0
876.0,820.0
580.0,820.0
1334.0,820.0
796.0,820.0
110.0,821.0
1245.0,821.0
556.0,821.0
1051.0,821.0
315.0,821.0
390.0,822.0
1148.0,822.0
1260.0,822.0
1478.0,822.0
839.0,822.0
993.0,823.0
735.0,823.0
74.0,823.0
872.0,823.0
650.0,823.0
943.0,824.0
295.0,824.0
480.0,824.0
736.0,824.0
1001.0,824.0
1262.0,825.0
72.0,825.0
1446.0,825.0
1206.0,825.0
714.0,825.0
1018.0,826.0
1066.0,826.0
1011.0,826.0
1263.0,826.0
612.0,826.0
411.0,827.0
802.0,827.0
528.0,827.0
795.0,827.0
1215.0,827.0
342.0,828.0
1235.0,828.0
890.0,828.0
409.0,828.0
1087.0,828.0
671.0,829.0
1329.0,829.0
185.0,829.0
1433.0,829.0
893.0,829.0
92.0,830.0
356.0,830.0
311.0,830.0
551.0,830.0
283.0,830.0
1149.0,831.0
1448.0,831.0
1243.0,831.0
1476.0,831.0
182.0,831.0
1078.0,832.0
891.0,832.0
316.0,832.0
1294.0,832.0
919.0,832.0
15.0,833.0
342.0,833.0
1312.0,833.0
1513.0,833.0
257.0,833.0
184.0,834.0
412.0,834.0
462.0,834.0
1253.0,834.0
30.0,834.0
1175.0,835.0
47.0,835.0
1084.0,835.0
1114.0,835.0
1108.0,835.0
492.0,836.0
111.0,836.0
451.0,836.0
582.0,836.0
1479.0,836.0
1478.0,837.0
104.0,837.0
1268.0,837.0
1444.0,837.0
374.0,837.0
77.0,838.0
80.0,838.0
235.0,838.0
1357.0,838.0
1239.0,838.0
1315.0,839.0
234.0,839.0
589.0,839.0
1453.0,839.0
340.0,839.0
919.0,840.0
661.0,840.0
777.0,840.0
1493.0,840.0
778.0,840.0
816.0,841.0
1126.0,841.0
1185.0,841.0
800.0,841.0
849.0,841.0
72.0,842.0
1268.0,842.0
390.0,842.0
1405.0,842.0
1293.0,842.0
1043.0,843.0
558.0,843.0
1341.0,843.0
594.0,843.0
287.0,843.0
110.0,844.0
1020.0,844.0
37.0,844.0
162.0,844.0
23.0,844.0
936.0,845.0
428.0,845.0
763.0,845.0
287.0,845.0
352.0,845.0
652.0,846.0
1155.0,846.0
50.0,846.0
401.0,846.0
189.0,846.0
831.0,847.0
1448.0,847.0
1318.0,847.0
1267.0,847.0
1497.0,847.0
597.0,848.0
442.0,848.0
51.0,848.0
1451.0,848.0
1457.0,848.0
788.0,849.0
273.0,849.0
1248.0,849.0
822.0,849.0
1384.0,849.0
1350.0,850.0
895.0,850.0
1473.0,850.0
996.0,850.0
1212.0,850.0
55.0,851.0
361.0,851.0
1262.0,851.0
774.0,851.0
1191.0,851.0
1210.0,852.0
203.0,852.0
876.0,852.0
667.0,852.0
17.0,852.0
1359.0,853.0
1476.0,853.0
872.0,853.0
40.0,853.0
655.0,853.0
443.0,854.0
1204.0,854.0
164.0,854.0
1410.0,854.0
733.0,854.0
488.0,855.0
162.0,855.0
372.0,855.0
1074.0,855.0
1136.0,855.0
1515.0,856.0
405.0,856.0
1304.0,856.0
43.0,856.0
701.0,856.0
1476.0,857.0
454.0,857.0
1330.0,857.0
885.0,857.0
1221.0,857.0
1046.0,858.0
1265.0,858.0
803.0,858.0
384.0,858.0
875.0,858.0
1313.0,859.0
1052.0,859.0
1188.0,859.0
1074.0,859.0
1050.0,859.0
1445.0,860.0
483.0,860.0
721.0,860.0
1038.0,860.0
1490.0,860.0
1152.0,861.0
930.0,861.0
1012.0,861.0
827.0,861.0
282.0,861.0
1431.0,862.0
457.0,862.0
38.0,862.0
411.0,862.0
1277.0,862.0
341.0,863.0
446.0,863.0
1231.0,863.0
860.0,863.0
732.0,863.0
1426.0,864.0
235.0,864.0
1349.0,864.0
524.0,864.0
838.0,864.0
121.0,865.0
1267.0,865.0
1318.0,865.0
383.0,865.0
1044.0,865.0
673.0,866.0
1090.0,866.0
598.0,866.0
912.0,866.0
1508.0,866.0
684.0,867.0
947.0,867.0
1255.0,867.0
466.0,867.0
390.0,867.0
53.0,868.0
349.0,868.0
200.0,868.0
1144.0,868.0
1016.0,868.0
55.0,869.0
1378.0,869.0
572.0,869.0
1343.0,869.0
82.0,869.0
1484.0,870.0
1453.0,870.0
1070.0,870.0
967.0,870.0
728.0,870.0
470.0,871.0
870.0,871.0
1390.0,871.0
281.0,871.0
423.0,871.0
1155.0,872.0
985.0,872.0
670.0,872.0
1230.0,872.0
723.0,872.0
1148.0,873.0
1450.0,873.0
217.0,873.0
1057.0,873.0
615.0,873.0
1310.0,874.0
797.0,874.0
966.0,874.0
116.0,874.0
676.0,874.0
10.0,875.0
201.0,875.0
1206.0,875.0
1194.0,875.0
871.0,875.0
242.0,876.0
831.0,876.0
796.0,876.0
768.0,876.0
42.0,876.0
1251.0,877.0
939.0,877.0
986.0,877.0
1299.0,877.0
747.0,877.0
1036.0,878.0
1262.0,878.0
1343.0,878.0
1023.0,878.0
543.0,878.0
80.0,879.0
742.0,879.0
1295.0,879.0
305.0,879.0
1328.0,879.0
653.0,880.0
323.0,880.0
597.0,880.0
493.0,880.0
1307.0,880.0
1490.0,881.0
660.0,881.0
126.0,881.0
913.0,881.0
609.0,881.0
456.0,882.0
208.0,882.0
1002.0,882.0
1470.0,882.0
894.0,882.0
955.0,883.0
66.0,883.0
128.0,883.0
597.0,883.0
943.0,883.0
614.0,884.0
30.0,884.0
1019.0,884.0
1295.0,884.0
464.0,884.0
511.0,885.0
438.0,885.0
962.0,885.0
365.0,885.0
1409.0,885.0
744.0,886.0
860.0,886.0
1189.0,886.0
1397.0,886.0
565.0,886.0
539.0,887.0
766.0,887.0
492.0,887.0
129.0,887.0
830.0,887.0
1309.0,888.0
1148.0,888.0
1246.0,888.0
1343.0,888.0
596.0,888.0
334.0,889.0
996.0,889.0
1319.0,889.0
1421.0,889.0
770.0,889.0
583.0,890.0
557.0,890.0
342.0,890.0
104.0,890.0
186.0,890.0
1027.0,891.0
546.0,891.0
180.0,891.0
1472.0,891.0
1362.0,891.0
54.0,892.0
742.0,892.0
1158.0,892.0
235.0,892.0
210.0,892.0
828.0,893.0
177.0,893.0
236.0,893.0
505.0,893.0
35.0,893.0
581.0,894.0
1149.0,894.0
901.0,894.0
208.0,894.0
1485.0,894.0
764.0,895.0
496.0,895.0
56.0,895.0
1495.0,895.0
1283.0,895.0
493.0,896.0
78.0,896.0
752.0,896.0
197.0,896.0
1304.0,896.0
327.0,897.0
1498.0,897.0
1227.0,897.0
94.0,897.0
472.0,897.0
79.0,898.0
462.0,898.0
244.0,898.0
62.0,898.0
60.0,898.0
1077.0,899.0
1300.0,899.0
834.0,899.0
688.0,899.0
1459.0,899.0
1292.0,900.0
1385.0,900.0
250.0,900.0
372.0,900.0
37.0,900.0
297.0,901.0
1470.0,901.0
766.0,901.0
1273.0,901.0
1449.0,901.0
154.0,902.0
1502.0,902.0
1211.0,902.0
503.0,902.0
713.0,902.0
1131.0,903.0
105.0,903.0
654.0,903.0
379.0,903.0
1071.0,903.0
919.0,904.0
332.0,904.0
980.0,904.0
1505.0,904.0
1084.0,904.0
807.0,905.0
1469.0,905.0
587.0,905.0
38.0,905.0
515.0,905.0
1151.0,906.0
742.0,906.0
775.0,906.0
679.0,906.0
975.0,906.0
1274.0,907.0
1113.0,907.0
260.0,907.0
424.0,907.0
788.0,907.0
275.0,908.0
447.0,908.0
797.0,908.0
1291.0,908.0
1011.0,908.0
201.0,909.0
890.0,909.0
949.0,909.0
1433.0,909.0
1401.0,909.0
1501.0,910.0
634.0,910.0
196.0,910.0
313.0,910.0
1044.0,910.0
1387.0,911.0
410.0,911.0
741.0,911.0
527.0,911.0
727.0,911.0
518.0,912.0
1336.0,912.0
1508.0,912.0
858.0,912.0
1482.0,912.0
1226.0,913.0
308.0,913.0
881.0,913.0
207.0,913.0
230.0,913.0
1464.0,914.0
164.0,914.0
286.0,914.0
443.0,914.0
733.0,914.0
1339.0,915.0
798.0,915.0
67.0,915.0
271.0,915.0
748.0,915.0
1070.0,916.0
1415.0,916.0
1353.0,916.0
726.0,916.0
1475.0,916.0
585.0,917.0
1111.0,917.0
2.0,917.0
1221.0,917.0
1485.0,917.0
193.0,918.0
1353.0,918.0
55.0,918.0
1164.0,918.0
1185.0,918.0
371.0,919.0
1027.0,919.0
927.0,919.0
1493.0,919.0
346.0,919.0
1089.0,920.0
214.0,920.0
238.0,920.0
511.0,920.0
452.0,920.0
1382.0,921.0
538.0,921.0
1119.0,921.0
620.0,921.0
1155.0,921.0
1265.0,922.0
946.0,922.0
1019.0,922.0
1379.0,922.0
73.0,922.0
612.0,923.0
1158.0,923.0
1232.0,923.0
312.0,923.0
742.0,923.0
1368.0,924.0
865.0,924.0
639.0,924.0
12.0,924.0
148.0,924.0
1344.0,925.0
45.0,925.0
1502.0,925.0
992.0,925.0
838.0,925.0
186.0,926.0
1256.0,926.0
1343.0,926.0
1475.0,926.0
916.0,926.0
463.0,927.0
594.0,927.0
1145.0,927.0
1354.0,927.0
1198.0,927.0
458.0,928.0
973.0,928.0
502.0,928.0
1096.0,928.0
488.0,928.0
577.0,929.0
558.0,929.0
1065.0,929.0
1305.0,929.0
1341.0,929.0
132.0,930.0
1154.0,930.0
758.0,930.0
557.0,930.0
75.0,930.0
1510.0,931.0
612.0,931.0
775.0,931.0
966.0,931.0
1232.0,931.0
152.0,932.0
7.0,932.0
1212.0,932.0
21.0,932.0
1430.0,932.0
838.0,933.0
339.0,933.0
645.0,933.0
884.0,933.0
125.0,933.0
524.0,934.0
666.0,934.0
858.0,934.0
922.0,934.0
530.0,934.0
953.0,935.0
1271.0,935.0
897.0,935.0
1148.0,935.0
863.0,935.0
851.0,936.0
81.0,936.0
520.0,936.0
1203.0,936.0
665.0,936.0
632.0,937.0
337.0,937.0
1031.0,937.0
272.0,937.0
664.0,937.0
1240.0,938.0
1192.0,938.0
590.0,938.0
440.0,938.0
775.0,938.0
1053.0,939.0
1147.0,939.0
476.0,939.0
306.0,939.0
1170.0,939.0
1499.0,940.0
559.0,940.0
495.0,940.0
943.0,940.0
1185.0,940.0
604.0,941.0
1013.0,941.0
1492.0,941.0
239.0,941.0
1341.0,941.0
1268.0,942.0
152.0,942.0
1323.0,942.0
1236.0,942.0
254.0,942.0
731.0,943.0
254.0,943.0
398.0,943.0
954.0,943.0
446.0,943.0
977.0,944.0
1320.0,944.0
109.0,944.0
149.0,944.0
483.0,944.0
1294.0,945.0
606.0,945.0
1341.0,945.0
1356.0,945.0
1366.0,945.0
1445.0,946.0
142.0,946.0
1397.0,946.0
1512.0,946.0
1425.0,946.0
107.0,947.0
1120.0,947.0
1344.0,947.0
1209.0,947.0
305.0,947.0
246.0,948.0
510.0,948.0
1403.0,948.0
1211.0,948.0
419.0,948.0
510.0,949.0
909.0,949.0
1228.0,949.0
112.0,949.0
123.0,949.0
1017.0,950.0
1039.0,950.0
772.0,950.0
1097.0,950.0
905.0,950.0
919.0,951.0
981.0,951.0
1216.0,951.0
722.0,951.0
804.0,951.0
1174.0,952.0
591.0,952.0
23.0,952.0
1112.0,952.0
900.0,952.0
801.0,953.0
1351.0,953.0
408.0,953.0
109.0,953.0
720.0,953.0
185.0,954.0
1384.0,954.0
334.0,954.0
1181.0,954.0
1236.0,954.0
361.0,955.0
741.0,955.0
1139.0,955.0
616.0,955.0
497.0,955.0
177.0,956.0
794.0,956.0
1199.0,956.0
1384.0,956.0
849.0,956.0
664.0,957.0
97.0,957.0
128.0,957.0
1437.0,957.0
1378.0,957.0
305.0,958.0
552.0,958.0
258.0,958.0
1231.0,958.0
1109.0,958.0
591.0,959.0
900.0,959.0
1096.0,959.0
629.0,959.0
1413.0,959.0
33.0,960.0
781.0,960.0
220.0,960.0
1413.0,960.0
617.0,960.0
825.0,961.0
1189.0,961.0
240.0,961.0
1374.0,961.0
1106.0,961.0
712.0,962.0
770.0,962.0
99.0,962.0
756.0,962.0
1432.0,962.0
280.0,963.0
944.0,963.0
1113.0,963.0
1389.0,963.0
967.0,963.0
628.0,964.0
916.0,964.0
1029.0,964.0
236.0,964.0
153.0,964.0
123.0,965.0
734.0,965.0
122.0,965.0
311.0,965.0
795.0,965.0
742.0,966.0
702.0,966.0
1160.0,966.0
1072.0,966.0
174.0,966.0
9.0,967.0
1163.0,967.0
774.0,967.0
592.0,967.0
1512.0,967.0
749.0,968.0
507.0,968.0
300.0,968.0
599.0,968.0
1141.0,968.0
140.0,969.0
525.0,969.0
764.0,969.0
518.0,969.0
1372.0,969.0
831.0,970.0
313.0,970.0
1448.0,970.0
885.0,970.0
84.0,970.0
47.0,971.0
1134.0,971.0
349.0,971.0
738.0,971.0
558.0,971.0
208.0,972.0
865.0,972.0
581.0,972.0
1417.0,972.0
1210.0,972.0
1467.0,973.0
64.0,973.0
1245.0,973.0
1136.0,973.0
492.0,973.0
663.0,974.0
442.0,974.0
695.0,974.0
1003.0,974.0
1451.0,974.0
775.0,975.0
1502.0,975.0
355.0,975.0
233.0,975.0
174.0,975.0
829.0,976.0
435.0,976.0
193.0,976.0
1220.0,976.0
1055.0,976.0
1113.0,977.0
93.0,977.0
1081.0,977.0
808.0,977.0
254.0,977.0
1033.0,978.0
1489.0,978.0
330.0,978.0
439.0,978.0
868.0,978.0
1222.0,979.0
862.0,979.0
536.0,979.0
552.0,979.0
124.0,979.0
1302.0,980.0
835.0,980.0
840.0,980.0
631.0,980.0
19.0,980.0
951.0,981.0
558.0,981.0
1078.0,981.0
354.0,981.0
332.0,981.0
1308.0,982.0
659.0,982.0
1132.0,982.0
541.0,982.0
1076.0,982.0
774.0,983.0
281.0,983.0
341.0,983.0
1503.0,983.0
948.0,983.0
1401.0,984.0
320.0,984.0
543.0,984.0
1046.0,984.0
996.0,984.0
747.0,985.0
1053.0,985.0
310.0,985.0
460.0,985.0
506.0,985.0
1261.0,986.0
1410.0,986.0
985.0,986.0
733.0,986.0
373.0,986.0
980.0,987.0
332.0,987.0
115.0,987.0
1106.0,987.0
1402.0,987.0
369.0,988.0
463.0,988.0
349.0,988.0
512.0,988.0
761.0,988.0
468.0,989.0
1424.0,989.0
455.0,989.0
783.0,989.0
634.0,989.0
1188.0,990.0
1291.0,990.0
32.0,990.0
279.0,990.0
1254.0,990.0
1192.0,991.0
716.0,991.0
776.0,991.0
437.0,991.0
509.0,991.0
1232.0,992.0
1396.0,992.0
1062.0,992.0
419.0,992.0
909.0,992.0
618.0,993.0
1288.0,993.0
271.0,993.0
203.0,993.0
747.0,993.0
494.0,994.0
691.0,994.0
1168.0,994.0
1307.0,994.0
1412.0,994.0
1426.0,995.0
864.0,995.0
625.0,995.0
1004.0,995.0
1290.0,995.0
610.0,996.0
465.0,996.0
1384.0,996.0
1442.0,996.0
1212.0,996.0
1448.0,997.0
57.0,997.0
575.0,997.0
1117.0,997.0
1417.0,997.0
1261.0,998.0
650.0,998.0
203.0,998.0
735.0,998.0
636.0,998.0
82.0,999.0
1185.0,999.0
1370.0,999.0
1.0,999.0
944.0,999.0
1113.0,1000.0
1124.0,1000.0
1278.0,1000.0
871.0,1000.0
851.0,1000.0
1003.0,1001.0
450.0,1001.0
1274.0,1001.0
479.0,1001.0
1406.0,1001.0
451.0,1002.0
901.0,1002.0
1485.0,1002.0
1470.0,1002.0
1486.0,1002.0
51.0,1003.0
1001.0,1003.0
159.0,1003.0
181.0,1003.0
176.0,1003.0
547.0,1004.0
1224.0,1004.0
211.0,1004.0
321.0,1004.0
298.0,1004.0
1420.0,1005.0
1506.0,1005.0
1227.0,1005.0
496.0,1005.0
1357.0,1005.0
858.0,1006.0
1236.0,1006.0
755.0,1006.0
1056.0,1006.0
91.0,1006.0
183.0,1007.0
778.0,1007.0
354.0,1007.0
346.0,1007.0
787.0,1007.0
894.0,1008.0
882.0,1008.0
622.0,1008.0
1485.0,1008.0
1149.0,1008.0
1275.0,1009.0
394.0,1009.0
346.0,1009.0
1422.0,1009.0
183.0,1009.0
400.0,1010.0
1310.0,1010.0
18.0,1010.0
1263.0,1010.0
48.0,1010.0
20.0,1011.0
431.0,1011.0
1066.0,1011.0
1459.0,1011.0
874.0,1011.0
976.0,1012.0
1220.0,1012.0
136.0,1012.0
814.0,1012.0
389.0,1012.0
79.0,1013.0
1354.0,1013.0
755.0,1013.0
868.0,1013.0
1004.0,1013.0
3.0,1014.0
792.0,1014.0
176.0,1014.0
580.0,1014.0
40.0,1014.0
1090.0,1015.0
873.0,1015.0
258.0,1015.0
1124.0,1015.0
153.0,1015.0
641.0,1016.0
1505.0,1016.0
1198.0,1016.0
666.0,1016.0
1005.0,1016.0
1263.0,1017.0
198.0,1017.0
355.0,1017.0
923.0,1017.0
174.0,1017.0
1151.0,1018.0
1459.0,1018.0
382.0,1018.0
1158.0,1018.0
1250.0,1018.0
1329.0,1019.0
822.0,1019.0
922.0,1019.0
584.0,1019.0
80.0,1019.0
1172.0,1020.0
92.0,1020.0
1096.0,1020.0
487.0,1020.0
262.0,1020.0
903.0,1021.0
26.0,1021.0
697.0,1021.0
212.0,1021.0
1108.0,1021.0
736.0,1022.0
798.0,1022.0
256.0,1022.0
675.0,1022.0
264.0,1022.0
1331.0,1023.0
1137.0,1023.0
977.0,1023.0
1389.0,1023.0
1281.0,1023.0
202.0,1024.0
394.0,1024.0
593.0,1024.0
481.0,1024.0
354.0,1024.0
1401.0,1025.0
1048.0,1025.0
423.0,1025.0
1057.0,1025.0
829.0,1025.0
570.0,1026.0
245.0,1026.0
1374.0,1026.0
1441.0,1026.0
850.0,1026.0
832.0,1027.0
19.0,1027.0
891.0,1027.0
778.0,1027.0
1058.0,1027.0
417.0,1028.0
1164.0,1028.0
151.0,1028.0
684.0,1028.0
1453.0,1028.0
1403.0,1029.0
728.0,1029.0
444.0,1029.0
592.0,1029.0
767.0,1029.0
499.0,1030.0
1218.0,1030.0
133.0,1030.0
1.0,1030.0
365.0,1030.0
1175.0,1031.0
1203.0,1031.0
188.0,1031.0
1325.0,1031.0
546.0,1031.0
598.0,1032.0
34.0,1032.0
603.0,1032.0
819.0,1032.0
1056.0,1032.0
1426.0,1033.0
1187.0,1033.0
79.0,1033.0
776.0,1033.0
53.0,1033.0
915.0,1034.0
255.0,1034.0
363.0,1034.0
1410.0,1034.0
425.0,1034.0
836.0,1035.0
12.0,1035.0
813.0,1035.0
71.0,1035.0
148.0,1035.0
596.0,1036.0
8.0,1036.0
470.0,1036.0
765.0,1036.0
1407.0,1036.0
621.0,1037.0
893.0,1037.0
194.0,1037.0
870.0,1037.0
1220.0,1037.0
897.0,1038.0
490.0,1038.0
224.0,1038.0
1498.0,1038.0
918.0,1038.0
253.0,1039.0
1384.0,1039.0
1469.0,1039.0
1292.0,1039.0
503.0,1039.0
1126.0,1040.0
366.0,1040.0
1029.0,1040.0
413.0,1040.0
1103.0,1040.0
753.0,1041.0
860.0,1041.0
490.0,1041.0
595.0,1041.0
224.0,1041.0
960.0,1042.0
710.0,1042.0
1249.0,1042.0
908.0,1042.0
1364.0,1042.0
929.0,1043.0
272.0,1043.0
1294.0,1043.0
47.0,1043.0
980.0,1043.0
1424.0,1044.0
364.0,1044.0
467.0,1044.0
970.0,1044.0
830.0,1044.0
388.0,1045.0
1308.0,1045.0
392.0,1045.0
1116.0,1045.0
541.0,1045.0
281.0,1046.0
318.0,1046.0
483.0,1046.0
374.0,1046.0
135.0,1046.0
1505.0,1047.0
369.0,1047.0
1099.0,1047.0
1258.0,1047.0
522.0,1047.0
317.0,1048.0
1142.0,1048.0
96.0,1048.0
269.0,1048.0
257.0,1048.0
107.0,1049.0
1150.0,1049.0
1453.0,1049.0
1041.0,1049.0
1512.0,1049.0
1174.0,1050.0
1254.0,1050.0
1107.0,1050.0
952.0,1050.0
329.0,1050.0
1245.0,1051.0
1136.0,1051.0
110.0,1051.0
642.0,1051.0
928.0,1051.0
1313.0,1052.0
302.0,1052.0
859.0,1052.0
1355.0,1052.0
781.0,1052.0
1001.0,1053.0
703.0,1053.0
453.0,1053.0
985.0,1053.0
480.0,1053.0
1202.0,1054.0
259.0,1054.0
1206.0,1054.0
977.0,1054.0
870.0,1054.0
849.0,1055.0
946.0,1055.0
579.0,1055.0
293.0,1055.0
1.0,1055.0
520.0,1056.0
1005.0,1056.0
641.0,1056.0
1367.0,1056.0
1508.0,1056.0
681.0,1057.0
767.0,1057.0
557.0,1057.0
791.0,1057.0
1028.0,1057.0
891.0,1058.0
832.0,1058.0
1027.0,1058.0
707.0,1058.0
840.0,1058.0
743.0,1059.0
875.0,1059.0
1499.0,1059.0
753.0,1059.0
56.0,1059.0
1195.0,1060.0
377.0,1060.0
298.0,1060.0
1239.0,1060.0
651.0,1060.0
195.0,1061.0
794.0,1061.0
1106.0,1061.0
337.0,1061.0
272.0,1061.0
586.0,1062.0
198.0,1062.0
301.0,1062.0
1107.0,1062.0
1369.0,1062.0
212.0,1063.0
188.0,1063.0
1400.0,1063.0
1332.0,1063.0
1169.0,1063.0
508.0,1064.0
277.0,1064.0
565.0,1064.0
414.0,1064.0
1203.0,1064.0
375.0,1065.0
722.0,1065.0
971.0,1065.0
22.0,1065.0
19.0,1065.0
751.0,1066.0
143.0,1066.0
1411.0,1066.0
1018.0,1066.0
20.0,1066.0
555.0,1067.0
899.0,1067.0
1290.0,1067.0
576.0,1067.0
228.0,1067.0
257.0,1068.0
889.0,1068.0
161.0,1068.0
1433.0,1068.0
1329.0,1068.0
767.0,1069.0
423.0,1069.0
413.0,1069.0
501.0,1069.0
1029.0,1069.0
588.0,1070.0
1154.0,1070.0
1049.0,1070.0
1177.0,1070.0
193.0,1070.0
1125.0,1071.0
654.0,1071.0
1398.0,1071.0
392.0,1071.0
1308.0,1071.0
1232.0,1072.0
449.0,1072.0
143.0,1072.0
18.0,1072.0
702.0,1072.0
680.0,1073.0
383.0,1073.0
973.0,1073.0
781.0,1073.0
64.0,1073.0
821.0,1074.0
516.0,1074.0
1082.0,1074.0
68.0,1074.0
642.0,1074.0
903.0,1075.0
323.0,1075.0
261.0,1075.0
968.0,1075.0
415.0,1075.0
120.0,1076.0
1125.0,1076.0
659.0,1076.0
1132.0,1076.0
178.0,1076.0
576.0,1077.0
163.0,1077.0
555.0,1077.0
1178.0,1077.0
437.0,1077.0
835.0,1078.0
19.0,1078.0
832.0,1078.0
1346.0,1078.0
1058.0,1078.0
1325.0,1079.0
479.0,1079.0
395.0,1079.0
133.0,1079.0
410.0,1079.0
1492.0,1080.0
350.0,1080.0
761.0,1080.0
285.0,1080.0
1118.0,1080.0
614.0,1081.0
588.0,1081.0
770.0,1081.0
474.0,1081.0
147.0,1081.0
1074.0,1082.0
1385.0,1082.0
516.0,1082.0
900.0,1082.0
372.0,1082.0
969.0,1083.0
327.0,1083.0
503.0,1083.0
1328.0,1083.0
333.0,1083.0
835.0,1084.0
352.0,1084.0
1058.0,1084.0
336.0,1084.0
715.0,1084.0
802.0,1085.0
510.0,1085.0
1154.0,1085.0
376.0,1085.0
1165.0,1085.0
1270.0,1086.0
722.0,1086.0
1134.0,1086.0
463.0,1086.0
1065.0,1086.0
198.0,1087.0
1312.0,1087.0
828.0,1087.0
815.0,1087.0
344.0,1087.0
1310.0,1088.0
619.0,1088.0
215.0,1088.0
48.0,1088.0
1010.0,1088.0
1022.0,1089.0
313.0,1089.0
25.0,1089.0
1170.0,1089.0
1500.0,1089.0
1036.0,1090.0
1331.0,1090.0
446.0,1090.0
1483.0,1090.0
633.0,1090.0
1385.0,1091.0
965.0,1091.0
539.0,1091.0
129.0,1091.0
148.0,1091.0
1163.0,1092.0
731.0,1092.0
24.0,1092.0
870.0,1092.0
648.0,1092.0
881.0,1093.0
611.0,1093.0
307.0,1093.0
534.0,1093.0
1038.0,1093.0
1147.0,1094.0
647.0,1094.0
609.0,1094.0
670.0,1094.0
1428.0,1094.0
1033.0,1095.0
1144.0,1095.0
606.0,1095.0
1005.0,1095.0
763.0,1095.0
1385.0,1096.0
487.0,1096.0
1062.0,1096.0
0.0,1096.0
1128.0,1096.0
1487.0,1097.0
372.0,1097.0
1039.0,1097.0
233.0,1097.0
116.0,1097.0
676.0,1098.0
1152.0,1098.0
124.0,1098.0
377.0,1098.0
1440.0,1098.0
200.0,1099.0
755.0,1099.0
330.0,1099.0
439.0,1099.0
1013.0,1099.0
709.0,1100.0
1143.0,1100.0
182.0,1100.0
1485.0,1100.0
283.0,1100.0
1479.0,1101.0
1091.0,1101.0
1035.0,1101.0
910.0,1101.0
71.0,1101.0
46.0,1102.0
1175.0,1102.0
1182.0,1102.0
631.0,1102.0
188.0,1102.0
381.0,1103.0
153.0,1103.0
376.0,1103.0
1331.0,1103.0
1468.0,1103.0
570.0,1104.0
222.0,1104.0
686.0,1104.0
867.0,1104.0
1026.0,1104.0
1017.0,1105.0
1077.0,1105.0
755.0,1105.0
1178.0,1105.0
1018.0,1105.0
1508.0,1106.0
1452.0,1106.0
886.0,1106.0
532.0,1106.0
1408.0,1106.0
1404.0,1107.0
900.0,1107.0
33.0,1107.0
434.0,1107.0
220.0,1107.0
532.0,1108.0
911.0,1108.0
115.0,1108.0
4.0,1108.0
1446.0,1108.0
871.0,1109.0
387.0,1109.0
1227.0,1109.0
391.0,1109.0
139.0,1109.0
55.0,1110.0
806.0,1110.0
849.0,1110.0
414.0,1110.0
1375.0,1110.0
1210.0,1111.0
1286.0,1111.0
297.0,1111.0
917.0,1111.0
622.0,1111.0
1249.0,1112.0
1413.0,1112.0
1052.0,1112.0
156.0,1112.0
678.0,1112.0
626.0,1113.0
1375.0,1113.0
1331.0,1113.0
94.0,1113.0
954.0,1113.0
378.0,1114.0
83.0,1114.0
459.0,1114.0
1356.0,1114.0
337.0,1114.0
1227.0,1115.0
1016.0,1115.0
1478.0,1115.0
922.0,1115.0
1164.0,1115.0
432.0,1116.0
1388.0,1116.0
392.0,1116.0
1439.0,1116.0
659.0,1116.0
1448.0,1117.0
581.0,1117.0
917.0,1117.0
1129.0,1117.0
313.0,1117.0
988.0,1118.0
232.0,1118.0
761.0,1118.0
763.0,1118.0
512.0,1118.0
1125.0,1119.0
568.0,1119.0
1289.0,1119.0
1234.0,1119.0
276.0,1119.0
201.0,1120.0
457.0,1120.0
557.0,1120.0
984.0,1120.0
1209.0,1120.0
1284.0,1121.0
1016.0,1121.0
780.0,1121.0
532.0,1121.0
321.0,1121.0
963.0,1122.0
448.0,1122.0
1041.0,1122.0
1155.0,1122.0
1201.0,1122.0
1236.0,1123.0
450.0,1123.0
391.0,1123.0
1283.0,1123.0
944.0,1123.0
199.0,1124.0
1137.0,1124.0
194.0,1124.0
767.0,1124.0
252.0,1124.0
542.0,1125.0
5.0,1125.0
691.0,1125.0
120.0,1125.0
1307.0,1125.0
1484.0,1126.0
1508.0,1126.0
135.0,1126.0
1379.0,1126.0
893.0,1126.0
1051.0,1127.0
642.0,1127.0
781.0,1127.0
802.0,1127.0
227.0,1127.0
1385.0,1128.0
356.0,1128.0
855.0,1128.0
1020.0,1128.0
516.0,1128.0
1223.0,1129.0
256.0,1129.0
622.0,1129.0
997.0,1129.0
1210.0,1129.0
347.0,1130.0
126.0,1130.0
695.0,1130.0
67.0,1130.0
848.0,1130.0
593.0,1131.0
1472.0,1131.0
261.0,1131.0
787.0,1131.0
1219.0,1131.0
388.0,1132.0
564.0,1132.0
1076.0,1132.0
569.0,1132.0
1186.0,1132.0
399.0,1133.0
755.0,1133.0
1492.0,1133.0
1099.0,1133.0
158.0,1133.0
1305.0,1134.0
47.0,1134.0
19.0,1134.0
87.0,1134.0
971.0,1134.0
1196.0,1135.0
210.0,1135.0
369.0,1135.0
439.0,1135.0
898.0,1135.0
539.0,1136.0
1074.0,1136.0
1467.0,1136.0
1245.0,1136.0
447.0,1136.0
1343.0,1137.0
1441.0,1137.0
943.0,1137.0
1260.0,1137.0
1148.0,1137.0
436.0,1138.0
487.0,1138.0
473.0,1138.0
1074.0,1138.0
253.0,1138.0
325.0,1139.0
1030.0,1139.0
398.0,1139.0
495.0,1139.0
1137.0,1139.0
759.0,1140.0
588.0,1140.0
15.0,1140.0
1432.0,1140.0
648.0,1140.0
1427.0,1141.0
1303.0,1141.0
564.0,1141.0
261.0,1141.0
968.0,1141.0
1209.0,1142.0
445.0,1142.0
1068.0,1142.0
94.0,1142.0
365.0,1142.0
1317.0,1143.0
830.0,1143.0
251.0,1143.0
1149.0,1143.0
1417.0,1143.0
200.0,1144.0
1032.0,1144.0
1145.0,1144.0
1341.0,1144.0
1489.0,1144.0
738.0,1145.0
496.0,1145.0
1056.0,1145.0
520.0,1145.0
1402.0,1145.0
1450.0,1146.0
984.0,1146.0
1315.0,1146.0
10.0,1146.0
474.0,1146.0
1126.0,1147.0
939.0,1147.0
644.0,1147.0
165.0,1147.0
324.0,1147.0
240.0,1148.0
543.0,1148.0
942.0,1148.0
765.0,1148.0
317.0,1148.0
894.0,1149.0
1485.0,1149.0
768.0,1149.0
1008.0,1149.0
581.0,1149.0
384.0,1150.0
851.0,1150.0
1248.0,1150.0
104.0,1150.0
495.0,1150.0
437.0,1151.0
1240.0,1151.0
1017.0,1151.0
1411.0,1151.0
1300.0,1151.0
933.0,1152.0
1098.0,1152.0
1499.0,1152.0
1322.0,1152.0
1379.0,1152.0
1507.0,1153.0
627.0,1153.0
1041.0,1153.0
209.0,1153.0
1113.0,1153.0
361.0,1154.0
185.0,1154.0
1055.0,1154.0
841.0,1154.0
1220.0,1154.0
640.0,1155.0
1201.0,1155.0
67.0,1155.0
146.0,1155.0
11.0,1155.0
756.0,1156.0
96.0,1156.0
475.0,1156.0
15.0,1156.0
580.0,1156.0
570.0,1157.0
983.0,1157.0
626.0,1157.0
172.0,1157.0
224.0,1157.0
1018.0,1158.0
892.0,1158.0
54.0,1158.0
312.0,1158.0
1240.0,1158.0
1514.0,1159.0
715.0,1159.0
835.0,1159.0
606.0,1159.0
1366.0,1159.0
992.0,1160.0
601.0,1160.0
1018.0,1160.0
355.0,1160.0
688.0,1160.0
681.0,1161.0
100.0,1161.0
56.0,1161.0
223.0,1161.0
1056.0,1161.0
448.0,1162.0
401.0,1162.0
846.0,1162.0
1053.0,1162.0
652.0,1162.0
1425.0,1163.0
1148.0,1163.0
423.0,1163.0
505.0,1163.0
888.0,1163.0
94.0,1164.0
794.0,1164.0
1468.0,1164.0
822.0,1164.0
1069.0,1164.0
305.0,1165.0
677.0,1165.0
1445.0,1165.0
984.0,1165.0
1057.0,1165.0
658.0,1166.0
1364.0,1166.0
1188.0,1166.0
1458.0,1166.0
1088.0,1166.0
1119.0,1167.0
1003.0,1167.0
430.0,1167.0
563.0,1167.0
695.0,1167.0
213.0,1168.0
276.0,1168.0
120.0,1168.0
1234.0,1168.0
994.0,1168.0
1075.0,1169.0
1175.0,1169.0
1182.0,1169.0
343.0,1169.0
904.0,1169.0
824.0,1170.0
247.0,1170.0
533.0,1170.0
1299.0,1170.0
675.0,1170.0
717.0,1171.0
243.0,1171.0
1300.0,1171.0
462.0,1171.0
834.0,1171.0
409.0,1172.0
283.0,1172.0
1471.0,1172.0
639.0,1172.0
1035.0,1172.0
1299.0,1173.0
319.0,1173.0
1334.0,1173.0
533.0,1173.0
675.0,1173.0
253.0,1174.0
678.0,1174.0
859.0,1174.0
1443.0,1174.0
487.0,1174.0
378.0,1175.0
1106.0,1175.0
937.0,1175.0
715.0,1175.0
231.0,1175.0
63.0,1176.0
193.0,1176.0
458.0,1176.0
540.0,1176.0
1316.0,1176.0
1201.0,1177.0
280.0,1177.0
1064.0,1177.0
1130.0,1177.0
498.0,1177.0
1360.0,1178.0
412.0,1178.0
555.0,1178.0
243.0,1178.0
1171.0,1178.0
75.0,1179.0
514.0,1179.0
1469.0,1179.0
1431.0,1179.0
434.0,1179.0
560.0,1180.0
295.0,1180.0
1.0,1180.0
1147.0,1180.0
176.0,1180.0
446.0,1181.0
1473.0,1181.0
1478.0,1181.0
341.0,1181.0
897.0,1181.0
300.0,1182.0
1400.0,1182.0
1422.0,1182.0
1474.0,1182.0
787.0,1182.0
1014.0,1183.0
1022.0,1183.0
939.0,1183.0
533.0,1183.0
853.0,1183.0
331.0,1184.0
680.0,1184.0
629.0,1184.0
1385.0,1184.0
227.0,1184.0
1425.0,1185.0
55.0,1185.0
494.0,1185.0
508.0,1185.0
1265.0,1185.0
229.0,1186.0
1125.0,1186.0
103.0,1186.0
263.0,1186.0
1266.0,1186.0
524.0,1187.0
1360.0,1187.0
716.0,1187.0
1258.0,1187.0
547.0,1187.0
400.0,1188.0
1249.0,1188.0
619.0,1188.0
908.0,1188.0
275.0,1188.0
72.0,1189.0
245.0,1189.0
1059.0,1189.0
501.0,1189.0
714.0,1189.0
277.0,1190.0
498.0,1190.0
393.0,1190.0
1201.0,1190.0
1252.0,1190.0
819.0,1191.0
1040.0,1191.0
416.0,1191.0
531.0,1191.0
897.0,1191.0
753.0,1192.0
719.0,1192.0
668.0,1192.0
345.0,1192.0
30.0,1192.0
982.0,1193.0
388.0,1193.0
1132.0,1193.0
1076.0,1193.0
178.0,1193.0
1260.0,1194.0
803.0,1194.0
246.0,1194.0
614.0,1194.0
1483.0,1194.0
377.0,1195.0
268.0,1195.0
1152.0,1195.0
1403.0,1195.0
147.0,1195.0
1224.0,1196.0
1135.0,1196.0
704.0,1196.0
95.0,1196.0
1013.0,1196.0
374.0,1197.0
185.0,1197.0
630.0,1197.0
819.0,1197.0
35.0,1197.0
190.0,1198.0
716.0,1198.0
49.0,1198.0
690.0,1198.0
818.0,1198.0
1365.0,1199.0
956.0,1199.0
753.0,1199.0
387.0,1199.0
1281.0,1199.0
470.0,1200.0
630.0,1200.0
491.0,1200.0
1283.0,1200.0
281.0,1200.0
393.0,1201.0
51.0,1201.0
498.0,1201.0
280.0,1201.0
489.0,1201.0
391.0,1202.0
916.0,1202.0
1389.0,1202.0
508.0,1202.0
1351.0,1202.0
307.0,1203.0
497.0,1203.0
1102.0,1203.0
410.0,1203.0
1442.0,1203.0
401.0,1204.0
652.0,1204.0
877.0,1204.0
748.0,1204.0
1261.0,1204.0
186.0,1205.0
553.0,1205.0
857.0,1205.0
1147.0,1205.0
644.0,1205.0
737.0,1206.0
673.0,1206.0
1436.0,1206.0
70.0,1206.0
450.0,1206.0
1094.0,1207.0
647.0,1207.0
448.0,1207.0
1406.0,1207.0
1122.0,1207.0
374.0,1208.0
1110.0,1208.0
819.0,1208.0
1327.0,1208.0
1150.0,1208.0
414.0,1209.0
1274.0,1209.0
897.0,1209.0
531.0,1209.0
1005.0,1209.0
57.0,1210.0
278.0,1210.0
768.0,1210.0
1129.0,1210.0
1286.0,1210.0
239.0,1211.0
1511.0,1211.0
1337.0,1211.0
803.0,1211.0
884.0,1211.0
249.0,1212.0
465.0,1212.0
692.0,1212.0
1436.0,1212.0
21.0,1212.0
699.0,1213.0
740.0,1213.0
1438.0,1213.0
1335.0,1213.0
939.0,1213.0
642.0,1214.0
422.0,1214.0
1127.0,1214.0
331.0,1214.0
1467.0,1214.0
429.0,1215.0
80.0,1215.0
339.0,1215.0
905.0,1215.0
455.0,1215.0
1027.0,1216.0
778.0,1216.0
707.0,1216.0
891.0,1216.0
782.0,1216.0
624.0,1217.0
60.0,1217.0
1250.0,1217.0
1067.0,1217.0
1360.0,1217.0
209.0,1218.0
1177.0,1218.0
1477.0,1218.0
550.0,1218.0
1348.0,1218.0
394.0,1219.0
787.0,1219.0
354.0,1219.0
180.0,1219.0
708.0,1219.0
206.0,1220.0
677.0,1220.0
1081.0,1220.0
543.0,1220.0
320.0,1220.0
368.0,1221.0
917.0,1221.0
278.0,1221.0
768.0,1221.0
2.0,1221.0
458.0,1222.0
1277.0,1222.0
377.0,1222.0
742.0,1222.0
710.0,1222.0
566.0,1223.0
278.0,1223.0
997.0,1223.0
1363.0,1223.0
622.0,1223.0
706.0,1224.0
1135.0,1224.0
1290.0,1224.0
704.0,1224.0
158.0,1224.0
327.0,1225.0
700.0,1225.0
1274.0,1225.0
1503.0,1225.0
788.0,1225.0
597.0,1226.0
420.0,1226.0
276.0,1226.0
494.0,1226.0
486.0,1226.0
897.0,1227.0
1344.0,1227.0
1281.0,1227.0
201.0,1227.0
1315.0,1227.0
135.0,1228.0
1200.0,1228.0
839.0,1228.0
1283.0,1228.0
726.0,1228.0
957.0,1229.0
695.0,1229.0
1361.0,1229.0
1268.0,1229.0
1406.0,1229.0
670.0,1230.0
131.0,1230.0
769.0,1230.0
295.0,1230.0
723.0,1230.0
841.0,1231.0
1109.0,1231.0
201.0,1231.0
1344.0,1231.0
595.0,1231.0
461.0,1232.0
1502.0,1232.0
235.0,1232.0
169.0,1232.0
1380.0,1232.0
1339.0,1233.0
667.0,1233.0
17.0,1233.0
823.0,1233.0
962.0,1233.0
213.0,1234.0
691.0,1234.0
1130.0,1234.0
120.0,1234.0
542.0,1234.0
1340.0,1235.0
1421.0,1235.0
828.0,1235.0
1395.0,1235.0
1433.0,1235.0
70.0,1236.0
24.0,1236.0
470.0,1236.0
1046.0,1236.0
774.0,1236.0
1298.0,1237.0
949.0,1237.0
514.0,1237.0
770.0,1237.0
693.0,1237.0
135.0,1238.0
1506.0,1238.0
75.0,1238.0
818.0,1238.0
932.0,1238.0
1328.0,1239.0
933.0,1239.0
590.0,1239.0
584.0,1239.0
964.0,1239.0
923.0,1240.0
174.0,1240.0
1151.0,1240.0
688.0,1240.0
679.0,1240.0
1486.0,1241.0
1449.0,1241.0
635.0,1241.0
270.0,1241.0
358.0,1241.0
285.0,1242.0
1426.0,1242.0
547.0,1242.0
53.0,1242.0
118.0,1242.0
1273.0,1243.0
790.0,1243.0
451.0,1243.0
297.0,1243.0
170.0,1243.0
841.0,1244.0
1164.0,1244.0
1379.0,1244.0
1475.0,1244.0
592.0,1244.0
1467.0,1245.0
734.0,1245.0
1385.0,1245.0
855.0,1245.0
973.0,1245.0
252.0,1246.0
897.0,1246.0
851.0,1246.0
1113.0,1246.0
873.0,1246.0
272.0,1247.0
404.0,1247.0
1447.0,1247.0
936.0,1247.0
337.0,1247.0
416.0,1248.0
1478.0,1248.0
224.0,1248.0
1274.0,1248.0
684.0,1248.0
1052.0,1249.0
1240.0,1249.0
1292.0,1249.0
1413.0,1249.0
925.0,1249.0
1224.0,1250.0
834.0,1250.0
98.0,1250.0
1253.0,1250.0
1018.0,1250.0
1204.0,1251.0
469.0,1251.0
618.0,1251.0
284.0,1251.0
1476.0,1251.0
471.0,1252.0
837.0,1252.0
1177.0,1252.0
888.0,1252.0
1037.0,1252.0
98.0,1253.0
143.0,1253.0
1300.0,1253.0
567.0,1253.0
834.0,1253.0
672.0,1254.0
1107.0,1254.0
348.0,1254.0
1414.0,1254.0
23.0,1254.0
293.0,1255.0
721.0,1255.0
1379.0,1255.0
1371.0,1255.0
961.0,1255.0
306.0,1256.0
389.0,1256.0
273.0,1256.0
964.0,1256.0
224.0,1256.0
333.0,1257.0
1431.0,1257.0
1295.0,1257.0
298.0,1257.0
440.0,1257.0
991.0,1258.0
1492.0,1258.0
690.0,1258.0
79.0,1258.0
668.0,1258.0
1042.0,1259.0
679.0,1259.0
992.0,1259.0
143.0,1259.0
275.0,1259.0
217.0,1260.0
165.0,1260.0
86.0,1260.0
390.0,1260.0
1041.0,1260.0
986.0,1261.0
620.0,1261.0
701.0,1261.0
146.0,1261.0
636.0,1261.0
806.0,1262.0
340.0,1262.0
1068.0,1262.0
176.0,1262.0
967.0,1262.0
461.0,1263.0
931.0,1263.0
116.0,1263.0
18.0,1263.0
143.0,1263.0
194.0,1264.0
1156.0,1264.0
759.0,1264.0
989.0,1264.0
1048.0,1264.0
922.0,1265.0
1041.0,1265.0
1194.0,1265.0
918.0,1265.0
1040.0,1265.0
1412.0,1266.0
736.0,1266.0
120.0,1266.0
493.0,1266.0
597.0,1266.0
1317.0,1267.0
583.0,1267.0
766.0,1267.0
297.0,1267.0
830.0,1267.0
867.0,1268.0
151.0,1268.0
518.0,1268.0
537.0,1268.0
334.0,1268.0
405.0,1269.0
476.0,1269.0
856.0,1269.0
1155.0,1269.0
1207.0,1269.0
988.0,1270.0
482.0,1270.0
349.0,1270.0
232.0,1270.0
782.0,1270.0
139.0,1271.0
935.0,1271.0
621.0,1271.0
1000.0,1271.0
794.0,1271.0
1217.0,1272.0
1411.0,1272.0
441.0,1272.0
98.0,1272.0
1171.0,1272.0
358.0,1273.0
315.0,1273.0
582.0,1273.0
847.0,1273.0
1035.0,1273.0
1212.0,1274.0
610.0,1274.0
1070.0,1274.0
201.0,1274.0
1225.0,1274.0
682.0,1275.0
1009.0,1275.0
394.0,1275.0
1352.0,1275.0
1219.0,1275.0
1264.0,1276.0
954.0,1276.0
728.0,1276.0
485.0,1276.0
1123.0,1276.0
7.0,1277.0
838.0,1277.0
528.0,1277.0
950.0,1277.0
515.0,1277.0
1370.0,1278.0
1260.0,1278.0
718.0,1278.0
1139.0,1278.0
221.0,1278.0
291.0,1279.0
1402.0,1279.0
520.0,1279.0
332.0,1279.0
1106.0,1279.0
535.0,1280.0
699.0,1280.0
1162.0,1280.0
1003.0,1280.0
295.0,1280.0
435.0,1281.0
318.0,1281.0
224.0,1281.0
1070.0,1281.0
765.0,1281.0
864.0,1282.0
312.0,1282.0
1060.0,1282.0
464.0,1282.0
345.0,1282.0
91.0,1283.0
1260.0,1283.0
490.0,1283.0
888.0,1283.0
1056.0,1283.0
1056.0,1284.0
95.0,1284.0
608.0,1284.0
760.0,1284.0
934.0,1284.0
652.0,1285.0
66.0,1285.0
1324.0,1285.0
880.0,1285.0
126.0,1285.0
368.0,1286.0
225.0,1286.0
251.0,1286.0
894.0,1286.0
84.0,1286.0
1321.0,1287.0
782.0,1287.0
981.0,1287.0
951.0,1287.0
322.0,1287.0
1233.0,1288.0
453.0,1288.0
1261.0,1288.0
11.0,1288.0
993.0,1288.0
1001.0,1289.0
798.0,1289.0
427.0,1289.0
921.0,1289.0
699.0,1289.0
228.0,1290.0
210.0,1290.0
864.0,1290.0
211.0,1290.0
1342.0,1290.0
157.0,1291.0
279.0,1291.0
658.0,1291.0
1249.0,1291.0
1364.0,1291.0
1487.0,1292.0
1458.0,1292.0
1254.0,1292.0
1052.0,1292.0
1072.0,1292.0
907.0,1293.0
562.0,1293.0
1378.0,1293.0
1209.0,1293.0
309.0,1293.0
763.0,1294.0
1302.0,1294.0
606.0,1294.0
1078.0,1294.0
981.0,1294.0
377.0,1295.0
38.0,1295.0
879.0,1295.0
1176.0,1295.0
979.0,1295.0
1297.0,1296.0
1061.0,1296.0
907.0,1296.0
608.0,1296.0
1175.0,1296.0
307.0,1297.0
1247.0,1297.0
763.0,1297.0
1108.0,1297.0
1279.0,1297.0
789.0,1298.0
634.0,1298.0
1085.0,1298.0
510.0,1298.0
551.0,1298.0
176.0,1299.0
117.0,1299.0
1022.0,1299.0
1173.0,1299.0
675.0,1299.0
834.0,1300.0
555.0,1300.0
211.0,1300.0
547.0,1300.0
576.0,1300.0
1107.0,1301.0
900.0,1301.0
862.0,1301.0
1465.0,1301.0
1176.0,1301.0
661.0,1302.0
175.0,1302.0
1084.0,1302.0
1455.0,1302.0
606.0,1302.0
564.0,1303.0
1132.0,1303.0
263.0,1303.0
114.0,1303.0
213.0,1303.0
164.0,1304.0
43.0,1304.0
1464.0,1304.0
1515.0,1304.0
914.0,1304.0
1356.0,1305.0
1346.0,1305.0
1480.0,1305.0
266.0,1305.0
371.0,1305.0
809.0,1306.0
290.0,1306.0
911.0,1306.0
1456.0,1306.0
1336.0,1306.0
5.0,1307.0
994.0,1307.0
542.0,1307.0
263.0,1307.0
430.0,1307.0
1045.0,1308.0
1388.0,1308.0
1116.0,1308.0
982.0,1308.0
432.0,1308.0
1293.0,1309.0
888.0,1309.0
1319.0,1309.0
217.0,1309.0
1069.0,1309.0
1010.0,1310.0
449.0,1310.0
431.0,1310.0
1072.0,1310.0
288.0,1310.0
30.0,1311.0
884.0,1311.0
223.0,1311.0
1194.0,1311.0
1295.0,1311.0
1433.0,1312.0
1421.0,1312.0
1415.0,1312.0
1165.0,1312.0
1081.0,1312.0
32.0,1313.0
279.0,1313.0
294.0,1313.0
1249.0,1313.0
1088.0,1313.0
613.0,1314.0
1389.0,1314.0
554.0,1314.0
870.0,1314.0
362.0,1314.0
1200.0,1315.0
1483.0,1315.0
136.0,1315.0
967.0,1315.0
946.0,1315.0
795.0,1316.0
875.0,1316.0
301.0,1316.0
1138.0,1316.0
1222.0,1316.0
173.0,1317.0
1497.0,1317.0
283.0,1317.0
292.0,1317.0
1100.0,1317.0
283.0,1318.0
1154.0,1318.0
811.0,1318.0
786.0,1318.0
1044.0,1318.0
534.0,1319.0
160.0,1319.0
344.0,1319.0
759.0,1319.0
1421.0,1319.0
531.0,1320.0
562.0,1320.0
224.0,1320.0
193.0,1320.0
136.0,1320.0
22.0,1321.0
1305.0,1321.0
375.0,1321.0
482.0,1321.0
722.0,1321.0
791.0,1322.0
729.0,1322.0
267.0,1322.0
445.0,1322.0
139.0,1322.0
1453.0,1323.0
803.0,1323.0
1197.0,1323.0
871.0,1323.0
342.0,1323.0
126.0,1324.0
542.0,1324.0
563.0,1324.0
1412.0,1324.0
1266.0,1324.0
886.0,1325.0
881.0,1325.0
231.0,1325.0
741.0,1325.0
632.0,1325.0
824.0,1326.0
543.0,1326.0
889.0,1326.0
258.0,1326.0
1030.0,1326.0
647.0,1327.0
159.0,1327.0
374.0,1327.0
236.0,1327.0
240.0,1327.0
1311.0,1328.0
1083.0,1328.0
1195.0,1328.0
1384.0,1328.0
1381.0,1328.0
241.0,1329.0
248.0,1329.0
505.0,1329.0
1087.0,1329.0
236.0,1329.0
1025.0,1330.0
583.0,1330.0
306.0,1330.0
553.0,1330.0
360.0,1330.0
35.0,1331.0
391.0,1331.0
1191.0,1331.0
897.0,1331.0
630.0,1331.0
183.0,1332.0
352.0,1332.0
1114.0,1332.0
1472.0,1332.0
749.0,1332.0
843.0,1333.0
812.0,1333.0
530.0,1333.0
47.0,1333.0
1305.0,1333.0
101.0,1334.0
1170.0,1334.0
57.0,1334.0
820.0,1334.0
284.0,1334.0
1213.0,1335.0
452.0,1335.0
67.0,1335.0
179.0,1335.0
113.0,1335.0
1344.0,1336.0
809.0,1336.0
673.0,1336.0
608.0,1336.0
495.0,1336.0
450.0,1337.0
922.0,1337.0
1152.0,1337.0
912.0,1337.0
1420.0,1337.0
171.0,1338.0
706.0,1338.0
1133.0,1338.0
439.0,1338.0
1080.0,1338.0
504.0,1339.0
650.0,1339.0
1261.0,1339.0
667.0,1339.0
1233.0,1339.0
320.0,1340.0
1395.0,1340.0
1319.0,1340.0
1475.0,1340.0
1146.0,1340.0
463.0,1341.0
287.0,1341.0
603.0,1341.0
843.0,1341.0
594.0,1341.0
95.0,1342.0
561.0,1342.0
991.0,1342.0
1187.0,1342.0
1033.0,1342.0
1488.0,1343.0
726.0,1343.0
1512.0,1343.0
1450.0,1343.0
1483.0,1343.0
491.0,1344.0
692.0,1344.0
587.0,1344.0
1244.0,1344.0
1491.0,1344.0
1121.0,1345.0
524.0,1345.0
651.0,1345.0
775.0,1345.0
1187.0,1345.0
971.0,1346.0
1305.0,1346.0
1065.0,1346.0
22.0,1346.0
1333.0,1346.0
1139.0,1347.0
384.0,1347.0
579.0,1347.0
943.0,1347.0
1262.0,1347.0
1457.0,1348.0
237.0,1348.0
280.0,1348.0
647.0,1348.0
408.0,1348.0
884.0,1349.0
1420.0,1349.0
1282.0,1349.0
239.0,1349.0
1430.0,1349.0
1227.0,1350.0
1150.0,1350.0
1450.0,1350.0
1503.0,1350.0
94.0,1350.0
1461.0,1351.0
860.0,1351.0
1387.0,1351.0
209.0,1351.0
386.0,1351.0
945.0,1352.0
1058.0,1352.0
300.0,1352.0
891.0,1352.0
332.0,1352.0
135.0,1353.0
470.0,1353.0
562.0,1353.0
281.0,1353.0
1236.0,1353.0
941.0,1354.0
439.0,1354.0
1080.0,1354.0
1133.0,1354.0
1338.0,1354.0
400.0,1355.0
959.0,1355.0
447.0,1355.0
859.0,1355.0
409.0,1355.0
352.0,1356.0
904.0,1356.0
1294.0,1356.0
1114.0,1356.0
1480.0,1356.0
1506.0,1357.0
932.0,1357.0
457.0,1357.0
614.0,1357.0
298.0,1357.0
245.0,1358.0
419.0,1358.0
426.0,1358.0
136.0,1358.0
1164.0,1358.0
712.0,1359.0
101.0,1359.0
438.0,1359.0
1334.0,1359.0
1022.0,1359.0
163.0,1360.0
555.0,1360.0
345.0,1360.0
98.0,1360.0
772.0,1360.0
1285.0,1361.0
126.0,1361.0
347.0,1361.0
67.0,1361.0
310.0,1361.0
919.0,1362.0
697.0,1362.0
981.0,1362.0
266.0,1362.0
1305.0,1362.0
655.0,1363.0
1392.0,1363.0
284.0,1363.0
89.0,1363.0
469.0,1363.0
32.0,1364.0
215.0,1364.0
1355.0,1364.0
294.0,1364.0
990.0,1364.0
822.0,1365.0
744.0,1365.0
72.0,1365.0
1397.0,1365.0
1374.0,1365.0
606.0,1366.0
1393.0,1366.0
804.0,1366.0
1061.0,1366.0
1297.0,1366.0
934.0,1367.0
1347.0,1367.0
673.0,1367.0
1481.0,1367.0
29.0,1367.0
1156.0,1368.0
71.0,1368.0
214.0,1368.0
356.0,1368.0
671.0,1368.0
487.0,1369.0
132.0,1369.0
591.0,1369.0
434.0,1369.0
884.0,1369.0
1453.0,1370.0
732.0,1370.0
634.0,1370.0
374.0,1370.0
1379.0,1370.0
205.0,1371.0
721.0,1371.0
718.0,1371.0
21.0,1371.0
499.0,1371.0
1195.0,1372.0
991.0,1372.0
933.0,1372.0
624.0,1372.0
1192.0,1372.0
847.0,1373.0
1286.0,1373.0
1002.0,1373.0
1100.0,1373.0
297.0,1373.0
983.0,1374.0
404.0,1374.0
1384.0,1374.0
44.0,1374.0
73.0,1374.0
1484.0,1375.0
999.0,1375.0
201.0,1375.0
1501.0,1375.0
81.0,1375.0
534.0,1376.0
495.0,1376.0
113.0,1376.0
176.0,1376.0
1038.0,1376.0
1322.0,1377.0
248.0,1377.0
958.0,1377.0
1483.0,1377.0
124.0,1377.0
669.0,1378.0
444.0,1378.0
623.0,1378.0
498.0,1378.0
918.0,1378.0
1473.0,1379.0
80.0,1379.0
318.0,1379.0
589.0,1379.0
825.0,1379.0
874.0,1380.0
1414.0,1380.0
302.0,1380.0
966.0,1380.0
359.0,1380.0
681.0,1381.0
809.0,1381.0
6.0,1381.0
1256.0,1381.0
444.0,1381.0
640.0,1382.0
1230.0,1382.0
347.0,1382.0
723.0,1382.0
1155.0,1382.0
1384.0,1383.0
327.0,1383.0
16.0,1383.0
794.0,1383.0
774.0,1383.0
1109.0,1384.0
152.0,1384.0
305.0,1384.0
272.0,1384.0
878.0,1384.0
162.0,1385.0
1301.0,1385.0
1073.0,1385.0
1096.0,1385.0
1136.0,1385.0
518.0,1386.0
1115.0,1386.0
90.0,1386.0
77.0,1386.0
1506.0,1386.0
395.0,1387.0
497.0,1387.0
544.0,1387.0
145.0,1387.0
1490.0,1387.0
1045.0,1388.0
1116.0,1388.0
654.0,1388.0
392.0,1388.0
982.0,1388.0
1206.0,1389.0
59.0,1389.0
505.0,1389.0
1113.0,1389.0
274.0,1389.0
1201.0,1390.0
1406.0,1390.0
1003.0,1390.0
565.0,1390.0
663.0,1390.0
1481.0,1391.0
1063.0,1391.0
968.0,1391.0
953.0,1391.0
660.0,1391.0
42.0,1392.0
256.0,1392.0
1334.0,1392.0
997.0,1392.0
820.0,1392.0
378.0,1393.0
715.0,1393.0
1366.0,1393.0
1514.0,1393.0
1198.0,1393.0
1071.0,1394.0
725.0,1394.0
432.0,1394.0
1116.0,1394.0
379.0,1394.0
1200.0,1395.0
1491.0,1395.0
186.0,1395.0
1227.0,1395.0
1176.0,1395.0
7.0,1396.0
436.0,1396.0
1487.0,1396.0
573.0,1396.0
1160.0,1396.0
1438.0,1397.0
1202.0,1397.0
1104.0,1397.0
956.0,1397.0
610.0,1397.0
114.0,1398.0
725.0,1398.0
1125.0,1398.0
1116.0,1398.0
569.0,1398.0
1033.0,1399.0
1305.0,1399.0
1118.0,1399.0
232.0,1399.0
168.0,1399.0
968.0,1400.0
1084.0,1400.0
1332.0,1400.0
1447.0,1400.0
708.0,1400.0
1344.0,1401.0
1046.0,1401.0
1491.0,1401.0
1081.0,1401.0
534.0,1401.0
598.0,1402.0
1297.0,1402.0
532.0,1402.0
832.0,1402.0
266.0,1402.0
112.0,1403.0
540.0,1403.0
1404.0,1403.0
862.0,1403.0
124.0,1403.0
753.0,1404.0
964.0,1404.0
1098.0,1404.0
305.0,1404.0
423.0,1404.0
274.0,1405.0
1374.0,1405.0
596.0,1405.0
1478.0,1405.0
245.0,1405.0
1335.0,1406.0
181.0,1406.0
1001.0,1406.0
448.0,1406.0
620.0,1406.0
523.0,1407.0
93.0,1407.0
1218.0,1407.0
1003.0,1407.0
185.0,1407.0
570.0,1408.0
623.0,1408.0
81.0,1408.0
1036.0,1408.0
446.0,1408.0
1276.0,1409.0
306.0,1409.0
289.0,1409.0
1501.0,1409.0
1068.0,1409.0
798.0,1410.0
271.0,1410.0
1382.0,1410.0
11.0,1410.0
430.0,1410.0
1171.0,1411.0
751.0,1411.0
1105.0,1411.0
20.0,1411.0
1272.0,1411.0
921.0,1412.0
994.0,1412.0
126.0,1412.0
538.0,1412.0
146.0,1412.0
874.0,1413.0
960.0,1413.0
1364.0,1413.0
908.0,1413.0
1396.0,1413.0
960.0,1414.0
1443.0,1414.0
473.0,1414.0
1107.0,1414.0
1364.0,1414.0
391.0,1415.0
767.0,1415.0
1421.0,1415.0
201.0,1415.0
70.0,1415.0
1009.0,1416.0
593.0,1416.0
1024.0,1416.0
1007.0,1416.0
1472.0,1416.0
1424.0,1417.0
581.0,1417.0
467.0,1417.0
1286.0,1417.0
84.0,1417.0
576.0,1418.0
62.0,1418.0
1047.0,1418.0
244.0,1418.0
1258.0,1418.0
445.0,1419.0
1327.0,1419.0
531.0,1419.0
1348.0,1419.0
554.0,1419.0
668.0,1420.0
1430.0,1420.0
1284.0,1420.0
1384.0,1420.0
234.0,1420.0
947.0,1421.0
334.0,1421.0
889.0,1421.0
1312.0,1421.0
770.0,1421.0
336.0,1422.0
1102.0,1422.0
1182.0,1422.0
546.0,1422.0
1141.0,1422.0
538.0,1423.0
310.0,1423.0
663.0,1423.0
192.0,1423.0
476.0,1423.0
467.0,1424.0
292.0,1424.0
1101.0,1424.0
270.0,1424.0
511.0,1424.0
946.0,1425.0
1468.0,1425.0
1103.0,1425.0
1350.0,1425.0
873.0,1425.0
184.0,1426.0
1290.0,1426.0
1083.0,1426.0
509.0,1426.0
995.0,1426.0
103.0,1427.0
396.0,1427.0
1434.0,1427.0
891.0,1427.0
546.0,1427.0
374.0,1428.0
689.0,1428.0
519.0,1428.0
55.0,1428.0
295.0,1428.0
1037.0,1429.0
411.0,1429.0
1176.0,1429.0
828.0,1429.0
397.0,1429.0
884.0,1430.0
509.0,1430.0
1192.0,1430.0
1420.0,1430.0
13.0,1430.0
1083.0,1431.0
1215.0,1431.0
552.0,1431.0
1328.0,1431.0
268.0,1431.0
712.0,1432.0
238.0,1432.0
543.0,1432.0
452.0,1432.0
534.0,1432.0
384.0,1433.0
470.0,1433.0
841.0,1433.0
160.0,1433.0
374.0,1433.0
1472.0,1434.0
212.0,1434.0
810.0,1434.0
1021.0,1434.0
1219.0,1434.0
155.0,1435.0
625.0,1435.0
866.0,1435.0
1026.0,1435.0
13.0,1435.0
626.0,1436.0
403.0,1436.0
592.0,1436.0
1453.0,1436.0
1508.0,1436.0
1123.0,1437.0
207.0,1437.0
793.0,1437.0
1460.0,1437.0
479.0,1437.0
1331.0,1438.0
1092.0,1438.0
878.0,1438.0
1246.0,1438.0
402.0,1438.0
1116.0,1439.0
432.0,1439.0
178.0,1439.0
1075.0,1439.0
392.0,1439.0
465.0,1440.0
1083.0,1440.0
14.0,1440.0
799.0,1440.0
1337.0,1440.0
474.0,1441.0
361.0,1441.0
912.0,1441.0
10.0,1441.0
387.0,1441.0
1405.0,1442.0
817.0,1442.0
608.0,1442.0
155.0,1442.0
625.0,1442.0
174.0,1443.0
1107.0,1443.0
1039.0,1443.0
1232.0,1443.0
411.0,1443.0
1191.0,1444.0
249.0,1444.0
135.0,1444.0
674.0,1444.0
531.0,1444.0
221.0,1445.0
983.0,1445.0
470.0,1445.0
996.0,1445.0
305.0,1445.0
1445.0,1446.0
88.0,1446.0
664.0,1446.0
760.0,1446.0
501.0,1446.0
1427.0,1447.0
697.0,1447.0
1400.0,1447.0
343.0,1447.0
1058.0,1447.0
1286.0,1448.0
876.0,1448.0
1417.0,1448.0
438.0,1448.0
292.0,1448.0
1100.0,1449.0
1273.0,1449.0
477.0,1449.0
656.0,1449.0
790.0,1449.0
554.0,1450.0
602.0,1450.0
296.0,1450.0
737.0,1450.0
1185.0,1450.0
66.0,1451.0
620.0,1451.0
247.0,1451.0
1361.0,1451.0
347.0,1451.0
1203.0,1452.0
130.0,1452.0
97.0,1452.0
424.0,1452.0
410.0,1452.0
153.0,1453.0
1028.0,1453.0
615.0,1453.0
669.0,1453.0
779.0,1453.0
1060.0,1454.0
1151.0,1454.0
775.0,1454.0
437.0,1454.0
884.0,1454.0
83.0,1455.0
272.0,1455.0
202.0,1455.0
1102.0,1455.0
1391.0,1455.0
780.0,1456.0
298.0,1456.0
1405.0,1456.0
1468.0,1456.0
1195.0,1456.0
1289.0,1457.0
479.0,1457.0
1428.0,1457.0
563.0,1457.0
1278.0,1457.0
1291.0,1458.0
447.0,1458.0
157.0,1458.0
1174.0,1458.0
658.0,1458.0
899.0,1459.0
1105.0,1459.0
449.0,1459.0
1171.0,1459.0
1217.0,1459.0
1093.0,1460.0
1348.0,1460.0
1130.0,1460.0
402.0,1460.0
260.0,1460.0
1490.0,1461.0
501.0,1461.0
51.0,1461.0
1293.0,1461.0
663.0,1461.0
505.0,1462.0
1268.0,1462.0
416.0,1462.0
869.0,1462.0
870.0,1462.0
425.0,1463.0
42.0,1463.0
730.0,1463.0
735.0,1463.0
203.0,1463.0
640.0,1464.0
216.0,1464.0
856.0,1464.0
78.0,1464.0
255.0,1464.0
429.0,1465.0
1329.0,1465.0
965.0,1465.0
1062.0,1465.0
196.0,1465.0
1116.0,1466.0
1394.0,1466.0
396.0,1466.0
114.0,1466.0
725.0,1466.0
422.0,1467.0
1127.0,1467.0
516.0,1467.0
65.0,1467.0
383.0,1467.0
983.0,1468.0
1206.0,1468.0
996.0,1468.0
1450.0,1468.0
800.0,1468.0
807.0,1469.0
1316.0,1469.0
125.0,1469.0
1179.0,1469.0
409.0,1469.0
901.0,1470.0
368.0,1470.0
166.0,1470.0
1241.0,1470.0
358.0,1470.0
646.0,1471.0
556.0,1471.0
924.0,1471.0
762.0,1471.0
500.0,1471.0
1493.0,1472.0
1219.0,1472.0
1009.0,1472.0
212.0,1472.0
481.0,1472.0
107.0,1473.0
822.0,1473.0
1484.0,1473.0
381.0,1473.0
595.0,1473.0
980.0,1474.0
1400.0,1474.0
180.0,1474.0
697.0,1474.0
810.0,1474.0
1383.0,1475.0
135.0,1475.0
505.0,1475.0
1381.0,1475.0
1231.0,1475.0
533.0,1476.0
1170.0,1476.0
1299.0,1476.0
40.0,1476.0
1359.0,1476.0
133.0,1477.0
1123.0,1477.0
705.0,1477.0
414.0,1477.0
281.0,1477.0
996.0,1478.0
1283.0,1478.0
1197.0,1478.0
274.0,1478.0
1468.0,1478.0
76.0,1479.0
477.0,1479.0
225.0,1479.0
836.0,1479.0
855.0,1479.0
843.0,1480.0
195.0,1480.0
1134.0,1480.0
1366.0,1480.0
1099.0,1480.0
804.0,1481.0
714.0,1481.0
426.0,1481.0
574.0,1481.0
175.0,1481.0
1006.0,1482.0
760.0,1482.0
1358.0,1482.0
608.0,1482.0
961.0,1482.0
1057.0,1483.0
1315.0,1483.0
296.0,1483.0
444.0,1483.0
1139.0,1483.0
870.0,1484.0
55.0,1484.0
1248.0,1484.0
1208.0,1484.0
1041.0,1484.0
1008.0,1485.0
894.0,1485.0
1149.0,1485.0
581.0,1485.0
1241.0,1485.0
635.0,1486.0
358.0,1486.0
1100.0,1486.0
709.0,1486.0
76.0,1486.0
473.0,1487.0
814.0,1487.0
1107.0,1487.0
33.0,1487.0
1301.0,1487.0
1453.0,1488.0
273.0,1488.0
621.0,1488.0
86.0,1488.0
1028.0,1488.0
1144.0,1489.0
34.0,1489.0
49.0,1489.0
868.0,1489.0
380.0,1489.0
386.0,1490.0
1376.0,1490.0
793.0,1490.0
1104.0,1490.0
886.0,1490.0
726.0,1491.0
784.0,1491.0
595.0,1491.0
1120.0,1491.0
1444.0,1491.0
755.0,1492.0
49.0,1492.0
171.0,1492.0
898.0,1492.0
399.0,1492.0
661.0,1493.0
777.0,1493.0
1219.0,1493.0
682.0,1493.0
1027.0,1493.0
773.0,1494.0
1382.0,1494.0
691.0,1494.0
131.0,1494.0
310.0,1494.0
1154.0,1495.0
1109.0,1495.0
1430.0,1495.0
1396.0,1495.0
1220.0,1495.0
1186.0,1496.0
1141.0,1496.0
968.0,1496.0
1398.0,1496.0
323.0,1496.0
847.0,1497.0
910.0,1497.0
805.0,1497.0
1143.0,1497.0
166.0,1497.0
1028.0,1498.0
145.0,1498.0
1137.0,1498.0
395.0,1498.0
237.0,1498.0
753.0,1499.0
803.0,1499.0
1211.0,1499.0
1098.0,1499.0
838.0,1499.0
1363.0,1500.0
1089.0,1500.0
519.0,1500.0
792.0,1500.0
575.0,1500.0
889.0,1501.0
314.0,1501.0
1140.0,1501.0
96.0,1501.0
1298.0,1501.0
591.0,1502.0
174.0,1502.0
125.0,1502.0
906.0,1502.0
1316.0,1502.0
940.0,1503.0
151.0,1503.0
172.0,1503.0
1000.0,1503.0
841.0,1503.0
356.0,1504.0
92.0,1504.0
500.0,1504.0
1140.0,1504.0
173.0,1504.0
704.0,1505.0
118.0,1505.0
561.0,1505.0
1342.0,1505.0
604.0,1505.0
1337.0,1506.0
946.0,1506.0
884.0,1506.0
1440.0,1506.0
140.0,1506.0
194.0,1507.0
1389.0,1507.0
423.0,1507.0
728.0,1507.0
236.0,1507.0
1442.0,1508.0
378.0,1508.0
199.0,1508.0
501.0,1508.0
10.0,1508.0
712.0,1509.0
893.0,1509.0
1327.0,1509.0
1432.0,1509.0
1276.0,1509.0
312.0,1510.0
382.0,1510.0
1250.0,1510.0
1263.0,1510.0
1300.0,1510.0
1206.0,1511.0
916.0,1511.0
1109.0,1511.0
595.0,1511.0
107.0,1511.0
59.0,1512.0
1023.0,1512.0
465.0,1512.0
1200.0,1512.0
1375.0,1512.0
1040.0,1513.0
24.0,1513.0
317.0,1513.0
1248.0,1513.0
677.0,1513.0
1032.0,1514.0
102.0,1514.0
530.0,1514.0
532.0,1514.0
594.0,1514.0
752.0,1515.0
1304.0,1515.0
471.0,1515.0
216.0,1515.0
896.0,1515.0
